time,open,high,low,close,Volume
2026-05-05T23:45:00+05:30,4575,4576.2,4571.8,4572.9,309
2026-05-06T00:00:00+05:30,4573,4573.1,4568,4572.1,503
2026-05-06T00:15:00+05:30,4572.2,4576.5,4570.2,4571.7,549
2026-05-06T00:30:00+05:30,4571.6,4572,4567.2,4567.9,475
2026-05-06T00:45:00+05:30,4567.7,4569.7,4565.5,4567,388
2026-05-06T01:00:00+05:30,4567.1,4568.8,4566.5,4566.5,363
2026-05-06T01:15:00+05:30,4566.5,4569.7,4562.3,4566,1203
2026-05-06T01:30:00+05:30,4565.9,4567.9,4564.9,4567.5,307
2026-05-06T01:45:00+05:30,4567.6,4570.6,4566,4570.1,209
2026-05-06T02:00:00+05:30,4570,4570.8,4565.6,4566.2,177
2026-05-06T02:15:00+05:30,4566,4568.4,4565.1,4567.8,262
2026-05-06T03:30:00+05:30,4569.3,4570.5,4558.6,4560.3,650
2026-05-06T03:45:00+05:30,4560.6,4561,4556.1,4556.9,309
2026-05-06T04:00:00+05:30,4556.9,4561,4556.1,4558.6,356
2026-05-06T04:15:00+05:30,4558.5,4587.2,4556.9,4583.2,1338
2026-05-06T04:30:00+05:30,4583.5,4601.4,4579.4,4598.7,1478
2026-05-06T04:45:00+05:30,4599.2,4599.6,4592,4592.1,581
2026-05-06T05:00:00+05:30,4592,4598.8,4589.5,4595,500
2026-05-06T05:15:00+05:30,4595.7,4606.2,4594.7,4604.5,750
2026-05-06T05:30:00+05:30,4604.1,4609.1,4599.7,4602.2,865
2026-05-06T05:45:00+05:30,4601.2,4614.7,4598.3,4612.8,1051
2026-05-06T06:00:00+05:30,4612.7,4622.3,4612.7,4621.1,1014
2026-05-06T06:15:00+05:30,4620.9,4631.2,4620,4629.8,1428
2026-05-06T06:30:00+05:30,4629.9,4633.7,4620.4,4622.3,1673
2026-05-06T06:45:00+05:30,4622.3,4636.5,4620.8,4635.8,1123
2026-05-06T07:00:00+05:30,4635.7,4637,4631.3,4634.5,1023
2026-05-06T07:15:00+05:30,4634.1,4639.8,4634.1,4636.4,1104
2026-05-06T07:30:00+05:30,4636.2,4644.9,4635.8,4643.8,1276
2026-05-06T07:45:00+05:30,4643.6,4646.6,4639.9,4640.5,763
2026-05-06T08:00:00+05:30,4640.4,4645,4636.8,4644.9,874
2026-05-06T08:15:00+05:30,4644.2,4651.8,4644,4650.6,1292
2026-05-06T08:30:00+05:30,4650.6,4660.2,4648,4657.5,1382
2026-05-06T08:45:00+05:30,4657.3,4660.9,4654.3,4655.4,1251
2026-05-06T09:00:00+05:30,4655.3,4662,4652.3,4657.7,1443
2026-05-06T09:15:00+05:30,4657.8,4658.4,4652.9,4653.7,539
2026-05-06T09:30:00+05:30,4653.6,4657.9,4653.3,4657.8,660
2026-05-06T09:45:00+05:30,4657.9,4664.4,4655.7,4663.3,1015
2026-05-06T10:00:00+05:30,4663,4663.1,4656.6,4658.6,819
2026-05-06T10:15:00+05:30,4658.3,4663.9,4657.8,4660,901
2026-05-06T10:30:00+05:30,4660,4667.5,4660,4665.6,1026
2026-05-06T10:45:00+05:30,4665.5,4666.2,4660.4,4661.2,796
2026-05-06T11:00:00+05:30,4661.4,4662.9,4655.6,4661.2,1312
2026-05-06T11:15:00+05:30,4660.9,4674.8,4660.3,4673.9,1754
2026-05-06T11:30:00+05:30,4673.9,4676.5,4667.8,4671.6,1523
2026-05-06T11:45:00+05:30,4671.3,4677.5,4668.6,4676.7,1087
2026-05-06T12:00:00+05:30,4676.8,4679.7,4670.5,4675.1,1444
2026-05-06T12:15:00+05:30,4674.6,4680.2,4673.3,4679.5,1051
2026-05-06T12:30:00+05:30,4679.8,4681.4,4669.5,4669.7,1755
2026-05-06T12:45:00+05:30,4669.4,4680.4,4668.5,4677.7,2561
2026-05-06T13:00:00+05:30,4677.8,4681.1,4673.2,4681,1250
2026-05-06T13:15:00+05:30,4680.8,4693.2,4680.6,4692.4,3093
2026-05-06T13:30:00+05:30,4692.7,4693.9,4686.5,4691.4,1817
2026-05-06T13:45:00+05:30,4691,4692.6,4688.3,4688.6,987
2026-05-06T14:00:00+05:30,4688.6,4689.9,4682.8,4688.6,1912
2026-05-06T14:15:00+05:30,4688.7,4714.3,4688.4,4712,4617
2026-05-06T14:30:00+05:30,4712,4720.2,4699.7,4706.3,4980
2026-05-06T14:45:00+05:30,4706.6,4715.6,4702.2,4710.9,2883
2026-05-06T15:00:00+05:30,4710.5,4717.3,4707,4707.3,2100
2026-05-06T15:15:00+05:30,4707.5,4715,4705.6,4713.4,1569
2026-05-06T15:30:00+05:30,4713.3,4717.4,4707.5,4710.6,1571
2026-05-06T15:45:00+05:30,4709.7,4716.1,4707.4,4716,1123
2026-05-06T16:00:00+05:30,4716,4727.7,4715.8,4725.4,2751
2026-05-06T16:15:00+05:30,4725.8,4734.6,4718.8,4729.6,3391
2026-05-06T16:30:00+05:30,4729.4,4732.7,4720.7,4723.6,2359
2026-05-06T16:45:00+05:30,4723.8,4725.2,4717,4717,1814
2026-05-06T17:00:00+05:30,4717.2,4726.8,4707.6,4710.5,2293
2026-05-06T17:15:00+05:30,4710.8,4713.9,4702,4703.3,2605
2026-05-06T17:30:00+05:30,4703.3,4704.8,4680.6,4684.8,3875
2026-05-06T17:45:00+05:30,4684.3,4700.5,4671,4694.6,5622
2026-05-06T18:00:00+05:30,4694.6,4697.5,4688.9,4693.8,2359
2026-05-06T18:15:00+05:30,4694,4695.7,4687.8,4694.4,1278
2026-05-06T18:30:00+05:30,4694.1,4703.4,4679.5,4694.2,3924
2026-05-06T18:45:00+05:30,4694.2,4702,4690.1,4695.7,1363
2026-05-06T19:00:00+05:30,4695.7,4710.3,4691.2,4706.2,3021
2026-05-06T19:15:00+05:30,4706.7,4719.2,4703.7,4713.5,2945
2026-05-06T19:30:00+05:30,4713.4,4724.3,4708.8,4722.3,3922
2026-05-06T19:45:00+05:30,4722.6,4728.7,4716.3,4717,2602
2026-05-06T20:00:00+05:30,4717.2,4726,4716,4724.9,1631
2026-05-06T20:15:00+05:30,4725,4725.4,4711.8,4714.2,1652
2026-05-06T20:30:00+05:30,4714.2,4717.3,4704.9,4708.1,1524
2026-05-06T20:45:00+05:30,4708,4714.8,4705.7,4706.5,1247
2026-05-06T21:00:00+05:30,4707.1,4709.3,4700.6,4704.4,1512
2026-05-06T21:15:00+05:30,4704.1,4706.3,4699.2,4699.3,1038
2026-05-06T21:30:00+05:30,4699,4700.1,4692.9,4695.2,1382
2026-05-06T21:45:00+05:30,4695.2,4699.8,4694.4,4699.4,893
2026-05-06T22:00:00+05:30,4699.3,4703.5,4696.7,4699.8,1054
2026-05-06T22:15:00+05:30,4699.9,4700.9,4690.6,4694,1182
2026-05-06T22:30:00+05:30,4693.9,4699.1,4690.6,4696.3,851
2026-05-06T22:45:00+05:30,4696.6,4697,4690.9,4693.8,1694
2026-05-06T23:00:00+05:30,4693.7,4694.2,4689.8,4691.5,935
2026-05-06T23:15:00+05:30,4691.6,4695.5,4691.3,4694.8,511
2026-05-06T23:30:00+05:30,4695.1,4698.3,4692.7,4697.7,536
2026-05-06T23:45:00+05:30,4697.7,4701.3,4697.2,4698.4,726
2026-05-07T00:00:00+05:30,4698.6,4701,4695.9,4697,582
2026-05-07T00:15:00+05:30,4696.6,4698.7,4695.6,4696.8,363
2026-05-07T00:30:00+05:30,4697.1,4706.7,4697.1,4706.3,699
2026-05-07T00:45:00+05:30,4706.2,4711.3,4706,4709.2,869
2026-05-07T01:00:00+05:30,4709.2,4710.1,4704.8,4706.2,700
2026-05-07T01:15:00+05:30,4706.3,4708.9,4702.8,4703,1253
2026-05-07T01:30:00+05:30,4703.5,4710,4703.2,4709.3,615
2026-05-07T01:45:00+05:30,4709.5,4710.4,4702.6,4703.3,524
2026-05-07T02:00:00+05:30,4703.7,4703.9,4699.4,4699.4,438
2026-05-07T02:15:00+05:30,4699.2,4703.1,4695.8,4703.1,482
2026-05-07T03:30:00+05:30,4702.2,4707.7,4698,4706.5,574
2026-05-07T03:45:00+05:30,4706.2,4709.2,4702.4,4704.7,393
2026-05-07T04:00:00+05:30,4704.4,4708.8,4703.7,4707.7,302
2026-05-07T04:15:00+05:30,4707.6,4707.6,4703.4,4704.1,311
2026-05-07T04:30:00+05:30,4703.7,4707.8,4703,4703.4,324
2026-05-07T04:45:00+05:30,4703.7,4707.1,4699.3,4702.4,501
2026-05-07T05:00:00+05:30,4702.2,4703.6,4700.7,4702.6,113
2026-05-07T05:15:00+05:30,4703,4708.9,4703,4708.2,447
2026-05-07T05:30:00+05:30,4708.3,4710.3,4698.8,4709,662
2026-05-07T05:45:00+05:30,4709,4710.4,4700.9,4701.5,414
2026-05-07T06:00:00+05:30,4701.6,4702,4694.8,4696.8,912
2026-05-07T06:15:00+05:30,4697.3,4700.5,4694.2,4697.6,478
2026-05-07T06:30:00+05:30,4697.4,4720.6,4694,4718.7,1878
2026-05-07T06:45:00+05:30,4719.1,4725.7,4712.8,4713.3,1883
2026-05-07T07:00:00+05:30,4713.3,4727.3,4711.2,4721.7,1558
2026-05-07T07:15:00+05:30,4722,4730.5,4721.8,4723.7,1174
2026-05-07T07:30:00+05:30,4723.4,4727.3,4712.1,4712.6,948
2026-05-07T07:45:00+05:30,4713,4716.4,4710.1,4710.7,628
2026-05-07T08:00:00+05:30,4710.7,4713.9,4708.2,4712.6,522
2026-05-07T08:15:00+05:30,4713.2,4718.6,4713,4716,443
2026-05-07T08:30:00+05:30,4715.2,4718.6,4712.4,4714.9,478
2026-05-07T08:45:00+05:30,4714.8,4717.5,4712.7,4713,210
2026-05-07T09:00:00+05:30,4713,4713.6,4710.8,4712.5,281
2026-05-07T09:15:00+05:30,4712.4,4713.5,4707.5,4707.7,487
2026-05-07T09:30:00+05:30,4707.7,4709.5,4705.3,4705.5,793
2026-05-07T09:45:00+05:30,4705.5,4706.9,4703.2,4705.4,614
2026-05-07T10:00:00+05:30,4705.2,4707.8,4700.4,4706.6,327
2026-05-07T10:15:00+05:30,4706.6,4707.5,4702.6,4705.1,533
2026-05-07T10:30:00+05:30,4705,4709.8,4705,4709.1,347
2026-05-07T10:45:00+05:30,4709.1,4709.2,4703.1,4704.5,406
2026-05-07T11:00:00+05:30,4704.4,4714.6,4703.3,4711.9,866
2026-05-07T11:15:00+05:30,4712.3,4715.4,4709,4709.4,609
2026-05-07T11:30:00+05:30,4709.5,4719,4709.5,4716.7,570
2026-05-07T11:45:00+05:30,4716.7,4727,4715.7,4726,1252
2026-05-07T12:00:00+05:30,4725.8,4759.4,4724.8,4755.5,4464
2026-05-07T12:15:00+05:30,4755,4756.4,4745.3,4748.6,1258
2026-05-07T12:30:00+05:30,4747.8,4760.3,4741,4759.4,2313
2026-05-07T12:45:00+05:30,4759.5,4760.5,4747.5,4749.2,1644
2026-05-07T13:00:00+05:30,4749.6,4754,4748,4752.6,886
2026-05-07T13:15:00+05:30,4752.9,4754.4,4746.9,4752.5,1053
2026-05-07T13:30:00+05:30,4753.2,4763.6,4751.9,4752.3,2620
2026-05-07T13:45:00+05:30,4752.5,4753,4742.7,4749.3,1482
2026-05-07T14:00:00+05:30,4750.3,4752,4742.9,4745.3,868
2026-05-07T14:15:00+05:30,4744.9,4747,4740.9,4741.1,1437
2026-05-07T14:30:00+05:30,4741.4,4746.3,4732,4743.9,1870
2026-05-07T14:45:00+05:30,4743.8,4748.7,4741.4,4745.4,1081
2026-05-07T15:00:00+05:30,4745.2,4749,4742.6,4747.5,1380
2026-05-07T15:15:00+05:30,4747.5,4748.4,4735.3,4738.4,950
2026-05-07T15:30:00+05:30,4738.1,4744.3,4736,4744,745
2026-05-07T15:45:00+05:30,4744.5,4745.7,4736.9,4741.9,558
2026-05-07T16:00:00+05:30,4741.7,4749.6,4737.4,4748.3,979
2026-05-07T16:15:00+05:30,4748.8,4749,4744.2,4745,495
2026-05-07T16:30:00+05:30,4745.4,4746.5,4737.7,4739.9,675
2026-05-07T16:45:00+05:30,4739.4,4746.3,4736.4,4742.1,922
2026-05-07T17:00:00+05:30,4741.9,4747.4,4741.5,4746.5,795
2026-05-07T17:15:00+05:30,4745.7,4753,4743,4752,1359
2026-05-07T17:30:00+05:30,4752.1,4755.8,4748.4,4753.5,1395
2026-05-07T17:45:00+05:30,4753.3,4756.6,4741.7,4747.5,1869
2026-05-07T18:00:00+05:30,4748.4,4761.8,4746.3,4761,2285
2026-05-07T18:15:00+05:30,4761.3,4762.7,4754.4,4760.1,1814
2026-05-07T18:30:00+05:30,4760.2,4760.2,4741,4743,2225
2026-05-07T18:45:00+05:30,4742.7,4756.4,4741.1,4754.8,1738
2026-05-07T19:00:00+05:30,4754.6,4768.5,4752.9,4758.4,3060
2026-05-07T19:15:00+05:30,4758.8,4759.3,4747.3,4756.5,2547
2026-05-07T19:30:00+05:30,4756,4764.2,4752.5,4762,2424
2026-05-07T19:45:00+05:30,4762.4,4769.9,4751.1,4766.6,2727
2026-05-07T20:00:00+05:30,4767,4769.2,4757.7,4762,2320
2026-05-07T20:15:00+05:30,4762.4,4774,4761.4,4773.3,2671
2026-05-07T20:30:00+05:30,4773.4,4775.2,4764.4,4765.3,1810
2026-05-07T20:45:00+05:30,4765.4,4766.7,4745.3,4749.8,2589
2026-05-07T21:00:00+05:30,4750.6,4757.2,4748.6,4749.1,1642
2026-05-07T21:15:00+05:30,4748.5,4749.7,4736.1,4739.1,2245
2026-05-07T21:30:00+05:30,4739.3,4739.9,4723,4724.8,3006
2026-05-07T21:45:00+05:30,4724.8,4733.2,4712.6,4729.9,3660
2026-05-07T22:00:00+05:30,4729.9,4730.8,4720.2,4721.2,1315
2026-05-07T22:15:00+05:30,4721,4728,4720.5,4724.8,1016
2026-05-07T22:30:00+05:30,4725,4729.4,4721.4,4724.3,1316
2026-05-07T22:45:00+05:30,4724.5,4729.5,4696.6,4708.5,5572
2026-05-07T23:00:00+05:30,4708.5,4715.6,4702.9,4709.8,2613
2026-05-07T23:15:00+05:30,4709,4722.1,4707.6,4721.1,1724
2026-05-07T23:30:00+05:30,4721,4722.3,4714.9,4717.7,976
2026-05-07T23:45:00+05:30,4717.6,4722.6,4715,4722.6,970
2026-05-08T00:00:00+05:30,4722.2,4725.5,4712.7,4715.4,1248
2026-05-08T00:15:00+05:30,4715.9,4720.7,4704.6,4719.1,1666
2026-05-08T00:30:00+05:30,4719.6,4722.5,4714.5,4719.5,669
2026-05-08T00:45:00+05:30,4719,4720.2,4707,4714,1026
2026-05-08T01:00:00+05:30,4714.5,4721.6,4712.6,4718.5,627
2026-05-08T01:15:00+05:30,4719.2,4720.6,4712.2,4712.9,1484
2026-05-08T01:30:00+05:30,4713,4729.1,4713,4721.3,1033
2026-05-08T01:45:00+05:30,4721.7,4724.6,4719.2,4723.4,385
2026-05-08T02:00:00+05:30,4722.8,4725.7,4706.6,4713.8,999
2026-05-08T02:15:00+05:30,4713.8,4714.1,4693.3,4696,1110
2026-05-08T03:30:00+05:30,4682.5,4707.1,4671,4699.8,1805
2026-05-08T03:45:00+05:30,4700.1,4708.5,4698.3,4702.7,943
2026-05-08T04:00:00+05:30,4703,4704.4,4694.9,4696.3,675
2026-05-08T04:15:00+05:30,4696.1,4697.7,4690.6,4694.9,440
2026-05-08T04:30:00+05:30,4694.4,4703.6,4693.9,4699.8,498
2026-05-08T04:45:00+05:30,4700.6,4707.2,4700.6,4705.4,366
2026-05-08T05:00:00+05:30,4705.6,4708,4703.3,4706.5,228
2026-05-08T05:15:00+05:30,4707.1,4714.4,4706.9,4713.2,492
2026-05-08T05:30:00+05:30,4713.4,4718.5,4710.1,4711.1,615
2026-05-08T05:45:00+05:30,4711.1,4714.2,4702.7,4705.8,749
2026-05-08T06:00:00+05:30,4706.6,4716.8,4705,4713.7,546
2026-05-08T06:15:00+05:30,4714.4,4714.4,4705.6,4710,436
2026-05-08T06:30:00+05:30,4710.1,4728.2,4709.1,4722.5,1230
2026-05-08T06:45:00+05:30,4722.5,4727.3,4719.2,4721,725
2026-05-08T07:00:00+05:30,4721.6,4723.4,4713.3,4719.1,914
2026-05-08T07:15:00+05:30,4719.5,4734.3,4719.3,4731.2,1191
2026-05-08T07:30:00+05:30,4731.1,4741.4,4729.6,4732.4,1071
2026-05-08T07:45:00+05:30,4732,4732.7,4726.6,4729.7,571
2026-05-08T08:00:00+05:30,4730,4731.7,4715.4,4719.1,1054
2026-05-08T08:15:00+05:30,4719,4726,4716.9,4721.7,765
2026-05-08T08:30:00+05:30,4721.6,4728.6,4719.3,4727.8,458
2026-05-08T08:45:00+05:30,4728.7,4731.2,4725.4,4728.1,418
2026-05-08T09:00:00+05:30,4728.5,4739.8,4728.1,4733.2,885
2026-05-08T09:15:00+05:30,4733.7,4733.7,4726.7,4728.1,422
2026-05-08T09:30:00+05:30,4728.6,4731.9,4723.5,4723.5,582
2026-05-08T09:45:00+05:30,4723.4,4726.9,4722,4725.9,421
2026-05-08T10:00:00+05:30,4726.4,4726.7,4716.6,4720.8,867
2026-05-08T10:15:00+05:30,4720.2,4725,4718.3,4719.4,326
2026-05-08T10:30:00+05:30,4719.6,4725,4718.3,4720.9,291
2026-05-08T10:45:00+05:30,4720.6,4728.9,4719.6,4728,317
2026-05-08T11:00:00+05:30,4728.2,4735.7,4728.2,4733.3,795
2026-05-08T11:15:00+05:30,4733.4,4740,4731.9,4736,600
2026-05-08T11:30:00+05:30,4736.5,4739.2,4721.1,4731.7,1395
2026-05-08T11:45:00+05:30,4732.2,4743.5,4730.1,4742.3,994
2026-05-08T12:00:00+05:30,4742.4,4742.9,4734.2,4737.3,629
2026-05-08T12:15:00+05:30,4737.8,4737.8,4729.4,4734.3,786
2026-05-08T12:30:00+05:30,4734,4734.9,4723.7,4724.3,1132
2026-05-08T12:45:00+05:30,4723.4,4727,4706.2,4715.9,2850
2026-05-08T13:00:00+05:30,4715.8,4721.1,4710.5,4717.1,1154
2026-05-08T13:15:00+05:30,4717.5,4722.6,4716.4,4717.4,923
2026-05-08T13:30:00+05:30,4717.2,4722.5,4715.9,4720.7,642
2026-05-08T13:45:00+05:30,4721,4732.3,4720.9,4726.4,845
2026-05-08T14:00:00+05:30,4726.2,4732.9,4725.9,4726.6,493
2026-05-08T14:15:00+05:30,4726.2,4729.4,4724.5,4724.8,378
2026-05-08T14:30:00+05:30,4725.4,4730,4723.1,4727.9,668
2026-05-08T14:45:00+05:30,4728.4,4732.5,4727.4,4727.6,492
2026-05-08T15:00:00+05:30,4727.5,4728.3,4719,4722.9,1232
2026-05-08T15:15:00+05:30,4723,4723.3,4716.9,4721.6,681
2026-05-08T15:30:00+05:30,4721.4,4728.6,4720.7,4728.5,438
2026-05-08T15:45:00+05:30,4728.4,4733.6,4727.1,4730.9,478
2026-05-08T16:00:00+05:30,4730.6,4737.8,4730,4734,675
2026-05-08T16:15:00+05:30,4734.3,4734.3,4725.2,4729.4,730
2026-05-08T16:30:00+05:30,4730.1,4737,4728.5,4731.4,688
2026-05-08T16:45:00+05:30,4731.5,4735.5,4729.8,4734.2,437
2026-05-08T17:00:00+05:30,4734,4735.9,4730.8,4731.2,458
2026-05-08T17:15:00+05:30,4730.6,4731,4723.2,4727.5,815
2026-05-08T17:30:00+05:30,4727.5,4729.1,4713.5,4713.9,1361
2026-05-08T17:45:00+05:30,4713.7,4720.3,4712.2,4720,1530
2026-05-08T18:00:00+05:30,4720,4740.3,4709.6,4733.4,3827
2026-05-08T18:15:00+05:30,4733.6,4741.6,4728.6,4734.1,2404
2026-05-08T18:30:00+05:30,4733.4,4738.6,4725.7,4729.7,2188
2026-05-08T18:45:00+05:30,4729.6,4737.5,4729,4736.6,1206
2026-05-08T19:00:00+05:30,4736.9,4754.8,4736.3,4747.8,3681
2026-05-08T19:15:00+05:30,4748.3,4758.6,4744.9,4757.8,2994
2026-05-08T19:30:00+05:30,4757.8,4760.4,4728,4741.4,4535
2026-05-08T19:45:00+05:30,4741.3,4743.8,4725,4727.5,2636
2026-05-08T20:00:00+05:30,4727.2,4735.3,4723.5,4732.6,1858
2026-05-08T20:15:00+05:30,4732.3,4734.3,4723.1,4725.7,1606
2026-05-08T20:30:00+05:30,4725.8,4730.8,4716,4717.5,1642
2026-05-08T20:45:00+05:30,4717.4,4723.2,4713.9,4723.1,2740
2026-05-08T21:00:00+05:30,4723.1,4725,4713.6,4715.3,1906
2026-05-08T21:15:00+05:30,4715.4,4720.6,4711.5,4716.6,1451
2026-05-08T21:30:00+05:30,4716.4,4722.4,4715,4721.2,1452
2026-05-08T21:45:00+05:30,4720.9,4727.3,4720.9,4727.2,1045
2026-05-08T22:00:00+05:30,4727.4,4729.9,4722.9,4723.1,889
2026-05-08T22:15:00+05:30,4723.3,4725.8,4720.7,4721.9,646
2026-05-08T22:30:00+05:30,4721.9,4725.9,4721.7,4725,546
2026-05-08T22:45:00+05:30,4724.8,4731.8,4724.6,4730.2,2193
2026-05-08T23:00:00+05:30,4730.3,4731.5,4728.9,4730.7,675
2026-05-08T23:15:00+05:30,4730.6,4732.1,4728.7,4730.4,460
2026-05-08T23:30:00+05:30,4730.4,4738.2,4729.9,4737.1,1138
2026-05-08T23:45:00+05:30,4737.7,4738.6,4733.4,4735.1,537
2026-05-09T00:00:00+05:30,4735,4736,4733.4,4734.4,412
2026-05-09T00:15:00+05:30,4734.2,4734.3,4729.3,4731.9,319
2026-05-09T00:30:00+05:30,4731.5,4735.3,4730.6,4733.1,346
2026-05-09T00:45:00+05:30,4733.2,4734.7,4732.8,4733.2,194
2026-05-09T01:00:00+05:30,4733.2,4736.4,4731.2,4734.6,553
2026-05-09T01:15:00+05:30,4735.1,4735.5,4732.4,4733.4,820
2026-05-09T01:30:00+05:30,4733.8,4733.9,4726.8,4728.5,525
2026-05-09T01:45:00+05:30,4728.2,4728.9,4724.7,4727,300
2026-05-09T02:00:00+05:30,4726.8,4728.6,4725,4725.5,231
2026-05-09T02:15:00+05:30,4726.1,4726.4,4723.3,4723.7,584
2026-05-11T03:30:00+05:30,4690,4710,4680.1,4695.9,1842
2026-05-11T03:45:00+05:30,4695.3,4704.5,4690,4702.9,776
2026-05-11T04:00:00+05:30,4702.6,4702.7,4695.1,4700,632
2026-05-11T04:15:00+05:30,4699.6,4703.5,4698.4,4700.1,352
2026-05-11T04:30:00+05:30,4700,4705.6,4697.3,4699,514
2026-05-11T04:45:00+05:30,4698.9,4705.9,4697.7,4703.6,338
2026-05-11T05:00:00+05:30,4703.6,4707.3,4703.6,4706.3,391
2026-05-11T05:15:00+05:30,4706.3,4707.5,4698.5,4700.3,437
2026-05-11T05:30:00+05:30,4699.9,4700.3,4688.5,4690.8,1044
2026-05-11T05:45:00+05:30,4691.5,4695.4,4684.5,4691.9,905
2026-05-11T06:00:00+05:30,4692.5,4702.1,4692.5,4697.8,839
2026-05-11T06:15:00+05:30,4698,4701.8,4678.4,4692.5,1771
2026-05-11T06:30:00+05:30,4692,4708.5,4683.5,4700.7,2311
2026-05-11T06:45:00+05:30,4700.9,4714.1,4698.1,4707.9,1395
2026-05-11T07:00:00+05:30,4707.7,4710.2,4699.5,4702.8,1064
2026-05-11T07:15:00+05:30,4703.1,4704.8,4688.5,4694.2,1018
2026-05-11T07:30:00+05:30,4694.7,4701.4,4686.9,4694.4,1260
2026-05-11T07:45:00+05:30,4694.7,4697.4,4691,4697,596
2026-05-11T08:00:00+05:30,4697.4,4709,4696.5,4697.1,1242
2026-05-11T08:15:00+05:30,4696.9,4702,4684.7,4690,1883
2026-05-11T08:30:00+05:30,4689.6,4697.5,4683.1,4694.9,775
2026-05-11T08:45:00+05:30,4694.9,4698.3,4691.6,4697.5,505
2026-05-11T09:00:00+05:30,4697.5,4698.2,4689.9,4695.5,637
2026-05-11T09:15:00+05:30,4695.3,4695.4,4684.6,4686.6,632
2026-05-11T09:30:00+05:30,4686.4,4687.7,4681,4685.3,646
2026-05-11T09:45:00+05:30,4685.3,4686.4,4676.4,4679.3,965
2026-05-11T10:00:00+05:30,4679.3,4682.3,4675.9,4680.7,690
2026-05-11T10:15:00+05:30,4681,4683.7,4679.5,4679.8,279
2026-05-11T10:30:00+05:30,4679.8,4683.6,4678.5,4681.3,588
2026-05-11T10:45:00+05:30,4681.2,4683,4678.3,4678.5,410
2026-05-11T11:00:00+05:30,4678.8,4688.8,4669.3,4671,2147
2026-05-11T11:15:00+05:30,4670.4,4672,4655.1,4659.6,2909
2026-05-11T11:30:00+05:30,4659.5,4674.6,4656.6,4673,1859
2026-05-11T11:45:00+05:30,4672.6,4678.6,4671.2,4675.6,1589
2026-05-11T12:00:00+05:30,4675.7,4683.9,4675.5,4682.5,1013
2026-05-11T12:15:00+05:30,4682.4,4688.7,4679.5,4686.7,1034
2026-05-11T12:30:00+05:30,4686.9,4688.6,4682.6,4684.3,764
2026-05-11T12:45:00+05:30,4684.1,4686.5,4680.4,4684.1,650
2026-05-11T13:00:00+05:30,4684,4686.4,4680.1,4680.6,769
2026-05-11T13:15:00+05:30,4680.7,4681.4,4672.8,4676.4,984
2026-05-11T13:30:00+05:30,4676.3,4682.2,4672.8,4680.4,1031
2026-05-11T13:45:00+05:30,4681.1,4687.5,4679.6,4679.6,766
2026-05-11T14:00:00+05:30,4679.5,4684,4678,4679.1,601
2026-05-11T14:15:00+05:30,4679.3,4680.2,4675.2,4675.9,653
2026-05-11T14:30:00+05:30,4675.6,4678.4,4673.6,4676.1,637
2026-05-11T14:45:00+05:30,4675.6,4676,4665.2,4666,1363
2026-05-11T15:00:00+05:30,4665.8,4672.3,4658.7,4671.5,2694
2026-05-11T15:15:00+05:30,4671.3,4673.5,4664.3,4665.3,1214
2026-05-11T15:30:00+05:30,4665,4671.4,4664.5,4670.8,868
2026-05-11T15:45:00+05:30,4670.7,4674.5,4668.7,4671.7,621
2026-05-11T16:00:00+05:30,4671.7,4675.2,4668.7,4671.5,788
2026-05-11T16:15:00+05:30,4672,4675.9,4669.9,4672.2,600
2026-05-11T16:30:00+05:30,4672.6,4681,4672.6,4677.7,1005
2026-05-11T16:45:00+05:30,4677.7,4680.7,4676.1,4680.6,396
2026-05-11T17:00:00+05:30,4680.2,4686,4677.8,4683,1051
2026-05-11T17:15:00+05:30,4683.2,4683.5,4678.8,4683.3,863
2026-05-11T17:30:00+05:30,4682.9,4684.7,4675.9,4676.7,987
2026-05-11T17:45:00+05:30,4676.7,4704.4,4675.9,4699.5,4102
2026-05-11T18:00:00+05:30,4699.6,4707.3,4698,4701.1,2621
2026-05-11T18:15:00+05:30,4701.3,4710.2,4695,4708.7,2507
2026-05-11T18:30:00+05:30,4708.9,4731.1,4707.3,4730,5141
2026-05-11T18:45:00+05:30,4730.4,4745.6,4729.8,4737.9,5139
2026-05-11T19:00:00+05:30,4738,4755.7,4737.5,4753.7,4921
2026-05-11T19:15:00+05:30,4753.3,4758.4,4744.3,4745.7,3751
2026-05-11T19:30:00+05:30,4745.7,4748.5,4728,4740.4,4024
2026-05-11T19:45:00+05:30,4740.4,4743.4,4733.8,4734.5,1978
2026-05-11T20:00:00+05:30,4734.8,4743.8,4724.6,4742.5,3566
2026-05-11T20:15:00+05:30,4741.9,4743.9,4733.4,4735.4,1672
2026-05-11T20:30:00+05:30,4735.3,4741.6,4732.2,4738,1577
2026-05-11T20:45:00+05:30,4738.5,4748.1,4737.2,4742.5,1247
2026-05-11T21:00:00+05:30,4742.3,4744.5,4736.2,4736.9,981
2026-05-11T21:15:00+05:30,4736.1,4742.2,4734.6,4741.8,1002
2026-05-11T21:30:00+05:30,4742,4743.2,4736.8,4737.6,769
2026-05-11T21:45:00+05:30,4737.8,4737.8,4732.2,4733.5,1049
2026-05-11T22:00:00+05:30,4733.8,4735.9,4716.8,4720.9,2443
2026-05-11T22:15:00+05:30,4720.6,4726.3,4718.4,4726.1,1291
2026-05-11T22:30:00+05:30,4726,4729.5,4725.4,4727.9,996
2026-05-11T22:45:00+05:30,4727.8,4731.3,4726.7,4727.7,1918
2026-05-11T23:00:00+05:30,4727.6,4733.7,4727.4,4733.2,766
2026-05-11T23:15:00+05:30,4733,4734.2,4731,4733,341
2026-05-11T23:30:00+05:30,4733.1,4736.1,4731.3,4732.7,605
2026-05-11T23:45:00+05:30,4732.9,4736.8,4730.1,4736.2,804
2026-05-12T00:00:00+05:30,4736.5,4738.8,4734.4,4735.9,513
2026-05-12T00:15:00+05:30,4735.9,4738.3,4733.8,4733.8,472
2026-05-12T00:30:00+05:30,4734.2,4737.6,4732.9,4734,568
2026-05-12T00:45:00+05:30,4734.5,4734.9,4731.8,4733.9,420
2026-05-12T01:00:00+05:30,4733.9,4738.1,4732,4736.4,633
2026-05-12T01:15:00+05:30,4736.7,4746.5,4736.7,4743.5,1829
2026-05-12T01:30:00+05:30,4743.7,4747.7,4739.5,4744.8,818
2026-05-12T01:45:00+05:30,4745.2,4745.2,4743.3,4745,153
2026-05-12T02:00:00+05:30,4745.3,4748.5,4744.8,4747.4,267
2026-05-12T02:15:00+05:30,4747.4,4747.8,4742.4,4745.6,454
2026-05-12T03:30:00+05:30,4745.3,4753.8,4745.2,4748.5,633
2026-05-12T03:45:00+05:30,4749.1,4751.7,4747,4749.2,299
2026-05-12T04:00:00+05:30,4749.1,4755.2,4748.5,4754.3,601
2026-05-12T04:15:00+05:30,4754.1,4766.8,4753.8,4760.7,1574
2026-05-12T04:30:00+05:30,4760.5,4764.2,4755.2,4760.9,560
2026-05-12T04:45:00+05:30,4760.4,4764.6,4760.3,4762.7,571
2026-05-12T05:00:00+05:30,4762.5,4769.3,4761,4765.6,793
2026-05-12T05:15:00+05:30,4765.2,4780.3,4764.6,4777.2,2214
2026-05-12T05:30:00+05:30,4776.7,4780,4768.1,4776.6,1282
2026-05-12T05:45:00+05:30,4776.8,4783.4,4763,4772.3,1780
2026-05-12T06:00:00+05:30,4772.8,4774,4767.2,4767.8,569
2026-05-12T06:15:00+05:30,4768,4771.5,4757.8,4759.3,844
2026-05-12T06:30:00+05:30,4758.9,4765.6,4751.6,4756,1672
2026-05-12T06:45:00+05:30,4756.3,4761.3,4743.3,4744.8,1375
2026-05-12T07:00:00+05:30,4744.4,4748.8,4729.8,4738.8,1539
2026-05-12T07:15:00+05:30,4739,4741,4733.3,4736.6,630
2026-05-12T07:30:00+05:30,4736.3,4743.4,4734.6,4740.7,707
2026-05-12T07:45:00+05:30,4740.6,4740.6,4733.8,4736.1,595
2026-05-12T08:00:00+05:30,4736.3,4741,4731.1,4741,485
2026-05-12T08:15:00+05:30,4740.8,4743.2,4736.5,4739.8,900
2026-05-12T08:30:00+05:30,4739.5,4742.4,4736.2,4740.5,795
2026-05-12T08:45:00+05:30,4740.4,4740.6,4732,4733,534
2026-05-12T09:00:00+05:30,4733,4736.8,4732.9,4733.4,366
2026-05-12T09:15:00+05:30,4733.3,4733.7,4726.8,4729.6,684
2026-05-12T09:30:00+05:30,4729.1,4732.6,4729.1,4730.9,296
2026-05-12T09:45:00+05:30,4731.2,4739.6,4730.9,4731.4,895
2026-05-12T10:00:00+05:30,4731.5,4735.7,4730.2,4733.5,222
2026-05-12T10:15:00+05:30,4733.2,4734.3,4720.1,4723.1,1112
2026-05-12T10:30:00+05:30,4722.5,4727.6,4717.5,4721.3,1325
2026-05-12T10:45:00+05:30,4721.5,4725.5,4721.5,4724.4,641
2026-05-12T11:00:00+05:30,4724.2,4731,4721.7,4724.3,764
2026-05-12T11:15:00+05:30,4723.9,4728.8,4718.6,4723.2,1024
2026-05-12T11:30:00+05:30,4722.6,4722.6,4711,4713.4,2056
2026-05-12T11:45:00+05:30,4713.6,4715.4,4702.9,4704.3,1769
2026-05-12T12:00:00+05:30,4704.4,4713,4703.5,4710.1,1230
2026-05-12T12:15:00+05:30,4710.1,4712.3,4701.6,4705.4,1162
2026-05-12T12:30:00+05:30,4705,4706.4,4692.4,4704.1,1920
2026-05-12T12:45:00+05:30,4703.3,4707.8,4702.2,4705.8,799
2026-05-12T13:00:00+05:30,4705.9,4710.4,4703.3,4708.1,714
2026-05-12T13:15:00+05:30,4708,4711.7,4705.7,4707.8,804
2026-05-12T13:30:00+05:30,4707.5,4714.8,4707.1,4708.1,893
2026-05-12T13:45:00+05:30,4707.6,4712.3,4704.6,4710.7,516
2026-05-12T14:00:00+05:30,4710.7,4712.7,4705.7,4708.1,421
2026-05-12T14:15:00+05:30,4707.6,4714.5,4707,4710.9,497
2026-05-12T14:30:00+05:30,4710.7,4711.4,4706,4706,532
2026-05-12T14:45:00+05:30,4706.1,4710,4705.1,4707.3,616
2026-05-12T15:00:00+05:30,4707.2,4713.3,4702.2,4703.4,1652
2026-05-12T15:15:00+05:30,4704.3,4709.8,4702.4,4707.6,526
2026-05-12T15:30:00+05:30,4708,4716.7,4706.9,4713.1,903
2026-05-12T15:45:00+05:30,4713.5,4713.5,4707.2,4708.2,1045
2026-05-12T16:00:00+05:30,4708.2,4708.2,4692.8,4698.6,1764
2026-05-12T16:15:00+05:30,4698.5,4702.1,4697.1,4701.9,604
2026-05-12T16:30:00+05:30,4702.4,4705.9,4694.7,4699.3,1299
2026-05-12T16:45:00+05:30,4699.6,4708.1,4699.6,4707.8,606
2026-05-12T17:00:00+05:30,4708,4714,4705.8,4711.9,701
2026-05-12T17:15:00+05:30,4712.3,4717.2,4710.2,4714.6,797
2026-05-12T17:30:00+05:30,4714.5,4715.9,4706.3,4714.1,977
2026-05-12T17:45:00+05:30,4714,4716.2,4702.7,4704.7,1832
2026-05-12T18:00:00+05:30,4704.8,4716.6,4697.4,4711,3197
2026-05-12T18:15:00+05:30,4711,4719.8,4708.2,4713.8,2162
2026-05-12T18:30:00+05:30,4713.6,4717.1,4695.1,4697.2,2431
2026-05-12T18:45:00+05:30,4696.6,4703.2,4687,4698.4,2942
2026-05-12T19:00:00+05:30,4698.4,4709.5,4691,4706.4,2609
2026-05-12T19:15:00+05:30,4706.6,4709.2,4684.5,4687,2668
2026-05-12T19:30:00+05:30,4686.5,4703,4683.4,4700.9,3073
2026-05-12T19:45:00+05:30,4700.6,4702.1,4690,4690.6,1642
2026-05-12T20:00:00+05:30,4690.7,4695.8,4678.9,4693.3,2304
2026-05-12T20:15:00+05:30,4692.9,4693,4676,4680,1932
2026-05-12T20:30:00+05:30,4680,4683.6,4670.6,4672,2907
2026-05-12T20:45:00+05:30,4671.5,4673.3,4645.2,4663.3,7355
2026-05-12T21:00:00+05:30,4663.6,4675.4,4661.2,4672.6,2420
2026-05-12T21:15:00+05:30,4672.6,4677.3,4671.5,4673.1,1284
2026-05-12T21:30:00+05:30,4673.5,4680.3,4671.3,4678.9,1096
2026-05-12T21:45:00+05:30,4678.5,4682.4,4673.5,4675.5,1256
2026-05-12T22:00:00+05:30,4675.5,4678.7,4672.1,4676.8,736
2026-05-12T22:15:00+05:30,4676.5,4681.6,4673.7,4678.1,956
2026-05-12T22:30:00+05:30,4678.4,4686.8,4678.4,4684.4,1534
2026-05-12T22:45:00+05:30,4684.1,4689.8,4683.9,4686.6,2374
2026-05-12T23:00:00+05:30,4686.4,4687.9,4683.4,4686.9,957
2026-05-12T23:15:00+05:30,4686.5,4688.3,4684.9,4685.7,494
2026-05-12T23:30:00+05:30,4685.7,4690.6,4683,4688.1,750
2026-05-12T23:45:00+05:30,4688.4,4695,4687.1,4692.5,721
2026-05-13T00:00:00+05:30,4692.1,4704.8,4692.1,4702.8,1327
2026-05-13T00:15:00+05:30,4702.4,4705.5,4697.8,4703,887
2026-05-13T00:30:00+05:30,4704.1,4710,4703.6,4706.9,681
2026-05-13T00:45:00+05:30,4707.9,4712,4706.2,4710.8,718
2026-05-13T01:00:00+05:30,4710.9,4718.1,4710.9,4716.9,972
2026-05-13T01:15:00+05:30,4716.9,4723.3,4716.5,4723.2,1172
2026-05-13T01:30:00+05:30,4722.8,4726.7,4719.4,4720.7,990
2026-05-13T01:45:00+05:30,4721.3,4723.7,4719.8,4720.7,177
2026-05-13T02:00:00+05:30,4720.3,4722.8,4719.6,4722.2,246
2026-05-13T02:15:00+05:30,4722.3,4723.4,4720.5,4722.6,266
2026-05-13T03:30:00+05:30,4722.3,4729.5,4720.3,4722,705
2026-05-13T03:45:00+05:30,4722.7,4727.4,4721.5,4725.3,394
2026-05-13T04:00:00+05:30,4724.7,4728.2,4723.3,4724.3,371
2026-05-13T04:15:00+05:30,4724.9,4730.2,4724.1,4724.6,371
2026-05-13T04:30:00+05:30,4724.5,4730.8,4723.5,4725,676
2026-05-13T04:45:00+05:30,4725.2,4731.6,4725,4727.5,581
2026-05-13T05:00:00+05:30,4727.9,4729.4,4723.9,4729.1,534
2026-05-13T05:15:00+05:30,4729.2,4731.2,4723,4724.7,697
2026-05-13T05:30:00+05:30,4724.5,4734.8,4722.7,4728.3,877
2026-05-13T05:45:00+05:30,4728.6,4734.5,4727.7,4730.9,694
2026-05-13T06:00:00+05:30,4730,4733.4,4724.5,4728.3,514
2026-05-13T06:15:00+05:30,4728,4728.4,4721,4723,644
2026-05-13T06:30:00+05:30,4722.6,4725.1,4715.4,4717.6,1459
2026-05-13T06:45:00+05:30,4718,4718.2,4710.9,4712.2,1243
2026-05-13T07:00:00+05:30,4712.4,4718.5,4710,4717.3,983
2026-05-13T07:15:00+05:30,4717.3,4719.2,4709.2,4710.9,560
2026-05-13T07:30:00+05:30,4710.5,4715.7,4707.1,4709.9,845
2026-05-13T07:45:00+05:30,4709.1,4712.4,4705.7,4708.1,827
2026-05-13T08:00:00+05:30,4708.7,4708.7,4702.2,4702.6,572
2026-05-13T08:15:00+05:30,4702.6,4705.3,4696,4700.6,1460
2026-05-13T08:30:00+05:30,4700.5,4702.7,4697.1,4700.7,670
2026-05-13T08:45:00+05:30,4700.7,4708.8,4699.2,4708.7,713
2026-05-13T09:00:00+05:30,4708.4,4714.3,4708.3,4712.2,768
2026-05-13T09:15:00+05:30,4712.3,4713.5,4702,4703.8,793
2026-05-13T09:30:00+05:30,4704.5,4707,4703.4,4706.2,343
2026-05-13T09:45:00+05:30,4705.9,4711.3,4705.9,4709.4,318
2026-05-13T10:00:00+05:30,4709.8,4711.4,4705.3,4706.8,333
2026-05-13T10:15:00+05:30,4707.1,4710,4706.5,4707.9,233
2026-05-13T10:30:00+05:30,4707.5,4715.7,4706.7,4713.4,436
2026-05-13T10:45:00+05:30,4713.1,4713.3,4705.7,4706,389
2026-05-13T11:00:00+05:30,4706.3,4710.6,4701.3,4704.5,874
2026-05-13T11:15:00+05:30,4705.1,4713.7,4703.8,4711.4,573
2026-05-13T11:30:00+05:30,4711.8,4720.5,4710.9,4718,1200
2026-05-13T11:45:00+05:30,4718.3,4723.1,4714.5,4716.4,960
2026-05-13T12:00:00+05:30,4716.5,4721.7,4715.3,4719,557
2026-05-13T12:15:00+05:30,4719.2,4720.2,4706.9,4709.8,1469
2026-05-13T12:30:00+05:30,4709.8,4713.5,4704.8,4709.9,1812
2026-05-13T12:45:00+05:30,4710.1,4716.6,4709.8,4715.7,906
2026-05-13T13:00:00+05:30,4715,4715.6,4710.5,4711,364
2026-05-13T13:15:00+05:30,4711.4,4712.6,4709,4710.4,608
2026-05-13T13:30:00+05:30,4710.3,4712,4706,4707.8,584
2026-05-13T13:45:00+05:30,4707.8,4708.5,4702.2,4704.5,639
2026-05-13T14:00:00+05:30,4705.1,4707.4,4701.8,4703.5,530
2026-05-13T14:15:00+05:30,4703.8,4710.1,4702,4707.7,721
2026-05-13T14:30:00+05:30,4707.8,4709.2,4700.7,4701.9,653
2026-05-13T14:45:00+05:30,4701.5,4702.6,4692.3,4695.9,1451
2026-05-13T15:00:00+05:30,4695.8,4702.2,4693.3,4701.9,1287
2026-05-13T15:15:00+05:30,4701.5,4709,4700.6,4709,784
2026-05-13T15:30:00+05:30,4708.4,4718.2,4706.5,4709.6,1164
2026-05-13T15:45:00+05:30,4710.2,4713.6,4706.2,4707.2,542
2026-05-13T16:00:00+05:30,4707.1,4707.5,4701.4,4703,583
2026-05-13T16:15:00+05:30,4703.4,4704.4,4701,4701.6,391
2026-05-13T16:30:00+05:30,4701.8,4706.9,4698.6,4706.8,604
2026-05-13T16:45:00+05:30,4706.3,4708.5,4703.6,4706.2,522
2026-05-13T17:00:00+05:30,4706.5,4713.3,4706.1,4711.4,693
2026-05-13T17:15:00+05:30,4711.8,4713.9,4705.2,4705.2,580
2026-05-13T17:30:00+05:30,4704.9,4709.4,4700.7,4701.4,898
2026-05-13T17:45:00+05:30,4701.3,4701.5,4690,4692.1,2457
2026-05-13T18:00:00+05:30,4692.4,4695.2,4682,4689.9,3489
2026-05-13T18:15:00+05:30,4690.3,4692.9,4684.3,4690.7,1486
2026-05-13T18:30:00+05:30,4690.6,4698.4,4690.5,4697.2,1728
2026-05-13T18:45:00+05:30,4696.7,4702,4693.7,4695.9,1221
2026-05-13T19:00:00+05:30,4696,4698,4679.9,4685.7,3497
2026-05-13T19:15:00+05:30,4685.4,4690.2,4676,4686.2,2536
2026-05-13T19:30:00+05:30,4686.2,4690.5,4679.8,4688,2063
2026-05-13T19:45:00+05:30,4687.9,4692.6,4680.2,4691.3,1436
2026-05-13T20:00:00+05:30,4691,4698.3,4690,4691.1,2031
2026-05-13T20:15:00+05:30,4691.2,4692.5,4684.2,4686.8,1513
2026-05-13T20:30:00+05:30,4687.1,4698.1,4686,4694.5,1237
2026-05-13T20:45:00+05:30,4694.1,4699,4692,4698.2,912
2026-05-13T21:00:00+05:30,4698.1,4708,4694.1,4707.4,1901
2026-05-13T21:15:00+05:30,4707.2,4707.3,4702.4,4703.3,833
2026-05-13T21:30:00+05:30,4703,4710.8,4702.8,4709.6,1057
2026-05-13T21:45:00+05:30,4709.6,4717.9,4706.4,4714.7,2133
2026-05-13T22:00:00+05:30,4714.7,4715.7,4707.9,4707.9,1511
2026-05-13T22:15:00+05:30,4708.2,4709.8,4702.9,4703.5,907
2026-05-13T22:30:00+05:30,4703.7,4708.9,4703.6,4707.6,932
2026-05-13T22:45:00+05:30,4707.4,4709.2,4704.5,4706.3,1581
2026-05-13T23:00:00+05:30,4706.5,4706.6,4698.1,4699.5,1320
2026-05-13T23:15:00+05:30,4699.6,4702.6,4692.6,4693.4,990
2026-05-13T23:30:00+05:30,4693.8,4700.8,4692.5,4700.5,573
2026-05-13T23:45:00+05:30,4700.6,4702,4696.8,4700.2,475
2026-05-14T00:00:00+05:30,4699.6,4700.9,4693.4,4694.1,523
2026-05-14T00:15:00+05:30,4694.2,4695.4,4685.5,4692.9,1156
2026-05-14T00:30:00+05:30,4692.6,4697.1,4691.3,4696.9,342
2026-05-14T00:45:00+05:30,4697,4698.6,4694.3,4695,394
2026-05-14T01:00:00+05:30,4695.2,4697.1,4692.2,4696.4,394
2026-05-14T01:15:00+05:30,4696.2,4697.1,4691.8,4696.1,839
2026-05-14T01:30:00+05:30,4696,4699,4693.7,4698.9,318
2026-05-14T01:45:00+05:30,4698.9,4701.4,4698.1,4699.4,193
2026-05-14T02:00:00+05:30,4699.4,4701.2,4697,4698.7,235
2026-05-14T02:15:00+05:30,4698.2,4699.2,4695.8,4697.1,201
2026-05-14T03:30:00+05:30,4696.8,4700.9,4695.5,4697.8,315
2026-05-14T03:45:00+05:30,4697.5,4704,4697.4,4703.4,318
2026-05-14T04:00:00+05:30,4703.9,4707,4702,4705.6,267
2026-05-14T04:15:00+05:30,4705.8,4707.3,4703.1,4706.4,272
2026-05-14T04:30:00+05:30,4706.2,4709,4705.7,4708.2,135
2026-05-14T04:45:00+05:30,4708.1,4708.1,4703.2,4704.3,228
2026-05-14T05:00:00+05:30,4703.5,4704.4,4701,4701.7,288
2026-05-14T05:15:00+05:30,4701.9,4703.8,4699.7,4703.5,181
2026-05-14T05:30:00+05:30,4703.1,4706.2,4696.2,4704.3,496
2026-05-14T05:45:00+05:30,4704.1,4712.9,4704.1,4708,524
2026-05-14T06:00:00+05:30,4709,4710,4699.6,4706.9,504
2026-05-14T06:15:00+05:30,4707.5,4713.7,4706.4,4712,470
2026-05-14T06:30:00+05:30,4712.2,4714,4690.7,4696.6,1736
2026-05-14T06:45:00+05:30,4694.6,4701.9,4694.2,4698.9,670
2026-05-14T07:00:00+05:30,4699,4701.4,4690.3,4695.3,667
2026-05-14T07:15:00+05:30,4695.3,4701.8,4690.2,4695,508
2026-05-14T07:30:00+05:30,4695.5,4700.8,4693.1,4694.8,342
2026-05-14T07:45:00+05:30,4694.6,4701.1,4693.8,4700.1,501
2026-05-14T08:00:00+05:30,4700.3,4706.5,4696,4697.9,630
2026-05-14T08:15:00+05:30,4698.2,4699.8,4686,4692.7,976
2026-05-14T08:30:00+05:30,4692.8,4696.8,4687.6,4689,789
2026-05-14T08:45:00+05:30,4688.8,4699.4,4687.5,4697.2,785
2026-05-14T09:00:00+05:30,4697.1,4697.5,4681.9,4682.3,799
2026-05-14T09:15:00+05:30,4682.5,4683.9,4679.3,4680.8,462
2026-05-14T09:30:00+05:30,4680.8,4688.5,4673.2,4688,1431
2026-05-14T09:45:00+05:30,4688.3,4713.5,4687.5,4708.5,2053
2026-05-14T10:00:00+05:30,4708.4,4719.7,4707.3,4711.5,1503
2026-05-14T10:15:00+05:30,4711.8,4713.5,4708.8,4709.2,392
2026-05-14T10:30:00+05:30,4709.5,4711.2,4706.6,4707,483
2026-05-14T10:45:00+05:30,4706.6,4707.1,4700,4700.8,471
2026-05-14T11:00:00+05:30,4700.2,4708.3,4700,4704.2,832
2026-05-14T11:15:00+05:30,4704.8,4710.2,4696,4696.3,747
2026-05-14T11:30:00+05:30,4696.2,4701.4,4692.7,4694.7,1150
2026-05-14T11:45:00+05:30,4694.2,4700.2,4693.3,4698.1,495
2026-05-14T12:00:00+05:30,4698.1,4706.3,4697.3,4705.6,752
2026-05-14T12:15:00+05:30,4705.5,4709.3,4701.7,4707.2,798
2026-05-14T12:30:00+05:30,4706.7,4709.1,4701.2,4702,713
2026-05-14T12:45:00+05:30,4701.5,4713.2,4701.5,4711.9,872
2026-05-14T13:00:00+05:30,4712.3,4725.8,4709.3,4716.6,2292
2026-05-14T13:15:00+05:30,4716.2,4716.8,4697.7,4700.1,1521
2026-05-14T13:30:00+05:30,4699.5,4707.9,4698.9,4705.9,893
2026-05-14T13:45:00+05:30,4706.3,4711.7,4704,4710.5,769
2026-05-14T14:00:00+05:30,4710.3,4713.6,4702.7,4703.4,833
2026-05-14T14:15:00+05:30,4703.9,4704.1,4699.8,4700.3,468
2026-05-14T14:30:00+05:30,4699.8,4704.7,4696,4701.5,709
2026-05-14T14:45:00+05:30,4700.9,4703.1,4697.2,4697.3,517
2026-05-14T15:00:00+05:30,4697.1,4703.8,4694.6,4702,909
2026-05-14T15:15:00+05:30,4702.5,4709.3,4702.5,4706.1,534
2026-05-14T15:30:00+05:30,4706,4711.9,4702.5,4703.6,645
2026-05-14T15:45:00+05:30,4704.2,4704.6,4700.2,4704.1,420
2026-05-14T16:00:00+05:30,4704.3,4704.4,4698.5,4700.2,417
2026-05-14T16:15:00+05:30,4700.3,4704.4,4698,4704.1,613
2026-05-14T16:30:00+05:30,4703.5,4705.4,4698.9,4704,377
2026-05-14T16:45:00+05:30,4703.6,4703.8,4695.9,4698.2,548
2026-05-14T17:00:00+05:30,4698.5,4703.5,4697.1,4702.1,269
2026-05-14T17:15:00+05:30,4701.6,4711.6,4700.4,4700.4,1163
2026-05-14T17:30:00+05:30,4700.2,4710.1,4698.4,4709.9,1177
2026-05-14T17:45:00+05:30,4710.3,4714.5,4705.4,4709.1,1927
2026-05-14T18:00:00+05:30,4710,4716.9,4704.7,4704.7,2249
2026-05-14T18:15:00+05:30,4704.3,4713.3,4702.6,4711.8,977
2026-05-14T18:30:00+05:30,4712.2,4715.2,4702.5,4711.3,1290
2026-05-14T18:45:00+05:30,4710.9,4711.1,4694.2,4694.5,1963
2026-05-14T19:00:00+05:30,4694.6,4696,4671.3,4682.3,5071
2026-05-14T19:15:00+05:30,4682.2,4696.8,4681.4,4685.2,4249
2026-05-14T19:30:00+05:30,4685,4696.4,4683,4694.3,3156
2026-05-14T19:45:00+05:30,4694,4707.3,4692.8,4697.7,2315
2026-05-14T20:00:00+05:30,4697.7,4698.8,4692.5,4693.3,952
2026-05-14T20:15:00+05:30,4693,4696.6,4685.3,4685.7,1244
2026-05-14T20:30:00+05:30,4685.6,4692.8,4683,4690.7,1336
2026-05-14T20:45:00+05:30,4690.8,4695.8,4690.2,4692,803
2026-05-14T21:00:00+05:30,4691.8,4695.2,4687.1,4688.6,882
2026-05-14T21:15:00+05:30,4688.5,4693,4686.7,4691.9,855
2026-05-14T21:30:00+05:30,4692.1,4693.5,4680.3,4685.1,1466
2026-05-14T21:45:00+05:30,4684.7,4687.6,4681.3,4683.2,669
2026-05-14T22:00:00+05:30,4683.5,4684.5,4676.1,4681.5,1461
2026-05-14T22:15:00+05:30,4681.6,4685.4,4678.5,4684.8,720
2026-05-14T22:30:00+05:30,4684.4,4689.6,4684.4,4684.9,1059
2026-05-14T22:45:00+05:30,4684.8,4689.3,4683.1,4683.6,1624
2026-05-14T23:00:00+05:30,4683.7,4687.7,4682.7,4687.7,552
2026-05-14T23:15:00+05:30,4687.4,4687.9,4683.8,4684.2,378
2026-05-14T23:30:00+05:30,4684.5,4684.5,4674.5,4680.5,1153
2026-05-14T23:45:00+05:30,4680.4,4682.3,4678.8,4679.3,385
2026-05-15T00:00:00+05:30,4679.5,4680.6,4674.2,4674.3,599
2026-05-15T00:15:00+05:30,4674.5,4677.5,4672.5,4677.3,574
2026-05-15T00:30:00+05:30,4677.4,4677.4,4672,4673.2,672
2026-05-15T00:45:00+05:30,4672.9,4674.5,4667.6,4668.9,1074
2026-05-15T01:00:00+05:30,4668.7,4670.8,4660.8,4662.2,1520
2026-05-15T01:15:00+05:30,4661.7,4664.3,4658,4659.5,1868
2026-05-15T01:30:00+05:30,4659.6,4663,4654.2,4655.3,1089
2026-05-15T01:45:00+05:30,4654.8,4656.2,4651.7,4653,427
2026-05-15T02:00:00+05:30,4653,4658,4649.3,4655.7,733
2026-05-15T02:15:00+05:30,4656.1,4657.5,4654.2,4655.4,319
2026-05-15T03:30:00+05:30,4654.5,4662.6,4651,4659.3,830
2026-05-15T03:45:00+05:30,4659.8,4663.7,4659.8,4662.9,441
2026-05-15T04:00:00+05:30,4663.3,4666.8,4662.7,4665.6,524
2026-05-15T04:15:00+05:30,4666.1,4667,4664,4666.7,199
2026-05-15T04:30:00+05:30,4666.4,4668.1,4663,4663.1,487
2026-05-15T04:45:00+05:30,4663.4,4668.7,4659.9,4668.4,680
2026-05-15T05:00:00+05:30,4668.1,4670.1,4651,4661.7,1316
2026-05-15T05:15:00+05:30,4661.3,4661.5,4652.2,4656.7,409
2026-05-15T05:30:00+05:30,4656.4,4658.2,4645.5,4654.2,1186
2026-05-15T05:45:00+05:30,4655.5,4662.8,4629.1,4634.6,2573
2026-05-15T06:00:00+05:30,4634.6,4634.9,4618.3,4624.1,2861
2026-05-15T06:15:00+05:30,4624.2,4636,4621.7,4635.1,1418
2026-05-15T06:30:00+05:30,4635,4636.7,4612.3,4619.2,2281
2026-05-15T06:45:00+05:30,4619.2,4630.3,4612.5,4613.6,1911
2026-05-15T07:00:00+05:30,4612.8,4627.4,4611.6,4627.2,1054
2026-05-15T07:15:00+05:30,4626.5,4628.7,4611,4617.9,1548
2026-05-15T07:30:00+05:30,4617.9,4623.3,4613.5,4617.2,1173
2026-05-15T07:45:00+05:30,4617,4620.6,4613.8,4616.7,713
2026-05-15T08:00:00+05:30,4616.2,4622,4613.5,4621.4,679
2026-05-15T08:15:00+05:30,4621.9,4627.4,4615.4,4621.9,875
2026-05-15T08:30:00+05:30,4621.6,4626.5,4618.1,4621.6,911
2026-05-15T08:45:00+05:30,4621.9,4622.8,4613.4,4616.5,764
2026-05-15T09:00:00+05:30,4617.6,4621.6,4611.3,4617.5,688
2026-05-15T09:15:00+05:30,4617.6,4622.1,4614.5,4619.8,579
2026-05-15T09:30:00+05:30,4619.3,4625.9,4616.9,4623.9,556
2026-05-15T09:45:00+05:30,4623.8,4624.6,4611.5,4614.9,912
2026-05-15T10:00:00+05:30,4615.2,4619.2,4608.2,4610,520
2026-05-15T10:15:00+05:30,4610.2,4616.6,4609,4610,785
2026-05-15T10:30:00+05:30,4610,4610.6,4592.6,4596,2611
2026-05-15T10:45:00+05:30,4596.2,4599.4,4584.9,4592.8,2580
2026-05-15T11:00:00+05:30,4592.7,4594.3,4567.5,4572.1,3750
2026-05-15T11:15:00+05:30,4571.8,4577.2,4560.1,4562.9,2536
2026-05-15T11:30:00+05:30,4562.4,4576.8,4560.5,4574.2,2410
2026-05-15T11:45:00+05:30,4574.8,4582.4,4573.8,4579.2,2200
2026-05-15T12:00:00+05:30,4579,4585.4,4571.1,4572,1650
2026-05-15T12:15:00+05:30,4572,4578.4,4568.6,4574.5,1595
2026-05-15T12:30:00+05:30,4573.9,4591.1,4569.8,4590.6,2923
2026-05-15T12:45:00+05:30,4590.6,4593.8,4583.8,4586.9,1862
2026-05-15T13:00:00+05:30,4586,4587.5,4579.6,4582.8,1552
2026-05-15T13:15:00+05:30,4582.7,4584,4573.4,4575.7,1623
2026-05-15T13:30:00+05:30,4575.6,4576.9,4561.3,4569.7,2317
2026-05-15T13:45:00+05:30,4569.5,4569.7,4556.8,4562.5,2201
2026-05-15T14:00:00+05:30,4562.1,4567.4,4553.2,4567,2313
2026-05-15T14:15:00+05:30,4567,4568.6,4556.3,4558.9,1281
2026-05-15T14:30:00+05:30,4559,4568.2,4549.7,4551.6,2309
2026-05-15T14:45:00+05:30,4551.2,4558.8,4543.1,4556.8,2391
2026-05-15T15:00:00+05:30,4557.1,4559.7,4546.7,4547.8,1687
2026-05-15T15:15:00+05:30,4547.2,4551,4535.4,4549.8,2404
2026-05-15T15:30:00+05:30,4549.9,4567,4548,4565,2187
2026-05-15T15:45:00+05:30,4565.1,4567.6,4555.6,4555.8,1668
2026-05-15T16:00:00+05:30,4555.9,4560.5,4553.6,4559,983
2026-05-15T16:15:00+05:30,4559,4577,4558.3,4570.2,2591
2026-05-15T16:30:00+05:30,4570.5,4574.8,4565,4570.6,1488
2026-05-15T16:45:00+05:30,4571,4573.6,4563.4,4566.7,762
2026-05-15T17:00:00+05:30,4567,4567,4555.4,4556.1,1141
2026-05-15T17:15:00+05:30,4555.8,4563.5,4554,4555.9,1138
2026-05-15T17:30:00+05:30,4556,4559.5,4549.3,4549.9,1624
2026-05-15T17:45:00+05:30,4549.6,4562.7,4549,4559.7,2597
2026-05-15T18:00:00+05:30,4558.6,4559.1,4546.3,4549.9,2210
2026-05-15T18:15:00+05:30,4549.3,4559.8,4547.7,4550.2,1500
2026-05-15T18:30:00+05:30,4550.1,4553.9,4539.9,4550.6,3699
2026-05-15T18:45:00+05:30,4550.7,4561.9,4543.8,4553.2,2165
2026-05-15T19:00:00+05:30,4553.2,4555.3,4523.8,4523.9,6123
2026-05-15T19:15:00+05:30,4523.8,4545.7,4513.8,4537.3,5207
2026-05-15T19:30:00+05:30,4536.9,4554.5,4529.3,4547.6,4695
2026-05-15T19:45:00+05:30,4547.6,4567.1,4544.4,4559.7,3878
2026-05-15T20:00:00+05:30,4560,4565,4554.9,4561.1,1882
2026-05-15T20:15:00+05:30,4561.4,4570.9,4550.2,4566.8,2106
2026-05-15T20:30:00+05:30,4567.3,4568,4554.6,4555.9,1669
2026-05-15T20:45:00+05:30,4556.6,4557.5,4546.7,4551.1,2048
2026-05-15T21:00:00+05:30,4551,4554.5,4543.5,4545.6,1140
2026-05-15T21:15:00+05:30,4545.1,4547.7,4538,4543.8,1770
2026-05-15T21:30:00+05:30,4543.8,4546.5,4533.2,4536.6,1953
2026-05-15T21:45:00+05:30,4536.6,4546.7,4535.4,4544.8,1445
2026-05-15T22:00:00+05:30,4545.4,4552.4,4544.3,4551.5,1076
2026-05-15T22:15:00+05:30,4551.5,4552.2,4546.1,4548.7,709
2026-05-15T22:30:00+05:30,4548.5,4562.5,4547.2,4561.2,2082
2026-05-15T22:45:00+05:30,4561.4,4568.7,4558.6,4561.8,2419
2026-05-15T23:00:00+05:30,4561.7,4568,4561.6,4565.1,1142
2026-05-15T23:15:00+05:30,4565.3,4566.9,4561.5,4564,565
2026-05-15T23:30:00+05:30,4564.3,4566.3,4560.1,4566.3,493
2026-05-15T23:45:00+05:30,4565.8,4567.3,4557.2,4562.4,938
2026-05-16T00:00:00+05:30,4562.5,4562.9,4556.5,4561.8,462
2026-05-16T00:15:00+05:30,4561.1,4567,4560.8,4563.4,387
2026-05-16T00:30:00+05:30,4563.9,4564.2,4553.5,4554.7,867
2026-05-16T00:45:00+05:30,4554.6,4556.8,4552.7,4554.3,717
2026-05-16T01:00:00+05:30,4554.4,4559.3,4553.8,4557.7,704
2026-05-16T01:15:00+05:30,4557.7,4558.4,4548.9,4549.8,1158
2026-05-16T01:30:00+05:30,4550.2,4550.7,4540.2,4542.5,653
2026-05-16T01:45:00+05:30,4542.5,4543.3,4537,4542.9,434
2026-05-16T02:00:00+05:30,4543.4,4547.9,4542.4,4544.4,373
2026-05-16T02:15:00+05:30,4544.5,4545.4,4540.5,4543.6,355
2026-05-18T03:30:00+05:30,4547.6,4559,4531.9,4551.9,1205
2026-05-18T03:45:00+05:30,4552.6,4553.6,4541.4,4545.6,685
2026-05-18T04:00:00+05:30,4544.7,4557.6,4544.7,4554,751
2026-05-18T04:15:00+05:30,4553.5,4558,4547.3,4549.7,468
2026-05-18T04:30:00+05:30,4550.2,4551.4,4543,4545.3,379
2026-05-18T04:45:00+05:30,4544.9,4548,4541.2,4541.4,373
2026-05-18T05:00:00+05:30,4540.9,4545.6,4535.6,4542.9,578
2026-05-18T05:15:00+05:30,4542.3,4547.4,4535.1,4540.9,541
2026-05-18T05:30:00+05:30,4541,4546,4526.5,4529.2,1169
2026-05-18T05:45:00+05:30,4529.7,4536.8,4517.4,4519,1041
2026-05-18T06:00:00+05:30,4518.6,4522.2,4483.5,4485.4,4771
2026-05-18T06:15:00+05:30,4485,4519.8,4483.8,4518.5,2590
2026-05-18T06:30:00+05:30,4518.1,4519.3,4492.1,4500.2,2949
2026-05-18T06:45:00+05:30,4499.8,4513,4495.4,4507.5,1670
2026-05-18T07:00:00+05:30,4505.3,4516.3,4502.5,4515.2,1645
2026-05-18T07:15:00+05:30,4515.6,4538.6,4513.9,4527.9,2258
2026-05-18T07:30:00+05:30,4527.9,4542,4524.9,4539.7,1594
2026-05-18T07:45:00+05:30,4539.8,4544,4535.1,4536.2,945
2026-05-18T08:00:00+05:30,4536.7,4544.1,4532,4539.3,895
2026-05-18T08:15:00+05:30,4538.7,4545.9,4533.3,4536.4,881
2026-05-18T08:30:00+05:30,4537,4538.9,4530,4532.5,881
2026-05-18T08:45:00+05:30,4532,4541.3,4531.5,4538.6,695
2026-05-18T09:00:00+05:30,4539.3,4551.4,4528,4548.6,1278
2026-05-18T09:15:00+05:30,4548.6,4551.2,4542.9,4544.9,1418
2026-05-18T09:30:00+05:30,4545.2,4553.8,4545.2,4548.2,834
2026-05-18T09:45:00+05:30,4548.2,4551.1,4533.4,4535.9,1975
2026-05-18T10:00:00+05:30,4535.9,4548,4535.5,4545.5,1045
2026-05-18T10:15:00+05:30,4545.1,4549.4,4539.3,4544.2,1314
2026-05-18T10:30:00+05:30,4544.8,4546.7,4536.4,4541.6,1368
2026-05-18T10:45:00+05:30,4539.6,4554.3,4538.6,4552.4,1390
2026-05-18T11:00:00+05:30,4552.5,4556,4542.4,4543.8,1102
2026-05-18T11:15:00+05:30,4542.7,4546.9,4533.6,4534.6,1177
2026-05-18T11:30:00+05:30,4534.3,4544,4533.1,4541.3,1370
2026-05-18T11:45:00+05:30,4540.6,4551.4,4538,4541.1,1431
2026-05-18T12:00:00+05:30,4541.1,4550.6,4538.3,4543.9,1159
2026-05-18T12:15:00+05:30,4544.1,4551.8,4542.1,4550.5,955
2026-05-18T12:30:00+05:30,4551,4553.1,4545.7,4546.6,916
2026-05-18T12:45:00+05:30,4547,4555.2,4541.6,4554.6,1189
2026-05-18T13:00:00+05:30,4554.7,4564,4551,4553.3,1480
2026-05-18T13:15:00+05:30,4552.3,4555.1,4543.5,4550,1299
2026-05-18T13:30:00+05:30,4550,4552.6,4546,4550.3,718
2026-05-18T13:45:00+05:30,4550,4555.5,4546.6,4551.2,824
2026-05-18T14:00:00+05:30,4551.5,4556.8,4549.4,4552.1,577
2026-05-18T14:15:00+05:30,4552.1,4560.9,4552.1,4553.8,719
2026-05-18T14:30:00+05:30,4553.9,4555.7,4544.9,4550.3,825
2026-05-18T14:45:00+05:30,4549.8,4552.8,4548.2,4549,579
2026-05-18T15:00:00+05:30,4548.7,4550.3,4544,4546.6,1515
2026-05-18T15:15:00+05:30,4546.7,4548.2,4543.8,4547,213
2026-05-18T15:30:00+05:30,4546.4,4548.7,4539.3,4542.9,1098
2026-05-18T15:45:00+05:30,4542.6,4546.2,4541.7,4543.3,553
2026-05-18T16:00:00+05:30,4543,4547.5,4535.6,4546.9,1076
2026-05-18T16:15:00+05:30,4547.3,4551.4,4540.2,4543.4,1001
2026-05-18T16:30:00+05:30,4543.5,4545.3,4533.5,4543,1002
2026-05-18T16:45:00+05:30,4542.9,4543.8,4535.6,4539.6,849
2026-05-18T17:00:00+05:30,4539.2,4571.9,4539.2,4566.5,3757
2026-05-18T17:15:00+05:30,4566.9,4568.7,4553,4554.2,1652
2026-05-18T17:30:00+05:30,4554.4,4560.5,4550.8,4557.1,1378
2026-05-18T17:45:00+05:30,4557,4558.8,4548.8,4554.4,1610
2026-05-18T18:00:00+05:30,4554,4574.1,4553.7,4573.6,2602
2026-05-18T18:15:00+05:30,4573.9,4579.4,4566.6,4575.2,2623
2026-05-18T18:30:00+05:30,4575.4,4581.5,4565.4,4572,3299
2026-05-18T18:45:00+05:30,4571.4,4580,4567.7,4575.6,1211
2026-05-18T19:00:00+05:30,4576.1,4584.3,4568.9,4570.5,2892
2026-05-18T19:15:00+05:30,4570.6,4588.6,4567.5,4579.9,3308
2026-05-18T19:30:00+05:30,4579.9,4579.9,4563.7,4568.7,3314
2026-05-18T19:45:00+05:30,4569,4573.3,4557.2,4566.2,2239
2026-05-18T20:00:00+05:30,4565.6,4567.5,4542.9,4552,4402
2026-05-18T20:15:00+05:30,4551.9,4552.8,4542.1,4550.8,2250
2026-05-18T20:30:00+05:30,4551,4552.4,4536.2,4544.7,3365
2026-05-18T20:45:00+05:30,4544.6,4547,4538.8,4539.4,1400
2026-05-18T21:00:00+05:30,4538.7,4548.9,4538.1,4543,1346
2026-05-18T21:15:00+05:30,4543.1,4551.3,4542.3,4547.7,908
2026-05-18T21:30:00+05:30,4548.6,4553.1,4544.4,4552.8,1104
2026-05-18T21:45:00+05:30,4552.9,4555,4537.6,4541.2,2332
2026-05-18T22:00:00+05:30,4540.9,4549.1,4538.3,4547.6,1163
2026-05-18T22:15:00+05:30,4547.4,4558.7,4547,4554.4,1452
2026-05-18T22:30:00+05:30,4554.3,4562.5,4551.6,4557.5,1521
2026-05-18T22:45:00+05:30,4557.3,4559.9,4556.1,4558.3,1799
2026-05-18T23:00:00+05:30,4558,4558.4,4551.1,4552.5,758
2026-05-18T23:15:00+05:30,4552.4,4553.8,4549.8,4551.4,677
2026-05-18T23:30:00+05:30,4551.3,4552.4,4548,4549.4,634
2026-05-18T23:45:00+05:30,4549.2,4549.6,4540.3,4546.4,966
2026-05-19T00:00:00+05:30,4545.9,4548.2,4543.1,4545.9,646
2026-05-19T00:15:00+05:30,4545.5,4547.4,4538.3,4539.8,889
2026-05-19T00:30:00+05:30,4539.9,4569.5,4539.1,4558.5,3057
2026-05-19T00:45:00+05:30,4558.7,4560.2,4551,4556,1146
2026-05-19T01:00:00+05:30,4556,4565.8,4554.4,4562.5,884
2026-05-19T01:15:00+05:30,4562.3,4567.4,4562.1,4562.9,1209
2026-05-19T01:30:00+05:30,4563.3,4567.7,4562.4,4567.7,407
2026-05-19T01:45:00+05:30,4566.9,4571.6,4566.9,4567.3,443
2026-05-19T02:00:00+05:30,4568,4569.7,4566.2,4569.3,219
2026-05-19T02:15:00+05:30,4569.3,4571.2,4566.4,4570.8,215
2026-05-19T03:30:00+05:30,4570.6,4577.5,4570.6,4576.8,457
2026-05-19T03:45:00+05:30,4577.6,4578.7,4575.2,4576.9,345
2026-05-19T04:00:00+05:30,4577.1,4582.3,4575.6,4580.8,391
2026-05-19T04:15:00+05:30,4580.7,4581.1,4576.6,4578.2,132
2026-05-19T04:30:00+05:30,4578.2,4590.6,4577.9,4589.6,825
2026-05-19T04:45:00+05:30,4589.4,4593.2,4587.1,4589.6,535
2026-05-19T05:00:00+05:30,4589.8,4591.7,4586.7,4589,297
2026-05-19T05:15:00+05:30,4589.5,4590.2,4582.6,4585.5,445
2026-05-19T05:30:00+05:30,4585.4,4593.1,4580,4582.4,1132
2026-05-19T05:45:00+05:30,4582.2,4589.3,4572.2,4576.6,1047
2026-05-19T06:00:00+05:30,4577.3,4579.5,4571.4,4573.6,736
2026-05-19T06:15:00+05:30,4573.9,4575.5,4564.7,4566.3,865
2026-05-19T06:30:00+05:30,4565.6,4572.5,4560.7,4568.3,1310
2026-05-19T06:45:00+05:30,4569.3,4572,4557.6,4561.7,792
2026-05-19T07:00:00+05:30,4562,4575.4,4558.2,4573.9,755
2026-05-19T07:15:00+05:30,4574.3,4575.1,4564.7,4567,688
2026-05-19T07:30:00+05:30,4566.7,4566.7,4556.2,4557.6,1148
2026-05-19T07:45:00+05:30,4556.7,4565.3,4554.7,4562.8,834
2026-05-19T08:00:00+05:30,4562.7,4562.8,4553.7,4559.3,1044
2026-05-19T08:15:00+05:30,4559,4561.1,4548.6,4550.3,901
2026-05-19T08:30:00+05:30,4549.9,4555.7,4545.8,4554.9,1372
2026-05-19T08:45:00+05:30,4555,4556.1,4549.6,4552.3,393
2026-05-19T09:00:00+05:30,4552.6,4558.1,4550,4551,793
2026-05-19T09:15:00+05:30,4550.6,4552.7,4545.2,4548.2,968
2026-05-19T09:30:00+05:30,4547.8,4548.8,4541.9,4543.2,666
2026-05-19T09:45:00+05:30,4543.8,4546.4,4541.3,4543.3,620
2026-05-19T10:00:00+05:30,4543.8,4545.3,4540.9,4542.4,294
2026-05-19T10:15:00+05:30,4543,4546.9,4542.8,4545.4,360
2026-05-19T10:30:00+05:30,4545.6,4549.9,4542.7,4547.8,334
2026-05-19T10:45:00+05:30,4547.7,4548.1,4533.9,4541.7,1015
2026-05-19T11:00:00+05:30,4541.8,4547.2,4535.8,4541.7,990
2026-05-19T11:15:00+05:30,4541.3,4546.7,4536,4543.8,2038
2026-05-19T11:30:00+05:30,4543.7,4549.1,4536.5,4545.2,1110
2026-05-19T11:45:00+05:30,4545,4557.1,4544.1,4551,1913
2026-05-19T12:00:00+05:30,4549.8,4556,4547.7,4555.9,1165
2026-05-19T12:15:00+05:30,4555.6,4556.4,4546.2,4551.3,647
2026-05-19T12:30:00+05:30,4550.4,4558.9,4547.6,4551.1,1168
2026-05-19T12:45:00+05:30,4551.9,4553,4546.3,4551.5,688
2026-05-19T13:00:00+05:30,4551.5,4552.3,4544.7,4545.5,1056
2026-05-19T13:15:00+05:30,4545.4,4562.7,4545.4,4560.7,1533
2026-05-19T13:30:00+05:30,4560.7,4562.5,4545.8,4550,1438
2026-05-19T13:45:00+05:30,4550,4551.3,4539.1,4541.7,1232
2026-05-19T14:00:00+05:30,4541.7,4548.3,4540.3,4546.4,806
2026-05-19T14:15:00+05:30,4546.3,4551.9,4541.7,4546.4,1378
2026-05-19T14:30:00+05:30,4545.8,4545.8,4540,4542.6,627
2026-05-19T14:45:00+05:30,4542.6,4550,4538.8,4543.5,1115
2026-05-19T15:00:00+05:30,4543.6,4546.1,4539.6,4542.7,1099
2026-05-19T15:15:00+05:30,4542.5,4548.4,4541,4545,655
2026-05-19T15:30:00+05:30,4544.5,4545.9,4538.6,4544.5,881
2026-05-19T15:45:00+05:30,4545,4545,4541.3,4543.2,233
2026-05-19T16:00:00+05:30,4544.2,4546.6,4528.6,4532.7,1606
2026-05-19T16:15:00+05:30,4532.2,4548,4531.1,4547.9,1558
2026-05-19T16:30:00+05:30,4547.7,4551.5,4539.2,4540.1,1201
2026-05-19T16:45:00+05:30,4539.9,4545.8,4539.1,4542.7,694
2026-05-19T17:00:00+05:30,4542.4,4546.7,4540.2,4545.2,551
2026-05-19T17:15:00+05:30,4545.5,4545.7,4533.1,4534,923
2026-05-19T17:30:00+05:30,4533.8,4550,4530.3,4545.6,1475
2026-05-19T17:45:00+05:30,4545.9,4548.2,4540.1,4546.7,1115
2026-05-19T18:00:00+05:30,4546.7,4550.9,4540.3,4540.7,1235
2026-05-19T18:15:00+05:30,4541.1,4545.2,4539,4541.6,955
2026-05-19T18:30:00+05:30,4540.4,4541,4516.3,4527.3,4532
2026-05-19T18:45:00+05:30,4527.1,4529.2,4493,4494.4,7029
2026-05-19T19:00:00+05:30,4494.7,4498.1,4467.1,4478.5,10584
2026-05-19T19:15:00+05:30,4478.7,4513.9,4476.3,4506.7,7289
2026-05-19T19:30:00+05:30,4506.6,4517,4494.1,4495.7,5504
2026-05-19T19:45:00+05:30,4495.7,4503.5,4487,4492.7,3672
2026-05-19T20:00:00+05:30,4493,4501.9,4491.2,4497.4,3200
2026-05-19T20:15:00+05:30,4497.3,4500.3,4489.2,4496.9,1701
2026-05-19T20:30:00+05:30,4497.9,4503.4,4492.8,4502.6,1801
2026-05-19T20:45:00+05:30,4502.3,4508.6,4497.5,4503,1415
2026-05-19T21:00:00+05:30,4502,4511.3,4501.4,4505.5,1721
2026-05-19T21:15:00+05:30,4505.8,4512.9,4503.7,4511.7,891
2026-05-19T21:30:00+05:30,4512,4514,4499.5,4504.4,1185
2026-05-19T21:45:00+05:30,4504.5,4515.6,4501.9,4512.2,1014
2026-05-19T22:00:00+05:30,4512.5,4516,4508.9,4509.1,846
2026-05-19T22:15:00+05:30,4509.5,4512.8,4508.2,4511.2,578
2026-05-19T22:30:00+05:30,4511,4514.5,4509.4,4514.1,820
2026-05-19T22:45:00+05:30,4513.8,4514.6,4506.7,4510.5,1623
2026-05-19T23:00:00+05:30,4510.3,4511.8,4506,4507.9,1034
2026-05-19T23:15:00+05:30,4508.2,4508.2,4502.6,4504.6,442
2026-05-19T23:30:00+05:30,4504.5,4507.5,4503.2,4504.6,396
2026-05-19T23:45:00+05:30,4504.7,4505.5,4498.6,4499.4,726
2026-05-20T00:00:00+05:30,4499.3,4504,4496.5,4502.1,466
2026-05-20T00:15:00+05:30,4501.9,4503.2,4493.1,4496.8,537
2026-05-20T00:30:00+05:30,4496.4,4500.7,4496.2,4499.8,335
2026-05-20T00:45:00+05:30,4500.2,4500.2,4488.6,4490,878
2026-05-20T01:00:00+05:30,4490.6,4493.2,4489.3,4491.6,483
2026-05-20T01:15:00+05:30,4491.9,4492.3,4484.8,4487,888
2026-05-20T01:30:00+05:30,4486.9,4490.6,4484.3,4488.9,496
2026-05-20T01:45:00+05:30,4488.8,4491.9,4486.9,4489.4,231
2026-05-20T02:00:00+05:30,4489.7,4489.7,4485.1,4486.6,330
2026-05-20T02:15:00+05:30,4487.1,4487.7,4484.9,4485.4,374
2026-05-20T03:30:00+05:30,4486.6,4488.6,4482,4485.9,293
2026-05-20T03:45:00+05:30,4485.4,4485.5,4480.7,4482.2,196
2026-05-20T04:00:00+05:30,4482.2,4488.8,4480,4485.9,455
2026-05-20T04:15:00+05:30,4484.6,4487.6,4482.1,4487.6,253
2026-05-20T04:30:00+05:30,4486.5,4489.5,4482.9,4489.2,267
2026-05-20T04:45:00+05:30,4489.1,4492.1,4486,4488.9,391
2026-05-20T05:00:00+05:30,4489.4,4499.5,4488.4,4495.1,678
2026-05-20T05:15:00+05:30,4495,4498.2,4491.1,4491.8,605
2026-05-20T05:30:00+05:30,4492.2,4493.4,4482.2,4492.4,765
2026-05-20T05:45:00+05:30,4491.6,4505,4484,4504.8,1286
2026-05-20T06:00:00+05:30,4505,4510.4,4502.7,4507.8,830
2026-05-20T06:15:00+05:30,4507.5,4512,4500.9,4503.9,470
2026-05-20T06:30:00+05:30,4503.8,4509.3,4490.6,4495.1,1423
2026-05-20T06:45:00+05:30,4495.4,4499.3,4475.6,4476,1094
2026-05-20T07:00:00+05:30,4476.6,4479.9,4458,4469.8,2677
2026-05-20T07:15:00+05:30,4469.9,4490.9,4465.8,4484.3,1646
2026-05-20T07:30:00+05:30,4484,4489.5,4478.6,4483.7,738
2026-05-20T07:45:00+05:30,4483.9,4489.6,4478.7,4483.8,881
2026-05-20T08:00:00+05:30,4483.6,4485.7,4462.9,4463.1,1650
2026-05-20T08:15:00+05:30,4463.1,4468.2,4460.6,4467.2,1120
2026-05-20T08:30:00+05:30,4467.4,4469.2,4455,4459.3,1818
2026-05-20T08:45:00+05:30,4460.1,4466.1,4459.5,4463.1,517
2026-05-20T09:00:00+05:30,4463.9,4468.3,4459.7,4462.4,865
2026-05-20T09:15:00+05:30,4462.7,4467.3,4459.9,4466,488
2026-05-20T09:30:00+05:30,4465.8,4472.2,4465.4,4471.2,522
2026-05-20T09:45:00+05:30,4471.5,4472.5,4464,4467.1,672
2026-05-20T10:00:00+05:30,4467.4,4467.7,4462.2,4464.9,398
2026-05-20T10:15:00+05:30,4464.6,4465.1,4458.6,4464.2,569
2026-05-20T10:30:00+05:30,4464,4475.9,4463.8,4471.6,652
2026-05-20T10:45:00+05:30,4471.5,4477.9,4469.2,4470.6,848
2026-05-20T11:00:00+05:30,4470.9,4481.8,4470.1,4474.4,939
2026-05-20T11:15:00+05:30,4474.5,4477.2,4465.2,4475.2,847
2026-05-20T11:30:00+05:30,4474.8,4479.8,4469.8,4474,779
2026-05-20T11:45:00+05:30,4475,4480.7,4470.1,4474.4,1398
2026-05-20T12:00:00+05:30,4474.2,4475.1,4463.6,4469.3,919
2026-05-20T12:15:00+05:30,4469.6,4481.1,4467.9,4476.7,1290
2026-05-20T12:30:00+05:30,4476.4,4487.8,4474.5,4483.9,1389
2026-05-20T12:45:00+05:30,4483.4,4486.6,4479,4485.1,825
2026-05-20T13:00:00+05:30,4485.4,4488.7,4478.6,4483.7,1106
2026-05-20T13:15:00+05:30,4483.6,4484.3,4477.5,4480.9,823
2026-05-20T13:30:00+05:30,4481.1,4486.6,4479.1,4484.8,847
2026-05-20T13:45:00+05:30,4484.6,4489.4,4480.6,4489.4,1038
2026-05-20T14:00:00+05:30,4489.3,4492,4479.1,4482,784
2026-05-20T14:15:00+05:30,4481.9,4492.8,4481.9,4486.5,1082
2026-05-20T14:30:00+05:30,4486.2,4488.7,4482,4482.6,664
2026-05-20T14:45:00+05:30,4482.8,4486.1,4475.2,4476.4,1105
2026-05-20T15:00:00+05:30,4476.5,4487.5,4475.1,4485.7,1434
2026-05-20T15:15:00+05:30,4485.9,4494.2,4484.4,4487.5,1407
2026-05-20T15:30:00+05:30,4487.5,4494.9,4487.3,4490.9,677
2026-05-20T15:45:00+05:30,4490.8,4495.5,4490,4491.7,1003
2026-05-20T16:00:00+05:30,4491.4,4499.8,4491.1,4497,801
2026-05-20T16:15:00+05:30,4497.3,4498.6,4492.9,4497.1,795
2026-05-20T16:30:00+05:30,4497.5,4499.4,4495.1,4495.4,542
2026-05-20T16:45:00+05:30,4495.8,4503.7,4493.7,4502.8,823
2026-05-20T17:00:00+05:30,4502.1,4502.7,4495.9,4497.9,770
2026-05-20T17:15:00+05:30,4497.3,4501.6,4493.1,4501.2,839
2026-05-20T17:30:00+05:30,4501,4503.6,4498.1,4498.7,780
2026-05-20T17:45:00+05:30,4498.7,4502.3,4495.3,4502.3,1120
2026-05-20T18:00:00+05:30,4502.3,4507.3,4501.9,4505.4,1161
2026-05-20T18:15:00+05:30,4505.7,4508.1,4496.5,4499,1436
2026-05-20T18:30:00+05:30,4499,4509,4496.5,4507.9,2008
2026-05-20T18:45:00+05:30,4507.7,4508.1,4491.7,4491.9,1429
2026-05-20T19:00:00+05:30,4491.8,4495.8,4485.5,4492.8,2641
2026-05-20T19:15:00+05:30,4492.4,4495.3,4484.6,4485.7,1737
2026-05-20T19:30:00+05:30,4485.5,4488.1,4469.1,4479.5,3462
2026-05-20T19:45:00+05:30,4479.4,4514.1,4478.9,4509.5,6449
2026-05-20T20:00:00+05:30,4509.9,4531.9,4509.9,4523.8,5556
2026-05-20T20:15:00+05:30,4524,4540.5,4519.5,4534.4,3458
2026-05-20T20:30:00+05:30,4534.8,4539.2,4526.5,4527.8,2320
2026-05-20T20:45:00+05:30,4528.1,4558.4,4527.8,4532.9,5227
2026-05-20T21:00:00+05:30,4532.7,4542.8,4531,4540.3,1677
2026-05-20T21:15:00+05:30,4540.3,4541.2,4530.4,4532.1,1369
2026-05-20T21:30:00+05:30,4532.1,4538.8,4531.5,4537,1055
2026-05-20T21:45:00+05:30,4536.6,4536.6,4527.1,4529.3,1121
2026-05-20T22:00:00+05:30,4529.2,4537.1,4527.4,4537,1066
2026-05-20T22:15:00+05:30,4537.1,4538.8,4533.4,4537.5,790
2026-05-20T22:30:00+05:30,4537.7,4542,4534.2,4537.8,1492
2026-05-20T22:45:00+05:30,4537.8,4540.4,4534.2,4535.5,1699
2026-05-20T23:00:00+05:30,4535.8,4539.7,4533,4536.2,1188
2026-05-20T23:15:00+05:30,4536.3,4538.6,4533.5,4535.1,336
2026-05-20T23:30:00+05:30,4534.6,4537.7,4532.3,4536.4,525
2026-05-20T23:45:00+05:30,4536.4,4540,4535.2,4538.6,591
2026-05-21T00:00:00+05:30,4538.6,4546.9,4538.4,4540.7,1123
2026-05-21T00:15:00+05:30,4540.4,4548.5,4540.4,4545.6,461
2026-05-21T00:30:00+05:30,4545.8,4548.5,4544.9,4546.8,433
2026-05-21T00:45:00+05:30,4547.3,4549.3,4546.6,4548.1,447
2026-05-21T01:00:00+05:30,4548.3,4553.8,4547.6,4549.5,1123
2026-05-21T01:15:00+05:30,4549.7,4551.3,4547.9,4548.1,1176
2026-05-21T01:30:00+05:30,4548.4,4553.2,4548,4549.2,715
2026-05-21T01:45:00+05:30,4549.7,4551.2,4545.8,4548.6,573
2026-05-21T02:00:00+05:30,4549,4549.1,4545.2,4546.2,502
2026-05-21T02:15:00+05:30,4545.9,4547.3,4544.5,4546.2,412
2026-05-21T03:30:00+05:30,4548,4549.9,4539.5,4541.2,656
2026-05-21T03:45:00+05:30,4541.2,4541.2,4536,4540.1,408
2026-05-21T04:00:00+05:30,4540.5,4544.3,4540.2,4543,321
2026-05-21T04:15:00+05:30,4542.8,4545.6,4538.2,4541.2,752
2026-05-21T04:30:00+05:30,4540.9,4544.7,4538.9,4541.2,253
2026-05-21T04:45:00+05:30,4541.3,4541.6,4535.6,4539.4,363
2026-05-21T05:00:00+05:30,4539.6,4546.2,4538.9,4544.2,388
2026-05-21T05:15:00+05:30,4543.8,4548.6,4543.4,4548,259
2026-05-21T05:30:00+05:30,4548.3,4549.9,4541.4,4546.2,481
2026-05-21T05:45:00+05:30,4546.9,4554.6,4538.7,4545.2,988
2026-05-21T06:00:00+05:30,4545.6,4547.1,4541.4,4545.2,182
2026-05-21T06:15:00+05:30,4545.5,4550.2,4543.9,4547,321
2026-05-21T06:30:00+05:30,4548,4562.5,4541.4,4562.1,2055
2026-05-21T06:45:00+05:30,4562.1,4570.2,4558.9,4569.1,1527
2026-05-21T07:00:00+05:30,4568.7,4572.4,4563.6,4569.7,950
2026-05-21T07:15:00+05:30,4569.4,4570.1,4560.7,4562.9,623
2026-05-21T07:30:00+05:30,4562.6,4566.8,4552.6,4554.2,822
2026-05-21T07:45:00+05:30,4553.5,4555.1,4541.6,4542.1,886
2026-05-21T08:00:00+05:30,4541.8,4544.4,4535.7,4538,1045
2026-05-21T08:15:00+05:30,4537.8,4538.6,4533.2,4535.3,513
2026-05-21T08:30:00+05:30,4534.6,4540.5,4532.5,4539.3,672
2026-05-21T08:45:00+05:30,4539.4,4541.7,4534.7,4537.6,339
2026-05-21T09:00:00+05:30,4537.4,4539,4533.1,4535.3,350
2026-05-21T09:15:00+05:30,4535.7,4536,4528.3,4530,855
2026-05-21T09:30:00+05:30,4529.4,4537.6,4528.4,4537.5,468
2026-05-21T09:45:00+05:30,4537.8,4541.4,4535.7,4541,341
2026-05-21T10:00:00+05:30,4541.2,4541.6,4535.1,4538.3,327
2026-05-21T10:15:00+05:30,4538.2,4540.3,4536.5,4540,135
2026-05-21T10:30:00+05:30,4539.8,4541.6,4531,4532.4,348
2026-05-21T10:45:00+05:30,4531.9,4532.5,4522.8,4524,1205
2026-05-21T11:00:00+05:30,4524.5,4528.2,4519,4526.8,777
2026-05-21T11:15:00+05:30,4526.6,4531,4519.1,4528.9,689
2026-05-21T11:30:00+05:30,4528,4536.5,4527.5,4532.7,1012
2026-05-21T11:45:00+05:30,4532.1,4541.2,4529.3,4534.1,1384
2026-05-21T12:00:00+05:30,4534.1,4536.1,4523.9,4526,937
2026-05-21T12:15:00+05:30,4525.9,4527.4,4520,4523.1,789
2026-05-21T12:30:00+05:30,4522.9,4525.8,4518.8,4522.2,732
2026-05-21T12:45:00+05:30,4521.4,4524.5,4513.2,4514.2,1060
2026-05-21T13:00:00+05:30,4514.3,4519,4513.3,4517.4,653
2026-05-21T13:15:00+05:30,4517.6,4524.5,4515.4,4520.8,1066
2026-05-21T13:30:00+05:30,4520.9,4537.2,4519.2,4535.3,1262
2026-05-21T13:45:00+05:30,4535.8,4538.2,4530.2,4536.8,1092
2026-05-21T14:00:00+05:30,4536.9,4536.9,4528.1,4531.3,928
2026-05-21T14:15:00+05:30,4530.6,4536.1,4529.2,4534.3,507
2026-05-21T14:30:00+05:30,4533.7,4541.9,4533,4539,605
2026-05-21T14:45:00+05:30,4539.1,4543.9,4536.5,4538.4,1000
2026-05-21T15:00:00+05:30,4538,4544.2,4530.7,4531,1389
2026-05-21T15:15:00+05:30,4530.8,4534.3,4528.8,4531.7,528
2026-05-21T15:30:00+05:30,4531.6,4537.6,4531.1,4533.5,755
2026-05-21T15:45:00+05:30,4533.7,4536,4511.4,4519.3,1960
2026-05-21T16:00:00+05:30,4519.3,4519.4,4505.7,4518.4,2026
2026-05-21T16:15:00+05:30,4517.8,4518.8,4511.8,4511.9,782
2026-05-21T16:30:00+05:30,4512.3,4521.1,4511.4,4517.1,736
2026-05-21T16:45:00+05:30,4517.8,4522.5,4513.5,4515.2,910
2026-05-21T17:00:00+05:30,4515.3,4516.9,4508.8,4513.4,560
2026-05-21T17:15:00+05:30,4513,4518.3,4511.9,4515,514
2026-05-21T17:30:00+05:30,4515.2,4520.2,4514.8,4515.5,571
2026-05-21T17:45:00+05:30,4515.1,4515.5,4503.3,4507.5,1542
2026-05-21T18:00:00+05:30,4507.5,4518.8,4505.2,4516.1,2102
2026-05-21T18:15:00+05:30,4516.2,4519.1,4501.4,4505,1649
2026-05-21T18:30:00+05:30,4505.1,4513.7,4500,4502.8,2416
2026-05-21T18:45:00+05:30,4503,4506.6,4496,4502,1798
2026-05-21T19:00:00+05:30,4502.2,4503.5,4488.3,4498.7,3352
2026-05-21T19:15:00+05:30,4498.4,4522.3,4495.6,4513.7,4058
2026-05-21T19:30:00+05:30,4514.1,4516.7,4504.1,4509.5,3506
2026-05-21T19:45:00+05:30,4509.8,4510.8,4499.2,4508.9,1763
2026-05-21T20:00:00+05:30,4508.9,4512.7,4503.9,4506.1,1250
2026-05-21T20:15:00+05:30,4506.5,4512,4503.1,4510,1125
2026-05-21T20:30:00+05:30,4510.5,4517,4498,4511.3,1991
2026-05-21T20:45:00+05:30,4511.7,4513.1,4503.2,4504.6,969
2026-05-21T21:00:00+05:30,4504.4,4511.1,4503.7,4508.1,847
2026-05-21T21:15:00+05:30,4508.4,4513.9,4508.1,4513,714
2026-05-21T21:30:00+05:30,4513.2,4522.4,4513.1,4518.6,1883
2026-05-21T21:45:00+05:30,4518.7,4520,4515.8,4517.8,607
2026-05-21T22:00:00+05:30,4517.7,4520.7,4516.8,4519.3,556
2026-05-21T22:15:00+05:30,4519.2,4521.9,4517.5,4520.7,602
2026-05-21T22:30:00+05:30,4521,4533,4515,4527.7,2724
2026-05-21T22:45:00+05:30,4527.7,4548.1,4527.6,4543.4,4662
2026-05-21T23:00:00+05:30,4543.3,4550.9,4540.3,4550,1882
2026-05-21T23:15:00+05:30,4550.4,4561.2,4546.5,4553.1,1684
2026-05-21T23:30:00+05:30,4553,4557.8,4544.5,4547.2,1555
2026-05-21T23:45:00+05:30,4547.3,4552.3,4545.9,4549.9,710
2026-05-22T00:00:00+05:30,4549.7,4551.1,4544.2,4547,582
2026-05-22T00:15:00+05:30,4546.6,4547.5,4528.6,4533.7,2069
2026-05-22T00:30:00+05:30,4533.4,4539.4,4531.3,4538.8,782
2026-05-22T00:45:00+05:30,4539.5,4543.5,4539,4540.2,565
2026-05-22T01:00:00+05:30,4540.1,4544.4,4539.8,4540.3,400
2026-05-22T01:15:00+05:30,4540.5,4545,4535.5,4544.1,1273
2026-05-22T01:30:00+05:30,4543.9,4545.9,4542,4543.3,397
2026-05-22T01:45:00+05:30,4542.9,4543.4,4540.9,4542.4,89
2026-05-22T02:00:00+05:30,4542.5,4543.3,4541.3,4541.7,135
2026-05-22T02:15:00+05:30,4541.5,4544.7,4540.8,4544.2,226
2026-05-22T03:30:00+05:30,4544.2,4547,4540.4,4543,300
2026-05-22T03:45:00+05:30,4542.6,4543.7,4540.5,4541.2,89
2026-05-22T04:00:00+05:30,4542.1,4544.7,4540.8,4543.3,129
2026-05-22T04:15:00+05:30,4543.7,4544.1,4541.7,4544.1,62
2026-05-22T04:30:00+05:30,4544.4,4545.8,4543.2,4544.2,84
2026-05-22T04:45:00+05:30,4544.4,4545.3,4535.6,4541.3,189
2026-05-22T05:00:00+05:30,4540.8,4540.8,4533.4,4533.5,237
2026-05-22T05:15:00+05:30,4533.9,4537.1,4532.7,4536,387
2026-05-22T05:30:00+05:30,4536.2,4537.6,4531.5,4532,218
2026-05-22T05:45:00+05:30,4532.3,4538.3,4530.9,4537.6,261
2026-05-22T06:00:00+05:30,4537.8,4541.9,4536.8,4538.7,403
2026-05-22T06:15:00+05:30,4539.4,4539.4,4526.5,4528.4,612
2026-05-22T06:30:00+05:30,4527.6,4537.3,4524.1,4530.9,995
2026-05-22T06:45:00+05:30,4530.9,4534.5,4527.3,4530,388
2026-05-22T07:00:00+05:30,4529,4530.6,4521.7,4526.1,703
2026-05-22T07:15:00+05:30,4525.7,4533.5,4525.7,4526.7,355
2026-05-22T07:30:00+05:30,4526.9,4530.4,4522.4,4528.8,558
2026-05-22T07:45:00+05:30,4528.9,4529.6,4523.2,4525.4,236
2026-05-22T08:00:00+05:30,4524.8,4525.5,4519.4,4524.2,550
2026-05-22T08:15:00+05:30,4524.1,4528.2,4520.4,4523.8,425
2026-05-22T08:30:00+05:30,4523.9,4526,4521.2,4521.4,353
2026-05-22T08:45:00+05:30,4521.4,4523.6,4519.7,4522.4,370
2026-05-22T09:00:00+05:30,4522.7,4528.4,4522.3,4527.3,687
2026-05-22T09:15:00+05:30,4527.9,4530.5,4527.2,4530.5,269
2026-05-22T09:30:00+05:30,4530.6,4531.3,4528.7,4530.3,316
2026-05-22T09:45:00+05:30,4530.3,4533.8,4528.4,4533.2,235
2026-05-22T10:00:00+05:30,4533.2,4533.8,4526.6,4530.3,331
2026-05-22T10:15:00+05:30,4529.8,4531.2,4528,4528.1,130
2026-05-22T10:30:00+05:30,4528.4,4530.5,4524.3,4526.5,298
2026-05-22T10:45:00+05:30,4526.1,4529.8,4524.5,4527.4,374
2026-05-22T11:00:00+05:30,4526.4,4535.3,4526,4534.7,581
2026-05-22T11:15:00+05:30,4535,4535.4,4508.2,4512.4,1483
2026-05-22T11:30:00+05:30,4511.9,4525,4511.1,4522.5,1252
2026-05-22T11:45:00+05:30,4522.2,4527,4517.1,4525.9,853
2026-05-22T12:00:00+05:30,4526,4528.3,4522.3,4527.6,543
2026-05-22T12:15:00+05:30,4527.6,4529.6,4524.7,4527.7,734
2026-05-22T12:30:00+05:30,4527.2,4527.7,4521.6,4523.2,787
2026-05-22T12:45:00+05:30,4523.2,4528.2,4522.7,4526.2,426
2026-05-22T13:00:00+05:30,4526.5,4526.5,4516.7,4520.8,630
2026-05-22T13:15:00+05:30,4520.3,4524.1,4518.3,4522.7,469
2026-05-22T13:30:00+05:30,4522.7,4530.7,4522.5,4525.3,720
2026-05-22T13:45:00+05:30,4525.5,4531.9,4524.5,4527.4,778
2026-05-22T14:00:00+05:30,4528,4528,4516.9,4523.1,965
2026-05-22T14:15:00+05:30,4523.5,4526,4522.3,4522.9,343
2026-05-22T14:30:00+05:30,4522.4,4526.3,4517.5,4517.9,764
2026-05-22T14:45:00+05:30,4517.6,4521.1,4515.8,4518.2,701
2026-05-22T15:00:00+05:30,4518.1,4527,4515,4525.5,1259
2026-05-22T15:15:00+05:30,4526,4536.7,4524.9,4532.9,1403
2026-05-22T15:30:00+05:30,4532.9,4537.6,4530.3,4534.6,939
2026-05-22T15:45:00+05:30,4534.8,4535.1,4525.4,4525.8,805
2026-05-22T16:00:00+05:30,4525.4,4526.2,4513.5,4513.6,1598
2026-05-22T16:15:00+05:30,4513.7,4516.3,4511.4,4515.5,892
2026-05-22T16:30:00+05:30,4515.7,4518.2,4514.5,4516.7,571
2026-05-22T16:45:00+05:30,4516.4,4516.4,4512.3,4512.6,433
2026-05-22T17:00:00+05:30,4512.5,4524,4512,4522.5,755
2026-05-22T17:15:00+05:30,4522.7,4525.8,4520.6,4521.5,601
2026-05-22T17:30:00+05:30,4521.1,4532.4,4519,4530.5,1545
2026-05-22T17:45:00+05:30,4530.4,4537.4,4521.6,4522.6,2446
2026-05-22T18:00:00+05:30,4522.8,4524.7,4515.7,4519.6,1254
2026-05-22T18:15:00+05:30,4519.5,4529.7,4518.4,4529.5,827
2026-05-22T18:30:00+05:30,4529.6,4535.7,4521.6,4529.1,2096
2026-05-22T18:45:00+05:30,4529.4,4531,4521.8,4522.9,945
2026-05-22T19:00:00+05:30,4522.6,4528.1,4511.2,4518.4,2310
2026-05-22T19:15:00+05:30,4518,4519.7,4510,4514.5,1589
2026-05-22T19:30:00+05:30,4514.5,4515,4488,4498,3988
2026-05-22T19:45:00+05:30,4497.8,4501.4,4488.9,4499.1,2766
2026-05-22T20:00:00+05:30,4499.7,4507.4,4497.8,4505.1,1961
2026-05-22T20:15:00+05:30,4504.9,4508.3,4501.2,4501.4,956
2026-05-22T20:30:00+05:30,4501.6,4512.8,4501,4511.6,1195
2026-05-22T20:45:00+05:30,4512,4519.9,4511.6,4519.9,1667
2026-05-22T21:00:00+05:30,4520,4522.9,4518,4518.8,1232
2026-05-22T21:15:00+05:30,4519.2,4523.2,4515.4,4521,1472
2026-05-22T21:30:00+05:30,4521.3,4521.6,4517.9,4520.4,856
2026-05-22T21:45:00+05:30,4520.3,4526,4517.7,4525.4,991
2026-05-22T22:00:00+05:30,4525.1,4528.4,4512.8,4516,1222
2026-05-22T22:15:00+05:30,4515.9,4519.5,4513.6,4516.3,827
2026-05-22T22:30:00+05:30,4516.5,4522.9,4516.2,4520.8,821
2026-05-22T22:45:00+05:30,4520.8,4527.6,4514.5,4526.9,2864
2026-05-22T23:00:00+05:30,4526.8,4529.9,4521.1,4523.4,1314
2026-05-22T23:15:00+05:30,4523.9,4524.2,4520.1,4520.2,436
2026-05-22T23:30:00+05:30,4520.5,4521,4513.5,4515.7,989
2026-05-22T23:45:00+05:30,4515.4,4519.6,4514,4517.2,493
2026-05-23T00:00:00+05:30,4517,4522.7,4515.7,4516.8,766
2026-05-23T00:15:00+05:30,4517.2,4517.9,4514.6,4517,656
2026-05-23T00:30:00+05:30,4516.9,4517.7,4508.7,4509,1175
2026-05-23T00:45:00+05:30,4509,4511,4508,4508.7,395
2026-05-23T01:00:00+05:30,4509.1,4512.6,4505.6,4511.4,1083
2026-05-23T01:15:00+05:30,4511.3,4511.5,4508.3,4510,657
2026-05-23T01:30:00+05:30,4510.1,4510.9,4505.9,4509.7,392
2026-05-23T01:45:00+05:30,4509.8,4511.9,4508.3,4511.9,190
2026-05-23T02:00:00+05:30,4511.6,4512,4505.8,4506.2,417
2026-05-23T02:15:00+05:30,4506.4,4511.5,4505.4,4510.5,425
2026-05-25T03:30:00+05:30,4532,4560.3,4531.3,4557.6,2770
2026-05-25T03:45:00+05:30,4557.7,4558.3,4550.8,4553.9,893
2026-05-25T04:00:00+05:30,4553.7,4563.1,4553.6,4560.1,726
2026-05-25T04:15:00+05:30,4560.6,4567.7,4560,4567.6,456
2026-05-25T04:30:00+05:30,4567.6,4578.9,4567.6,4576.4,1163
2026-05-25T04:45:00+05:30,4576.7,4580.4,4575.7,4577.3,648
2026-05-25T05:00:00+05:30,4577.4,4582.6,4577.3,4579.1,671
2026-05-25T05:15:00+05:30,4579.5,4580.1,4567.3,4569.1,776
2026-05-25T05:30:00+05:30,4569.1,4577.9,4568.5,4574.4,748
2026-05-25T05:45:00+05:30,4574.9,4577.6,4571.4,4574.3,414
2026-05-25T06:00:00+05:30,4574.4,4577.3,4572.3,4573,377
2026-05-25T06:15:00+05:30,4573.7,4581.5,4566.9,4571.2,788
2026-05-25T06:30:00+05:30,4570.8,4577.8,4561.7,4567.2,1227
2026-05-25T06:45:00+05:30,4567.5,4576.7,4563.6,4574.7,777
2026-05-25T07:00:00+05:30,4574.9,4575.7,4564.4,4564.4,414
2026-05-25T07:15:00+05:30,4564,4568,4561.1,4563.4,764
2026-05-25T07:30:00+05:30,4563.8,4569.4,4561.8,4562.8,431
2026-05-25T07:45:00+05:30,4562.6,4564.2,4559.4,4563.5,333
2026-05-25T08:00:00+05:30,4563.6,4570.5,4562.4,4570.5,599
2026-05-25T08:15:00+05:30,4570.2,4571.2,4559.7,4562,726
2026-05-25T08:30:00+05:30,4562.5,4565,4560.7,4563.6,429
2026-05-25T08:45:00+05:30,4563.7,4565.2,4560.9,4561.1,349
2026-05-25T09:00:00+05:30,4561.2,4564.7,4558.4,4559.3,426
2026-05-25T09:15:00+05:30,4559.2,4561.9,4557.3,4560.4,356
2026-05-25T09:30:00+05:30,4560.3,4563.4,4560.1,4561.4,280
2026-05-25T09:45:00+05:30,4561.4,4566.6,4560.8,4565.8,291
2026-05-25T10:00:00+05:30,4566,4566.1,4560.4,4563.1,502
2026-05-25T10:15:00+05:30,4563.2,4566.8,4563.1,4566,234
2026-05-25T10:30:00+05:30,4566.1,4567.2,4564,4564.5,315
2026-05-25T10:45:00+05:30,4564.5,4564.6,4555.1,4555.2,502
2026-05-25T11:00:00+05:30,4555.6,4562,4553.9,4558.2,793
2026-05-25T11:15:00+05:30,4558.1,4559.2,4553.2,4554.6,453
2026-05-25T11:30:00+05:30,4553.9,4556.9,4551.3,4554.9,506
2026-05-25T11:45:00+05:30,4555.2,4558.5,4553.1,4555.1,345
2026-05-25T12:00:00+05:30,4555.2,4558.4,4554.7,4557.4,312
2026-05-25T12:15:00+05:30,4557.5,4564.1,4557.3,4563.3,738
2026-05-25T12:30:00+05:30,4563.5,4565.5,4561.4,4562,599
2026-05-25T12:45:00+05:30,4561.7,4562.2,4553.3,4555.5,1373
2026-05-25T13:00:00+05:30,4555.4,4563.2,4555.3,4561.2,619
2026-05-25T13:15:00+05:30,4561,4566.8,4559.8,4566,460
2026-05-25T13:30:00+05:30,4566.2,4566.6,4561.1,4562.5,595
2026-05-25T13:45:00+05:30,4562.3,4562.6,4555.2,4556.1,1098
2026-05-25T14:00:00+05:30,4556.6,4559.5,4554.9,4556.1,572
2026-05-25T14:15:00+05:30,4556.2,4558.1,4555,4557.6,470
2026-05-25T14:30:00+05:30,4557.5,4560.2,4556.5,4557.2,393
2026-05-25T14:45:00+05:30,4557,4560.6,4557,4560.6,303
2026-05-25T15:00:00+05:30,4560.6,4567.7,4559.9,4567.3,1030
2026-05-25T15:15:00+05:30,4567,4570.6,4566.1,4569.4,546
2026-05-25T15:30:00+05:30,4569.4,4574.4,4569.1,4573.4,577
2026-05-25T15:45:00+05:30,4573.8,4575.3,4571.5,4572.3,474
2026-05-25T16:00:00+05:30,4572.2,4574.9,4570.2,4572.1,890
2026-05-25T16:15:00+05:30,4572.2,4574.2,4570.5,4570.7,324
2026-05-25T16:30:00+05:30,4570.4,4574.1,4569.3,4574,322
2026-05-25T16:45:00+05:30,4574.2,4577.6,4571.5,4573.5,749
2026-05-25T17:00:00+05:30,4573.7,4578.3,4573.7,4576.3,467
2026-05-25T17:15:00+05:30,4576.9,4579,4571.2,4571.2,579
2026-05-25T17:30:00+05:30,4570.9,4571.2,4557.5,4558.1,1871
2026-05-25T17:45:00+05:30,4558,4562.3,4554.4,4561.9,1359
2026-05-25T18:00:00+05:30,4562,4572,4561.4,4568.3,1005
2026-05-25T18:15:00+05:30,4568.5,4570.5,4565.9,4569.6,478
2026-05-25T18:30:00+05:30,4569.4,4573.4,4563.4,4566,1012
2026-05-25T18:45:00+05:30,4565.8,4566.3,4562.2,4563.3,487
2026-05-25T19:00:00+05:30,4563.3,4567.4,4563.1,4566.6,240
2026-05-25T19:15:00+05:30,4566.8,4566.8,4561.8,4564.8,326
2026-05-25T19:30:00+05:30,4564.6,4571.8,4564.3,4569.3,975
2026-05-25T19:45:00+05:30,4569.2,4572.4,4569,4569.5,277
2026-05-25T20:00:00+05:30,4569.5,4570.1,4566.7,4568.4,434
2026-05-25T20:15:00+05:30,4568.7,4570.6,4567.1,4568.3,513
2026-05-25T20:30:00+05:30,4568.3,4575.8,4567.4,4571.8,740
2026-05-25T20:45:00+05:30,4572.1,4576.8,4569.7,4575.3,844
2026-05-25T21:00:00+05:30,4575,4575.2,4568.5,4570.5,467
2026-05-25T21:15:00+05:30,4570.6,4574.5,4570.5,4572.7,281
2026-05-25T21:30:00+05:30,4572.9,4572.9,4570.3,4572.2,206
2026-05-25T21:45:00+05:30,4572.2,4572.5,4569.9,4570,108
2026-05-25T22:00:00+05:30,4569.9,4574.5,4569.9,4574.3,231
2026-05-25T22:15:00+05:30,4574.3,4576.7,4572.8,4575.7,427
2026-05-25T22:30:00+05:30,4576,4581,4575.4,4576.6,684
2026-05-25T22:45:00+05:30,4576.4,4577,4572.7,4573.9,198
2026-05-25T23:00:00+05:30,4573.8,4573.8,4568.8,4568.9,310
2026-05-25T23:15:00+05:30,4569.1,4569.1,4565.6,4567.5,328
2026-05-25T23:30:00+05:30,4567.5,4573.9,4566.6,4571.4,176
2026-05-25T23:45:00+05:30,4571.4,4573.6,4569.8,4573.6,152
2026-05-26T03:30:00+05:30,4571.6,4576.1,4571.3,4574.9,496
2026-05-26T03:45:00+05:30,4575.5,4577.6,4574.7,4575,194
2026-05-26T04:00:00+05:30,4574.4,4577.3,4571.3,4575.9,349
2026-05-26T04:15:00+05:30,4575.5,4578.6,4575.4,4577.2,117
2026-05-26T04:30:00+05:30,4577.2,4582,4575.6,4581.4,452
2026-05-26T04:45:00+05:30,4581.4,4583.3,4569.2,4570.4,689
2026-05-26T05:00:00+05:30,4570.5,4570.9,4556.8,4559,1108
2026-05-26T05:15:00+05:30,4559.1,4565,4558.8,4561.3,555
2026-05-26T05:30:00+05:30,4561.7,4562.1,4549,4553,1345
2026-05-26T05:45:00+05:30,4553.7,4554.6,4542.3,4550.6,958
2026-05-26T06:00:00+05:30,4550.5,4554,4544.3,4549.4,502
2026-05-26T06:15:00+05:30,4548.1,4552.6,4540.8,4550.7,731
2026-05-26T06:30:00+05:30,4550.7,4552.2,4542.5,4550.1,918
2026-05-26T06:45:00+05:30,4549.6,4549.7,4542.7,4544.8,497
2026-05-26T07:00:00+05:30,4544.8,4544.8,4528.1,4533.2,1787
2026-05-26T07:15:00+05:30,4532.3,4538.3,4532.3,4538,807
2026-05-26T07:30:00+05:30,4538.2,4540.6,4536.3,4539.3,413
2026-05-26T07:45:00+05:30,4539.8,4540.1,4537.3,4537.7,432
2026-05-26T08:00:00+05:30,4537.8,4539.6,4534.2,4534.7,833
2026-05-26T08:15:00+05:30,4534.9,4535.5,4530.7,4532.8,808
2026-05-26T08:30:00+05:30,4533,4539.1,4533,4537.7,617
2026-05-26T08:45:00+05:30,4537.5,4544.3,4537.4,4542.7,656
2026-05-26T09:00:00+05:30,4542.7,4546,4541.4,4542,666
2026-05-26T09:15:00+05:30,4541.6,4544.5,4541.2,4542.9,407
2026-05-26T09:30:00+05:30,4542.7,4543.6,4536.3,4538.3,486
2026-05-26T09:45:00+05:30,4538.1,4540.2,4533,4533,415
2026-05-26T10:00:00+05:30,4533.2,4533.8,4525.6,4526.8,838
2026-05-26T10:15:00+05:30,4526.6,4529.6,4523.9,4526.1,480
2026-05-26T10:30:00+05:30,4525.8,4531.8,4523.4,4529.7,642
2026-05-26T10:45:00+05:30,4529.7,4531.9,4529.2,4531.8,322
2026-05-26T11:00:00+05:30,4531.5,4535.6,4528.3,4529.9,807
2026-05-26T11:15:00+05:30,4529.6,4530.2,4524,4527.8,694
2026-05-26T11:30:00+05:30,4527.9,4533.2,4527.4,4532,563
2026-05-26T11:45:00+05:30,4532,4536.7,4528.5,4530.8,1226
2026-05-26T12:00:00+05:30,4530.7,4534.4,4529.3,4534.3,689
2026-05-26T12:15:00+05:30,4534.3,4534.5,4529.2,4531.8,1018
2026-05-26T12:30:00+05:30,4531.9,4534.6,4526.1,4529,1364
2026-05-26T12:45:00+05:30,4528.6,4531.9,4522.3,4530,727
2026-05-26T13:00:00+05:30,4530.1,4530.1,4521.8,4527,799
2026-05-26T13:15:00+05:30,4527.4,4539.9,4526.1,4538.6,1057
2026-05-26T13:30:00+05:30,4539,4539.6,4527,4527.7,1084
2026-05-26T13:45:00+05:30,4528,4530.2,4520.7,4522.9,844
2026-05-26T14:00:00+05:30,4522.4,4526.7,4520.2,4525.6,667
2026-05-26T14:15:00+05:30,4525.5,4527.9,4520.4,4524.7,595
2026-05-26T14:30:00+05:30,4524.3,4525.5,4519.3,4520.7,551
2026-05-26T14:45:00+05:30,4520.6,4527.2,4518.2,4525.2,1142
2026-05-26T15:00:00+05:30,4525.3,4525.3,4512.3,4513.6,1841
2026-05-26T15:15:00+05:30,4513.4,4523.9,4513.3,4523.1,1130
2026-05-26T15:30:00+05:30,4523,4532.7,4519.5,4529.5,1684
2026-05-26T15:45:00+05:30,4529.8,4535.9,4527.8,4533.9,1457
2026-05-26T16:00:00+05:30,4534,4539.3,4531.8,4533.6,1261
2026-05-26T16:15:00+05:30,4533.8,4540.9,4533.7,4534.9,1317
2026-05-26T16:30:00+05:30,4535.1,4537,4532.1,4532.1,364
2026-05-26T16:45:00+05:30,4532.5,4533.2,4522.9,4523.7,1976
2026-05-26T17:00:00+05:30,4523.9,4524,4504.3,4510.1,4691
2026-05-26T17:15:00+05:30,4509.8,4515.8,4503,4507.5,2267
2026-05-26T17:30:00+05:30,4507.1,4512.6,4503.9,4510.5,2577
2026-05-26T17:45:00+05:30,4510.1,4515.9,4503.8,4506.3,2317
2026-05-26T18:00:00+05:30,4506,4512,4500.2,4512,2433
2026-05-26T18:15:00+05:30,4512.1,4524.3,4510.3,4520.7,2174
2026-05-26T18:30:00+05:30,4520.6,4526.8,4516.5,4518.6,1751
2026-05-26T18:45:00+05:30,4518.9,4528.5,4518.6,4522.7,1498
2026-05-26T19:00:00+05:30,4523,4532.3,4521.5,4528,1890
2026-05-26T19:15:00+05:30,4528.1,4530.1,4512.6,4514.6,2347
2026-05-26T19:30:00+05:30,4515.1,4521.3,4508.3,4511.2,2369
2026-05-26T19:45:00+05:30,4511.3,4518.8,4509.2,4518.1,1119
2026-05-26T20:00:00+05:30,4518.1,4525.6,4517.2,4522,1485
2026-05-26T20:15:00+05:30,4521.9,4522.9,4512.9,4515.6,1015
2026-05-26T20:30:00+05:30,4515.6,4515.8,4508.4,4509.7,1488
2026-05-26T20:45:00+05:30,4509.6,4511.2,4505.2,4506.2,1483
2026-05-26T21:00:00+05:30,4506.7,4509.5,4502.5,4508.7,1539
2026-05-26T21:15:00+05:30,4508.5,4511.3,4506.2,4506.7,1030
2026-05-26T21:30:00+05:30,4506.5,4508.6,4499.3,4502,1483
2026-05-26T21:45:00+05:30,4501.8,4509.4,4499.6,4508.6,1611
2026-05-26T22:00:00+05:30,4508.7,4512,4506.5,4506.9,1083
2026-05-26T22:15:00+05:30,4506.9,4508.2,4503.1,4505.2,567
2026-05-26T22:30:00+05:30,4504.9,4507.9,4503.5,4503.8,547
2026-05-26T22:45:00+05:30,4503.8,4508.9,4500.7,4501.4,2752
2026-05-26T23:00:00+05:30,4501.6,4502,4494.6,4498.5,2930
2026-05-26T23:15:00+05:30,4498.4,4501.1,4487.4,4490,2847
2026-05-26T23:30:00+05:30,4490,4492.8,4480,4486.5,3471
2026-05-26T23:45:00+05:30,4486.7,4495.6,4485.7,4494.6,1119
2026-05-27T00:00:00+05:30,4494.6,4497.9,4493.7,4495.6,529
2026-05-27T00:15:00+05:30,4495.5,4499.2,4495.5,4498.7,457
2026-05-27T00:30:00+05:30,4499,4500.7,4497.2,4499.3,496
2026-05-27T00:45:00+05:30,4499.2,4505,4499,4502.1,1061
2026-05-27T01:00:00+05:30,4502,4505.7,4500.4,4504.4,648
2026-05-27T01:15:00+05:30,4504.7,4509.8,4503.7,4508.7,1118
2026-05-27T01:30:00+05:30,4509,4511.8,4506.1,4507.8,484
2026-05-27T01:45:00+05:30,4508.2,4509.9,4506.3,4506.6,234
2026-05-27T02:00:00+05:30,4507.1,4510,4506,4508.9,212
2026-05-27T02:15:00+05:30,4509.1,4510.5,4504.3,4507.3,488
2026-05-27T03:30:00+05:30,4507.4,4509.9,4503.3,4505,283
2026-05-27T03:45:00+05:30,4505.4,4510.9,4504.3,4505.8,160
2026-05-27T04:00:00+05:30,4506.3,4506.9,4498.9,4501.3,230
2026-05-27T04:15:00+05:30,4502,4512.7,4499.9,4510.9,166
2026-05-27T04:30:00+05:30,4512.3,4514.1,4507.4,4508.7,115
2026-05-27T04:45:00+05:30,4509.4,4511.8,4504.7,4511.8,118
2026-05-27T05:00:00+05:30,4512,4526.8,4511,4526,323
2026-05-27T05:15:00+05:30,4526.8,4528.1,4519.2,4519.6,212
2026-05-27T05:30:00+05:30,4517.4,4525.8,4517,4521.9,89
2026-05-27T05:45:00+05:30,4520.9,4521.5,4513.6,4517.8,110
2026-05-27T06:00:00+05:30,4517.5,4520.3,4516.3,4518,105
2026-05-27T06:15:00+05:30,4519.2,4521.7,4514.6,4514.6,103
2026-05-27T06:30:00+05:30,4516.8,4520.3,4512.1,4519,259
2026-05-27T06:45:00+05:30,4519.3,4520.2,4514,4515.4,147
2026-05-27T07:00:00+05:30,4514.4,4516.3,4508.6,4509.3,126
2026-05-27T07:15:00+05:30,4508.9,4509.4,4506.2,4507.5,126
2026-05-27T07:30:00+05:30,4508.6,4508.6,4501.6,4502.4,159
2026-05-27T07:45:00+05:30,4503.7,4505.1,4498.4,4505.1,175
2026-05-27T08:00:00+05:30,4505.1,4505.3,4498.1,4500.3,117
2026-05-27T08:15:00+05:30,4498.9,4506.4,4497.8,4505.2,87
2026-05-27T08:30:00+05:30,4505.3,4509.4,4505.2,4508.9,54
2026-05-27T08:45:00+05:30,4508.7,4510.4,4504.7,4504.8,80
2026-05-27T09:00:00+05:30,4505.1,4505.5,4501,4503,64
2026-05-27T09:15:00+05:30,4502.7,4503.9,4495.8,4495.8,81
2026-05-27T09:30:00+05:30,4496,4502.1,4494.8,4501.4,93
2026-05-27T09:45:00+05:30,4501.5,4501.9,4498.7,4499.4,90
2026-05-27T10:00:00+05:30,4498.3,4507.7,4496.9,4507.7,133
2026-05-27T10:15:00+05:30,4507.4,4516.2,4507.4,4509.3,235
2026-05-27T10:30:00+05:30,4508.8,4512.8,4507.9,4508,119
2026-05-27T10:45:00+05:30,4506.1,4506.4,4503.4,4505.8,154
2026-05-27T11:00:00+05:30,4506.8,4506.9,4491,4492.5,333
2026-05-27T11:15:00+05:30,4491.7,4500.5,4490.5,4496.5,241
2026-05-27T11:30:00+05:30,4496.4,4497.8,4492.3,4492.9,262
2026-05-27T11:45:00+05:30,4493,4494.8,4483,4486.5,415
2026-05-27T12:00:00+05:30,4485.5,4487.1,4478.5,4486.6,343
2026-05-27T12:15:00+05:30,4486.7,4489.4,4483,4484.5,242
2026-05-27T12:30:00+05:30,4485.3,4487.5,4479.7,4479.8,146
2026-05-27T12:45:00+05:30,4479.5,4488.1,4479.5,4485.5,236
2026-05-27T13:00:00+05:30,4485.4,4487.9,4480.3,4481.9,140
2026-05-27T13:15:00+05:30,4481.5,4483,4473.4,4480.7,482
2026-05-27T13:30:00+05:30,4480.1,4487.9,4479.5,4484.7,306
2026-05-27T13:45:00+05:30,4484.8,4490.4,4484.7,4487.5,186
2026-05-27T14:00:00+05:30,4487.4,4495.3,4484.6,4494.2,244
2026-05-27T14:15:00+05:30,4494.7,4496.7,4491.9,4494.9,124
2026-05-27T14:30:00+05:30,4494.9,4495.7,4487.1,4491,153
2026-05-27T14:45:00+05:30,4490.8,4493.7,4487.5,4487.9,207
2026-05-27T15:00:00+05:30,4488.6,4490.8,4485.1,4487.6,181
2026-05-27T15:15:00+05:30,4487.3,4491.7,4487.3,4488.9,80
2026-05-27T15:30:00+05:30,4488.9,4489.3,4483,4483.6,231
2026-05-27T15:45:00+05:30,4484.3,4484.4,4475.2,4477.1,447
2026-05-27T16:00:00+05:30,4475.7,4475.7,4459.6,4463.2,751
2026-05-27T16:15:00+05:30,4463.1,4464.2,4440,4446.6,1890
2026-05-27T16:30:00+05:30,4443.2,4450.3,4441,4448,966
2026-05-27T16:45:00+05:30,4448.8,4449.9,4437.6,4438.9,539
2026-05-27T17:00:00+05:30,4437.9,4441.5,4429.6,4440.2,440
2026-05-27T17:15:00+05:30,4441.5,4442,4421.8,4425.6,552
2026-05-27T17:30:00+05:30,4426,4434.9,4425.9,4427.7,1040
2026-05-27T17:45:00+05:30,4428,4463.4,4425.3,4452.1,1136
2026-05-27T18:00:00+05:30,4453.3,4456.9,4442.4,4444.3,406
2026-05-27T18:15:00+05:30,4443.7,4444.8,4435.7,4436.5,595
2026-05-27T18:30:00+05:30,4436.3,4437.1,4409.6,4414.5,1163
2026-05-27T18:45:00+05:30,4414.4,4419,4398.5,4401.6,1316
2026-05-27T19:00:00+05:30,4401.4,4423.2,4401.4,4417.7,1064
2026-05-27T19:15:00+05:30,4417.2,4432.5,4417.1,4424.7,426
2026-05-27T19:30:00+05:30,4425.8,4454.3,4424.8,4446,650
2026-05-27T19:45:00+05:30,4446.6,4453.3,4439,4444.2,297
2026-05-27T20:00:00+05:30,4443.9,4447.8,4433.9,4441.9,411
2026-05-27T20:15:00+05:30,4442.4,4444,4432.3,4433,230
2026-05-27T20:30:00+05:30,4433.4,4436.5,4426.7,4429.8,233
2026-05-27T20:45:00+05:30,4428.3,4434.6,4428.3,4434.6,187
2026-05-27T21:00:00+05:30,4435.7,4439.6,4432,4432.2,178
2026-05-27T21:15:00+05:30,4433.2,4436.8,4429.4,4435.1,171
2026-05-27T21:30:00+05:30,4434.4,4440.2,4433.1,4438.7,154
2026-05-27T21:45:00+05:30,4439.2,4446.1,4439.2,4445.4,85
2026-05-27T22:00:00+05:30,4445.7,4451.5,4443.7,4449.1,121
2026-05-27T22:15:00+05:30,4449.5,4451.1,4447.9,4449.4,113
2026-05-27T22:30:00+05:30,4448,4450.4,4439.9,4441.9,226
2026-05-27T22:45:00+05:30,4441.8,4449.7,4441.6,4448.5,427
2026-05-27T23:00:00+05:30,4448.6,4452.8,4448.5,4449,68
2026-05-27T23:15:00+05:30,4449.6,4452.8,4448.5,4448.9,75
2026-05-27T23:30:00+05:30,4448.3,4450.4,4446.2,4448.3,84
2026-05-27T23:45:00+05:30,4448.2,4456.9,4448.2,4453,191
2026-05-28T00:00:00+05:30,4454.5,4454.6,4450,4452.2,129
2026-05-28T00:15:00+05:30,4451.4,4453.6,4450.8,4453.3,61
2026-05-28T00:30:00+05:30,4452.2,4452.2,4449,4449,27
2026-05-28T00:45:00+05:30,4449.9,4452.4,4447.9,4449.3,113
2026-05-28T01:00:00+05:30,4449.6,4453.5,4448.3,4452.5,121
2026-05-28T01:15:00+05:30,4452.1,4452.1,4447.7,4449.1,81
2026-05-28T01:30:00+05:30,4449.5,4452.5,4449.1,4452.5,114
2026-05-28T01:45:00+05:30,4455,4457.2,4454,4454.3,80
2026-05-28T02:00:00+05:30,4453.8,4454.5,4450.5,4451.5,33
2026-05-28T02:15:00+05:30,4451.9,4455,4451.3,4454.9,62
2026-05-28T03:30:00+05:30,4488,4502,4485.9,4488.8,760
2026-05-28T03:45:00+05:30,4488,4492.6,4487.2,4490.1,212
2026-05-28T04:00:00+05:30,4490.1,4492.9,4485.5,4488.9,460
2026-05-28T04:15:00+05:30,4488.7,4489,4485.5,4488,156
2026-05-28T04:30:00+05:30,4487.7,4488.2,4481.9,4484.5,315
2026-05-28T04:45:00+05:30,4483.9,4485.7,4479.4,4481.1,426
2026-05-28T05:00:00+05:30,4480.7,4484.7,4480,4481.2,343
2026-05-28T05:15:00+05:30,4481,4481,4473.2,4477.7,722
2026-05-28T05:30:00+05:30,4477.4,4482.9,4475,4475.3,349
2026-05-28T05:45:00+05:30,4475.3,4485.1,4474.4,4476.6,495
2026-05-28T06:00:00+05:30,4477.1,4483.8,4474,4482.6,456
2026-05-28T06:15:00+05:30,4482.6,4488.8,4481.4,4487.6,410
2026-05-28T06:30:00+05:30,4487.9,4489.5,4467.8,4468.4,1303
2026-05-28T06:45:00+05:30,4468.7,4470.9,4447.7,4449.8,2730
2026-05-28T07:00:00+05:30,4449.5,4457.2,4446.4,4448.2,1335
2026-05-28T07:15:00+05:30,4447.9,4450.9,4437.3,4440.4,1346
2026-05-28T07:30:00+05:30,4441.6,4443.2,4426.7,4433.5,2320
2026-05-28T07:45:00+05:30,4433.5,4439,4430.1,4436.9,1149
2026-05-28T08:00:00+05:30,4436.8,4441.4,4431,4432.7,1143
2026-05-28T08:15:00+05:30,4432.2,4432.8,4423,4424.4,1426
2026-05-28T08:30:00+05:30,4424.2,4428.4,4420.4,4423.9,1115
2026-05-28T08:45:00+05:30,4424,4424.6,4411.7,4417.9,1918
2026-05-28T09:00:00+05:30,4417.9,4417.9,4400.3,4406.8,1912
2026-05-28T09:15:00+05:30,4406.2,4409,4398,4404.4,1149
2026-05-28T09:30:00+05:30,4404.2,4411.8,4398.9,4405.8,1045
2026-05-28T09:45:00+05:30,4405.8,4407,4395.6,4398.1,837
2026-05-28T10:00:00+05:30,4398.2,4404.5,4398.2,4403.6,596
2026-05-28T10:15:00+05:30,4403.2,4404.5,4397.4,4402.2,801
2026-05-28T10:30:00+05:30,4402.7,4406.3,4396.1,4404.1,1178
2026-05-28T10:45:00+05:30,4404.4,4409,4400.7,4407.3,788
2026-05-28T11:00:00+05:30,4407.7,4422.5,4403.7,4418.6,1969
2026-05-28T11:15:00+05:30,4418.9,4425.5,4416.7,4417.1,1159
2026-05-28T11:30:00+05:30,4417.2,4419.9,4403.9,4405.3,1831
2026-05-28T11:45:00+05:30,4405.7,4414.5,4403.8,4410.2,1226
2026-05-28T12:00:00+05:30,4409.6,4415,4406.7,4409.8,665
2026-05-28T12:15:00+05:30,4409.8,4414.4,4408.9,4413.3,575
2026-05-28T12:30:00+05:30,4413.6,4422.2,4413.6,4418.6,1135
2026-05-28T12:45:00+05:30,4418.8,4426,4415.8,4422.4,1706
2026-05-28T13:00:00+05:30,4422.4,4423.7,4414.9,4418.6,1123
2026-05-28T13:15:00+05:30,4419.3,4420.6,4412.4,4417.2,1173
2026-05-28T13:30:00+05:30,4417.5,4424.8,4415.9,4422.5,972
2026-05-28T13:45:00+05:30,4422.9,4424.4,4417,4418.9,840
2026-05-28T14:00:00+05:30,4419,4424.4,4415.8,4419.9,802
2026-05-28T14:15:00+05:30,4419.8,4421.4,4415.6,4416.8,636
2026-05-28T14:30:00+05:30,4416.3,4421.3,4416.1,4419.3,777
2026-05-28T14:45:00+05:30,4419,4429,4418.4,4426.2,1181
2026-05-28T15:00:00+05:30,4426,4426.8,4420.3,4421.2,1054
2026-05-28T15:15:00+05:30,4421.5,4426.6,4419.9,4424,577
2026-05-28T15:30:00+05:30,4424.1,4434.3,4421.8,4429.4,1150
2026-05-28T15:45:00+05:30,4429.8,4432.7,4423.9,4431.6,685
2026-05-28T16:00:00+05:30,4431.1,4432.6,4418,4419.3,954
2026-05-28T16:15:00+05:30,4419,4419.2,4405.5,4413.6,2340
2026-05-28T16:30:00+05:30,4413,4419.5,4412,4417.3,804
2026-05-28T16:45:00+05:30,4416.9,4421,4414.5,4415.3,806
2026-05-28T17:00:00+05:30,4415,4420.6,4410.9,4415.9,933
2026-05-28T17:15:00+05:30,4415.5,4418.5,4411.1,4418.2,746
2026-05-28T17:30:00+05:30,4417.9,4423.5,4417.9,4422.6,1121
2026-05-28T17:45:00+05:30,4422.6,4423,4409.8,4415,1774
2026-05-28T18:00:00+05:30,4415.4,4433.7,4412.8,4433.1,3350
2026-05-28T18:15:00+05:30,4432.7,4464,4432,4461.9,4749
2026-05-28T18:30:00+05:30,4462.3,4469.4,4455,4456.7,4341
2026-05-28T18:45:00+05:30,4457,4464.8,4455.9,4458.8,1748
2026-05-28T19:00:00+05:30,4459.5,4460.9,4448,4452.4,3107
2026-05-28T19:15:00+05:30,4452.1,4464.8,4451.8,4460.6,2177
2026-05-28T19:30:00+05:30,4460.1,4498.9,4450.6,4495.2,6449
2026-05-28T19:45:00+05:30,4495.1,4504.4,4481.7,4491.8,6266
2026-05-28T20:00:00+05:30,4491.8,4502.4,4483.3,4499.6,3827
2026-05-28T20:15:00+05:30,4499.9,4511.4,4492.6,4500.3,5121
2026-05-28T20:30:00+05:30,4500.7,4511.3,4499.4,4501.6,1986
2026-05-28T20:45:00+05:30,4501.9,4513.6,4499.9,4507.1,1809
2026-05-28T21:00:00+05:30,4507.8,4515.9,4507,4509.5,2112
2026-05-28T21:15:00+05:30,4509.9,4512.8,4508.8,4512.5,916
2026-05-28T21:30:00+05:30,4512.9,4516.3,4507.5,4514.9,1647
2026-05-28T21:45:00+05:30,4515.2,4533.9,4514.6,4531,3727
2026-05-28T22:00:00+05:30,4531.3,4537.1,4528,4535,2484
2026-05-28T22:15:00+05:30,4535.2,4542,4534.9,4541.8,2069
2026-05-28T22:30:00+05:30,4541.9,4545.4,4534,4534.7,2112
2026-05-28T22:45:00+05:30,4534.7,4537.4,4531.5,4532.5,2616
2026-05-28T23:00:00+05:30,4532.6,4537.7,4532.6,4535.4,780
2026-05-28T23:15:00+05:30,4535.5,4540.3,4535.2,4539.2,679
2026-05-28T23:30:00+05:30,4539.2,4547.1,4536.4,4538,1396
2026-05-28T23:45:00+05:30,4538.3,4543.7,4536,4537,1332
2026-05-29T00:00:00+05:30,4537.2,4537.2,4531.5,4532.6,984
2026-05-29T00:15:00+05:30,4532.7,4534.5,4529.3,4532.5,748
2026-05-29T00:30:00+05:30,4532.2,4534.6,4529.3,4530.5,690
2026-05-29T00:45:00+05:30,4530.3,4533.9,4530.3,4530.8,542
2026-05-29T01:00:00+05:30,4530.8,4532.7,4530,4530.3,540
2026-05-29T01:15:00+05:30,4530.4,4531.4,4528,4528.7,1234
2026-05-29T01:30:00+05:30,4528.7,4529.3,4525.6,4527.8,500
2026-05-29T01:45:00+05:30,4527.7,4531.5,4527,4530,466
2026-05-29T02:00:00+05:30,4529.7,4531.7,4525.8,4526.6,359
2026-05-29T02:15:00+05:30,4526.3,4527.8,4525.8,4527.3,223
2026-05-29T03:30:00+05:30,4527.6,4530.3,4522.3,4524.3,389
2026-05-29T03:45:00+05:30,4524.5,4527,4523.6,4526.4,122
2026-05-29T04:00:00+05:30,4526.3,4527,4523.6,4526.6,118
2026-05-29T04:15:00+05:30,4526,4527.1,4521.6,4521.7,227
2026-05-29T04:30:00+05:30,4522.5,4526.5,4521.7,4525.8,159
2026-05-29T04:45:00+05:30,4525.8,4527.9,4522.4,4523.1,191
2026-05-29T05:00:00+05:30,4522.9,4525.4,4519.7,4520.7,423
2026-05-29T05:15:00+05:30,4520.5,4527.2,4519.5,4525.6,460
2026-05-29T05:30:00+05:30,4525.5,4529,4522.5,4527.9,707
2026-05-29T05:45:00+05:30,4527.8,4531.5,4526.3,4530.3,526
2026-05-29T06:00:00+05:30,4530.6,4530.9,4523.5,4528.7,468
2026-05-29T06:15:00+05:30,4528.5,4528.6,4523.5,4525.3,354
2026-05-29T06:30:00+05:30,4526,4545.8,4522.7,4545.2,1870
2026-05-29T06:45:00+05:30,4545.4,4551.2,4535.5,4535.5,1588
2026-05-29T07:00:00+05:30,4535.4,4538.6,4532.8,4536.6,810
2026-05-29T07:15:00+05:30,4536.1,4538,4531.1,4536.9,731
2026-05-29T07:30:00+05:30,4536.6,4541.4,4534.4,4537.2,604
2026-05-29T07:45:00+05:30,4537.3,4539.2,4531.5,4533.4,674
2026-05-29T08:00:00+05:30,4533.1,4538,4528.4,4535.3,695
2026-05-29T08:15:00+05:30,4535.1,4538.3,4531.5,4531.7,350
2026-05-29T08:30:00+05:30,4532,4532.2,4525.2,4527.1,838
2026-05-29T08:45:00+05:30,4527.2,4529.9,4525.4,4526.8,416
2026-05-29T09:00:00+05:30,4527.6,4529.8,4525.4,4528.5,397
2026-05-29T09:15:00+05:30,4529,4532,4526.9,4531.1,351
2026-05-29T09:30:00+05:30,4531.4,4535.9,4531.4,4532.6,382
2026-05-29T09:45:00+05:30,4532.6,4542.4,4532.6,4539.9,673
2026-05-29T10:00:00+05:30,4539.9,4541.8,4538.8,4541.2,518
2026-05-29T10:15:00+05:30,4541.5,4545.4,4538.8,4544.7,822
2026-05-29T10:30:00+05:30,4544.6,4546.2,4539.7,4542.9,428
2026-05-29T10:45:00+05:30,4542.5,4543,4540.4,4540.5,196
2026-05-29T11:00:00+05:30,4540.4,4543.5,4533,4537.5,1077
2026-05-29T11:15:00+05:30,4537.1,4547,4534.9,4545.8,1807
2026-05-29T11:30:00+05:30,4546.1,4553.5,4541.9,4546.5,2323
2026-05-29T11:45:00+05:30,4546.3,4552,4540.7,4547.5,906
2026-05-29T12:00:00+05:30,4547.6,4551.5,4542,4547.3,820
2026-05-29T12:15:00+05:30,4547.6,4554.9,4546.1,4554.4,893
2026-05-29T12:30:00+05:30,4554.2,4554.7,4546.5,4546.7,1020
2026-05-29T12:45:00+05:30,4546.8,4547.8,4541.3,4544.8,783
2026-05-29T13:00:00+05:30,4544.6,4557,4543.5,4556,2670
2026-05-29T13:15:00+05:30,4555.9,4557.2,4552.5,4555.5,1182
2026-05-29T13:30:00+05:30,4555,4555.5,4544.8,4546,1131
2026-05-29T13:45:00+05:30,4545.6,4548.7,4543.2,4548.1,957
2026-05-29T14:00:00+05:30,4547.7,4548.7,4544.3,4545.2,768
2026-05-29T14:15:00+05:30,4545,4546.9,4540,4544.7,852
2026-05-29T14:30:00+05:30,4545.2,4561.3,4543.4,4559.8,1404
2026-05-29T14:45:00+05:30,4560,4563.1,4552.7,4559.5,1209
2026-05-29T15:00:00+05:30,4559.4,4563.9,4554.9,4563.2,2184
2026-05-29T15:15:00+05:30,4563.5,4571.2,4560.8,4562,2610
2026-05-29T15:30:00+05:30,4562,4562.1,4556.4,4559.5,692
2026-05-29T15:45:00+05:30,4559.3,4561.8,4556.6,4561.6,458
2026-05-29T16:00:00+05:30,4561.7,4574.4,4561.4,4569,1715
2026-05-29T16:15:00+05:30,4569.3,4572.2,4566.4,4569.6,636
2026-05-29T16:30:00+05:30,4569.4,4571.7,4562,4563.6,717
2026-05-29T16:45:00+05:30,4563,4565.6,4557.7,4558.7,1141
2026-05-29T17:00:00+05:30,4559,4562.4,4556.7,4561.9,752
2026-05-29T17:15:00+05:30,4562,4569.7,4558.2,4569.1,1254
2026-05-29T17:30:00+05:30,4569.2,4569.3,4557.3,4559.5,1332
2026-05-29T17:45:00+05:30,4559.2,4562.5,4550.3,4553.1,1540
2026-05-29T18:00:00+05:30,4552.9,4554,4543.6,4545.2,2006
2026-05-29T18:15:00+05:30,4545,4554.8,4543.4,4554,1333
2026-05-29T18:30:00+05:30,4553.6,4557.4,4547.5,4553.3,2002
2026-05-29T18:45:00+05:30,4553.7,4560,4551.9,4558.8,1252
2026-05-29T19:00:00+05:30,4558.9,4566.1,4553,4563.8,2282
2026-05-29T19:15:00+05:30,4563.9,4571,4559.7,4567.3,2127
2026-05-29T19:30:00+05:30,4567,4584,4565.2,4575,4879
2026-05-29T19:45:00+05:30,4575.1,4576.3,4557,4561,3129
2026-05-29T20:00:00+05:30,4560.7,4573.2,4556.1,4571.3,2576
2026-05-29T20:15:00+05:30,4571.5,4604.1,4567.6,4595.2,6664
2026-05-29T20:30:00+05:30,4596.1,4627.1,4595.4,4621.5,9194
2026-05-29T20:45:00+05:30,4621.8,4623.3,4609.2,4610,4715
2026-05-29T21:00:00+05:30,4609.9,4614.7,4592.3,4597.9,4005
2026-05-29T21:15:00+05:30,4597.9,4602.5,4587.3,4602.1,2167
2026-05-29T21:30:00+05:30,4602.1,4602.9,4590.5,4594.5,1707
2026-05-29T21:45:00+05:30,4594,4599,4591.1,4593.9,992
2026-05-29T22:00:00+05:30,4593.7,4604.5,4592.7,4600.5,1941
2026-05-29T22:15:00+05:30,4600.3,4600.3,4591.7,4597.9,1252
2026-05-29T22:30:00+05:30,4597.9,4599.3,4593.8,4594.9,907
2026-05-29T22:45:00+05:30,4595.1,4597.8,4590.9,4592.7,2446
2026-05-29T23:00:00+05:30,4592.5,4593.1,4583.9,4584.8,1291
2026-05-29T23:15:00+05:30,4585.2,4588.5,4582.4,4584.4,714
2026-05-29T23:30:00+05:30,4584.2,4589.7,4583.5,4589.2,681
2026-05-29T23:45:00+05:30,4589.2,4591.5,4586.4,4590.3,692
2026-05-30T00:00:00+05:30,4590.6,4592.7,4588.6,4589.1,418
2026-05-30T00:15:00+05:30,4589,4589.1,4581.6,4584.2,942
2026-05-30T00:30:00+05:30,4584.3,4591.4,4583.4,4589.8,714
2026-05-30T00:45:00+05:30,4589.3,4590.4,4586.1,4586.8,855
2026-05-30T01:00:00+05:30,4586.6,4587.5,4582.3,4582.7,870
2026-05-30T01:15:00+05:30,4582.7,4582.9,4574.1,4576.8,1547
2026-05-30T01:30:00+05:30,4576.9,4580.7,4574.1,4579.6,654
2026-05-30T01:45:00+05:30,4580.2,4580.3,4573.7,4574.1,253
2026-05-30T02:00:00+05:30,4573.9,4575.7,4572.8,4575.3,282
2026-05-30T02:15:00+05:30,4574.9,4575,4567.3,4569.9,472
2026-06-01T03:30:00+05:30,4575.2,4575.2,4545.5,4565.5,1589
2026-06-01T03:45:00+05:30,4565,4567.6,4561.8,4563.9,374
2026-06-01T04:00:00+05:30,4563.6,4567,4561.3,4566.2,322
2026-06-01T04:15:00+05:30,4566.6,4571.1,4565.4,4565.9,339
2026-06-01T04:30:00+05:30,4566.2,4574,4565.9,4573.5,354
2026-06-01T04:45:00+05:30,4573.3,4575.8,4571,4575.7,753
2026-06-01T05:00:00+05:30,4575.9,4576.4,4569.3,4572.7,442
2026-06-01T05:15:00+05:30,4572.3,4576,4569.2,4570.7,400
2026-06-01T05:30:00+05:30,4570.5,4577.3,4568.1,4570.5,598
2026-06-01T05:45:00+05:30,4572.6,4575,4568.8,4573.8,463
2026-06-01T06:00:00+05:30,4574,4575.7,4565.5,4566.5,597
2026-06-01T06:15:00+05:30,4567.3,4573.2,4567,4571.4,687
2026-06-01T06:30:00+05:30,4571.2,4572.1,4556.3,4564.7,1679
2026-06-01T06:45:00+05:30,4564.6,4567.9,4559,4559.8,629
2026-06-01T07:00:00+05:30,4559.7,4564.8,4557.9,4564.1,511
2026-06-01T07:15:00+05:30,4563.8,4564.4,4554.4,4556.2,667
2026-06-01T07:30:00+05:30,4556.1,4564.9,4555.1,4563,534
2026-06-01T07:45:00+05:30,4563.1,4565.7,4560.3,4561,394
2026-06-01T08:00:00+05:30,4560.9,4561.5,4552.6,4553.6,592
2026-06-01T08:15:00+05:30,4553.3,4555.6,4551.4,4552,403
2026-06-01T08:30:00+05:30,4551.7,4556.3,4546,4549,992
2026-06-01T08:45:00+05:30,4549,4552,4543.5,4550.7,722
2026-06-01T09:00:00+05:30,4550.7,4554.8,4540.3,4541.2,729
2026-06-01T09:15:00+05:30,4541.4,4546.8,4540.3,4546.8,390
2026-06-01T09:30:00+05:30,4546.9,4550.1,4543,4545.1,538
2026-06-01T09:45:00+05:30,4545.5,4548.8,4545.5,4546.1,257
2026-06-01T10:00:00+05:30,4546.3,4547.8,4543.6,4545,257
2026-06-01T10:15:00+05:30,4544.6,4545.5,4537.6,4544.7,715
2026-06-01T10:30:00+05:30,4544.8,4549.6,4543.8,4548.7,358
2026-06-01T10:45:00+05:30,4548.3,4553.5,4547.8,4550.8,469
2026-06-01T11:00:00+05:30,4550.8,4552.3,4542.7,4549.7,669
2026-06-01T11:15:00+05:30,4549.9,4555.4,4547.2,4548.2,562
2026-06-01T11:30:00+05:30,4548.1,4548.6,4542.1,4544.3,839
2026-06-01T11:45:00+05:30,4544,4546.5,4535,4544.3,1409
2026-06-01T12:00:00+05:30,4544.6,4545,4531.8,4535,1023
2026-06-01T12:15:00+05:30,4534.1,4535.3,4529.1,4531.7,1042
2026-06-01T12:30:00+05:30,4531.6,4540.2,4530.8,4537.4,1217
2026-06-01T12:45:00+05:30,4537.9,4538.4,4532.7,4533.6,527
2026-06-01T13:00:00+05:30,4533.9,4537.7,4527.7,4527.9,791
2026-06-01T13:15:00+05:30,4528,4533,4522.1,4532.7,1733
2026-06-01T13:30:00+05:30,4533,4534.5,4523.3,4525.5,1044
2026-06-01T13:45:00+05:30,4525.5,4526.8,4519.6,4525.6,1009
2026-06-01T14:00:00+05:30,4525.7,4530.3,4522.5,4529.9,728
2026-06-01T14:15:00+05:30,4529.7,4532.3,4525.2,4527.4,1130
2026-06-01T14:30:00+05:30,4527.6,4530.4,4527.5,4529.5,512
2026-06-01T14:45:00+05:30,4529.8,4536.2,4525.9,4526,1067
2026-06-01T15:00:00+05:30,4525.8,4528.8,4518.6,4528.2,2382
2026-06-01T15:15:00+05:30,4527.7,4528.1,4523.5,4525.6,871
2026-06-01T15:30:00+05:30,4525.9,4532,4525.9,4531.3,556
2026-06-01T15:45:00+05:30,4531.1,4533.5,4525.9,4530.8,701
2026-06-01T16:00:00+05:30,4530.8,4537.3,4530.4,4535.8,741
2026-06-01T16:15:00+05:30,4535.9,4540.9,4532.3,4534.1,938
2026-06-01T16:30:00+05:30,4534.2,4536.6,4529.7,4534.8,723
2026-06-01T16:45:00+05:30,4535.1,4542.8,4534.2,4540.9,1128
2026-06-01T17:00:00+05:30,4540.6,4542.4,4536.3,4537.4,704
2026-06-01T17:15:00+05:30,4537.4,4540,4535.6,4536,462
2026-06-01T17:30:00+05:30,4535.8,4539.8,4533.4,4533.7,863
2026-06-01T17:45:00+05:30,4533.6,4537.9,4527.6,4535.6,1556
2026-06-01T18:00:00+05:30,4535.5,4538.3,4527.8,4537.6,1389
2026-06-01T18:15:00+05:30,4537.3,4540.4,4528.4,4532,1295
2026-06-01T18:30:00+05:30,4532.3,4533.8,4501.9,4513.9,5629
2026-06-01T18:45:00+05:30,4513.6,4519.1,4491.8,4494.4,5366
2026-06-01T19:00:00+05:30,4494.7,4508.5,4488,4496.6,5385
2026-06-01T19:15:00+05:30,4497.1,4499,4476.2,4480.1,4201
2026-06-01T19:30:00+05:30,4479.1,4492,4476,4491.2,5148
2026-06-01T19:45:00+05:30,4490.8,4494.9,4479.2,4485.9,3452
2026-06-01T20:00:00+05:30,4485.5,4491.3,4483.5,4489.7,1913
2026-06-01T20:15:00+05:30,4489.7,4490.9,4481.7,4488.5,1420
2026-06-01T20:30:00+05:30,4489,4495.4,4485,4494.1,1760
2026-06-01T20:45:00+05:30,4494.2,4500.4,4493,4498.7,2044
2026-06-01T21:00:00+05:30,4498.7,4510.5,4498.6,4502.5,3702
2026-06-01T21:15:00+05:30,4502.7,4505.9,4498.8,4504.1,1715
2026-06-01T21:30:00+05:30,4504.7,4508.8,4495.2,4497.5,1783
2026-06-01T21:45:00+05:30,4497.1,4500,4493.1,4498.1,1414
2026-06-01T22:00:00+05:30,4498.1,4503.1,4497.7,4498.2,1469
2026-06-01T22:15:00+05:30,4498.2,4513.1,4497.5,4510.6,1547
2026-06-01T22:30:00+05:30,4510.9,4511.4,4501.4,4505.3,1425
2026-06-01T22:45:00+05:30,4505.1,4513.2,4502.3,4512.8,2174
2026-06-01T23:00:00+05:30,4513.2,4521.3,4510.6,4521.3,3333
2026-06-01T23:15:00+05:30,4521.6,4525.6,4517,4517.5,1462
2026-06-01T23:30:00+05:30,4517.4,4520.2,4516.2,4518.5,397
2026-06-01T23:45:00+05:30,4518.3,4520.1,4516.3,4516.4,467
2026-06-02T00:00:00+05:30,4516.7,4518.1,4514.8,4518,465
2026-06-02T00:15:00+05:30,4517.7,4518.8,4516.4,4516.8,302
2026-06-02T00:30:00+05:30,4516.5,4518.2,4514.7,4515.1,527
2026-06-02T00:45:00+05:30,4515.4,4516.5,4514.2,4514.7,480
2026-06-02T01:00:00+05:30,4515,4515.6,4512.7,4513.1,538
2026-06-02T01:15:00+05:30,4513.2,4514.3,4509.1,4511.1,1108
2026-06-02T01:30:00+05:30,4511.2,4514.8,4510.2,4513.4,582
2026-06-02T01:45:00+05:30,4513.3,4514.4,4512.1,4513.2,402
2026-06-02T02:00:00+05:30,4513.1,4514.8,4512.2,4512.6,233
2026-06-02T02:15:00+05:30,4512.3,4515.7,4511.2,4514.8,387
2026-06-02T03:30:00+05:30,4515.8,4517.9,4511.4,4514.1,400
2026-06-02T03:45:00+05:30,4514,4515.2,4510.6,4511.2,352
2026-06-02T04:00:00+05:30,4511.4,4513.6,4509.5,4511.1,369
2026-06-02T04:15:00+05:30,4511.5,4516.5,4511.3,4515.3,373
2026-06-02T04:30:00+05:30,4515.3,4518,4511.9,4515.7,375
2026-06-02T04:45:00+05:30,4516.5,4518.6,4515.4,4517.2,170
2026-06-02T05:00:00+05:30,4517.2,4517.2,4510.7,4513.6,351
2026-06-02T05:15:00+05:30,4513,4515.6,4508.2,4514.3,363
2026-06-02T05:30:00+05:30,4514.4,4515,4506.3,4510.9,509
2026-06-02T05:45:00+05:30,4511,4523.6,4510.9,4523,788
2026-06-02T06:00:00+05:30,4523.2,4526.8,4514.5,4516.5,887
2026-06-02T06:15:00+05:30,4516.3,4517.5,4510.6,4511,347
2026-06-02T06:30:00+05:30,4510.7,4521.6,4501,4519.5,1207
2026-06-02T06:45:00+05:30,4519.7,4522,4510.7,4516,972
2026-06-02T07:00:00+05:30,4516.6,4519.4,4509.1,4509.5,853
2026-06-02T07:15:00+05:30,4509.1,4512,4492.3,4503.6,2118
2026-06-02T07:30:00+05:30,4503.7,4510.5,4502,4510,1007
2026-06-02T07:45:00+05:30,4510.3,4514.4,4508.1,4511.4,495
2026-06-02T08:00:00+05:30,4512,4515.5,4504.2,4506.7,875
2026-06-02T08:15:00+05:30,4506.8,4516.4,4503.5,4516.2,633
2026-06-02T08:30:00+05:30,4515.8,4522.5,4515.6,4518.2,702
2026-06-02T08:45:00+05:30,4518.5,4528,4515.8,4525.4,862
2026-06-02T09:00:00+05:30,4525.2,4529.6,4523.1,4527.3,1257
2026-06-02T09:15:00+05:30,4527.2,4530,4525.3,4529.5,268
2026-06-02T09:30:00+05:30,4529.3,4535.7,4528,4535,846
2026-06-02T09:45:00+05:30,4535.1,4541.2,4534.5,4535,1175
2026-06-02T10:00:00+05:30,4535.1,4541.8,4534,4540.9,919
2026-06-02T10:15:00+05:30,4540.7,4548.6,4540.3,4547.7,877
2026-06-02T10:30:00+05:30,4547.7,4549,4545.7,4548.8,530
2026-06-02T10:45:00+05:30,4548.7,4552.2,4546.8,4549.8,1009
2026-06-02T11:00:00+05:30,4549.8,4558.8,4549.8,4554.3,1734
2026-06-02T11:15:00+05:30,4554.7,4556.4,4545.7,4547,1221
2026-06-02T11:30:00+05:30,4546.9,4554.8,4546.9,4548.8,1269
2026-06-02T11:45:00+05:30,4548.8,4564.2,4548,4563.1,2272
2026-06-02T12:00:00+05:30,4563.5,4568.8,4562,4563,1629
2026-06-02T12:15:00+05:30,4562.8,4567,4562,4566,791
2026-06-02T12:30:00+05:30,4565.8,4571.3,4563.5,4570.1,1288
2026-06-02T12:45:00+05:30,4569.9,4570.7,4563.3,4564,1014
2026-06-02T13:00:00+05:30,4564,4565.1,4561,4561.8,1051
2026-06-02T13:15:00+05:30,4562.1,4565.8,4558,4565.2,1592
2026-06-02T13:30:00+05:30,4565.2,4569.3,4563.2,4565,1226
2026-06-02T13:45:00+05:30,4565.1,4565.5,4559.5,4561.2,884
2026-06-02T14:00:00+05:30,4561,4563.6,4558.4,4559,529
2026-06-02T14:15:00+05:30,4558.7,4560.7,4556.1,4557,606
2026-06-02T14:30:00+05:30,4557.1,4564.3,4555.6,4563.7,1488
2026-06-02T14:45:00+05:30,4563.6,4565.9,4555.2,4556.7,1265
2026-06-02T15:00:00+05:30,4556.8,4557.3,4550.9,4555.6,2194
2026-06-02T15:15:00+05:30,4555.4,4561,4554.8,4559.4,916
2026-06-02T15:30:00+05:30,4559.7,4561.2,4557.3,4558.6,546
2026-06-02T15:45:00+05:30,4558.4,4559,4554.1,4558.1,600
2026-06-02T16:00:00+05:30,4558,4558.2,4555,4558.1,344
2026-06-02T16:15:00+05:30,4558.6,4563.5,4558.6,4563.1,771
2026-06-02T16:30:00+05:30,4563,4564.2,4558.5,4558.5,493
2026-06-02T16:45:00+05:30,4558.6,4560,4556.3,4560,564
2026-06-02T17:00:00+05:30,4560.2,4560.5,4555.8,4556.5,362
2026-06-02T17:15:00+05:30,4556.8,4560.4,4555.2,4557.3,783
2026-06-02T17:30:00+05:30,4557.5,4558.6,4554.4,4556.1,630
2026-06-02T17:45:00+05:30,4555.3,4563.8,4553.6,4559,1590
2026-06-02T18:00:00+05:30,4558.9,4563.6,4551.3,4554.6,2211
2026-06-02T18:15:00+05:30,4554.5,4555.5,4542.8,4544,2100
2026-06-02T18:30:00+05:30,4544.3,4554.4,4540.7,4543.5,2510
2026-06-02T18:45:00+05:30,4543.3,4546.6,4539.3,4540.1,1438
2026-06-02T19:00:00+05:30,4540.3,4543.9,4535.6,4538,2297
2026-06-02T19:15:00+05:30,4537.3,4543.3,4532.1,4532.1,1563
2026-06-02T19:30:00+05:30,4532,4536.8,4525.1,4533.5,3125
2026-06-02T19:45:00+05:30,4533.6,4534.2,4519.4,4524.9,3313
2026-06-02T20:00:00+05:30,4525.1,4535,4524.8,4533.7,1671
2026-06-02T20:15:00+05:30,4533.5,4535.8,4530.2,4533.7,1245
2026-06-02T20:30:00+05:30,4533.4,4537.8,4531.1,4533,1394
2026-06-02T20:45:00+05:30,4533,4535.6,4530.8,4534.9,1118
2026-06-02T21:00:00+05:30,4534.9,4538.2,4529.5,4531.7,1602
2026-06-02T21:15:00+05:30,4532,4536.6,4530.8,4531.7,931
2026-06-02T21:30:00+05:30,4531.7,4532.8,4527.3,4527.3,1295
2026-06-02T21:45:00+05:30,4527.4,4527.9,4518.6,4519.7,1684
2026-06-02T22:00:00+05:30,4519.8,4521,4515.6,4519.1,1526
2026-06-02T22:15:00+05:30,4519,4521.4,4518.5,4521.3,752
2026-06-02T22:30:00+05:30,4521.2,4522.7,4516.2,4519.1,1171
2026-06-02T22:45:00+05:30,4519.2,4521.3,4515.8,4520.7,1901
2026-06-02T23:00:00+05:30,4520.8,4521.2,4511.3,4514.1,1221
2026-06-02T23:15:00+05:30,4513.8,4516,4512.2,4514,467
2026-06-02T23:30:00+05:30,4514.3,4518,4513.9,4514.6,675
2026-06-02T23:45:00+05:30,4514.5,4520.2,4513.5,4517.9,563
2026-06-03T00:00:00+05:30,4517.9,4518.8,4508,4509.9,1158
2026-06-03T00:15:00+05:30,4510,4520,4509.6,4516.9,797
2026-06-03T00:30:00+05:30,4517,4518.7,4516.6,4516.8,275
2026-06-03T00:45:00+05:30,4517.1,4519.5,4515.2,4519.5,308
2026-06-03T01:00:00+05:30,4519.2,4520.2,4513.2,4517.4,553
2026-06-03T01:15:00+05:30,4517.4,4518.5,4515.3,4517.7,693
2026-06-03T01:30:00+05:30,4517.8,4520,4516.1,4519.6,262
2026-06-03T01:45:00+05:30,4519.5,4521,4518.2,4519.4,225
2026-06-03T02:00:00+05:30,4519.7,4520.8,4518.5,4518.5,149
2026-06-03T02:15:00+05:30,4518.5,4519.7,4516.3,4519.2,327
2026-06-03T03:30:00+05:30,4520,4522.7,4517.6,4519,313
2026-06-03T03:45:00+05:30,4519.5,4520.9,4516.6,4519,475
2026-06-03T04:00:00+05:30,4518.7,4520.2,4516.3,4518.1,503
2026-06-03T04:15:00+05:30,4518,4521.1,4512.9,4514,1024
2026-06-03T04:30:00+05:30,4514.2,4517.6,4503.1,4506.3,1382
2026-06-03T04:45:00+05:30,4506.1,4506.1,4490.5,4495.8,1675
2026-06-03T05:00:00+05:30,4496.3,4503.9,4491,4503.3,1792
2026-06-03T05:15:00+05:30,4503.2,4503.6,4497.5,4502.9,531
2026-06-03T05:30:00+05:30,4502.6,4508.4,4502.6,4504.2,477
2026-06-03T05:45:00+05:30,4504.1,4511.7,4502.6,4511.3,389
2026-06-03T06:00:00+05:30,4511.5,4525.1,4509.5,4524.2,1454
2026-06-03T06:15:00+05:30,4524.2,4524.3,4514,4514.4,749
2026-06-03T06:30:00+05:30,4514.2,4516,4495.1,4500.1,2412
2026-06-03T06:45:00+05:30,4499.4,4500.9,4491.2,4495.6,1395
2026-06-03T07:00:00+05:30,4495,4501,4492.6,4498.2,1237
2026-06-03T07:15:00+05:30,4498.2,4505.1,4498,4504,848
2026-06-03T07:30:00+05:30,4504,4509.5,4500.8,4508.8,646
2026-06-03T07:45:00+05:30,4508.2,4509.2,4502.2,4506.6,598
2026-06-03T08:00:00+05:30,4506.8,4513.1,4502.7,4507.2,604
2026-06-03T08:15:00+05:30,4507.4,4510.1,4501.1,4509.8,914
2026-06-03T08:30:00+05:30,4510.1,4515.5,4510.1,4512.7,512
2026-06-03T08:45:00+05:30,4513.1,4515.2,4511.2,4511.4,223
2026-06-03T09:00:00+05:30,4511.6,4513.9,4511,4512.7,227
2026-06-03T09:15:00+05:30,4511.9,4514,4510.3,4512.5,304
2026-06-03T09:30:00+05:30,4512.4,4515,4512.2,4514.8,461
2026-06-03T09:45:00+05:30,4515,4516.1,4505.1,4505.1,375
2026-06-03T10:00:00+05:30,4505,4505.2,4498.7,4501.3,502
2026-06-03T10:15:00+05:30,4501.1,4501.8,4496.4,4497.5,394
2026-06-03T10:30:00+05:30,4497.2,4501.5,4495.4,4501.2,535
2026-06-03T10:45:00+05:30,4501.5,4502.2,4493.9,4496.8,471
2026-06-03T11:00:00+05:30,4496.6,4496.8,4486.9,4489.9,1630
2026-06-03T11:15:00+05:30,4489.6,4496.5,4484.8,4485.8,1273
2026-06-03T11:30:00+05:30,4485.4,4495.8,4485.1,4494.6,1150
2026-06-03T11:45:00+05:30,4494.9,4499.3,4487.4,4490.8,1220
2026-06-03T12:00:00+05:30,4490.7,4493.4,4485.8,4489,1052
2026-06-03T12:15:00+05:30,4488.5,4491.7,4483.7,4491.7,808
2026-06-03T12:30:00+05:30,4491.4,4500.5,4488.2,4497.9,1320
2026-06-03T12:45:00+05:30,4497.9,4498.3,4484.7,4484.7,1029
2026-06-03T13:00:00+05:30,4484.4,4491.9,4482.5,4486.9,1265
2026-06-03T13:15:00+05:30,4487.3,4492.2,4481.1,4481.6,975
2026-06-03T13:30:00+05:30,4481.8,4487.8,4479.3,4483.7,1296
2026-06-03T13:45:00+05:30,4483.9,4486,4478.8,4485.4,1200
2026-06-03T14:00:00+05:30,4485.8,4487.2,4482.7,4484.5,636
2026-06-03T14:15:00+05:30,4484.7,4486.3,4468.2,4472.3,2586
2026-06-03T14:30:00+05:30,4472.3,4487.5,4470.2,4479.6,1562
2026-06-03T14:45:00+05:30,4479.6,4480.7,4467.2,4468.6,1228
2026-06-03T15:00:00+05:30,4468.2,4477.3,4467.6,4475.7,1786
2026-06-03T15:15:00+05:30,4475.1,4476.5,4469.5,4471.3,616
2026-06-03T15:30:00+05:30,4471.7,4496,4469.5,4491.7,2681
2026-06-03T15:45:00+05:30,4491.5,4492.3,4482,4488.6,957
2026-06-03T16:00:00+05:30,4488.2,4491.8,4481.6,4482.4,512
2026-06-03T16:15:00+05:30,4482.7,4489.7,4482.4,4487.7,423
2026-06-03T16:30:00+05:30,4487.8,4496.5,4487.8,4490.2,922
2026-06-03T16:45:00+05:30,4490.8,4494.3,4487.4,4492.9,401
2026-06-03T17:00:00+05:30,4493,4495.7,4487.9,4488.8,525
2026-06-03T17:15:00+05:30,4489,4493.1,4487,4490.6,435
2026-06-03T17:30:00+05:30,4490.9,4492.8,4485.3,4487.5,746
2026-06-03T17:45:00+05:30,4487,4491,4479.8,4480.8,1252
2026-06-03T18:00:00+05:30,4481.1,4488.6,4476.3,4487,1748
2026-06-03T18:15:00+05:30,4486.8,4495.6,4484,4488.6,1903
2026-06-03T18:30:00+05:30,4488.5,4494.5,4486.3,4491,1300
2026-06-03T18:45:00+05:30,4491,4491.7,4473.4,4477.2,3015
2026-06-03T19:00:00+05:30,4477.7,4481.7,4454.7,4455.3,3550
2026-06-03T19:15:00+05:30,4454.6,4478.1,4454,4475.2,4126
2026-06-03T19:30:00+05:30,4473.9,4484.7,4470.5,4482.5,3131
2026-06-03T19:45:00+05:30,4482.5,4486.5,4472.4,4479.8,1853
2026-06-03T20:00:00+05:30,4479.8,4481.8,4475,4476.2,983
2026-06-03T20:15:00+05:30,4475.9,4488.3,4475.8,4485.3,1724
2026-06-03T20:30:00+05:30,4485.7,4486.5,4473,4473.9,1141
2026-06-03T20:45:00+05:30,4473.7,4479,4467.2,4473.6,1614
2026-06-03T21:00:00+05:30,4472.9,4473.9,4464.8,4468.4,1486
2026-06-03T21:15:00+05:30,4468,4472,4466,4469.8,557
2026-06-03T21:30:00+05:30,4470,4472.1,4465.1,4467,1017
2026-06-03T21:45:00+05:30,4467.3,4469.1,4461.1,4465.3,1030
2026-06-03T22:00:00+05:30,4465.3,4468.8,4463.3,4467.1,741
2026-06-03T22:15:00+05:30,4466.9,4471.2,4464.7,4469.4,1184
2026-06-03T22:30:00+05:30,4469.9,4476.8,4469.5,4470.1,1118
2026-06-03T22:45:00+05:30,4469.8,4471.5,4465.6,4467.1,1434
2026-06-03T23:00:00+05:30,4466.9,4470.2,4463.4,4468.5,1017
2026-06-03T23:15:00+05:30,4468.5,4468.5,4464.8,4467.2,429
2026-06-03T23:30:00+05:30,4467.1,4468.4,4463.3,4464.5,381
2026-06-03T23:45:00+05:30,4464.7,4468.9,4462,4468.4,578
2026-06-04T00:00:00+05:30,4468.2,4470.9,4465,4468.2,667
2026-06-04T00:15:00+05:30,4467.8,4470.9,4467.7,4470.1,360
2026-06-04T00:30:00+05:30,4469.8,4477.5,4469.5,4477.3,837
2026-06-04T00:45:00+05:30,4477.3,4480,4474.2,4475.6,682
2026-06-04T01:00:00+05:30,4475.8,4477.4,4474.7,4475.1,338
2026-06-04T01:15:00+05:30,4474.6,4475.4,4471.2,4472,851
2026-06-04T01:30:00+05:30,4471.9,4473.6,4466.8,4468.3,536
2026-06-04T01:45:00+05:30,4468.2,4468.3,4464.6,4467.2,482
2026-06-04T02:00:00+05:30,4467.3,4467.7,4460.1,4461.5,770
2026-06-04T02:15:00+05:30,4461.3,4463.5,4458.6,4462.7,593
2026-06-04T03:30:00+05:30,4462.6,4466.7,4455.9,4458.1,678
2026-06-04T03:45:00+05:30,4458.2,4462,4450.1,4460.4,662
2026-06-04T04:00:00+05:30,4461,4466.7,4461,4463.1,388
2026-06-04T04:15:00+05:30,4463.4,4479.2,4463.4,4475.3,737
2026-06-04T04:30:00+05:30,4475.5,4476.9,4471.5,4473.6,423
2026-06-04T04:45:00+05:30,4474.5,4478.2,4473.6,4477.1,407
2026-06-04T05:00:00+05:30,4477.5,4480.8,4472.8,4480.6,927
2026-06-04T05:15:00+05:30,4480.7,4491.2,4480.6,4483.5,822
2026-06-04T05:30:00+05:30,4484,4491.8,4479.3,4479.8,594
2026-06-04T05:45:00+05:30,4479.7,4483.2,4474.1,4478,490
2026-06-04T06:00:00+05:30,4477,4479.3,4470.6,4475.1,560
2026-06-04T06:15:00+05:30,4474.7,4479.7,4471.6,4475.6,470
2026-06-04T06:30:00+05:30,4475,4494.3,4470,4491.2,1181
2026-06-04T06:45:00+05:30,4490.3,4500.8,4486.1,4493,1281
2026-06-04T07:00:00+05:30,4494.1,4496.8,4485.7,4486,772
2026-06-04T07:15:00+05:30,4485.4,4493.9,4483.3,4492.5,828
2026-06-04T07:30:00+05:30,4492.1,4493.8,4482.5,4489.5,879
2026-06-04T07:45:00+05:30,4489.2,4489.8,4485.5,4487.3,455
2026-06-04T08:00:00+05:30,4487.8,4491.8,4484.3,4488.8,548
2026-06-04T08:15:00+05:30,4489.2,4504.2,4489,4502,1291
2026-06-04T08:30:00+05:30,4501.7,4504.2,4496.9,4498.4,905
2026-06-04T08:45:00+05:30,4499,4499,4492.7,4496.3,478
2026-06-04T09:00:00+05:30,4497.5,4497.7,4487.6,4487.6,482
2026-06-04T09:15:00+05:30,4487.3,4491.9,4485.1,4491,474
2026-06-04T09:30:00+05:30,4490.6,4498,4489.1,4498,584
2026-06-04T09:45:00+05:30,4498.4,4503.1,4496.9,4501.6,780
2026-06-04T10:00:00+05:30,4501.8,4511.2,4501.8,4509.8,1116
2026-06-04T10:15:00+05:30,4510.3,4511.2,4505.9,4508.1,572
2026-06-04T10:30:00+05:30,4508.2,4509.6,4498.7,4504.2,721
2026-06-04T10:45:00+05:30,4504.5,4504.5,4498.1,4500.6,518
2026-06-04T11:00:00+05:30,4500.9,4502.7,4497.8,4501.2,663
2026-06-04T11:15:00+05:30,4501.7,4502,4493.5,4496,896
2026-06-04T11:30:00+05:30,4495.8,4504.3,4494.9,4501.2,891
2026-06-04T11:45:00+05:30,4500.7,4501.1,4493.1,4499,627
2026-06-04T12:00:00+05:30,4498.8,4503.7,4496.2,4496.2,846
2026-06-04T12:15:00+05:30,4496.2,4497.4,4489.8,4494.7,1003
2026-06-04T12:30:00+05:30,4495,4497.7,4489.3,4491.1,798
2026-06-04T12:45:00+05:30,4491.1,4497.4,4488.5,4492.5,754
2026-06-04T13:00:00+05:30,4492,4495,4486.9,4488.5,579
2026-06-04T13:15:00+05:30,4488.5,4489.4,4486.2,4488.5,410
2026-06-04T13:30:00+05:30,4488.4,4494.6,4486.6,4487.8,802
2026-06-04T13:45:00+05:30,4487.8,4492.4,4485.4,4490.5,852
2026-06-04T14:00:00+05:30,4490.7,4496.1,4486.8,4490.4,713
2026-06-04T14:15:00+05:30,4490.5,4492.6,4486.2,4490.2,452
2026-06-04T14:30:00+05:30,4489.9,4496.3,4487.7,4490.2,802
2026-06-04T14:45:00+05:30,4490.7,4494.8,4490.1,4491.9,520
2026-06-04T15:00:00+05:30,4492,4497,4488.7,4495.7,1533
2026-06-04T15:15:00+05:30,4495.7,4503.3,4495,4498.2,936
2026-06-04T15:30:00+05:30,4497.9,4499.7,4495.4,4498.5,539
2026-06-04T15:45:00+05:30,4498.9,4498.9,4491.9,4495.1,683
2026-06-04T16:00:00+05:30,4494.9,4500.5,4494.2,4499.4,689
2026-06-04T16:15:00+05:30,4499.2,4501.7,4496.4,4501.6,458
2026-06-04T16:30:00+05:30,4501.6,4506.6,4496.4,4501.3,1621
2026-06-04T16:45:00+05:30,4501.6,4519.4,4501.3,4517.4,1838
2026-06-04T17:00:00+05:30,4517.7,4520.5,4510,4519.8,1916
2026-06-04T17:15:00+05:30,4519.1,4542.4,4519.1,4539.2,3918
2026-06-04T17:30:00+05:30,4539.1,4541.9,4519.6,4521.5,3381
2026-06-04T17:45:00+05:30,4522,4527.9,4518.8,4526.1,1608
2026-06-04T18:00:00+05:30,4526.4,4529.9,4524.5,4529.7,1831
2026-06-04T18:15:00+05:30,4530,4538.8,4526.9,4531.6,2412
2026-06-04T18:30:00+05:30,4531.6,4537.8,4527.8,4530.8,1684
2026-06-04T18:45:00+05:30,4530.7,4537.2,4529.2,4532.3,957
2026-06-04T19:00:00+05:30,4532.2,4542.9,4529.4,4542.6,2581
2026-06-04T19:15:00+05:30,4542.6,4543.2,4523.3,4523.7,2499
2026-06-04T19:30:00+05:30,4523.4,4528,4513.9,4515.5,3200
2026-06-04T19:45:00+05:30,4515.4,4521.6,4511.4,4513.6,1897
2026-06-04T20:00:00+05:30,4513.9,4514.4,4499.8,4502.7,3480
2026-06-04T20:15:00+05:30,4502.6,4503.6,4483.8,4493.1,5815
2026-06-04T20:30:00+05:30,4493.2,4502.4,4490.6,4499.7,3952
2026-06-04T20:45:00+05:30,4499.7,4502.1,4496.9,4498.4,1555
2026-06-04T21:00:00+05:30,4498.6,4505,4497.5,4500.4,2375
2026-06-04T21:15:00+05:30,4500.2,4506.6,4497.3,4504.9,1263
2026-06-04T21:30:00+05:30,4504.9,4511.8,4502.8,4507,2489
2026-06-04T21:45:00+05:30,4507.2,4513.2,4507.2,4511.5,1673
2026-06-04T22:00:00+05:30,4511.5,4512.2,4507.2,4508.7,2244
2026-06-04T22:15:00+05:30,4508.9,4511.7,4507.6,4510.8,1436
2026-06-04T22:30:00+05:30,4510.5,4510.5,4503.9,4503.9,1039
2026-06-04T22:45:00+05:30,4504.1,4507.3,4502,4504.8,1627
2026-06-04T23:00:00+05:30,4504.9,4509.5,4503.9,4504.6,953
2026-06-04T23:15:00+05:30,4504.8,4508.3,4504.6,4506,398
2026-06-04T23:30:00+05:30,4506.1,4508.3,4504.1,4506.9,568
2026-06-04T23:45:00+05:30,4507,4508.8,4505,4505.9,411
2026-06-05T00:00:00+05:30,4505.7,4505.8,4500,4502.1,769
2026-06-05T00:15:00+05:30,4502.3,4507.3,4501.5,4505.9,466
2026-06-05T00:30:00+05:30,4506.1,4511.3,4503.9,4506,719
2026-06-05T00:45:00+05:30,4505.9,4508.1,4505.6,4507.8,397
2026-06-05T01:00:00+05:30,4507.5,4508.3,4505.1,4505.6,402
2026-06-05T01:15:00+05:30,4505.8,4510.4,4504.5,4508.9,797
2026-06-05T01:30:00+05:30,4508.5,4509.3,4505.6,4505.6,414
2026-06-05T01:45:00+05:30,4506,4507.2,4504,4505.3,260
2026-06-05T02:00:00+05:30,4505.4,4505.4,4502.9,4503,335
2026-06-05T02:15:00+05:30,4502.9,4503.9,4502.3,4502.4,292
2026-06-05T03:30:00+05:30,4503,4504.7,4500.4,4502.7,497
2026-06-05T03:45:00+05:30,4502.8,4508.5,4501.9,4506,554
2026-06-05T04:00:00+05:30,4506,4508.7,4502.6,4502.6,726
2026-06-05T04:15:00+05:30,4503,4504,4496,4496.9,698
2026-06-05T04:30:00+05:30,4497,4501.1,4491.2,4498.6,873
2026-06-05T04:45:00+05:30,4498.4,4500.8,4493.3,4496.5,357
2026-06-05T05:00:00+05:30,4496.7,4496.7,4489,4490.3,374
2026-06-05T05:15:00+05:30,4490.5,4493.1,4487.7,4488.4,323
2026-06-05T05:30:00+05:30,4488.2,4491.9,4481,4482.4,727
2026-06-05T05:45:00+05:30,4482.3,4484.6,4477.5,4484.5,954
2026-06-05T06:00:00+05:30,4484.2,4493.9,4483,4489.8,765
2026-06-05T06:15:00+05:30,4490.1,4493.3,4485.4,4485.8,522
2026-06-05T06:30:00+05:30,4485.8,4497,4479.5,4486.8,1357
2026-06-05T06:45:00+05:30,4486.7,4491.7,4475.8,4485.1,1297
2026-06-05T07:00:00+05:30,4485,4486.3,4471.8,4472.6,1559
2026-06-05T07:15:00+05:30,4472.8,4477.9,4470.7,4473.3,1327
2026-06-05T07:30:00+05:30,4473.4,4477.7,4468.6,4475.8,1240
2026-06-05T07:45:00+05:30,4475.8,4481.6,4471.6,4477.6,648
2026-06-05T08:00:00+05:30,4477.4,4478.2,4464.5,4469,1632
2026-06-05T08:15:00+05:30,4469.2,4476.1,4466.4,4467.1,885
2026-06-05T08:30:00+05:30,4466.7,4467.6,4462.5,4467.3,830
2026-06-05T08:45:00+05:30,4467.3,4470.1,4461.2,4463,574
2026-06-05T09:00:00+05:30,4463,4468.8,4462.6,4467.1,435
2026-06-05T09:15:00+05:30,4467.4,4469.5,4465.2,4468.2,415
2026-06-05T09:30:00+05:30,4468.7,4470.7,4464.6,4467.6,416
2026-06-05T09:45:00+05:30,4467.6,4469.9,4465,4465.8,702
2026-06-05T10:00:00+05:30,4466.1,4470.4,4463.8,4467.3,331
2026-06-05T10:15:00+05:30,4467.4,4472.9,4466,4471,399
2026-06-05T10:30:00+05:30,4471,4476.1,4469.2,4474.7,726
2026-06-05T10:45:00+05:30,4474.9,4475.1,4468,4471,495
2026-06-05T11:00:00+05:30,4470.5,4474,4465.4,4469.7,806
2026-06-05T11:15:00+05:30,4470,4474.5,4464.9,4465.9,642
2026-06-05T11:30:00+05:30,4466.4,4468.8,4461.6,4463.3,1167
2026-06-05T11:45:00+05:30,4462.6,4472.9,4454.8,4468.9,2165
2026-06-05T12:00:00+05:30,4468.9,4476.9,4468.9,4474.2,858
2026-06-05T12:15:00+05:30,4474.9,4483.2,4473.5,4479.7,1376
2026-06-05T12:30:00+05:30,4479.9,4490.1,4478.7,4485.4,1222
2026-06-05T12:45:00+05:30,4485.1,4494.2,4485.1,4494.1,875
2026-06-05T13:00:00+05:30,4493.9,4494.1,4486.2,4489,1280
2026-06-05T13:15:00+05:30,4489.1,4492,4487.7,4487.7,350
2026-06-05T13:30:00+05:30,4487.3,4490.5,4485.5,4487.7,580
2026-06-05T13:45:00+05:30,4487.9,4493.9,4486.9,4493.9,625
2026-06-05T14:00:00+05:30,4493.9,4495.4,4488,4488.8,619
2026-06-05T14:15:00+05:30,4489,4491.4,4488.6,4489.8,241
2026-06-05T14:30:00+05:30,4489.6,4496.6,4485.8,4493,1271
2026-06-05T14:45:00+05:30,4493.1,4496.6,4488.6,4489.8,988
2026-06-05T15:00:00+05:30,4489.6,4493.9,4485.8,4493,1832
2026-06-05T15:15:00+05:30,4493.1,4496.6,4489.6,4491.9,626
2026-06-05T15:30:00+05:30,4491.6,4492.4,4490.1,4492.2,346
2026-06-05T15:45:00+05:30,4492,4495,4491.5,4493.2,305
2026-06-05T16:00:00+05:30,4493.3,4494.1,4488.7,4491.6,485
2026-06-05T16:15:00+05:30,4491.8,4494.8,4491.3,4493.7,448
2026-06-05T16:30:00+05:30,4493.2,4494.1,4487.8,4488.1,499
2026-06-05T16:45:00+05:30,4488.1,4493.1,4484.8,4493.1,866
2026-06-05T17:00:00+05:30,4492.8,4494.3,4490,4491.8,544
2026-06-05T17:15:00+05:30,4491.7,4502.2,4490.9,4497,1004
2026-06-05T17:30:00+05:30,4497.4,4498.1,4491,4496.2,959
2026-06-05T17:45:00+05:30,4495.9,4502.8,4488.1,4491,2122
2026-06-05T18:00:00+05:30,4493.5,4493.5,4465.5,4472.1,5785
2026-06-05T18:15:00+05:30,4472.1,4475.7,4430.1,4432.1,8884
2026-06-05T18:30:00+05:30,4432,4446.4,4425.2,4443.9,6359
2026-06-05T18:45:00+05:30,4443.6,4446.6,4429.6,4431.1,3215
2026-06-05T19:00:00+05:30,4430.5,4435.5,4411.2,4414.7,6884
2026-06-05T19:15:00+05:30,4414.3,4416.3,4390,4390.5,8491
2026-06-05T19:30:00+05:30,4390.4,4404.2,4388.1,4391.1,9796
2026-06-05T19:45:00+05:30,4390.9,4395.6,4377.5,4385.7,6519
2026-06-05T20:00:00+05:30,4385.7,4388.8,4369.4,4374.4,5462
2026-06-05T20:15:00+05:30,4373.8,4394.9,4373.1,4394.6,4892
2026-06-05T20:30:00+05:30,4394.6,4397.3,4377.5,4378,2820
2026-06-05T20:45:00+05:30,4377.9,4383.1,4372.9,4376.8,3063
2026-06-05T21:00:00+05:30,4377,4380.1,4360.5,4363.3,3430
2026-06-05T21:15:00+05:30,4363.4,4366.9,4358.8,4360.4,2002
2026-06-05T21:30:00+05:30,4360.3,4366.7,4354,4358.2,3048
2026-06-05T21:45:00+05:30,4358.1,4358.6,4350,4354.5,2772
2026-06-05T22:00:00+05:30,4354.3,4357,4347.5,4352.4,2148
2026-06-05T22:15:00+05:30,4352.2,4370.3,4349.5,4369.1,2886
2026-06-05T22:30:00+05:30,4369.3,4371.4,4361,4363.9,1912
2026-06-05T22:45:00+05:30,4364.4,4368,4360.2,4367.4,2812
2026-06-05T23:00:00+05:30,4367.5,4372,4364.1,4365.7,1543
2026-06-05T23:15:00+05:30,4366,4368.3,4362.2,4366.2,1101
2026-06-05T23:30:00+05:30,4366.8,4366.8,4347.2,4347.5,2246
2026-06-05T23:45:00+05:30,4347.7,4355.4,4346.3,4350.2,2268
2026-06-06T00:00:00+05:30,4350.3,4351.2,4339.8,4343,3106
2026-06-06T00:15:00+05:30,4342.7,4351.4,4340.8,4346.7,1333
2026-06-06T00:30:00+05:30,4347.4,4348.1,4339.5,4339.8,1121
2026-06-06T00:45:00+05:30,4339.7,4348.6,4338.3,4348.6,1989
2026-06-06T01:00:00+05:30,4348.4,4349.5,4338.4,4343.1,1589
2026-06-06T01:15:00+05:30,4343.1,4348.1,4341.9,4343.5,1694
2026-06-06T01:30:00+05:30,4343.7,4344.2,4336.6,4340.4,1339
2026-06-06T01:45:00+05:30,4340.2,4351.4,4338.5,4347.2,1031
2026-06-06T02:00:00+05:30,4347.8,4349.9,4345.6,4349.4,697
2026-06-06T02:15:00+05:30,4349,4355.8,4348.8,4353.9,926
2026-06-08T03:30:00+05:30,4354,4361.9,4333.4,4354,2943
2026-06-08T03:45:00+05:30,4353.5,4354.7,4339.8,4340.4,868
2026-06-08T04:00:00+05:30,4340.2,4352.6,4339.1,4350.1,767
2026-06-08T04:15:00+05:30,4349.4,4350.7,4339.6,4341.4,549
2026-06-08T04:30:00+05:30,4341.5,4357.8,4341.4,4354.4,613
2026-06-08T04:45:00+05:30,4354.8,4358.4,4352.6,4358,479
2026-06-08T05:00:00+05:30,4358,4364.4,4356.7,4362.2,728
2026-06-08T05:15:00+05:30,4362.8,4371,4358.9,4367.9,929
2026-06-08T05:30:00+05:30,4367,4370.1,4364,4366.8,602
2026-06-08T05:45:00+05:30,4367,4377.5,4365.6,4375.2,912
2026-06-08T06:00:00+05:30,4375,4375.9,4365.8,4369.5,1047
2026-06-08T06:15:00+05:30,4369.4,4370,4363.1,4366,992
2026-06-08T06:30:00+05:30,4365.6,4369.5,4350,4351,2286
2026-06-08T06:45:00+05:30,4350.8,4351,4334.2,4338.3,2461
2026-06-08T07:00:00+05:30,4338.5,4351.4,4323.6,4350.7,2394
2026-06-08T07:15:00+05:30,4350.7,4353.4,4343.4,4349.6,1100
2026-06-08T07:30:00+05:30,4350.2,4354.8,4338.5,4340.6,1215
2026-06-08T07:45:00+05:30,4340,4343.5,4335,4338.7,962
2026-06-08T08:00:00+05:30,4339.1,4341.7,4331,4340.2,1767
2026-06-08T08:15:00+05:30,4339.7,4345,4333,4334.5,1006
2026-06-08T08:30:00+05:30,4334.9,4338.3,4328.1,4328.9,1036
2026-06-08T08:45:00+05:30,4328.5,4336.3,4327.4,4331.4,1024
2026-06-08T09:00:00+05:30,4331.1,4334.1,4329,4334,393
2026-06-08T09:15:00+05:30,4334,4341.1,4333.2,4341,439
2026-06-08T09:30:00+05:30,4342,4344.5,4337.8,4343.4,530
2026-06-08T09:45:00+05:30,4343.3,4346.4,4340.2,4344,601
2026-06-08T10:00:00+05:30,4344.3,4344.6,4331.8,4331.8,695
2026-06-08T10:15:00+05:30,4332.2,4338,4331.8,4337.2,351
2026-06-08T10:30:00+05:30,4337.1,4340.1,4328.6,4328.6,617
2026-06-08T10:45:00+05:30,4328.8,4339,4328.6,4336.2,672
2026-06-08T11:00:00+05:30,4335.8,4337.6,4293,4312.7,5473
2026-06-08T11:15:00+05:30,4312.7,4320.4,4309.9,4317.2,1613
2026-06-08T11:30:00+05:30,4317.5,4333.2,4317.2,4328.8,2022
2026-06-08T11:45:00+05:30,4328.7,4336.5,4324.6,4330.9,1277
2026-06-08T12:00:00+05:30,4330.7,4331.5,4318.7,4323.3,979
2026-06-08T12:15:00+05:30,4323.1,4325.6,4318.1,4325.3,774
2026-06-08T12:30:00+05:30,4325.1,4333.8,4320,4330.2,1144
2026-06-08T12:45:00+05:30,4330.5,4342,4324.6,4331.4,2052
2026-06-08T13:00:00+05:30,4331.7,4336.6,4326.6,4326.9,1403
2026-06-08T13:15:00+05:30,4327.2,4327.8,4319.3,4319.9,1132
2026-06-08T13:30:00+05:30,4319.3,4322.4,4314.7,4316.5,1654
2026-06-08T13:45:00+05:30,4316.7,4318.4,4309.6,4312.1,1696
2026-06-08T14:00:00+05:30,4312.8,4316.5,4310.7,4315.1,1311
2026-06-08T14:15:00+05:30,4315.1,4318.3,4310.2,4313.1,1806
2026-06-08T14:30:00+05:30,4313.5,4316.8,4308.8,4313.7,601
2026-06-08T14:45:00+05:30,4313.5,4315.5,4303.5,4304.4,1192
2026-06-08T15:00:00+05:30,4304.1,4320.7,4297.1,4318,4157
2026-06-08T15:15:00+05:30,4318.2,4326.4,4315.5,4318.8,1690
2026-06-08T15:30:00+05:30,4319,4322.2,4310.6,4319.2,1315
2026-06-08T15:45:00+05:30,4319.7,4320.3,4314.2,4318.4,744
2026-06-08T16:00:00+05:30,4318.2,4330.3,4316.6,4329.2,1811
2026-06-08T16:15:00+05:30,4329.5,4329.5,4321.4,4326.4,926
2026-06-08T16:30:00+05:30,4326.2,4343.3,4321.3,4343.3,1959
2026-06-08T16:45:00+05:30,4343.3,4356.1,4337.5,4350.2,4176
2026-06-08T17:00:00+05:30,4350,4358.5,4347.2,4349,1746
2026-06-08T17:15:00+05:30,4349.2,4357.4,4346,4356.3,1524
2026-06-08T17:30:00+05:30,4355.7,4359.5,4346.8,4347,2119
2026-06-08T17:45:00+05:30,4347,4357.4,4344.8,4354.7,1687
2026-06-08T18:00:00+05:30,4354.6,4364.8,4352.4,4360.6,3096
2026-06-08T18:15:00+05:30,4360.9,4363,4352,4358,1692
2026-06-08T18:30:00+05:30,4358.1,4359.8,4347.6,4348.4,2465
2026-06-08T18:45:00+05:30,4348.6,4360.8,4345.7,4355.6,1833
2026-06-08T19:00:00+05:30,4355.5,4371.5,4355.5,4360.7,4147
2026-06-08T19:15:00+05:30,4361.1,4363.6,4350.4,4351.8,3131
2026-06-08T19:30:00+05:30,4351.3,4355.3,4341.4,4344.3,4263
2026-06-08T19:45:00+05:30,4344.4,4349.1,4340.6,4344.9,2355
2026-06-08T20:00:00+05:30,4345,4348.9,4339,4348,2375
2026-06-08T20:15:00+05:30,4347.5,4356.3,4341.7,4355.8,2402
2026-06-08T20:30:00+05:30,4356.3,4361.1,4348.6,4349.8,2290
2026-06-08T20:45:00+05:30,4350,4360.5,4346.9,4354.8,2516
2026-06-08T21:00:00+05:30,4355.3,4364.4,4353,4364.1,1911
2026-06-08T21:15:00+05:30,4364.1,4370,4359.6,4366.1,1963
2026-06-08T21:30:00+05:30,4365.9,4368,4362.2,4365,1080
2026-06-08T21:45:00+05:30,4365.4,4368.3,4363.9,4365.2,862
2026-06-08T22:00:00+05:30,4365.2,4371,4364.9,4368.5,1099
2026-06-08T22:15:00+05:30,4368.3,4370.6,4362.2,4365,1096
2026-06-08T22:30:00+05:30,4365.1,4366.8,4360.2,4363.1,1061
2026-06-08T22:45:00+05:30,4363.3,4364.8,4357.7,4363.3,1888
2026-06-08T23:00:00+05:30,4363.6,4364,4356.6,4358.6,1056
2026-06-08T23:15:00+05:30,4358.6,4363.8,4358.3,4363.4,555
2026-06-08T23:30:00+05:30,4363.3,4369.7,4363,4366.2,930
2026-06-08T23:45:00+05:30,4365.9,4370.2,4365.9,4366.9,853
2026-06-09T00:00:00+05:30,4366.7,4368.9,4360.3,4360.9,814
2026-06-09T00:15:00+05:30,4361,4361.2,4357.1,4358.8,953
2026-06-09T00:30:00+05:30,4358.7,4362.3,4353.9,4354.1,811
2026-06-09T00:45:00+05:30,4354,4355.9,4350.3,4352,1011
2026-06-09T01:00:00+05:30,4351.7,4354.8,4348.4,4349.1,1003
2026-06-09T01:15:00+05:30,4349.1,4354,4346.6,4350.3,1537
2026-06-09T01:30:00+05:30,4350.5,4353.8,4350.4,4352,606
2026-06-09T01:45:00+05:30,4352,4352.2,4348,4350,292
2026-06-09T02:00:00+05:30,4350.9,4352.4,4349.2,4350,168
2026-06-09T02:15:00+05:30,4350.5,4354.4,4349.4,4353.8,219
2026-06-09T03:30:00+05:30,4354.7,4358.6,4347.6,4348.5,353
2026-06-09T03:45:00+05:30,4348.1,4351.1,4345.8,4348.4,202
2026-06-09T04:00:00+05:30,4349.3,4350.7,4348.3,4350.7,116
2026-06-09T04:15:00+05:30,4351.1,4352.1,4349.3,4351.5,184
2026-06-09T04:30:00+05:30,4350.9,4352.4,4348.4,4351.2,157
2026-06-09T04:45:00+05:30,4351.1,4351.6,4343.7,4344,291
2026-06-09T05:00:00+05:30,4343.9,4345.3,4337.7,4343.3,443
2026-06-09T05:15:00+05:30,4343,4343.3,4336,4340.9,688
2026-06-09T05:30:00+05:30,4340.9,4347.5,4338.8,4346.3,629
2026-06-09T05:45:00+05:30,4346.3,4347.3,4340.3,4340.6,350
2026-06-09T06:00:00+05:30,4341,4347.1,4338.8,4342.3,837
2026-06-09T06:15:00+05:30,4342.6,4345.6,4339.2,4344.1,582
2026-06-09T06:30:00+05:30,4344,4352.6,4342.5,4348.2,999
2026-06-09T06:45:00+05:30,4347.9,4362.4,4346.7,4359.8,1223
2026-06-09T07:00:00+05:30,4359.9,4362.9,4357.3,4360,796
2026-06-09T07:15:00+05:30,4360.1,4362.9,4357.5,4360.8,710
2026-06-09T07:30:00+05:30,4360.9,4361.6,4352.7,4357.1,823
2026-06-09T07:45:00+05:30,4357.1,4360.6,4354.6,4360.2,440
2026-06-09T08:00:00+05:30,4359.9,4364,4355.5,4363,586
2026-06-09T08:15:00+05:30,4363.6,4365.7,4359,4360.4,541
2026-06-09T08:30:00+05:30,4360.1,4366,4355.2,4362.8,948
2026-06-09T08:45:00+05:30,4364.3,4366.5,4357.7,4360.7,624
2026-06-09T09:00:00+05:30,4361.1,4362.3,4357.8,4361.9,465
2026-06-09T09:15:00+05:30,4362.3,4366.4,4359,4361.1,610
2026-06-09T09:30:00+05:30,4360.8,4364.1,4356.9,4356.9,598
2026-06-09T09:45:00+05:30,4356.6,4357.3,4353.2,4355,391
2026-06-09T10:00:00+05:30,4355.2,4355.3,4348.6,4352.6,876
2026-06-09T10:15:00+05:30,4352.3,4357.3,4350.9,4356.5,466
2026-06-09T10:30:00+05:30,4356.9,4361.6,4355.2,4355.6,566
2026-06-09T10:45:00+05:30,4355.6,4359.8,4354.8,4356.8,346
2026-06-09T11:00:00+05:30,4356.3,4375.7,4355.7,4372.7,1444
2026-06-09T11:15:00+05:30,4373.2,4373.6,4365.9,4367.9,911
2026-06-09T11:30:00+05:30,4368.1,4373.2,4364.3,4365.4,827
2026-06-09T11:45:00+05:30,4365.3,4370.3,4362.6,4363.5,805
2026-06-09T12:00:00+05:30,4363.3,4363.6,4356,4360.9,1123
2026-06-09T12:15:00+05:30,4360.9,4364.3,4354.1,4354.4,777
2026-06-09T12:30:00+05:30,4354.4,4358.9,4350.4,4350.4,1153
2026-06-09T12:45:00+05:30,4350.4,4356,4346.6,4354.8,1113
2026-06-09T13:00:00+05:30,4355.1,4355.1,4346,4352.2,860
2026-06-09T13:15:00+05:30,4351.7,4353.9,4348.9,4350.2,603
2026-06-09T13:30:00+05:30,4350.1,4360,4344.5,4355.8,1431
2026-06-09T13:45:00+05:30,4355.7,4359.1,4355.1,4357.7,704
2026-06-09T14:00:00+05:30,4358,4360.8,4354.1,4358.6,565
2026-06-09T14:15:00+05:30,4358.8,4359,4349.3,4350.4,635
2026-06-09T14:30:00+05:30,4350.2,4354.5,4348.7,4351.8,450
2026-06-09T14:45:00+05:30,4351.7,4359.5,4347.9,4350.2,1341
2026-06-09T15:00:00+05:30,4350.2,4354.7,4348.9,4351.1,1304
2026-06-09T15:15:00+05:30,4350.9,4357.5,4350.8,4356,558
2026-06-09T15:30:00+05:30,4356,4359.9,4349.1,4359.6,1015
2026-06-09T15:45:00+05:30,4359.8,4360.7,4355.4,4357.5,690
2026-06-09T16:00:00+05:30,4357.8,4359,4353.6,4356,669
2026-06-09T16:15:00+05:30,4356.5,4365.2,4354.3,4363.3,1245
2026-06-09T16:30:00+05:30,4363.3,4365.2,4359.9,4361.9,624
2026-06-09T16:45:00+05:30,4362.1,4364.7,4360.4,4362.5,454
2026-06-09T17:00:00+05:30,4362.5,4364.2,4360.9,4363.6,411
2026-06-09T17:15:00+05:30,4363.3,4368.3,4361.4,4364.3,1011
2026-06-09T17:30:00+05:30,4364.4,4368.6,4364,4365.6,1081
2026-06-09T17:45:00+05:30,4365.8,4367.7,4359.4,4359.9,1465
2026-06-09T18:00:00+05:30,4360,4366.3,4359,4365,1222
2026-06-09T18:15:00+05:30,4365,4369,4360.9,4365.4,1374
2026-06-09T18:30:00+05:30,4366.1,4370,4362.6,4365.2,1822
2026-06-09T18:45:00+05:30,4365.6,4366.4,4354.3,4355.4,1562
2026-06-09T19:00:00+05:30,4355.7,4359,4349.1,4354.5,2203
2026-06-09T19:15:00+05:30,4354.4,4388.6,4351,4353.2,7348
2026-06-09T19:30:00+05:30,4352.9,4360.3,4343.4,4345.1,4024
2026-06-09T19:45:00+05:30,4344.8,4348,4328.3,4342.7,4974
2026-06-09T20:00:00+05:30,4342.4,4345.5,4307.2,4308.6,5191
2026-06-09T20:15:00+05:30,4308.6,4325.3,4302.1,4325,5717
2026-06-09T20:30:00+05:30,4324.8,4326.4,4313.6,4319.5,2683
2026-06-09T20:45:00+05:30,4319,4321.2,4301,4302.8,2492
2026-06-09T21:00:00+05:30,4302.9,4306.1,4287.1,4304.1,5103
2026-06-09T21:15:00+05:30,4304.2,4310.2,4296.3,4296.7,2817
2026-06-09T21:30:00+05:30,4296.5,4305.3,4282.3,4283.1,3701
2026-06-09T21:45:00+05:30,4283.4,4290.9,4276.9,4287.1,3703
2026-06-09T22:00:00+05:30,4286.8,4291.4,4259.9,4268.9,6007
2026-06-09T22:15:00+05:30,4268.1,4278.1,4262.4,4276,3046
2026-06-09T22:30:00+05:30,4276.1,4288.4,4275.1,4285.5,2846
2026-06-09T22:45:00+05:30,4285.6,4292,4282.7,4287.4,3397
2026-06-09T23:00:00+05:30,4287.6,4292.7,4285.3,4289.5,1761
2026-06-09T23:15:00+05:30,4289.5,4291.2,4280.2,4287.2,1650
2026-06-09T23:30:00+05:30,4287.5,4291.4,4283.6,4289.7,870
2026-06-09T23:45:00+05:30,4289.6,4298.8,4287,4295.2,1101
2026-06-10T00:00:00+05:30,4295.1,4298.6,4288,4288.7,734
2026-06-10T00:15:00+05:30,4288.7,4296.1,4286.5,4294.4,669
2026-06-10T00:30:00+05:30,4294.6,4296.1,4282.3,4283,848
2026-06-10T00:45:00+05:30,4282.9,4283.4,4276.7,4281.6,1315
2026-06-10T01:00:00+05:30,4281.2,4284.2,4274.2,4275,838
2026-06-10T01:15:00+05:30,4275.3,4283.5,4274,4282.7,1670
2026-06-10T01:30:00+05:30,4282.8,4285.2,4280,4282.4,405
2026-06-10T01:45:00+05:30,4282,4284.5,4281.8,4283,222
2026-06-10T02:00:00+05:30,4283,4285.9,4281.7,4285.3,241
2026-06-10T02:15:00+05:30,4285.5,4286.1,4283.4,4284.8,273
2026-06-10T03:30:00+05:30,4276.1,4281.1,4270.3,4279.4,590
2026-06-10T03:45:00+05:30,4279.4,4280.6,4276.5,4280.6,447
2026-06-10T04:00:00+05:30,4280.5,4281,4270.7,4272.4,1143
2026-06-10T04:15:00+05:30,4272.9,4273.4,4255.4,4260.4,2052
2026-06-10T04:30:00+05:30,4260.1,4270.6,4258.9,4259,956
2026-06-10T04:45:00+05:30,4259.5,4259.5,4245.6,4247.2,1610
2026-06-10T05:00:00+05:30,4247.6,4252.7,4239.2,4241.5,1322
2026-06-10T05:15:00+05:30,4240.7,4247.5,4233,4245.1,1388
2026-06-10T05:30:00+05:30,4245.2,4249.4,4239.5,4248.3,816
2026-06-10T05:45:00+05:30,4247.3,4251.1,4240.6,4240.6,832
2026-06-10T06:00:00+05:30,4241.1,4241.9,4222,4227.8,2414
2026-06-10T06:15:00+05:30,4228,4244.1,4223.4,4241.6,1569
2026-06-10T06:30:00+05:30,4242.2,4242.5,4210.7,4227.3,3617
2026-06-10T06:45:00+05:30,4226.8,4240.3,4221.2,4225.5,1297
2026-06-10T07:00:00+05:30,4224.8,4230.5,4208.2,4210.7,2149
2026-06-10T07:15:00+05:30,4211,4219.4,4207.2,4212.2,1340
2026-06-10T07:30:00+05:30,4212.9,4215.8,4203.2,4207,1279
2026-06-10T07:45:00+05:30,4207.3,4212.9,4202,4212.1,1264
2026-06-10T08:00:00+05:30,4212.5,4216.5,4198.2,4208.3,2010
2026-06-10T08:15:00+05:30,4208.7,4214.8,4196.9,4197.8,1311
2026-06-10T08:30:00+05:30,4197.5,4204.7,4195.5,4201.9,1087
2026-06-10T08:45:00+05:30,4201.8,4205,4197.3,4201,548
2026-06-10T09:00:00+05:30,4200.8,4206.7,4200,4203.4,716
2026-06-10T09:15:00+05:30,4204,4210.2,4203.5,4208.7,422
2026-06-10T09:30:00+05:30,4208.9,4211.2,4204.2,4204.6,380
2026-06-10T09:45:00+05:30,4205.5,4205.8,4196.9,4197.9,671
2026-06-10T10:00:00+05:30,4197.9,4198.9,4195.8,4196.4,601
2026-06-10T10:15:00+05:30,4196.6,4199,4194.2,4198,410
2026-06-10T10:30:00+05:30,4197.7,4203.9,4196.3,4202.6,628
2026-06-10T10:45:00+05:30,4203.3,4210.5,4198.5,4210.5,770
2026-06-10T11:00:00+05:30,4210.7,4222.3,4205.2,4221.4,1808
2026-06-10T11:15:00+05:30,4221.6,4232.2,4220.7,4228.7,1497
2026-06-10T11:30:00+05:30,4228.6,4245.5,4228.4,4235.7,2244
2026-06-10T11:45:00+05:30,4236.1,4240.1,4231.1,4235.4,1070
2026-06-10T12:00:00+05:30,4234.7,4236.9,4228.6,4230.8,1175
2026-06-10T12:15:00+05:30,4230.8,4233.1,4225.1,4227.1,826
2026-06-10T12:30:00+05:30,4226.7,4231,4220.6,4223.5,1314
2026-06-10T12:45:00+05:30,4223.3,4226.5,4216.5,4218.1,969
2026-06-10T13:00:00+05:30,4218.3,4220.7,4211.1,4212.9,1259
2026-06-10T13:15:00+05:30,4213,4216.3,4205,4209.7,2235
2026-06-10T13:30:00+05:30,4209.4,4211,4184,4189.9,3591
2026-06-10T13:45:00+05:30,4189.7,4201.6,4189,4194.7,2105
2026-06-10T14:00:00+05:30,4194.8,4202,4189.3,4193.3,2297
2026-06-10T14:15:00+05:30,4193.2,4199.2,4188.7,4191.7,1649
2026-06-10T14:30:00+05:30,4192,4197.1,4187.7,4187.7,1449
2026-06-10T14:45:00+05:30,4187.6,4197.7,4186.9,4189,1930
2026-06-10T15:00:00+05:30,4188.6,4202.6,4188.6,4194.3,2096
2026-06-10T15:15:00+05:30,4194.5,4197.6,4185.6,4191.6,1636
2026-06-10T15:30:00+05:30,4191.6,4193.8,4178.5,4184,2331
2026-06-10T15:45:00+05:30,4183.7,4192.8,4182.4,4187.6,1360
2026-06-10T16:00:00+05:30,4187.4,4194.2,4186.8,4194.1,832
2026-06-10T16:15:00+05:30,4194.1,4201.5,4192.6,4197.5,1402
2026-06-10T16:30:00+05:30,4197.5,4198.6,4176,4191.3,3051
2026-06-10T16:45:00+05:30,4191.4,4194.6,4179.5,4189.2,2259
2026-06-10T17:00:00+05:30,4188.8,4190.6,4176.9,4177.1,1839
2026-06-10T17:15:00+05:30,4176.8,4186.2,4168.2,4170.2,3317
2026-06-10T17:30:00+05:30,4169.9,4175.2,4157,4158.9,3725
2026-06-10T17:45:00+05:30,4158.6,4166.3,4152,4164.4,5576
2026-06-10T18:00:00+05:30,4164.4,4197.3,4161.5,4183.5,7039
2026-06-10T18:15:00+05:30,4183.8,4192.8,4164.9,4169.6,3657
2026-06-10T18:30:00+05:30,4170.1,4181.2,4167.6,4174,5161
2026-06-10T18:45:00+05:30,4174.3,4174.3,4154.9,4172.1,3628
2026-06-10T19:00:00+05:30,4172,4203.1,4164.8,4203.1,7061
2026-06-10T19:15:00+05:30,4202.1,4209.5,4196.3,4203,5597
2026-06-10T19:30:00+05:30,4202.6,4204.1,4193,4197.6,3946
2026-06-10T19:45:00+05:30,4198,4198.5,4182.6,4184.2,3389
2026-06-10T20:00:00+05:30,4184,4186.4,4172.7,4173,2664
2026-06-10T20:15:00+05:30,4172.5,4174.6,4139.7,4147.1,5566
2026-06-10T20:30:00+05:30,4147.7,4159.2,4141.5,4146.3,4072
2026-06-10T20:45:00+05:30,4145.7,4159.7,4135.9,4150.5,4388
2026-06-10T21:00:00+05:30,4150.8,4154.3,4144.9,4152.1,2721
2026-06-10T21:15:00+05:30,4151.6,4154.3,4129.6,4151.9,5850
2026-06-10T21:30:00+05:30,4152.7,4156.1,4145.9,4152.2,2213
2026-06-10T21:45:00+05:30,4152.2,4158.8,4148.8,4150.6,2082
2026-06-10T22:00:00+05:30,4150.3,4155,4143.1,4145.2,1930
2026-06-10T22:15:00+05:30,4144.8,4145.8,4138.7,4144.6,1490
2026-06-10T22:30:00+05:30,4144.5,4157.6,4137.3,4140.3,2729
2026-06-10T22:45:00+05:30,4140.4,4143,4131.7,4133.8,3564
2026-06-10T23:00:00+05:30,4133.6,4135.1,4124.7,4124.8,2634
2026-06-10T23:15:00+05:30,4125.3,4136.7,4123.5,4134.9,2524
2026-06-10T23:30:00+05:30,4135.3,4144,4134.6,4138.8,1439
2026-06-10T23:45:00+05:30,4139,4141.2,4132.8,4136,946
2026-06-11T00:00:00+05:30,4135.7,4135.9,4127.9,4128.2,1131
2026-06-11T00:15:00+05:30,4128.1,4130.8,4120.2,4125,1743
2026-06-11T00:30:00+05:30,4125.4,4125.8,4110.6,4112.7,2568
2026-06-11T00:45:00+05:30,4112.5,4116,4105,4108,2359
2026-06-11T01:00:00+05:30,4108.2,4115.8,4105.5,4115.1,1489
2026-06-11T01:15:00+05:30,4115.4,4116.1,4105.1,4106.2,1982
2026-06-11T01:30:00+05:30,4106,4106.4,4092.3,4095.3,1827
2026-06-11T01:45:00+05:30,4095,4103.2,4094.3,4101.5,570
2026-06-11T02:00:00+05:30,4101.3,4101.3,4094.2,4095.9,649
2026-06-11T02:15:00+05:30,4095.6,4095.7,4090.1,4094.1,877
2026-06-11T03:30:00+05:30,4094.4,4094.4,4072.4,4077.8,2502
2026-06-11T03:45:00+05:30,4079,4079.6,4059.2,4068,2403
2026-06-11T04:00:00+05:30,4068.5,4092.3,4067.5,4085.9,1712
2026-06-11T04:15:00+05:30,4085.9,4090.1,4068.2,4069.1,1136
2026-06-11T04:30:00+05:30,4069.2,4076.9,4046.2,4052.9,1961
2026-06-11T04:45:00+05:30,4052.1,4087.2,4047.6,4084.1,2403
2026-06-11T05:00:00+05:30,4083.6,4086.8,4077.2,4078.1,817
2026-06-11T05:15:00+05:30,4078.4,4079.7,4066.7,4069.7,969
2026-06-11T05:30:00+05:30,4070.9,4081.8,4058,4074.5,1851
2026-06-11T05:45:00+05:30,4074.9,4095.4,4072,4089.4,3149
2026-06-11T06:00:00+05:30,4089,4098.7,4081,4085,1530
2026-06-11T06:15:00+05:30,4085.6,4100,4085.3,4097.5,1615
2026-06-11T06:30:00+05:30,4097.3,4111.4,4087.4,4108,4656
2026-06-11T06:45:00+05:30,4107.7,4129.7,4106.9,4124.9,5265
2026-06-11T07:00:00+05:30,4125.1,4138.5,4124.3,4134.1,2986
2026-06-11T07:15:00+05:30,4134.3,4137.7,4118,4122.4,1925
2026-06-11T07:30:00+05:30,4122.8,4122.9,4109.3,4110,1504
2026-06-11T07:45:00+05:30,4110.9,4116.2,4101.9,4102.8,1514
2026-06-11T08:00:00+05:30,4103.2,4105.5,4076,4080.5,2751
2026-06-11T08:15:00+05:30,4080.2,4095.2,4073.4,4089.3,1667
2026-06-11T08:30:00+05:30,4089.4,4099.8,4085.6,4086.2,1206
2026-06-11T08:45:00+05:30,4087.8,4092.3,4078.1,4084.3,1235
2026-06-11T09:00:00+05:30,4084.2,4093.3,4083.9,4089.2,836
2026-06-11T09:15:00+05:30,4090.4,4097,4086.5,4094,597
2026-06-11T09:30:00+05:30,4094.4,4104.5,4091.2,4104.1,859
2026-06-11T09:45:00+05:30,4103.9,4106.9,4097.2,4098.9,647
2026-06-11T10:00:00+05:30,4099.2,4105.4,4095.8,4103.7,781
2026-06-11T10:15:00+05:30,4103.8,4107.4,4101,4103.8,657
2026-06-11T10:30:00+05:30,4104.3,4104.5,4096.4,4098.6,622
2026-06-11T10:45:00+05:30,4098.1,4102.5,4093.8,4096.7,620
2026-06-11T11:00:00+05:30,4095.9,4120.9,4095.9,4120.1,2569
2026-06-11T11:15:00+05:30,4120,4127.4,4114.4,4115.5,1228
2026-06-11T11:30:00+05:30,4115,4115.8,4097,4105.4,1866
2026-06-11T11:45:00+05:30,4105,4114,4102.6,4107.5,957
2026-06-11T12:00:00+05:30,4108,4113.6,4103.7,4113.6,841
2026-06-11T12:15:00+05:30,4113.9,4118.5,4112,4115.7,862
2026-06-11T12:30:00+05:30,4115.6,4119.4,4112,4117.8,1376
2026-06-11T12:45:00+05:30,4117.7,4131.2,4117.7,4128.4,2199
2026-06-11T13:00:00+05:30,4128.2,4131.5,4122.5,4128.4,1567
2026-06-11T13:15:00+05:30,4128.2,4128.8,4119.4,4125.8,1052
2026-06-11T13:30:00+05:30,4125.7,4133.6,4124.8,4126.8,1522
2026-06-11T13:45:00+05:30,4127.1,4129.3,4117.8,4118.5,1234
2026-06-11T14:00:00+05:30,4118.4,4120.5,4111,4111.5,1470
2026-06-11T14:15:00+05:30,4111.3,4113.1,4105.6,4105.6,1191
2026-06-11T14:30:00+05:30,4105,4108.5,4101.9,4107.1,1199
2026-06-11T14:45:00+05:30,4106.8,4110,4099.5,4100,1427
2026-06-11T15:00:00+05:30,4100,4112.9,4098.1,4112.6,1474
2026-06-11T15:15:00+05:30,4112.6,4117.5,4110.2,4112.4,954
2026-06-11T15:30:00+05:30,4111.8,4115,4108.3,4113,679
2026-06-11T15:45:00+05:30,4112.6,4115.6,4107.2,4108.6,666
2026-06-11T16:00:00+05:30,4108.2,4113.7,4107.5,4111.1,587
2026-06-11T16:15:00+05:30,4111,4113.6,4108.1,4110.3,446
2026-06-11T16:30:00+05:30,4110.3,4114,4106.4,4106.6,844
2026-06-11T16:45:00+05:30,4106.3,4111.6,4103.4,4110.9,1055
2026-06-11T17:00:00+05:30,4110.4,4116.4,4102,4105.4,1720
2026-06-11T17:15:00+05:30,4105,4108.3,4100.2,4100.7,706
2026-06-11T17:30:00+05:30,4100.9,4107.8,4091.9,4096.4,1680
2026-06-11T17:45:00+05:30,4096.4,4102.5,4081.6,4089.5,3629
2026-06-11T18:00:00+05:30,4089,4097.7,4078,4093.5,3587
2026-06-11T18:15:00+05:30,4093.6,4106.3,4090.4,4102.5,3048
2026-06-11T18:30:00+05:30,4102.7,4106.9,4092.7,4094.1,2428
2026-06-11T18:45:00+05:30,4094.3,4102.7,4093,4096.4,1793
2026-06-11T19:00:00+05:30,4096.2,4103.7,4088,4097.4,3121
2026-06-11T19:15:00+05:30,4097.6,4114.3,4094.4,4104.3,4428
2026-06-11T19:30:00+05:30,4104,4106.6,4072.8,4081.6,5778
2026-06-11T19:45:00+05:30,4081.7,4105.6,4075.8,4095.3,4003
2026-06-11T20:00:00+05:30,4095.3,4104.4,4091.3,4097.2,2173
2026-06-11T20:15:00+05:30,4097.3,4101.4,4092.7,4094.4,1570
2026-06-11T20:30:00+05:30,4094.2,4108.8,4090.9,4101.3,2618
2026-06-11T20:45:00+05:30,4101.9,4110.6,4096,4102.9,2220
2026-06-11T21:00:00+05:30,4102.9,4111.9,4098.5,4109,1923
2026-06-11T21:15:00+05:30,4109.7,4116.8,4106.7,4110,2039
2026-06-11T21:30:00+05:30,4110.2,4124.6,4108,4124,1858
2026-06-11T21:45:00+05:30,4123.8,4129,4100.4,4100.8,2925
2026-06-11T22:00:00+05:30,4100.4,4109.1,4099.5,4103.3,1578
2026-06-11T22:15:00+05:30,4103,4105.5,4098.9,4101.2,1047
2026-06-11T22:30:00+05:30,4101.5,4101.9,4092.9,4097.2,2024
2026-06-11T22:45:00+05:30,4096.9,4123.2,4095.2,4122.5,3829
2026-06-11T23:00:00+05:30,4122.6,4191.8,4122.1,4188.2,12074
2026-06-11T23:15:00+05:30,4188.4,4188.4,4167.4,4173.2,4238
2026-06-11T23:30:00+05:30,4173.2,4176.7,4152,4167.5,3336
2026-06-11T23:45:00+05:30,4167.2,4184.1,4165.7,4173.7,4317
2026-06-12T00:00:00+05:30,4173.8,4186.6,4170.1,4186,1250
2026-06-12T00:15:00+05:30,4185.8,4193,4181.8,4183.1,2015
2026-06-12T00:30:00+05:30,4183.5,4211,4183.5,4209.9,3665
2026-06-12T00:45:00+05:30,4210,4220,4207.7,4216.8,2708
2026-06-12T01:00:00+05:30,4217,4241.3,4217,4230.9,4407
2026-06-12T01:15:00+05:30,4231.3,4236.4,4228.2,4229.9,2646
2026-06-12T01:30:00+05:30,4230.2,4240,4229.2,4235.4,1558
2026-06-12T01:45:00+05:30,4234.8,4237.4,4232.8,4235.4,713
2026-06-12T02:00:00+05:30,4235.7,4237.3,4230.4,4230.4,812
2026-06-12T02:15:00+05:30,4230.4,4233.8,4230,4233.8,735
2026-06-12T03:30:00+05:30,4234.9,4243.5,4226.2,4230.7,944
2026-06-12T03:45:00+05:30,4229.8,4236.3,4226.8,4235.5,612
2026-06-12T04:00:00+05:30,4235.5,4249.2,4232.4,4246.7,1021
2026-06-12T04:15:00+05:30,4246.5,4267.8,4245.9,4264.2,1975
2026-06-12T04:30:00+05:30,4264.5,4267.2,4240,4245,1236
2026-06-12T04:45:00+05:30,4244.1,4246.8,4234.6,4237.3,676
2026-06-12T05:00:00+05:30,4236.8,4243.7,4234.8,4240.1,832
2026-06-12T05:15:00+05:30,4240.7,4245.2,4235.6,4240.6,597
2026-06-12T05:30:00+05:30,4240.1,4246.8,4233,4237.3,863
2026-06-12T05:45:00+05:30,4237,4251.7,4228.1,4241.4,1501
2026-06-12T06:00:00+05:30,4241.7,4249.8,4223.7,4225,1121
2026-06-12T06:15:00+05:30,4225.7,4229.4,4221.4,4229,1031
2026-06-12T06:30:00+05:30,4229.7,4232.4,4204,4208.4,2973
2026-06-12T06:45:00+05:30,4208.9,4215.4,4200.3,4202.6,1137
2026-06-12T07:00:00+05:30,4204,4208.3,4192.9,4201.1,2215
2026-06-12T07:15:00+05:30,4201.3,4213.2,4201.3,4208.2,953
2026-06-12T07:30:00+05:30,4208.2,4221.9,4205.5,4215.9,1167
2026-06-12T07:45:00+05:30,4215.9,4215.9,4208.3,4209.9,454
2026-06-12T08:00:00+05:30,4210.6,4215.3,4204.2,4208.3,701
2026-06-12T08:15:00+05:30,4208,4215.4,4205.6,4213.5,519
2026-06-12T08:30:00+05:30,4212.7,4218.1,4211.4,4216,438
2026-06-12T08:45:00+05:30,4215.9,4225.4,4215,4225.1,915
2026-06-12T09:00:00+05:30,4224.8,4226.7,4220.8,4221.1,601
2026-06-12T09:15:00+05:30,4221,4223.3,4217.4,4218.7,371
2026-06-12T09:30:00+05:30,4219,4222.6,4213.7,4216.5,478
2026-06-12T09:45:00+05:30,4216.3,4217.2,4212,4214.5,268
2026-06-12T10:00:00+05:30,4214.5,4220.1,4213.9,4215.2,354
2026-06-12T10:15:00+05:30,4215.5,4215.9,4211.1,4211.9,252
2026-06-12T10:30:00+05:30,4211.8,4214.4,4203.6,4210.5,676
2026-06-12T10:45:00+05:30,4209.9,4211.1,4206.2,4208.9,331
2026-06-12T11:00:00+05:30,4208.5,4209.6,4194,4201.8,1314
2026-06-12T11:15:00+05:30,4202.2,4202.2,4192.1,4194.7,828
2026-06-12T11:30:00+05:30,4194.7,4207,4194.7,4204.9,1092
2026-06-12T11:45:00+05:30,4204.4,4204.6,4200.6,4203.8,535
2026-06-12T12:00:00+05:30,4204,4204.5,4193.7,4198.1,787
2026-06-12T12:15:00+05:30,4198.2,4206.1,4195.6,4205.4,816
2026-06-12T12:30:00+05:30,4205.5,4206.3,4197.5,4199.4,847
2026-06-12T12:45:00+05:30,4199.6,4201.2,4195.3,4195.3,831
2026-06-12T13:00:00+05:30,4195.3,4205.7,4191.1,4204.3,1726
2026-06-12T13:15:00+05:30,4204.7,4215.2,4195.2,4215.2,2221
2026-06-12T13:30:00+05:30,4215.9,4226.4,4213.2,4224.9,2124
2026-06-12T13:45:00+05:30,4225.7,4242,4220.8,4234.5,2468
2026-06-12T14:00:00+05:30,4235,4244.9,4233.7,4239.8,1855
2026-06-12T14:15:00+05:30,4240.1,4247.7,4236.3,4241.2,1146
2026-06-12T14:30:00+05:30,4241.4,4247,4239.1,4245.8,868
2026-06-12T14:45:00+05:30,4245.9,4248.6,4240.6,4242.5,1865
2026-06-12T15:00:00+05:30,4242.1,4249.3,4240.4,4246.7,1888
2026-06-12T15:15:00+05:30,4246.9,4249.6,4242.8,4243.1,801
2026-06-12T15:30:00+05:30,4242.9,4246.7,4240,4242.4,1035
2026-06-12T15:45:00+05:30,4242.3,4242.9,4223.6,4227.8,1829
2026-06-12T16:00:00+05:30,4227.9,4239.4,4227.5,4236.8,760
2026-06-12T16:15:00+05:30,4236.3,4239.7,4230.3,4231.9,1038
2026-06-12T16:30:00+05:30,4232.3,4233.1,4225.9,4228.3,858
2026-06-12T16:45:00+05:30,4228.1,4231.4,4223,4223.5,835
2026-06-12T17:00:00+05:30,4223.4,4232,4218.1,4230.7,1333
2026-06-12T17:15:00+05:30,4230.9,4236.3,4227.4,4227.8,909
2026-06-12T17:30:00+05:30,4227.9,4235.2,4223.6,4235.2,1864
2026-06-12T17:45:00+05:30,4235.4,4236.3,4221.2,4221.9,1646
2026-06-12T18:00:00+05:30,4222.2,4222.7,4211.9,4217.4,2771
2026-06-12T18:15:00+05:30,4217.4,4221.2,4209.3,4212.3,2264
2026-06-12T18:30:00+05:30,4212.1,4222,4207.3,4219.1,1890
2026-06-12T18:45:00+05:30,4219,4227.7,4218,4223.9,1244
2026-06-12T19:00:00+05:30,4223.7,4231.2,4203,4211.3,5311
2026-06-12T19:15:00+05:30,4211.1,4214.5,4203.2,4206.7,2861
2026-06-12T19:30:00+05:30,4207.4,4219.2,4205.6,4214.1,3108
2026-06-12T19:45:00+05:30,4213.6,4220.1,4202.9,4208.8,2372
2026-06-12T20:00:00+05:30,4209.3,4213.9,4201.3,4205,3156
2026-06-12T20:15:00+05:30,4204.8,4229.5,4197.5,4224.9,4429
2026-06-12T20:30:00+05:30,4224.9,4236.1,4221,4234.6,2439
2026-06-12T20:45:00+05:30,4235,4256.8,4233.5,4246.8,3848
2026-06-12T21:00:00+05:30,4247,4249.2,4230.4,4231.6,3417
2026-06-12T21:15:00+05:30,4232.1,4239.3,4227.4,4232.4,2248
2026-06-12T21:30:00+05:30,4232.3,4246,4228.6,4242.1,2075
2026-06-12T21:45:00+05:30,4242.6,4254.1,4236.8,4237.5,2146
2026-06-12T22:00:00+05:30,4237.9,4241,4232.3,4234.1,1297
2026-06-12T22:15:00+05:30,4234.2,4238.5,4232,4236.5,1373
2026-06-12T22:30:00+05:30,4236.5,4247.1,4235.5,4239,1920
2026-06-12T22:45:00+05:30,4239,4244.2,4234.4,4239.2,2264
2026-06-12T23:00:00+05:30,4239.2,4243.9,4234,4242.6,1121
2026-06-12T23:15:00+05:30,4243,4245.3,4239.6,4241.8,580
2026-06-12T23:30:00+05:30,4242.2,4249.2,4238.5,4247.9,909
2026-06-12T23:45:00+05:30,4247.2,4256.2,4245.3,4247.2,1637
2026-06-13T00:00:00+05:30,4247.4,4250.8,4245.2,4250,714
2026-06-13T00:15:00+05:30,4249.2,4250,4234.9,4236.2,1314
2026-06-13T00:30:00+05:30,4236.2,4240.8,4235.2,4238.8,791
2026-06-13T00:45:00+05:30,4238.6,4238.6,4228.9,4229.9,1147
2026-06-13T01:00:00+05:30,4229.9,4231.6,4223.2,4226.4,1442
2026-06-13T01:15:00+05:30,4226.7,4232.5,4225.3,4231.9,1021
2026-06-13T01:30:00+05:30,4231.6,4234.9,4230.7,4234.1,509
2026-06-13T01:45:00+05:30,4234.3,4238.1,4233.5,4235.8,367
2026-06-13T02:00:00+05:30,4235.9,4235.9,4233.7,4234.7,265
2026-06-13T02:15:00+05:30,4234.9,4240.6,4233.8,4239.9,544
2026-06-15T03:30:00+05:30,4289.4,4329.6,4283.4,4320,5530
2026-06-15T03:45:00+05:30,4320.3,4327,4303.8,4306.9,2296
2026-06-15T04:00:00+05:30,4306.9,4308.8,4300,4304.9,1006
2026-06-15T04:15:00+05:30,4304.9,4311.9,4304.6,4305.8,760
2026-06-15T04:30:00+05:30,4305.6,4308.6,4302.2,4303.4,778
2026-06-15T04:45:00+05:30,4303,4305,4301.3,4302.9,378
2026-06-15T05:00:00+05:30,4304.2,4306.5,4301.8,4305.8,680
2026-06-15T05:15:00+05:30,4305.9,4315.4,4304.7,4314.3,1239
2026-06-15T05:30:00+05:30,4314.3,4321.3,4313.5,4319.9,1246
2026-06-15T05:45:00+05:30,4320.3,4328.5,4319.9,4321.2,1416
2026-06-15T06:00:00+05:30,4321.3,4326.1,4316,4318.3,1540
2026-06-15T06:15:00+05:30,4318.8,4321.2,4312.7,4313.1,775
2026-06-15T06:30:00+05:30,4313.9,4321.3,4306.4,4317.7,1744
2026-06-15T06:45:00+05:30,4316.8,4327.6,4310.4,4324.9,1261
2026-06-15T07:00:00+05:30,4324.6,4340.7,4322.7,4339.2,1619
2026-06-15T07:15:00+05:30,4338.6,4340.3,4334.4,4337.5,947
2026-06-15T07:30:00+05:30,4337.1,4347.8,4337.1,4347.6,1280
2026-06-15T07:45:00+05:30,4347.8,4352.3,4345.5,4349.5,1571
2026-06-15T08:00:00+05:30,4349,4355.8,4349,4351.3,1242
2026-06-15T08:15:00+05:30,4351.5,4356.8,4349.1,4350.7,910
2026-06-15T08:30:00+05:30,4350.5,4352.5,4343.1,4346.7,979
2026-06-15T08:45:00+05:30,4347,4350.8,4342.5,4345,644
2026-06-15T09:00:00+05:30,4345,4348.5,4342.5,4345,545
2026-06-15T09:15:00+05:30,4344.1,4348.4,4344,4345.9,263
2026-06-15T09:30:00+05:30,4346.4,4348.3,4343.9,4347.3,307
2026-06-15T09:45:00+05:30,4347.7,4349,4341.7,4348.4,913
2026-06-15T10:00:00+05:30,4348.4,4351.7,4346.7,4348.7,345
2026-06-15T10:15:00+05:30,4349.5,4350.3,4347.9,4349.5,155
2026-06-15T10:30:00+05:30,4349.2,4352.1,4345.1,4350,557
2026-06-15T10:45:00+05:30,4350.2,4353.9,4346.9,4350.8,503
2026-06-15T11:00:00+05:30,4351.5,4353.7,4333.9,4333.9,1281
2026-06-15T11:15:00+05:30,4334,4337.6,4328.6,4331.4,1007
2026-06-15T11:30:00+05:30,4331.5,4334.4,4323.5,4329.8,1418
2026-06-15T11:45:00+05:30,4330,4330.4,4324,4325.6,923
2026-06-15T12:00:00+05:30,4325.7,4327.9,4321.6,4327.4,706
2026-06-15T12:15:00+05:30,4327.5,4330.8,4325.2,4329.1,779
2026-06-15T12:30:00+05:30,4329.2,4335.5,4326.1,4334.4,1365
2026-06-15T12:45:00+05:30,4334.5,4339.9,4334,4337.7,832
2026-06-15T13:00:00+05:30,4337.9,4338.4,4332.3,4337.7,819
2026-06-15T13:15:00+05:30,4337.9,4346,4333.7,4344.3,1267
2026-06-15T13:30:00+05:30,4344.1,4350.3,4342.7,4349.4,1239
2026-06-15T13:45:00+05:30,4349.3,4353,4347.8,4349.1,1227
2026-06-15T14:00:00+05:30,4348.8,4366.1,4348.4,4362,2718
2026-06-15T14:15:00+05:30,4362.1,4364,4355,4355.4,1158
2026-06-15T14:30:00+05:30,4355.5,4364,4355.3,4361.1,1047
2026-06-15T14:45:00+05:30,4361,4364.4,4357.5,4359.9,1434
2026-06-15T15:00:00+05:30,4359.6,4361.7,4355.1,4356.1,1757
2026-06-15T15:15:00+05:30,4356.4,4362,4355.7,4357.7,770
2026-06-15T15:30:00+05:30,4357.9,4361.6,4356.8,4358.9,612
2026-06-15T15:45:00+05:30,4359.4,4360.7,4357,4359.4,341
2026-06-15T16:00:00+05:30,4359.9,4361.5,4356.3,4359.1,985
2026-06-15T16:15:00+05:30,4359,4362.8,4357.6,4359.1,1027
2026-06-15T16:30:00+05:30,4359,4361,4357.1,4359.2,487
2026-06-15T16:45:00+05:30,4358.9,4362.4,4357,4361.9,1103
2026-06-15T17:00:00+05:30,4362,4368.9,4359,4359.8,1609
2026-06-15T17:15:00+05:30,4359.4,4359.8,4352.9,4356.6,1265
2026-06-15T17:30:00+05:30,4356.6,4360,4351.6,4352.2,1123
2026-06-15T17:45:00+05:30,4352.3,4359.3,4345.3,4358.2,2332
2026-06-15T18:00:00+05:30,4358.5,4367.9,4356,4366.5,2425
2026-06-15T18:15:00+05:30,4366.2,4370.8,4364.7,4370.5,1606
2026-06-15T18:30:00+05:30,4370.4,4372,4362.8,4371,1586
2026-06-15T18:45:00+05:30,4371.2,4377.9,4370.8,4374.9,2471
2026-06-15T19:00:00+05:30,4375,4390.8,4373.6,4384.8,6085
2026-06-15T19:15:00+05:30,4385.1,4386.5,4375.9,4376.8,3445
2026-06-15T19:30:00+05:30,4376.7,4391.5,4375.5,4379,4850
2026-06-15T19:45:00+05:30,4379.2,4386.1,4375.5,4385.5,2245
2026-06-15T20:00:00+05:30,4385.6,4387.1,4375.5,4378.7,2179
2026-06-15T20:15:00+05:30,4378.6,4385.4,4377.1,4378.5,1872
2026-06-15T20:30:00+05:30,4378.3,4381.1,4371.2,4372.9,1837
2026-06-15T20:45:00+05:30,4372.5,4380.4,4371.8,4375.8,1918
2026-06-15T21:00:00+05:30,4375.7,4381.8,4370.6,4379.5,1442
2026-06-15T21:15:00+05:30,4379.8,4382.8,4376.5,4377.6,1426
2026-06-15T21:30:00+05:30,4377.8,4380.3,4370.3,4373.2,1194
2026-06-15T21:45:00+05:30,4373.2,4374.1,4360.5,4364.4,2138
2026-06-15T22:00:00+05:30,4364.5,4364.5,4357.2,4357.8,1315
2026-06-15T22:15:00+05:30,4357.5,4361.3,4355.9,4360.6,1040
2026-06-15T22:30:00+05:30,4360.5,4360.5,4352,4355.4,1635
2026-06-15T22:45:00+05:30,4355.2,4356.3,4350.3,4351.2,1785
2026-06-15T23:00:00+05:30,4351.2,4351.2,4342.4,4343.3,1820
2026-06-15T23:15:00+05:30,4343.6,4346.9,4341.7,4346,813
2026-06-15T23:30:00+05:30,4346.2,4346.3,4339.1,4345.3,935
2026-06-15T23:45:00+05:30,4345.6,4349.7,4344.3,4346.5,834
2026-06-16T00:00:00+05:30,4346.3,4347.9,4343.3,4346,573
2026-06-16T00:15:00+05:30,4346.5,4349,4345.6,4347.3,832
2026-06-16T00:30:00+05:30,4347.5,4348.3,4342.3,4344.2,641
2026-06-16T00:45:00+05:30,4344.3,4346.4,4342.4,4343,852
2026-06-16T01:00:00+05:30,4343.6,4345.5,4340,4341,603
2026-06-16T01:15:00+05:30,4341.3,4343.1,4338.2,4342.4,1064
2026-06-16T01:30:00+05:30,4342.6,4343.9,4337.3,4337.9,436
2026-06-16T01:45:00+05:30,4337.6,4340.2,4332.6,4334.6,741
2026-06-16T02:00:00+05:30,4334.7,4335.1,4330.2,4331.6,575
2026-06-16T02:15:00+05:30,4331.5,4332.5,4328.5,4331,522
2026-06-16T03:30:00+05:30,4331.3,4337.3,4330,4330.9,407
2026-06-16T03:45:00+05:30,4330.9,4334.9,4326.7,4330.3,585
2026-06-16T04:00:00+05:30,4330,4335.6,4328,4333.5,296
2026-06-16T04:15:00+05:30,4333.9,4335.5,4331.6,4333.1,206
2026-06-16T04:30:00+05:30,4333.7,4337.4,4333.7,4334.7,598
2026-06-16T04:45:00+05:30,4334,4337,4332.8,4336.5,270
2026-06-16T05:00:00+05:30,4336.7,4340.8,4334.9,4339.2,395
2026-06-16T05:15:00+05:30,4339.7,4340.5,4334.2,4337.3,517
2026-06-16T05:30:00+05:30,4336.6,4339.7,4334.4,4335,436
2026-06-16T05:45:00+05:30,4334.4,4337.1,4327.4,4329.4,945
2026-06-16T06:00:00+05:30,4329.4,4334.6,4328.7,4331.8,1104
2026-06-16T06:15:00+05:30,4331.7,4341.6,4331.7,4340.3,759
2026-06-16T06:30:00+05:30,4340.3,4346.8,4336,4340.4,1308
2026-06-16T06:45:00+05:30,4340.7,4345,4337.1,4340.1,1008
2026-06-16T07:00:00+05:30,4340,4341.2,4334,4335.7,602
2026-06-16T07:15:00+05:30,4335.5,4340.1,4332.8,4334,463
2026-06-16T07:30:00+05:30,4334.6,4334.8,4328,4330.3,1235
2026-06-16T07:45:00+05:30,4330.3,4333.8,4328.9,4333.7,258
2026-06-16T08:00:00+05:30,4333.7,4339,4330.3,4333,439
2026-06-16T08:15:00+05:30,4332.9,4341.6,4332.2,4339.7,344
2026-06-16T08:30:00+05:30,4339.8,4341.8,4338,4339.7,293
2026-06-16T08:45:00+05:30,4339.1,4343.4,4336.6,4342.2,345
2026-06-16T09:00:00+05:30,4342.4,4354.1,4340.6,4352.9,817
2026-06-16T09:15:00+05:30,4352.9,4353.9,4349.6,4351.9,417
2026-06-16T09:30:00+05:30,4352.1,4353,4346.6,4347.9,342
2026-06-16T09:45:00+05:30,4348,4348.6,4343,4343.9,280
2026-06-16T10:00:00+05:30,4343.9,4346.2,4342.8,4344,428
2026-06-16T10:15:00+05:30,4344.7,4345,4342.1,4343.2,360
2026-06-16T10:30:00+05:30,4343.4,4350.3,4342.8,4347.1,581
2026-06-16T10:45:00+05:30,4347.4,4349.2,4345.4,4348.4,152
2026-06-16T11:00:00+05:30,4348,4351.9,4336.9,4339,959
2026-06-16T11:15:00+05:30,4338.8,4342.2,4335.5,4337.2,795
2026-06-16T11:30:00+05:30,4337.4,4341,4334.2,4339.9,703
2026-06-16T11:45:00+05:30,4340,4340,4335.4,4337.8,644
2026-06-16T12:00:00+05:30,4337.8,4341.5,4335.3,4337.5,719
2026-06-16T12:15:00+05:30,4337.4,4345.5,4337.2,4345,496
2026-06-16T12:30:00+05:30,4345.1,4349.8,4343.5,4347,789
2026-06-16T12:45:00+05:30,4347.3,4351,4345.3,4350.1,560
2026-06-16T13:00:00+05:30,4350,4354,4347.2,4348.5,673
2026-06-16T13:15:00+05:30,4348.6,4357.1,4347.7,4356.6,802
2026-06-16T13:30:00+05:30,4356.4,4361.7,4354.2,4359.4,955
2026-06-16T13:45:00+05:30,4359.3,4365.3,4359,4362.8,1145
2026-06-16T14:00:00+05:30,4362.8,4367,4360.6,4365.2,1006
2026-06-16T14:15:00+05:30,4365.1,4369.5,4362.3,4368.3,720
2026-06-16T14:30:00+05:30,4368.1,4369.8,4365.4,4367.6,833
2026-06-16T14:45:00+05:30,4367.8,4367.8,4359.4,4361,1534
2026-06-16T15:00:00+05:30,4361,4367.5,4360.6,4362.8,1471
2026-06-16T15:15:00+05:30,4363.4,4369.2,4361.2,4366.2,683
2026-06-16T15:30:00+05:30,4366.2,4367.5,4364.2,4366.8,607
2026-06-16T15:45:00+05:30,4367,4367.7,4364.6,4365.4,471
2026-06-16T16:00:00+05:30,4365.3,4367.8,4363.1,4367.7,459
2026-06-16T16:15:00+05:30,4367.6,4369.9,4367.5,4369.9,664
2026-06-16T16:30:00+05:30,4369.9,4370.6,4360.2,4362.7,1285
2026-06-16T16:45:00+05:30,4362.2,4364.3,4359.1,4363.2,696
2026-06-16T17:00:00+05:30,4362.9,4363.1,4355.7,4359.6,1312
2026-06-16T17:15:00+05:30,4359.3,4362.4,4357.3,4361.4,866
2026-06-16T17:30:00+05:30,4361.6,4366.9,4359,4365.4,965
2026-06-16T17:45:00+05:30,4365.4,4365.9,4358.2,4364.6,982
2026-06-16T18:00:00+05:30,4364.4,4371,4362.6,4370.9,1459
2026-06-16T18:15:00+05:30,4370.9,4376.5,4369.5,4375.9,2090
2026-06-16T18:30:00+05:30,4375.9,4376.5,4363.3,4364.7,1898
2026-06-16T18:45:00+05:30,4364.9,4366,4354.3,4356.2,1894
2026-06-16T19:00:00+05:30,4356,4361.9,4354.5,4359.9,1563
2026-06-16T19:15:00+05:30,4360.2,4361.7,4352.6,4352.7,1990
2026-06-16T19:30:00+05:30,4352.5,4360,4352.4,4356.6,1945
2026-06-16T19:45:00+05:30,4356.5,4356.5,4338.2,4340.5,3416
2026-06-16T20:00:00+05:30,4340.7,4349.3,4333.7,4345.1,3302
2026-06-16T20:15:00+05:30,4345.1,4348.4,4342.3,4344.4,1709
2026-06-16T20:30:00+05:30,4344.4,4347.7,4342.9,4345.1,1082
2026-06-16T20:45:00+05:30,4345.2,4349.4,4341.4,4346.7,1135
2026-06-16T21:00:00+05:30,4346.5,4350.4,4343.6,4347.3,1198
2026-06-16T21:15:00+05:30,4347.3,4364.5,4342.6,4355.7,3097
2026-06-16T21:30:00+05:30,4355.6,4368.1,4355.4,4366.7,1983
2026-06-16T21:45:00+05:30,4367,4367.5,4362,4365.7,1081
2026-06-16T22:00:00+05:30,4365.4,4366.3,4361,4365,847
2026-06-16T22:15:00+05:30,4365,4367.6,4361.2,4361.8,652
2026-06-16T22:30:00+05:30,4361.5,4362.3,4354.3,4356.6,1315
2026-06-16T22:45:00+05:30,4356.3,4357,4346.4,4356,2867
2026-06-16T23:00:00+05:30,4356.1,4361.3,4355.4,4359.9,909
2026-06-16T23:15:00+05:30,4359.9,4361.8,4357.2,4361.5,476
2026-06-16T23:30:00+05:30,4361.8,4364.3,4360.4,4363.2,519
2026-06-16T23:45:00+05:30,4362.7,4363.6,4360.5,4363,486
2026-06-17T00:00:00+05:30,4362.7,4364.4,4359.6,4360,418
2026-06-17T00:15:00+05:30,4360.2,4360.9,4357.4,4360,412
2026-06-17T00:30:00+05:30,4359.6,4364.3,4359.2,4360.5,386
2026-06-17T00:45:00+05:30,4360.6,4362.3,4357.6,4361,425
2026-06-17T01:00:00+05:30,4361,4361.4,4358.4,4360,510
2026-06-17T01:15:00+05:30,4360.3,4361.4,4352.4,4355.6,1267
2026-06-17T01:30:00+05:30,4355.3,4355.6,4352.6,4352.7,435
2026-06-17T01:45:00+05:30,4352.5,4355.5,4352.5,4354.5,159
2026-06-17T02:00:00+05:30,4354.5,4356.7,4352.9,4355.2,209
2026-06-17T02:15:00+05:30,4355.1,4355.4,4351.3,4353,325
2026-06-17T03:30:00+05:30,4352.6,4355.3,4350.2,4351.9,368
2026-06-17T03:45:00+05:30,4351.8,4352.9,4348.7,4349.7,407
2026-06-17T04:00:00+05:30,4350.1,4353.1,4349.9,4352.6,208
2026-06-17T04:15:00+05:30,4353,4355.9,4351.8,4355,210
2026-06-17T04:30:00+05:30,4354.8,4358,4353.6,4356.1,213
2026-06-17T04:45:00+05:30,4356.5,4356.5,4355.3,4356.3,45
2026-06-17T05:00:00+05:30,4356.1,4356.1,4352.7,4354.1,132
2026-06-17T05:15:00+05:30,4354,4354.5,4349.1,4350.8,146
2026-06-17T05:30:00+05:30,4350.9,4359.8,4348.2,4357.3,497
2026-06-17T05:45:00+05:30,4357.9,4361.9,4356.2,4356.8,385
2026-06-17T06:00:00+05:30,4356.9,4358.5,4354.4,4355,234
2026-06-17T06:15:00+05:30,4354.9,4358,4351.7,4356.9,509
2026-06-17T06:30:00+05:30,4356.4,4369.8,4354.1,4367.5,1215
2026-06-17T06:45:00+05:30,4367.9,4367.9,4359.1,4363.5,747
2026-06-17T07:00:00+05:30,4363.1,4364,4357.8,4359.8,497
2026-06-17T07:15:00+05:30,4359.3,4364,4356.8,4361,366
2026-06-17T07:30:00+05:30,4360.9,4364.4,4359.9,4362.7,288
2026-06-17T07:45:00+05:30,4362.5,4364.4,4359.4,4360.5,267
2026-06-17T08:00:00+05:30,4360.4,4364,4357.7,4358.8,313
2026-06-17T08:15:00+05:30,4358.8,4358.9,4349.6,4351.2,914
2026-06-17T08:30:00+05:30,4351,4353.6,4349.1,4350.2,293
2026-06-17T08:45:00+05:30,4349.9,4352.2,4348.4,4351.3,426
2026-06-17T09:00:00+05:30,4351.2,4353.3,4349.6,4353,360
2026-06-17T09:15:00+05:30,4352.6,4353.7,4350,4352,271
2026-06-17T09:30:00+05:30,4352.2,4352.2,4348.1,4350.2,264
2026-06-17T09:45:00+05:30,4349.7,4353.6,4343.3,4344.1,656
2026-06-17T10:00:00+05:30,4343.8,4345.2,4337.1,4342.5,726
2026-06-17T10:15:00+05:30,4342.5,4346.1,4341.7,4346.1,220
2026-06-17T10:30:00+05:30,4346.2,4347.5,4340.4,4342.2,455
2026-06-17T10:45:00+05:30,4342.1,4347,4340.6,4346.5,356
2026-06-17T11:00:00+05:30,4346.8,4352.7,4346.4,4349.5,891
2026-06-17T11:15:00+05:30,4349.4,4353.8,4343.9,4346.1,576
2026-06-17T11:30:00+05:30,4346.5,4349.6,4343.8,4348.8,609
2026-06-17T11:45:00+05:30,4348.5,4349,4340.1,4343.7,1057
2026-06-17T12:00:00+05:30,4343.6,4348.7,4342,4347.3,572
2026-06-17T12:15:00+05:30,4347.3,4351.2,4346.3,4351.2,408
2026-06-17T12:30:00+05:30,4351.1,4352.5,4346.6,4346.9,574
2026-06-17T12:45:00+05:30,4347,4352.3,4346.1,4348.3,652
2026-06-17T13:00:00+05:30,4347.9,4351.1,4344.8,4348.2,632
2026-06-17T13:15:00+05:30,4348.5,4348.9,4344.1,4344.7,836
2026-06-17T13:30:00+05:30,4344.8,4347.5,4341.5,4342.2,465
2026-06-17T13:45:00+05:30,4342.1,4344.4,4338.8,4343.2,648
2026-06-17T14:00:00+05:30,4342.7,4343.9,4337.9,4339.2,466
2026-06-17T14:15:00+05:30,4339.1,4345,4335.6,4344.2,727
2026-06-17T14:30:00+05:30,4344.4,4345.3,4340.5,4344.7,347
2026-06-17T14:45:00+05:30,4345,4352.6,4345,4351,1120
2026-06-17T15:00:00+05:30,4351.1,4355.1,4347.8,4348,975
2026-06-17T15:15:00+05:30,4348.3,4349.3,4345.2,4349.3,415
2026-06-17T15:30:00+05:30,4349.2,4350.5,4346.9,4350.3,287
2026-06-17T15:45:00+05:30,4350.1,4350.3,4346.2,4348.6,303
2026-06-17T16:00:00+05:30,4348.8,4350.8,4346.8,4350.7,318
2026-06-17T16:15:00+05:30,4350.5,4355.1,4350.3,4351.1,676
2026-06-17T16:30:00+05:30,4351.3,4351.5,4347.2,4348.6,559
2026-06-17T16:45:00+05:30,4348.4,4351.4,4347.5,4348,259
2026-06-17T17:00:00+05:30,4348.4,4348.5,4343.4,4345.2,566
2026-06-17T17:15:00+05:30,4345,4346.6,4340,4342.6,703
2026-06-17T17:30:00+05:30,4342.8,4344.3,4338.7,4342.6,1465
2026-06-17T17:45:00+05:30,4342.6,4347,4341,4343.8,973
2026-06-17T18:00:00+05:30,4344.5,4351.7,4342.7,4351.1,1085
2026-06-17T18:15:00+05:30,4351.5,4355.2,4350.7,4353.3,1075
2026-06-17T18:30:00+05:30,4353.4,4354.1,4343.7,4351.4,1707
2026-06-17T18:45:00+05:30,4351.5,4358.6,4350.4,4355.3,1396
2026-06-17T19:00:00+05:30,4355.6,4361.9,4352.3,4361.3,1982
2026-06-17T19:15:00+05:30,4361.7,4365.5,4359.2,4359.8,2962
2026-06-17T19:30:00+05:30,4359.6,4366.4,4355.5,4362.5,2915
2026-06-17T19:45:00+05:30,4362.5,4382.4,4360.9,4380.4,3980
2026-06-17T20:00:00+05:30,4380,4384.2,4367.1,4372,3208
2026-06-17T20:15:00+05:30,4372.1,4375.6,4349.9,4364.1,4149
2026-06-17T20:30:00+05:30,4363.8,4368.3,4363.6,4367.9,988
2026-06-17T20:45:00+05:30,4367.6,4380,4366.9,4375.2,2157
2026-06-17T21:00:00+05:30,4375.4,4381.2,4374.4,4378.1,1048
2026-06-17T21:15:00+05:30,4378.1,4385.5,4377,4383.6,1404
2026-06-17T21:30:00+05:30,4383.3,4386.2,4380.6,4382.4,1182
2026-06-17T21:45:00+05:30,4382.5,4386.7,4380.8,4385.3,998
2026-06-17T22:00:00+05:30,4385.3,4385.4,4375.2,4377.9,922
2026-06-17T22:15:00+05:30,4378,4380.1,4376.2,4379.8,766
2026-06-17T22:30:00+05:30,4379.6,4381.6,4375.7,4379.5,1501
2026-06-17T22:45:00+05:30,4379.2,4384.6,4378.2,4381.7,1558
2026-06-17T23:00:00+05:30,4381.4,4402.8,4381.2,4396.7,4817
2026-06-17T23:15:00+05:30,4397.1,4403.6,4394.6,4401.1,1809
2026-06-17T23:30:00+05:30,4399.6,4399.6,4296.1,4303.3,17074
2026-06-17T23:45:00+05:30,4304,4328,4302.1,4312.6,5364
2026-06-18T00:00:00+05:30,4311.7,4347,4288.3,4343.2,10639
2026-06-18T00:15:00+05:30,4343.4,4352.5,4296,4305.2,6450
2026-06-18T00:30:00+05:30,4305,4315,4277.6,4283,7297
2026-06-18T00:45:00+05:30,4282.7,4283.6,4244.9,4245.8,7145
2026-06-18T01:00:00+05:30,4245.6,4255.2,4237.4,4249.2,7871
2026-06-18T01:15:00+05:30,4249.3,4265.5,4247.4,4254.3,5198
2026-06-18T01:30:00+05:30,4254.2,4279.3,4253.3,4276,2758
2026-06-18T01:45:00+05:30,4276.8,4289,4272.8,4277.5,2244
2026-06-18T02:00:00+05:30,4277.5,4284.9,4277.5,4279.5,854
2026-06-18T02:15:00+05:30,4279.9,4281.6,4275.1,4276.3,424
2026-06-18T03:30:00+05:30,4275.1,4287.3,4273.3,4284.8,968
2026-06-18T03:45:00+05:30,4284.9,4290.5,4283.7,4286,772
2026-06-18T04:00:00+05:30,4285.5,4287.8,4282.4,4282.7,420
2026-06-18T04:15:00+05:30,4283.3,4289.9,4279.3,4285.8,574
2026-06-18T04:30:00+05:30,4285.7,4301.7,4283.2,4301.4,743
2026-06-18T04:45:00+05:30,4301.4,4303,4294.5,4299,919
2026-06-18T05:00:00+05:30,4298.8,4301.7,4287.4,4295.4,961
2026-06-18T05:15:00+05:30,4295.4,4298.3,4291.7,4297.2,573
2026-06-18T05:30:00+05:30,4297.6,4318.8,4296.2,4317.1,1448
2026-06-18T05:45:00+05:30,4316.9,4320.9,4313.8,4319.9,1163
2026-06-18T06:00:00+05:30,4320,4331.2,4319.5,4330.4,1382
2026-06-18T06:15:00+05:30,4330.6,4335,4327.7,4328,1369
2026-06-18T06:30:00+05:30,4328.8,4348.9,4326.3,4342.9,2571
2026-06-18T06:45:00+05:30,4342.6,4343.7,4335,4339.2,1018
2026-06-18T07:00:00+05:30,4339.2,4345.3,4337,4342.5,1128
2026-06-18T07:15:00+05:30,4342.1,4346.1,4337,4337.7,788
2026-06-18T07:30:00+05:30,4338,4350.2,4336.1,4347.3,1190
2026-06-18T07:45:00+05:30,4347.1,4350,4343.4,4344.5,717
2026-06-18T08:00:00+05:30,4344.3,4345.4,4336.1,4336.6,939
2026-06-18T08:15:00+05:30,4336.3,4338.9,4330.4,4331,846
2026-06-18T08:30:00+05:30,4331.3,4336.2,4328.9,4331.3,758
2026-06-18T08:45:00+05:30,4332.9,4336.8,4330.4,4334.3,750
2026-06-18T09:00:00+05:30,4334.8,4343,4333.3,4339,1197
2026-06-18T09:15:00+05:30,4338.9,4341,4336.7,4340,325
2026-06-18T09:30:00+05:30,4340,4344.2,4334.9,4338.2,764
2026-06-18T09:45:00+05:30,4338.1,4339.3,4331.6,4333.7,476
2026-06-18T10:00:00+05:30,4333.6,4338.3,4330,4330,544
2026-06-18T10:15:00+05:30,4330.1,4337.5,4330,4336,665
2026-06-18T10:30:00+05:30,4335.8,4338.6,4332.5,4335.6,379
2026-06-18T10:45:00+05:30,4336.4,4343.3,4335.8,4343.3,593
2026-06-18T11:00:00+05:30,4343,4345.2,4329.6,4330.5,1167
2026-06-18T11:15:00+05:30,4330.1,4331.4,4321.5,4328,1863
2026-06-18T11:30:00+05:30,4328.4,4330.3,4316.4,4319.4,1280
2026-06-18T11:45:00+05:30,4318.9,4325.7,4316.3,4325.4,874
2026-06-18T12:00:00+05:30,4325,4325.4,4319.3,4321.8,712
2026-06-18T12:15:00+05:30,4321.4,4327.8,4321.4,4326.6,841
2026-06-18T12:30:00+05:30,4326.4,4329.3,4320.4,4327,998
2026-06-18T12:45:00+05:30,4327,4329.7,4323.8,4327.6,666
2026-06-18T13:00:00+05:30,4327.2,4327.2,4312.8,4317.3,1241
2026-06-18T13:15:00+05:30,4317.9,4318.5,4307.1,4308.4,940
2026-06-18T13:30:00+05:30,4308.6,4312.6,4303.5,4306.7,1186
2026-06-18T13:45:00+05:30,4306.4,4309.7,4302.6,4304.1,700
2026-06-18T14:00:00+05:30,4304.1,4309,4300.1,4300.7,1391
2026-06-18T14:15:00+05:30,4300.8,4300.9,4284.6,4285.9,1901
2026-06-18T14:30:00+05:30,4286,4288.5,4278.6,4286.3,1926
2026-06-18T14:45:00+05:30,4286.6,4292.5,4284.4,4285.4,1313
2026-06-18T15:00:00+05:30,4285.2,4288.2,4282.6,4287.7,1405
2026-06-18T15:15:00+05:30,4287.6,4292.6,4286.6,4287.7,903
2026-06-18T15:30:00+05:30,4287.6,4289,4280.5,4287.2,1026
2026-06-18T15:45:00+05:30,4287.1,4291.9,4282.2,4288.4,1340
2026-06-18T16:00:00+05:30,4288.5,4289.5,4282.1,4282.8,555
2026-06-18T16:15:00+05:30,4283.2,4285.5,4273.2,4273.9,1092
2026-06-18T16:30:00+05:30,4274.2,4274.2,4258.6,4266.1,2507
2026-06-18T16:45:00+05:30,4265.8,4269.1,4262.2,4268,1386
2026-06-18T17:00:00+05:30,4267.9,4269.7,4261,4262.6,1479
2026-06-18T17:15:00+05:30,4262.7,4264.7,4257.9,4260.6,1751
2026-06-18T17:30:00+05:30,4260.5,4277.1,4259,4275.3,2254
2026-06-18T17:45:00+05:30,4275.7,4288.6,4273.2,4273.9,3445
2026-06-18T18:00:00+05:30,4273.9,4277.6,4259.7,4261.8,2995
2026-06-18T18:15:00+05:30,4261.9,4266.9,4259.2,4265.1,2215
2026-06-18T18:30:00+05:30,4265,4278.2,4263.5,4278.2,1764
2026-06-18T18:45:00+05:30,4278.3,4282.5,4271.6,4282.1,1811
2026-06-18T19:00:00+05:30,4282,4296.2,4281.9,4283.6,4231
2026-06-18T19:15:00+05:30,4283.8,4284.6,4269.8,4275.5,2755
2026-06-18T19:30:00+05:30,4275.3,4277.3,4257.2,4260.2,6118
2026-06-18T19:45:00+05:30,4259.7,4275.1,4255,4263.5,3538
2026-06-18T20:00:00+05:30,4263.4,4271.7,4260.3,4263.8,2102
2026-06-18T20:15:00+05:30,4263.5,4274.3,4258.9,4271.7,2016
2026-06-18T20:30:00+05:30,4271.9,4274.2,4265.5,4266.3,1348
2026-06-18T20:45:00+05:30,4266.4,4268.4,4253.2,4254.9,2456
2026-06-18T21:00:00+05:30,4254.2,4255.6,4242.6,4250.5,3194
2026-06-18T21:15:00+05:30,4250.2,4250.6,4241.7,4245.5,1959
2026-06-18T21:30:00+05:30,4245.8,4252.5,4245,4246.6,1756
2026-06-18T21:45:00+05:30,4246.8,4247.9,4241.2,4244,2147
2026-06-18T22:00:00+05:30,4244.6,4248.9,4234.2,4241.3,3154
2026-06-18T22:15:00+05:30,4241.4,4241.6,4233,4238.7,1557
2026-06-18T22:30:00+05:30,4238.7,4247.5,4237.8,4247.3,1833
2026-06-18T22:45:00+05:30,4246.8,4250.9,4244.8,4245.3,2442
2026-06-18T23:00:00+05:30,4245.1,4249.4,4241.5,4249.4,1271
2026-06-18T23:15:00+05:30,4249,4252.5,4246.3,4249.5,825
2026-06-18T23:30:00+05:30,4249.2,4252.1,4246.2,4247.3,509
2026-06-18T23:45:00+05:30,4247.2,4249,4244.4,4245.2,439
2026-06-19T00:00:00+05:30,4245.1,4245.2,4239.5,4243.8,769
2026-06-19T00:15:00+05:30,4243.7,4244.2,4237.4,4237.7,782
2026-06-19T00:30:00+05:30,4237.9,4238.4,4223.1,4226.7,1957
2026-06-19T00:45:00+05:30,4226.7,4227.5,4221,4224.1,1385
2026-06-19T01:00:00+05:30,4224,4234,4220.3,4233.4,1175
2026-06-19T01:15:00+05:30,4233.3,4237.7,4232.6,4236.2,1280
2026-06-19T01:30:00+05:30,4236.2,4237.2,4233.9,4235.9,344
2026-06-19T01:45:00+05:30,4236.1,4238.7,4234,4237.7,287
2026-06-19T02:00:00+05:30,4237.9,4237.9,4231.8,4232,412
2026-06-19T02:15:00+05:30,4232.1,4232.3,4226.6,4227.9,557
2026-06-19T03:30:00+05:30,4231.2,4231.4,4221.4,4226.6,327
2026-06-19T03:45:00+05:30,4226.9,4229,4221.3,4222.6,244
2026-06-19T04:00:00+05:30,4223,4224.2,4221.7,4223.6,134
2026-06-19T04:15:00+05:30,4223.9,4229.3,4222.9,4225.9,224
2026-06-19T04:30:00+05:30,4226.2,4226.8,4210.5,4214.5,650
2026-06-19T04:45:00+05:30,4215,4217.7,4212.1,4215.4,300
2026-06-19T05:00:00+05:30,4215.6,4217.4,4212.2,4212.9,178
2026-06-19T05:15:00+05:30,4212.4,4213.2,4205,4206.8,491
2026-06-19T05:30:00+05:30,4206.9,4216.9,4202.5,4204,744
2026-06-19T05:45:00+05:30,4203.9,4207.5,4202.2,4203.2,747
2026-06-19T06:00:00+05:30,4203.4,4210,4202.7,4206.9,557
2026-06-19T06:15:00+05:30,4207.3,4210.3,4206,4209,215
2026-06-19T06:30:00+05:30,4209.3,4213.1,4202.3,4204.5,664
2026-06-19T06:45:00+05:30,4204.6,4209.8,4201.2,4209,614
2026-06-19T07:00:00+05:30,4208.3,4208.3,4202.3,4203.8,345
2026-06-19T07:15:00+05:30,4203.8,4205.4,4201.5,4202.6,531
2026-06-19T07:30:00+05:30,4202.3,4204,4195.8,4197.2,1358
2026-06-19T07:45:00+05:30,4197.5,4197.6,4192.5,4197.1,687
2026-06-19T08:00:00+05:30,4197.1,4201.4,4194.7,4197.4,444
2026-06-19T08:15:00+05:30,4197.6,4198.1,4189.5,4193.9,661
2026-06-19T08:30:00+05:30,4194,4194.7,4183.7,4183.7,915
2026-06-19T08:45:00+05:30,4184.2,4188.5,4182.5,4185.1,680
2026-06-19T09:00:00+05:30,4185,4185.5,4175.1,4180.1,828
2026-06-19T09:15:00+05:30,4179.4,4179.5,4162.7,4170.7,1673
2026-06-19T09:30:00+05:30,4170.7,4172.7,4160.9,4162.8,1241
2026-06-19T09:45:00+05:30,4163.1,4167.7,4158.8,4164.2,1039
2026-06-19T10:00:00+05:30,4164.4,4165.2,4151,4153.4,1220
2026-06-19T10:15:00+05:30,4153,4154.8,4142.5,4143.2,1606
2026-06-19T10:30:00+05:30,4143.9,4149.2,4138.7,4148.4,1218
2026-06-19T10:45:00+05:30,4148.4,4152.5,4143.2,4151.3,1022
2026-06-19T11:00:00+05:30,4151.8,4157.2,4148.4,4152.6,1060
2026-06-19T11:15:00+05:30,4153,4159.5,4150.8,4157,926
2026-06-19T11:30:00+05:30,4157.5,4165.9,4151.2,4164.2,1359
2026-06-19T11:45:00+05:30,4164.6,4165.2,4156.6,4159.5,1286
2026-06-19T12:00:00+05:30,4159.9,4162.9,4150.2,4153.7,1061
2026-06-19T12:15:00+05:30,4153,4168.1,4152,4165.3,1237
2026-06-19T12:30:00+05:30,4165,4177.4,4165,4174.6,1608
2026-06-19T12:45:00+05:30,4174.7,4177.7,4169.4,4170.2,1171
2026-06-19T13:00:00+05:30,4170.4,4175.1,4169,4171.7,969
2026-06-19T13:15:00+05:30,4172,4181.1,4169,4175.8,939
2026-06-19T13:30:00+05:30,4176.1,4185.5,4173,4184,1665
2026-06-19T13:45:00+05:30,4183.4,4196.1,4183.2,4194.4,2047
2026-06-19T14:00:00+05:30,4194.2,4196.7,4185,4187.3,1302
2026-06-19T14:15:00+05:30,4187.7,4187.7,4182.8,4187.5,608
2026-06-19T14:30:00+05:30,4187.6,4189.3,4181.6,4182,500
2026-06-19T14:45:00+05:30,4182.3,4186.6,4180.1,4181.2,674
2026-06-19T15:00:00+05:30,4180.9,4184.6,4180.7,4181.1,913
2026-06-19T15:15:00+05:30,4181.1,4185.7,4179.1,4181.2,343
2026-06-19T15:30:00+05:30,4181.4,4181.4,4171.4,4174,1110
2026-06-19T15:45:00+05:30,4173.2,4176.7,4171.1,4172.6,579
2026-06-19T16:00:00+05:30,4172.3,4173.7,4168.6,4169.5,665
2026-06-19T16:15:00+05:30,4169.6,4173,4166.5,4168,1064
2026-06-19T16:30:00+05:30,4167.8,4168.6,4160.8,4165,1073
2026-06-19T16:45:00+05:30,4165,4166.9,4161.3,4162.1,658
2026-06-19T17:00:00+05:30,4162.1,4168.2,4159.7,4167.8,1046
2026-06-19T17:15:00+05:30,4167.8,4172.9,4166.3,4170,601
2026-06-19T17:30:00+05:30,4170.5,4178.4,4170.2,4173.5,864
2026-06-19T17:45:00+05:30,4173.5,4173.8,4168.8,4169.4,569
2026-06-19T18:00:00+05:30,4169.4,4172.5,4165,4170.1,1161
2026-06-19T18:15:00+05:30,4170,4197.9,4164.8,4197,3185
2026-06-19T18:30:00+05:30,4197,4200.6,4182,4188,3394
2026-06-19T18:45:00+05:30,4188.1,4190.3,4179.7,4181.9,1266
2026-06-19T19:00:00+05:30,4182,4185.8,4175.6,4176.2,1173
2026-06-19T19:15:00+05:30,4176,4178.9,4168.3,4169.6,1312
2026-06-19T19:30:00+05:30,4169.1,4172.3,4165.4,4167.1,1826
2026-06-19T19:45:00+05:30,4167.5,4168.3,4161.4,4167.1,1027
2026-06-19T20:00:00+05:30,4167.1,4168.8,4160.7,4162,1156
2026-06-19T20:15:00+05:30,4162.1,4169.2,4160.2,4167.2,1190
2026-06-19T20:30:00+05:30,4167.3,4171.3,4166,4169,892
2026-06-19T20:45:00+05:30,4169,4171.9,4167.4,4168.5,449
2026-06-19T21:00:00+05:30,4169,4170.7,4165.4,4165.5,715
2026-06-19T21:15:00+05:30,4166,4171.3,4166,4168.6,368
2026-06-19T21:30:00+05:30,4167.9,4168.1,4162,4162.6,580
2026-06-19T21:45:00+05:30,4162.5,4166.5,4161.8,4164.5,450
2026-06-19T22:00:00+05:30,4164.9,4171.3,4164.4,4169.5,629
2026-06-19T22:15:00+05:30,4169.5,4175.4,4168.6,4172.9,960
2026-06-22T03:30:00+05:30,4163.9,4176,4151.4,4168.1,1373
2026-06-22T03:45:00+05:30,4167.9,4171.6,4164.8,4168.4,686
2026-06-22T04:00:00+05:30,4168.7,4171.9,4167,4170.8,513
2026-06-22T04:15:00+05:30,4170.7,4173.3,4169.5,4172.8,312
2026-06-22T04:30:00+05:30,4172.8,4181.5,4171.9,4174.9,949
2026-06-22T04:45:00+05:30,4174.9,4175.7,4170.4,4172.8,888
2026-06-22T05:00:00+05:30,4172,4172,4158,4162.1,923
2026-06-22T05:15:00+05:30,4161.7,4163.5,4152.9,4157,1069
2026-06-22T05:30:00+05:30,4157.3,4179.4,4156.6,4177.6,1528
2026-06-22T05:45:00+05:30,4178.3,4187.7,4178,4184.6,1179
2026-06-22T06:00:00+05:30,4184.6,4193.7,4183,4193.1,843
2026-06-22T06:15:00+05:30,4193.3,4218.3,4192.7,4218.1,2113
2026-06-22T06:30:00+05:30,4217.7,4238.1,4217.7,4229.5,3496
2026-06-22T06:45:00+05:30,4228.9,4232.4,4222.3,4225,1636
2026-06-22T07:00:00+05:30,4224.6,4224.6,4212.4,4218,1785
2026-06-22T07:15:00+05:30,4218.9,4219,4207,4208.1,1163
2026-06-22T07:30:00+05:30,4208.2,4212.5,4201.1,4201.4,895
2026-06-22T07:45:00+05:30,4201.6,4207.6,4201.1,4206.3,850
2026-06-22T08:00:00+05:30,4206,4217.9,4204.4,4209.3,1038
2026-06-22T08:15:00+05:30,4209.1,4209.7,4205,4205.7,541
2026-06-22T08:30:00+05:30,4206.3,4207.4,4196,4196,665
2026-06-22T08:45:00+05:30,4196.3,4198.5,4191.2,4197.5,803
2026-06-22T09:00:00+05:30,4197.9,4198.5,4192.4,4193.1,305
2026-06-22T09:15:00+05:30,4193.3,4196.6,4188.4,4189.1,371
2026-06-22T09:30:00+05:30,4189.2,4196.2,4188.1,4193.7,283
2026-06-22T09:45:00+05:30,4194.1,4196.6,4192.1,4194.2,180
2026-06-22T10:00:00+05:30,4194.2,4196,4192,4194.4,220
2026-06-22T10:15:00+05:30,4194.1,4199.7,4193.7,4199.4,304
2026-06-22T10:30:00+05:30,4199.3,4204.4,4196.9,4203.3,397
2026-06-22T10:45:00+05:30,4204.2,4211.9,4202,4211.8,665
2026-06-22T11:00:00+05:30,4211.5,4216.4,4207,4210.5,1026
2026-06-22T11:15:00+05:30,4210.8,4214.7,4207.9,4211.3,495
2026-06-22T11:30:00+05:30,4211.6,4216,4208.9,4211.8,739
2026-06-22T11:45:00+05:30,4212.2,4219.1,4211.6,4214.9,1110
2026-06-22T12:00:00+05:30,4214.8,4220.6,4212.9,4220.5,542
2026-06-22T12:15:00+05:30,4220.4,4225.4,4215.1,4215.4,1201
2026-06-22T12:30:00+05:30,4216,4219.6,4215.4,4217.2,750
2026-06-22T12:45:00+05:30,4217.9,4219.7,4215,4215.6,617
2026-06-22T13:00:00+05:30,4215.7,4217.9,4210.1,4212.5,907
2026-06-22T13:15:00+05:30,4212.2,4214.2,4206.5,4208.5,587
2026-06-22T13:30:00+05:30,4208.3,4212.7,4206.7,4208,1030
2026-06-22T13:45:00+05:30,4208,4213.3,4207,4209.9,536
2026-06-22T14:00:00+05:30,4209.5,4212.1,4207,4211.6,537
2026-06-22T14:15:00+05:30,4211.6,4215.9,4210.1,4215.7,584
2026-06-22T14:30:00+05:30,4215.5,4227.8,4214.2,4223.5,986
2026-06-22T14:45:00+05:30,4223.7,4227.1,4220.7,4222,753
2026-06-22T15:00:00+05:30,4222.2,4227.9,4219.3,4224.9,1900
2026-06-22T15:15:00+05:30,4224.8,4228.6,4222.2,4226.2,982
2026-06-22T15:30:00+05:30,4226.5,4232.2,4226,4230.9,707
2026-06-22T15:45:00+05:30,4230.6,4232.3,4226.1,4228.1,575
2026-06-22T16:00:00+05:30,4228,4229.4,4226,4226.4,283
2026-06-22T16:15:00+05:30,4226.6,4227.4,4221.3,4222.7,634
2026-06-22T16:30:00+05:30,4222.8,4233.7,4222.4,4226.3,1224
2026-06-22T16:45:00+05:30,4226.1,4227.8,4221.3,4222,317
2026-06-22T17:00:00+05:30,4221.9,4226.3,4220.1,4224.4,678
2026-06-22T17:15:00+05:30,4224.4,4225.8,4219.2,4225.3,576
2026-06-22T17:30:00+05:30,4225.9,4229.5,4223.5,4226.1,835
2026-06-22T17:45:00+05:30,4225.4,4229.9,4224.2,4226.7,1390
2026-06-22T18:00:00+05:30,4226.3,4226.6,4218.7,4221.8,1190
2026-06-22T18:15:00+05:30,4222,4223.1,4210.1,4211.4,1565
2026-06-22T18:30:00+05:30,4211.6,4215.3,4207,4212.9,2555
2026-06-22T18:45:00+05:30,4212.8,4215.9,4203.4,4205.1,2316
2026-06-22T19:00:00+05:30,4205.5,4212.8,4201.2,4209.6,2667
2026-06-22T19:15:00+05:30,4209.2,4224.5,4205.8,4218.5,3142
2026-06-22T19:30:00+05:30,4218.7,4229.5,4212,4223.9,3750
2026-06-22T19:45:00+05:30,4223.9,4224.8,4209.1,4210.4,1992
2026-06-22T20:00:00+05:30,4210,4216,4204.5,4211,2213
2026-06-22T20:15:00+05:30,4211.1,4224.3,4210.9,4216.7,2135
2026-06-22T20:30:00+05:30,4216.6,4219.6,4212.9,4216.3,941
2026-06-22T20:45:00+05:30,4216,4216.3,4206.5,4207.6,1552
2026-06-22T21:00:00+05:30,4207.2,4208.8,4197.8,4199.1,1855
2026-06-22T21:15:00+05:30,4198.9,4203.2,4187.7,4201,3468
2026-06-22T21:30:00+05:30,4200.8,4203.1,4192.2,4195.6,1588
2026-06-22T21:45:00+05:30,4194.8,4201.1,4194.1,4201.1,1025
2026-06-22T22:00:00+05:30,4200.7,4204.6,4199.5,4200,637
2026-06-22T22:15:00+05:30,4199.9,4211.9,4199,4208.5,1044
2026-06-22T22:30:00+05:30,4208.5,4209.7,4204.1,4205,644
2026-06-22T22:45:00+05:30,4205.1,4210.1,4201.5,4202.6,1582
2026-06-22T23:00:00+05:30,4202.5,4203.1,4194.9,4199.8,981
2026-06-22T23:15:00+05:30,4199.8,4202,4198.2,4201.4,296
2026-06-22T23:30:00+05:30,4201.6,4204.6,4200.7,4202.3,298
2026-06-22T23:45:00+05:30,4202.5,4208.3,4202.5,4206,623
2026-06-23T00:00:00+05:30,4206.6,4208.4,4204.2,4208.3,417
2026-06-23T00:15:00+05:30,4208,4211.3,4207.6,4209.1,494
2026-06-23T00:30:00+05:30,4209.5,4211.6,4209,4209.5,396
2026-06-23T00:45:00+05:30,4209.7,4210.1,4205.6,4205.8,353
2026-06-23T01:00:00+05:30,4205.8,4208.7,4202.8,4203,447
2026-06-23T01:15:00+05:30,4202.8,4210.4,4202.8,4209.4,1020
2026-06-23T01:30:00+05:30,4209.4,4212.3,4208.6,4209.1,283
2026-06-23T01:45:00+05:30,4209,4209.8,4206.9,4208.6,194
2026-06-23T02:00:00+05:30,4208.6,4212.2,4208,4211,236
2026-06-23T02:15:00+05:30,4211.4,4211.8,4209.1,4209.7,228
2026-06-23T03:30:00+05:30,4210.8,4212.7,4209.3,4210.5,275
2026-06-23T03:45:00+05:30,4210.8,4211.4,4209,4211.1,123
2026-06-23T04:00:00+05:30,4211.1,4212.7,4207.3,4208.1,264
2026-06-23T04:15:00+05:30,4208.2,4208.7,4206.1,4207.8,185
2026-06-23T04:30:00+05:30,4207.5,4210.8,4207.5,4209.2,132
2026-06-23T04:45:00+05:30,4208.5,4210,4208.1,4209.2,95
2026-06-23T05:00:00+05:30,4208.7,4213.6,4208.6,4213.4,138
2026-06-23T05:15:00+05:30,4213.1,4213.1,4204.6,4205.5,355
2026-06-23T05:30:00+05:30,4205,4210,4196,4196.6,596
2026-06-23T05:45:00+05:30,4197,4203.3,4196,4200.8,464
2026-06-23T06:00:00+05:30,4201.5,4211.3,4199.8,4209.8,436
2026-06-23T06:15:00+05:30,4210,4212.7,4207.3,4210.7,399
2026-06-23T06:30:00+05:30,4210.6,4216,4202.2,4202.4,990
2026-06-23T06:45:00+05:30,4202.4,4203.2,4188,4195.7,1316
2026-06-23T07:00:00+05:30,4195.2,4195.2,4171,4171.8,3017
2026-06-23T07:15:00+05:30,4171.5,4180.9,4167.5,4179.3,1584
2026-06-23T07:30:00+05:30,4179.4,4181.2,4166.6,4171.8,1183
2026-06-23T07:45:00+05:30,4171.4,4181.3,4171.3,4180.1,757
2026-06-23T08:00:00+05:30,4179.7,4180.1,4170.4,4173.4,507
2026-06-23T08:15:00+05:30,4172.7,4175,4164.3,4164.9,635
2026-06-23T08:30:00+05:30,4164.9,4167.6,4156.3,4160.7,1313
2026-06-23T08:45:00+05:30,4160.8,4161.8,4148.4,4158.8,1882
2026-06-23T09:00:00+05:30,4158.7,4159,4151.3,4156.4,682
2026-06-23T09:15:00+05:30,4156.4,4162.6,4154.5,4161.8,649
2026-06-23T09:30:00+05:30,4161.5,4164.8,4159.2,4160.8,546
2026-06-23T09:45:00+05:30,4160.3,4160.3,4154.6,4157.7,432
2026-06-23T10:00:00+05:30,4157.1,4158,4152.3,4156,670
2026-06-23T10:15:00+05:30,4156.2,4157.5,4132.2,4135.6,1820
2026-06-23T10:30:00+05:30,4136,4155,4133.1,4147.5,1289
2026-06-23T10:45:00+05:30,4147.4,4148.2,4141.6,4143,492
2026-06-23T11:00:00+05:30,4143.1,4151.5,4134.9,4145.6,1462
2026-06-23T11:15:00+05:30,4145.4,4145.7,4134.6,4138.9,1447
2026-06-23T11:30:00+05:30,4139.6,4144.9,4129.2,4140.3,2246
2026-06-23T11:45:00+05:30,4141,4144.7,4132.5,4134,1447
2026-06-23T12:00:00+05:30,4134.2,4139.2,4128.8,4131.6,1171
2026-06-23T12:15:00+05:30,4131.6,4138.2,4127.9,4132.4,1055
2026-06-23T12:30:00+05:30,4131.9,4142.7,4127.5,4133.5,1623
2026-06-23T12:45:00+05:30,4133.7,4141,4131.3,4136.2,781
2026-06-23T13:00:00+05:30,4135.9,4137.4,4121,4122.1,1289
2026-06-23T13:15:00+05:30,4122.8,4125.8,4114,4116,1693
2026-06-23T13:30:00+05:30,4116.3,4117.5,4108.2,4111.5,2418
2026-06-23T13:45:00+05:30,4110.8,4117.4,4109.7,4115.9,1000
2026-06-23T14:00:00+05:30,4115.8,4128.4,4114.2,4127.3,1501
2026-06-23T14:15:00+05:30,4127.2,4127.2,4119.5,4122.6,811
2026-06-23T14:30:00+05:30,4123,4131.7,4122.1,4129.1,1150
2026-06-23T14:45:00+05:30,4129.1,4134.9,4126.5,4130.2,1225
2026-06-23T15:00:00+05:30,4130.6,4138.5,4130.1,4134.7,1095
2026-06-23T15:15:00+05:30,4135.2,4140.1,4133,4140.1,561
2026-06-23T15:30:00+05:30,4140,4151.1,4139.9,4147.6,1346
2026-06-23T15:45:00+05:30,4147.6,4150.6,4144.2,4148.1,717
2026-06-23T16:00:00+05:30,4148.2,4149.7,4142,4144.3,642
2026-06-23T16:15:00+05:30,4144.4,4144.4,4137.4,4137.7,943
2026-06-23T16:30:00+05:30,4137.6,4147.9,4135.2,4146.9,1028
2026-06-23T16:45:00+05:30,4146.7,4150,4142.3,4144.9,1059
2026-06-23T17:00:00+05:30,4144.6,4146.4,4136.4,4138.9,1165
2026-06-23T17:15:00+05:30,4138.4,4144,4135.7,4141.1,1218
2026-06-23T17:30:00+05:30,4141,4145.3,4130.6,4131.8,1222
2026-06-23T17:45:00+05:30,4131.4,4137.6,4129,4132.1,2040
2026-06-23T18:00:00+05:30,4132.2,4140,4131.4,4135.5,1174
2026-06-23T18:15:00+05:30,4135.4,4139.4,4130.2,4131,1427
2026-06-23T18:30:00+05:30,4131.1,4137.1,4125.6,4131.3,2125
2026-06-23T18:45:00+05:30,4131,4136.7,4122.8,4133.4,1728
2026-06-23T19:00:00+05:30,4133.8,4146.6,4127.9,4144,3186
2026-06-23T19:15:00+05:30,4144.7,4158.5,4142.4,4154.1,4325
2026-06-23T19:30:00+05:30,4153.1,4163.5,4150.8,4155.5,4145
2026-06-23T19:45:00+05:30,4156,4160.7,4146.2,4150.1,4024
2026-06-23T20:00:00+05:30,4150.2,4150.5,4140,4143.7,2691
2026-06-23T20:15:00+05:30,4143.5,4148,4141.5,4147.5,2147
2026-06-23T20:30:00+05:30,4148,4153.2,4140.6,4145.5,2920
2026-06-23T20:45:00+05:30,4146,4148,4141.3,4144.8,1311
2026-06-23T21:00:00+05:30,4144.7,4159.4,4144.2,4156.7,2752
2026-06-23T21:15:00+05:30,4156.9,4157.4,4151.8,4156.7,927
2026-06-23T21:30:00+05:30,4156.8,4158.1,4151.6,4153.3,780
2026-06-23T21:45:00+05:30,4153.7,4156.3,4150.9,4154.6,866
2026-06-23T22:00:00+05:30,4154.3,4161.8,4153.5,4161.1,1159
2026-06-23T22:15:00+05:30,4161.3,4161.8,4149.3,4151.9,1240
2026-06-23T22:30:00+05:30,4151.9,4157.7,4147.6,4156.3,1545
2026-06-23T22:45:00+05:30,4156.3,4156.3,4147.7,4148.9,1390
2026-06-23T23:00:00+05:30,4149.2,4150.3,4145.5,4149.9,800
2026-06-23T23:15:00+05:30,4150,4151.1,4145.7,4145.9,602
2026-06-23T23:30:00+05:30,4146,4148.8,4141.8,4142.1,631
2026-06-23T23:45:00+05:30,4142.1,4143.4,4138.3,4139,715
2026-06-24T00:00:00+05:30,4139,4140.8,4133.7,4134,675
2026-06-24T00:15:00+05:30,4134.3,4136.4,4130.8,4135.6,706
2026-06-24T00:30:00+05:30,4135.8,4144.4,4135,4139.3,692
2026-06-24T00:45:00+05:30,4139.3,4140.5,4135.3,4139.9,413
2026-06-24T01:00:00+05:30,4140,4142.3,4138.7,4138.8,336
2026-06-24T01:15:00+05:30,4138.8,4139.3,4129.1,4129.6,1811
2026-06-24T01:30:00+05:30,4129.9,4130.8,4126.5,4127.8,1191
2026-06-24T01:45:00+05:30,4127.8,4129.1,4125,4128.2,439
2026-06-24T02:00:00+05:30,4128.6,4129.4,4126.4,4128.1,266
2026-06-24T02:15:00+05:30,4128,4129.2,4126.3,4129,256
2026-06-24T03:30:00+05:30,4130,4131.8,4128.2,4130.8,293
2026-06-24T03:45:00+05:30,4130.9,4132.4,4121.6,4123.1,1021
2026-06-24T04:00:00+05:30,4123.3,4125.3,4113.9,4121.7,913
2026-06-24T04:15:00+05:30,4121.1,4126,4120.4,4121.2,648
2026-06-24T04:30:00+05:30,4120.9,4120.9,4111.9,4117,552
2026-06-24T04:45:00+05:30,4116.5,4117.8,4114.2,4114.2,235
2026-06-24T05:00:00+05:30,4114.5,4115,4097.9,4103.6,1363
2026-06-24T05:15:00+05:30,4103.1,4118.2,4102.9,4116.6,888
2026-06-24T05:30:00+05:30,4117,4129.7,4112.2,4125.1,1198
2026-06-24T05:45:00+05:30,4125,4126.6,4111.4,4117.6,929
2026-06-24T06:00:00+05:30,4117.2,4117.6,4111.4,4112.7,460
2026-06-24T06:15:00+05:30,4112.6,4117.2,4111.7,4114.7,427
2026-06-24T06:30:00+05:30,4114.9,4115.2,4086,4107.2,3233
2026-06-24T06:45:00+05:30,4107.7,4118.4,4101.1,4116,1252
2026-06-24T07:00:00+05:30,4115.6,4119.8,4109.3,4109.8,859
2026-06-24T07:15:00+05:30,4109.9,4110.5,4099.8,4106.5,850
2026-06-24T07:30:00+05:30,4106.4,4113.1,4096.7,4097.1,979
2026-06-24T07:45:00+05:30,4097.1,4098.3,4088.2,4090.4,1648
2026-06-24T08:00:00+05:30,4090.5,4093.6,4069,4073.8,2404
2026-06-24T08:15:00+05:30,4074,4086.6,4071.8,4078.3,1374
2026-06-24T08:30:00+05:30,4078.1,4081.8,4069.6,4074.2,839
2026-06-24T08:45:00+05:30,4074.4,4075.6,4067,4073.6,930
2026-06-24T09:00:00+05:30,4073.8,4086.9,4072.6,4085.9,1171
2026-06-24T09:15:00+05:30,4086.1,4088.5,4079.5,4080.4,609
2026-06-24T09:30:00+05:30,4080.1,4081.3,4072.5,4075.4,675
2026-06-24T09:45:00+05:30,4075.7,4083.7,4071.6,4080.4,792
2026-06-24T10:00:00+05:30,4080,4083.6,4079.2,4080.8,283
2026-06-24T10:15:00+05:30,4080,4083.5,4078.8,4080.6,311
2026-06-24T10:30:00+05:30,4081.2,4086.2,4077.6,4084.4,600
2026-06-24T10:45:00+05:30,4084,4091.5,4082.1,4090.1,1025
2026-06-24T11:00:00+05:30,4090.2,4103.1,4089,4094.8,1516
2026-06-24T11:15:00+05:30,4094.4,4096.7,4088.5,4093.1,691
2026-06-24T11:30:00+05:30,4093.1,4114.2,4093.1,4113.5,1839
2026-06-24T11:45:00+05:30,4113.6,4114.7,4100.3,4104.7,1515
2026-06-24T12:00:00+05:30,4104.4,4111.1,4102.1,4109.1,660
2026-06-24T12:15:00+05:30,4108.8,4112.2,4101.6,4103.9,920
2026-06-24T12:30:00+05:30,4103.9,4107.8,4102.5,4103.1,415
2026-06-24T12:45:00+05:30,4103.3,4104.7,4100,4101.3,495
2026-06-24T13:00:00+05:30,4101.5,4102.1,4093,4099.7,1100
2026-06-24T13:15:00+05:30,4099.6,4103.3,4090.7,4091.5,780
2026-06-24T13:30:00+05:30,4091.6,4095.2,4090,4091,571
2026-06-24T13:45:00+05:30,4091,4097.8,4090.3,4097.7,1067
2026-06-24T14:00:00+05:30,4097.5,4104.8,4096.1,4100,761
2026-06-24T14:15:00+05:30,4100.3,4100.5,4092.7,4093.3,398
2026-06-24T14:30:00+05:30,4093.3,4095.2,4086.8,4093.3,756
2026-06-24T14:45:00+05:30,4092.9,4095.8,4085.2,4086.4,832
2026-06-24T15:00:00+05:30,4086.1,4089.7,4082.7,4085.7,1304
2026-06-24T15:15:00+05:30,4085.4,4088.3,4081.6,4081.8,789
2026-06-24T15:30:00+05:30,4082,4083.5,4076.2,4078.2,928
2026-06-24T15:45:00+05:30,4078.3,4078.3,4072.1,4077.1,813
2026-06-24T16:00:00+05:30,4077.8,4083.7,4073.5,4081.7,891
2026-06-24T16:15:00+05:30,4081.6,4082.5,4071,4072.3,605
2026-06-24T16:30:00+05:30,4072.1,4075.6,4061.3,4062.7,1836
2026-06-24T16:45:00+05:30,4062.4,4063.5,4053.9,4060.6,2446
2026-06-24T17:00:00+05:30,4060.4,4068.1,4059.9,4062.4,1336
2026-06-24T17:15:00+05:30,4062.2,4072.8,4055.3,4063.2,1897
2026-06-24T17:30:00+05:30,4063.4,4065.2,4051.3,4054.3,2374
2026-06-24T17:45:00+05:30,4054.1,4058.3,4022.6,4031.8,7303
2026-06-24T18:00:00+05:30,4032,4037.3,4023,4029.5,5351
2026-06-24T18:15:00+05:30,4029.4,4033.8,4003.3,4003.5,6547
2026-06-24T18:30:00+05:30,4003.5,4011.1,3982.4,3987.7,13520
2026-06-24T18:45:00+05:30,3987.2,3993.3,3980.3,3991.4,5611
2026-06-24T19:00:00+05:30,3991.3,4035.2,3990,4032.1,10271
2026-06-24T19:15:00+05:30,4032.4,4059,4026,4054.9,8266
2026-06-24T19:30:00+05:30,4054.9,4058.2,4036,4036.9,6617
2026-06-24T19:45:00+05:30,4037.2,4045.5,4031.4,4041.1,3344
2026-06-24T20:00:00+05:30,4041.1,4052.2,4028.2,4033.2,3150
2026-06-24T20:15:00+05:30,4032.7,4033,4020,4025,2377
2026-06-24T20:30:00+05:30,4025.4,4027.7,4014.3,4019.2,2343
2026-06-24T20:45:00+05:30,4018.8,4032,4016.6,4031.9,2344
2026-06-24T21:00:00+05:30,4031.7,4032.7,4018.1,4023,1290
2026-06-24T21:15:00+05:30,4023.2,4033.9,4017,4019.5,1979
2026-06-24T21:30:00+05:30,4019.4,4023.7,4012.6,4019.9,2479
2026-06-24T21:45:00+05:30,4019.9,4034.3,4018.5,4033.7,2016
2026-06-24T22:00:00+05:30,4033,4039.7,4026.4,4029.1,3114
2026-06-24T22:15:00+05:30,4028.9,4029.2,4023.2,4023.4,823
2026-06-24T22:30:00+05:30,4023.7,4028.6,4021.2,4023,1132
2026-06-24T22:45:00+05:30,4023,4024.4,4006.8,4007.4,3684
2026-06-24T23:00:00+05:30,4007.8,4008.2,4000,4001.4,3198
2026-06-24T23:15:00+05:30,4001.2,4004.1,3989.5,3989.8,2173
2026-06-24T23:30:00+05:30,3989.9,4009.5,3975.7,4005.6,4299
2026-06-24T23:45:00+05:30,4005.7,4009.5,3996.6,4007.3,2024
2026-06-25T00:00:00+05:30,4007.9,4011.7,3998.9,4000.8,1002
2026-06-25T00:15:00+05:30,3998.9,4001.3,3993.9,3998.1,795
2026-06-25T00:30:00+05:30,3998.7,4002.2,3990.4,3993.7,934
2026-06-25T00:45:00+05:30,3992.9,4001.1,3990.6,4000.7,822
2026-06-25T01:00:00+05:30,4001,4005.6,3996.4,4000,656
2026-06-25T01:15:00+05:30,3999.7,4008.2,3997.8,4004.9,2106
2026-06-25T01:30:00+05:30,4005.5,4020,4001.6,4012.7,1329
2026-06-25T01:45:00+05:30,4012.7,4018.4,4009.1,4017.6,860
2026-06-25T02:00:00+05:30,4017.4,4018.6,4013,4016.2,395
2026-06-25T02:15:00+05:30,4016,4018.5,4013.7,4016.4,323
2026-06-25T03:30:00+05:30,4019,4024.9,4016.5,4017.4,701
2026-06-25T03:45:00+05:30,4017.2,4018.9,4016.2,4017.9,186
2026-06-25T04:00:00+05:30,4018.1,4023,4015.4,4018.1,746
2026-06-25T04:15:00+05:30,4018.4,4018.6,4008.8,4012,549
2026-06-25T04:30:00+05:30,4012.5,4015,4006,4011.1,853
2026-06-25T04:45:00+05:30,4011.3,4016.3,4011,4014.2,303
2026-06-25T05:00:00+05:30,4015,4033.9,4015,4030.2,1255
2026-06-25T05:15:00+05:30,4029.9,4033,4024.7,4026.6,549
2026-06-25T05:30:00+05:30,4028.3,4031.5,4019.1,4020.6,578
2026-06-25T05:45:00+05:30,4020.7,4021.4,4010.7,4011.6,913
2026-06-25T06:00:00+05:30,4011.3,4012,3996.8,4001.2,1121
2026-06-25T06:15:00+05:30,4001,4016.5,3994.2,4007.3,1688
2026-06-25T06:30:00+05:30,4007.2,4021.4,3997.4,4001.9,1337
2026-06-25T06:45:00+05:30,3999.8,4015.6,3999.4,4006.5,681
2026-06-25T07:00:00+05:30,4006.4,4011.5,3992.3,3997.5,1495
2026-06-25T07:15:00+05:30,3997.5,4004.2,3987.9,3992.2,1066
2026-06-25T07:30:00+05:30,3992.9,3997.3,3976.3,3983.3,2019
2026-06-25T07:45:00+05:30,3983.5,4006.6,3982.8,4002.2,1846
2026-06-25T08:00:00+05:30,4002.2,4003.8,3990.4,3994.4,1164
2026-06-25T08:15:00+05:30,3995.3,4000.5,3991.5,3998.7,740
2026-06-25T08:30:00+05:30,3998.8,4005.1,3981.6,3986.3,1348
2026-06-25T08:45:00+05:30,3986.5,3998.6,3983,3991.8,932
2026-06-25T09:00:00+05:30,3991.5,3992.8,3984.2,3990.4,597
2026-06-25T09:15:00+05:30,3990.4,4016.6,3990.1,4011.2,2039
2026-06-25T09:30:00+05:30,4011.1,4013.2,4005.4,4005.8,751
2026-06-25T09:45:00+05:30,4005,4013.2,4003.3,4010,587
2026-06-25T10:00:00+05:30,4010.9,4011.6,3999.5,4007.3,682
2026-06-25T10:15:00+05:30,4007.6,4012.7,4007,4011.8,460
2026-06-25T10:30:00+05:30,4012,4015.7,4007.9,4013.8,891
2026-06-25T10:45:00+05:30,4014.1,4014.3,4004.7,4009.8,1093
2026-06-25T11:00:00+05:30,4009.6,4013,3997.2,3999.1,1184
2026-06-25T11:15:00+05:30,3998.6,4007.2,3996.2,4001.6,986
2026-06-25T11:30:00+05:30,4001.5,4004.6,3995.8,3995.9,725
2026-06-25T11:45:00+05:30,3995.3,4002.2,3988.9,3999.6,1268
2026-06-25T12:00:00+05:30,3999.3,4000.5,3991.8,3997,929
2026-06-25T12:15:00+05:30,3997.6,3999.4,3991.1,3992.7,1096
2026-06-25T12:30:00+05:30,3992.5,4001.5,3988.5,3995.3,1492
2026-06-25T12:45:00+05:30,3995,4005.5,3992.9,4000.8,1136
2026-06-25T13:00:00+05:30,4000.9,4005.1,3988.8,3989.8,1364
2026-06-25T13:15:00+05:30,3989.5,4004.8,3986.6,4003.5,1353
2026-06-25T13:30:00+05:30,4003.6,4011.1,4000.2,4002.6,1458
2026-06-25T13:45:00+05:30,4003,4017.1,4002.1,4009.4,1207
2026-06-25T14:00:00+05:30,4009.8,4017.9,4009.8,4015.3,1154
2026-06-25T14:15:00+05:30,4015.4,4015.4,4004.2,4004.9,1045
2026-06-25T14:30:00+05:30,4004.9,4012,4004.6,4006.9,727
2026-06-25T14:45:00+05:30,4006.4,4011.1,4004.7,4009.7,617
2026-06-25T15:00:00+05:30,4010,4013.5,4001.9,4003.8,1666
2026-06-25T15:15:00+05:30,4003.4,4008.8,4002.7,4003.4,564
2026-06-25T15:30:00+05:30,4003,4004.6,3998.7,3999.2,679
2026-06-25T15:45:00+05:30,3999.3,4004.6,3998.2,4004.6,542
2026-06-25T16:00:00+05:30,4004.4,4004.4,3999.8,4000.8,599
2026-06-25T16:15:00+05:30,4000.6,4000.6,3996.4,3999.5,545
2026-06-25T16:30:00+05:30,4000,4001.1,3997,3998.4,565
2026-06-25T16:45:00+05:30,3998.1,3998.3,3991,3992.3,1303
2026-06-25T17:00:00+05:30,3992,4001.5,3988.6,3999.9,1069
2026-06-25T17:15:00+05:30,4000.3,4003.2,3994.4,3995.3,711
2026-06-25T17:30:00+05:30,3995.4,3999.9,3994.6,3997.6,944
2026-06-25T17:45:00+05:30,3997.5,4001.2,3993.5,3999.5,1485
2026-06-25T18:00:00+05:30,4000.3,4027.4,3998.3,4021.4,6662
2026-06-25T18:15:00+05:30,4021.9,4035.1,4019.4,4028.2,3777
2026-06-25T18:30:00+05:30,4028.2,4049.9,4027.4,4046.8,5095
2026-06-25T18:45:00+05:30,4046.8,4047.1,4034.4,4037.8,2886
2026-06-25T19:00:00+05:30,4037.9,4044.2,4026.6,4027.7,4491
2026-06-25T19:15:00+05:30,4027.8,4035.1,4016.6,4017.5,4347
2026-06-25T19:30:00+05:30,4017.9,4037.9,4015.1,4032.4,5059
2026-06-25T19:45:00+05:30,4032.1,4045,4028.4,4042.7,3599
2026-06-25T20:00:00+05:30,4042.3,4045.6,4031.4,4035.8,1883
2026-06-25T20:15:00+05:30,4036,4037,4026.8,4027.6,1777
2026-06-25T20:30:00+05:30,4027.8,4036,4020.4,4023.9,2276
2026-06-25T20:45:00+05:30,4023,4056.9,4021.1,4042.4,4458
2026-06-25T21:00:00+05:30,4042.2,4046.4,4037.2,4043.5,1522
2026-06-25T21:15:00+05:30,4043.5,4058.7,4042.4,4057.5,3606
2026-06-25T21:30:00+05:30,4057.2,4058.7,4049.3,4052.8,2084
2026-06-25T21:45:00+05:30,4052.9,4060,4052.9,4056.2,1701
2026-06-25T22:00:00+05:30,4056.3,4056.4,4046.4,4047.2,1137
2026-06-25T22:15:00+05:30,4046.7,4049,4039.1,4044,1395
2026-06-25T22:30:00+05:30,4044.4,4047.7,4042.3,4044.8,902
2026-06-25T22:45:00+05:30,4044.7,4051.8,4043.4,4048.4,2047
2026-06-25T23:00:00+05:30,4048.1,4051.4,4046.8,4049.6,852
2026-06-25T23:15:00+05:30,4049.7,4052.3,4045,4050.2,605
2026-06-25T23:30:00+05:30,4050.5,4051.1,4041.6,4047.7,963
2026-06-25T23:45:00+05:30,4047.8,4059.9,4047.6,4059.7,932
2026-06-26T00:00:00+05:30,4059.6,4059.6,4046.2,4048.3,1375
2026-06-26T00:15:00+05:30,4047.9,4051.9,4045.4,4050.4,534
2026-06-26T00:30:00+05:30,4051,4056.3,4048.3,4055.5,848
2026-06-26T00:45:00+05:30,4055.8,4059.7,4050.7,4051.3,922
2026-06-26T01:00:00+05:30,4051.8,4053.1,4047.4,4049.8,1089
2026-06-26T01:15:00+05:30,4049.3,4049.4,4036.8,4041.6,1713
2026-06-26T01:30:00+05:30,4042.1,4049.8,4040.3,4042.9,506
2026-06-26T01:45:00+05:30,4043.3,4045.9,4041.6,4045.6,395
2026-06-26T02:00:00+05:30,4045.4,4045.4,4039.5,4041.4,383
2026-06-26T02:15:00+05:30,4041.4,4042.3,4039.4,4041.6,327
2026-06-26T03:30:00+05:30,4044.4,4046.7,4036.3,4038.2,433
2026-06-26T03:45:00+05:30,4038,4041.5,4034.5,4039.4,543
2026-06-26T04:00:00+05:30,4039.3,4051.6,4039.1,4043.7,791
2026-06-26T04:15:00+05:30,4043.7,4045.9,4037.1,4041.4,734
2026-06-26T04:30:00+05:30,4041.3,4042.2,4036.5,4038.9,210
2026-06-26T04:45:00+05:30,4038.3,4045.7,4037.4,4045.1,183
2026-06-26T05:00:00+05:30,4045.5,4045.5,4035.6,4039.2,279
2026-06-26T05:15:00+05:30,4039.1,4039.1,4027.5,4030.2,458
2026-06-26T05:30:00+05:30,4029.9,4035,4026.3,4034.7,678
2026-06-26T05:45:00+05:30,4034.4,4038.5,4027.3,4030.4,541
2026-06-26T06:00:00+05:30,4030.8,4034.8,4027.5,4034.3,304
2026-06-26T06:15:00+05:30,4034.4,4039.6,4030.9,4035.1,798
2026-06-26T06:30:00+05:30,4035.6,4044.8,4029.3,4034.8,1124
2026-06-26T06:45:00+05:30,4034.4,4041.7,4033,4038,807
2026-06-26T07:00:00+05:30,4038.2,4041.1,4031.5,4035.7,791
2026-06-26T07:15:00+05:30,4036.2,4038.5,4029.6,4035.9,670
2026-06-26T07:30:00+05:30,4036.2,4038.3,4028.5,4030.5,505
2026-06-26T07:45:00+05:30,4029.9,4031.8,4019,4022.9,1602
2026-06-26T08:00:00+05:30,4022.6,4024.3,4006.3,4007.9,2579
2026-06-26T08:15:00+05:30,4007.4,4010.7,3998.1,4006,1901
2026-06-26T08:30:00+05:30,4005.9,4015,4001.8,4012.7,1453
2026-06-26T08:45:00+05:30,4013.2,4015.7,4007.5,4010.4,641
2026-06-26T09:00:00+05:30,4010.1,4016.8,4008.7,4015.5,459
2026-06-26T09:15:00+05:30,4015.3,4022,4012.8,4019.7,391
2026-06-26T09:30:00+05:30,4019.4,4024.7,4013.8,4023.4,641
2026-06-26T09:45:00+05:30,4023.4,4027.6,4021.2,4022.5,496
2026-06-26T10:00:00+05:30,4022.6,4023.6,4016.9,4023.1,335
2026-06-26T10:15:00+05:30,4023.6,4030.2,4022.2,4026.8,603
2026-06-26T10:30:00+05:30,4026.4,4030.5,4021.7,4030.5,304
2026-06-26T10:45:00+05:30,4030.8,4034.6,4027,4032.1,560
2026-06-26T11:00:00+05:30,4031.9,4037.1,4026.3,4026.5,924
2026-06-26T11:15:00+05:30,4027.3,4030.7,4021.1,4023.2,942
2026-06-26T11:30:00+05:30,4023.2,4027,4022.1,4025,757
2026-06-26T11:45:00+05:30,4025.7,4040.8,4023.9,4039.6,1732
2026-06-26T12:00:00+05:30,4039.8,4044,4036.2,4040.9,2029
2026-06-26T12:15:00+05:30,4041,4049,4037.4,4047.2,1719
2026-06-26T12:30:00+05:30,4047.8,4049.7,4042.5,4043.5,1264
2026-06-26T12:45:00+05:30,4043.1,4055.5,4042.6,4053.7,1599
2026-06-26T13:00:00+05:30,4053.2,4054.5,4046.4,4046.4,830
2026-06-26T13:15:00+05:30,4046.7,4047.3,4042.8,4046.4,603
2026-06-26T13:30:00+05:30,4046.1,4048.6,4041.2,4046.4,567
2026-06-26T13:45:00+05:30,4046.4,4051.1,4045.5,4050.8,686
2026-06-26T14:00:00+05:30,4051,4051.6,4047.4,4050.6,451
2026-06-26T14:15:00+05:30,4050.8,4053,4045,4046.1,525
2026-06-26T14:30:00+05:30,4045.8,4057,4044.6,4054.7,1152
2026-06-26T14:45:00+05:30,4055.1,4066.4,4050,4063.6,2898
2026-06-26T15:00:00+05:30,4063.4,4069.7,4060.5,4063.2,1806
2026-06-26T15:15:00+05:30,4063.6,4069.3,4060.8,4062.8,1255
2026-06-26T15:30:00+05:30,4062.3,4067.7,4059.7,4066.4,724
2026-06-26T15:45:00+05:30,4066.7,4066.8,4057.5,4063.3,833
2026-06-26T16:00:00+05:30,4063.3,4069.5,4062,4063.6,638
2026-06-26T16:15:00+05:30,4063.3,4070.8,4062.5,4069.8,520
2026-06-26T16:30:00+05:30,4070,4071,4062.4,4062.7,928
2026-06-26T16:45:00+05:30,4062.6,4069.5,4061.5,4068.1,750
2026-06-26T17:00:00+05:30,4068.4,4071.5,4061.4,4061.9,831
2026-06-26T17:15:00+05:30,4062,4063.6,4057.6,4061,1119
2026-06-26T17:30:00+05:30,4061.1,4065.9,4058.4,4064,637
2026-06-26T17:45:00+05:30,4063.8,4066.5,4056.8,4061.4,983
2026-06-26T18:00:00+05:30,4061.1,4064,4050.6,4055.1,1628
2026-06-26T18:15:00+05:30,4054.8,4076.7,4054,4074,2018
2026-06-26T18:30:00+05:30,4074.1,4081.3,4058,4065.1,2842
2026-06-26T18:45:00+05:30,4065.3,4073.6,4057.7,4071.9,2843
2026-06-26T19:00:00+05:30,4071.2,4077.3,4059.4,4077.3,2795
2026-06-26T19:15:00+05:30,4077.3,4093.1,4073,4088.7,3763
2026-06-26T19:30:00+05:30,4088.6,4101,4083,4097.8,5946
2026-06-26T19:45:00+05:30,4097.9,4108.7,4096.8,4099.7,4288
2026-06-26T20:00:00+05:30,4099.9,4100.5,4091.3,4097.7,2381
2026-06-26T20:15:00+05:30,4098,4106.8,4095.6,4095.7,2539
2026-06-26T20:30:00+05:30,4095.9,4098.3,4090.7,4094.3,1285
2026-06-26T20:45:00+05:30,4094.2,4099.9,4093,4099.1,1317
2026-06-26T21:00:00+05:30,4099.6,4110.7,4096.6,4110.2,2261
2026-06-26T21:15:00+05:30,4110.5,4111.5,4098.5,4106.3,2804
2026-06-26T21:30:00+05:30,4106.1,4108.4,4103.6,4106.8,939
2026-06-26T21:45:00+05:30,4106.6,4109.2,4098.5,4102.3,1276
2026-06-26T22:00:00+05:30,4102.5,4108.6,4097.4,4099.6,1332
2026-06-26T22:15:00+05:30,4099.5,4101.9,4098,4099.9,963
2026-06-26T22:30:00+05:30,4100.2,4103.4,4097.7,4098.4,897
2026-06-26T22:45:00+05:30,4098.7,4100.3,4095.3,4096.7,1710
2026-06-26T23:00:00+05:30,4096.8,4098.4,4089.1,4091.6,1454
2026-06-26T23:15:00+05:30,4091.8,4092.6,4088.7,4089.6,613
2026-06-26T23:30:00+05:30,4089.9,4094,4087.3,4091.6,891
2026-06-26T23:45:00+05:30,4091.5,4091.7,4086,4088.3,776
2026-06-27T00:00:00+05:30,4088.4,4090.3,4086.5,4087.5,378
2026-06-27T00:15:00+05:30,4087.2,4087.2,4081.9,4082.2,910
2026-06-27T00:30:00+05:30,4082,4084.5,4079,4084,723
2026-06-27T00:45:00+05:30,4084.4,4084.4,4079.1,4080.8,675
2026-06-27T01:00:00+05:30,4080.7,4085.6,4079.9,4083.2,693
2026-06-27T01:15:00+05:30,4083,4089,4081.6,4086.2,1137
2026-06-27T01:30:00+05:30,4086.4,4087.2,4079,4082.4,578
2026-06-27T01:45:00+05:30,4081.6,4087.1,4080.5,4086.6,453
2026-06-27T02:00:00+05:30,4086.4,4086.4,4081.3,4085.3,305
2026-06-27T02:15:00+05:30,4085,4104.4,4084.6,4103,924
2026-06-29T03:30:00+05:30,4101.1,4102.9,4083.8,4083.8,1634
2026-06-29T03:45:00+05:30,4084.1,4084.3,4067.1,4071.3,1306
2026-06-29T04:00:00+05:30,4070.9,4079.6,4069.6,4077.7,625
2026-06-29T04:15:00+05:30,4077.5,4083.5,4076.2,4080.8,583
2026-06-29T04:30:00+05:30,4080.2,4084.8,4079.5,4079.9,305
2026-06-29T04:45:00+05:30,4079.4,4079.4,4069.2,4071.2,494
2026-06-29T05:00:00+05:30,4069.9,4077.2,4065.9,4077.2,715
2026-06-29T05:15:00+05:30,4077.1,4080.4,4075.3,4076.7,413
2026-06-29T05:30:00+05:30,4076.3,4079,4068.1,4073.5,782
2026-06-29T05:45:00+05:30,4073.2,4076.6,4062.6,4062.6,1035
2026-06-29T06:00:00+05:30,4062.8,4083.8,4062.8,4083.3,1201
2026-06-29T06:15:00+05:30,4083.5,4088.7,4077.1,4083.9,850
2026-06-29T06:30:00+05:30,4083.7,4088.6,4068,4069.5,1554
2026-06-29T06:45:00+05:30,4069.2,4080.6,4069.1,4074.3,732
2026-06-29T07:00:00+05:30,4073.3,4081,4070.1,4077.5,476
2026-06-29T07:15:00+05:30,4078.4,4078.4,4069.2,4075.8,668
2026-06-29T07:30:00+05:30,4075.4,4085.5,4073.7,4076,888
2026-06-29T07:45:00+05:30,4075.6,4085.3,4074.9,4083.3,468
2026-06-29T08:00:00+05:30,4083.4,4086.5,4073.2,4074.7,739
2026-06-29T08:15:00+05:30,4075.5,4084.3,4073.6,4080.8,798
2026-06-29T08:30:00+05:30,4081.1,4085.3,4079.9,4083.8,193
2026-06-29T08:45:00+05:30,4083.5,4090.4,4082.3,4087,365
2026-06-29T09:00:00+05:30,4087.4,4088.5,4080,4082.5,581
2026-06-29T09:15:00+05:30,4081.4,4086,4081,4083.2,192
2026-06-29T09:30:00+05:30,4082.8,4083.2,4078.5,4079.6,307
2026-06-29T09:45:00+05:30,4079.6,4080.8,4076.5,4079.7,277
2026-06-29T10:00:00+05:30,4079.6,4079.7,4066.9,4071.4,1072
2026-06-29T10:15:00+05:30,4071.4,4072,4063.5,4065.5,606
2026-06-29T10:30:00+05:30,4065.4,4071.7,4061.1,4069.9,1006
2026-06-29T10:45:00+05:30,4069.8,4071.3,4061.9,4063.7,770
2026-06-29T11:00:00+05:30,4063.5,4066,4053.8,4064.6,1728
2026-06-29T11:15:00+05:30,4065.3,4071.4,4061.2,4069,1029
2026-06-29T11:30:00+05:30,4068.6,4078.5,4068.1,4073.9,1356
2026-06-29T11:45:00+05:30,4073.7,4077.8,4070.6,4075.5,923
2026-06-29T12:00:00+05:30,4075.4,4076.5,4069.6,4076,754
2026-06-29T12:15:00+05:30,4076.1,4079.6,4074.6,4077,887
2026-06-29T12:30:00+05:30,4077.5,4077.6,4070.7,4073.6,613
2026-06-29T12:45:00+05:30,4074,4081.1,4072.9,4080.6,662
2026-06-29T13:00:00+05:30,4080.9,4080.9,4075.7,4077.1,460
2026-06-29T13:15:00+05:30,4077,4083.2,4075.4,4076.3,726
2026-06-29T13:30:00+05:30,4075.7,4080.6,4074.9,4078.5,388
2026-06-29T13:45:00+05:30,4078.4,4080,4074.4,4075.5,498
2026-06-29T14:00:00+05:30,4075.3,4081,4068.8,4069.9,1274
2026-06-29T14:15:00+05:30,4069.6,4071.5,4057.5,4060.9,1592
2026-06-29T14:30:00+05:30,4061.3,4069.4,4059.2,4064.5,1095
2026-06-29T14:45:00+05:30,4063.7,4067.5,4059.3,4061.2,1236
2026-06-29T15:00:00+05:30,4061.6,4064.7,4054.4,4057.6,2465
2026-06-29T15:15:00+05:30,4057.5,4058.3,4038.1,4045.8,2777
2026-06-29T15:30:00+05:30,4046.5,4053.9,4041.5,4053.2,1415
2026-06-29T15:45:00+05:30,4052.4,4053.1,4047.1,4051.4,1020
2026-06-29T16:00:00+05:30,4051.8,4053,4045.9,4049.2,1505
2026-06-29T16:15:00+05:30,4048.8,4052.7,4046.8,4051.1,971
2026-06-29T16:30:00+05:30,4051.7,4053,4046.9,4049,448
2026-06-29T16:45:00+05:30,4049,4050.5,4041.5,4046.2,882
2026-06-29T17:00:00+05:30,4046.4,4052.9,4044.1,4049.2,1112
2026-06-29T17:15:00+05:30,4049.8,4056.7,4049.1,4053.3,801
2026-06-29T17:30:00+05:30,4053.5,4067,4052.5,4061.8,1849
2026-06-29T17:45:00+05:30,4062.2,4064.2,4051.8,4052.5,1689
2026-06-29T18:00:00+05:30,4052.6,4061.5,4051.8,4058.9,1084
2026-06-29T18:15:00+05:30,4059,4062.3,4056.4,4057.8,832
2026-06-29T18:30:00+05:30,4057.8,4066.2,4057.7,4061.4,1269
2026-06-29T18:45:00+05:30,4061.4,4064,4052,4052,1021
2026-06-29T19:00:00+05:30,4052.3,4058.8,4048.1,4052.6,2074
2026-06-29T19:15:00+05:30,4052.4,4054.5,4042.2,4046.4,1966
2026-06-29T19:30:00+05:30,4046.6,4049.6,4021.6,4022.8,5626
2026-06-29T19:45:00+05:30,4022.3,4042.6,4012,4038.9,6396
2026-06-29T20:00:00+05:30,4038.8,4042.4,4034.1,4034.9,1382
2026-06-29T20:15:00+05:30,4035.3,4044.7,4031.9,4039.5,1990
2026-06-29T20:30:00+05:30,4039.9,4040.3,4033.1,4035.4,1090
2026-06-29T20:45:00+05:30,4035.7,4041.7,4030.5,4038.4,2052
2026-06-29T21:00:00+05:30,4038.6,4040.9,4031.5,4037.2,1804
2026-06-29T21:15:00+05:30,4037,4045,4036.4,4041.5,1747
2026-06-29T21:30:00+05:30,4041.5,4043.3,4037.9,4038.4,969
2026-06-29T21:45:00+05:30,4038.2,4041.2,4036.3,4038.2,716
2026-06-29T22:00:00+05:30,4038.3,4039,4033,4035.7,846
2026-06-29T22:15:00+05:30,4035.6,4042.5,4035.3,4038.4,1028
2026-06-29T22:30:00+05:30,4038.5,4046.7,4037.8,4043.6,1167
2026-06-29T22:45:00+05:30,4043.4,4045.3,4036.9,4038.3,1986
2026-06-29T23:00:00+05:30,4038.5,4038.9,4035.2,4036.3,511
2026-06-29T23:15:00+05:30,4036.7,4037.1,4033.8,4035.3,458
2026-06-29T23:30:00+05:30,4035.7,4039.1,4035,4038.7,299
2026-06-29T23:45:00+05:30,4038.5,4040,4034.8,4035.7,440
2026-06-30T00:00:00+05:30,4035.7,4036.1,4033.9,4035.3,525
2026-06-30T00:15:00+05:30,4035.4,4035.6,4026.1,4027.8,779
2026-06-30T00:30:00+05:30,4027.7,4029.1,4022.2,4022.3,961
2026-06-30T00:45:00+05:30,4022.2,4031.5,4019.2,4031.5,1362
2026-06-30T01:00:00+05:30,4031.5,4034.4,4030.9,4032.5,475
2026-06-30T01:15:00+05:30,4032.6,4033,4027.1,4030.4,822
2026-06-30T01:30:00+05:30,4030.6,4030.6,4027.2,4028.8,316
2026-06-30T01:45:00+05:30,4029,4032.5,4029,4032.5,190
2026-06-30T02:00:00+05:30,4032.5,4032.5,4029.2,4030.2,114
2026-06-30T02:15:00+05:30,4030,4031.9,4029,4030.5,251
2026-06-30T03:30:00+05:30,4032.5,4036.5,4030.7,4032,264
2026-06-30T03:45:00+05:30,4032.8,4034.8,4029.5,4029.9,545
2026-06-30T04:00:00+05:30,4029.8,4029.8,4024.3,4024.3,472
2026-06-30T04:15:00+05:30,4024.2,4031.3,4023.5,4028.4,835
2026-06-30T04:30:00+05:30,4029,4035.6,4028.2,4035.1,417
2026-06-30T04:45:00+05:30,4034.8,4036.7,4030,4031.1,430
2026-06-30T05:00:00+05:30,4030.6,4035.6,4027.4,4029.2,503
2026-06-30T05:15:00+05:30,4029,4032.1,4027.6,4029.4,246
2026-06-30T05:30:00+05:30,4028.6,4028.9,4017.1,4024.7,1114
2026-06-30T05:45:00+05:30,4024,4025.2,4017.7,4019.6,387
2026-06-30T06:00:00+05:30,4020.4,4020.4,4004.2,4005,1996
2026-06-30T06:15:00+05:30,4005.6,4007.6,3992.6,4001.3,2025
2026-06-30T06:30:00+05:30,4000.5,4000.8,3955.4,3971.7,6518
2026-06-30T06:45:00+05:30,3971.6,3994.2,3963.6,3992.1,3129
2026-06-30T07:00:00+05:30,3992.1,3993.1,3979.4,3982.5,1793
2026-06-30T07:15:00+05:30,3981.8,3986.9,3974.5,3982.7,1821
2026-06-30T07:30:00+05:30,3982.4,3986.8,3965.5,3971,2110
2026-06-30T07:45:00+05:30,3971.3,3979,3969.3,3975.5,1185
2026-06-30T08:00:00+05:30,3975,3977,3967.4,3972.6,792
2026-06-30T08:15:00+05:30,3973,3983.8,3972.5,3975.8,904
2026-06-30T08:30:00+05:30,3976.1,3982.9,3976,3979.8,907
2026-06-30T08:45:00+05:30,3979.3,3984.2,3976.2,3979.1,987
2026-06-30T09:00:00+05:30,3979.1,3980,3973.1,3976.4,466
2026-06-30T09:15:00+05:30,3977.1,3984.2,3977,3982.9,473
2026-06-30T09:30:00+05:30,3982.5,3988.1,3981.3,3985.8,715
2026-06-30T09:45:00+05:30,3986,3997.1,3985.2,3995.8,844
2026-06-30T10:00:00+05:30,3995.8,4011.6,3995.8,4002.2,1975
2026-06-30T10:15:00+05:30,4002.2,4005,3997.2,3999.2,833
2026-06-30T10:30:00+05:30,3999.7,4004.3,3997.8,3998.8,488
2026-06-30T10:45:00+05:30,3998.7,4001.3,3992.9,3996.2,745
2026-06-30T11:00:00+05:30,3996.3,3998.6,3988.6,3992.5,926
2026-06-30T11:15:00+05:30,3992.7,3995.3,3989.8,3991.1,448
2026-06-30T11:30:00+05:30,3991.5,4003.4,3991.5,4001.2,779
2026-06-30T11:45:00+05:30,4000.9,4027.1,3997.4,4025.5,2205
2026-06-30T12:00:00+05:30,4025.3,4047.8,4024.2,4039.1,3364
2026-06-30T12:15:00+05:30,4038.3,4047.5,4037.1,4043.5,1693
2026-06-30T12:30:00+05:30,4043.7,4044,4037.5,4039.3,1005
2026-06-30T12:45:00+05:30,4040,4048.7,4039.4,4042.3,1312
2026-06-30T13:00:00+05:30,4042.7,4046.3,4040.1,4042.8,764
2026-06-30T13:15:00+05:30,4042.6,4047.2,4039.6,4046.3,618
2026-06-30T13:30:00+05:30,4046.4,4051.8,4035.4,4038,1621
2026-06-30T13:45:00+05:30,4038.2,4040.4,4033.9,4039.9,1057
2026-06-30T14:00:00+05:30,4040,4040.7,4029.2,4031.6,1023
2026-06-30T14:15:00+05:30,4031.7,4033.7,4027.2,4029,949
2026-06-30T14:30:00+05:30,4029,4035.7,4028.3,4032.4,533
2026-06-30T14:45:00+05:30,4032.2,4037,4029.7,4031.2,1026
2026-06-30T15:00:00+05:30,4031.5,4032.7,4025.9,4032.6,1133
2026-06-30T15:15:00+05:30,4032.7,4038,4032.3,4038,604
2026-06-30T15:30:00+05:30,4038.1,4040.7,4035.5,4039.8,708
2026-06-30T15:45:00+05:30,4040.1,4042.4,4038.1,4042.4,416
2026-06-30T16:00:00+05:30,4042,4044,4039.1,4041.7,634
2026-06-30T16:15:00+05:30,4042.1,4045.5,4040.1,4043.9,932
2026-06-30T16:30:00+05:30,4043.9,4048,4039.3,4047.6,945
2026-06-30T16:45:00+05:30,4047.8,4048.8,4043.8,4046.2,956
2026-06-30T17:00:00+05:30,4046,4049.4,4042.1,4049.1,708
2026-06-30T17:15:00+05:30,4048.8,4051.4,4043.4,4047.5,1028
2026-06-30T17:30:00+05:30,4048,4048.2,4039.9,4040.1,1010
2026-06-30T17:45:00+05:30,4040.2,4042.3,4028.7,4030.8,1796
2026-06-30T18:00:00+05:30,4030.8,4035.7,4026.2,4032.4,1283
2026-06-30T18:15:00+05:30,4032.1,4032.1,4022.1,4023.9,1247
2026-06-30T18:30:00+05:30,4023.7,4039.7,4022.9,4037.4,1768
2026-06-30T18:45:00+05:30,4037.6,4047.5,4033,4038.2,2729
2026-06-30T19:00:00+05:30,4038,4041.7,4027.2,4039.3,2282
2026-06-30T19:15:00+05:30,4039.5,4047,4036.5,4043.9,2438
2026-06-30T19:30:00+05:30,4044.4,4064.7,4039.5,4058,6228
2026-06-30T19:45:00+05:30,4057.9,4078.1,4057.7,4068.8,5086
2026-06-30T20:00:00+05:30,4069,4073.3,4059.2,4065.4,2713
2026-06-30T20:15:00+05:30,4065.8,4065.8,4051.8,4052,1796
2026-06-30T20:30:00+05:30,4052.1,4054.3,4046.6,4050.6,2644
2026-06-30T20:45:00+05:30,4050.4,4050.4,4036.4,4042.7,2333
2026-06-30T21:00:00+05:30,4043.2,4045.6,4040.7,4043.7,963
2026-06-30T21:15:00+05:30,4043.5,4049.3,4043.2,4044.2,914
2026-06-30T21:30:00+05:30,4043.8,4045,4040.1,4044.5,811
2026-06-30T21:45:00+05:30,4044.6,4046.1,4042.3,4044.5,505
2026-06-30T22:00:00+05:30,4044,4046.8,4041.9,4045.8,611
2026-06-30T22:15:00+05:30,4045.7,4048.5,4040.3,4040.3,913
2026-06-30T22:30:00+05:30,4040.8,4042.5,4034.9,4037.6,1788
2026-06-30T22:45:00+05:30,4037.5,4042.8,4036.1,4040,2878
2026-06-30T23:00:00+05:30,4040.1,4044.6,4039.8,4044,763
2026-06-30T23:15:00+05:30,4043.9,4047.1,4043.8,4045.5,443
2026-06-30T23:30:00+05:30,4045.9,4048.7,4045.5,4047.2,364
2026-06-30T23:45:00+05:30,4047,4047.8,4045.1,4046.2,387
2026-07-01T00:00:00+05:30,4046.5,4046.6,4042.8,4045.7,413
2026-07-01T00:15:00+05:30,4045.6,4047.4,4043.3,4043.6,491
2026-07-01T00:30:00+05:30,4043,4044.2,4038.5,4039.2,809
2026-07-01T00:45:00+05:30,4038.7,4040.1,4035.6,4035.6,433
2026-07-01T01:00:00+05:30,4036,4038.2,4035.3,4036.9,526
2026-07-01T01:15:00+05:30,4036.8,4037.3,4029.1,4030.2,1524
2026-07-01T01:30:00+05:30,4030.2,4035.1,4028.3,4034.6,720
2026-07-01T01:45:00+05:30,4034.8,4036,4027.1,4027.4,589
2026-07-01T02:00:00+05:30,4027.4,4028.6,4024.5,4025.8,192
2026-07-01T02:15:00+05:30,4025.7,4026.3,4020.6,4021.8,450
2026-07-01T03:30:00+05:30,4025,4030.4,4022.1,4027.5,434
2026-07-01T03:45:00+05:30,4028,4029.7,4025.2,4027.2,554
2026-07-01T04:00:00+05:30,4026.6,4032,4026.6,4027.3,240
2026-07-01T04:15:00+05:30,4027.1,4029.5,4024.2,4026.4,360
2026-07-01T04:30:00+05:30,4026.5,4031.8,4024.3,4027.4,647
2026-07-01T04:45:00+05:30,4027.9,4028.5,4021.3,4024.4,384
2026-07-01T05:00:00+05:30,4024.3,4025.8,4022.1,4023.2,201
2026-07-01T05:15:00+05:30,4022.7,4023.2,4018,4018.9,705
2026-07-01T05:30:00+05:30,4018.9,4022.7,4018.2,4021.6,369
2026-07-01T05:45:00+05:30,4021.7,4022.1,4013,4015,995
2026-07-01T06:00:00+05:30,4015,4018.7,4008.4,4009.5,995
2026-07-01T06:15:00+05:30,4009.4,4012.9,4006,4010.2,717
2026-07-01T06:30:00+05:30,4010.5,4013.2,3991.6,3997.5,2182
2026-07-01T06:45:00+05:30,3996.8,3999,3988.6,3998.6,992
2026-07-01T07:00:00+05:30,3998.5,4001.6,3987.3,3992,1088
2026-07-01T07:15:00+05:30,3991.8,3994.8,3986.7,3990.8,1121
2026-07-01T07:30:00+05:30,3990.4,3992.7,3983,3989.4,1189
2026-07-01T07:45:00+05:30,3989.4,3996,3988.8,3993.7,852
2026-07-01T08:00:00+05:30,3993.6,3999,3991.5,3995.9,765
2026-07-01T08:15:00+05:30,3996.4,3998.4,3991.2,3991.9,453
2026-07-01T08:30:00+05:30,3991.8,3998.5,3991.4,3996.4,638
2026-07-01T08:45:00+05:30,3996.3,3999.9,3993.2,3994.1,697
2026-07-01T09:00:00+05:30,3994.5,3995.3,3989.1,3990.2,782
2026-07-01T09:15:00+05:30,3990.4,3993.3,3989.3,3993.3,464
2026-07-01T09:30:00+05:30,3993.4,3993.9,3987,3989,586
2026-07-01T09:45:00+05:30,3988.6,3990.9,3987.3,3990.1,404
2026-07-01T10:00:00+05:30,3990.1,3993.5,3985.3,3987.7,653
2026-07-01T10:15:00+05:30,3987.5,3995.4,3987.1,3989.2,974
2026-07-01T10:30:00+05:30,3989.1,3989.6,3982.3,3984.8,658
2026-07-01T10:45:00+05:30,3984.5,3988,3982.6,3986.1,549
2026-07-01T11:00:00+05:30,3986.4,3991.7,3983.3,3987.6,883
2026-07-01T11:15:00+05:30,3986.4,3992,3986.3,3986.6,660
2026-07-01T11:30:00+05:30,3986.6,3990.3,3976.2,3978,1979
2026-07-01T11:45:00+05:30,3978.3,3982.6,3975.9,3980.4,1256
2026-07-01T12:00:00+05:30,3980.6,3986.6,3976.2,3984.7,1378
2026-07-01T12:15:00+05:30,3984.8,3986.6,3981.8,3985,1046
2026-07-01T12:30:00+05:30,3985,3986.7,3973.3,3974.5,1705
2026-07-01T12:45:00+05:30,3974.1,3984.9,3973,3977.3,1740
2026-07-01T13:00:00+05:30,3977.4,3984.5,3973.6,3984.2,1496
2026-07-01T13:15:00+05:30,3984,3991,3982.1,3988.7,2056
2026-07-01T13:30:00+05:30,3988.8,3989.3,3982.5,3987.5,781
2026-07-01T13:45:00+05:30,3987.5,3997.7,3987.3,3992,1585
2026-07-01T14:00:00+05:30,3991.9,3992.8,3985.6,3990.2,708
2026-07-01T14:15:00+05:30,3990.1,3990.8,3984.5,3987.7,549
2026-07-01T14:30:00+05:30,3987.2,3990.8,3985.9,3989.1,518
2026-07-01T14:45:00+05:30,3989,3993.7,3988.9,3992.3,598
2026-07-01T15:00:00+05:30,3991.8,3995.8,3990.8,3994.7,813
2026-07-01T15:15:00+05:30,3995.1,3999.3,3995.1,3997.9,873
2026-07-01T15:30:00+05:30,3997.8,4003.5,3996.4,3997.8,1017
2026-07-01T15:45:00+05:30,3998,4000.7,3994.6,4000.5,530
2026-07-01T16:00:00+05:30,4000.4,4007.6,4000,4000.4,1023
2026-07-01T16:15:00+05:30,4000.8,4012,4000.2,4011.9,877
2026-07-01T16:30:00+05:30,4011.5,4033,4011.3,4029.8,2458
2026-07-01T16:45:00+05:30,4029.7,4042.6,4028.7,4039.9,2420
2026-07-01T17:00:00+05:30,4040.3,4045.8,4036.9,4043.1,1362
2026-07-01T17:15:00+05:30,4043.3,4049.4,4042.7,4044,1623
2026-07-01T17:30:00+05:30,4044.5,4047.8,4033.2,4036,2665
2026-07-01T17:45:00+05:30,4036,4044.2,4035.8,4039.7,1623
2026-07-01T18:00:00+05:30,4039.4,4047.2,4037,4040.1,2390
2026-07-01T18:15:00+05:30,4040.5,4043,4036.7,4036.8,1163
2026-07-01T18:30:00+05:30,4036.8,4039.1,4026.6,4034.6,2637
2026-07-01T18:45:00+05:30,4035,4061.7,4035,4061.2,6025
2026-07-01T19:00:00+05:30,4061.2,4116,4055.3,4113.1,10004
2026-07-01T19:15:00+05:30,4113.4,4122.6,4099.6,4104.2,7958
2026-07-01T19:30:00+05:30,4104.8,4116.4,4096.9,4107.4,6378
2026-07-01T19:45:00+05:30,4107.6,4121.5,4103.9,4115.2,4561
2026-07-01T20:00:00+05:30,4115.2,4131,4106.4,4107.1,4703
2026-07-01T20:15:00+05:30,4107.8,4110.1,4100.8,4107.9,2456
2026-07-01T20:30:00+05:30,4108,4108.8,4095.9,4099.5,2227
2026-07-01T20:45:00+05:30,4099.2,4106.4,4092.9,4098.3,2313
2026-07-01T21:00:00+05:30,4097.8,4097.8,4090.8,4096.7,1611
2026-07-01T21:15:00+05:30,4096.4,4102.6,4093.8,4095.1,1166
2026-07-01T21:30:00+05:30,4095.5,4102.9,4095.5,4097,1030
2026-07-01T21:45:00+05:30,4096.6,4099.5,4095,4096.1,685
2026-07-01T22:00:00+05:30,4095.9,4097.4,4086.8,4088.1,1242
2026-07-01T22:15:00+05:30,4088.7,4090.3,4084,4085,1122
2026-07-01T22:30:00+05:30,4084.9,4087.6,4081.2,4085,1290
2026-07-01T22:45:00+05:30,4085.3,4085.9,4081.5,4081.8,1356
2026-07-01T23:00:00+05:30,4082,4087.3,4081.7,4084.8,745
2026-07-01T23:15:00+05:30,4084.7,4086.5,4081,4082.2,478
2026-07-01T23:30:00+05:30,4082.3,4084.7,4081,4082.7,549
2026-07-01T23:45:00+05:30,4082.8,4083,4074.6,4074.9,712
2026-07-02T00:00:00+05:30,4075.3,4079.9,4075,4076.4,561
2026-07-02T00:15:00+05:30,4076.5,4076.9,4071.3,4076,777
2026-07-02T00:30:00+05:30,4075.5,4082.2,4075.3,4079.2,769
2026-07-02T00:45:00+05:30,4079.2,4080,4070.3,4072.7,1068
2026-07-02T01:00:00+05:30,4072.8,4073.4,4066.2,4067.6,825
2026-07-02T01:15:00+05:30,4067.4,4068,4048.4,4052.3,2618
2026-07-02T01:30:00+05:30,4052.2,4053.6,4042.1,4049.2,1398
2026-07-02T01:45:00+05:30,4049.2,4052.8,4048,4051.9,381
2026-07-02T02:00:00+05:30,4051.6,4052.6,4046.8,4047.5,353
2026-07-02T02:15:00+05:30,4047.5,4049.5,4043.8,4044.6,603
2026-07-02T03:30:00+05:30,4049.2,4053.6,4045.1,4049.2,575
2026-07-02T03:45:00+05:30,4049.4,4051.8,4047.4,4050.6,422
2026-07-02T04:00:00+05:30,4050.1,4053,4049,4052,659
2026-07-02T04:15:00+05:30,4052.3,4057.2,4052,4057.2,472
2026-07-02T04:30:00+05:30,4056.8,4057.1,4049.5,4049.6,638
2026-07-02T04:45:00+05:30,4050.1,4051.7,4046.1,4049.6,690
2026-07-02T05:00:00+05:30,4049.7,4052.9,4046.5,4048,396
2026-07-02T05:15:00+05:30,4048,4049.4,4045.5,4047.4,224
2026-07-02T05:30:00+05:30,4047.1,4058.9,4042.8,4057.4,1111
2026-07-02T05:45:00+05:30,4056,4060.7,4052.1,4058.4,640
2026-07-02T06:00:00+05:30,4059,4059.4,4050,4050.9,627
2026-07-02T06:15:00+05:30,4051.4,4065,4051.4,4063.5,809
2026-07-02T06:30:00+05:30,4063.5,4080.5,4062.4,4076.9,1967
2026-07-02T06:45:00+05:30,4077.3,4077.6,4062.2,4065.2,1093
2026-07-02T07:00:00+05:30,4065.6,4067.5,4058,4059.8,876
2026-07-02T07:15:00+05:30,4059.5,4068.8,4057,4062.4,639
2026-07-02T07:30:00+05:30,4062.6,4063.3,4053.3,4060.5,615
2026-07-02T07:45:00+05:30,4060.6,4067,4060.2,4063.9,541
2026-07-02T08:00:00+05:30,4063.7,4069.4,4060,4068.3,598
2026-07-02T08:15:00+05:30,4068.5,4073.2,4066.5,4069.2,562
2026-07-02T08:30:00+05:30,4069.4,4072,4067.7,4069.9,462
2026-07-02T08:45:00+05:30,4069.9,4079.2,4069.9,4077.2,952
2026-07-02T09:00:00+05:30,4077.3,4080,4073.8,4078,796
2026-07-02T09:15:00+05:30,4078.2,4086.3,4075,4081.8,886
2026-07-02T09:30:00+05:30,4082.1,4085,4080.2,4082.4,390
2026-07-02T09:45:00+05:30,4082.5,4082.6,4076.2,4077.9,410
2026-07-02T10:00:00+05:30,4077.8,4078.7,4073.3,4075.4,267
2026-07-02T10:15:00+05:30,4075.2,4077.1,4072.7,4073.2,359
2026-07-02T10:30:00+05:30,4073.1,4073.4,4066.2,4067.5,735
2026-07-02T10:45:00+05:30,4067.6,4074.6,4066.7,4069.6,684
2026-07-02T11:00:00+05:30,4069.7,4078.1,4065.2,4074,1085
2026-07-02T11:15:00+05:30,4073.7,4079.8,4072.2,4078.2,720
2026-07-02T11:30:00+05:30,4078.3,4088.1,4077.9,4080.9,1493
2026-07-02T11:45:00+05:30,4081,4092.5,4079.7,4086.6,1228
2026-07-02T12:00:00+05:30,4086.8,4089.7,4078.5,4080.7,628
2026-07-02T12:15:00+05:30,4080.6,4089.1,4079.3,4086.2,837
2026-07-02T12:30:00+05:30,4086,4086.9,4079.6,4080.1,722
2026-07-02T12:45:00+05:30,4079.8,4080.9,4073.5,4075.5,795
2026-07-02T13:00:00+05:30,4075.3,4088.2,4073.4,4086.8,759
2026-07-02T13:15:00+05:30,4086.8,4087.1,4076.1,4076.6,504
2026-07-02T13:30:00+05:30,4076.5,4086.6,4073.6,4081.9,735
2026-07-02T13:45:00+05:30,4082.4,4090.2,4080.9,4087.2,646
2026-07-02T14:00:00+05:30,4087.3,4090.4,4084.4,4087.6,587
2026-07-02T14:15:00+05:30,4087.9,4092.6,4085.4,4089.1,907
2026-07-02T14:30:00+05:30,4088.4,4089.5,4082,4085,541
2026-07-02T14:45:00+05:30,4084.7,4086.3,4078.5,4079.9,703
2026-07-02T15:00:00+05:30,4080,4084.3,4075.7,4081.5,1347
2026-07-02T15:15:00+05:30,4081.6,4084.7,4076.9,4077.6,780
2026-07-02T15:30:00+05:30,4077.9,4079.1,4075,4075.8,797
2026-07-02T15:45:00+05:30,4075.7,4080.7,4074.5,4078.7,643
2026-07-02T16:00:00+05:30,4078.7,4081.6,4075.8,4077.2,637
2026-07-02T16:15:00+05:30,4077,4080.3,4074.2,4078.6,627
2026-07-02T16:30:00+05:30,4079.1,4079.4,4069.7,4075.7,1272
2026-07-02T16:45:00+05:30,4075.8,4079.4,4074.9,4077.2,871
2026-07-02T17:00:00+05:30,4077.8,4083.8,4075.4,4083.3,806
2026-07-02T17:15:00+05:30,4083.5,4084.5,4077.5,4077.5,815
2026-07-02T17:30:00+05:30,4077.3,4085.8,4073.4,4076.3,1434
2026-07-02T17:45:00+05:30,4076.6,4082.1,4074.1,4078.4,1643
2026-07-02T18:00:00+05:30,4078.2,4154.2,4076.7,4145.5,15225
2026-07-02T18:15:00+05:30,4145.7,4147.2,4124.7,4130.5,5233
2026-07-02T18:30:00+05:30,4130.8,4143.2,4128.7,4137.2,4411
2026-07-02T18:45:00+05:30,4136.8,4137.2,4121.7,4125.8,2463
2026-07-02T19:00:00+05:30,4125.4,4151.3,4122.6,4147.1,4657
2026-07-02T19:15:00+05:30,4147.6,4157.1,4145.4,4149.8,3493
2026-07-02T19:30:00+05:30,4149.6,4151.6,4136.9,4141.3,2809
2026-07-02T19:45:00+05:30,4141.4,4149.3,4127,4129.1,2673
2026-07-02T20:00:00+05:30,4129.6,4138.8,4127.7,4131.5,2478
2026-07-02T20:15:00+05:30,4131.9,4143,4129,4141.9,1730
2026-07-02T20:30:00+05:30,4141.9,4144.7,4127.8,4139.9,2406
2026-07-02T20:45:00+05:30,4139.7,4144.6,4133.6,4135.7,2242
2026-07-02T21:00:00+05:30,4135.7,4144.3,4135.6,4138.5,1146
2026-07-02T21:15:00+05:30,4138.3,4143.2,4137.2,4141.4,788
2026-07-02T21:30:00+05:30,4141.7,4143.2,4134.6,4136.4,848
2026-07-02T21:45:00+05:30,4136.5,4137,4127.8,4129,1165
2026-07-02T22:00:00+05:30,4128.6,4129.6,4113,4127.5,2712
2026-07-02T22:15:00+05:30,4127.7,4133.9,4126.9,4131.2,1122
2026-07-02T22:30:00+05:30,4131.1,4133.3,4126.5,4131.4,1147
2026-07-02T22:45:00+05:30,4131.4,4133.1,4124.3,4125.9,1999
2026-07-02T23:00:00+05:30,4125.5,4127.6,4118.8,4120.4,842
2026-07-02T23:15:00+05:30,4120,4123.2,4118.5,4119.5,485
2026-07-02T23:30:00+05:30,4119.7,4137,4118.6,4131.9,1154
2026-07-02T23:45:00+05:30,4132.8,4136.3,4128.7,4136.2,586
2026-07-03T00:00:00+05:30,4136.1,4140.6,4134.3,4134.7,793
2026-07-03T00:15:00+05:30,4134.4,4137.5,4133,4135.9,484
2026-07-03T00:30:00+05:30,4136.2,4137.5,4126.2,4127.7,668
2026-07-03T00:45:00+05:30,4127.4,4128,4121.3,4125.9,465
2026-07-03T01:00:00+05:30,4125.9,4127.9,4124.4,4126.6,392
2026-07-03T01:15:00+05:30,4126.7,4137.1,4125.7,4134,953
2026-07-03T01:30:00+05:30,4134.2,4135.8,4129.4,4133,842
2026-07-03T01:45:00+05:30,4132.9,4138.3,4132.2,4136.7,564
2026-07-03T02:00:00+05:30,4136.5,4138,4134,4134.2,260
2026-07-03T02:15:00+05:30,4133.8,4137.1,4131.8,4135.5,421
2026-07-03T03:30:00+05:30,4138,4141.1,4137.2,4137.8,244
2026-07-03T03:45:00+05:30,4137.4,4138,4135.1,4137,276
2026-07-03T04:00:00+05:30,4136.8,4138.8,4135.1,4135.9,113
2026-07-03T04:15:00+05:30,4136,4138.9,4135.4,4137.1,180
2026-07-03T04:30:00+05:30,4137.2,4139.8,4136.9,4138.2,175
2026-07-03T04:45:00+05:30,4137.6,4142.7,4137,4142.3,366
2026-07-03T05:00:00+05:30,4142.1,4149.1,4133.8,4137.6,986
2026-07-03T05:15:00+05:30,4137.9,4144.6,4137,4139.2,807
2026-07-03T05:30:00+05:30,4139,4150.6,4135.9,4147.5,954
2026-07-03T05:45:00+05:30,4147.5,4154,4144.8,4150.4,808
2026-07-03T06:00:00+05:30,4150.3,4152.5,4145.9,4149.5,397
2026-07-03T06:15:00+05:30,4148.5,4164,4147.5,4160,1105
2026-07-03T06:30:00+05:30,4159.8,4192,4159.5,4188.7,2989
2026-07-03T06:45:00+05:30,4188.7,4206.7,4186.1,4199.8,2650
2026-07-03T07:00:00+05:30,4199.7,4208.3,4191.2,4192.2,1949
2026-07-03T07:15:00+05:30,4192.2,4196.6,4187.8,4194.9,1088
2026-07-03T07:30:00+05:30,4194.5,4196.8,4189.6,4192.6,464
2026-07-03T07:45:00+05:30,4192.2,4194.3,4189.3,4191.9,427
2026-07-03T08:00:00+05:30,4192,4199.9,4190.9,4196.5,1030
2026-07-03T08:15:00+05:30,4196.8,4199.7,4192,4196.8,852
2026-07-03T08:30:00+05:30,4196.8,4197.5,4192.8,4195.7,540
2026-07-03T08:45:00+05:30,4196.2,4196.6,4192.4,4194.5,357
2026-07-03T09:00:00+05:30,4194.9,4196,4190.2,4190.6,716
2026-07-03T09:15:00+05:30,4190.5,4192.4,4188.3,4189,467
2026-07-03T09:30:00+05:30,4189,4192,4185.7,4190.7,447
2026-07-03T09:45:00+05:30,4190.5,4196,4189.5,4191.4,401
2026-07-03T10:00:00+05:30,4191.5,4191.5,4187.8,4190.1,381
2026-07-03T10:15:00+05:30,4190.2,4191.5,4187.3,4191.3,240
2026-07-03T10:30:00+05:30,4191.1,4193.9,4189.5,4191.4,337
2026-07-03T10:45:00+05:30,4191.2,4191.8,4185.5,4188.7,366
2026-07-03T11:00:00+05:30,4188.6,4194.5,4185.7,4187.4,610
2026-07-03T11:15:00+05:30,4187.6,4188.9,4181.7,4183.8,594
2026-07-03T11:30:00+05:30,4183.9,4184.4,4175,4175.2,1744
2026-07-03T11:45:00+05:30,4175.2,4180.1,4173.6,4177.9,928
2026-07-03T12:00:00+05:30,4177.9,4186.5,4177.5,4184,778
2026-07-03T12:15:00+05:30,4184.4,4187.8,4183.3,4186.1,645
2026-07-03T12:30:00+05:30,4186.2,4193.7,4184,4186.5,1000
2026-07-03T12:45:00+05:30,4187,4188.8,4181.9,4187.5,478
2026-07-03T13:00:00+05:30,4188.1,4192.7,4186.4,4192.4,551
2026-07-03T13:15:00+05:30,4192.6,4194.6,4187.6,4190.1,837
2026-07-03T13:30:00+05:30,4190.4,4198.6,4190.2,4196.6,932
2026-07-03T13:45:00+05:30,4196.7,4198.3,4194,4195.9,502
2026-07-03T14:00:00+05:30,4195.5,4199.6,4193.2,4196.9,774
2026-07-03T14:15:00+05:30,4196.4,4197.9,4189.4,4193.5,819
2026-07-03T14:30:00+05:30,4193.3,4194.3,4188.4,4192.1,607
2026-07-03T14:45:00+05:30,4192.6,4192.8,4183.3,4184.4,828
2026-07-03T15:00:00+05:30,4184,4185.4,4180.7,4184.4,1071
2026-07-03T15:15:00+05:30,4184.5,4187.3,4184,4184.9,449
2026-07-03T15:30:00+05:30,4184.2,4193.1,4182.9,4192.2,669
2026-07-03T15:45:00+05:30,4192.4,4193.5,4190.4,4191,400
2026-07-03T16:00:00+05:30,4190.9,4191.2,4188,4190.2,291
2026-07-03T16:15:00+05:30,4190.5,4191.1,4187,4189.3,277
2026-07-03T16:30:00+05:30,4189,4196.3,4188.1,4195.8,588
2026-07-03T16:45:00+05:30,4195.7,4198.6,4195.1,4195.3,563
2026-07-03T17:00:00+05:30,4195.2,4198.3,4195,4197.8,308
2026-07-03T17:15:00+05:30,4197.9,4198.7,4190.8,4193.3,504
2026-07-03T17:30:00+05:30,4193.3,4195.7,4190.1,4190.2,718
2026-07-03T17:45:00+05:30,4190.5,4190.5,4184.5,4187.2,715
2026-07-03T18:00:00+05:30,4187,4190,4185.3,4187.8,721
2026-07-03T18:15:00+05:30,4187.2,4190.1,4184.6,4189.3,566
2026-07-03T18:30:00+05:30,4189.3,4191.8,4176.1,4178.5,1248
2026-07-03T18:45:00+05:30,4179.2,4184.3,4179.1,4183.5,575
2026-07-03T19:00:00+05:30,4183.7,4184,4177.1,4179.4,567
2026-07-03T19:15:00+05:30,4179.3,4180.6,4175.5,4176.5,543
2026-07-03T19:30:00+05:30,4176.6,4179.3,4167.7,4174.2,1441
2026-07-03T19:45:00+05:30,4174.1,4179,4173.1,4178,745
2026-07-03T20:00:00+05:30,4178.1,4179.9,4176,4176.6,644
2026-07-03T20:15:00+05:30,4176.3,4183.5,4176,4182.2,508
2026-07-03T20:30:00+05:30,4182.5,4186.6,4181,4185.1,482
2026-07-03T20:45:00+05:30,4184.8,4187,4179.4,4179.9,463
2026-07-03T21:00:00+05:30,4179.7,4181.3,4178.5,4180,429
2026-07-03T21:15:00+05:30,4179.8,4181.6,4176.9,4177.4,297
2026-07-03T21:30:00+05:30,4177.1,4178,4175.3,4176.5,464
2026-07-03T21:45:00+05:30,4176.4,4179.8,4175,4178.9,320
2026-07-03T22:00:00+05:30,4179,4182.8,4179,4181.8,415
2026-07-03T22:15:00+05:30,4182.2,4188.4,4181.6,4187.3,780
2026-07-06T03:30:00+05:30,4187.5,4199.7,4184.4,4192.7,1184
2026-07-06T03:45:00+05:30,4193.5,4197.9,4189.1,4197.4,549
2026-07-06T04:00:00+05:30,4196.3,4203.5,4194.8,4200.1,587
2026-07-06T04:15:00+05:30,4200.2,4202.4,4194.8,4200.1,684
2026-07-06T04:30:00+05:30,4200.6,4203.5,4198.4,4199.6,515
2026-07-06T04:45:00+05:30,4199.5,4214.1,4198.5,4212.1,995
2026-07-06T05:00:00+05:30,4212.3,4213.7,4205.4,4208.7,862
2026-07-06T05:15:00+05:30,4208.3,4209.3,4189.8,4195.2,1119
2026-07-06T05:30:00+05:30,4195.8,4197.5,4182.4,4186.9,983
2026-07-06T05:45:00+05:30,4187.3,4193.9,4183,4186.4,744
2026-07-06T06:00:00+05:30,4187.1,4199.6,4186.2,4197.6,735
2026-07-06T06:15:00+05:30,4198.2,4200.7,4186,4191.6,934
2026-07-06T06:30:00+05:30,4190.5,4204.4,4184.3,4200.6,1456
2026-07-06T06:45:00+05:30,4200.6,4204.8,4192,4201.4,701
2026-07-06T07:00:00+05:30,4201.5,4212.7,4199.2,4209.9,1106
2026-07-06T07:15:00+05:30,4209.1,4215.5,4197.7,4198.1,1121
2026-07-06T07:30:00+05:30,4198.5,4200.1,4189.3,4193.2,1215
2026-07-06T07:45:00+05:30,4193.1,4198.6,4187.8,4189.4,904
2026-07-06T08:00:00+05:30,4189.3,4190.6,4180.3,4183.7,954
2026-07-06T08:15:00+05:30,4184.8,4187.4,4181.9,4185.5,443
2026-07-06T08:30:00+05:30,4185.9,4187.9,4177.1,4178.4,1074
2026-07-06T08:45:00+05:30,4178.1,4179.6,4174.1,4177.5,571
2026-07-06T09:00:00+05:30,4177.2,4181,4172.7,4174.5,436
2026-07-06T09:15:00+05:30,4174.5,4178.6,4173,4177,309
2026-07-06T09:30:00+05:30,4177,4178.4,4172.5,4175.4,283
2026-07-06T09:45:00+05:30,4175,4176.5,4171.8,4173.3,360
2026-07-06T10:00:00+05:30,4173.2,4174.6,4169.2,4172.1,493
2026-07-06T10:15:00+05:30,4171.8,4172.9,4169.8,4171.5,302
2026-07-06T10:30:00+05:30,4171.2,4172.8,4162.6,4163.5,805
2026-07-06T10:45:00+05:30,4163.7,4166,4161.9,4164.2,606
2026-07-06T11:00:00+05:30,4164.3,4172,4161,4167,976
2026-07-06T11:15:00+05:30,4166.6,4168.4,4156.4,4159.7,794
2026-07-06T11:30:00+05:30,4159.5,4164.1,4156.8,4163.7,731
2026-07-06T11:45:00+05:30,4163.5,4168.5,4160,4168.3,638
2026-07-06T12:00:00+05:30,4168.3,4171.5,4164.9,4167.4,835
2026-07-06T12:15:00+05:30,4167.7,4168.6,4160.5,4161.9,475
2026-07-06T12:30:00+05:30,4162,4165,4158.7,4162.4,726
2026-07-06T12:45:00+05:30,4162.9,4167.6,4161.8,4165.5,848
2026-07-06T13:00:00+05:30,4164.8,4176.1,4162.7,4175.3,779
2026-07-06T13:15:00+05:30,4175.5,4178.1,4173.7,4175.7,604
2026-07-06T13:30:00+05:30,4176.4,4177.6,4168.4,4169.4,771
2026-07-06T13:45:00+05:30,4169.6,4170.2,4164.3,4167.2,871
2026-07-06T14:00:00+05:30,4167.1,4167.4,4160,4160.4,671
2026-07-06T14:15:00+05:30,4160.5,4164.1,4158.1,4161.8,475
2026-07-06T14:30:00+05:30,4161.6,4162.7,4159.3,4161.3,369
2026-07-06T14:45:00+05:30,4161.1,4161.1,4153.4,4155.9,1435
2026-07-06T15:00:00+05:30,4155.1,4155.1,4148.4,4151.9,2427
2026-07-06T15:15:00+05:30,4151.3,4157.1,4151.1,4155.5,523
2026-07-06T15:30:00+05:30,4155.5,4161,4154.6,4160.4,373
2026-07-06T15:45:00+05:30,4160.5,4163.3,4159.8,4161.1,737
2026-07-06T16:00:00+05:30,4161,4168.2,4160.9,4166.8,605
2026-07-06T16:15:00+05:30,4166.9,4168.3,4164.7,4167.4,492
2026-07-06T16:30:00+05:30,4167.3,4168.7,4164.1,4167.3,435
2026-07-06T16:45:00+05:30,4167.4,4172.2,4166,4167.9,509
2026-07-06T17:00:00+05:30,4167.5,4171.2,4164.8,4165.7,415
2026-07-06T17:15:00+05:30,4166.2,4168.1,4163.9,4167.4,356
2026-07-06T17:30:00+05:30,4167.4,4170.9,4165.5,4168,620
2026-07-06T17:45:00+05:30,4168.2,4169.8,4156.6,4157.7,1373
2026-07-06T18:00:00+05:30,4157.5,4158.1,4143.3,4144.9,2276
2026-07-06T18:15:00+05:30,4145.1,4154.7,4144.9,4151.4,1742
2026-07-06T18:30:00+05:30,4151.9,4160.7,4148.9,4153.6,1964
2026-07-06T18:45:00+05:30,4153.4,4161,4150.7,4154.8,1324
2026-07-06T19:00:00+05:30,4154.3,4162.6,4154.3,4161.5,1516
2026-07-06T19:15:00+05:30,4161.5,4161.8,4147.1,4153,2370
2026-07-06T19:30:00+05:30,4152.5,4159.5,4145.8,4152.5,3191
2026-07-06T19:45:00+05:30,4153.3,4153.3,4144.7,4149.1,2105
2026-07-06T20:00:00+05:30,4149.7,4154.4,4140.6,4142.6,1966
2026-07-06T20:15:00+05:30,4142.2,4150.8,4141.1,4150.2,1305
2026-07-06T20:30:00+05:30,4150.6,4158.8,4149.8,4151.4,1514
2026-07-06T20:45:00+05:30,4151.6,4162.9,4150.5,4162.2,1317
2026-07-06T21:00:00+05:30,4162.3,4164,4158.9,4161.6,1283
2026-07-06T21:15:00+05:30,4162.1,4162.2,4156.1,4159.9,993
2026-07-06T21:30:00+05:30,4160.1,4160.2,4152,4152,727
2026-07-06T21:45:00+05:30,4152.3,4158.3,4152.1,4157.2,973
2026-07-06T22:00:00+05:30,4157.5,4162.1,4157.2,4161.4,423
2026-07-06T22:15:00+05:30,4161.2,4168.1,4160.6,4166.9,711
2026-07-06T22:30:00+05:30,4166.9,4168.1,4164.1,4165.4,761
2026-07-06T22:45:00+05:30,4165.5,4171.6,4162.1,4167.5,1732
2026-07-06T23:00:00+05:30,4167.2,4171,4166.4,4168.4,703
2026-07-06T23:15:00+05:30,4168,4173.4,4167.6,4172.9,478
2026-07-06T23:30:00+05:30,4173.3,4173.8,4167.1,4170,899
2026-07-06T23:45:00+05:30,4170.2,4175.2,4170.2,4173.8,468
2026-07-07T00:00:00+05:30,4173.6,4179.6,4171.6,4176.3,712
2026-07-07T00:15:00+05:30,4175.8,4177.1,4173.8,4175.8,360
2026-07-07T00:30:00+05:30,4175.8,4177.4,4170.8,4171.2,460
2026-07-07T00:45:00+05:30,4171.1,4175.5,4170.5,4174.8,374
2026-07-07T01:00:00+05:30,4175,4175.3,4171.5,4173.1,311
2026-07-07T01:15:00+05:30,4173.1,4176.7,4172.8,4175.5,667
2026-07-07T01:30:00+05:30,4175.4,4176.3,4172.8,4172.8,186
2026-07-07T01:45:00+05:30,4172.7,4174.8,4172.6,4174.4,100
2026-07-07T02:00:00+05:30,4174.3,4176.5,4174.2,4175,128
2026-07-07T02:15:00+05:30,4174.6,4177.3,4174.6,4176.3,173
2026-07-07T03:30:00+05:30,4176.4,4179,4174.6,4177.4,358
2026-07-07T03:45:00+05:30,4177.7,4178.7,4176.3,4177.1,86
2026-07-07T04:00:00+05:30,4177.5,4179.5,4177.2,4178.3,239
2026-07-07T04:15:00+05:30,4178.3,4179.1,4175.2,4175.9,139
2026-07-07T04:30:00+05:30,4175.4,4176.6,4174,4176.6,166
2026-07-07T04:45:00+05:30,4176.4,4176.4,4174,4174.3,55
2026-07-07T05:00:00+05:30,4174,4176.4,4172,4173,165
2026-07-07T05:15:00+05:30,4173.1,4174.9,4168,4168.7,391
2026-07-07T05:30:00+05:30,4168.5,4169.7,4164.5,4167.6,429
2026-07-07T05:45:00+05:30,4168,4172.2,4163.4,4171.4,458
2026-07-07T06:00:00+05:30,4171.7,4174.5,4159.7,4161.6,653
2026-07-07T06:15:00+05:30,4160.8,4165.5,4156.1,4157.2,574
2026-07-07T06:30:00+05:30,4157.3,4160.2,4149.6,4153.7,1397
2026-07-07T06:45:00+05:30,4153.3,4155,4137.6,4144.3,1618
2026-07-07T07:00:00+05:30,4144.2,4154.4,4143.8,4153.9,905
2026-07-07T07:15:00+05:30,4154.4,4158.6,4152.5,4153.9,787
2026-07-07T07:30:00+05:30,4154,4156.5,4149.5,4154,516
2026-07-07T07:45:00+05:30,4154.3,4157,4149.7,4152.3,619
2026-07-07T08:00:00+05:30,4152,4156.5,4147.8,4150.6,652
2026-07-07T08:15:00+05:30,4151.2,4151.3,4142.8,4147.9,773
2026-07-07T08:30:00+05:30,4147.8,4151.4,4146.5,4148.2,297
2026-07-07T08:45:00+05:30,4147.8,4148.9,4140.1,4143.8,604
2026-07-07T09:00:00+05:30,4143.1,4146.2,4138.4,4140.4,545
2026-07-07T09:15:00+05:30,4140.5,4142.7,4135.2,4142.5,688
2026-07-07T09:30:00+05:30,4142.4,4152.4,4141.7,4147.6,674
2026-07-07T09:45:00+05:30,4147.7,4148.9,4142,4143.2,409
2026-07-07T10:00:00+05:30,4143.3,4143.3,4139.6,4139.6,442
2026-07-07T10:15:00+05:30,4139.9,4142.1,4136.8,4137.6,277
2026-07-07T10:30:00+05:30,4137.6,4142.2,4133,4133.1,867
2026-07-07T10:45:00+05:30,4133.1,4140,4131.9,4139.5,783
2026-07-07T11:00:00+05:30,4139.7,4140,4127.7,4133.5,1417
2026-07-07T11:15:00+05:30,4133.7,4138.2,4131.6,4135.2,556
2026-07-07T11:30:00+05:30,4135,4140.8,4132.5,4135.1,762
2026-07-07T11:45:00+05:30,4135,4140.9,4134.5,4138.1,557
2026-07-07T12:00:00+05:30,4138,4143.9,4136.2,4143.8,451
2026-07-07T12:15:00+05:30,4143.8,4144.4,4139.7,4141.7,458
2026-07-07T12:30:00+05:30,4141.9,4142.6,4135.8,4140.7,832
2026-07-07T12:45:00+05:30,4140.7,4143.4,4137.2,4138.3,382
2026-07-07T13:00:00+05:30,4138.3,4142.4,4137,4141.4,384
2026-07-07T13:15:00+05:30,4141.1,4144.6,4135.4,4135.8,885
2026-07-07T13:30:00+05:30,4135.4,4150.9,4135.4,4148.5,1216
2026-07-07T13:45:00+05:30,4148.6,4150.3,4145.5,4150,709
2026-07-07T14:00:00+05:30,4150.1,4150.7,4139.2,4142.1,1265
2026-07-07T14:15:00+05:30,4142.1,4142.2,4132.7,4137.1,869
2026-07-07T14:30:00+05:30,4136.9,4140.1,4135.4,4138.7,516
2026-07-07T14:45:00+05:30,4138.5,4142.2,4130.6,4132.5,1111
2026-07-07T15:00:00+05:30,4132.6,4144.6,4132.4,4143.7,1286
2026-07-07T15:15:00+05:30,4143.7,4144.1,4136.3,4142.4,509
2026-07-07T15:30:00+05:30,4142.4,4146.4,4142.4,4143.6,484
2026-07-07T15:45:00+05:30,4144,4150.5,4143.2,4148.9,575
2026-07-07T16:00:00+05:30,4149.1,4149.1,4146,4147.2,393
2026-07-07T16:15:00+05:30,4147.2,4148.8,4145,4147.1,427
2026-07-07T16:30:00+05:30,4147.1,4147.4,4143,4144.1,432
2026-07-07T16:45:00+05:30,4144.3,4156.8,4144.3,4154.2,978
2026-07-07T17:00:00+05:30,4154.1,4160.5,4150.8,4159.6,1079
2026-07-07T17:15:00+05:30,4159.5,4170,4158.4,4168.6,1830
2026-07-07T17:30:00+05:30,4168.6,4186.7,4166,4185.2,4248
2026-07-07T17:45:00+05:30,4185.4,4187,4174.5,4177.8,2578
2026-07-07T18:00:00+05:30,4177.3,4180,4173.2,4178,2208
2026-07-07T18:15:00+05:30,4177.8,4184.5,4175.9,4184.1,1087
2026-07-07T18:30:00+05:30,4184.1,4190.6,4171.3,4182.6,2895
2026-07-07T18:45:00+05:30,4182.5,4183.9,4175.5,4177.6,1426
2026-07-07T19:00:00+05:30,4177.8,4192.4,4174.7,4189.4,3384
2026-07-07T19:15:00+05:30,4189.4,4192,4167.3,4170,2961
2026-07-07T19:30:00+05:30,4169.7,4175.1,4161.9,4163.3,3516
2026-07-07T19:45:00+05:30,4162.9,4170.8,4162,4169,1851
2026-07-07T20:00:00+05:30,4169.8,4170.8,4154.5,4163.4,2669
2026-07-07T20:15:00+05:30,4163.2,4168.8,4163,4165,1253
2026-07-07T20:30:00+05:30,4165,4166.7,4159.3,4159.6,1525
2026-07-07T20:45:00+05:30,4159.7,4159.7,4152.6,4154,1357
2026-07-07T21:00:00+05:30,4154,4159.3,4153,4157.5,942
2026-07-07T21:15:00+05:30,4157.3,4159,4146.9,4150.1,1369
2026-07-07T21:30:00+05:30,4150.4,4155,4148.2,4152.4,830
2026-07-07T21:45:00+05:30,4152.2,4158.7,4152.1,4157.5,803
2026-07-07T22:00:00+05:30,4157.3,4158.1,4153.7,4154.7,721
2026-07-07T22:15:00+05:30,4154.9,4158.3,4152.2,4156.6,716
2026-07-07T22:30:00+05:30,4156.7,4158.5,4153.6,4154.4,506
2026-07-07T22:45:00+05:30,4154.2,4158.3,4151.8,4157.5,1121
2026-07-07T23:00:00+05:30,4157.7,4159.8,4156.1,4158,767
2026-07-07T23:15:00+05:30,4158.7,4158.7,4154.3,4155.9,269
2026-07-07T23:30:00+05:30,4156,4156.5,4152.2,4153.8,341
2026-07-07T23:45:00+05:30,4153.7,4155.8,4151.3,4153.1,473
2026-07-08T00:00:00+05:30,4152.9,4153.8,4147.7,4153,631
2026-07-08T00:15:00+05:30,4153.7,4154,4136.1,4138,2258
2026-07-08T00:30:00+05:30,4137.9,4138.7,4113.6,4116.6,4474
2026-07-08T00:45:00+05:30,4116.1,4117.7,4102.7,4114.3,4062
2026-07-08T01:00:00+05:30,4114.3,4125.9,4114.3,4120,1702
2026-07-08T01:15:00+05:30,4120.3,4128.9,4119.2,4125.1,2235
2026-07-08T01:30:00+05:30,4125.3,4126.7,4123.1,4123.7,500
2026-07-08T01:45:00+05:30,4124,4124,4117.3,4121.6,766
2026-07-08T02:00:00+05:30,4121.5,4121.8,4115.4,4116.3,445
2026-07-08T02:15:00+05:30,4116.4,4117.7,4114.2,4116.6,356
2026-07-08T03:30:00+05:30,4106.5,4116.9,4104,4114.5,1244
2026-07-08T03:45:00+05:30,4114.7,4115.1,4110.4,4110.5,299
2026-07-08T04:00:00+05:30,4110.2,4113.4,4109.4,4112,441
2026-07-08T04:15:00+05:30,4111.8,4111.8,4106.6,4109.5,843
2026-07-08T04:30:00+05:30,4109,4118.9,4107.3,4116.6,1239
2026-07-08T04:45:00+05:30,4116.4,4117.8,4111.8,4116,611
2026-07-08T05:00:00+05:30,4115.9,4116.3,4107.9,4109.2,609
2026-07-08T05:15:00+05:30,4108.8,4112,4106.3,4108.8,518
2026-07-08T05:30:00+05:30,4108.5,4114.4,4107.4,4110.3,396
2026-07-08T05:45:00+05:30,4111.5,4118.6,4109.1,4115.5,594
2026-07-08T06:00:00+05:30,4116.3,4137.1,4114.7,4134.2,1627
2026-07-08T06:15:00+05:30,4134.5,4136,4122.1,4122.5,953
2026-07-08T06:30:00+05:30,4122.8,4129,4109.5,4119.4,2381
2026-07-08T06:45:00+05:30,4119.4,4121.1,4113,4113.8,812
2026-07-08T07:00:00+05:30,4113.4,4116.6,4106.8,4114.1,1069
2026-07-08T07:15:00+05:30,4113.5,4123.8,4112.8,4122.3,919
2026-07-08T07:30:00+05:30,4122.2,4129.4,4116.5,4123.3,1177
2026-07-08T07:45:00+05:30,4123.7,4135.5,4123.5,4129.5,953
2026-07-08T08:00:00+05:30,4129.5,4131.8,4127,4131.1,588
2026-07-08T08:15:00+05:30,4131.1,4131.3,4124,4125,403
2026-07-08T08:30:00+05:30,4125.5,4141.5,4125.5,4138.9,1176
2026-07-08T08:45:00+05:30,4138.7,4142.3,4135.7,4141.3,665
2026-07-08T09:00:00+05:30,4141.4,4142.3,4136.8,4138.2,316
2026-07-08T09:15:00+05:30,4137.5,4140.2,4133.5,4134.3,568
2026-07-08T09:30:00+05:30,4134.2,4139.4,4132.5,4135.2,579
2026-07-08T09:45:00+05:30,4135,4137.8,4131.4,4136.6,984
2026-07-08T10:00:00+05:30,4136.6,4139.1,4132.9,4136,477
2026-07-08T10:15:00+05:30,4136,4137.7,4134.2,4135.9,284
2026-07-08T10:30:00+05:30,4135.9,4144.6,4135.7,4136.4,601
2026-07-08T10:45:00+05:30,4136.3,4140.3,4132.4,4132.5,521
2026-07-08T11:00:00+05:30,4132.3,4142,4131.3,4138.5,640
2026-07-08T11:15:00+05:30,4139.3,4140.5,4135,4138.5,399
2026-07-08T11:30:00+05:30,4138.8,4142.1,4132.9,4141.4,725
2026-07-08T11:45:00+05:30,4141.8,4144.7,4139.5,4140.9,678
2026-07-08T12:00:00+05:30,4140.3,4140.5,4135.2,4137.7,731
2026-07-08T12:15:00+05:30,4137.4,4138.1,4133.9,4134,408
2026-07-08T12:30:00+05:30,4134.4,4135.8,4126.8,4129,867
2026-07-08T12:45:00+05:30,4128.9,4132.6,4125.4,4131.5,788
2026-07-08T13:00:00+05:30,4131.9,4138.9,4129,4138.9,933
2026-07-08T13:15:00+05:30,4138.9,4139,4130,4132,696
2026-07-08T13:30:00+05:30,4132,4132.5,4127.5,4128.7,768
2026-07-08T13:45:00+05:30,4129,4132.2,4090.9,4099.5,7053
2026-07-08T14:00:00+05:30,4099.5,4102.8,4071.5,4077,5790
2026-07-08T14:15:00+05:30,4076.4,4087,4062.2,4066.8,4577
2026-07-08T14:30:00+05:30,4066.6,4067,4060.4,4066.3,2168
2026-07-08T14:45:00+05:30,4065.7,4071.3,4064.1,4066.8,2006
2026-07-08T15:00:00+05:30,4067,4068.9,4054.8,4058.8,2667
2026-07-08T15:15:00+05:30,4058.6,4063.2,4051.6,4053.1,1662
2026-07-08T15:30:00+05:30,4053.5,4058.3,4050,4054.5,1844
2026-07-08T15:45:00+05:30,4054.6,4066.1,4053.4,4061,1693
2026-07-08T16:00:00+05:30,4060.6,4068.7,4060.2,4067.5,1085
2026-07-08T16:15:00+05:30,4067.8,4069,4062.9,4062.9,779
2026-07-08T16:30:00+05:30,4062.9,4067.2,4058.1,4060.8,1057
2026-07-08T16:45:00+05:30,4060.4,4064.8,4057.5,4060.5,946
2026-07-08T17:00:00+05:30,4060,4076.3,4051.5,4074.5,2735
2026-07-08T17:15:00+05:30,4074.5,4083,4069.2,4072.3,2879
2026-07-08T17:30:00+05:30,4071.9,4083.6,4068.5,4081.8,2024
2026-07-08T17:45:00+05:30,4082.2,4087.6,4075.2,4081,1902
2026-07-08T18:00:00+05:30,4080.9,4088.7,4077.9,4088.4,1577
2026-07-08T18:15:00+05:30,4088.5,4096.8,4081.1,4082.9,3776
2026-07-08T18:30:00+05:30,4082.5,4093.8,4080.4,4082.9,3147
2026-07-08T18:45:00+05:30,4082.8,4086.9,4075.8,4077.5,2050
2026-07-08T19:00:00+05:30,4077.5,4091.5,4077.4,4084.2,2677
2026-07-08T19:15:00+05:30,4083.9,4090.1,4079,4081.6,1853
2026-07-08T19:30:00+05:30,4081.1,4082,4067.7,4068.3,4124
2026-07-08T19:45:00+05:30,4068.2,4076.4,4062,4071.5,3165
2026-07-08T20:00:00+05:30,4071,4072.4,4045.1,4046.8,5274
2026-07-08T20:15:00+05:30,4046.8,4057.1,4044,4051.8,3043
2026-07-08T20:30:00+05:30,4052,4054.3,4044.2,4044.6,1979
2026-07-08T20:45:00+05:30,4044.5,4046.7,4036.7,4041.5,3835
2026-07-08T21:00:00+05:30,4042,4044.3,4032.5,4042.9,2861
2026-07-08T21:15:00+05:30,4042.8,4048.6,4039.8,4044.1,1949
2026-07-08T21:30:00+05:30,4044.5,4053.5,4043.4,4049.9,1845
2026-07-08T21:45:00+05:30,4050,4055.9,4048,4053.9,1084
2026-07-08T22:00:00+05:30,4053.6,4068.3,4049.5,4066.6,2787
2026-07-08T22:15:00+05:30,4066.4,4075,4063.3,4073.9,1813
2026-07-08T22:30:00+05:30,4073.9,4080.7,4069.4,4075,1615
2026-07-08T22:45:00+05:30,4075.2,4084.7,4073.5,4083.4,2813
2026-07-08T23:00:00+05:30,4083.5,4086.9,4079.4,4080.5,1248
2026-07-08T23:15:00+05:30,4080.3,4081,4074.7,4076.4,841
2026-07-08T23:30:00+05:30,4075.8,4086.4,4073.8,4085.7,1557
2026-07-08T23:45:00+05:30,4086,4086.1,4078,4080.8,701
2026-07-09T00:00:00+05:30,4080.5,4090,4077.6,4089.9,881
2026-07-09T00:15:00+05:30,4089.8,4101.6,4089,4094.1,1745
2026-07-09T00:30:00+05:30,4095,4101,4094.7,4097.8,852
2026-07-09T00:45:00+05:30,4097.3,4098.6,4094.8,4098.5,382
2026-07-09T01:00:00+05:30,4098.6,4101.4,4093.4,4094.1,1020
2026-07-09T01:15:00+05:30,4093.9,4094.4,4088.5,4090.2,1434
2026-07-09T01:30:00+05:30,4090.5,4093.5,4086.2,4089.2,931
2026-07-09T01:45:00+05:30,4089,4089.4,4084.1,4086.6,636
2026-07-09T02:00:00+05:30,4086.7,4088.6,4081.4,4085.1,458
2026-07-09T02:15:00+05:30,4084.7,4089.8,4084.2,4086.6,363
2026-07-09T03:30:00+05:30,4087.6,4089.2,4081.2,4086.3,487
2026-07-09T03:45:00+05:30,4086.1,4088.7,4082.7,4083.8,263
2026-07-09T04:00:00+05:30,4084,4088.8,4083,4086,369
2026-07-09T04:15:00+05:30,4085.7,4089.6,4085.5,4085.7,234
2026-07-09T04:30:00+05:30,4086.3,4086.8,4083.6,4086.5,188
2026-07-09T04:45:00+05:30,4086.3,4087.5,4084.8,4086.9,96
2026-07-09T05:00:00+05:30,4086.8,4087,4083.1,4084.9,185
2026-07-09T05:15:00+05:30,4084.9,4087.4,4081.1,4085.6,409
2026-07-09T05:30:00+05:30,4087.5,4097,4086.4,4096.8,939
2026-07-09T05:45:00+05:30,4096.9,4099.1,4083.6,4087.4,848
2026-07-09T06:00:00+05:30,4087.9,4091.1,4084.7,4086.6,686
2026-07-09T06:15:00+05:30,4086.1,4088.1,4079.2,4082.8,550
2026-07-09T06:30:00+05:30,4083.2,4088.2,4074.1,4083.2,1411
2026-07-09T06:45:00+05:30,4083.5,4086,4075.9,4075.9,675
2026-07-09T07:00:00+05:30,4076.4,4084.4,4071.4,4082.2,1052
2026-07-09T07:15:00+05:30,4081.8,4085.2,4077.7,4081.8,777
2026-07-09T07:30:00+05:30,4081.9,4089,4080.8,4088,764
2026-07-09T07:45:00+05:30,4087.4,4091.9,4086.2,4089.3,793
2026-07-09T08:00:00+05:30,4089.3,4090.6,4078.7,4079.7,896
2026-07-09T08:15:00+05:30,4079.8,4080.8,4073.1,4073.8,762
2026-07-09T08:30:00+05:30,4073.4,4076.3,4064.1,4067.9,917
2026-07-09T08:45:00+05:30,4067.6,4070.2,4063.4,4067.4,613
2026-07-09T09:00:00+05:30,4067,4072.6,4065.6,4071,311
2026-07-09T09:15:00+05:30,4071.3,4073.5,4070.2,4073.5,266
2026-07-09T09:30:00+05:30,4073.6,4073.6,4068.4,4069.6,293
2026-07-09T09:45:00+05:30,4069.6,4070.2,4066.5,4067.5,455
2026-07-09T10:00:00+05:30,4068,4073.6,4065.9,4067.4,672
2026-07-09T10:15:00+05:30,4067.2,4073.7,4065.9,4073.7,529
2026-07-09T10:30:00+05:30,4073.7,4085.3,4073,4082.9,1712
2026-07-09T10:45:00+05:30,4083.1,4083.4,4076.2,4081.4,561
2026-07-09T11:00:00+05:30,4082,4086.3,4073.8,4085,1469
2026-07-09T11:15:00+05:30,4085.3,4093.8,4083.4,4091.4,1023
2026-07-09T11:30:00+05:30,4091.3,4109.3,4090.8,4101.5,2013
2026-07-09T11:45:00+05:30,4101.3,4112.6,4101,4111.2,1513
2026-07-09T12:00:00+05:30,4111.8,4116.7,4105.6,4112.5,1525
2026-07-09T12:15:00+05:30,4112.3,4117.7,4112,4117.7,839
2026-07-09T12:30:00+05:30,4117.3,4119.9,4111.3,4111.3,1126
2026-07-09T12:45:00+05:30,4111.4,4119.5,4111.4,4118.6,956
2026-07-09T13:00:00+05:30,4118.6,4120.9,4113.3,4118.9,901
2026-07-09T13:15:00+05:30,4118.6,4121,4114.2,4117.9,686
2026-07-09T13:30:00+05:30,4117.9,4120.4,4115,4117.8,550
2026-07-09T13:45:00+05:30,4118,4127.4,4117.6,4124.4,1215
2026-07-09T14:00:00+05:30,4124.2,4126,4119.3,4122.9,744
2026-07-09T14:15:00+05:30,4123.1,4123.1,4116.8,4117.9,682
2026-07-09T14:30:00+05:30,4118,4118.8,4115.2,4117.5,476
2026-07-09T14:45:00+05:30,4117.7,4121.4,4116.5,4117.5,734
2026-07-09T15:00:00+05:30,4117.5,4119.5,4112.6,4113.3,879
2026-07-09T15:15:00+05:30,4113.1,4116.8,4112.6,4115.7,434
2026-07-09T15:30:00+05:30,4115.8,4119.2,4113.4,4114.5,534
2026-07-09T15:45:00+05:30,4114.6,4116.1,4113.4,4113.8,315
2026-07-09T16:00:00+05:30,4113.2,4114.6,4111,4112.8,604
2026-07-09T16:15:00+05:30,4112.8,4113.3,4102.8,4108,1815
2026-07-09T16:30:00+05:30,4108.2,4114.6,4106.9,4113.6,786
2026-07-09T16:45:00+05:30,4114.5,4116.8,4108.3,4109.5,650
2026-07-09T17:00:00+05:30,4109.8,4119.4,4108.2,4116,1276
2026-07-09T17:15:00+05:30,4116,4120.4,4114.4,4118.7,851
2026-07-09T17:30:00+05:30,4118.7,4130.3,4115.7,4122.6,1612
2026-07-09T17:45:00+05:30,4122.8,4123.3,4114.8,4116.7,1574
2026-07-09T18:00:00+05:30,4117,4132.4,4116.3,4122.5,3145
2026-07-09T18:15:00+05:30,4122.9,4124.5,4116.8,4117.7,1249
2026-07-09T18:30:00+05:30,4117.5,4131,4116.6,4130.6,1779
2026-07-09T18:45:00+05:30,4130.7,4137.3,4128.4,4135.7,2024
2026-07-09T19:00:00+05:30,4136.1,4139.6,4129.4,4137.3,2671
2026-07-09T19:15:00+05:30,4137.3,4137.7,4127.6,4131.7,1906
2026-07-09T19:30:00+05:30,4131.3,4147.4,4129.8,4131.8,4043
2026-07-09T19:45:00+05:30,4132.1,4135.7,4123.7,4134.3,2271
2026-07-09T20:00:00+05:30,4134.7,4136.6,4130.4,4133.9,1100
2026-07-09T20:15:00+05:30,4134.1,4138,4127.9,4137.3,1004
2026-07-09T20:30:00+05:30,4137.7,4140.8,4134.6,4135.3,1079
2026-07-09T20:45:00+05:30,4135.1,4140.6,4134.6,4137.7,984
2026-07-09T21:00:00+05:30,4137.5,4141.3,4136.1,4139.9,798
2026-07-09T21:15:00+05:30,4140.2,4143,4136.1,4136.4,751
2026-07-09T21:30:00+05:30,4136.8,4141.4,4135.4,4140.2,753
2026-07-09T21:45:00+05:30,4140.1,4143.6,4138.8,4142.9,827
2026-07-09T22:00:00+05:30,4142.3,4148.4,4141.2,4143.7,1111
2026-07-09T22:15:00+05:30,4143.3,4144.2,4137.7,4137.7,849
2026-07-09T22:30:00+05:30,4137.8,4138.6,4135.3,4137.2,904
2026-07-09T22:45:00+05:30,4136.8,4141.9,4134.5,4141.6,1777
2026-07-09T23:00:00+05:30,4141.7,4144.3,4139.1,4142,999
2026-07-09T23:15:00+05:30,4141.9,4148.3,4141.8,4146.1,906
2026-07-09T23:30:00+05:30,4145.9,4146.5,4137.1,4138.7,790
2026-07-09T23:45:00+05:30,4138.4,4138.4,4132.7,4133.8,660
2026-07-10T00:00:00+05:30,4133.8,4135.2,4131.1,4135.2,609
2026-07-10T00:15:00+05:30,4135.2,4135.3,4132.1,4134.5,364
2026-07-10T00:30:00+05:30,4134.1,4136.9,4132.6,4134.1,397
2026-07-10T00:45:00+05:30,4134.3,4135,4130.3,4130.6,361
2026-07-10T01:00:00+05:30,4130.6,4132.3,4128.3,4130,643
2026-07-10T01:15:00+05:30,4130.2,4133.4,4129.8,4132.4,713
2026-07-10T01:30:00+05:30,4132.1,4133.9,4130.3,4131.2,249
2026-07-10T01:45:00+05:30,4131.2,4132.3,4130,4130.6,105
2026-07-10T02:00:00+05:30,4130.4,4135.1,4130.3,4133.9,388
2026-07-10T02:15:00+05:30,4133.5,4134,4132.3,4132.6,205
2026-07-10T03:30:00+05:30,4135.4,4136.8,4130.8,4132.8,384
2026-07-10T03:45:00+05:30,4132.5,4134,4131.5,4132.6,148
2026-07-10T04:00:00+05:30,4132.1,4134,4131.5,4132.7,280
2026-07-10T04:15:00+05:30,4133,4133.2,4130.5,4130.7,288
2026-07-10T04:30:00+05:30,4130.8,4133.9,4130.1,4133,145
2026-07-10T04:45:00+05:30,4133.3,4134.2,4130.3,4131.4,238
2026-07-10T05:00:00+05:30,4131.2,4132.3,4130.1,4132,62
2026-07-10T05:15:00+05:30,4132,4133.9,4130.9,4132.6,143
2026-07-10T05:30:00+05:30,4132.5,4134.6,4129,4131.9,446
2026-07-10T05:45:00+05:30,4132.4,4132.9,4125.8,4128.6,597
2026-07-10T06:00:00+05:30,4128.4,4133,4123.5,4132.4,537
2026-07-10T06:15:00+05:30,4132,4137.8,4130.3,4135.8,849
2026-07-10T06:30:00+05:30,4136.2,4140.8,4128.1,4134,1087
2026-07-10T06:45:00+05:30,4134.5,4137.5,4129.9,4130.8,520
2026-07-10T07:00:00+05:30,4131.7,4133.2,4118.6,4121.1,1587
2026-07-10T07:15:00+05:30,4121.4,4130.8,4118.3,4127.1,767
2026-07-10T07:30:00+05:30,4126.7,4138.6,4125.9,4134.7,869
2026-07-10T07:45:00+05:30,4134.8,4137.9,4131.4,4135.8,479
2026-07-10T08:00:00+05:30,4135.3,4138.4,4131.2,4135.3,427
2026-07-10T08:15:00+05:30,4135.2,4138.9,4133.3,4137.6,341
2026-07-10T08:30:00+05:30,4137.5,4144.6,4136,4136.4,1119
2026-07-10T08:45:00+05:30,4136.6,4138.3,4130.4,4135.1,810
2026-07-10T09:00:00+05:30,4134.7,4137.5,4130.7,4131.1,532
2026-07-10T09:15:00+05:30,4130.8,4131.8,4128.9,4129.6,342
2026-07-10T09:30:00+05:30,4128.8,4130.4,4126,4130.1,335
2026-07-10T09:45:00+05:30,4130,4130.5,4121.2,4126.5,888
2026-07-10T10:00:00+05:30,4126.2,4128.8,4125.9,4128.2,170
2026-07-10T10:15:00+05:30,4128.2,4128.2,4123.6,4123.9,239
2026-07-10T10:30:00+05:30,4124.1,4125.2,4122,4122.8,196
2026-07-10T10:45:00+05:30,4123.1,4126,4121.7,4123,509
2026-07-10T11:00:00+05:30,4122.8,4124.1,4117.7,4122.8,889
2026-07-10T11:15:00+05:30,4122.3,4126,4117,4125.5,579
2026-07-10T11:30:00+05:30,4125.5,4128.1,4123.4,4123.8,559
2026-07-10T11:45:00+05:30,4123.7,4129,4122.5,4123.4,517
2026-07-10T12:00:00+05:30,4123.3,4125.1,4120,4120.6,588
2026-07-10T12:15:00+05:30,4120.2,4123.2,4120.1,4120.6,468
2026-07-10T12:30:00+05:30,4120.3,4122.5,4117.7,4120.2,586
2026-07-10T12:45:00+05:30,4120.4,4124.4,4117.5,4121.5,642
2026-07-10T13:00:00+05:30,4121.7,4123.5,4114.2,4115.6,702
2026-07-10T13:15:00+05:30,4116,4118.7,4113,4117.9,813
2026-07-10T13:30:00+05:30,4117.6,4118.3,4112.8,4116.3,683
2026-07-10T13:45:00+05:30,4116.4,4117.8,4111.8,4113.1,560
2026-07-10T14:00:00+05:30,4112.7,4114.3,4108.2,4110.6,812
2026-07-10T14:15:00+05:30,4110.4,4110.4,4103.3,4106.5,1247
2026-07-10T14:30:00+05:30,4106.5,4110,4103,4109.6,828
2026-07-10T14:45:00+05:30,4109.5,4112.7,4108.8,4111.7,946
2026-07-10T15:00:00+05:30,4111.5,4113.2,4107.6,4112,771
2026-07-10T15:15:00+05:30,4112.1,4114.5,4111.2,4113.7,401
2026-07-10T15:30:00+05:30,4113.8,4117.6,4113.1,4115.5,521
2026-07-10T15:45:00+05:30,4115.6,4121.8,4115.3,4118.5,1141
2026-07-10T16:00:00+05:30,4118.7,4119.7,4115.4,4118.3,411
2026-07-10T16:15:00+05:30,4118.4,4118.4,4113.2,4113.5,705
2026-07-10T16:30:00+05:30,4113.3,4117.1,4113.3,4115.1,446
2026-07-10T16:45:00+05:30,4115.6,4117.1,4108.6,4108.6,647
2026-07-10T17:00:00+05:30,4108.8,4116.1,4104.5,4115.5,1050
2026-07-10T17:15:00+05:30,4115.2,4116.9,4110.8,4111,500
2026-07-10T17:30:00+05:30,4111.4,4127,4109.8,4123.6,1592
2026-07-10T17:45:00+05:30,4123.9,4125.1,4111.5,4114.8,1456
2026-07-10T18:00:00+05:30,4114.8,4115.6,4106,4106.7,1409
2026-07-10T18:15:00+05:30,4106.7,4113.6,4106.4,4109.3,1043
2026-07-10T18:30:00+05:30,4109.7,4114.8,4107.4,4113,1452
2026-07-10T18:45:00+05:30,4113.2,4115.5,4093.7,4095.9,2868
2026-07-10T19:00:00+05:30,4096,4111.2,4095.3,4107.2,2302
2026-07-10T19:15:00+05:30,4107.2,4114.3,4105.9,4108.7,1257
2026-07-10T19:30:00+05:30,4108.3,4112.2,4106.1,4108.8,1875
2026-07-10T19:45:00+05:30,4108.8,4118.6,4106.1,4114.3,1663
2026-07-10T20:00:00+05:30,4114.7,4116.8,4081.7,4108.5,5962
2026-07-10T20:15:00+05:30,4108.2,4117.1,4100.7,4101.7,2354
2026-07-10T20:30:00+05:30,4101.9,4110,4100.1,4106.1,1339
2026-07-10T20:45:00+05:30,4106.9,4117,4106.9,4111.4,1542
2026-07-10T21:00:00+05:30,4111.5,4116.1,4110.6,4115.3,848
2026-07-10T21:15:00+05:30,4115.6,4122.7,4115,4122.1,1292
2026-07-10T21:30:00+05:30,4122.4,4124,4116.9,4119.4,1303
2026-07-10T21:45:00+05:30,4119.5,4123.6,4116.2,4123.6,899
2026-07-10T22:00:00+05:30,4123.5,4124.8,4118,4118.3,853
2026-07-10T22:15:00+05:30,4118.6,4119.1,4113.3,4113.6,738
2026-07-10T22:30:00+05:30,4113.4,4114.6,4111.3,4112.7,755
2026-07-10T22:45:00+05:30,4113,4115.8,4112.8,4114.4,998
2026-07-10T23:00:00+05:30,4114.4,4115.8,4112.1,4112.8,608
2026-07-10T23:15:00+05:30,4112.7,4114.1,4109.4,4109.6,466
2026-07-10T23:30:00+05:30,4109.8,4114.3,4108.9,4113.8,557
2026-07-10T23:45:00+05:30,4113.9,4114.8,4111,4111.8,579
2026-07-11T00:00:00+05:30,4112,4112.5,4107.1,4107.7,686
2026-07-11T00:15:00+05:30,4107.7,4110.2,4106.8,4109.7,521
2026-07-11T00:30:00+05:30,4109.7,4111.1,4106.3,4110.2,754
2026-07-11T00:45:00+05:30,4110.2,4111.9,4109.8,4110.3,361
2026-07-11T01:00:00+05:30,4110.1,4112,4109,4110.9,611
2026-07-11T01:15:00+05:30,4111.1,4117,4110.8,4116.6,879
2026-07-11T01:30:00+05:30,4116.4,4123.4,4116.3,4120.4,521
2026-07-11T01:45:00+05:30,4120.2,4121.2,4119,4119.6,193
2026-07-11T02:00:00+05:30,4119.7,4120.9,4118.8,4120.3,133
2026-07-11T02:15:00+05:30,4120,4129,4120,4128.9,506
2026-07-13T03:30:00+05:30,4106.6,4111.6,4088.4,4089,2153
2026-07-13T03:45:00+05:30,4089.4,4096,4087.4,4091.5,590
2026-07-13T04:00:00+05:30,4091.6,4094.2,4085.4,4085.6,498
2026-07-13T04:15:00+05:30,4086.4,4088.8,4076.8,4084.3,1053
2026-07-13T04:30:00+05:30,4084,4084.1,4075.8,4078.2,738
2026-07-13T04:45:00+05:30,4078.2,4083.4,4076.6,4082.3,359
2026-07-13T05:00:00+05:30,4082.3,4087.3,4079.3,4085.8,426
2026-07-13T05:15:00+05:30,4085.7,4093.3,4083.7,4092.9,628
2026-07-13T05:30:00+05:30,4093.1,4099.7,4089,4095.4,915
2026-07-13T05:45:00+05:30,4095.8,4096.1,4082.8,4083.1,824
2026-07-13T06:00:00+05:30,4082.8,4083.6,4069.4,4081.9,1701
2026-07-13T06:15:00+05:30,4082,4086.2,4077.2,4082.1,1025
2026-07-13T06:30:00+05:30,4082.9,4089.9,4074,4088.5,1463
2026-07-13T06:45:00+05:30,4088.2,4091.1,4079.4,4087.7,1062
2026-07-13T07:00:00+05:30,4087.7,4098.3,4086,4092.5,1102
2026-07-13T07:15:00+05:30,4093.9,4096.8,4075.3,4080.2,2100
2026-07-13T07:30:00+05:30,4080.5,4083,4077.9,4080.5,903
2026-07-13T07:45:00+05:30,4080,4082.3,4074.6,4075.5,810
2026-07-13T08:00:00+05:30,4075.4,4085.5,4072.6,4080.7,1331
2026-07-13T08:15:00+05:30,4080.1,4080.9,4076.2,4076.8,402
2026-07-13T08:30:00+05:30,4076.5,4077.2,4060.7,4065.8,2232
2026-07-13T08:45:00+05:30,4066.2,4070.3,4065.8,4069.9,735
2026-07-13T09:00:00+05:30,4069.5,4070.3,4064.5,4065.1,435
2026-07-13T09:15:00+05:30,4065.4,4068.8,4065.3,4068.3,174
2026-07-13T09:30:00+05:30,4068.1,4068.1,4060,4061.7,475
2026-07-13T09:45:00+05:30,4062.2,4065.6,4057.8,4063.1,899
2026-07-13T10:00:00+05:30,4063.1,4065.3,4060.8,4062,376
2026-07-13T10:15:00+05:30,4062.1,4067.1,4060.1,4066.3,417
2026-07-13T10:30:00+05:30,4066.4,4080.9,4062.6,4077.3,1334
2026-07-13T10:45:00+05:30,4077.6,4077.7,4065.1,4065.8,789
2026-07-13T11:00:00+05:30,4065.7,4073.3,4059.5,4070.9,1357
2026-07-13T11:15:00+05:30,4070.5,4072.2,4060.7,4061.8,839
2026-07-13T11:30:00+05:30,4061.9,4064.3,4052,4058.6,2159
2026-07-13T11:45:00+05:30,4058.7,4069.1,4058.6,4068.9,941
2026-07-13T12:00:00+05:30,4069,4071.4,4066.4,4068,738
2026-07-13T12:15:00+05:30,4067.9,4068.5,4059.7,4063,1051
2026-07-13T12:30:00+05:30,4063.4,4069.3,4056.5,4063.4,1225
2026-07-13T12:45:00+05:30,4063.7,4067.1,4063.7,4067.1,515
2026-07-13T13:00:00+05:30,4066.6,4071,4063.8,4065,621
2026-07-13T13:15:00+05:30,4065.7,4073.2,4064,4072.8,720
2026-07-13T13:30:00+05:30,4072.8,4083.6,4071.4,4082.3,1403
2026-07-13T13:45:00+05:30,4082.2,4089.1,4081.8,4082.6,1485
2026-07-13T14:00:00+05:30,4082.3,4084.8,4079.5,4084.6,668
2026-07-13T14:15:00+05:30,4084,4087.2,4080.9,4083.1,537
2026-07-13T14:30:00+05:30,4082.8,4084.4,4081,4082.9,374
2026-07-13T14:45:00+05:30,4082.9,4085,4079.2,4081,735
2026-07-13T15:00:00+05:30,4080.7,4082,4077.7,4080.8,907
2026-07-13T15:15:00+05:30,4080.8,4082,4076,4076.3,496
2026-07-13T15:30:00+05:30,4076.2,4078.4,4074.7,4075.6,383
2026-07-13T15:45:00+05:30,4075.5,4077.2,4071.5,4073,529
2026-07-13T16:00:00+05:30,4072.9,4076.3,4055,4060.7,1864
2026-07-13T16:15:00+05:30,4060.4,4069.6,4056.4,4068.4,1538
2026-07-13T16:30:00+05:30,4068.4,4075.8,4066,4071.7,2141
2026-07-13T16:45:00+05:30,4071.9,4072.9,4066.1,4070.6,781
2026-07-13T17:00:00+05:30,4070.3,4076.7,4069.7,4072.8,811
2026-07-13T17:15:00+05:30,4073.2,4073.4,4062.6,4064,839
2026-07-13T17:30:00+05:30,4064,4068.5,4061.1,4064,1710
2026-07-13T17:45:00+05:30,4063.6,4071.3,4063,4066.9,1251
2026-07-13T18:00:00+05:30,4066.7,4071.8,4066.4,4070.5,1110
2026-07-13T18:15:00+05:30,4070.7,4075.2,4070.7,4075.2,1252
2026-07-13T18:30:00+05:30,4075.3,4075.5,4066.7,4069.6,1049
2026-07-13T18:45:00+05:30,4069.6,4073.6,4066.2,4069.7,1179
2026-07-13T19:00:00+05:30,4070.2,4071.8,4059,4062.6,2124
2026-07-13T19:15:00+05:30,4062.1,4065.8,4049,4050.9,3943
2026-07-13T19:30:00+05:30,4050.5,4054.5,4036,4043.4,5514
2026-07-13T19:45:00+05:30,4043.2,4044.8,4009,4024.3,9683
2026-07-13T20:00:00+05:30,4023.9,4024.5,4005.8,4012.5,5295
2026-07-13T20:15:00+05:30,4012.4,4022.6,4008.4,4022.4,4088
2026-07-13T20:30:00+05:30,4022.4,4024.9,4017.7,4021.6,1820
2026-07-13T20:45:00+05:30,4022.1,4027.5,4020.3,4023.5,1274
2026-07-13T21:00:00+05:30,4024.1,4025,4019.6,4020.5,1013
2026-07-13T21:15:00+05:30,4020.6,4023.5,4017.5,4023.3,970
2026-07-13T21:30:00+05:30,4023.1,4025.5,4019.9,4021.3,839
2026-07-13T21:45:00+05:30,4021.1,4021.4,4007.6,4011.4,1570
2026-07-13T22:00:00+05:30,4011.4,4012,3997.4,4007.6,3935
2026-07-13T22:15:00+05:30,4007.5,4010.4,3992.9,4000.3,2383
2026-07-13T22:30:00+05:30,4000.5,4006.2,3999.2,4004.9,1184
2026-07-13T22:45:00+05:30,4004.9,4009.3,4003.9,4006.3,1909
2026-07-13T23:00:00+05:30,4006.4,4008.5,4003.5,4004.3,872
2026-07-13T23:15:00+05:30,4005.3,4006.7,3999.4,4000.6,962
2026-07-13T23:30:00+05:30,4000.7,4002.4,3996.3,4000.8,963
2026-07-13T23:45:00+05:30,4001,4003.9,3993.6,4002.3,1185
2026-07-14T00:00:00+05:30,4002.5,4008,4000.9,4007.4,884
2026-07-14T00:15:00+05:30,4007.4,4012.7,4005.3,4008.5,1252
2026-07-14T00:30:00+05:30,4008.8,4011.6,4004.8,4005.5,820
2026-07-14T00:45:00+05:30,4005.4,4007.8,4003.9,4005.4,611
2026-07-14T01:00:00+05:30,4005.2,4008.3,4000.5,4006.7,791
2026-07-14T01:15:00+05:30,4006.2,4009.9,4004.2,4009.3,986
2026-07-14T01:30:00+05:30,4009.4,4013.6,4005.8,4005.8,821
2026-07-14T01:45:00+05:30,4006.3,4007.6,4002.8,4007.6,436
2026-07-14T02:00:00+05:30,4007.3,4007.7,4004.1,4007,295
2026-07-14T02:15:00+05:30,4007,4009.4,4005,4008.7,284
2026-07-14T03:30:00+05:30,4005.9,4015.5,4005.8,4011,451
2026-07-14T03:45:00+05:30,4011,4012.8,4010.8,4011.1,110
2026-07-14T04:00:00+05:30,4011,4012.5,4009.6,4010.9,236
2026-07-14T04:15:00+05:30,4010.3,4012.5,4007.4,4007.4,306
2026-07-14T04:30:00+05:30,4007.7,4009.9,4006.2,4007.3,224
2026-07-14T04:45:00+05:30,4007.3,4007.5,4003.9,4004.3,326
2026-07-14T05:00:00+05:30,4004,4004.2,4000,4002.5,431
2026-07-14T05:15:00+05:30,4001.7,4008.9,3999.1,4007.9,425
2026-07-14T05:30:00+05:30,4008.6,4011.8,3990.4,4002.7,1749
2026-07-14T05:45:00+05:30,4002,4003.8,3992.6,4001.8,778
2026-07-14T06:00:00+05:30,4002.5,4014.3,4001.4,4009.8,1089
2026-07-14T06:15:00+05:30,4010.4,4014.1,4007.8,4011.6,597
2026-07-14T06:30:00+05:30,4010.8,4010.9,3998.6,4001.8,1514
2026-07-14T06:45:00+05:30,4001.9,4011.6,4001.8,4004.4,734
2026-07-14T07:00:00+05:30,4004.1,4010.4,3999.8,4008.6,948
2026-07-14T07:15:00+05:30,4008.5,4019,4005.7,4017,823
2026-07-14T07:30:00+05:30,4017.5,4024.3,4012.7,4023.5,1577
2026-07-14T07:45:00+05:30,4022.8,4025.5,4020.2,4024.2,1163
2026-07-14T08:00:00+05:30,4024.4,4025.7,4017.4,4017.8,832
2026-07-14T08:15:00+05:30,4017.7,4020.8,4015.9,4019.2,362
2026-07-14T08:30:00+05:30,4019.1,4023.5,4018.5,4020.9,572
2026-07-14T08:45:00+05:30,4020.2,4025.3,4017.5,4024,729
2026-07-14T09:00:00+05:30,4024.6,4025.7,4020.2,4021.9,431
2026-07-14T09:15:00+05:30,4022.1,4024.6,4021.1,4023.3,222
2026-07-14T09:30:00+05:30,4023.7,4025.4,4019.9,4022.2,350
2026-07-14T09:45:00+05:30,4022.3,4023.8,4020.3,4022.2,397
2026-07-14T10:00:00+05:30,4022.3,4029.7,4022.1,4027,872
2026-07-14T10:15:00+05:30,4026.9,4027.9,4022.4,4026.7,601
2026-07-14T10:30:00+05:30,4027.2,4030.6,4026.2,4029.7,563
2026-07-14T10:45:00+05:30,4029.8,4030.6,4026.5,4029.2,384
2026-07-14T11:00:00+05:30,4029.3,4040.4,4029,4038.4,2075
2026-07-14T11:15:00+05:30,4038.5,4039.3,4035.3,4037.8,941
2026-07-14T11:30:00+05:30,4037.7,4039.5,4034.7,4037.3,776
2026-07-14T11:45:00+05:30,4036.6,4037.3,4029.1,4029.4,784
2026-07-14T12:00:00+05:30,4029.4,4032.6,4028,4031.5,653
2026-07-14T12:15:00+05:30,4031.9,4033.5,4029.6,4030.4,620
2026-07-14T12:30:00+05:30,4030.6,4035.2,4027.2,4031.1,871
2026-07-14T12:45:00+05:30,4031.1,4036.4,4031.1,4033.1,466
2026-07-14T13:00:00+05:30,4033.1,4036.1,4029.4,4029.9,602
2026-07-14T13:15:00+05:30,4030.1,4033,4026.5,4027.3,654
2026-07-14T13:30:00+05:30,4027.3,4029.1,4020.8,4023.8,1355
2026-07-14T13:45:00+05:30,4024.3,4030.1,4024,4028.5,683
2026-07-14T14:00:00+05:30,4028.3,4031.1,4025.3,4025.9,461
2026-07-14T14:15:00+05:30,4026.2,4027.6,4022.4,4022.6,567
2026-07-14T14:30:00+05:30,4022.4,4031.2,4020.4,4027.7,735
2026-07-14T14:45:00+05:30,4027.6,4028.5,4021.5,4022.4,741
2026-07-14T15:00:00+05:30,4022.2,4024.9,4020.1,4024.3,936
2026-07-14T15:15:00+05:30,4023.7,4030.9,4023.3,4028.7,1062
2026-07-14T15:30:00+05:30,4028.6,4029.5,4023.7,4025,463
2026-07-14T15:45:00+05:30,4025.1,4027.1,4022.2,4025.1,498
2026-07-14T16:00:00+05:30,4024.8,4026.7,4021.9,4025.9,403
2026-07-14T16:15:00+05:30,4025.5,4029.6,4024.7,4028.2,405
2026-07-14T16:30:00+05:30,4028.2,4030.7,4022.1,4030.1,664
2026-07-14T16:45:00+05:30,4029.4,4035.3,4027.5,4032.3,855
2026-07-14T17:00:00+05:30,4032,4037.7,4031.6,4035.2,936
2026-07-14T17:15:00+05:30,4035.2,4039,4032.9,4038.1,638
2026-07-14T17:30:00+05:30,4038.5,4042.9,4031.7,4032.4,1836
2026-07-14T17:45:00+05:30,4032.6,4037.6,4029.8,4036,1505
2026-07-14T18:00:00+05:30,4036.1,4112.5,4036,4101.1,19120
2026-07-14T18:15:00+05:30,4101.3,4103.3,4076.2,4083.9,5982
2026-07-14T18:30:00+05:30,4084,4091.4,4078.2,4082.2,4656
2026-07-14T18:45:00+05:30,4082.2,4093.6,4079.1,4089.1,2952
2026-07-14T19:00:00+05:30,4089.2,4096.4,4083.3,4095.4,2535
2026-07-14T19:15:00+05:30,4095.1,4095.1,4081.6,4084,1956
2026-07-14T19:30:00+05:30,4084,4092.7,4080,4089.8,2548
2026-07-14T19:45:00+05:30,4089.6,4092.5,4077.9,4084.2,2774
2026-07-14T20:00:00+05:30,4084.5,4097.6,4080.4,4086.7,2425
2026-07-14T20:15:00+05:30,4087.4,4095.2,4085.5,4093,1610
2026-07-14T20:30:00+05:30,4093,4108.7,4086.1,4097.7,4346
2026-07-14T20:45:00+05:30,4097.6,4098.8,4089.6,4092.2,2409
2026-07-14T21:00:00+05:30,4092,4094.3,4073.5,4081,2844
2026-07-14T21:15:00+05:30,4080.7,4083.5,4071.3,4073.1,1941
2026-07-14T21:30:00+05:30,4073.2,4073.8,4063.4,4070.1,2140
2026-07-14T21:45:00+05:30,4069.7,4072.3,4064.9,4066.1,1057
2026-07-14T22:00:00+05:30,4066.2,4069.9,4064.1,4067.8,1136
2026-07-14T22:15:00+05:30,4067.7,4069.2,4064.4,4068.3,673
2026-07-14T22:30:00+05:30,4068.8,4071.7,4061.8,4063.5,1433
2026-07-14T22:45:00+05:30,4063.2,4071,4061.1,4069.7,1754
2026-07-14T23:00:00+05:30,4069.6,4072.2,4066.3,4066.7,847
2026-07-14T23:15:00+05:30,4066.8,4070.6,4065,4070.1,449
2026-07-14T23:30:00+05:30,4069.5,4069.6,4066.5,4068.5,379
2026-07-14T23:45:00+05:30,4068.4,4070.2,4063.5,4065.4,607
2026-07-15T00:00:00+05:30,4065.1,4066.5,4049.2,4053.1,3052
2026-07-15T00:15:00+05:30,4052.7,4061.3,4051.1,4060.7,825
2026-07-15T00:30:00+05:30,4060.3,4064.1,4059.1,4063.3,447
2026-07-15T00:45:00+05:30,4063.2,4063.9,4057.8,4058.1,715
2026-07-15T01:00:00+05:30,4058.3,4059.6,4054.2,4059,745
2026-07-15T01:15:00+05:30,4059.5,4063.5,4058,4062.1,1088
2026-07-15T01:30:00+05:30,4062.1,4063.1,4060.4,4060.5,264
2026-07-15T01:45:00+05:30,4060.5,4060.9,4058.7,4059.4,259
2026-07-15T02:00:00+05:30,4059.8,4060,4056,4057.1,549
2026-07-15T02:15:00+05:30,4056.7,4059.5,4055.5,4058.3,559
2026-07-15T03:30:00+05:30,4059.8,4060,4054.8,4056.9,300
2026-07-15T03:45:00+05:30,4056.6,4058,4054.8,4058,340
2026-07-15T04:00:00+05:30,4057.5,4058.9,4054.8,4056.6,330
2026-07-15T04:15:00+05:30,4056.8,4056.9,4054.3,4055.1,261
2026-07-15T04:30:00+05:30,4054.8,4056.5,4053.1,4053.8,225
2026-07-15T04:45:00+05:30,4054.2,4060,4052.7,4059.9,246
2026-07-15T05:00:00+05:30,4060,4062.4,4057.5,4061,578
2026-07-15T05:15:00+05:30,4061,4061.5,4058.2,4058.8,160
2026-07-15T05:30:00+05:30,4059,4062.6,4057.1,4057.3,262
2026-07-15T05:45:00+05:30,4057.7,4064.9,4057.5,4064.7,637
2026-07-15T06:00:00+05:30,4065,4065.2,4058.7,4060.9,405
2026-07-15T06:15:00+05:30,4060.7,4067.2,4060.5,4065.1,470
2026-07-15T06:30:00+05:30,4066.3,4068.6,4061.3,4062.3,870
2026-07-15T06:45:00+05:30,4062,4063.5,4059,4061,477
2026-07-15T07:00:00+05:30,4061,4061.2,4042.5,4044.8,1455
2026-07-15T07:15:00+05:30,4045.4,4048.6,4041.2,4042.9,819
2026-07-15T07:30:00+05:30,4043,4048.2,4039.6,4043.2,1040
2026-07-15T07:45:00+05:30,4042.2,4042.9,4035.3,4039.2,1186
2026-07-15T08:00:00+05:30,4039.3,4048.3,4038.7,4048.2,597
2026-07-15T08:15:00+05:30,4048.1,4048.4,4040.8,4041.7,663
2026-07-15T08:30:00+05:30,4041.3,4046.6,4038.9,4040.5,539
2026-07-15T08:45:00+05:30,4040,4041.3,4036.2,4036.6,725
2026-07-15T09:00:00+05:30,4036.8,4042,4033.9,4035.5,1386
2026-07-15T09:15:00+05:30,4035.3,4039.6,4035.3,4037.8,251
2026-07-15T09:30:00+05:30,4036.9,4039.3,4036,4037.4,320
2026-07-15T09:45:00+05:30,4037.4,4041.2,4036.8,4039.9,268
2026-07-15T10:00:00+05:30,4039.9,4041.3,4034.2,4036.1,516
2026-07-15T10:15:00+05:30,4036.6,4040.6,4036.6,4039.1,479
2026-07-15T10:30:00+05:30,4039.5,4042.2,4031.1,4032.2,699
2026-07-15T10:45:00+05:30,4032.5,4035.1,4030.8,4031.3,448
2026-07-15T11:00:00+05:30,4031.5,4044.7,4028,4035.5,1827
2026-07-15T11:15:00+05:30,4036,4041.9,4033.4,4040.9,1130
2026-07-15T11:30:00+05:30,4041.2,4041.7,4033,4033.6,987
2026-07-15T11:45:00+05:30,4033.6,4034.5,4027.1,4032.5,889
2026-07-15T12:00:00+05:30,4032.4,4039.2,4028.8,4038.7,1114
2026-07-15T12:15:00+05:30,4038.4,4040,4035.8,4038,632
2026-07-15T12:30:00+05:30,4038.2,4040.6,4034.1,4035.8,507
2026-07-15T12:45:00+05:30,4035.5,4036.1,4025.8,4029.8,1309
2026-07-15T13:00:00+05:30,4029.8,4033,4025.6,4028.6,742
2026-07-15T13:15:00+05:30,4029,4032.7,4027.3,4030.7,869
2026-07-15T13:30:00+05:30,4030.7,4031.9,4023.3,4023.8,1383
2026-07-15T13:45:00+05:30,4023.7,4033.2,4023.7,4032.7,629
2026-07-15T14:00:00+05:30,4032.6,4035.5,4030.8,4035,612
2026-07-15T14:15:00+05:30,4034.9,4039.5,4033.6,4037.7,670
2026-07-15T14:30:00+05:30,4037.7,4040.7,4035.7,4036.3,1155
2026-07-15T14:45:00+05:30,4036.7,4038.7,4032.9,4033.5,656
2026-07-15T15:00:00+05:30,4033.2,4035.8,4031.5,4033.4,471
2026-07-15T15:15:00+05:30,4033,4036.4,4032.1,4036.3,449
2026-07-15T15:30:00+05:30,4036.4,4042.4,4034.9,4040.2,725
2026-07-15T15:45:00+05:30,4040.1,4041.5,4032.1,4034.6,623
2026-07-15T16:00:00+05:30,4034.6,4040,4034.3,4037.2,296
2026-07-15T16:15:00+05:30,4036.8,4037.3,4033.1,4034.3,411
2026-07-15T16:30:00+05:30,4033.9,4039,4033.9,4036.2,397
2026-07-15T16:45:00+05:30,4036.6,4037.5,4033.7,4036.8,402
2026-07-15T17:00:00+05:30,4036.6,4045.5,4035.4,4043.8,900
2026-07-15T17:15:00+05:30,4043.8,4046.5,4041.7,4044.5,603
2026-07-15T17:30:00+05:30,4044.9,4048.7,4041.8,4044.1,811
2026-07-15T17:45:00+05:30,4044.5,4047.2,4043.5,4045.3,752
2026-07-15T18:00:00+05:30,4045.1,4073,4045.1,4069.8,5819
2026-07-15T18:15:00+05:30,4070.1,4078.2,4067.6,4074.6,2181
2026-07-15T18:30:00+05:30,4074.7,4080.7,4067.7,4067.7,3732
2026-07-15T18:45:00+05:30,4067.8,4072.6,4060.5,4062.1,1581
2026-07-15T19:00:00+05:30,4062.2,4069.7,4061.9,4067.7,1614
2026-07-15T19:15:00+05:30,4068,4073.1,4061.7,4068.5,2196
2026-07-15T19:30:00+05:30,4068.7,4072.5,4066.8,4070.8,1280
2026-07-15T19:45:00+05:30,4071.3,4073,4061.8,4065,1562
2026-07-15T20:00:00+05:30,4065,4070.6,4063.5,4063.7,1057
2026-07-15T20:15:00+05:30,4063.8,4067.5,4059.5,4067.2,1421
2026-07-15T20:30:00+05:30,4067.4,4069.6,4049.5,4050.7,1755
2026-07-15T20:45:00+05:30,4050.3,4056.5,4045.9,4055.8,2270
2026-07-15T21:00:00+05:30,4056,4057,4051.3,4056.7,820
2026-07-15T21:15:00+05:30,4056,4057.5,4052.8,4053.2,569
2026-07-15T21:30:00+05:30,4053.4,4054.4,4043.8,4044.8,1089
2026-07-15T21:45:00+05:30,4044.6,4047.4,4039.2,4041.3,1491
2026-07-15T22:00:00+05:30,4041,4043.6,4033,4035,2095
2026-07-15T22:15:00+05:30,4034.8,4044.5,4033.7,4040.3,2266
2026-07-15T22:30:00+05:30,4040.4,4045.9,4039.8,4042.4,1066
2026-07-15T22:45:00+05:30,4042.3,4055,4039.7,4054.2,2618
2026-07-15T23:00:00+05:30,4053.9,4069.9,4053.6,4069.1,2894
2026-07-15T23:15:00+05:30,4069.1,4073.7,4066.8,4068.7,1817
2026-07-15T23:30:00+05:30,4069.2,4077.6,4068.6,4074.8,1493
2026-07-15T23:45:00+05:30,4075.6,4082.8,4074,4081.3,1240
2026-07-16T00:00:00+05:30,4081.7,4089.1,4074.8,4075,1912
2026-07-16T00:15:00+05:30,4075,4076,4065.2,4066.3,1336
2026-07-16T00:30:00+05:30,4066.3,4069.9,4064.4,4068.2,763
2026-07-16T00:45:00+05:30,4068.2,4068.7,4059.9,4063.6,1260
2026-07-16T01:00:00+05:30,4063.8,4065.1,4055.2,4058.5,1384
2026-07-16T01:15:00+05:30,4058.5,4064.2,4058,4064,1009
2026-07-16T01:30:00+05:30,4063.7,4065.3,4062.3,4064,383
2026-07-16T01:45:00+05:30,4064,4069,4064,4068,256
2026-07-16T02:00:00+05:30,4068.3,4069.8,4067,4068.6,222
2026-07-16T02:15:00+05:30,4068.3,4069.7,4066.5,4066.9,165
2026-07-16T03:30:00+05:30,4068.9,4071.9,4066.6,4069.5,382
2026-07-16T03:45:00+05:30,4069.5,4070.3,4067.2,4068,245
2026-07-16T04:00:00+05:30,4068.3,4068.3,4064.6,4066.1,342
2026-07-16T04:15:00+05:30,4066.4,4067.2,4063.8,4065.6,295
2026-07-16T04:30:00+05:30,4065.8,4068,4064.8,4066.2,473
2026-07-16T04:45:00+05:30,4066.3,4066.3,4062.6,4063.6,447
2026-07-16T05:00:00+05:30,4063.8,4065.1,4061.1,4063.5,255
2026-07-16T05:15:00+05:30,4063.2,4066.5,4061.8,4063.6,466
2026-07-16T05:30:00+05:30,4063.8,4065.2,4060.4,4062.3,275
2026-07-16T05:45:00+05:30,4061.7,4066.1,4060.5,4065,419
2026-07-16T06:00:00+05:30,4064,4067.1,4059.6,4061.3,675
2026-07-16T06:15:00+05:30,4060.8,4067,4049.2,4050.4,1437
2026-07-16T06:30:00+05:30,4050.3,4056.6,4046.8,4051,1642
2026-07-16T06:45:00+05:30,4051.1,4051.2,4039.4,4042.7,1103
2026-07-16T07:00:00+05:30,4042.4,4051.6,4042.4,4047.6,1063
2026-07-16T07:15:00+05:30,4047.7,4049.3,4042.5,4044.2,549
2026-07-16T07:30:00+05:30,4044.5,4045.3,4036.5,4037.7,723
2026-07-16T07:45:00+05:30,4037.6,4040.4,4034.1,4040.2,618
2026-07-16T08:00:00+05:30,4040.2,4041.3,4029.4,4033,950
2026-07-16T08:15:00+05:30,4033,4038.1,4030,4036.9,800
2026-07-16T08:30:00+05:30,4036.8,4038.6,4034.8,4035.3,322
2026-07-16T08:45:00+05:30,4035.5,4039.7,4033,4039.7,437
2026-07-16T09:00:00+05:30,4039.7,4041.6,4037.9,4040.9,301
2026-07-16T09:15:00+05:30,4040.6,4042.2,4039.4,4041.3,219
2026-07-16T09:30:00+05:30,4041.8,4043.1,4037.1,4042,360
2026-07-16T09:45:00+05:30,4041.9,4041.9,4037,4039.1,349
2026-07-16T10:00:00+05:30,4039.3,4040.3,4037,4037.9,273
2026-07-16T10:15:00+05:30,4037.4,4040.5,4037.3,4038.3,192
2026-07-16T10:30:00+05:30,4038.2,4038.9,4034.4,4035.6,376
2026-07-16T10:45:00+05:30,4036,4038.2,4031.6,4032.7,597
2026-07-16T11:00:00+05:30,4032.6,4038.5,4030.3,4037.6,872
2026-07-16T11:15:00+05:30,4037.8,4038.1,4030.9,4032.2,779
2026-07-16T11:30:00+05:30,4032.4,4041.5,4032.4,4037.2,1088
2026-07-16T11:45:00+05:30,4037.5,4038.1,4032.7,4035.3,849
2026-07-16T12:00:00+05:30,4035.1,4035.7,4027.7,4032.1,1311
2026-07-16T12:15:00+05:30,4031.8,4036.6,4031.4,4035.8,439
2026-07-16T12:30:00+05:30,4035.6,4035.8,4030.8,4031.5,483
2026-07-16T12:45:00+05:30,4031.2,4031.8,4028.7,4029.5,756
2026-07-16T13:00:00+05:30,4029.1,4033.2,4027.8,4031.4,891
2026-07-16T13:15:00+05:30,4031.4,4037.1,4031.1,4036.1,975
2026-07-16T13:30:00+05:30,4035.5,4039.3,4030.1,4030.9,996
2026-07-16T13:45:00+05:30,4030.8,4038.4,4030,4036.9,815
2026-07-16T14:00:00+05:30,4037,4040.7,4036.9,4038.7,782
2026-07-16T14:15:00+05:30,4039.3,4041.7,4038.3,4040.3,448
2026-07-16T14:30:00+05:30,4040.6,4042.6,4040.4,4042.1,401
2026-07-16T14:45:00+05:30,4042.3,4043.2,4036,4038.1,807
2026-07-16T15:00:00+05:30,4038.4,4040.7,4035.7,4039.7,887
2026-07-16T15:15:00+05:30,4040.1,4042.1,4037.2,4037.4,719
2026-07-16T15:30:00+05:30,4037.2,4038.3,4035,4037.1,486
2026-07-16T15:45:00+05:30,4037.4,4040.1,4036.9,4038.7,277
2026-07-16T16:00:00+05:30,4039.2,4040.1,4037,4038.6,245
2026-07-16T16:15:00+05:30,4038.7,4038.7,4034.4,4035.1,481
2026-07-16T16:30:00+05:30,4035.2,4035.8,4031.4,4033.3,633
2026-07-16T16:45:00+05:30,4033.1,4033.1,4026.2,4029.4,1070
2026-07-16T17:00:00+05:30,4029.4,4041.7,4028.5,4040.6,1112
2026-07-16T17:15:00+05:30,4040.9,4048.4,4032.9,4044.1,2728
2026-07-16T17:30:00+05:30,4044.4,4048.7,4032.7,4036.9,2729
2026-07-16T17:45:00+05:30,4036.8,4037.4,4017.4,4030.2,6213
2026-07-16T18:00:00+05:30,4030.3,4034.5,4004.8,4007.1,4637
2026-07-16T18:15:00+05:30,4006.9,4013.3,3994.2,3996.4,6064
2026-07-16T18:30:00+05:30,3996.3,4001.1,3977.1,3996,7240
2026-07-16T18:45:00+05:30,3996.3,4010.5,3995.4,4009.8,3122
2026-07-16T19:00:00+05:30,4010.1,4012.6,3985.5,3990.3,5018
2026-07-16T19:15:00+05:30,3990.1,4001.1,3990,3994,1924
2026-07-16T19:30:00+05:30,3993.9,4001.6,3991.2,3992.8,2105
2026-07-16T19:45:00+05:30,3993.1,4005,3991.6,4004,1702
2026-07-16T20:00:00+05:30,4003.3,4009.4,3999.8,4009.2,2147
2026-07-16T20:15:00+05:30,4009.4,4011,3996.5,4002,1875
2026-07-16T20:30:00+05:30,4002.2,4002.7,3993.3,3997,1588
2026-07-16T20:45:00+05:30,3996.8,4021.8,3996.8,4015.5,2986
2026-07-16T21:00:00+05:30,4015.8,4021.2,4011.7,4014.6,2170
2026-07-16T21:15:00+05:30,4015.1,4017.7,4009.9,4011.8,1391
2026-07-16T21:30:00+05:30,4011.4,4012.3,3993.9,3993.9,1819
2026-07-16T21:45:00+05:30,3993.8,3996,3986.5,3991.5,2397
2026-07-16T22:00:00+05:30,3992,3996.8,3991.3,3996.3,1237
2026-07-16T22:15:00+05:30,3996,4001.4,3993.5,3996.4,989
2026-07-16T22:30:00+05:30,3996.7,3997.3,3988.9,3989.9,1044
2026-07-16T22:45:00+05:30,3990.3,3993.5,3987.2,3992.3,2000
2026-07-16T23:00:00+05:30,3992.1,3993.3,3983.9,3985.9,1141
2026-07-16T23:15:00+05:30,3986.1,3992.2,3985.3,3989.5,568
2026-07-16T23:30:00+05:30,3989.7,3994.1,3988.3,3990,631
2026-07-16T23:45:00+05:30,3989.8,3995.2,3988.9,3991.4,585
2026-07-17T00:00:00+05:30,3991.1,3991.1,3981,3987.7,1540
2026-07-17T00:15:00+05:30,3987.5,3989.7,3983.9,3984.7,603
2026-07-17T00:30:00+05:30,3984.9,3990.8,3983.3,3985.1,688
2026-07-17T00:45:00+05:30,3984.8,3988.9,3983,3983.6,469
2026-07-17T01:00:00+05:30,3983.8,3984,3973.4,3980.2,1867
2026-07-17T01:15:00+05:30,3979.7,3986.9,3977.2,3984.6,1107
2026-07-17T01:30:00+05:30,3984.8,3984.8,3978.7,3979.3,463
2026-07-17T01:45:00+05:30,3978.9,3979.7,3976.2,3979,369
2026-07-17T02:00:00+05:30,3979.3,3980.5,3977.6,3978.5,151
2026-07-17T02:15:00+05:30,3978.5,3981,3978.2,3979.9,297
2026-07-17T03:30:00+05:30,3980.1,3984.1,3979.1,3979.4,490
2026-07-17T03:45:00+05:30,3980.1,3981.2,3978.2,3979.9,219
2026-07-17T04:00:00+05:30,3980.2,3980.6,3976.8,3977.4,217
2026-07-17T04:15:00+05:30,3977.1,3982.2,3976.9,3982.1,246
2026-07-17T04:30:00+05:30,3982.1,3984,3978.6,3983.6,358
2026-07-17T04:45:00+05:30,3983.3,3984.3,3981.3,3982.5,287
2026-07-17T05:00:00+05:30,3981.9,3985.7,3979,3984.9,578
2026-07-17T05:15:00+05:30,3984.9,3989.9,3980.2,3989.2,337
2026-07-17T05:30:00+05:30,3989.5,3991.1,3986.8,3987.1,377
2026-07-17T05:45:00+05:30,3987.8,3994.3,3987.2,3988.2,544
2026-07-17T06:00:00+05:30,3988,3988.4,3983.8,3985.5,520
2026-07-17T06:15:00+05:30,3985.7,3995.9,3985.3,3995.9,707
2026-07-17T06:30:00+05:30,3996,3999,3991.2,3996,1154
2026-07-17T06:45:00+05:30,3995.8,4000.1,3991.5,3994.9,981
2026-07-17T07:00:00+05:30,3993.7,3999.1,3992,3994.7,723
2026-07-17T07:15:00+05:30,3994.7,3996.1,3982.7,3986.5,1289
2026-07-17T07:30:00+05:30,3987,3991.1,3983.3,3984.5,508
2026-07-17T07:45:00+05:30,3984.2,3987.9,3984.1,3986.6,304
2026-07-17T08:00:00+05:30,3986.1,3987.4,3974.1,3978.4,880
2026-07-17T08:15:00+05:30,3978,3983.4,3977.7,3982.2,640
2026-07-17T08:30:00+05:30,3982.5,3996.8,3982.2,3992.2,1158
2026-07-17T08:45:00+05:30,3992.2,4012.2,3992.2,4005.1,2359
2026-07-17T09:00:00+05:30,4004.8,4005.3,3999.7,4000.9,757
2026-07-17T09:15:00+05:30,4001.3,4002.2,3994,3994.8,732
2026-07-17T09:30:00+05:30,3995,3995.1,3990.2,3992.1,660
2026-07-17T09:45:00+05:30,3992.2,3993.4,3988.3,3989.5,877
2026-07-17T10:00:00+05:30,3989.6,3991.6,3983.1,3984.8,749
2026-07-17T10:15:00+05:30,3985.5,3987.9,3983.5,3985,438
2026-07-17T10:30:00+05:30,3984.8,3986,3980.2,3983,666
2026-07-17T10:45:00+05:30,3982.5,3985.2,3978.4,3982.9,1218
2026-07-17T11:00:00+05:30,3983,3994,3981.5,3990.5,1420
2026-07-17T11:15:00+05:30,3990.1,3995.3,3985.2,3988.6,978
2026-07-17T11:30:00+05:30,3988.6,4004.5,3988.5,4003.6,1090
2026-07-17T11:45:00+05:30,4003.6,4009.7,4001.4,4007.5,1160
2026-07-17T12:00:00+05:30,4007.2,4010.7,3999.3,4000,832
2026-07-17T12:15:00+05:30,3999.8,4005.3,3999.8,4003.1,573
2026-07-17T12:30:00+05:30,4003.1,4006.6,3997.1,4000.3,897
2026-07-17T12:45:00+05:30,4000.3,4003.2,3998,4000,478
2026-07-17T13:00:00+05:30,4000.4,4002.5,3998,4002.5,482
2026-07-17T13:15:00+05:30,4002.5,4002.6,3996.7,3997,283
2026-07-17T13:30:00+05:30,3996.6,4003.8,3995.1,3996.8,634
2026-07-17T13:45:00+05:30,3996.8,3999.2,3992,3996.3,1471
2026-07-17T14:00:00+05:30,3996.3,3997.2,3991.3,3996.9,324
2026-07-17T14:15:00+05:30,3996.8,4003.4,3995.6,3998.4,711
2026-07-17T14:30:00+05:30,3997.9,4002.5,3996.8,4002.1,439
2026-07-17T14:45:00+05:30,4002.1,4006.5,3999.8,4002.9,709
2026-07-17T15:00:00+05:30,4003.4,4003.8,3999.1,3999.5,532
2026-07-17T15:15:00+05:30,3999.9,4002.4,3998.6,4001.8,472
2026-07-17T15:30:00+05:30,4001.7,4002.4,3998.8,4000.8,241
2026-07-17T15:45:00+05:30,4001.1,4002.9,3998,3999.6,418
2026-07-17T16:00:00+05:30,3999.8,4000.9,3997.2,4000,477
2026-07-17T16:15:00+05:30,3999.8,4000.9,3994.1,3994.4,598
2026-07-17T16:30:00+05:30,3994.5,3997.9,3993.7,3995.5,416
2026-07-17T16:45:00+05:30,3995.3,4000.1,3993.6,3999.4,623
2026-07-17T17:00:00+05:30,3999.8,4000.3,3995.1,3995.8,452
2026-07-17T17:15:00+05:30,3995.7,4002.7,3995.2,3997.9,1103
2026-07-17T17:30:00+05:30,3998.2,3999.6,3991.8,3993.3,1322
2026-07-17T17:45:00+05:30,3994.2,3995.9,3987.8,3990.8,1313
2026-07-17T18:00:00+05:30,3991,3991.8,3968.6,3973.3,3194
2026-07-17T18:15:00+05:30,3973,3977,3967.7,3969.5,2703
2026-07-17T18:30:00+05:30,3970.1,3979.6,3963,3974.2,4004
2026-07-17T18:45:00+05:30,3973.5,3978.7,3970.7,3971.9,1440
2026-07-17T19:00:00+05:30,3971.9,4007.9,3967.1,3988.5,6119
2026-07-17T19:15:00+05:30,3989,4001.4,3984.8,4001.4,2953
2026-07-17T19:30:00+05:30,4000.7,4005.1,3994.2,3999.2,3214
2026-07-17T19:45:00+05:30,3999.1,4008.9,3997.6,4002.7,2408
2026-07-17T20:00:00+05:30,4002.8,4003.9,3996.3,4002.3,1341
2026-07-17T20:15:00+05:30,4002.1,4005.8,3997.2,4005.5,1393
2026-07-17T20:30:00+05:30,4005.5,4019.4,4002,4009.7,4280
2026-07-17T20:45:00+05:30,4010.3,4018.1,4009,4018.1,1558
2026-07-17T21:00:00+05:30,4017.9,4021.2,4013.6,4020.2,2394
2026-07-17T21:15:00+05:30,4020.3,4026.1,4018.5,4024.1,2401
2026-07-17T21:30:00+05:30,4024.4,4025.2,4016,4022.7,2737
2026-07-17T21:45:00+05:30,4022.9,4028.9,4021.9,4023.8,1661
2026-07-17T22:00:00+05:30,4023.8,4024.1,4017.5,4022.3,1250
2026-07-17T22:15:00+05:30,4022.1,4025.4,4019.4,4019.6,903
2026-07-17T22:30:00+05:30,4020,4024,4018.1,4018.4,746
2026-07-17T22:45:00+05:30,4018.1,4020.8,4017,4018.7,1554
2026-07-17T23:00:00+05:30,4018.7,4019.5,4014.7,4016,762
2026-07-17T23:15:00+05:30,4015.7,4018.3,4012.9,4014.8,782
2026-07-17T23:30:00+05:30,4014.9,4017.9,4012.5,4015.5,667
2026-07-17T23:45:00+05:30,4015.3,4021.1,4014.1,4020.7,566
2026-07-18T00:00:00+05:30,4020.3,4021.3,4012,4013,707
2026-07-18T00:15:00+05:30,4013.1,4017.2,4011.6,4016.1,604
2026-07-18T00:30:00+05:30,4016.4,4016.4,4008.9,4010.8,700
2026-07-18T00:45:00+05:30,4010.5,4011.3,4006.8,4009.9,612
2026-07-18T01:00:00+05:30,4009.9,4014.8,4009.6,4014.7,626
2026-07-18T01:15:00+05:30,4014.9,4020.9,4013.9,4019.9,823
2026-07-18T01:30:00+05:30,4019.9,4020.3,4016.3,4016.8,417
2026-07-18T01:45:00+05:30,4016.9,4017.1,4013.5,4015.4,207
2026-07-18T02:00:00+05:30,4015.7,4018.1,4013.2,4017.7,230
2026-07-18T02:15:00+05:30,4017.7,4023,4017.5,4023,634
2026-07-20T03:30:00+05:30,4005.6,4011.2,3998.3,4000.3,1505
2026-07-20T03:45:00+05:30,4000,4004.4,3998.3,3998.8,439
2026-07-20T04:00:00+05:30,3998,4002.8,3996.9,4000.6,514
2026-07-20T04:15:00+05:30,4000.8,4002.3,3997.9,3997.9,258
2026-07-20T04:30:00+05:30,3999.3,3999.3,3994.3,3994.5,369
2026-07-20T04:45:00+05:30,3995,3998,3993.8,3996.7,206
2026-07-20T05:00:00+05:30,3996.5,3998,3993.5,3996,313
2026-07-20T05:15:00+05:30,3996.5,4000.1,3993,3999.2,460
2026-07-20T05:30:00+05:30,3999.6,4003.1,3986.5,4000,2097
2026-07-20T05:45:00+05:30,4000.1,4010.1,3997.8,4008.6,955
2026-07-20T06:00:00+05:30,4008.4,4011.8,4002.4,4002.9,890
2026-07-20T06:15:00+05:30,4003.5,4014.5,4002.8,4013.7,751
2026-07-20T06:30:00+05:30,4013.5,4025.7,4009.9,4014.3,2785
2026-07-20T06:45:00+05:30,4014.9,4014.9,4004.1,4007.5,1314
2026-07-20T07:00:00+05:30,4007.3,4010.4,4000.1,4001.5,605
2026-07-20T07:15:00+05:30,4001.6,4008.8,4001.6,4007,489
2026-07-20T07:30:00+05:30,4007.3,4014.7,4006,4011.3,774
2026-07-20T07:45:00+05:30,4011.5,4013.4,4008.8,4011.5,185
2026-07-20T08:00:00+05:30,4011.4,4021.1,4010.7,4019.8,687
2026-07-20T08:15:00+05:30,4019.6,4034.2,4019,4027.1,2057
2026-07-20T08:30:00+05:30,4026.7,4029.1,4023.5,4029,516
2026-07-20T08:45:00+05:30,4028.8,4031.7,4026.7,4027.5,479
2026-07-20T09:00:00+05:30,4027.6,4032.7,4023.9,4031.6,653
2026-07-20T09:15:00+05:30,4032.2,4032.5,4027.8,4028.7,251
2026-07-20T09:30:00+05:30,4028.7,4031.3,4025.9,4025.9,266
2026-07-20T09:45:00+05:30,4025.9,4029.9,4025.9,4029.8,305
2026-07-20T10:00:00+05:30,4029.8,4029.8,4026.6,4028,297
2026-07-20T10:15:00+05:30,4027,4027.1,4022.6,4022.8,389
2026-07-20T10:30:00+05:30,4023.3,4025.1,4015.9,4018.2,835
2026-07-20T10:45:00+05:30,4018.5,4019.2,4013.6,4014.5,437
2026-07-20T11:00:00+05:30,4014.7,4018.7,4012,4015,603
2026-07-20T11:15:00+05:30,4013,4014.7,4009.5,4012.3,571
2026-07-20T11:30:00+05:30,4012.4,4015.9,4011,4011.7,432
2026-07-20T11:45:00+05:30,4011.6,4013.9,4008.1,4009.9,489
2026-07-20T12:00:00+05:30,4009.1,4011,4007,4009,607
2026-07-20T12:15:00+05:30,4009.1,4011.9,4007.5,4008.2,279
2026-07-20T12:30:00+05:30,4008,4011.3,4006.5,4008.5,554
2026-07-20T12:45:00+05:30,4008.7,4013.2,4006.6,4011.3,744
2026-07-20T13:00:00+05:30,4011.4,4025.9,4011.3,4025.9,1839
2026-07-20T13:15:00+05:30,4026,4026.7,4020.7,4022,961
2026-07-20T13:30:00+05:30,4022.2,4030.6,4022.2,4029,971
2026-07-20T13:45:00+05:30,4029,4035.5,4026.8,4027.1,1446
2026-07-20T14:00:00+05:30,4026.7,4029.5,4023.6,4026.3,995
2026-07-20T14:15:00+05:30,4026.5,4027.1,4021.8,4023.3,515
2026-07-20T14:30:00+05:30,4023,4025.3,4019.2,4023.4,485
2026-07-20T14:45:00+05:30,4023.6,4026.2,4019.6,4020.3,385
2026-07-20T15:00:00+05:30,4020.3,4025.4,4018.7,4023.7,632
2026-07-20T15:15:00+05:30,4023.2,4027.7,4022,4025.3,716
2026-07-20T15:30:00+05:30,4025.8,4026,4022.4,4025.2,232
2026-07-20T15:45:00+05:30,4025.1,4027.9,4023.2,4026.7,336
2026-07-20T16:00:00+05:30,4026.3,4029,4025.8,4026.7,202
2026-07-20T16:15:00+05:30,4026.6,4030.4,4025.6,4029,438
2026-07-20T16:30:00+05:30,4029,4032,4024.4,4027,687
2026-07-20T16:45:00+05:30,4027,4028.5,4024.5,4026.5,357
2026-07-20T17:00:00+05:30,4026.5,4046,4025.9,4037.4,4481
2026-07-20T17:15:00+05:30,4037.6,4037.6,4029.9,4030.5,942
2026-07-20T17:30:00+05:30,4030,4030.2,4015.8,4017,2475
2026-07-20T17:45:00+05:30,4016.6,4019.2,4010.6,4017,2520
2026-07-20T18:00:00+05:30,4017.1,4018.7,4010.1,4014.3,1455
2026-07-20T18:15:00+05:30,4013.8,4019.8,4011.9,4012,2057
2026-07-20T18:30:00+05:30,4012.2,4017.9,4011.8,4012.5,1144
2026-07-20T18:45:00+05:30,4012.7,4016.7,4010.8,4012.4,997
2026-07-20T19:00:00+05:30,4013.1,4021.6,4012.2,4017.2,1857
2026-07-20T19:15:00+05:30,4017.3,4017.6,4009.4,4009.5,2300
2026-07-20T19:30:00+05:30,4009.4,4011.9,4001.6,4002.9,3033
2026-07-20T19:45:00+05:30,4002.6,4010.7,4002,4010.6,1343
2026-07-20T20:00:00+05:30,4010.8,4015.2,4009.9,4011.7,1875
2026-07-20T20:15:00+05:30,4011.8,4018.6,4009.1,4010.5,2149
2026-07-20T20:30:00+05:30,4010.4,4023.9,4008.7,4018.9,2715
2026-07-20T20:45:00+05:30,4018.7,4021.2,4015.2,4020.8,1069
2026-07-20T21:00:00+05:30,4020.7,4021.3,4014.4,4017,1136
2026-07-20T21:15:00+05:30,4017.2,4020.9,4016.2,4016.2,755
2026-07-20T21:30:00+05:30,4016.3,4022.8,4015.4,4018.3,1021
2026-07-20T21:45:00+05:30,4018.4,4019,4015.2,4017,454
2026-07-20T22:00:00+05:30,4016.8,4017,4005.2,4013.8,1690
2026-07-20T22:15:00+05:30,4013.5,4014.6,4010.4,4013.9,811
2026-07-20T22:30:00+05:30,4013.9,4016.4,4013.3,4014.4,571
2026-07-20T22:45:00+05:30,4013.9,4017,4012.9,4016.1,1091
2026-07-20T23:00:00+05:30,4016.2,4017,4011.6,4012,569
2026-07-20T23:15:00+05:30,4011.9,4011.9,4007.8,4009.2,869
2026-07-20T23:30:00+05:30,4009.4,4015.3,4009.3,4013.2,525
2026-07-20T23:45:00+05:30,4013.4,4016.4,4007.7,4011,1015
2026-07-21T00:00:00+05:30,4011.2,4011.7,4008.5,4011,369
2026-07-21T00:15:00+05:30,4010.7,4013,4009.5,4012.1,316
2026-07-21T00:30:00+05:30,4011.5,4012.6,4008.7,4009.5,197
2026-07-21T00:45:00+05:30,4008.8,4017.5,4008.5,4017.4,757
2026-07-21T01:00:00+05:30,4017.2,4022.2,4009.3,4010.3,1303
2026-07-21T01:15:00+05:30,4010,4014.4,4009.3,4010.7,994
2026-07-21T01:30:00+05:30,4011.1,4013.3,4009.8,4011.6,313
2026-07-21T01:45:00+05:30,4011.5,4013.5,4011,4012.1,164
2026-07-21T02:00:00+05:30,4012.6,4013.4,4011.3,4012.5,142
2026-07-21T02:15:00+05:30,4012.6,4013.1,4008.4,4011.8,395
2026-07-21T03:30:00+05:30,4013.4,4014.7,4009.3,4010.2,202
2026-07-21T03:45:00+05:30,4010.5,4014.1,4008.3,4013.1,667
2026-07-21T04:00:00+05:30,4012.8,4013.1,4006.3,4007.7,1128
2026-07-21T04:15:00+05:30,4008.2,4012.3,4003.3,4004,1038
2026-07-21T04:30:00+05:30,4004.2,4013.4,4003.3,4007,972
2026-07-21T04:45:00+05:30,4007.3,4011.4,4007.3,4007.9,370
2026-07-21T05:00:00+05:30,4007.9,4013,4007.9,4012,435
2026-07-21T05:15:00+05:30,4011.7,4015.1,4008.4,4014.4,228
2026-07-21T05:30:00+05:30,4014.5,4017.5,4008.3,4015,426
2026-07-21T05:45:00+05:30,4015.8,4023,4012.5,4019.6,610
2026-07-21T06:00:00+05:30,4018.8,4029,4018.6,4027,840
2026-07-21T06:15:00+05:30,4027.5,4032,4026.3,4029.6,536
2026-07-21T06:30:00+05:30,4029.8,4034.7,4022.5,4033.5,1747
2026-07-21T06:45:00+05:30,4033.3,4041,4030.7,4032.9,1917
2026-07-21T07:00:00+05:30,4033.4,4035.4,4027.2,4028.5,1349
2026-07-21T07:15:00+05:30,4028.6,4032.3,4025.4,4027.6,784
2026-07-21T07:30:00+05:30,4027.5,4030.6,4025.9,4028.5,504
2026-07-21T07:45:00+05:30,4028.2,4034.3,4025.9,4033.1,548
2026-07-21T08:00:00+05:30,4033.5,4049.8,4032.2,4039.9,2322
2026-07-21T08:15:00+05:30,4040.2,4042.8,4035.5,4042.7,639
2026-07-21T08:30:00+05:30,4042.3,4046.8,4042.2,4043.1,813
2026-07-21T08:45:00+05:30,4042.3,4057.2,4041.3,4052,1360
2026-07-21T09:00:00+05:30,4052.1,4054,4046.7,4046.8,573
2026-07-21T09:15:00+05:30,4046.9,4052.2,4046.5,4051.8,416
2026-07-21T09:30:00+05:30,4051.7,4056.6,4050.3,4050.7,825
2026-07-21T09:45:00+05:30,4050.8,4051.4,4048.4,4049.5,362
2026-07-21T10:00:00+05:30,4049.5,4052.5,4049,4051.9,244
2026-07-21T10:15:00+05:30,4051.7,4054.6,4050.2,4054.3,344
2026-07-21T10:30:00+05:30,4054.1,4057,4051.1,4056.3,746
2026-07-21T10:45:00+05:30,4056.6,4061.5,4052.8,4058.9,969
2026-07-21T11:00:00+05:30,4059.7,4071.6,4059.5,4070.9,2674
2026-07-21T11:15:00+05:30,4071,4072.8,4065.6,4066,1524
2026-07-21T11:30:00+05:30,4066,4077.1,4066,4075.7,1569
2026-07-21T11:45:00+05:30,4076,4079,4072.6,4076.9,1153
2026-07-21T12:00:00+05:30,4077.1,4085.1,4076.2,4081.6,2166
2026-07-21T12:15:00+05:30,4082,4088.4,4082,4083,1161
2026-07-21T12:30:00+05:30,4083.3,4084.8,4076,4076.4,1512
2026-07-21T12:45:00+05:30,4076.6,4078,4072.6,4074.1,883
2026-07-21T13:00:00+05:30,4073.9,4079.9,4072.1,4075.8,906
2026-07-21T13:15:00+05:30,4076.1,4076.9,4074.2,4075.7,686
2026-07-21T13:30:00+05:30,4075.6,4076.9,4070.1,4072.5,1039
2026-07-21T13:45:00+05:30,4072.4,4073.3,4067.3,4067.9,806
2026-07-21T14:00:00+05:30,4067.7,4069.7,4065.4,4066.7,736
2026-07-21T14:15:00+05:30,4066.8,4068,4063.6,4067.4,924
2026-07-21T14:30:00+05:30,4067.7,4071.5,4067.7,4069.7,858
2026-07-21T14:45:00+05:30,4069.7,4072.8,4066.7,4067.3,874
2026-07-21T15:00:00+05:30,4067.4,4070,4065.4,4067,834
2026-07-21T15:15:00+05:30,4066.8,4074.4,4066.5,4070.2,1078
2026-07-21T15:30:00+05:30,4070.5,4073,4065.1,4070.9,800
2026-07-21T15:45:00+05:30,4071,4074,4069.2,4071.7,583
2026-07-21T16:00:00+05:30,4071.6,4074.8,4070.8,4071.7,383
2026-07-21T16:15:00+05:30,4071.6,4073.2,4067,4067.3,890
2026-07-21T16:30:00+05:30,4067.7,4068.3,4059.9,4063.2,1269
2026-07-21T16:45:00+05:30,4062.8,4064.7,4060.7,4062.6,517
2026-07-21T17:00:00+05:30,4062.8,4066.3,4060.2,4060.6,716
2026-07-21T17:15:00+05:30,4060.6,4063.5,4058.9,4060.6,434
2026-07-21T17:30:00+05:30,4060.5,4065.7,4060.3,4063.8,721
2026-07-21T17:45:00+05:30,4064,4070.4,4060.5,4066,1755
2026-07-21T18:00:00+05:30,4066.3,4068.2,4055,4058,2161
2026-07-21T18:15:00+05:30,4057.9,4066.2,4057.1,4058,1639
2026-07-21T18:30:00+05:30,4058.3,4064.8,4058.3,4063.6,1342
2026-07-21T18:45:00+05:30,4063.7,4066.1,4054.3,4055.2,1354
2026-07-21T19:00:00+05:30,4055.5,4061.7,4048.6,4050.4,3387
2026-07-21T19:15:00+05:30,4050.2,4057.7,4048.4,4057.2,1673
2026-07-21T19:30:00+05:30,4057.5,4070.8,4055.4,4070.3,3233
2026-07-21T19:45:00+05:30,4070.5,4074.1,4065.7,4074.1,2593
2026-07-21T20:00:00+05:30,4074,4079.1,4066.8,4072,2109
2026-07-21T20:15:00+05:30,4072.3,4075.3,4070.7,4072.9,2223
2026-07-21T20:30:00+05:30,4072.5,4078.3,4069.8,4077.8,1715
2026-07-21T20:45:00+05:30,4077.9,4083.8,4077.9,4081.4,2123
2026-07-21T21:00:00+05:30,4080.9,4088,4079.7,4080.2,2298
2026-07-21T21:15:00+05:30,4080.4,4082.5,4075.8,4078.6,1818
2026-07-21T21:30:00+05:30,4078.5,4083.5,4077.4,4082.5,723
2026-07-21T21:45:00+05:30,4082.6,4082.8,4078.1,4080,882
2026-07-21T22:00:00+05:30,4079.8,4080.5,4075.3,4076.2,1044
2026-07-21T22:15:00+05:30,4076.3,4077.5,4074.1,4075.9,572
2026-07-21T22:30:00+05:30,4076,4076.9,4073.6,4074.8,753
2026-07-21T22:45:00+05:30,4074.7,4077.2,4073.3,4076.7,885
2026-07-21T23:00:00+05:30,4076.7,4076.7,4071.2,4072.6,668
2026-07-21T23:15:00+05:30,4072.4,4073,4071,4073,322
2026-07-21T23:30:00+05:30,4072.9,4076.5,4071.9,4075.8,428
2026-07-21T23:45:00+05:30,4075.5,4092.5,4075.4,4088.7,2593
2026-07-22T00:00:00+05:30,4088.6,4090.4,4085.8,4087.3,751
2026-07-22T00:15:00+05:30,4086.9,4087.9,4083.9,4087,492
2026-07-22T00:30:00+05:30,4087,4090.3,4084.7,4085.3,566
2026-07-22T00:45:00+05:30,4086,4089.7,4085.8,4088.6,472
2026-07-22T01:00:00+05:30,4088.8,4089.6,4086.2,4087.5,485
2026-07-22T01:15:00+05:30,4087.2,4089.6,4086.9,4088.6,976
2026-07-22T01:30:00+05:30,4088.6,4090.9,4087.5,4088.8,578
2026-07-22T01:45:00+05:30,4088.7,4088.9,4085.9,4086.9,326
2026-07-22T02:00:00+05:30,4087.1,4089.8,4084,4085.4,490
2026-07-22T02:15:00+05:30,4085.1,4085.4,4080.9,4082.2,497
2026-07-22T03:30:00+05:30,4084.7,4085.9,4081,4083.2,267
2026-07-22T03:45:00+05:30,4083,4087.4,4082.4,4086.7,336
2026-07-22T04:00:00+05:30,4086.6,4089,4086.3,4087.9,380
2026-07-22T04:15:00+05:30,4088.1,4088.3,4082,4084.6,600
2026-07-22T04:30:00+05:30,4084.4,4086.2,4083.3,4085.4,264
2026-07-22T04:45:00+05:30,4085.7,4086.8,4085,4085.2,82
2026-07-22T05:00:00+05:30,4085.3,4086.7,4083.4,4084.9,206
2026-07-22T05:15:00+05:30,4084.7,4087.4,4083.4,4085.2,186
2026-07-22T05:30:00+05:30,4085.5,4097.3,4081.1,4096.3,1443
2026-07-22T05:45:00+05:30,4097.2,4103.6,4097.1,4103,1402
2026-07-22T06:00:00+05:30,4103,4107.5,4094.2,4097.3,1793
2026-07-22T06:15:00+05:30,4097.5,4104.3,4096,4101.6,741
2026-07-22T06:30:00+05:30,4102.3,4126.1,4100.8,4125.5,3509
2026-07-22T06:45:00+05:30,4125.7,4126.5,4116,4120.3,1305
2026-07-22T07:00:00+05:30,4119.4,4127.4,4117.3,4125.9,1174
2026-07-22T07:15:00+05:30,4126.3,4128.4,4121.8,4126,860
2026-07-22T07:30:00+05:30,4126.4,4128.1,4123.1,4126.3,556
2026-07-22T07:45:00+05:30,4126.3,4130.5,4124,4128.8,609
2026-07-22T08:00:00+05:30,4128.8,4134.8,4126.6,4133,1657
2026-07-22T08:15:00+05:30,4132.7,4135.3,4130.7,4134.7,827
2026-07-22T08:30:00+05:30,4134.8,4145,4133.6,4141.8,2502
2026-07-22T08:45:00+05:30,4141.6,4146,4141.2,4142.8,1017
2026-07-22T09:00:00+05:30,4142.4,4142.4,4136.8,4138.1,870
2026-07-22T09:15:00+05:30,4138.1,4138.7,4134.6,4135.1,460
2026-07-22T09:30:00+05:30,4135.1,4135.6,4131,4131.7,914
2026-07-22T09:45:00+05:30,4131.8,4134.3,4131.8,4133.6,423
2026-07-22T10:00:00+05:30,4133.7,4133.8,4129.4,4131.9,669
2026-07-22T10:15:00+05:30,4131.7,4132,4129.8,4131.8,290
2026-07-22T10:30:00+05:30,4131.6,4134.7,4130.6,4133.2,473
2026-07-22T10:45:00+05:30,4133.5,4133.5,4127.6,4128.3,953
2026-07-22T11:00:00+05:30,4127.8,4138.6,4127.5,4136.9,1187
2026-07-22T11:15:00+05:30,4136.7,4137.9,4132.4,4135.5,610
2026-07-22T11:30:00+05:30,4135.4,4140,4133.7,4134,896
2026-07-22T11:45:00+05:30,4134.2,4136.5,4118.2,4121.7,2019
2026-07-22T12:00:00+05:30,4122.2,4124.7,4118.9,4122.9,921
2026-07-22T12:15:00+05:30,4122.8,4124.9,4117.8,4121,967
2026-07-22T12:30:00+05:30,4120.8,4121.6,4116.1,4120.5,1238
2026-07-22T12:45:00+05:30,4120.4,4126.9,4120.3,4124,1048
2026-07-22T13:00:00+05:30,4124.2,4127.4,4115.4,4116.5,848
2026-07-22T13:15:00+05:30,4116.6,4118.4,4113.3,4114.6,915
2026-07-22T13:30:00+05:30,4115,4120.8,4114.8,4118.9,630
2026-07-22T13:45:00+05:30,4119.2,4122.3,4117.8,4121.8,510
2026-07-22T14:00:00+05:30,4121.8,4123.8,4118.5,4118.8,657
2026-07-22T14:15:00+05:30,4119.1,4124.4,4117.7,4122.3,573
2026-07-22T14:30:00+05:30,4122.6,4126.5,4122.1,4125.8,681
2026-07-22T14:45:00+05:30,4126.1,4126.6,4121.7,4122.6,804
2026-07-22T15:00:00+05:30,4122.9,4125.8,4118.4,4120.5,863
2026-07-22T15:15:00+05:30,4120.4,4122.2,4117.5,4118.8,529
2026-07-22T15:30:00+05:30,4119.2,4124.8,4119.2,4121.8,677
2026-07-22T15:45:00+05:30,4122,4126.1,4120.6,4123.5,480
2026-07-22T16:00:00+05:30,4123.5,4124.1,4119.9,4121.2,301
2026-07-22T16:15:00+05:30,4120.4,4124.5,4120.4,4121.2,232
2026-07-22T16:30:00+05:30,4121.8,4125.8,4119.3,4123.4,503
2026-07-22T16:45:00+05:30,4123.4,4127.5,4122.2,4123.2,549
2026-07-22T17:00:00+05:30,4123.3,4125.7,4117.2,4119.8,1043
2026-07-22T17:15:00+05:30,4119.5,4127.9,4119.5,4127.4,681
2026-07-22T17:30:00+05:30,4127.5,4132.5,4126.3,4132,1541
2026-07-22T17:45:00+05:30,4132.5,4138,4129.8,4137.5,1852
2026-07-22T18:00:00+05:30,4137.8,4139.5,4129.6,4132.2,1395
2026-07-22T18:15:00+05:30,4132,4132.3,4110.4,4117,2605
2026-07-22T18:30:00+05:30,4117.1,4130.1,4117,4130,1512
2026-07-22T18:45:00+05:30,4129.8,4139.8,4129,4136.5,2012
2026-07-22T19:00:00+05:30,4136.8,4152.1,4136.8,4147.4,4928
2026-07-22T19:15:00+05:30,4148,4161.5,4147.9,4160,4185
2026-07-22T19:30:00+05:30,4159.8,4168.8,4158.6,4161.7,4266
2026-07-22T19:45:00+05:30,4161.8,4161.8,4149.1,4151.1,2826
2026-07-22T20:00:00+05:30,4151.2,4158.2,4150.9,4155.7,1527
2026-07-22T20:15:00+05:30,4156,4157.8,4148.6,4153.4,1224
2026-07-22T20:30:00+05:30,4153.5,4163.5,4153.4,4162.5,1713
2026-07-22T20:45:00+05:30,4162.4,4166.6,4158.1,4162.2,1618
2026-07-22T21:00:00+05:30,4162.3,4166.1,4160.7,4165.2,1057
2026-07-22T21:15:00+05:30,4165.1,4171.4,4163.2,4164.1,2089
2026-07-22T21:30:00+05:30,4164.4,4164.5,4158.2,4159.5,1202
2026-07-22T21:45:00+05:30,4159.6,4160.7,4153.1,4154.5,1615
2026-07-22T22:00:00+05:30,4154.6,4157.3,4150.1,4152.6,1577
2026-07-22T22:15:00+05:30,4153.1,4154.9,4150.1,4152.8,780
2026-07-22T22:30:00+05:30,4152.8,4153.6,4148.8,4151,1152
2026-07-22T22:45:00+05:30,4151,4152.9,4148.5,4151.6,1581
2026-07-22T23:00:00+05:30,4151.6,4153.1,4143.8,4146.3,1369
2026-07-22T23:15:00+05:30,4146.4,4149.6,4145.9,4148.1,580
2026-07-22T23:30:00+05:30,4147.9,4148.4,4142.5,4143.6,1326
2026-07-22T23:45:00+05:30,4143.4,4145.2,4140.2,4140.4,771
2026-07-23T00:00:00+05:30,4140.9,4141.7,4137.5,4141.4,959
2026-07-23T00:15:00+05:30,4141.1,4144.3,4140.6,4141.8,408
2026-07-23T00:30:00+05:30,4141.4,4142.5,4138.2,4139.6,453
2026-07-23T00:45:00+05:30,4139.6,4141,4137.1,4140,447
2026-07-23T01:00:00+05:30,4139.6,4141.6,4138,4139.1,576
2026-07-23T01:15:00+05:30,4139.2,4140.6,4133.9,4136.4,1497
2026-07-23T01:30:00+05:30,4136.4,4140.2,4135.1,4139.6,905
2026-07-23T01:45:00+05:30,4139.4,4142.8,4138.9,4141.7,296
2026-07-23T02:00:00+05:30,4141,4142.4,4135.7,4135.8,438
2026-07-23T02:15:00+05:30,4135.7,4136.1,4133.2,4135,322
2026-07-23T03:30:00+05:30,4126,4129.7,4074.6,4126.9,1956
2026-07-23T03:45:00+05:30,4127,4132.2,4123.2,4131.3,1094
2026-07-23T04:00:00+05:30,4131.8,4133,4122.7,4124.4,1208
2026-07-23T04:15:00+05:30,4124.2,4129.9,4123.2,4124.7,1531
2026-07-23T04:30:00+05:30,4125.1,4127.4,4118.9,4126.6,2008
2026-07-23T04:45:00+05:30,4126.3,4126.6,4121.7,4122.7,552
2026-07-23T05:00:00+05:30,4122.3,4127,4121.6,4126.2,307
2026-07-23T05:15:00+05:30,4126.1,4137.1,4125.4,4135.8,1112
2026-07-23T05:30:00+05:30,4136.8,4137.2,4129,4129.9,737
2026-07-23T05:45:00+05:30,4131,4138,4129.9,4132,422
2026-07-23T06:00:00+05:30,4132,4135.2,4130,4130.8,360
2026-07-23T06:15:00+05:30,4130.7,4136.9,4128.4,4135.3,446
2026-07-23T06:30:00+05:30,4135.2,4142.7,4133.2,4137.4,1380
2026-07-23T06:45:00+05:30,4137.2,4144,4136.8,4140.2,904
2026-07-23T07:00:00+05:30,4140.5,4141.9,4124.2,4124.2,1714
2026-07-23T07:15:00+05:30,4124.2,4126,4116.7,4120.5,1258
2026-07-23T07:30:00+05:30,4120.1,4121.4,4114.7,4119.8,929
2026-07-23T07:45:00+05:30,4120.1,4120.6,4115.6,4118.4,773
2026-07-23T08:00:00+05:30,4118.3,4124.9,4116.1,4124.6,704
2026-07-23T08:15:00+05:30,4124.8,4131.3,4124,4130.8,679
2026-07-23T08:30:00+05:30,4130.9,4131.7,4126.6,4129.7,577
2026-07-23T08:45:00+05:30,4129.9,4135.6,4129.2,4132.2,580
2026-07-23T09:00:00+05:30,4132.8,4133.8,4128.7,4131.4,498
2026-07-23T09:15:00+05:30,4131.1,4131.1,4127.1,4127.1,190
2026-07-23T09:30:00+05:30,4127.7,4130,4124.8,4129.9,275
2026-07-23T09:45:00+05:30,4130.6,4132.5,4127.6,4132.5,264
2026-07-23T10:00:00+05:30,4132.3,4132.9,4125.5,4125.8,373
2026-07-23T10:15:00+05:30,4125.5,4126.6,4122.5,4123.8,195
2026-07-23T10:30:00+05:30,4124,4127.5,4121.6,4127.1,420
2026-07-23T10:45:00+05:30,4126.9,4128,4122.4,4128,216
2026-07-23T11:00:00+05:30,4128.3,4131.3,4126,4130.3,620
2026-07-23T11:15:00+05:30,4130.4,4133.4,4123.3,4126.9,601
2026-07-23T11:30:00+05:30,4127.1,4131,4124,4126.3,427
2026-07-23T11:45:00+05:30,4126.1,4130.5,4124,4124.9,295
2026-07-23T12:00:00+05:30,4124.8,4126.7,4119.5,4122.5,551
2026-07-23T12:15:00+05:30,4122.4,4125.1,4120.5,4121.6,541
2026-07-23T12:30:00+05:30,4121.3,4122.2,4104.9,4109.6,1743
2026-07-23T12:45:00+05:30,4109.4,4114.9,4108.1,4111.2,1368
2026-07-23T13:00:00+05:30,4111.4,4111.5,4094.3,4098.5,1963
2026-07-23T13:15:00+05:30,4098.6,4100,4093,4098.3,1495
2026-07-23T13:30:00+05:30,4098.5,4100.7,4092.9,4094.1,1132
2026-07-23T13:45:00+05:30,4094.5,4095.4,4091.1,4094.4,721
2026-07-23T14:00:00+05:30,4094.1,4096.7,4091,4095.3,686
2026-07-23T14:15:00+05:30,4095.1,4097.4,4089.7,4096,651
2026-07-23T14:30:00+05:30,4095.9,4102.4,4095.3,4097.7,921
2026-07-23T14:45:00+05:30,4097.5,4099.7,4092.2,4093.9,993
2026-07-23T15:00:00+05:30,4094.2,4096.5,4091.3,4095,1030
2026-07-23T15:15:00+05:30,4095.3,4097.5,4091.5,4093.2,782
2026-07-23T15:30:00+05:30,4093.2,4094.7,4091,4093.8,552
2026-07-23T15:45:00+05:30,4094.1,4096,4088.7,4093.3,615
2026-07-23T16:00:00+05:30,4092.9,4096,4089.8,4092.5,495
2026-07-23T16:15:00+05:30,4092.4,4098.6,4090.4,4096.7,656
2026-07-23T16:30:00+05:30,4096.6,4097.4,4090.1,4090.7,541
2026-07-23T16:45:00+05:30,4091.1,4092.2,4083.8,4087.1,1425
2026-07-23T17:00:00+05:30,4087.1,4087.1,4075.7,4081.4,1847
2026-07-23T17:15:00+05:30,4081.4,4092.5,4080.6,4088.9,1338
2026-07-23T17:30:00+05:30,4088.4,4089,4083.7,4084.4,793
2026-07-23T17:45:00+05:30,4084.4,4085.9,4072.8,4077.6,3494
2026-07-23T18:00:00+05:30,4076.8,4077.9,4066.5,4071.5,2785
2026-07-23T18:15:00+05:30,4071.6,4072,4063.6,4064.6,2075
2026-07-23T18:30:00+05:30,4064.2,4066.4,4042.6,4043,7003
2026-07-23T18:45:00+05:30,4042.9,4061.4,4042.6,4061.1,3549
2026-07-23T19:00:00+05:30,4060.9,4070.1,4058.5,4059.3,4509
2026-07-23T19:15:00+05:30,4059.5,4061.8,4045.3,4045.8,3323
2026-07-23T19:30:00+05:30,4046.1,4054.3,4042.5,4051,4323
2026-07-23T19:45:00+05:30,4050.6,4060.2,4045.5,4059.6,2525
2026-07-23T20:00:00+05:30,4059.6,4064.1,4054.4,4060.1,1877
2026-07-23T20:15:00+05:30,4060,4064.7,4059,4061.1,1076
2026-07-23T20:30:00+05:30,4061.5,4062.6,4052.3,4054.7,1675
2026-07-23T20:45:00+05:30,4054,4059.4,4048,4049.7,2125
2026-07-23T21:00:00+05:30,4049.5,4056,4045,4050.9,2758
2026-07-23T21:15:00+05:30,4050.6,4053.8,4049.3,4051.2,878
2026-07-23T21:30:00+05:30,4051.5,4053.8,4050,4053.1,1193
2026-07-23T21:45:00+05:30,4052.8,4054.6,4048.6,4053.2,1120
2026-07-23T22:00:00+05:30,4053,4054.1,4049.8,4052.6,938
2026-07-23T22:15:00+05:30,4052.7,4054.6,4051,4054.3,1081
2026-07-23T22:30:00+05:30,4054.5,4057.5,4049.6,4050,1770
2026-07-23T22:45:00+05:30,4050.2,4053.4,4048.8,4049.7,1838
2026-07-23T23:00:00+05:30,4049.9,4051.8,4044.3,4045.4,1304
2026-07-23T23:15:00+05:30,4045.3,4046.8,4043.9,4043.9,745
2026-07-23T23:30:00+05:30,4044.4,4046.8,4042.5,4044.1,890
2026-07-23T23:45:00+05:30,4044,4047.6,4042.6,4047.2,992
2026-07-24T00:00:00+05:30,4046.8,4050.6,4046.8,4048.9,587
2026-07-24T00:15:00+05:30,4049,4050.8,4047.1,4048.8,376
2026-07-24T00:30:00+05:30,4049.2,4051.4,4045.3,4045.6,464
2026-07-24T00:45:00+05:30,4045.5,4051.5,4045.5,4050.1,569
2026-07-24T01:00:00+05:30,4050.4,4053.1,4047.8,4048.1,506
2026-07-24T01:15:00+05:30,4048.1,4053.3,4047,4052.1,1015
2026-07-24T01:30:00+05:30,4051.9,4053.6,4050.6,4051.8,636
2026-07-24T01:45:00+05:30,4051.8,4053.4,4049.8,4052.6,367
2026-07-24T02:00:00+05:30,4052.9,4053.2,4051.3,4052.2,208
2026-07-24T02:15:00+05:30,4052.1,4052.5,4049.9,4052.3,250
2026-07-24T03:30:00+05:30,4053.4,4053.5,4050.2,4051,165
2026-07-24T03:45:00+05:30,4051.4,4052.8,4051.2,4052.3,82
2026-07-24T04:00:00+05:30,4051.9,4052.9,4051.1,4051.6,158
2026-07-24T04:15:00+05:30,4051.7,4052.8,4050.8,4052,252
2026-07-24T04:30:00+05:30,4052.2,4052.4,4049.6,4051.1,171
2026-07-24T04:45:00+05:30,4051,4052.3,4049.5,4051.7,228
2026-07-24T05:00:00+05:30,4051.7,4053.8,4049.6,4051,531
2026-07-24T05:15:00+05:30,4050.6,4052.2,4048.8,4049.4,302
2026-07-24T05:30:00+05:30,4049.8,4052.3,4043.2,4043.5,532
2026-07-24T05:45:00+05:30,4044,4050.3,4043.5,4048.3,629
2026-07-24T06:00:00+05:30,4049.4,4052.7,4047.2,4052.2,458
2026-07-24T06:15:00+05:30,4051.9,4054.1,4050.8,4052.4,568
2026-07-24T06:30:00+05:30,4052.9,4053.1,4041.9,4044.7,1586
2026-07-24T06:45:00+05:30,4044.8,4048.3,4043.7,4045,578
2026-07-24T07:00:00+05:30,4044.9,4053.3,4043.7,4052.6,487
2026-07-24T07:15:00+05:30,4052.5,4052.9,4043.6,4046,604
2026-07-24T07:30:00+05:30,4045.9,4048.1,4043.3,4047.7,399
2026-07-24T07:45:00+05:30,4047.7,4051,4044.8,4048.8,382
2026-07-24T08:00:00+05:30,4049.2,4050.5,4043,4043.6,587
2026-07-24T08:15:00+05:30,4043.4,4043.6,4025.3,4026.7,4116
2026-07-24T08:30:00+05:30,4027.1,4034.8,4025.4,4034.6,715
2026-07-24T08:45:00+05:30,4034.1,4036.1,4030.8,4032.5,490
2026-07-24T09:00:00+05:30,4033.3,4035.4,4033,4034.1,211
2026-07-24T09:15:00+05:30,4033.6,4034.5,4030.4,4031.6,292
2026-07-24T09:30:00+05:30,4031.3,4032.5,4029.5,4030.5,272
2026-07-24T09:45:00+05:30,4030.5,4032.7,4029.8,4032.1,167
2026-07-24T10:00:00+05:30,4032.3,4032.9,4028.2,4029,271
2026-07-24T10:15:00+05:30,4029.3,4031.1,4027.8,4029.8,188
2026-07-24T10:30:00+05:30,4029.8,4034.6,4027.5,4030,910
2026-07-24T10:45:00+05:30,4029.7,4031.8,4024.5,4028.3,710
2026-07-24T11:00:00+05:30,4028.3,4033.6,4025.9,4026.7,658
2026-07-24T11:15:00+05:30,4026.7,4031,4024,4025,499
2026-07-24T11:30:00+05:30,4025.2,4033.5,4025,4033.1,750
2026-07-24T11:45:00+05:30,4033.4,4041.4,4031.2,4038.8,803
2026-07-24T12:00:00+05:30,4038.7,4039.4,4035.1,4035.9,488
2026-07-24T12:15:00+05:30,4035.9,4041.4,4034,4038.4,588
2026-07-24T12:30:00+05:30,4038.2,4050,4037.5,4047.7,1756
2026-07-24T12:45:00+05:30,4048.2,4053.4,4046.5,4051.1,924
2026-07-24T13:00:00+05:30,4051.7,4056.3,4048.2,4050.8,1108
2026-07-24T13:15:00+05:30,4050.8,4052.2,4048.5,4051.1,387
2026-07-24T13:30:00+05:30,4051.2,4051.5,4047.6,4049.5,337
2026-07-24T13:45:00+05:30,4049.1,4055.3,4047.5,4054.9,527
2026-07-24T14:00:00+05:30,4054.8,4058,4051.4,4057.2,630
2026-07-24T14:15:00+05:30,4057.3,4061.5,4054.9,4060,711
2026-07-24T14:30:00+05:30,4060.4,4064,4055.9,4056.9,1342
2026-07-24T14:45:00+05:30,4056.7,4059.9,4055,4055.6,887
2026-07-24T15:00:00+05:30,4055.4,4059.2,4054.2,4058.5,880
2026-07-24T15:15:00+05:30,4058.5,4062.6,4057.4,4062.6,539
2026-07-24T15:30:00+05:30,4062.6,4064.5,4060.5,4061.1,551
2026-07-24T15:45:00+05:30,4061.2,4066.6,4060.4,4064.5,721
2026-07-24T16:00:00+05:30,4064.4,4067,4060.7,4061.1,499
2026-07-24T16:15:00+05:30,4061.2,4062.5,4059.4,4062.2,529
2026-07-24T16:30:00+05:30,4062.5,4065.9,4060.8,4063.5,392
2026-07-24T16:45:00+05:30,4063.8,4064.1,4061.5,4061.6,307
2026-07-24T17:00:00+05:30,4061.2,4062.6,4057.5,4057.5,867
2026-07-24T17:15:00+05:30,4058,4063.9,4053.5,4060.2,1167
2026-07-24T17:30:00+05:30,4060.6,4061.1,4054.5,4059.3,551
2026-07-24T17:45:00+05:30,4059.1,4062.9,4057.4,4062.1,877
2026-07-24T18:00:00+05:30,4061.9,4062.1,4054.3,4057.6,896
2026-07-24T18:15:00+05:30,4057.5,4058.9,4054.2,4058.5,612
2026-07-24T18:30:00+05:30,4058.8,4061,4047.1,4050.6,1707
2026-07-24T18:45:00+05:30,4050.4,4052.1,4046.9,4048.8,831
2026-07-24T19:00:00+05:30,4048.5,4059.5,4047,4054.4,1767
2026-07-24T19:15:00+05:30,4054.2,4071.5,4050.3,4070,3176
2026-07-24T19:30:00+05:30,4069.9,4073,4060.3,4061.7,3891
2026-07-24T19:45:00+05:30,4061.9,4072.3,4058.4,4068.9,1805
2026-07-24T20:00:00+05:30,4069,4071.1,4062,4063.1,1199
2026-07-24T20:15:00+05:30,4063.5,4069.4,4061.4,4066.2,944
2026-07-24T20:30:00+05:30,4066.1,4080,4064.7,4077.9,2485
2026-07-24T20:45:00+05:30,4077.7,4085.2,4075,4077.9,4271
2026-07-24T21:00:00+05:30,4078.2,4082.5,4073.8,4075.1,1546
2026-07-24T21:15:00+05:30,4075.1,4080.8,4073.5,4079.9,831
2026-07-24T21:30:00+05:30,4080.3,4080.3,4077,4077.5,772
2026-07-24T21:45:00+05:30,4077.6,4080.9,4076.1,4076.6,717
2026-07-24T22:00:00+05:30,4076.6,4076.6,4069.2,4070.1,1312
2026-07-24T22:15:00+05:30,4070.1,4070.3,4066.5,4069.5,703
2026-07-24T22:30:00+05:30,4069.7,4070.9,4065.3,4066.5,1000
2026-07-24T22:45:00+05:30,4066.9,4072.8,4066.1,4071.3,1712
2026-07-24T23:00:00+05:30,4071.2,4072.7,4068.9,4069.3,852
2026-07-24T23:15:00+05:30,4068.7,4070,4065.3,4065.8,663
2026-07-24T23:30:00+05:30,4066,4067.3,4063.6,4064,752
2026-07-24T23:45:00+05:30,4064.2,4065.4,4057.2,4057.7,1283
2026-07-25T00:00:00+05:30,4057.8,4059.4,4053.5,4054.5,1419
2026-07-25T00:15:00+05:30,4054.6,4058.3,4054,4056.7,462
2026-07-25T00:30:00+05:30,4056.9,4058.7,4054.1,4054.5,533
2026-07-25T00:45:00+05:30,4054.5,4054.5,4051.3,4053.8,687
2026-07-25T01:00:00+05:30,4053.7,4060.2,4053.2,4059.2,861
2026-07-25T01:15:00+05:30,4059.5,4059.7,4055,4056.1,657
2026-07-25T01:30:00+05:30,4055.9,4057.8,4054.4,4054.9,331
2026-07-25T01:45:00+05:30,4054.8,4057.1,4054.1,4055.9,372
2026-07-25T02:00:00+05:30,4056.1,4058.4,4053.9,4057.9,338
2026-07-25T02:15:00+05:30,4057.7,4058.6,4054.5,4055.7,660
2026-07-27T03:30:00+05:30,4097.5,4100.1,4089.3,4091,2139
2026-07-27T03:45:00+05:30,4091.2,4093.2,4086.9,4089.9,704
2026-07-27T04:00:00+05:30,4089.4,4095.9,4088.8,4094,654
2026-07-27T04:15:00+05:30,4094,4096.5,4091.4,4092.2,551
2026-07-27T04:30:00+05:30,4092.9,4094.1,4086.8,4087.5,277
2026-07-27T04:45:00+05:30,4087.7,4089,4085.8,4086.7,238
2026-07-27T05:00:00+05:30,4087.3,4091.8,4087.3,4091.8,163
2026-07-27T05:15:00+05:30,4090.7,4099,4090.7,4096.9,711
2026-07-27T05:30:00+05:30,4097.2,4119.3,4096.6,4118.5,2567
2026-07-27T05:45:00+05:30,4118.3,4118.4,4093.2,4097.5,2075
2026-07-27T06:00:00+05:30,4097.3,4104.9,4096.4,4102.8,850
2026-07-27T06:15:00+05:30,4102.3,4111.6,4101.3,4102.6,827
2026-07-27T06:30:00+05:30,4103.1,4114.8,4103.1,4109.3,1468
2026-07-27T06:45:00+05:30,4109.7,4111.3,4098.9,4101.8,839
2026-07-27T07:00:00+05:30,4102.5,4106.3,4099.8,4104.7,513
2026-07-27T07:15:00+05:30,4104.9,4112,4104.6,4112,516
2026-07-27T07:30:00+05:30,4112.2,4112.9,4105.5,4107.6,669
2026-07-27T07:45:00+05:30,4107.8,4107.8,4103.7,4105.2,357
2026-07-27T08:00:00+05:30,4104.6,4105,4097.5,4098.5,517
2026-07-27T08:15:00+05:30,4098.8,4099.5,4095.6,4095.7,511
2026-07-27T08:30:00+05:30,4095.5,4097.8,4091,4093.9,772
2026-07-27T08:45:00+05:30,4093.9,4095.4,4087.3,4087.3,592
2026-07-27T09:00:00+05:30,4087.4,4093,4087,4091.6,658
2026-07-27T09:15:00+05:30,4091.4,4093.2,4090.5,4092.9,211
2026-07-27T09:30:00+05:30,4093,4095,4090.7,4092,368
2026-07-27T09:45:00+05:30,4092.1,4092.4,4088.9,4091.2,281
2026-07-27T10:00:00+05:30,4091,4094.3,4091,4091.9,227
2026-07-27T10:15:00+05:30,4092.2,4093,4091.2,4091.7,138
2026-07-27T10:30:00+05:30,4092.5,4097,4090.6,4096.7,271
2026-07-27T10:45:00+05:30,4096.4,4096.4,4088.2,4089,374
2026-07-27T11:00:00+05:30,4088.8,4092.3,4087.6,4089.5,475
2026-07-27T11:15:00+05:30,4090.3,4095.7,4086.5,4095.3,448
2026-07-27T11:30:00+05:30,4094.9,4098.4,4093.6,4096.6,714
2026-07-27T11:45:00+05:30,4096.3,4098.6,4093.3,4097.7,581
2026-07-27T12:00:00+05:30,4098.1,4101.4,4096.5,4100.5,475
2026-07-27T12:15:00+05:30,4101,4101.4,4096.9,4098.4,372
2026-07-27T12:30:00+05:30,4098.2,4104,4098,4104,951
2026-07-27T12:45:00+05:30,4103.6,4108.3,4101.7,4105.4,780
2026-07-27T13:00:00+05:30,4105.4,4105.8,4097.8,4099.1,650
2026-07-27T13:15:00+05:30,4099.4,4100.8,4090.5,4090.7,690
2026-07-27T13:30:00+05:30,4090.9,4094.8,4088.8,4093.3,587
2026-07-27T13:45:00+05:30,4092.9,4094.5,4090.7,4093,426
2026-07-27T14:00:00+05:30,4092.5,4094.7,4089,4092.8,493
2026-07-27T14:15:00+05:30,4093.3,4098.7,4092.6,4097.7,396
2026-07-27T14:30:00+05:30,4096.8,4100.3,4095.1,4095.9,762
2026-07-27T14:45:00+05:30,4096.2,4097.7,4092.8,4093.5,589
2026-07-27T15:00:00+05:30,4093.3,4097,4091.8,4096.6,1135
2026-07-27T15:15:00+05:30,4096.1,4102.7,4096,4098.9,1079
2026-07-27T15:30:00+05:30,4098.8,4098.8,4088.4,4092.5,900
2026-07-27T15:45:00+05:30,4092.6,4096.2,4091,4095.1,361
2026-07-27T16:00:00+05:30,4095.6,4104,4095,4102.8,1114
2026-07-27T16:15:00+05:30,4102.9,4104.6,4100.9,4102.1,734
2026-07-27T16:30:00+05:30,4102.2,4107,4099.2,4104.1,973
2026-07-27T16:45:00+05:30,4104.2,4105.3,4098.8,4098.8,383
2026-07-27T17:00:00+05:30,4098.9,4102.2,4096.6,4098.2,484
2026-07-27T17:15:00+05:30,4098.2,4099.3,4095.6,4095.9,541
2026-07-27T17:30:00+05:30,4096.1,4099.8,4088.1,4089.3,1331
2026-07-27T17:45:00+05:30,4089.3,4091,4083.1,4088.1,1895
2026-07-27T18:00:00+05:30,4088.9,4090.5,4085,4088.5,942
2026-07-27T18:15:00+05:30,4088.2,4091.1,4082.4,4085.2,1210
2026-07-27T18:30:00+05:30,4085.8,4090.8,4082.7,4086.6,1476
2026-07-27T18:45:00+05:30,4086.6,4089.2,4077.7,4077.8,1528
2026-07-27T19:00:00+05:30,4078,4091.4,4077.4,4088.9,2342
2026-07-27T19:15:00+05:30,4088.9,4091.8,4071.6,4075.8,2292
2026-07-27T19:30:00+05:30,4075.9,4081,4072.7,4078.8,2558
2026-07-27T19:45:00+05:30,4078.8,4080.6,4068.6,4069.8,1647
2026-07-27T20:00:00+05:30,4070.4,4072.8,4067.1,4070.5,1620
2026-07-27T20:15:00+05:30,4070.5,4079.6,4070.5,4078.4,1748
2026-07-27T20:30:00+05:30,4078.3,4078.6,4073.9,4078.3,985
2026-07-27T20:45:00+05:30,4077.9,4081.8,4076.7,4078.9,878
2026-07-27T21:00:00+05:30,4078.6,4080.5,4074.8,4078.1,1036
2026-07-27T21:15:00+05:30,4078.5,4082.2,4076.9,4080.6,644
2026-07-27T21:30:00+05:30,4080.8,4087,4079.9,4083.1,1037
2026-07-27T21:45:00+05:30,4083.3,4090.9,4081.6,4087.1,1419
2026-07-27T22:00:00+05:30,4087,4095.7,4087,4090.1,1676
2026-07-27T22:15:00+05:30,4090.3,4090.4,4082.5,4084.1,745
2026-07-27T22:30:00+05:30,4084,4084.1,4072.2,4075.3,3721
2026-07-27T22:45:00+05:30,4075.4,4078.7,4074.1,4076.4,2211
2026-07-27T23:00:00+05:30,4076.5,4077.8,4073.9,4076.3,529
2026-07-27T23:15:00+05:30,4076,4079,4075,4078.2,342
2026-07-27T23:30:00+05:30,4078.2,4081,4077.8,4078.4,407
2026-07-27T23:45:00+05:30,4078.5,4078.8,4075.9,4078.6,414
2026-07-28T00:00:00+05:30,4078.4,4081.2,4074.5,4078,1239
2026-07-28T00:15:00+05:30,4077.6,4081.2,4076.1,4079.8,421
2026-07-28T00:30:00+05:30,4079.9,4083.7,4078,4082.4,687
2026-07-28T00:45:00+05:30,4082.4,4090.9,4081.2,4087.8,1006
2026-07-28T01:00:00+05:30,4088,4089.5,4085.9,4089.2,397
2026-07-28T01:15:00+05:30,4089.3,4091.8,4084.5,4085.5,959
2026-07-28T01:30:00+05:30,4085.4,4086.4,4083.6,4084.4,412
2026-07-28T01:45:00+05:30,4084.2,4084.4,4079.8,4081,297
2026-07-28T02:00:00+05:30,4081.1,4081.6,4077.6,4079,351
2026-07-28T02:15:00+05:30,4079.1,4079.8,4077.6,4078.6,260
2026-07-28T03:30:00+05:30,4083,4085.7,4076.4,4079.1,339
2026-07-28T03:45:00+05:30,4078.9,4079.1,4072.3,4073.9,485
2026-07-28T04:00:00+05:30,4073.7,4076.4,4073.7,4076.3,135
2026-07-28T04:15:00+05:30,4076.3,4076.4,4074.9,4075.1,193
2026-07-28T04:30:00+05:30,4075.4,4076.1,4073.2,4075.5,205
2026-07-28T04:45:00+05:30,4075.3,4075.8,4073.1,4074.5,140
2026-07-28T05:00:00+05:30,4074.2,4074.9,4073,4073.2,97
2026-07-28T05:15:00+05:30,4073.5,4074.4,4071,4074.4,164
2026-07-28T05:30:00+05:30,4074.4,4075.5,4063,4067.6,1057
2026-07-28T05:45:00+05:30,4068.1,4068.2,4059.6,4062.9,863
2026-07-28T06:00:00+05:30,4063.3,4066.9,4061.3,4066,256
2026-07-28T06:15:00+05:30,4065.8,4065.8,4058.1,4058.5,634
2026-07-28T06:30:00+05:30,4058.3,4061.2,4054.2,4058.3,1767
2026-07-28T06:45:00+05:30,4058.7,4059.6,4046.2,4048.2,1712
2026-07-28T07:00:00+05:30,4047.5,4051.2,4044,4049.7,766
2026-07-28T07:15:00+05:30,4049.4,4049.4,4042.9,4045.7,444
2026-07-28T07:30:00+05:30,4045.9,4048.1,4042.8,4046.9,679
2026-07-28T07:45:00+05:30,4046.8,4049.7,4045.7,4046.6,470
2026-07-28T08:00:00+05:30,4046.1,4048.2,4041.8,4044.8,682
2026-07-28T08:15:00+05:30,4044.6,4045.9,4041.1,4042.3,566
2026-07-28T08:30:00+05:30,4042.3,4047.9,4040.7,4046.5,550
2026-07-28T08:45:00+05:30,4046.4,4049.8,4045.7,4048.1,579
2026-07-28T09:00:00+05:30,4047.7,4051.5,4047.7,4048.3,420
2026-07-28T09:15:00+05:30,4049.1,4051.1,4048.2,4049.5,238
2026-07-28T09:30:00+05:30,4049,4049.7,4043.2,4044.3,466
2026-07-28T09:45:00+05:30,4043.8,4048,4043.5,4045.6,256
2026-07-28T10:00:00+05:30,4045.8,4047.8,4044,4047.6,202
2026-07-28T10:15:00+05:30,4047.9,4048,4041.2,4042.1,477
2026-07-28T10:30:00+05:30,4041.9,4043.8,4039.6,4042.7,428
2026-07-28T10:45:00+05:30,4042.5,4043.8,4040.7,4043.3,259
2026-07-28T11:00:00+05:30,4042.7,4045.5,4034.6,4041.9,1076
2026-07-28T11:15:00+05:30,4041.9,4046.9,4039.4,4045.2,394
2026-07-28T11:30:00+05:30,4045.5,4048,4042.9,4044.7,404
2026-07-28T11:45:00+05:30,4044.5,4050,4044.3,4048.1,475
2026-07-28T12:00:00+05:30,4047.8,4052.8,4047.1,4050.2,556
2026-07-28T12:15:00+05:30,4050,4052,4048.3,4048.7,418
2026-07-28T12:30:00+05:30,4048.3,4051.4,4047.7,4049.4,509
2026-07-28T12:45:00+05:30,4049.1,4052.9,4048.8,4050.4,445
2026-07-28T13:00:00+05:30,4050.6,4051.3,4048.5,4049.7,539
2026-07-28T13:15:00+05:30,4050,4050,4045.8,4047.3,632
2026-07-28T13:30:00+05:30,4047.3,4055.6,4043.1,4044.5,1123
2026-07-28T13:45:00+05:30,4044.6,4051.5,4044.6,4049.9,451
2026-07-28T14:00:00+05:30,4050.1,4050.1,4042.2,4043.6,913
2026-07-28T14:15:00+05:30,4043.6,4046.3,4041.9,4045.7,513
2026-07-28T14:30:00+05:30,4045.5,4046.1,4040.9,4040.9,561
2026-07-28T14:45:00+05:30,4041.3,4044.3,4039.2,4040.1,495
2026-07-28T15:00:00+05:30,4040,4040.4,4029.3,4033.1,2209
2026-07-28T15:15:00+05:30,4033,4034.2,4018.1,4023.3,2317
2026-07-28T15:30:00+05:30,4023.1,4027.2,4020.2,4024.2,1212
2026-07-28T15:45:00+05:30,4023.7,4025.7,4016.5,4016.8,1404
2026-07-28T16:00:00+05:30,4016.8,4023.2,4016.6,4022,864
2026-07-28T16:15:00+05:30,4022,4028.2,4021.5,4025.6,668
2026-07-28T16:30:00+05:30,4026,4028.5,4022.5,4023.5,682
2026-07-28T16:45:00+05:30,4023.6,4031.9,4023.6,4027.2,885
2026-07-28T17:00:00+05:30,4026.8,4031.1,4025.8,4026.6,555
2026-07-28T17:15:00+05:30,4026.8,4028,4023.2,4027.8,588
2026-07-28T17:30:00+05:30,4027.3,4028.2,4022.2,4027.2,729
2026-07-28T17:45:00+05:30,4027.5,4034.6,4025.6,4034.1,854
2026-07-28T18:00:00+05:30,4034.1,4034.6,4024.8,4033.3,1235
2026-07-28T18:15:00+05:30,4033.3,4037.9,4027.8,4029.4,841
2026-07-28T18:30:00+05:30,4029.4,4035.6,4029,4032.7,929
2026-07-28T18:45:00+05:30,4032.6,4036.1,4028.5,4028.7,735
2026-07-28T19:00:00+05:30,4028.7,4032.8,4019.3,4024.9,2305
2026-07-28T19:15:00+05:30,4024.7,4028.5,4021.3,4021.4,1836
2026-07-28T19:30:00+05:30,4021.9,4034.1,4021.4,4025.6,2756
2026-07-28T19:45:00+05:30,4026.2,4027,4011.1,4022,2744
2026-07-28T20:00:00+05:30,4021.9,4025.3,4018.5,4022.6,1487
2026-07-28T20:15:00+05:30,4022.6,4029.4,4021,4023.8,1146
2026-07-28T20:30:00+05:30,4024.6,4036.2,4021.9,4033.7,2622
2026-07-28T20:45:00+05:30,4033.9,4041.3,4031.7,4035.6,3080
2026-07-28T21:00:00+05:30,4035.7,4042.6,4032.3,4041.7,2035
2026-07-28T21:15:00+05:30,4041.9,4047.4,4041.5,4046.5,2074
2026-07-28T21:30:00+05:30,4046.7,4046.8,4042.5,4044.8,1091
2026-07-28T21:45:00+05:30,4045.2,4046.1,4042.1,4042.3,794
2026-07-28T22:00:00+05:30,4042.5,4044.1,4040.4,4041,787
2026-07-28T22:15:00+05:30,4040.7,4041.7,4036.6,4037.6,1041
2026-07-28T22:30:00+05:30,4037.9,4041.5,4035.6,4037.4,994
2026-07-28T22:45:00+05:30,4037.3,4041.9,4035.3,4037.9,2139
2026-07-28T23:00:00+05:30,4038.1,4038.1,4027.5,4028.4,1112
2026-07-28T23:15:00+05:30,4028.7,4029.8,4025.3,4028,664
2026-07-28T23:30:00+05:30,4028.1,4030.5,4027.4,4028.4,323
2026-07-28T23:45:00+05:30,4028.3,4030.1,4026,4027.2,378
2026-07-29T00:00:00+05:30,4027.4,4027.7,4023,4023.6,585
2026-07-29T00:15:00+05:30,4023.1,4025.9,4021.4,4023.1,488
2026-07-29T00:30:00+05:30,4022.8,4025.6,4022.3,4023.7,469
2026-07-29T00:45:00+05:30,4023.6,4024.7,4021.5,4022.6,444
2026-07-29T01:00:00+05:30,4023.1,4027.6,4022.3,4025.7,505
2026-07-29T01:15:00+05:30,4026,4027.5,4025.1,4025.9,741
2026-07-29T01:30:00+05:30,4025.8,4025.8,4022.2,4023.4,256
2026-07-29T01:45:00+05:30,4023.4,4027.5,4023.4,4027.1,258
2026-07-29T02:00:00+05:30,4027.1,4030.1,4027,4030,339
2026-07-29T02:15:00+05:30,4029.9,4030.6,4026.5,4028.8,266
2026-07-29T03:30:00+05:30,4020.9,4034,4020.9,4024.2,223
2026-07-29T03:45:00+05:30,4024.2,4024.4,4016.1,4020.4,374
2026-07-29T04:00:00+05:30,4020.1,4020.5,4013.2,4017.7,415
2026-07-29T04:15:00+05:30,4017.3,4019.2,4014.3,4017.9,129
2026-07-29T04:30:00+05:30,4017.4,4022.4,4015.5,4022.1,162
2026-07-29T04:45:00+05:30,4021.5,4021.5,4015,4017.4,128
2026-07-29T05:00:00+05:30,4018.7,4022.6,4017.1,4022.4,70
2026-07-29T05:15:00+05:30,4021.8,4026,4019.1,4024.3,168
2026-07-29T05:30:00+05:30,4025,4025.5,4017.1,4019.8,251
2026-07-29T05:45:00+05:30,4022.7,4030.7,4021.5,4022.4,241
2026-07-29T06:00:00+05:30,4022.9,4027.7,4021,4026.1,83
2026-07-29T06:15:00+05:30,4025.3,4025.7,4020,4021.3,93
2026-07-29T06:30:00+05:30,4021,4021,4009.3,4012.2,511
2026-07-29T06:45:00+05:30,4011.7,4019,4011.2,4017.7,145
2026-07-29T07:00:00+05:30,4016,4030,4014.4,4025.7,272
2026-07-29T07:15:00+05:30,4026.9,4027.1,4021,4025,102
2026-07-29T07:30:00+05:30,4025,4028.2,4022.3,4026.9,84
2026-07-29T07:45:00+05:30,4027.1,4034.3,4024.8,4032,202
2026-07-29T08:00:00+05:30,4032.3,4036.8,4030,4034.3,134
2026-07-29T08:15:00+05:30,4033.5,4034.2,4028.3,4028.3,90
2026-07-29T08:30:00+05:30,4028.2,4031.4,4026.2,4026.9,82
2026-07-29T08:45:00+05:30,4026.7,4027.5,4024.7,4025.1,67
2026-07-29T09:00:00+05:30,4024.9,4027.8,4022.9,4024.3,164
2026-07-29T09:15:00+05:30,4024.4,4025.4,4021.5,4022,127
2026-07-29T09:30:00+05:30,4022,4023.1,4019.8,4020,165
2026-07-29T09:45:00+05:30,4019.5,4023.7,4019.3,4021.3,103
2026-07-29T10:00:00+05:30,4021.7,4025.5,4021.7,4025.2,110
2026-07-29T10:15:00+05:30,4026,4026,4021.9,4025.4,164
2026-07-29T10:30:00+05:30,4025.9,4029.9,4025.3,4028.3,155
2026-07-29T10:45:00+05:30,4027.9,4029.2,4025.9,4028.6,177
2026-07-29T11:00:00+05:30,4028.8,4037.9,4028.3,4037.7,283
2026-07-29T11:15:00+05:30,4037.8,4038.2,4030,4031.3,181
2026-07-29T11:30:00+05:30,4032.2,4036.5,4032.2,4036.5,107
2026-07-29T11:45:00+05:30,4036.5,4040.8,4034.1,4039,151
2026-07-29T12:00:00+05:30,4039.2,4043.2,4039.2,4041.4,180
2026-07-29T12:15:00+05:30,4040.7,4040.8,4038.4,4039.8,69
2026-07-29T12:30:00+05:30,4039.9,4045.3,4039.9,4044.4,242
2026-07-29T12:45:00+05:30,4043.4,4046.7,4043.1,4045.1,268
2026-07-29T13:00:00+05:30,4045.1,4046.7,4043.9,4045.3,210
2026-07-29T13:15:00+05:30,4045.1,4046.1,4041.4,4041.8,155
2026-07-29T13:30:00+05:30,4042.9,4043.5,4038.2,4038.2,127
2026-07-29T13:45:00+05:30,4040.2,4041.2,4034.8,4036.1,155
2026-07-29T14:00:00+05:30,4036.2,4037.9,4034.8,4037.7,112
2026-07-29T14:15:00+05:30,4037,4039.1,4036.3,4036.3,170
2026-07-29T14:30:00+05:30,4036.9,4037,4035.2,4035.2,58
2026-07-29T14:45:00+05:30,4035.3,4036.2,4032.6,4032.6,172
2026-07-29T15:00:00+05:30,4033.2,4034.2,4030.4,4033.6,232
2026-07-29T15:15:00+05:30,4034,4035.2,4031,4031,50
2026-07-29T15:30:00+05:30,4032.2,4033.1,4030,4030.7,89
2026-07-29T15:45:00+05:30,4030.5,4032.5,4029.5,4032.5,62
2026-07-29T16:00:00+05:30,4032.3,4033.8,4025.9,4026.9,192
2026-07-29T16:15:00+05:30,4026.9,4028,4025.7,4025.7,60
2026-07-29T16:30:00+05:30,4027,4029,4024.1,4029,169
2026-07-29T16:45:00+05:30,4028.3,4032.7,4027.8,4031.8,102
2026-07-29T17:00:00+05:30,4031.4,4031.6,4029.7,4030.3,78
2026-07-29T17:15:00+05:30,4030.3,4035.5,4030.3,4031.2,147
2026-07-29T17:30:00+05:30,4032.1,4032.3,4025.4,4025.4,88
2026-07-29T17:45:00+05:30,4025.6,4026.4,4011.1,4011.7,428
2026-07-29T18:00:00+05:30,4011.4,4020.6,4007.5,4019.5,338
2026-07-29T18:15:00+05:30,4018.8,4022.2,4017.8,4020.9,267
2026-07-29T18:30:00+05:30,4021.3,4024.8,4013.5,4014.3,339
2026-07-29T18:45:00+05:30,4013.5,4021.8,4012,4012,1100
2026-07-29T19:00:00+05:30,4012.8,4015.8,4008.2,4012,922
2026-07-29T19:15:00+05:30,4011.7,4013.1,4000.6,4004.7,557
2026-07-29T19:30:00+05:30,4005.3,4006.4,3993.8,3996.1,608
2026-07-29T19:45:00+05:30,3997.7,4008.1,3997.7,4004,475
2026-07-29T20:00:00+05:30,4003,4007.4,3996.7,3998.7,284
2026-07-29T20:15:00+05:30,3999.1,4003.6,3996.1,4003.2,214
2026-07-29T20:30:00+05:30,4003.6,4008,4001.7,4005.4,141
2026-07-29T20:45:00+05:30,4005.4,4009.5,4002.9,4008.3,175
2026-07-29T21:00:00+05:30,4009.1,4011.7,4004.9,4008.5,244
2026-07-29T21:15:00+05:30,4008.6,4011.6,4006.5,4008,271
2026-07-29T21:30:00+05:30,4008.1,4014,4006,4007.5,401
2026-07-29T21:45:00+05:30,4007.4,4015.2,4006.2,4014.3,253
2026-07-29T22:00:00+05:30,4013.7,4016.7,4012.9,4014.9,193
2026-07-29T22:15:00+05:30,4013.8,4030.5,4013.2,4025.4,316
2026-07-29T22:30:00+05:30,4025.5,4047.9,4025.2,4039.7,487
2026-07-29T22:45:00+05:30,4040,4048.3,4034.9,4036.9,697
2026-07-29T23:00:00+05:30,4035.8,4044.1,4033.9,4043.1,182
2026-07-29T23:15:00+05:30,4043.4,4045.6,4038.3,4041,171
2026-07-29T23:30:00+05:30,4041.8,4088,4041.2,4078.8,1819
2026-07-29T23:45:00+05:30,4079.4,4082.4,4062.3,4064.1,349
2026-07-30T00:00:00+05:30,4066.2,4085.4,4051.5,4081.7,822
2026-07-30T00:15:00+05:30,4080.3,4108.9,4080.3,4105.3,866
2026-07-30T00:30:00+05:30,4105.9,4115.2,4088.5,4098.2,399
2026-07-30T00:45:00+05:30,4097.1,4103,4079.1,4080.8,293
2026-07-30T01:00:00+05:30,4082.5,4085,4063.7,4066.1,517
2026-07-30T01:15:00+05:30,4069.5,4070.7,4043.4,4043.8,476
2026-07-30T01:30:00+05:30,4044.4,4053.1,4043.9,4052.5,143
2026-07-30T01:45:00+05:30,4048.5,4054.1,4043.6,4054.1,99
2026-07-30T02:00:00+05:30,4053.3,4067,4053.3,4065.4,126
2026-07-30T02:15:00+05:30,4064.3,4068,4062.5,4065.5,103
2026-07-30T03:30:00+05:30,4126.7,4135.4,4121.1,4134.3,1083
2026-07-30T03:45:00+05:30,4133.9,4135.5,4130.3,4132.7,369
2026-07-30T04:00:00+05:30,4132.5,4139.1,4130.5,4138.5,551
2026-07-30T04:15:00+05:30,4139.3,4148.2,4137.5,4146.3,1002
2026-07-30T04:30:00+05:30,4146.5,4158,4146.2,4148.6,795
2026-07-30T04:45:00+05:30,4149.4,4152.5,4148.2,4151.1,517
2026-07-30T05:00:00+05:30,4151.6,4152.5,4147.3,4147.6,379
2026-07-30T05:15:00+05:30,4148,4150.7,4142,4142,470
2026-07-30T05:30:00+05:30,4142.5,4144.3,4136.7,4139.2,849
2026-07-30T05:45:00+05:30,4138.6,4141,4130.1,4132.6,833
2026-07-30T06:00:00+05:30,4133.8,4134.3,4122.3,4123.6,882
2026-07-30T06:15:00+05:30,4124.1,4130.5,4122.5,4129.7,1197
2026-07-30T06:30:00+05:30,4130,4151.5,4127.8,4133.4,2849
2026-07-30T06:45:00+05:30,4133.2,4142.6,4131.1,4139,1153
2026-07-30T07:00:00+05:30,4138.8,4147.5,4138.2,4144.3,818
2026-07-30T07:15:00+05:30,4144,4149,4141.4,4142.4,721
2026-07-30T07:30:00+05:30,4142.1,4148,4139.9,4140.5,553
2026-07-30T07:45:00+05:30,4140,4141,4137.5,4140.5,373
2026-07-30T08:00:00+05:30,4140.2,4140.2,4131,4134.3,698
2026-07-30T08:15:00+05:30,4134.2,4134.8,4120.7,4121.4,941
2026-07-30T08:30:00+05:30,4121.1,4127.5,4117.8,4120,705
2026-07-30T08:45:00+05:30,4120.4,4121.4,4109.9,4111.1,1234
2026-07-30T09:00:00+05:30,4111.3,4113.2,4107.6,4109.2,779
2026-07-30T09:15:00+05:30,4109.1,4116.9,4109.1,4115.6,769
2026-07-30T09:30:00+05:30,4115.9,4117.1,4108.9,4110.1,520
2026-07-30T09:45:00+05:30,4110.4,4111.9,4107.6,4110.7,335
2026-07-30T10:00:00+05:30,4110.9,4110.9,4104.1,4105.6,660
2026-07-30T10:15:00+05:30,4105.3,4108.7,4100.3,4102.5,881
2026-07-30T10:30:00+05:30,4102.2,4102.2,4098.2,4101.9,744
2026-07-30T10:45:00+05:30,4102.3,4104,4093.9,4103.5,849
2026-07-30T11:00:00+05:30,4103.2,4108,4085,4090.4,2089
2026-07-30T11:15:00+05:30,4089.9,4095.2,4087,4090.4,920
2026-07-30T11:30:00+05:30,4090.8,4096.4,4088.2,4089.3,1027
2026-07-30T11:45:00+05:30,4089,4096.3,4086.3,4090.5,828
2026-07-30T12:00:00+05:30,4090.1,4095.7,4088.3,4093,653
2026-07-30T12:15:00+05:30,4092.9,4098.1,4091.6,4093.8,695
2026-07-30T12:30:00+05:30,4093.8,4105,4092.7,4103.8,1139
2026-07-30T12:45:00+05:30,4104,4108.5,4100.6,4103.2,1212
2026-07-30T13:00:00+05:30,4103,4104.7,4093,4103.2,982
2026-07-30T13:15:00+05:30,4103.1,4103.8,4095.1,4096.1,553
2026-07-30T13:30:00+05:30,4096.1,4113.8,4093.9,4110.9,1664
2026-07-30T13:45:00+05:30,4110.5,4126.4,4109.8,4122,1437
2026-07-30T14:00:00+05:30,4122.1,4130.9,4121.1,4123.8,2334
2026-07-30T14:15:00+05:30,4123.8,4128.7,4117.2,4119.2,778
2026-07-30T14:30:00+05:30,4119.4,4127,4118.3,4123.9,1124
2026-07-30T14:45:00+05:30,4124.1,4130.3,4122.6,4125.6,1244
2026-07-30T15:00:00+05:30,4125.5,4127.6,4118.4,4123.8,1432
2026-07-30T15:15:00+05:30,4124,4131.5,4120.5,4121.5,1153
2026-07-30T15:30:00+05:30,4121.8,4133.3,4121.2,4127,1982
2026-07-30T15:45:00+05:30,4126.8,4136.3,4126,4134.8,1544
2026-07-30T16:00:00+05:30,4134.8,4141.2,4133.5,4139.6,1490
2026-07-30T16:15:00+05:30,4139.7,4142.2,4136.3,4136.4,929
2026-07-30T16:30:00+05:30,4136.5,4141.5,4136,4138,861
2026-07-30T16:45:00+05:30,4137.7,4140.4,4134.9,4136.6,505
2026-07-30T17:00:00+05:30,4136.7,4137.7,4134.7,4135.5,604
2026-07-30T17:15:00+05:30,4135.7,4138.9,4133.6,4136,918
2026-07-30T17:30:00+05:30,4136,4141,4132.7,4137.1,1281
2026-07-30T17:45:00+05:30,4137,4139.8,4129.8,4135.4,1208
2026-07-30T18:00:00+05:30,4139,4145.4,4129.8,4135.8,2609
2026-07-30T18:15:00+05:30,4136.2,4137.6,4125.4,4127.4,1576
2026-07-30T18:30:00+05:30,4127.3,4135.2,4123.2,4135.1,1869
2026-07-30T18:45:00+05:30,4134.8,4142.2,4130.7,4138.6,1441
2026-07-30T19:00:00+05:30,4138.6,4157.7,4133.2,4148.1,6026
2026-07-30T19:15:00+05:30,4148.1,4172.5,4144.5,4172,6547
2026-07-30T19:30:00+05:30,4172.1,4180.2,4153.4,4157.3,10137
2026-07-30T19:45:00+05:30,4157.6,4159.6,4145.6,4155.2,4359
2026-07-30T20:00:00+05:30,4155.3,4170.7,4154,4170.2,2942
2026-07-30T20:15:00+05:30,4170.4,4172.7,4155.7,4159.1,2413
2026-07-30T20:30:00+05:30,4159.4,4159.4,4141.9,4144.6,2749
2026-07-30T20:45:00+05:30,4144.4,4156.2,4143.7,4155.1,1494
2026-07-30T21:00:00+05:30,4155,4165.8,4151.8,4164.4,1665
2026-07-30T21:15:00+05:30,4164.4,4169.2,4162.4,4167,1462
2026-07-30T21:30:00+05:30,4166.8,4175,4166.8,4173.1,2228
2026-07-30T21:45:00+05:30,4173.1,4178.3,4172.4,4175.4,1342
2026-07-30T22:00:00+05:30,4175.4,4175.5,4167.3,4167.6,1214
2026-07-30T22:15:00+05:30,4167.9,4169.8,4165.6,4169.8,873
2026-07-30T22:30:00+05:30,4169.8,4170.2,4163.8,4163.8,1171
2026-07-30T22:45:00+05:30,4163.8,4167.3,4157.1,4160.8,2666
2026-07-30T23:00:00+05:30,4160.5,4167.4,4158.9,4165,1591
2026-07-30T23:15:00+05:30,4164.8,4167.4,4159.9,4161.5,942
2026-07-30T23:30:00+05:30,4161.5,4165.8,4161.5,4165.5,455
2026-07-30T23:45:00+05:30,4165.6,4165.6,4159.9,4162.3,1002
2026-07-31T00:00:00+05:30,4162.9,4166.8,4162,4163.5,452
2026-07-31T00:15:00+05:30,4163.7,4164.1,4157.7,4158.8,662
2026-07-31T00:30:00+05:30,4158.7,4164.8,4158,4163.9,874
2026-07-31T00:45:00+05:30,4163.6,4174.1,4162,4172,1337
2026-07-31T01:00:00+05:30,4171.5,4174.5,4170.3,4171.3,636
2026-07-31T01:15:00+05:30,4171.4,4172.3,4168.2,4171.2,829
2026-07-31T01:30:00+05:30,4171.3,4176.7,4169.3,4173.2,1061
2026-07-31T01:45:00+05:30,4173.2,4174.2,4170.7,4171.3,559
2026-07-31T02:00:00+05:30,4171.4,4171.8,4161.3,4162.4,572
2026-07-31T02:15:00+05:30,4161.9,4163.1,4158,4162.8,641
2026-07-31T03:30:00+05:30,4163.9,4166.3,4158,4165.2,454
2026-07-31T03:45:00+05:30,4165.5,4166.8,4164.8,4165.8,238
2026-07-31T04:00:00+05:30,4165.8,4169,4165.4,4168.8,265
2026-07-31T04:15:00+05:30,4168.9,4169.8,4167.4,4167.4,367
2026-07-31T04:30:00+05:30,4168.1,4170.7,4164.8,4166.1,316
2026-07-31T04:45:00+05:30,4165.6,4166.1,4161.8,4162.8,361
2026-07-31T05:00:00+05:30,4162.8,4166.9,4160.8,4164.3,445
2026-07-31T05:15:00+05:30,4165.1,4168.8,4164.3,4164.4,269
2026-07-31T05:30:00+05:30,4164.8,4165.4,4159.2,4159.9,417
2026-07-31T05:45:00+05:30,4159.8,4162.4,4154.5,4154.9,535
2026-07-31T06:00:00+05:30,4155.1,4156.3,4149,4151.5,416
2026-07-31T06:15:00+05:30,4151,4155,4149,4153.5,454
2026-07-31T06:30:00+05:30,4153.5,4160,4146.8,4147.3,1265
2026-07-31T06:45:00+05:30,4147.5,4153.2,4144.5,4150.3,917
2026-07-31T07:00:00+05:30,4150.3,4150.3,4142,4144.1,908
2026-07-31T07:15:00+05:30,4143.7,4147.4,4140,4142.5,757
2026-07-31T07:30:00+05:30,4142.7,4148.8,4139.8,4143.9,734
2026-07-31T07:45:00+05:30,4143.7,4143.7,4139.9,4140.3,543
2026-07-31T08:00:00+05:30,4140,4142.5,4133.4,4133.4,586
2026-07-31T08:15:00+05:30,4133.9,4136.6,4132.5,4134.1,872
2026-07-31T08:30:00+05:30,4134,4134.3,4129.7,4131.4,580
2026-07-31T08:45:00+05:30,4131.1,4133.8,4130,4133.2,395
2026-07-31T09:00:00+05:30,4133.3,4137.4,4132.9,4134.5,616
2026-07-31T09:15:00+05:30,4134.9,4135.5,4132,4133,212
2026-07-31T09:30:00+05:30,4132.6,4135,4131,4134.9,414
2026-07-31T09:45:00+05:30,4134.8,4138.1,4132.3,4138,783
2026-07-31T10:00:00+05:30,4137.9,4139.5,4137.1,4137.1,458
2026-07-31T10:15:00+05:30,4137,4138,4132.5,4137.6,546
2026-07-31T10:30:00+05:30,4138,4141.3,4137.5,4137.8,349
2026-07-31T10:45:00+05:30,4137.7,4140.9,4137.5,4138.9,370
2026-07-31T11:00:00+05:30,4139,4139.7,4133.7,4134.3,667
2026-07-31T11:15:00+05:30,4134.2,4134.2,4131,4132.1,590
2026-07-31T11:30:00+05:30,4132.4,4140.6,4130.5,4140.3,638
2026-07-31T11:45:00+05:30,4139.9,4145.3,4138.8,4143.2,802
2026-07-31T12:00:00+05:30,4142.7,4142.7,4134.9,4135.8,476
2026-07-31T12:15:00+05:30,4135.5,4139.4,4134.2,4135.4,553
2026-07-31T12:30:00+05:30,4135,4136.8,4133,4135.2,684
2026-07-31T12:45:00+05:30,4135.1,4136.8,4129.5,4130.5,754
2026-07-31T13:00:00+05:30,4130.2,4131.4,4125.5,4129.5,1056
2026-07-31T13:15:00+05:30,4129.8,4132,4124.7,4125.1,1101
2026-07-31T13:30:00+05:30,4125.4,4125.4,4118.4,4119.4,1221
2026-07-31T13:45:00+05:30,4119.4,4124.6,4114.9,4115.7,1564
2026-07-31T14:00:00+05:30,4115.7,4118.4,4110.8,4116.1,1614
2026-07-31T14:15:00+05:30,4115.9,4121.3,4114.6,4117.6,1174
2026-07-31T14:30:00+05:30,4117.3,4120.8,4111.6,4113.4,1378
2026-07-31T14:45:00+05:30,4113.4,4114.2,4107.8,4108.7,936
2026-07-31T15:00:00+05:30,4108.4,4111,4106.5,4109.4,943
2026-07-31T15:15:00+05:30,4109.3,4113.6,4108.4,4111.3,669
2026-07-31T15:30:00+05:30,4111.2,4114.7,4109.5,4112.2,686
2026-07-31T15:45:00+05:30,4112.3,4112.4,4108.4,4109.6,381
2026-07-31T16:00:00+05:30,4109.2,4112.8,4109.2,4111.1,442
2026-07-31T16:15:00+05:30,4111,4113.5,4110.2,4110.8,435
2026-07-31T16:30:00+05:30,4110.7,4116,4108.2,4113.8,786
2026-07-31T16:45:00+05:30,4113.6,4117.4,4110.4,4115,622
2026-07-31T17:00:00+05:30,4114.9,4115,4106.7,4108.4,864
2026-07-31T17:15:00+05:30,4108.3,4111.6,4107.3,4110,596
2026-07-31T17:30:00+05:30,4110.3,4115.7,4108.8,4115.4,900
2026-07-31T17:45:00+05:30,4115.6,4115.7,4103.1,4103.5,1648
2026-07-31T18:00:00+05:30,4103.4,4107.8,4098.5,4100.9,3734
2026-07-31T18:15:00+05:30,4100.5,4102.4,4096.4,4096.8,2317
2026-07-31T18:30:00+05:30,4096.6,4098.9,4090.5,4092.3,3322
2026-07-31T18:45:00+05:30,4092.3,4103.4,4091.5,4098.9,2867
2026-07-31T19:00:00+05:30,4098.5,4100.2,4078.3,4081,6843
2026-07-31T19:15:00+05:30,4081.1,4088.3,4077.6,4081.5,3340
2026-07-31T19:30:00+05:30,4080.8,4088.7,4076.4,4088.2,3816
2026-07-31T19:45:00+05:30,4088.3,4096.5,4086,4095.1,3039
2026-07-31T20:00:00+05:30,4094.9,4099.3,4092.8,4097.6,1614
2026-07-31T20:15:00+05:30,4097.7,4106.9,4097.1,4105.6,2356
2026-07-31T20:30:00+05:30,4105.8,4107.2,4099.2,4103.6,3714
2026-07-31T20:45:00+05:30,4103.3,4109.1,4096.6,4097.3,2601
2026-07-31T21:00:00+05:30,4097.3,4099.7,4093,4098.4,1528
2026-07-31T21:15:00+05:30,4098.3,4103,4096.1,4101.8,1451
2026-07-31T21:30:00+05:30,4101.8,4103,4097.6,4101.9,720
2026-07-31T21:45:00+05:30,4102.8,4104.6,4099.1,4103.6,1142
2026-07-31T22:00:00+05:30,4103.7,4106,4097.2,4098.8,1211
2026-07-31T22:15:00+05:30,4098.7,4101.2,4098.1,4099.3,642
2026-07-31T22:30:00+05:30,4099.2,4102.4,4097.3,4101.6,1062
2026-07-31T22:45:00+05:30,4101.6,4109.8,4100.9,4106.6,3012
2026-07-31T23:00:00+05:30,4106.8,4109.8,4103.8,4108,1811
2026-07-31T23:15:00+05:30,4108,4111,4106.3,4109.8,1163
2026-07-31T23:30:00+05:30,4110,4111.3,4102.9,4104.1,1001
2026-07-31T23:45:00+05:30,4103.9,4107.9,4103.6,4107.1,652
2026-08-01T00:00:00+05:30,4107,4107.8,4103.9,4105.6,643
2026-08-01T00:15:00+05:30,4105.4,4107.5,4104.1,4106.6,452
2026-08-01T00:30:00+05:30,4106.8,4109,4102.6,4104.2,738
2026-08-01T00:45:00+05:30,4104.2,4106.6,4103.2,4106.4,385
2026-08-01T01:00:00+05:30,4106.4,4110.7,4104.9,4109.9,740
2026-08-01T01:15:00+05:30,4109.9,4111.9,4106.4,4107.7,1324
2026-08-01T01:30:00+05:30,4107.6,4108.4,4101.9,4104.4,688
2026-08-01T01:45:00+05:30,4104.4,4105.3,4103,4104.4,258
2026-08-01T02:00:00+05:30,4104.3,4109.2,4103.6,4107.3,381
2026-08-01T02:15:00+05:30,4107.7,4108.6,4097.4,4098.6,1175
2026-08-03T03:30:00+05:30,4135.2,4145.5,4122.8,4133.3,2102
2026-08-03T03:45:00+05:30,4133,4134.2,4120.4,4122.7,827
2026-08-03T04:00:00+05:30,4122.7,4124.9,4120.5,4123.1,599
2026-08-03T04:15:00+05:30,4123.4,4123.6,4119.5,4119.9,483
2026-08-03T04:30:00+05:30,4120,4123.4,4119,4122.4,407
2026-08-03T04:45:00+05:30,4122.3,4128.4,4122.1,4127.9,393
2026-08-03T05:00:00+05:30,4127.8,4128.2,4123.7,4125.4,146
2026-08-03T05:15:00+05:30,4125.4,4130.5,4123.8,4130.4,655
2026-08-03T05:30:00+05:30,4130.5,4134.7,4125.6,4127.9,700
2026-08-03T05:45:00+05:30,4127.9,4128.5,4117,4119.6,772
2026-08-03T06:00:00+05:30,4119.8,4125.4,4112.4,4113.7,1007
2026-08-03T06:15:00+05:30,4113.8,4116.4,4111.1,4112.8,687
2026-08-03T06:30:00+05:30,4112.9,4119,4106.3,4107.8,1406
2026-08-03T06:45:00+05:30,4108.4,4110.4,4102.7,4108.2,879
2026-08-03T07:00:00+05:30,4108.4,4112.8,4103,4106.8,880
2026-08-03T07:15:00+05:30,4106.9,4113.4,4105.7,4112.7,753
2026-08-03T07:30:00+05:30,4112.7,4116.7,4109,4111.6,570
2026-08-03T07:45:00+05:30,4111.2,4116.5,4107.8,4113.6,637
2026-08-03T08:00:00+05:30,4113.9,4116.2,4108,4115.5,749
2026-08-03T08:15:00+05:30,4115.2,4122.3,4114.1,4117.8,766
2026-08-03T08:30:00+05:30,4117.6,4120.9,4116.2,4119.5,357
2026-08-03T08:45:00+05:30,4119.5,4123.2,4116.9,4119,853
2026-08-03T09:00:00+05:30,4119.3,4120.3,4115.5,4115.7,281
2026-08-03T09:15:00+05:30,4115.9,4122.1,4114.2,4120.4,325
2026-08-03T09:30:00+05:30,4120.4,4123.4,4119.4,4121.6,415
2026-08-03T09:45:00+05:30,4121.7,4126.2,4121.2,4123.6,634
2026-08-03T10:00:00+05:30,4123.5,4126.5,4123.5,4125.8,236
2026-08-03T10:15:00+05:30,4126,4127.2,4119.2,4119.2,339
2026-08-03T10:30:00+05:30,4119,4120.4,4111.8,4112.7,615
2026-08-03T10:45:00+05:30,4112.3,4117.9,4109.1,4115.5,528
2026-08-03T11:00:00+05:30,4115.3,4119.7,4110.3,4118.5,853
2026-08-03T11:15:00+05:30,4118.5,4125.2,4113.9,4124.2,821
2026-08-03T11:30:00+05:30,4124.3,4126.4,4121.2,4121.2,966
2026-08-03T11:45:00+05:30,4121.5,4127.3,4120.9,4123.6,800
2026-08-03T12:00:00+05:30,4123.5,4124.1,4115.7,4120.9,1006
2026-08-03T12:15:00+05:30,4120.5,4122.2,4117.8,4118.9,589
2026-08-03T12:30:00+05:30,4119,4120.5,4114.8,4116.9,645
2026-08-03T12:45:00+05:30,4116.5,4117.3,4107.3,4114.2,1445
2026-08-03T13:00:00+05:30,4113.9,4116.8,4112,4115.1,488
2026-08-03T13:15:00+05:30,4115.1,4119,4113.6,4117.1,611
2026-08-03T13:30:00+05:30,4117,4117.7,4114.2,4117.5,398
2026-08-03T13:45:00+05:30,4117.4,4118,4110,4111.3,515
2026-08-03T14:00:00+05:30,4111.3,4116.1,4110.4,4114,688
2026-08-03T14:15:00+05:30,4113.8,4116.7,4113.4,4115,335
2026-08-03T14:30:00+05:30,4115.3,4117.7,4112.8,4117.3,416
2026-08-03T14:45:00+05:30,4116.9,4116.9,4108,4108.4,742
2026-08-03T15:00:00+05:30,4108.5,4111,4102.3,4109.7,2523
2026-08-03T15:15:00+05:30,4109.6,4114.4,4109.6,4111.6,834
2026-08-03T15:30:00+05:30,4111.6,4113.5,4109.4,4112.4,409
2026-08-03T15:45:00+05:30,4112.5,4113.6,4108.3,4110,385
2026-08-03T16:00:00+05:30,4110,4110.1,4105.1,4105.5,587
2026-08-03T16:15:00+05:30,4105.3,4107.4,4101.9,4105.4,567
2026-08-03T16:30:00+05:30,4105.7,4109.2,4103.2,4106.1,609
2026-08-03T16:45:00+05:30,4106,4106.4,4101.7,4104.7,381
2026-08-03T17:00:00+05:30,4104.5,4111.3,4104,4110,669
2026-08-03T17:15:00+05:30,4110.1,4119.4,4108.9,4118.9,1219
2026-08-03T17:30:00+05:30,4119,4121.1,4110.8,4112.2,1025
2026-08-03T17:45:00+05:30,4112.1,4112.5,4104.6,4107,1506
2026-08-03T18:00:00+05:30,4107.2,4109,4098.1,4100.8,1648
2026-08-03T18:15:00+05:30,4100.8,4104.7,4099,4103.4,861
2026-08-03T18:30:00+05:30,4103.6,4109.8,4093.6,4094,2485
2026-08-03T18:45:00+05:30,4094,4095.9,4086.5,4089.5,3426
2026-08-03T19:00:00+05:30,4089.6,4091,4074,4086.9,5635
2026-08-03T19:15:00+05:30,4087.2,4090.4,4083.3,4087.2,2401
2026-08-03T19:30:00+05:30,4086.6,4091.4,4081.6,4088.4,2991
2026-08-03T19:45:00+05:30,4088.1,4091.4,4085,4087.6,1617
2026-08-03T20:00:00+05:30,4087.6,4093.4,4087.1,4091.7,1432
2026-08-03T20:15:00+05:30,4091.8,4094.9,4089,4091.6,1545
2026-08-03T20:30:00+05:30,4091.7,4092.4,4085.5,4088.3,1353
2026-08-03T20:45:00+05:30,4088.5,4093.6,4085.8,4087.9,1604
2026-08-03T21:00:00+05:30,4088,4094.6,4086.1,4092.1,1353
2026-08-03T21:15:00+05:30,4092.3,4096.4,4091,4091.6,1187
2026-08-03T21:30:00+05:30,4091.6,4092.9,4089.9,4091.8,656
2026-08-03T21:45:00+05:30,4091.4,4094.1,4090.3,4092.5,731
2026-08-03T22:00:00+05:30,4092.5,4094.8,4091.2,4094.3,681
2026-08-03T22:15:00+05:30,4094.5,4094.5,4091.3,4092.4,558
2026-08-03T22:30:00+05:30,4092.7,4093.2,4088.7,4089.8,563
2026-08-03T22:45:00+05:30,4089.7,4093.5,4089.4,4090,1613
2026-08-03T23:00:00+05:30,4090.1,4092.7,4089.7,4091.9,663
2026-08-03T23:15:00+05:30,4091.8,4092.3,4085.9,4086.4,564
2026-08-03T23:30:00+05:30,4086.4,4094.3,4085.4,4090.7,936
2026-08-03T23:45:00+05:30,4090.8,4094.9,4090.6,4093.9,590
2026-08-04T00:00:00+05:30,4093.7,4097.4,4092.4,4097.4,534
2026-08-04T00:15:00+05:30,4097.2,4101,4096.3,4099.6,823
2026-08-04T00:30:00+05:30,4099.5,4105.5,4099.5,4101.9,1260
2026-08-04T00:45:00+05:30,4102.2,4110.2,4102.1,4108.8,1020
2026-08-04T01:00:00+05:30,4108.9,4111.5,4107.7,4110,796
2026-08-04T01:15:00+05:30,4109.9,4112,4107.7,4108.2,1063
2026-08-04T01:30:00+05:30,4108.3,4108.9,4106.2,4108.8,353
2026-08-04T01:45:00+05:30,4108.4,4111.9,4107.3,4110.2,277
2026-08-04T02:00:00+05:30,4110.6,4115,4110,4112.4,378
2026-08-04T02:15:00+05:30,4112.5,4113.5,4110.6,4110.9,310
2026-08-04T03:30:00+05:30,4109.6,4110.3,4104.6,4107,512
2026-08-04T03:45:00+05:30,4106.8,4108.2,4106.3,4107.5,114
2026-08-04T04:00:00+05:30,4107.8,4109.2,4107,4108.4,124
2026-08-04T04:15:00+05:30,4108.6,4109.6,4106.8,4108.6,211
2026-08-04T04:30:00+05:30,4108.6,4110.8,4105.5,4107.1,680
2026-08-04T04:45:00+05:30,4107,4110.6,4106.2,4107.3,662
2026-08-04T05:00:00+05:30,4107.4,4108.5,4106.6,4108.1,70
2026-08-04T05:15:00+05:30,4108.2,4109.6,4107,4109.3,459
2026-08-04T05:30:00+05:30,4109.2,4125.1,4108.7,4119.2,1556
2026-08-04T05:45:00+05:30,4119.1,4120.3,4113.7,4114.6,376
2026-08-04T06:00:00+05:30,4114.9,4116.3,4110.9,4111.6,407
2026-08-04T06:15:00+05:30,4112.4,4113.8,4104.1,4104.9,1099
2026-08-04T06:30:00+05:30,4104.8,4106.2,4098.2,4102.7,1407
2026-08-04T06:45:00+05:30,4103.6,4108,4103.3,4104.7,610
2026-08-04T07:00:00+05:30,4105,4116,4104,4114.6,949
2026-08-04T07:15:00+05:30,4114.7,4117.6,4112.6,4114.8,603
2026-08-04T07:30:00+05:30,4114.8,4116.8,4111.1,4113.9,441
2026-08-04T07:45:00+05:30,4113.6,4115.4,4111.3,4112.2,409
2026-08-04T08:00:00+05:30,4112.2,4120.6,4111.1,4117.9,784
2026-08-04T08:15:00+05:30,4117.9,4118.2,4113.7,4114.6,360
2026-08-04T08:30:00+05:30,4114.3,4116.3,4112,4113.7,277
2026-08-04T08:45:00+05:30,4113.7,4117.5,4113.4,4113.7,429
2026-08-04T09:00:00+05:30,4113.5,4114.2,4107.7,4107.9,650
2026-08-04T09:15:00+05:30,4108.3,4110.8,4107.3,4107.5,410
2026-08-04T09:30:00+05:30,4107.4,4112.3,4106.4,4111.9,556
2026-08-04T09:45:00+05:30,4112.1,4117,4111.3,4116.7,980
2026-08-04T10:00:00+05:30,4116.8,4119.7,4116,4118.1,685
2026-08-04T10:15:00+05:30,4118,4121.9,4117.9,4119.3,655
2026-08-04T10:30:00+05:30,4119.2,4120.4,4112.7,4113.5,566
2026-08-04T10:45:00+05:30,4113.5,4119.7,4113,4119.3,467
2026-08-04T11:00:00+05:30,4119.5,4123.7,4115,4118.6,1167
2026-08-04T11:15:00+05:30,4118.4,4120.1,4114.1,4117.3,893
2026-08-04T11:30:00+05:30,4117.9,4122.1,4117.8,4120.4,654
2026-08-04T11:45:00+05:30,4120.1,4120.8,4115.2,4115.6,471
2026-08-04T12:00:00+05:30,4115.6,4115.7,4111.4,4115.6,633
2026-08-04T12:15:00+05:30,4115.7,4119.7,4114.7,4119.3,554
2026-08-04T12:30:00+05:30,4119.5,4121.8,4116.6,4116.6,847
2026-08-04T12:45:00+05:30,4116.9,4121.8,4116.7,4119,672
2026-08-04T13:00:00+05:30,4119,4122.9,4117.5,4119.2,862
2026-08-04T13:15:00+05:30,4118.9,4122.4,4118.2,4121.8,286
2026-08-04T13:30:00+05:30,4121.9,4129.6,4120.7,4124.2,1903
2026-08-04T13:45:00+05:30,4124.3,4124.9,4116.3,4119.5,689
2026-08-04T14:00:00+05:30,4119.2,4120.5,4114.4,4115.2,761
2026-08-04T14:15:00+05:30,4115.1,4115.3,4110.1,4110.8,561
2026-08-04T14:30:00+05:30,4110.5,4111.2,4104.1,4106.5,772
2026-08-04T14:45:00+05:30,4106.2,4107.8,4104.7,4105.9,834
2026-08-04T15:00:00+05:30,4106.2,4107.2,4102,4106.1,1043
2026-08-04T15:15:00+05:30,4106,4106.9,4103,4105.1,536
2026-08-04T15:30:00+05:30,4105.7,4106,4102.7,4105,319
2026-08-04T15:45:00+05:30,4104.6,4105.6,4101.4,4104.6,481
2026-08-04T16:00:00+05:30,4105,4109.9,4102,4108.4,796
2026-08-04T16:15:00+05:30,4108.2,4116.4,4108.1,4109.8,1460
2026-08-04T16:30:00+05:30,4109.4,4114.9,4108.1,4112.6,607
2026-08-04T16:45:00+05:30,4112.7,4117.2,4111.4,4117.1,526
2026-08-04T17:00:00+05:30,4117.2,4127.4,4116.1,4126.5,2241
2026-08-04T17:15:00+05:30,4126.8,4141.8,4123.9,4132.1,5186
2026-08-04T17:30:00+05:30,4132.3,4133.2,4117.6,4118.7,2442
2026-08-04T17:45:00+05:30,4118.8,4126.9,4117.6,4124.8,1776
2026-08-04T18:00:00+05:30,4125,4141.5,4125,4135.1,3453
2026-08-04T18:15:00+05:30,4135.2,4136.1,4126.4,4127.8,1791
2026-08-04T18:30:00+05:30,4128.1,4128.7,4117.2,4120.8,2692
2026-08-04T18:45:00+05:30,4120.4,4147.9,4119.4,4135.4,5445
2026-08-04T19:00:00+05:30,4135.6,4148.9,4132.8,4140.4,5114
2026-08-04T19:15:00+05:30,4140.5,4151.5,4138.6,4140.7,3788
2026-08-04T19:30:00+05:30,4140.7,4148.8,4140.2,4147.2,2435
2026-08-04T19:45:00+05:30,4147.4,4149.3,4137.3,4140.4,2332
2026-08-04T20:00:00+05:30,4140.6,4143.7,4131.3,4137,3810
2026-08-04T20:15:00+05:30,4136.5,4141.9,4134.8,4140.4,1735
2026-08-04T20:30:00+05:30,4140.5,4142.4,4136.5,4140.6,994
2026-08-04T20:45:00+05:30,4141.1,4141.2,4131,4135,1664
2026-08-04T21:00:00+05:30,4134.4,4144.3,4133,4141.2,1974
2026-08-04T21:15:00+05:30,4140.6,4145.8,4139.7,4144.2,1565
2026-08-04T21:30:00+05:30,4144.4,4145.7,4141.2,4141.9,1608
2026-08-04T21:45:00+05:30,4142,4147,4139.7,4144.7,1073
2026-08-04T22:00:00+05:30,4144.6,4146.3,4141.6,4146,1005
2026-08-04T22:15:00+05:30,4145.9,4150.7,4145.6,4150.4,1347
2026-08-04T22:30:00+05:30,4150.2,4163.8,4149.4,4157.1,3818
2026-08-04T22:45:00+05:30,4157.3,4158.5,4151.1,4151.9,2403
2026-08-04T23:00:00+05:30,4151.8,4153.3,4148.8,4152.6,964
2026-08-04T23:15:00+05:30,4152.7,4153.5,4143,4143.1,1583
2026-08-04T23:30:00+05:30,4142.8,4145.8,4141.7,4145.2,932
2026-08-04T23:45:00+05:30,4145.1,4146,4141.2,4141.4,763
2026-08-05T00:00:00+05:30,4141.6,4142.7,4133.2,4133.5,1381
2026-08-05T00:15:00+05:30,4133.5,4138.1,4132.1,4136.8,844
2026-08-05T00:30:00+05:30,4136.6,4141.3,4135.7,4138.7,1251
2026-08-05T00:45:00+05:30,4138.9,4141.9,4136,4137.3,892
2026-08-05T01:00:00+05:30,4137.2,4139.6,4136,4138.2,307
2026-08-05T01:15:00+05:30,4138.2,4139.1,4133.3,4135.3,646
2026-08-05T01:30:00+05:30,4135.6,4137.3,4135.1,4136.1,296
2026-08-05T01:45:00+05:30,4135.8,4135.8,4131.4,4132.2,286
2026-08-05T02:00:00+05:30,4132.1,4135.7,4132,4134.6,166
2026-08-05T02:15:00+05:30,4134.3,4135.2,4132.7,4134.2,199
2026-08-05T03:30:00+05:30,4133.8,4135.5,4132.7,4133.4,222
2026-08-05T03:45:00+05:30,4133.2,4136.1,4132.1,4135.6,848
2026-08-05T04:00:00+05:30,4136,4142.1,4135.3,4140.6,933
2026-08-05T04:15:00+05:30,4140.8,4140.8,4132.4,4132.5,927
2026-08-05T04:30:00+05:30,4132.8,4134,4125.5,4130,1520
2026-08-05T04:45:00+05:30,4129.9,4131.4,4121.6,4123.7,976
2026-08-05T05:00:00+05:30,4123.2,4126.2,4122.1,4125.3,333
2026-08-05T05:15:00+05:30,4125.2,4129.5,4125.2,4128.7,366
2026-08-05T05:30:00+05:30,4128.6,4130.1,4126.3,4127.9,312
2026-08-05T05:45:00+05:30,4127.8,4134.9,4127.4,4134.6,414
2026-08-05T06:00:00+05:30,4134.9,4139.1,4133.9,4133.9,579
2026-08-05T06:15:00+05:30,4134.2,4139.3,4133.5,4138.2,285
2026-08-05T06:30:00+05:30,4138.5,4142.7,4133.4,4141.9,1017
2026-08-05T06:45:00+05:30,4141.9,4144.7,4138.2,4139.8,667
2026-08-05T07:00:00+05:30,4140.5,4148.9,4135.7,4148.7,701
2026-08-05T07:15:00+05:30,4148.4,4158.5,4148.4,4157.2,944
2026-08-05T07:30:00+05:30,4157.2,4158.9,4152.2,4156.2,1066
2026-08-05T07:45:00+05:30,4156.1,4165,4151.8,4160.1,1832
2026-08-05T08:00:00+05:30,4160.5,4186.1,4158.2,4185.5,4253
2026-08-05T08:15:00+05:30,4185.7,4192.6,4181.2,4186.2,2924
2026-08-05T08:30:00+05:30,4186.5,4193.5,4184.3,4192.8,1459
2026-08-05T08:45:00+05:30,4193.3,4193.8,4187.1,4187.7,968
2026-08-05T09:00:00+05:30,4187.8,4188.3,4185,4185.9,757
2026-08-05T09:15:00+05:30,4186.1,4187.8,4185,4185.9,491
2026-08-05T09:30:00+05:30,4186.1,4199.5,4186,4196.4,2221
2026-08-05T09:45:00+05:30,4196.3,4198.7,4195.5,4196.5,992
2026-08-05T10:00:00+05:30,4196.5,4196.5,4191,4192.4,823
2026-08-05T10:15:00+05:30,4192.3,4194,4189.9,4193.4,1026
2026-08-05T10:30:00+05:30,4193.3,4196.2,4192.7,4195.4,789
2026-08-05T10:45:00+05:30,4195.3,4200.4,4193.5,4197.9,1228
2026-08-05T11:00:00+05:30,4198,4219.8,4197.9,4218.2,5913
2026-08-05T11:15:00+05:30,4217.7,4233,4217.4,4222.2,6060
2026-08-05T11:30:00+05:30,4222.4,4234.3,4220.2,4233,2888
2026-08-05T11:45:00+05:30,4232.8,4233.4,4221.2,4228.4,2510
2026-08-05T12:00:00+05:30,4228.3,4237.8,4226.7,4234.9,2352
2026-08-05T12:15:00+05:30,4235,4237.4,4231.5,4237.1,1922
2026-08-05T12:30:00+05:30,4236.7,4238.5,4225,4225.3,2238
2026-08-05T12:45:00+05:30,4225.4,4228.4,4221.8,4223.3,1552
2026-08-05T13:00:00+05:30,4223.5,4225.9,4220.9,4225.5,1191
2026-08-05T13:15:00+05:30,4225.7,4231,4223.3,4229.9,1272
2026-08-05T13:30:00+05:30,4229.9,4231.5,4223.3,4224.2,1097
2026-08-05T13:45:00+05:30,4224.7,4226.9,4221,4223.8,1104
2026-08-05T14:00:00+05:30,4223.9,4227.1,4220.9,4225.7,1587
2026-08-05T14:15:00+05:30,4225.7,4226.1,4218.4,4219.7,1347
2026-08-05T14:30:00+05:30,4220,4226.9,4219.8,4222.7,1259
2026-08-05T14:45:00+05:30,4222.4,4222.4,4214.6,4216.6,1669
2026-08-05T15:00:00+05:30,4216.6,4218.7,4213,4217.3,1848
2026-08-05T15:15:00+05:30,4217.2,4218.4,4211.8,4216.9,1413
2026-08-05T15:30:00+05:30,4216.8,4217,4209.3,4210,881
2026-08-05T15:45:00+05:30,4209.9,4217.3,4209.1,4215.8,1285
2026-08-05T16:00:00+05:30,4216.1,4216.8,4212.7,4213.9,813
2026-08-05T16:15:00+05:30,4214.2,4220.7,4213,4220.4,1232
2026-08-05T16:30:00+05:30,4220.6,4230.4,4219.8,4229.6,1601
2026-08-05T16:45:00+05:30,4230.4,4240.4,4228.7,4235.5,3120
2026-08-05T17:00:00+05:30,4235.6,4248.8,4233.4,4244.6,5793
2026-08-05T17:15:00+05:30,4244.9,4252.2,4242.8,4248.5,2376
2026-08-05T17:30:00+05:30,4248.5,4259.7,4248.5,4258.3,4668
2026-08-05T17:45:00+05:30,4258.4,4273.6,4258.4,4265.1,5921
2026-08-05T18:00:00+05:30,4265.3,4268.9,4253,4254.6,4009
2026-08-05T18:15:00+05:30,4255,4255.7,4243.1,4244.1,2707
2026-08-05T18:30:00+05:30,4243.9,4257.2,4243.8,4247.6,4931
2026-08-05T18:45:00+05:30,4247.8,4258.3,4245.3,4257.4,2980
2026-08-05T19:00:00+05:30,4257.4,4264.8,4252.8,4257.6,4782
2026-08-05T19:15:00+05:30,4257.9,4266.7,4248.7,4265.8,3494
2026-08-05T19:30:00+05:30,4265.1,4295,4263.1,4289.6,8720
2026-08-05T19:45:00+05:30,4289.8,4300.6,4286.6,4297.1,4778
2026-08-05T20:00:00+05:30,4296.7,4303.5,4288.7,4303.4,4851
2026-08-05T20:15:00+05:30,4303.4,4307.8,4293.2,4304.3,4565
2026-08-05T20:30:00+05:30,4303.9,4321.5,4302.4,4318.2,6160
2026-08-05T20:45:00+05:30,4318,4325.5,4310.3,4317.5,4036
2026-08-05T21:00:00+05:30,4317.6,4319.9,4312.4,4316,1937
2026-08-05T21:15:00+05:30,4315.7,4315.7,4292.7,4293,5478
2026-08-05T21:30:00+05:30,4293.6,4296.5,4285,4294.6,4127
2026-08-05T21:45:00+05:30,4294.6,4302.6,4292.9,4301.6,2296
2026-08-05T22:00:00+05:30,4301.9,4307.4,4299.3,4304.9,1746
2026-08-05T22:15:00+05:30,4305.2,4308.1,4298.6,4302.8,2103
2026-08-05T22:30:00+05:30,4302.9,4304.9,4299.7,4302.4,2183
2026-08-05T22:45:00+05:30,4302.3,4307,4296.2,4305,3786
2026-08-05T23:00:00+05:30,4304.9,4311.5,4301.1,4308.5,1568
2026-08-05T23:15:00+05:30,4308.7,4313,4307.9,4310.5,1446
2026-08-05T23:30:00+05:30,4310.3,4318.4,4309.6,4314,1458
2026-08-05T23:45:00+05:30,4313.8,4328.2,4313.7,4323.8,2357
2026-08-06T00:00:00+05:30,4323.2,4324.5,4314.6,4319.5,1574
2026-08-06T00:15:00+05:30,4319.7,4324,4318.3,4321.2,818
2026-08-06T00:30:00+05:30,4321,4322.7,4316.6,4318.9,739
2026-08-06T00:45:00+05:30,4318.8,4318.8,4311.2,4314,1186
2026-08-06T01:00:00+05:30,4313.7,4314.9,4308.8,4313.7,1044
2026-08-06T01:15:00+05:30,4313.3,4313.9,4307,4307.6,1455
2026-08-06T01:30:00+05:30,4307.9,4310.4,4307.4,4310.1,376
2026-08-06T01:45:00+05:30,4310.1,4310.4,4306.2,4306.6,302
2026-08-06T02:00:00+05:30,4306.8,4310.3,4305.8,4306.3,324
2026-08-06T02:15:00+05:30,4306.2,4308.2,4303.5,4308,633
2026-08-06T03:30:00+05:30,4307,4315.2,4304.9,4307,575
2026-08-06T03:45:00+05:30,4307.9,4308.7,4306.8,4308.2,296
2026-08-06T04:00:00+05:30,4307.6,4310.2,4307.2,4307.2,338
2026-08-06T04:15:00+05:30,4307.5,4309.5,4307,4309.5,252
2026-08-06T04:30:00+05:30,4309.4,4317.5,4308.3,4315,672
2026-08-06T04:45:00+05:30,4315.4,4323.2,4315.4,4322.2,781
2026-08-06T05:00:00+05:30,4322.5,4341.1,4319.8,4339.6,2418
2026-08-06T05:15:00+05:30,4339.8,4339.8,4331,4337.3,1173
2026-08-06T05:30:00+05:30,4337.2,4337.2,4323.5,4329.5,2142
2026-08-06T05:45:00+05:30,4330.4,4344.2,4330.3,4334,2033
2026-08-06T06:00:00+05:30,4333.6,4350.3,4333.6,4345.4,1877
2026-08-06T06:15:00+05:30,4345.9,4360,4345.7,4354.7,2753
2026-08-06T06:30:00+05:30,4354.6,4362.7,4339.3,4343.6,4195
2026-08-06T06:45:00+05:30,4344,4347.5,4332.5,4335.8,3252
2026-08-06T07:00:00+05:30,4335.5,4357.1,4335.3,4347.9,2836
2026-08-06T07:15:00+05:30,4348.2,4357.8,4343.3,4346.9,2337
2026-08-06T07:30:00+05:30,4346.7,4363.7,4344,4354.5,2484
2026-08-06T07:45:00+05:30,4354.8,4359.2,4350.8,4351.1,799
2026-08-06T08:00:00+05:30,4350.9,4351.5,4339.8,4344.7,1494
2026-08-06T08:15:00+05:30,4344.4,4346.1,4334,4337.8,1134
2026-08-06T08:30:00+05:30,4337.2,4340,4332.9,4332.9,969
2026-08-06T08:45:00+05:30,4332.8,4333.2,4320.2,4325.5,2121
2026-08-06T09:00:00+05:30,4325.2,4326.5,4321,4321.9,685
2026-08-06T09:15:00+05:30,4322.4,4325,4319.6,4324.3,546
2026-08-06T09:30:00+05:30,4324.5,4326.1,4321.1,4322.2,914
2026-08-06T09:45:00+05:30,4322.5,4322.9,4312.2,4315,953
2026-08-06T10:00:00+05:30,4315.1,4320.8,4315.1,4318.3,538
2026-08-06T10:15:00+05:30,4318,4322.1,4318,4321.4,438
2026-08-06T10:30:00+05:30,4321.3,4324.5,4315.8,4319.1,788
2026-08-06T10:45:00+05:30,4318.7,4318.8,4312.1,4312.9,580
2026-08-06T11:00:00+05:30,4312.7,4325.1,4306.2,4322.8,1797
2026-08-06T11:15:00+05:30,4322.1,4327.5,4321.2,4326,961
2026-08-06T11:30:00+05:30,4325.8,4327.5,4315.7,4319.3,1382
2026-08-06T11:45:00+05:30,4319.6,4320.1,4313.4,4316.3,1241
2026-08-06T12:00:00+05:30,4316.4,4316.7,4308.2,4315.4,917
2026-08-06T12:15:00+05:30,4315.1,4317,4309.6,4314.7,940
2026-08-06T12:30:00+05:30,4314.7,4322.5,4311.9,4322,1037
2026-08-06T12:45:00+05:30,4321.9,4324,4317,4321,1143
2026-08-06T13:00:00+05:30,4320.7,4321,4313.8,4314,609
2026-08-06T13:15:00+05:30,4314.1,4322.1,4311.7,4321.7,1187
2026-08-06T13:30:00+05:30,4322,4328.7,4319.4,4328.1,1168
2026-08-06T13:45:00+05:30,4327.8,4329.8,4322.9,4327.3,1334
2026-08-06T14:00:00+05:30,4327.2,4334,4325.8,4332,1192
2026-08-06T14:15:00+05:30,4332.1,4337.7,4329.4,4337.1,895
2026-08-06T14:30:00+05:30,4337.2,4342.4,4334.7,4338.4,1459
2026-08-06T14:45:00+05:30,4339,4344.2,4337.6,4341.9,990
2026-08-06T15:00:00+05:30,4342.3,4343.4,4331.4,4331.4,1552
2026-08-06T15:15:00+05:30,4331.4,4335.4,4330.4,4332.6,642
2026-08-06T15:30:00+05:30,4332.6,4333.1,4328.1,4329,685
2026-08-06T15:45:00+05:30,4328.7,4330.4,4326.6,4328.4,696
2026-08-06T16:00:00+05:30,4328.9,4329.2,4322.8,4324.5,914
2026-08-06T16:15:00+05:30,4324.5,4330.9,4324,4330,560
2026-08-06T16:30:00+05:30,4330,4332.5,4325.4,4328.5,791
2026-08-06T16:45:00+05:30,4328.3,4330.7,4318.5,4323.4,1406
2026-08-06T17:00:00+05:30,4323.4,4326.1,4318.4,4319.1,1119
2026-08-06T17:15:00+05:30,4319.2,4323,4312.7,4322.6,2445
2026-08-06T17:30:00+05:30,4322.2,4324.7,4314.4,4314.9,1385
2026-08-06T17:45:00+05:30,4315,4321.7,4311.7,4320.8,1635
2026-08-06T18:00:00+05:30,4320.6,4330.1,4316.7,4326,2817
2026-08-06T18:15:00+05:30,4326.2,4326.6,4307,4308.6,3812
2026-08-06T18:30:00+05:30,4308.5,4314.2,4288.4,4296.7,7045
2026-08-06T18:45:00+05:30,4296.5,4306.4,4294,4305.9,2964
2026-08-06T19:00:00+05:30,4305.8,4332.9,4304.3,4328.9,6841
2026-08-06T19:15:00+05:30,4329.1,4329.1,4320.8,4325.9,3298
2026-08-06T19:30:00+05:30,4326.1,4334.7,4323.2,4327.3,4221
2026-08-06T19:45:00+05:30,4327.6,4328.1,4318.9,4324.8,3283
2026-08-06T20:00:00+05:30,4324.7,4334.1,4324.7,4333.1,1929
2026-08-06T20:15:00+05:30,4332.6,4334.6,4321.8,4332.2,1843
2026-08-06T20:30:00+05:30,4332.2,4333.6,4320.5,4322.7,3411
2026-08-06T20:45:00+05:30,4322.5,4322.8,4309.3,4313.4,3903
2026-08-06T21:00:00+05:30,4313.7,4314.2,4303.9,4309.9,2699
2026-08-06T21:15:00+05:30,4309.8,4310.1,4285.2,4291.5,4557
2026-08-06T21:30:00+05:30,4291.8,4300.8,4288.3,4290.6,3184
2026-08-06T21:45:00+05:30,4290.4,4290.7,4281.2,4288.2,4010
2026-08-06T22:00:00+05:30,4288.3,4294,4288.1,4291.5,1948
2026-08-06T22:15:00+05:30,4291.3,4300.6,4289.9,4299.4,1899
2026-08-06T22:30:00+05:30,4299.6,4303,4297.6,4299.2,1183
2026-08-06T22:45:00+05:30,4299.2,4301.3,4297.1,4300.5,1796
2026-08-06T23:00:00+05:30,4300.2,4302.3,4297.1,4300.5,959
2026-08-06T23:15:00+05:30,4300.3,4307,4299.1,4305.8,1259
2026-08-06T23:30:00+05:30,4305.9,4307.6,4302.6,4304.8,583
2026-08-06T23:45:00+05:30,4305.4,4308,4304.4,4305.1,469
2026-08-07T00:00:00+05:30,4305,4306,4299.2,4300.2,695
2026-08-07T00:15:00+05:30,4300.3,4304.3,4299.5,4302.2,376
2026-08-07T00:30:00+05:30,4302.1,4309.8,4301.8,4305.9,852
2026-08-07T00:45:00+05:30,4306.1,4307.1,4294.2,4296.5,1382
2026-08-07T01:00:00+05:30,4296.6,4298.6,4292,4293.5,734
2026-08-07T01:15:00+05:30,4293.9,4309.3,4293.9,4307.8,1662
2026-08-07T01:30:00+05:30,4307.7,4309.1,4301.7,4303.5,561
2026-08-07T01:45:00+05:30,4303.8,4304.4,4298.6,4300.8,471
2026-08-07T02:00:00+05:30,4300.5,4301.2,4294.1,4294.2,365
2026-08-07T02:15:00+05:30,4294,4300.7,4293.6,4298.7,420
2026-08-07T03:30:00+05:30,4298.3,4298.9,4293.9,4297.1,365
2026-08-07T03:45:00+05:30,4297,4301.8,4297,4301.2,362
2026-08-07T04:00:00+05:30,4300.9,4301.7,4297.1,4297.1,325
2026-08-07T04:15:00+05:30,4297.5,4301.2,4296.9,4298.3,175
2026-08-07T04:30:00+05:30,4298.6,4304.3,4298.4,4303.6,315
2026-08-07T04:45:00+05:30,4304,4304.9,4301.4,4303.7,321
2026-08-07T05:00:00+05:30,4303.5,4307.1,4303.3,4305.5,472
2026-08-07T05:15:00+05:30,4305.7,4311.8,4304.5,4311,799
2026-08-07T05:30:00+05:30,4310.7,4311.4,4301.7,4303.2,417
2026-08-07T05:45:00+05:30,4303.3,4304.7,4297.5,4302.1,752
2026-08-07T06:00:00+05:30,4302,4302,4288.2,4292.8,1245
2026-08-07T06:15:00+05:30,4293.2,4295.2,4288,4291.2,651
2026-08-07T06:30:00+05:30,4290.9,4305.1,4289.8,4302.4,1130
2026-08-07T06:45:00+05:30,4302.3,4308.4,4298.7,4302.1,776
2026-08-07T07:00:00+05:30,4302.1,4316.8,4297.7,4315,1565
2026-08-07T07:15:00+05:30,4314.8,4317.5,4310,4314.7,1027
2026-08-07T07:30:00+05:30,4314.6,4320.8,4314,4317.2,1408
2026-08-07T07:45:00+05:30,4317.1,4319.7,4315.7,4319.4,535
2026-08-07T08:00:00+05:30,4319.9,4320.4,4308.4,4308.4,951
2026-08-07T08:15:00+05:30,4308.2,4314.8,4305.4,4309.1,1160
2026-08-07T08:30:00+05:30,4309.1,4318.1,4308.3,4313.5,558
2026-08-07T08:45:00+05:30,4313.6,4317.3,4310.6,4317.3,982
2026-08-07T09:00:00+05:30,4317.4,4320.4,4316.6,4319.6,456
2026-08-07T09:15:00+05:30,4319.9,4325.3,4318.3,4325.3,992
2026-08-07T09:30:00+05:30,4325.3,4328.3,4321.3,4325.4,1327
2026-08-07T09:45:00+05:30,4325.4,4328.4,4321.1,4324.4,863
2026-08-07T10:00:00+05:30,4324.3,4327.8,4320.2,4323.2,673
2026-08-07T10:15:00+05:30,4322.9,4326.2,4321.4,4324.1,286
2026-08-07T10:30:00+05:30,4324.1,4330.4,4320.4,4329,1158
2026-08-07T10:45:00+05:30,4328.6,4329.9,4323.8,4325.7,626
2026-08-07T11:00:00+05:30,4325.9,4336.6,4325.3,4330.6,1779
2026-08-07T11:15:00+05:30,4330.7,4340,4330.7,4337.7,1767
2026-08-07T11:30:00+05:30,4337.7,4350,4337.1,4345.4,1899
2026-08-07T11:45:00+05:30,4345.1,4350.2,4341.7,4341.7,2359
2026-08-07T12:00:00+05:30,4341.9,4354.2,4338.6,4351.3,2524
2026-08-07T12:15:00+05:30,4351,4358,4347.8,4356.3,2435
2026-08-07T12:30:00+05:30,4356.2,4356.9,4349.1,4350.3,1527
2026-08-07T12:45:00+05:30,4350.5,4351.6,4343.8,4344.3,1317
2026-08-07T13:00:00+05:30,4344.5,4348,4343.1,4344.2,1017
2026-08-07T13:15:00+05:30,4344.3,4350.2,4342,4348.9,899
2026-08-07T13:30:00+05:30,4349.2,4359.9,4347.9,4358.8,1837
2026-08-07T13:45:00+05:30,4359.2,4360,4352.3,4353.8,1249
2026-08-07T14:00:00+05:30,4354,4375.9,4353.4,4367.7,3482
2026-08-07T14:15:00+05:30,4368.3,4370.5,4362.7,4365.4,1280
2026-08-07T14:30:00+05:30,4365.6,4367,4363.6,4365.3,862
2026-08-07T14:45:00+05:30,4365.4,4370.7,4364.4,4365.9,1167
2026-08-07T15:00:00+05:30,4366.4,4377.8,4361.6,4376.6,2521
2026-08-07T15:15:00+05:30,4376.8,4380.1,4373.9,4375.6,2884
2026-08-07T15:30:00+05:30,4375.8,4379,4367.2,4367.2,1473
2026-08-07T15:45:00+05:30,4367.5,4373.7,4367.3,4373.1,911
2026-08-07T16:00:00+05:30,4373.1,4377.7,4372.4,4376.2,1010
2026-08-07T16:15:00+05:30,4376.4,4380.2,4375.6,4376.4,1373
2026-08-07T16:30:00+05:30,4376.3,4385.7,4376.3,4379.5,2073
2026-08-07T16:45:00+05:30,4379.8,4386.7,4376,4384.4,2129
2026-08-07T17:00:00+05:30,4384.5,4387.1,4380.2,4382.2,1598
2026-08-07T17:15:00+05:30,4382,4386.5,4380.1,4380.8,1942
2026-08-07T17:30:00+05:30,4380.6,4384.8,4374.1,4374.7,2734
2026-08-07T17:45:00+05:30,4374.3,4376.6,4361,4370.8,3806
2026-08-07T18:00:00+05:30,4373,4431.4,4370.8,4427.4,15027
2026-08-07T18:15:00+05:30,4427.7,4432.3,4416.1,4421.9,5293
2026-08-07T18:30:00+05:30,4421.6,4424.6,4405.5,4407.9,4662
2026-08-07T18:45:00+05:30,4407.9,4418.2,4398.9,4416.8,3732
2026-08-07T19:00:00+05:30,4416.8,4428.8,4409.7,4418.6,6227
2026-08-07T19:15:00+05:30,4418.8,4420.6,4402.5,4408.3,4626
2026-08-07T19:30:00+05:30,4408.4,4409.5,4386.9,4394,6580
2026-08-07T19:45:00+05:30,4393.8,4413,4390,4408.7,4660
2026-08-07T20:00:00+05:30,4409.1,4411,4402.3,4404.3,3570
2026-08-07T20:15:00+05:30,4404.8,4409,4400.1,4401.3,2226
2026-08-07T20:30:00+05:30,4401.4,4416,4400,4415,3937
2026-08-07T20:45:00+05:30,4415.5,4418.1,4410.5,4410.8,2356
2026-08-07T21:00:00+05:30,4410.9,4413.3,4406.6,4408.7,1805
2026-08-07T21:15:00+05:30,4408.8,4410.8,4398.9,4400.4,2391
2026-08-07T21:30:00+05:30,4400.4,4409.2,4397.9,4407,1854
2026-08-07T21:45:00+05:30,4407.2,4409.4,4393.8,4396.9,2071
2026-08-07T22:00:00+05:30,4396.8,4401.6,4391.9,4398.3,1944
2026-08-07T22:15:00+05:30,4398.1,4402,4388.8,4389.5,2154
2026-08-07T22:30:00+05:30,4388.7,4398.1,4387.4,4395.2,1257
2026-08-07T22:45:00+05:30,4395,4401.7,4393.2,4398.9,2711
2026-08-07T23:00:00+05:30,4399.1,4399.5,4389,4395.7,1811
2026-08-07T23:15:00+05:30,4395.3,4402.5,4394.2,4400,1418
2026-08-07T23:30:00+05:30,4399.8,4403,4394.6,4394.8,962
2026-08-07T23:45:00+05:30,4395,4398,4391.9,4394.1,1127
2026-08-08T00:00:00+05:30,4394.3,4399,4393.3,4394.1,913
2026-08-08T00:15:00+05:30,4394.4,4397.5,4393.4,4395.6,756
2026-08-08T00:30:00+05:30,4395.7,4406.3,4395.7,4403.7,1254
2026-08-08T00:45:00+05:30,4404,4410.6,4403.3,4408.4,1007
2026-08-08T01:00:00+05:30,4408.6,4408.9,4404.4,4407.8,938
2026-08-08T01:15:00+05:30,4407.5,4409,4399.6,4403.1,1522
2026-08-08T01:30:00+05:30,4403,4404.6,4397.5,4401.8,760
2026-08-08T01:45:00+05:30,4401.7,4402.2,4396.5,4397.3,825
2026-08-08T02:00:00+05:30,4396.9,4401.6,4395.3,4400.8,335
2026-08-08T02:15:00+05:30,4400.5,4402.6,4398.4,4401.3,566
2026-08-10T03:30:00+05:30,4400,4411.5,4392.1,4402.3,1320
2026-08-10T03:45:00+05:30,4402.3,4404.1,4397,4402.9,439
2026-08-10T04:00:00+05:30,4402.9,4404.4,4398.6,4398.9,217
2026-08-10T04:15:00+05:30,4398.8,4403,4398.7,4400.2,181
2026-08-10T04:30:00+05:30,4400.4,4406.8,4399.5,4405.3,387
2026-08-10T04:45:00+05:30,4405.7,4408,4403.1,4405.5,310
2026-08-10T05:00:00+05:30,4405.5,4406.5,4398.9,4401.1,479
2026-08-10T05:15:00+05:30,4400.7,4402.2,4390.8,4392,392
2026-08-10T05:30:00+05:30,4391.9,4406,4391.4,4403.4,608
2026-08-10T05:45:00+05:30,4403.7,4404.7,4396.1,4396.7,501
2026-08-10T06:00:00+05:30,4396.6,4398.1,4392.4,4393.3,391
2026-08-10T06:15:00+05:30,4393,4396.2,4389.8,4391.3,490
2026-08-10T06:30:00+05:30,4391.5,4400,4382,4382.9,3128
2026-08-10T06:45:00+05:30,4383.5,4388.8,4376.7,4376.9,2506
2026-08-10T07:00:00+05:30,4376.7,4381.2,4373.9,4377.9,1097
2026-08-10T07:15:00+05:30,4378,4384.3,4376.4,4383,916
2026-08-10T07:30:00+05:30,4382.8,4386.6,4379.7,4385.1,717
2026-08-10T07:45:00+05:30,4385,4392.1,4384,4390.9,743
2026-08-10T08:00:00+05:30,4391,4392.5,4383.4,4386.6,951
2026-08-10T08:15:00+05:30,4386.8,4387.4,4379,4380,859
2026-08-10T08:30:00+05:30,4379.6,4381.1,4377.4,4379.9,371
2026-08-10T08:45:00+05:30,4380,4388.3,4379.8,4387.9,945
2026-08-10T09:00:00+05:30,4387.7,4390.3,4385.4,4386,502
2026-08-10T09:15:00+05:30,4385.8,4388.7,4384.6,4387.3,309
2026-08-10T09:30:00+05:30,4387.7,4393.2,4383.6,4392.6,1009
2026-08-10T09:45:00+05:30,4392.8,4397.8,4391.3,4394.5,761
2026-08-10T10:00:00+05:30,4394.9,4396.6,4389.8,4392.1,583
2026-08-10T10:15:00+05:30,4392.1,4399.8,4391.2,4399.5,1001
2026-08-10T10:30:00+05:30,4399.1,4399.7,4393.2,4394.7,752
2026-08-10T10:45:00+05:30,4395.1,4396,4392.6,4393.7,393
2026-08-10T11:00:00+05:30,4393.5,4404.4,4391.5,4403.9,1541
2026-08-10T11:15:00+05:30,4403.5,4412.5,4400.8,4407,1481
2026-08-10T11:30:00+05:30,4407.3,4409.9,4401.5,4407,866
2026-08-10T11:45:00+05:30,4407.2,4409.6,4402.3,4407.7,849
2026-08-10T12:00:00+05:30,4407.6,4415.2,4405.3,4414.6,1688
2026-08-10T12:15:00+05:30,4415,4419.5,4414.6,4417.8,851
2026-08-10T12:30:00+05:30,4417.8,4418.4,4409.4,4410.3,1093
2026-08-10T12:45:00+05:30,4410.5,4418.5,4409.7,4414.5,1271
2026-08-10T13:00:00+05:30,4414.3,4419.5,4412,4418.7,977
2026-08-10T13:15:00+05:30,4418.6,4421.5,4414,4414.7,781
2026-08-10T13:30:00+05:30,4415,4415.5,4411.1,4414,509
2026-08-10T13:45:00+05:30,4413.5,4415.7,4411.4,4415.1,593
2026-08-10T14:00:00+05:30,4414.8,4416,4404.7,4405.3,1102
2026-08-10T14:15:00+05:30,4405.2,4408.3,4402.9,4405.6,1710
2026-08-10T14:30:00+05:30,4405.6,4409.2,4404.6,4408.9,1364
2026-08-10T14:45:00+05:30,4409,4409,4404.1,4406.1,699
2026-08-10T15:00:00+05:30,4405.7,4406.1,4398.4,4403.3,1940
2026-08-10T15:15:00+05:30,4403.2,4404.8,4399.8,4400.1,546
2026-08-10T15:30:00+05:30,4400.4,4400.8,4398.2,4399.9,795
2026-08-10T15:45:00+05:30,4399.7,4403.2,4398.5,4402.6,556
2026-08-10T16:00:00+05:30,4402.7,4403.3,4396.7,4396.9,641
2026-08-10T16:15:00+05:30,4396.8,4400,4394.6,4395.2,1088
2026-08-10T16:30:00+05:30,4395.3,4396,4386.3,4390.5,1425
2026-08-10T16:45:00+05:30,4390.1,4395.7,4388,4394,725
2026-08-10T17:00:00+05:30,4393.7,4398.5,4393.7,4396.5,759
2026-08-10T17:15:00+05:30,4396.6,4397,4391.2,4393.9,621
2026-08-10T17:30:00+05:30,4393.8,4396.4,4389.6,4390.4,894
2026-08-10T17:45:00+05:30,4390.7,4391.2,4382.8,4386.5,1296
2026-08-10T18:00:00+05:30,4386.4,4391.5,4385.2,4387.9,1298
2026-08-10T18:15:00+05:30,4387.6,4394.6,4387.3,4391.6,894
2026-08-10T18:30:00+05:30,4391.1,4396.6,4384.8,4396.1,1772
2026-08-10T18:45:00+05:30,4396.4,4396.5,4387.9,4394,1251
2026-08-10T19:00:00+05:30,4394,4398.4,4388,4389.2,2003
2026-08-10T19:15:00+05:30,4388.8,4390.2,4375,4376.3,3735
2026-08-10T19:30:00+05:30,4376.2,4390,4376.2,4388.8,2636
2026-08-10T19:45:00+05:30,4388.7,4407.2,4387.3,4404.4,4306
2026-08-10T20:00:00+05:30,4404.3,4411.3,4404,4409.1,3017
2026-08-10T20:15:00+05:30,4409.2,4410.6,4402.4,4405.2,1808
2026-08-10T20:30:00+05:30,4405.2,4411.8,4402.7,4406.4,2369
2026-08-10T20:45:00+05:30,4406.4,4412.2,4405.5,4408.8,1634
2026-08-10T21:00:00+05:30,4409,4411.6,4407.4,4409.5,1200
2026-08-10T21:15:00+05:30,4410,4419.2,4408,4417.9,1872
2026-08-10T21:30:00+05:30,4418.1,4424.5,4416.4,4420.9,2377
2026-08-10T21:45:00+05:30,4420.9,4424,4420.5,4422.1,748
2026-08-10T22:00:00+05:30,4422.2,4422.5,4408.6,4411,2972
2026-08-10T22:15:00+05:30,4411,4416.5,4411,4416.3,836
2026-08-10T22:30:00+05:30,4416.4,4417.3,4410.5,4416.5,1204
2026-08-10T22:45:00+05:30,4416.1,4420.5,4415.1,4420.3,1291
2026-08-10T23:00:00+05:30,4420.2,4425.2,4418.9,4419.6,1147
2026-08-10T23:15:00+05:30,4419.5,4420.6,4416.6,4419.2,721
2026-08-10T23:30:00+05:30,4419.4,4424.8,4418.8,4422.3,791
2026-08-10T23:45:00+05:30,4422,4426.5,4420.7,4425,945
2026-08-11T00:00:00+05:30,4425.2,4442.5,4424.5,4438.7,3461
2026-08-11T00:15:00+05:30,4438.9,4438.9,4432.8,4437.7,977
2026-08-11T00:30:00+05:30,4437.8,4441.9,4437.8,4441.3,860
2026-08-11T00:45:00+05:30,4441.2,4450.7,4440.5,4449.7,2114
2026-08-11T01:00:00+05:30,4449.8,4453.1,4443.3,4446.5,1871
2026-08-11T01:15:00+05:30,4447.2,4453.8,4445.9,4446.8,1783
2026-08-11T01:30:00+05:30,4447,4449.6,4444.7,4448.2,554
2026-08-11T01:45:00+05:30,4448.6,4451.1,4445.5,4450.2,436
2026-08-11T02:00:00+05:30,4450.3,4451.3,4448.9,4449.1,283
2026-08-11T02:15:00+05:30,4448.9,4450,4447.6,4448.6,401
2026-08-11T03:30:00+05:30,4446.9,4452.3,4443.2,4450.1,380
2026-08-11T03:45:00+05:30,4450.5,4452.6,4450.5,4451,156
2026-08-11T04:00:00+05:30,4451.3,4455.6,4451.3,4454.6,442
2026-08-11T04:15:00+05:30,4454.5,4460.4,4454.5,4459,610
2026-08-11T04:30:00+05:30,4459.1,4461.6,4455.2,4457,938
2026-08-11T04:45:00+05:30,4456.7,4457,4453.9,4455.1,266
2026-08-11T05:00:00+05:30,4454.9,4458.5,4454.4,4458,355
2026-08-11T05:15:00+05:30,4458.4,4462.4,4455.7,4462.1,462
2026-08-11T05:30:00+05:30,4462.3,4468.6,4456,4464.8,1532
2026-08-11T05:45:00+05:30,4464.6,4475.5,4463.8,4473.5,1389
2026-08-11T06:00:00+05:30,4473.1,4473.3,4466.5,4473.2,1006
2026-08-11T06:15:00+05:30,4473.5,4478.6,4467.3,4468.5,1141
2026-08-11T06:30:00+05:30,4469,4475,4453,4473.9,2986
2026-08-11T06:45:00+05:30,4473.8,4480,4472.5,4479.2,1518
2026-08-11T07:00:00+05:30,4479.4,4483.1,4475.4,4475.5,1625
2026-08-11T07:15:00+05:30,4475.4,4493.7,4474.6,4489.2,2282
2026-08-11T07:30:00+05:30,4489.2,4494.5,4481,4494,1930
2026-08-11T07:45:00+05:30,4494,4495,4486,4488.5,1524
2026-08-11T08:00:00+05:30,4488.2,4489.1,4473.9,4478.6,1589
2026-08-11T08:15:00+05:30,4478.4,4479.3,4468,4470.8,1173
2026-08-11T08:30:00+05:30,4470.7,4475.2,4469.6,4473.5,620
2026-08-11T08:45:00+05:30,4473.4,4480.8,4473.1,4480,648
2026-08-11T09:00:00+05:30,4480.3,4481.4,4475.2,4475.7,447
2026-08-11T09:15:00+05:30,4475.8,4478.6,4473.7,4476.5,536
2026-08-11T09:30:00+05:30,4476.5,4479.2,4472,4473.7,660
2026-08-11T09:45:00+05:30,4474.3,4475.9,4469.7,4474.9,669
2026-08-11T10:00:00+05:30,4474.6,4480.3,4468.2,4469.9,1318
2026-08-11T10:15:00+05:30,4470,4471.2,4463.3,4468.7,1034
2026-08-11T10:30:00+05:30,4468.8,4468.9,4459,4462.1,777
2026-08-11T10:45:00+05:30,4461.6,4461.9,4450,4451.8,1603
2026-08-11T11:00:00+05:30,4451.6,4451.6,4432.2,4437.1,4180
2026-08-11T11:15:00+05:30,4436.9,4438.3,4427.1,4435.2,1979
2026-08-11T11:30:00+05:30,4434.7,4442,4431.3,4432.2,1842
2026-08-11T11:45:00+05:30,4432.1,4435.2,4421,4422.9,2294
2026-08-11T12:00:00+05:30,4422.8,4428.6,4418.8,4422.9,1705
2026-08-11T12:15:00+05:30,4422.9,4426.6,4418.7,4425.3,936
2026-08-11T12:30:00+05:30,4425.2,4426.5,4420.4,4422.4,1043
2026-08-11T12:45:00+05:30,4422.5,4425.2,4416.6,4422.2,1171
2026-08-11T13:00:00+05:30,4422.5,4424.1,4415.7,4417.5,767
2026-08-11T13:15:00+05:30,4417.8,4420.7,4415.8,4416.6,861
2026-08-11T13:30:00+05:30,4417.1,4426.5,4416.1,4424.3,1272
2026-08-11T13:45:00+05:30,4424.2,4428.4,4418,4427.7,1289
2026-08-11T14:00:00+05:30,4427.5,4434.6,4427.4,4433.3,1374
2026-08-11T14:15:00+05:30,4433.6,4435.5,4427.7,4428.1,1262
2026-08-11T14:30:00+05:30,4428,4431.8,4426.1,4431.2,738
2026-08-11T14:45:00+05:30,4431.2,4434.4,4429.5,4430.3,1221
2026-08-11T15:00:00+05:30,4430.5,4433.9,4428.8,4429.5,1176
2026-08-11T15:15:00+05:30,4429.2,4433.8,4429.1,4431.4,453
2026-08-11T15:30:00+05:30,4431.3,4435,4430,4431.7,521
2026-08-11T15:45:00+05:30,4431.7,4441,4431.2,4437.3,1083
2026-08-11T16:00:00+05:30,4437.3,4440.1,4435.5,4436.2,731
2026-08-11T16:15:00+05:30,4436.6,4441.2,4436.2,4441.2,669
2026-08-11T16:30:00+05:30,4441.1,4451.8,4439.1,4449.5,2745
2026-08-11T16:45:00+05:30,4449.8,4450.5,4443.6,4445.7,1046
2026-08-11T17:00:00+05:30,4445.9,4446.4,4441.4,4444.6,849
2026-08-11T17:15:00+05:30,4444.4,4448.1,4443.4,4446.1,1272
2026-08-11T17:30:00+05:30,4446.2,4456,4442.2,4455.1,2163
2026-08-11T17:45:00+05:30,4455.6,4458.4,4446.2,4449.2,3411
2026-08-11T18:00:00+05:30,4449.7,4457.3,4446.8,4456.9,2142
2026-08-11T18:15:00+05:30,4457,4458.8,4450.2,4450.6,1520
2026-08-11T18:30:00+05:30,4450.7,4459.7,4449.7,4452.8,2185
2026-08-11T18:45:00+05:30,4452.7,4459.9,4448.4,4457.2,1953
2026-08-11T19:00:00+05:30,4457.4,4460.9,4447.7,4458.7,3151
2026-08-11T19:15:00+05:30,4459.1,4463.3,4442.9,4448.2,3747
2026-08-11T19:30:00+05:30,4448.2,4449.3,4439.9,4445.6,3478
2026-08-11T19:45:00+05:30,4445.9,4449.3,4440.6,4443.1,1862
2026-08-11T20:00:00+05:30,4443,4454.8,4443,4453,2159
2026-08-11T20:15:00+05:30,4453,4457.4,4451.1,4453.6,1719
2026-08-11T20:30:00+05:30,4453.6,4458.2,4448.6,4451.4,1873
2026-08-11T20:45:00+05:30,4451.3,4451.6,4440.9,4445.8,2726
2026-08-11T21:00:00+05:30,4445.5,4445.8,4428.2,4435.1,3341
2026-08-11T21:15:00+05:30,4435.2,4443.4,4434.3,4443.2,1640
2026-08-11T21:30:00+05:30,4443.5,4444.4,4438.2,4439.6,970
2026-08-11T21:45:00+05:30,4439.4,4443.2,4438.2,4442.4,495
2026-08-11T22:00:00+05:30,4442.6,4445.3,4438.9,4444.4,680
2026-08-11T22:15:00+05:30,4444.5,4445,4440.6,4443.1,538
2026-08-11T22:30:00+05:30,4443.3,4445.7,4440.8,4440.9,712
2026-08-11T22:45:00+05:30,4440.6,4443.8,4438.3,4440.8,1676
2026-08-11T23:00:00+05:30,4440.6,4441.5,4433.9,4435.7,1006
2026-08-11T23:15:00+05:30,4435.3,4437.1,4428.2,4428.3,1126
2026-08-11T23:30:00+05:30,4428.5,4428.7,4419.7,4423.1,2156
2026-08-11T23:45:00+05:30,4423,4426.5,4419.7,4420.5,1300
2026-08-12T00:00:00+05:30,4420.4,4431,4420.3,4430.2,1027
2026-08-12T00:15:00+05:30,4430.4,4431.9,4428.9,4430.4,688
2026-08-12T00:30:00+05:30,4430.4,4431.2,4422.3,4422.4,1972
2026-08-12T00:45:00+05:30,4423,4430.2,4420,4429.7,1823
2026-08-12T01:00:00+05:30,4429.8,4433.6,4425.7,4427.1,1192
2026-08-12T01:15:00+05:30,4427.4,4432.1,4425.6,4429.7,990
2026-08-12T01:30:00+05:30,4429.3,4430,4427.1,4429.5,370
2026-08-12T01:45:00+05:30,4428.9,4430,4426.5,4429.3,217
2026-08-12T02:00:00+05:30,4429.5,4429.5,4426.6,4426.7,129
2026-08-12T02:15:00+05:30,4426.4,4428.3,4426.1,4427.8,162
2026-08-12T03:30:00+05:30,4430,4433.6,4427.8,4432.2,371
2026-08-12T03:45:00+05:30,4432.4,4435.2,4431.5,4434.9,673
2026-08-12T04:00:00+05:30,4434.9,4436.3,4433.5,4434.5,675
2026-08-12T04:15:00+05:30,4435,4437.8,4426.1,4427.9,1524
2026-08-12T04:30:00+05:30,4428.7,4428.7,4421.4,4425.4,1678
2026-08-12T04:45:00+05:30,4424.7,4433,4424,4431.6,1058
2026-08-12T05:00:00+05:30,4431.5,4431.6,4425.6,4426.7,469
2026-08-12T05:15:00+05:30,4427,4431,4427,4430.4,212
2026-08-12T05:30:00+05:30,4430.6,4438.4,4426,4437.5,713
2026-08-12T05:45:00+05:30,4437.3,4440.5,4433.2,4440,548
2026-08-12T06:00:00+05:30,4440.5,4442.9,4438.8,4442.4,673
2026-08-12T06:15:00+05:30,4442.3,4442.5,4437.2,4440.2,418
2026-08-12T06:30:00+05:30,4440.3,4450.2,4438,4449.6,1543
2026-08-12T06:45:00+05:30,4450.2,4454,4446.2,4450,986
2026-08-12T07:00:00+05:30,4450.1,4452.9,4444.7,4452.4,1029
2026-08-12T07:15:00+05:30,4452.5,4456.9,4450.8,4456.2,1017
2026-08-12T07:30:00+05:30,4456.1,4464,4453.9,4460.9,1565
2026-08-12T07:45:00+05:30,4460.7,4462.7,4458.5,4461.5,838
2026-08-12T08:00:00+05:30,4461.3,4467.6,4456.7,4464.9,1544
2026-08-12T08:15:00+05:30,4465,4474.2,4464.7,4470.8,1654
2026-08-12T08:30:00+05:30,4471.1,4475.7,4468.1,4470.7,1260
2026-08-12T08:45:00+05:30,4470.5,4470.6,4464.5,4467.1,813
2026-08-12T09:00:00+05:30,4468.3,4468.8,4461.4,4461.6,788
2026-08-12T09:15:00+05:30,4461.5,4463.8,4460.6,4462,506
2026-08-12T09:30:00+05:30,4462.4,4463.1,4456.4,4457.5,658
2026-08-12T09:45:00+05:30,4457.2,4459.5,4455.4,4459.1,429
2026-08-12T10:00:00+05:30,4459.3,4460.2,4455.3,4460.2,546
2026-08-12T10:15:00+05:30,4459.8,4462.4,4459.1,4461,519
2026-08-12T10:30:00+05:30,4460.9,4465.1,4460,4461,779
2026-08-12T10:45:00+05:30,4460.7,4460.7,4451.9,4452.4,1107
2026-08-12T11:00:00+05:30,4452.2,4456.7,4447.9,4448,1222
2026-08-12T11:15:00+05:30,4447.8,4454.1,4444,4451,1302
2026-08-12T11:30:00+05:30,4450.9,4452.9,4445.3,4447.3,889
2026-08-12T11:45:00+05:30,4446.9,4450.6,4445.8,4449.6,671
2026-08-12T12:00:00+05:30,4449.9,4457.4,4448.5,4453.9,1290
2026-08-12T12:15:00+05:30,4454.4,4466.1,4454.4,4463.2,1515
2026-08-12T12:30:00+05:30,4463,4465.7,4460.4,4460.8,1180
2026-08-12T12:45:00+05:30,4460.8,4462.1,4457.4,4461.7,787
2026-08-12T13:00:00+05:30,4461.7,4467.8,4460.8,4467.5,1076
2026-08-12T13:15:00+05:30,4467.3,4469.5,4464.1,4465.9,1263
2026-08-12T13:30:00+05:30,4465.9,4470.1,4465.3,4467.9,815
2026-08-12T13:45:00+05:30,4467.9,4469,4465,4466.6,736
2026-08-12T14:00:00+05:30,4466.4,4466.9,4463.6,4464.9,781
2026-08-12T14:15:00+05:30,4464.6,4464.6,4460.6,4460.6,405
2026-08-12T14:30:00+05:30,4460.9,4472.7,4460.9,4472.2,1297
2026-08-12T14:45:00+05:30,4472.6,4484.2,4471.8,4472.7,2507
2026-08-12T15:00:00+05:30,4472.7,4476.8,4471.6,4473.4,1388
2026-08-12T15:15:00+05:30,4473.3,4476.2,4470,4475.4,1265
2026-08-12T15:30:00+05:30,4475.5,4479.8,4474.1,4477.7,936
2026-08-12T15:45:00+05:30,4477.8,4480.4,4476.9,4479.2,817
2026-08-12T16:00:00+05:30,4479.2,4479.2,4472.2,4474.2,969
2026-08-12T16:15:00+05:30,4474.1,4475,4465.9,4472,1207
2026-08-12T16:30:00+05:30,4472.3,4474.5,4467.2,4467.6,1058
2026-08-12T16:45:00+05:30,4467.7,4476.6,4467.5,4474.6,1292
2026-08-12T17:00:00+05:30,4474.9,4475.7,4469.9,4473,673
2026-08-12T17:15:00+05:30,4473.2,4475.3,4472.1,4472.4,695
2026-08-12T17:30:00+05:30,4472.4,4472.6,4465.5,4468.1,1688
2026-08-12T17:45:00+05:30,4468,4487.7,4463.5,4487.7,3282
2026-08-12T18:00:00+05:30,4488,4498,4440,4488.3,14766
2026-08-12T18:15:00+05:30,4488.5,4499.3,4475.9,4497.8,4373
2026-08-12T18:30:00+05:30,4497.7,4502.7,4480,4481.9,4815
2026-08-12T18:45:00+05:30,4481.7,4488.9,4474.4,4478.2,2571
2026-08-12T19:00:00+05:30,4478.4,4480.9,4468,4475.8,4703
2026-08-12T19:15:00+05:30,4476.4,4494,4475.7,4487.4,3803
2026-08-12T19:30:00+05:30,4487.5,4495.2,4480.4,4491.9,3177
2026-08-12T19:45:00+05:30,4492.1,4499.8,4490,4491.5,2626
2026-08-12T20:00:00+05:30,4491.3,4496,4476.1,4484.8,4241
2026-08-12T20:15:00+05:30,4484.7,4492,4475.8,4481.4,3073
2026-08-12T20:30:00+05:30,4481.2,4489.5,4474,4486.4,2299
2026-08-12T20:45:00+05:30,4486.5,4487.9,4479.4,4481.2,1276
2026-08-12T21:00:00+05:30,4481.1,4485,4476.2,4477.7,1200
2026-08-12T21:15:00+05:30,4477.8,4481.7,4470.2,4480.4,1683
2026-08-12T21:30:00+05:30,4480.2,4485.2,4476.4,4482.9,1622
2026-08-12T21:45:00+05:30,4483.3,4486.2,4482.1,4483,1110
2026-08-12T22:00:00+05:30,4483.1,4483.7,4469.2,4470.9,2009
2026-08-12T22:15:00+05:30,4470.7,4471.2,4455.9,4461.7,3100
2026-08-12T22:30:00+05:30,4461.7,4468,4460.1,4464,1505
2026-08-12T22:45:00+05:30,4464.1,4470,4461.9,4466.7,2038
2026-08-12T23:00:00+05:30,4466.8,4471.7,4461.5,4462.2,1381
2026-08-12T23:15:00+05:30,4462.2,4465.8,4459,4459.6,769
2026-08-12T23:30:00+05:30,4459.3,4466.5,4456,4465.8,915
2026-08-12T23:45:00+05:30,4466,4471.4,4464.4,4468.4,695
2026-08-13T00:00:00+05:30,4468.4,4473.7,4467.9,4473.5,866
2026-08-13T00:15:00+05:30,4473.8,4478.1,4472.9,4473.2,1031
2026-08-13T00:30:00+05:30,4473.2,4478.3,4473,4476.4,546
2026-08-13T00:45:00+05:30,4476,4477.9,4475.6,4476.6,278
2026-08-13T01:00:00+05:30,4476.5,4476.5,4471.2,4473.2,626
2026-08-13T01:15:00+05:30,4473.2,4473.9,4468.5,4473.9,1031
2026-08-13T01:30:00+05:30,4473.7,4474.3,4469,4469.3,388
2026-08-13T01:45:00+05:30,4469.1,4470.1,4466.7,4467.8,169
2026-08-13T02:00:00+05:30,4467.9,4468.8,4466.8,4468.1,178
2026-08-13T02:15:00+05:30,4468,4469.1,4466.7,4469,396
2026-08-13T03:30:00+05:30,4468.8,4470.3,4460.9,4461.6,516
2026-08-13T03:45:00+05:30,4461.7,4461.9,4456.5,4457.5,406
2026-08-13T04:00:00+05:30,4457.5,4460.7,4456.9,4458.4,226
2026-08-13T04:15:00+05:30,4458,4461.2,4457.9,4459.9,195
2026-08-13T04:30:00+05:30,4460.1,4464.5,4459.9,4463.9,274
2026-08-13T04:45:00+05:30,4464.2,4468.4,4464.2,4466.8,422
2026-08-13T05:00:00+05:30,4467.4,4468.9,4465.7,4467,278
2026-08-13T05:15:00+05:30,4467.4,4473.2,4466.6,4473.1,351
2026-08-13T05:30:00+05:30,4473.2,4481.5,4471.9,4478.2,1078
2026-08-13T05:45:00+05:30,4478.3,4496.6,4478.3,4487.4,2193
2026-08-13T06:00:00+05:30,4487.6,4509.1,4483.3,4499.2,3313
2026-08-13T06:15:00+05:30,4499.6,4499.6,4482.7,4486.9,1876
2026-08-13T06:30:00+05:30,4486.7,4494,4481.4,4489,1836
2026-08-13T06:45:00+05:30,4488.8,4494.1,4477.7,4478,1111
2026-08-13T07:00:00+05:30,4477.7,4489,4476.3,4477.6,1160
2026-08-13T07:15:00+05:30,4477.7,4478,4464.7,4467,1967
2026-08-13T07:30:00+05:30,4466.8,4472.6,4463.8,4469,1183
2026-08-13T07:45:00+05:30,4469,4471,4464.4,4464.7,574
2026-08-13T08:00:00+05:30,4464.3,4468.8,4457,4468.8,1387
2026-08-13T08:15:00+05:30,4469,4469.3,4464.3,4465.7,432
2026-08-13T08:30:00+05:30,4465.8,4470.7,4462.6,4465.9,581
2026-08-13T08:45:00+05:30,4465.7,4468.7,4464,4467.8,358
2026-08-13T09:00:00+05:30,4467.5,4468.8,4464,4464.5,300
2026-08-13T09:15:00+05:30,4464.5,4466.3,4457,4458.6,889
2026-08-13T09:30:00+05:30,4458.7,4458.7,4449.4,4452.5,1794
2026-08-13T09:45:00+05:30,4452.4,4457.2,4450.4,4456.2,610
2026-08-13T10:00:00+05:30,4456.2,4457.5,4453,4453.6,342
2026-08-13T10:15:00+05:30,4453.3,4456.3,4452.8,4455.5,352
2026-08-13T10:30:00+05:30,4455.2,4462.4,4450.7,4462.1,1347
2026-08-13T10:45:00+05:30,4462.2,4465.2,4458.5,4464.4,938
2026-08-13T11:00:00+05:30,4464.4,4465.2,4443.8,4445.6,1872
2026-08-13T11:15:00+05:30,4445.2,4447.1,4437.2,4440.4,2066
2026-08-13T11:30:00+05:30,4440.3,4443,4432.5,4433.3,2270
2026-08-13T11:45:00+05:30,4433.2,4436.1,4431.6,4432.7,1003
2026-08-13T12:00:00+05:30,4433.1,4435.7,4425.6,4430.9,1545
2026-08-13T12:15:00+05:30,4431.3,4438.4,4431.1,4437.8,1247
2026-08-13T12:30:00+05:30,4437.5,4438.6,4431.5,4433.3,1084
2026-08-13T12:45:00+05:30,4433.6,4434.1,4430.4,4433.1,595
2026-08-13T13:00:00+05:30,4432.8,4435.7,4428.8,4435.4,1176
2026-08-13T13:15:00+05:30,4435.5,4435.6,4425.8,4426.4,1440
2026-08-13T13:30:00+05:30,4426.4,4427.3,4420.3,4422.6,1755
2026-08-13T13:45:00+05:30,4422.5,4430,4421.7,4429.2,1285
2026-08-13T14:00:00+05:30,4429,4432.3,4428.1,4429.9,740
2026-08-13T14:15:00+05:30,4430,4435.7,4429.7,4432.4,627
2026-08-13T14:30:00+05:30,4432.3,4434.7,4428.6,4433.4,660
2026-08-13T14:45:00+05:30,4433.1,4438.9,4432.8,4436.4,1089
2026-08-13T15:00:00+05:30,4436.5,4438.5,4435.1,4436.8,754
2026-08-13T15:15:00+05:30,4436.9,4441.9,4435.4,4441.8,798
2026-08-13T15:30:00+05:30,4441.9,4442.7,4438.8,4439,647
2026-08-13T15:45:00+05:30,4439.2,4445.2,4439.2,4444.6,767
2026-08-13T16:00:00+05:30,4444.8,4448.3,4442.3,4448.3,577
2026-08-13T16:15:00+05:30,4448.1,4451.5,4446,4449.9,852
2026-08-13T16:30:00+05:30,4449.6,4452,4446.1,4452,689
2026-08-13T16:45:00+05:30,4451.8,4454.2,4445.3,4445.4,1352
2026-08-13T17:00:00+05:30,4445.7,4447.3,4440.6,4440.9,1608
2026-08-13T17:15:00+05:30,4440.9,4444.8,4439.6,4444.4,1184
2026-08-13T17:30:00+05:30,4444.5,4448.9,4442.5,4446,1096
2026-08-13T17:45:00+05:30,4445.7,4450.4,4441,4447.8,1126
2026-08-13T18:00:00+05:30,4447.4,4460,4437.1,4448.6,4449
2026-08-13T18:15:00+05:30,4448.8,4458.9,4448.2,4458.9,1570
2026-08-13T18:30:00+05:30,4458.5,4459,4447.8,4450.4,2142
2026-08-13T18:45:00+05:30,4450.5,4452,4440.6,4441.7,2358
2026-08-13T19:00:00+05:30,4441.7,4446.4,4431.5,4435.9,3554
2026-08-13T19:15:00+05:30,4435.8,4439.5,4427.1,4429.1,2951
2026-08-13T19:30:00+05:30,4429.3,4435.9,4424,4428,3778
2026-08-13T19:45:00+05:30,4428.2,4435.7,4425,4425.3,2132
2026-08-13T20:00:00+05:30,4425,4439.2,4408.8,4438.1,5245
2026-08-13T20:15:00+05:30,4438.6,4444.7,4438.3,4440.9,2185
2026-08-13T20:30:00+05:30,4441.2,4443.1,4425.2,4426.2,2227
2026-08-13T20:45:00+05:30,4426.1,4430.6,4419.9,4421.8,2788
2026-08-13T21:00:00+05:30,4421.9,4428.4,4413.6,4425.1,3065
2026-08-13T21:15:00+05:30,4425.5,4427.8,4420.3,4422.4,1079
2026-08-13T21:30:00+05:30,4422.3,4424.7,4411.1,4412.5,2340
2026-08-13T21:45:00+05:30,4412.5,4419.5,4407.5,4419.4,2771
2026-08-13T22:00:00+05:30,4419.2,4424,4419,4422.6,1710
2026-08-13T22:15:00+05:30,4422.6,4425.6,4421,4424.2,815
2026-08-13T22:30:00+05:30,4424.3,4430.6,4422.4,4428.4,1284
2026-08-13T22:45:00+05:30,4428.8,4429.2,4419.1,4420,1909
2026-08-13T23:00:00+05:30,4420.2,4421.3,4412.2,4413.6,1771
2026-08-13T23:15:00+05:30,4413.9,4416.5,4412,4412.4,631
2026-08-13T23:30:00+05:30,4412.6,4419.4,4412.4,4418.7,956
2026-08-13T23:45:00+05:30,4419,4420.5,4411.6,4414.3,1187
2026-08-14T00:00:00+05:30,4414.3,4417.3,4413.3,4414.7,562
2026-08-14T00:15:00+05:30,4414.8,4415.1,4411.4,4413.6,611
2026-08-14T00:30:00+05:30,4414,4415.5,4402.6,4403.4,1559
2026-08-14T00:45:00+05:30,4403.1,4408.2,4400,4407.9,1292
2026-08-14T01:00:00+05:30,4407.7,4410.9,4406,4407.7,692
2026-08-14T01:15:00+05:30,4407.6,4407.6,4403.9,4406.2,920
2026-08-14T01:30:00+05:30,4406.2,4406.7,4402.9,4406.3,577
2026-08-14T01:45:00+05:30,4406.5,4408.4,4405.5,4407.6,297
2026-08-14T02:00:00+05:30,4407.6,4408,4404.2,4405.6,306
2026-08-14T02:15:00+05:30,4405.5,4407.7,4404.7,4407.1,277
2026-08-14T03:30:00+05:30,4408.2,4412.6,4406.6,4409.8,504
2026-08-14T03:45:00+05:30,4409.9,4413.3,4408.5,4412.7,575
2026-08-14T04:00:00+05:30,4412.4,4418.4,4411,4416,1239
2026-08-14T04:15:00+05:30,4415.9,4417,4409.2,4410.3,1214
2026-08-14T04:30:00+05:30,4411.5,4416.2,4405.1,4416.2,1323
2026-08-14T04:45:00+05:30,4416.3,4418.2,4412.1,4418.2,1076
2026-08-14T05:00:00+05:30,4418.4,4418.8,4413.9,4415.8,651
2026-08-14T05:15:00+05:30,4416,4419.4,4411.6,4411.8,438
2026-08-14T05:30:00+05:30,4411.6,4417.4,4406,4407.5,637
2026-08-14T05:45:00+05:30,4407.6,4407.8,4395.1,4395.8,1358
2026-08-14T06:00:00+05:30,4395.5,4402.6,4390.6,4395.4,1350
2026-08-14T06:15:00+05:30,4396,4398.8,4385.1,4396.4,2071
2026-08-14T06:30:00+05:30,4396.2,4397.1,4378,4380.3,3465
2026-08-14T06:45:00+05:30,4380.4,4381.9,4370.9,4375.6,2879
2026-08-14T07:00:00+05:30,4375.3,4377.5,4368.6,4375.4,1240
2026-08-14T07:15:00+05:30,4375.6,4379.4,4367.5,4373.7,1747
2026-08-14T07:30:00+05:30,4373.7,4378,4365.5,4366.9,1351
2026-08-14T07:45:00+05:30,4367.5,4373.3,4367.5,4367.6,1270
2026-08-14T08:00:00+05:30,4367.4,4378,4366.9,4376.3,1563
2026-08-14T08:15:00+05:30,4376.5,4377.4,4367.7,4370.7,724
2026-08-14T08:30:00+05:30,4370.7,4378.7,4368.9,4375.3,877
2026-08-14T08:45:00+05:30,4375.4,4381.2,4375,4380.8,543
2026-08-14T09:00:00+05:30,4380.9,4383.8,4379.9,4381.3,718
2026-08-14T09:15:00+05:30,4381.4,4382.3,4378.9,4379,357
2026-08-14T09:30:00+05:30,4379.2,4382.7,4378.3,4381.7,534
2026-08-14T09:45:00+05:30,4381.2,4384.6,4380.2,4380.2,470
2026-08-14T10:00:00+05:30,4380.7,4381.2,4378.4,4380.1,387
2026-08-14T10:15:00+05:30,4380,4382,4378.3,4382,292
2026-08-14T10:30:00+05:30,4382.2,4382.2,4374.3,4374.8,510
2026-08-14T10:45:00+05:30,4374.9,4375.1,4371.9,4373.3,475
2026-08-14T11:00:00+05:30,4372.9,4379.8,4365.6,4372.7,1655
2026-08-14T11:15:00+05:30,4372.5,4389.5,4372.5,4389.5,1600
2026-08-14T11:30:00+05:30,4389.6,4392.6,4385.5,4388.3,1191
2026-08-14T11:45:00+05:30,4388.2,4389.1,4384.2,4385.3,611
2026-08-14T12:00:00+05:30,4385.1,4388.8,4383.6,4388.6,558
2026-08-14T12:15:00+05:30,4389,4392.2,4388.4,4391.6,568
2026-08-14T12:30:00+05:30,4391.4,4393.3,4387,4387.1,828
2026-08-14T12:45:00+05:30,4387.1,4392.4,4385.7,4387.8,728
2026-08-14T13:00:00+05:30,4388,4396.3,4387.3,4396,713
2026-08-14T13:15:00+05:30,4396.3,4401.6,4395.5,4399.8,1354
2026-08-14T13:30:00+05:30,4399.8,4404.5,4398.1,4403.9,1172
2026-08-14T13:45:00+05:30,4404,4405.3,4399.4,4401.8,829
2026-08-14T14:00:00+05:30,4401.8,4405.4,4399.5,4399.8,633
2026-08-14T14:15:00+05:30,4399.8,4405.7,4398.8,4404.7,738
2026-08-14T14:30:00+05:30,4404.5,4406.9,4402,4406.7,528
2026-08-14T14:45:00+05:30,4406.8,4410,4404.4,4407.4,1260
2026-08-14T15:00:00+05:30,4407.7,4410.8,4406.1,4409.9,1180
2026-08-14T15:15:00+05:30,4410,4413.8,4408.7,4413.6,889
2026-08-14T15:30:00+05:30,4413.6,4415.1,4410,4410.6,1148
2026-08-14T15:45:00+05:30,4410.6,4411.4,4406,4407.3,1323
2026-08-14T16:00:00+05:30,4407.5,4408,4404.5,4408,835
2026-08-14T16:15:00+05:30,4407.9,4409.7,4403.7,4405.5,797
2026-08-14T16:30:00+05:30,4405.5,4408,4404.7,4406.9,396
2026-08-14T16:45:00+05:30,4407.1,4413.4,4407.1,4413.1,839
2026-08-14T17:00:00+05:30,4413.1,4420,4412.8,4418.7,1461
2026-08-14T17:15:00+05:30,4418.9,4426,4417.2,4425.8,1549
2026-08-14T17:30:00+05:30,4425.5,4433.2,4421.8,4428,2610
2026-08-14T17:45:00+05:30,4428.2,4437.5,4425.8,4436.5,2559
2026-08-14T18:00:00+05:30,4436.9,4444,4429.1,4429.5,4811
2026-08-14T18:15:00+05:30,4430,4434.9,4427.8,4430.9,2268
2026-08-14T18:30:00+05:30,4430.7,4438.3,4427.3,4432.4,2840
2026-08-14T18:45:00+05:30,4432.4,4443.9,4432.3,4441.4,1801
2026-08-14T19:00:00+05:30,4441.7,4454.6,4440.8,4450.8,4957
2026-08-14T19:15:00+05:30,4451.4,4452.3,4439.8,4442,2914
2026-08-14T19:30:00+05:30,4441.6,4450.5,4441.2,4447.8,3046
2026-08-14T19:45:00+05:30,4448,4452.2,4442.5,4447.9,1465
2026-08-14T20:00:00+05:30,4448.3,4448.7,4438.8,4441.6,2370
2026-08-14T20:15:00+05:30,4441.5,4441.6,4436.2,4438.6,1976
2026-08-14T20:30:00+05:30,4438.7,4451.7,4438.3,4449.9,3030
2026-08-14T20:45:00+05:30,4450,4451.6,4436.4,4442.2,3051
2026-08-14T21:00:00+05:30,4442.4,4447.5,4441.1,4446.7,1573
2026-08-14T21:15:00+05:30,4447,4452.3,4446.9,4449,1515
2026-08-14T21:30:00+05:30,4449,4454.3,4446,4446.8,1333
2026-08-14T21:45:00+05:30,4446.9,4450.2,4443.9,4444.5,780
2026-08-14T22:00:00+05:30,4444.7,4446.3,4437.2,4442.8,1776
2026-08-14T22:15:00+05:30,4443,4444.6,4442,4442.7,523
2026-08-14T22:30:00+05:30,4443,4443.4,4437.4,4439.4,801
2026-08-14T22:45:00+05:30,4439.5,4442,4436.6,4436.9,1322
2026-08-14T23:00:00+05:30,4436.7,4440.4,4434.1,4435,1159
2026-08-14T23:15:00+05:30,4434.8,4436.3,4433.6,4435.5,595
2026-08-14T23:30:00+05:30,4435.9,4438.8,4433.6,4434.2,786
2026-08-14T23:45:00+05:30,4434.6,4437.5,4434,4436.4,412
2026-08-15T00:00:00+05:30,4436.2,4439.6,4433.2,4433.2,1928
2026-08-15T00:15:00+05:30,4433.5,4433.9,4427.5,4430.3,2277
2026-08-15T00:30:00+05:30,4430.3,4433.6,4428.6,4432.4,631
2026-08-15T00:45:00+05:30,4432.2,4434.3,4430.4,4433.5,416
2026-08-15T01:00:00+05:30,4433.5,4434.4,4431.4,4431.7,480
2026-08-15T01:15:00+05:30,4431.7,4435.6,4428.8,4431.4,1211
2026-08-15T01:30:00+05:30,4431.3,4431.5,4426.9,4428.3,852
2026-08-15T01:45:00+05:30,4428.3,4430.2,4427.8,4430,372
2026-08-15T02:00:00+05:30,4429.9,4432.4,4428.9,4430.9,314
2026-08-15T02:15:00+05:30,4430.9,4432.1,4430.4,4432,254
2026-08-17T03:30:00+05:30,4440,4443.1,4429,4432.6,932
2026-08-17T03:45:00+05:30,4432.6,4433,4429.3,4430.6,411
2026-08-17T04:00:00+05:30,4430.8,4434.7,4430.8,4433.4,330
2026-08-17T04:15:00+05:30,4433.8,4442.5,4433.6,4441.6,687
2026-08-17T04:30:00+05:30,4441.8,4441.9,4435.4,4435.4,521
2026-08-17T04:45:00+05:30,4435.5,4436.7,4428.1,4430.1,633
2026-08-17T05:00:00+05:30,4430.2,4431,4422.3,4424,1027
2026-08-17T05:15:00+05:30,4424.1,4429.2,4424.1,4425.5,375
2026-08-17T05:30:00+05:30,4426,4435.2,4423.5,4434.4,865
2026-08-17T05:45:00+05:30,4434.5,4446.9,4434,4445.7,1294
2026-08-17T06:00:00+05:30,4445.8,4453.6,4443.5,4451.6,1176
2026-08-17T06:15:00+05:30,4451.3,4459.4,4450,4457.3,1639
2026-08-17T06:30:00+05:30,4457.1,4468.1,4456.1,4465.8,2326
2026-08-17T06:45:00+05:30,4465.6,4473.2,4462.7,4463.8,1547
2026-08-17T07:00:00+05:30,4463.8,4464.8,4454.1,4459.9,1761
2026-08-17T07:15:00+05:30,4460.2,4460.6,4448.6,4452,1392
2026-08-17T07:30:00+05:30,4451.9,4454.5,4449.2,4451,787
2026-08-17T07:45:00+05:30,4450.8,4454.1,4446.5,4451.4,838
2026-08-17T08:00:00+05:30,4452.3,4454.7,4446.4,4449.4,816
2026-08-17T08:15:00+05:30,4449.4,4450.1,4444.9,4449.8,490
2026-08-17T08:30:00+05:30,4450.2,4451.8,4445.4,4446.5,430
2026-08-17T08:45:00+05:30,4446.2,4449.9,4444.5,4449.3,449
2026-08-17T09:00:00+05:30,4449.4,4453.8,4447.2,4451.8,610
2026-08-17T09:15:00+05:30,4451.7,4454.5,4449.3,4453.7,418
2026-08-17T09:30:00+05:30,4453.5,4456.3,4452.9,4455.1,536
2026-08-17T09:45:00+05:30,4455.1,4455.4,4446.6,4447.9,633
2026-08-17T10:00:00+05:30,4447.5,4453.3,4445.5,4452.1,521
2026-08-17T10:15:00+05:30,4453,4454.6,4446.3,4447.1,448
2026-08-17T10:30:00+05:30,4447.3,4449.8,4443.4,4444.4,641
2026-08-17T10:45:00+05:30,4444.3,4456,4443.6,4456,871
2026-08-17T11:00:00+05:30,4456.3,4457.7,4449,4452.3,1009
2026-08-17T11:15:00+05:30,4452.2,4454,4449.2,4451.3,626
2026-08-17T11:30:00+05:30,4451.6,4454.9,4449.3,4453.5,871
2026-08-17T11:45:00+05:30,4453,4456.3,4449.1,4455,906
2026-08-17T12:00:00+05:30,4454.5,4454.9,4449.7,4452.5,665
2026-08-17T12:15:00+05:30,4452.6,4460.7,4452.5,4459.3,1096
2026-08-17T12:30:00+05:30,4459,4460.2,4452.2,4452.7,1159
2026-08-17T12:45:00+05:30,4452.7,4461.6,4452.4,4461.2,938
2026-08-17T13:00:00+05:30,4461.3,4467.9,4460.9,4465.5,1428
2026-08-17T13:15:00+05:30,4465.9,4466.3,4460,4461.5,893
2026-08-17T13:30:00+05:30,4461.8,4461.8,4454.1,4459.3,995
2026-08-17T13:45:00+05:30,4459.3,4460.2,4456.8,4458,671
2026-08-17T14:00:00+05:30,4458,4458.4,4452,4452.5,456
2026-08-17T14:15:00+05:30,4452.4,4453,4448.8,4451.1,617
2026-08-17T14:30:00+05:30,4451.3,4457,4449.5,4455.3,673
2026-08-17T14:45:00+05:30,4455.4,4456.4,4451.6,4453.1,755
2026-08-17T15:00:00+05:30,4453.2,4453.7,4450,4451,1104
2026-08-17T15:15:00+05:30,4450.8,4452.8,4449.2,4452.4,605
2026-08-17T15:30:00+05:30,4452.4,4453.2,4450,4452.7,553
2026-08-17T15:45:00+05:30,4452.5,4462.3,4445.7,4461.6,1871
2026-08-17T16:00:00+05:30,4461.6,4462.6,4452.1,4455,1280
2026-08-17T16:15:00+05:30,4455.1,4456.4,4452.9,4455.8,767
2026-08-17T16:30:00+05:30,4455.9,4460.4,4454.9,4456.5,659
2026-08-17T16:45:00+05:30,4456.4,4461.5,4453.7,4460.3,1138
2026-08-17T17:00:00+05:30,4460.4,4461.8,4455.9,4456.4,995
2026-08-17T17:15:00+05:30,4456.6,4457.6,4451.8,4453.4,850
2026-08-17T17:30:00+05:30,4453.1,4454,4447.8,4450.6,923
2026-08-17T17:45:00+05:30,4450.4,4455.4,4437.5,4441.7,2801
2026-08-17T18:00:00+05:30,4442.3,4446.8,4434.7,4434.7,2480
2026-08-17T18:15:00+05:30,4434.5,4443.1,4433.4,4441.4,2107
2026-08-17T18:30:00+05:30,4441.7,4446.2,4438.1,4442.6,1840
2026-08-17T18:45:00+05:30,4443,4445.1,4438.6,4442.6,959
2026-08-17T19:00:00+05:30,4442.8,4448.3,4441,4441.9,1730
2026-08-17T19:15:00+05:30,4442.1,4473,4440.9,4465.3,4978
2026-08-17T19:30:00+05:30,4465.3,4469.5,4460.4,4469.2,2935
2026-08-17T19:45:00+05:30,4469.2,4484.9,4468.4,4475.4,8126
2026-08-17T20:00:00+05:30,4475.6,4481.8,4473.8,4474.8,2282
2026-08-17T20:15:00+05:30,4475,4478.4,4471.4,4474.5,1362
2026-08-17T20:30:00+05:30,4474.6,4479.8,4471.8,4478.5,1262
2026-08-17T20:45:00+05:30,4478.5,4483.4,4476.7,4482.7,1582
2026-08-17T21:00:00+05:30,4482.8,4483.7,4475.8,4476.1,1451
2026-08-17T21:15:00+05:30,4476.3,4485.3,4474.8,4484.8,1598
2026-08-17T21:30:00+05:30,4485,4486.5,4481.4,4483.4,1393
2026-08-17T21:45:00+05:30,4483.7,4484.9,4480.3,4482.3,1200
2026-08-17T22:00:00+05:30,4482.4,4484.5,4479.7,4482,722
2026-08-17T22:15:00+05:30,4482.1,4483,4480,4481.5,858
2026-08-17T22:30:00+05:30,4481.7,4483.7,4478.3,4480.3,1117
2026-08-17T22:45:00+05:30,4480.3,4480.5,4470.8,4474,2628
2026-08-17T23:00:00+05:30,4474,4476.3,4468.2,4474.7,2075
2026-08-17T23:15:00+05:30,4474.7,4478.2,4470.8,4471,953
2026-08-17T23:30:00+05:30,4471.3,4471.9,4467.4,4471.2,1085
2026-08-17T23:45:00+05:30,4471.3,4474,4461.5,4463.2,3294
2026-08-18T00:00:00+05:30,4463.3,4463.7,4454.5,4458,2591
2026-08-18T00:15:00+05:30,4458,4463.8,4456.8,4463.1,708
2026-08-18T00:30:00+05:30,4462.9,4464.8,4456.6,4464.5,1277
2026-08-18T00:45:00+05:30,4464.8,4473.6,4464.8,4470.6,1480
2026-08-18T01:00:00+05:30,4470.9,4476.8,4470.4,4475.5,629
2026-08-18T01:15:00+05:30,4475.5,4477,4472.1,4475.7,1104
2026-08-18T01:30:00+05:30,4475.9,4477.5,4472.5,4474.1,439
2026-08-18T01:45:00+05:30,4474.1,4474.5,4471.4,4471.4,159
2026-08-18T02:00:00+05:30,4471.6,4472.5,4471.1,4472.2,104
2026-08-18T02:15:00+05:30,4471.7,4474,4471.5,4473.1,246
2026-08-18T03:30:00+05:30,4473.4,4475.9,4471.5,4472.9,279
2026-08-18T03:45:00+05:30,4472.9,4473.5,4468.3,4468.9,449
2026-08-18T04:00:00+05:30,4468.4,4471.9,4467.6,4470.9,522
2026-08-18T04:15:00+05:30,4470.7,4472.4,4466.5,4467.9,381
2026-08-18T04:30:00+05:30,4468,4471,4466,4470.7,528
2026-08-18T04:45:00+05:30,4471.1,4478.1,4471,4476.6,696
2026-08-18T05:00:00+05:30,4476.3,4479.2,4476.3,4479.1,417
2026-08-18T05:15:00+05:30,4478.9,4482.1,4477.9,4482,493
2026-08-18T05:30:00+05:30,4482.3,4486.5,4475,4478.4,1169
2026-08-18T05:45:00+05:30,4477.7,4488.2,4477.2,4487.7,1560
2026-08-18T06:00:00+05:30,4487.8,4490.3,4484.5,4486.1,977
2026-08-18T06:15:00+05:30,4486.2,4491.7,4484.9,4491.2,579
2026-08-18T06:30:00+05:30,4491.6,4493.1,4485,4485.5,1493
2026-08-18T06:45:00+05:30,4485.9,4487.4,4476.6,4481.5,1424
2026-08-18T07:00:00+05:30,4481.5,4482.6,4468.3,4468.4,969
2026-08-18T07:15:00+05:30,4468.4,4468.9,4460.9,4464.6,1735
2026-08-18T07:30:00+05:30,4464.6,4464.9,4454.8,4457.4,1470
2026-08-18T07:45:00+05:30,4457.3,4461.9,4456.8,4458.7,712
2026-08-18T08:00:00+05:30,4458.8,4458.9,4450.3,4451.4,1330
2026-08-18T08:15:00+05:30,4451.2,4456.9,4450,4456.1,1211
2026-08-18T08:30:00+05:30,4456.1,4460.5,4455.4,4457.9,1055
2026-08-18T08:45:00+05:30,4458.1,4458.7,4450,4453.3,813
2026-08-18T09:00:00+05:30,4452.8,4453.3,4450.4,4450.6,346
2026-08-18T09:15:00+05:30,4451.1,4451.1,4446.3,4447.7,818
2026-08-18T09:30:00+05:30,4447.4,4448.6,4445.4,4447.9,654
2026-08-18T09:45:00+05:30,4447.9,4449.2,4446.4,4448.1,472
2026-08-18T10:00:00+05:30,4448.2,4450.3,4444,4448.7,1043
2026-08-18T10:15:00+05:30,4448.8,4450.9,4447.7,4448.9,468
2026-08-18T10:30:00+05:30,4448.7,4449.8,4446.4,4446.6,429
2026-08-18T10:45:00+05:30,4446.8,4451.6,4446.5,4446.6,475
2026-08-18T11:00:00+05:30,4446.4,4450.2,4441.4,4449.3,1425
2026-08-18T11:15:00+05:30,4449.5,4453.2,4448.8,4450.2,762
2026-08-18T11:30:00+05:30,4449.4,4451.1,4443.2,4450.9,1403
2026-08-18T11:45:00+05:30,4450.8,4455.1,4449.4,4454.9,903
2026-08-18T12:00:00+05:30,4454.7,4455.6,4450.5,4452.5,709
2026-08-18T12:15:00+05:30,4452.6,4454.7,4452.6,4454.1,618
2026-08-18T12:30:00+05:30,4454.3,4456.4,4452.4,4453.2,993
2026-08-18T12:45:00+05:30,4453.2,4459.4,4453.2,4459,892
2026-08-18T13:00:00+05:30,4459.1,4459.5,4452.3,4457.4,1052
2026-08-18T13:15:00+05:30,4457.6,4458.5,4451.2,4451.2,465
2026-08-18T13:30:00+05:30,4451.6,4451.9,4443.5,4448.2,1674
2026-08-18T13:45:00+05:30,4448.4,4449.2,4442.4,4444.9,842
2026-08-18T14:00:00+05:30,4444.9,4454.2,4444.9,4452.5,837
2026-08-18T14:15:00+05:30,4452.2,4452.3,4447.1,4448.9,657
2026-08-18T14:30:00+05:30,4448.8,4449.4,4446.6,4448.4,392
2026-08-18T14:45:00+05:30,4448.1,4448.1,4444.2,4444.9,600
2026-08-18T15:00:00+05:30,4444.8,4451.1,4443.2,4444.5,1139
2026-08-18T15:15:00+05:30,4444.5,4451.3,4443,4449.7,716
2026-08-18T15:30:00+05:30,4449.7,4452,4448.6,4450.7,414
2026-08-18T15:45:00+05:30,4450.9,4452.5,4446.1,4448.3,543
2026-08-18T16:00:00+05:30,4448.7,4455.2,4448.1,4455,651
2026-08-18T16:15:00+05:30,4455.3,4456.2,4452.9,4454.4,515
2026-08-18T16:30:00+05:30,4454.2,4455.8,4448.3,4450.2,586
2026-08-18T16:45:00+05:30,4449.7,4451.1,4445.8,4446.3,600
2026-08-18T17:00:00+05:30,4446.3,4448.8,4444.8,4447.2,644
2026-08-18T17:15:00+05:30,4447,4453.3,4446.4,4452.3,626
2026-08-18T17:30:00+05:30,4452.6,4453.4,4445.8,4449.7,1064
2026-08-18T17:45:00+05:30,4449.2,4457.3,4447.8,4451.9,1962
2026-08-18T18:00:00+05:30,4452,4454.8,4447.4,4448.8,1051
2026-08-18T18:15:00+05:30,4448.7,4453.6,4447.1,4450.7,1139
2026-08-18T18:30:00+05:30,4450.5,4453.7,4444.4,4452,2564
2026-08-18T18:45:00+05:30,4451.8,4452.4,4444.2,4445.4,2644
2026-08-18T19:00:00+05:30,4445.5,4463,4430.9,4457,7408
2026-08-18T19:15:00+05:30,4457.2,4458.3,4445.5,4451,3005
2026-08-18T19:30:00+05:30,4450.5,4462.8,4447.4,4449.6,4145
2026-08-18T19:45:00+05:30,4449.5,4461.4,4448.7,4450.6,2289
2026-08-18T20:00:00+05:30,4450.7,4452.5,4434,4436,4998
2026-08-18T20:15:00+05:30,4435.7,4445.4,4419.1,4422.3,5966
2026-08-18T20:30:00+05:30,4422.6,4434.1,4412,4415.6,5642
2026-08-18T20:45:00+05:30,4415.4,4420.7,4406.8,4410.6,5206
2026-08-18T21:00:00+05:30,4410.2,4418,4409.8,4414.5,3175
2026-08-18T21:15:00+05:30,4413.8,4421.9,4413.8,4420.2,2042
2026-08-18T21:30:00+05:30,4420.3,4427,4420.3,4423.1,1497
2026-08-18T21:45:00+05:30,4423.2,4425.1,4418.7,4419.4,956
2026-08-18T22:00:00+05:30,4419.7,4423.8,4418.3,4422.7,995
2026-08-18T22:15:00+05:30,4422.7,4424.1,4417.8,4419,993
2026-08-18T22:30:00+05:30,4419.1,4422.6,4418.4,4422.4,918
2026-08-18T22:45:00+05:30,4422.6,4423.8,4418.7,4420.8,1419
2026-08-18T23:00:00+05:30,4421,4421.8,4414.4,4414.4,1174
2026-08-18T23:15:00+05:30,4414.3,4416.1,4412.4,4413.2,745
2026-08-18T23:30:00+05:30,4413.6,4413.6,4408,4412.9,1211
2026-08-18T23:45:00+05:30,4413.3,4416.5,4410.8,4415.4,678
2026-08-19T00:00:00+05:30,4415.6,4415.8,4408.8,4409.4,998
2026-08-19T00:15:00+05:30,4409.5,4411.2,4407.9,4409.4,462
2026-08-19T00:30:00+05:30,4409.5,4413.5,4409.2,4412.4,585
2026-08-19T00:45:00+05:30,4412.3,4413.7,4407.5,4409.5,1123
2026-08-19T01:00:00+05:30,4409.8,4412.4,4404.2,4404.4,1025
2026-08-19T01:15:00+05:30,4404.3,4408.2,4392.3,4400,4012
2026-08-19T01:30:00+05:30,4400.1,4401.2,4395.4,4396.5,636
2026-08-19T01:45:00+05:30,4397.1,4397.1,4388,4392.8,785
2026-08-19T02:00:00+05:30,4392.8,4394.6,4386.6,4387.6,571
2026-08-19T02:15:00+05:30,4387,4390.3,4383.3,4389.5,813
2026-08-19T03:30:00+05:30,4391.4,4395.3,4390.4,4393.8,594
2026-08-19T03:45:00+05:30,4393.2,4394.3,4386.5,4389.4,1273
2026-08-19T04:00:00+05:30,4389.3,4389.8,4385.8,4386.6,481
2026-08-19T04:15:00+05:30,4386.6,4388.7,4386.2,4386.8,329
2026-08-19T04:30:00+05:30,4387.2,4391.5,4385.4,4387.1,563
2026-08-19T04:45:00+05:30,4386.8,4390.3,4382.5,4383.1,1004
2026-08-19T05:00:00+05:30,4382.9,4385.4,4379.6,4382.5,1115
2026-08-19T05:15:00+05:30,4383,4387,4382.3,4386,564
2026-08-19T05:30:00+05:30,4386.1,4397.7,4384.6,4395.8,1334
2026-08-19T05:45:00+05:30,4395.9,4399.4,4392.5,4396.3,1233
2026-08-19T06:00:00+05:30,4396.4,4401,4392.9,4397.4,1076
2026-08-19T06:15:00+05:30,4397.6,4398.6,4390.7,4391.8,895
2026-08-19T06:30:00+05:30,4391.5,4397.6,4378,4397.4,3396
2026-08-19T06:45:00+05:30,4397.6,4400,4386.4,4396.1,2100
2026-08-19T07:00:00+05:30,4396.3,4411.1,4396.2,4409.4,1905
2026-08-19T07:15:00+05:30,4409,4410.2,4404.1,4410.2,1215
2026-08-19T07:30:00+05:30,4410,4410.9,4405,4407,1272
2026-08-19T07:45:00+05:30,4407.2,4415.8,4406,4413.4,1586
2026-08-19T08:00:00+05:30,4413.4,4413.9,4407.7,4408.6,1305
2026-08-19T08:15:00+05:30,4408.8,4410.4,4405,4408.5,749
2026-08-19T08:30:00+05:30,4408.4,4409.9,4405.4,4407.7,627
2026-08-19T08:45:00+05:30,4408.1,4411.8,4405.3,4410.8,589
2026-08-19T09:00:00+05:30,4411.1,4414.1,4409.8,4412.6,483
2026-08-19T09:15:00+05:30,4412.6,4413,4408.4,4408.7,236
2026-08-19T09:30:00+05:30,4408.9,4409.6,4406.9,4407.9,291
2026-08-19T09:45:00+05:30,4407.9,4408,4403.2,4404.2,792
2026-08-19T10:00:00+05:30,4404.8,4405.3,4398.2,4399.8,889
2026-08-19T10:15:00+05:30,4399.4,4401.8,4396.5,4401.8,714
2026-08-19T10:30:00+05:30,4401.7,4404.2,4391.9,4392.2,833
2026-08-19T10:45:00+05:30,4392.4,4399.1,4390.1,4398.9,1056
2026-08-19T11:00:00+05:30,4399.1,4399.3,4390.3,4395.8,1601
2026-08-19T11:15:00+05:30,4395.3,4395.4,4388.2,4389,1291
2026-08-19T11:30:00+05:30,4389,4395.3,4388.7,4390.8,1220
2026-08-19T11:45:00+05:30,4390.6,4401.9,4390.2,4396.3,1497
2026-08-19T12:00:00+05:30,4396.6,4399.3,4390.8,4395.4,1228
2026-08-19T12:15:00+05:30,4395.3,4403.1,4394.3,4402.8,1138
2026-08-19T12:30:00+05:30,4402.8,4407.6,4401.1,4404.3,1173
2026-08-19T12:45:00+05:30,4403.8,4410.8,4401.1,4410.5,1350
2026-08-19T13:00:00+05:30,4410.4,4417.2,4406.5,4408.2,1313
2026-08-19T13:15:00+05:30,4408.1,4411.4,4408.1,4408.3,595
2026-08-19T13:30:00+05:30,4408.4,4416.4,4404.8,4415.2,1715
2026-08-19T13:45:00+05:30,4415.3,4416.1,4411.1,4414.6,533
2026-08-19T14:00:00+05:30,4414.3,4417.2,4410.3,4416.4,569
2026-08-19T14:15:00+05:30,4416.4,4417.2,4408.7,4409.7,728
2026-08-19T14:30:00+05:30,4409.7,4413.9,4409,4410.3,723
2026-08-19T14:45:00+05:30,4410.2,4411.6,4407.4,4410.6,791
2026-08-19T15:00:00+05:30,4410.7,4415.4,4409.5,4413.3,761
2026-08-19T15:15:00+05:30,4413.3,4416.4,4412.5,4416.4,696
2026-08-19T15:30:00+05:30,4416.5,4418.8,4413.8,4418.4,897
2026-08-19T15:45:00+05:30,4418.4,4423.8,4418.1,4423.2,1198
2026-08-19T16:00:00+05:30,4423.4,4424.1,4420.4,4422.5,780
2026-08-19T16:15:00+05:30,4422.8,4424.1,4421,4422.2,370
2026-08-19T16:30:00+05:30,4422.4,4428.9,4422.2,4428.1,1169
2026-08-19T16:45:00+05:30,4428.4,4429.1,4423.6,4425.8,771
2026-08-19T17:00:00+05:30,4425.9,4426.5,4417.7,4418.4,1124
2026-08-19T17:15:00+05:30,4418,4422.3,4418,4419.1,766
2026-08-19T17:30:00+05:30,4419.7,4425.5,4417,4423.1,1022
2026-08-19T17:45:00+05:30,4423.2,4428.4,4420.7,4424.1,1964
2026-08-19T18:00:00+05:30,4424.3,4476.9,4423.4,4474.8,14901
2026-08-19T18:15:00+05:30,4475.1,4499.8,4468,4496.3,15830
2026-08-19T18:30:00+05:30,4496.3,4518.8,4480.8,4513.4,14042
2026-08-19T18:45:00+05:30,4513.6,4521.8,4512.4,4516,8108
2026-08-19T19:00:00+05:30,4516.2,4524,4500.8,4519.1,10023
2026-08-19T19:15:00+05:30,4518.8,4521.6,4502.4,4517.8,5886
2026-08-19T19:30:00+05:30,4518,4533.8,4513.5,4532,7188
2026-08-19T19:45:00+05:30,4532.2,4546.3,4528.4,4544.3,8620
2026-08-19T20:00:00+05:30,4544.4,4557.6,4542.3,4548.5,11604
2026-08-19T20:15:00+05:30,4548.6,4548.6,4536.9,4546.8,5602
2026-08-19T20:30:00+05:30,4547,4547,4538.4,4544.1,4806
2026-08-19T20:45:00+05:30,4544.1,4546.2,4536.5,4542,2998
2026-08-19T21:00:00+05:30,4541.9,4551.5,4538.5,4548.7,2527
2026-08-19T21:15:00+05:30,4548.4,4552.8,4546.9,4552.2,2876
2026-08-19T21:30:00+05:30,4552.2,4557.2,4549.5,4555.9,3154
2026-08-19T21:45:00+05:30,4556,4557.5,4548.5,4548.7,2272
2026-08-19T22:00:00+05:30,4549.1,4554.3,4548.4,4553.3,1578
2026-08-19T22:15:00+05:30,4552.7,4555.7,4550.9,4551,1331
2026-08-19T22:30:00+05:30,4551,4557,4546.4,4550.1,3350
2026-08-19T22:45:00+05:30,4550.3,4550.3,4544,4545.8,3115
2026-08-19T23:00:00+05:30,4545.9,4549.2,4541.9,4546.6,1337
2026-08-19T23:15:00+05:30,4546.2,4547.4,4542,4545,906
2026-08-19T23:30:00+05:30,4544.9,4554.6,4543.4,4546.3,2821
2026-08-19T23:45:00+05:30,4546.1,4546.2,4531.1,4533.8,4406
2026-08-20T00:00:00+05:30,4533.9,4550,4530.4,4548.6,6668
2026-08-20T00:15:00+05:30,4548.6,4556,4547.5,4553.3,1636
2026-08-20T00:30:00+05:30,4553.3,4564.1,4552.3,4561.6,3149
2026-08-20T00:45:00+05:30,4561.5,4566,4560.8,4565.1,2064
2026-08-20T01:00:00+05:30,4565.2,4568.9,4559.1,4564.5,3033
2026-08-20T01:15:00+05:30,4564.5,4569.6,4562.6,4568,1922
2026-08-20T01:30:00+05:30,4568.4,4569.5,4562.8,4564.5,973
2026-08-20T01:45:00+05:30,4564.7,4580.3,4564.2,4576.7,2937
2026-08-20T02:00:00+05:30,4576.7,4582.2,4576.2,4577.3,947
2026-08-20T02:15:00+05:30,4578.3,4582.8,4577.9,4580.7,848
2026-08-20T03:30:00+05:30,4580,4583.8,4576.4,4577.6,998
2026-08-20T03:45:00+05:30,4577.5,4578.7,4576.2,4578,466
2026-08-20T04:00:00+05:30,4577.7,4579,4574.8,4575.7,678
2026-08-20T04:15:00+05:30,4575.9,4579.2,4573.5,4575.9,573
2026-08-20T04:30:00+05:30,4576.4,4581.2,4574.8,4577,738
2026-08-20T04:45:00+05:30,4576.6,4577.6,4572.3,4574.8,554
2026-08-20T05:00:00+05:30,4575.1,4575.5,4570.7,4571.6,600
2026-08-20T05:15:00+05:30,4571.7,4574.9,4568.4,4569.2,637
2026-08-20T05:30:00+05:30,4568.7,4576.3,4567.7,4573.8,723
2026-08-20T05:45:00+05:30,4574,4578.6,4565.8,4567.8,1058
2026-08-20T06:00:00+05:30,4566.8,4570.4,4560.2,4563.6,1074
2026-08-20T06:15:00+05:30,4563.4,4567.9,4561.4,4562,1151
2026-08-20T06:30:00+05:30,4562.3,4567.9,4549.4,4550.8,3665
2026-08-20T06:45:00+05:30,4551.3,4561.1,4550.9,4558.3,1490
2026-08-20T07:00:00+05:30,4558,4559,4551,4551.3,1085
2026-08-20T07:15:00+05:30,4551.5,4553,4542.1,4547.4,2370
2026-08-20T07:30:00+05:30,4547.3,4557.6,4546.1,4555.5,1734
2026-08-20T07:45:00+05:30,4555.3,4555.6,4547.1,4550.6,966
2026-08-20T08:00:00+05:30,4550.1,4552.1,4547.6,4548.2,741
2026-08-20T08:15:00+05:30,4547.9,4552,4546.5,4548.1,737
2026-08-20T08:30:00+05:30,4548.2,4554.5,4545.7,4550.1,785
2026-08-20T08:45:00+05:30,4549.9,4554.2,4547.9,4551.1,779
2026-08-20T09:00:00+05:30,4550.8,4556.7,4550,4555.6,782
2026-08-20T09:15:00+05:30,4555.4,4558.8,4554.8,4556.2,612
2026-08-20T09:30:00+05:30,4556.4,4556.6,4552.4,4553.6,909
2026-08-20T09:45:00+05:30,4553.6,4554.3,4547.1,4547.4,696
2026-08-20T10:00:00+05:30,4547.2,4548.3,4543.4,4544.4,786
2026-08-20T10:15:00+05:30,4544.3,4549.1,4544.1,4546.1,458
2026-08-20T10:30:00+05:30,4546,4551.4,4541.5,4542.9,756
2026-08-20T10:45:00+05:30,4542.9,4544.5,4540,4540.5,950
2026-08-20T11:00:00+05:30,4540,4543.1,4535.2,4537.8,1235
2026-08-20T11:15:00+05:30,4537.9,4540.5,4534.8,4538.5,796
2026-08-20T11:30:00+05:30,4538.6,4550.7,4537.2,4550.1,1921
2026-08-20T11:45:00+05:30,4550.4,4553.5,4549.1,4551.3,1743
2026-08-20T12:00:00+05:30,4551.3,4553,4549.5,4550.1,987
2026-08-20T12:15:00+05:30,4550.4,4553,4548.5,4550.8,1218
2026-08-20T12:30:00+05:30,4550.6,4551,4543.9,4544.5,1180
2026-08-20T12:45:00+05:30,4544.4,4547.1,4540.1,4540.5,1075
2026-08-20T13:00:00+05:30,4540.8,4550.2,4540.1,4547.9,1510
2026-08-20T13:15:00+05:30,4547.5,4552.7,4545.3,4547.6,997
2026-08-20T13:30:00+05:30,4547.9,4552.3,4547.6,4551.4,1392
2026-08-20T13:45:00+05:30,4551.1,4555.9,4547,4548.6,1762
2026-08-20T14:00:00+05:30,4548.1,4552.4,4543.9,4547.4,1652
2026-08-20T14:15:00+05:30,4547.3,4549,4544.4,4546.1,639
2026-08-20T14:30:00+05:30,4546.2,4551,4545.2,4549.1,760
2026-08-20T14:45:00+05:30,4549,4550.5,4544.7,4546.8,880
2026-08-20T15:00:00+05:30,4546.6,4547.2,4541,4545.7,1508
2026-08-20T15:15:00+05:30,4545.6,4545.6,4538.2,4538.9,1227
2026-08-20T15:30:00+05:30,4539.1,4547.8,4537,4547.1,1171
2026-08-20T15:45:00+05:30,4547.4,4550.5,4542.6,4550.2,919
2026-08-20T16:00:00+05:30,4550.3,4552.5,4546.5,4547.5,1014
2026-08-20T16:15:00+05:30,4547.7,4547.7,4543.8,4546.4,481
2026-08-20T16:30:00+05:30,4546.7,4547.9,4539.4,4541.7,2436
2026-08-20T16:45:00+05:30,4541.6,4546.3,4537.6,4540.8,1182
2026-08-20T17:00:00+05:30,4541.1,4543.2,4530.1,4530.9,2408
2026-08-20T17:15:00+05:30,4530.8,4531.9,4521.2,4523.1,3889
2026-08-20T17:30:00+05:30,4523.3,4523.4,4506.2,4518,6488
2026-08-20T17:45:00+05:30,4517.8,4523.4,4512.2,4514.3,3218
2026-08-20T18:00:00+05:30,4514.9,4522.3,4506,4522,3924
2026-08-20T18:15:00+05:30,4521.6,4532.3,4519,4529.7,2929
2026-08-20T18:30:00+05:30,4529.8,4539.6,4526.7,4527.9,3540
2026-08-20T18:45:00+05:30,4528.2,4531.9,4525,4526.7,1668
2026-08-20T19:00:00+05:30,4526.8,4543,4524.1,4541.9,5582
2026-08-20T19:15:00+05:30,4541.7,4544.4,4534.3,4537,3464
2026-08-20T19:30:00+05:30,4536.8,4545.9,4535.8,4541,4498
2026-08-20T19:45:00+05:30,4541,4549.9,4537.4,4547.4,3735
2026-08-20T20:00:00+05:30,4547.6,4556.9,4547.5,4555.1,3651
2026-08-20T20:15:00+05:30,4555,4572,4554.5,4571.7,5080
2026-08-20T20:30:00+05:30,4571.8,4593.7,4570.7,4591.5,13206
2026-08-20T20:45:00+05:30,4591.2,4597.1,4579.2,4588.6,6746
2026-08-20T21:00:00+05:30,4588.4,4590,4563.5,4567.6,5952
2026-08-20T21:15:00+05:30,4567.5,4579.8,4566.8,4577.3,2723
2026-08-20T21:30:00+05:30,4577.5,4580.7,4566.2,4567.1,2017
2026-08-20T21:45:00+05:30,4566.9,4569.2,4561.4,4565.6,1863
2026-08-20T22:00:00+05:30,4565.9,4569.3,4559.2,4565.7,1869
2026-08-20T22:15:00+05:30,4565.6,4570.6,4563.9,4566.7,1480
2026-08-20T22:30:00+05:30,4566.7,4570.9,4564.1,4565.8,1587
2026-08-20T22:45:00+05:30,4565.6,4573.4,4564.3,4569.6,2648
2026-08-20T23:00:00+05:30,4569.6,4575.2,4567.3,4574.9,1140
2026-08-20T23:15:00+05:30,4574.7,4576.9,4573.6,4576,699
2026-08-20T23:30:00+05:30,4576,4578.8,4565.3,4567.3,1899
2026-08-20T23:45:00+05:30,4567.4,4576.6,4564.7,4575.9,1069
2026-08-21T00:00:00+05:30,4575.3,4579.7,4575,4576.5,697
2026-08-21T00:15:00+05:30,4576.6,4581.7,4574.1,4578.5,1468
2026-08-21T00:30:00+05:30,4578.3,4584.6,4574.7,4584.2,837
2026-08-21T00:45:00+05:30,4584.2,4585.9,4579.1,4579.2,963
2026-08-21T01:00:00+05:30,4579,4585.7,4578.2,4582.2,807
2026-08-21T01:15:00+05:30,4582.4,4588,4581,4584.9,1387
2026-08-21T01:30:00+05:30,4584.5,4585.2,4578.8,4578.9,653
2026-08-21T01:45:00+05:30,4578.7,4579,4576.7,4577.1,377
2026-08-21T02:00:00+05:30,4577.1,4577.2,4573,4574.4,434
2026-08-21T02:15:00+05:30,4574.6,4577.3,4574,4575.1,404
2026-08-21T03:30:00+05:30,4577,4577.7,4571,4574.6,451
2026-08-21T03:45:00+05:30,4574.6,4576.8,4574,4575.4,385
2026-08-21T04:00:00+05:30,4575.6,4579.8,4574.4,4578.7,600
2026-08-21T04:15:00+05:30,4578.9,4580.2,4575.5,4580.2,685
2026-08-21T04:30:00+05:30,4579.9,4589,4579.4,4587.6,1361
2026-08-21T04:45:00+05:30,4587.5,4588.4,4578.5,4583.2,979
2026-08-21T05:00:00+05:30,4582.9,4584.5,4577.1,4580.8,777
2026-08-21T05:15:00+05:30,4581,4584.3,4579.2,4582.2,317
2026-08-21T05:30:00+05:30,4582.3,4583.7,4573.8,4575.1,796
2026-08-21T05:45:00+05:30,4574.9,4577.4,4570.4,4571.4,850
2026-08-21T06:00:00+05:30,4571.9,4573.9,4567.4,4570.4,883
2026-08-21T06:15:00+05:30,4570.7,4570.9,4566.3,4567.2,539
2026-08-21T06:30:00+05:30,4567.2,4577.7,4565.5,4577.4,1622
2026-08-21T06:45:00+05:30,4577.5,4587.3,4577,4586.4,1314
2026-08-21T07:00:00+05:30,4585.9,4600.3,4579.8,4582.4,3131
2026-08-21T07:15:00+05:30,4582.6,4589.6,4581.8,4587,914
2026-08-21T07:30:00+05:30,4586.8,4587.5,4574,4576.3,1717
2026-08-21T07:45:00+05:30,4577.2,4585.3,4576.1,4583.3,665
2026-08-21T08:00:00+05:30,4583.9,4594,4581.3,4593.7,1119
2026-08-21T08:15:00+05:30,4594.1,4599.2,4588.7,4590,1398
2026-08-21T08:30:00+05:30,4590,4594.7,4588.2,4588.9,622
2026-08-21T08:45:00+05:30,4588.9,4591.2,4585.7,4585.9,581
2026-08-21T09:00:00+05:30,4585.9,4591.8,4582.6,4585,770
2026-08-21T09:15:00+05:30,4585.2,4591.6,4584.2,4591.2,530
2026-08-21T09:30:00+05:30,4591.5,4598.5,4591.2,4596.6,932
2026-08-21T09:45:00+05:30,4596.4,4603.9,4594,4603.2,1679
2026-08-21T10:00:00+05:30,4603.4,4604.4,4597,4598.1,1113
2026-08-21T10:15:00+05:30,4598,4598.7,4596.3,4596.8,229
2026-08-21T10:30:00+05:30,4596.4,4596.9,4590.9,4593.6,963
2026-08-21T10:45:00+05:30,4593.7,4595,4586.7,4586.7,1008
2026-08-21T11:00:00+05:30,4586.5,4599.7,4585.4,4599.5,1143
2026-08-21T11:15:00+05:30,4599.5,4612.4,4597.8,4610.1,2422
2026-08-21T11:30:00+05:30,4609.9,4611.5,4601.8,4605.2,1360
2026-08-21T11:45:00+05:30,4605.4,4615.1,4605.4,4612.2,2339
2026-08-21T12:00:00+05:30,4612,4622.8,4611.3,4619.5,2863
2026-08-21T12:15:00+05:30,4619.7,4624.7,4617.8,4617.9,1834
2026-08-21T12:30:00+05:30,4617.8,4623,4615.4,4618.4,1966
2026-08-21T12:45:00+05:30,4618.6,4624.8,4616.7,4618.6,1382
2026-08-21T13:00:00+05:30,4618.5,4623.5,4617,4621.1,1157
2026-08-21T13:15:00+05:30,4621.4,4625,4617.9,4621,1095
2026-08-21T13:30:00+05:30,4621.4,4625,4615.8,4622.3,1974
2026-08-21T13:45:00+05:30,4622.6,4638.9,4620.8,4636.7,4125
2026-08-21T14:00:00+05:30,4636.7,4641.2,4633.5,4639.7,2740
2026-08-21T14:15:00+05:30,4639.6,4642,4637,4641,1175
2026-08-21T14:30:00+05:30,4641.1,4659,4638.9,4656.8,5196
2026-08-21T14:45:00+05:30,4656.9,4659.4,4638.3,4639.6,3916
2026-08-21T15:00:00+05:30,4639.3,4644.3,4638.1,4640.4,2224
2026-08-21T15:15:00+05:30,4640.3,4642.8,4637.6,4639.7,1842
2026-08-21T15:30:00+05:30,4639.4,4646,4634.5,4635.7,2685
2026-08-21T15:45:00+05:30,4636,4646.4,4635.3,4645.6,1529
2026-08-21T16:00:00+05:30,4645.8,4651.6,4642.7,4650.4,1255
2026-08-21T16:15:00+05:30,4650.4,4650.7,4645,4645.8,1367
2026-08-21T16:30:00+05:30,4645.5,4652.8,4644.3,4647.5,1342
2026-08-21T16:45:00+05:30,4648.2,4659.3,4648.2,4655.7,2335
2026-08-21T17:00:00+05:30,4655.9,4661.7,4650.3,4654.3,2343
2026-08-21T17:15:00+05:30,4654.3,4657.7,4653,4654.4,1580
2026-08-21T17:30:00+05:30,4654.7,4659.1,4646.5,4650,3451
2026-08-21T17:45:00+05:30,4650.1,4653.2,4638,4642.2,4118
2026-08-21T18:00:00+05:30,4642,4642,4620.5,4630.5,6662
2026-08-21T18:15:00+05:30,4630.3,4637.9,4630.2,4634.7,3206
2026-08-21T18:30:00+05:30,4634.6,4643.9,4632.5,4642,2944
2026-08-21T18:45:00+05:30,4642.4,4644.7,4635.9,4641.1,1694
2026-08-21T19:00:00+05:30,4640.9,4647.9,4630,4645,4637
2026-08-21T19:15:00+05:30,4644.6,4650.2,4633.8,4638.3,4828
2026-08-21T19:30:00+05:30,4638.1,4647.8,4637,4646.3,3134
2026-08-21T19:45:00+05:30,4646.4,4659.8,4642.9,4659.5,4068
2026-08-21T20:00:00+05:30,4659.7,4660.2,4636.5,4639,5497
2026-08-21T20:15:00+05:30,4639.1,4652,4637,4648.1,3083
2026-08-21T20:30:00+05:30,4648.5,4655.1,4644.1,4652.2,2402
2026-08-21T20:45:00+05:30,4652.3,4665.5,4652,4660.3,3771
2026-08-21T21:00:00+05:30,4660.3,4668.2,4657,4666.9,2818
2026-08-21T21:15:00+05:30,4667.2,4673,4664.2,4672,2677
2026-08-21T21:30:00+05:30,4672.1,4675,4666.3,4672.1,2418
2026-08-21T21:45:00+05:30,4672.1,4678.4,4667.8,4671.6,2272
2026-08-21T22:00:00+05:30,4671.7,4679.6,4669.8,4678.9,2299
2026-08-21T22:15:00+05:30,4678.9,4687.2,4678.4,4686.6,2780
2026-08-21T22:30:00+05:30,4686.7,4690.4,4679.7,4681.4,4445
2026-08-21T22:45:00+05:30,4681.3,4684.2,4673.4,4680.1,4940
2026-08-21T23:00:00+05:30,4680.4,4683.1,4676.9,4677.7,2013
2026-08-21T23:15:00+05:30,4678,4680.7,4675.1,4678.7,1878
2026-08-21T23:30:00+05:30,4679,4685.9,4678.6,4682.5,1023
2026-08-21T23:45:00+05:30,4682.5,4686.1,4682.5,4683.5,578
2026-08-22T00:00:00+05:30,4683.3,4683.3,4677.5,4678.5,1261
2026-08-22T00:15:00+05:30,4678.8,4684,4678.8,4681.8,1023
2026-08-22T00:30:00+05:30,4682.1,4683.1,4675.9,4680,1131
2026-08-22T00:45:00+05:30,4680.2,4680.4,4675.3,4675.6,793
2026-08-22T01:00:00+05:30,4675.5,4676.9,4673,4675.4,880
2026-08-22T01:15:00+05:30,4675.4,4680.6,4673,4674.7,1499
2026-08-22T01:30:00+05:30,4674.6,4675.4,4672.6,4674.6,598
2026-08-22T01:45:00+05:30,4674.4,4675,4667.6,4668,575
2026-08-22T02:00:00+05:30,4668,4669.6,4665.4,4665.8,394
2026-08-22T02:15:00+05:30,4665.6,4666.4,4661,4661.6,971
2026-08-24T03:30:00+05:30,4673.4,4684,4666.1,4675.4,1693
2026-08-24T03:45:00+05:30,4675.1,4678.7,4670.2,4671.6,647
2026-08-24T04:00:00+05:30,4671.1,4674.2,4664,4667.5,692
2026-08-24T04:15:00+05:30,4667.6,4668,4663,4663.1,387
2026-08-24T04:30:00+05:30,4663.5,4666.5,4661.9,4665,473
2026-08-24T04:45:00+05:30,4664.8,4673.9,4664,4672.6,812
2026-08-24T05:00:00+05:30,4672.4,4676.3,4664.8,4665.5,993
2026-08-24T05:15:00+05:30,4665.7,4682,4665.4,4681.6,1083
2026-08-24T05:30:00+05:30,4681.6,4698.6,4677.8,4694.9,2912
2026-08-24T05:45:00+05:30,4694.8,4698.1,4651.8,4661.6,3188
2026-08-24T06:00:00+05:30,4661.6,4666,4658.2,4664.1,1537
2026-08-24T06:15:00+05:30,4663.1,4680.3,4660.9,4678.8,1393
2026-08-24T06:30:00+05:30,4679,4692,4675.7,4679.1,2911
2026-08-24T06:45:00+05:30,4679,4682.6,4667.9,4671.4,1671
2026-08-24T07:00:00+05:30,4671.5,4677.7,4664.6,4674.6,1518
2026-08-24T07:15:00+05:30,4674.8,4694.3,4671.5,4688.6,1943
2026-08-24T07:30:00+05:30,4688.7,4709,4684.4,4707.5,3329
2026-08-24T07:45:00+05:30,4707.1,4712.4,4706.2,4712.3,1756
2026-08-24T08:00:00+05:30,4712.4,4713.8,4694.6,4694.9,1952
2026-08-24T08:15:00+05:30,4694.6,4701.5,4684.3,4700.4,2567
2026-08-24T08:30:00+05:30,4700.4,4700.7,4690,4694.1,1010
2026-08-24T08:45:00+05:30,4694.2,4705.1,4691.8,4700.5,911
2026-08-24T09:00:00+05:30,4700.6,4707,4699.6,4700,731
2026-08-24T09:15:00+05:30,4699.8,4701.9,4696.8,4698.1,684
2026-08-24T09:30:00+05:30,4698.2,4699,4688.9,4694.7,1041
2026-08-24T09:45:00+05:30,4694.7,4698.1,4690.8,4696.6,596
2026-08-24T10:00:00+05:30,4696.6,4697,4689.1,4694.4,397
2026-08-24T10:15:00+05:30,4694.1,4696.4,4692,4695.2,340
2026-08-24T10:30:00+05:30,4695.8,4699.4,4694.9,4699.1,565
2026-08-24T10:45:00+05:30,4699.5,4702.5,4692.2,4692.2,750
2026-08-24T11:00:00+05:30,4692,4695.6,4685.5,4689.4,1660
2026-08-24T11:15:00+05:30,4689.2,4699.3,4686.3,4697.3,939
2026-08-24T11:30:00+05:30,4697.5,4708.8,4695.8,4708.2,1724
2026-08-24T11:45:00+05:30,4708.5,4716.7,4697.4,4698.7,2520
2026-08-24T12:00:00+05:30,4699.3,4710.1,4698.4,4699.5,1318
2026-08-24T12:15:00+05:30,4699.5,4710.1,4699,4706.7,1352
2026-08-24T12:30:00+05:30,4706.4,4711,4700.6,4704.4,1256
2026-08-24T12:45:00+05:30,4704,4706.2,4698,4699,935
2026-08-24T13:00:00+05:30,4698.4,4704,4690.5,4690.6,1566
2026-08-24T13:15:00+05:30,4691.1,4699.7,4686,4697.4,2584
2026-08-24T13:30:00+05:30,4697.8,4702,4691.4,4692.7,1814
2026-08-24T13:45:00+05:30,4693,4696.2,4684.8,4684.8,2072
2026-08-24T14:00:00+05:30,4685,4701.8,4684.2,4700.9,1910
2026-08-24T14:15:00+05:30,4701.3,4702,4691.2,4693.5,1048
2026-08-24T14:30:00+05:30,4693.7,4700.3,4692.9,4697.3,2019
2026-08-24T14:45:00+05:30,4697.2,4697.2,4690.3,4691.4,1429
2026-08-24T15:00:00+05:30,4691.6,4696.6,4688.8,4695.3,2330
2026-08-24T15:15:00+05:30,4695.3,4702.7,4695.2,4702.4,1402
2026-08-24T15:30:00+05:30,4702.4,4707,4702.4,4704.9,1822
2026-08-24T15:45:00+05:30,4705.3,4705.6,4699.2,4700.7,1054
2026-08-24T16:00:00+05:30,4700.4,4706.4,4699.9,4701.3,1065
2026-08-24T16:15:00+05:30,4701.4,4704.3,4698.6,4700.3,1196
2026-08-24T16:30:00+05:30,4700.1,4703.9,4696.2,4699.2,1631
2026-08-24T16:45:00+05:30,4699.6,4705.4,4697.9,4704,1101
2026-08-24T17:00:00+05:30,4704.1,4728.3,4700.9,4716.7,7491
2026-08-24T17:15:00+05:30,4716.9,4719.2,4705.6,4715,2991
2026-08-24T17:30:00+05:30,4715.2,4717.8,4707.4,4715.5,1641
2026-08-24T17:45:00+05:30,4714.7,4720.5,4709,4719.4,2152
2026-08-24T18:00:00+05:30,4719.4,4726.9,4702,4715,3914
2026-08-24T18:15:00+05:30,4715.3,4725.2,4711.9,4720.7,1902
2026-08-24T18:30:00+05:30,4720.9,4735.7,4719.3,4735,3179
2026-08-24T18:45:00+05:30,4734.9,4735.9,4725.1,4730.1,2585
2026-08-24T19:00:00+05:30,4730.1,4738.5,4715.6,4716,5340
2026-08-24T19:15:00+05:30,4715.8,4735.6,4713.3,4721.8,5490
2026-08-24T19:30:00+05:30,4721.5,4729.2,4717,4722.5,3491
2026-08-24T19:45:00+05:30,4722.3,4732.2,4712,4729,3202
2026-08-24T20:00:00+05:30,4729.1,4736.1,4726.4,4729.2,2751
2026-08-24T20:15:00+05:30,4729.5,4733.3,4714,4727.6,4186
2026-08-24T20:30:00+05:30,4727.8,4734,4722.6,4730.3,2007
2026-08-24T20:45:00+05:30,4730.3,4737,4725.3,4733,2560
2026-08-24T21:00:00+05:30,4733.1,4735.2,4716.8,4718,3313
2026-08-24T21:15:00+05:30,4717.6,4720.3,4696.5,4706,8119
2026-08-24T21:30:00+05:30,4706,4719,4703.1,4714.8,4131
2026-08-24T21:45:00+05:30,4714.5,4717.7,4713.3,4716.2,1030
2026-08-24T22:00:00+05:30,4716.2,4719.6,4715.9,4717.1,963
2026-08-24T22:15:00+05:30,4717.3,4717.7,4697.9,4701.9,2834
2026-08-24T22:30:00+05:30,4702.1,4712.7,4698.8,4709,3210
2026-08-24T22:45:00+05:30,4708.8,4711.2,4686.6,4695,6853
2026-08-24T23:00:00+05:30,4695.1,4699.6,4692.1,4695.5,1610
2026-08-24T23:15:00+05:30,4695.2,4695.8,4689.3,4693.3,1609
2026-08-24T23:30:00+05:30,4693,4697.5,4681.2,4688.5,3161
2026-08-24T23:45:00+05:30,4688.9,4699,4683.7,4697.3,2499
2026-08-25T00:00:00+05:30,4697.2,4698.7,4681.4,4691.1,2073
2026-08-25T00:15:00+05:30,4691.4,4694,4687.8,4693,687
2026-08-25T00:30:00+05:30,4692.7,4697,4692.2,4692.5,823
2026-08-25T00:45:00+05:30,4692.7,4701.2,4692.2,4697.7,846
2026-08-25T01:00:00+05:30,4697.6,4706.7,4696.2,4706,1031
2026-08-25T01:15:00+05:30,4705.9,4712.1,4705.7,4707.5,1662
2026-08-25T01:30:00+05:30,4707.9,4711.5,4706.4,4707.2,1479
2026-08-25T01:45:00+05:30,4706.9,4710,4705,4705.3,694
2026-08-25T02:00:00+05:30,4705.6,4706.2,4703.5,4703.9,176
2026-08-25T02:15:00+05:30,4704.4,4710,4703.4,4710,781
2026-08-25T03:30:00+05:30,4710.1,4718,4708.4,4715.6,542
2026-08-25T03:45:00+05:30,4715.9,4716.4,4713.5,4714.2,144
2026-08-25T04:00:00+05:30,4714.9,4718.1,4714,4718,286
2026-08-25T04:15:00+05:30,4718.2,4725.6,4717.8,4724.5,562
2026-08-25T04:30:00+05:30,4724.6,4729.4,4723,4729.2,694
2026-08-25T04:45:00+05:30,4729.2,4733.7,4726,4726,832
2026-08-25T05:00:00+05:30,4726.1,4734.1,4724.5,4734,913
2026-08-25T05:15:00+05:30,4733.8,4740.6,4732,4737.2,1624
2026-08-25T05:30:00+05:30,4737.3,4749,4732.7,4747.8,2257
2026-08-25T05:45:00+05:30,4747.8,4748.9,4733.8,4739.8,1352
2026-08-25T06:00:00+05:30,4740,4755,4739.1,4751.3,2370
2026-08-25T06:15:00+05:30,4751.5,4752.4,4740.7,4741,1363
2026-08-25T06:30:00+05:30,4740.8,4743.3,4727.6,4735,2869
2026-08-25T06:45:00+05:30,4734.1,4737.1,4720.6,4726,2376
2026-08-25T07:00:00+05:30,4726.6,4731.3,4723.3,4726.7,1650
2026-08-25T07:15:00+05:30,4726.9,4732.5,4713.2,4714.7,2638
2026-08-25T07:30:00+05:30,4714.5,4718.3,4694.2,4698.1,3641
2026-08-25T07:45:00+05:30,4697.7,4713,4697.1,4712.8,1605
2026-08-25T08:00:00+05:30,4712.5,4712.9,4686.8,4686.8,3167
2026-08-25T08:15:00+05:30,4687.3,4693.7,4670.5,4685.5,5000
2026-08-25T08:30:00+05:30,4685.7,4693.8,4678.1,4689.5,2245
2026-08-25T08:45:00+05:30,4689.6,4694.1,4687.9,4693.9,820
2026-08-25T09:00:00+05:30,4693,4697.7,4690,4690.1,1063
2026-08-25T09:15:00+05:30,4690.1,4691.6,4687.2,4689.1,616
2026-08-25T09:30:00+05:30,4689.4,4693.5,4686.4,4693.2,555
2026-08-25T09:45:00+05:30,4692.6,4693,4684.6,4686.7,596
2026-08-25T10:00:00+05:30,4686.6,4688.3,4679.5,4681.6,1184
2026-08-25T10:15:00+05:30,4681.4,4684.1,4679.9,4681.1,457
2026-08-25T10:30:00+05:30,4681.3,4694.9,4679.3,4693.6,1648
2026-08-25T10:45:00+05:30,4693.5,4704,4693.5,4702.4,1567
2026-08-25T11:00:00+05:30,4702.5,4703.3,4693.7,4694.7,1399
2026-08-25T11:15:00+05:30,4694.5,4701.5,4691.7,4698.5,1212
2026-08-25T11:30:00+05:30,4698.4,4706.6,4697,4705.7,1242
2026-08-25T11:45:00+05:30,4705.6,4709.6,4701.6,4706.3,1050
2026-08-25T12:00:00+05:30,4706.2,4709.6,4704,4704,718
2026-08-25T12:15:00+05:30,4704.2,4705.7,4693,4694.6,1319
2026-08-25T12:30:00+05:30,4695,4698.3,4692.8,4696.2,1131
2026-08-25T12:45:00+05:30,4695.8,4700.3,4690.5,4691.1,1349
2026-08-25T13:00:00+05:30,4691.1,4696.7,4690.2,4695.9,1158
2026-08-25T13:15:00+05:30,4696.1,4697.2,4685.8,4686.1,1737
2026-08-25T13:30:00+05:30,4686.1,4687.6,4676.3,4683.1,1988
2026-08-25T13:45:00+05:30,4682.8,4702,4682.2,4689.1,2290
2026-08-25T14:00:00+05:30,4689.1,4691.5,4681.6,4687.9,1527
2026-08-25T14:15:00+05:30,4687.7,4689.6,4680.9,4685.7,733
2026-08-25T14:30:00+05:30,4685.7,4689,4680.3,4686,1000
2026-08-25T14:45:00+05:30,4686.3,4689.1,4681.3,4681.7,748
2026-08-25T15:00:00+05:30,4681.8,4695.1,4679.5,4692.8,2689
2026-08-25T15:15:00+05:30,4692.9,4698.1,4691.2,4691.7,1227
2026-08-25T15:30:00+05:30,4691.6,4694,4688.5,4690.4,914
2026-08-25T15:45:00+05:30,4690.9,4694.3,4688.5,4689.4,709
2026-08-25T16:00:00+05:30,4689.4,4696.7,4688.1,4693.6,794
2026-08-25T16:15:00+05:30,4693.7,4698.2,4692.9,4695,703
2026-08-25T16:30:00+05:30,4694.8,4698.8,4691.9,4698.4,1234
2026-08-25T16:45:00+05:30,4698.5,4700.5,4694.5,4697.2,959
2026-08-25T17:00:00+05:30,4697.1,4701.2,4696.2,4696.6,953
2026-08-25T17:15:00+05:30,4696.7,4703.5,4696.6,4698.4,1036
2026-08-25T17:30:00+05:30,4698.7,4698.9,4691,4694.8,1586
2026-08-25T17:45:00+05:30,4694.6,4695.1,4687.3,4692.8,2153
2026-08-25T18:00:00+05:30,4692.7,4696,4685.3,4693.7,1860
2026-08-25T18:15:00+05:30,4693.4,4699.6,4692.8,4695.7,1348
2026-08-25T18:30:00+05:30,4696.3,4696.6,4678.1,4678.5,3541
2026-08-25T18:45:00+05:30,4678.1,4683.2,4663.4,4664.7,5183
2026-08-25T19:00:00+05:30,4665.1,4678.7,4664.2,4667.7,3617
2026-08-25T19:15:00+05:30,4667.6,4673,4659.5,4671.4,4246
2026-08-25T19:30:00+05:30,4671.3,4682.4,4668.8,4678.2,4298
2026-08-25T19:45:00+05:30,4678.7,4684.5,4674.1,4679.8,2888
2026-08-25T20:00:00+05:30,4679.7,4694.2,4667.3,4693.1,5003
2026-08-25T20:15:00+05:30,4693,4696,4688.8,4691.6,2196
2026-08-25T20:30:00+05:30,4691.8,4693.3,4686.3,4689.2,1758
2026-08-25T20:45:00+05:30,4689.3,4701,4685.1,4695.8,2668
2026-08-25T21:00:00+05:30,4696,4716.4,4696,4713.3,5909
2026-08-25T21:15:00+05:30,4713.3,4714.1,4705.9,4709.5,2571
2026-08-25T21:30:00+05:30,4709.6,4710.2,4699.5,4701.4,2560
2026-08-25T21:45:00+05:30,4701.2,4703.8,4694.6,4698,2780
2026-08-25T22:00:00+05:30,4697.8,4702.6,4694.3,4701.2,1988
2026-08-25T22:15:00+05:30,4701.5,4703.8,4697.7,4700.8,1589
2026-08-25T22:30:00+05:30,4700.6,4700.6,4691.3,4694.8,1893
2026-08-25T22:45:00+05:30,4695.3,4702.4,4691.8,4694.2,2813
2026-08-25T23:00:00+05:30,4694.2,4701.7,4693.5,4700.2,1311
2026-08-25T23:15:00+05:30,4700.2,4705.8,4699.9,4705.8,1066
2026-08-25T23:30:00+05:30,4705.8,4707.4,4701.7,4704.5,986
2026-08-25T23:45:00+05:30,4704.1,4707.6,4703.3,4706.8,554
2026-08-26T00:00:00+05:30,4707,4707.3,4702.7,4706,645
2026-08-26T00:15:00+05:30,4706,4711.8,4706,4711.4,1018
2026-08-26T00:30:00+05:30,4711.4,4720,4710.4,4719.2,1866
2026-08-26T00:45:00+05:30,4719.3,4725.6,4717,4717.9,1636
2026-08-26T01:00:00+05:30,4718,4721.9,4714.7,4719,1405
2026-08-26T01:15:00+05:30,4718.8,4724.3,4717.1,4723.4,2015
2026-08-26T01:30:00+05:30,4723.3,4726,4719.7,4722.7,1034
2026-08-26T01:45:00+05:30,4722.9,4724.9,4719,4719.5,413
2026-08-26T02:00:00+05:30,4719.7,4721.2,4717.3,4718.4,397
2026-08-26T02:15:00+05:30,4718.8,4719.4,4714.1,4715.9,600
2026-08-26T03:30:00+05:30,4715.7,4722.3,4712.1,4721.7,446
2026-08-26T03:45:00+05:30,4721.6,4724.3,4721.6,4723.9,457
2026-08-26T04:00:00+05:30,4723.8,4727.8,4723.8,4727.2,493
2026-08-26T04:15:00+05:30,4727.2,4730.9,4727.2,4729.7,526
2026-08-26T04:30:00+05:30,4729.7,4730.6,4724,4725.1,502
2026-08-26T04:45:00+05:30,4725,4725.1,4717.5,4718.3,685
2026-08-26T05:00:00+05:30,4718.5,4718.8,4712.8,4713.5,675
2026-08-26T05:15:00+05:30,4713.1,4716,4710.3,4712.1,707
2026-08-26T05:30:00+05:30,4711.9,4715.2,4707.4,4708.4,996
2026-08-26T05:45:00+05:30,4708.3,4712.3,4700.1,4703.7,1029
2026-08-26T06:00:00+05:30,4704.2,4707.2,4693.1,4694.1,1612
2026-08-26T06:15:00+05:30,4694,4695.7,4691.1,4694.2,1164
2026-08-26T06:30:00+05:30,4694.6,4704.7,4686.2,4700.8,2665
2026-08-26T06:45:00+05:30,4701.5,4707.1,4700,4700.3,1478
2026-08-26T07:00:00+05:30,4700.3,4703.9,4695.6,4701.1,1580
2026-08-26T07:15:00+05:30,4702.1,4717.7,4700.1,4713.8,1606
2026-08-26T07:30:00+05:30,4713.6,4718.5,4711.6,4717,1024
2026-08-26T07:45:00+05:30,4717,4718.7,4712.6,4715.5,785
2026-08-26T08:00:00+05:30,4715.4,4728,4714.5,4724.3,1877
2026-08-26T08:15:00+05:30,4724.2,4726,4714.9,4715.2,749
2026-08-26T08:30:00+05:30,4715.4,4715.9,4704.2,4705.3,1197
2026-08-26T08:45:00+05:30,4705.1,4708.1,4702.4,4707.3,1104
2026-08-26T09:00:00+05:30,4707.2,4708.4,4702.3,4702.5,715
2026-08-26T09:15:00+05:30,4702.3,4702.4,4699.6,4699.6,629
2026-08-26T09:30:00+05:30,4699.8,4701.2,4698.9,4699.6,334
2026-08-26T09:45:00+05:30,4699.7,4700.5,4698.2,4699.2,406
2026-08-26T10:00:00+05:30,4699.4,4700.4,4696.4,4697.6,429
2026-08-26T10:15:00+05:30,4697.9,4698.8,4695.7,4697.6,350
2026-08-26T10:30:00+05:30,4697.5,4702.8,4697.3,4700.2,784
2026-08-26T10:45:00+05:30,4700.2,4702.2,4698.4,4700.2,448
2026-08-26T11:00:00+05:30,4700.4,4706.3,4694.7,4695,1375
2026-08-26T11:15:00+05:30,4694.6,4697.3,4692.2,4696.3,747
2026-08-26T11:30:00+05:30,4696.2,4698,4692.6,4694.2,771
2026-08-26T11:45:00+05:30,4694.2,4694.2,4681.1,4683.4,1671
2026-08-26T12:00:00+05:30,4683.4,4691.2,4682.6,4690.2,1143
2026-08-26T12:15:00+05:30,4690.1,4693.3,4687.1,4690.6,905
2026-08-26T12:30:00+05:30,4690.6,4695.7,4689.3,4693,1139
2026-08-26T12:45:00+05:30,4692.7,4694.3,4686.9,4687.5,738
2026-08-26T13:00:00+05:30,4687.6,4693,4685.1,4688.3,751
2026-08-26T13:15:00+05:30,4688.4,4691.2,4682.6,4685.1,1120
2026-08-26T13:30:00+05:30,4684.9,4686.7,4681.4,4681.5,993
2026-08-26T13:45:00+05:30,4681.3,4685.1,4677.3,4684.9,1332
2026-08-26T14:00:00+05:30,4685.2,4686.4,4680.6,4685,642
2026-08-26T14:15:00+05:30,4684.8,4685.4,4681.3,4683.7,477
2026-08-26T14:30:00+05:30,4684,4687,4679.2,4680.4,1748
2026-08-26T14:45:00+05:30,4680.3,4680.7,4671.3,4672.4,2195
2026-08-26T15:00:00+05:30,4672.1,4678.1,4672,4678,945
2026-08-26T15:15:00+05:30,4677.7,4681.6,4677.7,4679.5,725
2026-08-26T15:30:00+05:30,4679.6,4680,4673.9,4675.1,617
2026-08-26T15:45:00+05:30,4674.9,4676.8,4668.8,4670.8,1492
2026-08-26T16:00:00+05:30,4671.2,4680.1,4670.7,4678.3,872
2026-08-26T16:15:00+05:30,4678.4,4679.9,4674.6,4675.9,616
2026-08-26T16:30:00+05:30,4676.3,4677.9,4672.6,4674.1,589
2026-08-26T16:45:00+05:30,4674.4,4678.8,4672.1,4676,1178
2026-08-26T17:00:00+05:30,4676.4,4678.9,4673,4674.5,805
2026-08-26T17:15:00+05:30,4674.5,4681,4672.4,4680.3,801
2026-08-26T17:30:00+05:30,4680.6,4685.6,4679.4,4681.2,1520
2026-08-26T17:45:00+05:30,4681.3,4686.6,4680,4686.6,1597
2026-08-26T18:00:00+05:30,4686.6,4690,4666.9,4677.7,5076
2026-08-26T18:15:00+05:30,4677.6,4681.7,4666,4669.5,2771
2026-08-26T18:30:00+05:30,4670,4676.9,4662.6,4666.3,4786
2026-08-26T18:45:00+05:30,4666.2,4669.8,4653.3,4666.5,5185
2026-08-26T19:00:00+05:30,4666.7,4678.3,4665.5,4675,4164
2026-08-26T19:15:00+05:30,4675,4687,4673.4,4686.6,3673
2026-08-26T19:30:00+05:30,4686.7,4688.6,4675,4676.1,3202
2026-08-26T19:45:00+05:30,4676.2,4682.8,4672,4672.5,2094
2026-08-26T20:00:00+05:30,4672.4,4678.9,4668.6,4677.9,1820
2026-08-26T20:15:00+05:30,4677.9,4678.8,4658,4658.2,3828
2026-08-26T20:30:00+05:30,4658.5,4660.8,4642.6,4644,6768
2026-08-26T20:45:00+05:30,4644,4653.7,4638.2,4650.4,4827
2026-08-26T21:00:00+05:30,4650,4660.3,4649.9,4660.2,2103
2026-08-26T21:15:00+05:30,4660.4,4664.6,4651.4,4651.4,2965
2026-08-26T21:30:00+05:30,4651.6,4656.8,4645.9,4655.2,3064
2026-08-26T21:45:00+05:30,4655.4,4655.8,4648.8,4649.9,2082
2026-08-26T22:00:00+05:30,4650.2,4651.5,4640.8,4643.7,2012
2026-08-26T22:15:00+05:30,4643.3,4652.5,4643.3,4647.1,1621
2026-08-26T22:30:00+05:30,4647.1,4651.6,4645.9,4650.2,1043
2026-08-26T22:45:00+05:30,4650.3,4654.3,4648.8,4653.4,1937
2026-08-26T23:00:00+05:30,4653.2,4657.6,4651,4652.6,1701
2026-08-26T23:15:00+05:30,4652.5,4654.6,4649.4,4653.2,792
2026-08-26T23:30:00+05:30,4653.1,4660.3,4652.3,4655.9,1356
2026-08-26T23:45:00+05:30,4656,4656.2,4648,4650.2,1171
2026-08-27T00:00:00+05:30,4649.9,4652.6,4647.5,4652,955
2026-08-27T00:15:00+05:30,4651.6,4653,4648.3,4648.5,714
2026-08-27T00:30:00+05:30,4648.8,4650.4,4645.7,4649.1,620
2026-08-27T00:45:00+05:30,4649.1,4653.7,4645.8,4653.1,804
2026-08-27T01:00:00+05:30,4653.2,4656.3,4649,4650.2,783
2026-08-27T01:15:00+05:30,4650.5,4651.1,4647,4648.9,933
2026-08-27T01:30:00+05:30,4649,4651.4,4646,4646,481
2026-08-27T01:45:00+05:30,4646.4,4646.7,4638.6,4645.9,699
2026-08-27T02:00:00+05:30,4645.8,4648.4,4645,4646.4,230
2026-08-27T02:15:00+05:30,4646.6,4649.7,4646.5,4647.8,255
2026-08-27T03:30:00+05:30,4650,4660,4648.1,4656.6,648
2026-08-27T03:45:00+05:30,4657,4667.7,4656.2,4665.1,921
2026-08-27T04:00:00+05:30,4665.2,4666,4663.1,4665,374
2026-08-27T04:15:00+05:30,4665.3,4666.2,4660.7,4663.3,643
2026-08-27T04:30:00+05:30,4663.2,4669.5,4660.9,4669.5,858
2026-08-27T04:45:00+05:30,4669.1,4676.1,4668.2,4673.7,758
2026-08-27T05:00:00+05:30,4674.1,4678.7,4672,4676.8,574
2026-08-27T05:15:00+05:30,4676.3,4678.9,4674.7,4677.5,938
2026-08-27T05:30:00+05:30,4677.9,4681,4670.3,4672,984
2026-08-27T05:45:00+05:30,4671.7,4675.3,4667.4,4673.1,833
2026-08-27T06:00:00+05:30,4673,4673,4659.4,4660.4,1725
2026-08-27T06:15:00+05:30,4660.5,4665.3,4654.5,4659.2,1047
2026-08-27T06:30:00+05:30,4658.9,4679.1,4656.2,4678.9,1889
2026-08-27T06:45:00+05:30,4679.1,4679.5,4671.2,4672.8,1277
2026-08-27T07:00:00+05:30,4672.7,4686,4672.4,4678.4,1813
2026-08-27T07:15:00+05:30,4678.4,4695.4,4678.3,4694.6,2058
2026-08-27T07:30:00+05:30,4694.6,4697.7,4692.6,4695.4,1443
2026-08-27T07:45:00+05:30,4695,4695.2,4687.4,4687.9,1218
2026-08-27T08:00:00+05:30,4687.8,4688.4,4678.1,4681.6,1726
2026-08-27T08:15:00+05:30,4681.8,4685.9,4678.9,4683.7,793
2026-08-27T08:30:00+05:30,4683.8,4689.7,4682.9,4689,736
2026-08-27T08:45:00+05:30,4688.7,4693.1,4687.4,4690,506
2026-08-27T09:00:00+05:30,4690,4690.3,4683.4,4684,569
2026-08-27T09:15:00+05:30,4683.7,4684.4,4678.8,4679.7,449
2026-08-27T09:30:00+05:30,4679.7,4681.8,4678.8,4679.8,404
2026-08-27T09:45:00+05:30,4679.6,4681.6,4675,4675,551
2026-08-27T10:00:00+05:30,4674.9,4675.3,4671.4,4673.4,619
2026-08-27T10:15:00+05:30,4673.3,4675,4671.9,4673,676
2026-08-27T10:30:00+05:30,4673.3,4675.7,4670.6,4673.9,575
2026-08-27T10:45:00+05:30,4674,4675.8,4670.8,4671.2,664
2026-08-27T11:00:00+05:30,4671.1,4673.9,4658.7,4659.7,2277
2026-08-27T11:15:00+05:30,4659.5,4663.9,4655,4661.2,2056
2026-08-27T11:30:00+05:30,4661,4661.5,4653.3,4660,2232
2026-08-27T11:45:00+05:30,4659.4,4664.2,4657.6,4664.2,1261
2026-08-27T12:00:00+05:30,4664.4,4665.7,4658.6,4661.5,1005
2026-08-27T12:15:00+05:30,4661.6,4663.5,4651.7,4654.3,1712
2026-08-27T12:30:00+05:30,4654.3,4659.7,4652.6,4657.7,1323
2026-08-27T12:45:00+05:30,4657.5,4657.5,4647.2,4653.3,1757
2026-08-27T13:00:00+05:30,4653.4,4655.1,4648.7,4651.5,883
2026-08-27T13:15:00+05:30,4651.8,4656.3,4649.4,4653.4,787
2026-08-27T13:30:00+05:30,4654,4660.5,4653.2,4656.8,837
2026-08-27T13:45:00+05:30,4657.2,4659.8,4653.6,4654.7,811
2026-08-27T14:00:00+05:30,4654.5,4655.3,4647.9,4649.2,880
2026-08-27T14:15:00+05:30,4649.2,4655.5,4648.9,4652.3,627
2026-08-27T14:30:00+05:30,4652.3,4653.8,4646.6,4648.7,880
2026-08-27T14:45:00+05:30,4649,4652.5,4646.8,4650.7,1599
2026-08-27T15:00:00+05:30,4650.9,4652.1,4631,4635.6,4459
2026-08-27T15:15:00+05:30,4635.4,4639,4631.7,4633.2,1638
2026-08-27T15:30:00+05:30,4632.9,4634.7,4618.9,4634.4,3925
2026-08-27T15:45:00+05:30,4634,4636.2,4629.9,4633.2,1288
2026-08-27T16:00:00+05:30,4632.9,4639.1,4628.9,4638.6,1117
2026-08-27T16:15:00+05:30,4638.6,4643.6,4638.4,4643,1201
2026-08-27T16:30:00+05:30,4643.1,4645.7,4640.2,4645.5,655
2026-08-27T16:45:00+05:30,4645.4,4650.2,4644.2,4647.4,1483
2026-08-27T17:00:00+05:30,4647.9,4653,4647.1,4651,1713
2026-08-27T17:15:00+05:30,4651,4653.7,4647.9,4652.3,871
2026-08-27T17:30:00+05:30,4652,4654.7,4646,4646.1,1205
2026-08-27T17:45:00+05:30,4646,4654.1,4645,4650,1955
2026-08-27T18:00:00+05:30,4650.6,4651,4640.7,4641,1574
2026-08-27T18:15:00+05:30,4641,4641.6,4633.7,4639.3,1667
2026-08-27T18:30:00+05:30,4639.2,4644,4633,4638.5,1977
2026-08-27T18:45:00+05:30,4638.2,4646.4,4636,4643.1,2147
2026-08-27T19:00:00+05:30,4643,4646,4624.5,4631.3,3922
2026-08-27T19:15:00+05:30,4630.7,4635.9,4616,4625.9,4229
2026-08-27T19:30:00+05:30,4625.6,4632.8,4621.7,4627.6,3791
2026-08-27T19:45:00+05:30,4627,4637.9,4627,4634.6,2526
2026-08-27T20:00:00+05:30,4634.4,4651.5,4634.4,4648.8,3764
2026-08-27T20:15:00+05:30,4648.9,4652,4641.9,4645.1,2158
2026-08-27T20:30:00+05:30,4645,4649.5,4644.9,4646.5,1240
2026-08-27T20:45:00+05:30,4646.6,4651.9,4642.7,4646.9,1283
2026-08-27T21:00:00+05:30,4646.9,4660,4646.1,4655.5,2730
2026-08-27T21:15:00+05:30,4655.7,4665.5,4654.3,4664.5,2170
2026-08-27T21:30:00+05:30,4664.7,4666.9,4658.7,4658.9,1611
2026-08-27T21:45:00+05:30,4658.9,4662.6,4656.5,4662,1109
2026-08-27T22:00:00+05:30,4661.8,4667.1,4660,4665.7,1561
2026-08-27T22:15:00+05:30,4665.6,4670.9,4664.3,4669.3,1608
2026-08-27T22:30:00+05:30,4669.2,4670.7,4662.7,4664.5,1234
2026-08-27T22:45:00+05:30,4664.4,4666.2,4662.5,4664.3,1288
2026-08-27T23:00:00+05:30,4664.5,4668.4,4662.4,4665.4,942
2026-08-27T23:15:00+05:30,4665.5,4665.9,4659.1,4660.4,1215
2026-08-27T23:30:00+05:30,4660.6,4662.1,4655.9,4659.2,1009
2026-08-27T23:45:00+05:30,4659.6,4662,4655.2,4655.3,720
2026-08-28T00:00:00+05:30,4655.3,4659,4654.7,4658.3,468
2026-08-28T00:15:00+05:30,4658.4,4665.2,4658.2,4664.3,823
2026-08-28T00:30:00+05:30,4664.7,4672.4,4664.6,4669.9,1236
2026-08-28T00:45:00+05:30,4670.4,4670.4,4658.3,4660,960
2026-08-28T01:00:00+05:30,4659.8,4664.2,4658.6,4663.6,511
2026-08-28T01:15:00+05:30,4663.7,4666.4,4658.8,4662.7,957
2026-08-28T01:30:00+05:30,4662.8,4663.6,4657.5,4658.7,405
2026-08-28T01:45:00+05:30,4658.5,4659.3,4656.6,4657.3,132
2026-08-28T02:00:00+05:30,4657.5,4658.3,4655.5,4657.7,147
2026-08-28T02:15:00+05:30,4657.9,4658.6,4653.8,4654.8,520
2026-08-28T03:30:00+05:30,4656,4660.9,4653.9,4657.9,443
2026-08-28T03:45:00+05:30,4658.4,4662,4657.6,4661,395
2026-08-28T04:00:00+05:30,4661.4,4663.4,4660,4661.1,373
2026-08-28T04:15:00+05:30,4660.9,4664.1,4659.8,4664.1,354
2026-08-28T04:30:00+05:30,4664,4664.8,4656.1,4656.1,759
2026-08-28T04:45:00+05:30,4655.8,4656.8,4652.9,4654.4,280
2026-08-28T05:00:00+05:30,4654.4,4655.2,4651.5,4652.8,443
2026-08-28T05:15:00+05:30,4652.5,4652.9,4647.3,4647.6,558
2026-08-28T05:30:00+05:30,4647.8,4655.7,4646.5,4653.5,794
2026-08-28T05:45:00+05:30,4653.8,4654.1,4643.8,4647.1,661
2026-08-28T06:00:00+05:30,4647.3,4647.3,4640.7,4643.8,588
2026-08-28T06:15:00+05:30,4643.5,4644.1,4638.5,4641.2,625
2026-08-28T06:30:00+05:30,4642.4,4655.4,4639.4,4647.3,1534
2026-08-28T06:45:00+05:30,4647.5,4651,4637,4638.8,1182
2026-08-28T07:00:00+05:30,4638.9,4642.1,4631.2,4635.1,1341
2026-08-28T07:15:00+05:30,4634.7,4636,4628.1,4628.9,1119
2026-08-28T07:30:00+05:30,4628.6,4635.4,4628,4634.1,654
2026-08-28T07:45:00+05:30,4633.7,4637.6,4631.4,4636.3,523
2026-08-28T08:00:00+05:30,4636.4,4642.4,4635.9,4637.8,643
2026-08-28T08:15:00+05:30,4637.9,4639.8,4634.9,4638.9,563
2026-08-28T08:30:00+05:30,4638.7,4640.9,4635,4637.1,432
2026-08-28T08:45:00+05:30,4636.8,4642.3,4636.8,4640.6,610
2026-08-28T09:00:00+05:30,4640.5,4640.5,4633.4,4634.1,458
2026-08-28T09:15:00+05:30,4634,4634,4630.9,4632.3,297
2026-08-28T09:30:00+05:30,4632.3,4632.9,4630.2,4631.6,308
2026-08-28T09:45:00+05:30,4631.2,4637.5,4630.8,4636.8,504
2026-08-28T10:00:00+05:30,4636.5,4636.5,4630,4632,359
2026-08-28T10:15:00+05:30,4632,4637.5,4630.2,4636.4,301
2026-08-28T10:30:00+05:30,4636.7,4637.3,4630.3,4632.3,371
2026-08-28T10:45:00+05:30,4631.9,4638.6,4631.4,4636.4,495
2026-08-28T11:00:00+05:30,4636.2,4636.2,4623,4625,1398
2026-08-28T11:15:00+05:30,4624.9,4629.5,4623.8,4625.5,537
2026-08-28T11:30:00+05:30,4625.7,4636,4624.5,4634.3,894
2026-08-28T11:45:00+05:30,4634.1,4638.1,4633,4637.3,754
2026-08-28T12:00:00+05:30,4637.1,4640.9,4635.6,4640.6,1027
2026-08-28T12:15:00+05:30,4640.8,4666.2,4640.7,4665.5,3060
2026-08-28T12:30:00+05:30,4665.4,4666.4,4648.7,4653.5,2373
2026-08-28T12:45:00+05:30,4653.3,4662.9,4652.1,4659.9,1151
2026-08-28T13:00:00+05:30,4660.4,4667.4,4660.1,4662.3,1253
2026-08-28T13:15:00+05:30,4662.1,4666.6,4660.4,4665,1211
2026-08-28T13:30:00+05:30,4664.9,4667.7,4663.2,4665.1,771
2026-08-28T13:45:00+05:30,4665.3,4665.5,4661.3,4662.3,780
2026-08-28T14:00:00+05:30,4662.7,4665.1,4657,4657.1,783
2026-08-28T14:15:00+05:30,4657.1,4659.9,4654.3,4656.3,1171
2026-08-28T14:30:00+05:30,4656.4,4657.9,4654.3,4655.3,453
2026-08-28T14:45:00+05:30,4655,4657.7,4653.5,4655.5,791
2026-08-28T15:00:00+05:30,4655.2,4658.7,4654.6,4657.7,1006
2026-08-28T15:15:00+05:30,4657.6,4661.4,4656.7,4658.7,586
2026-08-28T15:30:00+05:30,4658.8,4662.8,4657,4662.2,638
2026-08-28T15:45:00+05:30,4662.4,4663.5,4655,4658.5,1103
2026-08-28T16:00:00+05:30,4658.7,4661.2,4655,4656,522
2026-08-28T16:15:00+05:30,4655.8,4656.5,4650.3,4653.1,803
2026-08-28T16:30:00+05:30,4653.1,4654.2,4647.7,4651.3,1286
2026-08-28T16:45:00+05:30,4651.3,4653.9,4650.2,4651.4,531
2026-08-28T17:00:00+05:30,4651.4,4653.4,4643.6,4647.2,1772
2026-08-28T17:15:00+05:30,4647,4648.6,4644,4645.6,680
2026-08-28T17:30:00+05:30,4645.6,4649.3,4643.2,4646.9,1229
2026-08-28T17:45:00+05:30,4647,4656.4,4644.5,4654.5,1539
2026-08-28T18:00:00+05:30,4654.3,4655,4641.2,4644.1,2200
2026-08-28T18:15:00+05:30,4644.1,4655.2,4642.6,4654.1,1441
2026-08-28T18:30:00+05:30,4654.2,4657.7,4648.6,4651.3,2260
2026-08-28T18:45:00+05:30,4651.5,4656.7,4645.9,4656.3,1980
2026-08-28T19:00:00+05:30,4656.1,4660.3,4651.1,4657,2385
2026-08-28T19:15:00+05:30,4657.3,4680.8,4655.2,4657.5,5408
2026-08-28T19:30:00+05:30,4657.4,4688,4594.6,4597.7,27590
2026-08-28T19:45:00+05:30,4597.4,4620.5,4580.2,4603.2,19129
2026-08-28T20:00:00+05:30,4603.5,4629.2,4603,4613.1,11701
2026-08-28T20:15:00+05:30,4613,4633,4601.7,4629,7838
2026-08-28T20:30:00+05:30,4629.3,4636.1,4609.5,4611.6,8904
2026-08-28T20:45:00+05:30,4611.7,4620.7,4603.5,4618.8,6483
2026-08-28T21:00:00+05:30,4619,4619.7,4586.5,4590.8,6580
2026-08-28T21:15:00+05:30,4591.6,4598.1,4574.8,4575.7,9535
2026-08-28T21:30:00+05:30,4575.9,4580.9,4548,4549.3,10923
2026-08-28T21:45:00+05:30,4549.1,4555,4515.3,4531.6,16386
2026-08-28T22:00:00+05:30,4531.6,4538.3,4516.7,4519.6,7991
2026-08-28T22:15:00+05:30,4519.8,4535.9,4519.5,4529.9,3915
2026-08-28T22:30:00+05:30,4530.1,4533.6,4521.9,4531.3,3923
2026-08-28T22:45:00+05:30,4531.3,4537.2,4525.4,4528.4,5657
2026-08-28T23:00:00+05:30,4528.5,4532.1,4510.5,4517.5,4801
2026-08-28T23:15:00+05:30,4517.3,4526.1,4516.7,4519.7,2566
2026-08-28T23:30:00+05:30,4519.7,4521.9,4509.5,4511.1,4284
2026-08-28T23:45:00+05:30,4511.1,4513.5,4502.4,4506.2,4514
2026-08-29T00:00:00+05:30,4505.9,4508.5,4495,4501,3952
2026-08-29T00:15:00+05:30,4500.5,4507.9,4498,4506.5,1631
2026-08-29T00:30:00+05:30,4506.5,4512.6,4502.4,4506.7,2482
2026-08-29T00:45:00+05:30,4506.5,4513.2,4504.7,4512,1156
2026-08-29T01:00:00+05:30,4511.6,4517.2,4510.8,4514.6,1804
2026-08-29T01:15:00+05:30,4514.4,4514.4,4502.3,4507.9,2607
2026-08-29T01:30:00+05:30,4507.9,4512.3,4504.9,4507.5,1332
2026-08-29T01:45:00+05:30,4507.7,4510.2,4503.2,4507.4,409
2026-08-29T02:00:00+05:30,4507.5,4507.5,4503.4,4506.6,451
2026-08-29T02:15:00+05:30,4507,4509.5,4502.7,4504.1,830
2026-08-31T03:30:00+05:30,4483.2,4510,4475,4509.2,3657
2026-08-31T03:45:00+05:30,4508.8,4515.9,4506.2,4509.2,1945
2026-08-31T04:00:00+05:30,4509,4512,4502.2,4507.3,999
2026-08-31T04:15:00+05:30,4507.2,4512,4506.4,4510.9,640
2026-08-31T04:30:00+05:30,4510.8,4516.6,4508.8,4509.8,841
2026-08-31T04:45:00+05:30,4509.9,4514.4,4503.9,4506.8,1103
2026-08-31T05:00:00+05:30,4506.4,4507,4495.7,4496.5,1266
2026-08-31T05:15:00+05:30,4496.2,4509.6,4485.2,4507.8,2223
2026-08-31T05:30:00+05:30,4507.8,4512.9,4502.4,4511.3,1544
2026-08-31T05:45:00+05:30,4511,4514.6,4501.4,4505.7,883
2026-08-31T06:00:00+05:30,4506.2,4521.5,4506.2,4514.5,1470
2026-08-31T06:15:00+05:30,4514.5,4518.3,4505.5,4505.7,1069
2026-08-31T06:30:00+05:30,4505.8,4512.4,4485.3,4493.3,4129
2026-08-31T06:45:00+05:30,4492.8,4503.5,4491.8,4493.5,1670
2026-08-31T07:00:00+05:30,4493,4503.1,4485.6,4500.2,1900
2026-08-31T07:15:00+05:30,4500.2,4501.9,4485,4489.6,1914
2026-08-31T07:30:00+05:30,4489.1,4490.7,4466,4474,4654
2026-08-31T07:45:00+05:30,4473.9,4477.2,4467.5,4472.4,1412
2026-08-31T08:00:00+05:30,4472.1,4475.7,4451.2,4452.1,3931
2026-08-31T08:15:00+05:30,4452.1,4472.4,4445.6,4472.3,2575
2026-08-31T08:30:00+05:30,4472.3,4477.8,4471.1,4477.8,1180
2026-08-31T08:45:00+05:30,4478,4483.6,4476,4477.3,1482
2026-08-31T09:00:00+05:30,4477.2,4477.3,4469.5,4472.3,938
2026-08-31T09:15:00+05:30,4472.5,4476.8,4471.1,4472.1,559
2026-08-31T09:30:00+05:30,4472.3,4472.5,4466.4,4471.1,1344
2026-08-31T09:45:00+05:30,4471.2,4471.3,4465.5,4465.5,542
2026-08-31T10:00:00+05:30,4465.5,4471.9,4462.5,4469.9,914
2026-08-31T10:15:00+05:30,4470.1,4475,4468.6,4474.6,528
2026-08-31T10:30:00+05:30,4474.6,4477,4469.2,4473,992
2026-08-31T10:45:00+05:30,4472.6,4490.5,4472,4489.9,1085
2026-08-31T11:00:00+05:30,4490.3,4491.9,4480.4,4487.1,1363
2026-08-31T11:15:00+05:30,4487.3,4493.5,4483.9,4492.7,1227
2026-08-31T11:30:00+05:30,4492.7,4493,4478.9,4482,1155
2026-08-31T11:45:00+05:30,4482.3,4489,4481.2,4486,1466
2026-08-31T12:00:00+05:30,4485.7,4491.1,4481.3,4489.5,819
2026-08-31T12:15:00+05:30,4489.5,4493,4486.7,4489.4,700
2026-08-31T12:30:00+05:30,4489.2,4491.6,4485.5,4485.9,779
2026-08-31T12:45:00+05:30,4486,4498.5,4485,4494.1,1706
2026-08-31T13:00:00+05:30,4494.1,4497.3,4491.3,4496.7,942
2026-08-31T13:15:00+05:30,4496.9,4498.2,4490.9,4493.3,767
2026-08-31T13:30:00+05:30,4493.3,4499.7,4487.1,4489.1,1090
2026-08-31T13:45:00+05:30,4489,4491.4,4486.2,4490.5,813
2026-08-31T14:00:00+05:30,4490.2,4490.2,4484.4,4485.5,584
2026-08-31T14:15:00+05:30,4485.4,4487,4483.9,4485.6,653
2026-08-31T14:30:00+05:30,4485.8,4493.1,4485.7,4493.1,831
2026-08-31T14:45:00+05:30,4493.3,4494.5,4488,4489.5,542
2026-08-31T15:00:00+05:30,4489.6,4495.2,4489.3,4493.7,721
2026-08-31T15:15:00+05:30,4493.7,4496,4491.8,4496,432
2026-08-31T15:30:00+05:30,4495.9,4504.2,4495.2,4502,1258
2026-08-31T15:45:00+05:30,4502.4,4502.8,4496.8,4499.1,757
2026-08-31T16:00:00+05:30,4499.2,4502.9,4498.5,4501.7,690
2026-08-31T16:15:00+05:30,4501.9,4506.7,4500.2,4504.5,893
2026-08-31T16:30:00+05:30,4504.6,4508.4,4503.8,4504.4,772
2026-08-31T16:45:00+05:30,4504.5,4514.9,4503.1,4514.1,1195
2026-08-31T17:00:00+05:30,4514.1,4514.9,4504.5,4505.3,1290
2026-08-31T17:15:00+05:30,4505.7,4507.1,4503.2,4506.2,877
2026-08-31T17:30:00+05:30,4506.1,4511.9,4500.8,4508.2,2327
2026-08-31T17:45:00+05:30,4508.3,4509.7,4497.8,4498.7,1970
2026-08-31T18:00:00+05:30,4498.4,4500.9,4489.8,4491.6,2648
2026-08-31T18:15:00+05:30,4491.4,4492.9,4486.5,4486.9,2404
2026-08-31T18:30:00+05:30,4486.7,4497.8,4484.8,4497,2753
2026-08-31T18:45:00+05:30,4497.1,4499.5,4490.5,4497.3,1303
2026-08-31T19:00:00+05:30,4497.4,4498.5,4483.1,4484.7,3172
2026-08-31T19:15:00+05:30,4484.7,4484.8,4466.4,4469.1,6617
2026-08-31T19:30:00+05:30,4469.3,4478.5,4466.7,4477.6,3247
2026-08-31T19:45:00+05:30,4477.7,4481.6,4466.9,4470.6,2882
2026-08-31T20:00:00+05:30,4470.5,4487.2,4470,4483.1,3112
2026-08-31T20:15:00+05:30,4483.5,4486.3,4476.2,4481.7,2252
2026-08-31T20:30:00+05:30,4481.7,4487.7,4477.9,4485.2,2034
2026-08-31T20:45:00+05:30,4485.4,4487.9,4478.9,4482.9,1748
2026-08-31T21:00:00+05:30,4482.4,4484,4476,4477.2,1946
2026-08-31T21:15:00+05:30,4477.3,4483.6,4474.3,4475.5,1625
2026-08-31T21:30:00+05:30,4475.9,4487.1,4473,4484.4,1637
2026-08-31T21:45:00+05:30,4484.7,4488.7,4482.9,4488.3,926
2026-08-31T22:00:00+05:30,4488.6,4490.3,4481,4485.4,1387
2026-08-31T22:15:00+05:30,4485.2,4487.1,4481.8,4482.6,1068
2026-08-31T22:30:00+05:30,4482.8,4484.6,4480,4482.9,805
2026-08-31T22:45:00+05:30,4483,4486.6,4477.8,4479.8,2925
2026-08-31T23:00:00+05:30,4479.8,4486.3,4479.1,4486,1207
2026-08-31T23:15:00+05:30,4485.9,4489.7,4485.1,4485.6,898
2026-08-31T23:30:00+05:30,4486,4486.1,4479.5,4483.2,992
2026-08-31T23:45:00+05:30,4483.1,4484,4478.9,4478.9,715
2026-09-01T00:00:00+05:30,4478.9,4479.5,4475.5,4478.6,833
2026-09-01T00:15:00+05:30,4478.6,4484,4478.4,4480.3,579
2026-09-01T00:30:00+05:30,4480.7,4484.7,4478.4,4482.8,732
2026-09-01T00:45:00+05:30,4483.1,4491.7,4482.1,4489.8,1528
2026-09-01T01:00:00+05:30,4489.8,4494.8,4488.4,4492.5,1325
2026-09-01T01:15:00+05:30,4492.2,4502.7,4490.8,4502,2759
2026-09-01T01:30:00+05:30,4502.3,4504.9,4499.1,4499.2,829
2026-09-01T01:45:00+05:30,4499.3,4499.6,4496.1,4496.5,254
2026-09-01T02:00:00+05:30,4496.5,4498.8,4495.9,4497.3,197
2026-09-01T02:15:00+05:30,4497.4,4498.9,4496.2,4497.3,320
2026-09-01T03:30:00+05:30,4498.7,4504.8,4496.5,4500.4,561
2026-09-01T03:45:00+05:30,4500.4,4500.7,4496.4,4498.6,467
2026-09-01T04:00:00+05:30,4498.5,4500,4495.9,4496.9,284
2026-09-01T04:15:00+05:30,4496.6,4496.9,4494.3,4495.5,191
2026-09-01T04:30:00+05:30,4495.8,4495.8,4492.3,4492.6,424
2026-09-01T04:45:00+05:30,4492.4,4492.8,4490.3,4491.9,361
2026-09-01T05:00:00+05:30,4492,4496.5,4491.6,4494.5,384
2026-09-01T05:15:00+05:30,4494.5,4501,4494.2,4501,521
2026-09-01T05:30:00+05:30,4501.3,4507.1,4495,4503.9,1154
2026-09-01T05:45:00+05:30,4504.1,4510.5,4501.4,4509.2,833
2026-09-01T06:00:00+05:30,4509.5,4510.3,4500.7,4502.1,627
2026-09-01T06:15:00+05:30,4502.4,4510.4,4499.9,4502.7,777
2026-09-01T06:30:00+05:30,4502.6,4505.9,4494.2,4495.3,1219
2026-09-01T06:45:00+05:30,4495.6,4496.7,4486.7,4488.6,1094
2026-09-01T07:00:00+05:30,4488.8,4494.8,4485.2,4494.8,1021
2026-09-01T07:15:00+05:30,4494.9,4495.6,4488.3,4493.1,555
2026-09-01T07:30:00+05:30,4492.9,4498.2,4490.7,4493.8,910
2026-09-01T07:45:00+05:30,4494.1,4497.3,4489.2,4489.2,534
2026-09-01T08:00:00+05:30,4489.2,4489.8,4480.7,4481.2,1668
2026-09-01T08:15:00+05:30,4481,4492.6,4477.1,4492.4,1175
2026-09-01T08:30:00+05:30,4492.7,4493.5,4487.8,4489.4,939
2026-09-01T08:45:00+05:30,4488.9,4489.6,4480.9,4483.5,778
2026-09-01T09:00:00+05:30,4483.4,4488,4482.6,4487.6,483
2026-09-01T09:15:00+05:30,4487.8,4492.4,4485.8,4485.8,1290
2026-09-01T09:30:00+05:30,4485.7,4486.7,4478.9,4479.6,933
2026-09-01T09:45:00+05:30,4479.6,4482.5,4478.3,4478.5,494
2026-09-01T10:00:00+05:30,4478.2,4479.4,4475.2,4476.5,916
2026-09-01T10:15:00+05:30,4475.9,4478.2,4473.9,4475.2,1573
2026-09-01T10:30:00+05:30,4475.4,4481.3,4474.7,4477.7,594
2026-09-01T10:45:00+05:30,4478.1,4479,4473.5,4475.2,521
2026-09-01T11:00:00+05:30,4474.9,4492.2,4471.9,4492.2,1614
2026-09-01T11:15:00+05:30,4491.2,4494.7,4488.3,4489,1013
2026-09-01T11:30:00+05:30,4488.5,4489.1,4480.2,4481.3,951
2026-09-01T11:45:00+05:30,4481.4,4483.8,4476.3,4477.6,919
2026-09-01T12:00:00+05:30,4477.7,4483.9,4477,4483.6,745
2026-09-01T12:15:00+05:30,4483.7,4484.1,4476.7,4478,552
2026-09-01T12:30:00+05:30,4478.1,4483.6,4477.9,4481.6,861
2026-09-01T12:45:00+05:30,4481.6,4482.3,4474.3,4474.5,1805
2026-09-01T13:00:00+05:30,4474.3,4476.9,4460.5,4466.8,2677
2026-09-01T13:15:00+05:30,4466.6,4471.9,4465.4,4468.7,1372
2026-09-01T13:30:00+05:30,4468.6,4468.6,4438.4,4454.3,6203
2026-09-01T13:45:00+05:30,4454.3,4454.9,4430.7,4432,3022
2026-09-01T14:00:00+05:30,4432.1,4432.6,4418.5,4424.1,4829
2026-09-01T14:15:00+05:30,4423.9,4427,4417.9,4419.4,2563
2026-09-01T14:30:00+05:30,4419.4,4424.6,4414.5,4424.2,2928
2026-09-01T14:45:00+05:30,4424.2,4426.6,4419,4421.4,2014
2026-09-01T15:00:00+05:30,4421.1,4421.7,4414.2,4420.4,3086
2026-09-01T15:15:00+05:30,4420.2,4422.5,4413,4413.7,1666
2026-09-01T15:30:00+05:30,4413.7,4430.8,4413,4426.8,2367
2026-09-01T15:45:00+05:30,4427,4434.2,4426.6,4433.3,1435
2026-09-01T16:00:00+05:30,4433.6,4434.6,4430.2,4430.2,1049
2026-09-01T16:15:00+05:30,4430.3,4430.3,4423.5,4426.9,2221
2026-09-01T16:30:00+05:30,4427,4431.8,4424.5,4425.8,1177
2026-09-01T16:45:00+05:30,4425.8,4430.4,4423.2,4429.2,1339
2026-09-01T17:00:00+05:30,4429,4433.4,4426.9,4432.7,1242
2026-09-01T17:15:00+05:30,4432.8,4435.7,4420.5,4422.9,2152
2026-09-01T17:30:00+05:30,4423,4423.2,4415.4,4419.5,2829
2026-09-01T17:45:00+05:30,4419.2,4424.9,4414.3,4417.1,2677
2026-09-01T18:00:00+05:30,4416.9,4417.5,4400.4,4413.2,5809
2026-09-01T18:15:00+05:30,4413.2,4418.5,4404.5,4404.7,3175
2026-09-01T18:30:00+05:30,4404.6,4406.3,4374.1,4377.5,14686
2026-09-01T18:45:00+05:30,4377.6,4392.6,4374.5,4391.1,5322
2026-09-01T19:00:00+05:30,4391,4410.6,4389.2,4409.7,6897
2026-09-01T19:15:00+05:30,4409.9,4415.9,4401.8,4414.2,3655
2026-09-01T19:30:00+05:30,4414.3,4419.5,4401.5,4419,5852
2026-09-01T19:45:00+05:30,4419,4424.3,4414.1,4414.4,3678
2026-09-01T20:00:00+05:30,4414.5,4421.8,4412.6,4414.7,2386
2026-09-01T20:15:00+05:30,4415.2,4418.7,4405.2,4408.8,3572
2026-09-01T20:30:00+05:30,4409.1,4411.5,4403.4,4405.3,2007
2026-09-01T20:45:00+05:30,4405.4,4414.2,4404.4,4414.2,2088
2026-09-01T21:00:00+05:30,4414,4419.1,4409.8,4419.1,1549
2026-09-01T21:15:00+05:30,4419.2,4422.7,4417,4421.7,1461
2026-09-01T21:30:00+05:30,4421.6,4423.3,4410.7,4410.7,1982
2026-09-01T21:45:00+05:30,4411,4414,4401,4401.3,3569
2026-09-01T22:00:00+05:30,4401,4406.1,4395.4,4403.2,2822
2026-09-01T22:15:00+05:30,4403.1,4407.5,4399.4,4399.6,1553
2026-09-01T22:30:00+05:30,4399.8,4400.3,4392.4,4394.6,2654
2026-09-01T22:45:00+05:30,4394.7,4398.6,4390.7,4398.5,3477
2026-09-01T23:00:00+05:30,4398.3,4400.3,4390.9,4392.3,1772
2026-09-01T23:15:00+05:30,4392.3,4392.7,4389,4391.1,1206
2026-09-01T23:30:00+05:30,4391.3,4392.7,4382.4,4384.4,1716
2026-09-01T23:45:00+05:30,4384.6,4389.6,4383.7,4385.4,1194
2026-09-02T00:00:00+05:30,4385.4,4385.5,4375.9,4377.1,2323
2026-09-02T00:15:00+05:30,4377.3,4382.2,4375.6,4379.4,2032
2026-09-02T00:30:00+05:30,4379.1,4384.8,4376.6,4384.7,1331
2026-09-02T00:45:00+05:30,4384.9,4385.2,4380.9,4382,747
2026-09-02T01:00:00+05:30,4382,4382.2,4369.7,4373.5,2475
2026-09-02T01:15:00+05:30,4373.2,4377.4,4370.5,4374,2089
2026-09-02T01:30:00+05:30,4374.1,4377.9,4370.7,4372.7,2012
2026-09-02T01:45:00+05:30,4372.8,4376,4371.8,4372.9,980
2026-09-02T02:00:00+05:30,4373,4377.5,4372.1,4375,590
2026-09-02T02:15:00+05:30,4374.5,4376.7,4373.8,4375.7,941
2026-09-02T03:30:00+05:30,4377.2,4381,4374.9,4375.5,539
2026-09-02T03:45:00+05:30,4375.6,4375.7,4373.5,4374.1,267
2026-09-02T04:00:00+05:30,4374,4375.9,4372.7,4374.4,370
2026-09-02T04:15:00+05:30,4374.4,4377.4,4373.5,4375.7,378
2026-09-02T04:30:00+05:30,4375.7,4378.6,4373.3,4376.7,580
2026-09-02T04:45:00+05:30,4376.3,4377.7,4370.5,4376.7,730
2026-09-02T05:00:00+05:30,4377,4382,4376.6,4380,694
2026-09-02T05:15:00+05:30,4379.7,4379.9,4367.7,4370.6,1298
2026-09-02T05:30:00+05:30,4370.7,4376.9,4361.4,4374.2,3319
2026-09-02T05:45:00+05:30,4374.3,4380.9,4369,4372,1883
2026-09-02T06:00:00+05:30,4371.8,4378,4366.4,4376.7,1087
2026-09-02T06:15:00+05:30,4376.5,4377.8,4360.7,4362.5,1687
2026-09-02T06:30:00+05:30,4362.1,4369.4,4350.1,4363.2,5463
2026-09-02T06:45:00+05:30,4363.6,4373.5,4362.1,4364,1698
2026-09-02T07:00:00+05:30,4364.2,4365.1,4351.6,4355.4,1828
2026-09-02T07:15:00+05:30,4355.2,4356.4,4333.9,4338.1,4206
2026-09-02T07:30:00+05:30,4337.8,4349,4334.6,4343.3,3091
2026-09-02T07:45:00+05:30,4343.4,4353.6,4343.3,4351.7,1805
2026-09-02T08:00:00+05:30,4352.1,4362.1,4346.7,4356.4,2602
2026-09-02T08:15:00+05:30,4357,4358.3,4347.2,4350,1470
2026-09-02T08:30:00+05:30,4350,4351.4,4343.9,4348,1115
2026-09-02T08:45:00+05:30,4348.1,4349.7,4336.4,4340.7,2556
2026-09-02T09:00:00+05:30,4340.6,4340.7,4329.2,4335.4,2646
2026-09-02T09:15:00+05:30,4335.5,4350.7,4335.3,4350,2096
2026-09-02T09:30:00+05:30,4349.9,4353.5,4348.8,4350.9,1023
2026-09-02T09:45:00+05:30,4351.1,4352.3,4347.8,4349.4,757
2026-09-02T10:00:00+05:30,4349.6,4354.4,4349.1,4351,646
2026-09-02T10:15:00+05:30,4351.4,4354.2,4350.4,4353.7,414
2026-09-02T10:30:00+05:30,4353.9,4356.5,4350,4356.5,809
2026-09-02T10:45:00+05:30,4356.6,4360.5,4353.2,4359.7,1372
2026-09-02T11:00:00+05:30,4359.8,4371.7,4359.7,4369.6,2854
2026-09-02T11:15:00+05:30,4369.9,4373.1,4365.9,4366.7,979
2026-09-02T11:30:00+05:30,4366.8,4375.9,4364.2,4373.1,1360
2026-09-02T11:45:00+05:30,4372.9,4375.1,4367.5,4368.9,1804
2026-09-02T12:00:00+05:30,4369.4,4372.9,4363,4371.3,1265
2026-09-02T12:15:00+05:30,4371.2,4371.4,4361.2,4368.3,1032
2026-09-02T12:30:00+05:30,4368.4,4377.8,4365.8,4373.3,1570
2026-09-02T12:45:00+05:30,4373,4375.8,4371.4,4373.7,989
2026-09-02T13:00:00+05:30,4373.2,4377.8,4368.5,4369.1,1042
2026-09-02T13:15:00+05:30,4369.4,4371.7,4366.9,4369.8,716
2026-09-02T13:30:00+05:30,4370.1,4378.4,4368.8,4372.2,1089
2026-09-02T13:45:00+05:30,4371.9,4374.2,4369.2,4369.6,785
2026-09-02T14:00:00+05:30,4369.6,4373.2,4366,4368.6,976
2026-09-02T14:15:00+05:30,4368.6,4369.3,4359.1,4359.6,1577
2026-09-02T14:30:00+05:30,4359.6,4369.2,4359.1,4360.7,1117
2026-09-02T14:45:00+05:30,4360.8,4362.2,4352.3,4356.1,1556
2026-09-02T15:00:00+05:30,4356.3,4359.1,4354.6,4357.1,1125
2026-09-02T15:15:00+05:30,4357.2,4358.7,4355.2,4355.9,714
2026-09-02T15:30:00+05:30,4355.9,4357.1,4349.1,4354.1,1195
2026-09-02T15:45:00+05:30,4354,4359.8,4353.4,4357.1,840
2026-09-02T16:00:00+05:30,4357.4,4358.1,4354.3,4356.6,609
2026-09-02T16:15:00+05:30,4356.7,4357.7,4352.5,4356.6,730
2026-09-02T16:30:00+05:30,4356.3,4371.6,4354.9,4370.1,1858
2026-09-02T16:45:00+05:30,4369.9,4370.3,4362.7,4368.8,1464
2026-09-02T17:00:00+05:30,4369.2,4380.2,4368.7,4372,2320
2026-09-02T17:15:00+05:30,4371.8,4380.1,4370.5,4379.6,1347
2026-09-02T17:30:00+05:30,4379.5,4383.3,4375.9,4380.3,2691
2026-09-02T17:45:00+05:30,4380.2,4391.4,4376.6,4383.3,5450
2026-09-02T18:00:00+05:30,4383.3,4384.5,4374.4,4381.1,2505
2026-09-02T18:15:00+05:30,4381.4,4386,4377.3,4378.3,1809
2026-09-02T18:30:00+05:30,4378.3,4391.5,4377.5,4386.5,3281
2026-09-02T18:45:00+05:30,4386.5,4405.8,4383.5,4405.5,6952
2026-09-02T19:00:00+05:30,4405.3,4427,4403.8,4425.5,8897
2026-09-02T19:15:00+05:30,4425.7,4433.5,4415.4,4433,7082
2026-09-02T19:30:00+05:30,4432.9,4444.4,4426.4,4434.8,9316
2026-09-02T19:45:00+05:30,4434.8,4444,4431.7,4434.3,4129
2026-09-02T20:00:00+05:30,4434.2,4435,4428.4,4432.6,3189
2026-09-02T20:15:00+05:30,4432.5,4433.9,4421.4,4424.2,2981
2026-09-02T20:30:00+05:30,4424.1,4427.8,4419.2,4419.4,2672
2026-09-02T20:45:00+05:30,4419.2,4420,4412.5,4419.5,3756
2026-09-02T21:00:00+05:30,4419.8,4422.2,4412.8,4413.2,1755
2026-09-02T21:15:00+05:30,4412.9,4420.6,4411.4,4419.9,1474
2026-09-02T21:30:00+05:30,4419.7,4421.7,4415.7,4419.1,1333
2026-09-02T21:45:00+05:30,4418.6,4419,4414.3,4415.2,810
2026-09-02T22:00:00+05:30,4415.5,4417.4,4411.1,4411.5,1313
2026-09-02T22:15:00+05:30,4411.5,4417.5,4411.3,4415.1,1073
2026-09-02T22:30:00+05:30,4415.2,4417.9,4414.2,4415.3,1024
2026-09-02T22:45:00+05:30,4415.4,4416.6,4411.2,4416.6,1638
2026-09-02T23:00:00+05:30,4416.6,4424.2,4413.2,4423.2,2151
2026-09-02T23:15:00+05:30,4422.9,4427.4,4422,4423.4,1704
2026-09-02T23:30:00+05:30,4423.7,4423.8,4416.3,4416.8,1095
2026-09-02T23:45:00+05:30,4416.8,4426.3,4415.9,4420,2015
2026-09-03T00:00:00+05:30,4419.7,4425,4419,4419.6,632
2026-09-03T00:15:00+05:30,4419.6,4422.5,4419.1,4420.3,626
2026-09-03T00:30:00+05:30,4420.8,4427,4418.3,4425.6,665
2026-09-03T00:45:00+05:30,4425.7,4429.7,4424.8,4427.6,799
2026-09-03T01:00:00+05:30,4427.7,4435.2,4427.6,4434.5,1159
2026-09-03T01:15:00+05:30,4434.6,4437.9,4431.4,4437.7,1930
2026-09-03T01:30:00+05:30,4437.4,4438.2,4432.5,4432.6,778
2026-09-03T01:45:00+05:30,4432.5,4434.6,4430.6,4433.2,532
2026-09-03T02:00:00+05:30,4433,4436.6,4432.5,4434.8,321
2026-09-03T02:15:00+05:30,4434.9,4437.7,4433.8,4434.3,511
2026-09-03T03:30:00+05:30,4436.4,4438.1,4434.8,4434.8,335
2026-09-03T03:45:00+05:30,4434.8,4435.9,4432.6,4434.8,410
2026-09-03T04:00:00+05:30,4434.3,4434.7,4430.3,4430.4,554
2026-09-03T04:15:00+05:30,4430.4,4430.5,4428.4,4429.8,266
2026-09-03T04:30:00+05:30,4430.2,4432.2,4429.4,4429.6,367
2026-09-03T04:45:00+05:30,4429.4,4429.6,4427.3,4427.7,281
2026-09-03T05:00:00+05:30,4427.5,4430.8,4426.7,4430.8,469
2026-09-03T05:15:00+05:30,4430.2,4434.4,4429.9,4431,576
2026-09-03T05:30:00+05:30,4431.2,4438,4429.9,4435.4,1159
2026-09-03T05:45:00+05:30,4435.4,4435.7,4430.3,4432.5,546
2026-09-03T06:00:00+05:30,4432.3,4435,4427.8,4433,584
2026-09-03T06:15:00+05:30,4433.1,4442.9,4431.3,4440.8,1069
2026-09-03T06:30:00+05:30,4440.7,4454.7,4432.2,4446.8,4517
2026-09-03T06:45:00+05:30,4446.3,4448.9,4439.1,4447.1,1702
2026-09-03T07:00:00+05:30,4446.8,4454.8,4445.4,4445.8,1671
2026-09-03T07:15:00+05:30,4445.5,4457.6,4445.2,4455,1158
2026-09-03T07:30:00+05:30,4455.2,4461.2,4454.5,4456.2,1832
2026-09-03T07:45:00+05:30,4456.9,4458.6,4452.2,4457.1,1104
2026-09-03T08:00:00+05:30,4457.1,4463.7,4454.8,4459,1961
2026-09-03T08:15:00+05:30,4459.4,4466.2,4457.1,4466,1038
2026-09-03T08:30:00+05:30,4466,4475.8,4464.9,4474.6,1833
2026-09-03T08:45:00+05:30,4474.4,4477.1,4470.3,4475.1,1209
2026-09-03T09:00:00+05:30,4475.2,4477.9,4472.4,4472.4,1311
2026-09-03T09:15:00+05:30,4472.2,4478.2,4471,4477.2,1740
2026-09-03T09:30:00+05:30,4477.3,4481.1,4470.8,4476.2,2403
2026-09-03T09:45:00+05:30,4476.2,4482,4475.1,4481.8,720
2026-09-03T10:00:00+05:30,4481.7,4483.7,4480.5,4483.3,691
2026-09-03T10:15:00+05:30,4483.5,4483.9,4479.4,4483,1161
2026-09-03T10:30:00+05:30,4483.1,4486,4474.4,4475.3,1932
2026-09-03T10:45:00+05:30,4475.4,4476.7,4468.2,4471,2302
2026-09-03T11:00:00+05:30,4470.9,4479.5,4468.3,4478.2,2575
2026-09-03T11:15:00+05:30,4478.5,4485.3,4474.4,4477,2071
2026-09-03T11:30:00+05:30,4477,4482.2,4471.7,4472.9,1910
2026-09-03T11:45:00+05:30,4473.1,4476.8,4462.8,4467.5,3090
2026-09-03T12:00:00+05:30,4467.5,4472,4466.3,4471.6,1402
2026-09-03T12:15:00+05:30,4471.6,4474.7,4466.1,4466.4,974
2026-09-03T12:30:00+05:30,4466,4477.5,4464.6,4467.7,2157
2026-09-03T12:45:00+05:30,4467.5,4475.8,4467.4,4471.9,1392
2026-09-03T13:00:00+05:30,4471.7,4476.4,4469.3,4472.1,1207
2026-09-03T13:15:00+05:30,4472.1,4476.8,4469.7,4474.7,1056
2026-09-03T13:30:00+05:30,4474.5,4490,4473.6,4477.6,3762
2026-09-03T13:45:00+05:30,4477.3,4485.8,4476.8,4484.6,2377
2026-09-03T14:00:00+05:30,4484.3,4486,4477.5,4480.7,1683
2026-09-03T14:15:00+05:30,4480.7,4486.3,4480,4481.1,1316
2026-09-03T14:30:00+05:30,4481.3,4488.2,4480.4,4484.2,1754
2026-09-03T14:45:00+05:30,4484.3,4484.5,4478.2,4481.5,1492
2026-09-03T15:00:00+05:30,4481.3,4484.7,4475.9,4476.3,2598
2026-09-03T15:15:00+05:30,4476.2,4476.9,4472,4473.9,1079
2026-09-03T15:30:00+05:30,4474.1,4476.1,4469.2,4470.9,969
2026-09-03T15:45:00+05:30,4470.6,4472.1,4464.9,4468.7,1768
2026-09-03T16:00:00+05:30,4468.6,4472.7,4466.2,4472,1122
2026-09-03T16:15:00+05:30,4471.7,4474.8,4470.2,4473.2,656
2026-09-03T16:30:00+05:30,4473.1,4479,4471.1,4478.6,1029
2026-09-03T16:45:00+05:30,4478.7,4484.2,4476.2,4480.4,1700
2026-09-03T17:00:00+05:30,4480.5,4485.3,4471.9,4484.5,1303
2026-09-03T17:15:00+05:30,4484.8,4493.4,4482.5,4490.2,1874
2026-09-03T17:30:00+05:30,4490,4496.7,4487,4490.4,2453
2026-09-03T17:45:00+05:30,4490.4,4495.6,4484.1,4493.3,2989
2026-09-03T18:00:00+05:30,4493.1,4526.4,4492.9,4514.7,11754
2026-09-03T18:15:00+05:30,4514.9,4542.6,4512.5,4540.9,7322
2026-09-03T18:30:00+05:30,4540.9,4543.7,4532,4532.9,7166
2026-09-03T18:45:00+05:30,4533.3,4535.3,4524.3,4527.6,5026
2026-09-03T19:00:00+05:30,4527.4,4529.7,4515,4517.2,4599
2026-09-03T19:15:00+05:30,4517.2,4517.7,4502.8,4517.1,6469
2026-09-03T19:30:00+05:30,4517.1,4519.8,4502.9,4515.7,5111
2026-09-03T19:45:00+05:30,4515.5,4527.3,4515.5,4523.6,4051
2026-09-03T20:00:00+05:30,4523.5,4526.1,4512.4,4519.3,2768
2026-09-03T20:15:00+05:30,4519.5,4531.9,4516.6,4531.9,3661
2026-09-03T20:30:00+05:30,4532,4552,4530.9,4551,8866
2026-09-03T20:45:00+05:30,4551.3,4558.5,4549.2,4554.1,5331
2026-09-03T21:00:00+05:30,4554.2,4557.4,4542.4,4542.8,2969
2026-09-03T21:15:00+05:30,4542.5,4543.1,4533.7,4540.8,2823
2026-09-03T21:30:00+05:30,4540.7,4543.4,4535.2,4541.7,1531
2026-09-03T21:45:00+05:30,4541.7,4542.4,4538.1,4540.7,1387
2026-09-03T22:00:00+05:30,4541.2,4543.3,4534.3,4535.6,1356
2026-09-03T22:15:00+05:30,4535.4,4538.7,4533,4533.7,1367
2026-09-03T22:30:00+05:30,4533.9,4536.3,4530.6,4535.3,1675
2026-09-03T22:45:00+05:30,4535.5,4541.2,4532.6,4540.4,2262
2026-09-03T23:00:00+05:30,4540.5,4541.4,4538.4,4539.2,1148
2026-09-03T23:15:00+05:30,4539.3,4542,4533.5,4534.2,1295
2026-09-03T23:30:00+05:30,4534,4537.1,4531.2,4531.2,1273
2026-09-03T23:45:00+05:30,4531.1,4535.4,4526.8,4527.1,1560
2026-09-04T00:00:00+05:30,4527.4,4530,4523.1,4528.9,1423
2026-09-04T00:15:00+05:30,4528.5,4530,4521.2,4522.9,1527
2026-09-04T00:30:00+05:30,4522.8,4524.7,4520.7,4522.4,1233
2026-09-04T00:45:00+05:30,4522.2,4524.6,4520.3,4523.5,838
2026-09-04T01:00:00+05:30,4523.8,4526.5,4521.7,4525.2,943
2026-09-04T01:15:00+05:30,4525.3,4528.7,4520.9,4522.9,1836
2026-09-04T01:30:00+05:30,4522.7,4523.3,4518.8,4519.3,794
2026-09-04T01:45:00+05:30,4519.2,4520.1,4517.7,4519,286
2026-09-04T02:00:00+05:30,4519,4520.2,4518.4,4519.6,245
2026-09-04T02:15:00+05:30,4519.7,4521.5,4519,4520.3,323
2026-09-04T03:30:00+05:30,4522,4525.7,4520.1,4525.5,540
2026-09-04T03:45:00+05:30,4525.6,4526.3,4521.2,4522.3,579
2026-09-04T04:00:00+05:30,4522.2,4524.1,4519.6,4520.7,1018
2026-09-04T04:15:00+05:30,4521.4,4523.4,4518.5,4521.6,1374
2026-09-04T04:30:00+05:30,4521.5,4524.8,4519.3,4521.3,800
2026-09-04T04:45:00+05:30,4521.1,4522.2,4519,4520.7,564
2026-09-04T05:00:00+05:30,4520.6,4525.3,4520.5,4524.1,408
2026-09-04T05:15:00+05:30,4524,4527.2,4521.9,4526.9,588
2026-09-04T05:30:00+05:30,4527,4529.9,4524.9,4527.1,790
2026-09-04T05:45:00+05:30,4527.3,4527.6,4520.5,4521.2,532
2026-09-04T06:00:00+05:30,4521.2,4528.6,4519.3,4528.6,571
2026-09-04T06:15:00+05:30,4528.7,4533.5,4527,4532.9,1023
2026-09-04T06:30:00+05:30,4532.6,4533.6,4520,4520.9,1730
2026-09-04T06:45:00+05:30,4520.9,4525,4514.1,4517.2,1459
2026-09-04T07:00:00+05:30,4517.3,4523.2,4514.3,4520.3,1204
2026-09-04T07:15:00+05:30,4520,4526.6,4513,4525.2,1160
2026-09-04T07:30:00+05:30,4525.3,4528.9,4523.1,4525.4,776
2026-09-04T07:45:00+05:30,4525.5,4526.6,4517.4,4520,1054
2026-09-04T08:00:00+05:30,4519.9,4523.4,4516.5,4516.9,968
2026-09-04T08:15:00+05:30,4516.8,4527,4516.3,4523.8,688
2026-09-04T08:30:00+05:30,4523.5,4525,4516.4,4519.6,690
2026-09-04T08:45:00+05:30,4519.6,4521,4517.6,4518.6,423
2026-09-04T09:00:00+05:30,4518.8,4521.6,4515.2,4515.6,289
2026-09-04T09:15:00+05:30,4515.4,4516.4,4513.1,4513.3,433
2026-09-04T09:30:00+05:30,4513.1,4516.7,4511.6,4515.4,878
2026-09-04T09:45:00+05:30,4515.4,4518.8,4514.6,4518.1,411
2026-09-04T10:00:00+05:30,4518.1,4521.1,4518,4520.2,462
2026-09-04T10:15:00+05:30,4520.3,4521.5,4519.1,4520.4,275
2026-09-04T10:30:00+05:30,4520.3,4521.1,4513.8,4515.7,717
2026-09-04T10:45:00+05:30,4515.6,4521.6,4513.7,4513.8,709
2026-09-04T11:00:00+05:30,4513.6,4523.9,4512.8,4517.2,1791
2026-09-04T11:15:00+05:30,4517.1,4519,4513.4,4518.2,990
2026-09-04T11:30:00+05:30,4518.1,4519.5,4512.8,4515,1515
2026-09-04T11:45:00+05:30,4514.9,4518.1,4512.9,4515.2,708
2026-09-04T12:00:00+05:30,4515.2,4516.1,4509.3,4510.6,1242
2026-09-04T12:15:00+05:30,4510.7,4510.8,4506.6,4509.5,1152
2026-09-04T12:30:00+05:30,4509.3,4518.3,4508,4514.7,1425
2026-09-04T12:45:00+05:30,4514.4,4520,4513.5,4519.6,1017
2026-09-04T13:00:00+05:30,4519.6,4534.4,4519.6,4532.5,2129
2026-09-04T13:15:00+05:30,4532.7,4537.8,4528.2,4530.3,2274
2026-09-04T13:30:00+05:30,4530.4,4533.6,4525.7,4528.9,1742
2026-09-04T13:45:00+05:30,4528.6,4531,4526.4,4527.8,671
2026-09-04T14:00:00+05:30,4528.1,4529.3,4524.1,4524.5,736
2026-09-04T14:15:00+05:30,4524.1,4526.4,4521,4524.3,626
2026-09-04T14:30:00+05:30,4524.5,4525.7,4515.5,4516.6,839
2026-09-04T14:45:00+05:30,4516.4,4517.4,4510,4512.8,1469
2026-09-04T15:00:00+05:30,4512.8,4516.5,4510.8,4513.4,1572
2026-09-04T15:15:00+05:30,4513.5,4516.1,4511.6,4511.8,559
2026-09-04T15:30:00+05:30,4511.7,4519.4,4511.6,4519,480
2026-09-04T15:45:00+05:30,4518.9,4520,4514.4,4517.5,880
2026-09-04T16:00:00+05:30,4517.6,4521.5,4516.3,4519.7,542
2026-09-04T16:15:00+05:30,4519.9,4523.1,4518.9,4518.9,469
2026-09-04T16:30:00+05:30,4519.2,4519.3,4515.7,4516.5,583
2026-09-04T16:45:00+05:30,4516.8,4516.9,4511.5,4511.8,963
2026-09-04T17:00:00+05:30,4511.9,4516.5,4511.3,4514.4,676
2026-09-04T17:15:00+05:30,4514.2,4516.8,4510.9,4513.1,1134
2026-09-04T17:30:00+05:30,4513.3,4516.7,4510.5,4510.9,1373
2026-09-04T17:45:00+05:30,4510.9,4523.3,4510.7,4517.7,2646
2026-09-04T18:00:00+05:30,4520.9,4523.5,4419,4440.9,25545
2026-09-04T18:15:00+05:30,4440.6,4456.9,4426.8,4440.6,8656
2026-09-04T18:30:00+05:30,4440.9,4441.8,4412,4440.7,9378
2026-09-04T18:45:00+05:30,4440.6,4461.5,4438.1,4459.5,5996
2026-09-04T19:00:00+05:30,4459.7,4471.1,4452.3,4470.8,8260
2026-09-04T19:15:00+05:30,4470.6,4481.8,4459.8,4460.2,6151
2026-09-04T19:30:00+05:30,4460.2,4482.7,4458.8,4481.9,4495
2026-09-04T19:45:00+05:30,4481.4,4484.8,4474.1,4476.5,3887
2026-09-04T20:00:00+05:30,4476.6,4489.4,4472.3,4476,4183
2026-09-04T20:15:00+05:30,4476.1,4479.2,4464,4474.3,3642
2026-09-04T20:30:00+05:30,4474.4,4490.8,4469.5,4490.3,3146
2026-09-04T20:45:00+05:30,4490.3,4496.2,4486.8,4487,3401
2026-09-04T21:00:00+05:30,4487.1,4493.7,4483.5,4490.1,2428
2026-09-04T21:15:00+05:30,4490.1,4493.3,4482.8,4483.3,1698
2026-09-04T21:30:00+05:30,4483.8,4487.9,4479.5,4486.2,1995
2026-09-04T21:45:00+05:30,4486.2,4491,4480.7,4481.6,1603
2026-09-04T22:00:00+05:30,4481.7,4487.2,4481.1,4485.4,946
2026-09-04T22:15:00+05:30,4485.6,4487.8,4482,4483.6,1161
2026-09-04T22:30:00+05:30,4483.5,4483.9,4477.1,4481.2,1799
2026-09-04T22:45:00+05:30,4481.5,4488,4475,4476,2646
2026-09-04T23:00:00+05:30,4475.9,4477.3,4461.1,4464.5,2550
2026-09-04T23:15:00+05:30,4464.5,4468.9,4462.8,4464,1354
2026-09-04T23:30:00+05:30,4464.7,4467.4,4459,4467.1,1742
2026-09-04T23:45:00+05:30,4467.3,4474.5,4466.9,4472.6,1195
2026-09-05T00:00:00+05:30,4472.6,4473.9,4468.9,4470.5,876
2026-09-05T00:15:00+05:30,4470.3,4473.3,4469.5,4471.3,743
2026-09-05T00:30:00+05:30,4471.6,4477.3,4470,4476.5,814
2026-09-05T00:45:00+05:30,4476.5,4483,4474.1,4482.8,1092
2026-09-05T01:00:00+05:30,4482.8,4485.6,4481.3,4483.9,1079
2026-09-05T01:15:00+05:30,4484.2,4484.8,4479.8,4482,1671
2026-09-05T01:30:00+05:30,4481.8,4482.3,4477.9,4478.8,741
2026-09-05T01:45:00+05:30,4478.8,4479,4476.6,4477.3,324
2026-09-05T02:00:00+05:30,4476.6,4478,4476,4477.4,275
2026-09-05T02:15:00+05:30,4477.6,4478.5,4475.6,4477.2,379
2026-09-07T03:30:00+05:30,4466.5,4475,4463.6,4475,717
2026-09-07T03:45:00+05:30,4474.6,4476.3,4473,4474.7,448
2026-09-07T04:00:00+05:30,4474.7,4477.5,4473.4,4477,361
2026-09-07T04:15:00+05:30,4476.9,4481.3,4475.4,4475.4,381
2026-09-07T04:30:00+05:30,4475.5,4477.9,4475.4,4477,90
2026-09-07T04:45:00+05:30,4476.1,4476.1,4471.5,4473.5,256
2026-09-07T05:00:00+05:30,4473.2,4476.9,4471.5,4475.3,279
2026-09-07T05:15:00+05:30,4475.9,4480.7,4467.9,4469.9,890
2026-09-07T05:30:00+05:30,4470.9,4474.3,4468,4471.7,456
2026-09-07T05:45:00+05:30,4470.9,4475.8,4469.3,4469.3,313
2026-09-07T06:00:00+05:30,4469,4472.2,4465.2,4471.2,478
2026-09-07T06:15:00+05:30,4471.7,4476.3,4456.8,4459.6,1205
2026-09-07T06:30:00+05:30,4459.1,4462.9,4442.2,4446.3,3090
2026-09-07T06:45:00+05:30,4447,4450.3,4436.5,4450.2,1624
2026-09-07T07:00:00+05:30,4450.4,4460.2,4449.8,4456.5,987
2026-09-07T07:15:00+05:30,4456.2,4463.5,4455.2,4455.7,787
2026-09-07T07:30:00+05:30,4455.6,4457.3,4449.5,4450,642
2026-09-07T07:45:00+05:30,4450.3,4455.8,4449.8,4453.8,399
2026-09-07T08:00:00+05:30,4454.4,4464.8,4453.2,4461.4,959
2026-09-07T08:15:00+05:30,4460.5,4465.4,4452.7,4455.3,671
2026-09-07T08:30:00+05:30,4454.9,4456.8,4451.6,4454.1,534
2026-09-07T08:45:00+05:30,4453.4,4455.9,4450.7,4454.3,552
2026-09-07T09:00:00+05:30,4454.2,4454.8,4447.4,4447.9,500
2026-09-07T09:15:00+05:30,4447.7,4450.7,4447.1,4450.3,374
2026-09-07T09:30:00+05:30,4449.9,4453.1,4447,4452.2,764
2026-09-07T09:45:00+05:30,4452.3,4452.3,4445.3,4447.8,569
2026-09-07T10:00:00+05:30,4447.9,4448.2,4440,4442.5,723
2026-09-07T10:15:00+05:30,4442.3,4444.6,4441,4443.9,556
2026-09-07T10:30:00+05:30,4443.6,4449.9,4443.5,4448.4,458
2026-09-07T10:45:00+05:30,4448.2,4457.5,4447.9,4457,477
2026-09-07T11:00:00+05:30,4457,4459.3,4447.4,4450.2,1229
2026-09-07T11:15:00+05:30,4450.1,4452.7,4439,4439.8,1023
2026-09-07T11:30:00+05:30,4440,4440.6,4430.4,4437.6,2437
2026-09-07T11:45:00+05:30,4438.1,4444,4435.7,4440.2,974
2026-09-07T12:00:00+05:30,4440.2,4445.2,4439.5,4442,616
2026-09-07T12:15:00+05:30,4441.7,4445,4436.8,4438.5,817
2026-09-07T12:30:00+05:30,4439,4447.5,4437.9,4447.1,1320
2026-09-07T12:45:00+05:30,4447.6,4448,4440.2,4441.2,776
2026-09-07T13:00:00+05:30,4441.1,4444.9,4438.1,4441.9,745
2026-09-07T13:15:00+05:30,4442,4452.9,4440.9,4452.2,1251
2026-09-07T13:30:00+05:30,4452.5,4463.6,4451.5,4462.2,2611
2026-09-07T13:45:00+05:30,4463,4469.4,4461.9,4465.7,1731
2026-09-07T14:00:00+05:30,4465.5,4469.9,4459.2,4460.4,1529
2026-09-07T14:15:00+05:30,4460.5,4461.1,4455.3,4456.9,890
2026-09-07T14:30:00+05:30,4456.9,4459.6,4456.7,4456.9,764
2026-09-07T14:45:00+05:30,4456.9,4457.6,4451.1,4451.6,870
2026-09-07T15:00:00+05:30,4451.8,4456.1,4449.2,4455.5,1074
2026-09-07T15:15:00+05:30,4455.7,4456.2,4450.6,4451.6,370
2026-09-07T15:30:00+05:30,4451.6,4452,4448,4448.7,550
2026-09-07T15:45:00+05:30,4448.7,4450.3,4441.6,4441.6,639
2026-09-07T16:00:00+05:30,4441.4,4445,4437.4,4444.3,1054
2026-09-07T16:15:00+05:30,4444.1,4444.5,4433.5,4437.2,1381
2026-09-07T16:30:00+05:30,4437,4439.7,4434.5,4439,927
2026-09-07T16:45:00+05:30,4438.9,4440.2,4432.7,4434.5,922
2026-09-07T17:00:00+05:30,4434.8,4435.2,4426.2,4431.8,2215
2026-09-07T17:15:00+05:30,4431.9,4437.3,4430.2,4430.2,678
2026-09-07T17:30:00+05:30,4431,4438.4,4430.8,4435.8,795
2026-09-07T17:45:00+05:30,4436,4440.6,4435.3,4440.6,659
2026-09-07T18:00:00+05:30,4440.5,4442.8,4437.9,4442.2,843
2026-09-07T18:15:00+05:30,4441.9,4443.3,4439.1,4442.2,433
2026-09-07T18:30:00+05:30,4442,4449.9,4440.5,4449.3,1435
2026-09-07T18:45:00+05:30,4449.2,4450.1,4446.7,4449,722
2026-09-07T19:00:00+05:30,4448.9,4452.8,4446.9,4448.6,689
2026-09-07T19:15:00+05:30,4448.9,4453.3,4446.4,4447.5,777
2026-09-07T19:30:00+05:30,4447.7,4454.2,4446.3,4452.6,1328
2026-09-07T19:45:00+05:30,4452.4,4454.3,4450.3,4452.3,504
2026-09-07T20:00:00+05:30,4452.3,4457.5,4450,4457.4,979
2026-09-07T20:15:00+05:30,4457.3,4465.2,4456.1,4461.9,1745
2026-09-07T20:30:00+05:30,4461.6,4462,4454.8,4460.7,861
2026-09-07T20:45:00+05:30,4460,4460.8,4456.2,4458.9,489
2026-09-07T21:00:00+05:30,4458.8,4459.6,4454.5,4457.2,717
2026-09-07T21:15:00+05:30,4457.6,4460.9,4457,4460.2,422
2026-09-07T21:30:00+05:30,4460.3,4463,4458.5,4461,495
2026-09-07T21:45:00+05:30,4461.1,4461.6,4458.3,4459.7,342
2026-09-07T22:00:00+05:30,4459.4,4459.8,4457.6,4459.7,505
2026-09-07T22:15:00+05:30,4459.9,4460.5,4458.7,4460.5,225
2026-09-07T22:30:00+05:30,4460.5,4460.9,4457.7,4457.9,154
2026-09-07T22:45:00+05:30,4458,4459.5,4457.9,4458.3,89
2026-09-07T23:00:00+05:30,4458.3,4458.3,4455.6,4456.7,170
2026-09-07T23:15:00+05:30,4456.8,4456.8,4452.8,4452.8,282
2026-09-07T23:30:00+05:30,4452.8,4455,4450.1,4451.1,301
2026-09-07T23:45:00+05:30,4451,4452.5,4448.9,4452,411
2026-09-08T03:30:00+05:30,4451.6,4460.5,4451.5,4457.9,453
2026-09-08T03:45:00+05:30,4458.4,4459,4455,4455.2,160
2026-09-08T04:00:00+05:30,4455.2,4455.6,4453.5,4453.7,359
2026-09-08T04:15:00+05:30,4454.1,4454.1,4451.8,4453.2,154
2026-09-08T04:30:00+05:30,4453.1,4458.2,4453,4456.2,449
2026-09-08T04:45:00+05:30,4456.5,4458.6,4452.9,4456.1,381
2026-09-08T05:00:00+05:30,4456.9,4474.4,4456.7,4473.8,1510
2026-09-08T05:15:00+05:30,4474,4474.4,4466.3,4468.8,845
2026-09-08T05:30:00+05:30,4469.1,4470.5,4460.9,4463.5,861
2026-09-08T05:45:00+05:30,4463.9,4476.3,4462.3,4467.3,1328
2026-09-08T06:00:00+05:30,4467.1,4471.7,4464,4466.8,689
2026-09-08T06:15:00+05:30,4466.7,4472.9,4460,4471.7,2104
2026-09-08T06:30:00+05:30,4471.3,4476.6,4462.4,4473.3,1353
2026-09-08T06:45:00+05:30,4474.2,4481.6,4471.9,4479.8,1360
2026-09-08T07:00:00+05:30,4479.6,4482.5,4475.7,4478.7,671
2026-09-08T07:15:00+05:30,4479.1,4486,4479.1,4482.3,840
2026-09-08T07:30:00+05:30,4482.4,4483.9,4471.1,4473.1,958
2026-09-08T07:45:00+05:30,4472.8,4474.8,4469.3,4469.8,583
2026-09-08T08:00:00+05:30,4469.6,4471.9,4466.2,4471.4,908
2026-09-08T08:15:00+05:30,4471.8,4473,4465.8,4469.2,590
2026-09-08T08:30:00+05:30,4468.7,4476.4,4467.4,4474.5,553
2026-09-08T08:45:00+05:30,4474.4,4484.8,4473.7,4477.5,1329
2026-09-08T09:00:00+05:30,4477.6,4480.5,4475.9,4477.7,452
2026-09-08T09:15:00+05:30,4478,4484.5,4478,4483.6,630
2026-09-08T09:30:00+05:30,4483.5,4488.8,4483.3,4484.7,1008
2026-09-08T09:45:00+05:30,4484.9,4486.4,4477,4477.9,637
2026-09-08T10:00:00+05:30,4478.3,4482.1,4477.9,4481.9,467
2026-09-08T10:15:00+05:30,4481.7,4485.5,4479.6,4481.6,406
2026-09-08T10:30:00+05:30,4481.7,4483.4,4472.4,4472.9,766
2026-09-08T10:45:00+05:30,4472.6,4477.2,4465.3,4465.5,1060
2026-09-08T11:00:00+05:30,4465.6,4472.1,4462.9,4471,1217
2026-09-08T11:15:00+05:30,4470.7,4473.9,4462.1,4464.4,1063
2026-09-08T11:30:00+05:30,4464.4,4465.1,4453.1,4456.4,1769
2026-09-08T11:45:00+05:30,4456.1,4456.2,4443.7,4444.8,1974
2026-09-08T12:00:00+05:30,4444.8,4453.5,4442.6,4451.9,1718
2026-09-08T12:15:00+05:30,4452.1,4454,4448,4448.3,971
2026-09-08T12:30:00+05:30,4448.6,4454,4447.1,4447.9,1036
2026-09-08T12:45:00+05:30,4447.9,4449.2,4445,4446.5,1007
2026-09-08T13:00:00+05:30,4446.6,4450.2,4435.5,4440.2,1735
2026-09-08T13:15:00+05:30,4440.1,4441.8,4434.3,4436.7,1463
2026-09-08T13:30:00+05:30,4436.6,4440.2,4432,4434.7,1343
2026-09-08T13:45:00+05:30,4434.9,4440.9,4434,4438.9,957
2026-09-08T14:00:00+05:30,4439,4443,4436.5,4437.3,1028
2026-09-08T14:15:00+05:30,4436.8,4442.6,4435.5,4438.5,855
2026-09-08T14:30:00+05:30,4438,4442.4,4435.5,4441.9,587
2026-09-08T14:45:00+05:30,4441.5,4443.6,4436.7,4437.3,1071
2026-09-08T15:00:00+05:30,4437.2,4448,4435,4445.6,1728
2026-09-08T15:15:00+05:30,4446,4450.1,4445.6,4447.2,944
2026-09-08T15:30:00+05:30,4447.3,4447.3,4438,4440.8,1062
2026-09-08T15:45:00+05:30,4440.6,4451.6,4440.4,4443.8,1502
2026-09-08T16:00:00+05:30,4443.7,4443.9,4438.3,4441.3,757
2026-09-08T16:15:00+05:30,4441.3,4444.9,4439.6,4439.9,687
2026-09-08T16:30:00+05:30,4440.5,4444.3,4435.5,4439.5,1136
2026-09-08T16:45:00+05:30,4439.4,4447.2,4439.3,4446,738
2026-09-08T17:00:00+05:30,4446.5,4452.4,4445,4447.8,1076
2026-09-08T17:15:00+05:30,4448.2,4451.6,4442.3,4450.9,960
2026-09-08T17:30:00+05:30,4450.9,4451.4,4434.8,4436,2515
2026-09-08T17:45:00+05:30,4435.9,4446.2,4429.5,4446.2,3771
2026-09-08T18:00:00+05:30,4446.3,4452.7,4439.7,4441,2106
2026-09-08T18:15:00+05:30,4440.8,4456.3,4440,4456.1,1949
2026-09-08T18:30:00+05:30,4456.3,4457.9,4446.6,4453,2768
2026-09-08T18:45:00+05:30,4453.1,4455.5,4443.5,4444.8,1377
2026-09-08T19:00:00+05:30,4444.9,4450.3,4434.7,4441.1,2755
2026-09-08T19:15:00+05:30,4440.9,4452,4438.9,4440.3,2770
2026-09-08T19:30:00+05:30,4440.3,4447.7,4436.2,4439.3,2596
2026-09-08T19:45:00+05:30,4439.2,4449,4438.8,4441.5,2129
2026-09-08T20:00:00+05:30,4442,4446,4437.7,4442.1,2157
2026-09-08T20:15:00+05:30,4442.6,4444.1,4433.7,4443.4,3076
2026-09-08T20:30:00+05:30,4443.8,4453.7,4442.5,4450,2541
2026-09-08T20:45:00+05:30,4450,4454.5,4441.6,4444.4,2798
2026-09-08T21:00:00+05:30,4444.4,4449.3,4442.4,4445.2,1189
2026-09-08T21:15:00+05:30,4445.5,4445.8,4439.8,4439.8,1440
2026-09-08T21:30:00+05:30,4440,4440.4,4425.1,4431.5,4278
2026-09-08T21:45:00+05:30,4431.4,4440.5,4428.8,4438.9,2088
2026-09-08T22:00:00+05:30,4438.9,4441.4,4437.6,4438.8,1036
2026-09-08T22:15:00+05:30,4438.9,4443.4,4434.9,4438.3,1961
2026-09-08T22:30:00+05:30,4438.4,4448.6,4438.4,4440.3,1683
2026-09-08T22:45:00+05:30,4440.4,4442.3,4436.8,4438.9,1482
2026-09-08T23:00:00+05:30,4438.9,4439.8,4429.7,4429.7,1441
2026-09-08T23:15:00+05:30,4429.9,4434.7,4429.5,4434.3,921
2026-09-08T23:30:00+05:30,4434.5,4434.7,4428.4,4432.1,1429
2026-09-08T23:45:00+05:30,4432,4432.1,4428.6,4430.1,1234
2026-09-09T00:00:00+05:30,4430.1,4430.4,4425.8,4430.2,834
2026-09-09T00:15:00+05:30,4430.1,4431.3,4402.4,4420.1,7877
2026-09-09T00:30:00+05:30,4420.2,4421.8,4413.9,4415,1684
2026-09-09T00:45:00+05:30,4415.3,4417.9,4411,4413.6,1184
2026-09-09T01:00:00+05:30,4413.4,4414.8,4406.3,4413.7,1339
2026-09-09T01:15:00+05:30,4413.7,4413.9,4401.1,4404.5,2963
2026-09-09T01:30:00+05:30,4404.1,4409.5,4400.7,4405,1689
2026-09-09T01:45:00+05:30,4405.3,4406,4400.1,4401,842
2026-09-09T02:00:00+05:30,4401.6,4403.4,4400.9,4402.5,367
2026-09-09T02:15:00+05:30,4402.7,4402.7,4381,4400,1888
2026-09-09T03:30:00+05:30,4399,4403,4396.6,4399.8,740
2026-09-09T03:45:00+05:30,4399.7,4401.4,4396.8,4398.3,324
2026-09-09T04:00:00+05:30,4398.3,4399.7,4393.7,4395.3,464
2026-09-09T04:15:00+05:30,4395.5,4397.8,4394.2,4397.4,296
2026-09-09T04:30:00+05:30,4397.4,4398.4,4395,4395.6,401
2026-09-09T04:45:00+05:30,4395.9,4401.3,4395.1,4401,593
2026-09-09T05:00:00+05:30,4401.1,4403.4,4400.2,4402.5,410
2026-09-09T05:15:00+05:30,4401.7,4402,4392.4,4393.1,876
2026-09-09T05:30:00+05:30,4393.3,4396.6,4388,4393.5,1462
2026-09-09T05:45:00+05:30,4393.6,4393.8,4384.1,4390.6,1006
2026-09-09T06:00:00+05:30,4390.3,4398.5,4387.5,4398.5,846
2026-09-09T06:15:00+05:30,4398.3,4409.5,4396.6,4408.8,1552
2026-09-09T06:30:00+05:30,4408.6,4412.7,4397.8,4412.3,2037
2026-09-09T06:45:00+05:30,4411.7,4417,4406.6,4415.8,1851
2026-09-09T07:00:00+05:30,4415.8,4422,4414.6,4420.2,1692
2026-09-09T07:15:00+05:30,4420.3,4422,4414.6,4417.7,948
2026-09-09T07:30:00+05:30,4417.3,4419.9,4414.4,4417.4,472
2026-09-09T07:45:00+05:30,4417.6,4420.9,4415.3,4416.6,350
2026-09-09T08:00:00+05:30,4416.6,4418.3,4411,4418.1,773
2026-09-09T08:15:00+05:30,4417.7,4428.4,4416.8,4426,1199
2026-09-09T08:30:00+05:30,4426.2,4426.6,4421.8,4423,491
2026-09-09T08:45:00+05:30,4422.5,4423,4419.2,4422.1,469
2026-09-09T09:00:00+05:30,4421.9,4423.9,4419.2,4422.8,234
2026-09-09T09:15:00+05:30,4422.3,4422.8,4418.6,4419.1,343
2026-09-09T09:30:00+05:30,4418.7,4419.7,4414.2,4417,462
2026-09-09T09:45:00+05:30,4416.9,4424.3,4416,4423.7,649
2026-09-09T10:00:00+05:30,4423.5,4423.7,4419.9,4421.8,506
2026-09-09T10:15:00+05:30,4421.9,4426.2,4421.3,4425.3,504
2026-09-09T10:30:00+05:30,4425.4,4431.3,4423.9,4431.1,1850
2026-09-09T10:45:00+05:30,4431.2,4432.3,4426.7,4428.8,1260
2026-09-09T11:00:00+05:30,4428.7,4439,4428,4439,1668
2026-09-09T11:15:00+05:30,4438.9,4444.6,4435.8,4442.3,2247
2026-09-09T11:30:00+05:30,4442.4,4448.8,4441.7,4445,1857
2026-09-09T11:45:00+05:30,4444.6,4446.7,4438.6,4441.6,1569
2026-09-09T12:00:00+05:30,4441.7,4449.9,4440.5,4444.1,2159
2026-09-09T12:15:00+05:30,4444.1,4445.4,4442.4,4444.7,707
2026-09-09T12:30:00+05:30,4444.4,4451.7,4443,4450.1,1315
2026-09-09T12:45:00+05:30,4450.1,4452.6,4446.5,4451.4,1176
2026-09-09T13:00:00+05:30,4451.5,4454.2,4449.9,4454,965
2026-09-09T13:15:00+05:30,4454,4456.3,4451.9,4452.9,2478
2026-09-09T13:30:00+05:30,4452.8,4455.4,4447.4,4447.5,2015
2026-09-09T13:45:00+05:30,4447.5,4448.5,4442.6,4443.7,1289
2026-09-09T14:00:00+05:30,4443.6,4447.6,4442.9,4443.9,752
2026-09-09T14:15:00+05:30,4443.8,4447.4,4442.8,4444.6,774
2026-09-09T14:30:00+05:30,4444.8,4446.3,4442.1,4442.5,681
2026-09-09T14:45:00+05:30,4442.5,4444.3,4440.6,4442.5,979
2026-09-09T15:00:00+05:30,4442.5,4443,4439.5,4440.6,1098
2026-09-09T15:15:00+05:30,4440.4,4440.4,4432.5,4434.6,1548
2026-09-09T15:30:00+05:30,4434.5,4437.2,4430,4434.8,1379
2026-09-09T15:45:00+05:30,4434.7,4439.7,4432.7,4438.2,901
2026-09-09T16:00:00+05:30,4438.1,4442.5,4437,4438.2,875
2026-09-09T16:15:00+05:30,4438.4,4447,4438.1,4442.9,1546
2026-09-09T16:30:00+05:30,4443.3,4448.1,4443.2,4447,814
2026-09-09T16:45:00+05:30,4447.3,4453.2,4445,4452,1030
2026-09-09T17:00:00+05:30,4452.3,4452.4,4447.4,4449.6,1235
2026-09-09T17:15:00+05:30,4450,4459.9,4447.7,4451.6,2765
2026-09-09T17:30:00+05:30,4451.5,4453.6,4443.3,4443.6,1460
2026-09-09T17:45:00+05:30,4443.7,4444.7,4438.1,4438.5,2001
2026-09-09T18:00:00+05:30,4438,4442,4435.2,4439.1,2389
2026-09-09T18:15:00+05:30,4439.5,4447,4439.5,4444.4,1199
2026-09-09T18:30:00+05:30,4444.2,4458,4442.8,4457.8,2437
2026-09-09T18:45:00+05:30,4457.8,4475.1,4455.1,4474.3,5545
2026-09-09T19:00:00+05:30,4474.1,4479,4456.7,4461.4,6244
2026-09-09T19:15:00+05:30,4461.6,4468.2,4454.7,4459.3,3370
2026-09-09T19:30:00+05:30,4459.2,4473,4458.6,4467.5,3468
2026-09-09T19:45:00+05:30,4467.7,4470.2,4453.6,4470,3642
2026-09-09T20:00:00+05:30,4470.2,4471.4,4463,4463.2,2411
2026-09-09T20:15:00+05:30,4463.4,4468.1,4459.2,4463.2,2222
2026-09-09T20:30:00+05:30,4463.4,4477,4424.6,4434.8,15709
2026-09-09T20:45:00+05:30,4434.5,4439.9,4419.3,4438.7,6311
2026-09-09T21:00:00+05:30,4439.1,4451.9,4436.8,4447.5,4724
2026-09-09T21:15:00+05:30,4447.5,4451.5,4442.3,4442.7,1670
2026-09-09T21:30:00+05:30,4442.9,4447.3,4439.2,4442.4,1899
2026-09-09T21:45:00+05:30,4442.6,4447,4435.8,4446.2,1558
2026-09-09T22:00:00+05:30,4446,4453.1,4443.3,4452.3,1619
2026-09-09T22:15:00+05:30,4452.3,4455.4,4450.4,4454.4,1276
2026-09-09T22:30:00+05:30,4454.5,4465.3,4453.8,4461.6,2734
2026-09-09T22:45:00+05:30,4461.8,4465.6,4459.5,4459.8,2008
2026-09-09T23:00:00+05:30,4460,4462.2,4456.8,4458.5,1438
2026-09-09T23:15:00+05:30,4458.7,4462.1,4458.4,4461.2,731
2026-09-09T23:30:00+05:30,4461.4,4466.7,4461.1,4465.6,1348
2026-09-09T23:45:00+05:30,4465.7,4465.9,4461.9,4463.1,1079
2026-09-10T00:00:00+05:30,4463.3,4463.5,4454.7,4455.1,1739
2026-09-10T00:15:00+05:30,4455.1,4455.3,4446.5,4448.2,1267
2026-09-10T00:30:00+05:30,4448.2,4449.3,4442,4445.8,1374
2026-09-10T00:45:00+05:30,4446,4450.4,4444.1,4445.1,907
2026-09-10T01:00:00+05:30,4445.1,4446.5,4441.1,4445.2,622
2026-09-10T01:15:00+05:30,4445.4,4446.9,4441.6,4444.4,933
2026-09-10T01:30:00+05:30,4444.2,4444.6,4441.6,4442.6,273
2026-09-10T01:45:00+05:30,4442.5,4442.7,4438.9,4440.4,573
2026-09-10T02:00:00+05:30,4440.3,4446.4,4440.2,4445.6,461
2026-09-10T02:15:00+05:30,4445.7,4448.1,4445,4447.2,386
2026-09-10T03:30:00+05:30,4448,4450.4,4446.6,4446.8,581
2026-09-10T03:45:00+05:30,4447.1,4448.5,4444.4,4446.7,471
2026-09-10T04:00:00+05:30,4446.7,4448.3,4444.1,4445.9,889
2026-09-10T04:15:00+05:30,4446.2,4446.2,4442,4443.9,947
2026-09-10T04:30:00+05:30,4444,4447.5,4442.2,4444.8,1322
2026-09-10T04:45:00+05:30,4444.3,4446.3,4439.6,4441.2,1327
2026-09-10T05:00:00+05:30,4441.2,4443,4437,4437.9,600
2026-09-10T05:15:00+05:30,4438.2,4438.9,4436.7,4437.5,362
2026-09-10T05:30:00+05:30,4437.7,4440.9,4433.2,4438.6,806
2026-09-10T05:45:00+05:30,4438.5,4442.3,4436,4436.6,511
2026-09-10T06:00:00+05:30,4436.3,4445,4434.9,4444.6,787
2026-09-10T06:15:00+05:30,4444,4448.4,4441.3,4444.5,854
2026-09-10T06:30:00+05:30,4444.3,4462.5,4443.5,4456.2,1823
2026-09-10T06:45:00+05:30,4456,4459.8,4453.5,4453.5,1169
2026-09-10T07:00:00+05:30,4453.7,4454.1,4448.5,4453.1,771
2026-09-10T07:15:00+05:30,4453,4457.7,4451.1,4455.2,826
2026-09-10T07:30:00+05:30,4455.2,4462.2,4454.9,4457.7,1492
2026-09-10T07:45:00+05:30,4457.4,4460.9,4451.3,4460.3,1243
2026-09-10T08:00:00+05:30,4460.5,4464.4,4454.3,4461.4,1355
2026-09-10T08:15:00+05:30,4461.3,4464.2,4459.6,4462.7,429
2026-09-10T08:30:00+05:30,4462.7,4464.5,4454.8,4455.8,967
2026-09-10T08:45:00+05:30,4456.1,4458.1,4452.5,4453.3,441
2026-09-10T09:00:00+05:30,4453.1,4455.7,4450.1,4450.8,308
2026-09-10T09:15:00+05:30,4451,4453.2,4449.9,4452.1,372
2026-09-10T09:30:00+05:30,4452.4,4458.4,4452.1,4456.9,387
2026-09-10T09:45:00+05:30,4456.9,4458.4,4453.9,4454.6,382
2026-09-10T10:00:00+05:30,4455.3,4456.7,4448.4,4449.2,470
2026-09-10T10:15:00+05:30,4449.6,4454.6,4449,4451.4,335
2026-09-10T10:30:00+05:30,4451.2,4461.6,4451.1,4461.6,704
2026-09-10T10:45:00+05:30,4461.8,4463.8,4459.7,4463.6,586
2026-09-10T11:00:00+05:30,4463.9,4472.9,4460.5,4471.4,1894
2026-09-10T11:15:00+05:30,4471.7,4475.1,4467.4,4475,2184
2026-09-10T11:30:00+05:30,4475.1,4479.9,4459.8,4459.9,2358
2026-09-10T11:45:00+05:30,4460.1,4460.9,4454.4,4460.8,2215
2026-09-10T12:00:00+05:30,4460.7,4470.6,4456.2,4470,2052
2026-09-10T12:15:00+05:30,4470.5,4472.5,4467.3,4469.3,2369
2026-09-10T12:30:00+05:30,4469,4469.5,4456.9,4457.2,2344
2026-09-10T12:45:00+05:30,4456.9,4458.8,4451.7,4451.8,1078
2026-09-10T13:00:00+05:30,4452.1,4454.4,4447.5,4453,1723
2026-09-10T13:15:00+05:30,4453,4458.7,4452.4,4454.9,1956
2026-09-10T13:30:00+05:30,4454.7,4455.7,4447.6,4448.7,828
2026-09-10T13:45:00+05:30,4448.9,4450.8,4447,4449.1,953
2026-09-10T14:00:00+05:30,4448.7,4449.2,4437.6,4438.7,1691
2026-09-10T14:15:00+05:30,4438.6,4441.2,4435,4437.8,2368
2026-09-10T14:30:00+05:30,4437.8,4439.5,4432.3,4437.5,1334
2026-09-10T14:45:00+05:30,4437.9,4439.5,4434.3,4435.5,909
2026-09-10T15:00:00+05:30,4435.2,4435.8,4431,4435.6,1187
2026-09-10T15:15:00+05:30,4435.6,4438.6,4435.3,4437,596
2026-09-10T15:30:00+05:30,4436.9,4442.8,4432.2,4437.9,1903
2026-09-10T15:45:00+05:30,4437.5,4442.8,4436.2,4436.7,712
2026-09-10T16:00:00+05:30,4437,4437.5,4420.2,4426.4,2789
2026-09-10T16:15:00+05:30,4426.1,4430.3,4417,4421.4,2514
2026-09-10T16:30:00+05:30,4421.1,4426.9,4417.4,4425.6,1631
2026-09-10T16:45:00+05:30,4425.7,4431.2,4421.9,4428,1104
2026-09-10T17:00:00+05:30,4427.9,4433.1,4426.6,4426.9,1130
2026-09-10T17:15:00+05:30,4427,4427.6,4415.1,4416.7,1581
2026-09-10T17:30:00+05:30,4416.8,4419.9,4411.7,4417.4,3431
2026-09-10T17:45:00+05:30,4417.1,4419.2,4403.6,4406.3,3719
2026-09-10T18:00:00+05:30,4406.9,4415.4,4365.4,4382.5,14590
2026-09-10T18:15:00+05:30,4382.3,4396.8,4378,4381.8,7004
2026-09-10T18:30:00+05:30,4382.1,4397.4,4380.4,4385.7,5445
2026-09-10T18:45:00+05:30,4385.5,4399.8,4383,4399.6,3169
2026-09-10T19:00:00+05:30,4399.7,4416,4394.1,4407,6497
2026-09-10T19:15:00+05:30,4407.1,4418.1,4404.4,4408.5,7169
2026-09-10T19:30:00+05:30,4408.3,4417.8,4401.7,4401.8,4173
2026-09-10T19:45:00+05:30,4401.7,4419.1,4396.5,4405.9,5800
2026-09-10T20:00:00+05:30,4406,4412.8,4398.6,4398.8,3597
2026-09-10T20:15:00+05:30,4398.6,4404.1,4396.4,4400.1,2611
2026-09-10T20:30:00+05:30,4400.4,4403.6,4394.6,4402.3,2258
2026-09-10T20:45:00+05:30,4401.5,4409.7,4400.5,4407.3,2093
2026-09-10T21:00:00+05:30,4407.4,4414.1,4404.3,4407.8,2076
2026-09-10T21:15:00+05:30,4408.1,4412.3,4402.7,4407.8,1502
2026-09-10T21:30:00+05:30,4408.1,4412,4395.5,4400.8,2216
2026-09-10T21:45:00+05:30,4400.6,4405.7,4397.1,4405.1,1257
2026-09-10T22:00:00+05:30,4404.5,4407.5,4397.9,4398.4,2328
2026-09-10T22:15:00+05:30,4398.6,4406.4,4398.5,4406.4,1617
2026-09-10T22:30:00+05:30,4406.2,4410.5,4401.6,4404.6,2104
2026-09-10T22:45:00+05:30,4404.5,4409,4403.2,4408,1794
2026-09-10T23:00:00+05:30,4407.9,4408.4,4397.1,4401.2,1754
2026-09-10T23:15:00+05:30,4401.1,4401.9,4392.7,4394.2,1463
2026-09-10T23:30:00+05:30,4394.4,4397.8,4382,4382.4,3383
2026-09-10T23:45:00+05:30,4382.3,4387.9,4378.8,4380.7,2499
2026-09-11T00:00:00+05:30,4380.6,4380.6,4373.3,4375.4,2347
2026-09-11T00:15:00+05:30,4375.2,4380.1,4371.3,4374.4,3356
2026-09-11T00:30:00+05:30,4374,4374,4354.7,4363.7,5331
2026-09-11T00:45:00+05:30,4363.9,4372.1,4360.5,4368.8,1895
2026-09-11T01:00:00+05:30,4368.7,4371,4364.5,4365.3,1286
2026-09-11T01:15:00+05:30,4365.6,4367.1,4361.3,4365.7,1397
2026-09-11T01:30:00+05:30,4365.5,4365.7,4361.1,4364.3,709
2026-09-11T01:45:00+05:30,4364.1,4364.2,4357.6,4359.8,676
2026-09-11T02:00:00+05:30,4359.7,4359.8,4357.1,4359.2,583
2026-09-11T02:15:00+05:30,4359.5,4360.6,4355.9,4358.5,511
2026-09-11T03:30:00+05:30,4359.4,4365.8,4357.9,4361.7,567
2026-09-11T03:45:00+05:30,4362,4362.5,4359.3,4360.2,308
2026-09-11T04:00:00+05:30,4360.4,4360.8,4354,4356.6,767
2026-09-11T04:15:00+05:30,4356.5,4359.7,4355.7,4358.8,371
2026-09-11T04:30:00+05:30,4358.7,4360.6,4356.9,4360.1,459
2026-09-11T04:45:00+05:30,4359.8,4361,4358,4358.7,232
2026-09-11T05:00:00+05:30,4358.5,4360.9,4354.9,4356.4,405
2026-09-11T05:15:00+05:30,4356.6,4358.4,4351.3,4354.5,597
2026-09-11T05:30:00+05:30,4355.5,4364.4,4353.2,4359.6,846
2026-09-11T05:45:00+05:30,4360,4364.8,4357.3,4364.2,561
2026-09-11T06:00:00+05:30,4364.2,4367.9,4359.7,4367.6,981
2026-09-11T06:15:00+05:30,4367.5,4374.1,4367,4372.2,903
2026-09-11T06:30:00+05:30,4372.3,4380.7,4368.2,4373.4,2085
2026-09-11T06:45:00+05:30,4373.1,4377.3,4361,4368.8,2008
2026-09-11T07:00:00+05:30,4368.3,4375.1,4362.6,4366.9,1556
2026-09-11T07:15:00+05:30,4367.1,4370.1,4363.9,4369.1,990
2026-09-11T07:30:00+05:30,4369.5,4373.6,4367.8,4370.7,1095
2026-09-11T07:45:00+05:30,4371,4374.5,4363.7,4365.3,699
2026-09-11T08:00:00+05:30,4365,4366.4,4356.8,4359.2,1612
2026-09-11T08:15:00+05:30,4359,4367.2,4356.2,4363.2,1361
2026-09-11T08:30:00+05:30,4362.7,4366.8,4354.5,4360.1,1274
2026-09-11T08:45:00+05:30,4359.7,4362,4344.4,4350.1,1938
2026-09-11T09:00:00+05:30,4350.1,4353.2,4346.7,4348.8,1036
2026-09-11T09:15:00+05:30,4348.8,4349,4341.4,4344.6,1616
2026-09-11T09:30:00+05:30,4344.2,4365.6,4342.4,4362,2121
2026-09-11T09:45:00+05:30,4362.1,4369.8,4360,4369.1,925
2026-09-11T10:00:00+05:30,4369.2,4373.1,4366,4370.6,1365
2026-09-11T10:15:00+05:30,4370.8,4375.6,4369.4,4372.1,966
2026-09-11T10:30:00+05:30,4372.4,4378.7,4368.9,4378.7,1111
2026-09-11T10:45:00+05:30,4378.6,4379.9,4373.9,4375.5,612
2026-09-11T11:00:00+05:30,4375.7,4383.5,4374.1,4383.2,1740
2026-09-11T11:15:00+05:30,4383,4392.5,4380.1,4386.6,1552
2026-09-11T11:30:00+05:30,4386.8,4402,4386.3,4399.9,2250
2026-09-11T11:45:00+05:30,4399.7,4401.2,4392,4392.9,1256
2026-09-11T12:00:00+05:30,4392.3,4394.9,4387.9,4391.7,1342
2026-09-11T12:15:00+05:30,4391.8,4396.1,4390.5,4394.8,770
2026-09-11T12:30:00+05:30,4394.2,4397.3,4390.9,4392.8,771
2026-09-11T12:45:00+05:30,4393.3,4393.5,4387.3,4387.3,682
2026-09-11T13:00:00+05:30,4387.5,4388.7,4384.4,4386.4,837
2026-09-11T13:15:00+05:30,4386.1,4386.3,4381.7,4386.1,667
2026-09-11T13:30:00+05:30,4386.3,4390.7,4383,4388.4,1463
2026-09-11T13:45:00+05:30,4388.5,4399.3,4384.7,4393.2,1725
2026-09-11T14:00:00+05:30,4393,4398.2,4392.3,4394.4,962
2026-09-11T14:15:00+05:30,4394.3,4397.7,4387.4,4388.7,1282
2026-09-11T14:30:00+05:30,4388.9,4395.4,4384.1,4384.6,684
2026-09-11T14:45:00+05:30,4384.3,4388,4383.2,4385.6,797
2026-09-11T15:00:00+05:30,4386,4386.7,4382.5,4385.3,896
2026-09-11T15:15:00+05:30,4385.2,4389.8,4384.4,4388.2,720
2026-09-11T15:30:00+05:30,4388.3,4391.9,4382.7,4388.1,1794
2026-09-11T15:45:00+05:30,4388.3,4392,4387.8,4391.5,832
2026-09-11T16:00:00+05:30,4391.5,4391.9,4385.8,4386.9,673
2026-09-11T16:15:00+05:30,4387.4,4387.4,4378.5,4379.4,1007
2026-09-11T16:30:00+05:30,4379.3,4384.6,4376.5,4380,1305
2026-09-11T16:45:00+05:30,4379.8,4383.9,4378,4378.2,858
2026-09-11T17:00:00+05:30,4378.6,4379.3,4372.1,4376.5,1121
2026-09-11T17:15:00+05:30,4376.6,4378.3,4372.7,4375,1144
2026-09-11T17:30:00+05:30,4375.3,4376.6,4366.1,4369.7,2208
2026-09-11T17:45:00+05:30,4369.6,4385.5,4368.9,4382.1,2269
2026-09-11T18:00:00+05:30,4383.4,4404.3,4333,4395.4,17673
2026-09-11T18:15:00+05:30,4395.6,4432.6,4394.1,4430.3,10404
2026-09-11T18:30:00+05:30,4430.5,4436.4,4422.6,4431.2,8761
2026-09-11T18:45:00+05:30,4431.3,4440.4,4421.9,4431.6,5361
2026-09-11T19:00:00+05:30,4432.3,4442.4,4423.3,4436.5,5844
2026-09-11T19:15:00+05:30,4436.9,4444.9,4429.1,4443.9,3536
2026-09-11T19:30:00+05:30,4443.7,4444.9,4423.8,4425.2,4972
2026-09-11T19:45:00+05:30,4425,4427.7,4416.2,4417,3959
2026-09-11T20:00:00+05:30,4417.2,4417.5,4406.3,4413.1,3776
2026-09-11T20:15:00+05:30,4412.9,4426.1,4412.3,4412.5,3551
2026-09-11T20:30:00+05:30,4412.5,4414.8,4401,4404.3,3342
2026-09-11T20:45:00+05:30,4404.1,4414,4403.4,4412,2812
2026-09-11T21:00:00+05:30,4411.8,4418.7,4410.6,4414.5,2096
2026-09-11T21:15:00+05:30,4414.3,4415.3,4406.8,4408.6,1497
2026-09-11T21:30:00+05:30,4408.6,4414.4,4402.7,4403,1596
2026-09-11T21:45:00+05:30,4402.8,4405.8,4393.3,4396.2,4109
2026-09-11T22:00:00+05:30,4396.5,4407.4,4394.7,4405.4,2469
2026-09-11T22:15:00+05:30,4405.5,4406.9,4402.1,4403.8,775
2026-09-11T22:30:00+05:30,4403.7,4411.4,4402.9,4407.6,1727
2026-09-11T22:45:00+05:30,4407.7,4412.3,4405.5,4409.1,2263
2026-09-11T23:00:00+05:30,4409.1,4412.7,4402.1,4404.4,1567
2026-09-11T23:15:00+05:30,4404.1,4406.3,4400,4400.6,1123
2026-09-11T23:30:00+05:30,4400.5,4402.4,4387.1,4389,2333
2026-09-11T23:45:00+05:30,4389,4395.3,4385.8,4392.9,2386
2026-09-12T00:00:00+05:30,4392.9,4393.9,4388,4389.2,676
2026-09-12T00:15:00+05:30,4389.1,4389.4,4386.3,4389.1,747
2026-09-12T00:30:00+05:30,4389.3,4394.1,4386.3,4394.1,1224
2026-09-12T00:45:00+05:30,4393.8,4395.8,4389.6,4389.6,899
2026-09-12T01:00:00+05:30,4389.9,4390.6,4387.5,4388.9,827
2026-09-12T01:15:00+05:30,4388.5,4391.8,4384.9,4391,1427
2026-09-12T01:30:00+05:30,4391,4393.8,4390.3,4391.1,405
2026-09-12T01:45:00+05:30,4390.8,4392.7,4388.6,4390.8,293
2026-09-12T02:00:00+05:30,4390.8,4391.2,4388,4388.7,249
2026-09-12T02:15:00+05:30,4388.8,4391.4,4387.3,4390,518