time,open,high,low,close,Volume
2026-09-03T19:40:00+05:30,4511,4516.5,4507.9,4515.6,1964
2026-09-03T19:45:00+05:30,4515.8,4523.8,4515.5,4523.1,2839
2026-09-03T19:50:00+05:30,4523.1,4527.5,4518.3,4521.9,3520
2026-09-03T19:55:00+05:30,4522.1,4524.4,4516.6,4523.6,1982
2026-09-03T20:00:00+05:30,4523.7,4526.2,4516.7,4517.1,2384
2026-09-03T20:05:00+05:30,4516.9,4520.3,4514.3,4515.7,1863
2026-09-03T20:10:00+05:30,4516,4521.5,4512.3,4519,1820
2026-09-03T20:15:00+05:30,4519.3,4526.7,4519.3,4520.7,2058
2026-09-03T20:20:00+05:30,4520.8,4525.9,4520.7,4523.3,1180
2026-09-03T20:25:00+05:30,4523.4,4532.2,4516.5,4531.8,3963
2026-09-03T20:30:00+05:30,4532.2,4547.7,4530.7,4545.6,5413
2026-09-03T20:35:00+05:30,4545.5,4551.6,4544.3,4545.4,4302
2026-09-03T20:40:00+05:30,4545.4,4552.1,4542.8,4551,2971
2026-09-03T20:45:00+05:30,4551.2,4558.6,4549.1,4557.7,3991
2026-09-03T20:50:00+05:30,4557.9,4558.5,4551.3,4552,2721
2026-09-03T20:55:00+05:30,4552.3,4555.8,4551.5,4554.2,1650
2026-09-03T21:00:00+05:30,4554.1,4557.4,4547.2,4550.7,2495
2026-09-03T21:05:00+05:30,4550.7,4552.6,4542.8,4544.4,1828
2026-09-03T21:10:00+05:30,4544.2,4546.1,4542.3,4542.4,1284
2026-09-03T21:15:00+05:30,4542.6,4543.1,4535.1,4536.2,2545
2026-09-03T21:20:00+05:30,4536.1,4539.9,4534.8,4538,1851
2026-09-03T21:25:00+05:30,4538,4541,4533.6,4541,1772
2026-09-03T21:30:00+05:30,4540.8,4541.2,4537.9,4538.3,1069
2026-09-03T21:35:00+05:30,4538.4,4540.6,4535,4540,1181
2026-09-03T21:40:00+05:30,4540,4543.3,4539.9,4541.4,1200
2026-09-03T21:45:00+05:30,4541.7,4542.4,4538.9,4541.4,792
2026-09-03T21:50:00+05:30,4541.5,4541.7,4538.6,4540.8,621
2026-09-03T21:55:00+05:30,4540.9,4542.1,4538,4540.6,638
2026-09-03T22:00:00+05:30,4541.1,4543.5,4536.8,4538.2,920
2026-09-03T22:05:00+05:30,4538.3,4539.4,4537.5,4538.8,577
2026-09-03T22:10:00+05:30,4538.9,4538.9,4534.3,4535.6,985
2026-09-03T22:15:00+05:30,4535.4,4538.7,4534.8,4536.6,790
2026-09-03T22:20:00+05:30,4536.5,4537.9,4533.1,4534.8,1133
2026-09-03T22:25:00+05:30,4534.8,4536.3,4533.3,4533.6,564
2026-09-03T22:30:00+05:30,4534,4535.6,4530.7,4534.7,1411
2026-09-03T22:35:00+05:30,4534.4,4536.5,4533.1,4533.5,920
2026-09-03T22:40:00+05:30,4533.4,4535.9,4533.2,4535.2,589
2026-09-03T22:45:00+05:30,4535.4,4535.7,4532.5,4534.7,459
2026-09-03T22:50:00+05:30,4534.9,4539,4534.5,4538.3,1140
2026-09-03T22:55:00+05:30,4538.4,4541.2,4537.2,4540.3,1235
2026-09-03T23:00:00+05:30,4540.4,4541.5,4538,4539.2,941
2026-09-03T23:05:00+05:30,4539.3,4541.4,4538.8,4540.4,608
2026-09-03T23:10:00+05:30,4540.4,4540.8,4539,4539.3,366
2026-09-03T23:15:00+05:30,4539.4,4542.6,4538,4538.5,859
2026-09-03T23:20:00+05:30,4538.6,4538.8,4535.5,4537.2,907
2026-09-03T23:25:00+05:30,4537.2,4538,4533.6,4533.9,811
2026-09-03T23:30:00+05:30,4534,4537.5,4533.8,4536.8,878
2026-09-03T23:35:00+05:30,4536.6,4536.6,4531.7,4535.6,1174
2026-09-03T23:40:00+05:30,4536,4536.4,4531,4531.2,603
2026-09-03T23:45:00+05:30,4531.2,4534.2,4531,4533.6,583
2026-09-03T23:50:00+05:30,4533.9,4535.5,4529.3,4530.9,1161
2026-09-03T23:55:00+05:30,4530.9,4532,4526.7,4527.2,1279
2026-09-04T00:00:00+05:30,4527.2,4527.7,4522.2,4526.5,1909
2026-09-04T00:05:00+05:30,4526.5,4530.5,4526,4529.8,968
2026-09-04T00:10:00+05:30,4529.8,4530.1,4528,4528.9,532
2026-09-04T00:15:00+05:30,4528.6,4530.1,4525.1,4526,824
2026-09-04T00:20:00+05:30,4526.3,4527,4522.9,4522.9,1013
2026-09-04T00:25:00+05:30,4523,4524.1,4521.3,4523,1053
2026-09-04T00:30:00+05:30,4522.9,4524.3,4521.5,4522.1,726
2026-09-04T00:35:00+05:30,4522.5,4524.3,4521.7,4523.9,720
2026-09-04T00:40:00+05:30,4524.3,4524.9,4520.5,4522.4,1058
2026-09-04T00:45:00+05:30,4522.3,4524.6,4521.8,4524.1,709
2026-09-04T00:50:00+05:30,4524.1,4524.4,4522,4522.1,415
2026-09-04T00:55:00+05:30,4521.8,4523.7,4520.3,4523.7,561
2026-09-04T01:00:00+05:30,4523.7,4525.6,4521.8,4521.8,678
2026-09-04T01:05:00+05:30,4521.8,4523.9,4521.8,4522.9,404
2026-09-04T01:10:00+05:30,4523.2,4526.7,4523.2,4525.1,862
2026-09-04T01:15:00+05:30,4525.3,4528.5,4525.1,4527.1,1004
2026-09-04T01:20:00+05:30,4527.2,4527.2,4524.1,4525.2,814
2026-09-04T01:25:00+05:30,4525.2,4526.4,4520.8,4522.8,1383
2026-09-04T01:30:00+05:30,4522.8,4523.3,4518.6,4519.5,1172
2026-09-04T01:35:00+05:30,4519.4,4521.2,4519,4520.6,447
2026-09-04T01:40:00+05:30,4520.4,4520.8,4519.1,4519.1,210
2026-09-04T01:45:00+05:30,4519.2,4519.3,4517.5,4518.5,358
2026-09-04T01:50:00+05:30,4518.3,4518.7,4518,4518.1,122
2026-09-04T01:55:00+05:30,4518.1,4520,4518.1,4518.9,230
2026-09-04T02:00:00+05:30,4518.9,4520,4518.7,4519.4,177
2026-09-04T02:05:00+05:30,4519.5,4520,4518.4,4518.8,275
2026-09-04T02:10:00+05:30,4518.9,4520.3,4518.5,4519.8,192
2026-09-04T02:15:00+05:30,4519.8,4520.6,4518.9,4520.3,289
2026-09-04T02:20:00+05:30,4520.4,4521.4,4519.8,4520.9,250
2026-09-04T02:25:00+05:30,4520.9,4521.3,4519.6,4520.1,255
2026-09-04T03:30:00+05:30,4521.5,4524.6,4520.3,4523.5,941
2026-09-04T03:35:00+05:30,4523.4,4524.4,4522.5,4523.2,323
2026-09-04T03:40:00+05:30,4523.1,4526,4521.5,4525.7,567
2026-09-04T03:45:00+05:30,4525.3,4526.2,4523.7,4523.9,730
2026-09-04T03:50:00+05:30,4524.1,4524.1,4522.1,4522.1,481
2026-09-04T03:55:00+05:30,4522.1,4523.1,4521.3,4522.2,419
2026-09-04T04:00:00+05:30,4522.2,4524.1,4521.4,4522,469
2026-09-04T04:05:00+05:30,4522,4522.3,4519.7,4520.2,507
2026-09-04T04:10:00+05:30,4520.1,4524.2,4519.7,4520.9,823
2026-09-04T04:15:00+05:30,4520.9,4522.4,4518,4521.4,858
2026-09-04T04:20:00+05:30,4521.5,4523.3,4518.9,4521.8,978
2026-09-04T04:25:00+05:30,4521.8,4522.4,4520.9,4521.5,199
2026-09-04T04:30:00+05:30,4521.6,4525,4521.4,4523.6,478
2026-09-04T04:35:00+05:30,4523.6,4525.1,4519.4,4523,828
2026-09-04T04:40:00+05:30,4523,4523.4,4520.9,4521.4,280
2026-09-04T04:45:00+05:30,4521.4,4522.1,4518.6,4520.5,519
2026-09-04T04:50:00+05:30,4520.3,4520.3,4518.7,4519.2,276
2026-09-04T04:55:00+05:30,4519.5,4521.7,4519.2,4520.8,230
2026-09-04T05:00:00+05:30,4520.8,4523.1,4520.4,4521.9,398
2026-09-04T05:05:00+05:30,4521.9,4525.4,4521.6,4524.8,547
2026-09-04T05:10:00+05:30,4524.9,4525.4,4523.5,4524.3,298
2026-09-04T05:15:00+05:30,4524.2,4524.3,4521.8,4521.9,483
2026-09-04T05:20:00+05:30,4522.1,4526.9,4521.9,4524.1,897
2026-09-04T05:25:00+05:30,4524.3,4527.4,4524.3,4527.1,606
2026-09-04T05:30:00+05:30,4527.1,4527.9,4525,4527.8,752
2026-09-04T05:35:00+05:30,4527.8,4530,4526.3,4526.5,1526
2026-09-04T05:40:00+05:30,4526.5,4529.8,4525.9,4527.2,764
2026-09-04T05:45:00+05:30,4527.2,4527.7,4522.7,4523.5,838
2026-09-04T05:50:00+05:30,4523.6,4526.5,4522.7,4524.1,845
2026-09-04T05:55:00+05:30,4524.1,4524.1,4520.5,4520.9,925
2026-09-04T06:00:00+05:30,4521.2,4526,4519.1,4526,1147
2026-09-04T06:05:00+05:30,4526,4526.2,4522.4,4522.7,666
2026-09-04T06:10:00+05:30,4522.7,4528.6,4522.1,4528.5,870
2026-09-04T06:15:00+05:30,4528.5,4531.5,4527.7,4527.8,1348
2026-09-04T06:20:00+05:30,4527.6,4530.9,4526.8,4528.3,1103
2026-09-04T06:25:00+05:30,4528.4,4533.5,4527.9,4532.6,1120
2026-09-04T06:30:00+05:30,4532.6,4533.5,4523.7,4524.4,2387
2026-09-04T06:35:00+05:30,4524,4526.3,4521,4524.2,1661
2026-09-04T06:40:00+05:30,4523.9,4529.4,4519.9,4520.9,1430
2026-09-04T06:45:00+05:30,4520.9,4525,4520.3,4521.7,881
2026-09-04T06:50:00+05:30,4522.1,4525.3,4520.4,4520.8,733
2026-09-04T06:55:00+05:30,4520.7,4522,4513.1,4517.2,3232
2026-09-04T07:00:00+05:30,4517.1,4519.2,4515,4515.9,1496
2026-09-04T07:05:00+05:30,4516.1,4523.3,4514.2,4519.6,1583
2026-09-04T07:10:00+05:30,4519.7,4523.2,4517,4520,1129
2026-09-04T07:15:00+05:30,4520.1,4520.1,4512.1,4515,1387
2026-09-04T07:20:00+05:30,4514.7,4520.1,4514.1,4519.7,888
2026-09-04T07:25:00+05:30,4519.9,4526.9,4519.8,4525.1,1652
2026-09-04T07:30:00+05:30,4525,4528.9,4524.6,4526.6,1125
2026-09-04T07:35:00+05:30,4526.7,4527.2,4523.7,4524.8,783
2026-09-04T07:40:00+05:30,4524.4,4526.4,4523.2,4525.4,795
2026-09-04T07:45:00+05:30,4525.5,4526.6,4523,4524.7,372
2026-09-04T07:50:00+05:30,4524.7,4524.7,4519.8,4523.2,983
2026-09-04T07:55:00+05:30,4523.2,4523.8,4517.4,4520.1,1303
2026-09-04T08:00:00+05:30,4519.9,4522.3,4516.8,4517.1,1273
2026-09-04T08:05:00+05:30,4516.9,4523.5,4516.4,4522.3,1044
2026-09-04T08:10:00+05:30,4522.7,4523.4,4516.8,4516.8,834
2026-09-04T08:15:00+05:30,4517,4522.3,4516,4522.3,771
2026-09-04T08:20:00+05:30,4522.3,4525.8,4521.4,4525.7,859
2026-09-04T08:25:00+05:30,4525.6,4527.1,4522,4523.5,739
2026-09-04T08:30:00+05:30,4523.5,4524.9,4521.7,4522.3,439
2026-09-04T08:35:00+05:30,4522,4522.2,4517.4,4518.1,869
2026-09-04T08:40:00+05:30,4517.9,4520.1,4516.1,4519.7,882
2026-09-04T08:45:00+05:30,4519.5,4520.3,4517.6,4518.9,372
2026-09-04T08:50:00+05:30,4518.9,4521,4518.1,4520.1,362
2026-09-04T08:55:00+05:30,4519.8,4520.9,4517.9,4518.6,245
2026-09-04T09:00:00+05:30,4518.9,4521.5,4518.3,4520.8,298
2026-09-04T09:05:00+05:30,4520.9,4521.2,4518.8,4519,230
2026-09-04T09:10:00+05:30,4518.9,4519.3,4515.2,4515.4,519
2026-09-04T09:15:00+05:30,4515.4,4516.4,4515,4515.7,373
2026-09-04T09:20:00+05:30,4515.6,4516.5,4513.7,4515.9,686
2026-09-04T09:25:00+05:30,4515.8,4516.2,4513.2,4513.2,574
2026-09-04T09:30:00+05:30,4513.1,4515.6,4511.5,4515,1384
2026-09-04T09:35:00+05:30,4515,4516.7,4513.5,4514.4,420
2026-09-04T09:40:00+05:30,4514.2,4516.4,4513.8,4515.5,503
2026-09-04T09:45:00+05:30,4515.8,4516,4514.4,4516,283
2026-09-04T09:50:00+05:30,4515.8,4516.9,4514.9,4516.6,325
2026-09-04T09:55:00+05:30,4516.3,4518.8,4515.4,4518,436
2026-09-04T10:00:00+05:30,4518.1,4521,4517.9,4518.6,676
2026-09-04T10:05:00+05:30,4518.1,4521.2,4518,4520.6,366
2026-09-04T10:10:00+05:30,4520.5,4521.1,4519.6,4520.3,292
2026-09-04T10:15:00+05:30,4520.2,4520.9,4518.9,4519.7,300
2026-09-04T10:20:00+05:30,4520,4521.7,4519.8,4520.7,318
2026-09-04T10:25:00+05:30,4520.8,4521.1,4520.1,4520.2,200
2026-09-04T10:30:00+05:30,4520.2,4521.3,4517.2,4517.2,689
2026-09-04T10:35:00+05:30,4517.2,4518.3,4514.8,4515.7,695
2026-09-04T10:40:00+05:30,4515.5,4516,4513.5,4515.7,517
2026-09-04T10:45:00+05:30,4515.6,4521.7,4515,4520.3,903
2026-09-04T10:50:00+05:30,4520.1,4520.7,4516.4,4517.5,431
2026-09-04T10:55:00+05:30,4517.3,4517.7,4513.5,4514,448
2026-09-04T11:00:00+05:30,4513.6,4521.4,4512.9,4519.5,1060
2026-09-04T11:05:00+05:30,4519.4,4523.5,4515.3,4522.5,1072
2026-09-04T11:10:00+05:30,4522.7,4524,4516.6,4517.2,1271
2026-09-04T11:15:00+05:30,4517.3,4519.1,4516.9,4516.9,511
2026-09-04T11:20:00+05:30,4516.8,4516.8,4513.4,4513.7,782
2026-09-04T11:25:00+05:30,4513.5,4518.5,4513.3,4518.3,808
2026-09-04T11:30:00+05:30,4518.3,4519.5,4515.2,4516.9,1050
2026-09-04T11:35:00+05:30,4517,4518.2,4514,4515.5,512
2026-09-04T11:40:00+05:30,4515.4,4517.8,4512.7,4515,650
2026-09-04T11:45:00+05:30,4515.1,4515.8,4513.4,4515,340
2026-09-04T11:50:00+05:30,4514.8,4517.9,4512.9,4514.1,652
2026-09-04T11:55:00+05:30,4514,4518.1,4513.9,4515,434
2026-09-04T12:00:00+05:30,4515.3,4516,4510.5,4511.1,873
2026-09-04T12:05:00+05:30,4511.2,4512.8,4508.6,4512.4,1217
2026-09-04T12:10:00+05:30,4512.4,4515,4510.5,4510.5,869
2026-09-04T12:15:00+05:30,4510.6,4510.8,4507.1,4508.3,1302
2026-09-04T12:20:00+05:30,4508.3,4510.8,4507.7,4509.1,591
2026-09-04T12:25:00+05:30,4509.2,4509.9,4506.1,4509.4,672
2026-09-04T12:30:00+05:30,4509.4,4514.3,4508.1,4512.9,925
2026-09-04T12:35:00+05:30,4512.9,4515.9,4511.6,4515.3,871
2026-09-04T12:40:00+05:30,4515.4,4518.3,4514.4,4514.5,1084
2026-09-04T12:45:00+05:30,4514.5,4515.8,4513.2,4515.7,500
2026-09-04T12:50:00+05:30,4515.9,4516.7,4513.5,4516.4,380
2026-09-04T12:55:00+05:30,4516.3,4519.8,4514.8,4519.6,863
2026-09-04T13:00:00+05:30,4519.7,4522.8,4519.3,4521.7,1108
2026-09-04T13:05:00+05:30,4521.7,4523.4,4521,4522,607
2026-09-04T13:10:00+05:30,4521.9,4534.2,4521.6,4532.6,2614
2026-09-04T13:15:00+05:30,4532.7,4537.9,4531.5,4534.7,1708
2026-09-04T13:20:00+05:30,4534.8,4535.1,4529.3,4531.6,1124
2026-09-04T13:25:00+05:30,4531.4,4533.7,4528.1,4530.3,949
2026-09-04T13:30:00+05:30,4530.4,4533.6,4530.3,4530.7,1038
2026-09-04T13:35:00+05:30,4530.7,4531,4527,4528,693
2026-09-04T13:40:00+05:30,4528,4530.9,4526,4528.9,916
2026-09-04T13:45:00+05:30,4528.6,4531,4528,4529.5,380
2026-09-04T13:50:00+05:30,4529.4,4531,4526.8,4526.9,524
2026-09-04T13:55:00+05:30,4527,4529.3,4526.3,4527.9,458
2026-09-04T14:00:00+05:30,4528,4529.4,4524.7,4527.5,695
2026-09-04T14:05:00+05:30,4527.6,4528.3,4524.2,4525.2,405
2026-09-04T14:10:00+05:30,4524.8,4525.9,4524.1,4524.4,446
2026-09-04T14:15:00+05:30,4524.1,4525.2,4521.3,4521.7,508
2026-09-04T14:20:00+05:30,4521.4,4524.1,4521,4523.5,508
2026-09-04T14:25:00+05:30,4523.5,4526.3,4523.5,4524.5,520
2026-09-04T14:30:00+05:30,4524.4,4525.8,4522.8,4524.7,372
2026-09-04T14:35:00+05:30,4524.9,4524.9,4520.3,4521.5,615
2026-09-04T14:40:00+05:30,4521.6,4521.6,4515.4,4516.6,1050
2026-09-04T14:45:00+05:30,4516.5,4517.2,4512.8,4513.5,856
2026-09-04T14:50:00+05:30,4513.3,4513.9,4510,4510.8,1151
2026-09-04T14:55:00+05:30,4510.9,4512.8,4510,4512.8,746
2026-09-04T15:00:00+05:30,4512.8,4516.5,4510.9,4513.3,1238
2026-09-04T15:05:00+05:30,4512.9,4516,4512.8,4513.8,414
2026-09-04T15:10:00+05:30,4513.8,4514.8,4512,4513.5,469
2026-09-04T15:15:00+05:30,4513.9,4516,4513.7,4515.5,389
2026-09-04T15:20:00+05:30,4515.5,4515.8,4513.2,4513.2,242
2026-09-04T15:25:00+05:30,4513.4,4515.8,4511.4,4511.9,463
2026-09-04T15:30:00+05:30,4511.7,4516.7,4511.6,4515.9,411
2026-09-04T15:35:00+05:30,4515.7,4517.3,4515,4516.6,424
2026-09-04T15:40:00+05:30,4516.7,4519.7,4515.3,4519.1,548
2026-09-04T15:45:00+05:30,4519,4519.9,4517.5,4518.4,467
2026-09-04T15:50:00+05:30,4518.2,4518.2,4514.3,4514.4,500
2026-09-04T15:55:00+05:30,4514.7,4520.1,4514.5,4517.5,760
2026-09-04T16:00:00+05:30,4517.6,4521.5,4517.1,4519.4,602
2026-09-04T16:05:00+05:30,4519.6,4519.8,4516.2,4519.7,435
2026-09-04T16:10:00+05:30,4519.7,4520.3,4518.8,4519.9,286
2026-09-04T16:15:00+05:30,4519.8,4522.8,4519.7,4521.1,489
2026-09-04T16:20:00+05:30,4521.2,4522.1,4519.6,4521.2,308
2026-09-04T16:25:00+05:30,4520.9,4521.4,4519,4519,289
2026-09-04T16:30:00+05:30,4519.1,4519.5,4516.2,4517.7,582
2026-09-04T16:35:00+05:30,4518,4518.2,4515.5,4517,340
2026-09-04T16:40:00+05:30,4516.9,4517.7,4515.6,4516.4,335
2026-09-04T16:45:00+05:30,4516.4,4516.8,4512.5,4513.1,626
2026-09-04T16:50:00+05:30,4513,4517,4513,4515.1,613
2026-09-04T16:55:00+05:30,4514.7,4514.7,4511.4,4511.9,597
2026-09-04T17:00:00+05:30,4511.9,4514.5,4511.4,4512.1,549
2026-09-04T17:05:00+05:30,4512.2,4515.8,4512.2,4514.4,362
2026-09-04T17:10:00+05:30,4514.6,4516.8,4512.1,4514.4,443
2026-09-04T17:15:00+05:30,4514.3,4516.6,4513.3,4513.7,411
2026-09-04T17:20:00+05:30,4513.7,4516.9,4513.5,4515.2,408
2026-09-04T17:25:00+05:30,4515.4,4516.2,4510.8,4513,680
2026-09-04T17:30:00+05:30,4513.4,4515.7,4511,4515.1,781
2026-09-04T17:35:00+05:30,4515.4,4516.7,4513.2,4513.5,702
2026-09-04T17:40:00+05:30,4513.9,4515.5,4510.6,4511,688
2026-09-04T17:45:00+05:30,4510.9,4514.5,4510.9,4514.1,777
2026-09-04T17:50:00+05:30,4514.3,4516.4,4510.7,4514.1,1097
2026-09-04T17:55:00+05:30,4514.2,4522.9,4513.5,4519.2,1561
2026-09-04T18:00:00+05:30,4520.3,4522.7,4411.4,4441.8,24019
2026-09-04T18:05:00+05:30,4442,4446.8,4430,4438.6,9001
2026-09-04T18:10:00+05:30,4438.1,4453.6,4433.7,4440.6,5646
2026-09-04T18:15:00+05:30,4440.6,4444.4,4426.8,4444,6577
2026-09-04T18:20:00+05:30,4443.7,4457,4441.9,4452.7,5008
2026-09-04T18:25:00+05:30,4452.8,4456,4439.5,4440.8,3971
2026-09-04T18:30:00+05:30,4440.7,4441.7,4412,4425.8,10571
2026-09-04T18:35:00+05:30,4425.7,4436.9,4422.5,4434.7,3762
2026-09-04T18:40:00+05:30,4434.6,4440.9,4428.4,4440.6,3389
2026-09-04T18:45:00+05:30,4440.7,4446.5,4438,4445.5,3081
2026-09-04T18:50:00+05:30,4445.4,4454.3,4443.3,4451.6,3735
2026-09-04T18:55:00+05:30,4451.8,4461.4,4450.7,4459.5,3652
2026-09-04T19:00:00+05:30,4459.6,4467.8,4458.6,4460.8,5500
2026-09-04T19:05:00+05:30,4460.8,4464.9,4452.1,4454.6,4148
2026-09-04T19:10:00+05:30,4454.3,4471.1,4454.1,4470.8,4457
2026-09-04T19:15:00+05:30,4470.8,4482,4465.2,4476.8,5241
2026-09-04T19:20:00+05:30,4477,4478.7,4467.6,4469.5,3267
2026-09-04T19:25:00+05:30,4470,4473.9,4459.5,4460.2,3514
2026-09-04T19:30:00+05:30,4460.2,4467.9,4458.5,4467.9,3047
2026-09-04T19:35:00+05:30,4467.9,4474.4,4463,4471.1,2947
2026-09-04T19:40:00+05:30,4471.1,4485,4466.4,4481.4,3649
2026-09-04T19:45:00+05:30,4481.4,4484.6,4476.4,4480.1,2935
2026-09-04T19:50:00+05:30,4479.8,4483.4,4474.2,4478.2,2508
2026-09-04T19:55:00+05:30,4478.3,4484.8,4476.1,4476.5,2224
2026-09-04T20:00:00+05:30,4476.5,4487.3,4476.4,4487,2797
2026-09-04T20:05:00+05:30,4486.7,4489.5,4475.4,4476.8,3099
2026-09-04T20:10:00+05:30,4476.6,4479.6,4472,4476.1,2626
2026-09-04T20:15:00+05:30,4476,4479.3,4469.2,4475,2532
2026-09-04T20:20:00+05:30,4474.6,4475.8,4464,4464.5,2288
2026-09-04T20:25:00+05:30,4464.5,4476.9,4464,4474.1,2253
2026-09-04T20:30:00+05:30,4474.4,4477.7,4469.2,4477.3,1851
2026-09-04T20:35:00+05:30,4476.8,4486.5,4476.7,4483.8,2821
2026-09-04T20:40:00+05:30,4483.7,4491.2,4481.5,4490.5,2477
2026-09-04T20:45:00+05:30,4490.7,4496.1,4488.3,4495.2,2492
2026-09-04T20:50:00+05:30,4495.2,4496.4,4487.2,4490.2,2481
2026-09-04T20:55:00+05:30,4490.2,4493.5,4486.7,4487,1467
2026-09-04T21:00:00+05:30,4487.2,4491.6,4485.5,4486.8,1620
2026-09-04T21:05:00+05:30,4486.9,4488.5,4484.5,4485.1,1209
2026-09-04T21:10:00+05:30,4485.3,4493.8,4483.4,4490,1713
2026-09-04T21:15:00+05:30,4490.2,4492.1,4489,4490.9,886
2026-09-04T21:20:00+05:30,4491.2,4493.4,4486,4486.4,1195
2026-09-04T21:25:00+05:30,4486.6,4488.3,4482.7,4483.9,1594
2026-09-04T21:30:00+05:30,4483.9,4487.6,4483.5,4486.9,1023
2026-09-04T21:35:00+05:30,4487.1,4488.1,4480.4,4480.9,1589
2026-09-04T21:40:00+05:30,4480.9,4486.8,4479.5,4486.2,1434
2026-09-04T21:45:00+05:30,4486.1,4491.2,4484.7,4488.6,1223
2026-09-04T21:50:00+05:30,4488.9,4490,4483.3,4485.6,927
2026-09-04T21:55:00+05:30,4485.4,4486.2,4480.8,4482,783
2026-09-04T22:00:00+05:30,4481.7,4486.5,4480.8,4485,688
2026-09-04T22:05:00+05:30,4484.7,4485.7,4483.6,4484.9,383
2026-09-04T22:10:00+05:30,4484.8,4487.3,4482.9,4485.6,661
2026-09-04T22:15:00+05:30,4485.6,4487.8,4484.7,4487.4,704
2026-09-04T22:20:00+05:30,4487.6,4487.8,4483.2,4483.5,673
2026-09-04T22:25:00+05:30,4483.2,4485.6,4481.8,4483.8,965
2026-09-04T22:30:00+05:30,4483.5,4484,4477.4,4478.6,1676
2026-09-04T22:35:00+05:30,4478.2,4481.3,4477.6,4479.5,873
2026-09-04T22:40:00+05:30,4479.6,4482.3,4479.2,4481.1,648
2026-09-04T22:45:00+05:30,4481.4,4486.4,4480.2,4485.7,1048
2026-09-04T22:50:00+05:30,4485.7,4488.4,4478.6,4480.9,1479
2026-09-04T22:55:00+05:30,4480.7,4480.9,4475,4476.1,1965
2026-09-04T23:00:00+05:30,4475.9,4477.3,4470.3,4471.6,1884
2026-09-04T23:05:00+05:30,4471.7,4473.1,4469.1,4469.7,1328
2026-09-04T23:10:00+05:30,4469.8,4469.9,4462.6,4464.7,1734
2026-09-04T23:15:00+05:30,4464.6,4467.9,4462.9,4467.3,1384
2026-09-04T23:20:00+05:30,4466.8,4469,4465.9,4466.6,976
2026-09-04T23:25:00+05:30,4466.6,4467,4463.5,4464,790
2026-09-04T23:30:00+05:30,4464.7,4465.1,4458.8,4460.2,1617
2026-09-04T23:35:00+05:30,4460.3,4465.9,4459.8,4465.6,1080
2026-09-04T23:40:00+05:30,4465.4,4467.4,4464.1,4467.4,1008
2026-09-04T23:45:00+05:30,4467.4,4470.2,4466.9,4466.9,1025
2026-09-04T23:50:00+05:30,4467.1,4472.6,4467,4472.4,885
2026-09-04T23:55:00+05:30,4472.3,4474.5,4471,4472.3,1087
2026-09-05T00:00:00+05:30,4472.4,4472.8,4470.6,4472.6,493
2026-09-05T00:05:00+05:30,4472.6,4472.8,4468.7,4469.9,639
2026-09-05T00:10:00+05:30,4470,4473.9,4469.5,4470.4,668
2026-09-05T00:15:00+05:30,4470.6,4472.1,4469.5,4471.5,357
2026-09-05T00:20:00+05:30,4471.6,4473,4471.2,4472.6,304
2026-09-05T00:25:00+05:30,4472.5,4473.3,4470.3,4471.4,591
2026-09-05T00:30:00+05:30,4471.6,4473.1,4469.9,4470.8,759
2026-09-05T00:35:00+05:30,4470.9,4473.1,4470,4472.5,321
2026-09-05T00:40:00+05:30,4472.6,4477.5,4472.2,4476.4,1068
2026-09-05T00:45:00+05:30,4476.3,4479.2,4475.8,4476.1,633
2026-09-05T00:50:00+05:30,4476,4478.6,4474.1,4478.1,618
2026-09-05T00:55:00+05:30,4478.1,4483,4477.4,4482.6,922
2026-09-05T01:00:00+05:30,4482.8,4485.6,4481.2,4485,906
2026-09-05T01:05:00+05:30,4485,4485,4482.3,4483.7,528
2026-09-05T01:10:00+05:30,4483.6,4485,4482.1,4484.4,500
2026-09-05T01:15:00+05:30,4484.4,4484.8,4480.6,4482.5,811
2026-09-05T01:20:00+05:30,4482.6,4483.7,4481.2,4483.3,796
2026-09-05T01:25:00+05:30,4483.3,4483.5,4479.7,4481.9,951
2026-09-05T01:30:00+05:30,4481.8,4482.4,4479.2,4479.6,492
2026-09-05T01:35:00+05:30,4479.6,4480.1,4478.1,4478.9,321
2026-09-05T01:40:00+05:30,4479,4479.8,4477.8,4479,289
2026-09-05T01:45:00+05:30,4478.8,4479,4477,4478.2,202
2026-09-05T01:50:00+05:30,4478.3,4478.4,4477.2,4477.2,169
2026-09-05T01:55:00+05:30,4477.4,4478.1,4476.7,4477.2,214
2026-09-05T02:00:00+05:30,4477.2,4477.2,4476,4476.5,262
2026-09-05T02:05:00+05:30,4476.6,4478,4476.6,4477.4,247
2026-09-05T02:10:00+05:30,4477.7,4477.8,4476.4,4477.4,251
2026-09-05T02:15:00+05:30,4477.6,4477.9,4475.5,4475.8,324
2026-09-05T02:20:00+05:30,4475.8,4478.6,4475.8,4478.4,289
2026-09-05T02:25:00+05:30,4478.1,4478.5,4476.4,4477,333
2026-09-07T03:30:00+05:30,4466.7,4474.7,4462.1,4468.8,1519
2026-09-07T03:35:00+05:30,4468.6,4472.1,4468.2,4471.2,625
2026-09-07T03:40:00+05:30,4471,4475,4470.2,4474.7,396
2026-09-07T03:45:00+05:30,4474.9,4476.3,4473.4,4474,432
2026-09-07T03:50:00+05:30,4473.6,4475.7,4473,4474.6,279
2026-09-07T03:55:00+05:30,4474.9,4476.4,4472.7,4474.7,518
2026-09-07T04:00:00+05:30,4474.6,4477,4474,4474.2,392
2026-09-07T04:05:00+05:30,4474.4,4475.9,4473.6,4475.7,257
2026-09-07T04:10:00+05:30,4475.8,4477.5,4475.5,4476.8,277
2026-09-07T04:15:00+05:30,4477.1,4481.5,4476.8,4480.4,520
2026-09-07T04:20:00+05:30,4480.4,4480.8,4477.5,4478.8,486
2026-09-07T04:25:00+05:30,4478.5,4479.4,4475.2,4475.7,475
2026-09-07T04:30:00+05:30,4475.6,4477.7,4475.3,4476.5,297
2026-09-07T04:35:00+05:30,4476.6,4478,4476.4,4476.8,143
2026-09-07T04:40:00+05:30,4476.9,4477.5,4475.6,4476.4,358
2026-09-07T04:45:00+05:30,4476.3,4476.5,4474.7,4475.1,203
2026-09-07T04:50:00+05:30,4475.7,4475.8,4471.5,4471.5,470
2026-09-07T04:55:00+05:30,4471.5,4473.8,4471.4,4473.6,373
2026-09-07T05:00:00+05:30,4473.3,4475,4471.4,4474.5,320
2026-09-07T05:05:00+05:30,4474.4,4477.1,4473.3,4474.6,626
2026-09-07T05:10:00+05:30,4474.2,4475.7,4471.6,4475.4,416
2026-09-07T05:15:00+05:30,4475.7,4480.6,4473.7,4474.1,1045
2026-09-07T05:20:00+05:30,4473.9,4474.6,4469.2,4470.9,833
2026-09-07T05:25:00+05:30,4471,4471.5,4468,4470,760
2026-09-07T05:30:00+05:30,4470.3,4473.9,4468.9,4470.1,920
2026-09-07T05:35:00+05:30,4470.3,4472.6,4468,4469.3,560
2026-09-07T05:40:00+05:30,4468.4,4474.5,4467.8,4471.8,875
2026-09-07T05:45:00+05:30,4471.7,4475.8,4470.9,4472.7,633
2026-09-07T05:50:00+05:30,4472.9,4474.2,4471.4,4473,295
2026-09-07T05:55:00+05:30,4473,4473.9,4468.9,4468.9,439
2026-09-07T06:00:00+05:30,4468.9,4469.5,4465.2,4465.7,965
2026-09-07T06:05:00+05:30,4465.8,4470.8,4465.2,4469.1,744
2026-09-07T06:10:00+05:30,4469,4472.2,4468.1,4471,541
2026-09-07T06:15:00+05:30,4471.1,4476.6,4471.1,4474.2,857
2026-09-07T06:20:00+05:30,4474.4,4474.5,4467.9,4469.3,627
2026-09-07T06:25:00+05:30,4469.4,4469.5,4456.7,4459.5,2417
2026-09-07T06:30:00+05:30,4459.2,4462.9,4453.7,4458.8,3326
2026-09-07T06:35:00+05:30,4458.9,4460.2,4448.2,4449.7,2354
2026-09-07T06:40:00+05:30,4449.8,4453.8,4442.3,4446.7,2681
2026-09-07T06:45:00+05:30,4446.7,4447.2,4437.9,4440.8,2037
2026-09-07T06:50:00+05:30,4440.9,4443.5,4436.4,4443,1673
2026-09-07T06:55:00+05:30,4443,4451.1,4440.3,4450.2,1760
2026-09-07T07:00:00+05:30,4450.4,4458.2,4449.9,4455.5,1932
2026-09-07T07:05:00+05:30,4455.6,4460,4453.3,4459.1,1338
2026-09-07T07:10:00+05:30,4459,4459.9,4454.8,4456.8,935
2026-09-07T07:15:00+05:30,4456.7,4460.2,4455.4,4455.7,703
2026-09-07T07:20:00+05:30,4455.9,4463.7,4455.7,4460.3,1306
2026-09-07T07:25:00+05:30,4460.2,4461.5,4455.2,4455.7,903
2026-09-07T07:30:00+05:30,4455.7,4457.1,4451.4,4453.9,1443
2026-09-07T07:35:00+05:30,4453.7,4454,4449.3,4451.3,1021
2026-09-07T07:40:00+05:30,4451.4,4452.7,4449.6,4450.3,623
2026-09-07T07:45:00+05:30,4450.3,4453.6,4449.8,4453.5,619
2026-09-07T07:50:00+05:30,4453.5,4455.9,4452.9,4455.6,762
2026-09-07T07:55:00+05:30,4455.6,4455.8,4453.4,4454.1,436
2026-09-07T08:00:00+05:30,4454.1,4460.9,4453.1,4460.8,1725
2026-09-07T08:05:00+05:30,4460.9,4465,4459,4464.4,1143
2026-09-07T08:10:00+05:30,4464.5,4465,4459.8,4461.4,890
2026-09-07T08:15:00+05:30,4461.1,4465.4,4459.9,4463.5,722
2026-09-07T08:20:00+05:30,4463.7,4463.8,4459.5,4460.2,535
2026-09-07T08:25:00+05:30,4460.4,4460.5,4453.2,4455,1381
2026-09-07T08:30:00+05:30,4454.8,4457,4453.3,4456.5,947
2026-09-07T08:35:00+05:30,4456.3,4456.4,4451.3,4452.5,778
2026-09-07T08:40:00+05:30,4452.5,4454.6,4451.6,4454,684
2026-09-07T08:45:00+05:30,4453.5,4454.7,4450.6,4453.1,857
2026-09-07T08:50:00+05:30,4452.9,4456.2,4452.2,4454.8,679
2026-09-07T08:55:00+05:30,4455.1,4455.7,4453.8,4454.5,295
2026-09-07T09:00:00+05:30,4454.5,4454.9,4451.7,4453.7,527
2026-09-07T09:05:00+05:30,4453.9,4454.4,4450.5,4450.9,473
2026-09-07T09:10:00+05:30,4451.2,4451.7,4447.4,4447.7,852
2026-09-07T09:15:00+05:30,4447.5,4451.2,4447.3,4449,599
2026-09-07T09:20:00+05:30,4449.2,4449.4,4447.1,4448,478
2026-09-07T09:25:00+05:30,4448.1,4450.6,4447.5,4450,324
2026-09-07T09:30:00+05:30,4450,4451,4446.9,4447.3,819
2026-09-07T09:35:00+05:30,4447.3,4451.6,4447,4450.9,459
2026-09-07T09:40:00+05:30,4450.9,4453.3,4450.6,4452.3,645
2026-09-07T09:45:00+05:30,4452.3,4452.3,4448.5,4448.9,355
2026-09-07T09:50:00+05:30,4448.8,4448.9,4446.1,4446.4,542
2026-09-07T09:55:00+05:30,4446.2,4448.1,4445.6,4447.8,370
2026-09-07T10:00:00+05:30,4447.8,4448.3,4442.6,4443.7,800
2026-09-07T10:05:00+05:30,4443.7,4444.1,4439.7,4441,808
2026-09-07T10:10:00+05:30,4441,4443.2,4440.4,4442.4,424
2026-09-07T10:15:00+05:30,4442.3,4443.4,4441,4442.3,454
2026-09-07T10:20:00+05:30,4442.1,4443.7,4441.3,4441.8,333
2026-09-07T10:25:00+05:30,4441.8,4444.9,4441.5,4443.7,411
2026-09-07T10:30:00+05:30,4443.9,4448.2,4443.2,4448.1,708
2026-09-07T10:35:00+05:30,4448,4449.9,4446,4446.9,621
2026-09-07T10:40:00+05:30,4446.7,4448.4,4444,4448.2,684
2026-09-07T10:45:00+05:30,4448.3,4451.4,4447.6,4450.6,543
2026-09-07T10:50:00+05:30,4450.8,4451,4448.1,4450.9,342
2026-09-07T10:55:00+05:30,4450.7,4457.6,4450.4,4457,1106
2026-09-07T11:00:00+05:30,4457.1,4459.4,4450.8,4454.2,2025
2026-09-07T11:05:00+05:30,4454.1,4456.4,4450.5,4451.3,638
2026-09-07T11:10:00+05:30,4450.8,4451.2,4447.3,4450.3,734
2026-09-07T11:15:00+05:30,4450.1,4452.8,4448.2,4448.9,527
2026-09-07T11:20:00+05:30,4449,4449,4441.3,4442.4,1124
2026-09-07T11:25:00+05:30,4442.1,4444.1,4438.9,4440,1057
2026-09-07T11:30:00+05:30,4440,4440.7,4430.6,4433.6,2531
2026-09-07T11:35:00+05:30,4433.5,4436.2,4430.8,4434.8,1502
2026-09-07T11:40:00+05:30,4434.9,4439.7,4433.2,4437.6,1119
2026-09-07T11:45:00+05:30,4438.1,4441.7,4437.5,4440.8,657
2026-09-07T11:50:00+05:30,4440.6,4443.6,4435.5,4443.1,1240
2026-09-07T11:55:00+05:30,4442.9,4444,4439.2,4439.9,723
2026-09-07T12:00:00+05:30,4440.1,4443.8,4439.4,4443.6,452
2026-09-07T12:05:00+05:30,4443.5,4444.4,4439.4,4442.9,704
2026-09-07T12:10:00+05:30,4442.9,4445.6,4441.8,4442,722
2026-09-07T12:15:00+05:30,4442,4445,4441.8,4442.4,600
2026-09-07T12:20:00+05:30,4442.6,4443.8,4440.4,4440.5,421
2026-09-07T12:25:00+05:30,4440.8,4441.6,4436.8,4438.5,814
2026-09-07T12:30:00+05:30,4438.8,4447.4,4437.8,4445.9,1159
2026-09-07T12:35:00+05:30,4446,4447.7,4443.9,4446.3,947
2026-09-07T12:40:00+05:30,4446.1,4447.4,4441.4,4447.4,780
2026-09-07T12:45:00+05:30,4447.5,4448.1,4442.8,4443.3,653
2026-09-07T12:50:00+05:30,4443.5,4446.7,4441.8,4444.1,552
2026-09-07T12:55:00+05:30,4444.1,4445.6,4440.4,4440.7,974
2026-09-07T13:00:00+05:30,4441.1,4443.3,4439.1,4442,525
2026-09-07T13:05:00+05:30,4441.4,4445,4440.7,4440.9,859
2026-09-07T13:10:00+05:30,4441.2,4442.5,4438,4441.7,679
2026-09-07T13:15:00+05:30,4441.9,4445.6,4440.8,4445.2,495
2026-09-07T13:20:00+05:30,4445.4,4448.6,4443.7,4447.4,1094
2026-09-07T13:25:00+05:30,4447.4,4452.9,4446.3,4452.6,1303
2026-09-07T13:30:00+05:30,4452.4,4463,4451.3,4458.6,2542
2026-09-07T13:35:00+05:30,4458.6,4460.7,4455.6,4459.7,1453
2026-09-07T13:40:00+05:30,4459.7,4463.5,4457.7,4463,1270
2026-09-07T13:45:00+05:30,4463,4469.3,4462.6,4467.3,1477
2026-09-07T13:50:00+05:30,4467.7,4468.6,4463.5,4463.5,980
2026-09-07T13:55:00+05:30,4463.8,4466.1,4461.8,4465.9,768
2026-09-07T14:00:00+05:30,4465.5,4469.8,4464.1,4466.8,1195
2026-09-07T14:05:00+05:30,4466.8,4467.5,4461.3,4461.4,746
2026-09-07T14:10:00+05:30,4461.3,4462.1,4459.2,4460.6,819
2026-09-07T14:15:00+05:30,4460.7,4461,4458.8,4459.8,536
2026-09-07T14:20:00+05:30,4459.6,4459.8,4456.1,4457.2,774
2026-09-07T14:25:00+05:30,4457.3,4457.5,4455.2,4456.8,604
2026-09-07T14:30:00+05:30,4456.8,4459.5,4456.7,4458,620
2026-09-07T14:35:00+05:30,4458.1,4458.5,4456.9,4458.4,249
2026-09-07T14:40:00+05:30,4458.2,4459.3,4456.6,4457,412
2026-09-07T14:45:00+05:30,4457,4457.6,4452.4,4453.9,738
2026-09-07T14:50:00+05:30,4454,4455.1,4453.4,4454.3,350
2026-09-07T14:55:00+05:30,4454.2,4455.2,4451,4451.6,641
2026-09-07T15:00:00+05:30,4451.6,4452.3,4449.2,4451.7,921
2026-09-07T15:05:00+05:30,4451.8,4455.4,4450.3,4454.8,566
2026-09-07T15:10:00+05:30,4454.7,4456,4454.5,4455.4,473
2026-09-07T15:15:00+05:30,4455.5,4456.3,4454.9,4455.6,233
2026-09-07T15:20:00+05:30,4455.9,4456.2,4452.9,4454.2,274
2026-09-07T15:25:00+05:30,4454.4,4454.4,4450.6,4451.6,351
2026-09-07T15:30:00+05:30,4451.6,4452.2,4450.1,4450.5,284
2026-09-07T15:35:00+05:30,4450.6,4451.4,4448.1,4450.6,517
2026-09-07T15:40:00+05:30,4450.7,4450.7,4448,4449,406
2026-09-07T15:45:00+05:30,4448.5,4450.3,4448.3,4450,280
2026-09-07T15:50:00+05:30,4449.8,4450.5,4443.5,4443.9,889
2026-09-07T15:55:00+05:30,4443.8,4444.8,4441.3,4441.5,539
2026-09-07T16:00:00+05:30,4441.4,4442.5,4439,4440,748
2026-09-07T16:05:00+05:30,4439.9,4440.5,4437.4,4439.3,1002
2026-09-07T16:10:00+05:30,4439,4445,4439,4444,993
2026-09-07T16:15:00+05:30,4444.2,4444.5,4439.6,4440.2,745
2026-09-07T16:20:00+05:30,4440.4,4442.1,4437.1,4437.2,783
2026-09-07T16:25:00+05:30,4437.6,4438.4,4433.6,4437.3,1302
2026-09-07T16:30:00+05:30,4436.9,4438.1,4434.6,4436.5,869
2026-09-07T16:35:00+05:30,4436.9,4439.3,4435.7,4436.4,650
2026-09-07T16:40:00+05:30,4436.4,4439.7,4435.4,4439,494
2026-09-07T16:45:00+05:30,4439,4439.6,4437.1,4437.7,323
2026-09-07T16:50:00+05:30,4438.1,4440.3,4433.9,4435.1,703
2026-09-07T16:55:00+05:30,4435.3,4436.3,4432.7,4434.7,773
2026-09-07T17:00:00+05:30,4434.7,4435.3,4426.2,4427.7,2354
2026-09-07T17:05:00+05:30,4428,4434.4,4427.3,4433.7,991
2026-09-07T17:10:00+05:30,4433.7,4434,4431.3,4431.7,404
2026-09-07T17:15:00+05:30,4431.8,4437.3,4431,4436.3,728
2026-09-07T17:20:00+05:30,4436.3,4437.1,4431.6,4432.4,596
2026-09-07T17:25:00+05:30,4432.5,4433.5,4430.2,4430.5,430
2026-09-07T17:30:00+05:30,4430.6,4434.4,4430.6,4431.5,654
2026-09-07T17:35:00+05:30,4431.8,4436.7,4431.7,4435.7,600
2026-09-07T17:40:00+05:30,4435.6,4438.3,4435,4435.9,728
2026-09-07T17:45:00+05:30,4435.9,4438,4435.8,4437.5,314
2026-09-07T17:50:00+05:30,4437,4439.2,4435.5,4438.9,599
2026-09-07T17:55:00+05:30,4438.9,4440.5,4438.3,4440.5,481
2026-09-07T18:00:00+05:30,4440.3,4442.3,4439.1,4439.6,721
2026-09-07T18:05:00+05:30,4439.6,4441,4437.6,4440.5,729
2026-09-07T18:10:00+05:30,4440.4,4442.7,4440.4,4442.2,653
2026-09-07T18:15:00+05:30,4442.1,4442.8,4441,4442,346
2026-09-07T18:20:00+05:30,4442.2,4443.2,4439.3,4439.9,650
2026-09-07T18:25:00+05:30,4439.7,4442.2,4439.2,4441.8,427
2026-09-07T18:30:00+05:30,4441.9,4445.6,4440.3,4445.3,1818
2026-09-07T18:35:00+05:30,4445.4,4447.7,4444.5,4447.6,1018
2026-09-07T18:40:00+05:30,4447.7,4449.7,4446.1,4449.2,1230
2026-09-07T18:45:00+05:30,4449.2,4449.2,4446.7,4447.1,647
2026-09-07T18:50:00+05:30,4447.2,4449.9,4447.2,4448.6,496
2026-09-07T18:55:00+05:30,4448.8,4450.3,4447.7,4449.1,520
2026-09-07T19:00:00+05:30,4448.9,4452.9,4448.3,4451.4,839
2026-09-07T19:05:00+05:30,4451.4,4451.9,4447.4,4448.3,877
2026-09-07T19:10:00+05:30,4448.3,4449.3,4446.9,4448.7,685
2026-09-07T19:15:00+05:30,4448.5,4453.6,4448.5,4448.7,1154
2026-09-07T19:20:00+05:30,4448.8,4450.3,4447.6,4449.6,595
2026-09-07T19:25:00+05:30,4449.8,4450,4446.3,4447.6,774
2026-09-07T19:30:00+05:30,4447.8,4453.3,4446.2,4451.6,1693
2026-09-07T19:35:00+05:30,4451.3,4454,4450.7,4453,827
2026-09-07T19:40:00+05:30,4453.2,4454.3,4451.6,4452.4,466
2026-09-07T19:45:00+05:30,4452.5,4454.4,4451.9,4453,510
2026-09-07T19:50:00+05:30,4453.3,4453.3,4450.2,4451.1,536
2026-09-07T19:55:00+05:30,4451.2,4454.1,4451,4452.4,567
2026-09-07T20:00:00+05:30,4452.5,4453.1,4450.8,4451.4,551
2026-09-07T20:05:00+05:30,4451.2,4453.4,4449.9,4450.9,714
2026-09-07T20:10:00+05:30,4451.1,4457.7,4450.7,4457.5,1239
2026-09-07T20:15:00+05:30,4457.5,4465,4455.9,4459.3,2492
2026-09-07T20:20:00+05:30,4459.5,4465.2,4457.6,4462.5,1263
2026-09-07T20:25:00+05:30,4462.6,4463.1,4460.9,4461.7,592
2026-09-07T20:30:00+05:30,4461.7,4462.3,4457.5,4458.3,972
2026-09-07T20:35:00+05:30,4458.6,4458.9,4454.7,4458.6,1080
2026-09-07T20:40:00+05:30,4458.4,4460.6,4456.9,4460.6,559
2026-09-07T20:45:00+05:30,4460.4,4460.8,4458.9,4460,502
2026-09-07T20:50:00+05:30,4460.3,4460.8,4458.6,4459.9,373
2026-09-07T20:55:00+05:30,4459.9,4460.2,4456.2,4458.4,555
2026-09-07T21:00:00+05:30,4458.6,4459.4,4456.7,4458.5,408
2026-09-07T21:05:00+05:30,4458.8,4459.7,4456.3,4456.6,628
2026-09-07T21:10:00+05:30,4456.5,4457.6,4454.5,4457.4,589
2026-09-07T21:15:00+05:30,4457.6,4458.8,4457,4458,268
2026-09-07T21:20:00+05:30,4458.2,4459.2,4457.9,4459.1,360
2026-09-07T21:25:00+05:30,4458.9,4461.1,4458.1,4460.3,516
2026-09-07T21:30:00+05:30,4460.2,4460.7,4458.3,4459.7,306
2026-09-07T21:35:00+05:30,4459.7,4461.5,4459.2,4461.3,263
2026-09-07T21:40:00+05:30,4461.5,4463.1,4460.7,4461.1,648
2026-09-07T21:45:00+05:30,4461,4461.6,4458.1,4459.1,454
2026-09-07T21:50:00+05:30,4459,4459.8,4458.7,4458.8,223
2026-09-07T21:55:00+05:30,4459,4460.1,4458.7,4459.4,264
2026-09-07T22:00:00+05:30,4459.4,4459.9,4458.1,4458.2,268
2026-09-07T22:05:00+05:30,4458.6,4459.3,4457.4,4458.1,311
2026-09-07T22:10:00+05:30,4457.9,4459.8,4457.6,4459.8,301
2026-09-07T22:15:00+05:30,4459.8,4460.2,4458.5,4459.1,221
2026-09-07T22:20:00+05:30,4459.2,4460.4,4458.8,4459.2,210
2026-09-07T22:25:00+05:30,4459.1,4460.4,4458.6,4460.3,178
2026-09-07T22:30:00+05:30,4460.4,4461.1,4459.1,4459.5,227
2026-09-07T22:35:00+05:30,4459.7,4460.5,4458.2,4458.8,212
2026-09-07T22:40:00+05:30,4459,4459,4457.7,4457.8,159
2026-09-07T22:45:00+05:30,4457.8,4459.5,4457.8,4458.8,144
2026-09-07T22:50:00+05:30,4458.9,4459.2,4457.7,4458.3,144
2026-09-07T22:55:00+05:30,4458.6,4458.9,4457.7,4458.2,85
2026-09-07T23:00:00+05:30,4458.3,4458.4,4455.4,4455.7,298
2026-09-07T23:05:00+05:30,4456,4457,4455.4,4455.7,160
2026-09-07T23:10:00+05:30,4456.1,4456.7,4455.5,4456.6,71
2026-09-07T23:15:00+05:30,4456.5,4456.6,4455.4,4456.4,121
2026-09-07T23:20:00+05:30,4456.5,4456.7,4454.6,4454.9,167
2026-09-07T23:25:00+05:30,4455.1,4455.2,4452.1,4452.7,368
2026-09-07T23:30:00+05:30,4453,4454.5,4451.5,4452.8,321
2026-09-07T23:35:00+05:30,4452.8,4455.2,4452.3,4453.8,167
2026-09-07T23:40:00+05:30,4454,4454.8,4450.1,4450.6,342
2026-09-07T23:45:00+05:30,4451.2,4451.4,4449.2,4450.6,379
2026-09-07T23:50:00+05:30,4450.6,4452.4,4449.9,4451.3,225
2026-09-07T23:55:00+05:30,4451.4,4452.4,4448.6,4452.3,296
2026-09-08T03:30:00+05:30,4451.5,4463.2,4451.2,4458.3,1289
2026-09-08T03:35:00+05:30,4458.1,4459.5,4457.2,4458,388
2026-09-08T03:40:00+05:30,4458,4459.1,4457.8,4458.4,238
2026-09-08T03:45:00+05:30,4458.6,4459.2,4457.9,4459,183
2026-09-08T03:50:00+05:30,4458.9,4458.9,4456.4,4457.1,323
2026-09-08T03:55:00+05:30,4457.1,4457.1,4454.6,4455.2,371
2026-09-08T04:00:00+05:30,4455.2,4455.2,4454.2,4454.4,291
2026-09-08T04:05:00+05:30,4454.7,4455.9,4454,4454.5,424
2026-09-08T04:10:00+05:30,4454.2,4455.3,4453.3,4453.8,315
2026-09-08T04:15:00+05:30,4453.9,4454.3,4451.8,4452.2,353
2026-09-08T04:20:00+05:30,4452.1,4453.6,4452.1,4453.5,169
2026-09-08T04:25:00+05:30,4453.5,4453.8,4452.9,4453.3,197
2026-09-08T04:30:00+05:30,4453.1,4457.9,4453,4457.8,764
2026-09-08T04:35:00+05:30,4457.6,4458.2,4456,4456.4,524
2026-09-08T04:40:00+05:30,4456.2,4457.3,4455.8,4456.8,316
2026-09-08T04:45:00+05:30,4456.5,4457.4,4452.9,4456.1,781
2026-09-08T04:50:00+05:30,4456,4458.8,4455.3,4456,522
2026-09-08T04:55:00+05:30,4455.7,4458.5,4454.9,4456,450
2026-09-08T05:00:00+05:30,4456.5,4463.9,4456.5,4463.5,943
2026-09-08T05:05:00+05:30,4463.6,4468.9,4463.5,4466.6,2424
2026-09-08T05:10:00+05:30,4466.4,4474.5,4465.4,4473.9,2017
2026-09-08T05:15:00+05:30,4473.9,4474.4,4469.2,4473,1292
2026-09-08T05:20:00+05:30,4472.7,4473.5,4467.2,4467.6,1011
2026-09-08T05:25:00+05:30,4467.5,4470.4,4465.8,4469,1605
2026-09-08T05:30:00+05:30,4469.4,4470.7,4464.3,4465.6,2013
2026-09-08T05:35:00+05:30,4465.2,4467.1,4463,4466.2,1202
2026-09-08T05:40:00+05:30,4466.1,4466.1,4461.1,4463.2,1222
2026-09-08T05:45:00+05:30,4463.3,4476.2,4461.9,4471.3,3163
2026-09-08T05:50:00+05:30,4471.1,4476.1,4465,4467.6,2290
2026-09-08T05:55:00+05:30,4467.4,4469.3,4463.6,4467.1,1537
2026-09-08T06:00:00+05:30,4467.3,4471.9,4466.2,4471,1207
2026-09-08T06:05:00+05:30,4471,4471.3,4466.6,4468.3,855
2026-09-08T06:10:00+05:30,4468.5,4471.8,4464,4466.9,1558
2026-09-08T06:15:00+05:30,4467,4468.4,4462.4,4465.9,1529
2026-09-08T06:20:00+05:30,4465.8,4466.6,4460,4466.2,2511
2026-09-08T06:25:00+05:30,4466,4473.1,4465.9,4471.5,1941
2026-09-08T06:30:00+05:30,4471.6,4474.2,4462,4464.2,3917
2026-09-08T06:35:00+05:30,4464.2,4467.7,4463.2,4467.6,1195
2026-09-08T06:40:00+05:30,4467.4,4476.9,4466.6,4474,2409
2026-09-08T06:45:00+05:30,4473.8,4476.7,4472,4473.5,1411
2026-09-08T06:50:00+05:30,4473.6,4481.2,4473.1,4478.8,2121
2026-09-08T06:55:00+05:30,4478.9,4482.1,4477.5,4479.8,1503
2026-09-08T07:00:00+05:30,4479.7,4482.6,4476.9,4477.3,1306
2026-09-08T07:05:00+05:30,4477.3,4478.4,4475.6,4477.9,847
2026-09-08T07:10:00+05:30,4478,4480.8,4477.4,4478.5,1068
2026-09-08T07:15:00+05:30,4478.6,4486,4478.6,4486,1489
2026-09-08T07:20:00+05:30,4486,4486,4481.1,4483.7,1264
2026-09-08T07:25:00+05:30,4483.7,4485.1,4481.3,4482.3,844
2026-09-08T07:30:00+05:30,4482.4,4483.9,4477.3,4478.8,1100
2026-09-08T07:35:00+05:30,4479,4479.4,4473.5,4473.7,1153
2026-09-08T07:40:00+05:30,4473.5,4475.6,4471,4473.2,1503
2026-09-08T07:45:00+05:30,4473.3,4473.3,4470.8,4471.5,856
2026-09-08T07:50:00+05:30,4471.3,4474.9,4470.2,4473.8,875
2026-09-08T07:55:00+05:30,4473.6,4474.1,4469.4,4469.9,854
2026-09-08T08:00:00+05:30,4469.8,4471.3,4467.8,4469.4,1256
2026-09-08T08:05:00+05:30,4469.5,4469.6,4466.1,4468.8,1006
2026-09-08T08:10:00+05:30,4468.9,4472.1,4467.4,4471.7,1088
2026-09-08T08:15:00+05:30,4471.6,4473.1,4467.5,4468.1,865
2026-09-08T08:20:00+05:30,4468.2,4470.7,4465.6,4467.8,909
2026-09-08T08:25:00+05:30,4467.6,4469.5,4466.9,4468.8,559
2026-09-08T08:30:00+05:30,4468.8,4470.3,4467.1,4470,575
2026-09-08T08:35:00+05:30,4470,4475.4,4469.4,4475.1,887
2026-09-08T08:40:00+05:30,4474.9,4476.9,4473.4,4474.6,966
2026-09-08T08:45:00+05:30,4474.3,4480.6,4473.5,4479.9,995
2026-09-08T08:50:00+05:30,4480,4484.8,4479.3,4481.8,1916
2026-09-08T08:55:00+05:30,4481.7,4482.6,4476.1,4477.4,1110
2026-09-08T09:00:00+05:30,4477.5,4480.5,4476,4477.1,885
2026-09-08T09:05:00+05:30,4476.8,4477.7,4475.9,4476.4,395
2026-09-08T09:10:00+05:30,4476.2,4478.8,4476.1,4477.8,482
2026-09-08T09:15:00+05:30,4478.1,4483.2,4477.7,4481.9,814
2026-09-08T09:20:00+05:30,4481.9,4483,4479.9,4482.1,624
2026-09-08T09:25:00+05:30,4482.2,4484.5,4481.6,4483.3,632
2026-09-08T09:30:00+05:30,4483.4,4487.9,4483.3,4487.2,1492
2026-09-08T09:35:00+05:30,4487.4,4488.7,4484.8,4486.4,1003
2026-09-08T09:40:00+05:30,4486.2,4488.2,4484.6,4484.7,733
2026-09-08T09:45:00+05:30,4484.8,4486.2,4483.4,4484.3,454
2026-09-08T09:50:00+05:30,4484.4,4484.6,4478.3,4479.2,937
2026-09-08T09:55:00+05:30,4479.2,4479.7,4477.1,4478.1,554
2026-09-08T10:00:00+05:30,4478.2,4480.3,4477.9,4479.5,544
2026-09-08T10:05:00+05:30,4479.3,4480.4,4478.6,4480,530
2026-09-08T10:10:00+05:30,4480,4482,4479.8,4481.7,561
2026-09-08T10:15:00+05:30,4481.9,4482.1,4480.1,4480.1,280
2026-09-08T10:20:00+05:30,4480.4,4481.5,4479.9,4480.4,239
2026-09-08T10:25:00+05:30,4480.7,4485.5,4479.6,4481.5,815
2026-09-08T10:30:00+05:30,4481.6,4483.5,4479.8,4480.1,561
2026-09-08T10:35:00+05:30,4479.8,4480.1,4475.6,4476.6,1013
2026-09-08T10:40:00+05:30,4476.5,4476.9,4472.3,4472.9,1250
2026-09-08T10:45:00+05:30,4472.8,4475,4471.6,4474.5,751
2026-09-08T10:50:00+05:30,4474.5,4477.3,4470,4470,1267
2026-09-08T10:55:00+05:30,4470,4470.9,4465.1,4465.5,1178
2026-09-08T11:00:00+05:30,4465.6,4470.7,4462.9,4468,2055
2026-09-08T11:05:00+05:30,4468.2,4472.2,4466.6,4472.2,946
2026-09-08T11:10:00+05:30,4472.1,4472.2,4470,4471,558
2026-09-08T11:15:00+05:30,4470.8,4474,4468.2,4470.2,1036
2026-09-08T11:20:00+05:30,4470,4470,4464.2,4464.4,826
2026-09-08T11:25:00+05:30,4464.6,4465.7,4462.2,4464.3,994
2026-09-08T11:30:00+05:30,4464.1,4465,4457.6,4460.2,2131
2026-09-08T11:35:00+05:30,4460,4460.7,4455.7,4458.5,1186
2026-09-08T11:40:00+05:30,4458,4458.2,4453.2,4456.3,1281
2026-09-08T11:45:00+05:30,4456.2,4456.3,4445.6,4446,2110
2026-09-08T11:50:00+05:30,4446.2,4450.7,4445.5,4448.4,1694
2026-09-08T11:55:00+05:30,4448,4448.7,4443.7,4444.9,1457
2026-09-08T12:00:00+05:30,4444.9,4447.8,4443.2,4446.8,1014
2026-09-08T12:05:00+05:30,4447,4448.8,4442.7,4448.7,1405
2026-09-08T12:10:00+05:30,4448.7,4453.5,4448.6,4452,1228
2026-09-08T12:15:00+05:30,4452.1,4453.1,4450.6,4452.7,778
2026-09-08T12:20:00+05:30,4452.7,4453.9,4448.4,4449.6,1125
2026-09-08T12:25:00+05:30,4449.6,4450.1,4447.9,4448.4,557
2026-09-08T12:30:00+05:30,4448.6,4453.1,4446.9,4452.7,1175
2026-09-08T12:35:00+05:30,4452.5,4454.2,4451,4451.7,854
2026-09-08T12:40:00+05:30,4451.7,4452.4,4447.3,4447.9,830
2026-09-08T12:45:00+05:30,4447.7,4448.3,4445.6,4448.3,943
2026-09-08T12:50:00+05:30,4448.3,4448.9,4444.9,4447,713
2026-09-08T12:55:00+05:30,4447.2,4449.1,4445.7,4446.4,460
2026-09-08T13:00:00+05:30,4446.5,4450.5,4441.8,4442.7,1189
2026-09-08T13:05:00+05:30,4442.9,4443.8,4436.4,4438.2,1647
2026-09-08T13:10:00+05:30,4438.3,4442,4435.5,4440.1,1119
2026-09-08T13:15:00+05:30,4440.1,4441.8,4437.8,4437.9,660
2026-09-08T13:20:00+05:30,4437.7,4438,4434.5,4435.5,1054
2026-09-08T13:25:00+05:30,4435.9,4438.5,4434.2,4436.7,769
2026-09-08T13:30:00+05:30,4436.7,4437.3,4433.1,4435.9,1146
2026-09-08T13:35:00+05:30,4435.6,4440.4,4432.1,4432.4,1303
2026-09-08T13:40:00+05:30,4432.5,4437.2,4432.1,4434.8,841
2026-09-08T13:45:00+05:30,4434.9,4438.4,4434.3,4437.8,724
2026-09-08T13:50:00+05:30,4437.8,4438.8,4433.8,4438.6,620
2026-09-08T13:55:00+05:30,4438.7,4440.8,4438.5,4439,753
2026-09-08T14:00:00+05:30,4439,4442.7,4437.3,4442.5,972
2026-09-08T14:05:00+05:30,4442.5,4442.9,4438.1,4440.1,419
2026-09-08T14:10:00+05:30,4440.1,4440.4,4436.2,4437.1,591
2026-09-08T14:15:00+05:30,4437.1,4442.8,4435.1,4438,1131
2026-09-08T14:20:00+05:30,4438.2,4439.4,4435.9,4437.4,367
2026-09-08T14:25:00+05:30,4437.3,4438.7,4436,4438.4,293
2026-09-08T14:30:00+05:30,4438.3,4440.3,4435.5,4440.2,505
2026-09-08T14:35:00+05:30,4440.1,4442.4,4438.8,4439.3,661
2026-09-08T14:40:00+05:30,4439.5,4442.1,4439.4,4441.8,444
2026-09-08T14:45:00+05:30,4441.8,4443.9,4441,4441,666
2026-09-08T14:50:00+05:30,4440.8,4441.3,4437.8,4438.9,582
2026-09-08T14:55:00+05:30,4438.8,4440.7,4436.6,4437.4,832
2026-09-08T15:00:00+05:30,4437.1,4441.9,4435,4440,880
2026-09-08T15:05:00+05:30,4440.2,4441.9,4439.9,4441.6,393
2026-09-08T15:10:00+05:30,4441.6,4448.2,4441.5,4446,1580
2026-09-08T15:15:00+05:30,4445.9,4447.6,4445.4,4447.4,447
2026-09-08T15:20:00+05:30,4447.4,4450.1,4447.4,4448.8,750
2026-09-08T15:25:00+05:30,4449.3,4449.6,4447.1,4447.2,465
2026-09-08T15:30:00+05:30,4447.2,4447.3,4442.6,4442.7,735
2026-09-08T15:35:00+05:30,4442.6,4443.1,4440.5,4440.6,607
2026-09-08T15:40:00+05:30,4440.7,4441.3,4437.7,4440.8,821
2026-09-08T15:45:00+05:30,4440.7,4443.1,4440.4,4442.7,458
2026-09-08T15:50:00+05:30,4442.7,4451.9,4441.8,4444.9,1727
2026-09-08T15:55:00+05:30,4445.2,4445.8,4442.9,4443.7,393
2026-09-08T16:00:00+05:30,4443.8,4444.1,4441,4441.1,423
2026-09-08T16:05:00+05:30,4441.3,4442,4438.2,4439.2,372
2026-09-08T16:10:00+05:30,4439.2,4442.7,4438.3,4441.4,666
2026-09-08T16:15:00+05:30,4441.4,4444.8,4441.3,4443.2,397
2026-09-08T16:20:00+05:30,4443.4,4444.6,4441.2,4443.2,424
2026-09-08T16:25:00+05:30,4443.4,4444.2,4439.5,4439.7,422
2026-09-08T16:30:00+05:30,4440.1,4441.8,4439.2,4440.4,377
2026-09-08T16:35:00+05:30,4440.3,4444.4,4437.1,4440.9,1048
2026-09-08T16:40:00+05:30,4440.8,4441.3,4435.4,4439.5,739
2026-09-08T16:45:00+05:30,4439.4,4446.2,4439.4,4446,943
2026-09-08T16:50:00+05:30,4445.9,4446.2,4442.8,4445.5,547
2026-09-08T16:55:00+05:30,4445.5,4447.6,4444.9,4446.3,474
2026-09-08T17:00:00+05:30,4446.5,4449.5,4445,4449.3,681
2026-09-08T17:05:00+05:30,4449.2,4452.6,4448.7,4449.4,971
2026-09-08T17:10:00+05:30,4449.5,4451.3,4448,4448,605
2026-09-08T17:15:00+05:30,4448.1,4449,4443.6,4444.4,860
2026-09-08T17:20:00+05:30,4444.3,4447.2,4442.2,4445,660
2026-09-08T17:25:00+05:30,4445.2,4451.5,4444.9,4451.1,767
2026-09-08T17:30:00+05:30,4450.9,4451.4,4446.9,4447.4,794
2026-09-08T17:35:00+05:30,4447.4,4448.7,4446,4448.2,629
2026-09-08T17:40:00+05:30,4448.4,4448.5,4434.6,4436.3,2613
2026-09-08T17:45:00+05:30,4436,4436.3,4429.3,4435.6,2920
2026-09-08T17:50:00+05:30,4435.8,4440.9,4431.5,4439.4,1819
2026-09-08T17:55:00+05:30,4439.3,4446.2,4438.3,4445.9,1557
2026-09-08T18:00:00+05:30,4446.3,4452.7,4444.9,4449.5,2423
2026-09-08T18:05:00+05:30,4449.8,4450.3,4442.7,4445.6,1332
2026-09-08T18:10:00+05:30,4446,4446.4,4439.7,4441,1128
2026-09-08T18:15:00+05:30,4440.9,4446.8,4439.9,4446.6,1303
2026-09-08T18:20:00+05:30,4446.8,4448.1,4445,4447.7,904
2026-09-08T18:25:00+05:30,4448,4456.4,4447.3,4455.9,1840
2026-09-08T18:30:00+05:30,4456,4457.9,4446.6,4450.5,3260
2026-09-08T18:35:00+05:30,4450.7,4451.5,4446.9,4449.4,1438
2026-09-08T18:40:00+05:30,4448.8,4453.2,4448.3,4453,905
2026-09-08T18:45:00+05:30,4453,4455.5,4450,4452.3,1269
2026-09-08T18:50:00+05:30,4452.4,4453.5,4447.5,4447.9,1274
2026-09-08T18:55:00+05:30,4447.8,4448.8,4443.6,4444.7,1419
2026-09-08T19:00:00+05:30,4444.8,4450.3,4441.8,4442.5,2513
2026-09-08T19:05:00+05:30,4442.6,4447.5,4440.2,4444.9,1987
2026-09-08T19:10:00+05:30,4444.4,4444.4,4434.7,4440.9,3131
2026-09-08T19:15:00+05:30,4440.8,4447.6,4438.7,4447.5,2349
2026-09-08T19:20:00+05:30,4447.6,4449.1,4441.8,4448.8,1530
2026-09-08T19:25:00+05:30,4449,4452.2,4440.1,4440.5,2666
2026-09-08T19:30:00+05:30,4440.4,4447,4439.1,4446.8,2290
2026-09-08T19:35:00+05:30,4446.8,4447.7,4442.9,4444.1,1306
2026-09-08T19:40:00+05:30,4443.9,4444,4436.3,4439.4,1717
2026-09-08T19:45:00+05:30,4439.2,4445.3,4438.8,4444.5,1420
2026-09-08T19:50:00+05:30,4444.9,4447.3,4440.4,4446.9,1291
2026-09-08T19:55:00+05:30,4447.1,4449,4441.3,4442,1505
2026-09-08T20:00:00+05:30,4442.1,4444.7,4440.1,4443.5,1031
2026-09-08T20:05:00+05:30,4443.5,4446.1,4440.3,4441.1,865
2026-09-08T20:10:00+05:30,4440.7,4442.9,4437.7,4442.1,1499
2026-09-08T20:15:00+05:30,4442.3,4444.3,4436.8,4438.4,1479
2026-09-08T20:20:00+05:30,4438.4,4440.8,4433.9,4438.5,2152
2026-09-08T20:25:00+05:30,4438.4,4443.6,4437.1,4443.6,1162
2026-09-08T20:30:00+05:30,4443.7,4453.1,4442.5,4448.4,2643
2026-09-08T20:35:00+05:30,4448.3,4449.2,4445.5,4448.4,944
2026-09-08T20:40:00+05:30,4448.8,4453.5,4448.7,4449.8,1341
2026-09-08T20:45:00+05:30,4449.9,4454.4,4449.9,4450.8,1208
2026-09-08T20:50:00+05:30,4450.7,4451.2,4441.5,4443.7,1980
2026-09-08T20:55:00+05:30,4443.5,4450.5,4443.3,4444.6,1890
2026-09-08T21:00:00+05:30,4444.3,4449.6,4444.3,4449.2,873
2026-09-08T21:05:00+05:30,4449,4449.2,4443.7,4444.9,662
2026-09-08T21:10:00+05:30,4444.8,4446.2,4442.4,4445.3,753
2026-09-08T21:15:00+05:30,4445.5,4445.5,4440.9,4442.1,1072
2026-09-08T21:20:00+05:30,4442.2,4445.9,4441.2,4442.8,978
2026-09-08T21:25:00+05:30,4442.7,4444.2,4439.8,4439.8,699
2026-09-08T21:30:00+05:30,4440,4440.4,4436.4,4440,1367
2026-09-08T21:35:00+05:30,4439.7,4439.9,4424.6,4425.9,2892
2026-09-08T21:40:00+05:30,4426.1,4431.6,4425.7,4431.4,2559
2026-09-08T21:45:00+05:30,4431.5,4432.7,4428.5,4430.2,1241
2026-09-08T21:50:00+05:30,4430.9,4437.9,4430.3,4437.7,1999
2026-09-08T21:55:00+05:30,4437.6,4440.6,4435.7,4438.9,1290
2026-09-08T22:00:00+05:30,4438.8,4441.5,4437.6,4439.5,1114
2026-09-08T22:05:00+05:30,4439.7,4441.2,4438.2,4439.2,522
2026-09-08T22:10:00+05:30,4439.4,4440.4,4438.2,4438.9,593
2026-09-08T22:15:00+05:30,4438.9,4439.2,4436.6,4438.8,742
2026-09-08T22:20:00+05:30,4438.7,4443.3,4437.4,4438.8,1464
2026-09-08T22:25:00+05:30,4438.8,4440.3,4434.9,4438.3,1336
2026-09-08T22:30:00+05:30,4438.5,4446.7,4438.3,4446.2,1375
2026-09-08T22:35:00+05:30,4446.4,4448.7,4442.4,4442.8,1247
2026-09-08T22:40:00+05:30,4442.8,4444.2,4439.4,4440.3,885
2026-09-08T22:45:00+05:30,4440.4,4442.3,4440.3,4441.4,413
2026-09-08T22:50:00+05:30,4441.5,4441.5,4437.7,4439.2,756
2026-09-08T22:55:00+05:30,4439.1,4440,4436.6,4438.7,762
2026-09-08T23:00:00+05:30,4439,4440,4436,4436.2,687
2026-09-08T23:05:00+05:30,4436.2,4437.6,4433.8,4434,1048
2026-09-08T23:10:00+05:30,4433.9,4434.1,4429.8,4429.9,1166
2026-09-08T23:15:00+05:30,4429.8,4432.5,4429.5,4431.4,873
2026-09-08T23:20:00+05:30,4431.4,4433.9,4431.4,4433.4,571
2026-09-08T23:25:00+05:30,4433.3,4435,4432.3,4434.4,455
2026-09-08T23:30:00+05:30,4434.5,4434.8,4431.5,4431.5,836
2026-09-08T23:35:00+05:30,4431.5,4432.7,4429.1,4429.1,890
2026-09-08T23:40:00+05:30,4429.3,4432.1,4428.3,4432,804
2026-09-08T23:45:00+05:30,4432,4432.2,4429,4430.3,725
2026-09-08T23:50:00+05:30,4430.3,4431.4,4429.1,4430,560
2026-09-08T23:55:00+05:30,4429.9,4430.6,4428.7,4430.1,623
2026-09-09T00:00:00+05:30,4430.1,4430.2,4425.8,4428.7,1313
2026-09-09T00:05:00+05:30,4428.5,4429.4,4427.1,4428.7,543
2026-09-09T00:10:00+05:30,4428.7,4430.3,4427.8,4430.3,515
2026-09-09T00:15:00+05:30,4430.1,4431.4,4405.6,4408.8,6040
2026-09-09T00:20:00+05:30,4408,4420.3,4402.2,4420.3,3880
2026-09-09T00:25:00+05:30,4420.2,4422.6,4417,4420.2,2142
2026-09-09T00:30:00+05:30,4420,4421.9,4415.7,4419.2,1233
2026-09-09T00:35:00+05:30,4419.5,4420,4413.8,4416.2,1076
2026-09-09T00:40:00+05:30,4416,4418.9,4415,4415.1,719
2026-09-09T00:45:00+05:30,4415.2,4417.8,4412.4,4412.5,887
2026-09-09T00:50:00+05:30,4412.4,4415.5,4411.1,4411.7,833
2026-09-09T00:55:00+05:30,4411.7,4415.2,4411,4413.6,546
2026-09-09T01:00:00+05:30,4413.5,4413.7,4406.5,4409.2,1278
2026-09-09T01:05:00+05:30,4409.2,4414.6,4409.2,4412.3,943
2026-09-09T01:10:00+05:30,4412.3,4414.3,4411.3,4413.5,597
2026-09-09T01:15:00+05:30,4413.9,4414.1,4409.9,4411,699
2026-09-09T01:20:00+05:30,4411.1,4411.5,4406,4408.8,1527
2026-09-09T01:25:00+05:30,4408.8,4409.4,4401.5,4404.1,1765
2026-09-09T01:30:00+05:30,4404.1,4409.4,4402.4,4402.5,1218
2026-09-09T01:35:00+05:30,4402.6,4404,4400.6,4402.8,1091
2026-09-09T01:40:00+05:30,4403,4406.9,4401.8,4405.2,700
2026-09-09T01:45:00+05:30,4405.3,4406,4404,4406,360
2026-09-09T01:50:00+05:30,4406,4406.2,4403.6,4403.7,358
2026-09-09T01:55:00+05:30,4403.9,4404.4,4400,4401.4,1000
2026-09-09T02:00:00+05:30,4401.6,4403,4401,4402.8,474
2026-09-09T02:05:00+05:30,4402.6,4403.4,4401.7,4402.1,268
2026-09-09T02:10:00+05:30,4402,4403.2,4401.8,4402.5,254
2026-09-09T02:15:00+05:30,4402.4,4402.8,4385.1,4392.4,1731
2026-09-09T02:20:00+05:30,4392.5,4400,4392.5,4398,909
2026-09-09T02:25:00+05:30,4398.4,4401,4397.7,4400.1,435
2026-09-09T03:30:00+05:30,4398.9,4403.3,4396.6,4401.4,876
2026-09-09T03:35:00+05:30,4401.3,4401.9,4396.5,4397.9,757
2026-09-09T03:40:00+05:30,4398,4401.1,4397.4,4399.8,502
2026-09-09T03:45:00+05:30,4399.9,4401.6,4398.2,4399.5,427
2026-09-09T03:50:00+05:30,4399.5,4399.5,4396.8,4397.8,324
2026-09-09T03:55:00+05:30,4397.8,4399.2,4396.9,4398,366
2026-09-09T04:00:00+05:30,4398.2,4399.8,4397.9,4398.4,331
2026-09-09T04:05:00+05:30,4398.5,4399.2,4395.8,4396,426
2026-09-09T04:10:00+05:30,4396,4397.5,4393.8,4395.2,768
2026-09-09T04:15:00+05:30,4395.2,4396.1,4394.2,4396,406
2026-09-09T04:20:00+05:30,4396,4397.1,4395.8,4396.7,270
2026-09-09T04:25:00+05:30,4396.7,4397.8,4396,4397.7,306
2026-09-09T04:30:00+05:30,4397.5,4398.5,4396.1,4396.3,436
2026-09-09T04:35:00+05:30,4396.4,4397.8,4395.9,4397.3,313
2026-09-09T04:40:00+05:30,4397.3,4398,4394.9,4395.6,438
2026-09-09T04:45:00+05:30,4395.8,4397.2,4395.2,4396.7,319
2026-09-09T04:50:00+05:30,4396.7,4398.3,4396.1,4397.8,286
2026-09-09T04:55:00+05:30,4397.6,4401.3,4397,4400.9,772
2026-09-09T05:00:00+05:30,4401.1,4403.5,4400.4,4402.5,725
2026-09-09T05:05:00+05:30,4402.5,4402.5,4400.2,4400.5,424
2026-09-09T05:10:00+05:30,4400.4,4402.7,4400.3,4402,443
2026-09-09T05:15:00+05:30,4401.9,4402.2,4396.6,4397.3,1128
2026-09-09T05:20:00+05:30,4397.4,4397.4,4393.1,4394.1,1356
2026-09-09T05:25:00+05:30,4393.8,4396.4,4392.4,4393.3,730
2026-09-09T05:30:00+05:30,4393.4,4396.7,4389.9,4393.7,1843
2026-09-09T05:35:00+05:30,4393.4,4394.2,4388.1,4392.6,1717
2026-09-09T05:40:00+05:30,4392.7,4396.3,4390.5,4393.5,1146
2026-09-09T05:45:00+05:30,4393.2,4393.8,4388.3,4391.5,1079
2026-09-09T05:50:00+05:30,4391.5,4392.3,4386.2,4386.9,1161
2026-09-09T05:55:00+05:30,4386.6,4391.5,4384.3,4390.4,1684
2026-09-09T06:00:00+05:30,4390.6,4391.8,4389,4390.1,815
2026-09-09T06:05:00+05:30,4390.2,4393.4,4387.2,4392.9,1105
2026-09-09T06:10:00+05:30,4393,4398.7,4391.1,4398.6,1251
2026-09-09T06:15:00+05:30,4398.5,4400.7,4396.5,4399.6,1224
2026-09-09T06:20:00+05:30,4399.8,4405,4398.6,4403.8,1987
2026-09-09T06:25:00+05:30,4403.7,4409.7,4402.8,4408.8,1449
2026-09-09T06:30:00+05:30,4408.7,4408.8,4397.5,4401.6,3322
2026-09-09T06:35:00+05:30,4401.5,4411.7,4401.2,4411.2,2510
2026-09-09T06:40:00+05:30,4410.9,4412.6,4409.3,4412.3,1236
2026-09-09T06:45:00+05:30,4412,4413.1,4406.6,4410.2,1699
2026-09-09T06:50:00+05:30,4410,4413.6,4408.9,4413.1,998
2026-09-09T06:55:00+05:30,4413.3,4417.2,4411.9,4415.5,1576
2026-09-09T07:00:00+05:30,4415.6,4420.8,4414.5,4420.6,1700
2026-09-09T07:05:00+05:30,4420.7,4421.8,4417.9,4418.9,1505
2026-09-09T07:10:00+05:30,4419.1,4422,4418.4,4420.2,839
2026-09-09T07:15:00+05:30,4420.2,4422,4417.1,4419.3,1347
2026-09-09T07:20:00+05:30,4419.4,4420,4415.6,4417.5,1197
2026-09-09T07:25:00+05:30,4417.7,4420.1,4414.2,4417.3,865
2026-09-09T07:30:00+05:30,4417.5,4417.7,4414.7,4417.1,607
2026-09-09T07:35:00+05:30,4416.9,4419.8,4414.2,4418.5,807
2026-09-09T07:40:00+05:30,4418.9,4419.3,4416.2,4417.3,500
2026-09-09T07:45:00+05:30,4417.2,4420.7,4416.8,4418.5,437
2026-09-09T07:50:00+05:30,4418.6,4418.8,4415.6,4415.6,410
2026-09-09T07:55:00+05:30,4415.5,4416.9,4415.3,4416.6,330
2026-09-09T08:00:00+05:30,4416.7,4417.5,4412.8,4413,882
2026-09-09T08:05:00+05:30,4412.9,4414.7,4410.8,4412.2,1027
2026-09-09T08:10:00+05:30,4412.2,4418.3,4412.1,4418,870
2026-09-09T08:15:00+05:30,4418,4422.8,4416.7,4420.7,1461
2026-09-09T08:20:00+05:30,4420.9,4428.3,4420,4424,1939
2026-09-09T08:25:00+05:30,4424.2,4426.7,4423.6,4426.2,974
2026-09-09T08:30:00+05:30,4426.2,4426.7,4422.3,4423.2,825
2026-09-09T08:35:00+05:30,4423.4,4426,4422,4422.3,536
2026-09-09T08:40:00+05:30,4422.4,4424.4,4422.2,4423,386
2026-09-09T08:45:00+05:30,4423,4423,4419.3,4421,531
2026-09-09T08:50:00+05:30,4421.1,4423.4,4420.9,4422.8,377
2026-09-09T08:55:00+05:30,4422.7,4423,4419.4,4421.9,610
2026-09-09T09:00:00+05:30,4422.1,4422.2,4419.2,4420.4,414
2026-09-09T09:05:00+05:30,4420.2,4422,4419.8,4421.5,281
2026-09-09T09:10:00+05:30,4421.7,4424.1,4421.1,4422.6,526
2026-09-09T09:15:00+05:30,4422.3,4422.8,4420.6,4421.6,284
2026-09-09T09:20:00+05:30,4421.7,4422.9,4419.8,4421.1,496
2026-09-09T09:25:00+05:30,4420.9,4421.3,4418.5,4418.6,328
2026-09-09T09:30:00+05:30,4418.8,4419.9,4417.9,4418.2,534
2026-09-09T09:35:00+05:30,4418.2,4418.2,4415.5,4415.7,685
2026-09-09T09:40:00+05:30,4415.8,4417.3,4414.1,4417,695
2026-09-09T09:45:00+05:30,4417,4418.3,4415.9,4417.2,401
2026-09-09T09:50:00+05:30,4417.1,4421,4416.4,4420.9,559
2026-09-09T09:55:00+05:30,4420.7,4424.4,4420.4,4423.7,832
2026-09-09T10:00:00+05:30,4423.5,4423.8,4421.5,4422.3,447
2026-09-09T10:05:00+05:30,4422.3,4423.8,4421.2,4422,346
2026-09-09T10:10:00+05:30,4421.9,4422.5,4419.7,4421.7,435
2026-09-09T10:15:00+05:30,4422,4423.8,4421.8,4422.6,254
2026-09-09T10:20:00+05:30,4422.6,4425.4,4421,4424.9,454
2026-09-09T10:25:00+05:30,4424.6,4426.5,4424,4425.2,562
2026-09-09T10:30:00+05:30,4425.4,4427.7,4423.9,4425,962
2026-09-09T10:35:00+05:30,4425,4428.9,4424.8,4428.2,879
2026-09-09T10:40:00+05:30,4428.3,4431.3,4428,4431,983
2026-09-09T10:45:00+05:30,4431.2,4432.1,4430.3,4431.7,669
2026-09-09T10:50:00+05:30,4431.6,4431.9,4426.7,4430,754
2026-09-09T10:55:00+05:30,4430.1,4432,4428.9,4428.9,641
2026-09-09T11:00:00+05:30,4428.8,4433,4427.8,4431,1011
2026-09-09T11:05:00+05:30,4430.9,4436.2,4429.9,4435.8,1049
2026-09-09T11:10:00+05:30,4435.7,4438.9,4435,4438.8,947
2026-09-09T11:15:00+05:30,4438.8,4440.8,4435.9,4439.2,1104
2026-09-09T11:20:00+05:30,4439.3,4443.9,4439.1,4443.3,1312
2026-09-09T11:25:00+05:30,4443.4,4444.5,4442,4442.3,1146
2026-09-09T11:30:00+05:30,4442.3,4447.8,4441.5,4446.6,1391
2026-09-09T11:35:00+05:30,4446.5,4448.7,4443.3,4443.6,1200
2026-09-09T11:40:00+05:30,4443.7,4445.7,4442.1,4444.9,830
2026-09-09T11:45:00+05:30,4444.8,4446.7,4442.9,4443.4,800
2026-09-09T11:50:00+05:30,4443.3,4444,4440.4,4442.5,937
2026-09-09T11:55:00+05:30,4442.3,4442.8,4438.4,4441.6,1066
2026-09-09T12:00:00+05:30,4441.6,4447.5,4440.5,4446.4,1446
2026-09-09T12:05:00+05:30,4446.7,4450,4445.6,4448.8,1138
2026-09-09T12:10:00+05:30,4448.7,4449,4443.2,4444.1,612
2026-09-09T12:15:00+05:30,4444.1,4445.1,4442.4,4445.1,597
2026-09-09T12:20:00+05:30,4445,4445.6,4443.5,4444.4,455
2026-09-09T12:25:00+05:30,4444.3,4445.2,4443.4,4444.4,312
2026-09-09T12:30:00+05:30,4444.5,4446.4,4442.9,4445.2,562
2026-09-09T12:35:00+05:30,4445.1,4448.2,4445,4447.4,562
2026-09-09T12:40:00+05:30,4447.2,4451.6,4447,4450,1307
2026-09-09T12:45:00+05:30,4450,4450.6,4446.5,4447.3,702
2026-09-09T12:50:00+05:30,4447.3,4451.3,4447.2,4448.9,682
2026-09-09T12:55:00+05:30,4449,4452.8,4448.5,4451.4,598
2026-09-09T13:00:00+05:30,4451.4,4452.4,4449.8,4451,584
2026-09-09T13:05:00+05:30,4450.9,4453.9,4450.4,4453.9,691
2026-09-09T13:10:00+05:30,4453.5,4454.3,4451.9,4453.9,621
2026-09-09T13:15:00+05:30,4454,4456.4,4452.9,4455.2,1017
2026-09-09T13:20:00+05:30,4455.1,4455.2,4451.7,4452.3,1291
2026-09-09T13:25:00+05:30,4452.5,4453.8,4452.2,4452.9,410
2026-09-09T13:30:00+05:30,4452.8,4453.3,4450.2,4451.9,848
2026-09-09T13:35:00+05:30,4451.9,4455.7,4450.4,4450.6,872
2026-09-09T13:40:00+05:30,4450.9,4451,4447.4,4447.6,931
2026-09-09T13:45:00+05:30,4447.6,4448.6,4445.7,4447.7,718
2026-09-09T13:50:00+05:30,4447.5,4447.6,4444.1,4445,823
2026-09-09T13:55:00+05:30,4445,4446.2,4442.9,4443.8,896
2026-09-09T14:00:00+05:30,4443.8,4447.6,4443.5,4445.7,718
2026-09-09T14:05:00+05:30,4445.9,4446.5,4443.1,4443.4,469
2026-09-09T14:10:00+05:30,4443.6,4446.2,4442.8,4443.9,714
2026-09-09T14:15:00+05:30,4444.1,4446.3,4443,4444.5,474
2026-09-09T14:20:00+05:30,4444.2,4446.2,4443.7,4446.1,495
2026-09-09T14:25:00+05:30,4446.1,4447.5,4444.3,4444.8,452
2026-09-09T14:30:00+05:30,4444.8,4446.4,4444.1,4445,371
2026-09-09T14:35:00+05:30,4445.3,4446.4,4443.4,4445.8,524
2026-09-09T14:40:00+05:30,4446,4446,4441.6,4442.7,704
2026-09-09T14:45:00+05:30,4442.5,4444.1,4441.5,4444.1,519
2026-09-09T14:50:00+05:30,4444,4444.4,4441.1,4441.6,489
2026-09-09T14:55:00+05:30,4441.8,4443.1,4440.8,4442.4,449
2026-09-09T15:00:00+05:30,4442.5,4443.6,4439.7,4442.3,1125
2026-09-09T15:05:00+05:30,4442.3,4443,4441.4,4442.2,276
2026-09-09T15:10:00+05:30,4442.3,4442.9,4439.4,4440.5,431
2026-09-09T15:15:00+05:30,4440.4,4440.4,4438.2,4439.2,626
2026-09-09T15:20:00+05:30,4439.2,4439.2,4435,4435.1,1018
2026-09-09T15:25:00+05:30,4435.1,4435.6,4432.6,4434.9,1152
2026-09-09T15:30:00+05:30,4434.7,4435.8,4430.1,4434.1,1553
2026-09-09T15:35:00+05:30,4433.9,4437.4,4433.9,4436.5,568
2026-09-09T15:40:00+05:30,4436.2,4437.2,4433.5,4434.8,688
2026-09-09T15:45:00+05:30,4434.8,4438.4,4432.8,4438.1,649
2026-09-09T15:50:00+05:30,4438.1,4439.7,4437.2,4438.2,519
2026-09-09T15:55:00+05:30,4438.2,4439.1,4436.6,4438.1,426
2026-09-09T16:00:00+05:30,4438.1,4440.7,4437,4439.9,614
2026-09-09T16:05:00+05:30,4439.6,4442.6,4439.5,4441.6,675
2026-09-09T16:10:00+05:30,4441.8,4442.4,4437.6,4438.1,654
2026-09-09T16:15:00+05:30,4438.1,4443.9,4437.8,4442.3,718
2026-09-09T16:20:00+05:30,4442.3,4445.8,4441.7,4445.6,1029
2026-09-09T16:25:00+05:30,4445.6,4446.8,4442.9,4442.9,888
2026-09-09T16:30:00+05:30,4443.3,4447.4,4443.3,4447.3,728
2026-09-09T16:35:00+05:30,4447,4447.9,4445.4,4447.7,436
2026-09-09T16:40:00+05:30,4447.7,4448.2,4445.6,4447.2,501
2026-09-09T16:45:00+05:30,4447.3,4448.4,4445,4447.6,516
2026-09-09T16:50:00+05:30,4447.8,4450.7,4446.1,4449.9,560
2026-09-09T16:55:00+05:30,4450,4453.1,4449.9,4452.4,964
2026-09-09T17:00:00+05:30,4452.2,4452.4,4448.3,4448.5,865
2026-09-09T17:05:00+05:30,4448.5,4449.6,4447.3,4448.9,788
2026-09-09T17:10:00+05:30,4449.1,4451.2,4448.9,4449.7,577
2026-09-09T17:15:00+05:30,4449.8,4459.7,4447.6,4458.3,2442
2026-09-09T17:20:00+05:30,4458.3,4459.9,4451.1,4451.2,2278
2026-09-09T17:25:00+05:30,4451.6,4452.9,4450.2,4451.6,826
2026-09-09T17:30:00+05:30,4452,4453.7,4447.4,4448.7,1303
2026-09-09T17:35:00+05:30,4448.6,4450.3,4445,4447.4,1691
2026-09-09T17:40:00+05:30,4447.8,4449,4443.1,4443.3,865
2026-09-09T17:45:00+05:30,4443.4,4444.5,4440.2,4440.9,1231
2026-09-09T17:50:00+05:30,4440.9,4445,4439,4441.2,1916
2026-09-09T17:55:00+05:30,4441.3,4441.5,4437.9,4438.2,1119
2026-09-09T18:00:00+05:30,4438.1,4441.7,4436.2,4440.8,1634
2026-09-09T18:05:00+05:30,4440.7,4442,4435,4435.4,1414
2026-09-09T18:10:00+05:30,4435.6,4439.9,4435.1,4439.7,1182
2026-09-09T18:15:00+05:30,4439.5,4444.2,4439.5,4441.8,1519
2026-09-09T18:20:00+05:30,4441.5,4443.5,4440.3,4443,806
2026-09-09T18:25:00+05:30,4442.8,4446.9,4442.7,4444.3,1169
2026-09-09T18:30:00+05:30,4444.2,4452.8,4442.7,4451.7,2620
2026-09-09T18:35:00+05:30,4451.5,4455,4451.3,4454.3,1838
2026-09-09T18:40:00+05:30,4454.1,4458.1,4453.9,4457.5,1929
2026-09-09T18:45:00+05:30,4457.8,4462.6,4455,4461.7,2522
2026-09-09T18:50:00+05:30,4461.8,4472.7,4458.7,4472.2,4203
2026-09-09T18:55:00+05:30,4472.2,4475.3,4469.6,4474.2,4029
2026-09-09T19:00:00+05:30,4474.1,4478.9,4472.6,4475.4,4098
2026-09-09T19:05:00+05:30,4475.4,4475.5,4464.3,4465.9,4319
2026-09-09T19:10:00+05:30,4466,4466.7,4456.6,4461.4,4622
2026-09-09T19:15:00+05:30,4461.3,4465.8,4460.3,4465.8,2759
2026-09-09T19:20:00+05:30,4465.6,4468.3,4459.5,4460.8,2649
2026-09-09T19:25:00+05:30,4460.9,4461.1,4455,4459.3,3218
2026-09-09T19:30:00+05:30,4459.2,4469,4458.5,4467.9,3775
2026-09-09T19:35:00+05:30,4468,4473,4465.1,4466.5,2778
2026-09-09T19:40:00+05:30,4466.1,4467.9,4461.7,4467.7,1916
2026-09-09T19:45:00+05:30,4467.7,4467.8,4458,4461.1,2657
2026-09-09T19:50:00+05:30,4460.9,4461.4,4453.2,4454.5,2330
2026-09-09T19:55:00+05:30,4454.5,4470.3,4454,4470.2,3259
2026-09-09T20:00:00+05:30,4470.1,4470.3,4464.7,4467.3,1969
2026-09-09T20:05:00+05:30,4467.2,4471.5,4466.9,4470.6,1748
2026-09-09T20:10:00+05:30,4470.4,4471.1,4462.6,4463.2,1768
2026-09-09T20:15:00+05:30,4463.3,4466.9,4462.4,4465.1,1182
2026-09-09T20:20:00+05:30,4465,4467.9,4463.7,4463.9,1256
2026-09-09T20:25:00+05:30,4464.2,4464.7,4459.4,4463.3,1817
2026-09-09T20:30:00+05:30,4463.4,4476.8,4439.3,4439.7,11400
2026-09-09T20:35:00+05:30,4440.2,4443.3,4425,4435.6,7571
2026-09-09T20:40:00+05:30,4435.6,4437.2,4426.2,4434.5,4213
2026-09-09T20:45:00+05:30,4434.6,4438,4422.9,4429,3700
2026-09-09T20:50:00+05:30,4429.1,4433,4419.2,4428,4625
2026-09-09T20:55:00+05:30,4427.9,4439.7,4427.2,4438.9,3588
2026-09-09T21:00:00+05:30,4438.9,4445.8,4436.8,4445.3,3089
2026-09-09T21:05:00+05:30,4445.2,4451.7,4441.5,4450.6,4722
2026-09-09T21:10:00+05:30,4450.7,4451.7,4443.6,4447.4,1442
2026-09-09T21:15:00+05:30,4447.4,4449.1,4443.3,4446.5,1117
2026-09-09T21:20:00+05:30,4446.5,4451.9,4443.8,4445.6,1779
2026-09-09T21:25:00+05:30,4445.5,4445.5,4442.2,4442.7,1118
2026-09-09T21:30:00+05:30,4443,4447.4,4441,4447.1,1263
2026-09-09T21:35:00+05:30,4446.8,4446.8,4438.9,4440.3,1588
2026-09-09T21:40:00+05:30,4440.1,4443.3,4439.3,4442.4,703
2026-09-09T21:45:00+05:30,4442.6,4442.9,4436,4437.9,1503
2026-09-09T21:50:00+05:30,4438,4443.3,4437.6,4443.2,786
2026-09-09T21:55:00+05:30,4443,4447.2,4443,4446.2,1268
2026-09-09T22:00:00+05:30,4446.4,4448.6,4443.5,4447.3,918
2026-09-09T22:05:00+05:30,4447.4,4449.1,4443.6,4449,862
2026-09-09T22:10:00+05:30,4448.9,4452.8,4448,4452.3,1437
2026-09-09T22:15:00+05:30,4452.3,4454.3,4450.8,4452,1450
2026-09-09T22:20:00+05:30,4451.9,4452.8,4449.9,4452,825
2026-09-09T22:25:00+05:30,4451.9,4455.4,4451.2,4454.4,1132
2026-09-09T22:30:00+05:30,4454.6,4459.2,4453.7,4457.7,1836
2026-09-09T22:35:00+05:30,4457.9,4465.5,4457.6,4463.2,1939
2026-09-09T22:40:00+05:30,4463.2,4464.3,4460.5,4461.6,1393
2026-09-09T22:45:00+05:30,4461.8,4463.5,4459.9,4461.1,887
2026-09-09T22:50:00+05:30,4461.3,4463.6,4460.8,4463.1,614
2026-09-09T22:55:00+05:30,4463.3,4465.6,4459.3,4460,1580
2026-09-09T23:00:00+05:30,4460,4460.2,4456.8,4457.8,1250
2026-09-09T23:05:00+05:30,4457.7,4459.4,4457.1,4458.1,542
2026-09-09T23:10:00+05:30,4458.2,4462.2,4458.2,4458.6,1037
2026-09-09T23:15:00+05:30,4458.5,4460.3,4458.3,4458.7,374
2026-09-09T23:20:00+05:30,4458.9,4461.7,4458.6,4460.3,558
2026-09-09T23:25:00+05:30,4460.3,4462.1,4460.3,4461.1,446
2026-09-09T23:30:00+05:30,4461.4,4464.3,4461.2,4463.6,676
2026-09-09T23:35:00+05:30,4463.6,4464.4,4460.6,4463.3,752
2026-09-09T23:40:00+05:30,4463.4,4466.9,4462.9,4465.6,1010
2026-09-09T23:45:00+05:30,4465.7,4466,4463.4,4464.3,675
2026-09-09T23:50:00+05:30,4464.2,4464.9,4462.1,4462.7,481
2026-09-09T23:55:00+05:30,4462.6,4463.2,4461.8,4463.1,526
2026-09-10T00:00:00+05:30,4463.2,4463.5,4458.8,4460.3,969
2026-09-10T00:05:00+05:30,4460.1,4461.1,4458.6,4460.2,750
2026-09-10T00:10:00+05:30,4460.1,4461.9,4454.6,4455.2,1252
2026-09-10T00:15:00+05:30,4455.1,4455.3,4451.4,4451.6,1018
2026-09-10T00:20:00+05:30,4451.7,4453.1,4450.3,4450.8,924
2026-09-10T00:25:00+05:30,4451,4452.4,4446.7,4448.3,1494
2026-09-10T00:30:00+05:30,4448.3,4449.5,4442,4443.8,1540
2026-09-10T00:35:00+05:30,4443.7,4445.6,4442.5,4444.6,941
2026-09-10T00:40:00+05:30,4444.8,4446.3,4442.5,4445.8,696
2026-09-10T00:45:00+05:30,4445.7,4447.9,4444,4447.5,941
2026-09-10T00:50:00+05:30,4447.4,4450.5,4447,4450.1,991
2026-09-10T00:55:00+05:30,4450,4450.3,4445.1,4445.1,792
2026-09-10T01:00:00+05:30,4445,4446.6,4443.9,4444.7,601
2026-09-10T01:05:00+05:30,4444.5,4444.7,4441.1,4443,771
2026-09-10T01:10:00+05:30,4442.8,4445.6,4441.7,4445.3,677
2026-09-10T01:15:00+05:30,4445.4,4447,4445,4445.8,750
2026-09-10T01:20:00+05:30,4445.6,4446,4441.7,4444.3,806
2026-09-10T01:25:00+05:30,4444.2,4445.4,4443.2,4444.3,829
2026-09-10T01:30:00+05:30,4444.2,4444.6,4441.5,4442.3,526
2026-09-10T01:35:00+05:30,4442.2,4442.7,4441.8,4442.5,166
2026-09-10T01:40:00+05:30,4442.5,4443.7,4442,4442.7,262
2026-09-10T01:45:00+05:30,4442.6,4442.7,4439.5,4439.8,527
2026-09-10T01:50:00+05:30,4439.8,4440.6,4438.7,4440.6,446
2026-09-10T01:55:00+05:30,4440.7,4441.5,4439.4,4440.2,244
2026-09-10T02:00:00+05:30,4440.2,4443.1,4440.1,4442.9,465
2026-09-10T02:05:00+05:30,4442.7,4446.4,4442.5,4445.1,489
2026-09-10T02:10:00+05:30,4444.9,4445.9,4444.3,4445.7,227
2026-09-10T02:15:00+05:30,4445.6,4446.5,4444.9,4445.7,278
2026-09-10T02:20:00+05:30,4445.8,4446.2,4445,4446,177
2026-09-10T02:25:00+05:30,4446,4448.4,4445.2,4447.4,330
2026-09-10T03:30:00+05:30,4447.5,4451.6,4447.3,4448.9,548
2026-09-10T03:35:00+05:30,4448.6,4449.6,4447.1,4448.7,353
2026-09-10T03:40:00+05:30,4448.5,4450.3,4446.5,4447.2,525
2026-09-10T03:45:00+05:30,4447.1,4448.5,4446.1,4447.5,274
2026-09-10T03:50:00+05:30,4447.4,4447.4,4445.4,4445.9,217
2026-09-10T03:55:00+05:30,4445.8,4447.4,4444,4446.7,566
2026-09-10T04:00:00+05:30,4446.5,4448.3,4445.7,4447.2,619
2026-09-10T04:05:00+05:30,4447,4447.8,4444.1,4444.8,410
2026-09-10T04:10:00+05:30,4444.8,4447.2,4444.3,4445.8,350
2026-09-10T04:15:00+05:30,4445.7,4446.1,4441.6,4444.6,737
2026-09-10T04:20:00+05:30,4444.4,4444.7,4442.7,4443,242
2026-09-10T04:25:00+05:30,4443.1,4445.3,4441.9,4444,494
2026-09-10T04:30:00+05:30,4443.8,4447.6,4443.7,4447,753
2026-09-10T04:35:00+05:30,4447,4447.3,4442.3,4444.2,926
2026-09-10T04:40:00+05:30,4444.2,4447,4443.6,4444.9,640
2026-09-10T04:45:00+05:30,4444.7,4446.4,4442,4444.3,743
2026-09-10T04:50:00+05:30,4444.1,4445.7,4440.1,4441.5,607
2026-09-10T04:55:00+05:30,4441.3,4444,4439.5,4441.2,1161
2026-09-10T05:00:00+05:30,4441.3,4443.2,4437.4,4437.9,1035
2026-09-10T05:05:00+05:30,4438.1,4438.8,4437.1,4437.9,498
2026-09-10T05:10:00+05:30,4437.9,4438.2,4436.8,4438.2,340
2026-09-10T05:15:00+05:30,4438.1,4439.1,4436.6,4437.7,655
2026-09-10T05:20:00+05:30,4437.7,4438.7,4437,4438.1,364
2026-09-10T05:25:00+05:30,4438.2,4438.6,4436.7,4437.6,315
2026-09-10T05:30:00+05:30,4437.8,4437.9,4432.9,4435.9,1465
2026-09-10T05:35:00+05:30,4435.8,4438.3,4433.9,4437.4,989
2026-09-10T05:40:00+05:30,4437.5,4441.2,4436.8,4438.5,1244
2026-09-10T05:45:00+05:30,4438.9,4442.3,4438.1,4440.4,978
2026-09-10T05:50:00+05:30,4440.5,4441.9,4438.8,4439.7,534
2026-09-10T05:55:00+05:30,4439.7,4440.9,4435.8,4436.5,985
2026-09-10T06:00:00+05:30,4436.4,4438.8,4434.7,4438.3,776
2026-09-10T06:05:00+05:30,4438.1,4442.1,4438.1,4441.9,759
2026-09-10T06:10:00+05:30,4442,4445.3,4439.8,4444.6,1337
2026-09-10T06:15:00+05:30,4444.6,4444.6,4441,4443.2,683
2026-09-10T06:20:00+05:30,4443.3,4448.4,4441.4,4445.9,1190
2026-09-10T06:25:00+05:30,4446.1,4447.2,4443.9,4444.4,885
2026-09-10T06:30:00+05:30,4444.4,4456.7,4443.4,4453,3403
2026-09-10T06:35:00+05:30,4453.1,4462.3,4450.7,4461.1,2151
2026-09-10T06:40:00+05:30,4461.5,4462.5,4455,4456,1726
2026-09-10T06:45:00+05:30,4456,4459.9,4454.5,4458.3,1281
2026-09-10T06:50:00+05:30,4458.7,4458.7,4453.6,4455.6,1106
2026-09-10T06:55:00+05:30,4455.6,4459.8,4453.3,4453.6,957
2026-09-10T07:00:00+05:30,4453.8,4454.3,4448.2,4451.5,1702
2026-09-10T07:05:00+05:30,4451.4,4453.9,4449.3,4450.4,1123
2026-09-10T07:10:00+05:30,4450.3,4453.8,4450.3,4453.1,666
2026-09-10T07:15:00+05:30,4453.4,4457.7,4452.1,4456.4,1272
2026-09-10T07:20:00+05:30,4456.2,4457.7,4451.5,4452,977
2026-09-10T07:25:00+05:30,4452.1,4456.5,4451.1,4455.7,759
2026-09-10T07:30:00+05:30,4455.5,4461.4,4454.8,4458.7,1950
2026-09-10T07:35:00+05:30,4458.3,4462.2,4457.2,4459.6,1309
2026-09-10T07:40:00+05:30,4459.8,4460.6,4455.2,4457.3,1351
2026-09-10T07:45:00+05:30,4457.6,4457.9,4451.3,4452.9,1271
2026-09-10T07:50:00+05:30,4452.9,4457,4451.9,4456,948
2026-09-10T07:55:00+05:30,4456.2,4460.8,4455.4,4460.4,785
2026-09-10T08:00:00+05:30,4460.6,4461.1,4454.2,4459.2,1315
2026-09-10T08:05:00+05:30,4459,4463.8,4457.6,4461.7,1289
2026-09-10T08:10:00+05:30,4462.1,4464.4,4460.6,4461.7,966
2026-09-10T08:15:00+05:30,4461.6,4462.7,4459.9,4461,519
2026-09-10T08:20:00+05:30,4461.4,4464.3,4459.4,4464,630
2026-09-10T08:25:00+05:30,4463.9,4464,4460.6,4462.7,480
2026-09-10T08:30:00+05:30,4462.6,4464.8,4458.7,4460.6,968
2026-09-10T08:35:00+05:30,4460.8,4460.8,4454.6,4456.7,1326
2026-09-10T08:40:00+05:30,4456.7,4460,4455.5,4455.8,586
2026-09-10T08:45:00+05:30,4455.9,4458.2,4455.1,4457.7,582
2026-09-10T08:50:00+05:30,4457.7,4458.4,4454.8,4455.4,513
2026-09-10T08:55:00+05:30,4455.6,4455.8,4452.5,4453.2,742
2026-09-10T09:00:00+05:30,4453.1,4455.9,4452.7,4454.3,571
2026-09-10T09:05:00+05:30,4454.3,4454.3,4450.9,4451.8,543
2026-09-10T09:10:00+05:30,4451.6,4451.9,4450,4451.1,521
2026-09-10T09:15:00+05:30,4450.9,4453.1,4450.9,4452.3,684
2026-09-10T09:20:00+05:30,4452.1,4452.1,4449.6,4451.1,454
2026-09-10T09:25:00+05:30,4451.2,4452.6,4450.8,4452.3,307
2026-09-10T09:30:00+05:30,4452.1,4455.9,4452.1,4455.8,785
2026-09-10T09:35:00+05:30,4455.7,4457.2,4454.9,4455.7,633
2026-09-10T09:40:00+05:30,4456,4458.6,4455.6,4456.9,604
2026-09-10T09:45:00+05:30,4456.9,4458.3,4456.9,4457.7,340
2026-09-10T09:50:00+05:30,4457.8,4458.6,4456.4,4456.5,316
2026-09-10T09:55:00+05:30,4456.7,4457.7,4453.4,4454.7,538
2026-09-10T10:00:00+05:30,4454.8,4457,4453.6,4454.1,737
2026-09-10T10:05:00+05:30,4454,4454.4,4450.4,4451,589
2026-09-10T10:10:00+05:30,4451,4451.7,4448.3,4449.4,742
2026-09-10T10:15:00+05:30,4449.5,4452.6,4449,4452.2,455
2026-09-10T10:20:00+05:30,4452.5,4454.7,4449.8,4450,630
2026-09-10T10:25:00+05:30,4450,4451.7,4449.6,4451.2,326
2026-09-10T10:30:00+05:30,4451.4,4454.8,4451.1,4452,572
2026-09-10T10:35:00+05:30,4452.4,4457.8,4451.5,4457.4,669
2026-09-10T10:40:00+05:30,4457.7,4462,4457.3,4461.8,1102
2026-09-10T10:45:00+05:30,4461.8,4463.3,4459.7,4461.4,995
2026-09-10T10:50:00+05:30,4461.4,4463.1,4460.6,4461.9,514
2026-09-10T10:55:00+05:30,4462,4463.9,4459.9,4463.6,476
2026-09-10T11:00:00+05:30,4463.8,4470.9,4460.5,4469,2560
2026-09-10T11:05:00+05:30,4469.3,4470.9,4465.1,4466.4,1018
2026-09-10T11:10:00+05:30,4466.6,4473.2,4466.1,4471.5,1138
2026-09-10T11:15:00+05:30,4471.9,4473.9,4469.3,4469.4,1114
2026-09-10T11:20:00+05:30,4469.8,4471.9,4467.2,4470.9,1354
2026-09-10T11:25:00+05:30,4470.9,4475.2,4469,4475.1,836
2026-09-10T11:30:00+05:30,4475.2,4479.3,4470.7,4470.8,2122
2026-09-10T11:35:00+05:30,4471,4471.7,4466.1,4466.2,1122
2026-09-10T11:40:00+05:30,4466.2,4467,4459.6,4460.1,1567
2026-09-10T11:45:00+05:30,4460.1,4460.1,4456.5,4458.4,1892
2026-09-10T11:50:00+05:30,4458.4,4459.9,4454.4,4459.7,1664
2026-09-10T11:55:00+05:30,4459.6,4461,4456.7,4460.8,1470
2026-09-10T12:00:00+05:30,4460.8,4462.4,4457.7,4458.4,1460
2026-09-10T12:05:00+05:30,4458.1,4461.8,4456.2,4461.8,1103
2026-09-10T12:10:00+05:30,4461.7,4470.4,4461.7,4470,2144
2026-09-10T12:15:00+05:30,4470.1,4472.3,4467.5,4468.3,1269
2026-09-10T12:20:00+05:30,4468.2,4472.5,4467.1,4468.6,1702
2026-09-10T12:25:00+05:30,4468.8,4469.5,4467.4,4469.3,381
2026-09-10T12:30:00+05:30,4468.9,4469.4,4458.4,4458.8,2338
2026-09-10T12:35:00+05:30,4459.2,4460.3,4457.9,4459.1,558
2026-09-10T12:40:00+05:30,4458.7,4461.3,4456.8,4457.1,1249
2026-09-10T12:45:00+05:30,4457,4458.9,4455.3,4456.3,609
2026-09-10T12:50:00+05:30,4456.3,4457,4454,4455.3,920
2026-09-10T12:55:00+05:30,4455.5,4455.6,4451.4,4452.1,813
2026-09-10T13:00:00+05:30,4452.2,4454.3,4447,4448.2,1863
2026-09-10T13:05:00+05:30,4448,4451.2,4447.3,4449.9,692
2026-09-10T13:10:00+05:30,4449.3,4453.3,4448.4,4453.3,655
2026-09-10T13:15:00+05:30,4452.9,4456.2,4452.3,4454.7,1354
2026-09-10T13:20:00+05:30,4454.5,4458.7,4454.5,4457.7,762
2026-09-10T13:25:00+05:30,4458.1,4458.1,4454.1,4455,544
2026-09-10T13:30:00+05:30,4454.8,4456,4450.5,4450.7,842
2026-09-10T13:35:00+05:30,4450.6,4452.1,4449.6,4451.7,577
2026-09-10T13:40:00+05:30,4452,4453,4447.6,4448.8,827
2026-09-10T13:45:00+05:30,4449.1,4450.2,4447.9,4449.5,453
2026-09-10T13:50:00+05:30,4449.4,4451.1,4448.4,4449.6,418
2026-09-10T13:55:00+05:30,4449.7,4449.7,4446.4,4448.8,950
2026-09-10T14:00:00+05:30,4448.8,4449.1,4442,4443,1505
2026-09-10T14:05:00+05:30,4442.8,4444.7,4441.6,4442.7,1028
2026-09-10T14:10:00+05:30,4442.6,4443.4,4437.6,4438.7,1359
2026-09-10T14:15:00+05:30,4438.7,4439.4,4435,4435.5,1626
2026-09-10T14:20:00+05:30,4436,4441.3,4435.6,4439.5,1233
2026-09-10T14:25:00+05:30,4439.3,4439.3,4436.3,4437.7,664
2026-09-10T14:30:00+05:30,4437.6,4439.5,4435.9,4438.6,994
2026-09-10T14:35:00+05:30,4438.6,4439.6,4432.3,4434.4,1500
2026-09-10T14:40:00+05:30,4434.4,4437.9,4434.2,4437.7,634
2026-09-10T14:45:00+05:30,4437.7,4439.6,4436,4438.2,647
2026-09-10T14:50:00+05:30,4438.2,4438.8,4434.6,4435.4,572
2026-09-10T14:55:00+05:30,4435.4,4438.2,4434.2,4435.4,601
2026-09-10T15:00:00+05:30,4435.5,4435.5,4432.2,4434.6,1034
2026-09-10T15:05:00+05:30,4434.6,4435.7,4433.1,4433.4,386
2026-09-10T15:10:00+05:30,4433.4,4435.7,4430.9,4435.7,1098
2026-09-10T15:15:00+05:30,4435.5,4438.8,4435.2,4438,726
2026-09-10T15:20:00+05:30,4437.5,4438.5,4436.6,4437.6,403
2026-09-10T15:25:00+05:30,4437.4,4437.8,4436,4437,319
2026-09-10T15:30:00+05:30,4436.7,4442.3,4434.4,4440.9,1444
2026-09-10T15:35:00+05:30,4441,4442.8,4434.3,4435.3,1554
2026-09-10T15:40:00+05:30,4435.3,4440,4432,4437.9,1235
2026-09-10T15:45:00+05:30,4437.7,4442.7,4437,4441.6,800
2026-09-10T15:50:00+05:30,4441.2,4442,4438.5,4438.6,490
2026-09-10T15:55:00+05:30,4438.5,4440.2,4436.2,4436.7,467
2026-09-10T16:00:00+05:30,4436.6,4437.3,4425.7,4427.5,2057
2026-09-10T16:05:00+05:30,4427.3,4428.3,4420.2,4428,1988
2026-09-10T16:10:00+05:30,4428,4429.3,4425.5,4426.1,1213
2026-09-10T16:15:00+05:30,4425.9,4428.5,4422.4,4425.6,1152
2026-09-10T16:20:00+05:30,4425.3,4426.1,4417.1,4419.5,1714
2026-09-10T16:25:00+05:30,4419.5,4430.5,4419.2,4421.4,2107
2026-09-10T16:30:00+05:30,4421.4,4426.9,4420.3,4426.5,1156
2026-09-10T16:35:00+05:30,4426.1,4426.8,4421,4421.7,708
2026-09-10T16:40:00+05:30,4421.7,4426,4417.5,4425.6,1365
2026-09-10T16:45:00+05:30,4425.7,4427.9,4423,4424.9,852
2026-09-10T16:50:00+05:30,4425.2,4425.8,4422.1,4425,552
2026-09-10T16:55:00+05:30,4425,4431.1,4424.9,4428.1,1130
2026-09-10T17:00:00+05:30,4427.9,4430.9,4426.7,4428.9,741
2026-09-10T17:05:00+05:30,4428.9,4432,4428.7,4431.9,705
2026-09-10T17:10:00+05:30,4432,4433.1,4426.7,4426.8,925
2026-09-10T17:15:00+05:30,4427,4427.6,4422.6,4424,919
2026-09-10T17:20:00+05:30,4424.1,4425,4418.1,4422.9,1204
2026-09-10T17:25:00+05:30,4422.4,4422.6,4415.2,4416.7,1473
2026-09-10T17:30:00+05:30,4416.8,4419.4,4412.7,4415.2,2091
2026-09-10T17:35:00+05:30,4414.8,4418.7,4411.8,4414.3,1888
2026-09-10T17:40:00+05:30,4414.3,4419.9,4413.7,4417.4,1114
2026-09-10T17:45:00+05:30,4417.6,4419.2,4408.4,4414.1,2366
2026-09-10T17:50:00+05:30,4413.7,4415.7,4407.2,4409.4,1751
2026-09-10T17:55:00+05:30,4409.1,4410.3,4403.6,4407,2131
2026-09-10T18:00:00+05:30,4406.2,4424.2,4379.3,4383.7,9654
2026-09-10T18:05:00+05:30,4383.9,4384.9,4365.4,4368.4,6532
2026-09-10T18:10:00+05:30,4368.7,4384.7,4365.4,4382.2,6782
2026-09-10T18:15:00+05:30,4382.2,4391.4,4379.7,4391.3,4887
2026-09-10T18:20:00+05:30,4391,4396.7,4384.2,4385,4335
2026-09-10T18:25:00+05:30,4384.7,4386,4378.1,4381.8,3170
2026-09-10T18:30:00+05:30,4382.1,4397.5,4380.6,4392.9,4892
2026-09-10T18:35:00+05:30,4393.3,4395.3,4388.2,4389.2,2717
2026-09-10T18:40:00+05:30,4389.3,4393.2,4385.4,4385.8,1910
2026-09-10T18:45:00+05:30,4385.6,4391.2,4383,4391.1,1963
2026-09-10T18:50:00+05:30,4391.5,4398,4391.2,4392.2,2350
2026-09-10T18:55:00+05:30,4391.9,4399.7,4386.6,4399.6,2163
2026-09-10T19:00:00+05:30,4399.6,4410.2,4393.8,4405.3,4788
2026-09-10T19:05:00+05:30,4405.4,4413.8,4401.3,4411.9,4856
2026-09-10T19:10:00+05:30,4411.2,4416.2,4405.6,4406.9,3400
2026-09-10T19:15:00+05:30,4406.8,4418,4405.9,4413.6,4109
2026-09-10T19:20:00+05:30,4413.9,4417,4404.3,4409.4,4029
2026-09-10T19:25:00+05:30,4409.4,4412.9,4406.7,4408.5,1579
2026-09-10T19:30:00+05:30,4408.3,4417.9,4408.2,4412.7,2903
2026-09-10T19:35:00+05:30,4412.6,4414.5,4403.5,4406.8,2912
2026-09-10T19:40:00+05:30,4406.6,4410,4401.7,4401.7,2485
2026-09-10T19:45:00+05:30,4402,4405.8,4396.7,4403.9,3584
2026-09-10T19:50:00+05:30,4404.7,4416.5,4401.7,4413.9,4114
2026-09-10T19:55:00+05:30,4413.7,4419.2,4405.2,4406,3619
2026-09-10T20:00:00+05:30,4406,4408.1,4402.9,4407.1,1639
2026-09-10T20:05:00+05:30,4407.2,4413,4405.3,4405.7,1653
2026-09-10T20:10:00+05:30,4405.6,4412.3,4398.7,4398.8,2381
2026-09-10T20:15:00+05:30,4398.5,4401.4,4396.1,4400.5,2251
2026-09-10T20:20:00+05:30,4400.2,4404.1,4397.2,4397.4,1267
2026-09-10T20:25:00+05:30,4397.4,4402.1,4396.4,4400,1354
2026-09-10T20:30:00+05:30,4400.4,4400.7,4394.5,4395.7,2148
2026-09-10T20:35:00+05:30,4395.5,4401.1,4395.3,4397.5,1113
2026-09-10T20:40:00+05:30,4397.2,4403.8,4397.2,4401.7,1599
2026-09-10T20:45:00+05:30,4401.8,4407.3,4400.5,4405.4,1702
2026-09-10T20:50:00+05:30,4405.4,4409.3,4402.9,4407.9,1469
2026-09-10T20:55:00+05:30,4408.1,4409.8,4404.9,4407.3,1036
2026-09-10T21:00:00+05:30,4407.3,4412,4404.2,4411.6,1519
2026-09-10T21:05:00+05:30,4411.6,4414.2,4408.5,4410.5,1529
2026-09-10T21:10:00+05:30,4410.1,4410.8,4406.1,4407.9,894
2026-09-10T21:15:00+05:30,4408,4409.2,4402.6,4409.2,1135
2026-09-10T21:20:00+05:30,4408.9,4412.5,4407.5,4408,1186
2026-09-10T21:25:00+05:30,4407.8,4409.7,4406,4407.8,647
2026-09-10T21:30:00+05:30,4408.1,4412.2,4406.6,4409.1,1016
2026-09-10T21:35:00+05:30,4409,4410.8,4401.5,4401.9,1245
2026-09-10T21:40:00+05:30,4401.9,4402.9,4395.6,4400.9,1687
2026-09-10T21:45:00+05:30,4400.8,4403.4,4397.1,4401.2,975
2026-09-10T21:50:00+05:30,4401.5,4405,4400.9,4403.4,825
2026-09-10T21:55:00+05:30,4403.5,4405.8,4401.9,4404.6,532
2026-09-10T22:00:00+05:30,4404.9,4407.7,4399.1,4399.3,2042
2026-09-10T22:05:00+05:30,4399.5,4403.6,4397.8,4402.6,1107
2026-09-10T22:10:00+05:30,4402.6,4403.9,4398.2,4398.5,668
2026-09-10T22:15:00+05:30,4398.4,4405.3,4398.3,4402.2,890
2026-09-10T22:20:00+05:30,4402.3,4406.1,4402.3,4403.8,786
2026-09-10T22:25:00+05:30,4403.4,4406.6,4401.5,4406.2,552
2026-09-10T22:30:00+05:30,4406.2,4410.5,4401.6,4405.8,1388
2026-09-10T22:35:00+05:30,4405.8,4406.7,4402.5,4403.8,593
2026-09-10T22:40:00+05:30,4404.3,4408.4,4403.4,4404.6,770
2026-09-10T22:45:00+05:30,4404.5,4406.9,4403.1,4406,487
2026-09-10T22:50:00+05:30,4406.2,4407.7,4404.5,4404.6,506
2026-09-10T22:55:00+05:30,4405.2,4409,4404.7,4407.7,754
2026-09-10T23:00:00+05:30,4407.7,4408.3,4404.1,4404.7,544
2026-09-10T23:05:00+05:30,4404.4,4405.9,4399.9,4400.3,887
2026-09-10T23:10:00+05:30,4400.2,4401.3,4396.9,4401.3,1296
2026-09-10T23:15:00+05:30,4401.1,4401.9,4398.5,4399.6,650
2026-09-10T23:20:00+05:30,4399.7,4402,4398.9,4401.3,723
2026-09-10T23:25:00+05:30,4401.5,4401.5,4392.6,4394.2,1384
2026-09-10T23:30:00+05:30,4394.5,4397.9,4390.1,4392.6,1935
2026-09-10T23:35:00+05:30,4392.4,4392.6,4383.6,4384.9,2352
2026-09-10T23:40:00+05:30,4384.9,4385.7,4381.9,4382.4,1760
2026-09-10T23:45:00+05:30,4382.2,4386.5,4379.7,4383.8,1796
2026-09-10T23:50:00+05:30,4383.7,4387.9,4383.5,4385.3,1161
2026-09-10T23:55:00+05:30,4385.4,4386.7,4378.9,4380.6,1786
2026-09-11T00:00:00+05:30,4380.6,4380.6,4373.8,4376.9,2000
2026-09-11T00:05:00+05:30,4377.3,4377.6,4374.3,4375.8,738
2026-09-11T00:10:00+05:30,4375.4,4377.3,4373.1,4375.3,1118
2026-09-11T00:15:00+05:30,4375.2,4376,4371.6,4373.6,1316
2026-09-11T00:20:00+05:30,4373.1,4380.2,4371.3,4373.4,2160
2026-09-11T00:25:00+05:30,4373,4378.5,4372,4374.4,1326
2026-09-11T00:30:00+05:30,4374,4374.1,4354.8,4357.8,5902
2026-09-11T00:35:00+05:30,4357.8,4367,4357.5,4365.6,2583
2026-09-11T00:40:00+05:30,4365.5,4366.3,4360.6,4363.6,1597
2026-09-11T00:45:00+05:30,4363.6,4365,4360.6,4361.9,652
2026-09-11T00:50:00+05:30,4362.2,4371.1,4362,4370.8,1598
2026-09-11T00:55:00+05:30,4370.4,4372.1,4367.8,4368.7,1387
2026-09-11T01:00:00+05:30,4368.7,4371,4366.1,4368.5,1377
2026-09-11T01:05:00+05:30,4368.3,4369.4,4365.4,4368.2,639
2026-09-11T01:10:00+05:30,4368.3,4369.2,4364.4,4365.4,599
2026-09-11T01:15:00+05:30,4365.5,4367,4362.1,4364.2,939
2026-09-11T01:20:00+05:30,4364.2,4366,4361.3,4364.9,1009
2026-09-11T01:25:00+05:30,4364.8,4366,4363.4,4365.5,816
2026-09-11T01:30:00+05:30,4365.5,4365.7,4361.2,4362.8,668
2026-09-11T01:35:00+05:30,4362.5,4365.1,4361.7,4364.5,263
2026-09-11T01:40:00+05:30,4364.3,4365.7,4363.4,4364.4,373
2026-09-11T01:45:00+05:30,4364.4,4364.5,4363,4363,202
2026-09-11T01:50:00+05:30,4362.9,4363.1,4357.5,4357.9,588
2026-09-11T01:55:00+05:30,4358,4360.6,4358,4359.7,334
2026-09-11T02:00:00+05:30,4359.9,4360,4357.7,4358,397
2026-09-11T02:05:00+05:30,4358.1,4359.5,4356.8,4358.1,291
2026-09-11T02:10:00+05:30,4358.2,4359.8,4357,4359.5,280
2026-09-11T02:15:00+05:30,4359.4,4360.2,4356.7,4356.7,468
2026-09-11T02:20:00+05:30,4356.8,4359.3,4356,4358.6,355
2026-09-11T02:25:00+05:30,4358.7,4360.6,4357.8,4358.4,482
2026-09-11T03:30:00+05:30,4359.6,4366,4357.7,4363.4,923
2026-09-11T03:35:00+05:30,4363.1,4364.1,4360,4363.6,566
2026-09-11T03:40:00+05:30,4363.7,4363.8,4361.4,4361.9,303
2026-09-11T03:45:00+05:30,4361.8,4362.6,4360.1,4360.2,352
2026-09-11T03:50:00+05:30,4360.4,4362,4359.3,4360.2,265
2026-09-11T03:55:00+05:30,4360.1,4360.7,4359.3,4360.2,278
2026-09-11T04:00:00+05:30,4360,4360.8,4356,4358.7,728
2026-09-11T04:05:00+05:30,4359,4359,4356.3,4356.6,280
2026-09-11T04:10:00+05:30,4356.4,4358.5,4353.5,4356.8,978
2026-09-11T04:15:00+05:30,4356.3,4358.8,4355.5,4358.8,397
2026-09-11T04:20:00+05:30,4358.6,4359.8,4357.3,4358.2,381
2026-09-11T04:25:00+05:30,4358.2,4359.4,4357.7,4358.9,244
2026-09-11T04:30:00+05:30,4358.4,4360.6,4357.4,4359.2,539
2026-09-11T04:35:00+05:30,4359.1,4360.1,4358.3,4359.1,300
2026-09-11T04:40:00+05:30,4359.1,4360.4,4356.6,4360.1,485
2026-09-11T04:45:00+05:30,4360,4360.6,4359.6,4360,225
2026-09-11T04:50:00+05:30,4360.2,4361.2,4358,4358.6,571
2026-09-11T04:55:00+05:30,4358.7,4359.6,4357.8,4358.4,190
2026-09-11T05:00:00+05:30,4358.6,4360.8,4357.4,4358.9,409
2026-09-11T05:05:00+05:30,4358.9,4358.9,4354.8,4356,723
2026-09-11T05:10:00+05:30,4356.4,4358.5,4355.2,4356.4,484
2026-09-11T05:15:00+05:30,4356.5,4358.3,4354.1,4355.6,590
2026-09-11T05:20:00+05:30,4355.6,4356.6,4352.3,4352.8,942
2026-09-11T05:25:00+05:30,4352.8,4356.8,4351.2,4355.2,957
2026-09-11T05:30:00+05:30,4355.5,4361.8,4353.2,4360.2,1704
2026-09-11T05:35:00+05:30,4360,4364.6,4357.8,4359.2,1835
2026-09-11T05:40:00+05:30,4359,4360.2,4355.2,4359.8,937
2026-09-11T05:45:00+05:30,4359.8,4361.8,4357.1,4360.3,770
2026-09-11T05:50:00+05:30,4360.4,4362.5,4358.7,4359.3,491
2026-09-11T05:55:00+05:30,4359.1,4364.8,4357.6,4364.3,884
2026-09-11T06:00:00+05:30,4364.2,4365.6,4359.9,4361.7,1223
2026-09-11T06:05:00+05:30,4361.7,4367.1,4361.1,4365.5,908
2026-09-11T06:10:00+05:30,4365.4,4368,4361.4,4367.9,1321
2026-09-11T06:15:00+05:30,4367.8,4374.2,4367.1,4373.2,1762
2026-09-11T06:20:00+05:30,4372.9,4373.9,4371.3,4372.3,926
2026-09-11T06:25:00+05:30,4372.3,4373.9,4370.1,4372.4,828
2026-09-11T06:30:00+05:30,4372.3,4380.8,4368.2,4380.4,3709
2026-09-11T06:35:00+05:30,4380.3,4380.6,4373.3,4377.8,1926
2026-09-11T06:40:00+05:30,4378.1,4379.4,4372.8,4373.4,1265
2026-09-11T06:45:00+05:30,4373.5,4377.5,4371.3,4372.5,1349
2026-09-11T06:50:00+05:30,4372.2,4372.6,4360.8,4361.5,2588
2026-09-11T06:55:00+05:30,4361.7,4370.8,4361.5,4368.3,2129
2026-09-11T07:00:00+05:30,4368.4,4373.8,4368.3,4372.8,1217
2026-09-11T07:05:00+05:30,4373,4375.6,4369.4,4369.4,1278
2026-09-11T07:10:00+05:30,4369.5,4369.9,4362.7,4366.7,2048
2026-09-11T07:15:00+05:30,4366.9,4369.3,4363.9,4369.1,1161
2026-09-11T07:20:00+05:30,4369,4370.3,4364.3,4365.2,912
2026-09-11T07:25:00+05:30,4365.2,4369.7,4363.8,4369.1,734
2026-09-11T07:30:00+05:30,4369.2,4372.9,4369.1,4372.6,1213
2026-09-11T07:35:00+05:30,4372.6,4373.5,4367.6,4369.4,800
2026-09-11T07:40:00+05:30,4369.4,4372.1,4368.6,4370.7,469
2026-09-11T07:45:00+05:30,4371,4374.6,4369.7,4373.8,766
2026-09-11T07:50:00+05:30,4373.7,4373.7,4367.4,4367.8,747
2026-09-11T07:55:00+05:30,4367.8,4367.9,4363.5,4365.1,1136
2026-09-11T08:00:00+05:30,4365,4366.5,4356.9,4359.1,2420
2026-09-11T08:05:00+05:30,4359.4,4362.9,4357,4361.8,1035
2026-09-11T08:10:00+05:30,4362.1,4365.7,4358.9,4359.2,1333
2026-09-11T08:15:00+05:30,4359,4365.5,4355.9,4363.8,1424
2026-09-11T08:20:00+05:30,4364,4367.2,4362.5,4362.8,1146
2026-09-11T08:25:00+05:30,4362.8,4364.2,4361.2,4363.4,581
2026-09-11T08:30:00+05:30,4362.9,4366.8,4362.3,4362.4,596
2026-09-11T08:35:00+05:30,4362.2,4363.6,4355.2,4358.1,1333
2026-09-11T08:40:00+05:30,4358.2,4360.5,4354.5,4360,1100
2026-09-11T08:45:00+05:30,4359.8,4361.9,4354.6,4354.9,779
2026-09-11T08:50:00+05:30,4355.1,4356.5,4344.3,4347.6,3471
2026-09-11T08:55:00+05:30,4347.5,4351.4,4345.1,4349.8,1243
2026-09-11T09:00:00+05:30,4350,4352.1,4346.9,4349.1,879
2026-09-11T09:05:00+05:30,4349.4,4351.5,4347.2,4349.2,905
2026-09-11T09:10:00+05:30,4349.2,4354.5,4346.9,4348.9,1671
2026-09-11T09:15:00+05:30,4348.8,4349,4342.6,4343.5,1410
2026-09-11T09:20:00+05:30,4343.7,4345,4341.3,4344.7,1451
2026-09-11T09:25:00+05:30,4344.7,4348,4342.9,4344.4,1340
2026-09-11T09:30:00+05:30,4344.7,4349.8,4342.5,4349.2,1200
2026-09-11T09:35:00+05:30,4349.3,4359,4349.2,4358.8,1386
2026-09-11T09:40:00+05:30,4358.7,4365.7,4358.7,4362.1,2369
2026-09-11T09:45:00+05:30,4362.3,4362.9,4360,4361.2,988
2026-09-11T09:50:00+05:30,4361.2,4368,4361,4367.8,1239
2026-09-11T09:55:00+05:30,4367.7,4369.9,4366.4,4369.1,890
2026-09-11T10:00:00+05:30,4369.3,4371,4366.8,4367.2,1011
2026-09-11T10:05:00+05:30,4367.2,4368.9,4365.9,4368.4,721
2026-09-11T10:10:00+05:30,4368.4,4373.1,4367.7,4370.9,1391
2026-09-11T10:15:00+05:30,4370.9,4373.1,4369.2,4371.2,814
2026-09-11T10:20:00+05:30,4371,4375.4,4371,4375.2,1401
2026-09-11T10:25:00+05:30,4375,4375.6,4371.6,4372.3,722
2026-09-11T10:30:00+05:30,4372.3,4372.5,4368.8,4369.7,1114
2026-09-11T10:35:00+05:30,4369.8,4375.9,4369.3,4375.2,1119
2026-09-11T10:40:00+05:30,4375.3,4379.2,4372.9,4378.7,1098
2026-09-11T10:45:00+05:30,4378.5,4379.9,4374.8,4378.8,1109
2026-09-11T10:50:00+05:30,4378.8,4379.7,4375.9,4376.9,598
2026-09-11T10:55:00+05:30,4377,4377.2,4373.9,4375.1,690
2026-09-11T11:00:00+05:30,4375.6,4381.9,4374,4378.7,2692
2026-09-11T11:05:00+05:30,4378.7,4380.6,4376.9,4379.1,791
2026-09-11T11:10:00+05:30,4378.9,4383.5,4374.7,4383.1,1809
2026-09-11T11:15:00+05:30,4383.2,4387.4,4379.9,4385.4,1596
2026-09-11T11:20:00+05:30,4385.3,4388.3,4383,4388.3,885
2026-09-11T11:25:00+05:30,4388.2,4392.3,4386,4386.7,1484
2026-09-11T11:30:00+05:30,4386.7,4397,4386.2,4394.6,2003
2026-09-11T11:35:00+05:30,4394.7,4400,4392.4,4396.4,1396
2026-09-11T11:40:00+05:30,4396.6,4402.2,4394.8,4399.7,1316
2026-09-11T11:45:00+05:30,4399.6,4401.2,4397.2,4399.7,918
2026-09-11T11:50:00+05:30,4399.6,4399.8,4393.4,4393.7,1166
2026-09-11T11:55:00+05:30,4393.7,4394.7,4392,4392.5,745
2026-09-11T12:00:00+05:30,4392.4,4393.5,4387.8,4388.2,1214
2026-09-11T12:05:00+05:30,4388.2,4393.8,4388.1,4393,770
2026-09-11T12:10:00+05:30,4393.1,4394.9,4390.1,4391.7,785
2026-09-11T12:15:00+05:30,4391.6,4396.4,4390.4,4392.8,838
2026-09-11T12:20:00+05:30,4393,4394.3,4390.4,4394.2,535
2026-09-11T12:25:00+05:30,4394.3,4395,4391.7,4394.2,486
2026-09-11T12:30:00+05:30,4394.2,4397.4,4393.1,4395.9,964
2026-09-11T12:35:00+05:30,4396,4397.1,4391,4391.8,712
2026-09-11T12:40:00+05:30,4392,4396.8,4391.7,4392.8,596
2026-09-11T12:45:00+05:30,4393.1,4393.6,4391.3,4391.9,424
2026-09-11T12:50:00+05:30,4391.7,4393.5,4388.9,4390.8,595
2026-09-11T12:55:00+05:30,4390.8,4390.8,4387,4387.4,649
2026-09-11T13:00:00+05:30,4387.7,4389.2,4385.4,4386.2,652
2026-09-11T13:05:00+05:30,4386.3,4387.7,4384.3,4385,743
2026-09-11T13:10:00+05:30,4385.1,4387.8,4384.6,4386.4,745
2026-09-11T13:15:00+05:30,4386.3,4386.4,4383.2,4383.6,578
2026-09-11T13:20:00+05:30,4383.4,4384.6,4381.7,4383.9,719
2026-09-11T13:25:00+05:30,4384.1,4386.5,4384,4385.9,331
2026-09-11T13:30:00+05:30,4386.2,4388.6,4383.7,4385.8,808
2026-09-11T13:35:00+05:30,4385.9,4390.1,4384.9,4386.4,748
2026-09-11T13:40:00+05:30,4386.6,4390.7,4383.1,4388.8,999
2026-09-11T13:45:00+05:30,4388.7,4391.8,4387.3,4388.4,631
2026-09-11T13:50:00+05:30,4388.3,4399.5,4384.8,4393.4,2256
2026-09-11T13:55:00+05:30,4393.5,4396.3,4390.4,4392.9,938
2026-09-11T14:00:00+05:30,4393.2,4397.5,4392.3,4393.9,889
2026-09-11T14:05:00+05:30,4394.3,4397.6,4392.8,4395.7,647
2026-09-11T14:10:00+05:30,4395.6,4398.2,4393.6,4393.9,567
2026-09-11T14:15:00+05:30,4394.3,4397.6,4393.2,4394.6,782
2026-09-11T14:20:00+05:30,4394.4,4394.7,4390.9,4393.1,594
2026-09-11T14:25:00+05:30,4392.5,4392.6,4387.3,4388.7,766
2026-09-11T14:30:00+05:30,4388.9,4395.8,4388.9,4390.2,774
2026-09-11T14:35:00+05:30,4390.3,4390.5,4386.2,4386.5,498
2026-09-11T14:40:00+05:30,4386.6,4387.6,4384.3,4384.6,599
2026-09-11T14:45:00+05:30,4384.3,4387.2,4383.2,4387,592
2026-09-11T14:50:00+05:30,4386.6,4388.1,4385.1,4386.1,542
2026-09-11T14:55:00+05:30,4386.2,4387.6,4385.2,4385.4,434
2026-09-11T15:00:00+05:30,4385.8,4386.9,4383.1,4383.9,729
2026-09-11T15:05:00+05:30,4384.2,4386.2,4383.8,4383.9,360
2026-09-11T15:10:00+05:30,4384.1,4385.6,4382.3,4385.3,420
2026-09-11T15:15:00+05:30,4385.3,4385.9,4384.6,4385.5,236
2026-09-11T15:20:00+05:30,4384.8,4386.6,4384.7,4385.8,282
2026-09-11T15:25:00+05:30,4385.9,4389.8,4385.2,4388.1,539
2026-09-11T15:30:00+05:30,4388.4,4391.4,4382.5,4391.1,1482
2026-09-11T15:35:00+05:30,4391,4392.1,4386.8,4387.6,404
2026-09-11T15:40:00+05:30,4387.7,4390.1,4385.4,4388.2,521
2026-09-11T15:45:00+05:30,4388.2,4391.9,4387.8,4391.1,444
2026-09-11T15:50:00+05:30,4391.3,4391.8,4387.6,4390.5,512
2026-09-11T15:55:00+05:30,4390.5,4392.1,4389.1,4391.3,355
2026-09-11T16:00:00+05:30,4391.5,4391.9,4389.2,4391.1,286
2026-09-11T16:05:00+05:30,4390.9,4391.3,4386.1,4388.6,364
2026-09-11T16:10:00+05:30,4388.6,4388.8,4385.6,4387.1,462
2026-09-11T16:15:00+05:30,4387.2,4387.3,4383.5,4383.6,410
2026-09-11T16:20:00+05:30,4383.8,4384.7,4381.7,4382.7,542
2026-09-11T16:25:00+05:30,4382.6,4382.9,4378.4,4379.4,1117
2026-09-11T16:30:00+05:30,4379.3,4385,4379,4381.4,1015
2026-09-11T16:35:00+05:30,4381.4,4382.1,4378.7,4379.3,771
2026-09-11T16:40:00+05:30,4379,4380.4,4376.5,4379.9,1097
2026-09-11T16:45:00+05:30,4379.9,4381.1,4377.9,4380.5,663
2026-09-11T16:50:00+05:30,4380.4,4381.7,4378.8,4380.7,464
2026-09-11T16:55:00+05:30,4381,4383.8,4378,4378.3,833
2026-09-11T17:00:00+05:30,4378.4,4379.3,4373.5,4373.7,889
2026-09-11T17:05:00+05:30,4373.7,4376.2,4372,4374.4,940
2026-09-11T17:10:00+05:30,4374.5,4377.1,4372.2,4376.8,924
2026-09-11T17:15:00+05:30,4376.9,4378.2,4375,4377.8,817
2026-09-11T17:20:00+05:30,4377,4377.6,4372.8,4372.8,502
2026-09-11T17:25:00+05:30,4373,4376,4372.6,4375.1,642
2026-09-11T17:30:00+05:30,4375.3,4376.9,4370.5,4371.3,983
2026-09-11T17:35:00+05:30,4371.2,4372.1,4368.1,4369.2,1081
2026-09-11T17:40:00+05:30,4369.3,4374.4,4366.2,4369.9,2088
2026-09-11T17:45:00+05:30,4369.7,4376.1,4368.9,4373.1,1240
2026-09-11T17:50:00+05:30,4373,4375.8,4371,4371.5,1133
2026-09-11T17:55:00+05:30,4371.7,4385.5,4370.1,4378,2449
2026-09-11T18:00:00+05:30,4380.3,4400.2,4333.4,4370.4,13618
2026-09-11T18:05:00+05:30,4370.4,4393,4367.2,4391.5,7241
2026-09-11T18:10:00+05:30,4391.3,4404.4,4390.2,4395.5,7922
2026-09-11T18:15:00+05:30,4395.6,4409.6,4393.9,4403.1,6094
2026-09-11T18:20:00+05:30,4403,4424.4,4401.5,4419.7,7555
2026-09-11T18:25:00+05:30,4419.6,4432.4,4418.7,4430.5,4960
2026-09-11T18:30:00+05:30,4430.4,4435.9,4426.7,4432.4,6468
2026-09-11T18:35:00+05:30,4432,4436.5,4423.4,4424.7,4376
2026-09-11T18:40:00+05:30,4424.5,4433.5,4422.6,4431.4,3428
2026-09-11T18:45:00+05:30,4431.3,4432.5,4422.7,4428.1,2436
2026-09-11T18:50:00+05:30,4428.2,4431.4,4421.6,4425,2170
2026-09-11T18:55:00+05:30,4424.4,4440.5,4424,4431.7,4306
2026-09-11T19:00:00+05:30,4431.9,4437.6,4423.3,4437.2,3431
2026-09-11T19:05:00+05:30,4437.2,4442.7,4425.6,4432.1,3740
2026-09-11T19:10:00+05:30,4432.3,4441.9,4428.8,4436.7,2335
2026-09-11T19:15:00+05:30,4437,4442.8,4431.9,4435.1,2967
2026-09-11T19:20:00+05:30,4435,4436,4429,4431.1,1647
2026-09-11T19:25:00+05:30,4431.6,4445.2,4429,4443.9,2420
2026-09-11T19:30:00+05:30,4443.5,4444.8,4423.6,4432.5,4324
2026-09-11T19:35:00+05:30,4432.4,4434.3,4427.6,4429.6,2315
2026-09-11T19:40:00+05:30,4429.4,4430.6,4424.1,4425.3,1983
2026-09-11T19:45:00+05:30,4424.9,4427.3,4417.9,4424.4,3487
2026-09-11T19:50:00+05:30,4424.9,4427.9,4419.4,4421.4,1990
2026-09-11T19:55:00+05:30,4421.2,4421.7,4416,4416.9,2315
2026-09-11T20:00:00+05:30,4417,4418.1,4412.5,4413.1,2713
2026-09-11T20:05:00+05:30,4413.2,4414.7,4406.3,4409.6,3126
2026-09-11T20:10:00+05:30,4409.9,4413.9,4409.4,4412.8,2047
2026-09-11T20:15:00+05:30,4413.2,4426.1,4413.1,4421.7,3917
2026-09-11T20:20:00+05:30,4421.2,4426,4419,4419.4,1988
2026-09-11T20:25:00+05:30,4419.7,4420.4,4412.2,4412.6,1766
2026-09-11T20:30:00+05:30,4412.5,4414.9,4408.1,4412.7,2075
2026-09-11T20:35:00+05:30,4412.5,4412.7,4403.3,4405.2,2203
2026-09-11T20:40:00+05:30,4405,4405.9,4401,4404.3,2012
2026-09-11T20:45:00+05:30,4404.2,4408.3,4403.3,4404.3,1850
2026-09-11T20:50:00+05:30,4404.5,4410,4404.1,4407.4,1873
2026-09-11T20:55:00+05:30,4407.5,4414.6,4406.9,4412.1,2241
2026-09-11T21:00:00+05:30,4411.9,4417.2,4410.4,4414.4,1857
2026-09-11T21:05:00+05:30,4414.5,4418.8,4412,4415.2,1574
2026-09-11T21:10:00+05:30,4415.4,4416.8,4411.7,4414.5,1261
2026-09-11T21:15:00+05:30,4414,4415.1,4410,4414.7,1197
2026-09-11T21:20:00+05:30,4414.8,4415.7,4408,4410.6,1369
2026-09-11T21:25:00+05:30,4410.7,4411.1,4406.8,4408.7,1014
2026-09-11T21:30:00+05:30,4408.7,4414.6,4408.4,4413.6,1115
2026-09-11T21:35:00+05:30,4413.6,4414.5,4408,4409.1,1145
2026-09-11T21:40:00+05:30,4409.2,4411,4402.4,4403.1,1441
2026-09-11T21:45:00+05:30,4403.1,4405.7,4400.1,4400.9,1711
2026-09-11T21:50:00+05:30,4401,4402.6,4393.2,4394.3,2249
2026-09-11T21:55:00+05:30,4394.4,4404.3,4394,4396.4,3343
2026-09-11T22:00:00+05:30,4396.4,4407.8,4394.8,4405.9,2235
2026-09-11T22:05:00+05:30,4405.5,4406.1,4400.4,4401.2,1130
2026-09-11T22:10:00+05:30,4401.2,4406.5,4400.6,4405.5,952
2026-09-11T22:15:00+05:30,4405.5,4407.3,4402.3,4402.6,684
2026-09-11T22:20:00+05:30,4402.4,4403.7,4402,4403,373
2026-09-11T22:25:00+05:30,4403,4405.3,4402.9,4403.3,509
2026-09-11T22:30:00+05:30,4403.6,4406.2,4402.7,4405.4,618
2026-09-11T22:35:00+05:30,4405.1,4411.5,4403,4406.1,1108
2026-09-11T22:40:00+05:30,4406,4409.1,4403.9,4407.7,887
2026-09-11T22:45:00+05:30,4407.8,4411.2,4405.4,4409.8,673
2026-09-11T22:50:00+05:30,4409.9,4411.8,4408,4411.2,1123
2026-09-11T22:55:00+05:30,4411.4,4412,4408.1,4409,1042
2026-09-11T23:00:00+05:30,4409.1,4412.9,4407.4,4411.3,1712
2026-09-11T23:05:00+05:30,4411.4,4411.9,4404.3,4404.6,1067
2026-09-11T23:10:00+05:30,4404.6,4406,4402,4404.3,1020
2026-09-11T23:15:00+05:30,4404.1,4404.7,4401.5,4403.7,669
2026-09-11T23:20:00+05:30,4403.9,4406.4,4403.1,4405,742
2026-09-11T23:25:00+05:30,4405.1,4405.6,4400.1,4400.6,671
2026-09-11T23:30:00+05:30,4400.6,4402.4,4399.4,4402.4,797
2026-09-11T23:35:00+05:30,4402.3,4402.5,4396,4396.2,913
2026-09-11T23:40:00+05:30,4396.1,4398.5,4387.2,4389.3,2320
2026-09-11T23:45:00+05:30,4389.1,4394.4,4387.2,4391.8,1757
2026-09-11T23:50:00+05:30,4392,4392.5,4386.1,4391.4,1989
2026-09-11T23:55:00+05:30,4391.2,4395.4,4390.8,4392.9,1034
2026-09-12T00:00:00+05:30,4392.9,4393.7,4388,4390.4,733
2026-09-12T00:05:00+05:30,4390.3,4392.7,4388.9,4389.2,521
2026-09-12T00:10:00+05:30,4389.1,4391.3,4388.9,4389.1,331
2026-09-12T00:15:00+05:30,4389.3,4389.6,4386,4387.3,981
2026-09-12T00:20:00+05:30,4387,4388.8,4386.5,4387.3,497
2026-09-12T00:25:00+05:30,4387.2,4389.5,4386.7,4389.1,656
2026-09-12T00:30:00+05:30,4389.1,4390.6,4387.1,4389.8,1056
2026-09-12T00:35:00+05:30,4389.6,4391.7,4386.3,4389.6,867
2026-09-12T00:40:00+05:30,4389.3,4393.9,4389,4393.9,977
2026-09-12T00:45:00+05:30,4393.8,4396.3,4391.1,4391.3,990
2026-09-12T00:50:00+05:30,4391.6,4394.1,4390.8,4393.6,524
2026-09-12T00:55:00+05:30,4393.7,4395.4,4389.6,4389.6,608
2026-09-12T01:00:00+05:30,4389.9,4390.6,4387.5,4389.5,762
2026-09-12T01:05:00+05:30,4389.7,4390.4,4388.2,4389.3,486
2026-09-12T01:10:00+05:30,4389.3,4390.7,4387.9,4388.6,748
2026-09-12T01:15:00+05:30,4388.8,4388.9,4385.3,4385.7,806
2026-09-12T01:20:00+05:30,4385.3,4388.3,4384.9,4387.7,933
2026-09-12T01:25:00+05:30,4387.5,4392,4387.3,4390.6,1284
2026-09-12T01:30:00+05:30,4390.9,4393.8,4390.3,4391.2,625
2026-09-12T01:35:00+05:30,4391,4393.1,4390.9,4392.5,270
2026-09-12T01:40:00+05:30,4392.6,4392.9,4390.5,4390.7,178
2026-09-12T01:45:00+05:30,4390.6,4391.6,4388.5,4391.4,368
2026-09-12T01:50:00+05:30,4391.4,4392.7,4391.1,4391.8,245
2026-09-12T01:55:00+05:30,4391.5,4392.1,4390.5,4391,159
2026-09-12T02:00:00+05:30,4391.1,4391.2,4389.1,4390.2,228
2026-09-12T02:05:00+05:30,4389.9,4391.3,4389.3,4390.9,217
2026-09-12T02:10:00+05:30,4390.7,4390.8,4387.9,4388.7,261
2026-09-12T02:15:00+05:30,4388.5,4391.3,4388.3,4389.7,299
2026-09-12T02:20:00+05:30,4389.9,4390.3,4387.4,4390.3,379
2026-09-12T02:25:00+05:30,4390.3,4391.3,4389.4,4389.8,382
2026-09-14T03:30:00+05:30,4374.5,4380,4360,4379,2776
2026-09-14T03:35:00+05:30,4378.9,4381.6,4371.3,4371.7,1247
2026-09-14T03:40:00+05:30,4371.7,4374.6,4370.4,4371.3,1339
2026-09-14T03:45:00+05:30,4371.6,4374.3,4370,4374.2,1105
2026-09-14T03:50:00+05:30,4374.2,4375.6,4368.7,4369.5,1133
2026-09-14T03:55:00+05:30,4369.5,4377,4369.2,4376.7,980
2026-09-14T04:00:00+05:30,4376.7,4378.6,4375.2,4377.1,693
2026-09-14T04:05:00+05:30,4376.8,4377.5,4375.6,4376.5,516
2026-09-14T04:10:00+05:30,4376.5,4378,4374.3,4377.8,440
2026-09-14T04:15:00+05:30,4377.6,4378.9,4376.1,4377,456
2026-09-14T04:20:00+05:30,4377.1,4380.8,4375.8,4380.4,941
2026-09-14T04:25:00+05:30,4380.1,4380.5,4378.2,4378.6,322
2026-09-14T04:30:00+05:30,4378.4,4383.4,4378.4,4381.9,850
2026-09-14T04:35:00+05:30,4381.8,4382.6,4381.1,4382.2,279
2026-09-14T04:40:00+05:30,4382.3,4383.3,4379.6,4380.2,494
2026-09-14T04:45:00+05:30,4380.2,4381.6,4377.8,4378.1,726
2026-09-14T04:50:00+05:30,4378.1,4379.4,4376.1,4378.9,645
2026-09-14T04:55:00+05:30,4378.7,4381.1,4377.6,4380.2,413
2026-09-14T05:00:00+05:30,4379.9,4382.7,4379.8,4382,428
2026-09-14T05:05:00+05:30,4382,4382.6,4379.2,4381.3,641
2026-09-14T05:10:00+05:30,4381.3,4382.2,4378.4,4378.5,376
2026-09-14T05:15:00+05:30,4378.4,4379.1,4372.8,4372.9,1034
2026-09-14T05:20:00+05:30,4372.7,4375.8,4372.3,4374.4,673
2026-09-14T05:25:00+05:30,4374.3,4376.3,4372.6,4373.4,508
2026-09-14T05:30:00+05:30,4373.1,4377,4370.7,4375.1,1284
2026-09-14T05:35:00+05:30,4375.1,4387.8,4375,4386.6,1946
2026-09-14T05:40:00+05:30,4386.9,4388.9,4382.4,4384,1937
2026-09-14T05:45:00+05:30,4383.9,4386.3,4381.1,4382.5,877
2026-09-14T05:50:00+05:30,4382.6,4382.6,4377.8,4380,814
2026-09-14T05:55:00+05:30,4380.1,4381.9,4374.2,4379,1118
2026-09-14T06:00:00+05:30,4379,4381.8,4377.4,4380.4,825
2026-09-14T06:05:00+05:30,4380.5,4382,4374.1,4374.2,940
2026-09-14T06:10:00+05:30,4374,4379.9,4373.1,4379.1,1279
2026-09-14T06:15:00+05:30,4379.6,4383.7,4378.2,4380.8,1161
2026-09-14T06:20:00+05:30,4380.9,4383.8,4380.6,4383.8,695
2026-09-14T06:25:00+05:30,4383.9,4384.6,4378.8,4379.5,775
2026-09-14T06:30:00+05:30,4379.8,4386.1,4371.8,4372.3,4037
2026-09-14T06:35:00+05:30,4372.1,4378.1,4370.6,4377.4,1932
2026-09-14T06:40:00+05:30,4377.9,4378,4369.9,4372.5,1372
2026-09-14T06:45:00+05:30,4372.7,4374.7,4367.2,4368.1,1555
2026-09-14T06:50:00+05:30,4368.2,4378.7,4367,4375.8,2261
2026-09-14T06:55:00+05:30,4376.2,4379.4,4371.7,4376.7,1261
2026-09-14T07:00:00+05:30,4376.6,4377,4369.3,4373,1261
2026-09-14T07:05:00+05:30,4372.9,4386.3,4372.9,4385.6,2206
2026-09-14T07:10:00+05:30,4385.3,4387.8,4378.2,4383.4,1858
2026-09-14T07:15:00+05:30,4383.6,4390,4383,4387.1,1536
2026-09-14T07:20:00+05:30,4387.1,4391.4,4383.7,4389.1,1473
2026-09-14T07:25:00+05:30,4389.4,4396.8,4387.8,4394.6,1658
2026-09-14T07:30:00+05:30,4394.6,4395.7,4389.8,4390.4,1566
2026-09-14T07:35:00+05:30,4390.5,4396.3,4390.3,4393.6,1112
2026-09-14T07:40:00+05:30,4393.9,4395.3,4389.6,4390.5,875
2026-09-14T07:45:00+05:30,4390.3,4391.4,4389.2,4390.4,448
2026-09-14T07:50:00+05:30,4390.3,4395.2,4390,4394.3,567
2026-09-14T07:55:00+05:30,4394.5,4395.5,4393.1,4393.5,509
2026-09-14T08:00:00+05:30,4393.5,4396.6,4391.6,4395.9,1054
2026-09-14T08:05:00+05:30,4395.4,4395.8,4388.8,4389.1,1053
2026-09-14T08:10:00+05:30,4389.2,4389.6,4384.5,4387.1,1789
2026-09-14T08:15:00+05:30,4386.9,4389.6,4385.8,4386.1,716
2026-09-14T08:20:00+05:30,4386,4386.4,4378.9,4379.4,1379
2026-09-14T08:25:00+05:30,4379.4,4379.4,4371.1,4371.7,2001
2026-09-14T08:30:00+05:30,4371.6,4373.8,4368.2,4373.3,2174
2026-09-14T08:35:00+05:30,4373.3,4376.7,4372.4,4376.6,1057
2026-09-14T08:40:00+05:30,4376.6,4376.8,4373.3,4374.1,922
2026-09-14T08:45:00+05:30,4374.2,4376.6,4372.4,4376,632
2026-09-14T08:50:00+05:30,4376.2,4377.1,4374.4,4375.6,387
2026-09-14T08:55:00+05:30,4375.5,4376.3,4373.8,4375.1,430
2026-09-14T09:00:00+05:30,4375.3,4375.9,4370.4,4370.9,737
2026-09-14T09:05:00+05:30,4370.6,4373.4,4368.8,4372.4,866
2026-09-14T09:10:00+05:30,4372.3,4372.3,4366.8,4369.4,1037
2026-09-14T09:15:00+05:30,4369.3,4373.7,4368.6,4373,655
2026-09-14T09:20:00+05:30,4373.3,4373.8,4370.1,4372.1,766
2026-09-14T09:25:00+05:30,4372.7,4373.2,4369.7,4370.4,426
2026-09-14T09:30:00+05:30,4370.4,4371.9,4370,4371.5,511
2026-09-14T09:35:00+05:30,4371.5,4371.5,4369.2,4370.7,412
2026-09-14T09:40:00+05:30,4370.5,4371.2,4369.3,4369.3,225
2026-09-14T09:45:00+05:30,4369.3,4370.2,4368.5,4369.9,280
2026-09-14T09:50:00+05:30,4369.9,4370.8,4369.3,4370.3,194
2026-09-14T09:55:00+05:30,4370.3,4371.9,4369.6,4371.7,373
2026-09-14T10:00:00+05:30,4371.6,4371.8,4367.7,4367.8,473
2026-09-14T10:05:00+05:30,4367.9,4370.1,4364.6,4366.8,1231
2026-09-14T10:10:00+05:30,4366.6,4366.8,4363.4,4363.6,737
2026-09-14T10:15:00+05:30,4363.6,4366,4362.1,4365.2,799
2026-09-14T10:20:00+05:30,4365,4368.6,4363.2,4368.2,903
2026-09-14T10:25:00+05:30,4368.5,4371.8,4368.5,4369.6,795
2026-09-14T10:30:00+05:30,4369.8,4372.9,4367.1,4372.2,780
2026-09-14T10:35:00+05:30,4372.2,4372.5,4369,4369.2,707
2026-09-14T10:40:00+05:30,4369.1,4371,4366.6,4371,582
2026-09-14T10:45:00+05:30,4371.1,4372.5,4369.8,4370.2,457
2026-09-14T10:50:00+05:30,4369.9,4370.6,4366,4367.5,454
2026-09-14T10:55:00+05:30,4367.5,4369.3,4366.6,4366.7,408
2026-09-14T11:00:00+05:30,4367,4377.3,4365.4,4373,2129
2026-09-14T11:05:00+05:30,4372.8,4377.7,4372.5,4375.5,841
2026-09-14T11:10:00+05:30,4375.6,4375.7,4366.5,4371.1,1274
2026-09-14T11:15:00+05:30,4371.3,4374.3,4365.2,4366.6,1128
2026-09-14T11:20:00+05:30,4366.7,4375.2,4363.5,4375.1,1293
2026-09-14T11:25:00+05:30,4375.1,4378.2,4373.2,4378,838
2026-09-14T11:30:00+05:30,4377.8,4379.3,4374.8,4375,1015
2026-09-14T11:35:00+05:30,4374.8,4376.5,4371.4,4371.4,873
2026-09-14T11:40:00+05:30,4371.4,4374.4,4367.6,4370.4,791
2026-09-14T11:45:00+05:30,4370.2,4371.1,4368.3,4371,494
2026-09-14T11:50:00+05:30,4370.7,4372.5,4367.4,4369.9,629
2026-09-14T11:55:00+05:30,4369.8,4373.2,4369.3,4370.6,444
2026-09-14T12:00:00+05:30,4370.4,4372.7,4369.5,4370.1,370
2026-09-14T12:05:00+05:30,4370.8,4373.2,4368.2,4368.4,525
2026-09-14T12:10:00+05:30,4368.5,4368.6,4365.7,4367.9,626
2026-09-14T12:15:00+05:30,4367.9,4370.5,4364.3,4364.5,739
2026-09-14T12:20:00+05:30,4364.3,4365.8,4362.6,4363.4,708
2026-09-14T12:25:00+05:30,4363.5,4363.7,4360.6,4362.5,815
2026-09-14T12:30:00+05:30,4362.4,4362.9,4357.9,4362.1,1677
2026-09-14T12:35:00+05:30,4361.8,4363.6,4359,4359.1,774
2026-09-14T12:40:00+05:30,4359,4364.5,4358.8,4364.4,719
2026-09-14T12:45:00+05:30,4364.2,4364.7,4361.7,4364.1,452
2026-09-14T12:50:00+05:30,4364.2,4364.2,4359.6,4360.1,539
2026-09-14T12:55:00+05:30,4360,4362,4356.1,4357.1,1069
2026-09-14T13:00:00+05:30,4357.1,4359.7,4356.1,4357.7,898
2026-09-14T13:05:00+05:30,4357.8,4358.1,4355.4,4357,561
2026-09-14T13:10:00+05:30,4357.3,4359.7,4356.5,4359.3,722
2026-09-14T13:15:00+05:30,4359.2,4362.3,4356,4357.9,848
2026-09-14T13:20:00+05:30,4358.1,4359.6,4350.6,4351.3,1407
2026-09-14T13:25:00+05:30,4351.1,4352.7,4348,4350.8,1052
2026-09-14T13:30:00+05:30,4351,4357,4350.9,4354.9,1171
2026-09-14T13:35:00+05:30,4354.9,4358.5,4353.6,4356.1,918
2026-09-14T13:40:00+05:30,4356.3,4356.3,4352.6,4353.5,547
2026-09-14T13:45:00+05:30,4353,4353.3,4350,4351.3,642
2026-09-14T13:50:00+05:30,4351.2,4354.5,4351.1,4353.4,734
2026-09-14T13:55:00+05:30,4353.3,4353.9,4350.4,4350.7,415
2026-09-14T14:00:00+05:30,4350.3,4354.2,4349.2,4352.5,666
2026-09-14T14:05:00+05:30,4352.8,4356.1,4351.7,4353.1,561
2026-09-14T14:10:00+05:30,4353.4,4354.1,4349.5,4351.9,524
2026-09-14T14:15:00+05:30,4351.9,4353.6,4346.1,4349.3,885
2026-09-14T14:20:00+05:30,4349.1,4349.1,4345.6,4346.3,667
2026-09-14T14:25:00+05:30,4346.3,4347.3,4343.2,4346.7,1114
2026-09-14T14:30:00+05:30,4346.3,4351.9,4344.8,4349,1234
2026-09-14T14:35:00+05:30,4349,4351.8,4347.9,4350.5,506
2026-09-14T14:40:00+05:30,4350,4350.4,4344.7,4345.9,551
2026-09-14T14:45:00+05:30,4345.6,4345.9,4326,4332.3,4700
2026-09-14T14:50:00+05:30,4332.5,4333,4325.5,4327.5,2184
2026-09-14T14:55:00+05:30,4327.5,4328.2,4320.2,4327.7,3042
2026-09-14T15:00:00+05:30,4327.4,4329.3,4323.2,4327.6,1711
2026-09-14T15:05:00+05:30,4327.3,4328.5,4318.6,4321.9,1532
2026-09-14T15:10:00+05:30,4321.6,4328,4320.2,4321.1,1653
2026-09-14T15:15:00+05:30,4321,4324.1,4318.7,4321.7,1025
2026-09-14T15:20:00+05:30,4321.6,4327.5,4317.6,4327.3,1376
2026-09-14T15:25:00+05:30,4327.2,4328.1,4324.1,4325.2,832
2026-09-14T15:30:00+05:30,4325,4325.8,4317.9,4321.5,1006
2026-09-14T15:35:00+05:30,4321.4,4325.9,4321.4,4325.9,654
2026-09-14T15:40:00+05:30,4325.9,4329.3,4325.3,4328.2,933
2026-09-14T15:45:00+05:30,4328.1,4331.5,4325.4,4329.7,1081
2026-09-14T15:50:00+05:30,4330,4330,4325.4,4329,633
2026-09-14T15:55:00+05:30,4328.9,4332.5,4328.9,4330.8,642
2026-09-14T16:00:00+05:30,4331.1,4332.6,4328.9,4331,643
2026-09-14T16:05:00+05:30,4331,4333.9,4330.8,4333.3,581
2026-09-14T16:10:00+05:30,4333.2,4334.9,4332.7,4334.1,473
2026-09-14T16:15:00+05:30,4333.9,4334.7,4331.7,4332.6,602
2026-09-14T16:20:00+05:30,4332.7,4333.2,4330.8,4332,360
2026-09-14T16:25:00+05:30,4331.4,4336.6,4329.5,4334.6,993
2026-09-14T16:30:00+05:30,4334.1,4338.1,4333.1,4336.5,959
2026-09-14T16:35:00+05:30,4336.6,4336.8,4332.7,4334.8,789
2026-09-14T16:40:00+05:30,4334.8,4334.9,4331.2,4332.1,741
2026-09-14T16:45:00+05:30,4332.4,4335.9,4331.1,4335.5,712
2026-09-14T16:50:00+05:30,4335.8,4337.1,4334.1,4337,444
2026-09-14T16:55:00+05:30,4336.7,4336.9,4335.8,4336.1,279
2026-09-14T17:00:00+05:30,4336,4337.1,4333.9,4335,536
2026-09-14T17:05:00+05:30,4334.9,4335.3,4332.1,4333,682
2026-09-14T17:10:00+05:30,4333.3,4335,4332,4332.5,527
2026-09-14T17:15:00+05:30,4332.4,4333.8,4331.4,4333.4,588
2026-09-14T17:20:00+05:30,4333.2,4333.3,4326.4,4327.5,1478
2026-09-14T17:25:00+05:30,4327.4,4328.1,4324.3,4326.9,1219
2026-09-14T17:30:00+05:30,4327,4330.5,4324.9,4327,1134
2026-09-14T17:35:00+05:30,4326.9,4334.3,4326,4333.7,1031
2026-09-14T17:40:00+05:30,4333.4,4336.9,4332,4334.4,1206
2026-09-14T17:45:00+05:30,4334.8,4338.4,4329.5,4330.1,2460
2026-09-14T17:50:00+05:30,4330.2,4330.7,4324.4,4325.9,1642
2026-09-14T17:55:00+05:30,4325.5,4328.4,4323.2,4326.2,1168
2026-09-14T18:00:00+05:30,4326,4329.5,4323.3,4328.3,1359
2026-09-14T18:05:00+05:30,4328.3,4330,4312.5,4317.8,5404
2026-09-14T18:10:00+05:30,4317.7,4327,4315.5,4323.8,2713
2026-09-14T18:15:00+05:30,4323.4,4323.5,4316.1,4318.7,1668
2026-09-14T18:20:00+05:30,4318.4,4319.1,4307.6,4310,2877
2026-09-14T18:25:00+05:30,4310,4312.1,4305.7,4310.8,2365
2026-09-14T18:30:00+05:30,4311,4312.8,4305.4,4307.5,3001
2026-09-14T18:35:00+05:30,4307.3,4310.4,4293.2,4300,5127
2026-09-14T18:40:00+05:30,4300.4,4308.6,4299.1,4306.3,2716
2026-09-14T18:45:00+05:30,4306.1,4312.9,4303.4,4312.6,2348
2026-09-14T18:50:00+05:30,4312.9,4317.3,4312,4316,2292
2026-09-14T18:55:00+05:30,4315.9,4317.8,4310.9,4313.8,1995
2026-09-14T19:00:00+05:30,4313.9,4318.8,4311.7,4312.2,2812
2026-09-14T19:05:00+05:30,4312,4315,4308.3,4308.6,2000
2026-09-14T19:10:00+05:30,4308.4,4315.3,4306.4,4315.1,2333
2026-09-14T19:15:00+05:30,4315,4321.3,4311.6,4316.5,3072
2026-09-14T19:20:00+05:30,4316.4,4321.7,4310.4,4312.9,2692
2026-09-14T19:25:00+05:30,4312.9,4315.8,4309.3,4312.5,1833
2026-09-14T19:30:00+05:30,4312.3,4315.8,4305.9,4307.8,2627
2026-09-14T19:35:00+05:30,4307.6,4311.6,4303.9,4311.4,2468
2026-09-14T19:40:00+05:30,4311.2,4322.4,4311.2,4322.2,3091
2026-09-14T19:45:00+05:30,4322,4323.4,4313.2,4316.8,2567
2026-09-14T19:50:00+05:30,4316.4,4316.4,4303.5,4305.1,2539
2026-09-14T19:55:00+05:30,4305,4310.3,4304,4310,1912
2026-09-14T20:00:00+05:30,4310.3,4312,4306,4311.8,1606
2026-09-14T20:05:00+05:30,4311.4,4312.7,4307.4,4311.8,1482
2026-09-14T20:10:00+05:30,4311.4,4317.7,4309.2,4317.4,1554
2026-09-14T20:15:00+05:30,4317.2,4319.7,4316.5,4318.6,1734
2026-09-14T20:20:00+05:30,4318.7,4319.5,4314.3,4316.8,1489
2026-09-14T20:25:00+05:30,4316.7,4320.4,4315.1,4319.9,1156
2026-09-14T20:30:00+05:30,4320.5,4320.7,4313,4313.3,1523
2026-09-14T20:35:00+05:30,4313.3,4327.7,4313,4320.9,5005
2026-09-14T20:40:00+05:30,4320.9,4323.8,4317.6,4317.7,1367
2026-09-14T20:45:00+05:30,4317.5,4319.8,4313.2,4316.7,1534
2026-09-14T20:50:00+05:30,4316.7,4320.5,4314.9,4320.1,940
2026-09-14T20:55:00+05:30,4320,4325.6,4319,4324.4,1674
2026-09-14T21:00:00+05:30,4324.1,4335.2,4323.4,4334.7,4316
2026-09-14T21:05:00+05:30,4334.5,4338.8,4330.1,4338.4,3071
2026-09-14T21:10:00+05:30,4338.3,4339.5,4333.3,4335.3,2159
2026-09-14T21:15:00+05:30,4335.3,4336,4328.7,4328.9,1886
2026-09-14T21:20:00+05:30,4329.3,4331.4,4327,4330.2,1573
2026-09-14T21:25:00+05:30,4330.3,4332.3,4328.9,4329.1,1243
2026-09-14T21:30:00+05:30,4329.3,4331.3,4327.2,4327.4,920
2026-09-14T21:35:00+05:30,4327.5,4335.8,4327.3,4335.3,1415
2026-09-14T21:40:00+05:30,4335.8,4338.5,4334.8,4334.8,1286
2026-09-14T21:45:00+05:30,4335.2,4340.7,4335.2,4339.6,1443
2026-09-14T21:50:00+05:30,4339.6,4346.4,4337.9,4345.3,2217
2026-09-14T21:55:00+05:30,4345.5,4346.3,4340.6,4340.9,1646
2026-09-14T22:00:00+05:30,4340.9,4346.9,4339.7,4341.9,1798
2026-09-14T22:05:00+05:30,4341.7,4344,4340.7,4343.6,773
2026-09-14T22:10:00+05:30,4343.6,4348.9,4343.4,4346.8,1283
2026-09-14T22:15:00+05:30,4347,4356.8,4345.5,4354.3,3472
2026-09-14T22:20:00+05:30,4354.7,4359,4352.9,4357.4,2838
2026-09-14T22:25:00+05:30,4357.8,4358.9,4355.4,4356.7,1138
2026-09-14T22:30:00+05:30,4356.6,4357.7,4352.7,4355.3,1441
2026-09-14T22:35:00+05:30,4355.3,4355.4,4352.7,4354.4,970
2026-09-14T22:40:00+05:30,4354.1,4356.5,4351.2,4351.8,1184
2026-09-14T22:45:00+05:30,4351.7,4353.6,4349.7,4350.1,1190
2026-09-14T22:50:00+05:30,4350.5,4352.7,4350.2,4351.7,621
2026-09-14T22:55:00+05:30,4351.7,4354.8,4350.3,4352.3,1250
2026-09-14T23:00:00+05:30,4352.2,4354.2,4349.3,4349.6,1123
2026-09-14T23:05:00+05:30,4349.5,4352.6,4348.1,4351.7,665
2026-09-14T23:10:00+05:30,4351.7,4352.8,4349.6,4350.4,450
2026-09-14T23:15:00+05:30,4350.2,4351.7,4349,4349.4,523
2026-09-14T23:20:00+05:30,4349.5,4354.3,4348.9,4352.9,883
2026-09-14T23:25:00+05:30,4352.4,4354.4,4350.9,4351.5,484
2026-09-14T23:30:00+05:30,4351.7,4356.6,4350,4350.4,1262
2026-09-14T23:35:00+05:30,4350.6,4352.3,4348.4,4350.6,989
2026-09-14T23:40:00+05:30,4350.6,4353.2,4350.4,4353.2,319
2026-09-14T23:45:00+05:30,4352.9,4353.2,4351.6,4352.1,302
2026-09-14T23:50:00+05:30,4351.9,4352.4,4348.2,4348.3,511
2026-09-14T23:55:00+05:30,4348.4,4350.1,4346.5,4350.1,936
2026-09-15T00:00:00+05:30,4349.9,4353.6,4348.8,4351.8,718
2026-09-15T00:05:00+05:30,4351.8,4353.4,4351.2,4351.2,351
2026-09-15T00:10:00+05:30,4351.3,4351.3,4349.5,4349.8,418
2026-09-15T00:15:00+05:30,4349.5,4350.4,4347.5,4347.6,640
2026-09-15T00:20:00+05:30,4347.6,4347.8,4344.4,4346.7,926
2026-09-15T00:25:00+05:30,4346.6,4348.1,4345.6,4347.7,437
2026-09-15T00:30:00+05:30,4347.8,4348.1,4344.3,4346.7,768
2026-09-15T00:35:00+05:30,4346.6,4347.1,4343.1,4344.4,564
2026-09-15T00:40:00+05:30,4344.5,4347.1,4343.8,4346.3,496
2026-09-15T00:45:00+05:30,4346.3,4346.3,4340.4,4342.3,1009
2026-09-15T00:50:00+05:30,4342.2,4342.8,4336.6,4337.9,1156
2026-09-15T00:55:00+05:30,4338.1,4339.2,4337,4337.1,535
2026-09-15T01:00:00+05:30,4337,4338.1,4333.5,4333.9,912
2026-09-15T01:05:00+05:30,4333.9,4335.8,4332.3,4332.9,1098
2026-09-15T01:10:00+05:30,4332.7,4333.1,4331.2,4332.5,799
2026-09-15T01:15:00+05:30,4332.5,4332.8,4328.3,4328.5,1105
2026-09-15T01:20:00+05:30,4328.3,4328.9,4325,4326.7,1610
2026-09-15T01:25:00+05:30,4326.7,4327,4322.8,4323.9,1580
2026-09-15T01:30:00+05:30,4324.1,4325.7,4322.8,4325.3,827
2026-09-15T01:35:00+05:30,4325.5,4327.5,4325.4,4326.4,755
2026-09-15T01:40:00+05:30,4326.3,4329.8,4326.1,4328.3,671
2026-09-15T01:45:00+05:30,4328.6,4334.2,4328.5,4333.9,781
2026-09-15T01:50:00+05:30,4334,4336.9,4334,4336.7,889
2026-09-15T01:55:00+05:30,4336.6,4339.2,4336.6,4337.6,702
2026-09-15T02:00:00+05:30,4337.6,4340.5,4337.4,4340.2,536
2026-09-15T02:05:00+05:30,4340.1,4340.2,4334.9,4336.8,824
2026-09-15T02:10:00+05:30,4336.9,4337.6,4335,4335.5,329
2026-09-15T02:15:00+05:30,4335.9,4337.9,4335.5,4337.5,294
2026-09-15T02:20:00+05:30,4337.6,4338.7,4337.3,4338.4,252
2026-09-15T02:25:00+05:30,4338.5,4340.6,4338.2,4340.1,407
2026-09-15T03:30:00+05:30,4340.3,4344,4338.9,4340,518
2026-09-15T03:35:00+05:30,4340,4340.4,4337.3,4337.8,470
2026-09-15T03:40:00+05:30,4337.5,4338.2,4336.8,4337.3,313
2026-09-15T03:45:00+05:30,4337.4,4338.4,4336.3,4336.6,411
2026-09-15T03:50:00+05:30,4336.6,4338.7,4336,4336.5,555
2026-09-15T03:55:00+05:30,4336.7,4336.8,4332.9,4336.2,651
2026-09-15T04:00:00+05:30,4336.1,4338.4,4335.9,4337.6,432
2026-09-15T04:05:00+05:30,4337.4,4339.3,4333.8,4336.3,611
2026-09-15T04:10:00+05:30,4336.5,4338.4,4334.3,4336.1,943
2026-09-15T04:15:00+05:30,4336.1,4336.8,4335,4335.7,229
2026-09-15T04:20:00+05:30,4335.9,4339,4334.5,4336.6,632
2026-09-15T04:25:00+05:30,4336.9,4337.8,4333.7,4335.5,745
2026-09-15T04:30:00+05:30,4335.8,4338.1,4333.6,4334.7,568
2026-09-15T04:35:00+05:30,4334.5,4335.6,4332.6,4334,580
2026-09-15T04:40:00+05:30,4333.9,4334.7,4331.4,4332.4,818
2026-09-15T04:45:00+05:30,4332.5,4333,4329.4,4329.7,836
2026-09-15T04:50:00+05:30,4329.9,4331.4,4327.4,4330.9,1020
2026-09-15T04:55:00+05:30,4331.1,4331.3,4327.6,4330.4,655
2026-09-15T05:00:00+05:30,4330.3,4332.2,4328,4331.4,927
2026-09-15T05:05:00+05:30,4331.3,4331.9,4328.8,4329.8,570
2026-09-15T05:10:00+05:30,4329.7,4332.3,4328.7,4330,640
2026-09-15T05:15:00+05:30,4330,4330,4327.7,4329.3,358
2026-09-15T05:20:00+05:30,4329.5,4329.6,4327.3,4328.6,343
2026-09-15T05:25:00+05:30,4328.4,4329.5,4327.9,4329,284
2026-09-15T05:30:00+05:30,4328.6,4329.8,4326.4,4327,676
2026-09-15T05:35:00+05:30,4326.8,4329.2,4324,4327.1,1110
2026-09-15T05:40:00+05:30,4327.1,4327.8,4324.5,4327.5,662
2026-09-15T05:45:00+05:30,4327.3,4330.5,4324.9,4325.8,924
2026-09-15T05:50:00+05:30,4325.6,4328.3,4324.1,4328.2,544
2026-09-15T05:55:00+05:30,4328,4330.8,4326.6,4328.8,954
2026-09-15T06:00:00+05:30,4328.7,4329.8,4323.7,4324.9,844
2026-09-15T06:05:00+05:30,4324.9,4331.8,4324.3,4330.9,881
2026-09-15T06:10:00+05:30,4330.8,4334.2,4330.4,4333.2,1042
2026-09-15T06:15:00+05:30,4333.4,4335.2,4332.4,4335,1024
2026-09-15T06:20:00+05:30,4334.7,4337.4,4334.3,4334.8,1125
2026-09-15T06:25:00+05:30,4334.8,4335,4333,4333.4,869
2026-09-15T06:30:00+05:30,4333.7,4339.2,4328.2,4336.2,3087
2026-09-15T06:35:00+05:30,4336.5,4339.1,4333.3,4333.9,1716
2026-09-15T06:40:00+05:30,4333.9,4340.3,4333.9,4340,1136
2026-09-15T06:45:00+05:30,4339.7,4346.1,4339,4344.2,2040
2026-09-15T06:50:00+05:30,4344.4,4344.7,4341.8,4342.4,1175
2026-09-15T06:55:00+05:30,4342,4343.1,4340,4341.9,887
2026-09-15T07:00:00+05:30,4342,4347,4341.6,4342.4,1438
2026-09-15T07:05:00+05:30,4342.3,4342.6,4335.8,4337.2,1819
2026-09-15T07:10:00+05:30,4337.6,4339.8,4334.9,4338.4,1512
2026-09-15T07:15:00+05:30,4338.5,4341.8,4336.1,4340.2,1110
2026-09-15T07:20:00+05:30,4339.9,4340.4,4333.7,4339.4,1213
2026-09-15T07:25:00+05:30,4339.4,4345,4339,4344.2,1007
2026-09-15T07:30:00+05:30,4344.6,4351.9,4344.4,4347,2549
2026-09-15T07:35:00+05:30,4347,4349.1,4346,4347.7,1173
2026-09-15T07:40:00+05:30,4347.8,4348.3,4345.2,4347.2,632
2026-09-15T07:45:00+05:30,4347.5,4348.1,4345.7,4347.1,433
2026-09-15T07:50:00+05:30,4347.4,4349.2,4346.1,4348.6,425
2026-09-15T07:55:00+05:30,4348.5,4350.6,4348,4350.5,538
2026-09-15T08:00:00+05:30,4350.7,4353,4347.5,4352.2,1343
2026-09-15T08:05:00+05:30,4352.2,4356.1,4349.6,4355.8,1243
2026-09-15T08:10:00+05:30,4355.5,4357.8,4351.6,4352,1656
2026-09-15T08:15:00+05:30,4351.9,4358.1,4351.8,4357.4,967
2026-09-15T08:20:00+05:30,4357.3,4358.2,4352.1,4353,1011
2026-09-15T08:25:00+05:30,4352.7,4355.5,4352.5,4354.6,525
2026-09-15T08:30:00+05:30,4354.8,4355.2,4350.4,4352.8,939
2026-09-15T08:35:00+05:30,4352.9,4354.9,4351.8,4354.6,388
2026-09-15T08:40:00+05:30,4354.3,4354.9,4351,4351.3,357
2026-09-15T08:45:00+05:30,4351.5,4353.7,4350,4352.3,782
2026-09-15T08:50:00+05:30,4352.3,4355,4350.9,4351.4,740
2026-09-15T08:55:00+05:30,4351.4,4352.6,4350.3,4351.3,479
2026-09-15T09:00:00+05:30,4351.5,4353.7,4351.4,4353.4,403
2026-09-15T09:05:00+05:30,4353.6,4354.2,4349.5,4349.7,1081
2026-09-15T09:10:00+05:30,4349.8,4350.8,4348.5,4349.3,862
2026-09-15T09:15:00+05:30,4349.3,4350.8,4346.2,4346.3,873
2026-09-15T09:20:00+05:30,4346.2,4346.7,4344.1,4344.9,862
2026-09-15T09:25:00+05:30,4344.8,4345.8,4343.7,4344,609
2026-09-15T09:30:00+05:30,4344.2,4345.1,4342.8,4343.9,597
2026-09-15T09:35:00+05:30,4343.8,4346.9,4343.4,4346.4,921
2026-09-15T09:40:00+05:30,4346.3,4350.6,4345.1,4348.1,1040
2026-09-15T09:45:00+05:30,4348.2,4349.5,4344.1,4344.8,557
2026-09-15T09:50:00+05:30,4344.9,4345.8,4343.3,4343.7,511
2026-09-15T09:55:00+05:30,4343.7,4344.7,4343,4344.1,311
2026-09-15T10:00:00+05:30,4344.1,4344.9,4343,4343.2,289
2026-09-15T10:05:00+05:30,4343.3,4345.5,4341.1,4345.4,1019
2026-09-15T10:10:00+05:30,4345.4,4346.7,4344,4345.2,503
2026-09-15T10:15:00+05:30,4345.3,4347.7,4344.2,4345.7,550
2026-09-15T10:20:00+05:30,4345.6,4346.4,4344.4,4346,459
2026-09-15T10:25:00+05:30,4346,4348.3,4344.6,4345.1,562
2026-09-15T10:30:00+05:30,4344.8,4347.9,4342.6,4342.9,536
2026-09-15T10:35:00+05:30,4342.8,4343.9,4341.3,4342.1,598
2026-09-15T10:40:00+05:30,4342.1,4342.6,4340.2,4341.6,679
2026-09-15T10:45:00+05:30,4341.6,4341.9,4338.5,4340.2,804
2026-09-15T10:50:00+05:30,4340.4,4341.3,4337,4337.5,688
2026-09-15T10:55:00+05:30,4337.8,4338.5,4336.3,4337.3,574
2026-09-15T11:00:00+05:30,4337,4340.3,4329.2,4333.3,2514
2026-09-15T11:05:00+05:30,4333.4,4335,4331.6,4334.3,971
2026-09-15T11:10:00+05:30,4334.1,4337.4,4333.9,4336.3,830
2026-09-15T11:15:00+05:30,4336.4,4340.2,4334.3,4334.7,731
2026-09-15T11:20:00+05:30,4335,4339.2,4334.3,4335.4,557
2026-09-15T11:25:00+05:30,4335.1,4335.3,4331,4331.3,1045
2026-09-15T11:30:00+05:30,4331.2,4334.6,4330.7,4332,862
2026-09-15T11:35:00+05:30,4331.8,4331.8,4325.9,4328.9,1774
2026-09-15T11:40:00+05:30,4329.1,4330.8,4326,4330.2,912
2026-09-15T11:45:00+05:30,4330.1,4332.7,4329,4330.2,772
2026-09-15T11:50:00+05:30,4330.2,4332,4328.6,4329.9,518
2026-09-15T11:55:00+05:30,4329.9,4330.6,4327.2,4329.9,521
2026-09-15T12:00:00+05:30,4329.5,4329.7,4326,4327.2,572
2026-09-15T12:05:00+05:30,4327.1,4331.3,4327.1,4331.2,444
2026-09-15T12:10:00+05:30,4331,4331.2,4328.4,4330.7,547
2026-09-15T12:15:00+05:30,4330.9,4335.8,4330.5,4332.6,1502
2026-09-15T12:20:00+05:30,4332.6,4334.2,4332.2,4332.9,554
2026-09-15T12:25:00+05:30,4332.8,4335.6,4332.1,4333.5,789
2026-09-15T12:30:00+05:30,4333.4,4335.9,4329.6,4331.4,1287
2026-09-15T12:35:00+05:30,4331.5,4332.5,4328.8,4331,573
2026-09-15T12:40:00+05:30,4331.5,4332.2,4326.9,4328.1,609
2026-09-15T12:45:00+05:30,4328.4,4333,4328.1,4331.7,625
2026-09-15T12:50:00+05:30,4332.1,4332.1,4327.7,4329,575
2026-09-15T12:55:00+05:30,4329.3,4332.7,4328,4332.2,666
2026-09-15T13:00:00+05:30,4332.5,4333.4,4330,4330.8,349
2026-09-15T13:05:00+05:30,4330.4,4330.4,4325.2,4326.2,780
2026-09-15T13:10:00+05:30,4326,4327.2,4320.7,4324.3,1885
2026-09-15T13:15:00+05:30,4324.1,4330.7,4323.8,4325.5,1342
2026-09-15T13:20:00+05:30,4325.3,4325.6,4316.7,4318,1376
2026-09-15T13:25:00+05:30,4318.1,4321,4316.4,4320.8,951
2026-09-15T13:30:00+05:30,4320.8,4321,4306.3,4307.2,2480
2026-09-15T13:35:00+05:30,4307.3,4309.1,4304.3,4305.6,1774
2026-09-15T13:40:00+05:30,4305.1,4308.7,4303.8,4308.4,1462
2026-09-15T13:45:00+05:30,4308.3,4314.6,4307.5,4314.2,1175
2026-09-15T13:50:00+05:30,4314.3,4315.6,4311.9,4311.9,683
2026-09-15T13:55:00+05:30,4312.2,4316.2,4311.5,4313.4,944
2026-09-15T14:00:00+05:30,4313.8,4315.4,4312.1,4313.5,580
2026-09-15T14:05:00+05:30,4313.5,4315.4,4310.2,4311.4,644
2026-09-15T14:10:00+05:30,4311.3,4311.3,4307.5,4308.1,725
2026-09-15T14:15:00+05:30,4308.3,4310.3,4306.4,4307.2,439
2026-09-15T14:20:00+05:30,4307.4,4309,4306.6,4307.8,372
2026-09-15T14:25:00+05:30,4308,4309.2,4301.7,4303.1,1289
2026-09-15T14:30:00+05:30,4303.1,4307,4302,4306.6,1026
2026-09-15T14:35:00+05:30,4306.4,4308,4304.8,4306.1,783
2026-09-15T14:40:00+05:30,4306.2,4307.6,4303.8,4305.9,758
2026-09-15T14:45:00+05:30,4305.6,4308.4,4301.4,4302.6,968
2026-09-15T14:50:00+05:30,4302.5,4307,4302.1,4304.8,864
2026-09-15T14:55:00+05:30,4304.7,4309.8,4302.6,4306.9,949
2026-09-15T15:00:00+05:30,4306.8,4307.9,4304.7,4306.8,680
2026-09-15T15:05:00+05:30,4306.6,4309.5,4305.1,4309.1,547
2026-09-15T15:10:00+05:30,4308.6,4312.4,4308.2,4309.6,951
2026-09-15T15:15:00+05:30,4309.8,4312.9,4308.4,4310.4,660
2026-09-15T15:20:00+05:30,4310.7,4311.4,4308.5,4310.6,556
2026-09-15T15:25:00+05:30,4310.6,4311,4308.1,4308.6,363
2026-09-15T15:30:00+05:30,4308.8,4313.7,4308.6,4311.8,812
2026-09-15T15:35:00+05:30,4312.2,4316.4,4312.2,4314.5,1022
2026-09-15T15:40:00+05:30,4314.4,4318.5,4312.4,4313.5,1129
2026-09-15T15:45:00+05:30,4313.6,4313.7,4309.9,4311.8,580
2026-09-15T15:50:00+05:30,4311.9,4315.2,4310.5,4314.6,472
2026-09-15T15:55:00+05:30,4314.7,4314.8,4313.1,4314.6,310
2026-09-15T16:00:00+05:30,4314.5,4316.3,4313.7,4315.1,387
2026-09-15T16:05:00+05:30,4315.1,4316.5,4313.6,4314.1,374
2026-09-15T16:10:00+05:30,4314,4317.4,4313.5,4314.8,646
2026-09-15T16:15:00+05:30,4315.1,4317.6,4314.1,4317.2,464
2026-09-15T16:20:00+05:30,4317.2,4322.6,4317,4322.2,1292
2026-09-15T16:25:00+05:30,4322,4324,4321,4321.4,985
2026-09-15T16:30:00+05:30,4321.4,4322.3,4319.8,4320.6,604
2026-09-15T16:35:00+05:30,4320.4,4322.7,4318.7,4322.4,696
2026-09-15T16:40:00+05:30,4322.4,4324.2,4321.7,4324,653
2026-09-15T16:45:00+05:30,4323.9,4325.7,4323,4323.6,753
2026-09-15T16:50:00+05:30,4323.5,4325.4,4322.6,4324,618
2026-09-15T16:55:00+05:30,4323.9,4324.6,4322.3,4323.4,368
2026-09-15T17:00:00+05:30,4323.1,4324.3,4321.2,4324.3,469
2026-09-15T17:05:00+05:30,4324.5,4325,4320.2,4320.7,592
2026-09-15T17:10:00+05:30,4321,4323.7,4319.9,4322.5,543
2026-09-15T17:15:00+05:30,4322.6,4325.3,4322.4,4323.2,529
2026-09-15T17:20:00+05:30,4323.5,4324.9,4322.2,4322.9,379
2026-09-15T17:25:00+05:30,4322.4,4326.7,4322,4324.5,704
2026-09-15T17:30:00+05:30,4324.2,4324.8,4320.8,4324.4,975
2026-09-15T17:35:00+05:30,4324.5,4324.6,4316.6,4317.7,1135
2026-09-15T17:40:00+05:30,4317.5,4319.1,4315.6,4318.2,1101
2026-09-15T17:45:00+05:30,4318.2,4319.1,4313.3,4314,1358
2026-09-15T17:50:00+05:30,4313.8,4314.5,4310.9,4313.1,1455
2026-09-15T17:55:00+05:30,4313,4318,4312.3,4317.7,1133
2026-09-15T18:00:00+05:30,4317.3,4323.2,4314.4,4322.6,1728
2026-09-15T18:05:00+05:30,4322.6,4326,4318.7,4319.2,2238
2026-09-15T18:10:00+05:30,4319,4321.4,4317.7,4321,969
2026-09-15T18:15:00+05:30,4321,4330.9,4320.9,4330.5,3058
2026-09-15T18:20:00+05:30,4330.3,4334.3,4327.3,4333.6,2262
2026-09-15T18:25:00+05:30,4333.7,4335.9,4325.2,4330.2,3461
2026-09-15T18:30:00+05:30,4330,4334.6,4329.3,4332.9,2065
2026-09-15T18:35:00+05:30,4332.9,4333.2,4323.7,4325.4,2011
2026-09-15T18:40:00+05:30,4325.4,4329.7,4325.3,4326.8,1332
2026-09-15T18:45:00+05:30,4326.9,4330.2,4325.4,4327.6,936
2026-09-15T18:50:00+05:30,4327.4,4332.7,4322.7,4332.3,1961
2026-09-15T18:55:00+05:30,4332.4,4333.2,4326.6,4327.5,1406
2026-09-15T19:00:00+05:30,4327.4,4331.9,4324.1,4326.7,2353
2026-09-15T19:05:00+05:30,4326.9,4334.3,4326.1,4326.3,1961
2026-09-15T19:10:00+05:30,4326.3,4330.5,4324.8,4329.5,1235
2026-09-15T19:15:00+05:30,4329.2,4335.5,4328,4334.8,1953
2026-09-15T19:20:00+05:30,4335,4337.8,4331.8,4335.3,2244
2026-09-15T19:25:00+05:30,4335.3,4338.5,4334.1,4334.6,1451
2026-09-15T19:30:00+05:30,4334.7,4339.2,4333.9,4334.7,2263
2026-09-15T19:35:00+05:30,4334.8,4340.9,4333.4,4338,2169
2026-09-15T19:40:00+05:30,4337.8,4338.3,4333.2,4334.5,1501
2026-09-15T19:45:00+05:30,4334.6,4335.7,4329.4,4334.2,2081
2026-09-15T19:50:00+05:30,4334.1,4335.3,4325.8,4328.8,2222
2026-09-15T19:55:00+05:30,4329,4330,4321.5,4324.4,2152
2026-09-15T20:00:00+05:30,4324.3,4325.2,4319.4,4323.8,2618
2026-09-15T20:05:00+05:30,4323.8,4326.3,4315.6,4317.6,2608
2026-09-15T20:10:00+05:30,4317.7,4319.3,4316,4318.2,1244
2026-09-15T20:15:00+05:30,4318,4323,4316.7,4318.3,1894
2026-09-15T20:20:00+05:30,4317.9,4320.9,4313.1,4320,3222
2026-09-15T20:25:00+05:30,4320,4320.1,4314.4,4316.7,1547
2026-09-15T20:30:00+05:30,4316.9,4323.1,4316.2,4322.9,1438
2026-09-15T20:35:00+05:30,4322.8,4324.4,4320.6,4322.3,1170
2026-09-15T20:40:00+05:30,4322.1,4326.2,4321.4,4325.5,1193
2026-09-15T20:45:00+05:30,4325.3,4327.9,4323.4,4326.7,1348
2026-09-15T20:50:00+05:30,4326.5,4327.5,4322.3,4325.5,1173
2026-09-15T20:55:00+05:30,4325.6,4326.5,4323.1,4324,688
2026-09-15T21:00:00+05:30,4324.5,4326.1,4321.1,4325.2,1348
2026-09-15T21:05:00+05:30,4325.4,4328.4,4324.3,4328,1132
2026-09-15T21:10:00+05:30,4328.1,4331,4326.8,4328.1,1410
2026-09-15T21:15:00+05:30,4328,4329,4325.1,4326.5,837
2026-09-15T21:20:00+05:30,4326.7,4333.1,4326.7,4330.2,2194
2026-09-15T21:25:00+05:30,4330.1,4335.3,4328,4329.4,1488
2026-09-15T21:30:00+05:30,4329.5,4331.5,4327.9,4331.4,738
2026-09-15T21:35:00+05:30,4331.3,4331.9,4329,4330.7,564
2026-09-15T21:40:00+05:30,4330.7,4331.1,4326,4326.1,906
2026-09-15T21:45:00+05:30,4326.4,4328.7,4325.4,4328.6,655
2026-09-15T21:50:00+05:30,4328.7,4337,4327.9,4336.4,1887
2026-09-15T21:55:00+05:30,4336.8,4337.4,4334.7,4335.9,990
2026-09-15T22:00:00+05:30,4335.8,4338.2,4333,4333.2,1017
2026-09-15T22:05:00+05:30,4333,4336.2,4331.7,4335.2,1407
2026-09-15T22:10:00+05:30,4335,4337.2,4333.2,4336.9,552
2026-09-15T22:15:00+05:30,4336.9,4337.9,4335.2,4335.5,511
2026-09-15T22:20:00+05:30,4335.5,4338.6,4335.3,4337.7,810
2026-09-15T22:25:00+05:30,4337.8,4337.9,4335.1,4335.6,622
2026-09-15T22:30:00+05:30,4335.7,4336.9,4331.1,4331.8,1378
2026-09-15T22:35:00+05:30,4331.5,4334.2,4330.5,4333,769
2026-09-15T22:40:00+05:30,4333.1,4340,4333,4335.5,1477
2026-09-15T22:45:00+05:30,4335.4,4337.1,4334.1,4336.6,880
2026-09-15T22:50:00+05:30,4336.4,4337,4332.4,4333.6,787
2026-09-15T22:55:00+05:30,4333.5,4335.8,4331.9,4333.6,993
2026-09-15T23:00:00+05:30,4333.6,4338.8,4333.4,4337.7,922
2026-09-15T23:05:00+05:30,4337.8,4339.7,4335.9,4336.2,1153
2026-09-15T23:10:00+05:30,4336.3,4336.5,4332.6,4333.7,702
2026-09-15T23:15:00+05:30,4333.8,4336.6,4333.7,4335.7,448
2026-09-15T23:20:00+05:30,4335.5,4336.9,4334.3,4335.8,528
2026-09-15T23:25:00+05:30,4336,4336.3,4334.6,4335.5,386
2026-09-15T23:30:00+05:30,4335.5,4336.3,4332.9,4335.2,595
2026-09-15T23:35:00+05:30,4335.3,4339.1,4335.2,4336.7,905
2026-09-15T23:40:00+05:30,4336.9,4344.7,4336.3,4342.7,2026
2026-09-15T23:45:00+05:30,4342.8,4347.2,4342.3,4345.5,1797
2026-09-15T23:50:00+05:30,4345.6,4346,4343.7,4344.9,673
2026-09-15T23:55:00+05:30,4344.9,4346.7,4343.5,4345.1,642
2026-09-16T00:00:00+05:30,4344.8,4345,4341.9,4343.2,690
2026-09-16T00:05:00+05:30,4343.2,4344,4341.8,4343.8,303
2026-09-16T00:10:00+05:30,4343.6,4348.9,4343.3,4344.9,1438
2026-09-16T00:15:00+05:30,4345.2,4348.3,4344.2,4347.2,580
2026-09-16T00:20:00+05:30,4347.1,4350.6,4347,4348.9,1141
2026-09-16T00:25:00+05:30,4348.9,4349.1,4346.5,4348.5,598
2026-09-16T00:30:00+05:30,4348.7,4351,4344.6,4345,1030
2026-09-16T00:35:00+05:30,4344.8,4345.6,4342,4344,962
2026-09-16T00:40:00+05:30,4344,4344.7,4339.7,4339.8,1285
2026-09-16T00:45:00+05:30,4339.8,4342.1,4338.9,4339.9,772
2026-09-16T00:50:00+05:30,4339.9,4341.4,4337.7,4341,818
2026-09-16T00:55:00+05:30,4340.6,4341.5,4339.8,4340.7,292
2026-09-16T01:00:00+05:30,4340.6,4342.2,4338.3,4339.1,649
2026-09-16T01:05:00+05:30,4339.1,4339.6,4338,4338.5,372
2026-09-16T01:10:00+05:30,4338.6,4338.6,4336.2,4336.3,522
2026-09-16T01:15:00+05:30,4336.5,4339.8,4335.7,4338.4,807
2026-09-16T01:20:00+05:30,4338.4,4339.3,4335.1,4336.2,695
2026-09-16T01:25:00+05:30,4336.1,4337.8,4333.7,4337.5,1102
2026-09-16T01:30:00+05:30,4337.3,4339.2,4335.9,4336.5,707
2026-09-16T01:35:00+05:30,4336.2,4338,4335.4,4337.6,576
2026-09-16T01:40:00+05:30,4337.6,4338.4,4335.3,4336,364
2026-09-16T01:45:00+05:30,4336.1,4336.5,4335.1,4335.8,200
2026-09-16T01:50:00+05:30,4335.9,4336.7,4334.3,4334.9,331
2026-09-16T01:55:00+05:30,4334.7,4335.2,4333.8,4334.2,320
2026-09-16T02:00:00+05:30,4334.4,4336,4331.2,4332.3,805
2026-09-16T02:05:00+05:30,4332.5,4333,4331.5,4332.7,315
2026-09-16T02:10:00+05:30,4332.5,4333.5,4332,4332.9,251
2026-09-16T02:15:00+05:30,4332.7,4333.1,4332.3,4332.6,289
2026-09-16T02:20:00+05:30,4332.5,4334.4,4331.8,4332.7,456
2026-09-16T02:25:00+05:30,4332.5,4334.3,4332.4,4333.3,228
2026-09-16T03:30:00+05:30,4333.5,4337,4332.5,4334.8,677
2026-09-16T03:35:00+05:30,4334.8,4335.5,4334.2,4335.2,267
2026-09-16T03:40:00+05:30,4335,4335.5,4332.1,4332.5,422
2026-09-16T03:45:00+05:30,4332.6,4333.6,4331,4331.8,501
2026-09-16T03:50:00+05:30,4331.6,4334.6,4331.1,4334.1,626
2026-09-16T03:55:00+05:30,4334,4339.2,4333.7,4339,1237
2026-09-16T04:00:00+05:30,4339.1,4339.7,4335.4,4337.9,613
2026-09-16T04:05:00+05:30,4338,4338.7,4337.5,4338.4,322
2026-09-16T04:10:00+05:30,4338.2,4338.4,4334.9,4335.3,371
2026-09-16T04:15:00+05:30,4335.1,4336,4334.3,4334.4,420
2026-09-16T04:20:00+05:30,4334.5,4335.1,4333.1,4333.7,408
2026-09-16T04:25:00+05:30,4333.5,4333.9,4328.9,4329.4,1573
2026-09-16T04:30:00+05:30,4329.3,4329.7,4324.8,4325.3,1446
2026-09-16T04:35:00+05:30,4325.3,4327.5,4325.2,4325.8,512
2026-09-16T04:40:00+05:30,4326,4328.8,4325.3,4326.1,881
2026-09-16T04:45:00+05:30,4326.1,4327.4,4325.5,4327,432
2026-09-16T04:50:00+05:30,4327.1,4327.5,4324.3,4324.9,502
2026-09-16T04:55:00+05:30,4324.8,4326,4321.5,4324.6,1321
2026-09-16T05:00:00+05:30,4324.2,4328.1,4322.9,4327.1,1117
2026-09-16T05:05:00+05:30,4327.1,4327.7,4323.2,4325.6,1014
2026-09-16T05:10:00+05:30,4325.5,4326.4,4324.2,4325.5,486
2026-09-16T05:15:00+05:30,4325.3,4327.2,4324,4324.1,450
2026-09-16T05:20:00+05:30,4324.1,4325.4,4323.5,4324,613
2026-09-16T05:25:00+05:30,4324,4324,4320,4323.8,1289
2026-09-16T05:30:00+05:30,4323.9,4324.3,4320.7,4320.8,631
2026-09-16T05:35:00+05:30,4321,4325,4320.9,4322,756
2026-09-16T05:40:00+05:30,4322,4323.3,4320.4,4322.8,473
2026-09-16T05:45:00+05:30,4322.8,4326.2,4322,4325.8,890
2026-09-16T05:50:00+05:30,4325.8,4326.6,4323.6,4325.7,707
2026-09-16T05:55:00+05:30,4325.4,4325.7,4323.3,4324.5,390
2026-09-16T06:00:00+05:30,4324.5,4325.2,4318.3,4321.9,1200
2026-09-16T06:05:00+05:30,4321.5,4322.1,4319.6,4321.3,447
2026-09-16T06:10:00+05:30,4321.3,4325.9,4320.8,4323.7,1047
2026-09-16T06:15:00+05:30,4323.5,4325.3,4322.3,4323,585
2026-09-16T06:20:00+05:30,4322.9,4322.9,4317.6,4317.9,1424
2026-09-16T06:25:00+05:30,4317.9,4318.4,4315.1,4317.1,1753
2026-09-16T06:30:00+05:30,4317.1,4324.9,4316.1,4319.5,2726
2026-09-16T06:35:00+05:30,4319.5,4322.5,4317.5,4321.3,1163
2026-09-16T06:40:00+05:30,4321,4327.7,4318.8,4326.9,1585
2026-09-16T06:45:00+05:30,4327.1,4330,4324.1,4327,1980
2026-09-16T06:50:00+05:30,4327.2,4330.7,4327,4330.4,1460
2026-09-16T06:55:00+05:30,4330.3,4333.5,4328.7,4330.2,1538
2026-09-16T07:00:00+05:30,4330.1,4331.2,4327.3,4329.1,964
2026-09-16T07:05:00+05:30,4329.1,4329.7,4325.6,4325.7,983
2026-09-16T07:10:00+05:30,4325.6,4330.3,4325,4328.2,911
2026-09-16T07:15:00+05:30,4328.1,4328.6,4324.3,4327.5,920
2026-09-16T07:20:00+05:30,4327.5,4328.6,4323.2,4324.7,1158
2026-09-16T07:25:00+05:30,4324.7,4326.4,4319.5,4321.8,1345
2026-09-16T07:30:00+05:30,4321.8,4327,4321.1,4326.9,876
2026-09-16T07:35:00+05:30,4327.2,4329.1,4323.8,4328.5,1079
2026-09-16T07:40:00+05:30,4328.8,4334.7,4328.6,4331.9,1836
2026-09-16T07:45:00+05:30,4332,4334.7,4329.5,4331.3,1409
2026-09-16T07:50:00+05:30,4331.2,4335.5,4330.4,4335.4,734
2026-09-16T07:55:00+05:30,4335.4,4340.8,4334.9,4338.9,1751
2026-09-16T08:00:00+05:30,4338.9,4352.5,4338.4,4350.5,4396
2026-09-16T08:05:00+05:30,4350.6,4356.8,4349.6,4351.7,2810
2026-09-16T08:10:00+05:30,4351.9,4354.3,4351,4351,1367
2026-09-16T08:15:00+05:30,4351.5,4356.2,4350.6,4355.7,1471
2026-09-16T08:20:00+05:30,4355.5,4358.6,4353.9,4357.1,1880
2026-09-16T08:25:00+05:30,4357.3,4363.9,4356.4,4362.1,2827
2026-09-16T08:30:00+05:30,4362.2,4369.6,4361.7,4369,2806
2026-09-16T08:35:00+05:30,4369,4371.4,4366.2,4367.9,2237
2026-09-16T08:40:00+05:30,4367.9,4379.7,4366.8,4377.8,3416
2026-09-16T08:45:00+05:30,4378.2,4380.6,4376.2,4376.6,1811
2026-09-16T08:50:00+05:30,4376.7,4382,4376,4377.5,1976
2026-09-16T08:55:00+05:30,4377.5,4378.9,4372.5,4372.6,1791
2026-09-16T09:00:00+05:30,4372.6,4373.5,4369.5,4370.2,1718
2026-09-16T09:05:00+05:30,4370.4,4370.4,4366.9,4368.2,1218
2026-09-16T09:10:00+05:30,4368.4,4370.5,4366.5,4368,1043
2026-09-16T09:15:00+05:30,4367.7,4369.1,4363.9,4364.2,1274
2026-09-16T09:20:00+05:30,4364.2,4367.6,4362.7,4367.5,1005
2026-09-16T09:25:00+05:30,4367.4,4368.4,4365.9,4367.6,702
2026-09-16T09:30:00+05:30,4368,4369.5,4366.9,4368.6,588
2026-09-16T09:35:00+05:30,4368.6,4368.7,4366.3,4367.4,475
2026-09-16T09:40:00+05:30,4367.4,4368.8,4366.2,4367.6,381
2026-09-16T09:45:00+05:30,4367.7,4368.4,4364,4364.4,587
2026-09-16T09:50:00+05:30,4364.5,4369.3,4364.4,4367.5,707
2026-09-16T09:55:00+05:30,4367.3,4367.8,4365.9,4366.7,319
2026-09-16T10:00:00+05:30,4366.3,4369.1,4365.6,4365.9,532
2026-09-16T10:05:00+05:30,4366,4366.8,4365.3,4366.7,244
2026-09-16T10:10:00+05:30,4366.7,4367,4363.5,4363.7,380
2026-09-16T10:15:00+05:30,4363.6,4364.3,4361.7,4361.9,604
2026-09-16T10:20:00+05:30,4361.9,4362.8,4361.2,4362.1,402
2026-09-16T10:25:00+05:30,4362,4363.3,4361.5,4362.6,327
2026-09-16T10:30:00+05:30,4362.7,4363.8,4361.5,4363.5,489
2026-09-16T10:35:00+05:30,4363.8,4365.4,4363,4364.4,813
2026-09-16T10:40:00+05:30,4364.5,4365.3,4361.7,4362.3,675
2026-09-16T10:45:00+05:30,4362.2,4366.8,4362.2,4366.7,504
2026-09-16T10:50:00+05:30,4366.5,4367,4363.8,4364.3,488
2026-09-16T10:55:00+05:30,4364.4,4367.8,4364.2,4365.4,725
2026-09-16T11:00:00+05:30,4365.7,4370,4364.9,4369.2,1372
2026-09-16T11:05:00+05:30,4369.3,4371.4,4367.2,4369.3,779
2026-09-16T11:10:00+05:30,4369.6,4373.7,4368.5,4373.4,700
2026-09-16T11:15:00+05:30,4373.4,4374.2,4368.3,4369.3,925
2026-09-16T11:20:00+05:30,4369.2,4372.6,4369.2,4369.9,519
2026-09-16T11:25:00+05:30,4369.9,4371.4,4366.6,4366.8,605
2026-09-16T11:30:00+05:30,4366.8,4372.3,4362.2,4362.7,1641
2026-09-16T11:35:00+05:30,4362.8,4365.3,4361.7,4364.3,859
2026-09-16T11:40:00+05:30,4364.2,4367.7,4364.1,4365.8,684
2026-09-16T11:45:00+05:30,4365.8,4367.4,4364.9,4367.4,520
2026-09-16T11:50:00+05:30,4367.3,4370.3,4366.7,4368,802
2026-09-16T11:55:00+05:30,4368.1,4368.1,4365.6,4367.1,352
2026-09-16T12:00:00+05:30,4367.1,4367.6,4364.6,4365.1,416
2026-09-16T12:05:00+05:30,4364.9,4367,4364,4365.7,519
2026-09-16T12:10:00+05:30,4365.7,4368.4,4364.5,4368.1,389
2026-09-16T12:15:00+05:30,4368.1,4368.5,4365.4,4368.1,453
2026-09-16T12:20:00+05:30,4368,4371.1,4366.8,4368.5,615
2026-09-16T12:25:00+05:30,4368.6,4373.4,4368.6,4373,601
2026-09-16T12:30:00+05:30,4372.7,4376.2,4372,4374.7,864
2026-09-16T12:35:00+05:30,4374.8,4374.8,4370,4373.6,807
2026-09-16T12:40:00+05:30,4373.5,4375.6,4371.7,4375.4,503
2026-09-16T12:45:00+05:30,4375.8,4377.8,4373,4373.1,868
2026-09-16T12:50:00+05:30,4373.1,4376.5,4372,4374.5,462
2026-09-16T12:55:00+05:30,4374.1,4376.4,4372.8,4375.9,317
2026-09-16T13:00:00+05:30,4375.9,4377.4,4373.8,4375.7,433
2026-09-16T13:05:00+05:30,4376,4379,4375.8,4377.9,596
2026-09-16T13:10:00+05:30,4378.2,4379.5,4374.4,4375.7,720
2026-09-16T13:15:00+05:30,4376.2,4377.8,4373,4373.6,604
2026-09-16T13:20:00+05:30,4373.7,4373.8,4368.7,4369,922
2026-09-16T13:25:00+05:30,4368.7,4370.5,4368.1,4369,578
2026-09-16T13:30:00+05:30,4369.1,4369.4,4364.4,4365.6,1431
2026-09-16T13:35:00+05:30,4365.7,4366.3,4363.7,4364.5,505
2026-09-16T13:40:00+05:30,4364.7,4367.8,4362.5,4367.5,805
2026-09-16T13:45:00+05:30,4367.6,4376.4,4366.2,4372.2,1824
2026-09-16T13:50:00+05:30,4372,4377.7,4370.8,4374.9,1467
2026-09-16T13:55:00+05:30,4374.8,4375.1,4373,4374.3,501
2026-09-16T14:00:00+05:30,4374.5,4374.6,4366.1,4368.7,861
2026-09-16T14:05:00+05:30,4368.9,4369.9,4364.5,4365.3,641
2026-09-16T14:10:00+05:30,4365.2,4369.4,4363.9,4368.8,593
2026-09-16T14:15:00+05:30,4368.7,4369.8,4367.4,4367.7,445
2026-09-16T14:20:00+05:30,4367.4,4370.9,4365.3,4369.6,620
2026-09-16T14:25:00+05:30,4369.7,4372.2,4369.5,4371.1,452
2026-09-16T14:30:00+05:30,4371.2,4373.4,4370.4,4371.5,490
2026-09-16T14:35:00+05:30,4371.6,4373.5,4370.6,4372.3,317
2026-09-16T14:40:00+05:30,4372.4,4373.3,4371.6,4373,317
2026-09-16T14:45:00+05:30,4372.9,4375,4369.7,4370.9,738
2026-09-16T14:50:00+05:30,4370.6,4371.8,4368.1,4368.3,487
2026-09-16T14:55:00+05:30,4368.6,4374.6,4368.3,4370.3,1143
2026-09-16T15:00:00+05:30,4370.4,4376.3,4370.3,4374.7,749
2026-09-16T15:05:00+05:30,4374.9,4377.1,4373.7,4375.7,588
2026-09-16T15:10:00+05:30,4375.5,4378.3,4374.7,4376,583
2026-09-16T15:15:00+05:30,4376.1,4376.6,4372.1,4375.3,536
2026-09-16T15:20:00+05:30,4376,4376.8,4375.1,4376.3,311
2026-09-16T15:25:00+05:30,4376.4,4380.3,4375.9,4379.2,708
2026-09-16T15:30:00+05:30,4379.3,4383.6,4379.1,4379.9,1377
2026-09-16T15:35:00+05:30,4380,4386.9,4378.5,4386.5,1500
2026-09-16T15:40:00+05:30,4386.5,4390.3,4382.7,4384,1855
2026-09-16T15:45:00+05:30,4384,4385.5,4382.8,4384.1,1003
2026-09-16T15:50:00+05:30,4383.9,4387.4,4382.6,4383.1,607
2026-09-16T15:55:00+05:30,4383.2,4390,4381.8,4389.4,1386
2026-09-16T16:00:00+05:30,4389.4,4389.9,4386.9,4389.1,517
2026-09-16T16:05:00+05:30,4388.9,4390.8,4387.8,4389,522
2026-09-16T16:10:00+05:30,4389.3,4390.5,4388.5,4390.3,435
2026-09-16T16:15:00+05:30,4390.1,4390.8,4389,4389.9,455
2026-09-16T16:20:00+05:30,4390,4390.2,4386.5,4387.1,802
2026-09-16T16:25:00+05:30,4387.3,4393.2,4386.9,4392.3,973
2026-09-16T16:30:00+05:30,4392.1,4394.5,4389.5,4391.4,1784
2026-09-16T16:35:00+05:30,4391.1,4392.5,4389.5,4390.8,621
2026-09-16T16:40:00+05:30,4390.6,4392.1,4387.8,4388.1,678
2026-09-16T16:45:00+05:30,4388,4389.5,4387.2,4388.6,588
2026-09-16T16:50:00+05:30,4388.5,4390.2,4387.3,4389.6,494
2026-09-16T16:55:00+05:30,4389.6,4394.8,4389,4391.7,974
2026-09-16T17:00:00+05:30,4391.8,4392.5,4389.7,4392,532
2026-09-16T17:05:00+05:30,4391.7,4394.5,4389.4,4391.8,704
2026-09-16T17:10:00+05:30,4391.5,4392.2,4388.1,4391,967
2026-09-16T17:15:00+05:30,4391.1,4391.9,4387.7,4388.5,518
2026-09-16T17:20:00+05:30,4388.3,4389.2,4386.4,4388.4,678
2026-09-16T17:25:00+05:30,4388.5,4389.6,4382.7,4382.7,1304
2026-09-16T17:30:00+05:30,4382.9,4385,4381.5,4384.1,1159
2026-09-16T17:35:00+05:30,4384.1,4389.2,4383.2,4389,1378
2026-09-16T17:40:00+05:30,4388.4,4388.5,4384,4384.3,869
2026-09-16T17:45:00+05:30,4384.5,4386.8,4380.8,4383.4,1340
2026-09-16T17:50:00+05:30,4383.2,4383.2,4378.5,4379.6,1204
2026-09-16T17:55:00+05:30,4379.7,4382.3,4379.4,4381.5,810
2026-09-16T18:00:00+05:30,4380.9,4383.5,4375.2,4382.3,1853
2026-09-16T18:05:00+05:30,4382.7,4385.6,4379.6,4384.6,1251
2026-09-16T18:10:00+05:30,4384.2,4386.2,4382.6,4384.9,1068
2026-09-16T18:15:00+05:30,4384.7,4388.6,4383.5,4387.4,993
2026-09-16T18:20:00+05:30,4387,4389,4383.6,4386.3,1412
2026-09-16T18:25:00+05:30,4386.2,4390.2,4385.3,4388.4,1314
2026-09-16T18:30:00+05:30,4388.5,4391.4,4386.7,4387.8,1779
2026-09-16T18:35:00+05:30,4387.8,4392.1,4384.8,4389.6,1590
2026-09-16T18:40:00+05:30,4389.7,4398.7,4389,4397.6,3057
2026-09-16T18:45:00+05:30,4398.2,4401.8,4394.3,4394.9,3079
2026-09-16T18:50:00+05:30,4394.8,4397.3,4390.3,4394.8,2182
2026-09-16T18:55:00+05:30,4395.2,4396.7,4392.7,4393.3,967
2026-09-16T19:00:00+05:30,4393,4395.5,4389.3,4389.8,2203
2026-09-16T19:05:00+05:30,4389.9,4392,4386.3,4387,2199
2026-09-16T19:10:00+05:30,4387,4388.6,4381.4,4381.7,2667
2026-09-16T19:15:00+05:30,4381.8,4387.3,4381.8,4384.1,2307
2026-09-16T19:20:00+05:30,4384.3,4386.5,4378.7,4380,2099
2026-09-16T19:25:00+05:30,4380.1,4380.7,4376.2,4380.1,2111
2026-09-16T19:30:00+05:30,4379.9,4380.7,4370,4370,3655
2026-09-16T19:35:00+05:30,4370.1,4372.3,4365,4371,4429
2026-09-16T19:40:00+05:30,4371.2,4381.9,4371.1,4381.8,3593
2026-09-16T19:45:00+05:30,4381.8,4383,4373.6,4374.2,2437
2026-09-16T19:50:00+05:30,4374.1,4377.7,4372.3,4374.6,1513
2026-09-16T19:55:00+05:30,4374.6,4380,4373.5,4379.9,1538
2026-09-16T20:00:00+05:30,4379.7,4380.4,4376,4378.5,1384
2026-09-16T20:05:00+05:30,4378.3,4384.4,4378.3,4382.9,2060
2026-09-16T20:10:00+05:30,4382.9,4388.2,4381.9,4387.2,2054
2026-09-16T20:15:00+05:30,4387.3,4392.5,4386.9,4392.4,3180
2026-09-16T20:20:00+05:30,4392.4,4396.6,4390,4390.4,2857
2026-09-16T20:25:00+05:30,4390.3,4398.1,4389.4,4397,2221
2026-09-16T20:30:00+05:30,4397.1,4399.9,4392.5,4392.8,2556
2026-09-16T20:35:00+05:30,4392.8,4400.2,4391.6,4399.2,2843
2026-09-16T20:40:00+05:30,4399.1,4400.2,4394.9,4395.1,1770
2026-09-16T20:45:00+05:30,4395.3,4397.3,4393.3,4395.9,1512
2026-09-16T20:50:00+05:30,4395.6,4395.9,4391.6,4392,1224
2026-09-16T20:55:00+05:30,4392.1,4392.2,4385.6,4386.1,2331
2026-09-16T21:00:00+05:30,4386.4,4390.8,4384.6,4389.7,1896
2026-09-16T21:05:00+05:30,4390,4394.6,4389.1,4392,1626
2026-09-16T21:10:00+05:30,4392,4393.3,4391.3,4392.7,848
2026-09-16T21:15:00+05:30,4392.5,4404.5,4392,4395.2,4683
2026-09-16T21:20:00+05:30,4395.6,4397.4,4392.2,4393.7,1400
2026-09-16T21:25:00+05:30,4393.8,4395.7,4392,4394.6,1018
2026-09-16T21:30:00+05:30,4394.8,4395.1,4389.8,4390,1610
2026-09-16T21:35:00+05:30,4390.1,4391.8,4388.5,4391.5,935
2026-09-16T21:40:00+05:30,4391.7,4393.3,4390.2,4392,961
2026-09-16T21:45:00+05:30,4392.1,4394.2,4390.8,4391.4,713
2026-09-16T21:50:00+05:30,4391.6,4392,4388.4,4389.5,694
2026-09-16T21:55:00+05:30,4389.5,4390.2,4386,4387.7,1047
2026-09-16T22:00:00+05:30,4387.6,4390.1,4386.6,4389.9,821
2026-09-16T22:05:00+05:30,4389.6,4390.4,4387.2,4389,661
2026-09-16T22:10:00+05:30,4389.1,4390.2,4388.7,4389.3,337
2026-09-16T22:15:00+05:30,4389.3,4390.5,4387.8,4387.9,444
2026-09-16T22:20:00+05:30,4387.7,4387.8,4385.4,4387.6,715
2026-09-16T22:25:00+05:30,4387.6,4389.5,4387.2,4388.3,534
2026-09-16T22:30:00+05:30,4388.4,4388.6,4384.3,4386.7,958
2026-09-16T22:35:00+05:30,4386.6,4387.8,4384.8,4385,543
2026-09-16T22:40:00+05:30,4385.2,4385.7,4383.2,4385.3,639
2026-09-16T22:45:00+05:30,4384.9,4386.9,4384.6,4386.2,732
2026-09-16T22:50:00+05:30,4386.3,4386.7,4383.9,4385.9,455
2026-09-16T22:55:00+05:30,4386,4389.1,4385.7,4388.3,1105
2026-09-16T23:00:00+05:30,4388.4,4392.1,4387.5,4390.6,1034
2026-09-16T23:05:00+05:30,4390.5,4390.9,4385.1,4385.4,852
2026-09-16T23:10:00+05:30,4385.4,4386.9,4384.9,4385.5,583
2026-09-16T23:15:00+05:30,4385.5,4386.9,4384.2,4386,678
2026-09-16T23:20:00+05:30,4386.2,4392,4385.8,4389.6,1035
2026-09-16T23:25:00+05:30,4389.8,4411.5,4389.2,4402.9,2716
2026-09-16T23:30:00+05:30,4403,4414.1,4355.4,4366.6,16674
2026-09-16T23:35:00+05:30,4366.7,4387.7,4366.7,4372.8,5130
2026-09-16T23:40:00+05:30,4372.8,4376.5,4348.8,4352.2,7601
2026-09-16T23:45:00+05:30,4352,4363.8,4347.7,4360.2,5625
2026-09-16T23:50:00+05:30,4360,4365.9,4355,4356.3,3762
2026-09-16T23:55:00+05:30,4356.4,4364.7,4353.5,4364.1,3303
2026-09-17T00:00:00+05:30,4363.4,4365.4,4320.6,4325.7,12381
2026-09-17T00:05:00+05:30,4325,4333.1,4300,4331.9,12502
2026-09-17T00:10:00+05:30,4331.4,4351.8,4325.7,4341.8,8096
2026-09-17T00:15:00+05:30,4342.1,4348.2,4331,4333.6,5086
2026-09-17T00:20:00+05:30,4333.9,4337.6,4302.8,4306.4,8051
2026-09-17T00:25:00+05:30,4306.2,4313.1,4296,4301,7947
2026-09-17T00:30:00+05:30,4301,4326.8,4299.9,4313.2,7137
2026-09-17T00:35:00+05:30,4313.1,4313.2,4288.4,4289.9,9040
2026-09-17T00:40:00+05:30,4289.4,4292.1,4273.1,4291.5,10753
2026-09-17T00:45:00+05:30,4291.4,4296.3,4278.9,4287.4,5131
2026-09-17T00:50:00+05:30,4286.9,4291.9,4283.3,4291.9,2809
2026-09-17T00:55:00+05:30,4291.8,4296.9,4278.2,4292.9,4191
2026-09-17T01:00:00+05:30,4292.9,4302.8,4292.5,4302.5,3715
2026-09-17T01:05:00+05:30,4302.4,4305,4295.1,4302.5,2713
2026-09-17T01:10:00+05:30,4302.4,4310.3,4300.1,4303.7,2762
2026-09-17T01:15:00+05:30,4303.8,4310.8,4303.5,4309,2157
2026-09-17T01:20:00+05:30,4308.9,4315.5,4306.6,4312.4,2949
2026-09-17T01:25:00+05:30,4312.3,4313.3,4307.8,4311.2,1666
2026-09-17T01:30:00+05:30,4311.2,4312.9,4306.4,4310,1396
2026-09-17T01:35:00+05:30,4309.7,4311.2,4304.9,4306.7,825
2026-09-17T01:40:00+05:30,4306.8,4307.1,4302.7,4304.1,911
2026-09-17T01:45:00+05:30,4304.1,4307.9,4303,4305.8,664
2026-09-17T01:50:00+05:30,4305.8,4306.2,4299.8,4300.2,744
2026-09-17T01:55:00+05:30,4300.3,4300.9,4296.9,4299.6,848
2026-09-17T02:00:00+05:30,4299.7,4301.7,4297.5,4300.5,597
2026-09-17T02:05:00+05:30,4300.5,4304.2,4298.9,4303.8,616
2026-09-17T02:10:00+05:30,4303.9,4304.6,4300.7,4301.5,524
2026-09-17T02:15:00+05:30,4301.4,4305.6,4301.4,4304.8,419
2026-09-17T02:20:00+05:30,4304.9,4305,4299.8,4301.5,534
2026-09-17T02:25:00+05:30,4301.5,4303.4,4301.2,4302.2,369
2026-09-17T03:30:00+05:30,4303.6,4303.6,4296.6,4297.2,855
2026-09-17T03:35:00+05:30,4297.6,4299.9,4296.1,4298.3,493
2026-09-17T03:40:00+05:30,4298.2,4299.2,4296.1,4296.2,512
2026-09-17T03:45:00+05:30,4296.1,4296.9,4294.3,4296.7,501
2026-09-17T03:50:00+05:30,4296.4,4299.4,4296.4,4298.4,562
2026-09-17T03:55:00+05:30,4298.1,4300.6,4298.1,4299.2,449
2026-09-17T04:00:00+05:30,4299.3,4307.7,4299.2,4306.9,1134
2026-09-17T04:05:00+05:30,4306.9,4313.9,4306,4313,1587
2026-09-17T04:10:00+05:30,4313,4313,4310.5,4310.6,428
2026-09-17T04:15:00+05:30,4310.6,4311.6,4307.8,4307.9,613
2026-09-17T04:20:00+05:30,4307.8,4307.8,4303,4305.4,1060
2026-09-17T04:25:00+05:30,4305.5,4309.6,4303.9,4304.6,1117
2026-09-17T04:30:00+05:30,4304.1,4307.3,4299.9,4303,2207
2026-09-17T04:35:00+05:30,4303.1,4303.9,4296.2,4302.4,1644
2026-09-17T04:40:00+05:30,4302.4,4305.1,4299.1,4300.3,1277
2026-09-17T04:45:00+05:30,4300.6,4308.5,4299.6,4306.2,1059
2026-09-17T04:50:00+05:30,4307,4311,4306.7,4309.1,967
2026-09-17T04:55:00+05:30,4309.2,4310.1,4307.6,4309.9,617
2026-09-17T05:00:00+05:30,4309.7,4311.4,4308.1,4308.5,696
2026-09-17T05:05:00+05:30,4308.4,4309.8,4306.3,4309.1,714
2026-09-17T05:10:00+05:30,4309.2,4312.4,4306.7,4311.8,1627
2026-09-17T05:15:00+05:30,4311.8,4313.7,4309.4,4311.5,1326
2026-09-17T05:20:00+05:30,4311.7,4313.7,4309.3,4310.3,662
2026-09-17T05:25:00+05:30,4310,4312.2,4309.1,4309.4,474
2026-09-17T05:30:00+05:30,4309.8,4310.2,4304.3,4307,1300
2026-09-17T05:35:00+05:30,4307.2,4316.7,4306.6,4316.7,1425
2026-09-17T05:40:00+05:30,4316.2,4324.8,4316.2,4323.1,2828
2026-09-17T05:45:00+05:30,4322.8,4324.8,4319.5,4322.9,1122
2026-09-17T05:50:00+05:30,4322.5,4327.8,4322.3,4324.3,1608
2026-09-17T05:55:00+05:30,4324.6,4325.1,4321.3,4322.9,1036
2026-09-17T06:00:00+05:30,4322.9,4327.2,4320.2,4323.3,1002
2026-09-17T06:05:00+05:30,4323.4,4327.5,4321.8,4325.8,874
2026-09-17T06:10:00+05:30,4325.9,4330.6,4325.5,4326.8,1399
2026-09-17T06:15:00+05:30,4326.6,4327.7,4322.5,4322.7,776
2026-09-17T06:20:00+05:30,4322.7,4323.9,4316.8,4318.3,1540
2026-09-17T06:25:00+05:30,4318.1,4320.7,4315,4318.3,1782
2026-09-17T06:30:00+05:30,4318.3,4336.9,4318.3,4335.4,4887
2026-09-17T06:35:00+05:30,4335.8,4348.7,4335.1,4341.6,3774
2026-09-17T06:40:00+05:30,4341.4,4341.4,4332.9,4337,2268
2026-09-17T06:45:00+05:30,4336.8,4345,4336.3,4340.8,2094
2026-09-17T06:50:00+05:30,4340.8,4348.6,4339.2,4348,1730
2026-09-17T06:55:00+05:30,4347.8,4350.7,4346,4348.1,2211
2026-09-17T07:00:00+05:30,4348,4353.4,4346.5,4352,2089
2026-09-17T07:05:00+05:30,4352,4356,4348.9,4349.8,2553
2026-09-17T07:10:00+05:30,4349.9,4351,4346.6,4347.1,1791
2026-09-17T07:15:00+05:30,4347.1,4349.9,4344.6,4348.8,1781
2026-09-17T07:20:00+05:30,4348.7,4349.2,4342.9,4343.3,1138
2026-09-17T07:25:00+05:30,4343.3,4343.9,4335.9,4338.3,2364
2026-09-17T07:30:00+05:30,4338.3,4339.1,4335.2,4336.3,1566
2026-09-17T07:35:00+05:30,4336.5,4337.5,4323,4324.9,3591
2026-09-17T07:40:00+05:30,4325,4327.4,4318.8,4325.7,2784
2026-09-17T07:45:00+05:30,4325.7,4330.6,4325.2,4330.6,1674
2026-09-17T07:50:00+05:30,4330.6,4331.4,4328,4328.6,835
2026-09-17T07:55:00+05:30,4328.5,4330.7,4327.6,4330,610
2026-09-17T08:00:00+05:30,4330,4331.2,4322.9,4324.1,1656
2026-09-17T08:05:00+05:30,4324,4325.2,4321.1,4322,1395
2026-09-17T08:10:00+05:30,4321.7,4329.3,4319.6,4326.6,1631
2026-09-17T08:15:00+05:30,4326.7,4327.8,4320.5,4321.7,1091
2026-09-17T08:20:00+05:30,4321.8,4322.3,4312.7,4314.1,2185
2026-09-17T08:25:00+05:30,4314.2,4319.2,4311.9,4315.3,1694
2026-09-17T08:30:00+05:30,4315.3,4321.6,4315,4320.6,1423
2026-09-17T08:35:00+05:30,4320.3,4324.8,4319,4322.8,1068
2026-09-17T08:40:00+05:30,4322.8,4323.8,4319.9,4323.2,989
2026-09-17T08:45:00+05:30,4322.9,4325.2,4321.3,4324.7,800
2026-09-17T08:50:00+05:30,4324.4,4324.7,4320.9,4324,673
2026-09-17T08:55:00+05:30,4324.1,4324.9,4323,4323.8,512
2026-09-17T09:00:00+05:30,4324,4330.4,4323.7,4328.4,1777
2026-09-17T09:05:00+05:30,4328.4,4331.9,4327.8,4330.8,981
2026-09-17T09:10:00+05:30,4330.7,4334.7,4329.8,4334.2,1182
2026-09-17T09:15:00+05:30,4334.4,4335,4332,4334,1037
2026-09-17T09:20:00+05:30,4333.9,4335.6,4332.6,4334.9,547
2026-09-17T09:25:00+05:30,4334.8,4336,4334,4334.4,467
2026-09-17T09:30:00+05:30,4334.4,4334.6,4331.9,4332.6,725
2026-09-17T09:35:00+05:30,4332.6,4335.2,4331.3,4335,725
2026-09-17T09:40:00+05:30,4334.8,4334.8,4331,4332,562
2026-09-17T09:45:00+05:30,4332.1,4332.7,4330.6,4331.6,454
2026-09-17T09:50:00+05:30,4331.8,4334.2,4329.9,4332,577
2026-09-17T09:55:00+05:30,4332.2,4332.6,4329.4,4329.7,641
2026-09-17T10:00:00+05:30,4329.8,4331.9,4328.6,4329.8,483
2026-09-17T10:05:00+05:30,4329.9,4335.3,4329.9,4333.7,776
2026-09-17T10:10:00+05:30,4333.7,4335,4331.5,4333.9,537
2026-09-17T10:15:00+05:30,4333.7,4337.6,4333.6,4336,868
2026-09-17T10:20:00+05:30,4336,4337.3,4334,4335.8,901
2026-09-17T10:25:00+05:30,4335.7,4337.4,4334.3,4335.5,337
2026-09-17T10:30:00+05:30,4335.6,4337.9,4335.2,4336.5,383
2026-09-17T10:35:00+05:30,4336.7,4336.7,4335.2,4336,247
2026-09-17T10:40:00+05:30,4336,4336,4332.3,4332.5,688
2026-09-17T10:45:00+05:30,4332.7,4332.7,4326.8,4326.9,1091
2026-09-17T10:50:00+05:30,4326.8,4327,4323.8,4325.2,1179
2026-09-17T10:55:00+05:30,4325.4,4326.5,4324.4,4324.8,537
2026-09-17T11:00:00+05:30,4325.1,4335.5,4324.6,4333.1,1697
2026-09-17T11:05:00+05:30,4333.5,4335.9,4330.9,4335.5,966
2026-09-17T11:10:00+05:30,4335.5,4336.7,4332.6,4335.2,740
2026-09-17T11:15:00+05:30,4335.9,4337.8,4334.2,4335.9,822
2026-09-17T11:20:00+05:30,4336.1,4342,4336.1,4341.5,1370
2026-09-17T11:25:00+05:30,4341.5,4343.7,4340.4,4342.6,1057
2026-09-17T11:30:00+05:30,4342.6,4347.2,4342.3,4344.8,1557
2026-09-17T11:35:00+05:30,4344.8,4349.3,4344.2,4348.5,948
2026-09-17T11:40:00+05:30,4348.8,4351,4347.2,4350.6,1174
2026-09-17T11:45:00+05:30,4350.9,4351,4343.2,4346.1,1374
2026-09-17T11:50:00+05:30,4346.2,4347.4,4344,4345.7,618
2026-09-17T11:55:00+05:30,4346.1,4351.6,4345.6,4350.5,748
2026-09-17T12:00:00+05:30,4350.5,4354,4349.7,4351.3,1215
2026-09-17T12:05:00+05:30,4351.2,4351.5,4344.2,4344.9,1134
2026-09-17T12:10:00+05:30,4344.6,4348.3,4344.6,4347.8,710
2026-09-17T12:15:00+05:30,4347.8,4350.7,4345.7,4349,927
2026-09-17T12:20:00+05:30,4348.9,4349.8,4345.4,4348.7,687
2026-09-17T12:25:00+05:30,4348.9,4350.1,4347.2,4349.4,516
2026-09-17T12:30:00+05:30,4349.4,4352.4,4347.9,4350.6,705
2026-09-17T12:35:00+05:30,4350.4,4354.8,4350.4,4353.6,813
2026-09-17T12:40:00+05:30,4354.2,4362.3,4353.9,4361.9,2290
2026-09-17T12:45:00+05:30,4361.6,4368.6,4361.6,4362.6,2148
2026-09-17T12:50:00+05:30,4362.6,4364.5,4358,4363.8,1102
2026-09-17T12:55:00+05:30,4363.8,4368.9,4362.8,4368,1242
2026-09-17T13:00:00+05:30,4368.4,4373.7,4368.2,4371.4,1829
2026-09-17T13:05:00+05:30,4371.4,4373.4,4368.2,4373.3,1274
2026-09-17T13:10:00+05:30,4373.3,4374,4367.9,4370.4,812
2026-09-17T13:15:00+05:30,4370.5,4374.7,4368.6,4371.3,1307
2026-09-17T13:20:00+05:30,4371.2,4371.2,4366.3,4366.6,810
2026-09-17T13:25:00+05:30,4366.8,4367.3,4362.8,4366.5,1481
2026-09-17T13:30:00+05:30,4366.5,4367.3,4364.6,4366.2,724
2026-09-17T13:35:00+05:30,4366,4367.2,4365.2,4365.8,410
2026-09-17T13:40:00+05:30,4365.6,4366.2,4356.7,4359.6,1650
2026-09-17T13:45:00+05:30,4359.2,4361.1,4355.1,4356.1,955
2026-09-17T13:50:00+05:30,4355.7,4357.4,4353.7,4354.7,1052
2026-09-17T13:55:00+05:30,4355.5,4356.6,4354,4355.4,820
2026-09-17T14:00:00+05:30,4355.3,4356.8,4351.3,4356.8,1070
2026-09-17T14:05:00+05:30,4356.9,4359.1,4355.5,4358.1,868
2026-09-17T14:10:00+05:30,4358,4358.6,4352.6,4352.9,733
2026-09-17T14:15:00+05:30,4352.8,4352.8,4349.3,4351.1,1075
2026-09-17T14:20:00+05:30,4350.9,4353.3,4349.5,4352.2,612
2026-09-17T14:25:00+05:30,4352.1,4352.5,4349.6,4350.8,464
2026-09-17T14:30:00+05:30,4350.8,4355.1,4350.8,4354,903
2026-09-17T14:35:00+05:30,4353.9,4356.5,4353.5,4355.8,556
2026-09-17T14:40:00+05:30,4355.9,4358.6,4354.3,4355.2,994
2026-09-17T14:45:00+05:30,4355,4355.7,4350.5,4351,871
2026-09-17T14:50:00+05:30,4350.7,4352.5,4349.4,4350.6,684
2026-09-17T14:55:00+05:30,4350.5,4351.5,4344.7,4345.3,1435
2026-09-17T15:00:00+05:30,4345.2,4348.1,4343.7,4346.8,1254
2026-09-17T15:05:00+05:30,4346.6,4349.3,4345.6,4348.3,547
2026-09-17T15:10:00+05:30,4348,4350.2,4347.5,4348.5,471
2026-09-17T15:15:00+05:30,4348.2,4348.8,4345.5,4348.7,528
2026-09-17T15:20:00+05:30,4348.7,4350.4,4348,4350,456
2026-09-17T15:25:00+05:30,4350,4350.1,4344.5,4345.1,544
2026-09-17T15:30:00+05:30,4345.4,4348.4,4343.8,4346.9,699
2026-09-17T15:35:00+05:30,4346.6,4350.8,4346.3,4347.9,711
2026-09-17T15:40:00+05:30,4348.2,4353,4348.2,4349.2,784
2026-09-17T15:45:00+05:30,4349.5,4349.9,4345.7,4345.7,586
2026-09-17T15:50:00+05:30,4345.8,4352.5,4345.7,4352.3,471
2026-09-17T15:55:00+05:30,4352.7,4355.1,4351.9,4352.7,869
2026-09-17T16:00:00+05:30,4353.1,4354.8,4351.5,4354,490
2026-09-17T16:05:00+05:30,4354.1,4358.1,4354.1,4356.4,779
2026-09-17T16:10:00+05:30,4356.2,4357,4353.9,4355.7,475
2026-09-17T16:15:00+05:30,4355.7,4358.3,4355.6,4358,397
2026-09-17T16:20:00+05:30,4358.3,4363.4,4357.9,4361.3,1402
2026-09-17T16:25:00+05:30,4361.6,4364.9,4360.7,4363.9,673
2026-09-17T16:30:00+05:30,4364,4370.6,4363.2,4370,1837
2026-09-17T16:35:00+05:30,4370,4376.9,4368.4,4375.6,1770
2026-09-17T16:40:00+05:30,4375.6,4380,4370,4371.5,2202
2026-09-17T16:45:00+05:30,4371.8,4374.6,4366.2,4366.5,1572
2026-09-17T16:50:00+05:30,4366.3,4373.1,4366.2,4368.4,1097
2026-09-17T16:55:00+05:30,4368.4,4369,4366,4367.7,871
2026-09-17T17:00:00+05:30,4368.1,4368.7,4364.8,4365.5,897
2026-09-17T17:05:00+05:30,4365.8,4367.1,4363.3,4365.5,844
2026-09-17T17:10:00+05:30,4365.4,4367,4362.9,4364.4,733
2026-09-17T17:15:00+05:30,4364.5,4372.6,4364.2,4372.3,1140
2026-09-17T17:20:00+05:30,4372.3,4381.6,4371.1,4380.5,1997
2026-09-17T17:25:00+05:30,4380.3,4393.4,4379.6,4390,4368
2026-09-17T17:30:00+05:30,4389.9,4393.9,4383.8,4386,3942
2026-09-17T17:35:00+05:30,4386.2,4394.9,4385.4,4393.6,1915
2026-09-17T17:40:00+05:30,4393.5,4395.8,4391.3,4395.1,2087
2026-09-17T17:45:00+05:30,4395,4406.8,4393.5,4406,3334
2026-09-17T17:50:00+05:30,4406,4415.5,4403.3,4409.1,4188
2026-09-17T17:55:00+05:30,4409.4,4422.3,4407.4,4421.7,3266
2026-09-17T18:00:00+05:30,4421.3,4421.3,4408.1,4410.9,3899
2026-09-17T18:05:00+05:30,4410.8,4412.1,4403.8,4410.3,2579
2026-09-17T18:10:00+05:30,4410.2,4411.1,4400.8,4400.9,2162
2026-09-17T18:15:00+05:30,4401,4407.7,4399.4,4406.6,2072
2026-09-17T18:20:00+05:30,4406.9,4415.3,4406.9,4414.4,2017
2026-09-17T18:25:00+05:30,4414.4,4414.7,4410.5,4413.9,1380
2026-09-17T18:30:00+05:30,4413.9,4415,4405.5,4406.5,2931
2026-09-17T18:35:00+05:30,4406.5,4412.3,4404.3,4406.3,1664
2026-09-17T18:40:00+05:30,4406.6,4407.1,4400.6,4406.5,1842
2026-09-17T18:45:00+05:30,4406.6,4415.7,4406.1,4413.1,2025
2026-09-17T18:50:00+05:30,4413.2,4415.7,4406,4407.2,1708
2026-09-17T18:55:00+05:30,4407.3,4409.1,4405.2,4407.2,1032
2026-09-17T19:00:00+05:30,4407.5,4413,4403.6,4412.2,2420
2026-09-17T19:05:00+05:30,4412.6,4414.9,4401.6,4402.1,2897
2026-09-17T19:10:00+05:30,4401.9,4403.6,4396.7,4398.9,3617
2026-09-17T19:15:00+05:30,4398.9,4409.6,4395.7,4408.1,3751
2026-09-17T19:20:00+05:30,4408.2,4412.6,4406.4,4407.2,2170
2026-09-17T19:25:00+05:30,4407,4410.8,4405.1,4407.5,1180
2026-09-17T19:30:00+05:30,4407.4,4411,4405.1,4410.2,2112
2026-09-17T19:35:00+05:30,4410,4421,4407.1,4418.1,3895
2026-09-17T19:40:00+05:30,4417.8,4420.9,4409.2,4412.7,2748
2026-09-17T19:45:00+05:30,4412.4,4413.2,4406.5,4409.8,1771
2026-09-17T19:50:00+05:30,4409.9,4411.4,4406,4410.3,1176
2026-09-17T19:55:00+05:30,4410.5,4413.8,4406.8,4407.6,1321
2026-09-17T20:00:00+05:30,4407.8,4408.6,4402.5,4407,2186
2026-09-17T20:05:00+05:30,4407.8,4409,4401.5,4401.7,1426
2026-09-17T20:10:00+05:30,4401.6,4405.3,4400.1,4401.9,1530
2026-09-17T20:15:00+05:30,4402,4405.6,4398.6,4402,1627
2026-09-17T20:20:00+05:30,4402.3,4402.9,4396.1,4398,1564
2026-09-17T20:25:00+05:30,4397.9,4398.1,4392.5,4394.6,2202
2026-09-17T20:30:00+05:30,4394.6,4398,4391.8,4396.4,2105
2026-09-17T20:35:00+05:30,4396.3,4399.7,4395.7,4397.1,1279
2026-09-17T20:40:00+05:30,4396.7,4402.9,4393.8,4402.3,2154
2026-09-17T20:45:00+05:30,4402.3,4405.3,4400.5,4403.7,1839
2026-09-17T20:50:00+05:30,4403.7,4403.8,4399.3,4400.1,1265
2026-09-17T20:55:00+05:30,4400.3,4403.7,4396.7,4399.1,1531
2026-09-17T21:00:00+05:30,4399.4,4400.1,4396.1,4399.6,1090
2026-09-17T21:05:00+05:30,4399.4,4404.2,4398.5,4402.8,1321
2026-09-17T21:10:00+05:30,4402.7,4407.5,4402.7,4406.1,1290
2026-09-17T21:15:00+05:30,4405.9,4408,4403.4,4405.8,1470
2026-09-17T21:20:00+05:30,4405.5,4407.8,4404.3,4406.6,796
2026-09-17T21:25:00+05:30,4406.5,4410.2,4405.3,4409.9,901
2026-09-17T21:30:00+05:30,4410,4413.2,4408.7,4409.7,1878
2026-09-17T21:35:00+05:30,4409.8,4411.4,4407.2,4409.4,1456
2026-09-17T21:40:00+05:30,4409.7,4410.2,4406.8,4407.7,968
2026-09-17T21:45:00+05:30,4407.8,4408.5,4405.6,4407,739
2026-09-17T21:50:00+05:30,4407,4408.3,4405.7,4407.5,561
2026-09-17T21:55:00+05:30,4407.2,4408.1,4403.2,4407.3,1028
2026-09-17T22:00:00+05:30,4407.1,4407.3,4397.1,4398.1,1584
2026-09-17T22:05:00+05:30,4398.5,4400.7,4397.5,4399.5,1172
2026-09-17T22:10:00+05:30,4399.6,4400.2,4397.1,4399.7,776
2026-09-17T22:15:00+05:30,4399.6,4401.5,4397.4,4397.5,902
2026-09-17T22:20:00+05:30,4397.4,4400.7,4395.6,4400.2,1128
2026-09-17T22:25:00+05:30,4399.9,4402.5,4395.2,4402,2002
2026-09-17T22:30:00+05:30,4402.3,4404.5,4397.9,4402.2,1721
2026-09-17T22:35:00+05:30,4402.3,4405.9,4401.8,4403.7,916
2026-09-17T22:40:00+05:30,4403.5,4404,4400.4,4401.8,638
2026-09-17T22:45:00+05:30,4401.7,4403,4399.1,4399.8,611
2026-09-17T22:50:00+05:30,4400.2,4401.7,4397.5,4400,526
2026-09-17T22:55:00+05:30,4399.8,4402.4,4398.8,4400.2,909
2026-09-17T23:00:00+05:30,4400.4,4402.2,4400,4402.1,506
2026-09-17T23:05:00+05:30,4401.7,4403.7,4397.2,4397.7,744
2026-09-17T23:10:00+05:30,4397.7,4400.7,4397.5,4400.3,454
2026-09-17T23:15:00+05:30,4400.2,4400.7,4398.3,4399.1,340
2026-09-17T23:20:00+05:30,4399.1,4401.4,4399,4399.9,335
2026-09-17T23:25:00+05:30,4400,4401.5,4399.7,4400.7,353
2026-09-17T23:30:00+05:30,4401.2,4403.1,4399.8,4403.1,403
2026-09-17T23:35:00+05:30,4403.1,4404.9,4400.6,4401.9,713
2026-09-17T23:40:00+05:30,4402.1,4405.6,4401.1,4404.9,610
2026-09-17T23:45:00+05:30,4404.5,4405.8,4400.3,4400.9,663
2026-09-17T23:50:00+05:30,4401,4401.4,4397.1,4397.5,930
2026-09-17T23:55:00+05:30,4397.6,4399,4395.7,4396,709
2026-09-18T00:00:00+05:30,4396.4,4396.5,4389.2,4389.5,1865
2026-09-18T00:05:00+05:30,4389.3,4391.7,4388,4391.1,1451
2026-09-18T00:10:00+05:30,4390.9,4392.7,4390.2,4391.6,761
2026-09-18T00:15:00+05:30,4391.7,4392.3,4389.6,4391.7,881
2026-09-18T00:20:00+05:30,4391.5,4391.8,4388.6,4389.8,676
2026-09-18T00:25:00+05:30,4390,4391.4,4389.5,4390.9,458
2026-09-18T00:30:00+05:30,4391,4395.3,4390.8,4393.7,949
2026-09-18T00:35:00+05:30,4393.8,4395.6,4393.1,4394.1,596
2026-09-18T00:40:00+05:30,4394,4395.2,4392.7,4394.1,472
2026-09-18T00:45:00+05:30,4394.1,4394.2,4388.2,4391.4,1030
2026-09-18T00:50:00+05:30,4391.4,4391.4,4385.8,4386.8,1263
2026-09-18T00:55:00+05:30,4386.9,4389.1,4382.3,4382.6,1499
2026-09-18T01:00:00+05:30,4382.7,4386.3,4381.8,4383,1011
2026-09-18T01:05:00+05:30,4383,4384.2,4382,4383.7,572
2026-09-18T01:10:00+05:30,4383.7,4385,4383.5,4384.4,604
2026-09-18T01:15:00+05:30,4384.6,4386.8,4383.3,4384.6,1025
2026-09-18T01:20:00+05:30,4384.6,4388.9,4384.3,4387.4,937
2026-09-18T01:25:00+05:30,4387.2,4388.2,4385.1,4385.2,1054
2026-09-18T01:30:00+05:30,4385.7,4386.3,4383.3,4383.5,588
2026-09-18T01:35:00+05:30,4383.8,4385.4,4382.4,4384.3,460
2026-09-18T01:40:00+05:30,4384.2,4384.4,4381.2,4382.4,516
2026-09-18T01:45:00+05:30,4382.3,4384.3,4381.4,4382.5,429
2026-09-18T01:50:00+05:30,4382.5,4384.2,4382,4383.4,163
2026-09-18T01:55:00+05:30,4383.3,4385,4381.3,4381.3,450
2026-09-18T02:00:00+05:30,4381.8,4382.4,4379.3,4381,656
2026-09-18T02:05:00+05:30,4381,4382.2,4380.2,4382.1,356
2026-09-18T02:10:00+05:30,4381.9,4383.5,4380.8,4380.8,311
2026-09-18T02:15:00+05:30,4380.6,4382,4380.4,4381.7,262
2026-09-18T02:20:00+05:30,4381.6,4382.1,4379.9,4381.1,276
2026-09-18T02:25:00+05:30,4381.3,4382,4380.3,4380.6,307
2026-09-18T03:30:00+05:30,4381.3,4386.1,4380.7,4382,425
2026-09-18T03:35:00+05:30,4382,4382.7,4380.7,4382.1,279
2026-09-18T03:40:00+05:30,4381.6,4384.2,4380.6,4383.6,342
2026-09-18T03:45:00+05:30,4383.6,4384.1,4380.7,4380.9,391
2026-09-18T03:50:00+05:30,4380.7,4382.6,4380.5,4381.3,248
2026-09-18T03:55:00+05:30,4381.6,4383.7,4380.5,4383.6,446
2026-09-18T04:00:00+05:30,4383.7,4387.2,4383.4,4386.1,822
2026-09-18T04:05:00+05:30,4385.9,4389.1,4385.7,4387.9,874
2026-09-18T04:10:00+05:30,4387.6,4388,4383.2,4383.4,484
2026-09-18T04:15:00+05:30,4383.1,4384.2,4380.5,4381.2,696
2026-09-18T04:20:00+05:30,4381.1,4383.6,4380.1,4383.4,785
2026-09-18T04:25:00+05:30,4383.3,4385.1,4380.3,4383.2,946
2026-09-18T04:30:00+05:30,4383,4383.6,4380.6,4382.7,513
2026-09-18T04:35:00+05:30,4382.7,4383.8,4378.3,4383.3,1228
2026-09-18T04:40:00+05:30,4383.1,4385.2,4382.4,4384,613
2026-09-18T04:45:00+05:30,4384,4384.6,4380,4383.5,671
2026-09-18T04:50:00+05:30,4383.7,4386.7,4383.5,4385.6,876
2026-09-18T04:55:00+05:30,4385.3,4386.6,4381,4383,718
2026-09-18T05:00:00+05:30,4383.2,4384,4382.7,4383.7,215
2026-09-18T05:05:00+05:30,4383.5,4383.8,4382.3,4382.6,259
2026-09-18T05:10:00+05:30,4382.6,4383.6,4382,4383,274
2026-09-18T05:15:00+05:30,4383,4384.6,4382.2,4383.7,531
2026-09-18T05:20:00+05:30,4383.5,4386.6,4383.3,4386.3,435
2026-09-18T05:25:00+05:30,4386.4,4387.3,4384.2,4385.1,594
2026-09-18T05:30:00+05:30,4384.9,4385.4,4380.7,4383.8,1013
2026-09-18T05:35:00+05:30,4383.4,4385.8,4382.4,4385.7,570
2026-09-18T05:40:00+05:30,4385.8,4393.7,4385.3,4393.2,1960
2026-09-18T05:45:00+05:30,4393,4394.6,4391.3,4391.8,1101
2026-09-18T05:50:00+05:30,4391.7,4396.3,4389.4,4394.5,1639
2026-09-18T05:55:00+05:30,4394.5,4394.6,4389.8,4392.1,1055
2026-09-18T06:00:00+05:30,4392,4399.4,4391.7,4397.2,1497
2026-09-18T06:05:00+05:30,4397.2,4399,4395.4,4397.3,1037
2026-09-18T06:10:00+05:30,4397.2,4398.6,4396,4397.6,534
2026-09-18T06:15:00+05:30,4397.7,4398.3,4391.2,4392.6,1160
2026-09-18T06:20:00+05:30,4392.4,4394.6,4391.1,4392.4,764
2026-09-18T06:25:00+05:30,4392.4,4396.6,4391.7,4395,887
2026-09-18T06:30:00+05:30,4395.5,4403.5,4395.5,4401,3288
2026-09-18T06:35:00+05:30,4401.3,4404.8,4399.8,4400.2,2058
2026-09-18T06:40:00+05:30,4400.1,4401.1,4395.9,4396.9,1637
2026-09-18T06:45:00+05:30,4396.8,4401.1,4393,4399.2,1910
2026-09-18T06:50:00+05:30,4399.2,4403.4,4399.1,4400.6,1314
2026-09-18T06:55:00+05:30,4400.9,4402,4397.2,4398.4,668
2026-09-18T07:00:00+05:30,4398.3,4398.7,4389.9,4390.6,1664
2026-09-18T07:05:00+05:30,4390.3,4394,4389.1,4389.2,1524
2026-09-18T07:10:00+05:30,4389.2,4389.8,4385.9,4386,1584
2026-09-18T07:15:00+05:30,4386,4389.3,4384.1,4386.9,1689
2026-09-18T07:20:00+05:30,4387.1,4389.2,4382.3,4388.1,1562
2026-09-18T07:25:00+05:30,4387.9,4389,4386.9,4387.1,640
2026-09-18T07:30:00+05:30,4387.1,4388.3,4384.7,4387.4,923
2026-09-18T07:35:00+05:30,4387.1,4390.7,4386.9,4387.9,1312
2026-09-18T07:40:00+05:30,4388,4390.3,4385.6,4389.2,1032
2026-09-18T07:45:00+05:30,4389.2,4392,4387.4,4387.4,1092
2026-09-18T07:50:00+05:30,4387.5,4391.6,4386.5,4390.5,730
2026-09-18T07:55:00+05:30,4390.7,4392.8,4390.5,4391.8,864
2026-09-18T08:00:00+05:30,4392,4395.3,4390,4394.3,1670
2026-09-18T08:05:00+05:30,4394.5,4395.3,4388.6,4390.6,1175
2026-09-18T08:10:00+05:30,4390.7,4391.9,4388.7,4390.3,737
2026-09-18T08:15:00+05:30,4390.2,4394.5,4388.7,4393,850
2026-09-18T08:20:00+05:30,4393,4394.3,4387.1,4387.1,1245
2026-09-18T08:25:00+05:30,4387,4387.3,4381.2,4385.3,2076
2026-09-18T08:30:00+05:30,4385.2,4388.1,4383.1,4387.5,1098
2026-09-18T08:35:00+05:30,4387.6,4390.2,4383.7,4383.9,1239
2026-09-18T08:40:00+05:30,4384,4386.6,4382,4383.1,782
2026-09-18T08:45:00+05:30,4383.3,4383.4,4374.8,4375.6,3044
2026-09-18T08:50:00+05:30,4375.6,4379.3,4372.7,4374.5,1779
2026-09-18T08:55:00+05:30,4374.3,4379.3,4371.2,4379,1582
2026-09-18T09:00:00+05:30,4379.2,4389,4378.7,4388.6,2248
2026-09-18T09:05:00+05:30,4389,4392.2,4387.9,4391.1,2174
2026-09-18T09:10:00+05:30,4391.2,4397.3,4390.2,4395.9,1948
2026-09-18T09:15:00+05:30,4395.6,4399.7,4395.6,4397,1631
2026-09-18T09:20:00+05:30,4397.2,4398,4395.3,4397.3,1054
2026-09-18T09:25:00+05:30,4397.3,4399.4,4396,4398,830
2026-09-18T09:30:00+05:30,4397.6,4400.5,4396.3,4399.8,892
2026-09-18T09:35:00+05:30,4399.8,4400.2,4398.2,4398.3,616
2026-09-18T09:40:00+05:30,4398.7,4399.5,4395.7,4395.7,627
2026-09-18T09:45:00+05:30,4395.9,4396.1,4392.3,4392.4,1238
2026-09-18T09:50:00+05:30,4392.4,4395.5,4391.6,4394.6,774
2026-09-18T09:55:00+05:30,4394.7,4397.2,4394.1,4397.1,481
2026-09-18T10:00:00+05:30,4397.2,4400.5,4396.1,4397.7,999
2026-09-18T10:05:00+05:30,4397.5,4399.5,4397.4,4398.7,439
2026-09-18T10:10:00+05:30,4399.4,4405.1,4398.6,4403.8,1623
2026-09-18T10:15:00+05:30,4404,4406.6,4403.2,4404.7,1497
2026-09-18T10:20:00+05:30,4404.6,4406.9,4400.6,4401,1189
2026-09-18T10:25:00+05:30,4401.2,4406.9,4400.7,4406.7,953
2026-09-18T10:30:00+05:30,4406.7,4407.3,4403.5,4405.8,1259
2026-09-18T10:35:00+05:30,4405.7,4409.2,4403.6,4407.8,1145
2026-09-18T10:40:00+05:30,4407.7,4408.1,4405,4405.3,556
2026-09-18T10:45:00+05:30,4405.4,4409.3,4404.9,4408.6,786
2026-09-18T10:50:00+05:30,4408.5,4408.8,4405.7,4406.5,606
2026-09-18T10:55:00+05:30,4406.7,4406.9,4403.4,4404.3,726
2026-09-18T11:00:00+05:30,4404.5,4405.8,4400,4402.6,2636
2026-09-18T11:05:00+05:30,4402.6,4413,4402.6,4412.2,2070
2026-09-18T11:10:00+05:30,4412.2,4418.4,4410,4417,2269
2026-09-18T11:15:00+05:30,4417,4417.8,4410.4,4410.4,1678
2026-09-18T11:20:00+05:30,4410.5,4414.5,4410.2,4413.1,970
2026-09-18T11:25:00+05:30,4413.1,4417.6,4410.3,4416.7,982
2026-09-18T11:30:00+05:30,4416.9,4426.9,4416.7,4421.9,3523
2026-09-18T11:35:00+05:30,4421.7,4428.5,4418.6,4427,2046
2026-09-18T11:40:00+05:30,4426.9,4430.2,4425.7,4428.5,1417
2026-09-18T11:45:00+05:30,4428.5,4428.8,4421.5,4424.3,1636
2026-09-18T11:50:00+05:30,4424.5,4431.5,4424.1,4431,1257
2026-09-18T11:55:00+05:30,4431.1,4433.6,4430.6,4432.3,1484
2026-09-18T12:00:00+05:30,4431.9,4433.5,4430.4,4432.7,1179
2026-09-18T12:05:00+05:30,4432.7,4434.3,4431.5,4434.2,973
2026-09-18T12:10:00+05:30,4434.1,4436.7,4433.2,4435.9,1304
2026-09-18T12:15:00+05:30,4436,4437.1,4434.5,4435,1134
2026-09-18T12:20:00+05:30,4435.1,4435.2,4430.1,4430.8,1491
2026-09-18T12:25:00+05:30,4431.1,4434.1,4429.4,4433.1,1059
2026-09-18T12:30:00+05:30,4433.2,4435.7,4430.3,4431.2,1306
2026-09-18T12:35:00+05:30,4431.3,4435.6,4430.9,4433.7,813
2026-09-18T12:40:00+05:30,4433.8,4434.1,4428.7,4430.3,997
2026-09-18T12:45:00+05:30,4430.5,4434,4429.6,4432.7,977
2026-09-18T12:50:00+05:30,4432.8,4434.8,4431.5,4433.3,791
2026-09-18T12:55:00+05:30,4433.3,4435.9,4432.1,4435.5,617
2026-09-18T13:00:00+05:30,4435.6,4437.3,4431.8,4433.3,999
2026-09-18T13:05:00+05:30,4433.3,4437,4432,4433.9,835
2026-09-18T13:10:00+05:30,4433.9,4435.1,4431,4433.6,814
2026-09-18T13:15:00+05:30,4433.7,4438,4433.6,4437.4,789
2026-09-18T13:20:00+05:30,4437.4,4439.9,4435.2,4437.2,1254
2026-09-18T13:25:00+05:30,4437.1,4438,4432.4,4433.2,1024
2026-09-18T13:30:00+05:30,4433.4,4438.2,4432.7,4437.7,1070
2026-09-18T13:35:00+05:30,4437.7,4438.4,4434,4434.7,730
2026-09-18T13:40:00+05:30,4434.8,4435.1,4430.2,4430.3,1062
2026-09-18T13:45:00+05:30,4430.2,4432.6,4429.6,4431.4,793
2026-09-18T13:50:00+05:30,4431.5,4434.1,4429.5,4430.2,1204
2026-09-18T13:55:00+05:30,4430.5,4430.6,4427.5,4427.9,970
2026-09-18T14:00:00+05:30,4427.8,4428.9,4426,4427.8,1124
2026-09-18T14:05:00+05:30,4427.9,4429.9,4425.8,4426.6,716
2026-09-18T14:10:00+05:30,4426.7,4427,4424.7,4426.7,796
2026-09-18T14:15:00+05:30,4426.6,4428.9,4425.9,4426.9,590
2026-09-18T14:20:00+05:30,4426.8,4432.9,4426.7,4432.1,1136
2026-09-18T14:25:00+05:30,4432.1,4434.4,4431.7,4432.1,813
2026-09-18T14:30:00+05:30,4432.3,4435.3,4431.5,4435.2,633
2026-09-18T14:35:00+05:30,4435,4437.4,4434.2,4436.1,811
2026-09-18T14:40:00+05:30,4436.2,4438.4,4434.3,4434.4,824
2026-09-18T14:45:00+05:30,4434.7,4435.4,4432.7,4433.2,579
2026-09-18T14:50:00+05:30,4433.2,4435.1,4430.9,4431.2,644
2026-09-18T14:55:00+05:30,4431.1,4431.2,4425.7,4428.1,1334
2026-09-18T15:00:00+05:30,4427.9,4429.2,4425.5,4426,1098
2026-09-18T15:05:00+05:30,4425.8,4426.5,4421,4421.5,1234
2026-09-18T15:10:00+05:30,4421.6,4421.8,4416.6,4416.6,1569
2026-09-18T15:15:00+05:30,4416.6,4417.1,4413.1,4414.5,1693
2026-09-18T15:20:00+05:30,4414.7,4418.4,4414.3,4418.4,990
2026-09-18T15:25:00+05:30,4418.4,4418.4,4415.7,4416.5,593
2026-09-18T15:30:00+05:30,4416.4,4419.3,4415.5,4417,742
2026-09-18T15:35:00+05:30,4416.6,4419.7,4415.9,4419.1,547
2026-09-18T15:40:00+05:30,4418.9,4420,4417.9,4418.6,493
2026-09-18T15:45:00+05:30,4418.9,4419.7,4417.2,4419.4,439
2026-09-18T15:50:00+05:30,4419.5,4420.6,4417.8,4419.9,570
2026-09-18T15:55:00+05:30,4419.9,4421.4,4418.8,4421.4,587
2026-09-18T16:00:00+05:30,4421.4,4421.9,4418,4420.9,656
2026-09-18T16:05:00+05:30,4420.9,4421.9,4419.3,4420.7,537
2026-09-18T16:10:00+05:30,4420.3,4421.5,4418.6,4421.1,458
2026-09-18T16:15:00+05:30,4421.1,4421.3,4416.6,4418.6,710
2026-09-18T16:20:00+05:30,4418.6,4418.8,4415.7,4417.1,704
2026-09-18T16:25:00+05:30,4417,4421.5,4416.6,4421.3,699
2026-09-18T16:30:00+05:30,4421.3,4426.3,4420.5,4425.2,1484
2026-09-18T16:35:00+05:30,4425,4425.7,4416.9,4425,2277
2026-09-18T16:40:00+05:30,4425.1,4428.1,4424.6,4427.7,1016
2026-09-18T16:45:00+05:30,4427.5,4427.9,4420.3,4421,961
2026-09-18T16:50:00+05:30,4420.8,4423.2,4420.3,4420.9,471
2026-09-18T16:55:00+05:30,4421.1,4422.5,4417,4417.1,765
2026-09-18T17:00:00+05:30,4417.3,4420.7,4416.3,4419.6,954
2026-09-18T17:05:00+05:30,4419.9,4422.3,4417.6,4418.6,678
2026-09-18T17:10:00+05:30,4418.4,4418.9,4413.9,4415,972
2026-09-18T17:15:00+05:30,4415.1,4416.9,4413.4,4415.5,855
2026-09-18T17:20:00+05:30,4415.6,4415.7,4410.9,4412,1310
2026-09-18T17:25:00+05:30,4412.2,4421.2,4411.7,4420.8,1147
2026-09-18T17:30:00+05:30,4420.9,4422.2,4412.5,4419,2153
2026-09-18T17:35:00+05:30,4418.9,4420.9,4410.2,4413.9,1898
2026-09-18T17:40:00+05:30,4413.6,4413.9,4409.4,4412.2,1151
2026-09-18T17:45:00+05:30,4412.5,4415.8,4409.7,4410.2,1416
2026-09-18T17:50:00+05:30,4410.1,4410.1,4395.1,4395.6,4532
2026-09-18T17:55:00+05:30,4395.6,4399.2,4392.3,4397,3094
2026-09-18T18:00:00+05:30,4397,4409.8,4396.7,4409.4,3847
2026-09-18T18:05:00+05:30,4409.3,4412.1,4407.1,4407.3,2385
2026-09-18T18:10:00+05:30,4407.6,4409.7,4405.4,4407.9,1296
2026-09-18T18:15:00+05:30,4408.2,4409.7,4405.2,4407.9,1124
2026-09-18T18:20:00+05:30,4407.8,4409,4405.2,4407.4,786
2026-09-18T18:25:00+05:30,4407.6,4408.7,4405.1,4408,883
2026-09-18T18:30:00+05:30,4407.8,4412.6,4402.5,4409.8,3721
2026-09-18T18:35:00+05:30,4410.1,4414.6,4409.3,4411.6,2104
2026-09-18T18:40:00+05:30,4411.2,4412.2,4408.8,4410.2,1054
2026-09-18T18:45:00+05:30,4410.6,4413.7,4410.2,4410.8,1021
2026-09-18T18:50:00+05:30,4411.2,4411.4,4403.2,4404.1,1950
2026-09-18T18:55:00+05:30,4403.9,4406.9,4401.1,4406.1,1754
2026-09-18T19:00:00+05:30,4406.1,4406.6,4396.6,4396.9,2751
2026-09-18T19:05:00+05:30,4396.9,4399.1,4391.2,4397.8,3903
2026-09-18T19:10:00+05:30,4397.6,4397.6,4390.6,4392.2,2441
2026-09-18T19:15:00+05:30,4392.1,4397,4390.8,4393.3,2363
2026-09-18T19:20:00+05:30,4392.8,4395.9,4385.8,4388.2,4211
2026-09-18T19:25:00+05:30,4388.2,4391.1,4385.5,4387.8,2056
2026-09-18T19:30:00+05:30,4387.5,4394.7,4386.1,4394.5,3254
2026-09-18T19:35:00+05:30,4394.6,4394.8,4388.3,4390.6,2290
2026-09-18T19:40:00+05:30,4390.8,4394.7,4389.9,4390.1,1750
2026-09-18T19:45:00+05:30,4390,4393.7,4385.7,4386.6,2288
2026-09-18T19:50:00+05:30,4386.7,4391.8,4381.6,4390.8,3526
2026-09-18T19:55:00+05:30,4391,4392.8,4381.3,4381.5,2439
2026-09-18T20:00:00+05:30,4381.3,4386,4381,4385.6,1720
2026-09-18T20:05:00+05:30,4385.4,4392.6,4382.4,4391.5,2201
2026-09-18T20:10:00+05:30,4391.5,4393.4,4388.8,4391.9,1874
2026-09-18T20:15:00+05:30,4391.8,4394.3,4389.9,4393.2,1407
2026-09-18T20:20:00+05:30,4393,4400.2,4392.6,4396.6,3481
2026-09-18T20:25:00+05:30,4396.7,4398.9,4390.6,4391.3,1855
2026-09-18T20:30:00+05:30,4391.1,4394,4390.4,4391.9,1298
2026-09-18T20:35:00+05:30,4392,4394.9,4388.3,4388.3,1339
2026-09-18T20:40:00+05:30,4388.4,4391.5,4386,4390.4,2010
2026-09-18T20:45:00+05:30,4390.4,4393.8,4389.9,4393.6,1187
2026-09-18T20:50:00+05:30,4393.7,4393.7,4389.9,4392.6,828
2026-09-18T20:55:00+05:30,4392.4,4395.5,4391.9,4394.5,1102
2026-09-18T21:00:00+05:30,4394.6,4395.9,4391.6,4393.8,1194
2026-09-18T21:05:00+05:30,4394.2,4395.9,4389.2,4389.6,1184
2026-09-18T21:10:00+05:30,4389.6,4394.6,4387,4393.4,1700
2026-09-18T21:15:00+05:30,4393.1,4396.6,4392.6,4395.4,965
2026-09-18T21:20:00+05:30,4395.5,4396.4,4390.8,4391.8,837
2026-09-18T21:25:00+05:30,4392.1,4395.5,4391.8,4395,754
2026-09-18T21:30:00+05:30,4395.1,4395.8,4393,4395.1,679
2026-09-18T21:35:00+05:30,4395.3,4398.6,4395.1,4398.6,1101
2026-09-18T21:40:00+05:30,4398.4,4403.3,4397.7,4400.2,2183
2026-09-18T21:45:00+05:30,4400.1,4404.8,4398,4404.7,1524
2026-09-18T21:50:00+05:30,4404.5,4409.7,4404.3,4407.7,2512
2026-09-18T21:55:00+05:30,4407.6,4417,4405.5,4416.2,3242
2026-09-18T22:00:00+05:30,4416,4422.5,4412.8,4418.5,3729
2026-09-18T22:05:00+05:30,4418.5,4419.5,4415.5,4419.1,1628
2026-09-18T22:10:00+05:30,4418.8,4419.9,4415.9,4416.5,996
2026-09-18T22:15:00+05:30,4416.8,4419.3,4415.4,4417.4,1479
2026-09-18T22:20:00+05:30,4417.3,4420.1,4416.6,4419.6,952
2026-09-18T22:25:00+05:30,4419.8,4422.2,4418.9,4421,1489
2026-09-18T22:30:00+05:30,4421.1,4425.1,4419.9,4422.8,2169
2026-09-18T22:35:00+05:30,4422.8,4425.7,4422.7,4424.9,980
2026-09-18T22:40:00+05:30,4425,4425.5,4421.4,4424,2011
2026-09-18T22:45:00+05:30,4424,4427.7,4423.8,4424.4,1641
2026-09-18T22:50:00+05:30,4424.3,4424.5,4421.3,4421.8,1261
2026-09-18T22:55:00+05:30,4422.2,4425.8,4420.6,4425.1,1471
2026-09-18T23:00:00+05:30,4425.1,4431.6,4423.6,4431.4,2186
2026-09-18T23:05:00+05:30,4431.2,4434.6,4430.4,4432,1930
2026-09-18T23:10:00+05:30,4431.8,4435,4430.3,4431.3,1706
2026-09-18T23:15:00+05:30,4431.1,4434.4,4430.1,4433.4,1069
2026-09-18T23:20:00+05:30,4433.3,4435.2,4431.2,4431.4,839
2026-09-18T23:25:00+05:30,4431.5,4433.1,4431,4431.4,745
2026-09-18T23:30:00+05:30,4431.3,4432.4,4429.8,4430.8,1030
2026-09-18T23:35:00+05:30,4430.9,4432.9,4427.4,4428.6,1883
2026-09-18T23:40:00+05:30,4428.8,4431.6,4427.8,4430.7,1411
2026-09-18T23:45:00+05:30,4430.7,4431.3,4427.4,4429,735
2026-09-18T23:50:00+05:30,4429.1,4429.9,4427.8,4428.4,556
2026-09-18T23:55:00+05:30,4428.4,4429.6,4428.1,4429.2,528
2026-09-19T00:00:00+05:30,4429.3,4429.7,4425.7,4426.4,1011
2026-09-19T00:05:00+05:30,4426.3,4426.8,4423.3,4423.7,1148
2026-09-19T00:10:00+05:30,4423.8,4423.8,4419.3,4419.4,1850
2026-09-19T00:15:00+05:30,4419.5,4422.6,4418.9,4421.8,1670
2026-09-19T00:20:00+05:30,4422,4422.6,4419,4419.2,967
2026-09-19T00:25:00+05:30,4419,4420.9,4418.3,4420.8,928
2026-09-19T00:30:00+05:30,4420.8,4421.8,4417.7,4420.5,1488
2026-09-19T00:35:00+05:30,4420.6,4423.2,4420,4423,955
2026-09-19T00:40:00+05:30,4423,4424.6,4421.5,4422.8,927
2026-09-19T00:45:00+05:30,4422.8,4423.4,4419.9,4420.1,726
2026-09-19T00:50:00+05:30,4420.3,4421.8,4419.8,4420.7,706
2026-09-19T00:55:00+05:30,4420.6,4420.8,4416.9,4418.7,1046
2026-09-19T01:00:00+05:30,4418.7,4420.5,4418.1,4418.3,576
2026-09-19T01:05:00+05:30,4418.2,4420.6,4417.7,4419.7,567
2026-09-19T01:10:00+05:30,4419.9,4420.8,4419.1,4419.6,493
2026-09-19T01:15:00+05:30,4419.7,4421.5,4418.9,4420.7,770
2026-09-19T01:20:00+05:30,4420.6,4421.2,4415.3,4415.9,1232
2026-09-19T01:25:00+05:30,4416,4418,4413.5,4415.6,1846
2026-09-19T01:30:00+05:30,4415.6,4417.7,4414.4,4416,697
2026-09-19T01:35:00+05:30,4415.7,4417.6,4415.2,4416.6,392
2026-09-19T01:40:00+05:30,4416.8,4421.7,4416.7,4420,844
2026-09-19T01:45:00+05:30,4419.8,4420.1,4417.4,4418,368
2026-09-19T01:50:00+05:30,4417.9,4421.5,4417.9,4420.9,451
2026-09-19T01:55:00+05:30,4420.9,4421.4,4419,4419.3,227
2026-09-19T02:00:00+05:30,4419.4,4421.2,4419.2,4420.3,258
2026-09-19T02:05:00+05:30,4420.2,4420.4,4418.1,4418.2,299
2026-09-19T02:10:00+05:30,4418.3,4419.4,4417.2,4419,371
2026-09-19T02:15:00+05:30,4418.8,4418.8,4415.1,4416,436
2026-09-19T02:20:00+05:30,4416.1,4416.8,4414.5,4416.6,457
2026-09-19T02:25:00+05:30,4416.4,4417.5,4415.6,4416.4,378
2026-09-21T03:30:00+05:30,4412.7,4418,4409.3,4417.8,1461
2026-09-21T03:35:00+05:30,4417.9,4420.4,4412.2,4414.9,1282
2026-09-21T03:40:00+05:30,4414.9,4417.9,4414.8,4417.9,427
2026-09-21T03:45:00+05:30,4417.6,4417.6,4415.8,4416.3,424
2026-09-21T03:50:00+05:30,4416.3,4416.6,4412.6,4413,534
2026-09-21T03:55:00+05:30,4412.9,4415.5,4412.7,4414.2,525
2026-09-21T04:00:00+05:30,4414.1,4415.6,4413.4,4414.3,355
2026-09-21T04:05:00+05:30,4414.5,4416.4,4414,4415.2,394
2026-09-21T04:10:00+05:30,4415.1,4416,4412.8,4412.8,290
2026-09-21T04:15:00+05:30,4412.8,4414.1,4412,4412.8,378
2026-09-21T04:20:00+05:30,4412.8,4414,4412.2,4414,317
2026-09-21T04:25:00+05:30,4413.8,4415.4,4412,4412,536
2026-09-21T04:30:00+05:30,4412.1,4413.1,4411.7,4412.1,336
2026-09-21T04:35:00+05:30,4412.4,4412.4,4409.8,4411.6,720
2026-09-21T04:40:00+05:30,4411.7,4412,4409.1,4411.3,576
2026-09-21T04:45:00+05:30,4411.4,4412.4,4409.9,4412,319
2026-09-21T04:50:00+05:30,4412.1,4413.5,4410.9,4411.2,580
2026-09-21T04:55:00+05:30,4411.2,4413,4409.8,4412.8,377
2026-09-21T05:00:00+05:30,4412.5,4414.8,4411.7,4414,673
2026-09-21T05:05:00+05:30,4413.9,4415,4411.8,4413.6,683
2026-09-21T05:10:00+05:30,4413.2,4413.2,4409.5,4409.7,471
2026-09-21T05:15:00+05:30,4409.5,4411.1,4406.8,4410.4,1155
2026-09-21T05:20:00+05:30,4410.4,4412.2,4408,4409.3,834
2026-09-21T05:25:00+05:30,4409.6,4411.7,4408.8,4411.2,466
2026-09-21T05:30:00+05:30,4411.5,4411.6,4405.4,4407.1,1554
2026-09-21T05:35:00+05:30,4407.4,4410.9,4405.2,4405.6,1113
2026-09-21T05:40:00+05:30,4405.6,4406,4402.2,4402.8,1187
2026-09-21T05:45:00+05:30,4403,4403.1,4398.1,4399.7,1508
2026-09-21T05:50:00+05:30,4399.6,4404.9,4396.5,4404.2,1816
2026-09-21T05:55:00+05:30,4404.4,4408.1,4403.7,4406.3,1328
2026-09-21T06:00:00+05:30,4406,4408.6,4404,4407.9,1290
2026-09-21T06:05:00+05:30,4408.1,4412.7,4407.5,4411.9,1235
2026-09-21T06:10:00+05:30,4412,4414.3,4406.1,4407.2,1967
2026-09-21T06:15:00+05:30,4407.6,4409.6,4402.3,4403.2,1653
2026-09-21T06:20:00+05:30,4403.1,4406.1,4400,4403.7,2407
2026-09-21T06:25:00+05:30,4403.7,4407.7,4402.4,4404.9,1243
2026-09-21T06:30:00+05:30,4404.5,4414.5,4404.5,4410,2971
2026-09-21T06:35:00+05:30,4409.9,4418.9,4409.2,4418.8,2355
2026-09-21T06:40:00+05:30,4418.6,4419.3,4414.8,4419.1,1692
2026-09-21T06:45:00+05:30,4419.3,4422.2,4414.8,4416.1,2470
2026-09-21T06:50:00+05:30,4416,4417.7,4413.3,4416.4,1206
2026-09-21T06:55:00+05:30,4416.4,4418.8,4412.7,4413.3,1202
2026-09-21T07:00:00+05:30,4413.2,4418.5,4411.9,4416.9,1124
2026-09-21T07:05:00+05:30,4416.8,4417.9,4414,4416,750
2026-09-21T07:10:00+05:30,4416.1,4419.3,4414.9,4417.9,783
2026-09-21T07:15:00+05:30,4417.7,4421.6,4417.5,4418.1,1184
2026-09-21T07:20:00+05:30,4418.2,4419.9,4414.6,4417,895
2026-09-21T07:25:00+05:30,4417.1,4417.5,4413.9,4415.6,638
2026-09-21T07:30:00+05:30,4415.7,4416.2,4411.3,4414.5,1081
2026-09-21T07:35:00+05:30,4414.6,4414.8,4410.2,4413.7,1032
2026-09-21T07:40:00+05:30,4413.8,4413.9,4405.9,4406.9,1614
2026-09-21T07:45:00+05:30,4407,4407.9,4403.4,4404.3,1361
2026-09-21T07:50:00+05:30,4404.2,4404.5,4399,4401.4,1620
2026-09-21T07:55:00+05:30,4401.6,4407.7,4401.1,4407.2,1594
2026-09-21T08:00:00+05:30,4407.5,4411,4404.3,4405.2,2062
2026-09-21T08:05:00+05:30,4405.1,4408.4,4403.9,4406.4,1134
2026-09-21T08:10:00+05:30,4406.2,4407.7,4401.8,4404.1,1563
2026-09-21T08:15:00+05:30,4404.1,4408,4404,4406.2,657
2026-09-21T08:20:00+05:30,4406.2,4407,4402.7,4402.8,556
2026-09-21T08:25:00+05:30,4402.8,4404.8,4400.4,4401.4,871
2026-09-21T08:30:00+05:30,4401.4,4404.4,4396.6,4404.4,1734
2026-09-21T08:35:00+05:30,4404.6,4404.7,4396.6,4398.5,1278
2026-09-21T08:40:00+05:30,4398.5,4401.6,4398.2,4400.7,747
2026-09-21T08:45:00+05:30,4400.8,4403.4,4398.9,4401.8,820
2026-09-21T08:50:00+05:30,4401.5,4401.8,4398.4,4399.9,435
2026-09-21T08:55:00+05:30,4399.7,4400.2,4396.7,4397.7,474
2026-09-21T09:00:00+05:30,4397.5,4403.4,4397.2,4403.3,828
2026-09-21T09:05:00+05:30,4403.3,4405.6,4401.8,4403.5,884
2026-09-21T09:10:00+05:30,4403.5,4405.9,4403,4405,522
2026-09-21T09:15:00+05:30,4405,4406.1,4401,4401,705
2026-09-21T09:20:00+05:30,4400.7,4401.3,4393.5,4396.8,1462
2026-09-21T09:25:00+05:30,4396.7,4397.2,4395.2,4396.5,637
2026-09-21T09:30:00+05:30,4396.7,4398.8,4395.2,4395.4,910
2026-09-21T09:35:00+05:30,4395.4,4396.4,4392.5,4395.8,1068
2026-09-21T09:40:00+05:30,4395.9,4398.8,4395.5,4397.4,753
2026-09-21T09:45:00+05:30,4397.2,4402.2,4396.8,4401.9,950
2026-09-21T09:50:00+05:30,4401.9,4403,4401,4401.3,519
2026-09-21T09:55:00+05:30,4401.3,4402.9,4398.8,4398.9,661
2026-09-21T10:00:00+05:30,4399.2,4399.5,4395.4,4398.9,1091
2026-09-21T10:05:00+05:30,4399.1,4400.4,4398.2,4398.8,374
2026-09-21T10:10:00+05:30,4398.8,4400.8,4398.5,4399.3,687
2026-09-21T10:15:00+05:30,4399.3,4399.6,4397,4398.3,466
2026-09-21T10:20:00+05:30,4397.6,4397.7,4394.3,4394.5,510
2026-09-21T10:25:00+05:30,4394.6,4397.4,4392.2,4393.2,919
2026-09-21T10:30:00+05:30,4393,4394.6,4391.1,4392.8,912
2026-09-21T10:35:00+05:30,4392.6,4393.5,4391.3,4392.1,513
2026-09-21T10:40:00+05:30,4392,4393.4,4389.5,4393.2,960
2026-09-21T10:45:00+05:30,4393,4393.8,4391.1,4392.4,372
2026-09-21T10:50:00+05:30,4392.5,4398.3,4392.2,4397.2,990
2026-09-21T10:55:00+05:30,4397.1,4398.6,4394.3,4394.7,789
2026-09-21T11:00:00+05:30,4394.5,4399.4,4391.2,4392.6,1636
2026-09-21T11:05:00+05:30,4392.3,4394.7,4388.4,4393.8,1039
2026-09-21T11:10:00+05:30,4394.1,4395.7,4391.3,4391.9,409
2026-09-21T11:15:00+05:30,4392,4392,4387.2,4387.8,1161
2026-09-21T11:20:00+05:30,4387.7,4393.2,4386.3,4391.6,1100
2026-09-21T11:25:00+05:30,4391.3,4392.5,4388,4388,567
2026-09-21T11:30:00+05:30,4388,4391.1,4386.5,4389.4,821
2026-09-21T11:35:00+05:30,4389.1,4392.9,4388.7,4392.2,856
2026-09-21T11:40:00+05:30,4391.6,4393.3,4388.6,4390.5,695
2026-09-21T11:45:00+05:30,4390.9,4392,4385.7,4386,854
2026-09-21T11:50:00+05:30,4386,4388.4,4384.2,4384.5,1042
2026-09-21T11:55:00+05:30,4384.5,4386.4,4383.5,4384.4,798
2026-09-21T12:00:00+05:30,4384.4,4387.7,4384.4,4387.3,673
2026-09-21T12:05:00+05:30,4387.1,4389.3,4386.4,4388.9,538
2026-09-21T12:10:00+05:30,4388.8,4391.5,4388.2,4389.3,811
2026-09-21T12:15:00+05:30,4389.4,4392.4,4389.3,4391.7,738
2026-09-21T12:20:00+05:30,4391.7,4391.8,4387.7,4389.8,670
2026-09-21T12:25:00+05:30,4389.7,4392,4388.8,4391,430
2026-09-21T12:30:00+05:30,4390.8,4393.3,4383.1,4392.5,2058
2026-09-21T12:35:00+05:30,4392.6,4394,4388.3,4389.9,959
2026-09-21T12:40:00+05:30,4390.1,4391.2,4383.4,4390.3,1263
2026-09-21T12:45:00+05:30,4390.3,4393.2,4388.3,4391.2,1086
2026-09-21T12:50:00+05:30,4391.2,4391.7,4387.9,4389,597
2026-09-21T12:55:00+05:30,4389,4389.7,4384.4,4387.9,785
2026-09-21T13:00:00+05:30,4388.2,4390.2,4386.3,4390,463
2026-09-21T13:05:00+05:30,4389.7,4392.7,4387.3,4387.5,728
2026-09-21T13:10:00+05:30,4387.8,4388.1,4378.6,4384.5,2549
2026-09-21T13:15:00+05:30,4384.4,4387.3,4382.8,4384.4,837
2026-09-21T13:20:00+05:30,4384.2,4386.8,4383.6,4385.9,492
2026-09-21T13:25:00+05:30,4385.9,4386.3,4381.5,4381.5,577
2026-09-21T13:30:00+05:30,4381.5,4386.3,4380.7,4386.1,814
2026-09-21T13:35:00+05:30,4386.2,4388.9,4382.9,4384.2,948
2026-09-21T13:40:00+05:30,4384.2,4390.7,4383.9,4387.7,865
2026-09-21T13:45:00+05:30,4387.8,4392.5,4387.3,4391.4,690
2026-09-21T13:50:00+05:30,4391.5,4392.9,4389.9,4392.5,532
2026-09-21T13:55:00+05:30,4392.6,4393,4390.5,4390.7,494
2026-09-21T14:00:00+05:30,4390.4,4393.6,4388,4392.3,875
2026-09-21T14:05:00+05:30,4392.4,4394.6,4391.1,4392.8,679
2026-09-21T14:10:00+05:30,4393.1,4395.4,4390.5,4395,566
2026-09-21T14:15:00+05:30,4395.1,4395.1,4391.2,4393.5,506
2026-09-21T14:20:00+05:30,4393.4,4393.4,4388.4,4388.6,480
2026-09-21T14:25:00+05:30,4388.6,4391.1,4387,4390.7,686
2026-09-21T14:30:00+05:30,4390.8,4391.6,4386.7,4387.8,754
2026-09-21T14:35:00+05:30,4387.6,4391.4,4387.6,4390.7,457
2026-09-21T14:40:00+05:30,4390.7,4391.6,4389.7,4391.6,244
2026-09-21T14:45:00+05:30,4391.2,4392.5,4388.8,4388.9,456
2026-09-21T14:50:00+05:30,4389.1,4391.6,4387.5,4388.3,458
2026-09-21T14:55:00+05:30,4388.3,4388.3,4383.6,4383.7,819
2026-09-21T15:00:00+05:30,4383.8,4383.8,4376.5,4379.7,2257
2026-09-21T15:05:00+05:30,4379.9,4382.7,4377.6,4382,1030
2026-09-21T15:10:00+05:30,4381.7,4385.8,4380.1,4385.4,614
2026-09-21T15:15:00+05:30,4385.5,4386.4,4381.5,4382,583
2026-09-21T15:20:00+05:30,4381.7,4385.5,4381.6,4385,434
2026-09-21T15:25:00+05:30,4384.9,4385.1,4381.3,4384,413
2026-09-21T15:30:00+05:30,4383.4,4387.7,4383,4387.4,483
2026-09-21T15:35:00+05:30,4387.5,4390.2,4386.5,4388.8,771
2026-09-21T15:40:00+05:30,4388.9,4391.4,4387.9,4391.4,543
2026-09-21T15:45:00+05:30,4391.5,4394.8,4390.4,4390.9,952
2026-09-21T15:50:00+05:30,4390.8,4390.8,4388.3,4389,410
2026-09-21T15:55:00+05:30,4389.1,4390.3,4387.6,4388.5,395
2026-09-21T16:00:00+05:30,4388.5,4389.4,4387.6,4388.5,305
2026-09-21T16:05:00+05:30,4388.5,4390.3,4385.7,4386.2,585
2026-09-21T16:10:00+05:30,4386.1,4387.2,4385.5,4386.2,471
2026-09-21T16:15:00+05:30,4385.8,4388.5,4385.4,4385.6,481
2026-09-21T16:20:00+05:30,4385.8,4387.5,4384.8,4385.1,343
2026-09-21T16:25:00+05:30,4385,4386.2,4380.1,4380.3,693
2026-09-21T16:30:00+05:30,4380.2,4383.4,4379.5,4382.6,1297
2026-09-21T16:35:00+05:30,4382.6,4384,4381,4383.5,481
2026-09-21T16:40:00+05:30,4383.4,4386.3,4382.3,4386,540
2026-09-21T16:45:00+05:30,4386.3,4392.9,4386.3,4392.8,1272
2026-09-21T16:50:00+05:30,4392.8,4393.1,4389.8,4390.1,711
2026-09-21T16:55:00+05:30,4390.3,4391.6,4389.6,4391.3,370
2026-09-21T17:00:00+05:30,4391.2,4396.4,4389.6,4395.6,1014
2026-09-21T17:05:00+05:30,4395.7,4400.9,4395.2,4399.2,1563
2026-09-21T17:10:00+05:30,4399.1,4405.5,4397.8,4404.5,1283
2026-09-21T17:15:00+05:30,4404.6,4405.9,4402.7,4405,1036
2026-09-21T17:20:00+05:30,4405.1,4409.1,4403.4,4408.8,1343
2026-09-21T17:25:00+05:30,4408.8,4409.3,4404.2,4407.1,1137
2026-09-21T17:30:00+05:30,4407.3,4408.7,4400.1,4408.6,2043
2026-09-21T17:35:00+05:30,4408.6,4413.1,4405.2,4405.5,2026
2026-09-21T17:40:00+05:30,4405.3,4408.1,4404.6,4407.6,887
2026-09-21T17:45:00+05:30,4407.6,4409.2,4404.8,4405.4,826
2026-09-21T17:50:00+05:30,4405.3,4405.6,4392.5,4392.6,2453
2026-09-21T17:55:00+05:30,4392.7,4394.6,4388.8,4393.4,2237
2026-09-21T18:00:00+05:30,4393.2,4397.7,4391.6,4395.4,1652
2026-09-21T18:05:00+05:30,4395.4,4395.9,4388.9,4394.6,1559
2026-09-21T18:10:00+05:30,4394.5,4401.6,4393.3,4401,2082
2026-09-21T18:15:00+05:30,4400.9,4401.8,4393.1,4395.5,1393
2026-09-21T18:20:00+05:30,4395.9,4397.2,4393.9,4394.6,715
2026-09-21T18:25:00+05:30,4394.6,4399.4,4391.3,4397.4,1240
2026-09-21T18:30:00+05:30,4397.3,4398.8,4393.6,4395.2,1220
2026-09-21T18:35:00+05:30,4395.4,4402.4,4394.4,4399.8,1324
2026-09-21T18:40:00+05:30,4400,4402.3,4398.8,4401,924
2026-09-21T18:45:00+05:30,4401.2,4402.1,4398.4,4400.6,752
2026-09-21T18:50:00+05:30,4400.4,4404.3,4398.8,4403.2,989
2026-09-21T18:55:00+05:30,4403.3,4407.9,4401,4402.2,1596
2026-09-21T19:00:00+05:30,4402,4402.8,4390,4391.1,2779
2026-09-21T19:05:00+05:30,4391.1,4394.4,4389.3,4391.5,2024
2026-09-21T19:10:00+05:30,4391.6,4394.1,4386.6,4390.6,2345
2026-09-21T19:15:00+05:30,4390.6,4393.7,4386.8,4393.5,1427
2026-09-21T19:20:00+05:30,4393.7,4394.2,4385.7,4386.1,1624
2026-09-21T19:25:00+05:30,4386.3,4388.3,4383.4,4383.9,1862
2026-09-21T19:30:00+05:30,4383.9,4385,4363.1,4365.1,8952
2026-09-21T19:35:00+05:30,4365.3,4375.2,4360.6,4375.1,5450
2026-09-21T19:40:00+05:30,4375.1,4379.2,4372.8,4378.5,3049
2026-09-21T19:45:00+05:30,4378.3,4379.7,4374.1,4376,2054
2026-09-21T19:50:00+05:30,4376,4376.9,4372.1,4375.9,1819
2026-09-21T19:55:00+05:30,4375.7,4381.6,4374.4,4379.7,2237
2026-09-21T20:00:00+05:30,4379.6,4382.1,4373.8,4374,2241
2026-09-21T20:05:00+05:30,4374.2,4378.2,4372.8,4373,1478
2026-09-21T20:10:00+05:30,4373.4,4379.3,4369.7,4370.1,1982
2026-09-21T20:15:00+05:30,4370.3,4379.3,4370.1,4374.9,1706
2026-09-21T20:20:00+05:30,4374.6,4381,4374.4,4380.3,1173
2026-09-21T20:25:00+05:30,4380.3,4380.5,4373.5,4377,1424
2026-09-21T20:30:00+05:30,4377.2,4384.7,4377,4384.4,2188
2026-09-21T20:35:00+05:30,4384.6,4388.6,4383.3,4388.6,1830
2026-09-21T20:40:00+05:30,4388.6,4388.7,4385.1,4387.5,1131
2026-09-21T20:45:00+05:30,4387.7,4389.9,4386.4,4388.3,1149
2026-09-21T20:50:00+05:30,4388.4,4390.6,4386.7,4389.7,1085
2026-09-21T20:55:00+05:30,4389.9,4392.4,4388.2,4389.4,1245
2026-09-21T21:00:00+05:30,4389.6,4392.9,4388,4392.5,1191
2026-09-21T21:05:00+05:30,4392.3,4394.8,4388,4388.2,2298
2026-09-21T21:10:00+05:30,4388.3,4389.2,4386.3,4388.4,1174
2026-09-21T21:15:00+05:30,4388,4389.2,4385.6,4386.5,1104
2026-09-21T21:20:00+05:30,4386.6,4392.9,4384.5,4386.2,2022
2026-09-21T21:25:00+05:30,4386,4388.2,4384.9,4386.3,702
2026-09-21T21:30:00+05:30,4386.4,4389.8,4382.6,4388.9,1592
2026-09-21T21:35:00+05:30,4389,4395.2,4387,4392.5,2204
2026-09-21T21:40:00+05:30,4392.8,4394.5,4388.1,4390.3,1265
2026-09-21T21:45:00+05:30,4390.1,4395.9,4390,4395,1210
2026-09-21T21:50:00+05:30,4395.1,4395.3,4388.5,4389.1,1215
2026-09-21T21:55:00+05:30,4389.1,4389.9,4387.1,4389.1,771
2026-09-21T22:00:00+05:30,4389,4391.1,4387.7,4389.6,611
2026-09-21T22:05:00+05:30,4389.5,4389.5,4387.1,4387.5,578
2026-09-21T22:10:00+05:30,4387.7,4388.4,4381.2,4382.2,1590
2026-09-21T22:15:00+05:30,4382.1,4384.3,4381.3,4384.2,920
2026-09-21T22:20:00+05:30,4384.1,4385,4380.9,4382.1,1138
2026-09-21T22:25:00+05:30,4382.2,4383.7,4381,4381.3,642
2026-09-21T22:30:00+05:30,4381.5,4382.7,4379.7,4382,950
2026-09-21T22:35:00+05:30,4382.3,4384,4381.9,4383.9,588
2026-09-21T22:40:00+05:30,4384,4385.6,4383.1,4384.3,689
2026-09-21T22:45:00+05:30,4384.3,4384.9,4380,4380.5,989
2026-09-21T22:50:00+05:30,4380.5,4382.3,4378.7,4381,1185
2026-09-21T22:55:00+05:30,4381.4,4385.1,4380.4,4384.4,1004
2026-09-21T23:00:00+05:30,4384.3,4385.1,4376.2,4377.1,2153
2026-09-21T23:05:00+05:30,4376.9,4378.7,4375.6,4376.9,789
2026-09-21T23:10:00+05:30,4376.9,4381,4376.7,4379,794
2026-09-21T23:15:00+05:30,4378.8,4381.5,4377.6,4381.5,586
2026-09-21T23:20:00+05:30,4381.3,4383.5,4380.8,4382.1,643
2026-09-21T23:25:00+05:30,4382,4384.7,4381.6,4382.7,749
2026-09-21T23:30:00+05:30,4382.8,4384.8,4382.1,4383.8,601
2026-09-21T23:35:00+05:30,4383.9,4389.1,4383.6,4389.1,1382
2026-09-21T23:40:00+05:30,4388.8,4389.8,4386.5,4388.3,730
2026-09-21T23:45:00+05:30,4388.4,4391,4388,4389.1,729
2026-09-21T23:50:00+05:30,4389.2,4390.4,4388.7,4389,742
2026-09-21T23:55:00+05:30,4388.9,4389.8,4387.1,4389,743
2026-09-22T00:00:00+05:30,4389.2,4390.2,4387.8,4388,602
2026-09-22T00:05:00+05:30,4387.9,4388.2,4385.3,4385.9,747
2026-09-22T00:10:00+05:30,4386.1,4386.2,4384.2,4385.5,640
2026-09-22T00:15:00+05:30,4385.6,4386.8,4384.9,4386.2,499
2026-09-22T00:20:00+05:30,4386.2,4387.3,4385.4,4385.8,496
2026-09-22T00:25:00+05:30,4385.6,4386.8,4383.7,4384.4,763
2026-09-22T00:30:00+05:30,4384.5,4384.5,4380.2,4381.7,947
2026-09-22T00:35:00+05:30,4381.5,4384.2,4380.5,4384,508
2026-09-22T00:40:00+05:30,4384.2,4385.2,4382.5,4383.6,520
2026-09-22T00:45:00+05:30,4383.6,4384.7,4382.8,4383,349
2026-09-22T00:50:00+05:30,4383.2,4385,4383,4384,227
2026-09-22T00:55:00+05:30,4384.1,4388.9,4383.3,4386.9,728
2026-09-22T01:00:00+05:30,4387,4391.5,4386.8,4390.4,1073
2026-09-22T01:05:00+05:30,4390.4,4392,4389.1,4391,686
2026-09-22T01:10:00+05:30,4391.2,4391.6,4385.4,4385.9,889
2026-09-22T01:15:00+05:30,4386.1,4386.4,4383.8,4383.9,744
2026-09-22T01:20:00+05:30,4384,4384.6,4382.5,4384.4,812
2026-09-22T01:25:00+05:30,4384.3,4384.4,4382.5,4383,658
2026-09-22T01:30:00+05:30,4383,4383.3,4379.4,4381,772
2026-09-22T01:35:00+05:30,4381,4382,4381,4381.8,277
2026-09-22T01:40:00+05:30,4381.5,4382,4379.5,4379.8,279
2026-09-22T01:45:00+05:30,4379.7,4379.9,4378.1,4378.7,341
2026-09-22T01:50:00+05:30,4378.7,4379.8,4378.5,4378.8,300
2026-09-22T01:55:00+05:30,4378.8,4379.6,4377.8,4378.6,299
2026-09-22T02:00:00+05:30,4378.6,4379.2,4377.5,4378.4,361
2026-09-22T02:05:00+05:30,4378.7,4380.9,4378.3,4380,510
2026-09-22T02:10:00+05:30,4379.9,4381.1,4379.6,4380.3,239
2026-09-22T02:15:00+05:30,4380.3,4380.5,4378.7,4379.7,251
2026-09-22T02:20:00+05:30,4379.7,4382.3,4379.7,4381.8,226
2026-09-22T02:25:00+05:30,4381.9,4382.2,4381.2,4381.4,290
2026-09-22T03:30:00+05:30,4382.3,4386.6,4381.4,4385.9,780
2026-09-22T03:35:00+05:30,4385.7,4387.9,4384,4386.9,648
2026-09-22T03:40:00+05:30,4387.1,4388.2,4386.6,4387.3,368
2026-09-22T03:45:00+05:30,4387.3,4390.3,4386.5,4389.9,550
2026-09-22T03:50:00+05:30,4389.9,4390.8,4388.3,4389.8,405
2026-09-22T03:55:00+05:30,4389.7,4390.5,4387.6,4390,698
2026-09-22T04:00:00+05:30,4390.2,4390.7,4388.7,4389,401
2026-09-22T04:05:00+05:30,4389.1,4390,4388.9,4389.8,230
2026-09-22T04:10:00+05:30,4389.6,4390.5,4389,4390.1,208
2026-09-22T04:15:00+05:30,4390.1,4397.4,4390,4397.2,1483
2026-09-22T04:20:00+05:30,4397.2,4400.4,4397,4400.1,846
2026-09-22T04:25:00+05:30,4400.3,4403,4398.3,4398.5,1464
2026-09-22T04:30:00+05:30,4398.8,4403.9,4397.6,4403.1,1189
2026-09-22T04:35:00+05:30,4402.9,4403.1,4400.7,4402,491
2026-09-22T04:40:00+05:30,4402,4403.6,4397.1,4397.1,1046
2026-09-22T04:45:00+05:30,4397.1,4402.8,4396.8,4399.2,1011
2026-09-22T04:50:00+05:30,4398.9,4399.9,4396.1,4397.8,977
2026-09-22T04:55:00+05:30,4397.7,4398.3,4395.2,4397.1,888
2026-09-22T05:00:00+05:30,4397.3,4399,4395.5,4397.8,870
2026-09-22T05:05:00+05:30,4397.7,4403.4,4396.4,4402.4,1607
2026-09-22T05:10:00+05:30,4402.7,4408.6,4402.3,4406.5,1810
2026-09-22T05:15:00+05:30,4406.6,4408.7,4404.4,4405.8,952
2026-09-22T05:20:00+05:30,4405.7,4405.8,4401.8,4403.8,1183
2026-09-22T05:25:00+05:30,4403.8,4408.4,4403.6,4406.8,1076
2026-09-22T05:30:00+05:30,4407,4414,4405,4410.4,2850
2026-09-22T05:35:00+05:30,4410.6,4412.2,4407.6,4412,1408
2026-09-22T05:40:00+05:30,4412.4,4413,4407.6,4407.9,935
2026-09-22T05:45:00+05:30,4407.8,4407.8,4396.2,4398.5,2620
2026-09-22T05:50:00+05:30,4398.4,4400.6,4396.3,4399.2,1179
2026-09-22T05:55:00+05:30,4398.9,4399.2,4395.6,4396.2,1006
2026-09-22T06:00:00+05:30,4395.8,4397.2,4394.1,4395.2,1279
2026-09-22T06:05:00+05:30,4394.8,4395.1,4386.6,4386.9,2296
2026-09-22T06:10:00+05:30,4387.1,4393.3,4385.8,4392.7,2432
2026-09-22T06:15:00+05:30,4393.1,4394.9,4390.6,4393.8,1472
2026-09-22T06:20:00+05:30,4393.5,4397.4,4392.6,4396,1165
2026-09-22T06:25:00+05:30,4395.9,4398,4394.1,4397.6,1148
2026-09-22T06:30:00+05:30,4397.6,4400.8,4392.9,4398.8,3655
2026-09-22T06:35:00+05:30,4398.9,4402.7,4395.4,4397.4,2071
2026-09-22T06:40:00+05:30,4397.5,4399.1,4390,4390.8,2212
2026-09-22T06:45:00+05:30,4390.7,4393.3,4387,4391.1,1786
2026-09-22T06:50:00+05:30,4391.1,4394.4,4386.8,4392.1,1472
2026-09-22T06:55:00+05:30,4392.4,4396.3,4391.3,4393.3,1027
2026-09-22T07:00:00+05:30,4393,4393.8,4389.2,4393,1023
2026-09-22T07:05:00+05:30,4392.7,4394,4390.3,4392.9,732
2026-09-22T07:10:00+05:30,4392.7,4394.8,4386.4,4386.5,1145
2026-09-22T07:15:00+05:30,4386.7,4388.6,4380.7,4383.4,2455
2026-09-22T07:20:00+05:30,4383.3,4385.7,4380.7,4385.3,1284
2026-09-22T07:25:00+05:30,4385.5,4387,4383.8,4385.8,962
2026-09-22T07:30:00+05:30,4386.1,4390.6,4384.7,4390.5,1336
2026-09-22T07:35:00+05:30,4390.3,4390.4,4380,4380.6,1277
2026-09-22T07:40:00+05:30,4380.7,4382.2,4378.5,4379.6,1364
2026-09-22T07:45:00+05:30,4379.7,4381.3,4376.3,4380.4,1536
2026-09-22T07:50:00+05:30,4380.5,4385.6,4380.3,4384.6,1157
2026-09-22T07:55:00+05:30,4384.6,4389.5,4384.4,4388.8,1011
2026-09-22T08:00:00+05:30,4388.9,4392.9,4385.8,4392.1,2188
2026-09-22T08:05:00+05:30,4391.8,4392.8,4389.8,4390,817
2026-09-22T08:10:00+05:30,4390.2,4391.1,4383.3,4383.9,1339
2026-09-22T08:15:00+05:30,4383.8,4384.3,4379.3,4383.3,1663
2026-09-22T08:20:00+05:30,4383.2,4384,4378.3,4379.1,1004
2026-09-22T08:25:00+05:30,4379,4382.3,4377.3,4381.8,1017
2026-09-22T08:30:00+05:30,4381.6,4383,4379,4379.4,668
2026-09-22T08:35:00+05:30,4379.2,4380.6,4376.4,4377.1,909
2026-09-22T08:40:00+05:30,4377.1,4382.7,4376.5,4382.7,767
2026-09-22T08:45:00+05:30,4382.5,4383.7,4380.6,4381.6,681
2026-09-22T08:50:00+05:30,4381.6,4382.7,4378.4,4379.8,776
2026-09-22T08:55:00+05:30,4379.8,4383.2,4379.8,4383,451
2026-09-22T09:00:00+05:30,4383,4385.2,4381.6,4383.9,621
2026-09-22T09:05:00+05:30,4384.1,4386.4,4382.2,4384.2,735
2026-09-22T09:10:00+05:30,4384.3,4384.9,4378,4379.8,946
2026-09-22T09:15:00+05:30,4379.9,4380.9,4377.9,4380.6,489
2026-09-22T09:20:00+05:30,4380.5,4381.2,4377.3,4378.1,466
2026-09-22T09:25:00+05:30,4378.1,4380.2,4377.7,4378.4,343
2026-09-22T09:30:00+05:30,4378.4,4379,4371.3,4373.7,2137
2026-09-22T09:35:00+05:30,4373.6,4375.6,4372.7,4373.5,722
2026-09-22T09:40:00+05:30,4373.5,4376.6,4372.6,4375.2,1103
2026-09-22T09:45:00+05:30,4375.2,4375.7,4372.7,4373.7,449
2026-09-22T09:50:00+05:30,4373.6,4376.4,4373,4375.7,564
2026-09-22T09:55:00+05:30,4375.6,4375.6,4373.2,4374.5,371
2026-09-22T10:00:00+05:30,4374.3,4374.7,4373.1,4373.6,278
2026-09-22T10:05:00+05:30,4373.4,4378,4373.2,4377.5,510
2026-09-22T10:10:00+05:30,4377.8,4377.8,4375.2,4377.1,328
2026-09-22T10:15:00+05:30,4377,4377.6,4375.6,4376.7,229
2026-09-22T10:20:00+05:30,4376.9,4380,4375.8,4379.4,650
2026-09-22T10:25:00+05:30,4379.4,4379.8,4377.1,4379.3,786
2026-09-22T10:30:00+05:30,4379.5,4380.8,4377.1,4379.9,559
2026-09-22T10:35:00+05:30,4379.8,4383.8,4377.8,4382.9,1146
2026-09-22T10:40:00+05:30,4383,4384.5,4382,4383.1,567
2026-09-22T10:45:00+05:30,4383.3,4383.5,4375.6,4375.8,839
2026-09-22T10:50:00+05:30,4375.5,4376.1,4365.9,4366.5,2878
2026-09-22T10:55:00+05:30,4366.6,4370.4,4358.4,4368.6,3465
2026-09-22T11:00:00+05:30,4368.5,4370,4359.7,4362.4,3163
2026-09-22T11:05:00+05:30,4362.3,4362.6,4352.6,4359.4,3549
2026-09-22T11:10:00+05:30,4359.3,4363.4,4356.9,4357.4,1377
2026-09-22T11:15:00+05:30,4357.1,4368.3,4356.5,4366.6,1593
2026-09-22T11:20:00+05:30,4366.6,4370,4364.3,4364.5,1196
2026-09-22T11:25:00+05:30,4364.5,4365.6,4359.6,4360.2,1067
2026-09-22T11:30:00+05:30,4360.2,4361.3,4354.6,4355.6,1496
2026-09-22T11:35:00+05:30,4355.4,4356.7,4351.6,4355.5,1558
2026-09-22T11:40:00+05:30,4355.7,4357.2,4351.8,4356,1709
2026-09-22T11:45:00+05:30,4356.3,4357.6,4353.7,4353.7,720
2026-09-22T11:50:00+05:30,4353.7,4356.4,4351.9,4354.5,1449
2026-09-22T11:55:00+05:30,4354.4,4357.2,4353.7,4354.8,577
2026-09-22T12:00:00+05:30,4354.7,4357.4,4354,4355,601
2026-09-22T12:05:00+05:30,4354.9,4356.4,4352,4353.1,592
2026-09-22T12:10:00+05:30,4354.4,4357.6,4354.3,4357,607
2026-09-22T12:15:00+05:30,4356.9,4358.6,4354.1,4357.6,931
2026-09-22T12:20:00+05:30,4357.6,4358.3,4353.7,4354,559
2026-09-22T12:25:00+05:30,4353.8,4356.2,4350.4,4354.9,1238
2026-09-22T12:30:00+05:30,4354.9,4358.1,4354.1,4355,867
2026-09-22T12:35:00+05:30,4355,4357.3,4351.4,4356.7,763
2026-09-22T12:40:00+05:30,4356.6,4360.1,4354.5,4357,711
2026-09-22T12:45:00+05:30,4356.9,4361.2,4356.9,4359.1,721
2026-09-22T12:50:00+05:30,4359.3,4360.6,4357.8,4358.5,445
2026-09-22T12:55:00+05:30,4358.6,4359.4,4351.5,4351.9,872
2026-09-22T13:00:00+05:30,4351.7,4352.3,4345.4,4347.8,2411
2026-09-22T13:05:00+05:30,4347.6,4350.7,4346.8,4349.4,993
2026-09-22T13:10:00+05:30,4349.2,4349.9,4345.2,4347.3,907
2026-09-22T13:15:00+05:30,4347.2,4352.4,4345.5,4345.8,1154
2026-09-22T13:20:00+05:30,4345.6,4346,4337.3,4338.2,2908
2026-09-22T13:25:00+05:30,4338.3,4340.2,4335.5,4337.4,1657
2026-09-22T13:30:00+05:30,4337.2,4341.7,4335.1,4341.3,1836
2026-09-22T13:35:00+05:30,4341.4,4348.3,4340.4,4347.2,1478
2026-09-22T13:40:00+05:30,4347.4,4347.7,4339.8,4340.1,1031
2026-09-22T13:45:00+05:30,4340.2,4340.6,4336.8,4340,968
2026-09-22T13:50:00+05:30,4340.3,4342.4,4336.9,4339.5,1187
2026-09-22T13:55:00+05:30,4339.5,4344.3,4333.4,4337.2,1901
2026-09-22T14:00:00+05:30,4337,4337.2,4327.5,4333.5,2945
2026-09-22T14:05:00+05:30,4333.4,4347.7,4333,4346.8,1816
2026-09-22T14:10:00+05:30,4346.6,4358,4344.7,4356.3,3215
2026-09-22T14:15:00+05:30,4356.6,4362,4352.1,4361.9,1798
2026-09-22T14:20:00+05:30,4362,4371.1,4360.4,4368.2,2711
2026-09-22T14:25:00+05:30,4368.4,4372.6,4363.6,4367,2019
2026-09-22T14:30:00+05:30,4366.9,4367.8,4354.4,4354.9,1988
2026-09-22T14:35:00+05:30,4354.7,4359.4,4354,4356,1450
2026-09-22T14:40:00+05:30,4355.8,4359.6,4353.1,4355,1316
2026-09-22T14:45:00+05:30,4354.8,4360.7,4353.6,4353.8,1353
2026-09-22T14:50:00+05:30,4353.5,4356.1,4352.7,4354.9,625
2026-09-22T14:55:00+05:30,4354.4,4354.8,4350.5,4351,881
2026-09-22T15:00:00+05:30,4351.3,4354.7,4349,4351.7,1666
2026-09-22T15:05:00+05:30,4351.3,4353.4,4349.1,4353.1,571
2026-09-22T15:10:00+05:30,4353.2,4357.7,4352.3,4357.5,1111
2026-09-22T15:15:00+05:30,4357.4,4360.2,4356,4359.6,699
2026-09-22T15:20:00+05:30,4359.8,4371,4359.3,4369.3,2986
2026-09-22T15:25:00+05:30,4369.1,4375.2,4361.8,4373.9,2637
2026-09-22T15:30:00+05:30,4374,4375.3,4368.9,4373.5,1537
2026-09-22T15:35:00+05:30,4373.6,4374.4,4369.9,4370.1,723
2026-09-22T15:40:00+05:30,4370,4372.5,4366,4367.9,814
2026-09-22T15:45:00+05:30,4368.2,4369.3,4365.8,4367,506
2026-09-22T15:50:00+05:30,4367,4368.5,4365.5,4366.8,426
2026-09-22T15:55:00+05:30,4366.7,4368.3,4365.6,4367,352
2026-09-22T16:00:00+05:30,4367,4368.9,4364.9,4365.6,487
2026-09-22T16:05:00+05:30,4365.9,4370,4365.1,4368.6,540
2026-09-22T16:10:00+05:30,4368.6,4371.3,4367.3,4368.2,580
2026-09-22T16:15:00+05:30,4368.6,4368.7,4363,4364.7,864
2026-09-22T16:20:00+05:30,4364.8,4367.3,4363.6,4365.2,574
2026-09-22T16:25:00+05:30,4365,4365.6,4358.8,4358.8,661
2026-09-22T16:30:00+05:30,4358.7,4360.7,4354.9,4356.1,1052
2026-09-22T16:35:00+05:30,4356.1,4357.1,4346.5,4347.5,2414
2026-09-22T16:40:00+05:30,4348,4353.5,4346.2,4352.5,1867
2026-09-22T16:45:00+05:30,4352.4,4355.7,4349.2,4350.3,961
2026-09-22T16:50:00+05:30,4349.8,4354.2,4349.4,4353.4,692
2026-09-22T16:55:00+05:30,4353.4,4355.7,4351.9,4354.8,688
2026-09-22T17:00:00+05:30,4355,4356.8,4350.7,4351.2,900
2026-09-22T17:05:00+05:30,4351.3,4355.3,4350.8,4353.7,540
2026-09-22T17:10:00+05:30,4354.2,4357.4,4353,4354.9,856
2026-09-22T17:15:00+05:30,4354.8,4359,4353.7,4357.6,916
2026-09-22T17:20:00+05:30,4357.4,4358.2,4355,4355.2,447
2026-09-22T17:25:00+05:30,4355.4,4360.7,4355.3,4359.9,963
2026-09-22T17:30:00+05:30,4360.1,4363.1,4359.3,4362.4,1158
2026-09-22T17:35:00+05:30,4363,4364.2,4356.8,4358.1,1020
2026-09-22T17:40:00+05:30,4358.1,4361.1,4357.6,4361,593
2026-09-22T17:45:00+05:30,4361,4364.4,4359.6,4364,869
2026-09-22T17:50:00+05:30,4364.2,4379.4,4362.2,4376.7,3643
2026-09-22T17:55:00+05:30,4376.6,4380,4368.7,4374.2,1877
2026-09-22T18:00:00+05:30,4374.2,4381.5,4372.5,4377,2195
2026-09-22T18:05:00+05:30,4377.2,4380.6,4374.8,4376.2,1436
2026-09-22T18:10:00+05:30,4376.1,4378.5,4369.5,4369.7,1262
2026-09-22T18:15:00+05:30,4369.7,4373,4368.3,4370.5,1539
2026-09-22T18:20:00+05:30,4370.6,4373.8,4368.3,4372.5,1144
2026-09-22T18:25:00+05:30,4372.4,4375.3,4370.8,4371.6,1354
2026-09-22T18:30:00+05:30,4371.5,4375.8,4367.6,4373.8,2256
2026-09-22T18:35:00+05:30,4374,4379.3,4368.5,4377,1967
2026-09-22T18:40:00+05:30,4377.3,4380.1,4375.7,4377.8,1183
2026-09-22T18:45:00+05:30,4378.1,4380.6,4374.7,4375.3,1295
2026-09-22T18:50:00+05:30,4375.2,4377.4,4368.4,4370.3,1527
2026-09-22T18:55:00+05:30,4370.5,4372.1,4366.7,4368.2,1273
2026-09-22T19:00:00+05:30,4368.2,4373.8,4367.5,4371.6,1867
2026-09-22T19:05:00+05:30,4372.2,4374.8,4368.2,4368.7,1592
2026-09-22T19:10:00+05:30,4368.9,4381,4365,4378.8,4069
2026-09-22T19:15:00+05:30,4378.9,4382.2,4373.2,4377.6,2692
2026-09-22T19:20:00+05:30,4377.3,4378.8,4369.6,4369.7,1739
2026-09-22T19:25:00+05:30,4369.7,4375.6,4367.5,4371.3,1655
2026-09-22T19:30:00+05:30,4370.8,4372.7,4366,4366.2,1993
2026-09-22T19:35:00+05:30,4366.5,4369.6,4365,4367.4,1339
2026-09-22T19:40:00+05:30,4367.1,4376.2,4366.1,4371.5,2047
2026-09-22T19:45:00+05:30,4371.5,4372,4362.3,4366.4,2402
2026-09-22T19:50:00+05:30,4366.4,4370.6,4364.8,4369.7,962
2026-09-22T19:55:00+05:30,4370,4370,4362.6,4365.4,1383
2026-09-22T20:00:00+05:30,4365.7,4367.4,4361.8,4362.4,1415
2026-09-22T20:05:00+05:30,4362.5,4371.9,4358.4,4362.4,4227
2026-09-22T20:10:00+05:30,4362.1,4362.1,4351.9,4357.4,3535
2026-09-22T20:15:00+05:30,4357.4,4361.5,4354.9,4359.2,1800
2026-09-22T20:20:00+05:30,4359.7,4362.8,4357.2,4362.1,1049
2026-09-22T20:25:00+05:30,4362.2,4365.9,4361.8,4365.1,1212
2026-09-22T20:30:00+05:30,4365.6,4370,4362.7,4368,1879
2026-09-22T20:35:00+05:30,4368,4375.7,4366.1,4375.7,2625
2026-09-22T20:40:00+05:30,4375.6,4377.9,4372.6,4373.8,2474
2026-09-22T20:45:00+05:30,4374.2,4378.4,4374.2,4375,1829
2026-09-22T20:50:00+05:30,4375,4376.6,4372,4374.9,1414
2026-09-22T20:55:00+05:30,4374.7,4374.7,4369.7,4370.1,1198
2026-09-22T21:00:00+05:30,4369.7,4370.7,4365.1,4367.4,1969
2026-09-22T21:05:00+05:30,4367.5,4368.2,4364.5,4366.2,1064
2026-09-22T21:10:00+05:30,4366.2,4367.5,4364.6,4365.3,934
2026-09-22T21:15:00+05:30,4365.2,4365.6,4362.5,4363.6,1377
2026-09-22T21:20:00+05:30,4363.9,4366.8,4363.2,4366.3,735
2026-09-22T21:25:00+05:30,4366.2,4369.6,4365.1,4368.7,988
2026-09-22T21:30:00+05:30,4368.7,4369.9,4363.2,4364.6,1163
2026-09-22T21:35:00+05:30,4364.2,4364.5,4361.6,4362,929
2026-09-22T21:40:00+05:30,4362.3,4363,4359.7,4361.3,1121
2026-09-22T21:45:00+05:30,4361,4364.2,4360.6,4363.9,763
2026-09-22T21:50:00+05:30,4364,4364.5,4361.7,4363.2,760
2026-09-22T21:55:00+05:30,4363.1,4365,4363,4364.4,508
2026-09-22T22:00:00+05:30,4364.5,4366.3,4363.5,4366.3,609
2026-09-22T22:05:00+05:30,4366.2,4366.6,4364.8,4366.2,377
2026-09-22T22:10:00+05:30,4366.3,4370.3,4365.4,4369.6,965
2026-09-22T22:15:00+05:30,4369.8,4379.2,4368.7,4377.8,2651
2026-09-22T22:20:00+05:30,4377.5,4379.9,4374.6,4375.1,2222
2026-09-22T22:25:00+05:30,4375.3,4377.2,4372.4,4374.3,950
2026-09-22T22:30:00+05:30,4374,4375.8,4372.6,4375,625
2026-09-22T22:35:00+05:30,4375,4379.1,4374.7,4375.5,919
2026-09-22T22:40:00+05:30,4375.6,4377.8,4374.8,4375.5,537
2026-09-22T22:45:00+05:30,4375.9,4378.1,4374.6,4375.2,558
2026-09-22T22:50:00+05:30,4375.2,4377.7,4374,4374.1,594
2026-09-22T22:55:00+05:30,4374.4,4377.5,4373.2,4377.3,837
2026-09-22T23:00:00+05:30,4377.6,4378.1,4372.6,4374.2,680
2026-09-22T23:05:00+05:30,4374.4,4375.7,4373.8,4374.2,380
2026-09-22T23:10:00+05:30,4374.2,4376.7,4373.6,4376.5,367
2026-09-22T23:15:00+05:30,4376.6,4378.3,4376,4377.4,566
2026-09-22T23:20:00+05:30,4377.6,4391,4376.9,4387.5,4833
2026-09-22T23:25:00+05:30,4387.7,4390.7,4386.5,4388.7,1621
2026-09-22T23:30:00+05:30,4388.8,4391.8,4385.4,4389.6,1771
2026-09-22T23:35:00+05:30,4389.8,4398.3,4389.7,4395.6,2415
2026-09-22T23:40:00+05:30,4395.4,4398.2,4393.2,4396.2,1725
2026-09-22T23:45:00+05:30,4396,4398.8,4395.2,4396.1,1232
2026-09-22T23:50:00+05:30,4396,4398.2,4392.6,4393.3,1252
2026-09-22T23:55:00+05:30,4393.3,4395.4,4391.7,4394.1,976
2026-09-23T00:00:00+05:30,4394.4,4395,4389.8,4390.7,983
2026-09-23T00:05:00+05:30,4390.9,4391.3,4387.5,4389.7,1111
2026-09-23T00:10:00+05:30,4389.9,4389.9,4386.2,4388,987
2026-09-23T00:15:00+05:30,4388,4391.8,4388,4390.8,760
2026-09-23T00:20:00+05:30,4390.6,4392,4389.6,4389.7,688
2026-09-23T00:25:00+05:30,4389.9,4391.1,4388.4,4390.9,733
2026-09-23T00:30:00+05:30,4391,4393.5,4390.9,4392.4,978
2026-09-23T00:35:00+05:30,4392.3,4395.6,4391.1,4395.1,931
2026-09-23T00:40:00+05:30,4394.9,4396.7,4394.4,4395.5,772
2026-09-23T00:45:00+05:30,4395.8,4396.6,4394,4395.7,407
2026-09-23T00:50:00+05:30,4395.5,4396.7,4393.6,4396.2,799
2026-09-23T00:55:00+05:30,4396.4,4399,4394.6,4397,1894
2026-09-23T01:00:00+05:30,4397.3,4408.7,4397.2,4408.3,2721
2026-09-23T01:05:00+05:30,4408,4409.6,4404.8,4407.8,2156
2026-09-23T01:10:00+05:30,4407.9,4409.3,4404.7,4407.1,1138
2026-09-23T01:15:00+05:30,4407.4,4408.7,4406.2,4407.6,767
2026-09-23T01:20:00+05:30,4407.3,4407.6,4404.7,4404.9,962
2026-09-23T01:25:00+05:30,4404.8,4405,4401.1,4402,1381
2026-09-23T01:30:00+05:30,4402,4402.7,4400.1,4400.5,756
2026-09-23T01:35:00+05:30,4400.4,4401,4398.6,4399.8,742
2026-09-23T01:40:00+05:30,4400,4400.2,4396,4396.9,824
2026-09-23T01:45:00+05:30,4396.9,4398.4,4396.8,4397.3,312
2026-09-23T01:50:00+05:30,4397.1,4398.8,4396.2,4398.7,296
2026-09-23T01:55:00+05:30,4398.4,4398.6,4397.2,4397.8,208
2026-09-23T02:00:00+05:30,4397.5,4398.3,4396.4,4396.8,347
2026-09-23T02:05:00+05:30,4397,4397.3,4395.3,4395.8,341
2026-09-23T02:10:00+05:30,4395.7,4397.3,4395.7,4396.8,147
2026-09-23T02:15:00+05:30,4396.7,4397,4395.8,4395.8,389
2026-09-23T02:20:00+05:30,4395.9,4398.2,4395.9,4396.6,511
2026-09-23T02:25:00+05:30,4396.6,4397,4393.2,4396.1,494
2026-09-23T03:30:00+05:30,4393.7,4401.4,4393.6,4401,730
2026-09-23T03:35:00+05:30,4401.1,4403,4399.4,4400,787
2026-09-23T03:40:00+05:30,4400.1,4402.4,4398.7,4402.2,819
2026-09-23T03:45:00+05:30,4402,4402.5,4400.9,4401.8,283
2026-09-23T03:50:00+05:30,4401.9,4402.1,4400.5,4402,326
2026-09-23T03:55:00+05:30,4402.2,4404.3,4401,4402.9,733
2026-09-23T04:00:00+05:30,4403,4403.8,4401.5,4402.8,407
2026-09-23T04:05:00+05:30,4402.8,4403.3,4401.8,4402.3,283
2026-09-23T04:10:00+05:30,4402.5,4403.4,4401.1,4401.3,377
2026-09-23T04:15:00+05:30,4401.3,4401.6,4400.2,4400.2,372
2026-09-23T04:20:00+05:30,4400.3,4401.4,4398.5,4400.8,486
2026-09-23T04:25:00+05:30,4400.9,4401.5,4399.6,4400.8,226
2026-09-23T04:30:00+05:30,4400.7,4403,4400.5,4402.2,505
2026-09-23T04:35:00+05:30,4401.7,4402.3,4400.6,4401.6,182
2026-09-23T04:40:00+05:30,4401.6,4402.3,4399.2,4400,367
2026-09-23T04:45:00+05:30,4400.2,4404.1,4399,4403.8,537
2026-09-23T04:50:00+05:30,4403.7,4403.7,4401.6,4402.4,338
2026-09-23T04:55:00+05:30,4402.4,4402.6,4400.7,4402.4,182
2026-09-23T05:00:00+05:30,4402.4,4403.2,4401.6,4401.9,178
2026-09-23T05:05:00+05:30,4401.9,4403.2,4399.2,4401.7,652
2026-09-23T05:10:00+05:30,4401.7,4403.4,4401.3,4402.3,238
2026-09-23T05:15:00+05:30,4402.4,4402.7,4397.7,4398.1,688
2026-09-23T05:20:00+05:30,4398.4,4401.8,4395.7,4401.6,1049
2026-09-23T05:25:00+05:30,4401.5,4403.4,4399.8,4401.5,834
2026-09-23T05:30:00+05:30,4401.4,4407.5,4400.4,4404.8,1537
2026-09-23T05:35:00+05:30,4404.9,4404.9,4399.2,4400.7,1053
2026-09-23T05:40:00+05:30,4400.7,4404,4399.6,4403.5,616
2026-09-23T05:45:00+05:30,4403.2,4404.1,4400.8,4401.5,556
2026-09-23T05:50:00+05:30,4401.2,4401.6,4397.5,4398.2,853
2026-09-23T05:55:00+05:30,4398.5,4399.5,4395.9,4396.5,750
2026-09-23T06:00:00+05:30,4396.2,4399.4,4395.5,4396.3,848
2026-09-23T06:05:00+05:30,4396.6,4397.3,4392.4,4395,1576
2026-09-23T06:10:00+05:30,4395,4397.1,4392.8,4396.6,1266
2026-09-23T06:15:00+05:30,4396.3,4398.4,4394.2,4394.6,753
2026-09-23T06:20:00+05:30,4394.7,4396.2,4394,4394.1,440
2026-09-23T06:25:00+05:30,4394.5,4395.9,4393.5,4394.9,487
2026-09-23T06:30:00+05:30,4395.4,4396.8,4387.6,4388.6,3040
2026-09-23T06:35:00+05:30,4388.4,4390.6,4387.4,4387.7,1148
2026-09-23T06:40:00+05:30,4387.8,4387.9,4383.4,4386.7,2342
2026-09-23T06:45:00+05:30,4386.8,4386.8,4382.7,4385.3,1209
2026-09-23T06:50:00+05:30,4385.1,4386.4,4383.7,4385,642
2026-09-23T06:55:00+05:30,4384.9,4384.9,4379.6,4380.6,1896
2026-09-23T07:00:00+05:30,4380.7,4381.7,4378.6,4380.6,1497
2026-09-23T07:05:00+05:30,4380.6,4383.5,4380,4382.7,1192
2026-09-23T07:10:00+05:30,4382.8,4383.2,4378.9,4382.1,991
2026-09-23T07:15:00+05:30,4382,4384,4380.8,4382.3,764
2026-09-23T07:20:00+05:30,4382.5,4383.6,4377.4,4377.9,1434
2026-09-23T07:25:00+05:30,4377.7,4378.5,4375.9,4378.5,1343
2026-09-23T07:30:00+05:30,4378.3,4378.3,4375,4375.6,1220
2026-09-23T07:35:00+05:30,4375.7,4376.7,4374.7,4375.2,686
2026-09-23T07:40:00+05:30,4375.1,4376.5,4374.2,4374.3,571
2026-09-23T07:45:00+05:30,4374.3,4374.4,4370.8,4372.7,1682
2026-09-23T07:50:00+05:30,4372.6,4375.5,4371.3,4375.1,1123
2026-09-23T07:55:00+05:30,4375,4376.8,4374.6,4375.4,1174
2026-09-23T08:00:00+05:30,4375.6,4376,4373.4,4375.1,997
2026-09-23T08:05:00+05:30,4375.1,4376,4368.8,4370.8,1545
2026-09-23T08:10:00+05:30,4370.6,4374.5,4370.6,4373.9,783
2026-09-23T08:15:00+05:30,4373.9,4375,4371.6,4372.1,649
2026-09-23T08:20:00+05:30,4372.1,4373.7,4371.3,4373.1,572
2026-09-23T08:25:00+05:30,4372.8,4373,4370.1,4371,875
2026-09-23T08:30:00+05:30,4370.7,4372.5,4369.7,4371.9,735
2026-09-23T08:35:00+05:30,4371.9,4374,4371,4372.6,648
2026-09-23T08:40:00+05:30,4372.5,4376.7,4372.4,4375.7,1160
2026-09-23T08:45:00+05:30,4375.8,4376,4372.3,4373.1,857
2026-09-23T08:50:00+05:30,4373.1,4377.2,4372.8,4376.4,652
2026-09-23T08:55:00+05:30,4376.3,4377.3,4374.7,4374.9,620
2026-09-23T09:00:00+05:30,4375,4377.7,4373.8,4376,587
2026-09-23T09:05:00+05:30,4376.1,4377,4375.6,4376.8,349
2026-09-23T09:10:00+05:30,4376.7,4379,4376.7,4378.5,763
2026-09-23T09:15:00+05:30,4378.5,4379.8,4378.2,4379,619
2026-09-23T09:20:00+05:30,4379.1,4381.4,4378.5,4381.1,610
2026-09-23T09:25:00+05:30,4381.3,4382.2,4379.2,4379.3,1133
2026-09-23T09:30:00+05:30,4379.6,4381.9,4379.1,4381.3,641
2026-09-23T09:35:00+05:30,4381.3,4382.7,4381,4381.5,553
2026-09-23T09:40:00+05:30,4381.8,4383.9,4381.1,4383,692
2026-09-23T09:45:00+05:30,4382.9,4384.4,4381.9,4383.6,525
2026-09-23T09:50:00+05:30,4383.5,4384.4,4381.4,4381.6,480
2026-09-23T09:55:00+05:30,4381.7,4382.8,4381.6,4382.6,312
2026-09-23T10:00:00+05:30,4382.4,4383.2,4381,4382.5,502
2026-09-23T10:05:00+05:30,4382.6,4383.8,4380.9,4381.7,372
2026-09-23T10:10:00+05:30,4381.6,4382.7,4380.4,4381.7,646
2026-09-23T10:15:00+05:30,4381.5,4383.8,4381.3,4383.6,355
2026-09-23T10:20:00+05:30,4383.8,4384,4380.6,4382.1,450
2026-09-23T10:25:00+05:30,4382.2,4382.4,4380.7,4381.3,394
2026-09-23T10:30:00+05:30,4380.9,4382.7,4379.4,4381.6,1081
2026-09-23T10:35:00+05:30,4381.4,4383.1,4380.6,4381.1,459
2026-09-23T10:40:00+05:30,4381.1,4381.1,4379,4379.4,466
2026-09-23T10:45:00+05:30,4379.4,4380.5,4378.1,4379.4,524
2026-09-23T10:50:00+05:30,4379.4,4380.1,4378.6,4379.1,302
2026-09-23T10:55:00+05:30,4378.9,4380.8,4377.5,4378.3,430
2026-09-23T11:00:00+05:30,4378.4,4379.5,4374.5,4374.9,1428
2026-09-23T11:05:00+05:30,4374.8,4375.1,4371.6,4371.8,796
2026-09-23T11:10:00+05:30,4371.8,4373.9,4366.1,4366.7,1808
2026-09-23T11:15:00+05:30,4366.7,4369.1,4366.4,4366.4,831
2026-09-23T11:20:00+05:30,4366.6,4370.6,4365.2,4370.3,1050
2026-09-23T11:25:00+05:30,4370.1,4372.6,4369.8,4371.8,858
2026-09-23T11:30:00+05:30,4372,4374.2,4370.8,4372.2,1466
2026-09-23T11:35:00+05:30,4372.2,4372.8,4368.4,4368.6,931
2026-09-23T11:40:00+05:30,4368.7,4368.9,4366.6,4368,1172
2026-09-23T11:45:00+05:30,4368,4368,4364.5,4366.4,1241
2026-09-23T11:50:00+05:30,4366.6,4367.3,4363,4367,963
2026-09-23T11:55:00+05:30,4367.2,4368.5,4365.7,4366.1,589
2026-09-23T12:00:00+05:30,4366.3,4369.5,4365.7,4368.7,743
2026-09-23T12:05:00+05:30,4368.9,4370.7,4368.4,4370.5,529
2026-09-23T12:10:00+05:30,4370.6,4371.8,4369.9,4371.2,577
2026-09-23T12:15:00+05:30,4371,4374.2,4367.7,4372.8,1185
2026-09-23T12:20:00+05:30,4372.8,4373.3,4369.7,4370.3,742
2026-09-23T12:25:00+05:30,4370.1,4370.1,4367.1,4368.1,838
2026-09-23T12:30:00+05:30,4367.9,4369.8,4366.4,4368,739
2026-09-23T12:35:00+05:30,4368.1,4368.3,4364,4365.2,1040
2026-09-23T12:40:00+05:30,4365.1,4365.4,4360.9,4361.5,1684
2026-09-23T12:45:00+05:30,4361.6,4365.5,4361.4,4362.6,1002
2026-09-23T12:50:00+05:30,4362.8,4364.2,4361.9,4363,428
2026-09-23T12:55:00+05:30,4362.8,4363.1,4358.6,4360.5,1418
2026-09-23T13:00:00+05:30,4360.7,4362.3,4356.8,4357.3,1494
2026-09-23T13:05:00+05:30,4357.3,4360.2,4356.1,4359,902
2026-09-23T13:10:00+05:30,4358.6,4360.3,4357.3,4359.1,704
2026-09-23T13:15:00+05:30,4359.3,4359.9,4357.6,4359.8,477
2026-09-23T13:20:00+05:30,4359.8,4361.9,4358.2,4359,812
2026-09-23T13:25:00+05:30,4359.1,4362.7,4355.6,4356.2,1295
2026-09-23T13:30:00+05:30,4356.2,4358.3,4355,4356.5,1096
2026-09-23T13:35:00+05:30,4356.6,4358,4354.4,4355.2,672
2026-09-23T13:40:00+05:30,4355.5,4357,4353.8,4356.4,590
2026-09-23T13:45:00+05:30,4356.7,4357.4,4354.2,4355.5,673
2026-09-23T13:50:00+05:30,4355.5,4359.3,4355.1,4358.8,830
2026-09-23T13:55:00+05:30,4358.9,4360.1,4355.6,4355.8,634
2026-09-23T14:00:00+05:30,4356,4357.5,4353.2,4355.7,726
2026-09-23T14:05:00+05:30,4355.7,4357.3,4353,4354.5,634
2026-09-23T14:10:00+05:30,4354.1,4355.7,4352.3,4353.5,561
2026-09-23T14:15:00+05:30,4353.1,4356.2,4352.2,4355.9,528
2026-09-23T14:20:00+05:30,4355.8,4355.8,4353.2,4353.8,661
2026-09-23T14:25:00+05:30,4354,4356.4,4353.4,4355,332
2026-09-23T14:30:00+05:30,4354.9,4357.5,4354.7,4355.1,679
2026-09-23T14:35:00+05:30,4354.6,4356.4,4354.1,4355.9,354
2026-09-23T14:40:00+05:30,4356.2,4357.3,4355.5,4356.8,264
2026-09-23T14:45:00+05:30,4356.7,4356.9,4352,4354,646
2026-09-23T14:50:00+05:30,4353.9,4356.4,4352.8,4356,590
2026-09-23T14:55:00+05:30,4356.1,4357,4352.7,4353.8,654
2026-09-23T15:00:00+05:30,4353.8,4356,4350,4350.8,1209
2026-09-23T15:05:00+05:30,4350.7,4352.9,4350.6,4351.3,537
2026-09-23T15:10:00+05:30,4351.5,4353.6,4351,4353.3,344
2026-09-23T15:15:00+05:30,4352.9,4353.2,4345.1,4345.9,1716
2026-09-23T15:20:00+05:30,4345.9,4349.9,4345.6,4349.3,857
2026-09-23T15:25:00+05:30,4349.4,4351.4,4349.1,4350.8,488
2026-09-23T15:30:00+05:30,4350.9,4355.8,4350.4,4355,1171
2026-09-23T15:35:00+05:30,4354.8,4354.9,4353,4353.2,596
2026-09-23T15:40:00+05:30,4353.5,4354,4352,4353.8,423
2026-09-23T15:45:00+05:30,4353.6,4354,4352.1,4353.4,353
2026-09-23T15:50:00+05:30,4353.5,4354,4351.5,4352.2,364
2026-09-23T15:55:00+05:30,4352,4355,4350.9,4354.7,626
2026-09-23T16:00:00+05:30,4354.5,4356.3,4352.4,4352.7,928
2026-09-23T16:05:00+05:30,4352.6,4353.7,4351.2,4353.4,491
2026-09-23T16:10:00+05:30,4353.1,4353.2,4351.2,4352.6,346
2026-09-23T16:15:00+05:30,4352.3,4352.4,4349,4350,696
2026-09-23T16:20:00+05:30,4350,4352.9,4349.9,4352.1,647
2026-09-23T16:25:00+05:30,4352,4353,4350.8,4352.3,337
2026-09-23T16:30:00+05:30,4352.2,4353.9,4349.6,4351.8,707
2026-09-23T16:35:00+05:30,4351.9,4352.8,4350.4,4352.3,420
2026-09-23T16:40:00+05:30,4352.3,4354.3,4350.8,4352,399
2026-09-23T16:45:00+05:30,4351.5,4352.6,4347.3,4347.9,647
2026-09-23T16:50:00+05:30,4347.8,4348.6,4340.7,4342.3,2211
2026-09-23T16:55:00+05:30,4342.3,4345.5,4340.5,4342.7,1420
2026-09-23T17:00:00+05:30,4343.1,4343.6,4337.4,4339,1814
2026-09-23T17:05:00+05:30,4339,4340.5,4330.9,4336.3,2418
2026-09-23T17:10:00+05:30,4336.2,4341.6,4334.7,4341.4,1695
2026-09-23T17:15:00+05:30,4341.4,4345.1,4340.5,4344.2,1936
2026-09-23T17:20:00+05:30,4344,4346.7,4342.4,4346,942
2026-09-23T17:25:00+05:30,4346.1,4347,4344.7,4346.2,624
2026-09-23T17:30:00+05:30,4346.4,4350.6,4345.8,4349.2,1454
2026-09-23T17:35:00+05:30,4349.1,4352,4348.8,4350.2,1154
2026-09-23T17:40:00+05:30,4350.4,4355.7,4349.3,4355.2,1716
2026-09-23T17:45:00+05:30,4355.3,4355.4,4350.4,4351.2,1131
2026-09-23T17:50:00+05:30,4351.4,4351.4,4346.4,4351.1,1866
2026-09-23T17:55:00+05:30,4350.8,4351.4,4347,4347.7,1071
2026-09-23T18:00:00+05:30,4347.6,4347.6,4344.4,4345.6,1397
2026-09-23T18:05:00+05:30,4345.4,4346.3,4339.7,4340.3,2090
2026-09-23T18:10:00+05:30,4340.1,4343.3,4338.3,4340.2,1856
2026-09-23T18:15:00+05:30,4340.5,4343.7,4338.5,4340.6,1142
2026-09-23T18:20:00+05:30,4340.3,4340.8,4337.1,4339.9,1363
2026-09-23T18:25:00+05:30,4339.9,4347.7,4338.2,4346.2,1895
2026-09-23T18:30:00+05:30,4346.3,4347.2,4341.1,4342.5,2266
2026-09-23T18:35:00+05:30,4342.2,4342.7,4337.5,4338.4,922
2026-09-23T18:40:00+05:30,4338.4,4340,4334.5,4339.1,1811
2026-09-23T18:45:00+05:30,4339,4343,4338.3,4339.3,1064
2026-09-23T18:50:00+05:30,4339.5,4343.9,4339.2,4341.2,945
2026-09-23T18:55:00+05:30,4341,4349.5,4340.7,4349.2,1771
2026-09-23T19:00:00+05:30,4349.3,4350.5,4337.4,4337.6,2542
2026-09-23T19:05:00+05:30,4337.6,4341.9,4335,4340,2128
2026-09-23T19:10:00+05:30,4339.8,4341.1,4322.6,4329.7,6126
2026-09-23T19:15:00+05:30,4329.1,4329.1,4317.1,4321.4,5017
2026-09-23T19:20:00+05:30,4321.3,4326.1,4318.6,4319.8,2714
2026-09-23T19:25:00+05:30,4319.5,4323.5,4317.6,4320.3,2245
2026-09-23T19:30:00+05:30,4320.3,4328.8,4319.9,4326.6,3422
2026-09-23T19:35:00+05:30,4326.9,4330.2,4322.6,4328.8,2373
2026-09-23T19:40:00+05:30,4328.8,4329,4318.5,4320.2,2994
2026-09-23T19:45:00+05:30,4320.2,4324.3,4314.3,4314.5,3320
2026-09-23T19:50:00+05:30,4314.5,4320.9,4314.5,4320.9,1989
2026-09-23T19:55:00+05:30,4320.7,4321.6,4313.6,4317.1,2132
2026-09-23T20:00:00+05:30,4316.9,4327.2,4316.7,4325.6,2597
2026-09-23T20:05:00+05:30,4325.6,4328.7,4318.5,4318.6,2380
2026-09-23T20:10:00+05:30,4318.6,4324.3,4318.6,4323.2,1297
2026-09-23T20:15:00+05:30,4322.9,4324.5,4320.2,4322.1,1185
2026-09-23T20:20:00+05:30,4322.2,4335.1,4320.4,4333.7,4958
2026-09-23T20:25:00+05:30,4333.5,4333.8,4326.9,4330.7,2542
2026-09-23T20:30:00+05:30,4330.6,4331.9,4325.5,4326.5,1988
2026-09-23T20:35:00+05:30,4326.3,4331.4,4325.7,4330.5,1214
2026-09-23T20:40:00+05:30,4330.8,4333.6,4329.8,4330.8,1135
2026-09-23T20:45:00+05:30,4330.5,4331.5,4326.1,4329.2,1280
2026-09-23T20:50:00+05:30,4329.2,4329.9,4326.5,4328,1037
2026-09-23T20:55:00+05:30,4328.3,4330.2,4319,4319.6,2452
2026-09-23T21:00:00+05:30,4319.7,4320.6,4316.4,4320,2195
2026-09-23T21:05:00+05:30,4319.9,4322,4314.7,4315.7,1507
2026-09-23T21:10:00+05:30,4315.7,4320.6,4314.8,4320,1471
2026-09-23T21:15:00+05:30,4320.1,4321.3,4313.3,4314.1,1906
2026-09-23T21:20:00+05:30,4314.2,4317.6,4313.5,4317.1,1083
2026-09-23T21:25:00+05:30,4317.2,4318.7,4316.6,4318.1,700
2026-09-23T21:30:00+05:30,4318.2,4319.6,4314.9,4315.3,843
2026-09-23T21:35:00+05:30,4315.2,4320.6,4314.6,4318.9,1145
2026-09-23T21:40:00+05:30,4318.7,4320.3,4317.9,4319.4,593
2026-09-23T21:45:00+05:30,4319.3,4321.2,4318.6,4320.4,770
2026-09-23T21:50:00+05:30,4320.2,4320.8,4318.4,4318.4,452
2026-09-23T21:55:00+05:30,4318.3,4322.2,4318.2,4322.2,849
2026-09-23T22:00:00+05:30,4322.1,4324.5,4321,4323.1,1281
2026-09-23T22:05:00+05:30,4323.1,4325.9,4322.1,4323.8,1145
2026-09-23T22:10:00+05:30,4323.9,4324.2,4322.1,4322.2,644
2026-09-23T22:15:00+05:30,4322.2,4322.9,4317.1,4319.2,1915
2026-09-23T22:20:00+05:30,4319.3,4320.6,4314.9,4319.4,1738
2026-09-23T22:25:00+05:30,4319,4322.1,4318.4,4321,942
2026-09-23T22:30:00+05:30,4321.2,4322,4311.4,4314.1,3459
2026-09-23T22:35:00+05:30,4314.3,4320.1,4314,4319.8,1189
2026-09-23T22:40:00+05:30,4320.1,4321.7,4313.8,4315.3,1216
2026-09-23T22:45:00+05:30,4314.8,4317.4,4312.7,4316.2,1021
2026-09-23T22:50:00+05:30,4315.9,4320.5,4315.6,4318.7,962
2026-09-23T22:55:00+05:30,4318.4,4320.1,4317.1,4318.6,1215
2026-09-23T23:00:00+05:30,4318.5,4318.8,4313.3,4316.9,1298
2026-09-23T23:05:00+05:30,4316.9,4317.3,4311.7,4312.5,858
2026-09-23T23:10:00+05:30,4312.6,4326,4310.7,4324.5,3415
2026-09-23T23:15:00+05:30,4324.4,4327.7,4323.4,4327.2,1360
2026-09-23T23:20:00+05:30,4327.4,4328.2,4325.3,4327.8,959
2026-09-23T23:25:00+05:30,4328,4329.9,4325.2,4329.5,1030
2026-09-23T23:30:00+05:30,4329.6,4331.6,4326.9,4327,1556
2026-09-23T23:35:00+05:30,4327.2,4327.7,4325.9,4326.7,512
2026-09-23T23:40:00+05:30,4326.8,4327.2,4324.5,4325.9,527
2026-09-23T23:45:00+05:30,4325.7,4327.8,4324.7,4326.6,705
2026-09-23T23:50:00+05:30,4326.4,4327.2,4323.6,4324.1,659
2026-09-23T23:55:00+05:30,4324.2,4324.7,4319.8,4322.3,1137
2026-09-24T00:00:00+05:30,4322.3,4323.6,4320.7,4322.7,645
2026-09-24T00:05:00+05:30,4322.9,4324.1,4320.9,4321.3,387
2026-09-24T00:10:00+05:30,4321.3,4322.8,4320.1,4320.3,474
2026-09-24T00:15:00+05:30,4320.5,4323.5,4318.8,4323,936
2026-09-24T00:20:00+05:30,4323.2,4324.7,4322.7,4324.7,650
2026-09-24T00:25:00+05:30,4324.4,4327,4323.6,4326.7,979
2026-09-24T00:30:00+05:30,4326.9,4327.1,4323.9,4325,515
2026-09-24T00:35:00+05:30,4325.1,4329.9,4324.6,4325.7,905
2026-09-24T00:40:00+05:30,4325.8,4326.8,4320.8,4320.9,897
2026-09-24T00:45:00+05:30,4321,4322.7,4319.7,4320.8,707
2026-09-24T00:50:00+05:30,4320.7,4322.4,4319.7,4322.4,613
2026-09-24T00:55:00+05:30,4322.5,4323.8,4320.9,4323,720
2026-09-24T01:00:00+05:30,4323.2,4323.9,4320.1,4322,675
2026-09-24T01:05:00+05:30,4321.9,4322.2,4317.3,4318.3,891
2026-09-24T01:10:00+05:30,4318.6,4321.2,4318,4318.8,615
2026-09-24T01:15:00+05:30,4318.9,4323,4318.5,4322.8,642
2026-09-24T01:20:00+05:30,4323.1,4323.5,4319.3,4319.4,810
2026-09-24T01:25:00+05:30,4319.6,4321.2,4318.5,4320.6,822
2026-09-24T01:30:00+05:30,4320.3,4322,4319.7,4321.1,588
2026-09-24T01:35:00+05:30,4321.2,4324.2,4321.1,4323.3,522
2026-09-24T01:40:00+05:30,4323.2,4323.6,4320.8,4320.8,249
2026-09-24T01:45:00+05:30,4321,4322,4319.4,4319.5,337
2026-09-24T01:50:00+05:30,4319.8,4320.7,4318.4,4320.1,344
2026-09-24T01:55:00+05:30,4320.4,4321.6,4320,4321.6,176
2026-09-24T02:00:00+05:30,4321.6,4322.2,4318.6,4318.8,455
2026-09-24T02:05:00+05:30,4319.1,4320.9,4319,4320.8,309
2026-09-24T02:10:00+05:30,4320.8,4321.8,4320.5,4321.4,289
2026-09-24T02:15:00+05:30,4321.4,4322.4,4321,4322.1,414
2026-09-24T02:20:00+05:30,4322.2,4325.7,4322.2,4325.6,517
2026-09-24T02:25:00+05:30,4325.7,4326.7,4321.9,4322.9,704
2026-09-24T03:30:00+05:30,4323,4328,4322.9,4327.5,812
2026-09-24T03:35:00+05:30,4327.5,4329.1,4326.6,4327.1,582
2026-09-24T03:40:00+05:30,4327.1,4327.5,4321.2,4322.8,1241
2026-09-24T03:45:00+05:30,4322.9,4323.3,4321.4,4322.2,459
2026-09-24T03:50:00+05:30,4322.1,4327.9,4321.9,4326.7,1228
2026-09-24T03:55:00+05:30,4326.3,4326.9,4323,4323.9,504
2026-09-24T04:00:00+05:30,4323.6,4324.3,4322.6,4323.5,622
2026-09-24T04:05:00+05:30,4323.6,4326.2,4322.4,4324,623
2026-09-24T04:10:00+05:30,4323.8,4325.3,4323,4324,209
2026-09-24T04:15:00+05:30,4323.8,4326.2,4322.6,4324.5,512
2026-09-24T04:20:00+05:30,4324.6,4325,4322.4,4323.5,594
2026-09-24T04:25:00+05:30,4323.2,4326,4322.5,4324.4,345
2026-09-24T04:30:00+05:30,4324.4,4325.5,4323.8,4325.3,218
2026-09-24T04:35:00+05:30,4325.3,4326.4,4324.9,4325.6,300
2026-09-24T04:40:00+05:30,4325.6,4326.6,4325.5,4326.4,230
2026-09-24T04:45:00+05:30,4326.4,4328.8,4324.1,4325.1,764
2026-09-24T04:50:00+05:30,4325.4,4326.7,4324.2,4325.1,347
2026-09-24T04:55:00+05:30,4325.1,4325.4,4323,4323.2,300
2026-09-24T05:00:00+05:30,4323.4,4324.2,4320.4,4321.1,719
2026-09-24T05:05:00+05:30,4321,4322.7,4320.5,4321.9,494
2026-09-24T05:10:00+05:30,4321.6,4322.4,4319.9,4320.3,462
2026-09-24T05:15:00+05:30,4320.5,4325.3,4320.4,4325.1,699
2026-09-24T05:20:00+05:30,4325,4327,4324.1,4326.1,653
2026-09-24T05:25:00+05:30,4326.1,4327.1,4323.8,4323.8,610
2026-09-24T05:30:00+05:30,4324,4327.3,4323.4,4325.6,718
2026-09-24T05:35:00+05:30,4325.1,4326.8,4323.8,4326.8,610
2026-09-24T05:40:00+05:30,4326.7,4327.2,4322.5,4324.4,675
2026-09-24T05:45:00+05:30,4324.1,4327,4322.2,4324.2,670
2026-09-24T05:50:00+05:30,4324.1,4324.8,4319.1,4323.2,1303
2026-09-24T05:55:00+05:30,4323.1,4327.7,4321.1,4327.4,1074
2026-09-24T06:00:00+05:30,4327.1,4329.8,4325.4,4327.1,1298
2026-09-24T06:05:00+05:30,4327.2,4328.6,4326.8,4326.9,306
2026-09-24T06:10:00+05:30,4326.8,4331,4326.5,4330,885
2026-09-24T06:15:00+05:30,4329.7,4330.6,4326.5,4327.9,920
2026-09-24T06:20:00+05:30,4327.6,4330.9,4327.2,4330.5,841
2026-09-24T06:25:00+05:30,4330.9,4334.6,4330.1,4333.5,1549
2026-09-24T06:30:00+05:30,4333.8,4334.3,4324.6,4327.1,3100
2026-09-24T06:35:00+05:30,4327.2,4332.3,4324.2,4330.8,1982
2026-09-24T06:40:00+05:30,4331,4338,4330.3,4337.9,2110
2026-09-24T06:45:00+05:30,4338,4338.4,4332.1,4335.1,1762
2026-09-24T06:50:00+05:30,4335.1,4335.6,4330.6,4332.6,1180
2026-09-24T06:55:00+05:30,4332.6,4335,4330.1,4334.4,934
2026-09-24T07:00:00+05:30,4334.2,4336.2,4331.9,4332.7,1464
2026-09-24T07:05:00+05:30,4332.5,4334.3,4327.6,4328.6,1267
2026-09-24T07:10:00+05:30,4328.5,4329,4324.1,4324.7,1583
2026-09-24T07:15:00+05:30,4324.8,4325.5,4315,4318.9,3077
2026-09-24T07:20:00+05:30,4319.1,4323.7,4316,4317.4,1998
2026-09-24T07:25:00+05:30,4317.6,4319.8,4312,4314.5,2333
2026-09-24T07:30:00+05:30,4314.1,4314.7,4308.5,4310.4,3891
2026-09-24T07:35:00+05:30,4310.5,4311,4307.9,4311,1598
2026-09-24T07:40:00+05:30,4310.8,4317.3,4310.2,4317.3,1869
2026-09-24T07:45:00+05:30,4317.4,4321.4,4317,4319.5,1992
2026-09-24T07:50:00+05:30,4319.5,4320.5,4317,4320.1,1312
2026-09-24T07:55:00+05:30,4320.2,4322.4,4319.1,4320.9,1109
2026-09-24T08:00:00+05:30,4321.1,4328.9,4319.2,4327.6,2523
2026-09-24T08:05:00+05:30,4327.5,4330.9,4325,4329.7,1865
2026-09-24T08:10:00+05:30,4329.7,4332,4328.2,4329.9,1437
2026-09-24T08:15:00+05:30,4330.1,4330.5,4325.8,4327.2,1491
2026-09-24T08:20:00+05:30,4327.5,4327.7,4321.7,4324.4,1920
2026-09-24T08:25:00+05:30,4324.5,4327.8,4324.5,4325.7,1142
2026-09-24T08:30:00+05:30,4325.4,4328.8,4324.7,4325.3,908
2026-09-24T08:35:00+05:30,4325.3,4325.5,4320,4321.7,1263
2026-09-24T08:40:00+05:30,4321.9,4323.5,4319.9,4322,906
2026-09-24T08:45:00+05:30,4322.1,4325.7,4321.9,4322.9,865
2026-09-24T08:50:00+05:30,4323,4324,4321.5,4322.5,557
2026-09-24T08:55:00+05:30,4322.7,4323.7,4320.2,4320.9,545
2026-09-24T09:00:00+05:30,4320.9,4322.1,4319,4319,551
2026-09-24T09:05:00+05:30,4319.3,4320.9,4317.6,4320.1,1043
2026-09-24T09:10:00+05:30,4320.3,4320.6,4316.4,4316.5,792
2026-09-24T09:15:00+05:30,4316.7,4319.6,4315.3,4318.3,818
2026-09-24T09:20:00+05:30,4318.4,4319.4,4316.2,4318.5,553
2026-09-24T09:25:00+05:30,4318,4320.3,4317.3,4320.1,853
2026-09-24T09:30:00+05:30,4320.1,4321.7,4316.3,4319,1308
2026-09-24T09:35:00+05:30,4319.1,4319.3,4317.7,4318.8,284
2026-09-24T09:40:00+05:30,4318.6,4321,4318.1,4319.6,552
2026-09-24T09:45:00+05:30,4319.6,4323,4319.3,4321.4,646
2026-09-24T09:50:00+05:30,4321.1,4322.1,4318.9,4319.4,327
2026-09-24T09:55:00+05:30,4319.6,4321.2,4318.6,4321.1,283
2026-09-24T10:00:00+05:30,4320.9,4323.8,4320.5,4323.6,310
2026-09-24T10:05:00+05:30,4323.4,4324.1,4321.6,4321.6,453
2026-09-24T10:10:00+05:30,4321.7,4322.1,4320.4,4321,244
2026-09-24T10:15:00+05:30,4321.1,4323.6,4320.7,4323.2,324
2026-09-24T10:20:00+05:30,4323.3,4324.6,4322.3,4324.6,518
2026-09-24T10:25:00+05:30,4324.6,4324.9,4323.7,4324.2,267
2026-09-24T10:30:00+05:30,4324.4,4330.8,4324.2,4329.8,1559
2026-09-24T10:35:00+05:30,4329.8,4331.2,4327.5,4328.4,1090
2026-09-24T10:40:00+05:30,4328.3,4328.5,4324.5,4325.1,549
2026-09-24T10:45:00+05:30,4324.7,4325,4320.7,4324.2,809
2026-09-24T10:50:00+05:30,4324.2,4326.1,4322.7,4324,560
2026-09-24T10:55:00+05:30,4323.9,4326,4323.3,4324.9,447
2026-09-24T11:00:00+05:30,4325.4,4325.8,4319.6,4319.6,1344
2026-09-24T11:05:00+05:30,4319.8,4322,4318,4318.5,735
2026-09-24T11:10:00+05:30,4318.7,4321.4,4315,4315.9,1085
2026-09-24T11:15:00+05:30,4315.5,4320.3,4314.5,4317.5,930
2026-09-24T11:20:00+05:30,4317.7,4319,4314.9,4315.2,459
2026-09-24T11:25:00+05:30,4314.8,4315.9,4312,4313.6,1112
2026-09-24T11:30:00+05:30,4313.8,4318,4313.2,4314.6,1169
2026-09-24T11:35:00+05:30,4314.4,4321.2,4314,4320.7,786
2026-09-24T11:40:00+05:30,4320.7,4321.3,4316,4316.8,641
2026-09-24T11:45:00+05:30,4317.2,4319.5,4315.2,4317.6,691
2026-09-24T11:50:00+05:30,4317.7,4321.4,4317.4,4318.9,578
2026-09-24T11:55:00+05:30,4319.2,4320,4316.1,4317.3,510
2026-09-24T12:00:00+05:30,4316.5,4318.8,4314.7,4315.9,793
2026-09-24T12:05:00+05:30,4315.8,4316.5,4310,4314.9,1163
2026-09-24T12:10:00+05:30,4315.1,4316,4311.6,4312.7,723
2026-09-24T12:15:00+05:30,4312.9,4312.9,4308.8,4310.7,980
2026-09-24T12:20:00+05:30,4310.7,4313.1,4309.8,4311.6,575
2026-09-24T12:25:00+05:30,4311.9,4313.2,4310.7,4310.9,471
2026-09-24T12:30:00+05:30,4311.1,4315.4,4309,4314.9,1144
2026-09-24T12:35:00+05:30,4314.9,4320.3,4314.3,4318.4,1416
2026-09-24T12:40:00+05:30,4318.2,4320.2,4316.5,4319.3,595
2026-09-24T12:45:00+05:30,4319.1,4323.3,4318,4321.8,1323
2026-09-24T12:50:00+05:30,4321.8,4321.9,4316.1,4316.6,744
2026-09-24T12:55:00+05:30,4317,4320.3,4317,4320.1,343
2026-09-24T13:00:00+05:30,4319.9,4323,4317.1,4317.8,830
2026-09-24T13:05:00+05:30,4317.9,4321.8,4317.6,4319.7,365
2026-09-24T13:10:00+05:30,4319.2,4319.7,4315,4318.1,567
2026-09-24T13:15:00+05:30,4317.8,4320.5,4314.4,4314.9,764
2026-09-24T13:20:00+05:30,4314.9,4318.8,4313.7,4318.2,527
2026-09-24T13:25:00+05:30,4318.2,4318.3,4310.8,4313.4,913
2026-09-24T13:30:00+05:30,4313.2,4319.6,4312.4,4319.2,1274
2026-09-24T13:35:00+05:30,4319.2,4320.4,4315.9,4317.1,509
2026-09-24T13:40:00+05:30,4317.3,4317.9,4310.8,4311.6,768
2026-09-24T13:45:00+05:30,4311.8,4313.6,4301.8,4305.5,2707
2026-09-24T13:50:00+05:30,4305.3,4308.1,4298.3,4300,1963
2026-09-24T13:55:00+05:30,4300,4301.6,4296.5,4298.6,1912
2026-09-24T14:00:00+05:30,4298.7,4308.3,4297.6,4301.6,2026
2026-09-24T14:05:00+05:30,4301.8,4303.4,4298.8,4302.7,971
2026-09-24T14:10:00+05:30,4302.4,4304.6,4300.5,4302.6,872
2026-09-24T14:15:00+05:30,4303.5,4305.1,4301.1,4302.2,654
2026-09-24T14:20:00+05:30,4301.4,4302.5,4295.8,4296.6,1135
2026-09-24T14:25:00+05:30,4296.8,4297.7,4294.9,4295.8,924
2026-09-24T14:30:00+05:30,4295.5,4301.8,4293,4293.7,1442
2026-09-24T14:35:00+05:30,4293.8,4299.2,4293.1,4297.6,806
2026-09-24T14:40:00+05:30,4297.6,4299.9,4295.1,4297.5,687
2026-09-24T14:45:00+05:30,4297.2,4299.8,4295.6,4297.3,633
2026-09-24T14:50:00+05:30,4297.4,4299.5,4295.4,4297.7,579
2026-09-24T14:55:00+05:30,4297.7,4298.4,4289.3,4289.5,1256
2026-09-24T15:00:00+05:30,4289.8,4294.8,4288.7,4292.2,1291
2026-09-24T15:05:00+05:30,4292,4294,4289.9,4292,566
2026-09-24T15:10:00+05:30,4291.7,4292.4,4284.9,4286.4,1363
2026-09-24T15:15:00+05:30,4286.3,4290.5,4286.2,4287,1010
2026-09-24T15:20:00+05:30,4287.2,4290.8,4287,4288.2,567
2026-09-24T15:25:00+05:30,4288.1,4290.6,4287.9,4289.9,484
2026-09-24T15:30:00+05:30,4289.8,4293.9,4288,4288.1,922
2026-09-24T15:35:00+05:30,4287.9,4288.4,4284.5,4287.2,888
2026-09-24T15:40:00+05:30,4287.2,4292,4285.9,4286.6,1334
2026-09-24T15:45:00+05:30,4286.5,4289.5,4283.5,4286.3,1079
2026-09-24T15:50:00+05:30,4286.7,4287.6,4281.6,4282.1,1309
2026-09-24T15:55:00+05:30,4282,4286.8,4278.5,4279.9,2198
2026-09-24T16:00:00+05:30,4280.1,4288.9,4278.2,4288.3,1638
2026-09-24T16:05:00+05:30,4288.5,4297,4288,4294.9,1706
2026-09-24T16:10:00+05:30,4294.9,4297,4292.2,4292.7,1179
2026-09-24T16:15:00+05:30,4292.8,4299.2,4292.2,4297.2,1365
2026-09-24T16:20:00+05:30,4297.1,4298.2,4291.4,4291.6,753
2026-09-24T16:25:00+05:30,4291.4,4294.3,4290.1,4292.7,535
2026-09-24T16:30:00+05:30,4292.4,4295,4290.3,4290.4,525
2026-09-24T16:35:00+05:30,4290.2,4291.3,4286.3,4289.1,699
2026-09-24T16:40:00+05:30,4289.2,4293.7,4288.4,4293.1,817
2026-09-24T16:45:00+05:30,4293.1,4298.4,4290.9,4296,1545
2026-09-24T16:50:00+05:30,4296,4302.4,4296,4300.5,1428
2026-09-24T16:55:00+05:30,4300.5,4302.3,4298,4298.1,1003
2026-09-24T17:00:00+05:30,4298.2,4300.5,4295.8,4296,655
2026-09-24T17:05:00+05:30,4296,4297,4292.5,4294.4,1026
2026-09-24T17:10:00+05:30,4294.5,4295.8,4293,4295.2,333
2026-09-24T17:15:00+05:30,4295.2,4296,4294.1,4295.1,395
2026-09-24T17:20:00+05:30,4295.2,4296,4293.4,4295,441
2026-09-24T17:25:00+05:30,4295.3,4300.9,4293.9,4300.5,987
2026-09-24T17:30:00+05:30,4300.3,4301.8,4294.9,4296.3,1323
2026-09-24T17:35:00+05:30,4296.4,4300.9,4295.4,4299.6,538
2026-09-24T17:40:00+05:30,4299.8,4304.4,4298.8,4303.2,1212
2026-09-24T17:45:00+05:30,4303.1,4305.7,4302,4303.6,998
2026-09-24T17:50:00+05:30,4303.7,4306.6,4301,4304.4,1373
2026-09-24T17:55:00+05:30,4304.5,4306.4,4301.5,4305.9,1129
2026-09-24T18:00:00+05:30,4305.9,4307.6,4300.4,4301.4,1607
2026-09-24T18:05:00+05:30,4301.3,4303.8,4299.1,4303.1,1150
2026-09-24T18:10:00+05:30,4302.8,4309,4302.6,4306.6,1499
2026-09-24T18:15:00+05:30,4306.6,4309.6,4305.8,4309,1022
2026-09-24T18:20:00+05:30,4309.1,4315.4,4307.1,4315,2406
2026-09-24T18:25:00+05:30,4315,4318.3,4313.9,4315.9,1934
2026-09-24T18:30:00+05:30,4316,4320.3,4314,4315.1,2439
2026-09-24T18:35:00+05:30,4315.2,4317.6,4311.7,4314.5,1629
2026-09-24T18:40:00+05:30,4314.2,4318,4312.3,4313,1136
2026-09-24T18:45:00+05:30,4313.2,4314,4311,4313,1240
2026-09-24T18:50:00+05:30,4313,4314.3,4310.6,4312.2,740
2026-09-24T18:55:00+05:30,4312.2,4313.3,4310,4311.4,1141
2026-09-24T19:00:00+05:30,4311.5,4313,4307,4307.7,2520
2026-09-24T19:05:00+05:30,4308,4311.1,4304.7,4306.7,3228
2026-09-24T19:10:00+05:30,4306.3,4309,4302.3,4308.3,2483
2026-09-24T19:15:00+05:30,4308.3,4311.7,4305.2,4306.2,1872
2026-09-24T19:20:00+05:30,4305.9,4307,4300.9,4301.5,2452
2026-09-24T19:25:00+05:30,4301.2,4304.2,4299.5,4302.9,2140
2026-09-24T19:30:00+05:30,4302.9,4306.2,4300.4,4305.8,2430
2026-09-24T19:35:00+05:30,4306.1,4308.6,4302.8,4305.2,2152
2026-09-24T19:40:00+05:30,4305.6,4306.9,4302,4304.7,1230
2026-09-24T19:45:00+05:30,4305,4306.9,4298.1,4299.9,2986
2026-09-24T19:50:00+05:30,4299.9,4299.9,4295.8,4298.6,2242
2026-09-24T19:55:00+05:30,4298.4,4304,4296.9,4302.2,2095
2026-09-24T20:00:00+05:30,4302.4,4302.4,4291.4,4296.6,3215
2026-09-24T20:05:00+05:30,4296.6,4297.4,4290.1,4291.7,1783
2026-09-24T20:10:00+05:30,4291.9,4292.4,4288.8,4291.5,1987
2026-09-24T20:15:00+05:30,4291.5,4293.5,4289.3,4292.4,1474
2026-09-24T20:20:00+05:30,4292.3,4297.5,4292.3,4294.9,1921
2026-09-24T20:25:00+05:30,4294.9,4295,4287.2,4288.1,2205
2026-09-24T20:30:00+05:30,4288.3,4289.3,4284.6,4285.9,2732
2026-09-24T20:35:00+05:30,4285.8,4286.9,4283.4,4284.9,1969
2026-09-24T20:40:00+05:30,4284.8,4286.4,4279.6,4282.1,2701
2026-09-24T20:45:00+05:30,4282.1,4288.9,4281.3,4285.4,2471
2026-09-24T20:50:00+05:30,4285.2,4290.7,4284.6,4290.3,1815
2026-09-24T20:55:00+05:30,4290.4,4290.7,4283.9,4285.4,1556
2026-09-24T21:00:00+05:30,4285.4,4286,4281.3,4283,1482
2026-09-24T21:05:00+05:30,4282.7,4289,4281.7,4289,1623
2026-09-24T21:10:00+05:30,4288.7,4290.5,4287,4290.1,1211
2026-09-24T21:15:00+05:30,4290,4292,4287.9,4289.3,2043
2026-09-24T21:20:00+05:30,4289.3,4295.4,4288.7,4292.3,1769
2026-09-24T21:25:00+05:30,4292.5,4292.7,4289.5,4291.4,843
2026-09-24T21:30:00+05:30,4291.5,4293.5,4288.9,4293.1,1123
2026-09-24T21:35:00+05:30,4293,4293,4287.1,4287.8,1120
2026-09-24T21:40:00+05:30,4287.8,4294.3,4287.6,4294.1,1167
2026-09-24T21:45:00+05:30,4294.2,4324,4292.8,4309.5,11720
2026-09-24T21:50:00+05:30,4310,4316.9,4306.4,4311.3,3497
2026-09-24T21:55:00+05:30,4311.6,4313.4,4307,4310.8,1725
2026-09-24T22:00:00+05:30,4311.2,4313.3,4304.1,4308.9,2148
2026-09-24T22:05:00+05:30,4309,4314,4307.9,4312.6,1158
2026-09-24T22:10:00+05:30,4312.4,4320.7,4309.4,4309.5,2751
2026-09-24T22:15:00+05:30,4309.6,4312.8,4307.8,4310.2,1558
2026-09-24T22:20:00+05:30,4310.7,4314,4305.8,4308,1550
2026-09-24T22:25:00+05:30,4307.9,4311.5,4307.9,4308.1,857
2026-09-24T22:30:00+05:30,4308,4313.1,4303.9,4307.1,2496
2026-09-24T22:35:00+05:30,4307.4,4309.3,4305,4306.5,659
2026-09-24T22:40:00+05:30,4306.1,4307.1,4301.4,4306.4,1759
2026-09-24T22:45:00+05:30,4306.4,4306.5,4296.2,4297.7,1893
2026-09-24T22:50:00+05:30,4297.8,4301.1,4295.7,4296.7,1353
2026-09-24T22:55:00+05:30,4296.3,4298.6,4294.5,4298.5,1494
2026-09-24T23:00:00+05:30,4298.3,4302.6,4297.9,4298.2,1225
2026-09-24T23:05:00+05:30,4298.2,4299.1,4296.7,4297.7,634
2026-09-24T23:10:00+05:30,4297.9,4298.4,4293.3,4294.2,1018
2026-09-24T23:15:00+05:30,4294.1,4296.1,4293.1,4294.1,705
2026-09-24T23:20:00+05:30,4293.9,4296.7,4293.5,4296,606
2026-09-24T23:25:00+05:30,4296.2,4301.5,4295.8,4300.2,1020
2026-09-24T23:30:00+05:30,4300.2,4301,4291.2,4292.9,2194
2026-09-24T23:35:00+05:30,4292.7,4298.5,4292.3,4297.1,1219
2026-09-24T23:40:00+05:30,4297.5,4305.1,4297.5,4304.9,1732
2026-09-24T23:45:00+05:30,4304.9,4307.4,4302.9,4304.1,997
2026-09-24T23:50:00+05:30,4304.3,4305.2,4302,4304.4,572
2026-09-24T23:55:00+05:30,4304.2,4310.6,4303.6,4309.8,1770
2026-09-25T00:00:00+05:30,4309.5,4312.3,4305.4,4305.5,1260
2026-09-25T00:05:00+05:30,4305.6,4317.2,4302.6,4312.9,2968
2026-09-25T00:10:00+05:30,4312.3,4313,4304.7,4306.8,1005
2026-09-25T00:15:00+05:30,4306.8,4308.4,4305.7,4307.9,385
2026-09-25T00:20:00+05:30,4307.9,4312.5,4307.4,4308.5,977
2026-09-25T00:25:00+05:30,4308.5,4310,4306.6,4307,533
2026-09-25T00:30:00+05:30,4307,4308.1,4302,4303.7,1476
2026-09-25T00:35:00+05:30,4303.5,4305.6,4303.2,4304.7,423
2026-09-25T00:40:00+05:30,4304.7,4304.9,4302.4,4302.6,358
2026-09-25T00:45:00+05:30,4302.5,4306.3,4302.5,4306,554
2026-09-25T00:50:00+05:30,4306.1,4309.6,4304.3,4309.6,582
2026-09-25T00:55:00+05:30,4309.3,4310.8,4306.6,4307.3,770
2026-09-25T01:00:00+05:30,4307.4,4308.6,4306.3,4308,372
2026-09-25T01:05:00+05:30,4307.9,4310.9,4306.7,4310.8,461
2026-09-25T01:10:00+05:30,4310.6,4310.9,4308.7,4309.4,602
2026-09-25T01:15:00+05:30,4309.4,4311,4308.1,4308.5,432
2026-09-25T01:20:00+05:30,4308.6,4310,4307.5,4309.8,474
2026-09-25T01:25:00+05:30,4309.7,4310.1,4307.7,4309.2,578
2026-09-25T01:30:00+05:30,4309.2,4309.9,4306.6,4307.1,453
2026-09-25T01:35:00+05:30,4307.4,4307.8,4305.3,4305.5,226
2026-09-25T01:40:00+05:30,4305.6,4308.2,4304.9,4305,317
2026-09-25T01:45:00+05:30,4305.1,4305.8,4300,4300.4,744
2026-09-25T01:50:00+05:30,4300.5,4302.2,4299.5,4301,502
2026-09-25T01:55:00+05:30,4300.9,4302.4,4299.7,4300.9,356
2026-09-25T02:00:00+05:30,4300.8,4302.5,4300.4,4302,334
2026-09-25T02:05:00+05:30,4302.1,4304,4301.2,4304,319
2026-09-25T02:10:00+05:30,4304.2,4307,4304,4306.1,383
2026-09-25T02:15:00+05:30,4306.4,4308.2,4305.7,4307.3,337
2026-09-25T02:20:00+05:30,4307.3,4308.6,4306.6,4308.5,305
2026-09-25T02:25:00+05:30,4308.4,4311,4308.2,4310.3,377
2026-09-25T03:30:00+05:30,4310,4312.8,4305.3,4310.2,570
2026-09-25T03:35:00+05:30,4310.3,4310.5,4307,4307.6,369
2026-09-25T03:40:00+05:30,4307.5,4307.5,4305.6,4306.3,267
2026-09-25T03:45:00+05:30,4306,4306.5,4303.5,4303.8,273
2026-09-25T03:50:00+05:30,4303.7,4305.6,4303,4305.6,360
2026-09-25T03:55:00+05:30,4305.4,4307.1,4305,4306.3,275
2026-09-25T04:00:00+05:30,4306.5,4308.9,4306,4307,397
2026-09-25T04:05:00+05:30,4307.2,4307.4,4304.6,4305.2,428
2026-09-25T04:10:00+05:30,4305.2,4307.8,4304.2,4306,626
2026-09-25T04:15:00+05:30,4305.8,4307.5,4305.7,4306.6,131
2026-09-25T04:20:00+05:30,4306.5,4307.8,4305.8,4307.2,201
2026-09-25T04:25:00+05:30,4307.2,4309.8,4306.8,4307.5,574
2026-09-25T04:30:00+05:30,4307.4,4310.3,4307.3,4308.8,408
2026-09-25T04:35:00+05:30,4309.1,4310.2,4306.8,4308.3,995
2026-09-25T04:40:00+05:30,4308.2,4309.9,4307.2,4308.4,661
2026-09-25T04:45:00+05:30,4308.3,4310.4,4306.6,4308.8,632
2026-09-25T04:50:00+05:30,4308.4,4309.5,4307.6,4308.5,229
2026-09-25T04:55:00+05:30,4308.3,4308.3,4306.9,4307.4,242
2026-09-25T05:00:00+05:30,4307.4,4309.7,4305.8,4308,617
2026-09-25T05:05:00+05:30,4307.8,4311.4,4307.6,4309.4,545
2026-09-25T05:10:00+05:30,4309.7,4310.2,4308.6,4309.6,281
2026-09-25T05:15:00+05:30,4309.6,4309.6,4306.6,4306.7,255
2026-09-25T05:20:00+05:30,4306.8,4306.8,4301.3,4302.6,838
2026-09-25T05:25:00+05:30,4302.5,4302.8,4299.8,4299.9,761
2026-09-25T05:30:00+05:30,4300,4305.5,4299.2,4305,1111
2026-09-25T05:35:00+05:30,4304.9,4305.3,4301.9,4303.6,549
2026-09-25T05:40:00+05:30,4303.7,4304.4,4300.5,4301.3,480
2026-09-25T05:45:00+05:30,4301.1,4303.8,4299.6,4302.6,694
2026-09-25T05:50:00+05:30,4302.8,4305.3,4301.3,4303.9,567
2026-09-25T05:55:00+05:30,4304,4305.5,4303,4305.3,458
2026-09-25T06:00:00+05:30,4305.4,4305.5,4302,4304.4,594
2026-09-25T06:05:00+05:30,4304.5,4305.4,4303.5,4304.3,336
2026-09-25T06:10:00+05:30,4304.2,4307.3,4304.2,4306,573
2026-09-25T06:15:00+05:30,4306.1,4308.4,4304.9,4308,681
2026-09-25T06:20:00+05:30,4308.2,4309.7,4306.9,4307.8,911
2026-09-25T06:25:00+05:30,4307.8,4316.2,4307.6,4313.3,1851
2026-09-25T06:30:00+05:30,4313.2,4318.5,4311.5,4316.1,1890
2026-09-25T06:35:00+05:30,4315.8,4320.2,4315,4319.1,1235
2026-09-25T06:40:00+05:30,4319.3,4325.7,4318.7,4324.8,1980
2026-09-25T06:45:00+05:30,4324.8,4326.8,4323.3,4324.7,1693
2026-09-25T06:50:00+05:30,4324.6,4328.8,4324.4,4328,1508
2026-09-25T06:55:00+05:30,4327.9,4329.7,4327.1,4329,871
2026-09-25T07:00:00+05:30,4328.8,4330.4,4326.5,4327.7,1225
2026-09-25T07:05:00+05:30,4327.4,4331,4326.5,4329.9,824
2026-09-25T07:10:00+05:30,4329.9,4331.1,4327.6,4327.8,626
2026-09-25T07:15:00+05:30,4327.8,4328,4322.8,4323.4,1638
2026-09-25T07:20:00+05:30,4323.5,4323.6,4321.4,4322.8,1272
2026-09-25T07:25:00+05:30,4322.8,4324.5,4322.3,4323.2,628
2026-09-25T07:30:00+05:30,4323.3,4328,4323.2,4326.6,1216
2026-09-25T07:35:00+05:30,4326.4,4330.6,4326.1,4330.1,922
2026-09-25T07:40:00+05:30,4329.9,4330.1,4325.2,4325.5,992
2026-09-25T07:45:00+05:30,4325.4,4326.3,4323,4325.7,974
2026-09-25T07:50:00+05:30,4325.6,4327.9,4325.2,4325.6,820
2026-09-25T07:55:00+05:30,4325.7,4325.7,4323,4323.4,491
2026-09-25T08:00:00+05:30,4323.3,4323.9,4322.1,4322.7,652
2026-09-25T08:05:00+05:30,4322.8,4323.4,4319.2,4320.6,1395
2026-09-25T08:10:00+05:30,4320.4,4323,4317.3,4321.4,1661
2026-09-25T08:15:00+05:30,4321.1,4321.6,4316,4316,1120
2026-09-25T08:20:00+05:30,4316,4317.8,4312.8,4317.8,1780
2026-09-25T08:25:00+05:30,4317.5,4319.3,4316.5,4319,930
2026-09-25T08:30:00+05:30,4319.2,4320,4317.2,4318.9,836
2026-09-25T08:35:00+05:30,4318.9,4322,4318.5,4320.1,1170
2026-09-25T08:40:00+05:30,4319.7,4319.9,4317.5,4317.8,562
2026-09-25T08:45:00+05:30,4318,4319.9,4317.6,4319.1,387
2026-09-25T08:50:00+05:30,4319,4319.9,4317.3,4317.8,377
2026-09-25T08:55:00+05:30,4317.6,4318.3,4313,4313,1103
2026-09-25T09:00:00+05:30,4313.2,4313.4,4310.9,4311.3,1029
2026-09-25T09:05:00+05:30,4311.6,4311.9,4308.5,4309.6,1248
2026-09-25T09:10:00+05:30,4309.6,4311.2,4308.4,4308.4,595
2026-09-25T09:15:00+05:30,4308.6,4309.1,4305.9,4306.6,904
2026-09-25T09:20:00+05:30,4306.3,4308.1,4306.1,4306.8,528
2026-09-25T09:25:00+05:30,4306.9,4307.1,4304.3,4305,686
2026-09-25T09:30:00+05:30,4304.9,4306.1,4303,4305.9,1058
2026-09-25T09:35:00+05:30,4305.9,4306.7,4303.8,4305.6,782
2026-09-25T09:40:00+05:30,4305.4,4305.5,4302.7,4303,409
2026-09-25T09:45:00+05:30,4303,4304.6,4302.1,4303.1,608
2026-09-25T09:50:00+05:30,4303.1,4305.5,4302.9,4305.3,389
2026-09-25T09:55:00+05:30,4305.3,4306.7,4304.5,4306,760
2026-09-25T10:00:00+05:30,4306,4307,4305.1,4306.4,596
2026-09-25T10:05:00+05:30,4306.2,4307.2,4305,4305.6,298
2026-09-25T10:10:00+05:30,4305.5,4308.4,4305.5,4306.9,499
2026-09-25T10:15:00+05:30,4307.1,4308.3,4304.5,4304.7,566
2026-09-25T10:20:00+05:30,4304.6,4304.8,4301.5,4302.7,1128
2026-09-25T10:25:00+05:30,4302.7,4302.9,4296.2,4297.4,1778
2026-09-25T10:30:00+05:30,4297.3,4298.6,4293,4294.1,1512
2026-09-25T10:35:00+05:30,4294.2,4297.3,4293.3,4294.3,855
2026-09-25T10:40:00+05:30,4294.2,4294.9,4290.1,4291.5,1452
2026-09-25T10:45:00+05:30,4291.4,4295.4,4291.2,4294.9,736
2026-09-25T10:50:00+05:30,4294.8,4296.2,4293.6,4294,576
2026-09-25T10:55:00+05:30,4294.1,4299.5,4294.1,4298.5,799
2026-09-25T11:00:00+05:30,4298.4,4308.4,4297.3,4303.4,2134
2026-09-25T11:05:00+05:30,4303.7,4311.5,4299.9,4308,2617
2026-09-25T11:10:00+05:30,4308.2,4310.2,4306.6,4309.2,912
2026-09-25T11:15:00+05:30,4309.2,4310.5,4305,4305.5,872
2026-09-25T11:20:00+05:30,4305.8,4307,4302.5,4303.2,889
2026-09-25T11:25:00+05:30,4302.9,4303.3,4300.3,4301.5,674
2026-09-25T11:30:00+05:30,4301.1,4306.6,4300.5,4306.3,1168
2026-09-25T11:35:00+05:30,4306.6,4307,4301.9,4302.9,513
2026-09-25T11:40:00+05:30,4303.1,4310.4,4303.1,4308.8,1117
2026-09-25T11:45:00+05:30,4309.1,4316.4,4309,4313,1811
2026-09-25T11:50:00+05:30,4312.9,4316.3,4310.4,4313.4,1136
2026-09-25T11:55:00+05:30,4313.6,4314.3,4308.9,4310.2,861
2026-09-25T12:00:00+05:30,4310.2,4311.9,4309.6,4311.7,364
2026-09-25T12:05:00+05:30,4311.7,4312.8,4309.6,4312.1,395
2026-09-25T12:10:00+05:30,4312.3,4313.4,4311.3,4312.5,273
2026-09-25T12:15:00+05:30,4312.1,4313.2,4310.4,4312.1,353
2026-09-25T12:20:00+05:30,4311.9,4312.3,4309.5,4311.7,542
2026-09-25T12:25:00+05:30,4311.3,4313.2,4309.9,4311,367
2026-09-25T12:30:00+05:30,4311,4315.8,4308.5,4309.3,1084
2026-09-25T12:35:00+05:30,4309.4,4314.7,4308.9,4312.3,589
2026-09-25T12:40:00+05:30,4312.1,4313.1,4309.5,4311,430
2026-09-25T12:45:00+05:30,4311,4312.8,4307.6,4307.8,742
2026-09-25T12:50:00+05:30,4308.2,4310.9,4307.3,4309.2,561
2026-09-25T12:55:00+05:30,4309.8,4310.8,4306.7,4309.1,576
2026-09-25T13:00:00+05:30,4309,4313.6,4306.5,4310.4,927
2026-09-25T13:05:00+05:30,4310.8,4315.5,4310.7,4311.6,775
2026-09-25T13:10:00+05:30,4311.4,4312.7,4309.7,4311.8,353
2026-09-25T13:15:00+05:30,4311.9,4315.9,4311.9,4314,530
2026-09-25T13:20:00+05:30,4313.9,4315.5,4312.8,4313.2,363
2026-09-25T13:25:00+05:30,4313.2,4317.1,4313.1,4314.6,649
2026-09-25T13:30:00+05:30,4315,4316.7,4309.8,4310.3,796
2026-09-25T13:35:00+05:30,4310.4,4314.2,4310.3,4313.3,444
2026-09-25T13:40:00+05:30,4313.3,4317.5,4313.3,4316.7,665
2026-09-25T13:45:00+05:30,4316.9,4319.6,4315.6,4316.3,801
2026-09-25T13:50:00+05:30,4316.3,4316.7,4314.2,4316.5,435
2026-09-25T13:55:00+05:30,4316.4,4320,4313.7,4319.4,570
2026-09-25T14:00:00+05:30,4319.1,4324.5,4318.8,4322.9,935
2026-09-25T14:05:00+05:30,4322.7,4324.2,4320.3,4322.1,692
2026-09-25T14:10:00+05:30,4322.2,4327.8,4321.5,4327.6,1030
2026-09-25T14:15:00+05:30,4327.6,4333,4325.4,4326.7,2160
2026-09-25T14:20:00+05:30,4326.5,4329,4325.6,4327.9,728
2026-09-25T14:25:00+05:30,4327.7,4330.3,4327.5,4328.9,708
2026-09-25T14:30:00+05:30,4328.8,4333.3,4328.4,4330.8,1199
2026-09-25T14:35:00+05:30,4331,4333.7,4329.4,4332.8,684
2026-09-25T14:40:00+05:30,4332.9,4332.9,4329.3,4329.3,775
2026-09-25T14:45:00+05:30,4329.5,4331.1,4326.5,4329.3,1198
2026-09-25T14:50:00+05:30,4328.7,4332.5,4327.7,4332,796
2026-09-25T14:55:00+05:30,4331.9,4332.2,4325.4,4326.4,866
2026-09-25T15:00:00+05:30,4326.3,4333.3,4325.8,4332.3,1209
2026-09-25T15:05:00+05:30,4332.4,4332.8,4328.1,4329.7,799
2026-09-25T15:10:00+05:30,4329.7,4331.2,4327.9,4330.6,582
2026-09-25T15:15:00+05:30,4330.4,4330.8,4327.1,4328,432
2026-09-25T15:20:00+05:30,4328.5,4329.5,4326.9,4328.4,534
2026-09-25T15:25:00+05:30,4328.8,4331,4326.7,4330.9,573
2026-09-25T15:30:00+05:30,4330.7,4332.2,4329.5,4330.9,511
2026-09-25T15:35:00+05:30,4330.8,4339.9,4330.8,4336.9,2061
2026-09-25T15:40:00+05:30,4337.3,4343.8,4335.1,4342.9,1717
2026-09-25T15:45:00+05:30,4343,4343.1,4339.2,4340.7,800
2026-09-25T15:50:00+05:30,4340.8,4344.6,4340.3,4342.2,765
2026-09-25T15:55:00+05:30,4341.8,4345.4,4341.6,4344.1,723
2026-09-25T16:00:00+05:30,4344.2,4344.6,4340.7,4341.4,697
2026-09-25T16:05:00+05:30,4341.2,4342.9,4338.5,4339.4,613
2026-09-25T16:10:00+05:30,4339.1,4341.8,4338,4341,648
2026-09-25T16:15:00+05:30,4341.2,4342.1,4339.4,4341.4,542
2026-09-25T16:20:00+05:30,4341.3,4345.2,4339.9,4344.9,503
2026-09-25T16:25:00+05:30,4344.9,4347.5,4344.5,4346.8,944
2026-09-25T16:30:00+05:30,4346.9,4348.2,4345.1,4346.1,681
2026-09-25T16:35:00+05:30,4346.1,4350.8,4345.9,4350.1,1104
2026-09-25T16:40:00+05:30,4350.3,4351.6,4347,4348.1,1097
2026-09-25T16:45:00+05:30,4348.4,4350.2,4346.4,4346.9,863
2026-09-25T16:50:00+05:30,4346.8,4347.3,4344.2,4346.2,992
2026-09-25T16:55:00+05:30,4346.1,4346.4,4340.8,4341,834
2026-09-25T17:00:00+05:30,4340.9,4342.9,4339.4,4340.4,887
2026-09-25T17:05:00+05:30,4340.4,4345.2,4336,4336.1,1718
2026-09-25T17:10:00+05:30,4336.1,4338.1,4335.9,4338,878
2026-09-25T17:15:00+05:30,4337.8,4340.5,4336.4,4339,853
2026-09-25T17:20:00+05:30,4339,4341,4338.7,4339.3,511
2026-09-25T17:25:00+05:30,4339.6,4341.5,4338.5,4338.7,595
2026-09-25T17:30:00+05:30,4339,4340.6,4337.6,4340,686
2026-09-25T17:35:00+05:30,4339.9,4340.8,4337.1,4339.6,642
2026-09-25T17:40:00+05:30,4339.5,4340.1,4333.9,4335.7,1394
2026-09-25T17:45:00+05:30,4335.8,4337.5,4333.4,4335.6,955
2026-09-25T17:50:00+05:30,4335.6,4343.2,4333.1,4339.4,2192
2026-09-25T17:55:00+05:30,4339.2,4345.4,4338.3,4342.7,1407
2026-09-25T18:00:00+05:30,4342.6,4343,4335.4,4338.3,1684
2026-09-25T18:05:00+05:30,4338,4339.1,4334.4,4338.6,1103
2026-09-25T18:10:00+05:30,4338.4,4339.3,4332.4,4337.4,1771
2026-09-25T18:15:00+05:30,4337.3,4344.9,4335.2,4337.3,2854
2026-09-25T18:20:00+05:30,4337.6,4338.5,4332.3,4334.6,1309
2026-09-25T18:25:00+05:30,4334.7,4335.7,4333,4333.9,613
2026-09-25T18:30:00+05:30,4333.7,4335.2,4327,4327.1,2437
2026-09-25T18:35:00+05:30,4327.6,4333.8,4327.2,4333,1528
2026-09-25T18:40:00+05:30,4333.1,4333.3,4327.7,4328,986
2026-09-25T18:45:00+05:30,4327.9,4329.3,4323.3,4325.7,1846
2026-09-25T18:50:00+05:30,4325.5,4326.2,4320.7,4321.3,1932
2026-09-25T18:55:00+05:30,4321.4,4321.6,4312.9,4313.4,2943
2026-09-25T19:00:00+05:30,4313.9,4317.4,4308.4,4315.3,4164
2026-09-25T19:05:00+05:30,4315.2,4319.9,4313.5,4316.5,2510
2026-09-25T19:10:00+05:30,4316.4,4318.1,4311.9,4314.6,1754
2026-09-25T19:15:00+05:30,4314.2,4316,4309.3,4313.1,2001
2026-09-25T19:20:00+05:30,4313,4318.7,4312.7,4315.7,1755
2026-09-25T19:25:00+05:30,4315.5,4316,4310.2,4311,1445
2026-09-25T19:30:00+05:30,4310.8,4313.3,4292.5,4293,6190
2026-09-25T19:35:00+05:30,4293,4302.3,4289.1,4301.4,5524
2026-09-25T19:40:00+05:30,4301.6,4302.7,4298.6,4302.6,1921
2026-09-25T19:45:00+05:30,4301.9,4302.8,4294.6,4301.6,2304
2026-09-25T19:50:00+05:30,4301.6,4305.8,4300.3,4303.5,2085
2026-09-25T19:55:00+05:30,4303.7,4306,4300.9,4301,1249
2026-09-25T20:00:00+05:30,4300.9,4302,4297.4,4300.4,1843
2026-09-25T20:05:00+05:30,4300,4308,4298.4,4306.7,1845
2026-09-25T20:10:00+05:30,4306.7,4308.3,4303.3,4308.1,1387
2026-09-25T20:15:00+05:30,4308.1,4314.4,4304.4,4312.5,2948
2026-09-25T20:20:00+05:30,4312.5,4313.9,4308,4311.8,1455
2026-09-25T20:25:00+05:30,4312.2,4315.6,4311,4314,1577
2026-09-25T20:30:00+05:30,4314.2,4317.3,4313.1,4317,1589
2026-09-25T20:35:00+05:30,4317.1,4317.7,4310.3,4310.3,1588
2026-09-25T20:40:00+05:30,4310.5,4315.3,4309,4314.9,1297
2026-09-25T20:45:00+05:30,4315.1,4316.1,4309.3,4309.8,1212
2026-09-25T20:50:00+05:30,4309.7,4315.1,4307,4310.6,2057
2026-09-25T20:55:00+05:30,4310.7,4316.5,4310.1,4314.4,1136
2026-09-25T21:00:00+05:30,4314.9,4321.9,4313.9,4317.5,3781
2026-09-25T21:05:00+05:30,4317.8,4318.4,4311.4,4311.5,1293
2026-09-25T21:10:00+05:30,4311.7,4314,4309.7,4310.1,1089
2026-09-25T21:15:00+05:30,4310.3,4310.7,4306.2,4306.4,2017
2026-09-25T21:20:00+05:30,4306.7,4315,4304.7,4312.4,2347
2026-09-25T21:25:00+05:30,4312.7,4326.6,4311,4326.4,3367
2026-09-25T21:30:00+05:30,4326.6,4335,4324.4,4330.2,5060
2026-09-25T21:35:00+05:30,4330.1,4336,4326.5,4329.3,3075
2026-09-25T21:40:00+05:30,4329.8,4331.5,4322.2,4325.8,2006
2026-09-25T21:45:00+05:30,4325.2,4327.9,4322.7,4324.2,1557
2026-09-25T21:50:00+05:30,4324.3,4325.8,4319.6,4323.8,1998
2026-09-25T21:55:00+05:30,4323.9,4328.3,4323,4327.5,1295
2026-09-25T22:00:00+05:30,4327.6,4328.6,4314.3,4319.3,3390
2026-09-25T22:05:00+05:30,4319.3,4324,4318.5,4322.9,1973
2026-09-25T22:10:00+05:30,4322.7,4324.6,4320,4322.1,856
2026-09-25T22:15:00+05:30,4322.3,4322.8,4317.3,4318.4,1024
2026-09-25T22:20:00+05:30,4318.4,4321.5,4318,4320.1,667
2026-09-25T22:25:00+05:30,4320.2,4323.5,4318.8,4321.4,1643
2026-09-25T22:30:00+05:30,4321.5,4327.6,4320.5,4325.9,1596
2026-09-25T22:35:00+05:30,4326.1,4328.2,4324.7,4327.8,865
2026-09-25T22:40:00+05:30,4327.8,4328.3,4326.1,4326.4,474
2026-09-25T22:45:00+05:30,4326.6,4327.1,4324,4325.7,614
2026-09-25T22:50:00+05:30,4325.8,4327.4,4324.6,4327.2,407
2026-09-25T22:55:00+05:30,4327.4,4328.4,4320,4321.5,1239
2026-09-25T23:00:00+05:30,4321.5,4322.9,4319,4320.1,863
2026-09-25T23:05:00+05:30,4319.9,4320.8,4314.5,4319.2,1967
2026-09-25T23:10:00+05:30,4319.2,4323.4,4318.6,4320.4,1082
2026-09-25T23:15:00+05:30,4320.3,4321.8,4316.9,4319.1,778
2026-09-25T23:20:00+05:30,4319.1,4319.5,4318,4319,431
2026-09-25T23:25:00+05:30,4318.8,4320.4,4317.1,4318,445
2026-09-25T23:30:00+05:30,4318.3,4319.4,4317.7,4318.1,313
2026-09-25T23:35:00+05:30,4318.1,4320.8,4317.8,4320.5,417
2026-09-25T23:40:00+05:30,4320.4,4320.9,4318.4,4319.9,380
2026-09-25T23:45:00+05:30,4319.6,4323.7,4319.3,4323.3,657
2026-09-25T23:50:00+05:30,4323.1,4324.5,4321.1,4323.8,571
2026-09-25T23:55:00+05:30,4323.9,4325.3,4319,4322.4,1724
2026-09-26T00:00:00+05:30,4322.3,4327.4,4322.2,4327.1,925
2026-09-26T00:05:00+05:30,4327.1,4329.3,4322.6,4322.8,1380
2026-09-26T00:10:00+05:30,4322.6,4326.9,4322.4,4326.7,795
2026-09-26T00:15:00+05:30,4326.9,4330.3,4325.6,4329.9,771
2026-09-26T00:20:00+05:30,4329.5,4331.3,4328.7,4329.4,876
2026-09-26T00:25:00+05:30,4329.6,4330.2,4328.1,4329.8,555
2026-09-26T00:30:00+05:30,4329.7,4330.8,4324.1,4324.6,1875
2026-09-26T00:35:00+05:30,4324.6,4329.5,4323.2,4328.4,742
2026-09-26T00:40:00+05:30,4328.5,4332.3,4327.4,4331.5,605
2026-09-26T00:45:00+05:30,4332,4332,4327.7,4327.7,561
2026-09-26T00:50:00+05:30,4327.8,4327.9,4324.6,4325.1,574
2026-09-26T00:55:00+05:30,4325.1,4325.3,4323,4324.2,677
2026-09-26T01:00:00+05:30,4324,4325.7,4323,4324.1,621
2026-09-26T01:05:00+05:30,4324.3,4329.7,4324.3,4328.6,1074
2026-09-26T01:10:00+05:30,4328.4,4329.1,4327.2,4327.7,445
2026-09-26T01:15:00+05:30,4327.9,4329.7,4327.5,4328,451
2026-09-26T01:20:00+05:30,4328.1,4329.2,4325.8,4326.4,809
2026-09-26T01:25:00+05:30,4326.5,4327.1,4324.9,4326.6,693
2026-09-26T01:30:00+05:30,4326.8,4327.7,4326.5,4326.8,397
2026-09-26T01:35:00+05:30,4326.8,4327.2,4325.4,4327,226
2026-09-26T01:40:00+05:30,4326.9,4327.4,4326,4326.2,225
2026-09-26T01:45:00+05:30,4326.2,4326.5,4325.2,4325.5,201
2026-09-26T01:50:00+05:30,4325.4,4325.7,4323.4,4324.4,440
2026-09-26T01:55:00+05:30,4324.2,4324.6,4322.5,4323,496
2026-09-26T02:00:00+05:30,4323,4323.3,4321.5,4322.2,465
2026-09-26T02:05:00+05:30,4322.3,4323.1,4321.1,4321.6,390
2026-09-26T02:10:00+05:30,4321.5,4322,4320.6,4320.8,303
2026-09-26T02:15:00+05:30,4320.7,4322.7,4320,4321.1,461
2026-09-26T02:20:00+05:30,4321,4323.1,4320.5,4321,299
2026-09-26T02:25:00+05:30,4320.8,4322.5,4320.2,4320.7,405