time,open,high,low,close,Volume
2026-08-31T14:12:00+05:30,4485.1,4486.8,4484.5,4485.9,438
2026-08-31T14:18:00+05:30,4485.8,4487.3,4483.6,4485.2,603
2026-08-31T14:24:00+05:30,4485,4486.4,4483.8,4485.6,214
2026-08-31T14:30:00+05:30,4485.9,4491.7,4485.8,4491.3,740
2026-08-31T14:36:00+05:30,4491.4,4491.5,4486,4489.2,713
2026-08-31T14:42:00+05:30,4489.2,4494.5,4488.9,4492.6,548
2026-08-31T14:48:00+05:30,4492.7,4493,4488.8,4489,491
2026-08-31T14:54:00+05:30,4488.9,4490.4,4487.9,4489.4,378
2026-08-31T15:00:00+05:30,4489.6,4495.2,4489.3,4493.6,685
2026-08-31T15:06:00+05:30,4493.5,4493.7,4491.2,4492.6,237
2026-08-31T15:12:00+05:30,4492.8,4495.6,4492.8,4494.1,306
2026-08-31T15:18:00+05:30,4494,4494.6,4491.3,4492.7,370
2026-08-31T15:24:00+05:30,4492.7,4496.1,4492.7,4496,309
2026-08-31T15:30:00+05:30,4496.1,4499,4495.1,4498.4,686
2026-08-31T15:36:00+05:30,4498.3,4504.3,4497.6,4497.8,1588
2026-08-31T15:42:00+05:30,4497.8,4503.1,4496.5,4498.4,925
2026-08-31T15:48:00+05:30,4498.4,4500.5,4497.2,4499.7,404
2026-08-31T15:54:00+05:30,4499.6,4499.7,4497.2,4499.1,357
2026-08-31T16:00:00+05:30,4498.9,4501.2,4498.1,4498.8,430
2026-08-31T16:06:00+05:30,4499.1,4502.2,4499.1,4500.6,432
2026-08-31T16:12:00+05:30,4500.6,4502.7,4499.2,4501.6,394
2026-08-31T16:18:00+05:30,4502.1,4506.6,4501.1,4505.2,922
2026-08-31T16:24:00+05:30,4505.2,4506.7,4504,4504.5,684
2026-08-31T16:30:00+05:30,4504.6,4507.8,4503.4,4504.5,828
2026-08-31T16:36:00+05:30,4504.2,4508.4,4503.8,4507.4,741
2026-08-31T16:42:00+05:30,4507.5,4507.7,4502.7,4505,643
2026-08-31T16:48:00+05:30,4505,4509,4504.9,4508.3,683
2026-08-31T16:54:00+05:30,4508.2,4515,4507.7,4513.8,1684
2026-08-31T17:00:00+05:30,4514,4515,4507.4,4508.5,1272
2026-08-31T17:06:00+05:30,4508.5,4510.7,4505.3,4506.4,1137
2026-08-31T17:12:00+05:30,4506.6,4507,4503.6,4504.2,823
2026-08-31T17:18:00+05:30,4504.5,4505.7,4503.1,4503.2,684
2026-08-31T17:24:00+05:30,4503.5,4507.2,4503.3,4506.1,630
2026-08-31T17:30:00+05:30,4506.3,4510.3,4505.8,4508.9,1075
2026-08-31T17:36:00+05:30,4508.8,4511.9,4500.7,4507.1,2416
2026-08-31T17:42:00+05:30,4507.3,4510.7,4505.7,4508,949
2026-08-31T17:48:00+05:30,4508.1,4509.7,4500.9,4501.1,1237
2026-08-31T17:54:00+05:30,4501.3,4505.3,4497.3,4498.4,1965
2026-08-31T18:00:00+05:30,4498.4,4500.8,4495.3,4496.3,1640
2026-08-31T18:06:00+05:30,4496.6,4498,4490,4490.6,2124
2026-08-31T18:12:00+05:30,4490.8,4493.6,4487,4488.1,1796
2026-08-31T18:18:00+05:30,4488,4492.8,4486.7,4488.7,1429
2026-08-31T18:24:00+05:30,4488.5,4490.7,4486.3,4486.9,1246
2026-08-31T18:30:00+05:30,4486.9,4491.4,4484.7,4489.6,2197
2026-08-31T18:36:00+05:30,4489.6,4498,4489.4,4496.2,2302
2026-08-31T18:42:00+05:30,4496.5,4499.6,4492.3,4494.9,1676
2026-08-31T18:48:00+05:30,4495,4496,4490.3,4492.4,1051
2026-08-31T18:54:00+05:30,4492.4,4498.5,4490.4,4497.1,1411
2026-08-31T19:00:00+05:30,4497.4,4498.7,4486.9,4488.3,2317
2026-08-31T19:06:00+05:30,4488.3,4494.4,4486.2,4486.8,2277
2026-08-31T19:12:00+05:30,4487,4488.5,4476.2,4482.4,4359
2026-08-31T19:18:00+05:30,4482.6,4483.2,4469.9,4473.4,4093
2026-08-31T19:24:00+05:30,4473.5,4476,4466.3,4469.3,3040
2026-08-31T19:30:00+05:30,4469.3,4475.9,4466.8,4475.7,3170
2026-08-31T19:36:00+05:30,4475.7,4478.6,4471.6,4474,2632
2026-08-31T19:42:00+05:30,4473.6,4481.6,4472.8,4479.8,1928
2026-08-31T19:48:00+05:30,4479.9,4481.4,4470.9,4471,2149
2026-08-31T19:54:00+05:30,4471.1,4473.8,4466.8,4470.7,2253
2026-08-31T20:00:00+05:30,4470.6,4480.3,4469.7,4479.5,2484
2026-08-31T20:06:00+05:30,4479.3,4487.3,4478.5,4484.2,3099
2026-08-31T20:12:00+05:30,4483.8,4486.3,4481.7,4485.1,1631
2026-08-31T20:18:00+05:30,4485.2,4485.6,4475.9,4480.6,2156
2026-08-31T20:24:00+05:30,4480.7,4486.5,4480.6,4481.4,1949
2026-08-31T20:30:00+05:30,4481.6,4486.8,4477.7,4478.9,2231
2026-08-31T20:36:00+05:30,4479,4486.1,4478.1,4483.4,1787
2026-08-31T20:42:00+05:30,4482.6,4488.6,4479.6,4481.5,2174
2026-08-31T20:48:00+05:30,4481.4,4485.5,4478.8,4481.5,1535
2026-08-31T20:54:00+05:30,4481.5,4484.6,4480.1,4482.7,874
2026-08-31T21:00:00+05:30,4482.4,4484.2,4478.1,4480.2,1272
2026-08-31T21:06:00+05:30,4480.6,4482.5,4476.8,4480.1,1107
2026-08-31T21:12:00+05:30,4480,4481.7,4475.6,4479.7,1342
2026-08-31T21:18:00+05:30,4480.4,4483.5,4477.6,4477.7,1103
2026-08-31T21:24:00+05:30,4478,4478.8,4474,4475.6,1410
2026-08-31T21:30:00+05:30,4476,4483.1,4472.8,4481.3,1920
2026-08-31T21:36:00+05:30,4481.3,4485.9,4480.9,4485,1274
2026-08-31T21:42:00+05:30,4484.9,4487.2,4482.5,4484.6,967
2026-08-31T21:48:00+05:30,4485.1,4486.2,4482.9,4485,529
2026-08-31T21:54:00+05:30,4485,4488.8,4484,4488.4,800
2026-08-31T22:00:00+05:30,4488.4,4490.6,4484.4,4484.8,1440
2026-08-31T22:06:00+05:30,4484.3,4487.2,4480.9,4487.1,1168
2026-08-31T22:12:00+05:30,4487.1,4487.4,4481.9,4482.9,723
2026-08-31T22:18:00+05:30,4482.5,4487.2,4482,4484.6,555
2026-08-31T22:24:00+05:30,4484.4,4484.5,4481.8,4482.5,527
2026-08-31T22:30:00+05:30,4482.7,4484.4,4480.4,4481.1,791
2026-08-31T22:36:00+05:30,4481.2,4483.6,4480.1,4483.3,573
2026-08-31T22:42:00+05:30,4483.5,4485.1,4482.3,4484.9,540
2026-08-31T22:48:00+05:30,4484.8,4486.6,4482.2,4483.5,694
2026-08-31T22:54:00+05:30,4483.4,4484.3,4477.9,4479.8,1910
2026-08-31T23:00:00+05:30,4479.7,4484.8,4479,4484.2,795
2026-08-31T23:06:00+05:30,4484.2,4484.9,4482.2,4483.7,517
2026-08-31T23:12:00+05:30,4483.7,4488,4483.7,4487.5,780
2026-08-31T23:18:00+05:30,4487.6,4489.7,4487.5,4487.8,669
2026-08-31T23:24:00+05:30,4487.9,4488.4,4485,4486,629
2026-08-31T23:30:00+05:30,4486.1,4486.2,4479.4,4481.3,1099
2026-08-31T23:36:00+05:30,4481.2,4482.1,4479.8,4481.3,472
2026-08-31T23:42:00+05:30,4481,4484.1,4480.9,4481.5,588
2026-08-31T23:48:00+05:30,4482,4482.4,4480.8,4482.2,290
2026-08-31T23:54:00+05:30,4481.9,4482.7,4478.9,4479.1,697
2026-09-01T00:00:00+05:30,4478.9,4479,4475.4,4476.3,1088
2026-09-01T00:06:00+05:30,4476.1,4479.6,4476.1,4477.5,504
2026-09-01T00:12:00+05:30,4477.4,4480.7,4476.7,4480.5,478
2026-09-01T00:18:00+05:30,4480.1,4484,4479.8,4483.3,697
2026-09-01T00:24:00+05:30,4483.3,4483.6,4479.6,4480,447
2026-09-01T00:30:00+05:30,4480.2,4482.4,4478.2,4481.7,799
2026-09-01T00:36:00+05:30,4481.4,4484.8,4481.4,4483.3,558
2026-09-01T00:42:00+05:30,4483.3,4483.7,4481.9,4483,386
2026-09-01T00:48:00+05:30,4483.1,4486.8,4482,4486.4,531
2026-09-01T00:54:00+05:30,4486.1,4491.7,4485.9,4490,1471
2026-09-01T01:00:00+05:30,4489.9,4491.4,4488.8,4491.3,760
2026-09-01T01:06:00+05:30,4491.4,4494.8,4489.1,4489.1,1682
2026-09-01T01:12:00+05:30,4489.3,4495.4,4488.3,4494.8,1021
2026-09-01T01:18:00+05:30,4494.5,4501.9,4494,4498.6,1980
2026-09-01T01:24:00+05:30,4498.4,4502.8,4496.9,4502,1825
2026-09-01T01:30:00+05:30,4502.2,4505,4501,4501.4,1393
2026-09-01T01:36:00+05:30,4501.6,4502.3,4500.3,4500.3,422
2026-09-01T01:42:00+05:30,4500.5,4500.6,4497.9,4498.5,410
2026-09-01T01:48:00+05:30,4498.3,4499.1,4495.9,4496.4,461
2026-09-01T01:54:00+05:30,4496.6,4497.7,4496.2,4496.5,267
2026-09-01T02:00:00+05:30,4496.3,4498.2,4495.9,4497.9,341
2026-09-01T02:06:00+05:30,4498,4499.1,4496.7,4497.1,268
2026-09-01T02:12:00+05:30,4497,4498.3,4496.6,4496.6,428
2026-09-01T02:18:00+05:30,4496.6,4497.1,4496.1,4496.7,261
2026-09-01T02:24:00+05:30,4496.7,4498.8,4496.7,4497.6,325
2026-09-01T03:30:00+05:30,4497.1,4504.1,4495.5,4502.1,1279
2026-09-01T03:36:00+05:30,4502.1,4504.8,4500.8,4504.4,457
2026-09-01T03:42:00+05:30,4504,4504.2,4499,4500,649
2026-09-01T03:48:00+05:30,4500,4500.1,4496.5,4497,471
2026-09-01T03:54:00+05:30,4497.1,4499.8,4496.3,4498.5,596
2026-09-01T04:00:00+05:30,4498.7,4500.3,4497.3,4498,406
2026-09-01T04:06:00+05:30,4497.8,4498.5,4496.8,4496.9,227
2026-09-01T04:12:00+05:30,4496.9,4497.1,4495.7,4496.3,314
2026-09-01T04:18:00+05:30,4496.4,4496.4,4494,4494.4,659
2026-09-01T04:24:00+05:30,4494.5,4496.5,4494.2,4495.7,389
2026-09-01T04:30:00+05:30,4495.7,4495.7,4494.2,4495,421
2026-09-01T04:36:00+05:30,4495,4495.3,4493.8,4494.7,380
2026-09-01T04:42:00+05:30,4494.7,4494.7,4491.5,4491.9,634
2026-09-01T04:48:00+05:30,4491.8,4492.4,4490.1,4490.7,555
2026-09-01T04:54:00+05:30,4490.9,4493.2,4490.7,4491.8,537
2026-09-01T05:00:00+05:30,4491.8,4496.8,4491.7,4494.1,1058
2026-09-01T05:06:00+05:30,4494,4495,4490.9,4491.8,533
2026-09-01T05:12:00+05:30,4491.7,4498.2,4491.7,4496.5,973
2026-09-01T05:18:00+05:30,4496.6,4498.5,4494.7,4498.3,657
2026-09-01T05:24:00+05:30,4498.2,4501.4,4497.1,4501.1,1078
2026-09-01T05:30:00+05:30,4501.2,4503.6,4494.9,4501.2,2005
2026-09-01T05:36:00+05:30,4501.1,4506.1,4499.8,4505.9,1383
2026-09-01T05:42:00+05:30,4506.1,4508.8,4501.4,4502.3,1924
2026-09-01T05:48:00+05:30,4502.5,4510.5,4502.2,4507.6,1907
2026-09-01T05:54:00+05:30,4507.4,4510.3,4505.7,4509.3,1079
2026-09-01T06:00:00+05:30,4509.5,4510.3,4503.5,4505,1331
2026-09-01T06:06:00+05:30,4505.2,4505.6,4501.7,4504.2,1109
2026-09-01T06:12:00+05:30,4504,4505.1,4500.8,4502.8,1273
2026-09-01T06:18:00+05:30,4502.8,4510.8,4502.7,4506.8,1999
2026-09-01T06:24:00+05:30,4506.4,4507.2,4499.7,4502.8,1865
2026-09-01T06:30:00+05:30,4502.7,4506.2,4496,4496.2,2849
2026-09-01T06:36:00+05:30,4496.3,4499,4494.3,4496.6,1822
2026-09-01T06:42:00+05:30,4496.5,4498.3,4492.9,4494.8,2160
2026-09-01T06:48:00+05:30,4495.1,4496.2,4487.9,4489.6,2187
2026-09-01T06:54:00+05:30,4489.4,4489.6,4486.7,4488.6,1518
2026-09-01T07:00:00+05:30,4488.7,4492.9,4485.3,4490.9,2540
2026-09-01T07:06:00+05:30,4491,4494.7,4489.8,4491.9,1664
2026-09-01T07:12:00+05:30,4491.7,4495.8,4491,4495.1,1222
2026-09-01T07:18:00+05:30,4495,4495.5,4488.8,4489.1,1284
2026-09-01T07:24:00+05:30,4489,4493.5,4488.2,4493,799
2026-09-01T07:30:00+05:30,4493,4497.8,4491.3,4495.3,1144
2026-09-01T07:36:00+05:30,4495.4,4497.3,4490.4,4496.3,1352
2026-09-01T07:42:00+05:30,4496.2,4498.2,4492.2,4494.7,971
2026-09-01T07:48:00+05:30,4494.7,4497.3,4493.8,4493.8,588
2026-09-01T07:54:00+05:30,4493.6,4493.9,4489.2,4489.5,1102
2026-09-01T08:00:00+05:30,4489.1,4489.9,4482.3,4482.5,2434
2026-09-01T08:06:00+05:30,4482.8,4485.6,4480.8,4484.9,1820
2026-09-01T08:12:00+05:30,4484.9,4486,4477,4481.8,2015
2026-09-01T08:18:00+05:30,4481.7,4489.7,4481.7,4489.6,1363
2026-09-01T08:24:00+05:30,4489.3,4492.7,4487.9,4492.5,1186
2026-09-01T08:30:00+05:30,4492.8,4493.6,4488.9,4490.3,1208
2026-09-01T08:36:00+05:30,4490.2,4491.7,4488.8,4490.1,386
2026-09-01T08:42:00+05:30,4490.3,4491.5,4486.7,4486.8,821
2026-09-01T08:48:00+05:30,4486.8,4487.4,4482.3,4483.8,1194
2026-09-01T08:54:00+05:30,4483.6,4485.8,4480.9,4483.2,1094
2026-09-01T09:00:00+05:30,4483.4,4485.9,4482.5,4484.9,513
2026-09-01T09:06:00+05:30,4485.2,4487.9,4482.6,4487.8,770
2026-09-01T09:12:00+05:30,4487.8,4489.8,4487,4489.4,494
2026-09-01T09:18:00+05:30,4489.5,4492.5,4489.1,4490.9,765
2026-09-01T09:24:00+05:30,4491,4491.4,4485.5,4485.7,853
2026-09-01T09:30:00+05:30,4485.6,4486.8,4484.4,4484.9,587
2026-09-01T09:36:00+05:30,4485,4485.1,4478.8,4480.1,1224
2026-09-01T09:42:00+05:30,4480.1,4482.4,4478.7,4482,732
2026-09-01T09:48:00+05:30,4482.2,4482.5,4478.2,4481.1,574
2026-09-01T09:54:00+05:30,4481,4481.9,4478.2,4478.2,473
2026-09-01T10:00:00+05:30,4478.2,4479.2,4477,4478.8,682
2026-09-01T10:06:00+05:30,4478.8,4479.3,4475.7,4476.4,476
2026-09-01T10:12:00+05:30,4476.2,4478.1,4473.4,4476.8,1290
2026-09-01T10:18:00+05:30,4476.9,4478.1,4473.7,4477.9,902
2026-09-01T10:24:00+05:30,4478,4478.3,4474,4475.2,690
2026-09-01T10:30:00+05:30,4475.2,4480.2,4474.6,4479.4,882
2026-09-01T10:36:00+05:30,4479.6,4481.4,4477.8,4479,664
2026-09-01T10:42:00+05:30,4479,4480,4476.4,4476.6,583
2026-09-01T10:48:00+05:30,4476.9,4477.2,4473.6,4474.7,773
2026-09-01T10:54:00+05:30,4474.9,4476.7,4474.3,4475.1,443
2026-09-01T11:00:00+05:30,4474.9,4485.5,4471.7,4485.5,2537
2026-09-01T11:06:00+05:30,4485.3,4491.4,4483.5,4489.7,2006
2026-09-01T11:12:00+05:30,4489.9,4494.4,4488.5,4493.2,1922
2026-09-01T11:18:00+05:30,4493.3,4494.9,4489.7,4491.7,1091
2026-09-01T11:24:00+05:30,4491.5,4494.6,4488.3,4488.6,1102
2026-09-01T11:30:00+05:30,4488.4,4489.2,4484,4486.1,1396
2026-09-01T11:36:00+05:30,4486.1,4487.2,4482.3,4483.2,1062
2026-09-01T11:42:00+05:30,4483.1,4483.6,4480.3,4482.7,1182
2026-09-01T11:48:00+05:30,4482.7,4483.9,4479.6,4480.3,750
2026-09-01T11:54:00+05:30,4480.5,4482,4476.2,4477.7,923
2026-09-01T12:00:00+05:30,4477.8,4480.4,4476.9,4480.1,732
2026-09-01T12:06:00+05:30,4479.9,4483.6,4479.1,4482.6,847
2026-09-01T12:12:00+05:30,4482.8,4484.1,4477.8,4478.3,721
2026-09-01T12:18:00+05:30,4478.3,4479.4,4476.6,4478.7,662
2026-09-01T12:24:00+05:30,4478.8,4479.8,4477.8,4478,396
2026-09-01T12:30:00+05:30,4478,4483.7,4477.8,4481.1,935
2026-09-01T12:36:00+05:30,4481.2,4481.4,4478,4480,524
2026-09-01T12:42:00+05:30,4480,4482.3,4478.4,4480.8,423
2026-09-01T12:48:00+05:30,4480.3,4481.4,4476,4477.1,860
2026-09-01T12:54:00+05:30,4477.1,4478.2,4474.2,4474.5,1320
2026-09-01T13:00:00+05:30,4474.5,4477,4467.5,4473.2,2312
2026-09-01T13:06:00+05:30,4473.2,4473.3,4460.6,4468.1,2291
2026-09-01T13:12:00+05:30,4468.3,4470.5,4465.3,4467.7,993
2026-09-01T13:18:00+05:30,4467.7,4471.8,4467.1,4467.5,977
2026-09-01T13:24:00+05:30,4467.4,4471.1,4465.8,4468.8,957
2026-09-01T13:30:00+05:30,4468.5,4468.5,4458.7,4459.5,2655
2026-09-01T13:36:00+05:30,4459.7,4460.9,4438,4441.4,6493
2026-09-01T13:42:00+05:30,4441.3,4455.7,4440.7,4446.7,3579
2026-09-01T13:48:00+05:30,4446.6,4447.5,4435.9,4436.7,2759
2026-09-01T13:54:00+05:30,4436.9,4437.4,4430.6,4431.9,3469
2026-09-01T14:00:00+05:30,4432.1,4432.9,4421.6,4422.9,4424
2026-09-01T14:06:00+05:30,4423,4429.9,4418.6,4425.8,3131
2026-09-01T14:12:00+05:30,4425.7,4427.2,4417.6,4424.4,2469
2026-09-01T14:18:00+05:30,4423.7,4426.4,4421,4422.5,1684
2026-09-01T14:24:00+05:30,4422.4,4426.7,4418.6,4419.3,1607
2026-09-01T14:30:00+05:30,4419.3,4423.9,4414.8,4422.4,2809
2026-09-01T14:36:00+05:30,4422,4423.6,4415.4,4421.4,1979
2026-09-01T14:42:00+05:30,4421.6,4426.3,4420.6,4425.6,1495
2026-09-01T14:48:00+05:30,4425.2,4426.9,4423,4424,1059
2026-09-01T14:54:00+05:30,4424,4424.3,4418.9,4421.4,1320
2026-09-01T15:00:00+05:30,4421.1,4421.5,4415.1,4417,2050
2026-09-01T15:06:00+05:30,4416.8,4418.7,4413.8,4416.4,1212
2026-09-01T15:12:00+05:30,4416.5,4422.5,4415.7,4421.6,998
2026-09-01T15:18:00+05:30,4422,4422.5,4417.1,4418.8,590
2026-09-01T15:24:00+05:30,4418.6,4422,4412.8,4413.6,953
2026-09-01T15:30:00+05:30,4413.6,4419.7,4412.9,4418.1,1045
2026-09-01T15:36:00+05:30,4418.2,4425.4,4416.4,4425.1,1243
2026-09-01T15:42:00+05:30,4425.1,4432.1,4425.1,4430,2255
2026-09-01T15:48:00+05:30,4430.2,4434,4428.7,4432,1361
2026-09-01T15:54:00+05:30,4432.2,4434.2,4431.6,4433.3,674
2026-09-01T16:00:00+05:30,4433.4,4434.1,4430,4431.9,884
2026-09-01T16:06:00+05:30,4432,4435,4431.6,4433.4,657
2026-09-01T16:12:00+05:30,4433.4,4434.8,4425.9,4427.5,1644
2026-09-01T16:18:00+05:30,4427.6,4429.5,4423.3,4423.8,947
2026-09-01T16:24:00+05:30,4424,4429.1,4423.5,4426.7,982
2026-09-01T16:30:00+05:30,4426.9,4429.5,4424.5,4426.1,998
2026-09-01T16:36:00+05:30,4426,4431.5,4425.2,4429.1,857
2026-09-01T16:42:00+05:30,4429.5,4431.7,4422.9,4424.3,1053
2026-09-01T16:48:00+05:30,4424.3,4430.3,4423.7,4426.3,960
2026-09-01T16:54:00+05:30,4426.1,4430.7,4425,4429.2,971
2026-09-01T17:00:00+05:30,4429,4431,4426.8,4427.9,681
2026-09-01T17:06:00+05:30,4428,4433.1,4427.6,4431.9,970
2026-09-01T17:12:00+05:30,4431.8,4435.4,4431.1,4434.4,943
2026-09-01T17:18:00+05:30,4434.7,4435.9,4429.3,4429.5,1096
2026-09-01T17:24:00+05:30,4429.7,4430.3,4420.4,4423,1939
2026-09-01T17:30:00+05:30,4422.9,4423.2,4418,4420,1689
2026-09-01T17:36:00+05:30,4420.1,4421.5,4415.2,4416.7,1659
2026-09-01T17:42:00+05:30,4416.8,4421.9,4415.5,4421.7,1535
2026-09-01T17:48:00+05:30,4421.7,4424.1,4414.1,4417.1,2150
2026-09-01T17:54:00+05:30,4416.9,4424.8,4414.5,4417.2,2109
2026-09-01T18:00:00+05:30,4417,4417.6,4404.4,4405.3,4283
2026-09-01T18:06:00+05:30,4405.1,4409.5,4400.3,4406.6,4214
2026-09-01T18:12:00+05:30,4406.4,4418.5,4403.7,4415.9,3159
2026-09-01T18:18:00+05:30,4415.8,4416,4410.2,4411.9,1757
2026-09-01T18:24:00+05:30,4411.9,4412.5,4404.6,4404.8,1758
2026-09-01T18:30:00+05:30,4404.8,4406.4,4382.5,4385.4,10366
2026-09-01T18:36:00+05:30,4385.5,4391.4,4376.5,4377,7116
2026-09-01T18:42:00+05:30,4377,4383.8,4373.9,4379.8,5919
2026-09-01T18:48:00+05:30,4379.8,4384.5,4374.5,4383.8,3428
2026-09-01T18:54:00+05:30,4383.6,4392.8,4381.7,4390.9,4185
2026-09-01T19:00:00+05:30,4391,4403,4389.1,4397.2,7745
2026-09-01T19:06:00+05:30,4397,4404.9,4394.4,4402.3,4209
2026-09-01T19:12:00+05:30,4402.1,4410.4,4401.3,4406.4,4246
2026-09-01T19:18:00+05:30,4406.6,4413,4405.8,4409.9,3402
2026-09-01T19:24:00+05:30,4410,4416.5,4404.8,4413.4,2976
2026-09-01T19:30:00+05:30,4414,4419.8,4401,4405.4,5664
2026-09-01T19:36:00+05:30,4405.3,4418.3,4405.2,4415.4,3919
2026-09-01T19:42:00+05:30,4415.3,4421.5,4410.7,4420.8,3554
2026-09-01T19:48:00+05:30,4421.1,4424.2,4419.5,4423.8,2870
2026-09-01T19:54:00+05:30,4423.8,4424.4,4414.3,4414.4,3155
2026-09-01T20:00:00+05:30,4414.4,4421.7,4414.2,4419.4,2319
2026-09-01T20:06:00+05:30,4419.8,4420.7,4412.5,4413.9,2123
2026-09-01T20:12:00+05:30,4414,4419,4412.6,4417.2,2049
2026-09-01T20:18:00+05:30,4417.3,4418.1,4408.7,4410.5,3147
2026-09-01T20:24:00+05:30,4410.6,4411.1,4404.2,4408.9,2776
2026-09-01T20:30:00+05:30,4409.1,4411.6,4403.4,4407.3,2238
2026-09-01T20:36:00+05:30,4407.1,4411.2,4404.8,4408.1,1410
2026-09-01T20:42:00+05:30,4408.2,4409.4,4404.3,4408.9,1589
2026-09-01T20:48:00+05:30,4408.6,4413.8,4408.5,4411.6,1620
2026-09-01T20:54:00+05:30,4411.8,4414.4,4406.9,4414.2,1548
2026-09-01T21:00:00+05:30,4414,4415.5,4409.8,4412.1,1594
2026-09-01T21:06:00+05:30,4412.4,4416.4,4411.1,4414.5,1315
2026-09-01T21:12:00+05:30,4414.7,4420.3,4413.8,4418.2,1618
2026-09-01T21:18:00+05:30,4418.3,4421.4,4416.8,4419.9,1368
2026-09-01T21:24:00+05:30,4419.9,4422.5,4418.7,4421.7,1316
2026-09-01T21:30:00+05:30,4421.7,4423.4,4419.9,4420.8,1122
2026-09-01T21:36:00+05:30,4420.7,4421.3,4413.3,4413.5,1782
2026-09-01T21:42:00+05:30,4413.7,4415.1,4408.8,4409.3,1876
2026-09-01T21:48:00+05:30,4409.3,4409.7,4403.9,4405.9,2339
2026-09-01T21:54:00+05:30,4405.6,4407.4,4400.8,4401.5,2641
2026-09-01T22:00:00+05:30,4401.1,4401.8,4395.6,4398.2,2461
2026-09-01T22:06:00+05:30,4397.8,4406.2,4395.2,4406,2347
2026-09-01T22:12:00+05:30,4406,4407.5,4400.4,4404.7,1746
2026-09-01T22:18:00+05:30,4404.9,4406.8,4401.9,4402.2,1128
2026-09-01T22:24:00+05:30,4402.5,4404.6,4399.5,4399.5,956
2026-09-01T22:30:00+05:30,4399.8,4400.5,4394.1,4395.4,2087
2026-09-01T22:36:00+05:30,4395.3,4396.3,4392.3,4393,1837
2026-09-01T22:42:00+05:30,4393,4397.2,4392.6,4392.6,1514
2026-09-01T22:48:00+05:30,4392.7,4396.5,4392,4394.6,915
2026-09-01T22:54:00+05:30,4395,4398.5,4390.4,4398.4,2166
2026-09-01T23:00:00+05:30,4398.2,4400.3,4395.6,4397.6,1932
2026-09-01T23:06:00+05:30,4397.9,4398.2,4390.3,4392.7,1297
2026-09-01T23:12:00+05:30,4392.7,4393.3,4389,4390.9,1158
2026-09-01T23:18:00+05:30,4391.1,4392.7,4389.2,4389.5,847
2026-09-01T23:24:00+05:30,4389.4,4392.4,4389.4,4391,784
2026-09-01T23:30:00+05:30,4391.3,4393.1,4386.3,4386.3,1439
2026-09-01T23:36:00+05:30,4386.5,4388.1,4383.3,4383.9,1284
2026-09-01T23:42:00+05:30,4383.8,4387.6,4382.3,4387.6,1299
2026-09-01T23:48:00+05:30,4387.3,4389.7,4387.1,4388.8,978
2026-09-01T23:54:00+05:30,4388.7,4389.6,4384.8,4385.4,974
2026-09-02T00:00:00+05:30,4385.3,4385.3,4380.5,4381.4,2021
2026-09-02T00:06:00+05:30,4381.4,4381.7,4376.5,4377.3,2100
2026-09-02T00:12:00+05:30,4377.2,4378.7,4375.9,4377.4,1299
2026-09-02T00:18:00+05:30,4377.5,4382.2,4375.5,4380.9,1785
2026-09-02T00:24:00+05:30,4380.8,4381.3,4375.6,4379.2,1168
2026-09-02T00:30:00+05:30,4379.1,4381.5,4376.2,4378.9,1127
2026-09-02T00:36:00+05:30,4378.7,4383.4,4377.3,4381.9,830
2026-09-02T00:42:00+05:30,4381.5,4385.2,4381.5,4383.7,1076
2026-09-02T00:48:00+05:30,4383.7,4384.1,4380.9,4382.1,642
2026-09-02T00:54:00+05:30,4381.6,4383,4381,4381.9,495
2026-09-02T01:00:00+05:30,4382.2,4382.3,4375.6,4377.8,1496
2026-09-02T01:06:00+05:30,4377.7,4378,4368.8,4373.5,3292
2026-09-02T01:12:00+05:30,4373.5,4375,4370.4,4374.3,1317
2026-09-02T01:18:00+05:30,4374.3,4377.5,4373.1,4374.5,1122
2026-09-02T01:24:00+05:30,4374.3,4376.5,4371.3,4374.2,1395
2026-09-02T01:30:00+05:30,4374.1,4377.7,4370.4,4377.5,1739
2026-09-02T01:36:00+05:30,4377.3,4377.8,4374.8,4375.1,604
2026-09-02T01:42:00+05:30,4375.1,4375.1,4371.8,4373.5,754
2026-09-02T01:48:00+05:30,4373.7,4375.5,4373.7,4374.7,349
2026-09-02T01:54:00+05:30,4374.6,4376.3,4372.1,4373,415
2026-09-02T02:00:00+05:30,4373.1,4374.2,4371.8,4372.9,533
2026-09-02T02:06:00+05:30,4373.3,4376.3,4372,4374.8,477
2026-09-02T02:12:00+05:30,4375,4377.6,4373.6,4375.1,720
2026-09-02T02:18:00+05:30,4375,4376.7,4374.4,4375.4,562
2026-09-02T02:24:00+05:30,4375.5,4376.2,4374.9,4375.8,382
2026-09-02T03:30:00+05:30,4376.2,4381.3,4375.1,4375.7,1056
2026-09-02T03:36:00+05:30,4375.6,4377.4,4374.9,4375.7,361
2026-09-02T03:42:00+05:30,4375.6,4376.2,4374.1,4374.3,349
2026-09-02T03:48:00+05:30,4374.5,4375,4373.6,4374.7,393
2026-09-02T03:54:00+05:30,4374.4,4374.7,4373.5,4374.4,324
2026-09-02T04:00:00+05:30,4374.1,4376.3,4372.7,4375.8,483
2026-09-02T04:06:00+05:30,4375.6,4375.9,4372.5,4372.8,416
2026-09-02T04:12:00+05:30,4372.9,4375.4,4372.7,4374.1,333
2026-09-02T04:18:00+05:30,4374,4377.4,4373.7,4376.2,616
2026-09-02T04:24:00+05:30,4376.1,4376.7,4375.3,4375.6,293
2026-09-02T04:30:00+05:30,4375.5,4376.2,4372.9,4376.1,743
2026-09-02T04:36:00+05:30,4375.9,4377.3,4374.5,4377.3,497
2026-09-02T04:42:00+05:30,4377.4,4378.6,4376.2,4376.5,637
2026-09-02T04:48:00+05:30,4376.5,4377.5,4371.7,4372.9,1165
2026-09-02T04:54:00+05:30,4372.6,4377.2,4370.9,4377.2,774
2026-09-02T05:00:00+05:30,4376.8,4379.2,4376.6,4378.1,714
2026-09-02T05:06:00+05:30,4378.1,4382,4377.8,4381,1187
2026-09-02T05:12:00+05:30,4380.8,4381.2,4377.1,4377.6,842
2026-09-02T05:18:00+05:30,4377.8,4379,4376.1,4376.6,711
2026-09-02T05:24:00+05:30,4376.5,4376.5,4365,4370.5,2649
2026-09-02T05:30:00+05:30,4370.7,4376.9,4361.8,4372.2,4035
2026-09-02T05:36:00+05:30,4372,4373.7,4364.3,4367.7,2507
2026-09-02T05:42:00+05:30,4367.6,4380.8,4364.9,4379.7,2586
2026-09-02T05:48:00+05:30,4379.6,4380.9,4370.5,4376.5,2640
2026-09-02T05:54:00+05:30,4376,4379.1,4368.9,4372.5,1426
2026-09-02T06:00:00+05:30,4372,4373.9,4366.4,4373.8,1625
2026-09-02T06:06:00+05:30,4373.8,4376.4,4369.8,4371.2,1505
2026-09-02T06:12:00+05:30,4371.1,4378.2,4370.7,4372.6,1153
2026-09-02T06:18:00+05:30,4372.4,4372.9,4365.2,4366.7,1422
2026-09-02T06:24:00+05:30,4366.6,4366.9,4360.8,4362.7,3013
2026-09-02T06:30:00+05:30,4362.1,4369.8,4350.8,4352.1,7820
2026-09-02T06:36:00+05:30,4352,4363.1,4351.4,4361.5,2890
2026-09-02T06:42:00+05:30,4361.6,4373.5,4360.3,4370.4,3212
2026-09-02T06:48:00+05:30,4370.1,4373.2,4364.3,4368.8,1891
2026-09-02T06:54:00+05:30,4368.2,4371.6,4362.1,4363.9,1702
2026-09-02T07:00:00+05:30,4364,4365.3,4351.6,4355.6,2642
2026-09-02T07:06:00+05:30,4355.4,4356.9,4351.6,4355.8,2042
2026-09-02T07:12:00+05:30,4356,4357.8,4350.1,4351.2,1696
2026-09-02T07:18:00+05:30,4351.2,4355.2,4336.2,4342.4,5056
2026-09-02T07:24:00+05:30,4342.3,4346.6,4334.7,4338,4171
2026-09-02T07:30:00+05:30,4338.3,4343.9,4334.2,4342.9,3261
2026-09-02T07:36:00+05:30,4342.9,4349,4336.5,4338.7,2650
2026-09-02T07:42:00+05:30,4338.7,4347.9,4338.3,4347.1,1225
2026-09-02T07:48:00+05:30,4346.9,4353.9,4346.2,4350.3,1923
2026-09-02T07:54:00+05:30,4350.5,4353.2,4348.5,4351.6,972
2026-09-02T08:00:00+05:30,4351.8,4356.5,4346.6,4356,2159
2026-09-02T08:06:00+05:30,4355.9,4362,4355.8,4359.5,2039
2026-09-02T08:12:00+05:30,4359.1,4360.3,4356,4357.1,1070
2026-09-02T08:18:00+05:30,4356.9,4358.8,4353.8,4355.2,841
2026-09-02T08:24:00+05:30,4355.2,4355.2,4347.3,4349.9,1691
2026-09-02T08:30:00+05:30,4350.1,4351.5,4345.2,4345.3,1340
2026-09-02T08:36:00+05:30,4345.6,4348.4,4343.8,4347.7,1241
2026-09-02T08:42:00+05:30,4347.6,4349.7,4344.2,4344.8,1142
2026-09-02T08:48:00+05:30,4344.9,4346.8,4338,4338.4,1668
2026-09-02T08:54:00+05:30,4338.5,4346,4335.2,4340.6,2079
2026-09-02T09:00:00+05:30,4340.6,4340.7,4329.3,4330.9,2934
2026-09-02T09:06:00+05:30,4331,4338.6,4330.2,4334,1907
2026-09-02T09:12:00+05:30,4334.1,4343.1,4332,4342.6,1802
2026-09-02T09:18:00+05:30,4342.6,4347.4,4342.4,4345.3,1837
2026-09-02T09:24:00+05:30,4345.2,4350.7,4345.2,4350.2,1160
2026-09-02T09:30:00+05:30,4350,4352.3,4348.6,4351.2,1128
2026-09-02T09:36:00+05:30,4351.2,4353.4,4350.1,4352.8,650
2026-09-02T09:42:00+05:30,4353,4353.4,4350,4350.1,714
2026-09-02T09:48:00+05:30,4350.1,4351.5,4347.9,4349,868
2026-09-02T09:54:00+05:30,4349.2,4351.4,4348.2,4349.3,516
2026-09-02T10:00:00+05:30,4349.3,4354.5,4348.9,4351.7,786
2026-09-02T10:06:00+05:30,4351.6,4353.2,4350.3,4350.8,457
2026-09-02T10:12:00+05:30,4351,4352.6,4349.2,4351.2,427
2026-09-02T10:18:00+05:30,4351.3,4353.6,4350.6,4353.5,360
2026-09-02T10:24:00+05:30,4353.5,4354.4,4352.4,4353.9,308
2026-09-02T10:30:00+05:30,4354,4354.9,4350.8,4351.7,525
2026-09-02T10:36:00+05:30,4351.6,4353.1,4350,4351.9,474
2026-09-02T10:42:00+05:30,4351.8,4359.9,4351.8,4359.7,1271
2026-09-02T10:48:00+05:30,4359.8,4360.6,4353.3,4355.2,1012
2026-09-02T10:54:00+05:30,4355,4360.6,4353.5,4359.8,809
2026-09-02T11:00:00+05:30,4359.7,4371.7,4359.7,4368.8,3508
2026-09-02T11:06:00+05:30,4368.9,4368.9,4363.9,4367.1,1168
2026-09-02T11:12:00+05:30,4367.4,4371.6,4366.8,4370.2,1190
2026-09-02T11:18:00+05:30,4370.1,4373.2,4366.9,4367.4,998
2026-09-02T11:24:00+05:30,4367.5,4369.4,4365.8,4366.3,719
2026-09-02T11:30:00+05:30,4366.8,4369.1,4364,4364.3,994
2026-09-02T11:36:00+05:30,4364.4,4371.5,4364.4,4368.9,1030
2026-09-02T11:42:00+05:30,4369,4376,4368.3,4368.7,1668
2026-09-02T11:48:00+05:30,4368.8,4373.4,4367.2,4371,990
2026-09-02T11:54:00+05:30,4371.1,4374.2,4368.8,4368.9,589
2026-09-02T12:00:00+05:30,4369.2,4370.4,4364.8,4365.6,975
2026-09-02T12:06:00+05:30,4366.2,4372.9,4363.2,4372.3,1316
2026-09-02T12:12:00+05:30,4372.1,4373,4366.1,4366.2,715
2026-09-02T12:18:00+05:30,4366.3,4367.3,4361.2,4362,1166
2026-09-02T12:24:00+05:30,4362.2,4368.5,4361.8,4368.2,996
2026-09-02T12:30:00+05:30,4368.3,4371.1,4365.8,4366.4,881
2026-09-02T12:36:00+05:30,4366.1,4377.4,4365.3,4376.4,1469
2026-09-02T12:42:00+05:30,4376.5,4377.9,4372,4374.4,1264
2026-09-02T12:48:00+05:30,4374.5,4375.3,4371.2,4374.3,791
2026-09-02T12:54:00+05:30,4374.7,4375.9,4371.6,4373.6,546
2026-09-02T13:00:00+05:30,4373.2,4376.7,4371.6,4374.8,741
2026-09-02T13:06:00+05:30,4375,4377.9,4371.8,4372.3,578
2026-09-02T13:12:00+05:30,4372.6,4373,4368.3,4371,768
2026-09-02T13:18:00+05:30,4371.3,4371.5,4366.9,4368.9,659
2026-09-02T13:24:00+05:30,4369,4370.7,4367.3,4369.9,465
2026-09-02T13:30:00+05:30,4370,4374.5,4368.8,4371,892
2026-09-02T13:36:00+05:30,4370.8,4378.5,4369.4,4373.7,935
2026-09-02T13:42:00+05:30,4373.5,4374.5,4371.4,4372.2,469
2026-09-02T13:48:00+05:30,4372.2,4374,4370.7,4372.4,465
2026-09-02T13:54:00+05:30,4372.7,4373.1,4369.1,4369.6,496
2026-09-02T14:00:00+05:30,4369.7,4372.3,4365.8,4366.7,651
2026-09-02T14:06:00+05:30,4366.7,4373.4,4366.7,4371,569
2026-09-02T14:12:00+05:30,4371,4371.7,4366.1,4367.5,625
2026-09-02T14:18:00+05:30,4367.5,4369.2,4362.5,4363,827
2026-09-02T14:24:00+05:30,4363.1,4364.1,4359.1,4359.6,1652
2026-09-02T14:30:00+05:30,4359.6,4367.1,4359.2,4366.8,1154
2026-09-02T14:36:00+05:30,4366.9,4369.1,4363.6,4363.8,743
2026-09-02T14:42:00+05:30,4363.9,4364.8,4360,4361.9,598
2026-09-02T14:48:00+05:30,4362,4362.2,4356.1,4356.5,997
2026-09-02T14:54:00+05:30,4356.4,4356.8,4352.1,4356.4,1549
2026-09-02T15:00:00+05:30,4356.1,4358.4,4354.6,4357.2,909
2026-09-02T15:06:00+05:30,4356.8,4359.1,4354.9,4359,511
2026-09-02T15:12:00+05:30,4359.1,4359.2,4356.2,4357.5,455
2026-09-02T15:18:00+05:30,4357.8,4358.7,4355.3,4356.3,394
2026-09-02T15:24:00+05:30,4356.2,4357.6,4355.3,4355.7,396
2026-09-02T15:30:00+05:30,4355.7,4357,4351,4352.5,974
2026-09-02T15:36:00+05:30,4352.5,4353.2,4349.2,4351.9,866
2026-09-02T15:42:00+05:30,4351.8,4356.3,4350.6,4356.3,654
2026-09-02T15:48:00+05:30,4356.5,4359.8,4355.4,4357.5,748
2026-09-02T15:54:00+05:30,4357.7,4359.7,4356.8,4357.4,544
2026-09-02T16:00:00+05:30,4357.2,4358.1,4354.8,4355.6,565
2026-09-02T16:06:00+05:30,4355.7,4356.7,4354.2,4355.2,364
2026-09-02T16:12:00+05:30,4355.3,4357.5,4355.3,4356.1,381
2026-09-02T16:18:00+05:30,4356.1,4357.8,4352.3,4354.1,756
2026-09-02T16:24:00+05:30,4354.3,4357.1,4353.8,4356.6,533
2026-09-02T16:30:00+05:30,4356.4,4360.6,4355,4358.4,908
2026-09-02T16:36:00+05:30,4358.3,4363.1,4355.2,4361.4,1278
2026-09-02T16:42:00+05:30,4361.6,4371.9,4360.7,4365.8,2342
2026-09-02T16:48:00+05:30,4365.7,4367.3,4362.7,4366.7,852
2026-09-02T16:54:00+05:30,4366.6,4370.4,4364.1,4368.9,880
2026-09-02T17:00:00+05:30,4369,4380.5,4368.9,4377.8,2040
2026-09-02T17:06:00+05:30,4378,4380.2,4373.8,4374.1,1561
2026-09-02T17:12:00+05:30,4374.2,4374.7,4370.5,4374.2,1315
2026-09-02T17:18:00+05:30,4374.1,4375.1,4370.4,4375.1,846
2026-09-02T17:24:00+05:30,4374.9,4380.3,4374.7,4379.4,1411
2026-09-02T17:30:00+05:30,4379.5,4383.3,4375.8,4382.4,2346
2026-09-02T17:36:00+05:30,4382.4,4382.9,4377.1,4378.3,1337
2026-09-02T17:42:00+05:30,4378.4,4382.9,4376.3,4379.7,1436
2026-09-02T17:48:00+05:30,4379.7,4391.4,4376.6,4382.4,4731
2026-09-02T17:54:00+05:30,4382.4,4389.4,4380.7,4383.2,1972
2026-09-02T18:00:00+05:30,4383,4384.6,4375.9,4377.7,2013
2026-09-02T18:06:00+05:30,4377.4,4381.7,4374.3,4381.2,1749
2026-09-02T18:12:00+05:30,4381,4385.1,4378.3,4384.3,1392
2026-09-02T18:18:00+05:30,4384.2,4386.3,4379.3,4380.7,1617
2026-09-02T18:24:00+05:30,4381,4382.1,4377.3,4378.3,1404
2026-09-02T18:30:00+05:30,4378.2,4388.6,4377.4,4387.1,2834
2026-09-02T18:36:00+05:30,4387.2,4392.3,4386.4,4388.5,1952
2026-09-02T18:42:00+05:30,4388.5,4390.9,4383.4,4390.1,1615
2026-09-02T18:48:00+05:30,4390.1,4394.3,4388.4,4394.1,1945
2026-09-02T18:54:00+05:30,4393.8,4405.7,4393.8,4405.6,5699
2026-09-02T19:00:00+05:30,4405.4,4415,4403.9,4414.1,6677
2026-09-02T19:06:00+05:30,4414,4417.1,4409.3,4416.7,3066
2026-09-02T19:12:00+05:30,4416.8,4427,4415.4,4421.6,6807
2026-09-02T19:18:00+05:30,4422.2,4426.1,4414.7,4423.8,4303
2026-09-02T19:24:00+05:30,4423.7,4433.5,4419.3,4433,4143
2026-09-02T19:30:00+05:30,4433.1,4437.8,4426.4,4436.5,5342
2026-09-02T19:36:00+05:30,4436.7,4444.5,4433.4,4442.1,5325
2026-09-02T19:42:00+05:30,4442.1,4442.9,4432.7,4434.7,4239
2026-09-02T19:48:00+05:30,4434.6,4444,4431.7,4435.1,3812
2026-09-02T19:54:00+05:30,4434.9,4437.2,4431.9,4434.3,1996
2026-09-02T20:00:00+05:30,4434.1,4435.2,4429.5,4431.8,2795
2026-09-02T20:06:00+05:30,4431.8,4432.2,4428.3,4430.5,2256
2026-09-02T20:12:00+05:30,4430.7,4434,4427,4427.4,2283
2026-09-02T20:18:00+05:30,4427.3,4429.7,4423.2,4424.5,2565
2026-09-02T20:24:00+05:30,4424.3,4425.7,4421.4,4424.2,2274
2026-09-02T20:30:00+05:30,4424.2,4427.9,4421.2,4425.4,2681
2026-09-02T20:36:00+05:30,4425.8,4427.5,4420.2,4424.9,2005
2026-09-02T20:42:00+05:30,4424.9,4424.9,4416.6,4417,2304
2026-09-02T20:48:00+05:30,4417.1,4418.6,4412.5,4416.7,3234
2026-09-02T20:54:00+05:30,4416.6,4420.1,4414.3,4419.5,2123
2026-09-02T21:00:00+05:30,4419.7,4422.2,4417.3,4418,2544
2026-09-02T21:06:00+05:30,4418.2,4419.2,4414.2,4415.5,1473
2026-09-02T21:12:00+05:30,4415.2,4416.6,4411.2,4416.3,1805
2026-09-02T21:18:00+05:30,4416.1,4416.8,4413.9,4415.1,783
2026-09-02T21:24:00+05:30,4414.9,4420.7,4414.7,4419.9,1376
2026-09-02T21:30:00+05:30,4419.7,4421.7,4415.7,4415.7,1903
2026-09-02T21:36:00+05:30,4415.9,4418.8,4415.6,4417.5,796
2026-09-02T21:42:00+05:30,4417.7,4420.1,4414.1,4416.4,980
2026-09-02T21:48:00+05:30,4416.2,4417.8,4415.4,4415.7,494
2026-09-02T21:54:00+05:30,4415.8,4417,4414.2,4415.4,436
2026-09-02T22:00:00+05:30,4415.5,4417.4,4413.8,4414.8,705
2026-09-02T22:06:00+05:30,4415.1,4415.8,4412,4412.8,855
2026-09-02T22:12:00+05:30,4413,4413.9,4410.8,4412.2,1063
2026-09-02T22:18:00+05:30,4412,4417.4,4411.5,4417.4,826
2026-09-02T22:24:00+05:30,4417.3,4417.5,4414.6,4415.3,961
2026-09-02T22:30:00+05:30,4415.2,4417.7,4414.5,4416.2,829
2026-09-02T22:36:00+05:30,4416.3,4418,4414.7,4414.7,496
2026-09-02T22:42:00+05:30,4415.1,4417.3,4411.6,4411.8,1002
2026-09-02T22:48:00+05:30,4412.1,4414,4410.9,4413.4,964
2026-09-02T22:54:00+05:30,4413.4,4416.6,4412.5,4416.6,1518
2026-09-02T23:00:00+05:30,4416.6,4418.3,4414.1,4415.1,895
2026-09-02T23:06:00+05:30,4415,4416.6,4413,4416.1,769
2026-09-02T23:12:00+05:30,4415.9,4427.5,4415.3,4424.1,3779
2026-09-02T23:18:00+05:30,4424,4424.8,4422,4422.8,867
2026-09-02T23:24:00+05:30,4422.5,4425.3,4422,4423.5,1051
2026-09-02T23:30:00+05:30,4423.6,4424.4,4418.9,4421.9,1583
2026-09-02T23:36:00+05:30,4422.2,4422.3,4419,4419.3,644
2026-09-02T23:42:00+05:30,4419.4,4419.8,4415.7,4417.8,1064
2026-09-02T23:48:00+05:30,4417.9,4426.7,4417.8,4419.7,2652
2026-09-02T23:54:00+05:30,4419.6,4420.6,4418.4,4419.8,510
2026-09-03T00:00:00+05:30,4419.8,4424.9,4419.6,4424,785
2026-09-03T00:06:00+05:30,4423.7,4424.2,4421,4421.5,479
2026-09-03T00:12:00+05:30,4421.3,4421.4,4419,4419.9,409
2026-09-03T00:18:00+05:30,4419.7,4422.5,4419.4,4422.3,457
2026-09-03T00:24:00+05:30,4422.2,4422.2,4419,4420.6,413
2026-09-03T00:30:00+05:30,4420.7,4422.6,4418.2,4421.8,535
2026-09-03T00:36:00+05:30,4421.8,4424.2,4421.8,4423.3,395
2026-09-03T00:42:00+05:30,4423.6,4427.1,4423.5,4425.3,853
2026-09-03T00:48:00+05:30,4425.3,4427.8,4424.9,4426.3,575
2026-09-03T00:54:00+05:30,4426.2,4429.6,4426,4427.4,1060
2026-09-03T01:00:00+05:30,4427.7,4430.7,4427.4,4428.8,959
2026-09-03T01:06:00+05:30,4428.8,4432,4427.7,4431.4,802
2026-09-03T01:12:00+05:30,4431.5,4435.4,4430.9,4432.4,1449
2026-09-03T01:18:00+05:30,4432.3,4436.3,4431.4,4432.5,1309
2026-09-03T01:24:00+05:30,4432.5,4438.1,4432.5,4437.7,1464
2026-09-03T01:30:00+05:30,4437.5,4438.1,4435.2,4435.8,917
2026-09-03T01:36:00+05:30,4435.9,4436.4,4433.7,4434.4,502
2026-09-03T01:42:00+05:30,4434.5,4435.1,4430.5,4432.6,785
2026-09-03T01:48:00+05:30,4432.6,4432.6,4431,4432.2,223
2026-09-03T01:54:00+05:30,4432.3,4434.6,4431.9,4433.2,463
2026-09-03T02:00:00+05:30,4433.1,4434.9,4432.1,4434,346
2026-09-03T02:06:00+05:30,4434.1,4436,4433.6,4435.5,300
2026-09-03T02:12:00+05:30,4435.5,4436.8,4433.8,4435.6,496
2026-09-03T02:18:00+05:30,4435.6,4437.6,4435.6,4436.3,346
2026-09-03T02:24:00+05:30,4436.3,4436.6,4433.7,4434.4,400
2026-09-03T03:30:00+05:30,4434.8,4438.6,4434.3,4435.5,586
2026-09-03T03:36:00+05:30,4435.1,4437.1,4434.8,4436.1,251
2026-09-03T03:42:00+05:30,4436.2,4436.4,4433.3,4433.3,291
2026-09-03T03:48:00+05:30,4433.2,4434.3,4432.2,4434.3,411
2026-09-03T03:54:00+05:30,4434.4,4435.9,4433.8,4434.9,419
2026-09-03T04:00:00+05:30,4434.6,4434.7,4432.7,4433.1,431
2026-09-03T04:06:00+05:30,4433.2,4433.5,4432.1,4432.3,287
2026-09-03T04:12:00+05:30,4432.1,4432.4,4428.6,4429.8,877
2026-09-03T04:18:00+05:30,4429.9,4430.5,4429,4429.5,358
2026-09-03T04:24:00+05:30,4429.5,4430.5,4429.4,4429.9,232
2026-09-03T04:30:00+05:30,4430.1,4432,4429.4,4431.2,599
2026-09-03T04:36:00+05:30,4431,4432.5,4430.5,4431.6,420
2026-09-03T04:42:00+05:30,4431.6,4431.7,4427.6,4427.9,782
2026-09-03T04:48:00+05:30,4428.1,4428.6,4427.3,4427.8,360
2026-09-03T04:54:00+05:30,4427.8,4428.5,4427.3,4427.6,249
2026-09-03T05:00:00+05:30,4427.5,4429.8,4426.6,4427.1,802
2026-09-03T05:06:00+05:30,4427.1,4430.3,4426.6,4429.5,474
2026-09-03T05:12:00+05:30,4429.3,4434.4,4429.3,4433.3,1374
2026-09-03T05:18:00+05:30,4433.3,4433.4,4429.8,4430.4,815
2026-09-03T05:24:00+05:30,4430.4,4432.6,4429.6,4431.2,481
2026-09-03T05:30:00+05:30,4431.1,4436,4429.9,4435.4,1020
2026-09-03T05:36:00+05:30,4435.5,4438,4430.1,4437.5,1436
2026-09-03T05:42:00+05:30,4437.4,4437.9,4430.6,4432.9,1123
2026-09-03T05:48:00+05:30,4432.7,4434.4,4430.3,4432.6,781
2026-09-03T05:54:00+05:30,4432.8,4435.8,4431.3,4432.4,702
2026-09-03T06:00:00+05:30,4432.4,4432.4,4427.6,4429.8,1209
2026-09-03T06:06:00+05:30,4429.7,4435.1,4429.4,4434.1,1222
2026-09-03T06:12:00+05:30,4434.1,4435.1,4430.9,4432.7,601
2026-09-03T06:18:00+05:30,4433,4439.4,4432.1,4436.9,1548
2026-09-03T06:24:00+05:30,4436.7,4442.8,4434.3,4440.5,1692
2026-09-03T06:30:00+05:30,4440.6,4442.2,4431.9,4440.3,3499
2026-09-03T06:36:00+05:30,4440.1,4453.7,4439.3,4453.4,4540
2026-09-03T06:42:00+05:30,4453.2,4454.8,4443.4,4444.3,3424
2026-09-03T06:48:00+05:30,4444,4448.1,4441.7,4444.1,2118
2026-09-03T06:54:00+05:30,4444.4,4447.4,4438.8,4446.9,2163
2026-09-03T07:00:00+05:30,4446.7,4454.8,4446.4,4452.9,3400
2026-09-03T07:06:00+05:30,4452.9,4454.3,4449.3,4449.6,1452
2026-09-03T07:12:00+05:30,4449.8,4450.5,4445.1,4446.3,1806
2026-09-03T07:18:00+05:30,4446.2,4453.5,4446.2,4452,1599
2026-09-03T07:24:00+05:30,4451.7,4457.7,4450.4,4455.5,1944
2026-09-03T07:30:00+05:30,4455.3,4461.5,4454.5,4457.5,2176
2026-09-03T07:36:00+05:30,4457.5,4458.8,4454.5,4457.4,1379
2026-09-03T07:42:00+05:30,4457,4458.7,4454.3,4455.7,1016
2026-09-03T07:48:00+05:30,4455.2,4457.8,4452.1,4453.6,1147
2026-09-03T07:54:00+05:30,4453.6,4457.2,4452.8,4457.2,1059
2026-09-03T08:00:00+05:30,4456.8,4463.1,4454.8,4460.5,2386
2026-09-03T08:06:00+05:30,4460.6,4463.8,4459.2,4460.5,1187
2026-09-03T08:12:00+05:30,4460.5,4461.5,4456.6,4460.2,925
2026-09-03T08:18:00+05:30,4460.1,4464.5,4457.8,4463.7,1302
2026-09-03T08:24:00+05:30,4463.9,4466.2,4463.6,4466,1129
2026-09-03T08:30:00+05:30,4466,4471,4465,4470.4,1841
2026-09-03T08:36:00+05:30,4470.5,4472.1,4469.4,4470.6,1573
2026-09-03T08:42:00+05:30,4470.8,4476.1,4470.5,4471.8,2582
2026-09-03T08:48:00+05:30,4471.8,4472.9,4470.2,4471.3,991
2026-09-03T08:54:00+05:30,4470.9,4477,4470.8,4475.1,1282
2026-09-03T09:00:00+05:30,4474.9,4478,4474.9,4475.7,1412
2026-09-03T09:06:00+05:30,4475.6,4476.5,4473.4,4475.1,918
2026-09-03T09:12:00+05:30,4475.1,4475.1,4471,4471.3,1034
2026-09-03T09:18:00+05:30,4471.4,4476.3,4471.1,4474.7,1531
2026-09-03T09:24:00+05:30,4474.7,4478.4,4473.8,4477.3,998
2026-09-03T09:30:00+05:30,4477.2,4477.5,4471.7,4472.3,1412
2026-09-03T09:36:00+05:30,4472.2,4481.1,4470.4,4479.8,2671
2026-09-03T09:42:00+05:30,4479.9,4480,4474.9,4476,979
2026-09-03T09:48:00+05:30,4476.1,4478.2,4475.4,4477.9,533
2026-09-03T09:54:00+05:30,4478.2,4482.2,4478.1,4481.5,973
2026-09-03T10:00:00+05:30,4481.8,4482.9,4480.5,4482,1028
2026-09-03T10:06:00+05:30,4481.8,4483.6,4481,4482.6,936
2026-09-03T10:12:00+05:30,4482.5,4483.9,4482.5,4483.3,457
2026-09-03T10:18:00+05:30,4483.4,4483.4,4480.1,4480.9,685
2026-09-03T10:24:00+05:30,4480.9,4483.4,4479.3,4483.2,1064
2026-09-03T10:30:00+05:30,4483,4485.9,4479.4,4479.9,1328
2026-09-03T10:36:00+05:30,4479.8,4480,4475.7,4476,1498
2026-09-03T10:42:00+05:30,4476.2,4477.5,4472.4,4474,1500
2026-09-03T10:48:00+05:30,4474.4,4476.5,4468.4,4469.3,2369
2026-09-03T10:54:00+05:30,4469.2,4473.6,4468.8,4470.9,1397
2026-09-03T11:00:00+05:30,4470.8,4479.3,4468.3,4475.2,2696
2026-09-03T11:06:00+05:30,4475.3,4477.1,4471.4,4473,1313
2026-09-03T11:12:00+05:30,4472.8,4480,4472.8,4478.9,1468
2026-09-03T11:18:00+05:30,4479,4485.4,4479,4480.7,2100
2026-09-03T11:24:00+05:30,4480.7,4482.6,4475.9,4477.1,1447
2026-09-03T11:30:00+05:30,4477.1,4479.9,4474.3,4477.8,1204
2026-09-03T11:36:00+05:30,4478,4482.3,4472.2,4472.2,1595
2026-09-03T11:42:00+05:30,4472.3,4476.8,4471.6,4473,1469
2026-09-03T11:48:00+05:30,4473.2,4475.7,4465.5,4468.3,2450
2026-09-03T11:54:00+05:30,4468.5,4469.9,4462.8,4467.6,2139
2026-09-03T12:00:00+05:30,4467.6,4470.4,4466.3,4469.9,1016
2026-09-03T12:06:00+05:30,4470,4472,4468.4,4471.3,1206
2026-09-03T12:12:00+05:30,4471.2,4474.7,4470.4,4473,1066
2026-09-03T12:18:00+05:30,4473,4473.6,4468.7,4469.3,788
2026-09-03T12:24:00+05:30,4469.1,4469.8,4466.1,4466.4,814
2026-09-03T12:30:00+05:30,4466.2,4477.3,4464.7,4474.6,2103
2026-09-03T12:36:00+05:30,4474.4,4474.6,4468.8,4470,880
2026-09-03T12:42:00+05:30,4470.2,4470.9,4467,4469,705
2026-09-03T12:48:00+05:30,4468.9,4475.4,4467.7,4475.4,936
2026-09-03T12:54:00+05:30,4475.5,4475.8,4470.8,4471.5,740
2026-09-03T13:00:00+05:30,4472,4476.2,4469.5,4471.2,784
2026-09-03T13:06:00+05:30,4471.1,4476.5,4468.7,4475.7,834
2026-09-03T13:12:00+05:30,4475.7,4476,4471.2,4471.6,591
2026-09-03T13:18:00+05:30,4471.4,4474.8,4469.7,4474.4,733
2026-09-03T13:24:00+05:30,4474.4,4476.8,4473.8,4474.4,441
2026-09-03T13:30:00+05:30,4474.4,4489.5,4473.6,4485.4,3432
2026-09-03T13:36:00+05:30,4485.2,4489.9,4479,4480.2,2099
2026-09-03T13:42:00+05:30,4480.1,4482.7,4476.7,4481.9,1197
2026-09-03T13:48:00+05:30,4481.9,4485.7,4480.4,4482.1,1551
2026-09-03T13:54:00+05:30,4482.3,4485,4480.8,4484.6,967
2026-09-03T14:00:00+05:30,4484.3,4486,4481.9,4483.4,702
2026-09-03T14:06:00+05:30,4483.5,4484.5,4478.9,4480.3,749
2026-09-03T14:12:00+05:30,4480.2,4486.1,4477.5,4485,930
2026-09-03T14:18:00+05:30,4485.2,4485.5,4480,4481.4,631
2026-09-03T14:24:00+05:30,4481.8,4483.9,4480,4480.9,478
2026-09-03T14:30:00+05:30,4481.2,4484,4480.3,4482.6,570
2026-09-03T14:36:00+05:30,4482.6,4488.3,4481.2,4485,1104
2026-09-03T14:42:00+05:30,4485.1,4486.1,4482,4483.4,493
2026-09-03T14:48:00+05:30,4483.3,4484,4478.4,4478.9,760
2026-09-03T14:54:00+05:30,4478.8,4482.2,4478.3,4481.3,911
2026-09-03T15:00:00+05:30,4481.2,4484.7,4480,4484.4,1102
2026-09-03T15:06:00+05:30,4484.3,4484.6,4476.9,4479.6,1215
2026-09-03T15:12:00+05:30,4479.6,4479.7,4472.5,4474.8,1176
2026-09-03T15:18:00+05:30,4474.8,4477,4472.4,4473.2,674
2026-09-03T15:24:00+05:30,4473.4,4475.7,4471.8,4474.5,589
2026-09-03T15:30:00+05:30,4474,4474.8,4471.9,4474.8,580
2026-09-03T15:36:00+05:30,4474.7,4476.3,4469.4,4470,1093
2026-09-03T15:42:00+05:30,4470.1,4472,4469.2,4470,726
2026-09-03T15:48:00+05:30,4469.9,4470.3,4467.2,4467.4,968
2026-09-03T15:54:00+05:30,4467.4,4470.3,4465.2,4468.7,1375
2026-09-03T16:00:00+05:30,4468.9,4470.5,4466.2,4469.8,885
2026-09-03T16:06:00+05:30,4469.6,4472.4,4468.4,4472.1,741
2026-09-03T16:12:00+05:30,4472,4472.9,4470.9,4471.8,520
2026-09-03T16:18:00+05:30,4471.9,4474.2,4470.1,4473.8,616
2026-09-03T16:24:00+05:30,4473.6,4474.7,4472.8,4473.4,507
2026-09-03T16:30:00+05:30,4473.2,4475.4,4470.8,4473.1,562
2026-09-03T16:36:00+05:30,4472.7,4478.4,4471.9,4477.7,961
2026-09-03T16:42:00+05:30,4477.8,4481.7,4477.2,4480.2,879
2026-09-03T16:48:00+05:30,4480.4,4484.2,4476.7,4476.8,1053
2026-09-03T16:54:00+05:30,4476.8,4481.2,4476.2,4480.3,1016
2026-09-03T17:00:00+05:30,4480.6,4481.6,4472,4480.6,1573
2026-09-03T17:06:00+05:30,4480.7,4484.8,4480.6,4483.5,674
2026-09-03T17:12:00+05:30,4483.6,4486.8,4483.3,4484.4,992
2026-09-03T17:18:00+05:30,4484.4,4487.7,4482.4,4485.2,1071
2026-09-03T17:24:00+05:30,4485.3,4492.8,4485.3,4490.2,1555
2026-09-03T17:30:00+05:30,4489.8,4494.9,4486.8,4494.8,2101
2026-09-03T17:36:00+05:30,4494.6,4496.8,4491,4493,1887
2026-09-03T17:42:00+05:30,4493.3,4493.3,4487.1,4489.3,1606
2026-09-03T17:48:00+05:30,4489,4492.6,4483.9,4492.4,1990
2026-09-03T17:54:00+05:30,4492.6,4495.6,4492.3,4492.7,2058
2026-09-03T18:00:00+05:30,4493.1,4520,4493,4508.2,9774
2026-09-03T18:06:00+05:30,4508.2,4526.6,4507.8,4513.6,7268
2026-09-03T18:12:00+05:30,4513.8,4524.6,4511.6,4522.5,3949
2026-09-03T18:18:00+05:30,4522.3,4535.4,4522.2,4534.4,5455
2026-09-03T18:24:00+05:30,4534.4,4542.8,4534.3,4540.8,5786
2026-09-03T18:30:00+05:30,4540.9,4543.7,4535.4,4539,5498
2026-09-03T18:36:00+05:30,4539,4541.3,4531.5,4536.4,3600
2026-09-03T18:42:00+05:30,4536.6,4536.6,4527.7,4527.7,3326
2026-09-03T18:48:00+05:30,4527.8,4532,4525.8,4529.9,3917
2026-09-03T18:54:00+05:30,4529.4,4531.5,4524.4,4527.5,2178
2026-09-03T19:00:00+05:30,4527.7,4529.8,4521.4,4526.3,4196
2026-09-03T19:06:00+05:30,4526.2,4526.7,4516.4,4520.6,3686
2026-09-03T19:12:00+05:30,4520.2,4521.2,4506.6,4507.3,4534
2026-09-03T19:18:00+05:30,4507.2,4512,4503.2,4508.3,4999
2026-09-03T19:24:00+05:30,4508.3,4517.8,4506.5,4517.4,3442
2026-09-03T19:30:00+05:30,4517.1,4517.1,4503.8,4514.2,4207
2026-09-03T19:36:00+05:30,4514.2,4519.9,4507.9,4512.5,3929
2026-09-03T19:42:00+05:30,4512.8,4523.3,4510.7,4521.1,3058
2026-09-03T19:48:00+05:30,4521.2,4527.5,4518.3,4522.9,3907
2026-09-03T19:54:00+05:30,4523.1,4524.8,4516.6,4523.6,2461
2026-09-03T20:00:00+05:30,4523.7,4526.2,4516.7,4518.5,2671
2026-09-03T20:06:00+05:30,4519,4520.3,4512.3,4515.7,2398
2026-09-03T20:12:00+05:30,4515.6,4526.3,4515.3,4525.5,2115
2026-09-03T20:18:00+05:30,4525.5,4526.7,4519.5,4522.9,1978
2026-09-03T20:24:00+05:30,4522.7,4532.2,4516.5,4531.8,4106
2026-09-03T20:30:00+05:30,4532.2,4547.8,4530.7,4547,6302
2026-09-03T20:36:00+05:30,4547.1,4551.6,4542.8,4544.8,4882
2026-09-03T20:42:00+05:30,4544.9,4553.6,4543.5,4553,3546
2026-09-03T20:48:00+05:30,4553.3,4558.6,4551.3,4554.7,4259
2026-09-03T20:54:00+05:30,4554.7,4556.6,4551.5,4554.2,2059
2026-09-03T21:00:00+05:30,4554.1,4557.4,4547.2,4549.4,2744
2026-09-03T21:06:00+05:30,4549.5,4550.5,4542.8,4544.6,2187
2026-09-03T21:12:00+05:30,4544.9,4545.5,4537.5,4537.8,2231
2026-09-03T21:18:00+05:30,4537.8,4539.3,4534.8,4539.1,2536
2026-09-03T21:24:00+05:30,4539.2,4541,4533.6,4541,2077
2026-09-03T21:30:00+05:30,4540.8,4541.2,4536.7,4537.3,1474
2026-09-03T21:36:00+05:30,4537.4,4542.6,4535,4542.2,1278
2026-09-03T21:42:00+05:30,4542.4,4543.3,4540.2,4541.9,1139
2026-09-03T21:48:00+05:30,4541.5,4541.7,4538.6,4540.6,881
2026-09-03T21:54:00+05:30,4540.7,4542.1,4538,4540.6,729
2026-09-03T22:00:00+05:30,4541.1,4543.5,4536.8,4538.5,994
2026-09-03T22:06:00+05:30,4538.3,4539.4,4535.3,4536.4,868
2026-09-03T22:12:00+05:30,4536.1,4538.7,4534.3,4537.1,1140
2026-09-03T22:18:00+05:30,4536.9,4537.9,4533.1,4534.8,1259
2026-09-03T22:24:00+05:30,4534.9,4536.3,4533.3,4533.6,708
2026-09-03T22:30:00+05:30,4534,4536,4530.7,4535.8,1598
2026-09-03T22:36:00+05:30,4535.7,4536.5,4533.1,4533.5,896
2026-09-03T22:42:00+05:30,4533.7,4535.9,4532.5,4534,791
2026-09-03T22:48:00+05:30,4533.7,4539,4533.5,4538.5,964
2026-09-03T22:54:00+05:30,4538.4,4541.2,4537.2,4540.3,1505
2026-09-03T23:00:00+05:30,4540.4,4541.5,4538,4540.8,1077
2026-09-03T23:06:00+05:30,4540.6,4541.4,4539.5,4539.8,579
2026-09-03T23:12:00+05:30,4539.5,4542.6,4538.6,4540.5,851
2026-09-03T23:18:00+05:30,4540.2,4540.2,4535.5,4537.5,1085
2026-09-03T23:24:00+05:30,4537.5,4538,4533.6,4533.9,900
2026-09-03T23:30:00+05:30,4534,4537.5,4531.7,4532.5,1290
2026-09-03T23:36:00+05:30,4532.3,4536.4,4531.7,4534.5,1049
2026-09-03T23:42:00+05:30,4534.5,4534.5,4531,4532.5,774
2026-09-03T23:48:00+05:30,4532.5,4535.5,4530,4530.4,930
2026-09-03T23:54:00+05:30,4530.2,4532,4526.7,4527.2,1635
2026-09-04T00:00:00+05:30,4527.2,4527.7,4522.2,4527.2,2252
2026-09-04T00:06:00+05:30,4527.3,4530.5,4527.2,4528.5,902
2026-09-04T00:12:00+05:30,4528.9,4530.1,4528,4529.5,528
2026-09-04T00:18:00+05:30,4529.5,4529.6,4523.7,4523.9,1408
2026-09-04T00:24:00+05:30,4523.7,4524.1,4521.3,4523,1209
2026-09-04T00:30:00+05:30,4522.9,4524.3,4521.5,4523.4,825
2026-09-04T00:36:00+05:30,4523.3,4524.9,4521.7,4523.3,896
2026-09-04T00:42:00+05:30,4523.5,4524.4,4520.5,4522.3,1213
2026-09-04T00:48:00+05:30,4522.1,4524.6,4521.9,4522.7,621
2026-09-04T00:54:00+05:30,4522.7,4523.7,4520.3,4523.7,634
2026-09-04T01:00:00+05:30,4523.7,4525.6,4521.8,4522.9,731
2026-09-04T01:06:00+05:30,4522.8,4526.6,4521.8,4526,836
2026-09-04T01:12:00+05:30,4525.9,4528.5,4524.7,4527.1,1107
2026-09-04T01:18:00+05:30,4527.2,4528.1,4524.1,4524.5,982
2026-09-04T01:24:00+05:30,4524.4,4526.4,4520.8,4522.8,1489
2026-09-04T01:30:00+05:30,4522.8,4523.3,4518.6,4520.3,1278
2026-09-04T01:36:00+05:30,4520,4521.2,4519,4519.8,434
2026-09-04T01:42:00+05:30,4519.5,4520.5,4517.5,4518.2,355
2026-09-04T01:48:00+05:30,4518.3,4519.3,4518,4518.6,216
2026-09-04T01:54:00+05:30,4518.7,4520,4518,4518.9,256
2026-09-04T02:00:00+05:30,4518.9,4520,4518.7,4519.1,286
2026-09-04T02:06:00+05:30,4519.3,4520,4518.4,4519.2,251
2026-09-04T02:12:00+05:30,4519.7,4520.3,4518.9,4519.7,294
2026-09-04T02:18:00+05:30,4519.6,4521.4,4519.6,4520.5,244
2026-09-04T02:24:00+05:30,4520.4,4521.4,4519.6,4520.1,363
2026-09-04T03:30:00+05:30,4521.5,4524.6,4520.3,4524,1042
2026-09-04T03:36:00+05:30,4524.2,4524.3,4521.5,4521.9,433
2026-09-04T03:42:00+05:30,4521.7,4526.2,4521.6,4524.5,858
2026-09-04T03:48:00+05:30,4524.3,4526.2,4522.4,4522.6,691
2026-09-04T03:54:00+05:30,4522.5,4523.1,4521.3,4522.2,437
2026-09-04T04:00:00+05:30,4522.2,4524.1,4521.2,4522.2,515
2026-09-04T04:06:00+05:30,4521.9,4524.2,4519.7,4522.4,844
2026-09-04T04:12:00+05:30,4522.7,4522.7,4519.7,4520.6,649
2026-09-04T04:18:00+05:30,4520.5,4523.3,4518,4521.4,1278
2026-09-04T04:24:00+05:30,4521.7,4522.4,4518.9,4521.5,548
2026-09-04T04:30:00+05:30,4521.6,4525,4521.4,4523.6,521
2026-09-04T04:36:00+05:30,4523.7,4525.1,4519.4,4523,899
2026-09-04T04:42:00+05:30,4522.6,4522.6,4518.6,4520,530
2026-09-04T04:48:00+05:30,4520.2,4520.6,4518.7,4519.9,384
2026-09-04T04:54:00+05:30,4519.7,4521.7,4519,4520.8,277
2026-09-04T05:00:00+05:30,4520.8,4523.1,4520.4,4522,438
2026-09-04T05:06:00+05:30,4522.2,4525.4,4522.2,4524.1,672
2026-09-04T05:12:00+05:30,4524.2,4524.4,4522.2,4522.5,391
2026-09-04T05:18:00+05:30,4522.6,4526.9,4521.8,4522.6,1050
2026-09-04T05:24:00+05:30,4522.5,4527.4,4522.4,4527.1,678
2026-09-04T05:30:00+05:30,4527.1,4529.2,4525,4528.9,1254
2026-09-04T05:36:00+05:30,4528.7,4530,4525.9,4527.4,1303
2026-09-04T05:42:00+05:30,4527.3,4529.8,4523.4,4524.1,1094
2026-09-04T05:48:00+05:30,4524,4526.5,4522.7,4525.4,972
2026-09-04T05:54:00+05:30,4525.3,4525.7,4520.5,4520.9,1027
2026-09-04T06:00:00+05:30,4521.2,4526.2,4519.1,4525.6,1331
2026-09-04T06:06:00+05:30,4525.5,4525.7,4522.1,4524.4,727
2026-09-04T06:12:00+05:30,4524.8,4531.3,4524.8,4531.3,1427
2026-09-04T06:18:00+05:30,4531.5,4531.5,4527,4527.9,1400
2026-09-04T06:24:00+05:30,4527.7,4533.5,4526.8,4532.6,1369
2026-09-04T06:30:00+05:30,4532.6,4533.5,4521.5,4522,3058
2026-09-04T06:36:00+05:30,4522,4528.6,4521,4527.5,1405
2026-09-04T06:42:00+05:30,4527.7,4529.4,4519.9,4523.9,1697
2026-09-04T06:48:00+05:30,4524.3,4525.3,4520.4,4523.8,747
2026-09-04T06:54:00+05:30,4523.9,4524,4513.1,4517.2,3417
2026-09-04T07:00:00+05:30,4517.1,4519.2,4514.2,4518.9,2000
2026-09-04T07:06:00+05:30,4519,4523.3,4517.9,4519.7,1568
2026-09-04T07:12:00+05:30,4520,4521.3,4512.1,4514.8,1638
2026-09-04T07:18:00+05:30,4514.9,4518.1,4514.1,4517.9,916
2026-09-04T07:24:00+05:30,4517.7,4526.9,4517.5,4525.1,2013
2026-09-04T07:30:00+05:30,4525,4528.9,4523.9,4524.7,1417
2026-09-04T07:36:00+05:30,4524.6,4526.3,4523.2,4523.8,731
2026-09-04T07:42:00+05:30,4523.8,4526.6,4523.2,4524.6,727
2026-09-04T07:48:00+05:30,4524.6,4525.1,4519.8,4522.2,1026
2026-09-04T07:54:00+05:30,4522.4,4523.8,4517.4,4520.1,1460
2026-09-04T08:00:00+05:30,4519.9,4522.3,4516.4,4518.8,1580
2026-09-04T08:06:00+05:30,4519.1,4523.5,4518,4522.5,998
2026-09-04T08:12:00+05:30,4522.5,4522.5,4516,4521,1128
2026-09-04T08:18:00+05:30,4521,4524.9,4520.5,4523.6,922
2026-09-04T08:24:00+05:30,4523.8,4527.1,4522,4523.5,892
2026-09-04T08:30:00+05:30,4523.5,4524.9,4518.4,4519.7,740
2026-09-04T08:36:00+05:30,4519.9,4521.3,4517,4517.6,997
2026-09-04T08:42:00+05:30,4517.3,4520.3,4516.1,4519.1,760
2026-09-04T08:48:00+05:30,4519,4521,4518.1,4519.8,402
2026-09-04T08:54:00+05:30,4519.8,4520.9,4517.9,4518.6,270
2026-09-04T09:00:00+05:30,4518.9,4521.5,4518.3,4521.2,321
2026-09-04T09:06:00+05:30,4520.7,4521.2,4518.3,4518.6,337
2026-09-04T09:12:00+05:30,4518.4,4518.9,4515,4515.3,618
2026-09-04T09:18:00+05:30,4515.1,4516.5,4513.7,4515.7,716
2026-09-04T09:24:00+05:30,4515.8,4516.2,4513.2,4513.2,688
2026-09-04T09:30:00+05:30,4513.1,4516.7,4511.5,4515,1567
2026-09-04T09:36:00+05:30,4514.8,4516.1,4513.5,4515.4,376
2026-09-04T09:42:00+05:30,4515.4,4516.4,4513.8,4515.6,595
2026-09-04T09:48:00+05:30,4515.4,4516.9,4514.9,4516.2,316
2026-09-04T09:54:00+05:30,4515.9,4518.8,4515.4,4518,497
2026-09-04T10:00:00+05:30,4518.1,4521,4517.9,4519.2,753
2026-09-04T10:06:00+05:30,4519.2,4521.2,4519.2,4520.9,446
2026-09-04T10:12:00+05:30,4520.8,4521.1,4518.9,4519.1,356
2026-09-04T10:18:00+05:30,4519.4,4521.7,4519.1,4520.5,371
2026-09-04T10:24:00+05:30,4520.5,4521.1,4520.1,4520.2,226
2026-09-04T10:30:00+05:30,4520.2,4521.3,4515.3,4515.3,882
2026-09-04T10:36:00+05:30,4515.3,4518.3,4513.5,4514.8,767
2026-09-04T10:42:00+05:30,4514.7,4519.7,4513.7,4519.4,818
2026-09-04T10:48:00+05:30,4519.5,4521.7,4516.4,4516.9,725
2026-09-04T10:54:00+05:30,4517.4,4517.8,4513.5,4514,491
2026-09-04T11:00:00+05:30,4513.6,4521.4,4512.9,4516.3,1326
2026-09-04T11:06:00+05:30,4516.1,4524,4515.3,4521.2,1499
2026-09-04T11:12:00+05:30,4521.1,4522,4516.6,4518.5,943
2026-09-04T11:18:00+05:30,4518.4,4518.8,4514,4514.1,774
2026-09-04T11:24:00+05:30,4514.4,4518.5,4513.3,4518.3,962
2026-09-04T11:30:00+05:30,4518.3,4519.5,4515.2,4517.2,1103
2026-09-04T11:36:00+05:30,4517.3,4518.2,4513.5,4513.9,727
2026-09-04T11:42:00+05:30,4513.9,4515.8,4512.7,4514,562
2026-09-04T11:48:00+05:30,4514,4517.9,4513.4,4515.2,688
2026-09-04T11:54:00+05:30,4515.3,4518.1,4512.9,4515,558
2026-09-04T12:00:00+05:30,4515.3,4516,4510.5,4511.5,1134
2026-09-04T12:06:00+05:30,4511.8,4515,4508.6,4514.7,1310
2026-09-04T12:12:00+05:30,4514.8,4514.8,4507.9,4510.1,1276
2026-09-04T12:18:00+05:30,4509.9,4510.8,4507.1,4509.4,1037
2026-09-04T12:24:00+05:30,4509.2,4509.9,4506.1,4509.4,767
2026-09-04T12:30:00+05:30,4509.4,4514.3,4508.1,4512.9,1063
2026-09-04T12:36:00+05:30,4512.7,4517.7,4512.1,4516.9,1234
2026-09-04T12:42:00+05:30,4516.8,4518.3,4513.2,4514.5,936
2026-09-04T12:48:00+05:30,4514.3,4516.4,4513.5,4515,427
2026-09-04T12:54:00+05:30,4515,4519.8,4514.8,4519.6,963
2026-09-04T13:00:00+05:30,4519.7,4522.8,4519.3,4521.9,1219
2026-09-04T13:06:00+05:30,4522,4525.4,4521.2,4525,952
2026-09-04T13:12:00+05:30,4524.9,4535.8,4524.6,4535.7,3156
2026-09-04T13:18:00+05:30,4535.4,4537.9,4529.3,4530,1535
2026-09-04T13:24:00+05:30,4529.9,4533.7,4528.1,4530.3,1248
2026-09-04T13:30:00+05:30,4530.4,4533.6,4528.4,4529,1229
2026-09-04T13:36:00+05:30,4529,4531,4526,4527.5,922
2026-09-04T13:42:00+05:30,4527.5,4530.9,4526,4530.8,704
2026-09-04T13:48:00+05:30,4530.9,4531,4527.9,4528.3,535
2026-09-04T13:54:00+05:30,4528.1,4529.3,4526.3,4527.9,619
2026-09-04T14:00:00+05:30,4528,4529.4,4524.7,4527.4,758
2026-09-04T14:06:00+05:30,4527.3,4528.2,4524.1,4524.8,552
2026-09-04T14:12:00+05:30,4524.7,4525.9,4523.3,4523.7,481
2026-09-04T14:18:00+05:30,4523.4,4523.6,4521,4523.1,643
2026-09-04T14:24:00+05:30,4523.3,4526.3,4522.6,4524.5,648
2026-09-04T14:30:00+05:30,4524.4,4525.8,4522.5,4523.1,459
2026-09-04T14:36:00+05:30,4522.9,4523.1,4517.8,4517.9,991
2026-09-04T14:42:00+05:30,4517.9,4518.8,4514.4,4515.1,1143
2026-09-04T14:48:00+05:30,4515.2,4515.4,4510,4513,1288
2026-09-04T14:54:00+05:30,4513.1,4513.3,4510,4512.8,909
2026-09-04T15:00:00+05:30,4512.8,4516.5,4510.9,4514.3,1359
2026-09-04T15:06:00+05:30,4514.5,4516,4513.1,4513.6,409
2026-09-04T15:12:00+05:30,4513.8,4515.8,4512,4515.2,618
2026-09-04T15:18:00+05:30,4515.1,4516,4514.2,4515.2,312
2026-09-04T15:24:00+05:30,4514.9,4515.8,4511.4,4511.9,517
2026-09-04T15:30:00+05:30,4511.7,4516.7,4511.6,4515.9,512
2026-09-04T15:36:00+05:30,4515.6,4517.3,4515.3,4516,437
2026-09-04T15:42:00+05:30,4516.3,4519.9,4516.1,4518.2,812
2026-09-04T15:48:00+05:30,4518.2,4518.4,4514.8,4515.5,497
2026-09-04T15:54:00+05:30,4515.5,4520.1,4514.3,4517.5,852
2026-09-04T16:00:00+05:30,4517.6,4521.5,4517.1,4518.2,698
2026-09-04T16:06:00+05:30,4518.3,4520.2,4516.2,4519.5,491
2026-09-04T16:12:00+05:30,4519.7,4522.8,4519.1,4522.3,439
2026-09-04T16:18:00+05:30,4522.3,4522.5,4519.6,4519.9,444
2026-09-04T16:24:00+05:30,4519.9,4521.4,4519,4519,337
2026-09-04T16:30:00+05:30,4519.1,4519.5,4516.2,4518.1,617
2026-09-04T16:36:00+05:30,4518,4518.1,4515.5,4516.5,437
2026-09-04T16:42:00+05:30,4516.3,4517.2,4513.9,4514.4,553
2026-09-04T16:48:00+05:30,4514.5,4517,4512.5,4516.3,806
2026-09-04T16:54:00+05:30,4516,4516.1,4511.4,4511.9,680
2026-09-04T17:00:00+05:30,4511.9,4514.5,4511.4,4513.6,620
2026-09-04T17:06:00+05:30,4513.4,4516.8,4513.2,4515.5,494
2026-09-04T17:12:00+05:30,4515.4,4516.6,4512.1,4516.3,480
2026-09-04T17:18:00+05:30,4516.4,4516.9,4513.3,4515,549
2026-09-04T17:24:00+05:30,4514.9,4516.2,4510.8,4513,710
2026-09-04T17:30:00+05:30,4513.4,4516.7,4511,4515.8,920
2026-09-04T17:36:00+05:30,4515.8,4516.5,4512.5,4514.1,804
2026-09-04T17:42:00+05:30,4513.8,4514.6,4510.6,4512.3,926
2026-09-04T17:48:00+05:30,4512.1,4516.1,4510.7,4513.1,1149
2026-09-04T17:54:00+05:30,4513.2,4522.9,4513.2,4519.2,1807
2026-09-04T18:00:00+05:30,4520.3,4522.7,4411.4,4436.5,26670
2026-09-04T18:06:00+05:30,4436.6,4448.8,4430,4448.5,8680
2026-09-04T18:12:00+05:30,4448.7,4453.6,4426.8,4429.5,7217
2026-09-04T18:18:00+05:30,4429.6,4455.5,4429,4455,6670
2026-09-04T18:24:00+05:30,4455.1,4457,4439.5,4440.8,4985
2026-09-04T18:30:00+05:30,4440.7,4441.7,4412,4426,11536
2026-09-04T18:36:00+05:30,4425.8,4436.9,4424.2,4435.4,4199
2026-09-04T18:42:00+05:30,4435.5,4446.5,4433.3,4438.7,4226
2026-09-04T18:48:00+05:30,4438.5,4450.8,4438,4450.1,3254
2026-09-04T18:54:00+05:30,4449.9,4461.4,4448.6,4459.5,4975
2026-09-04T19:00:00+05:30,4459.6,4467.8,4457.8,4458.7,6568
2026-09-04T19:06:00+05:30,4459,4463.8,4452.1,4457.8,4227
2026-09-04T19:12:00+05:30,4457.4,4479.6,4456.7,4479.4,6633
2026-09-04T19:18:00+05:30,4479.5,4482,4468.6,4469.1,4735
2026-09-04T19:24:00+05:30,4469.1,4473.9,4459.5,4460.2,3964
2026-09-04T19:30:00+05:30,4460.2,4470.1,4458.5,4468.7,3769
2026-09-04T19:36:00+05:30,4468.7,4474.4,4463,4466.9,3188
2026-09-04T19:42:00+05:30,4466.7,4485,4466.5,4477.1,4693
2026-09-04T19:48:00+05:30,4477.2,4483.4,4476,4477,2817
2026-09-04T19:54:00+05:30,4476.9,4484.8,4474.2,4476.5,2843
2026-09-04T20:00:00+05:30,4476.5,4489.5,4476.4,4488.7,3573
2026-09-04T20:06:00+05:30,4488.4,4488.4,4474.7,4477.1,3186
2026-09-04T20:12:00+05:30,4477.2,4479.6,4469.2,4472.2,3545
2026-09-04T20:18:00+05:30,4472.2,4477,4467.6,4469.4,2392
2026-09-04T20:24:00+05:30,4469.3,4476.9,4464,4474.1,2899
2026-09-04T20:30:00+05:30,4474.4,4480.9,4469.2,4480.3,2525
2026-09-04T20:36:00+05:30,4480.3,4486.5,4478.5,4483.3,2796
2026-09-04T20:42:00+05:30,4483.3,4493.3,4482.9,4492.4,3423
2026-09-04T20:48:00+05:30,4492.5,4496.4,4488.1,4488.4,2857
2026-09-04T20:54:00+05:30,4488.4,4493.5,4486.7,4487,1988
2026-09-04T21:00:00+05:30,4487.2,4491.6,4485.5,4486.1,1784
2026-09-04T21:06:00+05:30,4486,4491.3,4483.4,4491,1759
2026-09-04T21:12:00+05:30,4490.9,4493.8,4488.3,4490,1499
2026-09-04T21:18:00+05:30,4490.2,4493.4,4486.6,4488.6,1369
2026-09-04T21:24:00+05:30,4488.9,4489,4482.7,4483.9,1806
2026-09-04T21:30:00+05:30,4483.9,4488.1,4483.5,4487.2,1238
2026-09-04T21:36:00+05:30,4487.1,4487.3,4479.5,4481.8,2002
2026-09-04T21:42:00+05:30,4482,4488.6,4479.7,4488.4,1399
2026-09-04T21:48:00+05:30,4488.5,4491.2,4483.4,4484.5,1401
2026-09-04T21:54:00+05:30,4484.4,4486.2,4480.8,4482,939
2026-09-04T22:00:00+05:30,4481.7,4486.5,4480.8,4484.7,754
2026-09-04T22:06:00+05:30,4484.8,4485.6,4483.6,4485.1,495
2026-09-04T22:12:00+05:30,4485,4487.3,4482.9,4486.2,953
2026-09-04T22:18:00+05:30,4486.2,4487.8,4483.7,4483.7,780
2026-09-04T22:24:00+05:30,4483.7,4485.6,4481.8,4483.8,1092
2026-09-04T22:30:00+05:30,4483.5,4484,4477.4,4479.3,2003
2026-09-04T22:36:00+05:30,4479,4481.3,4478.1,4479.8,767
2026-09-04T22:42:00+05:30,4479.8,4483,4479.2,4483,953
2026-09-04T22:48:00+05:30,4483,4488.4,4480.2,4480.4,1681
2026-09-04T22:54:00+05:30,4480.3,4481.4,4475,4476.1,2285
2026-09-04T23:00:00+05:30,4475.9,4477.3,4470.3,4472.4,2225
2026-09-04T23:06:00+05:30,4472.5,4472.7,4467,4467.2,1485
2026-09-04T23:12:00+05:30,4467.3,4467.5,4462.6,4466.5,2250
2026-09-04T23:18:00+05:30,4466.3,4469,4466.2,4467.8,1112
2026-09-04T23:24:00+05:30,4467.8,4468,4463.5,4464,1024
2026-09-04T23:30:00+05:30,4464.7,4465.1,4458.8,4461.4,1779
2026-09-04T23:36:00+05:30,4461.4,4466.8,4461.2,4464.3,1472
2026-09-04T23:42:00+05:30,4464.5,4470.2,4464.1,4468.9,1095
2026-09-04T23:48:00+05:30,4468.8,4472.5,4466.9,4471.5,1186
2026-09-04T23:54:00+05:30,4471.7,4474.5,4471,4472.3,1170
2026-09-05T00:00:00+05:30,4472.4,4472.8,4470.6,4471.4,562
2026-09-05T00:06:00+05:30,4471.2,4473.9,4468.7,4470.2,1048
2026-09-05T00:12:00+05:30,4470,4472.1,4469.5,4471.4,446
2026-09-05T00:18:00+05:30,4471.5,4473,4471.1,4472.7,352
2026-09-05T00:24:00+05:30,4472.6,4473.3,4470.3,4471.4,644
2026-09-05T00:30:00+05:30,4471.6,4473.1,4469.9,4471.2,810
2026-09-05T00:36:00+05:30,4471.1,4474.9,4470.8,4474.6,634
2026-09-05T00:42:00+05:30,4474.9,4479.2,4474.5,4477.4,1210
2026-09-05T00:48:00+05:30,4477.5,4478.2,4474.1,4477.5,673
2026-09-05T00:54:00+05:30,4477.4,4483,4477.4,4482.6,994
2026-09-05T01:00:00+05:30,4482.8,4485.6,4481.2,4483.1,1021
2026-09-05T01:06:00+05:30,4483.4,4485,4482.3,4483.4,662
2026-09-05T01:12:00+05:30,4483.7,4484.8,4480.6,4481.9,746
2026-09-05T01:18:00+05:30,4481.6,4483.5,4480.6,4482.2,943
2026-09-05T01:24:00+05:30,4482.4,4483.7,4479.7,4481.9,1120
2026-09-05T01:30:00+05:30,4481.8,4482.4,4479.2,4479.5,544
2026-09-05T01:36:00+05:30,4479.5,4479.8,4478.1,4478.2,396
2026-09-05T01:42:00+05:30,4478.3,4479.8,4477,4477.6,306
2026-09-05T01:48:00+05:30,4477.5,4478.4,4477.3,4477.6,193
2026-09-05T01:54:00+05:30,4477.6,4478.1,4476.7,4477.2,248
2026-09-05T02:00:00+05:30,4477.2,4477.8,4476,4477.7,326
2026-09-05T02:06:00+05:30,4477.8,4478,4476.4,4476.5,299
2026-09-05T02:12:00+05:30,4476.7,4477.9,4475.8,4476,356
2026-09-05T02:18:00+05:30,4476,4477.7,4475.5,4477.5,309
2026-09-05T02:24:00+05:30,4477.5,4478.6,4476.4,4477,416
2026-09-07T03:30:00+05:30,4466.7,4474.7,4462.1,4470.3,1680
2026-09-07T03:36:00+05:30,4470,4472.3,4468.2,4471.9,583
2026-09-07T03:42:00+05:30,4472,4476.3,4471.8,4473.9,594
2026-09-07T03:48:00+05:30,4473.8,4475.7,4473,4474.2,350
2026-09-07T03:54:00+05:30,4474.2,4476.4,4472.7,4474.7,562
2026-09-07T04:00:00+05:30,4474.6,4477,4473.9,4475,450
2026-09-07T04:06:00+05:30,4474.6,4476.8,4473.6,4476.2,330
2026-09-07T04:12:00+05:30,4476.3,4480,4475.9,4479.6,446
2026-09-07T04:18:00+05:30,4479.7,4481.5,4478,4478.5,656
2026-09-07T04:24:00+05:30,4478.5,4479.4,4475.2,4475.7,525
2026-09-07T04:30:00+05:30,4475.6,4478,4475.3,4477.5,360
2026-09-07T04:36:00+05:30,4477.1,4477.8,4475.6,4476.6,241
2026-09-07T04:42:00+05:30,4476.8,4477.5,4475.4,4475.7,284
2026-09-07T04:48:00+05:30,4475.7,4476.3,4472.7,4473.4,452
2026-09-07T04:54:00+05:30,4473.1,4473.8,4471.4,4473.6,507
2026-09-07T05:00:00+05:30,4473.3,4476.7,4471.4,4476.6,477
2026-09-07T05:06:00+05:30,4476.6,4477.1,4471.6,4473.3,677
2026-09-07T05:12:00+05:30,4473.1,4480.6,4472.7,4475.3,1067
2026-09-07T05:18:00+05:30,4475.5,4476.6,4469.2,4470.7,955
2026-09-07T05:24:00+05:30,4470.7,4471.5,4468,4470,824
2026-09-07T05:30:00+05:30,4470.3,4473.9,4468.9,4471.3,1049
2026-09-07T05:36:00+05:30,4470.9,4474.4,4467.8,4473.6,845
2026-09-07T05:42:00+05:30,4473.7,4475.8,4470.2,4474.7,953
2026-09-07T05:48:00+05:30,4474.6,4474.6,4471.4,4471.8,373
2026-09-07T05:54:00+05:30,4471.9,4473.9,4468.9,4468.9,502
2026-09-07T06:00:00+05:30,4468.9,4469.5,4465.2,4466.6,1085
2026-09-07T06:06:00+05:30,4466.7,4470.8,4465.2,4469.6,778
2026-09-07T06:12:00+05:30,4469.7,4473.8,4469.7,4473.7,805
2026-09-07T06:18:00+05:30,4474,4476.6,4469.5,4469.8,915
2026-09-07T06:24:00+05:30,4470.2,4470.2,4456.7,4459.5,2568
2026-09-07T06:30:00+05:30,4459.2,4462.9,4453.7,4456.9,3570
2026-09-07T06:36:00+05:30,4457.2,4457.2,4448.2,4449.1,2855
2026-09-07T06:42:00+05:30,4449.1,4449.1,4440.4,4442.2,2907
2026-09-07T06:48:00+05:30,4442.3,4443.5,4436.4,4441.5,2530
2026-09-07T06:54:00+05:30,4441.2,4451.1,4440.3,4450.2,1969
2026-09-07T07:00:00+05:30,4450.4,4458.2,4449.9,4454.5,2228
2026-09-07T07:06:00+05:30,4454.6,4460,4453.3,4455.4,1549
2026-09-07T07:12:00+05:30,4455.3,4460.2,4454.8,4458.3,818
2026-09-07T07:18:00+05:30,4458.2,4463.7,4455.4,4462.7,1361
2026-09-07T07:24:00+05:30,4462.9,4463.2,4455.2,4455.7,1161
2026-09-07T07:30:00+05:30,4455.7,4457.1,4451.4,4453.5,1594
2026-09-07T07:36:00+05:30,4454,4454,4449.3,4452.1,1163
2026-09-07T07:42:00+05:30,4452,4452.8,4449.6,4452.5,622
2026-09-07T07:48:00+05:30,4452.5,4455.6,4452.3,4455.3,960
2026-09-07T07:54:00+05:30,4455.3,4455.9,4453.4,4454.1,565
2026-09-07T08:00:00+05:30,4454.1,4461.7,4453.1,4461.3,1925
2026-09-07T08:06:00+05:30,4460.4,4465,4459,4463.7,1307
2026-09-07T08:12:00+05:30,4463.6,4465.4,4459.8,4465.3,1014
2026-09-07T08:18:00+05:30,4465.2,4465.3,4460.1,4460.3,662
2026-09-07T08:24:00+05:30,4460.2,4461.2,4453.2,4455,1488
2026-09-07T08:30:00+05:30,4454.8,4457,4453.3,4454.7,1078
2026-09-07T08:36:00+05:30,4454.8,4454.9,4451.3,4453.5,952
2026-09-07T08:42:00+05:30,4453.4,4454.6,4452.2,4453,589
2026-09-07T08:48:00+05:30,4453.1,4456.2,4450.6,4455.1,1219
2026-09-07T08:54:00+05:30,4455.5,4455.8,4453.8,4454.5,402
2026-09-07T09:00:00+05:30,4454.5,4454.9,4451.7,4453.6,570
2026-09-07T09:06:00+05:30,4453.5,4453.8,4450.4,4450.8,584
2026-09-07T09:12:00+05:30,4450.7,4450.7,4447.3,4450.2,1012
2026-09-07T09:18:00+05:30,4450,4451.2,4447.1,4447.5,706
2026-09-07T09:24:00+05:30,4447.6,4450.6,4447.5,4450,381
2026-09-07T09:30:00+05:30,4450,4451,4446.9,4448.7,928
2026-09-07T09:36:00+05:30,4448.8,4451.8,4447.8,4451.7,550
2026-09-07T09:42:00+05:30,4451.7,4453.3,4448.9,4449,690
2026-09-07T09:48:00+05:30,4448.7,4449.3,4446.1,4446.7,600
2026-09-07T09:54:00+05:30,4446.3,4448.1,4445.6,4447.8,422
2026-09-07T10:00:00+05:30,4447.8,4448.3,4442.5,4442.8,929
2026-09-07T10:06:00+05:30,4442.7,4443.1,4439.7,4441.8,908
2026-09-07T10:12:00+05:30,4441.8,4443.4,4441.7,4441.9,418
2026-09-07T10:18:00+05:30,4442.1,4443.7,4441,4441.6,506
2026-09-07T10:24:00+05:30,4441.5,4444.9,4441.3,4443.7,469
2026-09-07T10:30:00+05:30,4443.9,4448.9,4443.2,4448.4,883
2026-09-07T10:36:00+05:30,4448.6,4449.9,4444,4444.7,762
2026-09-07T10:42:00+05:30,4444.6,4449.6,4444.3,4449.1,587
2026-09-07T10:48:00+05:30,4449.5,4451.4,4448.1,4448.9,584
2026-09-07T10:54:00+05:30,4448.5,4457.6,4448.5,4457,1188
2026-09-07T11:00:00+05:30,4457.1,4459.4,4450.8,4456.4,2213
2026-09-07T11:06:00+05:30,4456.3,4456.3,4447.3,4448.7,896
2026-09-07T11:12:00+05:30,4448.7,4452.8,4448.2,4449.9,702
2026-09-07T11:18:00+05:30,4449.8,4450,4442.2,4443.1,1045
2026-09-07T11:24:00+05:30,4443.3,4444.1,4438.9,4440,1249
2026-09-07T11:30:00+05:30,4440,4440.7,4430.6,4434.9,2899
2026-09-07T11:36:00+05:30,4435.1,4437,4430.8,4437,1469
2026-09-07T11:42:00+05:30,4437.1,4440.2,4437.1,4439.7,1131
2026-09-07T11:48:00+05:30,4439.9,4441.7,4435.5,4440.5,1164
2026-09-07T11:54:00+05:30,4440.5,4444,4439.2,4439.9,1109
2026-09-07T12:00:00+05:30,4440.1,4444.4,4439.4,4442.8,660
2026-09-07T12:06:00+05:30,4442.9,4444.9,4439.4,4444.7,763
2026-09-07T12:12:00+05:30,4444.6,4445.6,4441.8,4443.8,875
2026-09-07T12:18:00+05:30,4443.8,4444.4,4441.3,4443.4,458
2026-09-07T12:24:00+05:30,4443.6,4443.8,4436.8,4438.5,957
2026-09-07T12:30:00+05:30,4438.8,4447.4,4437.8,4445.6,1376
2026-09-07T12:36:00+05:30,4445.4,4447.7,4443,4443.3,1069
2026-09-07T12:42:00+05:30,4443.3,4448.1,4441.4,4444.8,918
2026-09-07T12:48:00+05:30,4444.8,4446.7,4441.8,4443.3,542
2026-09-07T12:54:00+05:30,4443.4,4445.6,4440.4,4440.7,1160
2026-09-07T13:00:00+05:30,4441.1,4443.7,4439.1,4443.6,718
2026-09-07T13:06:00+05:30,4443.6,4445,4439,4439.4,976
2026-09-07T13:12:00+05:30,4439.2,4444.1,4438,4442,621
2026-09-07T13:18:00+05:30,4441.9,4448.5,4441.9,4447.8,1074
2026-09-07T13:24:00+05:30,4448.1,4452.9,4444.6,4452.6,1566
2026-09-07T13:30:00+05:30,4452.4,4463,4451.3,4458.1,2868
2026-09-07T13:36:00+05:30,4458,4461,4455.6,4460.4,1498
2026-09-07T13:42:00+05:30,4460.6,4466.1,4457.7,4465.5,1575
2026-09-07T13:48:00+05:30,4465.9,4469.3,4463.9,4464.8,1652
2026-09-07T13:54:00+05:30,4464.8,4466.1,4461.8,4465.9,897
2026-09-07T14:00:00+05:30,4465.5,4469.8,4464.1,4465.1,1291
2026-09-07T14:06:00+05:30,4465.1,4466,4459.2,4460.8,1152
2026-09-07T14:12:00+05:30,4460.6,4462.1,4458.8,4460.9,644
2026-09-07T14:18:00+05:30,4460.8,4461,4456.1,4457.9,860
2026-09-07T14:24:00+05:30,4457.9,4458.4,4455.2,4456.8,727
2026-09-07T14:30:00+05:30,4456.8,4459.5,4456.7,4457.8,651
2026-09-07T14:36:00+05:30,4457.8,4459.3,4456.9,4458.8,406
2026-09-07T14:42:00+05:30,4458.8,4458.8,4454.7,4455.3,498
2026-09-07T14:48:00+05:30,4455,4455.1,4452.4,4454.2,779
2026-09-07T14:54:00+05:30,4453.8,4455.2,4451,4451.6,676
2026-09-07T15:00:00+05:30,4451.6,4452.3,4449.2,4451,992
2026-09-07T15:06:00+05:30,4451.2,4456,4451,4454.6,833
2026-09-07T15:12:00+05:30,4454.7,4455.9,4454.5,4455.6,290
2026-09-07T15:18:00+05:30,4455.6,4456.3,4454.1,4454.6,247
2026-09-07T15:24:00+05:30,4454.6,4454.7,4450.6,4451.6,456
2026-09-07T15:30:00+05:30,4451.6,4452.2,4450.1,4450.7,312
2026-09-07T15:36:00+05:30,4450.9,4450.9,4448.1,4448.6,711
2026-09-07T15:42:00+05:30,4448.7,4449.7,4448,4449.2,331
2026-09-07T15:48:00+05:30,4449.2,4450.5,4443.5,4444.1,925
2026-09-07T15:54:00+05:30,4444.2,4444.8,4441.3,4441.5,636
2026-09-07T16:00:00+05:30,4441.4,4442.5,4438,4438.4,951
2026-09-07T16:06:00+05:30,4438.5,4442.1,4437.4,4441.2,1193
2026-09-07T16:12:00+05:30,4441.3,4445,4440.8,4440.9,1133
2026-09-07T16:18:00+05:30,4440.7,4442.1,4437.6,4441.7,784
2026-09-07T16:24:00+05:30,4441.8,4441.8,4433.6,4437.3,1512
2026-09-07T16:30:00+05:30,4436.9,4438.3,4434.6,4438.3,1001
2026-09-07T16:36:00+05:30,4438.5,4439.3,4435.4,4437.7,799
2026-09-07T16:42:00+05:30,4438,4439.7,4437.2,4439.2,393
2026-09-07T16:48:00+05:30,4439.2,4440.3,4433.9,4434.9,754
2026-09-07T16:54:00+05:30,4435,4436.3,4432.7,4434.7,865
2026-09-07T17:00:00+05:30,4434.7,4435.3,4426.2,4427.7,2562
2026-09-07T17:06:00+05:30,4427.9,4434.4,4427.3,4433.2,965
2026-09-07T17:12:00+05:30,4433,4436.6,4431,4436.5,719
2026-09-07T17:18:00+05:30,4436.3,4437.3,4433.6,4433.8,599
2026-09-07T17:24:00+05:30,4433.9,4434,4430.2,4430.5,658
2026-09-07T17:30:00+05:30,4430.6,4434.4,4430.6,4433.5,753
2026-09-07T17:36:00+05:30,4433.6,4438.3,4433.6,4436.6,922
2026-09-07T17:42:00+05:30,4436.4,4438.3,4435.7,4437.2,529
2026-09-07T17:48:00+05:30,4437.2,4439,4435.5,4438.7,591
2026-09-07T17:54:00+05:30,4438.7,4440.5,4438.3,4440.5,581
2026-09-07T18:00:00+05:30,4440.3,4442.3,4438.1,4438.2,952
2026-09-07T18:06:00+05:30,4438.3,4442.7,4437.6,4442.2,828
2026-09-07T18:12:00+05:30,4442.2,4442.8,4440.4,4441.8,558
2026-09-07T18:18:00+05:30,4441.7,4443.2,4439.6,4440.5,634
2026-09-07T18:24:00+05:30,4440.9,4442.2,4439.2,4441.8,554
2026-09-07T18:30:00+05:30,4441.9,4447.2,4440.3,4447.2,2150
2026-09-07T18:36:00+05:30,4447.2,4449.2,4444.5,4447,1210
2026-09-07T18:42:00+05:30,4446.9,4449.7,4446.1,4447.8,1152
2026-09-07T18:48:00+05:30,4447.7,4449.9,4446.7,4448.4,588
2026-09-07T18:54:00+05:30,4448.3,4450.3,4447.7,4449.1,629
2026-09-07T19:00:00+05:30,4448.9,4452.9,4448.3,4450.9,1002
2026-09-07T19:06:00+05:30,4450.6,4450.7,4446.9,4448,1061
2026-09-07T19:12:00+05:30,4448.1,4453.6,4447.2,4452.1,1129
2026-09-07T19:18:00+05:30,4452.4,4452.4,4447.6,4448.9,851
2026-09-07T19:24:00+05:30,4449.1,4450.3,4446.3,4447.6,881
2026-09-07T19:30:00+05:30,4447.8,4453.3,4446.2,4451.5,1825
2026-09-07T19:36:00+05:30,4451.6,4454,4451.4,4452.4,888
2026-09-07T19:42:00+05:30,4452.4,4454.4,4451.9,4452.8,633
2026-09-07T19:48:00+05:30,4453,4453.3,4451.4,4451.8,427
2026-09-07T19:54:00+05:30,4451.7,4454.1,4450.2,4452.4,826
2026-09-07T20:00:00+05:30,4452.5,4453.1,4450,4450.8,712
2026-09-07T20:06:00+05:30,4450.8,4453.4,4449.9,4450.8,766
2026-09-07T20:12:00+05:30,4450.9,4462.4,4450.9,4461.4,2330
2026-09-07T20:18:00+05:30,4461.3,4465,4457.6,4463.8,2113
2026-09-07T20:24:00+05:30,4463.4,4465.2,4460.9,4461.7,930
2026-09-07T20:30:00+05:30,4461.7,4462.3,4456.1,4456.5,1199
2026-09-07T20:36:00+05:30,4456.4,4459.5,4454.7,4458,1079
2026-09-07T20:42:00+05:30,4457.9,4460.8,4457.9,4459.2,692
2026-09-07T20:48:00+05:30,4459.5,4460.8,4458.9,4459.5,456
2026-09-07T20:54:00+05:30,4459.6,4460.2,4456.2,4458.4,615
2026-09-07T21:00:00+05:30,4458.6,4459.4,4456.7,4459.2,481
2026-09-07T21:06:00+05:30,4459.2,4459.7,4454.9,4455,786
2026-09-07T21:12:00+05:30,4455.1,4458.8,4454.5,4458.3,559
2026-09-07T21:18:00+05:30,4458.3,4459.1,4457.7,4458,292
2026-09-07T21:24:00+05:30,4458,4461.1,4457.9,4460.3,651
2026-09-07T21:30:00+05:30,4460.2,4460.7,4458.3,4459.4,331
2026-09-07T21:36:00+05:30,4459.4,4462.5,4459.4,4462.5,431
2026-09-07T21:42:00+05:30,4462.4,4463.1,4459.1,4459.3,753
2026-09-07T21:48:00+05:30,4459.4,4459.6,4458.1,4459.2,320
2026-09-07T21:54:00+05:30,4459.4,4460.1,4458.7,4459.4,323
2026-09-07T22:00:00+05:30,4459.4,4459.9,4458.1,4459.1,332
2026-09-07T22:06:00+05:30,4458.9,4459.6,4457.4,4459.2,427
2026-09-07T22:12:00+05:30,4459.2,4460.2,4458.4,4458.6,280
2026-09-07T22:18:00+05:30,4458.6,4460.4,4458.5,4459.5,218
2026-09-07T22:24:00+05:30,4459.5,4460.4,4458.6,4460.3,232
2026-09-07T22:30:00+05:30,4460.4,4461.1,4459.1,4460.1,265
2026-09-07T22:36:00+05:30,4460.1,4460.1,4458.2,4458.7,218
2026-09-07T22:42:00+05:30,4458.7,4459.5,4457.7,4459.1,233
2026-09-07T22:48:00+05:30,4458.9,4459.5,4457.7,4458.1,154
2026-09-07T22:54:00+05:30,4458.1,4458.9,4457.7,4458.2,101
2026-09-07T23:00:00+05:30,4458.3,4458.4,4455.4,4456,325
2026-09-07T23:06:00+05:30,4456.2,4457,4455.4,4456.6,173
2026-09-07T23:12:00+05:30,4456.6,4456.7,4455.4,4456.5,117
2026-09-07T23:18:00+05:30,4456,4456.7,4454.6,4455.1,180
2026-09-07T23:24:00+05:30,4455,4455.5,4452.1,4452.7,390
2026-09-07T23:30:00+05:30,4453,4454.5,4451.5,4453.3,360
2026-09-07T23:36:00+05:30,4453.5,4455.2,4453.3,4453.5,183
2026-09-07T23:42:00+05:30,4453.5,4453.6,4449.2,4450.1,578
2026-09-07T23:48:00+05:30,4449.8,4452.4,4449.3,4451.1,307
2026-09-07T23:54:00+05:30,4451.4,4452.4,4448.6,4452.3,302
2026-09-08T03:30:00+05:30,4451.5,4463.2,4451.2,4458.1,1469
2026-09-08T03:36:00+05:30,4458.3,4459.5,4457.2,4458.5,333
2026-09-08T03:42:00+05:30,4458.4,4459.2,4457.8,4458,196
2026-09-08T03:48:00+05:30,4458.1,4459.1,4456.7,4456.7,378
2026-09-08T03:54:00+05:30,4456.8,4457.1,4454.6,4455.2,416
2026-09-08T04:00:00+05:30,4455.2,4455.2,4454,4454.5,344
2026-09-08T04:06:00+05:30,4454.4,4455.9,4454,4454.7,477
2026-09-08T04:12:00+05:30,4454.5,4454.5,4452.4,4452.4,417
2026-09-08T04:18:00+05:30,4452.5,4452.9,4451.8,4452.6,268
2026-09-08T04:24:00+05:30,4452.7,4453.8,4452.5,4453.3,243
2026-09-08T04:30:00+05:30,4453.1,4458.2,4453,4457.2,990
2026-09-08T04:36:00+05:30,4457.3,4458,4456,4456.2,398
2026-09-08T04:42:00+05:30,4456.3,4457.4,4452.9,4455.4,871
2026-09-08T04:48:00+05:30,4455.6,4458.8,4454.8,4456.7,509
2026-09-08T04:54:00+05:30,4456.6,4458.5,4454.9,4456,589
2026-09-08T05:00:00+05:30,4456.5,4466.7,4456.5,4466.7,1550
2026-09-08T05:06:00+05:30,4466.5,4468.9,4463.5,4467.6,2390
2026-09-08T05:12:00+05:30,4467.8,4474.5,4467.8,4472,2407
2026-09-08T05:18:00+05:30,4472,4473.5,4467.2,4468.3,1124
2026-09-08T05:24:00+05:30,4468.5,4470.4,4465.8,4469,1821
2026-09-08T05:30:00+05:30,4469.4,4470.7,4464.1,4466.1,2283
2026-09-08T05:36:00+05:30,4466.2,4467.1,4463,4465.1,1195
2026-09-08T05:42:00+05:30,4465,4471.9,4461.1,4471.7,2513
2026-09-08T05:48:00+05:30,4471.7,4476.2,4467.4,4467.7,3499
2026-09-08T05:54:00+05:30,4467.4,4469.3,4463.6,4467.1,1937
2026-09-08T06:00:00+05:30,4467.3,4471.9,4466.2,4470.5,1377
2026-09-08T06:06:00+05:30,4470.6,4471.8,4466.6,4469.4,1321
2026-09-08T06:12:00+05:30,4469.5,4469.5,4464,4465.7,1794
2026-09-08T06:18:00+05:30,4465.8,4466,4460,4463.5,2626
2026-09-08T06:24:00+05:30,4463.7,4473.1,4461.9,4471.5,2483
2026-09-08T06:30:00+05:30,4471.6,4474.2,4462,4466.6,4262
2026-09-08T06:36:00+05:30,4466.4,4473.4,4463.2,4471.7,1731
2026-09-08T06:42:00+05:30,4471.9,4476.9,4471.2,4474,2326
2026-09-08T06:48:00+05:30,4474.2,4481.2,4472.9,4479.2,2311
2026-09-08T06:54:00+05:30,4479.5,4482.1,4477.3,4479.8,1926
2026-09-08T07:00:00+05:30,4479.7,4482.6,4476.9,4477.5,1438
2026-09-08T07:06:00+05:30,4477.7,4480.5,4475.6,4478,1234
2026-09-08T07:12:00+05:30,4478.1,4483.1,4477.7,4482.8,1248
2026-09-08T07:18:00+05:30,4483,4486,4481.1,4484.1,1919
2026-09-08T07:24:00+05:30,4484.3,4485.1,4481.3,4482.3,979
2026-09-08T07:30:00+05:30,4482.4,4483.9,4477.3,4478.7,1220
2026-09-08T07:36:00+05:30,4478.9,4479.2,4471,4473,1851
2026-09-08T07:42:00+05:30,4472.7,4475.6,4470.8,4472.5,1338
2026-09-08T07:48:00+05:30,4472.4,4474.1,4470.2,4474.1,876
2026-09-08T07:54:00+05:30,4474.1,4474.9,4469.4,4469.9,1056
2026-09-08T08:00:00+05:30,4469.8,4471.3,4467.4,4468.3,1468
2026-09-08T08:06:00+05:30,4468.1,4470.8,4466.1,4468.8,1265
2026-09-08T08:12:00+05:30,4468.7,4473.1,4467.4,4470.1,1214
2026-09-08T08:18:00+05:30,4470,4470.7,4465.6,4466.4,991
2026-09-08T08:24:00+05:30,4466.5,4469.5,4466.4,4468.8,745
2026-09-08T08:30:00+05:30,4468.8,4471.5,4467.1,4470.9,741
2026-09-08T08:36:00+05:30,4470.9,4476.9,4469.4,4474.5,1315
2026-09-08T08:42:00+05:30,4474.6,4475.8,4473.4,4475.3,653
2026-09-08T08:48:00+05:30,4475.5,4484.8,4475.5,4483.7,2452
2026-09-08T08:54:00+05:30,4483.9,4484.2,4476.1,4477.4,1288
2026-09-08T09:00:00+05:30,4477.5,4480.5,4476,4476.2,978
2026-09-08T09:06:00+05:30,4476.3,4477.7,4475.9,4477.1,457
2026-09-08T09:12:00+05:30,4476.9,4481.1,4476.9,4479.5,790
2026-09-08T09:18:00+05:30,4479.6,4483.2,4479.6,4481.4,868
2026-09-08T09:24:00+05:30,4481.2,4484.5,4480.8,4483.3,739
2026-09-08T09:30:00+05:30,4483.4,4488.7,4483.3,4488.3,1801
2026-09-08T09:36:00+05:30,4488.3,4488.6,4484.8,4486.6,1064
2026-09-08T09:42:00+05:30,4486.6,4487.9,4483.6,4485.1,647
2026-09-08T09:48:00+05:30,4485.4,4485.4,4479.1,4479.2,945
2026-09-08T09:54:00+05:30,4479.3,4479.7,4477.1,4478.1,716
2026-09-08T10:00:00+05:30,4478.2,4480.3,4477.9,4479.1,610
2026-09-08T10:06:00+05:30,4479.1,4481.4,4478.6,4480.7,710
2026-09-08T10:12:00+05:30,4480.5,4482.1,4479.9,4480.8,507
2026-09-08T10:18:00+05:30,4480.6,4481.5,4479.9,4480.4,302
2026-09-08T10:24:00+05:30,4480.2,4485.5,4479.6,4481.5,840
2026-09-08T10:30:00+05:30,4481.6,4483.5,4478.5,4479.9,804
2026-09-08T10:36:00+05:30,4479.7,4480.1,4474.2,4474.7,1181
2026-09-08T10:42:00+05:30,4474.7,4474.8,4471.6,4474.2,1426
2026-09-08T10:48:00+05:30,4474.1,4477.3,4471.1,4471.5,979
2026-09-08T10:54:00+05:30,4471.4,4472.4,4465.1,4465.5,1630
2026-09-08T11:00:00+05:30,4465.6,4470.7,4462.9,4467.9,2240
2026-09-08T11:06:00+05:30,4467.7,4472.2,4466.6,4471.3,1010
2026-09-08T11:12:00+05:30,4471.4,4474,4469,4469.8,1017
2026-09-08T11:18:00+05:30,4469.9,4471.4,4464.9,4465.8,931
2026-09-08T11:24:00+05:30,4465.7,4467.3,4462.2,4464.3,1217
2026-09-08T11:30:00+05:30,4464.1,4465,4455.7,4458.3,2649
2026-09-08T11:36:00+05:30,4458.2,4460.7,4455.4,4456.2,1019
2026-09-08T11:42:00+05:30,4456.3,4457.3,4451.8,4452.9,1840
2026-09-08T11:48:00+05:30,4452.6,4452.6,4445.5,4447.3,2684
2026-09-08T11:54:00+05:30,4447.3,4448.7,4443.7,4444.9,1667
2026-09-08T12:00:00+05:30,4444.9,4447.8,4443.2,4445.1,1321
2026-09-08T12:06:00+05:30,4445.2,4451.1,4442.7,4450.5,1754
2026-09-08T12:12:00+05:30,4450.4,4453.5,4449.9,4451.6,1167
2026-09-08T12:18:00+05:30,4451.3,4453.9,4448.4,4448.9,1100
2026-09-08T12:24:00+05:30,4448.7,4450.4,4447.9,4448.4,765
2026-09-08T12:30:00+05:30,4448.6,4453.7,4446.9,4453.3,1442
2026-09-08T12:36:00+05:30,4453.4,4454.2,4450.9,4451.4,739
2026-09-08T12:42:00+05:30,4451.3,4451.3,4445.9,4446.4,1263
2026-09-08T12:48:00+05:30,4446.4,4448.9,4444.9,4446.4,917
2026-09-08T12:54:00+05:30,4446,4449.1,4445.7,4446.4,614
2026-09-08T13:00:00+05:30,4446.5,4450.5,4441.7,4443,1473
2026-09-08T13:06:00+05:30,4443.1,4443.6,4436.4,4439.1,1868
2026-09-08T13:12:00+05:30,4439.2,4441.8,4435.5,4440.4,975
2026-09-08T13:18:00+05:30,4440.3,4440.7,4435.1,4436.7,1173
2026-09-08T13:24:00+05:30,4436.9,4438.5,4434.2,4436.7,949
2026-09-08T13:30:00+05:30,4436.7,4437.5,4433.1,4437.3,1329
2026-09-08T13:36:00+05:30,4437.4,4440.4,4432.1,4434.1,1432
2026-09-08T13:42:00+05:30,4434.2,4437.2,4433.9,4436.9,930
2026-09-08T13:48:00+05:30,4436.6,4438.4,4433.8,4436.3,724
2026-09-08T13:54:00+05:30,4436.2,4440.8,4436.1,4439,972
2026-09-08T14:00:00+05:30,4439,4442.9,4437.3,4440.2,1104
2026-09-08T14:06:00+05:30,4440.4,4440.7,4438,4438.5,424
2026-09-08T14:12:00+05:30,4438.3,4442.8,4435.1,4438.6,1356
2026-09-08T14:18:00+05:30,4438.4,4439.4,4435.5,4437.1,502
2026-09-08T14:24:00+05:30,4437,4438.7,4435.9,4438.4,387
2026-09-08T14:30:00+05:30,4438.3,4441.2,4435.5,4441.2,670
2026-09-08T14:36:00+05:30,4441.3,4442.4,4438.8,4441,653
2026-09-08T14:42:00+05:30,4441.1,4443.9,4440.4,4443.3,692
2026-09-08T14:48:00+05:30,4443.2,4443.3,4437.8,4438.5,747
2026-09-08T14:54:00+05:30,4438.5,4440.7,4436.6,4437.4,928
2026-09-08T15:00:00+05:30,4437.1,4441.9,4435,4441,979
2026-09-08T15:06:00+05:30,4440.8,4448.2,4439.9,4446.8,1146
2026-09-08T15:12:00+05:30,4446.6,4448,4443.8,4447,981
2026-09-08T15:18:00+05:30,4447,4450.1,4445.6,4448.5,882
2026-09-08T15:24:00+05:30,4448.4,4449.6,4447.1,4447.2,527
2026-09-08T15:30:00+05:30,4447.2,4447.3,4440.8,4441.7,887
2026-09-08T15:36:00+05:30,4441.6,4442.8,4438.2,4438.5,838
2026-09-08T15:42:00+05:30,4438.5,4442.8,4437.7,4442.2,782
2026-09-08T15:48:00+05:30,4442.4,4451.9,4441.7,4446.2,1712
2026-09-08T15:54:00+05:30,4446.3,4446.3,4442.9,4443.7,522
2026-09-08T16:00:00+05:30,4443.8,4444.1,4440.5,4441.6,504
2026-09-08T16:06:00+05:30,4441.6,4441.7,4438.2,4440.5,593
2026-09-08T16:12:00+05:30,4440.4,4443.2,4440.3,4443.1,552
2026-09-08T16:18:00+05:30,4442.9,4444.8,4441.2,4443.4,576
2026-09-08T16:24:00+05:30,4443.3,4444.2,4439.5,4439.7,479
2026-09-08T16:30:00+05:30,4440.1,4441.8,4439.2,4441.2,449
2026-09-08T16:36:00+05:30,4441.2,4444.4,4437.1,4437.8,1179
2026-09-08T16:42:00+05:30,4437.6,4445.4,4435.4,4444.2,1175
2026-09-08T16:48:00+05:30,4444.5,4446.2,4442.8,4444.2,770
2026-09-08T16:54:00+05:30,4444.2,4447.6,4444.2,4446.3,555
2026-09-08T17:00:00+05:30,4446.5,4450.2,4445,4449.4,852
2026-09-08T17:06:00+05:30,4449.6,4452.6,4448.7,4449.7,990
2026-09-08T17:12:00+05:30,4449.9,4451.3,4444.8,4445.3,955
2026-09-08T17:18:00+05:30,4445.5,4447.2,4442.2,4444,892
2026-09-08T17:24:00+05:30,4443.9,4451.5,4443.8,4451.1,855
2026-09-08T17:30:00+05:30,4450.9,4451.4,4446,4448.4,1058
2026-09-08T17:36:00+05:30,4448.2,4448.7,4442.7,4443.2,1331
2026-09-08T17:42:00+05:30,4443.4,4444.1,4429.3,4432.2,3796
2026-09-08T17:48:00+05:30,4432.2,4440.9,4431.4,4438.1,2369
2026-09-08T17:54:00+05:30,4438.3,4446.2,4437.2,4445.9,1778
2026-09-08T18:00:00+05:30,4446.3,4452.7,4444.9,4446.8,2846
2026-09-08T18:06:00+05:30,4446.9,4448.2,4441.9,4443.7,1391
2026-09-08T18:12:00+05:30,4443.9,4445.1,4439.7,4444.7,1421
2026-09-08T18:18:00+05:30,4444.7,4448,4442.3,4446,1245
2026-09-08T18:24:00+05:30,4446,4456.4,4445.5,4455.9,2027
2026-09-08T18:30:00+05:30,4456,4457.9,4446.6,4451,3625
2026-09-08T18:36:00+05:30,4450.8,4451.2,4446.9,4449.7,1375
2026-09-08T18:42:00+05:30,4449.9,4454.1,4449.8,4452.8,1308
2026-09-08T18:48:00+05:30,4452.7,4455.5,4448.3,4451.9,1632
2026-09-08T18:54:00+05:30,4451.9,4452.5,4443.6,4444.7,1625
2026-09-08T19:00:00+05:30,4444.8,4450.3,4440.2,4441.9,3193
2026-09-08T19:06:00+05:30,4442.3,4447.5,4438.7,4439.8,2354
2026-09-08T19:12:00+05:30,4439.7,4445.4,4434.7,4442.4,3611
2026-09-08T19:18:00+05:30,4442.7,4447.9,4441.8,4442.8,1970
2026-09-08T19:24:00+05:30,4443.2,4452.2,4440.1,4440.5,3048
2026-09-08T19:30:00+05:30,4440.4,4447.7,4439.1,4445.7,2608
2026-09-08T19:36:00+05:30,4445.5,4447.6,4440.8,4442.2,1525
2026-09-08T19:42:00+05:30,4442.2,4443.7,4436.3,4441.7,2127
2026-09-08T19:48:00+05:30,4442,4446,4440.4,4445.6,1423
2026-09-08T19:54:00+05:30,4445.6,4449,4441.3,4442,1846
2026-09-08T20:00:00+05:30,4442.1,4444.7,4440.1,4444.3,1169
2026-09-08T20:06:00+05:30,4443.9,4446.1,4437.8,4438.3,1463
2026-09-08T20:12:00+05:30,4438.3,4444.3,4437.7,4441.9,1697
2026-09-08T20:18:00+05:30,4442.2,4442.4,4433.9,4438.9,2304
2026-09-08T20:24:00+05:30,4438.8,4443.6,4437.1,4443.6,1555
2026-09-08T20:30:00+05:30,4443.7,4453.1,4442.5,4448.2,2903
2026-09-08T20:36:00+05:30,4448.3,4453.4,4445.5,4453.1,1308
2026-09-08T20:42:00+05:30,4453.2,4454.4,4448.9,4454.3,1427
2026-09-08T20:48:00+05:30,4454.4,4454.4,4441.5,4442.4,2275
2026-09-08T20:54:00+05:30,4442.3,4450.5,4442.2,4444.6,2093
2026-09-08T21:00:00+05:30,4444.3,4449.6,4444.3,4447.6,983
2026-09-08T21:06:00+05:30,4447.7,4447.7,4443,4443.7,818
2026-09-08T21:12:00+05:30,4443.7,4446.2,4440.9,4441.8,1227
2026-09-08T21:18:00+05:30,4441.9,4445.9,4441.2,4444,1057
2026-09-08T21:24:00+05:30,4444.1,4444.6,4439.8,4439.8,952
2026-09-08T21:30:00+05:30,4440,4440.4,4436.4,4439.7,1495
2026-09-08T21:36:00+05:30,4439.9,4439.9,4424.6,4427.6,4421
2026-09-08T21:42:00+05:30,4427.7,4432.7,4425.7,4430.4,1710
2026-09-08T21:48:00+05:30,4430.5,4437.4,4428.5,4436.6,2191
2026-09-08T21:54:00+05:30,4436.8,4440.6,4435.7,4438.9,1531
2026-09-08T22:00:00+05:30,4438.8,4441.5,4437.6,4440.1,1223
2026-09-08T22:06:00+05:30,4440,4440.8,4438.2,4439.9,716
2026-09-08T22:12:00+05:30,4440,4440.4,4437.2,4437.6,761
2026-09-08T22:18:00+05:30,4437.4,4443.3,4436.6,4439.5,1691
2026-09-08T22:24:00+05:30,4439.2,4440.3,4434.9,4438.3,1380
2026-09-08T22:30:00+05:30,4438.5,4448.7,4438.3,4446,1844
2026-09-08T22:36:00+05:30,4445.9,4446.3,4441.4,4441.5,1142
2026-09-08T22:42:00+05:30,4441.6,4442.3,4439.4,4440.9,798
2026-09-08T22:48:00+05:30,4440.9,4442.2,4437.8,4438.1,745
2026-09-08T22:54:00+05:30,4438,4440,4436.6,4438.7,909
2026-09-08T23:00:00+05:30,4439,4440,4435.6,4436.5,899
2026-09-08T23:06:00+05:30,4436.3,4437.6,4430.9,4431,1419
2026-09-08T23:12:00+05:30,4431.2,4432.6,4429.5,4431.4,1154
2026-09-08T23:18:00+05:30,4431.7,4433.9,4431.2,4433.6,799
2026-09-08T23:24:00+05:30,4433.8,4435,4432.3,4434.4,529
2026-09-08T23:30:00+05:30,4434.5,4434.8,4430.5,4431.7,1048
2026-09-08T23:36:00+05:30,4432,4432.7,4428.3,4430.4,1148
2026-09-08T23:42:00+05:30,4430.5,4432.2,4429.4,4430.9,689
2026-09-08T23:48:00+05:30,4430.8,4431.3,4429,4429.9,771
2026-09-08T23:54:00+05:30,4430.2,4431.4,4428.7,4430.1,782
2026-09-09T00:00:00+05:30,4430.1,4430.2,4425.8,4428.1,1369
2026-09-09T00:06:00+05:30,4428.1,4429.4,4427.1,4428.2,644
2026-09-09T00:12:00+05:30,4428.2,4431.4,4426.5,4427.2,1318
2026-09-09T00:18:00+05:30,4427.7,4427.7,4402.2,4416.5,8240
2026-09-09T00:24:00+05:30,4416.4,4422.6,4416.1,4420.2,2862
2026-09-09T00:30:00+05:30,4420,4421.9,4415.7,4416.9,1545
2026-09-09T00:36:00+05:30,4416.6,4419.4,4413.8,4418.6,1067
2026-09-09T00:42:00+05:30,4418.5,4418.9,4412.8,4413,1057
2026-09-09T00:48:00+05:30,4413.4,4415.5,4411.9,4413.9,896
2026-09-09T00:54:00+05:30,4414,4415.2,4411,4413.6,729
2026-09-09T01:00:00+05:30,4413.5,4413.7,4406.5,4411,1492
2026-09-09T01:06:00+05:30,4411.3,4414.6,4411,4412.4,885
2026-09-09T01:12:00+05:30,4412.3,4414.3,4410.2,4411.4,920
2026-09-09T01:18:00+05:30,4411.3,4411.7,4406,4406.5,1514
2026-09-09T01:24:00+05:30,4406.8,4409.4,4401.5,4404.1,1998
2026-09-09T01:30:00+05:30,4404.1,4409.4,4402.4,4402.8,1377
2026-09-09T01:36:00+05:30,4402.6,4404.7,4400.6,4404.5,1272
2026-09-09T01:42:00+05:30,4404.6,4406.9,4403.7,4405.5,627
2026-09-09T01:48:00+05:30,4405.2,4406.2,4404.3,4404.9,350
2026-09-09T01:54:00+05:30,4404.9,4405.1,4400,4401.4,1101
2026-09-09T02:00:00+05:30,4401.6,4403.4,4401,4403.2,585
2026-09-09T02:06:00+05:30,4403.2,4403.3,4401.7,4402,246
2026-09-09T02:12:00+05:30,4402.1,4403.2,4400.3,4400.9,554
2026-09-09T02:18:00+05:30,4400.6,4401.4,4385.1,4399.8,2143
2026-09-09T02:24:00+05:30,4399.7,4401,4397.6,4400.1,543
2026-09-09T03:30:00+05:30,4398.9,4403.3,4396.6,4401.3,963
2026-09-09T03:36:00+05:30,4401.4,4401.9,4396.5,4398.9,927
2026-09-09T03:42:00+05:30,4398.9,4401.6,4398.9,4399.8,482
2026-09-09T03:48:00+05:30,4399.6,4399.7,4396.8,4397.2,469
2026-09-09T03:54:00+05:30,4397.8,4399.2,4396.9,4398,411
2026-09-09T04:00:00+05:30,4398.2,4399.8,4397.9,4398.5,388
2026-09-09T04:06:00+05:30,4398.7,4399.2,4395.2,4395.3,717
2026-09-09T04:12:00+05:30,4395.3,4396.2,4393.8,4394.9,711
2026-09-09T04:18:00+05:30,4394.8,4397.1,4394.2,4396.9,350
2026-09-09T04:24:00+05:30,4396.8,4397.8,4396,4397.7,341
2026-09-09T04:30:00+05:30,4397.5,4398.5,4395.9,4396.5,499
2026-09-09T04:36:00+05:30,4396.6,4398,4395.8,4396.3,421
2026-09-09T04:42:00+05:30,4396.6,4396.8,4394.9,4396.6,485
2026-09-09T04:48:00+05:30,4396.8,4398.3,4395.8,4397.4,349
2026-09-09T04:54:00+05:30,4397.3,4401.3,4397,4400.9,810
2026-09-09T05:00:00+05:30,4401.1,4403.5,4400.4,4401.5,833
2026-09-09T05:06:00+05:30,4401.6,4402.4,4400.2,4402.1,495
2026-09-09T05:12:00+05:30,4402.1,4402.7,4398.6,4400.2,880
2026-09-09T05:18:00+05:30,4400.2,4400.8,4393.1,4394.3,1702
2026-09-09T05:24:00+05:30,4394.4,4396.4,4392.4,4393.3,896
2026-09-09T05:30:00+05:30,4393.4,4396.7,4389.9,4391.4,2085
2026-09-09T05:36:00+05:30,4391.3,4396.3,4388.1,4395.6,2063
2026-09-09T05:42:00+05:30,4395.7,4396.2,4388.3,4389.6,1279
2026-09-09T05:48:00+05:30,4389.7,4392.5,4386.2,4387.4,1346
2026-09-09T05:54:00+05:30,4387.4,4391.5,4384.3,4390.4,1857
2026-09-09T06:00:00+05:30,4390.6,4392,4389,4389.4,1039
2026-09-09T06:06:00+05:30,4389.6,4394.1,4387.2,4392.4,1207
2026-09-09T06:12:00+05:30,4392.3,4400.7,4391.6,4399.4,1897
2026-09-09T06:18:00+05:30,4399.5,4405,4397.7,4404.6,1873
2026-09-09T06:24:00+05:30,4404.6,4409.7,4402,4408.8,1815
2026-09-09T06:30:00+05:30,4408.7,4408.8,4397.5,4402.1,3665
2026-09-09T06:36:00+05:30,4402.3,4411.9,4401.8,4409.8,2799
2026-09-09T06:42:00+05:30,4409.9,4413.1,4406.6,4408.4,1937
2026-09-09T06:48:00+05:30,4408,4411.6,4407.6,4411.1,984
2026-09-09T06:54:00+05:30,4411.1,4417.2,4410.7,4415.5,1956
2026-09-09T07:00:00+05:30,4415.6,4421,4414.5,4420.4,1962
2026-09-09T07:06:00+05:30,4420.3,4421.8,4417.9,4420,1543
2026-09-09T07:12:00+05:30,4420,4422,4418.3,4419.4,1324
2026-09-09T07:18:00+05:30,4419.4,4420,4415.6,4417.6,1557
2026-09-09T07:24:00+05:30,4417.6,4420.1,4414.2,4417.3,1067
2026-09-09T07:30:00+05:30,4417.5,4417.7,4414.6,4414.8,774
2026-09-09T07:36:00+05:30,4414.8,4419.8,4414.2,4418.6,845
2026-09-09T07:42:00+05:30,4418.3,4419.3,4416.2,4418.3,484
2026-09-09T07:48:00+05:30,4418.2,4420.7,4415.7,4416.4,594
2026-09-09T07:54:00+05:30,4416.5,4416.9,4415.3,4416.6,394
2026-09-09T08:00:00+05:30,4416.7,4417.5,4411.2,4411.5,1138
2026-09-09T08:06:00+05:30,4411.5,4414.7,4410.8,4414.2,1005
2026-09-09T08:12:00+05:30,4414.4,4421.8,4413.4,4420.5,1594
2026-09-09T08:18:00+05:30,4420.8,4428.3,4418.8,4425.5,2164
2026-09-09T08:24:00+05:30,4425.6,4426.7,4423.6,4426.2,1252
2026-09-09T08:30:00+05:30,4426.2,4426.7,4422.3,4423.7,926
2026-09-09T08:36:00+05:30,4423.8,4426,4422,4424,617
2026-09-09T08:42:00+05:30,4423.9,4424.4,4419.3,4420.9,629
2026-09-09T08:48:00+05:30,4420.7,4422.5,4420,4422.2,414
2026-09-09T08:54:00+05:30,4422,4423.4,4419.4,4421.9,679
2026-09-09T09:00:00+05:30,4422.1,4422.2,4419.2,4420.8,466
2026-09-09T09:06:00+05:30,4420.7,4424.1,4420.6,4424,564
2026-09-09T09:12:00+05:30,4423.8,4423.8,4421.1,4421.8,362
2026-09-09T09:18:00+05:30,4421.8,4422.9,4419.8,4421.2,523
2026-09-09T09:24:00+05:30,4420.8,4422.4,4418.5,4418.6,414
2026-09-09T09:30:00+05:30,4418.8,4419.9,4417.2,4417.6,744
2026-09-09T09:36:00+05:30,4417.7,4417.7,4414.1,4415.9,881
2026-09-09T09:42:00+05:30,4416.1,4418.3,4415.7,4416.2,590
2026-09-09T09:48:00+05:30,4416.7,4419.7,4415.9,4419.7,430
2026-09-09T09:54:00+05:30,4419.8,4424.4,4419.6,4423.7,1061
2026-09-09T10:00:00+05:30,4423.5,4423.8,4421.5,4422.4,476
2026-09-09T10:06:00+05:30,4422.4,4423.8,4419.7,4419.9,599
2026-09-09T10:12:00+05:30,4419.9,4423.5,4419.9,4423.2,291
2026-09-09T10:18:00+05:30,4423.1,4425,4421,4424.7,454
2026-09-09T10:24:00+05:30,4424.8,4426.5,4424,4425.2,678
2026-09-09T10:30:00+05:30,4425.4,4427.7,4423.9,4426,1030
2026-09-09T10:36:00+05:30,4426.2,4430,4426.1,4429.5,1271
2026-09-09T10:42:00+05:30,4429.5,4431.9,4428.7,4431.1,942
2026-09-09T10:48:00+05:30,4431.2,4432.1,4426.7,4427.5,895
2026-09-09T10:54:00+05:30,4427.6,4432,4427.6,4428.9,750
2026-09-09T11:00:00+05:30,4428.8,4433,4427.8,4432,1103
2026-09-09T11:06:00+05:30,4431.9,4437.1,4431.6,4436.7,1336
2026-09-09T11:12:00+05:30,4436.6,4439.2,4435,4439.2,1185
2026-09-09T11:18:00+05:30,4439.2,4443.9,4439.1,4442,1571
2026-09-09T11:24:00+05:30,4441.8,4444.5,4441.8,4442.3,1374
2026-09-09T11:30:00+05:30,4442.3,4448.7,4441.5,4448.4,1736
2026-09-09T11:36:00+05:30,4448.2,4448.3,4442.1,4443.5,1268
2026-09-09T11:42:00+05:30,4443.3,4446.7,4442.6,4443.5,929
2026-09-09T11:48:00+05:30,4443.6,4445,4440.4,4443.6,1065
2026-09-09T11:54:00+05:30,4443.8,4443.9,4438.4,4441.6,1226
2026-09-09T12:00:00+05:30,4441.6,4447.5,4440.5,4446,1585
2026-09-09T12:06:00+05:30,4446.4,4450,4445.6,4446,1268
2026-09-09T12:12:00+05:30,4446,4446.3,4442.4,4442.6,639
2026-09-09T12:18:00+05:30,4442.9,4445.6,4442.5,4443.9,713
2026-09-09T12:24:00+05:30,4443.8,4445.2,4443.4,4444.4,355
2026-09-09T12:30:00+05:30,4444.5,4447.6,4442.9,4447.4,657
2026-09-09T12:36:00+05:30,4447.4,4448.3,4446.2,4447,709
2026-09-09T12:42:00+05:30,4447.4,4451.6,4447.3,4448.2,1546
2026-09-09T12:48:00+05:30,4448.2,4451.3,4446.5,4449.4,808
2026-09-09T12:54:00+05:30,4449.6,4452.8,4448.5,4451.4,693
2026-09-09T13:00:00+05:30,4451.4,4452.4,4449.8,4451.6,661
2026-09-09T13:06:00+05:30,4451.5,4453.9,4451.5,4453.1,855
2026-09-09T13:12:00+05:30,4453.3,4456.4,4452.2,4454.6,1109
2026-09-09T13:18:00+05:30,4454.9,4455.8,4452.4,4453,1372
2026-09-09T13:24:00+05:30,4453.1,4453.8,4451.7,4452.9,617
2026-09-09T13:30:00+05:30,4452.8,4454.7,4450.2,4453.8,1069
2026-09-09T13:36:00+05:30,4454.4,4455.7,4447.9,4450.1,1197
2026-09-09T13:42:00+05:30,4450,4450.2,4446.1,4446.1,859
2026-09-09T13:48:00+05:30,4446.4,4448,4444.9,4445.2,907
2026-09-09T13:54:00+05:30,4445.2,4446.2,4442.9,4443.8,1056
2026-09-09T14:00:00+05:30,4443.8,4447.6,4443.5,4446.1,770
2026-09-09T14:06:00+05:30,4446.3,4446.5,4442.8,4445.3,700
2026-09-09T14:12:00+05:30,4445.3,4446.2,4443,4445.6,708
2026-09-09T14:18:00+05:30,4445.3,4446.3,4443.7,4445.4,633
2026-09-09T14:24:00+05:30,4445.6,4447.5,4444.3,4444.8,511
2026-09-09T14:30:00+05:30,4444.8,4446.4,4443.6,4444.2,527
2026-09-09T14:36:00+05:30,4444.3,4446.4,4442.2,4442.7,643
2026-09-09T14:42:00+05:30,4443,4443.4,4441.5,4441.9,709
2026-09-09T14:48:00+05:30,4441.9,4444.4,4441.8,4442.4,571
2026-09-09T14:54:00+05:30,4442.5,4443.1,4440.8,4442.4,606
2026-09-09T15:00:00+05:30,4442.5,4443.6,4439.7,4442,1188
2026-09-09T15:06:00+05:30,4441.8,4443,4440.1,4440.4,364
2026-09-09T15:12:00+05:30,4440.6,4441,4438.2,4439.8,754
2026-09-09T15:18:00+05:30,4439.3,4439.8,4436.3,4436.9,897
2026-09-09T15:24:00+05:30,4437,4437,4432.6,4434.9,1425
2026-09-09T15:30:00+05:30,4434.7,4436.1,4430.1,4435.4,1701
2026-09-09T15:36:00+05:30,4435.4,4437.4,4435.1,4436.3,629
2026-09-09T15:42:00+05:30,4436.4,4437.2,4432.8,4434.4,775
2026-09-09T15:48:00+05:30,4434.4,4439.7,4434.2,4438.1,797
2026-09-09T15:54:00+05:30,4438.3,4439.1,4436.6,4438.1,501
2026-09-09T16:00:00+05:30,4438.1,4440.8,4437,4440.5,704
2026-09-09T16:06:00+05:30,4440.3,4442.6,4439.3,4439.5,895
2026-09-09T16:12:00+05:30,4439.7,4440.4,4437.6,4440.4,634
2026-09-09T16:18:00+05:30,4440.3,4445.6,4440.3,4445.1,1225
2026-09-09T16:24:00+05:30,4444.9,4446.8,4442.9,4442.9,1120
2026-09-09T16:30:00+05:30,4443.3,4447.5,4443.3,4447,846
2026-09-09T16:36:00+05:30,4446.8,4448.2,4445.4,4447.6,514
2026-09-09T16:42:00+05:30,4447.6,4448.1,4445,4446.4,653
2026-09-09T16:48:00+05:30,4446.4,4448.7,4446.1,4448.5,449
2026-09-09T16:54:00+05:30,4448.6,4453.1,4448.6,4452.4,1243
2026-09-09T17:00:00+05:30,4452.2,4452.4,4447.6,4448.3,1049
2026-09-09T17:06:00+05:30,4448.5,4450.3,4447.3,4449.3,804
2026-09-09T17:12:00+05:30,4449.3,4451.2,4447.6,4448.2,808
2026-09-09T17:18:00+05:30,4448.2,4459.9,4448.1,4453.9,4024
2026-09-09T17:24:00+05:30,4453.6,4453.9,4450.2,4451.6,1091
2026-09-09T17:30:00+05:30,4452,4453.7,4447.4,4448.2,1583
2026-09-09T17:36:00+05:30,4448.2,4449,4445,4447.4,1679
2026-09-09T17:42:00+05:30,4447.4,4447.5,4441.2,4442.1,1378
2026-09-09T17:48:00+05:30,4442,4445,4439,4441,1972
2026-09-09T17:54:00+05:30,4441.1,4441.5,4437.9,4438.2,1513
2026-09-09T18:00:00+05:30,4438.1,4442,4436.2,4440.1,1868
2026-09-09T18:06:00+05:30,4440,4442,4435,4437.6,1762
2026-09-09T18:12:00+05:30,4437.1,4444.2,4435.2,4443,1824
2026-09-09T18:18:00+05:30,4443.1,4443.7,4440.3,4441.4,921
2026-09-09T18:24:00+05:30,4441.1,4446.9,4440.9,4444.3,1349
2026-09-09T18:30:00+05:30,4444.2,4453.2,4442.7,4452.6,2997
2026-09-09T18:36:00+05:30,4452.8,4458.1,4451.5,4455.3,2490
2026-09-09T18:42:00+05:30,4455.2,4458.5,4454.5,4456.8,1924
2026-09-09T18:48:00+05:30,4456.8,4467.8,4456.4,4467.5,4559
2026-09-09T18:54:00+05:30,4467.7,4475.3,4467.3,4474.2,5171
2026-09-09T19:00:00+05:30,4474.1,4478.9,4471.7,4472.3,5023
2026-09-09T19:06:00+05:30,4472.3,4473,4462.4,4462.4,4788
2026-09-09T19:12:00+05:30,4462.6,4464.9,4456.6,4463.4,4989
2026-09-09T19:18:00+05:30,4463.5,4468.3,4461.2,4462.8,3090
2026-09-09T19:24:00+05:30,4462.6,4463.1,4455,4459.3,3775
2026-09-09T19:30:00+05:30,4459.2,4473,4458.5,4470,4789
2026-09-09T19:36:00+05:30,4470.1,4470.3,4464.3,4465.4,2345
2026-09-09T19:42:00+05:30,4465.7,4467.9,4459.1,4462.8,3189
2026-09-09T19:48:00+05:30,4462.7,4462.7,4456.5,4459,2178
2026-09-09T19:54:00+05:30,4458.9,4470.3,4453.2,4470.2,4214
2026-09-09T20:00:00+05:30,4470.1,4470.3,4464.7,4468.8,2521
2026-09-09T20:06:00+05:30,4468.8,4471.5,4466.9,4468.7,1929
2026-09-09T20:12:00+05:30,4468.3,4468.5,4462.4,4466.8,1916
2026-09-09T20:18:00+05:30,4466.5,4467.9,4464,4464.3,1271
2026-09-09T20:24:00+05:30,4464.6,4466.1,4459.4,4463.3,2103
2026-09-09T20:30:00+05:30,4463.4,4476.8,4426.9,4428.4,14083
2026-09-09T20:36:00+05:30,4428.5,4439.8,4425,4428,6712
2026-09-09T20:42:00+05:30,4427.5,4438,4426.2,4431,4426
2026-09-09T20:48:00+05:30,4431.1,4433.3,4419.2,4423.8,5518
2026-09-09T20:54:00+05:30,4423.7,4439.7,4421.9,4438.9,4358
2026-09-09T21:00:00+05:30,4438.9,4447.5,4436.8,4446.9,3910
2026-09-09T21:06:00+05:30,4446.8,4451.7,4441.5,4446.5,4867
2026-09-09T21:12:00+05:30,4446.4,4449.1,4445,4446.1,973
2026-09-09T21:18:00+05:30,4446.2,4451.9,4443.3,4445,2145
2026-09-09T21:24:00+05:30,4445.1,4445.6,4442.2,4442.7,1372
2026-09-09T21:30:00+05:30,4443,4447.4,4441,4444.8,1479
2026-09-09T21:36:00+05:30,4445.1,4445.6,4438.9,4440.3,1729
2026-09-09T21:42:00+05:30,4440.4,4443.3,4436.4,4437.1,1287
2026-09-09T21:48:00+05:30,4437.2,4441.2,4436,4440.6,1148
2026-09-09T21:54:00+05:30,4440.5,4447.2,4440,4446.2,1468
2026-09-09T22:00:00+05:30,4446.4,4449,4443.5,4446.6,1091
2026-09-09T22:06:00+05:30,4446.8,4449.8,4443.6,4449,1133
2026-09-09T22:12:00+05:30,4448.9,4453.4,4448.8,4453.1,1844
2026-09-09T22:18:00+05:30,4453.3,4454.3,4449.9,4451,1322
2026-09-09T22:24:00+05:30,4451.3,4455.4,4450.8,4454.4,1234
2026-09-09T22:30:00+05:30,4454.6,4460.7,4453.7,4460.6,2151
2026-09-09T22:36:00+05:30,4460.4,4465.5,4460.2,4462.2,2242
2026-09-09T22:42:00+05:30,4462.3,4464.3,4459.9,4462.6,1369
2026-09-09T22:48:00+05:30,4462.4,4463.6,4460.9,4462.9,663
2026-09-09T22:54:00+05:30,4462.7,4465.6,4459.3,4460,1824
2026-09-09T23:00:00+05:30,4460,4460.2,4456.8,4458.1,1369
2026-09-09T23:06:00+05:30,4458.1,4461.5,4457.1,4461.5,827
2026-09-09T23:12:00+05:30,4461.7,4462.2,4458.3,4459.2,899
2026-09-09T23:18:00+05:30,4459,4461.7,4458.6,4460.6,544
2026-09-09T23:24:00+05:30,4460.5,4462.1,4459.8,4461.1,568
2026-09-09T23:30:00+05:30,4461.4,4464.4,4461.2,4462.9,822
2026-09-09T23:36:00+05:30,4462.9,4464.5,4460.6,4464.2,845
2026-09-09T23:42:00+05:30,4464.1,4466.9,4463.4,4465.6,1253
2026-09-09T23:48:00+05:30,4465.3,4465.4,4462.4,4462.5,566
2026-09-09T23:54:00+05:30,4462.5,4463.2,4461.8,4463.1,634
2026-09-10T00:00:00+05:30,4463.2,4463.5,4458.8,4459.9,1095
2026-09-10T00:06:00+05:30,4460.2,4461.9,4457.3,4457.3,1124
2026-09-10T00:12:00+05:30,4457.6,4457.6,4451.9,4453.3,1405
2026-09-10T00:18:00+05:30,4453.2,4453.2,4450.3,4451.1,1166
2026-09-10T00:24:00+05:30,4451.3,4452.4,4446.7,4448.3,1617
2026-09-10T00:30:00+05:30,4448.3,4449.5,4442,4442.9,1834
2026-09-10T00:36:00+05:30,4442.9,4445.6,4442.7,4444.5,816
2026-09-10T00:42:00+05:30,4444.2,4447.2,4442.5,4445.1,1115
2026-09-10T00:48:00+05:30,4445.5,4450.4,4445.4,4450.3,1243
2026-09-10T00:54:00+05:30,4450.3,4450.5,4445.1,4445.1,893
2026-09-10T01:00:00+05:30,4445,4446.6,4443.1,4443.2,742
2026-09-10T01:06:00+05:30,4443.3,4443.7,4441.1,4442.6,829
2026-09-10T01:12:00+05:30,4442.4,4447,4442.3,4445.3,1103
2026-09-10T01:18:00+05:30,4445.2,4446.7,4441.7,4444.2,715
2026-09-10T01:24:00+05:30,4444.4,4446,4443.2,4444.3,1045
2026-09-10T01:30:00+05:30,4444.2,4444.6,4441.5,4442.6,581
2026-09-10T01:36:00+05:30,4442,4443.3,4442,4443.3,231
2026-09-10T01:42:00+05:30,4443.1,4443.7,4441.2,4441.4,303
2026-09-10T01:48:00+05:30,4441.3,4441.7,4438.7,4440.5,788
2026-09-10T01:54:00+05:30,4440.5,4441.5,4439.4,4440.2,268
2026-09-10T02:00:00+05:30,4440.2,4445.3,4440.1,4445.2,680
2026-09-10T02:06:00+05:30,4445.2,4446.4,4444.2,4445,403
2026-09-10T02:12:00+05:30,4444.9,4446.5,4444.9,4445.7,301
2026-09-10T02:18:00+05:30,4445.5,4446.2,4444.9,4445.9,213
2026-09-10T02:24:00+05:30,4445.8,4448.4,4445.2,4447.4,369
2026-09-10T03:30:00+05:30,4447.5,4451.6,4447.3,4448.2,643
2026-09-10T03:36:00+05:30,4448.3,4450.3,4446.5,4449.6,556
2026-09-10T03:42:00+05:30,4449.3,4449.7,4446.1,4447.1,374
2026-09-10T03:48:00+05:30,4447.1,4448.5,4445.4,4445.8,323
2026-09-10T03:54:00+05:30,4445.6,4447.4,4444,4446.7,587
2026-09-10T04:00:00+05:30,4446.5,4448.3,4445.4,4445.4,720
2026-09-10T04:06:00+05:30,4445.3,4445.5,4444.1,4445.5,393
2026-09-10T04:12:00+05:30,4445.5,4447.2,4444.1,4444.5,483
2026-09-10T04:18:00+05:30,4444.3,4445.4,4441.6,4443.2,729
2026-09-10T04:24:00+05:30,4443.3,4445.3,4441.9,4444,527
2026-09-10T04:30:00+05:30,4443.8,4447.6,4443.7,4447,802
2026-09-10T04:36:00+05:30,4446.7,4447.2,4442.3,4445.7,1226
2026-09-10T04:42:00+05:30,4445.6,4447,4442,4443.1,640
2026-09-10T04:48:00+05:30,4443.3,4446.4,4441.8,4442.1,741
2026-09-10T04:54:00+05:30,4442.2,4444,4439.5,4441.2,1421
2026-09-10T05:00:00+05:30,4441.3,4443.2,4437.4,4438.2,1154
2026-09-10T05:06:00+05:30,4438,4438.8,4436.8,4437.1,499
2026-09-10T05:12:00+05:30,4437.2,4439.1,4436.8,4438.2,702
2026-09-10T05:18:00+05:30,4437.9,4438.7,4436.6,4438.4,494
2026-09-10T05:24:00+05:30,4438.4,4438.6,4436.7,4437.6,358
2026-09-10T05:30:00+05:30,4437.8,4437.9,4432.9,4434.8,1668
2026-09-10T05:36:00+05:30,4434.9,4441,4433.9,4440,1456
2026-09-10T05:42:00+05:30,4440,4441.6,4437.9,4440.3,1210
2026-09-10T05:48:00+05:30,4440.3,4442.3,4438.8,4439.6,842
2026-09-10T05:54:00+05:30,4439.6,4440.9,4435.8,4436.5,1019
2026-09-10T06:00:00+05:30,4436.4,4439.2,4434.7,4438.7,932
2026-09-10T06:06:00+05:30,4438.3,4443.5,4438.3,4441.2,1209
2026-09-10T06:12:00+05:30,4441.1,4445.3,4439.8,4442.1,1168
2026-09-10T06:18:00+05:30,4442.2,4448,4441.4,4447.7,1177
2026-09-10T06:24:00+05:30,4447.6,4448.4,4443.9,4444.4,1144
2026-09-10T06:30:00+05:30,4444.4,4456.7,4443.4,4453.2,3702
2026-09-10T06:36:00+05:30,4453.3,4462.5,4451.9,4457.7,2740
2026-09-10T06:42:00+05:30,4457.7,4458.9,4454.5,4456.5,1643
2026-09-10T06:48:00+05:30,4456.4,4459.9,4453.6,4456.9,1359
2026-09-10T06:54:00+05:30,4456.9,4459.8,4453.3,4453.6,1180
2026-09-10T07:00:00+05:30,4453.8,4454.3,4448.2,4451.2,1974
2026-09-10T07:06:00+05:30,4451.3,4453.9,4449.3,4452,1195
2026-09-10T07:12:00+05:30,4452.1,4457.7,4450.7,4455.9,1167
2026-09-10T07:18:00+05:30,4455.8,4457.7,4452.3,4452.6,1216
2026-09-10T07:24:00+05:30,4452.8,4456.5,4451.1,4455.7,947
2026-09-10T07:30:00+05:30,4455.5,4461.5,4454.8,4461,2303
2026-09-10T07:36:00+05:30,4461.5,4462.2,4457.3,4457.3,1529
2026-09-10T07:42:00+05:30,4457.4,4458.8,4451.3,4452.6,1713
2026-09-10T07:48:00+05:30,4452.5,4457,4451.3,4456.7,1114
2026-09-10T07:54:00+05:30,4456.6,4460.8,4454.6,4460.4,955
2026-09-10T08:00:00+05:30,4460.6,4461.1,4454.2,4458.2,1473
2026-09-10T08:06:00+05:30,4458.2,4464.2,4457.6,4461.1,1591
2026-09-10T08:12:00+05:30,4461.2,4464.4,4460.3,4461.7,868
2026-09-10T08:18:00+05:30,4461.8,4464.3,4459.4,4463.6,730
2026-09-10T08:24:00+05:30,4463.5,4464.2,4460.6,4462.7,537
2026-09-10T08:30:00+05:30,4462.6,4464.8,4458.6,4459.6,1120
2026-09-10T08:36:00+05:30,4459.5,4460,4454.6,4458,1467
2026-09-10T08:42:00+05:30,4457.9,4458.2,4455.1,4457.6,653
2026-09-10T08:48:00+05:30,4457.4,4458.4,4454.8,4455.9,689
2026-09-10T08:54:00+05:30,4455.8,4456.5,4452.5,4453.2,788
2026-09-10T09:00:00+05:30,4453.1,4455.9,4452.7,4453,667
2026-09-10T09:06:00+05:30,4452.9,4453.5,4450.1,4450.5,717
2026-09-10T09:12:00+05:30,4450.6,4452.5,4450,4452.1,541
2026-09-10T09:18:00+05:30,4451.9,4453.1,4449.6,4451.2,806
2026-09-10T09:24:00+05:30,4451.1,4452.6,4450.8,4452.3,349
2026-09-10T09:30:00+05:30,4452.1,4456.6,4452.1,4456.2,935
2026-09-10T09:36:00+05:30,4456.1,4458.6,4454.9,4458.1,792
2026-09-10T09:42:00+05:30,4458.1,4458.5,4456.5,4457.6,519
2026-09-10T09:48:00+05:30,4457.7,4458.6,4456.6,4457.7,345
2026-09-10T09:54:00+05:30,4457.7,4457.8,4453.4,4454.7,625
2026-09-10T10:00:00+05:30,4454.8,4457,4453.6,4453.9,780
2026-09-10T10:06:00+05:30,4453.7,4454.4,4448.6,4449.3,981
2026-09-10T10:12:00+05:30,4449.3,4451.7,4448.3,4451.7,584
2026-09-10T10:18:00+05:30,4451.7,4454.7,4450.4,4451,745
2026-09-10T10:24:00+05:30,4450.8,4451.7,4449.6,4451.2,389
2026-09-10T10:30:00+05:30,4451.4,4454.8,4451.1,4452.1,623
2026-09-10T10:36:00+05:30,4452,4459.5,4451.8,4459.3,1104
2026-09-10T10:42:00+05:30,4459.3,4463.3,4458.6,4461.1,1319
2026-09-10T10:48:00+05:30,4461.3,4463.1,4460.6,4461.5,745
2026-09-10T10:54:00+05:30,4461.6,4463.9,4459.9,4463.6,537
2026-09-10T11:00:00+05:30,4463.8,4470.9,4460.5,4469,2789
2026-09-10T11:06:00+05:30,4469.2,4470.9,4465.1,4466.9,1026
2026-09-10T11:12:00+05:30,4467.1,4473.9,4467,4471.4,1531
2026-09-10T11:18:00+05:30,4471.5,4472.2,4467.2,4471,1662
2026-09-10T11:24:00+05:30,4470.9,4475.2,4469,4475.1,1012
2026-09-10T11:30:00+05:30,4475.2,4479.3,4469.6,4470.1,2280
2026-09-10T11:36:00+05:30,4469.9,4470.2,4465.2,4466.6,1271
2026-09-10T11:42:00+05:30,4466.7,4466.7,4456.5,4456.9,2413
2026-09-10T11:48:00+05:30,4456.8,4460,4454.4,4455.8,2048
2026-09-10T11:54:00+05:30,4456,4461,4455.8,4460.8,1825
2026-09-10T12:00:00+05:30,4460.8,4462.4,4456.9,4457,1846
2026-09-10T12:06:00+05:30,4456.9,4465.2,4456.2,4464.9,1540
2026-09-10T12:12:00+05:30,4465.1,4472.3,4464.5,4467.8,2371
2026-09-10T12:18:00+05:30,4467.9,4472.5,4467.1,4470.2,1804
2026-09-10T12:24:00+05:30,4470.1,4470.1,4467.4,4469.3,498
2026-09-10T12:30:00+05:30,4468.9,4469.4,4458.3,4460.1,2461
2026-09-10T12:36:00+05:30,4460.2,4460.3,4457.7,4459.1,892
2026-09-10T12:42:00+05:30,4459.5,4461.3,4455.3,4456.8,1257
2026-09-10T12:48:00+05:30,4457,4457.3,4454,4455.2,835
2026-09-10T12:54:00+05:30,4455.1,4456.4,4451.4,4452.1,1042
2026-09-10T13:00:00+05:30,4452.2,4454.3,4447,4450.4,2128
2026-09-10T13:06:00+05:30,4450,4451.2,4448.4,4449.7,717
2026-09-10T13:12:00+05:30,4449.9,4456.2,4448.6,4455.5,1226
2026-09-10T13:18:00+05:30,4455.5,4458.7,4454.3,4457.3,1180
2026-09-10T13:24:00+05:30,4457.3,4458.5,4454.1,4455,619
2026-09-10T13:30:00+05:30,4454.8,4456,4449.6,4450.6,1006
2026-09-10T13:36:00+05:30,4451,4453,4449.9,4452.2,641
2026-09-10T13:42:00+05:30,4452.6,4452.6,4447.6,4450,917
2026-09-10T13:48:00+05:30,4450.1,4451.1,4448.4,4450.2,506
2026-09-10T13:54:00+05:30,4450,4450.1,4446.4,4448.8,997
2026-09-10T14:00:00+05:30,4448.8,4449.1,4442,4443.6,1759
2026-09-10T14:06:00+05:30,4443.6,4444.7,4441.1,4441.4,1102
2026-09-10T14:12:00+05:30,4441.6,4441.6,4436.2,4437,2096
2026-09-10T14:18:00+05:30,4436.9,4441.3,4435,4438.4,1719
2026-09-10T14:24:00+05:30,4438.8,4440,4436.3,4437.7,739
2026-09-10T14:30:00+05:30,4437.6,4439.6,4435.4,4435.6,1329
2026-09-10T14:36:00+05:30,4435.4,4437.4,4432.3,4436,1428
2026-09-10T14:42:00+05:30,4435.9,4439.6,4435.1,4438,886
2026-09-10T14:48:00+05:30,4437.9,4438.8,4435.7,4436.2,533
2026-09-10T14:54:00+05:30,4436.4,4438.2,4434.2,4435.4,772
2026-09-10T15:00:00+05:30,4435.5,4435.5,4432.2,4434.4,1121
2026-09-10T15:06:00+05:30,4434.6,4435.7,4431.8,4432.4,791
2026-09-10T15:12:00+05:30,4432.3,4438.2,4430.9,4437.3,1150
2026-09-10T15:18:00+05:30,4437.3,4438.8,4436.6,4437.5,499
2026-09-10T15:24:00+05:30,4437.7,4438.5,4436,4437,405
2026-09-10T15:30:00+05:30,4436.7,4442.6,4434.4,4442.5,1643
2026-09-10T15:36:00+05:30,4442.3,4442.8,4432,4435.9,1926
2026-09-10T15:42:00+05:30,4436,4442.7,4435.2,4441.2,1260
2026-09-10T15:48:00+05:30,4441.3,4442,4438.6,4439.5,589
2026-09-10T15:54:00+05:30,4439.2,4440.2,4436.2,4436.7,572
2026-09-10T16:00:00+05:30,4436.6,4437.3,4424,4424.4,2427
2026-09-10T16:06:00+05:30,4424.5,4428.3,4420.2,4426.3,2022
2026-09-10T16:12:00+05:30,4426.5,4429.3,4424.5,4425.4,1438
2026-09-10T16:18:00+05:30,4425.4,4426.1,4417.1,4420.5,2044
2026-09-10T16:24:00+05:30,4420.6,4430.5,4418.8,4421.4,2300
2026-09-10T16:30:00+05:30,4421.4,4426.9,4420.3,4425.5,1302
2026-09-10T16:36:00+05:30,4425.1,4425.5,4419.2,4419.6,977
2026-09-10T16:42:00+05:30,4419.9,4427.9,4417.5,4424.8,1527
2026-09-10T16:48:00+05:30,4424.6,4426.9,4422.1,4424.5,728
2026-09-10T16:54:00+05:30,4424.6,4431.1,4423.5,4428.1,1229
2026-09-10T17:00:00+05:30,4427.9,4430.9,4426.7,4430.6,852
2026-09-10T17:06:00+05:30,4430.6,4433.1,4428.7,4431.8,898
2026-09-10T17:12:00+05:30,4431.6,4432.3,4423.2,4423.6,1214
2026-09-10T17:18:00+05:30,4423.6,4425,4418.1,4420,1302
2026-09-10T17:24:00+05:30,4419.5,4423.2,4415.2,4416.7,1701
2026-09-10T17:30:00+05:30,4416.8,4419.4,4411.8,4414.7,2493
2026-09-10T17:36:00+05:30,4414.8,4418.7,4412,4416.7,1916
2026-09-10T17:42:00+05:30,4416.8,4419.9,4408.4,4412.1,2226
2026-09-10T17:48:00+05:30,4411.8,4416.4,4408.9,4409.8,2102
2026-09-10T17:54:00+05:30,4409.6,4410.3,4403.6,4407,2604
2026-09-10T18:00:00+05:30,4406.2,4424.2,4379.3,4382.8,10815
2026-09-10T18:06:00+05:30,4383.4,4384.9,4365.4,4370,8131
2026-09-10T18:12:00+05:30,4370.1,4387.7,4366.2,4382.3,6876
2026-09-10T18:18:00+05:30,4382.1,4396.7,4379.7,4386.1,5887
2026-09-10T18:24:00+05:30,4386.5,4388.2,4378.1,4381.8,3651
2026-09-10T18:30:00+05:30,4382.1,4397.5,4380.6,4390.7,5755
2026-09-10T18:36:00+05:30,4390.4,4395.3,4387.9,4388.7,2406
2026-09-10T18:42:00+05:30,4388.5,4391.1,4383,4387.1,2618
2026-09-10T18:48:00+05:30,4387.2,4398,4386.4,4396.5,2672
2026-09-10T18:54:00+05:30,4395.8,4399.7,4386.6,4399.6,2544
2026-09-10T19:00:00+05:30,4399.6,4410.2,4393.8,4402.1,5821
2026-09-10T19:06:00+05:30,4402.1,4416.2,4401.3,4412.4,5586
2026-09-10T19:12:00+05:30,4412.3,4414.6,4405.6,4414.1,4048
2026-09-10T19:18:00+05:30,4413.5,4418,4404.3,4414.2,5005
2026-09-10T19:24:00+05:30,4414.3,4415.2,4406.7,4408.5,2301
2026-09-10T19:30:00+05:30,4408.3,4417.9,4408.2,4410,3370
2026-09-10T19:36:00+05:30,4410.4,4411.3,4403.5,4408.4,3396
2026-09-10T19:42:00+05:30,4408.4,4408.9,4397.2,4397.8,3826
2026-09-10T19:48:00+05:30,4397.7,4410.7,4396.7,4404.3,3451
2026-09-10T19:54:00+05:30,4404.7,4419.2,4401.7,4406,5574
2026-09-10T20:00:00+05:30,4406,4412,4402.9,4411,2164
2026-09-10T20:06:00+05:30,4410.5,4413,4405.2,4407.7,1929
2026-09-10T20:12:00+05:30,4407.7,4408.6,4396.1,4397,3144
2026-09-10T20:18:00+05:30,4396.8,4404.1,4396.4,4403.3,1622
2026-09-10T20:24:00+05:30,4403.1,4403.1,4396.4,4400,1686
2026-09-10T20:30:00+05:30,4400.4,4400.7,4394.5,4399.2,2395
2026-09-10T20:36:00+05:30,4399,4403.8,4395.3,4401,1574
2026-09-10T20:42:00+05:30,4401.3,4406.7,4398,4406.6,2058
2026-09-10T20:48:00+05:30,4406.4,4409.3,4402.9,4407.4,1854
2026-09-10T20:54:00+05:30,4407.8,4409.8,4404.9,4407.3,1186
2026-09-10T21:00:00+05:30,4407.3,4412.7,4404.2,4412,1832
2026-09-10T21:06:00+05:30,4412.2,4414.2,4407,4409.1,1729
2026-09-10T21:12:00+05:30,4408.7,4408.8,4402.6,4404.7,1117
2026-09-10T21:18:00+05:30,4404.4,4412.5,4404.3,4409.4,1358
2026-09-10T21:24:00+05:30,4409.7,4410,4406,4407.8,874
2026-09-10T21:30:00+05:30,4408.1,4412.2,4406.6,4408.2,1188
2026-09-10T21:36:00+05:30,4408.1,4408.3,4396.8,4396.8,1884
2026-09-10T21:42:00+05:30,4396.9,4403.4,4395.6,4397.4,1541
2026-09-10T21:48:00+05:30,4397.6,4405,4397.4,4403.4,1028
2026-09-10T21:54:00+05:30,4403.3,4405.8,4401.9,4404.6,639
2026-09-10T22:00:00+05:30,4404.9,4407.7,4397.8,4399.1,2568
2026-09-10T22:06:00+05:30,4398.8,4403.9,4398.6,4403.9,754
2026-09-10T22:12:00+05:30,4403.4,4405.3,4398.2,4404.4,1090
2026-09-10T22:18:00+05:30,4404.4,4406.1,4401.1,4404.9,969
2026-09-10T22:24:00+05:30,4405,4406.6,4401.5,4406.2,664
2026-09-10T22:30:00+05:30,4406.2,4410.5,4401.6,4403.4,1594
2026-09-10T22:36:00+05:30,4403.5,4408.4,4402.5,4408.1,670
2026-09-10T22:42:00+05:30,4408.1,4408.4,4403.4,4405,757
2026-09-10T22:48:00+05:30,4405.1,4407.7,4403.1,4405.2,605
2026-09-10T22:54:00+05:30,4405.7,4409,4404.5,4407.7,872
2026-09-10T23:00:00+05:30,4407.7,4408.3,4403.6,4405.1,634
2026-09-10T23:06:00+05:30,4405.3,4405.9,4397.1,4398.1,1397
2026-09-10T23:12:00+05:30,4398,4401.9,4396.9,4399,1219
2026-09-10T23:18:00+05:30,4398.8,4402,4398.5,4400.1,710
2026-09-10T23:24:00+05:30,4400.3,4402,4392.6,4394.2,1524
2026-09-10T23:30:00+05:30,4394.5,4397.9,4389.4,4390.7,2299
2026-09-10T23:36:00+05:30,4390.1,4392.6,4382.4,4384,2844
2026-09-10T23:42:00+05:30,4383.8,4386.5,4379.7,4382.8,2375
2026-09-10T23:48:00+05:30,4382.5,4387.9,4382.3,4386.2,1339
2026-09-10T23:54:00+05:30,4386.1,4386.7,4378.9,4380.6,1933
2026-09-11T00:00:00+05:30,4380.6,4380.6,4373.8,4376.3,2144
2026-09-11T00:06:00+05:30,4376.6,4377.3,4373.1,4376.1,1298
2026-09-11T00:12:00+05:30,4376.5,4377.3,4372.5,4373.1,943
2026-09-11T00:18:00+05:30,4373.2,4380.2,4371.3,4374.8,2633
2026-09-11T00:24:00+05:30,4374.7,4378.5,4372,4374.4,1640
2026-09-11T00:30:00+05:30,4374,4374.1,4354.8,4359.6,6369
2026-09-11T00:36:00+05:30,4359.6,4367,4358.2,4361.9,3051
2026-09-11T00:42:00+05:30,4361.7,4365.2,4360.6,4361.8,1097
2026-09-11T00:48:00+05:30,4361.4,4366.1,4360.8,4364.9,979
2026-09-11T00:54:00+05:30,4364.8,4372.1,4364.8,4368.7,2223
2026-09-11T01:00:00+05:30,4368.7,4371,4366.1,4367.9,1470
2026-09-11T01:06:00+05:30,4368.1,4369.4,4365.4,4367.5,737
2026-09-11T01:12:00+05:30,4367.8,4368.3,4363.7,4364.8,961
2026-09-11T01:18:00+05:30,4364.8,4365.8,4361.3,4365.7,1201
2026-09-11T01:24:00+05:30,4365.5,4366,4363.4,4365.5,1010
2026-09-11T01:30:00+05:30,4365.5,4365.7,4361.2,4363.4,720
2026-09-11T01:36:00+05:30,4363.8,4365.7,4362.9,4364.3,448
2026-09-11T01:42:00+05:30,4363.9,4364.5,4363.1,4363.7,250
2026-09-11T01:48:00+05:30,4363.6,4364.2,4357.8,4358.6,602
2026-09-11T01:54:00+05:30,4358.6,4360.6,4357.5,4359.7,408
2026-09-11T02:00:00+05:30,4359.9,4360,4357.7,4357.9,488
2026-09-11T02:06:00+05:30,4358.1,4359.5,4356.8,4358.6,304
2026-09-11T02:12:00+05:30,4358.7,4360.2,4357.6,4359.7,435
2026-09-11T02:18:00+05:30,4359.6,4359.9,4356,4358.1,490
2026-09-11T02:24:00+05:30,4358.5,4360.6,4357.8,4358.4,556
2026-09-11T03:30:00+05:30,4359.6,4366,4357.7,4362.5,992
2026-09-11T03:36:00+05:30,4362.2,4364.1,4360,4362.3,625
2026-09-11T03:42:00+05:30,4362.7,4363.6,4360.1,4361.3,424
2026-09-11T03:48:00+05:30,4361.1,4362,4359.5,4359.8,285
2026-09-11T03:54:00+05:30,4360.2,4360.7,4359.3,4360.2,361
2026-09-11T04:00:00+05:30,4360,4360.8,4356,4358.7,769
2026-09-11T04:06:00+05:30,4358.5,4358.5,4353.5,4355.6,778
2026-09-11T04:12:00+05:30,4355.7,4358.5,4355.2,4357.2,670
2026-09-11T04:18:00+05:30,4357.3,4359.8,4356.6,4357.7,449
2026-09-11T04:24:00+05:30,4357.6,4359.4,4357.3,4358.9,342
2026-09-11T04:30:00+05:30,4358.4,4360.6,4357.4,4359.4,580
2026-09-11T04:36:00+05:30,4359.4,4360.1,4358.3,4358.6,337
2026-09-11T04:42:00+05:30,4358.6,4360.4,4356.6,4360.1,528
2026-09-11T04:48:00+05:30,4360,4361.2,4358.5,4358.8,607
2026-09-11T04:54:00+05:30,4358.6,4359.6,4357.8,4358.4,258
2026-09-11T05:00:00+05:30,4358.6,4360.8,4356.9,4357,544
2026-09-11T05:06:00+05:30,4357.5,4358.5,4354.8,4355.6,896
2026-09-11T05:12:00+05:30,4356.2,4358.3,4354.1,4355.5,625
2026-09-11T05:18:00+05:30,4355.4,4356.6,4353.3,4353.8,759
2026-09-11T05:24:00+05:30,4354.1,4356.8,4351.2,4355.2,1281
2026-09-11T05:30:00+05:30,4355.5,4361.8,4353.2,4360.3,1894
2026-09-11T05:36:00+05:30,4360.3,4364.6,4355.2,4356,2153
2026-09-11T05:42:00+05:30,4356,4361.8,4355.9,4360.4,992
2026-09-11T05:48:00+05:30,4360.4,4362.5,4358.7,4361.9,597
2026-09-11T05:54:00+05:30,4361.8,4364.8,4357.6,4364.3,985
2026-09-11T06:00:00+05:30,4364.2,4365.6,4359.9,4361.6,1316
2026-09-11T06:06:00+05:30,4361.9,4367.1,4361.1,4362,1395
2026-09-11T06:12:00+05:30,4361.9,4372.4,4361.5,4372.1,1968
2026-09-11T06:18:00+05:30,4372.2,4374.2,4371.3,4373.8,1351
2026-09-11T06:24:00+05:30,4373.8,4373.9,4370.1,4372.4,938
2026-09-11T06:30:00+05:30,4372.3,4380.8,4368.2,4378,4107
2026-09-11T06:36:00+05:30,4377.8,4379,4373.3,4378.3,1980
2026-09-11T06:42:00+05:30,4378.4,4379.4,4371.3,4376.1,1667
2026-09-11T06:48:00+05:30,4376.1,4376.6,4363.5,4364.9,2453
2026-09-11T06:54:00+05:30,4365.1,4370.8,4360.8,4368.3,2759
2026-09-11T07:00:00+05:30,4368.4,4375.6,4368.3,4373.8,1676
2026-09-11T07:06:00+05:30,4374,4375,4362.7,4364.4,1958
2026-09-11T07:12:00+05:30,4364.4,4367,4363,4365.2,1533
2026-09-11T07:18:00+05:30,4365.3,4370.3,4364.3,4365.1,1355
2026-09-11T07:24:00+05:30,4365.1,4369.7,4363.8,4369.1,828
2026-09-11T07:30:00+05:30,4369.2,4373.5,4369.1,4372.3,1372
2026-09-11T07:36:00+05:30,4372.4,4372.7,4367.6,4369.8,846
2026-09-11T07:42:00+05:30,4370,4372.9,4368.8,4372.6,667
2026-09-11T07:48:00+05:30,4372.6,4374.6,4368.4,4369.1,982
2026-09-11T07:54:00+05:30,4369.2,4369.3,4363.5,4365.1,1264
2026-09-11T08:00:00+05:30,4365,4366.5,4356.9,4357.1,2589
2026-09-11T08:06:00+05:30,4357.2,4365.7,4357,4363.5,1416
2026-09-11T08:12:00+05:30,4363.7,4364.4,4355.9,4359.3,1629
2026-09-11T08:18:00+05:30,4359.6,4367.2,4358.2,4365,1520
2026-09-11T08:24:00+05:30,4365.5,4365.5,4361.2,4363.4,785
2026-09-11T08:30:00+05:30,4362.9,4366.8,4361.2,4361.2,732
2026-09-11T08:36:00+05:30,4361.4,4361.7,4354.5,4355.5,1802
2026-09-11T08:42:00+05:30,4355.6,4361.9,4354.9,4358.6,1024
2026-09-11T08:48:00+05:30,4358.3,4358.4,4344.3,4346.9,3207
2026-09-11T08:54:00+05:30,4346.7,4351.4,4345.1,4349.8,1757
2026-09-11T09:00:00+05:30,4350,4352.1,4346.9,4348.2,986
2026-09-11T09:06:00+05:30,4348.2,4351.5,4347.2,4349.6,1019
2026-09-11T09:12:00+05:30,4350.2,4354.5,4343.3,4343.7,2355
2026-09-11T09:18:00+05:30,4343.6,4344.9,4341.3,4343.3,1736
2026-09-11T09:24:00+05:30,4343.3,4348,4341.7,4344.4,1560
2026-09-11T09:30:00+05:30,4344.7,4351.2,4342.5,4350.9,1446
2026-09-11T09:36:00+05:30,4351,4364.2,4350.5,4359.9,2347
2026-09-11T09:42:00+05:30,4360.3,4365.7,4359.9,4360.3,1762
2026-09-11T09:48:00+05:30,4360.5,4367,4360,4367,1374
2026-09-11T09:54:00+05:30,4366.8,4369.9,4366.4,4369.1,1143
2026-09-11T10:00:00+05:30,4369.3,4371,4365.9,4366.6,1235
2026-09-11T10:06:00+05:30,4366.5,4370.6,4366.1,4369.7,839
2026-09-11T10:12:00+05:30,4369.6,4373.1,4369.6,4370.5,1645
2026-09-11T10:18:00+05:30,4370,4375.3,4369.2,4373.5,1308
2026-09-11T10:24:00+05:30,4373.3,4375.6,4371.6,4372.3,1033
2026-09-11T10:30:00+05:30,4372.3,4372.9,4368.8,4371.4,1332
2026-09-11T10:36:00+05:30,4371.4,4375.9,4370.1,4375.8,1275
2026-09-11T10:42:00+05:30,4375.5,4379.2,4374.4,4375.9,1417
2026-09-11T10:48:00+05:30,4375.7,4379.9,4374.8,4377.8,906
2026-09-11T10:54:00+05:30,4377.8,4378.1,4373.9,4375.1,798
2026-09-11T11:00:00+05:30,4375.6,4381.9,4374,4379.1,2893
2026-09-11T11:06:00+05:30,4379.2,4380.6,4374.7,4376.4,1277
2026-09-11T11:12:00+05:30,4376.4,4387.4,4376.1,4386.4,2365
2026-09-11T11:18:00+05:30,4386.5,4388.2,4383,4385,1075
2026-09-11T11:24:00+05:30,4385,4392.3,4384.9,4386.7,1647
2026-09-11T11:30:00+05:30,4386.7,4397,4386.2,4392.7,2306
2026-09-11T11:36:00+05:30,4392.9,4400,4392.4,4396.5,1483
2026-09-11T11:42:00+05:30,4396.5,4402.2,4395,4398.3,1592
2026-09-11T11:48:00+05:30,4398.7,4399.8,4393.7,4394.1,1254
2026-09-11T11:54:00+05:30,4394,4395.2,4392,4392.5,909
2026-09-11T12:00:00+05:30,4392.4,4393.5,4387.8,4389.9,1360
2026-09-11T12:06:00+05:30,4390.2,4394.9,4389.9,4394.7,937
2026-09-11T12:12:00+05:30,4394.7,4394.7,4390.1,4394.1,904
2026-09-11T12:18:00+05:30,4394,4396.4,4390.4,4392.8,827
2026-09-11T12:24:00+05:30,4393,4395,4391.7,4394.2,600
2026-09-11T12:30:00+05:30,4394.2,4397.4,4393.1,4396.4,1156
2026-09-11T12:36:00+05:30,4396.4,4396.9,4391,4395.5,769
2026-09-11T12:42:00+05:30,4395.1,4396.8,4391.3,4393,609
2026-09-11T12:48:00+05:30,4392.9,4393.3,4388.9,4391.7,601
2026-09-11T12:54:00+05:30,4392.1,4393.5,4387,4387.4,805
2026-09-11T13:00:00+05:30,4387.7,4389.2,4385.4,4386.4,771
2026-09-11T13:06:00+05:30,4386.1,4386.7,4384.3,4385.6,991
2026-09-11T13:12:00+05:30,4385.3,4387.8,4383.5,4384.4,787
2026-09-11T13:18:00+05:30,4384.4,4385,4381.7,4383.6,841
2026-09-11T13:24:00+05:30,4383.4,4386.5,4383.2,4385.9,378
2026-09-11T13:30:00+05:30,4386.2,4388.6,4383.7,4385.7,908
2026-09-11T13:36:00+05:30,4386.4,4390.1,4383.1,4384.8,1222
2026-09-11T13:42:00+05:30,4385.2,4391.8,4384.8,4390.5,857
2026-09-11T13:48:00+05:30,4390.2,4391.7,4384.8,4389.7,694
2026-09-11T13:54:00+05:30,4389.4,4399.5,4389.1,4392.9,2699
2026-09-11T14:00:00+05:30,4393.2,4397.5,4392.3,4393.5,1005
2026-09-11T14:06:00+05:30,4393.8,4398.2,4393.4,4397.9,777
2026-09-11T14:12:00+05:30,4397.6,4397.9,4393.5,4394.1,833
2026-09-11T14:18:00+05:30,4393.8,4395.5,4390.9,4394.1,769
2026-09-11T14:24:00+05:30,4394,4394.5,4387.3,4388.7,861
2026-09-11T14:30:00+05:30,4388.9,4395.8,4388.9,4390.4,822
2026-09-11T14:36:00+05:30,4390.2,4390.4,4385.1,4385.9,750
2026-09-11T14:42:00+05:30,4385.9,4387.6,4383.2,4385.2,650
2026-09-11T14:48:00+05:30,4385.1,4388.1,4384.5,4387.1,639
2026-09-11T14:54:00+05:30,4387.2,4387.6,4385.1,4385.4,578
2026-09-11T15:00:00+05:30,4385.8,4386.9,4383.1,4384.9,813
2026-09-11T15:06:00+05:30,4384.9,4386.2,4382.3,4383.8,561
2026-09-11T15:12:00+05:30,4383.9,4385.7,4383.4,4385.2,302
2026-09-11T15:18:00+05:30,4385,4386.6,4384.6,4385.6,318
2026-09-11T15:24:00+05:30,4385.8,4389.8,4385.2,4388.1,572
2026-09-11T15:30:00+05:30,4388.4,4392.1,4382.5,4391.1,1601
2026-09-11T15:36:00+05:30,4390.8,4391.2,4385.4,4388.3,621
2026-09-11T15:42:00+05:30,4388.3,4389.8,4386.8,4388.5,409
2026-09-11T15:48:00+05:30,4388.3,4391.9,4387.6,4387.8,677
2026-09-11T15:54:00+05:30,4388.4,4392.1,4388.4,4391.3,410
2026-09-11T16:00:00+05:30,4391.5,4391.9,4389.2,4390.5,342
2026-09-11T16:06:00+05:30,4390.6,4390.8,4385.6,4386.5,478
2026-09-11T16:12:00+05:30,4386.7,4388.6,4384.2,4384.7,551
2026-09-11T16:18:00+05:30,4384.8,4385.5,4382.4,4382.8,470
2026-09-11T16:24:00+05:30,4382.7,4383.1,4378.4,4379.4,1340
2026-09-11T16:30:00+05:30,4379.3,4385,4379,4381.5,1081
2026-09-11T16:36:00+05:30,4381.3,4381.5,4376.5,4378.2,1375
2026-09-11T16:42:00+05:30,4378,4380.4,4377.9,4378.9,776
2026-09-11T16:48:00+05:30,4379.2,4381.7,4378.8,4381.6,730
2026-09-11T16:54:00+05:30,4381.2,4383.8,4378,4378.3,881
2026-09-11T17:00:00+05:30,4378.4,4379.3,4372,4373,1279
2026-09-11T17:06:00+05:30,4373,4376.2,4372.3,4375.6,813
2026-09-11T17:12:00+05:30,4375.5,4377.9,4372.2,4375.3,1193
2026-09-11T17:18:00+05:30,4375,4378.2,4374.9,4376.2,621
2026-09-11T17:24:00+05:30,4376,4376.7,4372.6,4375.1,808
2026-09-11T17:30:00+05:30,4375.3,4376.9,4370.5,4371.8,1177
2026-09-11T17:36:00+05:30,4371.8,4372.8,4368.1,4372.6,1313
2026-09-11T17:42:00+05:30,4372.8,4375,4366.2,4374.9,2442
2026-09-11T17:48:00+05:30,4374.9,4376.1,4371.2,4373.4,1339
2026-09-11T17:54:00+05:30,4373.3,4385.5,4370.1,4378,2703
2026-09-11T18:00:00+05:30,4380.3,4400.2,4333.4,4376.6,15268
2026-09-11T18:06:00+05:30,4376.2,4404.4,4374.5,4400.3,10326
2026-09-11T18:12:00+05:30,4400.1,4408.5,4393.2,4402.2,7044
2026-09-11T18:18:00+05:30,4401.9,4421.5,4398.6,4419.8,8241
2026-09-11T18:24:00+05:30,4419.8,4432.4,4418.7,4430.5,6511
2026-09-11T18:30:00+05:30,4430.4,4436.5,4426.7,4435.2,7275
2026-09-11T18:36:00+05:30,4435.1,4435.4,4422.6,4424.6,5074
2026-09-11T18:42:00+05:30,4424.9,4433.5,4422.7,4423.3,3569
2026-09-11T18:48:00+05:30,4423.6,4431.4,4421.6,4425.3,2789
2026-09-11T18:54:00+05:30,4425.2,4440.5,4423.9,4431.7,4477
2026-09-11T19:00:00+05:30,4431.9,4442.7,4423.3,4438.5,4630
2026-09-11T19:06:00+05:30,4438.2,4441.9,4425.6,4434,4052
2026-09-11T19:12:00+05:30,4433.7,4442.7,4430.4,4442.3,2627
2026-09-11T19:18:00+05:30,4442.1,4442.8,4429,4432.8,2619
2026-09-11T19:24:00+05:30,4433.1,4445.2,4429,4443.9,2612
2026-09-11T19:30:00+05:30,4443.5,4444.8,4423.6,4429.3,4857
2026-09-11T19:36:00+05:30,4429.3,4434.3,4426.5,4428.9,2458
2026-09-11T19:42:00+05:30,4428.7,4429.2,4420.2,4422,3194
2026-09-11T19:48:00+05:30,4421.9,4427.9,4417.9,4423.7,3122
2026-09-11T19:54:00+05:30,4424.1,4424.5,4416,4416.9,2783
2026-09-11T20:00:00+05:30,4417,4418.1,4412.1,4412.8,3312
2026-09-11T20:06:00+05:30,4412.6,4413.8,4406.3,4413,3652
2026-09-11T20:12:00+05:30,4412.6,4419.9,4409.9,4415.6,2798
2026-09-11T20:18:00+05:30,4415.7,4426.1,4413.8,4420.9,3678
2026-09-11T20:24:00+05:30,4421,4423.6,4412.2,4412.6,2117
2026-09-11T20:30:00+05:30,4412.5,4414.9,4408.1,4411.1,2365
2026-09-11T20:36:00+05:30,4411.1,4412.2,4403.3,4405,2645
2026-09-11T20:42:00+05:30,4405.2,4408.3,4401,4406.8,2641
2026-09-11T20:48:00+05:30,4406.9,4410,4403.3,4408.1,1904
2026-09-11T20:54:00+05:30,4407.8,4414.6,4405.4,4412.1,2699
2026-09-11T21:00:00+05:30,4411.9,4417.2,4410.4,4414.1,2208
2026-09-11T21:06:00+05:30,4414.2,4418.8,4411.7,4412.5,1858
2026-09-11T21:12:00+05:30,4412.8,4416.8,4410.4,4411.3,1210
2026-09-11T21:18:00+05:30,4411.2,4415.7,4408.7,4409,1546
2026-09-11T21:24:00+05:30,4408.9,4411.1,4406.8,4408.7,1450
2026-09-11T21:30:00+05:30,4408.7,4414.6,4408.4,4412.8,1272
2026-09-11T21:36:00+05:30,4413,4413.4,4408,4409.8,1364
2026-09-11T21:42:00+05:30,4410.4,4410.4,4401.6,4404,1985
2026-09-11T21:48:00+05:30,4404.1,4405.7,4396.1,4396.3,2392
2026-09-11T21:54:00+05:30,4396.4,4404.3,4393.2,4396.4,3991
2026-09-11T22:00:00+05:30,4396.4,4407.8,4394.8,4404,2484
2026-09-11T22:06:00+05:30,4404,4406.5,4400.4,4405.8,1431
2026-09-11T22:12:00+05:30,4405.8,4407.3,4402.4,4404.2,866
2026-09-11T22:18:00+05:30,4404.2,4405.5,4402,4402.5,539
2026-09-11T22:24:00+05:30,4402.5,4405.3,4402.5,4403.3,563
2026-09-11T22:30:00+05:30,4403.6,4406.2,4402.7,4404.6,744
2026-09-11T22:36:00+05:30,4404.6,4411.5,4403.9,4406.3,1490
2026-09-11T22:42:00+05:30,4406.4,4409.1,4405.4,4408.8,757
2026-09-11T22:48:00+05:30,4408.8,4411.5,4407.8,4409.8,1200
2026-09-11T22:54:00+05:30,4410.1,4412,4408.1,4409,1260
2026-09-11T23:00:00+05:30,4409.1,4412.9,4407.4,4410.7,1794
2026-09-11T23:06:00+05:30,4410.6,4411.7,4402.9,4403.5,1404
2026-09-11T23:12:00+05:30,4403.3,4406,4401.5,4402.4,1048
2026-09-11T23:18:00+05:30,4402.1,4406.4,4401.7,4405.3,893
2026-09-11T23:24:00+05:30,4405,4405.7,4400.1,4400.6,742
2026-09-11T23:30:00+05:30,4400.6,4402.5,4399.4,4400.5,977
2026-09-11T23:36:00+05:30,4400.6,4401.1,4396,4397.1,1141
2026-09-11T23:42:00+05:30,4397,4397.1,4387.2,4392,3059
2026-09-11T23:48:00+05:30,4392,4394.4,4386.1,4390,2522
2026-09-11T23:54:00+05:30,4390.2,4395.4,4389.9,4392.9,1111
2026-09-12T00:00:00+05:30,4392.9,4393.7,4388,4390.1,791
2026-09-12T00:06:00+05:30,4390.6,4392.7,4388.9,4389.8,578
2026-09-12T00:12:00+05:30,4389.5,4391.3,4387,4388.4,844
2026-09-12T00:18:00+05:30,4388.3,4388.8,4386,4387.2,761
2026-09-12T00:24:00+05:30,4387.3,4389.5,4386.6,4389.1,745
2026-09-12T00:30:00+05:30,4389.1,4390.6,4387.1,4389,1190
2026-09-12T00:36:00+05:30,4388.6,4391.7,4386.3,4391.6,1070
2026-09-12T00:42:00+05:30,4391.7,4396.3,4391.3,4392.9,1318
2026-09-12T00:48:00+05:30,4393.1,4394.1,4390.8,4393.3,759
2026-09-12T00:54:00+05:30,4393.3,4395.4,4389.6,4389.6,685
2026-09-12T01:00:00+05:30,4389.9,4390.6,4387.5,4389.2,878
2026-09-12T01:06:00+05:30,4389.3,4390.7,4388.2,4390,594
2026-09-12T01:12:00+05:30,4390,4390.1,4385.5,4387.1,1144
2026-09-12T01:18:00+05:30,4386.9,4388.3,4384.9,4386.3,1013
2026-09-12T01:24:00+05:30,4386.6,4392,4386.4,4390.6,1390
2026-09-12T01:30:00+05:30,4390.9,4393.8,4390.3,4392,673
2026-09-12T01:36:00+05:30,4391.9,4393.1,4390.8,4391.1,314
2026-09-12T01:42:00+05:30,4391.1,4391.5,4389.2,4389.8,298
2026-09-12T01:48:00+05:30,4389.7,4392.7,4388.5,4392.2,376
2026-09-12T01:54:00+05:30,4392.3,4392.3,4390.5,4391,184
2026-09-12T02:00:00+05:30,4391.1,4391.2,4389.1,4389.9,278
2026-09-12T02:06:00+05:30,4389.9,4391.3,4389.3,4389.8,204
2026-09-12T02:12:00+05:30,4389.8,4391.3,4387.9,4390.4,459
2026-09-12T02:18:00+05:30,4389.8,4390.2,4387.4,4388.7,373
2026-09-12T02:24:00+05:30,4388.8,4391.3,4388.3,4389.8,452
2026-09-14T03:30:00+05:30,4374.5,4381.6,4360,4379.5,3230
2026-09-14T03:36:00+05:30,4379.9,4380.6,4370.4,4371.7,1285
2026-09-14T03:42:00+05:30,4371.9,4374.6,4370,4370.6,1389
2026-09-14T03:48:00+05:30,4370.8,4375.6,4369.8,4369.9,1488
2026-09-14T03:54:00+05:30,4369.7,4377,4368.7,4376.7,1188
2026-09-14T04:00:00+05:30,4376.7,4378.6,4375.2,4375.7,822
2026-09-14T04:06:00+05:30,4375.7,4377.5,4375.5,4376.9,512
2026-09-14T04:12:00+05:30,4376.7,4378.9,4374.3,4376.9,683
2026-09-14T04:18:00+05:30,4376.7,4378.8,4375.8,4378.4,699
2026-09-14T04:24:00+05:30,4378.4,4380.8,4378.2,4378.6,652
2026-09-14T04:30:00+05:30,4378.4,4383.4,4378.4,4381.8,921
2026-09-14T04:36:00+05:30,4381.7,4383.3,4381.1,4382.7,363
2026-09-14T04:42:00+05:30,4382.7,4382.7,4379,4379.6,741
2026-09-14T04:48:00+05:30,4379.5,4379.5,4376.1,4377.5,770
2026-09-14T04:54:00+05:30,4377.7,4381.1,4377.6,4380.2,612
2026-09-14T05:00:00+05:30,4379.9,4382.7,4379.8,4380.7,531
2026-09-14T05:06:00+05:30,4380.5,4382.6,4379,4379,780
2026-09-14T05:12:00+05:30,4379.1,4379.6,4376.5,4378.3,591
2026-09-14T05:18:00+05:30,4378.3,4379,4372.3,4375.8,1179
2026-09-14T05:24:00+05:30,4375.5,4376.3,4372.6,4373.4,579
2026-09-14T05:30:00+05:30,4373.1,4379.1,4370.7,4378.8,1625
2026-09-14T05:36:00+05:30,4378.4,4387.9,4378.4,4386,2625
2026-09-14T05:42:00+05:30,4386.2,4388.9,4381.1,4384.6,1571
2026-09-14T05:48:00+05:30,4384.4,4384.7,4377.8,4379.5,966
2026-09-14T05:54:00+05:30,4379.5,4381.9,4374.2,4379,1189
2026-09-14T06:00:00+05:30,4379,4382,4375.4,4377.5,1181
2026-09-14T06:06:00+05:30,4377.3,4377.6,4373.1,4375.1,1243
2026-09-14T06:12:00+05:30,4375,4383.7,4374,4381.4,1499
2026-09-14T06:18:00+05:30,4381.5,4383.8,4379.2,4381.1,789
2026-09-14T06:24:00+05:30,4381.5,4384.6,4378.8,4379.5,963
2026-09-14T06:30:00+05:30,4379.8,4386.1,4371.8,4374.4,4456
2026-09-14T06:36:00+05:30,4374.3,4378.1,4370.6,4373.3,2030
2026-09-14T06:42:00+05:30,4373.4,4374.7,4369.3,4371.4,1725
2026-09-14T06:48:00+05:30,4371.4,4376.7,4367,4375.3,2345
2026-09-14T06:54:00+05:30,4375.3,4379.4,4371.7,4376.7,1862
2026-09-14T07:00:00+05:30,4376.6,4378.5,4369.3,4377.2,1941
2026-09-14T07:06:00+05:30,4377.1,4387.8,4376.3,4383.9,2409
2026-09-14T07:12:00+05:30,4383.8,4387.9,4378.2,4387.5,1706
2026-09-14T07:18:00+05:30,4387.4,4391.4,4383.7,4389.3,2038
2026-09-14T07:24:00+05:30,4389.4,4396.8,4387.8,4394.6,1898
2026-09-14T07:30:00+05:30,4394.6,4395.7,4389.8,4391.5,1834
2026-09-14T07:36:00+05:30,4391.7,4396.3,4390.3,4391.7,1207
2026-09-14T07:42:00+05:30,4392,4392,4389.2,4390.6,698
2026-09-14T07:48:00+05:30,4390.3,4395.2,4389.6,4393.6,669
2026-09-14T07:54:00+05:30,4393.5,4395.5,4392.8,4393.5,669
2026-09-14T08:00:00+05:30,4393.5,4396.6,4391.6,4392.8,1221
2026-09-14T08:06:00+05:30,4392.9,4393.4,4386.2,4386.7,1601
2026-09-14T08:12:00+05:30,4386.5,4389.6,4384.5,4387.2,1575
2026-09-14T08:18:00+05:30,4387,4388.5,4380.5,4381.6,1331
2026-09-14T08:24:00+05:30,4381.5,4381.7,4371.1,4371.7,2264
2026-09-14T08:30:00+05:30,4371.6,4374.2,4368.2,4373.8,2419
2026-09-14T08:36:00+05:30,4373.9,4376.8,4372.4,4375.1,1233
2026-09-14T08:42:00+05:30,4375.3,4376.7,4372.4,4374.2,912
2026-09-14T08:48:00+05:30,4374.4,4377.1,4374.4,4376.2,558
2026-09-14T08:54:00+05:30,4376.5,4376.5,4373.8,4375.1,480
2026-09-14T09:00:00+05:30,4375.3,4375.9,4369.5,4369.7,971
2026-09-14T09:06:00+05:30,4369.6,4373.4,4366.8,4367.5,1305
2026-09-14T09:12:00+05:30,4367.7,4371.4,4367.2,4369.4,682
2026-09-14T09:18:00+05:30,4369.3,4373.8,4369.2,4372.9,936
2026-09-14T09:24:00+05:30,4373.2,4373.7,4369.7,4370.4,593
2026-09-14T09:30:00+05:30,4370.4,4371.9,4370,4370.6,557
2026-09-14T09:36:00+05:30,4371,4371.5,4369.2,4370.9,453
2026-09-14T09:42:00+05:30,4370.5,4371,4369,4369.6,266
2026-09-14T09:48:00+05:30,4369.3,4370.8,4368.5,4370.2,321
2026-09-14T09:54:00+05:30,4370.4,4371.9,4369.6,4371.7,398
2026-09-14T10:00:00+05:30,4371.6,4371.8,4367.7,4369.6,580
2026-09-14T10:06:00+05:30,4369.7,4370.1,4364.4,4365.1,1464
2026-09-14T10:12:00+05:30,4365.1,4365.8,4362.1,4362.7,845
2026-09-14T10:18:00+05:30,4362.8,4367.2,4362.3,4366.7,1043
2026-09-14T10:24:00+05:30,4366.7,4371.8,4366.1,4369.6,1006
2026-09-14T10:30:00+05:30,4369.8,4372.9,4367.1,4372.3,893
2026-09-14T10:36:00+05:30,4371.9,4372.5,4366.6,4367,956
2026-09-14T10:42:00+05:30,4367.2,4372.5,4366.9,4371,547
2026-09-14T10:48:00+05:30,4370.6,4371,4367.8,4367.8,364
2026-09-14T10:54:00+05:30,4367.8,4369.3,4366,4366.7,628
2026-09-14T11:00:00+05:30,4367,4377.3,4365.4,4375,2371
2026-09-14T11:06:00+05:30,4375.1,4377.7,4370.5,4372.6,1103
2026-09-14T11:12:00+05:30,4372.6,4374.3,4366.5,4370.9,1365
2026-09-14T11:18:00+05:30,4371.1,4372.9,4363.5,4372.9,1550
2026-09-14T11:24:00+05:30,4372.8,4378.2,4372.8,4378,1114
2026-09-14T11:30:00+05:30,4377.8,4379.3,4373.5,4374.4,1201
2026-09-14T11:36:00+05:30,4374.1,4375,4370.7,4372.8,933
2026-09-14T11:42:00+05:30,4373,4373.4,4367.6,4369.8,866
2026-09-14T11:48:00+05:30,4369.6,4372.5,4367.4,4369.6,714
2026-09-14T11:54:00+05:30,4369.7,4373.2,4369.3,4370.6,532
2026-09-14T12:00:00+05:30,4370.4,4372.7,4369.1,4369.3,452
2026-09-14T12:06:00+05:30,4369.8,4373.2,4367.2,4367.8,646
2026-09-14T12:12:00+05:30,4367.5,4370.5,4365.7,4368,929
2026-09-14T12:18:00+05:30,4368.3,4369,4362.6,4363.3,867
2026-09-14T12:24:00+05:30,4363.3,4364.1,4360.6,4362.5,889
2026-09-14T12:30:00+05:30,4362.4,4362.9,4357.9,4362.5,1828
2026-09-14T12:36:00+05:30,4362.3,4363.6,4358.8,4362.4,855
2026-09-14T12:42:00+05:30,4362.2,4364.7,4361.2,4363,843
2026-09-14T12:48:00+05:30,4362.5,4364.2,4360,4362,514
2026-09-14T12:54:00+05:30,4361.7,4362,4356.1,4357.1,1190
2026-09-14T13:00:00+05:30,4357.1,4359.7,4356.1,4356.9,987
2026-09-14T13:06:00+05:30,4356.8,4359,4355.4,4357.7,723
2026-09-14T13:12:00+05:30,4357.8,4362.3,4357.4,4359,1039
2026-09-14T13:18:00+05:30,4358.9,4361.2,4350.6,4351.5,1554
2026-09-14T13:24:00+05:30,4351.6,4352.7,4348,4350.8,1185
2026-09-14T13:30:00+05:30,4351,4357.5,4350.9,4357,1445
2026-09-14T13:36:00+05:30,4357.1,4358.5,4354.1,4354.9,823
2026-09-14T13:42:00+05:30,4354.8,4355.4,4350.5,4351.2,836
2026-09-14T13:48:00+05:30,4351.3,4353.7,4350,4353.5,773
2026-09-14T13:54:00+05:30,4353.4,4354.5,4350.4,4350.7,550
2026-09-14T14:00:00+05:30,4350.3,4354.2,4349.2,4353.8,719
2026-09-14T14:06:00+05:30,4353.7,4356.1,4351.7,4352.9,654
2026-09-14T14:12:00+05:30,4352.7,4353.6,4349.5,4351,560
2026-09-14T14:18:00+05:30,4350.9,4350.9,4345.7,4345.9,1270
2026-09-14T14:24:00+05:30,4345.6,4347.3,4343.2,4346.7,1214
2026-09-14T14:30:00+05:30,4346.3,4351.9,4344.8,4349.2,1325
2026-09-14T14:36:00+05:30,4349.1,4351.8,4346,4346.1,658
2026-09-14T14:42:00+05:30,4346.1,4346.7,4339.2,4340.9,1416
2026-09-14T14:48:00+05:30,4340.8,4341.1,4325.8,4328.3,5270
2026-09-14T14:54:00+05:30,4328.2,4328.5,4320.2,4327.7,3548
2026-09-14T15:00:00+05:30,4327.4,4329.3,4323.2,4325.8,1879
2026-09-14T15:06:00+05:30,4326.2,4328,4318.6,4323.6,2397
2026-09-14T15:12:00+05:30,4323.4,4326.6,4318.7,4321.6,1338
2026-09-14T15:18:00+05:30,4321.9,4325.1,4317.6,4324.2,1310
2026-09-14T15:24:00+05:30,4324.1,4328.1,4323.6,4325.2,1205
2026-09-14T15:30:00+05:30,4325,4325.8,4317.9,4323.1,1239
2026-09-14T15:36:00+05:30,4323.3,4327.7,4321.8,4327.6,704
2026-09-14T15:42:00+05:30,4327.4,4329.3,4325.4,4327.2,1105
2026-09-14T15:48:00+05:30,4327.5,4331.5,4325.4,4328.6,1130
2026-09-14T15:54:00+05:30,4328.5,4332.5,4327.7,4330.8,771
2026-09-14T16:00:00+05:30,4331.1,4332.6,4328.9,4332,738
2026-09-14T16:06:00+05:30,4331.9,4334.3,4330.8,4334.2,681
2026-09-14T16:12:00+05:30,4334.3,4334.9,4332,4332.1,747
2026-09-14T16:18:00+05:30,4332.3,4333.2,4330.8,4332.3,456
2026-09-14T16:24:00+05:30,4332.2,4336.6,4329.5,4334.6,1030
2026-09-14T16:30:00+05:30,4334.1,4338.1,4333.1,4335.3,1063
2026-09-14T16:36:00+05:30,4335.3,4336.7,4331.6,4333,1147
2026-09-14T16:42:00+05:30,4332.7,4335.9,4331.1,4334.8,857
2026-09-14T16:48:00+05:30,4334.4,4337.1,4334.1,4336.7,508
2026-09-14T16:54:00+05:30,4336.5,4337.1,4335.8,4336.1,349
2026-09-14T17:00:00+05:30,4336,4337.1,4333.5,4333.8,651
2026-09-14T17:06:00+05:30,4334,4335,4332,4332.6,816
2026-09-14T17:12:00+05:30,4332.7,4334.4,4331.4,4333,667
2026-09-14T17:18:00+05:30,4333,4333.8,4326.4,4327.2,1450
2026-09-14T17:24:00+05:30,4327.4,4328.6,4324.3,4326.9,1446
2026-09-14T17:30:00+05:30,4327,4330.5,4324.9,4327.3,1239
2026-09-14T17:36:00+05:30,4326.7,4336.6,4326.1,4336.1,1464
2026-09-14T17:42:00+05:30,4336.1,4338.4,4331,4335.8,2386
2026-09-14T17:48:00+05:30,4335.1,4335.8,4325.5,4326.6,2135
2026-09-14T17:54:00+05:30,4326.6,4328.4,4323.2,4326.2,1417
2026-09-14T18:00:00+05:30,4326,4330,4320.5,4320.6,2724
2026-09-14T18:06:00+05:30,4320.8,4323.4,4312.5,4321.1,5584
2026-09-14T18:12:00+05:30,4320.9,4327,4318.6,4321.3,2048
2026-09-14T18:18:00+05:30,4321.3,4321.3,4308.7,4308.9,2926
2026-09-14T18:24:00+05:30,4309.1,4312.1,4305.7,4310.8,3104
2026-09-14T18:30:00+05:30,4311,4312.8,4305.4,4308.5,3371
2026-09-14T18:36:00+05:30,4308.5,4310.4,4293.2,4304.8,6087
2026-09-14T18:42:00+05:30,4305.2,4309.6,4301.5,4309.3,2585
2026-09-14T18:48:00+05:30,4309.4,4315.9,4308.7,4314.9,2945
2026-09-14T18:54:00+05:30,4314.9,4317.8,4310.9,4313.8,2491
2026-09-14T19:00:00+05:30,4313.9,4318.8,4310.9,4312.6,3188
2026-09-14T19:06:00+05:30,4312.7,4315,4306.4,4309.8,2490
2026-09-14T19:12:00+05:30,4309.7,4321.3,4307.4,4320.6,3536
2026-09-14T19:18:00+05:30,4320.8,4321.7,4314.6,4316.4,2893
2026-09-14T19:24:00+05:30,4316.6,4316.8,4309.3,4312.5,2635
2026-09-14T19:30:00+05:30,4312.3,4315.8,4303.9,4305.4,3410
2026-09-14T19:36:00+05:30,4305.5,4316.7,4304.6,4314.1,2808
2026-09-14T19:42:00+05:30,4314.2,4323.4,4311.4,4315.7,3912
2026-09-14T19:48:00+05:30,4315.3,4316.8,4305.7,4308,2403
2026-09-14T19:54:00+05:30,4307.9,4310.3,4303.5,4310,2671
2026-09-14T20:00:00+05:30,4310.3,4312,4306,4310.4,1823
2026-09-14T20:06:00+05:30,4310.4,4313.1,4307.4,4310.7,1708
2026-09-14T20:12:00+05:30,4310.9,4319.5,4310.5,4316.9,2287
2026-09-14T20:18:00+05:30,4317.2,4319.7,4314.3,4314.7,1725
2026-09-14T20:24:00+05:30,4314.9,4320.4,4314.3,4319.9,1478
2026-09-14T20:30:00+05:30,4320.5,4325.9,4313,4321,3368
2026-09-14T20:36:00+05:30,4321.3,4327.7,4320.5,4321.2,3681
2026-09-14T20:42:00+05:30,4321.5,4321.6,4315.2,4316,1718
2026-09-14T20:48:00+05:30,4316.3,4317.5,4313.2,4316.6,1292
2026-09-14T20:54:00+05:30,4316.5,4325.6,4315.9,4324.4,1984
2026-09-14T21:00:00+05:30,4324.1,4336.9,4323.4,4334.2,5199
2026-09-14T21:06:00+05:30,4334.2,4339,4330.1,4338.3,3176
2026-09-14T21:12:00+05:30,4338.5,4339.5,4331.4,4332.2,2313
2026-09-14T21:18:00+05:30,4332.2,4333.7,4327,4330.6,2064
2026-09-14T21:24:00+05:30,4330.6,4332.3,4328.8,4329.1,1496
2026-09-14T21:30:00+05:30,4329.3,4331.3,4327.2,4329.1,1120
2026-09-14T21:36:00+05:30,4329.6,4338.5,4329.6,4337.5,1953
2026-09-14T21:42:00+05:30,4337.4,4338.8,4334.8,4337.6,1279
2026-09-14T21:48:00+05:30,4337.6,4345.4,4337.6,4345.2,2516
2026-09-14T21:54:00+05:30,4345,4346.4,4340.6,4340.9,2059
2026-09-14T22:00:00+05:30,4340.9,4346.9,4339.7,4342.2,2008
2026-09-14T22:06:00+05:30,4342.3,4346.5,4341.3,4345.9,988
2026-09-14T22:12:00+05:30,4345.5,4353.8,4344.5,4352.3,2880
2026-09-14T22:18:00+05:30,4352.3,4359,4350.4,4356.7,3991
2026-09-14T22:24:00+05:30,4357,4358.9,4355.2,4356.7,1435
2026-09-14T22:30:00+05:30,4356.6,4357.7,4352.7,4353.6,1656
2026-09-14T22:36:00+05:30,4353.5,4356,4352.7,4353.8,1159
2026-09-14T22:42:00+05:30,4353.8,4356.5,4350.7,4351.9,1341
2026-09-14T22:48:00+05:30,4352.1,4352.7,4349.7,4352.4,1151
2026-09-14T22:54:00+05:30,4352,4354.8,4350.3,4352.3,1349
2026-09-14T23:00:00+05:30,4352.2,4354.2,4348.1,4348.4,1349
2026-09-14T23:06:00+05:30,4348.5,4352.8,4348.5,4350,670
2026-09-14T23:12:00+05:30,4350.6,4351.8,4349,4349.5,501
2026-09-14T23:18:00+05:30,4349.7,4352.7,4348.9,4352.7,810
2026-09-14T23:24:00+05:30,4352.7,4354.4,4350.9,4351.5,798
2026-09-14T23:30:00+05:30,4351.7,4356.6,4348.4,4349,1875
2026-09-14T23:36:00+05:30,4349.1,4353.1,4348.9,4351.6,565
2026-09-14T23:42:00+05:30,4351.5,4353.2,4350.9,4351.8,328
2026-09-14T23:48:00+05:30,4352.2,4352.6,4348.3,4348.5,506
2026-09-14T23:54:00+05:30,4348.5,4350.1,4346.5,4350.1,1045
2026-09-15T00:00:00+05:30,4349.9,4353.6,4348.8,4352.3,760
2026-09-15T00:06:00+05:30,4352.4,4353.4,4350.1,4350.2,476
2026-09-15T00:12:00+05:30,4350.3,4350.7,4347.5,4348.1,763
2026-09-15T00:18:00+05:30,4347.9,4349.1,4344.4,4346,930
2026-09-15T00:24:00+05:30,4346,4348.1,4345.6,4347.7,561
2026-09-15T00:30:00+05:30,4347.8,4348.1,4344.3,4346.6,849
2026-09-15T00:36:00+05:30,4346.6,4346.6,4343.1,4345.6,714
2026-09-15T00:42:00+05:30,4345.6,4347.1,4342.8,4343.2,780
2026-09-15T00:48:00+05:30,4343.2,4344,4336.8,4338.2,1432
2026-09-15T00:54:00+05:30,4338.1,4339.2,4336.6,4337.1,753
2026-09-15T01:00:00+05:30,4337,4338.1,4332.3,4334,1283
2026-09-15T01:06:00+05:30,4334.1,4335.8,4331.2,4331.8,1091
2026-09-15T01:12:00+05:30,4331.7,4333,4330.1,4330.4,990
2026-09-15T01:18:00+05:30,4330.2,4330.2,4325.8,4326.9,1788
2026-09-15T01:24:00+05:30,4327.2,4327.7,4322.8,4323.9,1952
2026-09-15T01:30:00+05:30,4324.1,4327,4322.8,4326.3,1162
2026-09-15T01:36:00+05:30,4326.6,4329.3,4325.4,4328.5,824
2026-09-15T01:42:00+05:30,4328.7,4331.3,4327.9,4331.1,697
2026-09-15T01:48:00+05:30,4331,4336.9,4330.8,4336.2,1129
2026-09-15T01:54:00+05:30,4336.2,4339.2,4335.9,4337.6,813
2026-09-15T02:00:00+05:30,4337.6,4340.5,4337.4,4338.2,790
2026-09-15T02:06:00+05:30,4338.1,4338.2,4334.9,4336.2,791
2026-09-15T02:12:00+05:30,4336.5,4336.9,4335.4,4336.6,293
2026-09-15T02:18:00+05:30,4336.6,4338.7,4336.6,4338.3,317
2026-09-15T02:24:00+05:30,4338.2,4340.6,4337.9,4340.1,451
2026-09-15T03:30:00+05:30,4340.3,4344,4338.9,4339.3,631
2026-09-15T03:36:00+05:30,4339.2,4339.4,4336.8,4337.7,529
2026-09-15T03:42:00+05:30,4337.6,4338.4,4336.8,4337.9,310
2026-09-15T03:48:00+05:30,4337.8,4338.7,4336,4337.7,732
2026-09-15T03:54:00+05:30,4337.7,4337.7,4332.9,4336.2,716
2026-09-15T04:00:00+05:30,4336.1,4338.4,4335.9,4337.4,457
2026-09-15T04:06:00+05:30,4337.5,4339.3,4333.8,4336.7,822
2026-09-15T04:12:00+05:30,4337,4338.4,4334.3,4335.6,872
2026-09-15T04:18:00+05:30,4335.8,4339,4334.5,4336.6,666
2026-09-15T04:24:00+05:30,4336.4,4337.8,4333.7,4335.5,775
2026-09-15T04:30:00+05:30,4335.8,4338.1,4333.6,4335.2,639
2026-09-15T04:36:00+05:30,4335.1,4335.6,4331.4,4332.3,944
2026-09-15T04:42:00+05:30,4332.3,4334.7,4330.8,4331.1,781
2026-09-15T04:48:00+05:30,4331.4,4331.9,4327.4,4330.8,1241
2026-09-15T04:54:00+05:30,4330.6,4331.4,4327.6,4330.4,872
2026-09-15T05:00:00+05:30,4330.3,4332.2,4328,4330.9,1098
2026-09-15T05:06:00+05:30,4330.9,4332.3,4328.7,4329.4,880
2026-09-15T05:12:00+05:30,4329.5,4330.4,4327.7,4329.1,440
2026-09-15T05:18:00+05:30,4328.8,4329.6,4327.7,4328.2,287
2026-09-15T05:24:00+05:30,4328.3,4329.5,4327.3,4329,417
2026-09-15T05:30:00+05:30,4328.6,4329.8,4324,4325.7,1079
2026-09-15T05:36:00+05:30,4325.7,4329.2,4324.5,4325.2,978
2026-09-15T05:42:00+05:30,4324.8,4330.5,4324.5,4329,957
2026-09-15T05:48:00+05:30,4328.7,4329,4324.1,4326.1,790
2026-09-15T05:54:00+05:30,4326.3,4330.8,4326.3,4328.8,1066
2026-09-15T06:00:00+05:30,4328.7,4329.8,4323.7,4325,922
2026-09-15T06:06:00+05:30,4325.2,4333.6,4325.2,4331.9,1293
2026-09-15T06:12:00+05:30,4331.8,4335.1,4331.7,4333,1264
2026-09-15T06:18:00+05:30,4333.3,4337.4,4332.8,4336.4,1246
2026-09-15T06:24:00+05:30,4336.1,4336.2,4333,4333.4,1060
2026-09-15T06:30:00+05:30,4333.7,4339.2,4328.2,4337,3433
2026-09-15T06:36:00+05:30,4337.1,4339.1,4333.3,4337.4,1837
2026-09-15T06:42:00+05:30,4337.9,4342.7,4336.3,4341.5,1680
2026-09-15T06:48:00+05:30,4341.7,4346.1,4340.7,4342.1,1960
2026-09-15T06:54:00+05:30,4342.4,4343.7,4340,4341.9,1131
2026-09-15T07:00:00+05:30,4342,4347,4340.3,4340.6,1740
2026-09-15T07:06:00+05:30,4340.5,4342,4335.6,4336.4,2197
2026-09-15T07:12:00+05:30,4336.2,4340.9,4334.9,4339.9,1425
2026-09-15T07:18:00+05:30,4339.9,4341.8,4333.7,4338.3,1546
2026-09-15T07:24:00+05:30,4338.5,4345,4337.8,4344.2,1191
2026-09-15T07:30:00+05:30,4344.6,4351.9,4344.4,4346.2,2823
2026-09-15T07:36:00+05:30,4346.2,4349.1,4345.2,4345.2,1243
2026-09-15T07:42:00+05:30,4345.2,4348.1,4345.2,4346,513
2026-09-15T07:48:00+05:30,4346,4349,4345.7,4348.2,563
2026-09-15T07:54:00+05:30,4348.4,4350.6,4348,4350.5,608
2026-09-15T08:00:00+05:30,4350.7,4353,4347.5,4352,1595
2026-09-15T08:06:00+05:30,4351.8,4357.8,4349.6,4355,1871
2026-09-15T08:12:00+05:30,4355,4356,4351.6,4354.1,1332
2026-09-15T08:18:00+05:30,4353.9,4358.2,4352.7,4354.1,1183
2026-09-15T08:24:00+05:30,4353.9,4355.5,4352.1,4354.6,764
2026-09-15T08:30:00+05:30,4354.8,4355.2,4350.4,4353.3,1006
2026-09-15T08:36:00+05:30,4353.1,4354.9,4351.7,4352.1,460
2026-09-15T08:42:00+05:30,4352.7,4353,4350,4351.5,776
2026-09-15T08:48:00+05:30,4351.6,4355,4351.6,4353.8,774
2026-09-15T08:54:00+05:30,4353.7,4354.4,4350.3,4351.3,669
2026-09-15T09:00:00+05:30,4351.5,4354.2,4351.4,4353.5,496
2026-09-15T09:06:00+05:30,4353.5,4354.1,4349.3,4349.8,1525
2026-09-15T09:12:00+05:30,4349.6,4350.8,4348.5,4349.3,609
2026-09-15T09:18:00+05:30,4349.1,4349.3,4344.3,4345,1291
2026-09-15T09:24:00+05:30,4344.7,4345.8,4343.7,4344,769
2026-09-15T09:30:00+05:30,4344.2,4345.1,4342.8,4344.9,769
2026-09-15T09:36:00+05:30,4344.9,4347.6,4343.4,4345.3,1120
2026-09-15T09:42:00+05:30,4345.2,4350.6,4345.1,4346.7,1012
2026-09-15T09:48:00+05:30,4346.6,4346.6,4343.3,4343.7,640
2026-09-15T09:54:00+05:30,4343.6,4344.7,4343,4344.1,396
2026-09-15T10:00:00+05:30,4344.1,4344.9,4342.5,4343.8,405
2026-09-15T10:06:00+05:30,4343.3,4346.7,4341.1,4346.6,1187
2026-09-15T10:12:00+05:30,4346.5,4346.6,4344.2,4346.3,483
2026-09-15T10:18:00+05:30,4346.2,4347.7,4344.4,4344.8,625
2026-09-15T10:24:00+05:30,4344.8,4348.3,4344.4,4345.1,682
2026-09-15T10:30:00+05:30,4344.8,4347.9,4342.6,4342.9,617
2026-09-15T10:36:00+05:30,4343,4343.6,4340.6,4341,831
2026-09-15T10:42:00+05:30,4340.8,4342.1,4338.6,4338.8,989
2026-09-15T10:48:00+05:30,4339,4341.3,4337,4337.8,794
2026-09-15T10:54:00+05:30,4337.9,4338.5,4336.3,4337.3,648
2026-09-15T11:00:00+05:30,4337,4340.3,4329.2,4333.5,2865
2026-09-15T11:06:00+05:30,4333.5,4337,4332,4336,1036
2026-09-15T11:12:00+05:30,4336.3,4340.2,4334.2,4336.9,859
2026-09-15T11:18:00+05:30,4337.2,4339.2,4334.3,4336.2,773
2026-09-15T11:24:00+05:30,4336.4,4336.7,4331,4331.3,1115
2026-09-15T11:30:00+05:30,4331.2,4334.6,4328,4328.6,1254
2026-09-15T11:36:00+05:30,4328.6,4331.6,4325.9,4326.3,1773
2026-09-15T11:42:00+05:30,4326.4,4332.7,4326.4,4332.3,1067
2026-09-15T11:48:00+05:30,4332.3,4332.6,4328.6,4330.1,668
2026-09-15T11:54:00+05:30,4329.9,4331,4327.2,4329.9,597
2026-09-15T12:00:00+05:30,4329.5,4329.7,4326,4328.2,671
2026-09-15T12:06:00+05:30,4328.1,4331.3,4327.3,4330.1,536
2026-09-15T12:12:00+05:30,4330.1,4335.8,4328.4,4331.9,1529
2026-09-15T12:18:00+05:30,4331.8,4334.2,4331.2,4333.1,778
2026-09-15T12:24:00+05:30,4332.9,4335.6,4332.1,4333.5,894
2026-09-15T12:30:00+05:30,4333.4,4335.9,4329.6,4329.6,1426
2026-09-15T12:36:00+05:30,4329.5,4332.2,4327.5,4328.3,676
2026-09-15T12:42:00+05:30,4328.2,4332,4326.9,4330.9,713
2026-09-15T12:48:00+05:30,4330.7,4333,4328,4328.8,672
2026-09-15T12:54:00+05:30,4328.7,4332.7,4327.7,4332.2,848
2026-09-15T13:00:00+05:30,4332.5,4333.4,4327.5,4329.3,555
2026-09-15T13:06:00+05:30,4329.3,4329.3,4321.3,4322.6,1663
2026-09-15T13:12:00+05:30,4322.5,4330.7,4320.7,4327,1950
2026-09-15T13:18:00+05:30,4327,4327.2,4316.8,4317.9,1355
2026-09-15T13:24:00+05:30,4317.8,4321,4316.4,4320.8,1160
2026-09-15T13:30:00+05:30,4320.8,4321,4305.9,4308.7,3039
2026-09-15T13:36:00+05:30,4308.5,4308.7,4303.8,4305.1,1835
2026-09-15T13:42:00+05:30,4305,4313.6,4304.4,4311.2,1714
2026-09-15T13:48:00+05:30,4311.5,4315.6,4311.5,4312.9,858
2026-09-15T13:54:00+05:30,4312.7,4316.2,4311.5,4313.4,1072
2026-09-15T14:00:00+05:30,4313.8,4315.4,4312.1,4315.2,664
2026-09-15T14:06:00+05:30,4314.7,4315.4,4309.2,4309.9,873
2026-09-15T14:12:00+05:30,4310.1,4310.9,4307.5,4309.4,620
2026-09-15T14:18:00+05:30,4309.2,4309.2,4306.4,4307.4,569
2026-09-15T14:24:00+05:30,4307.2,4309.2,4301.7,4303.1,1323
2026-09-15T14:30:00+05:30,4303.1,4308,4302,4307.2,1240
2026-09-15T14:36:00+05:30,4307,4307.4,4303.8,4305.9,853
2026-09-15T14:42:00+05:30,4306.1,4308.4,4303.5,4303.8,1097
2026-09-15T14:48:00+05:30,4303.7,4307,4301.4,4304.5,1090
2026-09-15T14:54:00+05:30,4304.5,4309.8,4302.6,4306.9,1068
2026-09-15T15:00:00+05:30,4306.8,4307.9,4304.7,4307.6,781
2026-09-15T15:06:00+05:30,4307,4311.3,4305.1,4310.7,798
2026-09-15T15:12:00+05:30,4310.6,4312.4,4308.4,4310,930
2026-09-15T15:18:00+05:30,4310.3,4312.9,4308.5,4308.8,825
2026-09-15T15:24:00+05:30,4308.9,4311,4308.1,4308.6,423
2026-09-15T15:30:00+05:30,4308.8,4313.8,4308.6,4313.2,905
2026-09-15T15:36:00+05:30,4313.3,4318.5,4313.2,4314.3,1647
2026-09-15T15:42:00+05:30,4314.2,4314.4,4309.9,4310.6,841
2026-09-15T15:48:00+05:30,4310.7,4315.2,4310.5,4314.4,523
2026-09-15T15:54:00+05:30,4314.4,4314.9,4313.1,4314.6,409
2026-09-15T16:00:00+05:30,4314.5,4316.3,4313.7,4314.8,470
2026-09-15T16:06:00+05:30,4315,4316.5,4313.5,4314.8,435
2026-09-15T16:12:00+05:30,4314.9,4317.4,4314.7,4315.2,765
2026-09-15T16:18:00+05:30,4315.2,4321.9,4314.1,4321.7,1281
2026-09-15T16:24:00+05:30,4322,4324,4321,4321.4,1197
2026-09-15T16:30:00+05:30,4321.4,4322.3,4318.9,4319.7,772
2026-09-15T16:36:00+05:30,4319.7,4323.5,4318.7,4322.4,827
2026-09-15T16:42:00+05:30,4322.3,4325.7,4321.7,4325.7,887
2026-09-15T16:48:00+05:30,4325.6,4325.6,4322.6,4324,746
2026-09-15T16:54:00+05:30,4324,4324.6,4322.3,4323.4,460
2026-09-15T17:00:00+05:30,4323.1,4325,4321.2,4324.6,615
2026-09-15T17:06:00+05:30,4324.3,4324.4,4319.9,4320.7,749
2026-09-15T17:12:00+05:30,4320.9,4325.3,4320.8,4324.3,644
2026-09-15T17:18:00+05:30,4324.2,4324.9,4322.6,4322.7,439
2026-09-15T17:24:00+05:30,4322.9,4326.7,4322,4324.5,769
2026-09-15T17:30:00+05:30,4324.2,4324.8,4320.8,4322.9,1054
2026-09-15T17:36:00+05:30,4322.8,4323.2,4315.6,4317.5,1738
2026-09-15T17:42:00+05:30,4317.6,4319.1,4313.3,4313.8,1391
2026-09-15T17:48:00+05:30,4314,4315.2,4310.9,4311.9,1662
2026-09-15T17:54:00+05:30,4311.8,4318,4311.6,4317.7,1312
2026-09-15T18:00:00+05:30,4317.3,4326,4314.4,4324.4,2652
2026-09-15T18:06:00+05:30,4324.4,4325.1,4317.7,4319.6,1784
2026-09-15T18:12:00+05:30,4319,4324.3,4318.9,4323.2,1610
2026-09-15T18:18:00+05:30,4323.3,4331.8,4322.4,4331.8,3528
2026-09-15T18:24:00+05:30,4331.7,4335.9,4325.2,4330.2,4142
2026-09-15T18:30:00+05:30,4330,4334.6,4328.6,4328.6,2433
2026-09-15T18:36:00+05:30,4328.9,4329.7,4323.7,4327.3,2456
2026-09-15T18:42:00+05:30,4327.4,4330.2,4325.6,4329.5,1112
2026-09-15T18:48:00+05:30,4329.6,4330,4322.7,4328.9,1869
2026-09-15T18:54:00+05:30,4329.1,4333.2,4326.6,4327.5,1841
2026-09-15T19:00:00+05:30,4327.4,4331.9,4324.1,4330,2863
2026-09-15T19:06:00+05:30,4330,4334.3,4325.7,4328.6,2043
2026-09-15T19:12:00+05:30,4328.9,4335.1,4324.8,4332.4,1950
2026-09-15T19:18:00+05:30,4331.9,4337.8,4330.9,4335.9,2572
2026-09-15T19:24:00+05:30,4335.7,4338.5,4334,4334.6,1769
2026-09-15T19:30:00+05:30,4334.7,4339.2,4333.4,4335.6,2657
2026-09-15T19:36:00+05:30,4335.7,4340.9,4335,4335.9,2398
2026-09-15T19:42:00+05:30,4335.7,4336.2,4330.5,4331.5,2156
2026-09-15T19:48:00+05:30,4331.4,4335.3,4325.8,4326.9,2721
2026-09-15T19:54:00+05:30,4326.8,4330,4321.5,4324.4,2456
2026-09-15T20:00:00+05:30,4324.3,4326.3,4319.4,4323.9,3102
2026-09-15T20:06:00+05:30,4323.9,4323.9,4315.6,4317.2,2756
2026-09-15T20:12:00+05:30,4317,4323,4316.9,4321.1,1711
2026-09-15T20:18:00+05:30,4321.1,4321.2,4313.1,4317.8,3527
2026-09-15T20:24:00+05:30,4317.7,4320.9,4314.4,4316.7,2037
2026-09-15T20:30:00+05:30,4316.9,4323.9,4316.2,4321.9,1759
2026-09-15T20:36:00+05:30,4322.1,4326.2,4320.6,4325.4,1356
2026-09-15T20:42:00+05:30,4325.7,4327.9,4322.2,4326.6,1693
2026-09-15T20:48:00+05:30,4326.6,4327.5,4322.3,4323.1,1241
2026-09-15T20:54:00+05:30,4322.9,4326.5,4322.8,4324,961
2026-09-15T21:00:00+05:30,4324.5,4326.2,4321.1,4325.1,1569
2026-09-15T21:06:00+05:30,4325.1,4331,4325,4329.1,1857
2026-09-15T21:12:00+05:30,4329,4329.2,4325.6,4325.6,924
2026-09-15T21:18:00+05:30,4326.1,4333.1,4325.1,4331.2,2357
2026-09-15T21:24:00+05:30,4331.9,4335.3,4328,4329.4,1702
2026-09-15T21:30:00+05:30,4329.5,4331.9,4327.9,4330.3,903
2026-09-15T21:36:00+05:30,4330.2,4331.3,4329,4329.3,627
2026-09-15T21:42:00+05:30,4329.3,4329.5,4325.4,4328,1172
2026-09-15T21:48:00+05:30,4327.7,4336.1,4326.9,4335,1736
2026-09-15T21:54:00+05:30,4334.9,4337.4,4334.7,4335.9,1302
2026-09-15T22:00:00+05:30,4335.8,4338.2,4331.7,4332.1,1277
2026-09-15T22:06:00+05:30,4332.2,4336.2,4332,4334.2,1324
2026-09-15T22:12:00+05:30,4334.4,4337.9,4333.6,4336.1,727
2026-09-15T22:18:00+05:30,4336.1,4338.6,4335.2,4338.1,756
2026-09-15T22:24:00+05:30,4337.9,4338.6,4335.1,4335.6,835
2026-09-15T22:30:00+05:30,4335.7,4336.9,4330.5,4331.6,1609
2026-09-15T22:36:00+05:30,4331.4,4336.3,4330.8,4334.5,904
2026-09-15T22:42:00+05:30,4334.6,4340,4334.1,4336.3,1726
2026-09-15T22:48:00+05:30,4336,4337,4332.4,4334.2,904
2026-09-15T22:54:00+05:30,4334.3,4335.8,4331.9,4333.6,1141
2026-09-15T23:00:00+05:30,4333.6,4339.2,4333.4,4338.3,1251
2026-09-15T23:06:00+05:30,4338.2,4339.7,4332.6,4333.4,1281
2026-09-15T23:12:00+05:30,4333.3,4336.1,4332.7,4335.8,568
2026-09-15T23:18:00+05:30,4335.8,4336.9,4334.8,4335.5,451
2026-09-15T23:24:00+05:30,4335.4,4336.3,4334.3,4335.5,588
2026-09-15T23:30:00+05:30,4335.5,4336.7,4332.9,4336.5,798
2026-09-15T23:36:00+05:30,4336.3,4340,4336.2,4339.4,1021
2026-09-15T23:42:00+05:30,4339.5,4347.2,4339.5,4346.5,2971
2026-09-15T23:48:00+05:30,4346.2,4346.9,4343.3,4345.2,1096
2026-09-15T23:54:00+05:30,4345.1,4346.7,4343.5,4345.1,752
2026-09-16T00:00:00+05:30,4344.8,4345,4341.9,4343.5,743
2026-09-16T00:06:00+05:30,4343.5,4348.5,4341.8,4348.3,1197
2026-09-16T00:12:00+05:30,4348.3,4348.9,4344.2,4347.7,839
2026-09-16T00:18:00+05:30,4347.9,4350.6,4345.7,4348.6,1257
2026-09-16T00:24:00+05:30,4348.5,4349.1,4346.5,4348.5,714
2026-09-16T00:30:00+05:30,4348.7,4351,4342.9,4343.3,1307
2026-09-16T00:36:00+05:30,4343.2,4345.6,4342,4343.6,1350
2026-09-16T00:42:00+05:30,4343.5,4343.6,4338.9,4341.4,1214
2026-09-16T00:48:00+05:30,4341.2,4341.9,4337.7,4341,869
2026-09-16T00:54:00+05:30,4341,4341.5,4339.8,4340.7,419
2026-09-16T01:00:00+05:30,4340.6,4342.2,4338.3,4339,714
2026-09-16T01:06:00+05:30,4339,4339.6,4337,4337.6,625
2026-09-16T01:12:00+05:30,4337.8,4338.3,4335.7,4337.6,626
2026-09-16T01:18:00+05:30,4337.7,4339.8,4335.1,4335.8,976
2026-09-16T01:24:00+05:30,4335.8,4337.8,4333.7,4337.5,1206
2026-09-16T01:30:00+05:30,4337.3,4339.2,4335.4,4336.7,820
2026-09-16T01:36:00+05:30,4336.5,4338.4,4336.3,4336.9,666
2026-09-16T01:42:00+05:30,4336.9,4336.9,4335.1,4335.5,306
2026-09-16T01:48:00+05:30,4335.7,4336.7,4334.4,4335.1,291
2026-09-16T01:54:00+05:30,4335,4335.2,4333.8,4334.2,415
2026-09-16T02:00:00+05:30,4334.4,4336,4331.2,4332.2,892
2026-09-16T02:06:00+05:30,4332.2,4333.1,4331.5,4332.6,316
2026-09-16T02:12:00+05:30,4332.7,4333.5,4332.3,4332.6,388
2026-09-16T02:18:00+05:30,4332.8,4334.4,4331.8,4333,485
2026-09-16T02:24:00+05:30,4332.8,4334.3,4332.1,4333.3,263
2026-09-16T03:30:00+05:30,4333.5,4337,4332.5,4335,766
2026-09-16T03:36:00+05:30,4334.8,4335.5,4334.3,4334.8,282
2026-09-16T03:42:00+05:30,4335.2,4335.2,4331.7,4331.8,669
2026-09-16T03:48:00+05:30,4331.9,4334.1,4331,4333.9,484
2026-09-16T03:54:00+05:30,4333.8,4339.2,4332.9,4339,1529
2026-09-16T04:00:00+05:30,4339.1,4339.7,4335.4,4337.8,648
2026-09-16T04:06:00+05:30,4337.9,4338.7,4336,4337,429
2026-09-16T04:12:00+05:30,4336.9,4337,4334.9,4335.1,475
2026-09-16T04:18:00+05:30,4335,4335.4,4333.1,4334.1,481
2026-09-16T04:24:00+05:30,4334.2,4334.5,4328.9,4329.4,1674
2026-09-16T04:30:00+05:30,4329.3,4329.7,4324.8,4326.8,1622
2026-09-16T04:36:00+05:30,4327.1,4328.4,4325.3,4327.8,739
2026-09-16T04:42:00+05:30,4327.7,4328.8,4325.5,4326.8,842
2026-09-16T04:48:00+05:30,4326.8,4327.5,4326.5,4327,227
2026-09-16T04:54:00+05:30,4326.8,4327.3,4321.5,4324.6,1664
2026-09-16T05:00:00+05:30,4324.2,4328.1,4322.9,4327.6,1487
2026-09-16T05:06:00+05:30,4327.5,4327.7,4323.2,4325,922
2026-09-16T05:12:00+05:30,4324.7,4327,4324.2,4327,496
2026-09-16T05:18:00+05:30,4326.9,4327.2,4323.5,4324,620
2026-09-16T05:24:00+05:30,4324,4324.9,4320,4323.8,1444
2026-09-16T05:30:00+05:30,4323.9,4324.3,4320.7,4321.8,747
2026-09-16T05:36:00+05:30,4322.3,4325,4320.4,4322.1,930
2026-09-16T05:42:00+05:30,4322,4324.6,4321.9,4323.7,577
2026-09-16T05:48:00+05:30,4323.8,4326.6,4323.1,4325.2,1143
2026-09-16T05:54:00+05:30,4325,4325.7,4323.3,4324.5,450
2026-09-16T06:00:00+05:30,4324.5,4325.2,4318.3,4320.1,1346
2026-09-16T06:06:00+05:30,4320.1,4325.3,4319.6,4325.2,865
2026-09-16T06:12:00+05:30,4325.3,4325.9,4322.3,4322.9,844
2026-09-16T06:18:00+05:30,4322.6,4324.6,4319.1,4319.4,1122
2026-09-16T06:24:00+05:30,4319.3,4319.5,4315.1,4317.1,2279
2026-09-16T06:30:00+05:30,4317.1,4324.9,4316.1,4319.6,3103
2026-09-16T06:36:00+05:30,4319.6,4322.8,4317.5,4322.5,1055
2026-09-16T06:42:00+05:30,4322.6,4330,4321.9,4325.7,2797
2026-09-16T06:48:00+05:30,4325.5,4330.6,4324.1,4330,1722
2026-09-16T06:54:00+05:30,4330.1,4333.5,4328.7,4330.2,1775
2026-09-16T07:00:00+05:30,4330.1,4331.2,4327.2,4327.3,1148
2026-09-16T07:06:00+05:30,4327.3,4330.3,4325,4329.9,1369
2026-09-16T07:12:00+05:30,4330,4330,4325.2,4326.5,787
2026-09-16T07:18:00+05:30,4326.8,4328.6,4323.2,4326.7,1529
2026-09-16T07:24:00+05:30,4326.6,4326.6,4319.5,4321.8,1448
2026-09-16T07:30:00+05:30,4321.8,4327.7,4321.1,4325.8,1090
2026-09-16T07:36:00+05:30,4325.6,4333.4,4323.8,4333.3,1682
2026-09-16T07:42:00+05:30,4333.2,4334.7,4329.5,4331.4,1855
2026-09-16T07:48:00+05:30,4331.4,4334.7,4330.2,4333.6,1086
2026-09-16T07:54:00+05:30,4333.7,4340.8,4333.4,4338.9,1972
2026-09-16T08:00:00+05:30,4338.9,4353.8,4338.4,4353.5,5129
2026-09-16T08:06:00+05:30,4353.7,4356.8,4349.6,4352.6,2759
2026-09-16T08:12:00+05:30,4352.4,4356.2,4350.6,4353.6,1708
2026-09-16T08:18:00+05:30,4354.2,4358.6,4353.9,4355,2052
2026-09-16T08:24:00+05:30,4354.9,4363.9,4353.9,4362.1,3103
2026-09-16T08:30:00+05:30,4362.2,4371.3,4361.7,4369.3,3413
2026-09-16T08:36:00+05:30,4369.5,4372,4366.2,4370.7,2575
2026-09-16T08:42:00+05:30,4370.9,4380.6,4370.9,4379.3,3700
2026-09-16T08:48:00+05:30,4379.1,4382,4376.2,4379,2114
2026-09-16T08:54:00+05:30,4379,4379.3,4372.5,4372.6,2235
2026-09-16T09:00:00+05:30,4372.6,4373.5,4368.9,4369.1,1980
2026-09-16T09:06:00+05:30,4369.2,4370.5,4366.9,4368.1,1445
2026-09-16T09:12:00+05:30,4368.3,4369.1,4366.5,4368,1044
2026-09-16T09:18:00+05:30,4367.6,4368,4362.7,4366.7,1692
2026-09-16T09:24:00+05:30,4366.5,4368.4,4365.9,4367.6,799
2026-09-16T09:30:00+05:30,4368,4369.5,4366.3,4367.3,733
2026-09-16T09:36:00+05:30,4367.4,4368.5,4366.4,4368.3,477
2026-09-16T09:42:00+05:30,4368.5,4368.8,4366.2,4366.2,445
2026-09-16T09:48:00+05:30,4366,4369.3,4364,4368.1,1016
2026-09-16T09:54:00+05:30,4368.4,4368.7,4365.9,4366.7,386
2026-09-16T10:00:00+05:30,4366.3,4369.1,4365.6,4366,571
2026-09-16T10:06:00+05:30,4366.1,4367,4365.3,4366.2,289
2026-09-16T10:12:00+05:30,4365.8,4366.2,4363,4363.5,621
2026-09-16T10:18:00+05:30,4363.4,4363.8,4361.2,4362.5,636
2026-09-16T10:24:00+05:30,4362.6,4363.3,4361.5,4362.6,372
2026-09-16T10:30:00+05:30,4362.7,4364.3,4361.5,4364.1,604
2026-09-16T10:36:00+05:30,4364,4365.4,4361.7,4363.2,985
2026-09-16T10:42:00+05:30,4362.3,4365.3,4361.8,4364.4,607
2026-09-16T10:48:00+05:30,4364.5,4367,4364.4,4364.8,706
2026-09-16T10:54:00+05:30,4364.7,4367.8,4363.8,4365.4,792
2026-09-16T11:00:00+05:30,4365.7,4370,4364.9,4369.7,1471
2026-09-16T11:06:00+05:30,4369.6,4371.4,4367.2,4369.7,899
2026-09-16T11:12:00+05:30,4369.5,4374.2,4368.5,4370.7,1007
2026-09-16T11:18:00+05:30,4370.9,4372.6,4368.3,4370,861
2026-09-16T11:24:00+05:30,4370.1,4371.4,4366.6,4366.8,662
2026-09-16T11:30:00+05:30,4366.8,4372.3,4362.2,4363.2,1899
2026-09-16T11:36:00+05:30,4363.3,4366.4,4361.7,4365.9,867
2026-09-16T11:42:00+05:30,4366,4367.7,4364.9,4365.6,735
2026-09-16T11:48:00+05:30,4365.4,4370.3,4365.1,4368.4,888
2026-09-16T11:54:00+05:30,4368.4,4368.7,4365.6,4367.1,469
2026-09-16T12:00:00+05:30,4367.1,4367.6,4364,4365.4,662
2026-09-16T12:06:00+05:30,4365.6,4367,4364.4,4365.9,354
2026-09-16T12:12:00+05:30,4365.9,4368.5,4364.5,4366.3,549
2026-09-16T12:18:00+05:30,4366.1,4371.1,4365.4,4368.3,693
2026-09-16T12:24:00+05:30,4368.3,4373.4,4367.3,4373,735
2026-09-16T12:30:00+05:30,4372.7,4376.2,4372,4372.9,1060
2026-09-16T12:36:00+05:30,4373.1,4374.5,4370,4372.3,801
2026-09-16T12:42:00+05:30,4372.3,4377.8,4371.7,4377.3,871
2026-09-16T12:48:00+05:30,4377.2,4377.8,4372,4375.4,705
2026-09-16T12:54:00+05:30,4375.2,4376.4,4372.8,4375.9,384
2026-09-16T13:00:00+05:30,4375.9,4377.7,4373.8,4377.7,533
2026-09-16T13:06:00+05:30,4377.3,4379.5,4376.1,4376.4,869
2026-09-16T13:12:00+05:30,4376.5,4377.8,4374.4,4375.3,637
2026-09-16T13:18:00+05:30,4375.4,4375.4,4369.1,4369.8,1094
2026-09-16T13:24:00+05:30,4369.8,4370.5,4368.1,4369,720
2026-09-16T13:30:00+05:30,4369.1,4369.4,4364.4,4365.4,1516
2026-09-16T13:36:00+05:30,4365.1,4365.8,4362.5,4365.4,792
2026-09-16T13:42:00+05:30,4365.7,4371.6,4364.4,4371.6,1124
2026-09-16T13:48:00+05:30,4371.6,4377.7,4369.4,4374.9,2521
2026-09-16T13:54:00+05:30,4374.8,4375.6,4373,4374.3,580
2026-09-16T14:00:00+05:30,4374.5,4374.6,4366.1,4368,980
2026-09-16T14:06:00+05:30,4368,4368.3,4363.9,4365.3,721
2026-09-16T14:12:00+05:30,4365,4369.4,4364.6,4367.4,607
2026-09-16T14:18:00+05:30,4367.6,4370.2,4365.3,4369.8,768
2026-09-16T14:24:00+05:30,4369.7,4372.2,4369.5,4371.1,536
2026-09-16T14:30:00+05:30,4371.2,4373.4,4370.4,4371.3,568
2026-09-16T14:36:00+05:30,4371.4,4373.5,4370.6,4372.7,394
2026-09-16T14:42:00+05:30,4372.8,4375,4371.7,4372.4,605
2026-09-16T14:48:00+05:30,4372.2,4372.2,4368.7,4368.9,712
2026-09-16T14:54:00+05:30,4368.9,4374.6,4368.1,4370.3,1213
2026-09-16T15:00:00+05:30,4370.4,4376.7,4370.3,4376.3,880
2026-09-16T15:06:00+05:30,4376.6,4377.1,4373.7,4375.3,656
2026-09-16T15:12:00+05:30,4375.5,4378.3,4372.1,4373.1,677
2026-09-16T15:18:00+05:30,4372.9,4376.7,4372.3,4376.4,468
2026-09-16T15:24:00+05:30,4376.3,4380.3,4375.6,4379.2,794
2026-09-16T15:30:00+05:30,4379.3,4383.6,4379.1,4380.2,1553
2026-09-16T15:36:00+05:30,4379.9,4390.3,4378.5,4388.3,2373
2026-09-16T15:42:00+05:30,4388.6,4390,4382.7,4382.9,1495
2026-09-16T15:48:00+05:30,4383,4387.4,4382.9,4383.5,764
2026-09-16T15:54:00+05:30,4383.7,4390,4381.8,4389.4,1543
2026-09-16T16:00:00+05:30,4389.4,4389.9,4386.9,4388.3,605
2026-09-16T16:06:00+05:30,4388.3,4390.8,4387.8,4389.5,607
2026-09-16T16:12:00+05:30,4389.2,4390.8,4388.7,4390,530
2026-09-16T16:18:00+05:30,4390,4390.2,4387.5,4387.7,880
2026-09-16T16:24:00+05:30,4387.8,4393.2,4386.5,4392.3,1082
2026-09-16T16:30:00+05:30,4392.1,4394.5,4389.5,4390.8,1874
2026-09-16T16:36:00+05:30,4390.8,4392.5,4389.5,4391.6,746
2026-09-16T16:42:00+05:30,4391.4,4391.8,4387.5,4389,744
2026-09-16T16:48:00+05:30,4389,4389.5,4387.2,4389.4,685
2026-09-16T16:54:00+05:30,4389.5,4394.8,4389,4391.7,1090
2026-09-16T17:00:00+05:30,4391.8,4392.5,4389.7,4390.9,602
2026-09-16T17:06:00+05:30,4391.2,4394.5,4388.1,4390.1,1316
2026-09-16T17:12:00+05:30,4390,4392.2,4389.2,4390.3,499
2026-09-16T17:18:00+05:30,4390.2,4391.3,4386.4,4387.7,876
2026-09-16T17:24:00+05:30,4387.7,4389.6,4382.7,4382.7,1410
2026-09-16T17:30:00+05:30,4382.9,4385.2,4381.5,4384.6,1343
2026-09-16T17:36:00+05:30,4384.6,4389.2,4384.5,4386.9,1567
2026-09-16T17:42:00+05:30,4387,4387.7,4383,4384.3,1011
2026-09-16T17:48:00+05:30,4384.2,4385,4379.2,4380.3,1846
2026-09-16T17:54:00+05:30,4380.3,4382.3,4378.5,4381.5,993
2026-09-16T18:00:00+05:30,4380.9,4384.3,4375.2,4383.1,2190
2026-09-16T18:06:00+05:30,4383.4,4385.6,4379.6,4384.3,1251
2026-09-16T18:12:00+05:30,4384.1,4386.2,4383.4,4384.5,1106
2026-09-16T18:18:00+05:30,4384.3,4389,4383.6,4387.2,1854
2026-09-16T18:24:00+05:30,4386.9,4390.2,4385.3,4388.4,1490
2026-09-16T18:30:00+05:30,4388.5,4391.4,4385.3,4386.5,2072
2026-09-16T18:36:00+05:30,4385.9,4392.7,4384.8,4391.2,1916
2026-09-16T18:42:00+05:30,4391.2,4401.8,4391.1,4395.8,4844
2026-09-16T18:48:00+05:30,4395.9,4397.3,4390.3,4394.4,2629
2026-09-16T18:54:00+05:30,4394.5,4396.7,4392.7,4393.3,1193
2026-09-16T19:00:00+05:30,4393,4395.5,4389,4390.4,2709
2026-09-16T19:06:00+05:30,4390.6,4391.5,4384.8,4386.6,2695
2026-09-16T19:12:00+05:30,4386.6,4387.3,4381.4,4386.1,3398
2026-09-16T19:18:00+05:30,4385.9,4386.5,4378.7,4380.1,2381
2026-09-16T19:24:00+05:30,4380.2,4380.7,4376.2,4380.1,2403
2026-09-16T19:30:00+05:30,4379.9,4380.7,4367.3,4367.9,5061
2026-09-16T19:36:00+05:30,4367.8,4377.7,4365,4377,4856
2026-09-16T19:42:00+05:30,4377,4383,4376.6,4377.6,3321
2026-09-16T19:48:00+05:30,4377.4,4378.3,4372.3,4374.7,2271
2026-09-16T19:54:00+05:30,4374.6,4380,4373.5,4379.9,1656
2026-09-16T20:00:00+05:30,4379.7,4381.1,4376,4379.4,1819
2026-09-16T20:06:00+05:30,4379.4,4385.8,4378.8,4383.1,2419
2026-09-16T20:12:00+05:30,4383.3,4390.6,4382,4389.3,3420
2026-09-16T20:18:00+05:30,4389.5,4396.6,4389.5,4393,3298
2026-09-16T20:24:00+05:30,4393,4398.1,4389.4,4397,2800
2026-09-16T20:30:00+05:30,4397.1,4399.9,4392.5,4393.4,2813
2026-09-16T20:36:00+05:30,4393.4,4400.2,4391.6,4396.1,3563
2026-09-16T20:42:00+05:30,4396.3,4398.3,4393.3,4394.2,1933
2026-09-16T20:48:00+05:30,4394.2,4397,4391.9,4392.9,1330
2026-09-16T20:54:00+05:30,4393.3,4393.8,4385.6,4386.1,2597
2026-09-16T21:00:00+05:30,4386.4,4390.8,4384.6,4390.7,2095
2026-09-16T21:06:00+05:30,4390.8,4394.6,4390.8,4392.4,1888
2026-09-16T21:12:00+05:30,4392.6,4404.5,4391.3,4397.2,3979
2026-09-16T21:18:00+05:30,4397.3,4399,4392.2,4393.7,2321
2026-09-16T21:24:00+05:30,4393.7,4395.7,4392,4394.6,1188
2026-09-16T21:30:00+05:30,4394.8,4395.1,4389.2,4389.3,1826
2026-09-16T21:36:00+05:30,4389.5,4392.8,4388.5,4392.2,1135
2026-09-16T21:42:00+05:30,4392.5,4394.2,4390.2,4392.4,1057
2026-09-16T21:48:00+05:30,4392.3,4392.6,4388.4,4389.4,822
2026-09-16T21:54:00+05:30,4389.3,4390.2,4386,4387.7,1120
2026-09-16T22:00:00+05:30,4387.6,4390.4,4386.6,4389.4,965
2026-09-16T22:06:00+05:30,4389.4,4390.2,4387.2,4389.4,730
2026-09-16T22:12:00+05:30,4389.1,4390.3,4388.6,4389.8,355
2026-09-16T22:18:00+05:30,4389.7,4390.5,4385.4,4387.1,842
2026-09-16T22:24:00+05:30,4387,4389.5,4386.8,4388.3,620
2026-09-16T22:30:00+05:30,4388.4,4388.6,4384.3,4387.3,1061
2026-09-16T22:36:00+05:30,4387.4,4387.8,4383.7,4384.1,719
2026-09-16T22:42:00+05:30,4384.1,4386.6,4383.2,4385.3,897
2026-09-16T22:48:00+05:30,4385.3,4386.9,4383.9,4384.9,584
2026-09-16T22:54:00+05:30,4384.9,4389.1,4384.9,4388.3,1171
2026-09-16T23:00:00+05:30,4388.4,4392.1,4387.5,4390.2,1216
2026-09-16T23:06:00+05:30,4390,4390.3,4384.9,4386.4,892
2026-09-16T23:12:00+05:30,4386.4,4386.9,4384.2,4384.5,824
2026-09-16T23:18:00+05:30,4384.3,4390.7,4384.2,4390.4,973
2026-09-16T23:24:00+05:30,4390.4,4411.5,4389.2,4402.9,2993
2026-09-16T23:30:00+05:30,4403,4414.1,4355.4,4374.5,17923
2026-09-16T23:36:00+05:30,4374.6,4387.7,4357.2,4357.4,6693
2026-09-16T23:42:00+05:30,4357.6,4358.5,4347.7,4354.9,7933
2026-09-16T23:48:00+05:30,4354.5,4365.9,4350.3,4361,5757
2026-09-16T23:54:00+05:30,4361.2,4364.7,4353.5,4364.1,3789
2026-09-17T00:00:00+05:30,4363.4,4365.4,4313.8,4315.6,14978
2026-09-17T00:06:00+05:30,4315.3,4334.4,4300,4332.1,12451
2026-09-17T00:12:00+05:30,4332.3,4351.8,4331.9,4337.7,8866
2026-09-17T00:18:00+05:30,4337.6,4338.2,4305.5,4305.8,8303
2026-09-17T00:24:00+05:30,4306.1,4313.1,4296,4301,9465
2026-09-17T00:30:00+05:30,4301,4326.8,4299.9,4310.8,8166
2026-09-17T00:36:00+05:30,4311,4313.2,4273.1,4284,14270
2026-09-17T00:42:00+05:30,4283.8,4296.3,4276.5,4283.5,7754
2026-09-17T00:48:00+05:30,4283.2,4291.6,4278.9,4290.9,4295
2026-09-17T00:54:00+05:30,4291,4296.9,4278.2,4292.9,4576
2026-09-17T01:00:00+05:30,4292.9,4305,4292.5,4300.5,4634
2026-09-17T01:06:00+05:30,4300.5,4310.3,4295.1,4305.5,3332
2026-09-17T01:12:00+05:30,4305.3,4310.5,4302.7,4305.9,2573
2026-09-17T01:18:00+05:30,4306,4315.5,4304.4,4307.9,3377
2026-09-17T01:24:00+05:30,4307.6,4313.3,4306.6,4311.2,2046
2026-09-17T01:30:00+05:30,4311.2,4312.9,4306.4,4309.2,1488
2026-09-17T01:36:00+05:30,4309.1,4310.3,4303.8,4304.1,1163
2026-09-17T01:42:00+05:30,4304.2,4306.3,4302.7,4306,792
2026-09-17T01:48:00+05:30,4306.1,4307.9,4301,4301.3,884
2026-09-17T01:54:00+05:30,4301.3,4301.9,4296.9,4299.6,1061
2026-09-17T02:00:00+05:30,4299.7,4302.1,4297.5,4299.8,752
2026-09-17T02:06:00+05:30,4300,4304.6,4298.9,4303,663
2026-09-17T02:12:00+05:30,4302.9,4304.3,4300.7,4303.4,541
2026-09-17T02:18:00+05:30,4303.4,4305.6,4300.4,4300.4,639
2026-09-17T02:24:00+05:30,4300.3,4303.4,4299.8,4302.2,464
2026-09-17T03:30:00+05:30,4303.6,4303.6,4296.1,4299.3,1045
2026-09-17T03:36:00+05:30,4299.2,4299.9,4296.1,4297.4,538
2026-09-17T03:42:00+05:30,4297.6,4299.2,4294.3,4294.9,623
2026-09-17T03:48:00+05:30,4295,4299.4,4294.5,4297.5,673
2026-09-17T03:54:00+05:30,4297.7,4300.6,4297.7,4299.2,493
2026-09-17T04:00:00+05:30,4299.3,4309.8,4299.2,4309.5,1567
2026-09-17T04:06:00+05:30,4309.1,4313.9,4308.4,4311.5,1318
2026-09-17T04:12:00+05:30,4311.5,4312,4309.4,4309.8,598
2026-09-17T04:18:00+05:30,4310.1,4310.3,4303,4303.8,1091
2026-09-17T04:24:00+05:30,4303.9,4309.6,4303.9,4304.6,1365
2026-09-17T04:30:00+05:30,4304.1,4307.3,4299.9,4301.7,2443
2026-09-17T04:36:00+05:30,4301.6,4305.1,4296.2,4303.7,1837
2026-09-17T04:42:00+05:30,4304,4304.8,4299.1,4304.2,1287
2026-09-17T04:48:00+05:30,4304.4,4311,4304.1,4310.1,1325
2026-09-17T04:54:00+05:30,4309.8,4310.2,4307.6,4309.9,879
2026-09-17T05:00:00+05:30,4309.7,4311.4,4308.1,4308.9,759
2026-09-17T05:06:00+05:30,4308.9,4312.4,4306.3,4308.5,1762
2026-09-17T05:12:00+05:30,4308.7,4313.1,4308.4,4311.4,1314
2026-09-17T05:18:00+05:30,4311.9,4313.7,4310.1,4310.4,1060
2026-09-17T05:24:00+05:30,4310.8,4312.2,4309.1,4309.4,604
2026-09-17T05:30:00+05:30,4309.8,4311.2,4304.3,4310.2,1601
2026-09-17T05:36:00+05:30,4309.7,4323.5,4309.4,4323.5,2407
2026-09-17T05:42:00+05:30,4323.3,4324.8,4319.5,4322.7,2247
2026-09-17T05:48:00+05:30,4322.4,4327.8,4319.5,4324.9,1830
2026-09-17T05:54:00+05:30,4324.9,4326.4,4321.3,4322.9,1234
2026-09-17T06:00:00+05:30,4322.9,4327.2,4320.2,4325.6,1148
2026-09-17T06:06:00+05:30,4325.3,4329.7,4321.8,4329.2,1368
2026-09-17T06:12:00+05:30,4329.6,4330.6,4323,4323.7,1349
2026-09-17T06:18:00+05:30,4323.8,4324.9,4316.9,4317.6,1530
2026-09-17T06:24:00+05:30,4317.8,4320.7,4315,4318.3,1978
2026-09-17T06:30:00+05:30,4318.3,4338.4,4318.3,4338,5478
2026-09-17T06:36:00+05:30,4338.1,4348.7,4337.2,4338,4298
2026-09-17T06:42:00+05:30,4338.2,4342.1,4332.9,4341,2399
2026-09-17T06:48:00+05:30,4341,4346.9,4339.2,4344.4,2171
2026-09-17T06:54:00+05:30,4344.5,4350.7,4344,4348.1,2618
2026-09-17T07:00:00+05:30,4348,4354.7,4346.5,4353.6,2679
2026-09-17T07:06:00+05:30,4353.6,4356,4346.9,4347.5,2865
2026-09-17T07:12:00+05:30,4347.3,4349.8,4344.6,4345.5,2128
2026-09-17T07:18:00+05:30,4345.6,4349.9,4343.3,4344.3,1449
2026-09-17T07:24:00+05:30,4344.5,4344.5,4335.9,4338.3,2595
2026-09-17T07:30:00+05:30,4338.3,4339.1,4333.5,4333.5,1954
2026-09-17T07:36:00+05:30,4333.7,4334,4322.3,4322.5,4119
2026-09-17T07:42:00+05:30,4322.6,4328.7,4318.8,4328.5,2972
2026-09-17T07:48:00+05:30,4328.6,4331.4,4326.6,4329.6,1196
2026-09-17T07:54:00+05:30,4329.5,4330.7,4327.6,4330,819
2026-09-17T08:00:00+05:30,4330,4331.2,4322.4,4324.6,2013
2026-09-17T08:06:00+05:30,4324.3,4325.2,4319.6,4323.1,1697
2026-09-17T08:12:00+05:30,4323.3,4329.3,4320.6,4321.5,1782
2026-09-17T08:18:00+05:30,4321.3,4322.5,4314.2,4314.3,1885
2026-09-17T08:24:00+05:30,4314.8,4319.2,4311.9,4315.3,2275
2026-09-17T08:30:00+05:30,4315.3,4321.6,4315,4320.6,1609
2026-09-17T08:36:00+05:30,4320.5,4324.8,4320.2,4320.7,1384
2026-09-17T08:42:00+05:30,4320.8,4324.3,4319.9,4323.7,993
2026-09-17T08:48:00+05:30,4323.5,4325.2,4320.9,4321.1,806
2026-09-17T08:54:00+05:30,4321.4,4324.9,4321.3,4323.8,673
2026-09-17T09:00:00+05:30,4324,4330.4,4323.7,4328.4,1955
2026-09-17T09:06:00+05:30,4328.5,4331.9,4327.8,4331.2,1054
2026-09-17T09:12:00+05:30,4331.5,4335,4331.5,4332.7,1618
2026-09-17T09:18:00+05:30,4332.6,4334.9,4332,4334.6,754
2026-09-17T09:24:00+05:30,4334.5,4336,4334,4334.4,610
2026-09-17T09:30:00+05:30,4334.4,4334.6,4331.3,4331.7,961
2026-09-17T09:36:00+05:30,4331.9,4335.2,4331.8,4332.9,680
2026-09-17T09:42:00+05:30,4332.9,4333,4330.6,4331.6,708
2026-09-17T09:48:00+05:30,4331.7,4334.2,4329.9,4332.6,632
2026-09-17T09:54:00+05:30,4332.3,4332.6,4329.4,4329.7,703
2026-09-17T10:00:00+05:30,4329.8,4331.9,4328.6,4331,555
2026-09-17T10:06:00+05:30,4331.1,4335.3,4330.7,4332.7,900
2026-09-17T10:12:00+05:30,4332.6,4337.6,4331.5,4336.3,1028
2026-09-17T10:18:00+05:30,4336.3,4337.3,4334,4336.1,991
2026-09-17T10:24:00+05:30,4335.8,4337.4,4334.3,4335.5,428
2026-09-17T10:30:00+05:30,4335.6,4337.9,4335.2,4335.8,424
2026-09-17T10:36:00+05:30,4336,4336.7,4332.9,4333.3,613
2026-09-17T10:42:00+05:30,4333.6,4334.7,4330,4330.2,827
2026-09-17T10:48:00+05:30,4330.4,4330.5,4324.1,4325,1385
2026-09-17T10:54:00+05:30,4324.8,4326.5,4323.8,4324.8,876
2026-09-17T11:00:00+05:30,4325.1,4335.5,4324.6,4334,1868
2026-09-17T11:06:00+05:30,4333.9,4336,4330.9,4333.5,1157
2026-09-17T11:12:00+05:30,4333.5,4337.3,4333.3,4335.2,854
2026-09-17T11:18:00+05:30,4336,4341.3,4334.6,4340.8,1386
2026-09-17T11:24:00+05:30,4340.6,4343.7,4340.4,4342.6,1387
2026-09-17T11:30:00+05:30,4342.6,4347.2,4342.3,4346.3,1732
2026-09-17T11:36:00+05:30,4346.6,4350.4,4346.4,4349.8,1305
2026-09-17T11:42:00+05:30,4349.8,4351,4343.2,4344.7,1665
2026-09-17T11:48:00+05:30,4344.7,4347.4,4344,4344.6,885
2026-09-17T11:54:00+05:30,4344.9,4351.6,4344.5,4350.5,832
2026-09-17T12:00:00+05:30,4350.5,4354,4348.9,4349.3,1468
2026-09-17T12:06:00+05:30,4349.3,4349.7,4344.2,4346.2,1107
2026-09-17T12:12:00+05:30,4346,4348.7,4345.6,4346,1054
2026-09-17T12:18:00+05:30,4346.2,4350.7,4345.4,4349.2,979
2026-09-17T12:24:00+05:30,4349.2,4350.1,4347.2,4349.4,581
2026-09-17T12:30:00+05:30,4349.4,4353.4,4347.9,4353.3,845
2026-09-17T12:36:00+05:30,4353.5,4360.8,4352.4,4359.3,2114
2026-09-17T12:42:00+05:30,4359.2,4368.6,4357.4,4367,2313
2026-09-17T12:48:00+05:30,4366.9,4367,4358,4361.4,1528
2026-09-17T12:54:00+05:30,4361.3,4368.9,4360.7,4368,1500
2026-09-17T13:00:00+05:30,4368.4,4373.7,4368.2,4368.8,2315
2026-09-17T13:06:00+05:30,4369,4374,4368.7,4369.2,1171
2026-09-17T13:12:00+05:30,4369.2,4374.4,4367.9,4374.1,1362
2026-09-17T13:18:00+05:30,4373.9,4374.7,4368.3,4369,888
2026-09-17T13:24:00+05:30,4369.1,4369.4,4362.8,4366.5,1777
2026-09-17T13:30:00+05:30,4366.5,4367.3,4364.6,4365.8,855
2026-09-17T13:36:00+05:30,4365.5,4367.2,4362.1,4362.9,795
2026-09-17T13:42:00+05:30,4362.6,4362.6,4356.7,4357.9,1612
2026-09-17T13:48:00+05:30,4357.9,4359.1,4353.8,4354.6,1373
2026-09-17T13:54:00+05:30,4354.1,4356.6,4353.7,4355.4,976
2026-09-17T14:00:00+05:30,4355.3,4357.4,4351.3,4356.8,1313
2026-09-17T14:06:00+05:30,4356.8,4359.1,4354.9,4355.1,903
2026-09-17T14:12:00+05:30,4355.1,4355.8,4349.3,4352,1268
2026-09-17T14:18:00+05:30,4351.9,4353.3,4349.5,4352.9,731
2026-09-17T14:24:00+05:30,4352.7,4353.2,4349.6,4350.8,607
2026-09-17T14:30:00+05:30,4350.8,4355.1,4350.8,4354.2,966
2026-09-17T14:36:00+05:30,4354.3,4357.9,4354.1,4355.8,877
2026-09-17T14:42:00+05:30,4355.9,4358.6,4351.5,4351.8,1227
2026-09-17T14:48:00+05:30,4352,4354,4349.4,4350.1,799
2026-09-17T14:54:00+05:30,4350.3,4352,4344.7,4345.3,1574
2026-09-17T15:00:00+05:30,4345.2,4348.1,4343.7,4347.1,1401
2026-09-17T15:06:00+05:30,4347.2,4350.1,4346.9,4350.1,660
2026-09-17T15:12:00+05:30,4349.6,4350.2,4346.2,4347,485
2026-09-17T15:18:00+05:30,4346.8,4349.9,4345.5,4348.6,612
2026-09-17T15:24:00+05:30,4348.6,4350.4,4344.5,4345.1,642
2026-09-17T15:30:00+05:30,4345.4,4348.5,4343.8,4348.5,768
2026-09-17T15:36:00+05:30,4348.5,4351.9,4346.7,4351.2,983
2026-09-17T15:42:00+05:30,4351.2,4353,4347.1,4347.8,770
2026-09-17T15:48:00+05:30,4348,4349.6,4345.7,4349,593
2026-09-17T15:54:00+05:30,4349.3,4355.1,4348.9,4352.7,1006
2026-09-17T16:00:00+05:30,4353.1,4357,4351.5,4356.3,770
2026-09-17T16:06:00+05:30,4356.4,4358.1,4353.9,4354.2,734
2026-09-17T16:12:00+05:30,4354.2,4357.5,4354.1,4357.2,464
2026-09-17T16:18:00+05:30,4357.2,4363.4,4356.7,4362.9,1281
2026-09-17T16:24:00+05:30,4362.8,4364.9,4360.6,4363.9,967
2026-09-17T16:30:00+05:30,4364,4371.1,4363.2,4369.7,2135
2026-09-17T16:36:00+05:30,4369.8,4380,4368.4,4370.8,2983
2026-09-17T16:42:00+05:30,4370.7,4374.6,4369.1,4369.1,1625
2026-09-17T16:48:00+05:30,4369.3,4373.1,4366.2,4369.6,1576
2026-09-17T16:54:00+05:30,4369.8,4370.1,4366,4367.7,1030
2026-09-17T17:00:00+05:30,4368.1,4368.7,4364.6,4366.1,1139
2026-09-17T17:06:00+05:30,4366.2,4367.1,4362.9,4363.4,835
2026-09-17T17:12:00+05:30,4363.5,4370.7,4362.9,4370.5,1072
2026-09-17T17:18:00+05:30,4370.6,4380.5,4370.1,4379.9,2148
2026-09-17T17:24:00+05:30,4379.9,4393.4,4379,4390,4785
2026-09-17T17:30:00+05:30,4389.9,4393.9,4383.8,4389.8,4473
2026-09-17T17:36:00+05:30,4389.4,4395.6,4385.9,4394.6,2447
2026-09-17T17:42:00+05:30,4394.7,4401.9,4392.8,4400.8,2941
2026-09-17T17:48:00+05:30,4400.8,4415.5,4399.8,4413.5,5002
2026-09-17T17:54:00+05:30,4413.1,4422.3,4407.4,4421.7,3869
2026-09-17T18:00:00+05:30,4421.3,4421.3,4406.1,4407.2,4609
2026-09-17T18:06:00+05:30,4407.8,4411.1,4403.8,4408.6,2634
2026-09-17T18:12:00+05:30,4408.7,4409,4399.4,4402,2531
2026-09-17T18:18:00+05:30,4401.9,4415.3,4401.3,4414.4,2636
2026-09-17T18:24:00+05:30,4414.7,4415.1,4410.5,4413.9,1699
2026-09-17T18:30:00+05:30,4413.9,4415,4405.1,4405.2,3240
2026-09-17T18:36:00+05:30,4405.3,4412.3,4403,4404.8,2100
2026-09-17T18:42:00+05:30,4404.9,4412.3,4400.6,4412.1,2231
2026-09-17T18:48:00+05:30,4412.1,4415.7,4408.5,4409,2235
2026-09-17T18:54:00+05:30,4408.8,4409.1,4405.2,4407.2,1396
2026-09-17T19:00:00+05:30,4407.5,4414.9,4403.6,4411.2,3071
2026-09-17T19:06:00+05:30,4410.7,4412.2,4397.9,4399.5,4038
2026-09-17T19:12:00+05:30,4399.4,4409.6,4395.7,4408,4504
2026-09-17T19:18:00+05:30,4408.3,4412.6,4404.5,4408.8,2843
2026-09-17T19:24:00+05:30,4408.7,4410.8,4405.1,4407.5,1579
2026-09-17T19:30:00+05:30,4407.4,4411,4405.1,4410.2,2474
2026-09-17T19:36:00+05:30,4410.1,4421,4410.1,4413.6,4808
2026-09-17T19:42:00+05:30,4413.4,4414.1,4408.3,4409,2382
2026-09-17T19:48:00+05:30,4409.1,4411.2,4406,4411.1,1818
2026-09-17T19:54:00+05:30,4410.7,4413.8,4406.8,4407.6,1541
2026-09-17T20:00:00+05:30,4407.8,4409,4402.5,4407.8,2530
2026-09-17T20:06:00+05:30,4407.6,4407.7,4401.5,4404.2,1746
2026-09-17T20:12:00+05:30,4404,4405.6,4400,4400.9,1846
2026-09-17T20:18:00+05:30,4401.1,4402.9,4396.3,4396.6,1731
2026-09-17T20:24:00+05:30,4396.3,4399.7,4392.5,4394.6,2682
2026-09-17T20:30:00+05:30,4394.6,4399.7,4391.8,4397.5,2537
2026-09-17T20:36:00+05:30,4397.8,4399.1,4394.2,4394.9,1461
2026-09-17T20:42:00+05:30,4395,4405.3,4393.8,4404.9,2949
2026-09-17T20:48:00+05:30,4405,4405.2,4401.2,4401.9,1387
2026-09-17T20:54:00+05:30,4401.8,4403.7,4396.7,4399.1,1839
2026-09-17T21:00:00+05:30,4399.4,4402.7,4396.1,4401.8,1451
2026-09-17T21:06:00+05:30,4401.7,4405.4,4401.5,4405,1406
2026-09-17T21:12:00+05:30,4405.1,4407.5,4403.4,4404.6,1571
2026-09-17T21:18:00+05:30,4404.4,4408,4404.3,4405.8,1443
2026-09-17T21:24:00+05:30,4406,4410.2,4405.3,4409.9,997
2026-09-17T21:30:00+05:30,4410,4413.2,4408.7,4410.1,2085
2026-09-17T21:36:00+05:30,4410,4410.2,4407.2,4408.3,1554
2026-09-17T21:42:00+05:30,4408.2,4409.2,4405.9,4407,1141
2026-09-17T21:48:00+05:30,4406.9,4408,4405.6,4407.4,684
2026-09-17T21:54:00+05:30,4407.4,4408.3,4403.2,4407.3,1166
2026-09-17T22:00:00+05:30,4407.1,4407.3,4397.1,4398.6,1927
2026-09-17T22:06:00+05:30,4398.5,4400.7,4397.5,4399.8,1028
2026-09-17T22:12:00+05:30,4399.7,4401.5,4397.1,4400.7,1150
2026-09-17T22:18:00+05:30,4400.6,4400.6,4395.6,4400.5,1252
2026-09-17T22:24:00+05:30,4400.2,4402.5,4395.2,4402,2207
2026-09-17T22:30:00+05:30,4402.3,4404.5,4397.9,4403.2,1870
2026-09-17T22:36:00+05:30,4402.9,4405.9,4401.7,4402.2,1028
2026-09-17T22:42:00+05:30,4402.4,4404,4399.1,4399.8,825
2026-09-17T22:48:00+05:30,4399.9,4401.7,4398.2,4398.2,524
2026-09-17T22:54:00+05:30,4398.5,4402.4,4397.5,4400.2,1074
2026-09-17T23:00:00+05:30,4400.4,4402.7,4400,4402.4,597
2026-09-17T23:06:00+05:30,4402.5,4403.7,4397.2,4399.2,932
2026-09-17T23:12:00+05:30,4399.2,4400.7,4398.7,4400.4,331
2026-09-17T23:18:00+05:30,4400.2,4401.4,4398.3,4400.1,462
2026-09-17T23:24:00+05:30,4400.3,4401.5,4399.6,4400.7,410
2026-09-17T23:30:00+05:30,4401.2,4404.9,4399.8,4403.7,697
2026-09-17T23:36:00+05:30,4403.8,4404.3,4400.6,4403.3,539
2026-09-17T23:42:00+05:30,4403.2,4405.8,4403.2,4403.5,808
2026-09-17T23:48:00+05:30,4403.4,4403.4,4397.1,4397.4,1204
2026-09-17T23:54:00+05:30,4397.9,4399,4395.7,4396,780
2026-09-18T00:00:00+05:30,4396.4,4396.5,4388,4388.4,2249
2026-09-18T00:06:00+05:30,4388.6,4392.7,4388.1,4391.9,1421
2026-09-18T00:12:00+05:30,4392,4392.7,4389.6,4390.4,951
2026-09-18T00:18:00+05:30,4390.3,4392.3,4388.6,4390.1,932
2026-09-18T00:24:00+05:30,4389.9,4391.4,4389.5,4390.9,539
2026-09-18T00:30:00+05:30,4391,4395.3,4390.8,4394.4,1044
2026-09-18T00:36:00+05:30,4394.6,4395.6,4392.9,4394.2,714
2026-09-18T00:42:00+05:30,4394.3,4395.2,4388.2,4388.8,928
2026-09-18T00:48:00+05:30,4388.6,4391.7,4385.8,4386.7,1402
2026-09-18T00:54:00+05:30,4386.6,4389.1,4382.3,4382.6,1721
2026-09-18T01:00:00+05:30,4382.7,4386.3,4381.8,4382.5,1145
2026-09-18T01:06:00+05:30,4382.6,4385,4382,4383.8,684
2026-09-18T01:12:00+05:30,4383.8,4386.8,4383.5,4385.2,969
2026-09-18T01:18:00+05:30,4385,4388.5,4383.3,4388.3,1126
2026-09-18T01:24:00+05:30,4388.2,4388.9,4385.1,4385.2,1279
2026-09-18T01:30:00+05:30,4385.7,4386.3,4382.4,4384.3,763
2026-09-18T01:36:00+05:30,4384.5,4385.4,4382.2,4382.3,492
2026-09-18T01:42:00+05:30,4382.5,4383,4381.2,4382.1,513
2026-09-18T01:48:00+05:30,4382.3,4384.3,4382,4383.6,356
2026-09-18T01:54:00+05:30,4383.5,4385,4381.3,4381.3,482
2026-09-18T02:00:00+05:30,4381.8,4382.4,4379.3,4382,770
2026-09-18T02:06:00+05:30,4382,4383.5,4380.2,4382.7,427
2026-09-18T02:12:00+05:30,4382.5,4382.7,4380.4,4380.7,332
2026-09-18T02:18:00+05:30,4380.7,4382.1,4379.9,4381.6,304
2026-09-18T02:24:00+05:30,4381.7,4382,4380.3,4380.6,335
2026-09-18T03:30:00+05:30,4381.3,4386.1,4380.7,4381.3,525
2026-09-18T03:36:00+05:30,4381.4,4382.1,4380.6,4381.6,267
2026-09-18T03:42:00+05:30,4381.7,4384.2,4381.4,4381.7,523
2026-09-18T03:48:00+05:30,4381.6,4382.6,4380.5,4382.4,303
2026-09-18T03:54:00+05:30,4382.1,4383.7,4380.5,4383.6,513
2026-09-18T04:00:00+05:30,4383.7,4387.7,4383.4,4387.3,1013
2026-09-18T04:06:00+05:30,4387,4389.1,4386.2,4386.7,846
2026-09-18T04:12:00+05:30,4386.9,4387.7,4382.1,4382.5,660
2026-09-18T04:18:00+05:30,4382.7,4383.3,4380.1,4382.1,968
2026-09-18T04:24:00+05:30,4382,4385.1,4380.3,4383.2,1120
2026-09-18T04:30:00+05:30,4383,4383.6,4380.6,4382.9,759
2026-09-18T04:36:00+05:30,4382.7,4385.2,4378.3,4383.8,1347
2026-09-18T04:42:00+05:30,4383.8,4384.6,4380,4381.2,744
2026-09-18T04:48:00+05:30,4381.2,4386.6,4381,4385.9,887
2026-09-18T04:54:00+05:30,4385.8,4386.7,4381,4383,882
2026-09-18T05:00:00+05:30,4383.2,4384,4382.7,4383.1,250
2026-09-18T05:06:00+05:30,4382.8,4383.8,4382.3,4383.2,319
2026-09-18T05:12:00+05:30,4383.1,4384.6,4382,4384.4,571
2026-09-18T05:18:00+05:30,4384.6,4385.7,4383.3,4385.5,448
2026-09-18T05:24:00+05:30,4385.5,4387.3,4384.2,4385.1,720
2026-09-18T05:30:00+05:30,4384.9,4385.4,4380.7,4383,1116
2026-09-18T05:36:00+05:30,4382.9,4390.6,4382.4,4389.7,1280
2026-09-18T05:42:00+05:30,4389.9,4394.6,4388.9,4392.3,1928
2026-09-18T05:48:00+05:30,4392.1,4396.3,4389.4,4395.9,1730
2026-09-18T05:54:00+05:30,4395.7,4395.9,4389.8,4392.1,1284
2026-09-18T06:00:00+05:30,4392,4399.4,4391.7,4397.8,1616
2026-09-18T06:06:00+05:30,4397.8,4399,4395.4,4396.9,1162
2026-09-18T06:12:00+05:30,4396.8,4398.6,4392.5,4393.1,1138
2026-09-18T06:18:00+05:30,4392.8,4394.6,4391.1,4392.8,965
2026-09-18T06:24:00+05:30,4392.7,4396.6,4391.7,4395,998
2026-09-18T06:30:00+05:30,4395.5,4404.3,4395.5,4402.7,3842
2026-09-18T06:36:00+05:30,4402.9,4404.8,4398.6,4401,2217
2026-09-18T06:42:00+05:30,4400.8,4401,4393,4395.6,2038
2026-09-18T06:48:00+05:30,4395.7,4403.4,4394.8,4400.3,1924
2026-09-18T06:54:00+05:30,4400.3,4402.4,4397.2,4398.4,854
2026-09-18T07:00:00+05:30,4398.3,4398.7,4389.1,4390.9,2088
2026-09-18T07:06:00+05:30,4390.8,4394,4387.7,4388.6,1968
2026-09-18T07:12:00+05:30,4388.6,4389.4,4384.1,4388.8,2018
2026-09-18T07:18:00+05:30,4388.5,4389.1,4382.3,4388.7,1751
2026-09-18T07:24:00+05:30,4388.9,4389.2,4386.9,4387.1,838
2026-09-18T07:30:00+05:30,4387.1,4388.9,4384.7,4388,1146
2026-09-18T07:36:00+05:30,4388.5,4390.7,4385.6,4388.3,1646
2026-09-18T07:42:00+05:30,4388.6,4392,4386.8,4388.7,1230
2026-09-18T07:48:00+05:30,4389,4390.1,4386.5,4389.7,855
2026-09-18T07:54:00+05:30,4390,4392.8,4389.4,4391.8,1076
2026-09-18T08:00:00+05:30,4392,4395.3,4390,4393.8,1862
2026-09-18T08:06:00+05:30,4393.7,4394.7,4388.6,4391.4,1270
2026-09-18T08:12:00+05:30,4391.1,4394.5,4388.7,4393,1095
2026-09-18T08:18:00+05:30,4393.1,4394.3,4390.6,4390.9,761
2026-09-18T08:24:00+05:30,4390.8,4392.4,4381.2,4385.3,2765
2026-09-18T08:30:00+05:30,4385.2,4390.2,4383.1,4388.2,1469
2026-09-18T08:36:00+05:30,4388.5,4389.1,4383.7,4384.9,1115
2026-09-18T08:42:00+05:30,4385.3,4386.6,4376.1,4376.8,2261
2026-09-18T08:48:00+05:30,4377.1,4379.3,4372.7,4373.2,2934
2026-09-18T08:54:00+05:30,4373.5,4379.3,4371.2,4379,1745
2026-09-18T09:00:00+05:30,4379.2,4390.4,4378.7,4389.5,2879
2026-09-18T09:06:00+05:30,4389.3,4393.1,4389,4393.1,2045
2026-09-18T09:12:00+05:30,4393.1,4399.7,4393.1,4397.6,2599
2026-09-18T09:18:00+05:30,4397.8,4399.2,4395.3,4397.8,1377
2026-09-18T09:24:00+05:30,4397.7,4399.4,4396,4398,985
2026-09-18T09:30:00+05:30,4397.6,4400.5,4396.3,4399.2,1049
2026-09-18T09:36:00+05:30,4398.9,4400.2,4398.2,4398.6,593
2026-09-18T09:42:00+05:30,4398.9,4399.5,4392.4,4393.9,1473
2026-09-18T09:48:00+05:30,4393.7,4395.1,4391.6,4394.7,929
2026-09-18T09:54:00+05:30,4394.6,4397.2,4394.1,4397.1,584
2026-09-18T10:00:00+05:30,4397.2,4400.5,4396.1,4398.8,1100
2026-09-18T10:06:00+05:30,4398.9,4399.8,4397.5,4399,478
2026-09-18T10:12:00+05:30,4399.1,4406.6,4399,4404,2541
2026-09-18T10:18:00+05:30,4403.9,4406.9,4401.3,4401.6,1468
2026-09-18T10:24:00+05:30,4401.4,4406.9,4400.6,4406.7,1113
2026-09-18T10:30:00+05:30,4406.7,4407.3,4403.5,4405.7,1316
2026-09-18T10:36:00+05:30,4405.5,4409.2,4403.6,4406.9,1296
2026-09-18T10:42:00+05:30,4406.5,4408.4,4404.9,4407.8,762
2026-09-18T10:48:00+05:30,4407.8,4409.3,4405.8,4406.4,867
2026-09-18T10:54:00+05:30,4406.1,4406.9,4403.4,4404.3,837
2026-09-18T11:00:00+05:30,4404.5,4405.8,4400,4403.6,2752
2026-09-18T11:06:00+05:30,4403.6,4413,4403.4,4412.2,2544
2026-09-18T11:12:00+05:30,4412.5,4418.4,4412.5,4414.4,2659
2026-09-18T11:18:00+05:30,4414.2,4415.1,4410.2,4413.3,1553
2026-09-18T11:24:00+05:30,4413.3,4417.6,4410.3,4416.7,1097
2026-09-18T11:30:00+05:30,4416.9,4426.9,4416.7,4423.2,4192
2026-09-18T11:36:00+05:30,4423.5,4428.9,4423.3,4427.3,1974
2026-09-18T11:42:00+05:30,4427,4430.2,4422.3,4422.6,1892
2026-09-18T11:48:00+05:30,4422.5,4429.6,4421.5,4428.5,1395
2026-09-18T11:54:00+05:30,4428.4,4433.6,4428.4,4432.3,1910
2026-09-18T12:00:00+05:30,4431.9,4433.8,4430.4,4432.7,1464
2026-09-18T12:06:00+05:30,4432.4,4436.5,4431.5,4436,1373
2026-09-18T12:12:00+05:30,4436.1,4437.1,4434.2,4435.4,1282
2026-09-18T12:18:00+05:30,4435.4,4436.8,4430.5,4430.5,1763
2026-09-18T12:24:00+05:30,4430.8,4434.1,4429.4,4433.1,1258
2026-09-18T12:30:00+05:30,4433.2,4435.7,4430.3,4432.2,1609
2026-09-18T12:36:00+05:30,4432.1,4435.6,4431.3,4431.9,795
2026-09-18T12:42:00+05:30,4431.9,4433.8,4428.7,4433.3,1459
2026-09-18T12:48:00+05:30,4433.3,4434.8,4431.5,4433.5,879
2026-09-18T12:54:00+05:30,4433.5,4435.9,4432.1,4435.5,759
2026-09-18T13:00:00+05:30,4435.6,4437.3,4431.8,4435.2,1260
2026-09-18T13:06:00+05:30,4435,4436.2,4431,4432.3,1031
2026-09-18T13:12:00+05:30,4432.4,4436.5,4432.3,4435.5,653
2026-09-18T13:18:00+05:30,4435.8,4439.9,4435.2,4435.8,1593
2026-09-18T13:24:00+05:30,4435.8,4438,4432.4,4433.2,1178
2026-09-18T13:30:00+05:30,4433.4,4438.4,4432.7,4436.5,1238
2026-09-18T13:36:00+05:30,4436.5,4437.8,4431.3,4432.3,963
2026-09-18T13:42:00+05:30,4432.1,4435.1,4429.6,4431.8,1303
2026-09-18T13:48:00+05:30,4431.9,4434.1,4430.8,4433.4,1075
2026-09-18T13:54:00+05:30,4433.1,4433.5,4427.5,4427.9,1250
2026-09-18T14:00:00+05:30,4427.8,4428.9,4426,4426.1,1252
2026-09-18T14:06:00+05:30,4426.1,4429.9,4425.2,4425.7,965
2026-09-18T14:12:00+05:30,4425.7,4428.9,4424.7,4428.3,776
2026-09-18T14:18:00+05:30,4428.5,4431.4,4426.4,4430.9,1050
2026-09-18T14:24:00+05:30,4431,4434.4,4430.8,4432.1,1132
2026-09-18T14:30:00+05:30,4432.3,4435.3,4431.5,4434.8,721
2026-09-18T14:36:00+05:30,4434.8,4438.4,4434.6,4438.1,1106
2026-09-18T14:42:00+05:30,4437.8,4437.8,4433.4,4433.8,845
2026-09-18T14:48:00+05:30,4434.1,4435.1,4431.8,4431.9,680
2026-09-18T14:54:00+05:30,4431.9,4432,4425.7,4428.1,1473
2026-09-18T15:00:00+05:30,4427.9,4429.2,4425.5,4426,1227
2026-09-18T15:06:00+05:30,4426,4426.5,4419.1,4419.5,1769
2026-09-18T15:12:00+05:30,4419.6,4421.2,4413.1,4416.3,2204
2026-09-18T15:18:00+05:30,4416.1,4416.9,4413.8,4416.5,1093
2026-09-18T15:24:00+05:30,4416.4,4418.4,4415.7,4416.5,884
2026-09-18T15:30:00+05:30,4416.4,4419.3,4415.5,4416.6,829
2026-09-18T15:36:00+05:30,4416.5,4419.7,4416,4418.8,645
2026-09-18T15:42:00+05:30,4418.7,4420,4417.2,4418.4,640
2026-09-18T15:48:00+05:30,4418.3,4420.6,4417.4,4420.4,614
2026-09-18T15:54:00+05:30,4420.3,4421.4,4418.8,4421.4,650
2026-09-18T16:00:00+05:30,4421.4,4421.9,4418,4421.3,771
2026-09-18T16:06:00+05:30,4421.3,4421.9,4418.6,4419.5,668
2026-09-18T16:12:00+05:30,4419.3,4421.5,4417.4,4417.8,574
2026-09-18T16:18:00+05:30,4418,4418.8,4415.7,4417.1,968
2026-09-18T16:24:00+05:30,4417,4421.5,4416.6,4421.3,783
2026-09-18T16:30:00+05:30,4421.3,4426.3,4417.7,4418.1,2651
2026-09-18T16:36:00+05:30,4418.2,4428.1,4416.9,4426.5,1618
2026-09-18T16:42:00+05:30,4426.4,4428,4420.3,4421.4,1165
2026-09-18T16:48:00+05:30,4421.2,4423.1,4420.3,4422,639
2026-09-18T16:54:00+05:30,4421.8,4423.2,4417,4417.1,901
2026-09-18T17:00:00+05:30,4417.3,4421.2,4416.3,4420.8,1067
2026-09-18T17:06:00+05:30,4420.8,4422.3,4416.8,4418.4,724
2026-09-18T17:12:00+05:30,4418.3,4418.3,4413.4,4415.1,1355
2026-09-18T17:18:00+05:30,4415.7,4416.9,4410.9,4413.1,1352
2026-09-18T17:24:00+05:30,4413.1,4421.2,4411.5,4420.8,1418
2026-09-18T17:30:00+05:30,4420.9,4422.2,4412.5,4413.6,2755
2026-09-18T17:36:00+05:30,4413.3,4415.3,4409.4,4409.8,1808
2026-09-18T17:42:00+05:30,4409.9,4413.1,4409.4,4412.6,1177
2026-09-18T17:48:00+05:30,4412.4,4415.8,4397.9,4400,4398
2026-09-18T17:54:00+05:30,4400.3,4400.5,4392.3,4397,4106
2026-09-18T18:00:00+05:30,4397,4412.1,4396.7,4411.2,4488
2026-09-18T18:06:00+05:30,4411.2,4412,4405.8,4406.6,2421
2026-09-18T18:12:00+05:30,4406.6,4409.7,4405.2,4407.1,1475
2026-09-18T18:18:00+05:30,4407.1,4409,4405.2,4406.1,975
2026-09-18T18:24:00+05:30,4405.9,4408.7,4405.1,4408,962
2026-09-18T18:30:00+05:30,4407.8,4412.6,4402.5,4409.6,4220
2026-09-18T18:36:00+05:30,4409.8,4414.6,4408.8,4411.4,2279
2026-09-18T18:42:00+05:30,4411.5,4413.7,4409.6,4412,1108
2026-09-18T18:48:00+05:30,4411.7,4412.2,4403.9,4404.6,1767
2026-09-18T18:54:00+05:30,4404.6,4406.9,4401.1,4406.1,2230
2026-09-18T19:00:00+05:30,4406.1,4406.6,4394.4,4395.1,3653
2026-09-18T19:06:00+05:30,4395.1,4399.1,4391.2,4393.4,3958
2026-09-18T19:12:00+05:30,4393.3,4397,4390.6,4393.8,3007
2026-09-18T19:18:00+05:30,4393.6,4395.9,4388,4388.9,4006
2026-09-18T19:24:00+05:30,4389,4391.1,4385.5,4387.8,3101
2026-09-18T19:30:00+05:30,4387.5,4394.8,4386.1,4391.9,3922
2026-09-18T19:36:00+05:30,4392.3,4394.5,4388.3,4393.2,2349
2026-09-18T19:42:00+05:30,4393.4,4394.7,4389.4,4390,2011
2026-09-18T19:48:00+05:30,4390.1,4391.4,4381.6,4391,4424
2026-09-18T19:54:00+05:30,4391.2,4392.8,4381.3,4381.5,2841
2026-09-18T20:00:00+05:30,4381.3,4386,4381,4383.4,1981
2026-09-18T20:06:00+05:30,4383.5,4392.6,4382.4,4390.5,2642
2026-09-18T20:12:00+05:30,4390.4,4394.3,4388.8,4390.2,2091
2026-09-18T20:18:00+05:30,4390.5,4400.2,4389.9,4397.1,3770
2026-09-18T20:24:00+05:30,4397.1,4398.9,4390.6,4391.3,2054
2026-09-18T20:30:00+05:30,4391.1,4394,4390.4,4392.8,1431
2026-09-18T20:36:00+05:30,4393,4394.9,4387,4387.6,2027
2026-09-18T20:42:00+05:30,4387.8,4392.5,4386,4390.7,1846
2026-09-18T20:48:00+05:30,4391,4393.8,4389.9,4392.9,1239
2026-09-18T20:54:00+05:30,4392.9,4395.5,4391.9,4394.5,1221
2026-09-18T21:00:00+05:30,4394.6,4395.9,4391.6,4395.5,1375
2026-09-18T21:06:00+05:30,4395.3,4395.9,4387,4388.2,1645
2026-09-18T21:12:00+05:30,4388.5,4396.5,4387.8,4394.6,1728
2026-09-18T21:18:00+05:30,4394.7,4396.6,4391.8,4392.6,861
2026-09-18T21:24:00+05:30,4392.9,4395.5,4390.8,4395,1025
2026-09-18T21:30:00+05:30,4395.1,4397,4393,4396.6,994
2026-09-18T21:36:00+05:30,4396.9,4400.8,4395.7,4400.6,1484
2026-09-18T21:42:00+05:30,4400.5,4403.3,4398,4401.7,2277
2026-09-18T21:48:00+05:30,4401.6,4409.3,4401.4,4407.8,2797
2026-09-18T21:54:00+05:30,4407.8,4417,4405.5,4416.2,3689
2026-09-18T22:00:00+05:30,4416,4422.5,4412.8,4418.4,4130
2026-09-18T22:06:00+05:30,4418.4,4419.9,4415.5,4418.9,1575
2026-09-18T22:12:00+05:30,4419,4419.2,4415.4,4418.2,1561
2026-09-18T22:18:00+05:30,4418.1,4420.1,4416.6,4419.3,1340
2026-09-18T22:24:00+05:30,4419.4,4422.2,4418.9,4421,1667
2026-09-18T22:30:00+05:30,4421.1,4425.1,4419.9,4423.7,2348
2026-09-18T22:36:00+05:30,4423.8,4425.7,4423.2,4425.5,1380
2026-09-18T22:42:00+05:30,4425.1,4426.7,4421.4,4426.2,2317
2026-09-18T22:48:00+05:30,4426.4,4427.7,4421.3,4421.4,1850
2026-09-18T22:54:00+05:30,4421.5,4425.8,4420.6,4425.1,1638
2026-09-18T23:00:00+05:30,4425.1,4431.8,4423.6,4430.7,2461
2026-09-18T23:06:00+05:30,4430.6,4434.6,4430.6,4433.2,2374
2026-09-18T23:12:00+05:30,4433,4435,4430.1,4433.7,1770
2026-09-18T23:18:00+05:30,4433.4,4435.2,4431.6,4432.5,1028
2026-09-18T23:24:00+05:30,4432.5,4433.1,4431,4431.4,842
2026-09-18T23:30:00+05:30,4431.3,4432.4,4429.2,4429.5,1243
2026-09-18T23:36:00+05:30,4429.5,4432.9,4427.4,4428.7,2247
2026-09-18T23:42:00+05:30,4428.5,4431.6,4427.5,4428,1259
2026-09-18T23:48:00+05:30,4428.1,4429.9,4427.4,4428.6,754
2026-09-18T23:54:00+05:30,4428.7,4429.6,4427.8,4429.2,640
2026-09-19T00:00:00+05:30,4429.3,4429.7,4425.7,4426.6,1129
2026-09-19T00:06:00+05:30,4426.8,4426.8,4422.2,4422.7,1594
2026-09-19T00:12:00+05:30,4422.5,4423.1,4418.9,4421.7,2511
2026-09-19T00:18:00+05:30,4421.5,4422.6,4419.3,4420,1285
2026-09-19T00:24:00+05:30,4420,4420.9,4418.3,4420.8,1055
2026-09-19T00:30:00+05:30,4420.8,4422.6,4417.7,4422.4,1759
2026-09-19T00:36:00+05:30,4422.2,4423.8,4420,4423.7,1081
2026-09-19T00:42:00+05:30,4423.6,4424.6,4421.5,4422.5,876
2026-09-19T00:48:00+05:30,4422.2,4422.4,4419.8,4421,944
2026-09-19T00:54:00+05:30,4421,4421.8,4416.9,4418.7,1188
2026-09-19T01:00:00+05:30,4418.7,4420.5,4417.7,4418.4,698
2026-09-19T01:06:00+05:30,4418.4,4420.8,4418.4,4420.6,623
2026-09-19T01:12:00+05:30,4420.7,4421.5,4418.9,4420.9,717
2026-09-19T01:18:00+05:30,4420.9,4421.4,4416.5,4417.7,1333
2026-09-19T01:24:00+05:30,4417.5,4418,4413.5,4415.6,2113
2026-09-19T01:30:00+05:30,4415.6,4417.7,4414.4,4416.6,789
2026-09-19T01:36:00+05:30,4416.4,4419.1,4416.3,4418.1,750
2026-09-19T01:42:00+05:30,4417.9,4421.7,4417.4,4417.7,656
2026-09-19T01:48:00+05:30,4417.6,4421.4,4417.5,4421.3,485
2026-09-19T01:54:00+05:30,4421.1,4421.5,4419,4419.3,299
2026-09-19T02:00:00+05:30,4419.4,4421.2,4419.2,4419.8,290
2026-09-19T02:06:00+05:30,4419.6,4419.9,4417.2,4418.3,385
2026-09-19T02:12:00+05:30,4418.4,4419.4,4416,4416.3,481
2026-09-19T02:18:00+05:30,4416.1,4416.8,4414.5,4416.4,587
2026-09-19T02:24:00+05:30,4416,4417.5,4415.4,4416.4,456
2026-09-21T03:30:00+05:30,4412.7,4420.4,4409.3,4417.1,1930
2026-09-21T03:36:00+05:30,4417.4,4417.4,4412.2,4415.7,960
2026-09-21T03:42:00+05:30,4415.9,4417.9,4415.3,4416.6,533
2026-09-21T03:48:00+05:30,4416.9,4417.5,4412.9,4413.1,591
2026-09-21T03:54:00+05:30,4413.2,4415.5,4412.6,4414.2,639
2026-09-21T04:00:00+05:30,4414.1,4415.6,4413.4,4414.1,396
2026-09-21T04:06:00+05:30,4414.2,4416.4,4414.2,4415.5,473
2026-09-21T04:12:00+05:30,4415.7,4416,4412.5,4414.1,348
2026-09-21T04:18:00+05:30,4414.1,4414.1,4412,4413,474
2026-09-21T04:24:00+05:30,4413,4415.4,4412,4412,579
2026-09-21T04:30:00+05:30,4412.1,4413.1,4411.5,4411.7,392
2026-09-21T04:36:00+05:30,4411.9,4412.2,4409.8,4410.3,901
2026-09-21T04:42:00+05:30,4410.2,4411.8,4409.1,4411.4,507
2026-09-21T04:48:00+05:30,4411.5,4413.5,4410.8,4411.9,658
2026-09-21T04:54:00+05:30,4411.9,4413,4409.8,4412.8,450
2026-09-21T05:00:00+05:30,4412.5,4414.8,4411.7,4413.9,883
2026-09-21T05:06:00+05:30,4414.2,4415,4411.8,4412.2,636
2026-09-21T05:12:00+05:30,4412.2,4412.7,4406.8,4408,1136
2026-09-21T05:18:00+05:30,4408.2,4412.2,4407.9,4410,1071
2026-09-21T05:24:00+05:30,4410.2,4411.7,4408.8,4411.2,556
2026-09-21T05:30:00+05:30,4411.5,4411.6,4405.4,4408.4,1747
2026-09-21T05:36:00+05:30,4408.7,4410.9,4403.6,4404.4,1393
2026-09-21T05:42:00+05:30,4404.6,4405,4398.6,4398.8,1757
2026-09-21T05:48:00+05:30,4398.7,4402.4,4396.5,4402.1,1840
2026-09-21T05:54:00+05:30,4402.1,4408.1,4401.8,4406.3,1769
2026-09-21T06:00:00+05:30,4406,4409.7,4404,4408.7,1570
2026-09-21T06:06:00+05:30,4409.2,4414.3,4407.5,4408.7,2063
2026-09-21T06:12:00+05:30,4408.6,4409.8,4406.1,4407.8,1552
2026-09-21T06:18:00+05:30,4407.9,4409,4400,4405.2,3049
2026-09-21T06:24:00+05:30,4405.2,4407.7,4402.4,4404.9,1561
2026-09-21T06:30:00+05:30,4404.5,4414.5,4404.5,4412.6,3238
2026-09-21T06:36:00+05:30,4412.6,4418.9,4411.5,4415.8,2944
2026-09-21T06:42:00+05:30,4415.9,4422.2,4414.8,4421.5,2559
2026-09-21T06:48:00+05:30,4421.3,4421.6,4413.3,4415,1732
2026-09-21T06:54:00+05:30,4414.8,4418.8,4412.7,4413.3,1423
2026-09-21T07:00:00+05:30,4413.2,4418.5,4411.9,4415.9,1287
2026-09-21T07:06:00+05:30,4415.9,4419.3,4414,4418,869
2026-09-21T07:12:00+05:30,4418.1,4421.5,4414.9,4421.4,1169
2026-09-21T07:18:00+05:30,4421.3,4421.6,4414.6,4417.2,1319
2026-09-21T07:24:00+05:30,4417.1,4418.6,4413.9,4415.6,730
2026-09-21T07:30:00+05:30,4415.7,4416.2,4410.9,4411.3,1360
2026-09-21T07:36:00+05:30,4411.2,4413.9,4407.9,4408.7,1546
2026-09-21T07:42:00+05:30,4408.9,4410.4,4404.1,4405.1,1725
2026-09-21T07:48:00+05:30,4404.9,4405.1,4400.8,4401.4,1553
2026-09-21T07:54:00+05:30,4401.4,4407.7,4399,4407.2,2118
2026-09-21T08:00:00+05:30,4407.5,4411,4403.9,4405.1,2447
2026-09-21T08:06:00+05:30,4405.2,4408.4,4401.8,4404.8,1555
2026-09-21T08:12:00+05:30,4404.5,4408,4402.4,4406.1,1096
2026-09-21T08:18:00+05:30,4406.3,4407,4404.2,4404.9,743
2026-09-21T08:24:00+05:30,4404.8,4405.2,4400.4,4401.4,1002
2026-09-21T08:30:00+05:30,4401.4,4404.7,4396.6,4403.9,1952
2026-09-21T08:36:00+05:30,4403.7,4404.4,4396.6,4399,1458
2026-09-21T08:42:00+05:30,4399.2,4402.3,4399,4399.6,760
2026-09-21T08:48:00+05:30,4399.4,4403.4,4398.4,4399.5,797
2026-09-21T08:54:00+05:30,4399.7,4400.2,4396.7,4397.7,521
2026-09-21T09:00:00+05:30,4397.5,4405.6,4397.2,4402.2,1228
2026-09-21T09:06:00+05:30,4402.2,4405.2,4401.8,4404.4,685
2026-09-21T09:12:00+05:30,4404.4,4406.1,4402,4403,752
2026-09-21T09:18:00+05:30,4403.1,4403.3,4398,4398.4,869
2026-09-21T09:24:00+05:30,4398.4,4398.4,4393.5,4396.5,1504
2026-09-21T09:30:00+05:30,4396.7,4398.8,4394.7,4395.6,1113
2026-09-21T09:36:00+05:30,4395.7,4397.6,4392.5,4396.5,1231
2026-09-21T09:42:00+05:30,4396.7,4400.9,4396.7,4399.1,936
2026-09-21T09:48:00+05:30,4399.2,4403,4399.1,4401.1,837
2026-09-21T09:54:00+05:30,4401.4,4402.9,4398.8,4398.9,744
2026-09-21T10:00:00+05:30,4399.2,4400.4,4395.4,4400.1,1277
2026-09-21T10:06:00+05:30,4400.2,4400.2,4398.2,4399.1,297
2026-09-21T10:12:00+05:30,4399.2,4400.8,4398,4398,791
2026-09-21T10:18:00+05:30,4398.1,4399.5,4395.6,4395.7,603
2026-09-21T10:24:00+05:30,4395.6,4397.4,4392.2,4393.2,1079
2026-09-21T10:30:00+05:30,4393,4394.6,4391.1,4392.4,996
2026-09-21T10:36:00+05:30,4392.4,4393.5,4389.5,4392.3,1089
2026-09-21T10:42:00+05:30,4392.3,4393.8,4391.1,4391.2,553
2026-09-21T10:48:00+05:30,4391.2,4398.3,4391.1,4397.5,961
2026-09-21T10:54:00+05:30,4397.4,4398.6,4394.3,4394.7,937
2026-09-21T11:00:00+05:30,4394.5,4399.4,4388.4,4390.7,2245
2026-09-21T11:06:00+05:30,4390.6,4395.7,4390.6,4392.3,653
2026-09-21T11:12:00+05:30,4392.1,4393.3,4387.2,4389.8,1059
2026-09-21T11:18:00+05:30,4389.6,4393.2,4386.3,4392.7,1260
2026-09-21T11:24:00+05:30,4392.6,4392.6,4388,4388,695
2026-09-21T11:30:00+05:30,4388,4391.7,4386.5,4391.5,1054
2026-09-21T11:36:00+05:30,4391.7,4393.3,4389.1,4392.2,900
2026-09-21T11:42:00+05:30,4392,4392.2,4387.4,4388.5,787
2026-09-21T11:48:00+05:30,4388.7,4390,4385.2,4385.9,1183
2026-09-21T11:54:00+05:30,4385.9,4386.7,4383.5,4384.4,1142
2026-09-21T12:00:00+05:30,4384.4,4387.9,4384.4,4387.2,781
2026-09-21T12:06:00+05:30,4387.2,4391.5,4387.1,4390.7,923
2026-09-21T12:12:00+05:30,4390.7,4392.4,4388.2,4391.5,841
2026-09-21T12:18:00+05:30,4391.2,4392.3,4387.7,4390.3,794
2026-09-21T12:24:00+05:30,4390,4392,4388.8,4391,521
2026-09-21T12:30:00+05:30,4390.8,4393.3,4383.1,4391.8,2230
2026-09-21T12:36:00+05:30,4391.7,4394,4386.3,4386.4,1201
2026-09-21T12:42:00+05:30,4386.3,4393.2,4383.4,4390.2,1679
2026-09-21T12:48:00+05:30,4390.6,4392.4,4387.9,4389,776
2026-09-21T12:54:00+05:30,4388.7,4389.7,4384.4,4387.9,862
2026-09-21T13:00:00+05:30,4388.2,4391,4386.3,4390.2,573
2026-09-21T13:06:00+05:30,4390.1,4392.7,4383.3,4384.5,1308
2026-09-21T13:12:00+05:30,4384.2,4387.3,4378.6,4384.3,2529
2026-09-21T13:18:00+05:30,4384.1,4386.8,4383.8,4384.8,565
2026-09-21T13:24:00+05:30,4384.6,4386.3,4381.5,4381.5,671
2026-09-21T13:30:00+05:30,4381.5,4386.9,4380.7,4385.8,971
2026-09-21T13:36:00+05:30,4385.8,4388.9,4382.9,4388.9,1037
2026-09-21T13:42:00+05:30,4388.7,4391.6,4387.3,4390.8,1071
2026-09-21T13:48:00+05:30,4390.8,4392.5,4389.9,4392.3,617
2026-09-21T13:54:00+05:30,4392.4,4393,4390.5,4390.7,647
2026-09-21T14:00:00+05:30,4390.4,4394,4388,4392.9,1045
2026-09-21T14:06:00+05:30,4392.8,4394.6,4390.5,4393.5,789
2026-09-21T14:12:00+05:30,4393.5,4395.4,4391.2,4391.6,641
2026-09-21T14:18:00+05:30,4391.8,4394.1,4390.3,4391,470
2026-09-21T14:24:00+05:30,4391,4391.1,4387,4390.7,847
2026-09-21T14:30:00+05:30,4390.8,4391.6,4386.7,4388.4,850
2026-09-21T14:36:00+05:30,4388.4,4391.4,4388.4,4391.1,480
2026-09-21T14:42:00+05:30,4390.9,4392.5,4389.8,4391.8,414
2026-09-21T14:48:00+05:30,4391.4,4391.6,4388.8,4390.2,469
2026-09-21T14:54:00+05:30,4389.8,4389.8,4383.6,4383.7,975
2026-09-21T15:00:00+05:30,4383.8,4383.8,4376.5,4378.6,2640
2026-09-21T15:06:00+05:30,4378.9,4383.4,4378.6,4383.1,947
2026-09-21T15:12:00+05:30,4383.1,4386.4,4382.2,4384,657
2026-09-21T15:18:00+05:30,4383.9,4384.5,4381.5,4383,578
2026-09-21T15:24:00+05:30,4383,4385.5,4381.3,4384,509
2026-09-21T15:30:00+05:30,4383.4,4388.4,4383,4386.7,613
2026-09-21T15:36:00+05:30,4386.8,4390.2,4386.8,4389.9,867
2026-09-21T15:42:00+05:30,4390,4394.8,4389.2,4393,1000
2026-09-21T15:48:00+05:30,4393.3,4393.4,4388.3,4389.3,634
2026-09-21T15:54:00+05:30,4389.4,4390.3,4387.6,4388.5,440
2026-09-21T16:00:00+05:30,4388.5,4390.3,4387,4387.3,432
2026-09-21T16:06:00+05:30,4387.2,4388.1,4385.5,4386.1,630
2026-09-21T16:12:00+05:30,4386,4388.5,4385.4,4387.6,629
2026-09-21T16:18:00+05:30,4387.7,4387.7,4385,4385.4,425
2026-09-21T16:24:00+05:30,4385.5,4386.2,4380.1,4380.3,762
2026-09-21T16:30:00+05:30,4380.2,4384,4379.5,4382.8,1429
2026-09-21T16:36:00+05:30,4383.4,4384.7,4381,4383.5,551
2026-09-21T16:42:00+05:30,4383.4,4390.2,4383.4,4390,1185
2026-09-21T16:48:00+05:30,4390.2,4393.1,4389.8,4390.6,980
2026-09-21T16:54:00+05:30,4390.5,4391.6,4389.6,4391.3,526
2026-09-21T17:00:00+05:30,4391.2,4397.7,4389.6,4397.5,1348
2026-09-21T17:06:00+05:30,4397.6,4400.9,4397,4400.6,1585
2026-09-21T17:12:00+05:30,4400.5,4405.9,4400.2,4403.8,1611
2026-09-21T17:18:00+05:30,4404.2,4407.4,4402.7,4406.4,1260
2026-09-21T17:24:00+05:30,4406.5,4409.3,4404.2,4407.1,1572
2026-09-21T17:30:00+05:30,4407.3,4413.1,4400.1,4410.9,3002
2026-09-21T17:36:00+05:30,4410.9,4411.2,4404.6,4406.5,1617
2026-09-21T17:42:00+05:30,4406.4,4409.2,4405.5,4408,913
2026-09-21T17:48:00+05:30,4408.2,4408.4,4396,4396.5,2166
2026-09-21T17:54:00+05:30,4396.4,4396.5,4388.8,4393.4,2774
2026-09-21T18:00:00+05:30,4393.2,4397.7,4391.6,4393,1877
2026-09-21T18:06:00+05:30,4393,4397.2,4388.9,4396.9,1899
2026-09-21T18:12:00+05:30,4396.7,4401.8,4393.1,4394.2,2626
2026-09-21T18:18:00+05:30,4394.1,4397.2,4394,4394.6,854
2026-09-21T18:24:00+05:30,4394.5,4399.4,4391.3,4397.4,1385
2026-09-21T18:30:00+05:30,4397.3,4398.8,4393.6,4397.5,1445
2026-09-21T18:36:00+05:30,4397.3,4402.4,4396.4,4400.4,1558
2026-09-21T18:42:00+05:30,4400.2,4402.3,4398.4,4401.4,958
2026-09-21T18:48:00+05:30,4401.3,4403.1,4398.8,4401.8,986
2026-09-21T18:54:00+05:30,4402.2,4407.9,4401,4402.2,1858
2026-09-21T19:00:00+05:30,4402,4402.8,4390,4391.5,3310
2026-09-21T19:06:00+05:30,4391.4,4394.4,4387.5,4389.2,2436
2026-09-21T19:12:00+05:30,4389.3,4392.7,4386.6,4390.2,2146
2026-09-21T19:18:00+05:30,4390.1,4394.2,4386.8,4387.8,1734
2026-09-21T19:24:00+05:30,4388.1,4388.3,4383.4,4383.9,2435
2026-09-21T19:30:00+05:30,4383.9,4385,4360.6,4362.2,10273
2026-09-21T19:36:00+05:30,4362.1,4377.4,4360.6,4376.3,5673
2026-09-21T19:42:00+05:30,4376.3,4379.7,4374.4,4375,3081
2026-09-21T19:48:00+05:30,4374.7,4376.9,4372.1,4375.2,2098
2026-09-21T19:54:00+05:30,4375.3,4381.6,4374.1,4379.7,2436
2026-09-21T20:00:00+05:30,4379.6,4382.1,4373.8,4377.9,2631
2026-09-21T20:06:00+05:30,4377.9,4379.3,4372.8,4375.6,1935
2026-09-21T20:12:00+05:30,4375.7,4377.6,4369.7,4376.9,2157
2026-09-21T20:18:00+05:30,4377,4380.9,4373.4,4378.7,1618
2026-09-21T20:24:00+05:30,4378.9,4381,4373.5,4377,1663
2026-09-21T20:30:00+05:30,4377.2,4385.5,4377,4384.9,2612
2026-09-21T20:36:00+05:30,4384.9,4388.6,4384.1,4386.3,2029
2026-09-21T20:42:00+05:30,4386.3,4389.8,4385.1,4389,1251
2026-09-21T20:48:00+05:30,4388.8,4389.9,4386.7,4389.7,1158
2026-09-21T20:54:00+05:30,4389.7,4392.4,4388.2,4389.4,1578
2026-09-21T21:00:00+05:30,4389.6,4393.3,4388,4391.2,1500
2026-09-21T21:06:00+05:30,4391.2,4394.8,4386.6,4387.7,2625
2026-09-21T21:12:00+05:30,4387.6,4389.2,4386.3,4388.7,1216
2026-09-21T21:18:00+05:30,4388.8,4392.9,4384.5,4385.4,2209
2026-09-21T21:24:00+05:30,4385.6,4388.2,4384.9,4386.3,941
2026-09-21T21:30:00+05:30,4386.4,4389.8,4382.6,4388.5,1751
2026-09-21T21:36:00+05:30,4388.2,4395.2,4387,4393.3,2592
2026-09-21T21:42:00+05:30,4393.2,4393.3,4388.1,4391.9,1374
2026-09-21T21:48:00+05:30,4391.9,4395.9,4389.4,4389.7,1489
2026-09-21T21:54:00+05:30,4389.7,4390.3,4387.1,4389.1,1051
2026-09-21T22:00:00+05:30,4389,4391.1,4387.7,4388,737
2026-09-21T22:06:00+05:30,4388.1,4389.3,4386,4386.6,800
2026-09-21T22:12:00+05:30,4386.8,4387.1,4381.2,4383.7,1877
2026-09-21T22:18:00+05:30,4383.5,4385,4380.9,4382.3,1245
2026-09-21T22:24:00+05:30,4382.1,4383.7,4381,4381.3,820
2026-09-21T22:30:00+05:30,4381.5,4383,4379.7,4382.5,1075
2026-09-21T22:36:00+05:30,4382.4,4384.3,4382,4383.6,630
2026-09-21T22:42:00+05:30,4384.1,4385.6,4381.6,4381.7,1036
2026-09-21T22:48:00+05:30,4381.8,4383.3,4378.7,4381,1557
2026-09-21T22:54:00+05:30,4381.1,4385.1,4380.4,4384.4,1107
2026-09-21T23:00:00+05:30,4384.3,4385.1,4376.2,4377.7,2322
2026-09-21T23:06:00+05:30,4377.9,4380.4,4375.6,4380.2,1009
2026-09-21T23:12:00+05:30,4380.1,4381,4377.6,4379.8,769
2026-09-21T23:18:00+05:30,4380.3,4383.5,4380.3,4382.9,768
2026-09-21T23:24:00+05:30,4383,4384.7,4381.6,4382.7,846
2026-09-21T23:30:00+05:30,4382.8,4384.8,4382.1,4384.4,699
2026-09-21T23:36:00+05:30,4384.4,4389.1,4384.2,4388.2,1677
2026-09-21T23:42:00+05:30,4388.5,4391,4387.4,4389.8,851
2026-09-21T23:48:00+05:30,4390,4390.8,4388.6,4389.4,891
2026-09-21T23:54:00+05:30,4389.3,4389.8,4387.1,4389,809
2026-09-22T00:00:00+05:30,4389.2,4390.2,4386,4386.2,901
2026-09-22T00:06:00+05:30,4386.6,4386.9,4384.8,4385.2,728
2026-09-22T00:12:00+05:30,4385,4386.8,4384.2,4386.4,740
2026-09-22T00:18:00+05:30,4386,4387.3,4385.4,4387.1,494
2026-09-22T00:24:00+05:30,4387.2,4387.3,4383.7,4384.4,884
2026-09-22T00:30:00+05:30,4384.5,4384.5,4380.2,4381.7,1019
2026-09-22T00:36:00+05:30,4381.8,4384.7,4380.5,4384.6,695
2026-09-22T00:42:00+05:30,4384.4,4385.2,4382.9,4383.3,497
2026-09-22T00:48:00+05:30,4383.4,4385,4382.8,4384.5,306
2026-09-22T00:54:00+05:30,4384.6,4388.9,4383.3,4386.9,762
2026-09-22T01:00:00+05:30,4387,4391.5,4386.8,4391.1,1215
2026-09-22T01:06:00+05:30,4390.8,4392,4387.2,4387.4,1044
2026-09-22T01:12:00+05:30,4387.3,4387.6,4384.4,4385.4,886
2026-09-22T01:18:00+05:30,4384.9,4385.4,4382.5,4383.3,997
2026-09-22T01:24:00+05:30,4383.2,4384.4,4382.5,4383,720
2026-09-22T01:30:00+05:30,4383,4383.3,4379.4,4381.5,843
2026-09-22T01:36:00+05:30,4381.8,4382,4381.1,4381.3,293
2026-09-22T01:42:00+05:30,4381.6,4381.7,4378.1,4378.6,472
2026-09-22T01:48:00+05:30,4378.6,4379.8,4378.4,4379,291
2026-09-22T01:54:00+05:30,4378.9,4379.6,4377.8,4378.6,369
2026-09-22T02:00:00+05:30,4378.6,4380.6,4377.5,4379.1,555
2026-09-22T02:06:00+05:30,4379.3,4381.1,4378.5,4380.7,433
2026-09-22T02:12:00+05:30,4380.7,4380.7,4378.7,4379.4,300
2026-09-22T02:18:00+05:30,4379.3,4382.2,4379.1,4382.1,232
2026-09-22T02:24:00+05:30,4382.1,4382.3,4381.2,4381.4,357
2026-09-22T03:30:00+05:30,4382.3,4386.6,4381.4,4384.4,886
2026-09-22T03:36:00+05:30,4384.4,4387.9,4384,4387.6,708
2026-09-22T03:42:00+05:30,4387.6,4389.2,4386.5,4388.8,517
2026-09-22T03:48:00+05:30,4388.8,4390.8,4388.3,4389.1,574
2026-09-22T03:54:00+05:30,4389.3,4390.5,4387.6,4390,764
2026-09-22T04:00:00+05:30,4390.2,4390.7,4388.7,4389.4,431
2026-09-22T04:06:00+05:30,4389.4,4390.5,4388.9,4390.3,283
2026-09-22T04:12:00+05:30,4390.3,4395.9,4389.8,4395.4,1157
2026-09-22T04:18:00+05:30,4395.3,4400,4394.8,4399.3,1169
2026-09-22T04:24:00+05:30,4399.1,4403,4398.3,4398.5,1592
2026-09-22T04:30:00+05:30,4398.8,4403.9,4397.6,4401.5,1341
2026-09-22T04:36:00+05:30,4401.6,4403.6,4400.7,4403.3,628
2026-09-22T04:42:00+05:30,4403.1,4403.4,4396.8,4399.9,1492
2026-09-22T04:48:00+05:30,4400,4401.2,4396.1,4399.1,1050
2026-09-22T04:54:00+05:30,4399.1,4399.9,4395.2,4397.1,1091
2026-09-22T05:00:00+05:30,4397.3,4400.2,4395.5,4397.1,1228
2026-09-22T05:06:00+05:30,4397.2,4408.6,4397.2,4404.7,2521
2026-09-22T05:12:00+05:30,4405,4406.8,4403.9,4405.8,905
2026-09-22T05:18:00+05:30,4405.7,4408.7,4401.8,4403.4,1647
2026-09-22T05:24:00+05:30,4403.4,4408.4,4402.9,4406.8,1197
2026-09-22T05:30:00+05:30,4407,4414,4405,4410.5,3202
2026-09-22T05:36:00+05:30,4410.7,4413,4407.6,4408.9,1557
2026-09-22T05:42:00+05:30,4409.1,4410.7,4399.9,4399.9,1849
2026-09-22T05:48:00+05:30,4399.9,4400.6,4396.2,4399.4,2286
2026-09-22T05:54:00+05:30,4399.3,4399.3,4395.6,4396.2,1104
2026-09-22T06:00:00+05:30,4395.8,4397.2,4391.2,4391.5,1950
2026-09-22T06:06:00+05:30,4391.7,4394.8,4385.8,4388.4,2849
2026-09-22T06:12:00+05:30,4388.5,4394.9,4387.5,4392.1,2399
2026-09-22T06:18:00+05:30,4392.2,4397.4,4392,4396.3,1362
2026-09-22T06:24:00+05:30,4396.2,4398,4394.1,4397.6,1232
2026-09-22T06:30:00+05:30,4397.6,4400.8,4392.9,4396.2,3930
2026-09-22T06:36:00+05:30,4396.1,4402.7,4391.3,4391.5,2803
2026-09-22T06:42:00+05:30,4391.7,4395.5,4387,4388.6,2509
2026-09-22T06:48:00+05:30,4388.4,4394,4386.8,4393.5,1691
2026-09-22T06:54:00+05:30,4393.4,4396.3,4391.3,4393.3,1290
2026-09-22T07:00:00+05:30,4393,4393.8,4389.2,4390.8,1159
2026-09-22T07:06:00+05:30,4390.8,4394.8,4390.7,4391.5,996
2026-09-22T07:12:00+05:30,4391.6,4392.8,4384,4384.8,2198
2026-09-22T07:18:00+05:30,4384.4,4385.5,4380.7,4384.1,2182
2026-09-22T07:24:00+05:30,4384,4387,4383.3,4385.8,1066
2026-09-22T07:30:00+05:30,4386.1,4390.6,4384.7,4386.7,1562
2026-09-22T07:36:00+05:30,4387.2,4387.6,4378.5,4380.1,2013
2026-09-22T07:42:00+05:30,4380.2,4380.8,4376.3,4377.2,1428
2026-09-22T07:48:00+05:30,4377.2,4385.3,4377.2,4383.9,1561
2026-09-22T07:54:00+05:30,4383.7,4389.5,4383.6,4388.8,1117
2026-09-22T08:00:00+05:30,4388.9,4392.9,4385.8,4390.9,2418
2026-09-22T08:06:00+05:30,4390.8,4392.8,4386.2,4386.4,1151
2026-09-22T08:12:00+05:30,4386.4,4386.6,4379.3,4381,2023
2026-09-22T08:18:00+05:30,4380.7,4384,4379.5,4381.1,1133
2026-09-22T08:24:00+05:30,4380.7,4382.3,4377.3,4381.8,1303
2026-09-22T08:30:00+05:30,4381.6,4383,4378.3,4379.5,833
2026-09-22T08:36:00+05:30,4379.8,4380.6,4376.4,4379.4,1130
2026-09-22T08:42:00+05:30,4379.4,4383.7,4379.1,4382.1,849
2026-09-22T08:48:00+05:30,4382.6,4382.8,4378.4,4378.7,878
2026-09-22T08:54:00+05:30,4378.8,4383.2,4378.6,4383,562
2026-09-22T09:00:00+05:30,4383,4385.2,4381.6,4384.2,702
2026-09-22T09:06:00+05:30,4384.2,4386.4,4381.7,4382.3,871
2026-09-22T09:12:00+05:30,4382.3,4383.7,4377.9,4378.3,1080
2026-09-22T09:18:00+05:30,4378.5,4381.2,4378.3,4379,396
2026-09-22T09:24:00+05:30,4379,4380.2,4377.3,4378.4,551
2026-09-22T09:30:00+05:30,4378.4,4379,4371.3,4373.3,2331
2026-09-22T09:36:00+05:30,4373.5,4376.6,4372.6,4375.7,990
2026-09-22T09:42:00+05:30,4375.5,4376.5,4372.7,4373.7,951
2026-09-22T09:48:00+05:30,4373.5,4376.4,4372.7,4375,466
2026-09-22T09:54:00+05:30,4375.1,4376.4,4373.2,4374.5,608
2026-09-22T10:00:00+05:30,4374.3,4375.4,4373.1,4375.3,357
2026-09-22T10:06:00+05:30,4375.5,4378,4375.2,4376.6,638
2026-09-22T10:12:00+05:30,4376.9,4377.6,4375.8,4375.9,250
2026-09-22T10:18:00+05:30,4376,4379.3,4375.6,4378.7,600
2026-09-22T10:24:00+05:30,4378.7,4380,4377.1,4379.3,936
2026-09-22T10:30:00+05:30,4379.5,4380.8,4377.1,4378.4,935
2026-09-22T10:36:00+05:30,4378.2,4384.5,4377.8,4383.1,1088
2026-09-22T10:42:00+05:30,4383.1,4384,4381.2,4381.7,525
2026-09-22T10:48:00+05:30,4381.7,4381.8,4367.1,4369.7,2956
2026-09-22T10:54:00+05:30,4369.9,4370.4,4358.4,4368.6,3950
2026-09-22T11:00:00+05:30,4368.5,4370,4355,4355.6,4531
2026-09-22T11:06:00+05:30,4355.7,4361.3,4352.6,4360.9,2672
2026-09-22T11:12:00+05:30,4360.9,4365,4356.5,4364.4,1834
2026-09-22T11:18:00+05:30,4364.4,4370,4363.6,4366.2,1632
2026-09-22T11:24:00+05:30,4366.1,4366.5,4359.6,4360.2,1276
2026-09-22T11:30:00+05:30,4360.2,4361.3,4353.4,4355.7,1875
2026-09-22T11:36:00+05:30,4355.7,4357.2,4351.6,4352.4,2062
2026-09-22T11:42:00+05:30,4352.6,4357.6,4351.8,4356.1,1317
2026-09-22T11:48:00+05:30,4356.2,4356.6,4351.9,4356.2,1476
2026-09-22T11:54:00+05:30,4355.9,4357.2,4353.7,4354.8,779
2026-09-22T12:00:00+05:30,4354.7,4357.4,4353.5,4355.9,703
2026-09-22T12:06:00+05:30,4356,4357.1,4352,4356.7,783
2026-09-22T12:12:00+05:30,4357,4358.4,4354.1,4355.5,935
2026-09-22T12:18:00+05:30,4356,4358.6,4355.3,4356,737
2026-09-22T12:24:00+05:30,4355.6,4356.2,4350.4,4354.9,1370
2026-09-22T12:30:00+05:30,4354.9,4358.1,4354.1,4355,991
2026-09-22T12:36:00+05:30,4355,4358.8,4351.4,4357.8,930
2026-09-22T12:42:00+05:30,4358,4360.1,4355.1,4360.1,692
2026-09-22T12:48:00+05:30,4360,4361.2,4357.8,4357.9,814
2026-09-22T12:54:00+05:30,4358.1,4359.8,4351.5,4351.9,952
2026-09-22T13:00:00+05:30,4351.7,4352.3,4345.4,4348.6,2776
2026-09-22T13:06:00+05:30,4348.5,4350.7,4347.7,4347.8,888
2026-09-22T13:12:00+05:30,4347.6,4352.4,4345.2,4350.4,1405
2026-09-22T13:18:00+05:30,4350.2,4350.2,4337.3,4337.3,3033
2026-09-22T13:24:00+05:30,4337.8,4340.2,4335.5,4337.4,1928
2026-09-22T13:30:00+05:30,4337.2,4343.2,4335.1,4342.8,2084
2026-09-22T13:36:00+05:30,4342.6,4348.3,4340.8,4345.5,1542
2026-09-22T13:42:00+05:30,4345.8,4347,4336.8,4338.7,1335
2026-09-22T13:48:00+05:30,4338.4,4341.4,4336.9,4338.5,1062
2026-09-22T13:54:00+05:30,4339,4344.3,4333.4,4337.2,2378
2026-09-22T14:00:00+05:30,4337,4337.2,4327.5,4336.4,3359
2026-09-22T14:06:00+05:30,4336.5,4355.4,4336.2,4353.7,2782
2026-09-22T14:12:00+05:30,4353.9,4358,4352.1,4355.6,2735
2026-09-22T14:18:00+05:30,4355.6,4371.1,4355.1,4368.9,3170
2026-09-22T14:24:00+05:30,4368.8,4372.6,4363.6,4367,2458
2026-09-22T14:30:00+05:30,4366.9,4367.8,4354,4355,2328
2026-09-22T14:36:00+05:30,4355.2,4359.6,4353.7,4357.6,1854
2026-09-22T14:42:00+05:30,4357.5,4360.7,4353.1,4357.3,1492
2026-09-22T14:48:00+05:30,4357.5,4357.7,4352.7,4354.7,980
2026-09-22T14:54:00+05:30,4354.6,4355.7,4350.5,4351,959
2026-09-22T15:00:00+05:30,4351.3,4354.7,4349,4350.6,1758
2026-09-22T15:06:00+05:30,4350.2,4355.8,4349.1,4354.4,1052
2026-09-22T15:12:00+05:30,4354.3,4360.2,4353.1,4359.4,999
2026-09-22T15:18:00+05:30,4359.6,4371,4357.3,4369.8,2732
2026-09-22T15:24:00+05:30,4370,4375.2,4361.8,4373.9,3129
2026-09-22T15:30:00+05:30,4374,4375.3,4368.9,4371.4,1729
2026-09-22T15:36:00+05:30,4371.7,4374.2,4369.6,4369.6,715
2026-09-22T15:42:00+05:30,4369.6,4370.9,4366,4368.6,880
2026-09-22T15:48:00+05:30,4368.6,4368.6,4365.5,4366.7,607
2026-09-22T15:54:00+05:30,4367,4368.4,4365.6,4367,427
2026-09-22T16:00:00+05:30,4367,4368.9,4364.9,4365.2,545
2026-09-22T16:06:00+05:30,4365.2,4370.4,4365.1,4370.1,655
2026-09-22T16:12:00+05:30,4370.1,4371.3,4363.5,4365.4,982
2026-09-22T16:18:00+05:30,4365.5,4367.3,4363,4366.2,701
2026-09-22T16:24:00+05:30,4366.1,4366.1,4358.8,4358.8,823
2026-09-22T16:30:00+05:30,4358.7,4360.7,4354.9,4355.4,1186
2026-09-22T16:36:00+05:30,4355.4,4356.8,4346.2,4351,3205
2026-09-22T16:42:00+05:30,4351.1,4355.7,4348.4,4354.1,1520
2026-09-22T16:48:00+05:30,4354.1,4354.3,4349.2,4352.1,887
2026-09-22T16:54:00+05:30,4352.1,4355.7,4351.9,4354.8,876
2026-09-22T17:00:00+05:30,4355,4356.8,4350.7,4352.8,968
2026-09-22T17:06:00+05:30,4352.7,4357.3,4350.8,4357,713
2026-09-22T17:12:00+05:30,4357.1,4359,4353,4356.5,1335
2026-09-22T17:18:00+05:30,4356.5,4358.2,4355.6,4356.6,564
2026-09-22T17:24:00+05:30,4356.5,4360.7,4355,4359.9,1042
2026-09-22T17:30:00+05:30,4360.1,4364.2,4359.3,4361.9,1416
2026-09-22T17:36:00+05:30,4361.7,4362.7,4356.8,4360.1,1160
2026-09-22T17:42:00+05:30,4359.8,4363.3,4358.5,4361.1,747
2026-09-22T17:48:00+05:30,4361.1,4377.9,4361.1,4377.7,3350
2026-09-22T17:54:00+05:30,4377.6,4380,4368.7,4374.2,2487
2026-09-22T18:00:00+05:30,4374.2,4381.5,4372.5,4378.4,2509
2026-09-22T18:06:00+05:30,4378.4,4380.6,4374.2,4378.1,1551
2026-09-22T18:12:00+05:30,4378.1,4378.5,4368.3,4370.9,1879
2026-09-22T18:18:00+05:30,4371.1,4373.8,4368.3,4370.3,1346
2026-09-22T18:24:00+05:30,4370.8,4375.3,4370.3,4371.6,1645
2026-09-22T18:30:00+05:30,4371.5,4375.8,4367.6,4371.6,2510
2026-09-22T18:36:00+05:30,4371.7,4380.1,4368.5,4377.1,2295
2026-09-22T18:42:00+05:30,4377.1,4380.6,4374.7,4375.7,1459
2026-09-22T18:48:00+05:30,4375.9,4377.4,4368.8,4368.8,1684
2026-09-22T18:54:00+05:30,4368.8,4372.1,4366.7,4368.2,1553
2026-09-22T19:00:00+05:30,4368.2,4373.8,4367.5,4372.6,2053
2026-09-22T19:06:00+05:30,4372.5,4374.8,4365.1,4366.1,3091
2026-09-22T19:12:00+05:30,4366.5,4382.2,4365,4373.8,4169
2026-09-22T19:18:00+05:30,4373.9,4379.4,4373.2,4374.4,1962
2026-09-22T19:24:00+05:30,4374.7,4375.6,4367.5,4371.3,2339
2026-09-22T19:30:00+05:30,4370.8,4372.7,4365,4366.7,2497
2026-09-22T19:36:00+05:30,4366.6,4369.9,4365.7,4368.9,1323
2026-09-22T19:42:00+05:30,4369.1,4376.2,4365.6,4367.5,2394
2026-09-22T19:48:00+05:30,4367.6,4370.3,4362.3,4369,2432
2026-09-22T19:54:00+05:30,4369.2,4370.6,4362.6,4365.4,1480
2026-09-22T20:00:00+05:30,4365.7,4367.4,4359.2,4359.6,2627
2026-09-22T20:06:00+05:30,4359.2,4371.9,4355.1,4355.9,4677
2026-09-22T20:12:00+05:30,4355.7,4361.5,4351.9,4359.4,3206
2026-09-22T20:18:00+05:30,4359.3,4360.1,4357.2,4360,1132
2026-09-22T20:24:00+05:30,4360.2,4365.9,4360.2,4365.1,1596
2026-09-22T20:30:00+05:30,4365.6,4370,4362.7,4367.7,2133
2026-09-22T20:36:00+05:30,4368,4377.9,4367.6,4374.3,3595
2026-09-22T20:42:00+05:30,4374.2,4378.4,4372.6,4376.6,2427
2026-09-22T20:48:00+05:30,4376.4,4378,4372,4374.7,1880
2026-09-22T20:54:00+05:30,4374.7,4375.8,4369.7,4370.1,1384
2026-09-22T21:00:00+05:30,4369.7,4370.7,4365.1,4367.3,2081
2026-09-22T21:06:00+05:30,4367.5,4368.2,4364.5,4366.8,1259
2026-09-22T21:12:00+05:30,4366.5,4367.5,4362.5,4364.9,1552
2026-09-22T21:18:00+05:30,4364.8,4366,4363.2,4365.5,973
2026-09-22T21:24:00+05:30,4365.4,4369.6,4365.1,4368.7,1202
2026-09-22T21:30:00+05:30,4368.7,4369.9,4362,4363.9,1570
2026-09-22T21:36:00+05:30,4364.1,4364.3,4360.5,4361.6,1038
2026-09-22T21:42:00+05:30,4361.7,4362.4,4359.7,4361.7,1033
2026-09-22T21:48:00+05:30,4362.3,4364.5,4360.9,4362.5,963
2026-09-22T21:54:00+05:30,4362.9,4365,4362.4,4364.4,640
2026-09-22T22:00:00+05:30,4364.5,4366.4,4363.5,4365.3,687
2026-09-22T22:06:00+05:30,4365.3,4367.3,4364.8,4367,631
2026-09-22T22:12:00+05:30,4367.2,4370.7,4367.1,4369.1,1143
2026-09-22T22:18:00+05:30,4369.3,4379.9,4369.3,4375.7,4159
2026-09-22T22:24:00+05:30,4375.4,4377.2,4372.4,4374.3,1154
2026-09-22T22:30:00+05:30,4374,4376.5,4372.6,4376.5,744
2026-09-22T22:36:00+05:30,4376.7,4379.1,4374.8,4376.9,1008
2026-09-22T22:42:00+05:30,4377.2,4378.1,4375,4375.6,689
2026-09-22T22:48:00+05:30,4375.9,4377.7,4374.1,4374.5,637
2026-09-22T22:54:00+05:30,4374.6,4377.5,4373.2,4377.3,992
2026-09-22T23:00:00+05:30,4377.6,4378.1,4372.6,4374.4,731
2026-09-22T23:06:00+05:30,4374.5,4375.7,4373.6,4374,485
2026-09-22T23:12:00+05:30,4374.3,4378.3,4374.3,4378,575
2026-09-22T23:18:00+05:30,4378.1,4386.8,4376.9,4384.4,3640
2026-09-22T23:24:00+05:30,4384.3,4391,4384.1,4388.7,3016
2026-09-22T23:30:00+05:30,4388.8,4394.1,4385.4,4393,2457
2026-09-22T23:36:00+05:30,4393,4398.3,4392,4395.1,2487
2026-09-22T23:42:00+05:30,4395,4398.8,4394.9,4397,1832
2026-09-22T23:48:00+05:30,4397.1,4398.2,4392.9,4393.4,1471
2026-09-22T23:54:00+05:30,4393.3,4395.4,4391.7,4394.1,1124
2026-09-23T00:00:00+05:30,4394.4,4395,4389.4,4390.2,1240
2026-09-23T00:06:00+05:30,4390.2,4391.3,4386.2,4388,1419
2026-09-23T00:12:00+05:30,4388,4391.8,4387.2,4390.9,922
2026-09-23T00:18:00+05:30,4390.9,4392,4389.5,4391,794
2026-09-23T00:24:00+05:30,4390.9,4391.5,4388.4,4390.9,887
2026-09-23T00:30:00+05:30,4391,4393.5,4390.9,4391.9,1093
2026-09-23T00:36:00+05:30,4392.1,4396.1,4392.1,4395.9,1194
2026-09-23T00:42:00+05:30,4396.1,4396.7,4394,4394.8,702
2026-09-23T00:48:00+05:30,4394.9,4395.9,4393.6,4395.1,453
2026-09-23T00:54:00+05:30,4395,4399,4394.6,4397,2339
2026-09-23T01:00:00+05:30,4397.3,4408.9,4397.2,4408.3,3262
2026-09-23T01:06:00+05:30,4407.8,4409.6,4404.8,4406.8,2144
2026-09-23T01:12:00+05:30,4407,4408.7,4404.7,4408.2,1187
2026-09-23T01:18:00+05:30,4407.9,4408.3,4405.1,4406.2,1013
2026-09-23T01:24:00+05:30,4406.2,4406.3,4401.1,4402,1519
2026-09-23T01:30:00+05:30,4402,4402.7,4399,4399.4,1059
2026-09-23T01:36:00+05:30,4399.7,4400.9,4398.6,4398.9,629
2026-09-23T01:42:00+05:30,4398.9,4398.9,4396,4397.7,860
2026-09-23T01:48:00+05:30,4397.7,4398,4396.2,4397.9,276
2026-09-23T01:54:00+05:30,4397.6,4398.8,4397.2,4397.8,314
2026-09-23T02:00:00+05:30,4397.5,4398.3,4396,4396.2,418
2026-09-23T02:06:00+05:30,4396.2,4397.3,4395.3,4396.7,339
2026-09-23T02:12:00+05:30,4396.6,4397.3,4396,4396.1,354
2026-09-23T02:18:00+05:30,4396.3,4398.2,4395.8,4397.3,536
2026-09-23T02:24:00+05:30,4397.3,4397.8,4393.2,4396.1,582
2026-09-23T03:30:00+05:30,4393.7,4402,4393.6,4401.8,889
2026-09-23T03:36:00+05:30,4401.8,4403,4398.7,4400,1097
2026-09-23T03:42:00+05:30,4400.2,4402.5,4400.1,4401.2,528
2026-09-23T03:48:00+05:30,4401,4402.1,4400.5,4400.8,361
2026-09-23T03:54:00+05:30,4400.8,4404.3,4400.6,4402.9,803
2026-09-23T04:00:00+05:30,4403,4403.8,4401.5,4402.9,502
2026-09-23T04:06:00+05:30,4402.9,4403.1,4401.8,4402.4,262
2026-09-23T04:12:00+05:30,4402.4,4403.4,4400.7,4401.3,561
2026-09-23T04:18:00+05:30,4401.2,4401.4,4398.5,4401.2,553
2026-09-23T04:24:00+05:30,4401,4401.5,4399.6,4400.8,273
2026-09-23T04:30:00+05:30,4400.7,4403,4400.5,4401.2,567
2026-09-23T04:36:00+05:30,4401.2,4402.3,4400.6,4400.9,209
2026-09-23T04:42:00+05:30,4400.7,4402,4399,4401.2,603
2026-09-23T04:48:00+05:30,4401.4,4404.1,4401.3,4402.8,495
2026-09-23T04:54:00+05:30,4402.7,4403,4400.7,4402.4,237
2026-09-23T05:00:00+05:30,4402.4,4403.2,4401.4,4401.9,222
2026-09-23T05:06:00+05:30,4402,4403.2,4399.2,4402.9,676
2026-09-23T05:12:00+05:30,4402.7,4403.4,4398.4,4399.6,588
2026-09-23T05:18:00+05:30,4399.8,4399.9,4395.7,4398.8,1155
2026-09-23T05:24:00+05:30,4399.1,4403.4,4398.7,4401.5,998
2026-09-23T05:30:00+05:30,4401.4,4407.5,4400.4,4402.6,1787
2026-09-23T05:36:00+05:30,4402.1,4403.3,4399.2,4402.3,1109
2026-09-23T05:42:00+05:30,4402.3,4404.1,4401,4401.3,592
2026-09-23T05:48:00+05:30,4401,4402.8,4397.8,4398.2,1012
2026-09-23T05:54:00+05:30,4398,4399.5,4395.9,4396.5,865
2026-09-23T06:00:00+05:30,4396.2,4399.4,4395,4396.1,1108
2026-09-23T06:06:00+05:30,4396.3,4397.3,4392.4,4394.4,1948
2026-09-23T06:12:00+05:30,4394.1,4398.4,4392.8,4396,1103
2026-09-23T06:18:00+05:30,4395.8,4396.5,4394,4395.3,651
2026-09-23T06:24:00+05:30,4395.4,4395.9,4393.5,4394.9,560
2026-09-23T06:30:00+05:30,4395.4,4396.8,4387.4,4389.5,3353
2026-09-23T06:36:00+05:30,4389.7,4390.6,4383.4,4384.4,2298
2026-09-23T06:42:00+05:30,4384.3,4387,4383.3,4383.7,1577
2026-09-23T06:48:00+05:30,4384.2,4386.4,4382.7,4384.6,1097
2026-09-23T06:54:00+05:30,4385.1,4385.3,4379.6,4380.6,1952
2026-09-23T07:00:00+05:30,4380.7,4381.7,4378.6,4381.4,1644
2026-09-23T07:06:00+05:30,4381.2,4383.5,4378.9,4379.3,1500
2026-09-23T07:12:00+05:30,4379.4,4384,4379.3,4382.1,1094
2026-09-23T07:18:00+05:30,4381.9,4383.6,4379.4,4379.8,886
2026-09-23T07:24:00+05:30,4380,4380.1,4375.9,4378.5,2097
2026-09-23T07:30:00+05:30,4378.3,4378.3,4375,4376.4,1380
2026-09-23T07:36:00+05:30,4376.5,4376.5,4374.6,4375.5,779
2026-09-23T07:42:00+05:30,4375.8,4376,4371.9,4373.1,1373
2026-09-23T07:48:00+05:30,4373.2,4375,4370.8,4374.4,1545
2026-09-23T07:54:00+05:30,4374.6,4376.8,4374.3,4375.4,1379
2026-09-23T08:00:00+05:30,4375.6,4376,4373.4,4375.4,1116
2026-09-23T08:06:00+05:30,4375.5,4376,4368.8,4372.3,1800
2026-09-23T08:12:00+05:30,4372.2,4375,4371.8,4372.8,733
2026-09-23T08:18:00+05:30,4373.1,4374.2,4371.3,4373.2,829
2026-09-23T08:24:00+05:30,4373.1,4373.3,4370.1,4371,943
2026-09-23T08:30:00+05:30,4370.7,4372.5,4369.7,4372,872
2026-09-23T08:36:00+05:30,4371.9,4374.8,4371,4374.4,754
2026-09-23T08:42:00+05:30,4374.4,4376.7,4373.6,4374.5,1460
2026-09-23T08:48:00+05:30,4374.1,4376.5,4372.3,4376.4,721
2026-09-23T08:54:00+05:30,4376.4,4377.3,4374.7,4374.9,865
2026-09-23T09:00:00+05:30,4375,4377.7,4373.8,4376.9,648
2026-09-23T09:06:00+05:30,4377,4378.9,4375.6,4378.6,700
2026-09-23T09:12:00+05:30,4378.6,4379.5,4377.5,4379.1,681
2026-09-23T09:18:00+05:30,4379,4381.4,4378.5,4381,799
2026-09-23T09:24:00+05:30,4380.9,4382.2,4379.2,4379.3,1233
2026-09-23T09:30:00+05:30,4379.6,4382,4379.1,4381.7,727
2026-09-23T09:36:00+05:30,4382,4382.7,4381.1,4382.2,636
2026-09-23T09:42:00+05:30,4382.3,4383.9,4381.9,4382.8,794
2026-09-23T09:48:00+05:30,4383,4384.4,4381.7,4381.9,631
2026-09-23T09:54:00+05:30,4381.8,4382.8,4381.4,4382.6,415
2026-09-23T10:00:00+05:30,4382.4,4383.8,4381,4383,595
2026-09-23T10:06:00+05:30,4383.1,4383.5,4380.4,4380.8,605
2026-09-23T10:12:00+05:30,4380.9,4383,4380.4,4382.8,488
2026-09-23T10:18:00+05:30,4382.7,4384,4380.6,4380.8,514
2026-09-23T10:24:00+05:30,4380.9,4382.4,4380.7,4381.3,517
2026-09-23T10:30:00+05:30,4380.9,4383,4379.4,4382.5,1241
2026-09-23T10:36:00+05:30,4382.7,4383.1,4379.6,4380.1,544
2026-09-23T10:42:00+05:30,4380,4380.6,4378.9,4380,458
2026-09-23T10:48:00+05:30,4380.2,4380.3,4378.1,4380,546
2026-09-23T10:54:00+05:30,4379.9,4380.8,4377.5,4378.3,473
2026-09-23T11:00:00+05:30,4378.4,4379.5,4374,4374.9,1571
2026-09-23T11:06:00+05:30,4374.7,4374.8,4371.6,4373.3,1037
2026-09-23T11:12:00+05:30,4373.3,4373.3,4366.1,4368,2050
2026-09-23T11:18:00+05:30,4368.2,4369.7,4365.2,4369.5,1059
2026-09-23T11:24:00+05:30,4369.7,4372.6,4369.7,4371.8,1054
2026-09-23T11:30:00+05:30,4372,4374.2,4370.8,4371.8,1630
2026-09-23T11:36:00+05:30,4372,4372.7,4367.3,4367.8,1178
2026-09-23T11:42:00+05:30,4368.1,4368.4,4364.5,4365.9,1732
2026-09-23T11:48:00+05:30,4365.7,4367.3,4363,4365.3,1159
2026-09-23T11:54:00+05:30,4365.6,4368.5,4365.6,4366.1,663
2026-09-23T12:00:00+05:30,4366.3,4370.3,4365.7,4368.8,921
2026-09-23T12:06:00+05:30,4368.6,4371.8,4368.6,4370.7,564
2026-09-23T12:12:00+05:30,4370.9,4371.8,4367.7,4371.6,1009
2026-09-23T12:18:00+05:30,4371.8,4374.2,4369.7,4370.6,1240
2026-09-23T12:24:00+05:30,4370.5,4370.7,4367.1,4368.1,880
2026-09-23T12:30:00+05:30,4367.9,4369.8,4366.3,4366.8,962
2026-09-23T12:36:00+05:30,4366.5,4367.9,4363.3,4364.1,1264
2026-09-23T12:42:00+05:30,4363.9,4365.5,4360.9,4363.7,1962
2026-09-23T12:48:00+05:30,4363.9,4364.2,4361.9,4362.5,642
2026-09-23T12:54:00+05:30,4362.8,4363.2,4358.6,4360.5,1481
2026-09-23T13:00:00+05:30,4360.7,4362.3,4356.1,4356.2,1716
2026-09-23T13:06:00+05:30,4356.3,4360.2,4356.2,4358.4,943
2026-09-23T13:12:00+05:30,4358.4,4360.3,4357.8,4358.5,702
2026-09-23T13:18:00+05:30,4357.9,4361.9,4357.6,4359.6,916
2026-09-23T13:24:00+05:30,4359.6,4362.7,4355.6,4356.2,1407
2026-09-23T13:30:00+05:30,4356.2,4358.3,4355,4355.9,1173
2026-09-23T13:36:00+05:30,4355.6,4358,4353.9,4354.3,820
2026-09-23T13:42:00+05:30,4354.3,4357.4,4353.8,4355.2,810
2026-09-23T13:48:00+05:30,4355.1,4358.5,4354.2,4357.5,894
2026-09-23T13:54:00+05:30,4357.6,4360.1,4355.6,4355.8,798
2026-09-23T14:00:00+05:30,4356,4357.5,4353.2,4355.6,808
2026-09-23T14:06:00+05:30,4355.6,4357.3,4353,4355,780
2026-09-23T14:12:00+05:30,4354.9,4355,4352.2,4353.2,641
2026-09-23T14:18:00+05:30,4353.4,4356.2,4353.2,4354.1,848
2026-09-23T14:24:00+05:30,4354,4356.4,4353.4,4355,365
2026-09-23T14:30:00+05:30,4354.9,4357.5,4354.1,4354.5,779
2026-09-23T14:36:00+05:30,4354.6,4356.5,4354.2,4355.6,366
2026-09-23T14:42:00+05:30,4355.7,4357.3,4354.2,4354.9,406
2026-09-23T14:48:00+05:30,4354.6,4356.4,4352,4356.3,914
2026-09-23T14:54:00+05:30,4356.1,4357,4352.7,4353.8,722
2026-09-23T15:00:00+05:30,4353.8,4356,4350,4351.9,1390
2026-09-23T15:06:00+05:30,4351.8,4352.5,4350.8,4351.3,495
2026-09-23T15:12:00+05:30,4351.6,4353.6,4348.2,4349.1,991
2026-09-23T15:18:00+05:30,4349,4349.9,4345.1,4348.7,1694
2026-09-23T15:24:00+05:30,4349,4351.4,4348.5,4350.8,581
2026-09-23T15:30:00+05:30,4350.9,4355.8,4350.4,4353.7,1282
2026-09-23T15:36:00+05:30,4354.1,4354.7,4352.1,4353.1,640
2026-09-23T15:42:00+05:30,4352.9,4354,4352,4353.3,501
2026-09-23T15:48:00+05:30,4353.2,4354,4351.5,4351.7,444
2026-09-23T15:54:00+05:30,4351.9,4355,4350.9,4354.7,666
2026-09-23T16:00:00+05:30,4354.5,4356.3,4351.2,4351.7,1109
2026-09-23T16:06:00+05:30,4351.7,4353.7,4351.2,4352.3,504
2026-09-23T16:12:00+05:30,4352.7,4353.1,4349.6,4349.8,577
2026-09-23T16:18:00+05:30,4349.9,4351.8,4349,4351.3,735
2026-09-23T16:24:00+05:30,4351.3,4353,4350.8,4352.3,520
2026-09-23T16:30:00+05:30,4352.2,4353.9,4349.6,4351.3,781
2026-09-23T16:36:00+05:30,4351.1,4354.3,4350.4,4353.5,524
2026-09-23T16:42:00+05:30,4353.6,4353.6,4350.3,4350.7,444
2026-09-23T16:48:00+05:30,4350.5,4351.4,4341.3,4343,2315
2026-09-23T16:54:00+05:30,4342.7,4345.5,4340.5,4342.7,1740
2026-09-23T17:00:00+05:30,4343.1,4343.6,4337.4,4338.9,2063
2026-09-23T17:06:00+05:30,4339,4340.5,4330.9,4337.8,2788
2026-09-23T17:12:00+05:30,4338,4345.1,4337,4343.6,2301
2026-09-23T17:18:00+05:30,4343.6,4346.7,4340.5,4345.3,1500
2026-09-23T17:24:00+05:30,4345.6,4347,4344.7,4346.2,777
2026-09-23T17:30:00+05:30,4346.4,4351.2,4345.8,4350.7,1737
2026-09-23T17:36:00+05:30,4350.9,4353.5,4348.8,4352.8,1494
2026-09-23T17:42:00+05:30,4352.9,4355.7,4350.7,4350.7,1863
2026-09-23T17:48:00+05:30,4350.7,4353,4346.4,4348,1862
2026-09-23T17:54:00+05:30,4348.3,4351.4,4347,4347.7,1436
2026-09-23T18:00:00+05:30,4347.6,4347.6,4343.4,4343.6,1717
2026-09-23T18:06:00+05:30,4343.9,4345.4,4338.3,4340,2618
2026-09-23T18:12:00+05:30,4340.1,4343.7,4338.5,4342.5,1850
2026-09-23T18:18:00+05:30,4342.7,4342.7,4337.1,4338.1,1401
2026-09-23T18:24:00+05:30,4338.3,4347.7,4337.9,4346.2,2157
2026-09-23T18:30:00+05:30,4346.3,4347.2,4340.5,4341.7,2436
2026-09-23T18:36:00+05:30,4341.6,4342.7,4334.5,4337.4,1871
2026-09-23T18:42:00+05:30,4337.6,4343,4336,4340.2,1517
2026-09-23T18:48:00+05:30,4339.8,4343.4,4338.3,4341,888
2026-09-23T18:54:00+05:30,4341.6,4349.5,4340.7,4349.2,2067
2026-09-23T19:00:00+05:30,4349.3,4350.5,4335,4337,3387
2026-09-23T19:06:00+05:30,4336.9,4341.9,4335.8,4336.3,1978
2026-09-23T19:12:00+05:30,4336.5,4336.8,4317.1,4321,9322
2026-09-23T19:18:00+05:30,4320.9,4326.1,4318.8,4319.1,3419
2026-09-23T19:24:00+05:30,4319.1,4323.5,4317.6,4320.3,2666
2026-09-23T19:30:00+05:30,4320.3,4328.8,4319.9,4324,3952
2026-09-23T19:36:00+05:30,4324,4330.2,4321,4323.2,3238
2026-09-23T19:42:00+05:30,4323.4,4325.4,4314.4,4316.3,3437
2026-09-23T19:48:00+05:30,4316.6,4319.9,4314.3,4318.7,3050
2026-09-23T19:54:00+05:30,4319,4321.6,4313.6,4317.1,2553
2026-09-23T20:00:00+05:30,4316.9,4327.2,4316.7,4327,2889
2026-09-23T20:06:00+05:30,4327,4328.7,4318.5,4322.8,2757
2026-09-23T20:12:00+05:30,4322.9,4324.5,4320.2,4322.5,1347
2026-09-23T20:18:00+05:30,4322.9,4335.1,4320.4,4334.4,4621
2026-09-23T20:24:00+05:30,4334.2,4334.9,4326.9,4330.7,3345
2026-09-23T20:30:00+05:30,4330.6,4331.9,4325.5,4326.7,2353
2026-09-23T20:36:00+05:30,4327.1,4333.6,4325.8,4330.7,1409
2026-09-23T20:42:00+05:30,4331,4333.2,4326.1,4327.1,1402
2026-09-23T20:48:00+05:30,4327.1,4329.9,4326.2,4327.4,1286
2026-09-23T20:54:00+05:30,4327.6,4330.2,4319,4319.6,2656
2026-09-23T21:00:00+05:30,4319.7,4322,4316.4,4321.3,2549
2026-09-23T21:06:00+05:30,4321.3,4322,4314.7,4315.2,1678
2026-09-23T21:12:00+05:30,4315.2,4321.3,4315.2,4318,1611
2026-09-23T21:18:00+05:30,4318.2,4319.7,4313.3,4315.8,2214
2026-09-23T21:24:00+05:30,4316.3,4318.7,4316.2,4318.1,810
2026-09-23T21:30:00+05:30,4318.2,4319.6,4314.6,4316.4,1157
2026-09-23T21:36:00+05:30,4316.4,4320.6,4315.6,4318.6,1104
2026-09-23T21:42:00+05:30,4319,4321.2,4318.5,4320,832
2026-09-23T21:48:00+05:30,4320,4320.8,4318.6,4319.2,634
2026-09-23T21:54:00+05:30,4319.4,4322.2,4318.2,4322.2,925
2026-09-23T22:00:00+05:30,4322.1,4324.5,4321,4322.8,1487
2026-09-23T22:06:00+05:30,4322.8,4325.9,4322.8,4323,1229
2026-09-23T22:12:00+05:30,4323.3,4324,4320,4320.9,1448
2026-09-23T22:18:00+05:30,4320.9,4321.1,4314.9,4317.8,2192
2026-09-23T22:24:00+05:30,4318,4322.1,4317.8,4321,1309
2026-09-23T22:30:00+05:30,4321.2,4322,4311.4,4315.6,3709
2026-09-23T22:36:00+05:30,4315.9,4321.7,4314.6,4316.9,1430
2026-09-23T22:42:00+05:30,4317.1,4317.2,4312.7,4316,1432
2026-09-23T22:48:00+05:30,4316.2,4320.5,4314.8,4320,1081
2026-09-23T22:54:00+05:30,4319.6,4320.1,4317.1,4318.6,1410
2026-09-23T23:00:00+05:30,4318.5,4318.8,4313.3,4315.4,1430
2026-09-23T23:06:00+05:30,4315,4320.5,4310.7,4319.3,2475
2026-09-23T23:12:00+05:30,4319.2,4327.3,4318.8,4326.2,2545
2026-09-23T23:18:00+05:30,4326.1,4328.2,4325.1,4327.6,1297
2026-09-23T23:24:00+05:30,4327.8,4329.9,4325.2,4329.5,1173
2026-09-23T23:30:00+05:30,4329.6,4331.6,4325.9,4326.7,1747
2026-09-23T23:36:00+05:30,4326.7,4327.7,4325.6,4325.7,531
2026-09-23T23:42:00+05:30,4325.7,4327.4,4324.5,4326.8,699
2026-09-23T23:48:00+05:30,4326.9,4327.8,4324.2,4324.4,822
2026-09-23T23:54:00+05:30,4324.4,4324.7,4319.8,4322.3,1297
2026-09-24T00:00:00+05:30,4322.3,4323.7,4320.7,4323.5,709
2026-09-24T00:06:00+05:30,4323.6,4324.1,4320.6,4321.8,535
2026-09-24T00:12:00+05:30,4321.8,4322.8,4318.8,4320.9,869
2026-09-24T00:18:00+05:30,4320.9,4324.3,4320.8,4323.4,911
2026-09-24T00:24:00+05:30,4323.6,4327,4323.3,4326.7,1047
2026-09-24T00:30:00+05:30,4326.9,4327.1,4323.9,4324.9,573
2026-09-24T00:36:00+05:30,4324.9,4329.9,4324.9,4326.3,1020
2026-09-24T00:42:00+05:30,4326.3,4326.3,4319.7,4322,1255
2026-09-24T00:48:00+05:30,4322.1,4322.2,4319.7,4321.7,702
2026-09-24T00:54:00+05:30,4321.4,4323.8,4320.9,4323,807
2026-09-24T01:00:00+05:30,4323.2,4323.9,4320.1,4321.2,717
2026-09-24T01:06:00+05:30,4321.1,4321.7,4317.3,4319.5,1195
2026-09-24T01:12:00+05:30,4319.7,4322.9,4318,4321.9,729
2026-09-24T01:18:00+05:30,4322,4323.5,4320.4,4320.5,870
2026-09-24T01:24:00+05:30,4320.8,4321.2,4318.5,4320.6,944
2026-09-24T01:30:00+05:30,4320.3,4322.9,4319.7,4322.9,812
2026-09-24T01:36:00+05:30,4322.8,4324.2,4321.1,4321.1,466
2026-09-24T01:42:00+05:30,4321.3,4321.9,4320.4,4321.7,309
2026-09-24T01:48:00+05:30,4321.8,4322,4318.4,4320.3,424
2026-09-24T01:54:00+05:30,4320.4,4321.6,4320,4321.6,205
2026-09-24T02:00:00+05:30,4321.6,4322.2,4318.6,4319.9,577
2026-09-24T02:06:00+05:30,4319.9,4321.7,4319.1,4321.1,335
2026-09-24T02:12:00+05:30,4320.8,4322.4,4320.6,4321.8,415
2026-09-24T02:18:00+05:30,4321.9,4324.1,4321.4,4323.4,565
2026-09-24T02:24:00+05:30,4323.5,4326.7,4321.9,4322.9,796
2026-09-24T03:30:00+05:30,4323,4328.6,4322.9,4328.6,908
2026-09-24T03:36:00+05:30,4328.5,4329.1,4323.3,4323.7,1030
2026-09-24T03:42:00+05:30,4323.7,4324.3,4321.2,4322.5,1041
2026-09-24T03:48:00+05:30,4322.4,4327.3,4321.6,4325.9,933
2026-09-24T03:54:00+05:30,4325.5,4327.9,4323,4323.9,914
2026-09-24T04:00:00+05:30,4323.6,4324.4,4322.6,4323.9,749
2026-09-24T04:06:00+05:30,4323.7,4326.2,4322.4,4324.3,563
2026-09-24T04:12:00+05:30,4324.8,4325.4,4322.6,4325.4,464
2026-09-24T04:18:00+05:30,4325.4,4326.2,4322.4,4324.3,552
2026-09-24T04:24:00+05:30,4324.6,4326,4322.5,4324.4,577
2026-09-24T04:30:00+05:30,4324.4,4326.2,4323.8,4325.5,299
2026-09-24T04:36:00+05:30,4325.6,4326.6,4324.9,4326.1,307
2026-09-24T04:42:00+05:30,4326.1,4328.8,4325.6,4326.1,707
2026-09-24T04:48:00+05:30,4326.1,4326.7,4324.1,4325.3,535
2026-09-24T04:54:00+05:30,4325.3,4325.4,4323,4323.2,311
2026-09-24T05:00:00+05:30,4323.4,4324.2,4320.4,4321,788
2026-09-24T05:06:00+05:30,4320.9,4322.7,4320.5,4320.6,585
2026-09-24T05:12:00+05:30,4320.7,4324.2,4319.9,4323.7,766
2026-09-24T05:18:00+05:30,4323.7,4327,4323,4325.8,739
2026-09-24T05:24:00+05:30,4325.8,4327.1,4323.8,4323.8,759
2026-09-24T05:30:00+05:30,4324,4327.3,4323.4,4324.1,821
2026-09-24T05:36:00+05:30,4324,4327.2,4322.7,4323.4,883
2026-09-24T05:42:00+05:30,4323.1,4327,4322.2,4323.5,811
2026-09-24T05:48:00+05:30,4323.6,4324.4,4319.1,4321.6,1128
2026-09-24T05:54:00+05:30,4321.8,4327.7,4321.1,4327.4,1407
2026-09-24T06:00:00+05:30,4327.1,4329.8,4325.4,4327.4,1360
2026-09-24T06:06:00+05:30,4327.4,4329.7,4326.5,4328.5,601
2026-09-24T06:12:00+05:30,4328.6,4331,4326.9,4326.9,1179
2026-09-24T06:18:00+05:30,4326.8,4330.7,4326.5,4329.5,947
2026-09-24T06:24:00+05:30,4329.7,4334.6,4329.7,4333.5,1712
2026-09-24T06:30:00+05:30,4333.8,4334.3,4324.2,4325,3523
2026-09-24T06:36:00+05:30,4324.9,4334.4,4324.8,4332.4,2117
2026-09-24T06:42:00+05:30,4332.3,4338.4,4331.8,4333.8,2713
2026-09-24T06:48:00+05:30,4333.8,4335.6,4331.6,4332.1,1490
2026-09-24T06:54:00+05:30,4332.1,4335,4330.1,4334.4,1225
2026-09-24T07:00:00+05:30,4334.2,4336.2,4331.9,4332.7,1578
2026-09-24T07:06:00+05:30,4332.8,4333.4,4326.4,4328.5,1742
2026-09-24T07:12:00+05:30,4328.5,4328.6,4315,4323.3,3318
2026-09-24T07:18:00+05:30,4323.5,4324.1,4316,4321.1,2378
2026-09-24T07:24:00+05:30,4321.3,4321.3,4312,4314.5,2706
2026-09-24T07:30:00+05:30,4314.1,4314.7,4308.4,4308.7,4246
2026-09-24T07:36:00+05:30,4308.8,4312.8,4307.9,4312.5,1784
2026-09-24T07:42:00+05:30,4312.5,4321,4311.2,4319.7,2751
2026-09-24T07:48:00+05:30,4319.6,4321.4,4317,4319.6,1681
2026-09-24T07:54:00+05:30,4319.4,4322.4,4319.1,4320.9,1309
2026-09-24T08:00:00+05:30,4321.1,4329.1,4319.2,4326.5,3054
2026-09-24T08:06:00+05:30,4326.4,4331.2,4325,4330.6,1898
2026-09-24T08:12:00+05:30,4330.8,4332,4327.8,4329,1607
2026-09-24T08:18:00+05:30,4329.1,4330.1,4321.7,4323.4,2411
2026-09-24T08:24:00+05:30,4323.3,4327.8,4323,4325.7,1408
2026-09-24T08:30:00+05:30,4325.4,4328.8,4323.1,4323.3,1122
2026-09-24T08:36:00+05:30,4323.4,4323.6,4320,4321.1,1366
2026-09-24T08:42:00+05:30,4320.9,4323.9,4319.9,4323.8,936
2026-09-24T08:48:00+05:30,4323.8,4325.7,4321.5,4322,954
2026-09-24T08:54:00+05:30,4322.1,4323.7,4320.2,4320.9,666
2026-09-24T09:00:00+05:30,4320.9,4322.1,4318.2,4318.6,790
2026-09-24T09:06:00+05:30,4318.6,4320.9,4317.6,4319,1083
2026-09-24T09:12:00+05:30,4318.9,4319.6,4315.3,4319.1,1102
2026-09-24T09:18:00+05:30,4319.2,4319.2,4316.2,4318.3,649
2026-09-24T09:24:00+05:30,4318.2,4320.3,4317.3,4320.1,986
2026-09-24T09:30:00+05:30,4320.1,4321.7,4316.3,4318.5,1385
2026-09-24T09:36:00+05:30,4318.2,4320,4317.7,4320,392
2026-09-24T09:42:00+05:30,4319.8,4322,4318.1,4321.3,639
2026-09-24T09:48:00+05:30,4321.4,4323,4319.2,4319.9,627
2026-09-24T09:54:00+05:30,4319.9,4321.2,4318.6,4321.1,357
2026-09-24T10:00:00+05:30,4320.9,4324.1,4320.5,4323.7,473
2026-09-24T10:06:00+05:30,4323.7,4323.8,4320.8,4321.3,407
2026-09-24T10:12:00+05:30,4321.5,4322.7,4320.4,4322.7,243
2026-09-24T10:18:00+05:30,4322.8,4324.5,4322.3,4324.1,681
2026-09-24T10:24:00+05:30,4324,4324.9,4323.7,4324.2,312
2026-09-24T10:30:00+05:30,4324.4,4331.2,4324.2,4329.3,1858
2026-09-24T10:36:00+05:30,4329.3,4330.5,4326.5,4327,978
2026-09-24T10:42:00+05:30,4326.8,4327,4320.7,4323,910
2026-09-24T10:48:00+05:30,4323,4326.1,4322,4324.5,790
2026-09-24T10:54:00+05:30,4324.4,4326,4323.3,4324.9,478
2026-09-24T11:00:00+05:30,4325.4,4325.8,4318.7,4319.3,1575
2026-09-24T11:06:00+05:30,4319,4322,4316.6,4317.3,844
2026-09-24T11:12:00+05:30,4317.5,4320.3,4314.5,4319.5,1394
2026-09-24T11:18:00+05:30,4319.5,4319.8,4316,4316,646
2026-09-24T11:24:00+05:30,4316.1,4316.5,4312,4313.6,1206
2026-09-24T11:30:00+05:30,4313.8,4318,4313.2,4316.4,1275
2026-09-24T11:36:00+05:30,4316.5,4321.3,4316.4,4319.9,930
2026-09-24T11:42:00+05:30,4319.5,4320.2,4315.2,4318,800
2026-09-24T11:48:00+05:30,4317.8,4321.4,4315.5,4319.9,712
2026-09-24T11:54:00+05:30,4319.9,4320,4316.1,4317.3,658
2026-09-24T12:00:00+05:30,4316.5,4318.8,4313.8,4313.8,959
2026-09-24T12:06:00+05:30,4313.8,4316,4310,4312.1,1279
2026-09-24T12:12:00+05:30,4312.1,4314.5,4308.8,4309.5,1131
2026-09-24T12:18:00+05:30,4309.8,4313.1,4308.8,4312.6,772
2026-09-24T12:24:00+05:30,4312.5,4313.2,4310.7,4310.9,564
2026-09-24T12:30:00+05:30,4311.1,4318,4309,4318,1494
2026-09-24T12:36:00+05:30,4317.7,4320.3,4315.6,4317.1,1301
2026-09-24T12:42:00+05:30,4316.8,4323.3,4316.5,4320.4,1408
2026-09-24T12:48:00+05:30,4320.4,4322.3,4316.1,4316.9,950
2026-09-24T12:54:00+05:30,4316.8,4320.3,4316.1,4320.1,412
2026-09-24T13:00:00+05:30,4319.9,4323,4317.1,4320.3,923
2026-09-24T13:06:00+05:30,4320.5,4321.8,4315,4316,547
2026-09-24T13:12:00+05:30,4316,4320.5,4315.1,4316,724
2026-09-24T13:18:00+05:30,4316.2,4318.8,4313.7,4318.2,788
2026-09-24T13:24:00+05:30,4317.7,4318.7,4310.8,4313.4,984
2026-09-24T13:30:00+05:30,4313.2,4320.4,4312.4,4318.8,1446
2026-09-24T13:36:00+05:30,4318.5,4319,4314.5,4314.9,573
2026-09-24T13:42:00+05:30,4315.5,4315.6,4303.8,4305,2332
2026-09-24T13:48:00+05:30,4304.5,4308.1,4301.8,4302.6,2061
2026-09-24T13:54:00+05:30,4302.5,4303.1,4296.5,4298.6,2721
2026-09-24T14:00:00+05:30,4298.7,4308.3,4297.6,4301.6,2318
2026-09-24T14:06:00+05:30,4301.5,4303.4,4298.8,4301.7,881
2026-09-24T14:12:00+05:30,4301.6,4305.1,4300.5,4304,1095
2026-09-24T14:18:00+05:30,4303.7,4304.8,4297.1,4297.3,979
2026-09-24T14:24:00+05:30,4297.3,4297.7,4294.9,4295.8,1309
2026-09-24T14:30:00+05:30,4295.5,4301.8,4293,4294,1646
2026-09-24T14:36:00+05:30,4294.3,4299.9,4293.7,4298,975
2026-09-24T14:42:00+05:30,4297.9,4299.8,4295.1,4297.4,752
2026-09-24T14:48:00+05:30,4297.1,4299,4295.4,4297.3,582
2026-09-24T14:54:00+05:30,4297.3,4299.5,4289.3,4289.5,1448
2026-09-24T15:00:00+05:30,4289.8,4294.8,4288.7,4292.7,1379
2026-09-24T15:06:00+05:30,4292.9,4294,4288.9,4289.7,675
2026-09-24T15:12:00+05:30,4289.7,4289.7,4284.9,4287.9,1609
2026-09-24T15:18:00+05:30,4288.1,4290.8,4287,4288.9,991
2026-09-24T15:24:00+05:30,4288.8,4290.6,4287,4289.9,627
2026-09-24T15:30:00+05:30,4289.8,4293.9,4285.8,4286.8,1095
2026-09-24T15:36:00+05:30,4286.6,4292,4284.5,4289.9,1612
2026-09-24T15:42:00+05:30,4289.8,4290.4,4284.5,4285.9,1116
2026-09-24T15:48:00+05:30,4285.8,4287.6,4281.6,4281.8,1224
2026-09-24T15:54:00+05:30,4281.8,4286.8,4278.5,4279.9,2683
2026-09-24T16:00:00+05:30,4280.1,4291.9,4278.2,4291.8,2026
2026-09-24T16:06:00+05:30,4291.7,4297,4291.4,4295.3,1817
2026-09-24T16:12:00+05:30,4295.5,4297,4292.2,4294.2,969
2026-09-24T16:18:00+05:30,4294,4299.2,4292.1,4292.2,1709
2026-09-24T16:24:00+05:30,4292.1,4294.3,4290.1,4292.7,655
2026-09-24T16:30:00+05:30,4292.4,4295,4289.7,4290.5,666
2026-09-24T16:36:00+05:30,4290.8,4291.6,4286.3,4290.1,782
2026-09-24T16:42:00+05:30,4289.8,4298.4,4288.4,4293.3,1729
2026-09-24T16:48:00+05:30,4293.5,4302.4,4292.8,4299.8,1537
2026-09-24T16:54:00+05:30,4299.8,4302.3,4298,4298.1,1303
2026-09-24T17:00:00+05:30,4298.2,4300.5,4294.6,4295.8,887
2026-09-24T17:06:00+05:30,4296.3,4297,4292.5,4294.5,955
2026-09-24T17:12:00+05:30,4294.8,4295.9,4293,4294.5,426
2026-09-24T17:18:00+05:30,4294.5,4296,4294.2,4294.3,454
2026-09-24T17:24:00+05:30,4294.2,4300.9,4293.4,4300.5,1115
2026-09-24T17:30:00+05:30,4300.3,4301.8,4294.9,4296.7,1394
2026-09-24T17:36:00+05:30,4297.1,4300.9,4295.4,4299.9,844
2026-09-24T17:42:00+05:30,4300,4305.7,4300,4303.5,1453
2026-09-24T17:48:00+05:30,4303.5,4306.6,4302.3,4303.6,1234
2026-09-24T17:54:00+05:30,4303.8,4306.4,4301,4305.9,1648
2026-09-24T18:00:00+05:30,4305.9,4307.6,4299.1,4300.7,1917
2026-09-24T18:06:00+05:30,4300.8,4308.2,4299.7,4308,1518
2026-09-24T18:12:00+05:30,4308.2,4309.1,4304.4,4308.4,1443
2026-09-24T18:18:00+05:30,4308.5,4314.5,4307.1,4310.8,2330
2026-09-24T18:24:00+05:30,4310.9,4318.3,4310.9,4315.9,2410
2026-09-24T18:30:00+05:30,4316,4320.3,4314,4314.7,2822
2026-09-24T18:36:00+05:30,4314.8,4318,4311.7,4316.1,1757
2026-09-24T18:42:00+05:30,4316.2,4317.5,4311,4311.7,1441
2026-09-24T18:48:00+05:30,4312,4314.3,4310.6,4312.1,1049
2026-09-24T18:54:00+05:30,4312.2,4313.3,4310,4311.4,1256
2026-09-24T19:00:00+05:30,4311.5,4313,4305.8,4305.8,3157
2026-09-24T19:06:00+05:30,4306,4311.1,4302.3,4304,3769
2026-09-24T19:12:00+05:30,4304.2,4311.7,4304,4306.6,2746
2026-09-24T19:18:00+05:30,4306.4,4308.1,4300.9,4301.7,2360
2026-09-24T19:24:00+05:30,4301.9,4305,4299.5,4302.9,2663
2026-09-24T19:30:00+05:30,4302.9,4306.2,4300.4,4303.9,2927
2026-09-24T19:36:00+05:30,4303.9,4308.6,4302.3,4303.5,2295
2026-09-24T19:42:00+05:30,4303.4,4306.9,4298.1,4302.5,2901
2026-09-24T19:48:00+05:30,4302.3,4304.4,4296.5,4297,2437
2026-09-24T19:54:00+05:30,4296.9,4304,4295.8,4302.2,2575
2026-09-24T20:00:00+05:30,4302.4,4302.4,4291.4,4297.2,3566
2026-09-24T20:06:00+05:30,4297.2,4297.2,4289.4,4289.5,2337
2026-09-24T20:12:00+05:30,4289.6,4293.3,4288.8,4292,2114
2026-09-24T20:18:00+05:30,4292.1,4297.5,4291.5,4296.1,2211
2026-09-24T20:24:00+05:30,4296.2,4297,4287.2,4288.1,2357
2026-09-24T20:30:00+05:30,4288.3,4289.3,4284.6,4285.5,3130
2026-09-24T20:36:00+05:30,4285.5,4286.9,4283.4,4285.6,2087
2026-09-24T20:42:00+05:30,4285.3,4288.9,4279.6,4285.5,4112
2026-09-24T20:48:00+05:30,4285.3,4290.7,4284.2,4290.2,2030
2026-09-24T20:54:00+05:30,4290.3,4290.7,4283.9,4285.4,1885
2026-09-24T21:00:00+05:30,4285.4,4286,4281.3,4283.9,1758
2026-09-24T21:06:00+05:30,4284.1,4289.5,4283.6,4287.7,1927
2026-09-24T21:12:00+05:30,4287.7,4292,4287.3,4290.6,2243
2026-09-24T21:18:00+05:30,4290.6,4295.4,4288.5,4292.2,1993
2026-09-24T21:24:00+05:30,4292,4292.7,4289.5,4291.4,1050
2026-09-24T21:30:00+05:30,4291.5,4293.5,4288.9,4292.5,1248
2026-09-24T21:36:00+05:30,4292.3,4292.7,4287.1,4288.4,1208
2026-09-24T21:42:00+05:30,4288.5,4323.2,4287.8,4315.4,9683
2026-09-24T21:48:00+05:30,4315.8,4324,4306.9,4306.9,5791
2026-09-24T21:54:00+05:30,4306.9,4313.4,4306.4,4310.8,2422
2026-09-24T22:00:00+05:30,4311.2,4313.3,4304.1,4310.7,2415
2026-09-24T22:06:00+05:30,4310.9,4316.2,4309.6,4316,1589
2026-09-24T22:12:00+05:30,4316,4320.7,4307.8,4310.6,3351
2026-09-24T22:18:00+05:30,4310.5,4314,4305.8,4307.2,1617
2026-09-24T22:24:00+05:30,4307,4311.5,4306.7,4308.1,1050
2026-09-24T22:30:00+05:30,4308,4313.1,4303.9,4307,2636
2026-09-24T22:36:00+05:30,4307.1,4309,4301.4,4304.5,1772
2026-09-24T22:42:00+05:30,4304.4,4307.1,4301.1,4301.1,1325
2026-09-24T22:48:00+05:30,4301.3,4302.9,4296.2,4298.4,2104
2026-09-24T22:54:00+05:30,4298.3,4299.8,4294.5,4298.5,1817
2026-09-24T23:00:00+05:30,4298.3,4302.6,4297.5,4298.3,1395
2026-09-24T23:06:00+05:30,4298.2,4299,4295.7,4296.2,793
2026-09-24T23:12:00+05:30,4295.8,4297.4,4293.2,4296,1105
2026-09-24T23:18:00+05:30,4295.8,4296.7,4293.1,4295.6,732
2026-09-24T23:24:00+05:30,4295.7,4301.5,4294.9,4300.2,1180
2026-09-24T23:30:00+05:30,4300.2,4301,4291.2,4293.4,2593
2026-09-24T23:36:00+05:30,4293.1,4302.8,4293.1,4302,1665
2026-09-24T23:42:00+05:30,4302.1,4307.4,4302,4305.2,1666
2026-09-24T23:48:00+05:30,4305.2,4306.5,4302,4304.2,703
2026-09-24T23:54:00+05:30,4304,4310.6,4303.6,4309.8,1851
2026-09-25T00:00:00+05:30,4309.5,4312.3,4303.1,4303.4,1516
2026-09-25T00:06:00+05:30,4303.5,4317.2,4302.6,4310.2,3241
2026-09-25T00:12:00+05:30,4309.9,4310,4304.7,4306,675
2026-09-25T00:18:00+05:30,4306.1,4312.5,4305.8,4308.3,1101
2026-09-25T00:24:00+05:30,4308.4,4310,4306.6,4307,590
2026-09-25T00:30:00+05:30,4307,4308.1,4302,4303.6,1579
2026-09-25T00:36:00+05:30,4303.5,4305.6,4302.4,4303.3,533
2026-09-25T00:42:00+05:30,4303,4306.2,4302.4,4305.4,491
2026-09-25T00:48:00+05:30,4305.4,4308.1,4304.3,4308.1,597
2026-09-25T00:54:00+05:30,4307.9,4310.8,4306.6,4307.3,963
2026-09-25T01:00:00+05:30,4307.4,4308.6,4306.3,4307.3,455
2026-09-25T01:06:00+05:30,4307.5,4310.9,4306.7,4309,713
2026-09-25T01:12:00+05:30,4309.1,4311,4308.1,4310.3,544
2026-09-25T01:18:00+05:30,4310.4,4310.4,4307.5,4309,573
2026-09-25T01:24:00+05:30,4309.1,4310.1,4307.7,4309.2,634
2026-09-25T01:30:00+05:30,4309.2,4309.9,4306.6,4306.9,510
2026-09-25T01:36:00+05:30,4306.9,4307.9,4305.3,4307.8,357
2026-09-25T01:42:00+05:30,4307.9,4308.2,4301.2,4301.4,568
2026-09-25T01:48:00+05:30,4301.3,4301.8,4299.5,4300.8,693
2026-09-25T01:54:00+05:30,4300.6,4302.4,4299.7,4300.9,470
2026-09-25T02:00:00+05:30,4300.8,4303,4300.4,4302.5,422
2026-09-25T02:06:00+05:30,4302.4,4306.1,4301.2,4304.7,425
2026-09-25T02:12:00+05:30,4305.1,4308.2,4304.9,4306.8,454
2026-09-25T02:18:00+05:30,4306.9,4307.8,4306,4307.4,325
2026-09-25T02:24:00+05:30,4307.5,4311,4307.3,4310.3,429
2026-09-25T03:30:00+05:30,4310,4312.8,4305.3,4308,727
2026-09-25T03:36:00+05:30,4307.7,4309.4,4305.9,4306,323
2026-09-25T03:42:00+05:30,4306.2,4307.4,4305.5,4305.7,259
2026-09-25T03:48:00+05:30,4305.5,4305.7,4303,4304.4,439
2026-09-25T03:54:00+05:30,4304.4,4307.1,4304,4306.3,366
2026-09-25T04:00:00+05:30,4306.5,4308.9,4306,4306.2,434
2026-09-25T04:06:00+05:30,4306.2,4307.4,4304.2,4306.5,801
2026-09-25T04:12:00+05:30,4306.4,4307.8,4305.3,4305.9,316
2026-09-25T04:18:00+05:30,4306,4307.6,4305.8,4305.8,177
2026-09-25T04:24:00+05:30,4306.1,4309.8,4306.1,4307.5,629
2026-09-25T04:30:00+05:30,4307.4,4310.3,4307.3,4309.1,511
2026-09-25T04:36:00+05:30,4309.3,4310.2,4306.8,4308.3,1144
2026-09-25T04:42:00+05:30,4308.1,4309.9,4306.6,4307.9,813
2026-09-25T04:48:00+05:30,4307.7,4310.4,4307.3,4308.3,443
2026-09-25T04:54:00+05:30,4308.3,4308.6,4306.9,4307.4,256
2026-09-25T05:00:00+05:30,4307.4,4309.7,4305.8,4308.4,645
2026-09-25T05:06:00+05:30,4308.5,4311.4,4307.6,4309,704
2026-09-25T05:12:00+05:30,4309.3,4309.6,4307.9,4308.8,202
2026-09-25T05:18:00+05:30,4308.7,4308.7,4303.9,4304.4,642
2026-09-25T05:24:00+05:30,4304,4304,4299.8,4299.9,1104
2026-09-25T05:30:00+05:30,4300,4305.5,4299.2,4304.4,1261
2026-09-25T05:36:00+05:30,4304.5,4304.7,4301.9,4302,529
2026-09-25T05:42:00+05:30,4302,4303.8,4299.6,4302.8,879
2026-09-25T05:48:00+05:30,4302.6,4305.3,4301.3,4304.5,656
2026-09-25T05:54:00+05:30,4304.4,4305.5,4303,4305.3,534
2026-09-25T06:00:00+05:30,4305.4,4305.5,4302,4304.8,666
2026-09-25T06:06:00+05:30,4304.8,4307.3,4303.5,4306.6,654
2026-09-25T06:12:00+05:30,4306.5,4306.8,4304.9,4305.1,452
2026-09-25T06:18:00+05:30,4305.4,4309.7,4305,4308,1275
2026-09-25T06:24:00+05:30,4308.3,4316.2,4307.4,4313.3,1899
2026-09-25T06:30:00+05:30,4313.2,4318.6,4311.5,4316.8,2338
2026-09-25T06:36:00+05:30,4316.7,4323,4316.7,4322.4,1485
2026-09-25T06:42:00+05:30,4322.1,4326.8,4320,4326.1,2290
2026-09-25T06:48:00+05:30,4325.8,4328.8,4323.3,4327.5,2010
2026-09-25T06:54:00+05:30,4327.4,4329.7,4326.9,4329,1054
2026-09-25T07:00:00+05:30,4328.8,4330.4,4326.5,4328.8,1462
2026-09-25T07:06:00+05:30,4329.1,4331.1,4328.8,4329.8,853
2026-09-25T07:12:00+05:30,4330,4330.8,4323.6,4324.7,1502
2026-09-25T07:18:00+05:30,4324.6,4325,4321.4,4322.6,1617
2026-09-25T07:24:00+05:30,4322.7,4324.5,4322.3,4323.2,779
2026-09-25T07:30:00+05:30,4323.3,4328.1,4323.2,4327.2,1393
2026-09-25T07:36:00+05:30,4327.2,4330.6,4326.2,4328.1,1078
2026-09-25T07:42:00+05:30,4328,4328.5,4323,4324.7,1302
2026-09-25T07:48:00+05:30,4324.7,4327.9,4324.5,4325.8,1059
2026-09-25T07:54:00+05:30,4325.7,4326.8,4323,4323.4,583
2026-09-25T08:00:00+05:30,4323.3,4323.9,4321,4321.7,983
2026-09-25T08:06:00+05:30,4321.8,4323.4,4317.8,4318,1581
2026-09-25T08:12:00+05:30,4318.1,4323,4317.3,4317.9,1770
2026-09-25T08:18:00+05:30,4317.9,4318.1,4312.8,4315.7,2082
2026-09-25T08:24:00+05:30,4315.9,4319.3,4315.3,4319,1122
2026-09-25T08:30:00+05:30,4319.2,4321,4317.2,4319.7,1225
2026-09-25T08:36:00+05:30,4319.5,4322,4318.2,4319.1,1035
2026-09-25T08:42:00+05:30,4319.2,4319.9,4317.5,4317.9,583
2026-09-25T08:48:00+05:30,4318.1,4319.9,4317.6,4317.7,405
2026-09-25T08:54:00+05:30,4317.9,4318.3,4313,4313,1187
2026-09-25T09:00:00+05:30,4313.2,4313.4,4310.7,4311.2,1208
2026-09-25T09:06:00+05:30,4311.1,4311.4,4308.5,4309.6,1251
2026-09-25T09:12:00+05:30,4309.5,4311.2,4306.4,4306.9,1018
2026-09-25T09:18:00+05:30,4306.9,4308.1,4305.9,4306.5,735
2026-09-25T09:24:00+05:30,4306.6,4307.3,4304.3,4305,778
2026-09-25T09:30:00+05:30,4304.9,4306.7,4303,4306.2,1215
2026-09-25T09:36:00+05:30,4306.1,4306.7,4303.8,4304.7,749
2026-09-25T09:42:00+05:30,4305,4305.2,4302.5,4303.8,594
2026-09-25T09:48:00+05:30,4304,4304.8,4302.1,4304.4,589
2026-09-25T09:54:00+05:30,4304.5,4306.7,4304.4,4306,859
2026-09-25T10:00:00+05:30,4306,4307,4305.1,4306.1,666
2026-09-25T10:06:00+05:30,4306,4307.9,4305,4307.2,401
2026-09-25T10:12:00+05:30,4307.1,4308.4,4306,4306,658
2026-09-25T10:18:00+05:30,4306,4306.8,4301.5,4302.5,1291
2026-09-25T10:24:00+05:30,4302.1,4302.9,4296.2,4297.4,1849
2026-09-25T10:30:00+05:30,4297.3,4298.6,4293,4296.4,1739
2026-09-25T10:36:00+05:30,4296.1,4296.4,4290.8,4293.2,1255
2026-09-25T10:42:00+05:30,4293.8,4294.7,4290.1,4293.8,1351
2026-09-25T10:48:00+05:30,4294,4296.2,4293.8,4295.1,630
2026-09-25T10:54:00+05:30,4295.1,4299.5,4293.6,4298.5,955
2026-09-25T11:00:00+05:30,4298.4,4308.4,4297.3,4302.1,2308
2026-09-25T11:06:00+05:30,4302.1,4311.5,4299.9,4308.4,2930
2026-09-25T11:12:00+05:30,4308.7,4310.5,4306.6,4307.6,904
2026-09-25T11:18:00+05:30,4307.4,4307.5,4302.5,4303.2,1165
2026-09-25T11:24:00+05:30,4303.4,4304,4300.3,4301.5,791
2026-09-25T11:30:00+05:30,4301.1,4307,4300.5,4303.4,1333
2026-09-25T11:36:00+05:30,4303.9,4309.6,4301.9,4308.6,850
2026-09-25T11:42:00+05:30,4308.6,4316.4,4308.4,4314.7,2025
2026-09-25T11:48:00+05:30,4314.7,4316.3,4310.8,4311.2,1363
2026-09-25T11:54:00+05:30,4311.1,4314.4,4308.9,4310.2,1035
2026-09-25T12:00:00+05:30,4310.2,4312.8,4309.6,4312.5,448
2026-09-25T12:06:00+05:30,4312.2,4312.8,4309.6,4312.1,418
2026-09-25T12:12:00+05:30,4311.9,4313.4,4310.6,4310.6,440
2026-09-25T12:18:00+05:30,4310.5,4312.4,4309.5,4310.9,573
2026-09-25T12:24:00+05:30,4310.6,4313.2,4309.9,4311,415
2026-09-25T12:30:00+05:30,4311,4315.8,4308.5,4312.2,1267
2026-09-25T12:36:00+05:30,4312.5,4314.7,4310,4312.1,597
2026-09-25T12:42:00+05:30,4311.8,4312.8,4309.5,4310.6,571
2026-09-25T12:48:00+05:30,4310.8,4310.9,4307.3,4310.9,864
2026-09-25T12:54:00+05:30,4310.9,4310.9,4306.7,4309.1,683
2026-09-25T13:00:00+05:30,4309,4315,4306.5,4313.7,1159
2026-09-25T13:06:00+05:30,4313.5,4315.5,4309.7,4311.3,738
2026-09-25T13:12:00+05:30,4311.1,4315.9,4310.9,4314.6,489
2026-09-25T13:18:00+05:30,4314.6,4315.5,4312,4314.7,467
2026-09-25T13:24:00+05:30,4314.7,4317.1,4312.8,4314.6,744
2026-09-25T13:30:00+05:30,4315,4316.7,4309.8,4311.4,902
2026-09-25T13:36:00+05:30,4311.2,4315.5,4310.8,4315.4,520
2026-09-25T13:42:00+05:30,4315.1,4319.6,4314.4,4316.2,1086
2026-09-25T13:48:00+05:30,4316.2,4316.7,4314.2,4315.2,519
2026-09-25T13:54:00+05:30,4315,4320,4313.7,4319.4,684
2026-09-25T14:00:00+05:30,4319.1,4324.5,4318.8,4323.3,1092
2026-09-25T14:06:00+05:30,4323.1,4324.2,4320.3,4323.6,763
2026-09-25T14:12:00+05:30,4323.3,4333,4323.3,4327.5,2582
2026-09-25T14:18:00+05:30,4327.4,4329,4325.4,4327.7,977
2026-09-25T14:24:00+05:30,4327.8,4330.3,4326.6,4328.9,839
2026-09-25T14:30:00+05:30,4328.8,4333.3,4328.4,4330.4,1345
2026-09-25T14:36:00+05:30,4330.3,4333.7,4329.4,4331.1,818
2026-09-25T14:42:00+05:30,4331.1,4332.6,4327.6,4327.9,1180
2026-09-25T14:48:00+05:30,4327.9,4332.3,4326.5,4330.4,1194
2026-09-25T14:54:00+05:30,4330.1,4332.5,4325.4,4326.4,981
2026-09-25T15:00:00+05:30,4326.3,4333.3,4325.8,4332.6,1306
2026-09-25T15:06:00+05:30,4332.7,4332.8,4328.1,4329.3,921
2026-09-25T15:12:00+05:30,4329.1,4331.2,4327.7,4327.7,624
2026-09-25T15:18:00+05:30,4327.7,4329.5,4326.9,4328.8,661
2026-09-25T15:24:00+05:30,4328.9,4331,4326.7,4330.9,617
2026-09-25T15:30:00+05:30,4330.7,4334.4,4329.5,4334.2,870
2026-09-25T15:36:00+05:30,4334.3,4339.9,4332.4,4337.3,2113
2026-09-25T15:42:00+05:30,4336.9,4343.8,4335.9,4340.2,1840
2026-09-25T15:48:00+05:30,4340.2,4344.6,4339.2,4343.5,881
2026-09-25T15:54:00+05:30,4343.4,4345.4,4341.6,4344.1,873
2026-09-25T16:00:00+05:30,4344.2,4344.6,4340.7,4341.8,807
2026-09-25T16:06:00+05:30,4341.7,4342.7,4338,4338.8,784
2026-09-25T16:12:00+05:30,4338.8,4342,4338.7,4341.5,715
2026-09-25T16:18:00+05:30,4341.7,4342.4,4339.9,4342.1,530
2026-09-25T16:24:00+05:30,4342,4347.5,4342,4346.8,1111
2026-09-25T16:30:00+05:30,4346.9,4348.2,4345.1,4346.6,771
2026-09-25T16:36:00+05:30,4346.9,4351.6,4346.6,4350.8,1485
2026-09-25T16:42:00+05:30,4350.7,4350.8,4346.8,4346.8,1236
2026-09-25T16:48:00+05:30,4347.1,4347.9,4344.2,4345,1082
2026-09-25T16:54:00+05:30,4345,4347.3,4340.8,4341,997
2026-09-25T17:00:00+05:30,4340.9,4345.2,4339.4,4342.3,1568
2026-09-25T17:06:00+05:30,4342.1,4342.7,4336,4337.2,1403
2026-09-25T17:12:00+05:30,4337.3,4340.3,4335.9,4339.8,1116
2026-09-25T17:18:00+05:30,4339.7,4341,4338.7,4340.2,688
2026-09-25T17:24:00+05:30,4340.4,4341.5,4338.5,4338.7,667
2026-09-25T17:30:00+05:30,4339,4340.6,4337.6,4337.9,794
2026-09-25T17:36:00+05:30,4337.9,4340.8,4336,4339.7,954
2026-09-25T17:42:00+05:30,4339.5,4340,4333.9,4334.1,1597
2026-09-25T17:48:00+05:30,4334.1,4343.2,4333.1,4340.7,2312
2026-09-25T17:54:00+05:30,4341,4345.4,4338.3,4342.7,1619
2026-09-25T18:00:00+05:30,4342.6,4343,4335.4,4335.6,1898
2026-09-25T18:06:00+05:30,4335.5,4339.1,4334.4,4337,1313
2026-09-25T18:12:00+05:30,4336.7,4344.9,4332.4,4343.6,3592
2026-09-25T18:18:00+05:30,4343.4,4343.6,4332.3,4336.7,1741
2026-09-25T18:24:00+05:30,4336.5,4337.4,4333,4333.9,790
2026-09-25T18:30:00+05:30,4333.7,4335.2,4327,4329,2765
2026-09-25T18:36:00+05:30,4329.3,4333.8,4329.3,4331.8,1550
2026-09-25T18:42:00+05:30,4331.8,4333,4326.3,4328.3,1416
2026-09-25T18:48:00+05:30,4328.3,4328.5,4321.1,4321.1,2628
2026-09-25T18:54:00+05:30,4321.4,4322.2,4312.9,4313.4,3313
2026-09-25T19:00:00+05:30,4313.9,4317.4,4308.4,4315.1,4508
2026-09-25T19:06:00+05:30,4315,4319.9,4313.5,4316.9,2805
2026-09-25T19:12:00+05:30,4316.7,4318,4309.3,4311.3,2396
2026-09-25T19:18:00+05:30,4311.2,4318.7,4310,4316.9,2328
2026-09-25T19:24:00+05:30,4317.1,4317.2,4310.2,4311,1592
2026-09-25T19:30:00+05:30,4310.8,4313.3,4289.1,4290.4,8034
2026-09-25T19:36:00+05:30,4290.3,4302.3,4289.3,4300.1,4366
2026-09-25T19:42:00+05:30,4300.3,4302.8,4294.6,4297.2,2769
2026-09-25T19:48:00+05:30,4296.7,4304.7,4296.5,4303.7,2444
2026-09-25T19:54:00+05:30,4303.9,4306,4300.9,4301,1660
2026-09-25T20:00:00+05:30,4300.9,4302.4,4297.4,4301.6,2255
2026-09-25T20:06:00+05:30,4301.3,4308,4300.6,4304.6,2042
2026-09-25T20:12:00+05:30,4304.6,4312.3,4303.3,4309.6,2871
2026-09-25T20:18:00+05:30,4309.5,4314.4,4308,4310.1,2153
2026-09-25T20:24:00+05:30,4310.2,4315.6,4310.2,4314,1734
2026-09-25T20:30:00+05:30,4314.2,4317.7,4313.1,4315,1967
2026-09-25T20:36:00+05:30,4315.1,4316.5,4309,4310.6,1780
2026-09-25T20:42:00+05:30,4310.8,4316.1,4309.8,4315.1,1375
2026-09-25T20:48:00+05:30,4315.4,4315.5,4307,4312.9,2458
2026-09-25T20:54:00+05:30,4312.4,4316.5,4310.1,4314.4,1299
2026-09-25T21:00:00+05:30,4314.9,4321.9,4313.9,4318.2,3976
2026-09-25T21:06:00+05:30,4318,4318,4311.1,4313.3,1576
2026-09-25T21:12:00+05:30,4313.4,4313.6,4306.2,4308.9,2084
2026-09-25T21:18:00+05:30,4309,4310.1,4304.7,4307.5,1484
2026-09-25T21:24:00+05:30,4307.6,4326.6,4307.4,4326.4,4774
2026-09-25T21:30:00+05:30,4326.6,4335,4324.4,4329.4,5474
2026-09-25T21:36:00+05:30,4329,4336,4326.5,4328.2,3364
2026-09-25T21:42:00+05:30,4328,4329.3,4322.2,4325,2337
2026-09-25T21:48:00+05:30,4325.1,4326.3,4319.6,4322.1,2231
2026-09-25T21:54:00+05:30,4322.3,4328.3,4321,4327.5,1585
2026-09-25T22:00:00+05:30,4327.6,4328.6,4314.3,4321.4,3770
2026-09-25T22:06:00+05:30,4321.1,4324,4318.5,4320.9,1869
2026-09-25T22:12:00+05:30,4321.3,4324.6,4319.4,4320,949
2026-09-25T22:18:00+05:30,4320.1,4321.5,4317.3,4319.6,1235
2026-09-25T22:24:00+05:30,4319.7,4323.5,4318.8,4321.4,1730
2026-09-25T22:30:00+05:30,4321.5,4327.6,4320.5,4326.2,1725
2026-09-25T22:36:00+05:30,4326,4328.2,4324.7,4326.8,937
2026-09-25T22:42:00+05:30,4326.9,4328.3,4324.8,4325.8,609
2026-09-25T22:48:00+05:30,4326.1,4327,4324,4325.5,594
2026-09-25T22:54:00+05:30,4325.5,4328.4,4320,4321.5,1330
2026-09-25T23:00:00+05:30,4321.5,4322.9,4318.2,4318.3,1095
2026-09-25T23:06:00+05:30,4318.4,4323.3,4314.5,4322,2483
2026-09-25T23:12:00+05:30,4322.2,4323.4,4316.9,4317.6,814
2026-09-25T23:18:00+05:30,4317.7,4320.1,4317.3,4319.4,620
2026-09-25T23:24:00+05:30,4319.4,4320.4,4317.1,4318,554
2026-09-25T23:30:00+05:30,4318.3,4319.4,4317.7,4318.1,376
2026-09-25T23:36:00+05:30,4318.2,4320.9,4318.2,4318.8,528
2026-09-25T23:42:00+05:30,4318.8,4321.9,4318.5,4320.2,546
2026-09-25T23:48:00+05:30,4320.4,4323.7,4320.2,4323.5,699
2026-09-25T23:54:00+05:30,4323.7,4325.3,4319,4322.4,1913
2026-09-26T00:00:00+05:30,4322.3,4329.3,4322.2,4327.7,1267
2026-09-26T00:06:00+05:30,4327.8,4328.3,4322.4,4324.9,1420
2026-09-26T00:12:00+05:30,4324.8,4327.4,4324.2,4326,739
2026-09-26T00:18:00+05:30,4326.3,4331.3,4326.2,4329.8,1007
2026-09-26T00:24:00+05:30,4330.1,4330.4,4328.1,4329.8,869
2026-09-26T00:30:00+05:30,4329.7,4330.8,4323.2,4325.2,2104
2026-09-26T00:36:00+05:30,4325.6,4329.5,4325.5,4327.8,684
2026-09-26T00:42:00+05:30,4327.7,4332.3,4327.4,4328.9,826
2026-09-26T00:48:00+05:30,4329.1,4329.4,4324.6,4324.9,615
2026-09-26T00:54:00+05:30,4325.4,4326.2,4323,4324.2,805
2026-09-26T01:00:00+05:30,4324,4326.2,4323,4325.8,830
2026-09-26T01:06:00+05:30,4325.9,4329.7,4325.4,4328,1044
2026-09-26T01:12:00+05:30,4327.9,4329.7,4327.2,4329.1,571
2026-09-26T01:18:00+05:30,4329.3,4329.3,4325.8,4326,851
2026-09-26T01:24:00+05:30,4325.9,4327.1,4324.9,4326.6,797
2026-09-26T01:30:00+05:30,4326.8,4327.7,4325.7,4325.7,454
2026-09-26T01:36:00+05:30,4325.5,4327.4,4325.4,4326.6,247
2026-09-26T01:42:00+05:30,4326.6,4326.9,4325.5,4325.5,243
2026-09-26T01:48:00+05:30,4325.6,4326.1,4323.4,4324.2,446
2026-09-26T01:54:00+05:30,4324.5,4325.5,4322.5,4323,595
2026-09-26T02:00:00+05:30,4323,4323.3,4321.3,4321.8,622
2026-09-26T02:06:00+05:30,4321.5,4322.5,4321,4321.5,366
2026-09-26T02:12:00+05:30,4321.5,4322,4320,4320.6,406
2026-09-26T02:18:00+05:30,4320.7,4323.1,4320.5,4321.9,430
2026-09-26T02:24:00+05:30,4322,4322.5,4320.2,4320.7,499