time,open,high,low,close,Volume
2025-12-26T10:45:00+05:30,74.89,74.925,74.775,74.87,758
2025-12-26T11:00:00+05:30,74.875,75.17,74.875,75.105,2861
2025-12-26T11:15:00+05:30,75.11,75.28,75.03,75.21,2355
2025-12-26T11:30:00+05:30,75.205,75.26,74.96,75.08,1802
2025-12-26T11:45:00+05:30,75.075,75.215,75,75.17,1631
2025-12-26T12:00:00+05:30,75.18,75.245,75.08,75.17,1514
2025-12-26T12:15:00+05:30,75.16,75.175,74.67,74.82,2833
2025-12-26T12:30:00+05:30,74.81,74.97,74.79,74.945,1013
2025-12-26T12:45:00+05:30,74.935,75.015,74.77,74.825,899
2025-12-26T13:00:00+05:30,74.825,74.95,74.745,74.755,812
2025-12-26T13:15:00+05:30,74.745,74.93,74.72,74.83,787
2025-12-26T13:30:00+05:30,74.85,74.95,74.79,74.95,865
2025-12-26T13:45:00+05:30,74.95,75.04,74.86,74.985,639
2025-12-26T14:00:00+05:30,75,75.115,74.925,74.99,840
2025-12-26T14:15:00+05:30,74.99,75.165,74.985,75.135,649
2025-12-26T14:30:00+05:30,75.115,75.18,75.025,75.065,598
2025-12-26T14:45:00+05:30,75.07,75.11,75.005,75.045,372
2025-12-26T15:00:00+05:30,75.05,75.065,74.83,74.855,569
2025-12-26T15:15:00+05:30,74.86,75.015,74.85,74.96,395
2025-12-26T15:30:00+05:30,74.955,75.07,74.94,75.05,339
2025-12-26T15:45:00+05:30,75.045,75.83,75.015,75.755,3360
2025-12-26T16:00:00+05:30,75.76,75.79,75.15,75.32,3191
2025-12-26T16:15:00+05:30,75.305,75.33,74.91,75.115,1608
2025-12-26T16:30:00+05:30,75.12,75.13,74.285,74.49,4309
2025-12-26T16:45:00+05:30,74.495,74.67,73.62,73.89,5101
2025-12-26T17:00:00+05:30,73.915,74.2,73.57,74.12,4239
2025-12-26T17:15:00+05:30,74.1,74.515,73.885,74.485,2568
2025-12-26T17:30:00+05:30,74.485,74.5,74.21,74.35,1691
2025-12-26T17:45:00+05:30,74.37,74.445,74.245,74.4,1052
2025-12-26T18:00:00+05:30,74.4,74.54,74.4,74.445,929
2025-12-26T18:15:00+05:30,74.44,74.595,74.135,74.225,1497
2025-12-26T18:30:00+05:30,74.21,74.865,73.935,74.74,4594
2025-12-26T18:45:00+05:30,74.74,74.87,74.39,74.685,2545
2025-12-26T19:00:00+05:30,74.685,74.925,74.255,74.265,2872
2025-12-26T19:15:00+05:30,74.275,74.71,74.01,74.595,3156
2025-12-26T19:30:00+05:30,74.595,74.815,74.53,74.75,2564
2025-12-26T19:45:00+05:30,74.765,75.16,74.76,74.915,3803
2025-12-26T20:00:00+05:30,74.92,75.14,74.455,74.55,7620
2025-12-26T20:15:00+05:30,74.555,75.395,74.365,75.03,6951
2025-12-26T20:30:00+05:30,75.025,75.67,75.01,75.5,7271
2025-12-26T20:45:00+05:30,75.51,76.03,75.3,75.97,6810
2025-12-26T21:00:00+05:30,75.97,76.15,75.6,75.825,6157
2025-12-26T21:15:00+05:30,75.815,76.305,75.805,76.23,5487
2025-12-26T21:30:00+05:30,76.225,76.35,75.69,75.83,6702
2025-12-26T21:45:00+05:30,75.825,76.52,75.66,76.43,6871
2025-12-26T22:00:00+05:30,76.435,76.665,76.215,76.55,4981
2025-12-26T22:15:00+05:30,76.545,76.77,76.24,76.605,5338
2025-12-26T22:30:00+05:30,76.61,76.83,76.405,76.445,4339
2025-12-26T22:45:00+05:30,76.445,76.535,76.115,76.275,5654
2025-12-26T23:00:00+05:30,76.27,76.515,76.015,76.44,5072
2025-12-26T23:15:00+05:30,76.43,76.815,76.395,76.77,5021
2025-12-26T23:30:00+05:30,76.77,76.92,76.665,76.865,4148
2025-12-26T23:45:00+05:30,76.865,77.475,76.815,77.215,7961
2025-12-27T00:00:00+05:30,77.215,77.62,77.12,77.585,4836
2025-12-27T00:15:00+05:30,77.58,77.805,77.47,77.69,5679
2025-12-27T00:30:00+05:30,77.695,77.875,77.42,77.84,4121
2025-12-27T00:45:00+05:30,77.835,78.06,77.8,77.87,4840
2025-12-27T01:00:00+05:30,77.865,77.925,77.66,77.695,3263
2025-12-27T01:15:00+05:30,77.695,77.805,77.44,77.755,3595
2025-12-27T01:30:00+05:30,77.76,78.3,77.74,78.225,4931
2025-12-27T01:45:00+05:30,78.23,78.525,78.17,78.29,4683
2025-12-27T02:00:00+05:30,78.285,78.77,78.16,78.715,4337
2025-12-27T02:15:00+05:30,78.705,78.95,78.625,78.775,4631
2025-12-27T02:30:00+05:30,78.79,78.9,78.53,78.875,2994
2025-12-27T02:45:00+05:30,78.87,79.6,78.825,79.38,4236
2025-12-27T03:00:00+05:30,79.38,79.675,79.35,79.53,2922
2025-12-27T03:15:00+05:30,79.535,79.7,79.36,79.675,2099
2025-12-29T04:30:00+05:30,79.995,82.7,79.98,81.445,12493
2025-12-29T04:45:00+05:30,81.45,82.605,81.345,81.88,10138
2025-12-29T05:00:00+05:30,81.875,82.11,81.355,81.645,8195
2025-12-29T05:15:00+05:30,81.655,82.14,81.47,81.665,5819
2025-12-29T05:30:00+05:30,81.64,81.725,80.585,80.725,9992
2025-12-29T05:45:00+05:30,80.71,80.73,75.95,76.11,21114
2025-12-29T06:00:00+05:30,76.095,77.88,75.6,76.82,15546
2025-12-29T06:15:00+05:30,76.79,77.82,76.79,76.86,6981
2025-12-29T06:30:00+05:30,76.84,78.55,76.055,78.19,14246
2025-12-29T06:45:00+05:30,78.235,78.84,76.725,77.24,10162
2025-12-29T07:00:00+05:30,77.24,77.85,76.09,76.705,9287
2025-12-29T07:15:00+05:30,76.69,77.405,76.525,76.84,5969
2025-12-29T07:30:00+05:30,76.83,77.75,76.8,77.68,5677
2025-12-29T07:45:00+05:30,77.69,78.475,77.465,78.35,4511
2025-12-29T08:00:00+05:30,78.345,78.47,77.69,78.1,4567
2025-12-29T08:15:00+05:30,78.115,78.45,77.89,78.195,3427
2025-12-29T08:30:00+05:30,78.19,79.66,78.19,79.38,7085
2025-12-29T08:45:00+05:30,79.37,80.425,79.28,79.755,8302
2025-12-29T09:00:00+05:30,79.785,80.6,79.735,80.35,6454
2025-12-29T09:15:00+05:30,80.365,80.4,79.84,80.07,4310
2025-12-29T09:30:00+05:30,80.05,80.08,79.1,79.505,5642
2025-12-29T09:45:00+05:30,79.515,79.99,79.22,79.9,3358
2025-12-29T10:00:00+05:30,79.92,80.085,79.54,79.675,3196
2025-12-29T10:15:00+05:30,79.695,79.71,79.245,79.55,2935
2025-12-29T10:30:00+05:30,79.54,79.545,78.785,79.135,3762
2025-12-29T10:45:00+05:30,79.135,79.455,79.12,79.22,2296
2025-12-29T11:00:00+05:30,79.235,79.98,78.89,79.665,6051
2025-12-29T11:15:00+05:30,79.67,80.175,78.295,78.67,6268
2025-12-29T11:30:00+05:30,78.705,78.99,77.2,78.205,10786
2025-12-29T11:45:00+05:30,78.21,78.45,77.33,77.44,7940
2025-12-29T12:00:00+05:30,77.43,77.92,76.405,76.75,8402
2025-12-29T12:15:00+05:30,76.77,76.775,74.67,75.565,13236
2025-12-29T12:30:00+05:30,75.555,76.295,74.545,76.235,9700
2025-12-29T12:45:00+05:30,76.26,76.6,75.18,75.515,6818
2025-12-29T13:00:00+05:30,75.545,76.105,75.45,75.81,3474
2025-12-29T13:15:00+05:30,75.815,76.18,75.03,75.505,3993
2025-12-29T13:30:00+05:30,75.475,75.92,75.12,75.875,3139
2025-12-29T13:45:00+05:30,75.875,75.995,75.435,75.48,2185
2025-12-29T14:00:00+05:30,75.465,75.525,75.125,75.27,3033
2025-12-29T14:15:00+05:30,75.255,75.345,73.73,74.055,6133
2025-12-29T14:30:00+05:30,74.075,75.065,74.055,74.98,3868
2025-12-29T14:45:00+05:30,74.975,74.995,74.26,74.675,2302
2025-12-29T15:00:00+05:30,74.665,75.455,74.52,75.44,1873
2025-12-29T15:15:00+05:30,75.425,75.445,75.01,75.42,1513
2025-12-29T15:30:00+05:30,75.405,75.585,75.255,75.36,1184
2025-12-29T15:45:00+05:30,75.39,75.4,74.85,74.88,1320
2025-12-29T16:00:00+05:30,74.88,75.28,74.7,74.975,1275
2025-12-29T16:15:00+05:30,74.97,75.225,74.96,75.205,548
2025-12-29T16:30:00+05:30,75.18,75.2,74.79,74.94,992
2025-12-29T16:45:00+05:30,74.95,75.42,74.91,75.395,948
2025-12-29T17:00:00+05:30,75.365,75.4,74.62,74.94,1522
2025-12-29T17:15:00+05:30,74.945,74.96,73.43,73.91,4031
2025-12-29T17:30:00+05:30,73.895,74.52,73.89,74.43,2776
2025-12-29T17:45:00+05:30,74.42,74.81,74.35,74.79,1584
2025-12-29T18:00:00+05:30,74.77,74.98,74.595,74.855,1298
2025-12-29T18:15:00+05:30,74.855,74.97,74.475,74.94,1709
2025-12-29T18:30:00+05:30,74.93,75.89,74.68,75.155,5044
2025-12-29T18:45:00+05:30,75.175,75.47,74.15,74.435,4237
2025-12-29T19:00:00+05:30,74.425,74.425,72.43,73.005,6245
2025-12-29T19:15:00+05:30,73.035,73.475,72.285,73.36,7284
2025-12-29T19:30:00+05:30,73.355,73.355,71.56,72.275,11802
2025-12-29T19:45:00+05:30,72.255,72.485,71.67,71.895,5781
2025-12-29T20:00:00+05:30,71.915,72.695,71.34,72.205,9656
2025-12-29T20:15:00+05:30,72.195,72.93,72.16,72.29,7327
2025-12-29T20:30:00+05:30,72.275,72.34,71.475,72.09,7787
2025-12-29T20:45:00+05:30,72.065,72.115,70.505,70.76,9934
2025-12-29T21:00:00+05:30,70.75,71.345,70.275,71.03,8201
2025-12-29T21:15:00+05:30,71.025,71.325,70.615,71.03,5201
2025-12-29T21:30:00+05:30,71.03,71.865,70.935,71.505,6687
2025-12-29T21:45:00+05:30,71.51,71.515,70.725,70.895,6388
2025-12-29T22:00:00+05:30,70.91,71.55,70.855,71.36,4608
2025-12-29T22:15:00+05:30,71.355,72.255,71.35,71.975,5319
2025-12-29T22:30:00+05:30,72,72.21,71.595,71.94,5132
2025-12-29T22:45:00+05:30,71.935,72.015,71.325,71.525,4207
2025-12-29T23:00:00+05:30,71.535,71.56,70.86,71.03,4525
2025-12-29T23:15:00+05:30,71.01,71.365,71.01,71.09,3208
2025-12-29T23:30:00+05:30,71.095,71.265,70.48,70.71,6007
2025-12-29T23:45:00+05:30,70.715,70.92,70.215,70.385,7375
2025-12-30T00:00:00+05:30,70.38,71,70.31,70.83,4061
2025-12-30T00:15:00+05:30,70.84,71.335,70.81,71.195,3401
2025-12-30T00:30:00+05:30,71.2,71.4,70.845,71.375,3159
2025-12-30T00:45:00+05:30,71.385,71.45,71.165,71.3,2519
2025-12-30T01:00:00+05:30,71.31,71.68,71.31,71.56,2526
2025-12-30T01:15:00+05:30,71.555,71.89,71.485,71.815,2154
2025-12-30T01:30:00+05:30,71.82,72.58,71.8,72.565,3967
2025-12-30T01:45:00+05:30,72.575,72.59,72.235,72.495,3551
2025-12-30T02:00:00+05:30,72.5,72.595,71.84,72.15,3704
2025-12-30T02:15:00+05:30,72.155,72.36,71.965,72.265,2328
2025-12-30T02:30:00+05:30,72.265,72.27,71.79,71.84,2151
2025-12-30T02:45:00+05:30,71.845,71.97,71.505,71.56,1290
2025-12-30T03:00:00+05:30,71.555,71.685,71.43,71.525,1314
2025-12-30T03:15:00+05:30,71.525,71.72,71.52,71.595,780
2025-12-30T04:30:00+05:30,71.71,72.275,71.68,71.85,2391
2025-12-30T04:45:00+05:30,71.85,71.85,70.64,71.46,4513
2025-12-30T05:00:00+05:30,71.46,71.79,71.295,71.72,1710
2025-12-30T05:15:00+05:30,71.73,72.21,71.725,72.115,1947
2025-12-30T05:30:00+05:30,72.125,72.3,71.72,72.245,2518
2025-12-30T05:45:00+05:30,72.24,72.645,71.955,72.59,2841
2025-12-30T06:00:00+05:30,72.595,72.735,72.22,72.415,2708
2025-12-30T06:15:00+05:30,72.415,72.53,72.055,72.33,2797
2025-12-30T06:30:00+05:30,72.325,72.465,71.54,72.2,7366
2025-12-30T06:45:00+05:30,72.205,72.685,72.205,72.385,3863
2025-12-30T07:00:00+05:30,72.355,73.22,72.18,73.065,3814
2025-12-30T07:15:00+05:30,73.06,73.31,72.935,73.26,4189
2025-12-30T07:30:00+05:30,73.255,73.3,72.83,73.04,3364
2025-12-30T07:45:00+05:30,73.04,73.205,72.93,73.06,1565
2025-12-30T08:00:00+05:30,73.055,73.115,72.66,72.91,2932
2025-12-30T08:15:00+05:30,72.93,73.52,72.91,73.505,2997
2025-12-30T08:30:00+05:30,73.5,73.655,73.34,73.64,2546
2025-12-30T08:45:00+05:30,73.65,74.005,73.62,73.97,3723
2025-12-30T09:00:00+05:30,73.97,74.155,73.87,74.02,2720
2025-12-30T09:15:00+05:30,74.025,74.05,73.715,73.875,2122
2025-12-30T09:30:00+05:30,73.885,74.175,73.885,74.12,1823
2025-12-30T09:45:00+05:30,74.115,74.16,73.97,74.025,1578
2025-12-30T10:00:00+05:30,74.03,74.175,73.96,74.055,1188
2025-12-30T10:15:00+05:30,74.055,74.09,73.835,73.975,1320
2025-12-30T10:30:00+05:30,73.995,74.025,73.555,73.85,2555
2025-12-30T10:45:00+05:30,73.86,74.265,73.81,74.01,2514
2025-12-30T11:00:00+05:30,74,74.55,73.995,74.375,5168
2025-12-30T11:15:00+05:30,74.385,74.725,74.325,74.62,3294
2025-12-30T11:30:00+05:30,74.605,74.645,74.355,74.42,2975
2025-12-30T11:45:00+05:30,74.42,74.485,73.905,74.19,5524
2025-12-30T12:00:00+05:30,74.195,74.55,74.18,74.36,3459
2025-12-30T12:15:00+05:30,74.36,74.665,74.31,74.445,2750
2025-12-30T12:30:00+05:30,74.435,74.44,73.83,74.23,3337
2025-12-30T12:45:00+05:30,74.235,74.3,74.11,74.22,1775
2025-12-30T13:00:00+05:30,74.22,74.46,74.105,74.445,1498
2025-12-30T13:15:00+05:30,74.445,74.625,74.285,74.36,1949
2025-12-30T13:30:00+05:30,74.35,74.44,74.075,74.29,1929
2025-12-30T13:45:00+05:30,74.285,74.37,73.635,73.69,2669
2025-12-30T14:00:00+05:30,73.68,73.88,73.42,73.465,2783
2025-12-30T14:15:00+05:30,73.465,73.965,73.43,73.935,1942
2025-12-30T14:30:00+05:30,73.945,74.29,73.805,74.215,1809
2025-12-30T14:45:00+05:30,74.215,74.275,73.905,73.95,1646
2025-12-30T15:00:00+05:30,73.945,74.21,73.945,74.015,1148
2025-12-30T15:15:00+05:30,74.01,74.28,73.945,74.23,1063
2025-12-30T15:30:00+05:30,74.22,74.34,73.97,74.105,1325
2025-12-30T15:45:00+05:30,74.105,74.19,74.05,74.095,1094
2025-12-30T16:00:00+05:30,74.09,74.29,74.055,74.165,1376
2025-12-30T16:15:00+05:30,74.165,74.21,74.05,74.195,605
2025-12-30T16:30:00+05:30,74.2,74.475,74.2,74.425,1434
2025-12-30T16:45:00+05:30,74.435,74.525,74.375,74.48,992
2025-12-30T17:00:00+05:30,74.49,74.5,74.34,74.4,731
2025-12-30T17:15:00+05:30,74.39,74.51,74.345,74.465,803
2025-12-30T17:30:00+05:30,74.49,75.05,74.455,75.03,2576
2025-12-30T17:45:00+05:30,75.03,75.545,75.03,75.3,5152
2025-12-30T18:00:00+05:30,75.3,75.91,75.25,75.745,4557
2025-12-30T18:15:00+05:30,75.75,75.78,75.38,75.74,3558
2025-12-30T18:30:00+05:30,75.755,76.325,75.745,76.215,8734
2025-12-30T18:45:00+05:30,76.215,76.275,75.775,75.87,6414
2025-12-30T19:00:00+05:30,75.86,75.905,75.06,75.415,9169
2025-12-30T19:15:00+05:30,75.41,76.075,75.175,76.02,6331
2025-12-30T19:30:00+05:30,76.025,76.225,75.635,75.81,6651
2025-12-30T19:45:00+05:30,75.815,76.125,75.515,76.045,5522
2025-12-30T20:00:00+05:30,76.045,76.06,74.84,75.2,10468
2025-12-30T20:15:00+05:30,75.19,75.56,74.865,75.245,8216
2025-12-30T20:30:00+05:30,75.23,75.455,74.865,75.175,6417
2025-12-30T20:45:00+05:30,75.175,75.89,75.13,75.47,7176
2025-12-30T21:00:00+05:30,75.475,76.245,75.375,75.82,6820
2025-12-30T21:15:00+05:30,75.825,76.145,75.775,75.85,5139
2025-12-30T21:30:00+05:30,75.85,75.945,75.525,75.75,5061
2025-12-30T21:45:00+05:30,75.75,76.39,75.71,76.145,6320
2025-12-30T22:00:00+05:30,76.14,76.2,75.905,76.15,3737
2025-12-30T22:15:00+05:30,76.145,77.02,76.02,76.89,6960
2025-12-30T22:30:00+05:30,76.9,77.42,76.845,77.09,8668
2025-12-30T22:45:00+05:30,77.08,77.615,77.01,77.545,7615
2025-12-30T23:00:00+05:30,77.56,77.715,77.11,77.305,8047
2025-12-30T23:15:00+05:30,77.295,77.58,77.13,77.45,4650
2025-12-30T23:30:00+05:30,77.45,78.055,77.335,77.875,7517
2025-12-30T23:45:00+05:30,77.875,77.995,77.61,77.835,6841
2025-12-31T00:00:00+05:30,77.835,77.87,77.22,77.415,5398
2025-12-31T00:15:00+05:30,77.42,77.565,77.275,77.52,2784
2025-12-31T00:30:00+05:30,77.525,77.735,77.365,77.465,3061
2025-12-31T00:45:00+05:30,77.465,77.665,77.4,77.635,2231
2025-12-31T01:00:00+05:30,77.64,77.645,77.24,77.355,2931
2025-12-31T01:15:00+05:30,77.355,77.365,75.78,76.115,11586
2025-12-31T01:30:00+05:30,76.115,76.19,75.265,75.935,8544
2025-12-31T01:45:00+05:30,75.93,76.35,75.62,76.175,6642
2025-12-31T02:00:00+05:30,76.18,76.63,76.085,76.225,5417
2025-12-31T02:15:00+05:30,76.235,76.44,75.745,75.945,5446
2025-12-31T02:30:00+05:30,75.945,76.515,75.875,76.4,2744
2025-12-31T02:45:00+05:30,76.4,76.425,76.08,76.3,2022
2025-12-31T03:00:00+05:30,76.3,76.515,76.3,76.485,1173
2025-12-31T03:15:00+05:30,76.48,76.515,75.88,76.04,1952
2025-12-31T04:30:00+05:30,76.075,76.365,75.55,75.685,2052
2025-12-31T04:45:00+05:30,75.675,75.87,74.13,75.175,3631
2025-12-31T05:00:00+05:30,75.15,75.43,74.505,75.095,4474
2025-12-31T05:15:00+05:30,75.08,75.195,74.7,75.08,2820
2025-12-31T05:30:00+05:30,75.08,75.26,74.83,74.9,2042
2025-12-31T05:45:00+05:30,74.86,74.865,74.325,74.53,3469
2025-12-31T06:00:00+05:30,74.52,74.755,74.135,74.5,3261
2025-12-31T06:15:00+05:30,74.48,74.72,74.25,74.7,2802
2025-12-31T06:30:00+05:30,74.68,75.35,74.41,75.165,6158
2025-12-31T06:45:00+05:30,75.15,75.255,74.88,75.025,2882
2025-12-31T07:00:00+05:30,75.02,75.675,75.005,75.555,3219
2025-12-31T07:15:00+05:30,75.555,75.645,75.345,75.4,2207
2025-12-31T07:30:00+05:30,75.405,75.735,75.1,75.19,2984
2025-12-31T07:45:00+05:30,75.185,75.39,74.61,74.885,3315
2025-12-31T08:00:00+05:30,74.9,75.325,74.63,75.21,3427
2025-12-31T08:15:00+05:30,75.19,75.215,72.74,73.145,10113
2025-12-31T08:30:00+05:30,73.16,73.505,72.54,73.485,7197
2025-12-31T08:45:00+05:30,73.485,73.5,71.92,72.54,8747
2025-12-31T09:00:00+05:30,72.53,72.695,72.175,72.45,4098
2025-12-31T09:15:00+05:30,72.42,72.495,71.86,72.03,4369
2025-12-31T09:30:00+05:30,72.04,72.595,71.715,72.475,4118
2025-12-31T09:45:00+05:30,72.47,72.695,72.03,72.565,2833
2025-12-31T10:00:00+05:30,72.57,72.745,72.255,72.42,1880
2025-12-31T10:15:00+05:30,72.43,72.46,71.43,71.68,3861
2025-12-31T10:30:00+05:30,71.685,71.7,71.25,71.5,3537
2025-12-31T10:45:00+05:30,71.505,72.295,71.42,72.18,2823
2025-12-31T11:00:00+05:30,72.19,72.2,70.805,71.06,7012
2025-12-31T11:15:00+05:30,71.06,71.35,70.365,70.67,7257
2025-12-31T11:30:00+05:30,70.68,71.08,70.23,70.88,5519
2025-12-31T11:45:00+05:30,70.895,71.26,70.455,70.73,3945
2025-12-31T12:00:00+05:30,70.73,71.21,70.65,71.03,2249
2025-12-31T12:15:00+05:30,71.03,71.495,70.985,71.4,2551
2025-12-31T12:30:00+05:30,71.37,71.595,71.11,71.38,2931
2025-12-31T12:45:00+05:30,71.365,71.85,71.31,71.82,3010
2025-12-31T13:00:00+05:30,71.835,72.01,71.72,71.87,1954
2025-12-31T13:15:00+05:30,71.875,71.915,71.605,71.79,1697
2025-12-31T13:30:00+05:30,71.795,71.865,71.445,71.715,1926
2025-12-31T13:45:00+05:30,71.725,71.945,71.645,71.74,1722
2025-12-31T14:00:00+05:30,71.735,71.79,71.475,71.505,1261
2025-12-31T14:15:00+05:30,71.51,71.56,70.505,70.52,4267
2025-12-31T14:30:00+05:30,70.535,71.595,70.53,71.44,3997
2025-12-31T14:45:00+05:30,71.435,71.665,71.335,71.575,1718
2025-12-31T15:00:00+05:30,71.57,72.03,71.485,71.92,2145
2025-12-31T15:15:00+05:30,71.925,71.95,71.405,71.42,1910
2025-12-31T15:30:00+05:30,71.425,71.74,71.405,71.535,1714
2025-12-31T15:45:00+05:30,71.545,71.655,71.435,71.44,924
2025-12-31T16:00:00+05:30,71.435,71.435,71.045,71.255,2568
2025-12-31T16:15:00+05:30,71.27,71.47,71.22,71.395,1234
2025-12-31T16:30:00+05:30,71.395,71.625,71.215,71.565,1387
2025-12-31T16:45:00+05:30,71.57,71.655,71.415,71.47,918
2025-12-31T17:00:00+05:30,71.47,71.72,71.42,71.715,1064
2025-12-31T17:15:00+05:30,71.715,71.835,71.44,71.445,1717
2025-12-31T17:30:00+05:30,71.445,71.56,71.005,71.22,2477
2025-12-31T17:45:00+05:30,71.215,71.28,70.815,70.925,1976
2025-12-31T18:00:00+05:30,70.905,71.335,70.9,71.23,1855
2025-12-31T18:15:00+05:30,71.24,71.415,71.195,71.395,1335
2025-12-31T18:30:00+05:30,71.39,71.465,71.04,71.26,1752
2025-12-31T18:45:00+05:30,71.275,71.615,71.235,71.615,2084
2025-12-31T19:00:00+05:30,71.59,71.875,71.535,71.785,3347
2025-12-31T19:15:00+05:30,71.785,71.92,71.62,71.73,2908
2025-12-31T19:30:00+05:30,71.73,71.84,71.18,71.835,5182
2025-12-31T19:45:00+05:30,71.83,72.35,71.76,71.825,5346
2025-12-31T20:00:00+05:30,71.83,72.74,71.605,72.55,9169
2025-12-31T20:15:00+05:30,72.555,73.285,72.465,72.935,7010
2025-12-31T20:30:00+05:30,72.93,73.125,72.27,72.39,6685
2025-12-31T20:45:00+05:30,72.385,72.46,71.815,72.27,6357
2025-12-31T21:00:00+05:30,72.265,72.45,71.66,71.75,5803
2025-12-31T21:15:00+05:30,71.745,71.95,71.55,71.87,4753
2025-12-31T21:30:00+05:30,71.86,72.01,71.16,71.245,5592
2025-12-31T21:45:00+05:30,71.235,71.44,71.06,71.185,4404
2025-12-31T22:00:00+05:30,71.19,71.39,70.88,71.025,4293
2025-12-31T22:15:00+05:30,71.025,71.315,70.88,71.205,3676
2025-12-31T22:30:00+05:30,71.215,71.495,71.035,71.16,3712
2025-12-31T22:45:00+05:30,71.15,71.27,70.745,70.835,3738
2025-12-31T23:00:00+05:30,70.84,71.1,70.635,70.78,4120
2025-12-31T23:15:00+05:30,70.785,70.845,70.515,70.68,3741
2025-12-31T23:30:00+05:30,70.675,71.04,70.555,70.815,3653
2025-12-31T23:45:00+05:30,70.815,70.965,70.43,70.845,4565
2026-01-01T00:00:00+05:30,70.85,71.255,70.61,71.02,3591
2026-01-01T00:15:00+05:30,71.025,71.08,70.755,71.03,2384
2026-01-01T00:30:00+05:30,71.04,71.215,70.65,70.82,3670
2026-01-01T00:45:00+05:30,70.83,70.87,70.655,70.76,1616
2026-01-01T01:00:00+05:30,70.75,70.76,69.56,69.815,8966
2026-01-01T01:15:00+05:30,69.825,70.055,69.665,69.74,4657
2026-01-01T01:30:00+05:30,69.735,69.965,69.265,69.96,5049
2026-01-01T01:45:00+05:30,69.96,70.295,69.835,70.195,3969
2026-01-01T02:00:00+05:30,70.205,70.72,70.165,70.575,4197
2026-01-01T02:15:00+05:30,70.57,70.615,70.085,70.405,4027
2026-01-01T02:30:00+05:30,70.415,70.535,70.31,70.425,1489
2026-01-01T02:45:00+05:30,70.415,70.455,70.25,70.455,1036
2026-01-01T03:00:00+05:30,70.445,70.925,70.395,70.82,1455
2026-01-01T03:15:00+05:30,70.83,71,70.675,70.985,1665
2026-01-02T04:30:00+05:30,71.4,71.82,70.495,71.4,3485
2026-01-02T04:45:00+05:30,71.39,71.98,71.27,71.655,3174
2026-01-02T05:00:00+05:30,71.66,72.5,71.645,72.315,2579
2026-01-02T05:15:00+05:30,72.33,72.335,71.995,72.125,2561
2026-01-02T05:30:00+05:30,72.14,72.51,72.065,72.31,2069
2026-01-02T05:45:00+05:30,72.305,72.335,71.33,71.89,4652
2026-01-02T06:00:00+05:30,71.89,72.165,71.56,72.115,2855
2026-01-02T06:15:00+05:30,72.12,72.385,71.85,72.08,2628
2026-01-02T06:30:00+05:30,72.08,72.24,71.67,71.92,2575
2026-01-02T06:45:00+05:30,71.92,72.185,71.88,72.165,1480
2026-01-02T07:00:00+05:30,72.16,72.235,71.915,72.035,2038
2026-01-02T07:15:00+05:30,72.025,72.42,72,72.225,2220
2026-01-02T07:30:00+05:30,72.225,72.42,72.18,72.28,1842
2026-01-02T07:45:00+05:30,72.28,72.3,71.85,71.895,2946
2026-01-02T08:00:00+05:30,71.895,72.075,71.57,71.91,3933
2026-01-02T08:15:00+05:30,71.9,72.285,71.88,72.24,1683
2026-01-02T08:30:00+05:30,72.25,72.545,72.225,72.42,1901
2026-01-02T08:45:00+05:30,72.425,72.645,72.25,72.475,2654
2026-01-02T09:00:00+05:30,72.48,72.81,72.42,72.795,3099
2026-01-02T09:15:00+05:30,72.79,73.09,72.74,72.86,3278
2026-01-02T09:30:00+05:30,72.86,73.195,72.815,73.045,2989
2026-01-02T09:45:00+05:30,73.04,73.14,72.78,72.875,2453
2026-01-02T10:00:00+05:30,72.875,73,72.665,72.94,2132
2026-01-02T10:15:00+05:30,72.95,73.02,72.675,72.815,1999
2026-01-02T10:30:00+05:30,72.825,73.16,72.61,73.03,2590
2026-01-02T10:45:00+05:30,73.03,73.375,72.995,73.325,2717
2026-01-02T11:00:00+05:30,73.32,73.425,73.21,73.32,2133
2026-01-02T11:15:00+05:30,73.315,73.52,73.275,73.48,1897
2026-01-02T11:30:00+05:30,73.47,73.5,73.265,73.295,1677
2026-01-02T11:45:00+05:30,73.3,73.735,73.24,73.685,2682
2026-01-02T12:00:00+05:30,73.685,73.795,73.56,73.665,1753
2026-01-02T12:15:00+05:30,73.66,73.745,73.47,73.5,2018
2026-01-02T12:30:00+05:30,73.51,73.635,73.215,73.42,2614
2026-01-02T12:45:00+05:30,73.415,73.455,73.18,73.38,2057
2026-01-02T13:00:00+05:30,73.38,73.555,73.24,73.28,1846
2026-01-02T13:15:00+05:30,73.275,73.545,73.255,73.525,1456
2026-01-02T13:30:00+05:30,73.505,73.995,73.45,73.98,2478
2026-01-02T13:45:00+05:30,73.98,74.075,73.87,74.05,2171
2026-01-02T14:00:00+05:30,74.06,74.165,74.005,74.1,1466
2026-01-02T14:15:00+05:30,74.1,74.165,73.96,73.99,1586
2026-01-02T14:30:00+05:30,73.99,74.07,73.875,74.025,1171
2026-01-02T14:45:00+05:30,74.035,74.08,73.885,73.995,1088
2026-01-02T15:00:00+05:30,73.99,74.125,73.975,74.085,782
2026-01-02T15:15:00+05:30,74.09,74.11,73.93,73.94,789
2026-01-02T15:30:00+05:30,73.95,74.055,73.93,73.985,780
2026-01-02T15:45:00+05:30,73.985,74.045,73.77,73.93,1068
2026-01-02T16:00:00+05:30,73.94,74.045,73.83,74.01,887
2026-01-02T16:15:00+05:30,74.025,74.11,74.025,74.06,657
2026-01-02T16:30:00+05:30,74.06,74.13,74.025,74.11,509
2026-01-02T16:45:00+05:30,74.105,74.22,73.955,73.98,1132
2026-01-02T17:00:00+05:30,73.98,74.085,73.94,74.035,931
2026-01-02T17:15:00+05:30,74.045,74.045,73.665,73.785,1698
2026-01-02T17:30:00+05:30,73.775,73.905,73.68,73.84,1560
2026-01-02T17:45:00+05:30,73.835,73.91,73.735,73.77,1060
2026-01-02T18:00:00+05:30,73.785,73.83,73.37,73.525,2184
2026-01-02T18:15:00+05:30,73.535,73.63,73.34,73.575,1884
2026-01-02T18:30:00+05:30,73.575,73.73,73.455,73.67,1950
2026-01-02T18:45:00+05:30,73.68,73.71,73.08,73.28,5201
2026-01-02T19:00:00+05:30,73.275,73.51,73.23,73.45,3974
2026-01-02T19:15:00+05:30,73.45,73.76,73.4,73.49,3448
2026-01-02T19:30:00+05:30,73.5,73.845,73.46,73.72,3194
2026-01-02T19:45:00+05:30,73.715,74.115,73.63,73.92,3410
2026-01-02T20:00:00+05:30,73.925,73.985,72.84,73.195,10221
2026-01-02T20:15:00+05:30,73.19,73.74,73.135,73.23,7114
2026-01-02T20:30:00+05:30,73.235,73.54,72.635,72.88,8201
2026-01-02T20:45:00+05:30,72.885,73.035,72.31,72.485,7675
2026-01-02T21:00:00+05:30,72.5,73.035,72.25,72.935,6293
2026-01-02T21:15:00+05:30,72.93,72.965,72.12,72.21,6217
2026-01-02T21:30:00+05:30,72.19,72.26,71.31,71.385,9274
2026-01-02T21:45:00+05:30,71.375,71.66,71.18,71.61,7484
2026-01-02T22:00:00+05:30,71.61,71.885,71.265,71.86,5861
2026-01-02T22:15:00+05:30,71.855,71.92,71.365,71.8,5213
2026-01-02T22:30:00+05:30,71.795,72.075,71.59,71.99,4494
2026-01-02T22:45:00+05:30,71.995,72.22,71.84,72.095,4199
2026-01-02T23:00:00+05:30,72.105,72.265,71.605,71.675,4276
2026-01-02T23:15:00+05:30,71.68,71.76,71.325,71.375,3268
2026-01-02T23:30:00+05:30,71.37,71.49,70.88,71.015,4804
2026-01-02T23:45:00+05:30,71.025,71.295,70.89,71.07,5224
2026-01-03T00:00:00+05:30,71.08,71.275,70.93,71.095,3072
2026-01-03T00:15:00+05:30,71.115,71.305,71.04,71.26,2515
2026-01-03T00:30:00+05:30,71.26,71.725,71.255,71.71,3461
2026-01-03T00:45:00+05:30,71.71,71.785,71.53,71.585,2267
2026-01-03T01:00:00+05:30,71.585,72.15,71.585,71.885,3812
2026-01-03T01:15:00+05:30,71.875,71.885,71.38,71.445,2900
2026-01-03T01:30:00+05:30,71.445,71.755,71.38,71.72,1998
2026-01-03T01:45:00+05:30,71.705,72.245,71.615,72.2,2231
2026-01-03T02:00:00+05:30,72.195,72.2,71.94,71.96,1848
2026-01-03T02:15:00+05:30,71.97,72.105,71.855,72.095,1900
2026-01-03T02:30:00+05:30,72.095,72.13,71.91,72.015,1052
2026-01-03T02:45:00+05:30,72.02,72.025,71.9,71.93,520
2026-01-03T03:00:00+05:30,71.93,72.125,71.92,72.125,643
2026-01-03T03:15:00+05:30,72.115,72.275,72.09,72.24,849
2026-01-05T04:30:00+05:30,72.955,73.4,72.49,73.005,4967
2026-01-05T04:45:00+05:30,73.005,73.125,72.66,72.83,3974
2026-01-05T05:00:00+05:30,72.825,72.84,72.525,72.775,2761
2026-01-05T05:15:00+05:30,72.78,73.765,72.75,73.625,6896
2026-01-05T05:30:00+05:30,73.62,74.09,73.525,73.94,4438
2026-01-05T05:45:00+05:30,73.95,74.72,73.905,74.55,5323
2026-01-05T06:00:00+05:30,74.54,75.125,74.465,74.555,5533
2026-01-05T06:15:00+05:30,74.55,75.24,74.525,75.125,4224
2026-01-05T06:30:00+05:30,75.125,76.04,74.91,75.315,11506
2026-01-05T06:45:00+05:30,75.305,75.65,75.025,75.345,5704
2026-01-05T07:00:00+05:30,75.36,75.51,74.96,75.28,5144
2026-01-05T07:15:00+05:30,75.265,75.385,74.7,75.135,5002
2026-01-05T07:30:00+05:30,75.14,75.275,74.57,74.94,4780
2026-01-05T07:45:00+05:30,74.945,75.345,74.895,75.25,3287
2026-01-05T08:00:00+05:30,75.26,75.45,75.01,75.01,3658
2026-01-05T08:15:00+05:30,75.025,75.355,74.865,75.18,2460
2026-01-05T08:30:00+05:30,75.175,75.585,75.165,75.415,3384
2026-01-05T08:45:00+05:30,75.405,75.455,75.215,75.32,1747
2026-01-05T09:00:00+05:30,75.3,75.315,74.9,75.06,2174
2026-01-05T09:15:00+05:30,75.075,75.11,74.805,74.865,1379
2026-01-05T09:30:00+05:30,74.86,75.09,74.85,74.965,1251
2026-01-05T09:45:00+05:30,74.98,75.105,74.965,75.03,734
2026-01-05T10:00:00+05:30,75.005,75.2,74.965,75.165,972
2026-01-05T10:15:00+05:30,75.165,75.24,75.105,75.18,793
2026-01-05T10:30:00+05:30,75.165,75.225,75.015,75.135,966
2026-01-05T10:45:00+05:30,75.14,75.225,75.025,75.215,674
2026-01-05T11:00:00+05:30,75.205,75.31,74.655,74.74,3229
2026-01-05T11:15:00+05:30,74.74,75.145,74.71,75.11,1993
2026-01-05T11:30:00+05:30,75.11,75.29,75.04,75.2,2322
2026-01-05T11:45:00+05:30,75.19,75.405,75.135,75.31,2372
2026-01-05T12:00:00+05:30,75.32,75.35,75.135,75.155,2217
2026-01-05T12:15:00+05:30,75.15,75.33,75.14,75.275,1239
2026-01-05T12:30:00+05:30,75.29,75.36,75.19,75.25,1295
2026-01-05T12:45:00+05:30,75.25,75.29,75.16,75.205,876
2026-01-05T13:00:00+05:30,75.19,75.32,75.135,75.3,1010
2026-01-05T13:15:00+05:30,75.295,75.325,75.21,75.245,832
2026-01-05T13:30:00+05:30,75.25,75.61,75.235,75.585,1693
2026-01-05T13:45:00+05:30,75.595,75.77,75.505,75.505,1964
2026-01-05T14:00:00+05:30,75.505,75.645,75.375,75.61,1781
2026-01-05T14:15:00+05:30,75.605,75.66,75.545,75.56,1180
2026-01-05T14:30:00+05:30,75.56,75.71,75.5,75.665,1378
2026-01-05T14:45:00+05:30,75.66,75.735,75.575,75.69,1156
2026-01-05T15:00:00+05:30,75.68,75.955,75.66,75.875,1614
2026-01-05T15:15:00+05:30,75.895,76.02,75.79,75.96,1538
2026-01-05T15:30:00+05:30,75.96,75.97,75.78,75.865,980
2026-01-05T15:45:00+05:30,75.855,75.965,75.795,75.915,885
2026-01-05T16:00:00+05:30,75.92,76,75.86,75.865,869
2026-01-05T16:15:00+05:30,75.875,75.93,75.425,75.46,1717
2026-01-05T16:30:00+05:30,75.46,75.57,75.115,75.485,3285
2026-01-05T16:45:00+05:30,75.49,75.5,74.35,74.58,5741
2026-01-05T17:00:00+05:30,74.585,74.975,74.56,74.915,2424
2026-01-05T17:15:00+05:30,74.925,74.98,74.38,74.42,2636
2026-01-05T17:30:00+05:30,74.41,74.83,74.375,74.775,2812
2026-01-05T17:45:00+05:30,74.77,74.795,74.545,74.68,1315
2026-01-05T18:00:00+05:30,74.68,74.715,74.18,74.335,2412
2026-01-05T18:15:00+05:30,74.355,74.685,74.25,74.63,2619
2026-01-05T18:30:00+05:30,74.635,75.12,74.495,74.8,5201
2026-01-05T18:45:00+05:30,74.765,75.01,74.58,74.725,3782
2026-01-05T19:00:00+05:30,74.74,75.3,74.69,75.08,4156
2026-01-05T19:15:00+05:30,75.085,75.375,74.97,75.34,2874
2026-01-05T19:30:00+05:30,75.345,76.56,75.345,76.46,8869
2026-01-05T19:45:00+05:30,76.45,76.77,76.13,76.53,7089
2026-01-05T20:00:00+05:30,76.525,76.54,75.695,76.23,10597
2026-01-05T20:15:00+05:30,76.225,76.96,76.175,76.675,7187
2026-01-05T20:30:00+05:30,76.71,76.98,76.255,76.535,7007
2026-01-05T20:45:00+05:30,76.52,76.92,76.35,76.64,4817
2026-01-05T21:00:00+05:30,76.65,77.155,76.48,77.085,5447
2026-01-05T21:15:00+05:30,77.1,77.21,76.74,77.12,5309
2026-01-05T21:30:00+05:30,77.115,77.15,76.595,76.85,4093
2026-01-05T21:45:00+05:30,76.85,77.095,76.835,76.865,2694
2026-01-05T22:00:00+05:30,76.865,77.19,76.83,76.975,2783
2026-01-05T22:15:00+05:30,76.98,77.81,76.91,77.005,7135
2026-01-05T22:30:00+05:30,77.005,77.02,76.3,76.475,6960
2026-01-05T22:45:00+05:30,76.465,76.815,76.45,76.615,3314
2026-01-05T23:00:00+05:30,76.63,76.88,76.13,76.26,3437
2026-01-05T23:15:00+05:30,76.255,76.595,76.205,76.44,2700
2026-01-05T23:30:00+05:30,76.44,76.855,76.37,76.755,3086
2026-01-05T23:45:00+05:30,76.74,76.805,76.44,76.645,3118
2026-01-06T00:00:00+05:30,76.635,76.715,76.21,76.335,2406
2026-01-06T00:15:00+05:30,76.34,76.515,76.24,76.495,1764
2026-01-06T00:30:00+05:30,76.5,76.525,75.57,75.895,4492
2026-01-06T00:45:00+05:30,75.895,76.07,75.765,75.945,2313
2026-01-06T01:00:00+05:30,75.95,76.285,75.94,76.13,2076
2026-01-06T01:15:00+05:30,76.135,76.18,75.93,76.04,1516
2026-01-06T01:30:00+05:30,76.035,76.365,75.905,76.28,1705
2026-01-06T01:45:00+05:30,76.3,76.375,75.975,76.11,1569
2026-01-06T02:00:00+05:30,76.1,76.1,75.605,75.76,2346
2026-01-06T02:15:00+05:30,75.76,76.16,75.76,76.105,1637
2026-01-06T02:30:00+05:30,76.1,76.385,76.06,76.34,1095
2026-01-06T02:45:00+05:30,76.34,76.365,76.185,76.22,622
2026-01-06T03:00:00+05:30,76.21,76.455,76.205,76.415,750
2026-01-06T03:15:00+05:30,76.405,76.52,76.33,76.5,688
2026-01-06T04:30:00+05:30,76.51,76.85,76.1,76.115,2032
2026-01-06T04:45:00+05:30,76.115,76.19,75.76,76.07,2278
2026-01-06T05:00:00+05:30,76.085,76.24,75.89,76.21,1743
2026-01-06T05:15:00+05:30,76.21,76.28,75.91,76.06,1430
2026-01-06T05:30:00+05:30,76.06,76.19,75.97,76.105,1477
2026-01-06T05:45:00+05:30,76.11,76.26,76.095,76.23,1188
2026-01-06T06:00:00+05:30,76.24,76.375,76.035,76.185,2003
2026-01-06T06:15:00+05:30,76.185,76.24,76.105,76.16,1208
2026-01-06T06:30:00+05:30,76.16,76.415,75.695,76.41,6016
2026-01-06T06:45:00+05:30,76.4,76.55,76.045,76.145,4196
2026-01-06T07:00:00+05:30,76.145,76.48,75.91,76.33,3116
2026-01-06T07:15:00+05:30,76.34,76.71,76.23,76.56,2934
2026-01-06T07:30:00+05:30,76.565,77.235,76.415,77.22,4814
2026-01-06T07:45:00+05:30,77.215,77.535,77.035,77.485,3674
2026-01-06T08:00:00+05:30,77.475,77.885,77.275,77.49,7039
2026-01-06T08:15:00+05:30,77.485,77.885,77.465,77.65,3976
2026-01-06T08:30:00+05:30,77.67,78.27,77.67,78.135,4219
2026-01-06T08:45:00+05:30,78.13,78.895,78.12,78.585,6386
2026-01-06T09:00:00+05:30,78.585,78.735,78.505,78.645,2037
2026-01-06T09:15:00+05:30,78.64,78.785,78.525,78.735,1744
2026-01-06T09:30:00+05:30,78.74,79.05,78.615,78.675,2502
2026-01-06T09:45:00+05:30,78.67,78.935,78.575,78.665,2547
2026-01-06T10:00:00+05:30,78.66,78.72,78.345,78.485,1852
2026-01-06T10:15:00+05:30,78.49,78.75,78.41,78.62,1504
2026-01-06T10:30:00+05:30,78.61,78.83,78.54,78.635,1042
2026-01-06T10:45:00+05:30,78.625,78.92,78.615,78.875,1330
2026-01-06T11:00:00+05:30,78.87,79.28,78.72,78.775,5338
2026-01-06T11:15:00+05:30,78.795,78.91,78.015,78.275,5113
2026-01-06T11:30:00+05:30,78.285,78.705,78.21,78.615,3311
2026-01-06T11:45:00+05:30,78.63,78.905,78.56,78.84,2328
2026-01-06T12:00:00+05:30,78.84,78.975,78.61,78.78,2231
2026-01-06T12:15:00+05:30,78.78,78.92,78.58,78.725,1612
2026-01-06T12:30:00+05:30,78.71,78.8,78.48,78.54,1342
2026-01-06T12:45:00+05:30,78.56,78.695,78.35,78.52,1169
2026-01-06T13:00:00+05:30,78.52,78.625,78.35,78.37,988
2026-01-06T13:15:00+05:30,78.355,78.475,77.77,77.85,2641
2026-01-06T13:30:00+05:30,77.845,78.12,77.73,77.985,2022
2026-01-06T13:45:00+05:30,78,78.345,77.965,78.12,1730
2026-01-06T14:00:00+05:30,78.12,78.255,78.015,78.12,1337
2026-01-06T14:15:00+05:30,78.125,78.395,78.12,78.375,1217
2026-01-06T14:30:00+05:30,78.38,78.39,77.735,77.935,2121
2026-01-06T14:45:00+05:30,77.92,78,77.75,78,1407
2026-01-06T15:00:00+05:30,77.995,78.05,77.875,77.95,834
2026-01-06T15:15:00+05:30,77.94,77.965,77.4,77.47,2742
2026-01-06T15:30:00+05:30,77.455,77.675,77.23,77.49,2169
2026-01-06T15:45:00+05:30,77.48,77.74,77.465,77.625,1358
2026-01-06T16:00:00+05:30,77.63,77.795,77.485,77.605,1518
2026-01-06T16:15:00+05:30,77.61,77.755,77.54,77.615,963
2026-01-06T16:30:00+05:30,77.62,77.82,77.605,77.745,982
2026-01-06T16:45:00+05:30,77.745,77.955,77.7,77.91,1279
2026-01-06T17:00:00+05:30,77.915,78.205,77.915,78.18,2130
2026-01-06T17:15:00+05:30,78.19,78.235,78.045,78.205,1465
2026-01-06T17:30:00+05:30,78.205,78.43,78.19,78.32,2207
2026-01-06T17:45:00+05:30,78.32,78.41,78.18,78.345,1413
2026-01-06T18:00:00+05:30,78.34,78.405,78.165,78.22,1252
2026-01-06T18:15:00+05:30,78.225,78.335,78.035,78.325,1794
2026-01-06T18:30:00+05:30,78.31,78.63,78.155,78.415,6441
2026-01-06T18:45:00+05:30,78.42,78.62,77.995,78.18,4819
2026-01-06T19:00:00+05:30,78.195,78.48,78.015,78.47,4266
2026-01-06T19:15:00+05:30,78.47,79.07,78.38,78.96,5155
2026-01-06T19:30:00+05:30,78.965,79.375,78.965,79.09,5922
2026-01-06T19:45:00+05:30,79.085,79.19,78.76,78.825,5317
2026-01-06T20:00:00+05:30,78.84,79.73,78.74,79.545,10187
2026-01-06T20:15:00+05:30,79.545,80.41,79.48,80.34,11372
2026-01-06T20:30:00+05:30,80.33,80.475,79.815,80.19,10431
2026-01-06T20:45:00+05:30,80.185,80.79,79.865,80.625,8719
2026-01-06T21:00:00+05:30,80.65,80.675,79.62,80.165,10850
2026-01-06T21:15:00+05:30,80.17,80.395,79.86,80.305,6203
2026-01-06T21:30:00+05:30,80.3,80.54,79.84,80.19,6432
2026-01-06T21:45:00+05:30,80.195,80.52,80.115,80.43,4569
2026-01-06T22:00:00+05:30,80.425,80.92,80.4,80.53,7231
2026-01-06T22:15:00+05:30,80.53,80.805,80.315,80.71,3962
2026-01-06T22:30:00+05:30,80.72,80.875,80.505,80.735,3404
2026-01-06T22:45:00+05:30,80.745,81.05,80.725,80.905,4786
2026-01-06T23:00:00+05:30,80.91,81.08,80.62,80.78,4752
2026-01-06T23:15:00+05:30,80.785,81.41,80.74,81.28,6079
2026-01-06T23:30:00+05:30,81.285,81.48,81.065,81.385,4991
2026-01-06T23:45:00+05:30,81.38,81.47,80.725,80.77,6751
2026-01-07T00:00:00+05:30,80.755,80.905,80.27,80.78,6566
2026-01-07T00:15:00+05:30,80.785,81.085,80.76,81.025,2905
2026-01-07T00:30:00+05:30,81.03,81.04,80.445,80.47,4033
2026-01-07T00:45:00+05:30,80.48,80.495,80.135,80.2,4902
2026-01-07T01:00:00+05:30,80.195,80.49,79.975,80.34,4292
2026-01-07T01:15:00+05:30,80.33,80.42,79.855,80.1,3668
2026-01-07T01:30:00+05:30,80.095,80.35,79.93,80.26,2722
2026-01-07T01:45:00+05:30,80.265,80.51,80.235,80.385,1770
2026-01-07T02:00:00+05:30,80.375,80.83,80.28,80.795,2293
2026-01-07T02:15:00+05:30,80.795,81.365,80.795,81.18,3980
2026-01-07T02:30:00+05:30,81.2,81.265,80.925,81.11,2757
2026-01-07T02:45:00+05:30,81.105,81.215,81.055,81.165,768
2026-01-07T03:00:00+05:30,81.165,81.385,81.155,81.29,1008
2026-01-07T03:15:00+05:30,81.285,81.325,81.185,81.225,798
2026-01-07T04:30:00+05:30,81.335,81.8,81.135,81.79,3242
2026-01-07T04:45:00+05:30,81.79,82.58,81.695,82.37,6783
2026-01-07T05:00:00+05:30,82.365,82.485,82.16,82.235,3232
2026-01-07T05:15:00+05:30,82.23,82.475,82.035,82.2,3752
2026-01-07T05:30:00+05:30,82.205,82.375,82.1,82.22,2377
2026-01-07T05:45:00+05:30,82.215,82.31,82.12,82.295,1658
2026-01-07T06:00:00+05:30,82.31,82.47,82.19,82.285,2305
2026-01-07T06:15:00+05:30,82.28,82.38,82.13,82.285,2310
2026-01-07T06:30:00+05:30,82.28,82.5,79.78,79.84,15315
2026-01-07T06:45:00+05:30,79.835,80.75,79.835,80.53,9383
2026-01-07T07:00:00+05:30,80.55,80.665,79.21,80.03,11076
2026-01-07T07:15:00+05:30,80.015,80.64,80.005,80.23,5526
2026-01-07T07:30:00+05:30,80.21,80.58,79.4,80.485,6936
2026-01-07T07:45:00+05:30,80.49,80.895,80.325,80.73,3697
2026-01-07T08:00:00+05:30,80.72,81.2,80.71,80.87,5043
2026-01-07T08:15:00+05:30,80.86,81.335,80.765,80.785,4765
2026-01-07T08:30:00+05:30,80.79,81.02,80.265,80.505,4897
2026-01-07T08:45:00+05:30,80.505,80.84,80.36,80.595,3695
2026-01-07T09:00:00+05:30,80.595,80.905,80.59,80.74,2525
2026-01-07T09:15:00+05:30,80.73,80.775,80.105,80.185,2879
2026-01-07T09:30:00+05:30,80.21,80.295,79.54,79.72,5691
2026-01-07T09:45:00+05:30,79.72,80.065,79.51,79.515,3871
2026-01-07T10:00:00+05:30,79.525,79.885,79.31,79.685,4613
2026-01-07T10:15:00+05:30,79.675,79.78,79.455,79.63,2381
2026-01-07T10:30:00+05:30,79.635,79.91,79.46,79.815,2105
2026-01-07T10:45:00+05:30,79.83,80,79.66,79.745,1855
2026-01-07T11:00:00+05:30,79.735,79.83,78.355,78.68,8402
2026-01-07T11:15:00+05:30,78.685,79.145,78.245,79.045,5954
2026-01-07T11:30:00+05:30,79.05,79.31,78.845,78.99,3795
2026-01-07T11:45:00+05:30,78.98,79.345,78.9,79.055,2716
2026-01-07T12:00:00+05:30,79.05,79.05,78.31,78.37,4304
2026-01-07T12:15:00+05:30,78.355,78.85,78.105,78.82,4284
2026-01-07T12:30:00+05:30,78.82,79.19,78.74,79.165,2368
2026-01-07T12:45:00+05:30,79.17,79.735,79.135,79.645,3464
2026-01-07T13:00:00+05:30,79.645,79.99,79.55,79.62,3648
2026-01-07T13:15:00+05:30,79.63,79.93,79.59,79.715,2294
2026-01-07T13:30:00+05:30,79.71,79.875,79.385,79.665,2613
2026-01-07T13:45:00+05:30,79.67,79.875,79.545,79.825,1581
2026-01-07T14:00:00+05:30,79.81,79.945,79.6,79.635,1692
2026-01-07T14:15:00+05:30,79.625,79.745,79.395,79.41,1684
2026-01-07T14:30:00+05:30,79.4,79.455,78.83,79.205,3279
2026-01-07T14:45:00+05:30,79.2,79.425,78.88,78.88,2213
2026-01-07T15:00:00+05:30,78.875,79.3,78.855,79.185,1291
2026-01-07T15:15:00+05:30,79.175,79.445,79.125,79.305,1353
2026-01-07T15:30:00+05:30,79.285,79.445,79.19,79.355,1117
2026-01-07T15:45:00+05:30,79.34,79.465,78.945,78.975,1453
2026-01-07T16:00:00+05:30,78.96,79.36,78.91,79.33,2115
2026-01-07T16:15:00+05:30,79.33,79.385,79.1,79.29,1124
2026-01-07T16:30:00+05:30,79.295,79.38,79.15,79.205,1324
2026-01-07T16:45:00+05:30,79.215,79.36,79.11,79.26,1667
2026-01-07T17:00:00+05:30,79.28,79.365,78.92,79.01,1910
2026-01-07T17:15:00+05:30,79.015,79.04,78.655,78.7,3362
2026-01-07T17:30:00+05:30,78.705,78.94,78.365,78.465,4690
2026-01-07T17:45:00+05:30,78.465,78.625,78.03,78.465,5736
2026-01-07T18:00:00+05:30,78.465,78.795,78.395,78.65,3709
2026-01-07T18:15:00+05:30,78.645,78.93,78.34,78.355,3450
2026-01-07T18:30:00+05:30,78.345,78.615,77.16,77.52,11482
2026-01-07T18:45:00+05:30,77.53,77.94,77.36,77.59,6310
2026-01-07T19:00:00+05:30,77.58,77.72,76.815,77.135,8629
2026-01-07T19:15:00+05:30,77.145,77.44,76.955,77.295,4965
2026-01-07T19:30:00+05:30,77.285,77.315,76.485,76.525,8240
2026-01-07T19:45:00+05:30,76.52,76.905,76.365,76.725,6556
2026-01-07T20:00:00+05:30,76.75,77.17,76.515,77.03,9013
2026-01-07T20:15:00+05:30,77.03,77.655,76.77,77.36,7921
2026-01-07T20:30:00+05:30,77.31,77.415,76.305,76.31,8213
2026-01-07T20:45:00+05:30,76.315,76.98,76.075,76.945,7179
2026-01-07T21:00:00+05:30,76.945,77.445,76.9,76.91,5739
2026-01-07T21:15:00+05:30,76.915,77.13,76.755,76.965,4419
2026-01-07T21:30:00+05:30,76.955,77.295,76.895,77.065,3733
2026-01-07T21:45:00+05:30,77.065,78.09,76.89,77.79,6347
2026-01-07T22:00:00+05:30,77.795,78.445,77.7,78.36,5960
2026-01-07T22:15:00+05:30,78.36,78.63,78.125,78.54,4883
2026-01-07T22:30:00+05:30,78.54,78.615,78.17,78.455,4175
2026-01-07T22:45:00+05:30,78.45,78.59,78.025,78.2,3730
2026-01-07T23:00:00+05:30,78.22,78.47,78.135,78.235,3086
2026-01-07T23:15:00+05:30,78.23,78.245,77.585,77.87,4932
2026-01-07T23:30:00+05:30,77.865,77.895,77.28,77.305,4418
2026-01-07T23:45:00+05:30,77.3,77.79,77.12,77.625,5084
2026-01-08T00:00:00+05:30,77.63,78.015,77.585,77.94,2855
2026-01-08T00:15:00+05:30,77.955,78.06,77.765,77.92,2676
2026-01-08T00:30:00+05:30,77.92,78.175,77.86,77.9,2478
2026-01-08T00:45:00+05:30,77.91,77.91,77.585,77.74,2477
2026-01-08T01:00:00+05:30,77.73,78.08,77.72,77.945,1830
2026-01-08T01:15:00+05:30,77.95,78.23,77.83,78.185,1918
2026-01-08T01:30:00+05:30,78.19,78.35,77.915,78.03,2515
2026-01-08T01:45:00+05:30,78.015,78.27,77.955,78.1,1724
2026-01-08T02:00:00+05:30,78.105,78.17,77.945,78.08,1298
2026-01-08T02:15:00+05:30,78.09,78.35,78.025,78.11,2112
2026-01-08T02:30:00+05:30,78.095,78.1,77.815,78,1465
2026-01-08T02:45:00+05:30,78.005,78.025,77.865,77.895,510
2026-01-08T03:00:00+05:30,77.885,78.025,77.885,77.905,438
2026-01-08T03:15:00+05:30,77.905,77.995,77.89,77.995,528
2026-01-08T04:30:00+05:30,78.15,78.285,77.955,78.235,1368
2026-01-08T04:45:00+05:30,78.245,78.59,78.185,78.485,2228
2026-01-08T05:00:00+05:30,78.49,78.53,78.335,78.51,1167
2026-01-08T05:15:00+05:30,78.495,78.665,78.46,78.64,1338
2026-01-08T05:30:00+05:30,78.635,78.895,78.57,78.84,1914
2026-01-08T05:45:00+05:30,78.85,78.88,78.145,78.38,2960
2026-01-08T06:00:00+05:30,78.385,78.41,77.625,77.66,3889
2026-01-08T06:15:00+05:30,77.66,77.925,77.425,77.73,3611
2026-01-08T06:30:00+05:30,77.72,78.72,77.3,78.44,8352
2026-01-08T06:45:00+05:30,78.445,78.895,78.325,78.635,4756
2026-01-08T07:00:00+05:30,78.645,78.82,78.305,78.54,4146
2026-01-08T07:15:00+05:30,78.53,78.62,78.245,78.485,3002
2026-01-08T07:30:00+05:30,78.485,78.495,77.955,78.245,4275
2026-01-08T07:45:00+05:30,78.23,78.265,77.96,78.125,2644
2026-01-08T08:00:00+05:30,78.115,78.125,77.475,77.79,6777
2026-01-08T08:15:00+05:30,77.795,77.92,77.365,77.725,4070
2026-01-08T08:30:00+05:30,77.715,78.08,77.33,77.85,4991
2026-01-08T08:45:00+05:30,77.855,78.06,77.56,77.925,3290
2026-01-08T09:00:00+05:30,77.925,78.005,77.76,77.87,1348
2026-01-08T09:15:00+05:30,77.87,77.935,77.59,77.765,1430
2026-01-08T09:30:00+05:30,77.755,77.77,77.5,77.725,1797
2026-01-08T09:45:00+05:30,77.735,77.75,77.51,77.51,1208
2026-01-08T10:00:00+05:30,77.52,77.72,77.39,77.405,2083
2026-01-08T10:15:00+05:30,77.405,77.485,77.22,77.375,2262
2026-01-08T10:30:00+05:30,77.38,77.405,76.545,76.8,5319
2026-01-08T10:45:00+05:30,76.8,76.97,76.53,76.69,3368
2026-01-08T11:00:00+05:30,76.685,76.725,75.305,75.49,10892
2026-01-08T11:15:00+05:30,75.5,76.15,75.34,75.905,6778
2026-01-08T11:30:00+05:30,75.905,76.01,75.25,75.38,5852
2026-01-08T11:45:00+05:30,75.365,75.77,75.22,75.655,4280
2026-01-08T12:00:00+05:30,75.65,76.395,75.645,76.095,4730
2026-01-08T12:15:00+05:30,76.105,76.13,75.8,75.95,2632
2026-01-08T12:30:00+05:30,75.955,76.335,75.935,76.205,2644
2026-01-08T12:45:00+05:30,76.22,76.255,75.695,75.865,2608
2026-01-08T13:00:00+05:30,75.87,75.91,75.505,75.615,2234
2026-01-08T13:15:00+05:30,75.61,75.74,75.32,75.64,2445
2026-01-08T13:30:00+05:30,75.64,75.665,75.16,75.375,3337
2026-01-08T13:45:00+05:30,75.365,75.645,75.35,75.365,1796
2026-01-08T14:00:00+05:30,75.365,75.5,74.9,74.95,3444
2026-01-08T14:15:00+05:30,74.95,75.485,74.92,75.455,2958
2026-01-08T14:30:00+05:30,75.45,75.755,75.375,75.68,3938
2026-01-08T14:45:00+05:30,75.68,75.7,75.415,75.615,2292
2026-01-08T15:00:00+05:30,75.605,76.065,75.59,75.915,2268
2026-01-08T15:15:00+05:30,75.905,75.985,75.72,75.89,1669
2026-01-08T15:30:00+05:30,75.875,75.93,75.665,75.82,1864
2026-01-08T15:45:00+05:30,75.82,75.895,75.325,75.355,2324
2026-01-08T16:00:00+05:30,75.345,75.755,75.325,75.7,1754
2026-01-08T16:15:00+05:30,75.69,75.845,75.58,75.815,1638
2026-01-08T16:30:00+05:30,75.815,75.815,75.37,75.455,1545
2026-01-08T16:45:00+05:30,75.46,75.55,75.315,75.505,1614
2026-01-08T17:00:00+05:30,75.49,75.6,75.35,75.475,1216
2026-01-08T17:15:00+05:30,75.465,75.505,75.07,75.08,2149
2026-01-08T17:30:00+05:30,75.075,75.135,74.335,74.405,6286
2026-01-08T17:45:00+05:30,74.39,74.62,74.13,74.57,4675
2026-01-08T18:00:00+05:30,74.58,75.01,74.4,74.885,3193
2026-01-08T18:15:00+05:30,74.89,75.13,74.79,74.96,2804
2026-01-08T18:30:00+05:30,74.96,75.145,74.23,74.34,6525
2026-01-08T18:45:00+05:30,74.35,74.98,74.34,74.845,4970
2026-01-08T19:00:00+05:30,74.79,74.85,74.17,74.475,4942
2026-01-08T19:15:00+05:30,74.485,74.58,73.735,73.845,5932
2026-01-08T19:30:00+05:30,73.855,74.045,73.555,73.765,8055
2026-01-08T19:45:00+05:30,73.75,74.165,73.685,73.915,4742
2026-01-08T20:00:00+05:30,73.925,74.46,73.525,73.955,9476
2026-01-08T20:15:00+05:30,73.95,74.625,73.92,74.26,6861
2026-01-08T20:30:00+05:30,74.245,74.875,73.955,74.83,7037
2026-01-08T20:45:00+05:30,74.825,75.4,74.77,75.365,7592
2026-01-08T21:00:00+05:30,75.365,75.72,75.245,75.635,6582
2026-01-08T21:15:00+05:30,75.64,75.785,75.175,75.56,6453
2026-01-08T21:30:00+05:30,75.57,75.69,75.21,75.225,4520
2026-01-08T21:45:00+05:30,75.21,75.585,75.165,75.45,3728
2026-01-08T22:00:00+05:30,75.445,76.195,75.39,75.955,6271
2026-01-08T22:15:00+05:30,75.96,76.04,75.695,75.975,3524
2026-01-08T22:30:00+05:30,75.97,76.175,75.825,75.995,3427
2026-01-08T22:45:00+05:30,75.98,75.985,75.525,75.705,4075
2026-01-08T23:00:00+05:30,75.715,76.11,75.715,75.88,2862
2026-01-08T23:15:00+05:30,75.9,75.955,75.705,75.9,2189
2026-01-08T23:30:00+05:30,75.9,75.9,75.345,75.555,4331
2026-01-08T23:45:00+05:30,75.55,75.64,74.965,75.39,6640
2026-01-09T00:00:00+05:30,75.395,75.585,75.21,75.58,2604
2026-01-09T00:15:00+05:30,75.58,75.82,75.44,75.495,2381
2026-01-09T00:30:00+05:30,75.5,75.71,75.44,75.5,1700
2026-01-09T00:45:00+05:30,75.505,75.58,75.3,75.415,1960
2026-01-09T01:00:00+05:30,75.41,75.735,75.395,75.705,1560
2026-01-09T01:15:00+05:30,75.71,75.765,75.56,75.66,1322
2026-01-09T01:30:00+05:30,75.65,75.965,75.625,75.84,1958
2026-01-09T01:45:00+05:30,75.86,76.385,75.845,76.28,2958
2026-01-09T02:00:00+05:30,76.3,76.8,76.3,76.585,4114
2026-01-09T02:15:00+05:30,76.595,76.755,76.515,76.68,2096
2026-01-09T02:30:00+05:30,76.69,76.85,76.615,76.695,1699
2026-01-09T02:45:00+05:30,76.69,76.705,76.475,76.655,1351
2026-01-09T03:00:00+05:30,76.655,76.745,76.63,76.655,846
2026-01-09T03:15:00+05:30,76.655,76.74,76.555,76.695,751
2026-01-09T04:30:00+05:30,76.695,76.995,76.615,76.945,2316
2026-01-09T04:45:00+05:30,76.95,76.97,76.695,76.775,1454
2026-01-09T05:00:00+05:30,76.77,76.78,76.31,76.435,2728
2026-01-09T05:15:00+05:30,76.445,76.475,76.18,76.43,1943
2026-01-09T05:30:00+05:30,76.43,76.485,76.165,76.22,1755
2026-01-09T05:45:00+05:30,76.22,76.3,75.59,75.915,3062
2026-01-09T06:00:00+05:30,75.915,76.25,75.71,76.17,2111
2026-01-09T06:15:00+05:30,76.165,76.165,75.635,75.85,2391
2026-01-09T06:30:00+05:30,75.865,76.225,75.15,75.58,6817
2026-01-09T06:45:00+05:30,75.565,75.83,75.285,75.5,3919
2026-01-09T07:00:00+05:30,75.5,75.935,75.395,75.895,3125
2026-01-09T07:15:00+05:30,75.895,76.405,75.885,76.28,3877
2026-01-09T07:30:00+05:30,76.28,77.3,76.275,76.925,6959
2026-01-09T07:45:00+05:30,76.92,77.1,76.775,76.895,2435
2026-01-09T08:00:00+05:30,76.895,77.195,76.65,77.06,3915
2026-01-09T08:15:00+05:30,77.055,77.06,76.415,76.72,3307
2026-01-09T08:30:00+05:30,76.74,76.75,76.17,76.38,3750
2026-01-09T08:45:00+05:30,76.38,76.56,76.1,76.16,3266
2026-01-09T09:00:00+05:30,76.19,76.245,75.9,76.17,2239
2026-01-09T09:15:00+05:30,76.175,76.4,76.16,76.285,1753
2026-01-09T09:30:00+05:30,76.29,76.51,76.26,76.28,1828
2026-01-09T09:45:00+05:30,76.28,76.365,76.145,76.29,1394
2026-01-09T10:00:00+05:30,76.28,76.54,76.235,76.5,1180
2026-01-09T10:15:00+05:30,76.51,76.58,76.28,76.395,1356
2026-01-09T10:30:00+05:30,76.395,76.655,76.36,76.475,1479
2026-01-09T10:45:00+05:30,76.47,76.475,76.035,76.375,2849
2026-01-09T11:00:00+05:30,76.365,76.88,76.31,76.625,3316
2026-01-09T11:15:00+05:30,76.63,76.975,76.53,76.895,1892
2026-01-09T11:30:00+05:30,76.9,77.015,76.54,76.675,2363
2026-01-09T11:45:00+05:30,76.675,76.735,76.415,76.725,1878
2026-01-09T12:00:00+05:30,76.73,77.02,76.72,76.84,2066
2026-01-09T12:15:00+05:30,76.85,77.22,76.84,76.935,2732
2026-01-09T12:30:00+05:30,76.94,77.15,76.925,77.015,1259
2026-01-09T12:45:00+05:30,77.015,77.07,76.835,76.945,1091
2026-01-09T13:00:00+05:30,76.955,77.01,76.84,76.955,1035
2026-01-09T13:15:00+05:30,76.95,77.06,76.785,76.89,1581
2026-01-09T13:30:00+05:30,76.89,77.56,76.815,77.43,3467
2026-01-09T13:45:00+05:30,77.435,77.485,77.255,77.455,1807
2026-01-09T14:00:00+05:30,77.45,77.59,77.27,77.315,2504
2026-01-09T14:15:00+05:30,77.31,77.36,77.06,77.225,1983
2026-01-09T14:30:00+05:30,77.225,77.73,77.215,77.695,2624
2026-01-09T14:45:00+05:30,77.7,77.955,77.605,77.805,2409
2026-01-09T15:00:00+05:30,77.815,78.005,77.785,77.82,1735
2026-01-09T15:15:00+05:30,77.83,77.94,77.705,77.725,1489
2026-01-09T15:30:00+05:30,77.74,77.835,77.66,77.715,1226
2026-01-09T15:45:00+05:30,77.71,77.905,77.675,77.675,1195
2026-01-09T16:00:00+05:30,77.68,77.805,77.58,77.725,1161
2026-01-09T16:15:00+05:30,77.72,77.855,77.665,77.835,761
2026-01-09T16:30:00+05:30,77.845,78,77.71,77.785,1266
2026-01-09T16:45:00+05:30,77.795,77.865,77.62,77.63,1076
2026-01-09T17:00:00+05:30,77.635,77.73,77.33,77.475,2184
2026-01-09T17:15:00+05:30,77.48,77.79,77.415,77.74,1793
2026-01-09T17:30:00+05:30,77.73,78.245,77.725,78.11,3578
2026-01-09T17:45:00+05:30,78.105,78.13,77.71,77.82,2256
2026-01-09T18:00:00+05:30,77.825,77.86,77.095,77.215,4162
2026-01-09T18:15:00+05:30,77.225,77.4,77.045,77.235,3172
2026-01-09T18:30:00+05:30,77.235,77.875,77.105,77.76,7407
2026-01-09T18:45:00+05:30,77.755,77.88,77.44,77.765,4695
2026-01-09T19:00:00+05:30,77.77,78.565,77.385,78.36,9096
2026-01-09T19:15:00+05:30,78.38,78.44,77.95,78.175,6284
2026-01-09T19:30:00+05:30,78.19,78.885,78.12,78.555,7399
2026-01-09T19:45:00+05:30,78.545,78.78,78.325,78.615,4375
2026-01-09T20:00:00+05:30,78.62,79.075,78.09,78.82,8709
2026-01-09T20:15:00+05:30,78.81,79.39,78.64,79.23,7471
2026-01-09T20:30:00+05:30,79.205,79.355,78.84,79.14,6419
2026-01-09T20:45:00+05:30,79.15,79.875,78.955,79.675,7870
2026-01-09T21:00:00+05:30,79.68,79.94,79.51,79.82,4976
2026-01-09T21:15:00+05:30,79.82,80.19,79.685,80.125,5699
2026-01-09T21:30:00+05:30,80.125,80.18,79.53,79.73,6054
2026-01-09T21:45:00+05:30,79.735,80.09,79.735,80.04,3846
2026-01-09T22:00:00+05:30,80.035,80.345,79.9,80.33,3612
2026-01-09T22:15:00+05:30,80.335,80.45,80.12,80.33,3197
2026-01-09T22:30:00+05:30,80.335,80.4,79.95,80.075,3657
2026-01-09T22:45:00+05:30,80.075,80.075,79.625,79.825,4060
2026-01-09T23:00:00+05:30,79.83,80.175,79.64,79.65,3418
2026-01-09T23:15:00+05:30,79.645,79.895,79.145,79.36,5924
2026-01-09T23:30:00+05:30,79.345,79.575,79.25,79.5,3153
2026-01-09T23:45:00+05:30,79.495,79.555,79.185,79.3,3601
2026-01-10T00:00:00+05:30,79.3,79.845,79.235,79.805,3126
2026-01-10T00:15:00+05:30,79.815,79.9,79.675,79.8,2149
2026-01-10T00:30:00+05:30,79.82,79.88,79.485,79.705,2217
2026-01-10T00:45:00+05:30,79.705,79.93,79.58,79.655,1550
2026-01-10T01:00:00+05:30,79.665,79.9,79.595,79.75,1442
2026-01-10T01:15:00+05:30,79.74,79.94,79.74,79.775,1281
2026-01-10T01:30:00+05:30,79.765,80.06,79.71,80.055,1698
2026-01-10T01:45:00+05:30,80.05,80.075,79.63,79.72,1961
2026-01-10T02:00:00+05:30,79.705,79.83,79.595,79.745,1505
2026-01-10T02:15:00+05:30,79.74,79.78,79.43,79.675,2205
2026-01-10T02:30:00+05:30,79.665,79.75,79.58,79.73,859
2026-01-10T02:45:00+05:30,79.725,79.735,79.585,79.685,674
2026-01-10T03:00:00+05:30,79.69,79.85,79.535,79.83,809
2026-01-10T03:15:00+05:30,79.835,79.85,79.72,79.78,765
2026-01-12T04:30:00+05:30,80.495,80.785,79.935,80.705,5189
2026-01-12T04:45:00+05:30,80.71,81.565,80.69,81.34,7048
2026-01-12T05:00:00+05:30,81.34,81.47,81.05,81.4,3643
2026-01-12T05:15:00+05:30,81.405,81.545,81.215,81.375,2900
2026-01-12T05:30:00+05:30,81.385,81.845,81.25,81.78,4791
2026-01-12T05:45:00+05:30,81.775,81.99,81.6,81.93,4430
2026-01-12T06:00:00+05:30,81.935,83.375,81.88,83.125,10414
2026-01-12T06:15:00+05:30,83.12,83.495,82.81,83.025,9874
2026-01-12T06:30:00+05:30,83.025,83.91,82.99,83.325,10597
2026-01-12T06:45:00+05:30,83.335,83.55,82.955,83.535,6036
2026-01-12T07:00:00+05:30,83.545,83.69,83.12,83.205,6069
2026-01-12T07:15:00+05:30,83.19,83.415,82.815,82.86,4117
2026-01-12T07:30:00+05:30,82.855,83.125,82.335,82.87,7444
2026-01-12T07:45:00+05:30,82.865,83.035,82.55,82.57,3101
2026-01-12T08:00:00+05:30,82.57,83.445,82.43,83.43,5287
2026-01-12T08:15:00+05:30,83.435,83.475,83.045,83.34,3317
2026-01-12T08:30:00+05:30,83.35,83.39,83.1,83.37,2340
2026-01-12T08:45:00+05:30,83.385,83.885,83.37,83.805,3808
2026-01-12T09:00:00+05:30,83.82,83.83,83.33,83.39,2568
2026-01-12T09:15:00+05:30,83.39,83.5,83.225,83.335,2208
2026-01-12T09:30:00+05:30,83.35,83.4,83.13,83.395,1767
2026-01-12T09:45:00+05:30,83.405,83.66,83.3,83.395,2103
2026-01-12T10:00:00+05:30,83.405,83.44,83.205,83.38,1523
2026-01-12T10:15:00+05:30,83.39,83.565,83.34,83.445,1203
2026-01-12T10:30:00+05:30,83.45,83.635,83.29,83.49,1812
2026-01-12T10:45:00+05:30,83.48,83.605,83.445,83.5,960
2026-01-12T11:00:00+05:30,83.49,84.405,83.255,84.3,4536
2026-01-12T11:15:00+05:30,84.295,84.555,84.155,84.535,4346
2026-01-12T11:30:00+05:30,84.53,84.575,84.09,84.265,3501
2026-01-12T11:45:00+05:30,84.26,84.515,84.065,84.42,2099
2026-01-12T12:00:00+05:30,84.405,84.49,84.245,84.375,1936
2026-01-12T12:15:00+05:30,84.36,84.68,84.205,84.535,2714
2026-01-12T12:30:00+05:30,84.54,84.56,84.03,84.06,2653
2026-01-12T12:45:00+05:30,84.085,84.28,83.85,83.955,2974
2026-01-12T13:00:00+05:30,83.96,84.07,83.63,83.84,3331
2026-01-12T13:15:00+05:30,83.85,84.275,83.8,84.14,2880
2026-01-12T13:30:00+05:30,84.14,84.455,84.035,84.195,2973
2026-01-12T13:45:00+05:30,84.19,84.35,84.095,84.24,1817
2026-01-12T14:00:00+05:30,84.245,84.375,84.06,84.085,1766
2026-01-12T14:15:00+05:30,84.09,84.355,84.06,84.18,1786
2026-01-12T14:30:00+05:30,84.18,84.39,83.99,84.345,2370
2026-01-12T14:45:00+05:30,84.35,84.545,84.3,84.35,2209
2026-01-12T15:00:00+05:30,84.36,84.375,84.23,84.275,1181
2026-01-12T15:15:00+05:30,84.27,84.315,84.135,84.23,1159
2026-01-12T15:30:00+05:30,84.24,84.35,84.07,84.25,1623
2026-01-12T15:45:00+05:30,84.245,84.265,84.035,84.18,1234
2026-01-12T16:00:00+05:30,84.17,84.31,84.095,84.135,1048
2026-01-12T16:15:00+05:30,84.13,84.26,84.115,84.21,806
2026-01-12T16:30:00+05:30,84.205,84.225,84.02,84.03,1011
2026-01-12T16:45:00+05:30,84.035,84.215,83.66,83.76,2610
2026-01-12T17:00:00+05:30,83.78,84.115,83.715,84.07,1791
2026-01-12T17:15:00+05:30,84.065,84.085,83.55,83.825,2208
2026-01-12T17:30:00+05:30,83.83,84.28,83.81,83.93,4240
2026-01-12T17:45:00+05:30,83.935,83.965,83.715,83.855,2179
2026-01-12T18:00:00+05:30,83.865,84.17,83.825,84.085,2079
2026-01-12T18:15:00+05:30,84.095,84.23,83.965,84.215,1847
2026-01-12T18:30:00+05:30,84.21,85.4,84.14,85.28,10382
2026-01-12T18:45:00+05:30,85.29,85.565,85.085,85.14,7279
2026-01-12T19:00:00+05:30,85.13,85.46,85.04,85.13,5063
2026-01-12T19:15:00+05:30,85.14,85.715,85.08,85.635,4877
2026-01-12T19:30:00+05:30,85.64,85.745,84.125,84.49,15338
2026-01-12T19:45:00+05:30,84.465,84.585,83.8,83.965,11537
2026-01-12T20:00:00+05:30,83.955,85.425,83.88,84.835,12627
2026-01-12T20:15:00+05:30,84.83,85.085,84.27,85.02,7738
2026-01-12T20:30:00+05:30,85.01,85.6,84.94,85.5,7251
2026-01-12T20:45:00+05:30,85.5,85.67,85.155,85.535,5893
2026-01-12T21:00:00+05:30,85.55,85.845,85.43,85.635,5810
2026-01-12T21:15:00+05:30,85.64,85.735,85.265,85.355,4186
2026-01-12T21:30:00+05:30,85.345,85.875,85.345,85.78,4022
2026-01-12T21:45:00+05:30,85.79,86.195,85.7,85.955,6219
2026-01-12T22:00:00+05:30,85.965,86.32,85.595,85.895,5136
2026-01-12T22:15:00+05:30,85.89,86.145,85.875,86.125,2810
2026-01-12T22:30:00+05:30,86.135,86.19,85.655,85.975,3425
2026-01-12T22:45:00+05:30,85.96,86.145,85.83,85.865,2668
2026-01-12T23:00:00+05:30,85.85,85.95,85.54,85.84,2743
2026-01-12T23:15:00+05:30,85.84,86.355,85.84,86.03,4819
2026-01-12T23:30:00+05:30,86.01,86.095,85.515,85.525,2927
2026-01-12T23:45:00+05:30,85.51,85.51,84.815,85.22,8279
2026-01-13T00:00:00+05:30,85.235,85.42,85.01,85.02,3249
2026-01-13T00:15:00+05:30,85.05,85.48,84.94,85.43,3154
2026-01-13T00:30:00+05:30,85.435,85.65,85.35,85.55,2921
2026-01-13T00:45:00+05:30,85.545,85.835,85.465,85.815,2485
2026-01-13T01:00:00+05:30,85.83,85.97,85.785,85.855,2425
2026-01-13T01:15:00+05:30,85.865,85.95,85.58,85.665,2340
2026-01-13T01:30:00+05:30,85.67,85.735,85.05,85.21,3233
2026-01-13T01:45:00+05:30,85.215,85.275,84.8,85.13,3159
2026-01-13T02:00:00+05:30,85.15,85.495,85.055,85.065,2822
2026-01-13T02:15:00+05:30,85.075,85.275,84.94,85.085,2655
2026-01-13T02:30:00+05:30,85.1,85.17,84.765,84.87,1640
2026-01-13T02:45:00+05:30,84.865,84.975,84.6,84.825,1346
2026-01-13T03:00:00+05:30,84.83,84.98,84.8,84.82,762
2026-01-13T03:15:00+05:30,84.83,85.18,84.685,85.165,1131
2026-01-13T04:30:00+05:30,85.305,85.48,83.5,83.575,5718
2026-01-13T04:45:00+05:30,83.58,84.07,83.405,83.665,5473
2026-01-13T05:00:00+05:30,83.655,84.42,83.6,83.875,4998
2026-01-13T05:15:00+05:30,83.88,84.405,83.87,84.34,3117
2026-01-13T05:30:00+05:30,84.345,84.35,83.935,84.145,2622
2026-01-13T05:45:00+05:30,84.15,84.37,83.83,83.885,2596
2026-01-13T06:00:00+05:30,83.88,84.105,83.77,83.955,2327
2026-01-13T06:15:00+05:30,83.955,84.325,83.955,84.065,3292
2026-01-13T06:30:00+05:30,84.09,84.295,83.6,83.99,7028
2026-01-13T06:45:00+05:30,84.005,84.23,83.815,83.92,3069
2026-01-13T07:00:00+05:30,83.905,84.045,83.535,83.915,4507
2026-01-13T07:15:00+05:30,83.92,84.04,83.6,83.615,3342
2026-01-13T07:30:00+05:30,83.62,84.61,83.6,84.225,5201
2026-01-13T07:45:00+05:30,84.24,84.395,84.12,84.165,2252
2026-01-13T08:00:00+05:30,84.16,84.835,84.05,84.765,4426
2026-01-13T08:15:00+05:30,84.785,85.5,84.775,85.365,5846
2026-01-13T08:30:00+05:30,85.365,85.9,85.295,85.795,4693
2026-01-13T08:45:00+05:30,85.79,85.8,85.44,85.475,2964
2026-01-13T09:00:00+05:30,85.47,85.56,85.225,85.225,2307
2026-01-13T09:15:00+05:30,85.22,85.38,85.145,85.345,1811
2026-01-13T09:30:00+05:30,85.34,85.675,85.335,85.6,1861
2026-01-13T09:45:00+05:30,85.59,85.745,85.555,85.605,1467
2026-01-13T10:00:00+05:30,85.605,85.645,85.315,85.435,1542
2026-01-13T10:15:00+05:30,85.43,85.63,85.36,85.58,1096
2026-01-13T10:30:00+05:30,85.575,85.815,85.225,85.335,3379
2026-01-13T10:45:00+05:30,85.34,85.695,85.335,85.695,1994
2026-01-13T11:00:00+05:30,85.7,85.75,84.38,85.23,8350
2026-01-13T11:15:00+05:30,85.225,85.415,85.06,85.17,3018
2026-01-13T11:30:00+05:30,85.175,85.195,84.66,84.9,3774
2026-01-13T11:45:00+05:30,84.92,85.2,84.695,84.865,2836
2026-01-13T12:00:00+05:30,84.88,85.05,84.465,84.67,3384
2026-01-13T12:15:00+05:30,84.675,84.99,84.58,84.79,2065
2026-01-13T12:30:00+05:30,84.785,84.885,84.61,84.7,1798
2026-01-13T12:45:00+05:30,84.72,85.095,84.5,84.93,2497
2026-01-13T13:00:00+05:30,84.94,85.125,84.93,84.995,1695
2026-01-13T13:15:00+05:30,85,85.155,84.865,85.07,1437
2026-01-13T13:30:00+05:30,85.055,85.61,85,85.545,2788
2026-01-13T13:45:00+05:30,85.545,85.825,85.445,85.74,2256
2026-01-13T14:00:00+05:30,85.755,85.975,85.555,85.69,2972
2026-01-13T14:15:00+05:30,85.71,85.74,85.515,85.635,1322
2026-01-13T14:30:00+05:30,85.63,85.795,85.62,85.63,1383
2026-01-13T14:45:00+05:30,85.635,85.72,85.555,85.595,804
2026-01-13T15:00:00+05:30,85.59,85.63,85.365,85.525,1393
2026-01-13T15:15:00+05:30,85.52,85.57,85.385,85.475,969
2026-01-13T15:30:00+05:30,85.465,85.52,85.26,85.4,1348
2026-01-13T15:45:00+05:30,85.385,85.53,85.345,85.415,1063
2026-01-13T16:00:00+05:30,85.41,85.69,85.34,85.69,1241
2026-01-13T16:15:00+05:30,85.665,85.74,85.545,85.61,888
2026-01-13T16:30:00+05:30,85.615,85.685,85.585,85.625,843
2026-01-13T16:45:00+05:30,85.625,85.795,85.51,85.72,1685
2026-01-13T17:00:00+05:30,85.715,85.785,85.625,85.77,895
2026-01-13T17:15:00+05:30,85.78,85.85,85.615,85.78,2118
2026-01-13T17:30:00+05:30,85.78,85.93,85.705,85.775,2867
2026-01-13T17:45:00+05:30,85.765,85.835,85.465,85.57,2225
2026-01-13T18:00:00+05:30,85.57,85.705,85.435,85.665,1928
2026-01-13T18:15:00+05:30,85.66,86.155,85.63,86.075,3283
2026-01-13T18:30:00+05:30,86.075,87.09,85.915,86.975,14793
2026-01-13T18:45:00+05:30,86.97,87.245,86.695,86.81,8598
2026-01-13T19:00:00+05:30,86.79,87.815,86.79,87.79,12592
2026-01-13T19:15:00+05:30,87.775,87.85,87.385,87.72,8998
2026-01-13T19:30:00+05:30,87.725,88.55,87.555,88.485,12731
2026-01-13T19:45:00+05:30,88.48,88.58,88.19,88.365,9426
2026-01-13T20:00:00+05:30,88.37,88.79,87.9,88.745,17013
2026-01-13T20:15:00+05:30,88.74,89.205,88.615,88.91,13952
2026-01-13T20:30:00+05:30,88.905,88.945,88.235,88.725,11678
2026-01-13T20:45:00+05:30,88.72,88.75,87.495,87.835,16663
2026-01-13T21:00:00+05:30,87.83,88.52,87.69,88.41,10911
2026-01-13T21:15:00+05:30,88.41,88.84,88.36,88.755,7990
2026-01-13T21:30:00+05:30,88.75,89.015,88.41,88.95,7684
2026-01-13T21:45:00+05:30,88.945,89.07,88.005,88.235,9659
2026-01-13T22:00:00+05:30,88.225,88.91,88.16,88.83,7256
2026-01-13T22:15:00+05:30,88.82,89.115,88.77,88.95,5739
2026-01-13T22:30:00+05:30,88.95,89.11,88.65,88.74,5525
2026-01-13T22:45:00+05:30,88.74,88.95,88.52,88.72,4755
2026-01-13T23:00:00+05:30,88.715,88.845,88.055,88.065,6156
2026-01-13T23:15:00+05:30,88.065,88.19,86.845,87.04,14941
2026-01-13T23:30:00+05:30,87.04,87.15,86.335,87.135,15047
2026-01-13T23:45:00+05:30,87.135,87.135,86.12,86.73,14036
2026-01-14T00:00:00+05:30,86.73,87.48,86.61,87.475,8306
2026-01-14T00:15:00+05:30,87.48,87.735,87.31,87.435,8869
2026-01-14T00:30:00+05:30,87.445,87.53,86.805,87.455,9398
2026-01-14T00:45:00+05:30,87.46,87.745,87.07,87.71,5238
2026-01-14T01:00:00+05:30,87.71,87.895,87.195,87.445,6962
2026-01-14T01:15:00+05:30,87.45,87.52,87.08,87.375,4378
2026-01-14T01:30:00+05:30,87.395,87.435,86.815,87.01,3597
2026-01-14T01:45:00+05:30,87.02,87.125,86.29,86.445,5389
2026-01-14T02:00:00+05:30,86.455,86.66,85.78,86.56,8323
2026-01-14T02:15:00+05:30,86.545,86.775,86.305,86.575,5348
2026-01-14T02:30:00+05:30,86.595,86.86,86.5,86.635,2424
2026-01-14T02:45:00+05:30,86.65,86.975,86.64,86.86,1699
2026-01-14T03:00:00+05:30,86.86,86.89,86.735,86.885,1046
2026-01-14T03:15:00+05:30,86.885,86.97,86.8,86.85,968
2026-01-14T04:30:00+05:30,86.9,87.395,86.805,87.185,3104
2026-01-14T04:45:00+05:30,87.18,87.73,87.155,87.685,3702
2026-01-14T05:00:00+05:30,87.68,87.72,87.305,87.415,3357
2026-01-14T05:15:00+05:30,87.415,87.715,87.4,87.68,1957
2026-01-14T05:30:00+05:30,87.675,88.065,87.65,87.915,4565
2026-01-14T05:45:00+05:30,87.925,88.225,87.57,88.095,4593
2026-01-14T06:00:00+05:30,88.1,88.385,88.005,88.165,4059
2026-01-14T06:15:00+05:30,88.175,88.435,87.93,88.345,4197
2026-01-14T06:30:00+05:30,88.35,88.915,88.08,88.795,8051
2026-01-14T06:45:00+05:30,88.78,89,88.705,88.84,4150
2026-01-14T07:00:00+05:30,88.83,89.035,88.735,88.89,3566
2026-01-14T07:15:00+05:30,88.89,89.825,88.86,89.79,6732
2026-01-14T07:30:00+05:30,89.79,89.895,89.42,89.515,6614
2026-01-14T07:45:00+05:30,89.51,89.76,89.475,89.69,2273
2026-01-14T08:00:00+05:30,89.695,89.73,89.41,89.515,3182
2026-01-14T08:15:00+05:30,89.525,89.71,89.28,89.61,3105
2026-01-14T08:30:00+05:30,89.61,89.985,89.46,89.54,4904
2026-01-14T08:45:00+05:30,89.535,89.615,89.13,89.185,3714
2026-01-14T09:00:00+05:30,89.18,89.69,89.18,89.62,2329
2026-01-14T09:15:00+05:30,89.61,90.7,89.6,90.66,6185
2026-01-14T09:30:00+05:30,90.65,90.935,90.505,90.78,5334
2026-01-14T09:45:00+05:30,90.79,91.37,90.76,90.93,6269
2026-01-14T10:00:00+05:30,90.94,91.13,90.765,90.93,2840
2026-01-14T10:15:00+05:30,90.925,90.95,90.455,90.53,3952
2026-01-14T10:30:00+05:30,90.53,90.95,90.515,90.67,3422
2026-01-14T10:45:00+05:30,90.655,90.715,90.27,90.555,3832
2026-01-14T11:00:00+05:30,90.545,91.015,90.215,90.85,6202
2026-01-14T11:15:00+05:30,90.84,90.995,88.885,89.18,10175
2026-01-14T11:30:00+05:30,89.15,90.34,89.05,90.135,10196
2026-01-14T11:45:00+05:30,90.13,90.42,89.96,90,5102
2026-01-14T12:00:00+05:30,90.005,90.09,89.265,89.715,5865
2026-01-14T12:15:00+05:30,89.725,90.06,89.415,89.975,4221
2026-01-14T12:30:00+05:30,89.97,90.08,89.63,89.925,2357
2026-01-14T12:45:00+05:30,89.925,90.395,89.86,90.11,3134
2026-01-14T13:00:00+05:30,90.1,90.3,89.865,90.285,2416
2026-01-14T13:15:00+05:30,90.28,90.35,89.81,89.95,2310
2026-01-14T13:30:00+05:30,89.96,90.195,89.595,89.73,2591
2026-01-14T13:45:00+05:30,89.745,89.775,89.035,89.355,3876
2026-01-14T14:00:00+05:30,89.325,89.99,89.13,89.94,2897
2026-01-14T14:15:00+05:30,89.92,90.115,89.86,89.925,2143
2026-01-14T14:30:00+05:30,89.93,90.19,89.83,90.18,2194
2026-01-14T14:45:00+05:30,90.19,90.275,90.025,90.08,1793
2026-01-14T15:00:00+05:30,90.08,90.145,89.865,89.99,1483
2026-01-14T15:15:00+05:30,89.985,90.45,89.955,90.345,2285
2026-01-14T15:30:00+05:30,90.355,90.48,90.225,90.425,1900
2026-01-14T15:45:00+05:30,90.435,90.535,90.165,90.455,2600
2026-01-14T16:00:00+05:30,90.445,90.52,90.25,90.29,1578
2026-01-14T16:15:00+05:30,90.295,90.31,89.925,90.01,2594
2026-01-14T16:30:00+05:30,90.005,90.285,89.765,90.25,2377
2026-01-14T16:45:00+05:30,90.245,90.59,90.195,90.35,2330
2026-01-14T17:00:00+05:30,90.36,90.435,90.21,90.27,1884
2026-01-14T17:15:00+05:30,90.275,90.385,90.025,90.37,2327
2026-01-14T17:30:00+05:30,90.385,91.325,90.325,91.255,6887
2026-01-14T17:45:00+05:30,91.255,91.29,90.92,91.135,3387
2026-01-14T18:00:00+05:30,91.145,91.835,91.125,91.545,7626
2026-01-14T18:15:00+05:30,91.53,92.045,91.35,91.88,4272
2026-01-14T18:30:00+05:30,91.89,92.18,91.42,91.5,12663
2026-01-14T18:45:00+05:30,91.495,92.025,91.35,91.865,7522
2026-01-14T19:00:00+05:30,91.835,91.92,90.94,91.895,12381
2026-01-14T19:15:00+05:30,91.9,91.9,91.41,91.655,6803
2026-01-14T19:30:00+05:30,91.655,91.995,91.28,91.8,6683
2026-01-14T19:45:00+05:30,91.805,92.18,91.67,91.915,5568
2026-01-14T20:00:00+05:30,91.925,91.925,90.44,90.795,17577
2026-01-14T20:15:00+05:30,90.785,91.28,90.52,91.205,11756
2026-01-14T20:30:00+05:30,91.19,91.295,90.08,91.265,13476
2026-01-14T20:45:00+05:30,91.26,91.805,91.2,91.355,9431
2026-01-14T21:00:00+05:30,91.345,91.89,90.88,91.69,8942
2026-01-14T21:15:00+05:30,91.685,91.815,90.91,91.755,7304
2026-01-14T21:30:00+05:30,91.755,91.94,91.43,91.655,5060
2026-01-14T21:45:00+05:30,91.67,92.075,91.57,91.795,5472
2026-01-14T22:00:00+05:30,91.78,91.87,91.05,91.29,5853
2026-01-14T22:15:00+05:30,91.28,91.295,90.515,91.095,7153
2026-01-14T22:30:00+05:30,91.095,91.3,90.61,90.785,4558
2026-01-14T22:45:00+05:30,90.785,90.79,90.2,90.61,6713
2026-01-14T23:00:00+05:30,90.6,90.6,89.56,89.895,7970
2026-01-14T23:15:00+05:30,89.885,90.64,89.83,90.43,7575
2026-01-14T23:30:00+05:30,90.425,91.15,90.24,91,5809
2026-01-14T23:45:00+05:30,91,91.63,90.945,91.575,6785
2026-01-15T00:00:00+05:30,91.56,91.875,91.28,91.755,4789
2026-01-15T00:15:00+05:30,91.755,92.35,91.695,92.32,5635
2026-01-15T00:30:00+05:30,92.325,92.815,92.23,92.74,7907
2026-01-15T00:45:00+05:30,92.745,93.015,92.24,92.285,6679
2026-01-15T01:00:00+05:30,92.295,92.58,92.135,92.525,4956
2026-01-15T01:15:00+05:30,92.51,92.8,92.365,92.735,3470
2026-01-15T01:30:00+05:30,92.73,93.53,92.26,93.165,8059
2026-01-15T01:45:00+05:30,93.16,93.575,93,93.17,4818
2026-01-15T02:00:00+05:30,93.165,93.28,92.61,92.845,4665
2026-01-15T02:15:00+05:30,92.855,93.415,92.755,93.31,3088
2026-01-15T02:30:00+05:30,93.31,93.33,92.725,92.77,2215
2026-01-15T02:45:00+05:30,92.75,92.865,92.295,92.565,3139
2026-01-15T03:00:00+05:30,92.57,92.845,92.345,92.755,1681
2026-01-15T03:15:00+05:30,92.74,93.295,92.65,93.14,1958
2026-01-15T04:30:00+05:30,93.215,93.72,91.325,91.885,9008
2026-01-15T04:45:00+05:30,91.87,92.435,90.91,91.66,10272
2026-01-15T05:00:00+05:30,91.66,92.08,91.415,91.5,4807
2026-01-15T05:15:00+05:30,91.495,92.235,91.465,92.055,3918
2026-01-15T05:30:00+05:30,92.065,92.555,91.96,92.485,4110
2026-01-15T05:45:00+05:30,92.475,92.845,92.31,92.57,3253
2026-01-15T06:00:00+05:30,92.58,92.775,92.04,92.13,3041
2026-01-15T06:15:00+05:30,92.12,92.36,91.58,92.13,4797
2026-01-15T06:30:00+05:30,92.13,92.28,91.125,91.215,7409
2026-01-15T06:45:00+05:30,91.215,91.38,89.63,89.7,10675
2026-01-15T07:00:00+05:30,89.705,89.755,86.165,88.675,16515
2026-01-15T07:15:00+05:30,88.675,88.79,87.595,87.855,9096
2026-01-15T07:30:00+05:30,87.825,89.705,87.445,89.61,11130
2026-01-15T07:45:00+05:30,89.585,89.61,88.52,89.385,7446
2026-01-15T08:00:00+05:30,89.385,89.93,88.755,89.09,7249
2026-01-15T08:15:00+05:30,89.095,89.125,88.05,88.42,7006
2026-01-15T08:30:00+05:30,88.44,88.58,87.56,87.64,6718
2026-01-15T08:45:00+05:30,87.635,88.3,86.55,86.73,10597
2026-01-15T09:00:00+05:30,86.725,88.255,86.28,87.61,11584
2026-01-15T09:15:00+05:30,87.605,87.96,87.17,87.63,4870
2026-01-15T09:30:00+05:30,87.6,88.13,87.305,87.865,3716
2026-01-15T09:45:00+05:30,87.85,88.43,87.595,87.69,4053
2026-01-15T10:00:00+05:30,87.685,87.96,87.275,87.475,2762
2026-01-15T10:15:00+05:30,87.475,87.885,87.36,87.525,2408
2026-01-15T10:30:00+05:30,87.52,87.74,87.34,87.615,2202
2026-01-15T10:45:00+05:30,87.605,87.795,87.215,87.795,2164
2026-01-15T11:00:00+05:30,87.795,87.805,86.635,87.29,6160
2026-01-15T11:15:00+05:30,87.275,88.07,87.215,87.79,4221
2026-01-15T11:30:00+05:30,87.745,88.77,87.695,88.67,5231
2026-01-15T11:45:00+05:30,88.665,89.1,88.58,88.745,4354
2026-01-15T12:00:00+05:30,88.73,89.215,88.345,88.995,4036
2026-01-15T12:15:00+05:30,89,89.55,88.96,89.485,3323
2026-01-15T12:30:00+05:30,89.505,89.545,89.16,89.445,2470
2026-01-15T12:45:00+05:30,89.435,89.72,89.23,89.53,3693
2026-01-15T13:00:00+05:30,89.52,89.72,89.065,89.285,3122
2026-01-15T13:15:00+05:30,89.3,89.4,88.86,89.075,2437
2026-01-15T13:30:00+05:30,89.045,89.335,88.695,89.275,3340
2026-01-15T13:45:00+05:30,89.285,89.49,89.08,89.15,2534
2026-01-15T14:00:00+05:30,89.165,89.645,89,89.605,2272
2026-01-15T14:15:00+05:30,89.62,89.715,89.32,89.64,1840
2026-01-15T14:30:00+05:30,89.635,89.695,89.2,89.555,2045
2026-01-15T14:45:00+05:30,89.56,89.785,89.38,89.725,1803
2026-01-15T15:00:00+05:30,89.72,90.545,89.72,90.51,5274
2026-01-15T15:15:00+05:30,90.5,90.58,90.22,90.395,2665
2026-01-15T15:30:00+05:30,90.395,91.18,90.34,90.945,4575
2026-01-15T15:45:00+05:30,90.95,91.27,90.78,91.155,3466
2026-01-15T16:00:00+05:30,91.155,91.355,91.04,91.145,3085
2026-01-15T16:15:00+05:30,91.14,91.265,90.835,91.005,3326
2026-01-15T16:30:00+05:30,91.01,91.26,90.86,91.13,2326
2026-01-15T16:45:00+05:30,91.13,91.28,90.795,91.245,2628
2026-01-15T17:00:00+05:30,91.25,91.43,90.86,90.87,3390
2026-01-15T17:15:00+05:30,90.88,91.155,90.715,91.115,4192
2026-01-15T17:30:00+05:30,91.105,91.29,90.725,90.825,4370
2026-01-15T17:45:00+05:30,90.82,91.01,90.52,90.9,4048
2026-01-15T18:00:00+05:30,90.89,91.19,90.625,91.11,3698
2026-01-15T18:15:00+05:30,91.115,91.18,90.735,90.945,3181
2026-01-15T18:30:00+05:30,90.945,90.995,89.48,89.65,14173
2026-01-15T18:45:00+05:30,89.65,90.025,88.8,89,10812
2026-01-15T19:00:00+05:30,88.99,89.315,87.82,88.045,12987
2026-01-15T19:15:00+05:30,88.02,88.585,87.6,88.28,10927
2026-01-15T19:30:00+05:30,88.285,88.92,87.66,88.88,10154
2026-01-15T19:45:00+05:30,88.87,89.325,88.655,88.89,7881
2026-01-15T20:00:00+05:30,88.895,89.835,88.7,89.13,11564
2026-01-15T20:15:00+05:30,89.135,90.3,88.895,90.16,9841
2026-01-15T20:30:00+05:30,90.125,90.47,89.815,90.34,6848
2026-01-15T20:45:00+05:30,90.34,90.7,89.84,90.03,7000
2026-01-15T21:00:00+05:30,90.025,90.155,89.495,89.605,6753
2026-01-15T21:15:00+05:30,89.585,90.64,89.49,90.485,7360
2026-01-15T21:30:00+05:30,90.49,91.18,89.835,91.145,8000
2026-01-15T21:45:00+05:30,91.14,91.885,91.14,91.43,10497
2026-01-15T22:00:00+05:30,91.44,91.57,90.84,91.065,6240
2026-01-15T22:15:00+05:30,91.06,91.16,90.56,90.905,5656
2026-01-15T22:30:00+05:30,90.935,91.46,90.925,91.31,4337
2026-01-15T22:45:00+05:30,91.315,91.675,91.13,91.225,4330
2026-01-15T23:00:00+05:30,91.21,91.64,91.14,91.56,3220
2026-01-15T23:15:00+05:30,91.56,91.77,91.34,91.695,4352
2026-01-15T23:30:00+05:30,91.695,92.58,91.68,92.355,8910
2026-01-15T23:45:00+05:30,92.36,92.68,92.235,92.605,6948
2026-01-16T00:00:00+05:30,92.595,92.665,91.925,92.01,5893
2026-01-16T00:15:00+05:30,92.015,92.345,91.97,92.22,4015
2026-01-16T00:30:00+05:30,92.23,92.925,92.18,92.64,4799
2026-01-16T00:45:00+05:30,92.635,92.945,92.545,92.675,3614
2026-01-16T01:00:00+05:30,92.69,92.945,92.605,92.835,3149
2026-01-16T01:15:00+05:30,92.82,92.895,92.01,92.39,4837
2026-01-16T01:30:00+05:30,92.4,92.425,91.3,91.43,6096
2026-01-16T01:45:00+05:30,91.435,91.665,91.015,91.505,5891
2026-01-16T02:00:00+05:30,91.495,91.98,91.4,91.77,4218
2026-01-16T02:15:00+05:30,91.775,91.99,91.505,91.76,3719
2026-01-16T02:30:00+05:30,91.765,92.42,91.685,92.175,2961
2026-01-16T02:45:00+05:30,92.165,92.355,92.065,92.25,1204
2026-01-16T03:00:00+05:30,92.245,92.345,92.09,92.23,871
2026-01-16T03:15:00+05:30,92.235,92.31,92.045,92.23,1084
2026-01-16T04:30:00+05:30,92.245,92.66,91.55,91.615,3520
2026-01-16T04:45:00+05:30,91.6,91.965,90.65,90.65,6125
2026-01-16T05:00:00+05:30,90.66,90.995,90.125,90.855,6147
2026-01-16T05:15:00+05:30,90.85,91.35,90.55,91.325,3727
2026-01-16T05:30:00+05:30,91.325,91.345,90.57,90.9,3516
2026-01-16T05:45:00+05:30,90.885,91.315,90.775,91.18,2535
2026-01-16T06:00:00+05:30,91.17,91.22,90.59,90.675,2681
2026-01-16T06:15:00+05:30,90.665,90.77,90.43,90.45,3435
2026-01-16T06:30:00+05:30,90.44,91.74,90.22,91.63,8524
2026-01-16T06:45:00+05:30,91.655,91.995,91.44,91.8,4659
2026-01-16T07:00:00+05:30,91.79,91.95,91.14,91.23,4620
2026-01-16T07:15:00+05:30,91.225,91.42,90.94,91.035,4048
2026-01-16T07:30:00+05:30,91.02,91.27,90.23,90.36,5718
2026-01-16T07:45:00+05:30,90.375,90.84,90.34,90.515,3330
2026-01-16T08:00:00+05:30,90.5,90.6,89.245,89.93,9482
2026-01-16T08:15:00+05:30,89.93,90.32,89.65,89.81,5420
2026-01-16T08:30:00+05:30,89.835,90.585,89.685,90.4,4170
2026-01-16T08:45:00+05:30,90.4,90.57,89.955,90.125,3232
2026-01-16T09:00:00+05:30,90.105,90.26,89.795,90.145,2712
2026-01-16T09:15:00+05:30,90.145,90.23,89.96,90.03,1260
2026-01-16T09:30:00+05:30,90.02,90.45,90.005,90.365,2337
2026-01-16T09:45:00+05:30,90.38,90.685,90.375,90.575,1669
2026-01-16T10:00:00+05:30,90.58,90.67,90.415,90.585,1203
2026-01-16T10:15:00+05:30,90.585,90.775,90.58,90.715,1039
2026-01-16T10:30:00+05:30,90.715,90.795,90.235,90.375,1600
2026-01-16T10:45:00+05:30,90.37,90.79,90.265,90.72,1600
2026-01-16T11:00:00+05:30,90.71,91.245,90.245,91.165,4735
2026-01-16T11:15:00+05:30,91.18,91.66,91.06,91.225,4035
2026-01-16T11:30:00+05:30,91.22,91.285,90.58,90.665,4259
2026-01-16T11:45:00+05:30,90.66,90.815,90.365,90.525,3831
2026-01-16T12:00:00+05:30,90.52,90.685,89.93,89.99,3499
2026-01-16T12:15:00+05:30,89.98,90.26,89.635,90.225,4118
2026-01-16T12:30:00+05:30,90.21,90.865,90.175,90.675,3146
2026-01-16T12:45:00+05:30,90.675,90.745,90.38,90.61,1865
2026-01-16T13:00:00+05:30,90.595,90.93,90.44,90.82,2575
2026-01-16T13:15:00+05:30,90.81,90.93,90.72,90.76,908
2026-01-16T13:30:00+05:30,90.745,90.905,90.565,90.605,1496
2026-01-16T13:45:00+05:30,90.605,91.145,90.54,90.98,1810
2026-01-16T14:00:00+05:30,90.975,91.1,90.83,90.91,1337
2026-01-16T14:15:00+05:30,90.91,91.22,90.89,90.965,1345
2026-01-16T14:30:00+05:30,90.975,91.595,90.9,91.33,2251
2026-01-16T14:45:00+05:30,91.325,91.345,91.08,91.305,1526
2026-01-16T15:00:00+05:30,91.31,91.335,91.08,91.31,1145
2026-01-16T15:15:00+05:30,91.315,91.355,90.85,90.98,1471
2026-01-16T15:30:00+05:30,90.965,91.235,90.945,91.175,1263
2026-01-16T15:45:00+05:30,91.175,91.37,91.165,91.165,1227
2026-01-16T16:00:00+05:30,91.175,91.285,90.83,90.875,1650
2026-01-16T16:15:00+05:30,90.865,90.925,90.21,90.4,3117
2026-01-16T16:30:00+05:30,90.41,90.635,89.87,90.55,3657
2026-01-16T16:45:00+05:30,90.55,90.765,90.51,90.69,1925
2026-01-16T17:00:00+05:30,90.695,91.06,90.645,91.04,1708
2026-01-16T17:15:00+05:30,91.055,91.18,90.885,90.905,1955
2026-01-16T17:30:00+05:30,90.905,90.905,90.5,90.655,2898
2026-01-16T17:45:00+05:30,90.665,90.835,90.235,90.555,2293
2026-01-16T18:00:00+05:30,90.57,90.61,90.15,90.44,2266
2026-01-16T18:15:00+05:30,90.45,90.61,89.745,89.86,3875
2026-01-16T18:30:00+05:30,89.855,90.02,88.185,88.825,13151
2026-01-16T18:45:00+05:30,88.835,89.06,87.48,87.695,13005
2026-01-16T19:00:00+05:30,87.695,88.195,87.335,88.015,12125
2026-01-16T19:15:00+05:30,88.02,88.68,87.95,88.585,10429
2026-01-16T19:30:00+05:30,88.565,89.025,88.165,88.89,8772
2026-01-16T19:45:00+05:30,88.92,89.055,88.215,88.275,6109
2026-01-16T20:00:00+05:30,88.27,89.42,88.075,89.175,12143
2026-01-16T20:15:00+05:30,89.17,89.545,88.78,88.84,8921
2026-01-16T20:30:00+05:30,88.835,89.65,88.795,89.375,8084
2026-01-16T20:45:00+05:30,89.38,89.39,86.96,87.005,14648
2026-01-16T21:00:00+05:30,87.015,87.515,86.575,87.395,18158
2026-01-16T21:15:00+05:30,87.395,88.03,87.35,87.605,9579
2026-01-16T21:30:00+05:30,87.595,88.69,87.465,88.38,9521
2026-01-16T21:45:00+05:30,88.385,88.77,87.8,88.515,7726
2026-01-16T22:00:00+05:30,88.53,89.02,88.34,88.74,6191
2026-01-16T22:15:00+05:30,88.735,88.9,88.12,88.575,6563
2026-01-16T22:30:00+05:30,88.575,88.71,88.28,88.595,3753
2026-01-16T22:45:00+05:30,88.565,88.595,87.93,87.98,4877
2026-01-16T23:00:00+05:30,87.99,88.37,87.955,88.05,3453
2026-01-16T23:15:00+05:30,88.05,88.695,87.865,88.495,4765
2026-01-16T23:30:00+05:30,88.48,88.855,88.205,88.235,4515
2026-01-16T23:45:00+05:30,88.25,88.7,88.1,88.665,4641
2026-01-17T00:00:00+05:30,88.67,89.51,88.615,89.445,5524
2026-01-17T00:15:00+05:30,89.44,89.45,88.685,88.795,4183
2026-01-17T00:30:00+05:30,88.8,89.155,88.69,88.75,3391
2026-01-17T00:45:00+05:30,88.75,88.89,88.415,88.6,3565
2026-01-17T01:00:00+05:30,88.595,89.145,88.57,89.03,3007
2026-01-17T01:15:00+05:30,89.02,89.32,89.015,89.165,2877
2026-01-17T01:30:00+05:30,89.17,89.24,88.91,89.17,2262
2026-01-17T01:45:00+05:30,89.175,89.23,88.88,88.95,1548
2026-01-17T02:00:00+05:30,88.94,89.295,88.57,89.14,3257
2026-01-17T02:15:00+05:30,89.14,89.425,89.035,89.175,2684
2026-01-17T02:30:00+05:30,89.19,89.275,89.1,89.27,1118
2026-01-17T02:45:00+05:30,89.27,89.67,89.265,89.49,1708
2026-01-17T03:00:00+05:30,89.475,89.785,89.45,89.695,1368
2026-01-17T03:15:00+05:30,89.7,89.965,89.69,89.96,1452
2026-01-19T04:30:00+05:30,90.545,92.84,90.51,92.695,9466
2026-01-19T04:45:00+05:30,92.67,93.825,92.56,93.46,10699
2026-01-19T05:00:00+05:30,93.45,94.365,93.175,93.39,11804
2026-01-19T05:15:00+05:30,93.405,93.82,93.22,93.605,6211
2026-01-19T05:30:00+05:30,93.59,93.73,92.735,93.155,7436
2026-01-19T05:45:00+05:30,93.16,93.55,92.97,93.445,3727
2026-01-19T06:00:00+05:30,93.425,93.965,93.21,93.735,3897
2026-01-19T06:15:00+05:30,93.735,93.985,93.365,93.825,3593
2026-01-19T06:30:00+05:30,93.83,94.255,93.335,93.81,10630
2026-01-19T06:45:00+05:30,93.825,94.08,93.41,93.68,6139
2026-01-19T07:00:00+05:30,93.68,93.8,92.8,93.31,8199
2026-01-19T07:15:00+05:30,93.315,93.71,93.085,93.275,4677
2026-01-19T07:30:00+05:30,93.27,93.585,93,93.31,3583
2026-01-19T07:45:00+05:30,93.3,93.405,92.76,93.085,3413
2026-01-19T08:00:00+05:30,93.095,93.42,92.73,92.92,3980
2026-01-19T08:15:00+05:30,92.925,93.54,92.82,93.36,3237
2026-01-19T08:30:00+05:30,93.385,93.545,93.195,93.465,2444
2026-01-19T08:45:00+05:30,93.475,93.49,93.17,93.285,1820
2026-01-19T09:00:00+05:30,93.295,93.415,93.015,93.13,2437
2026-01-19T09:15:00+05:30,93.135,93.18,92.93,93.12,1600
2026-01-19T09:30:00+05:30,93.135,93.28,93.055,93.24,1163
2026-01-19T09:45:00+05:30,93.25,93.29,93.18,93.195,994
2026-01-19T10:00:00+05:30,93.21,93.22,92.94,93.085,1254
2026-01-19T10:15:00+05:30,93.08,93.135,92.81,92.83,1391
2026-01-19T10:30:00+05:30,92.835,93.26,92.835,93.185,1576
2026-01-19T10:45:00+05:30,93.185,93.25,93.085,93.16,917
2026-01-19T11:00:00+05:30,93.155,93.62,93.155,93.275,2935
2026-01-19T11:15:00+05:30,93.265,93.46,93.105,93.22,1645
2026-01-19T11:30:00+05:30,93.21,93.375,93.06,93.25,1519
2026-01-19T11:45:00+05:30,93.25,93.505,93.155,93.37,1271
2026-01-19T12:00:00+05:30,93.38,93.555,93.29,93.315,1391
2026-01-19T12:15:00+05:30,93.33,93.795,93.3,93.795,1953
2026-01-19T12:30:00+05:30,93.77,93.8,93.13,93.21,2655
2026-01-19T12:45:00+05:30,93.23,93.29,93.03,93.23,2025
2026-01-19T13:00:00+05:30,93.235,93.46,93.175,93.21,1749
2026-01-19T13:15:00+05:30,93.235,93.24,92.925,93.015,1961
2026-01-19T13:30:00+05:30,93.005,93.345,92.92,93.04,1941
2026-01-19T13:45:00+05:30,93.045,93.19,92.93,92.99,1015
2026-01-19T14:00:00+05:30,92.985,93.125,92.775,92.88,1373
2026-01-19T14:15:00+05:30,92.89,92.97,92.23,92.475,3086
2026-01-19T14:30:00+05:30,92.455,92.965,92.39,92.86,2164
2026-01-19T14:45:00+05:30,92.855,92.985,92.68,92.725,1468
2026-01-19T15:00:00+05:30,92.735,93.025,92.71,92.975,1149
2026-01-19T15:15:00+05:30,92.99,93.055,92.895,93,943
2026-01-19T15:30:00+05:30,92.985,93.1,92.88,93.01,895
2026-01-19T15:45:00+05:30,93.01,93.03,92.905,92.935,540
2026-01-19T16:00:00+05:30,92.945,93,92.76,92.795,773
2026-01-19T16:15:00+05:30,92.81,93.095,92.8,92.955,856
2026-01-19T16:30:00+05:30,92.955,93.15,92.895,93.045,1015
2026-01-19T16:45:00+05:30,93.045,93.235,93,93.165,822
2026-01-19T17:00:00+05:30,93.17,93.455,92.76,93.3,2771
2026-01-19T17:15:00+05:30,93.3,93.555,92.395,92.76,8225
2026-01-19T17:30:00+05:30,92.78,93.29,92.665,93.095,3145
2026-01-19T17:45:00+05:30,93.095,93.48,93.045,93.195,2848
2026-01-19T18:00:00+05:30,93.195,93.52,93.09,93.235,2982
2026-01-19T18:15:00+05:30,93.235,93.305,92.88,93.19,2349
2026-01-19T18:30:00+05:30,93.19,93.42,93.04,93.155,3589
2026-01-19T18:45:00+05:30,93.16,93.435,93.115,93.34,2393
2026-01-19T19:00:00+05:30,93.34,93.485,93.16,93.295,2849
2026-01-19T19:15:00+05:30,93.29,93.45,93.15,93.235,2219
2026-01-19T19:30:00+05:30,93.245,93.37,93.065,93.26,1931
2026-01-19T19:45:00+05:30,93.27,93.595,93.195,93.54,2354
2026-01-19T20:00:00+05:30,93.54,93.69,93.37,93.68,3070
2026-01-19T20:15:00+05:30,93.67,93.88,93.52,93.8,2583
2026-01-19T20:30:00+05:30,93.8,94.155,93.755,93.845,4058
2026-01-19T20:45:00+05:30,93.855,94,93.77,93.86,2014
2026-01-19T21:00:00+05:30,93.86,93.995,93.565,93.77,2623
2026-01-19T21:15:00+05:30,93.78,93.895,93.7,93.81,1825
2026-01-19T21:30:00+05:30,93.81,93.91,93.63,93.87,1640
2026-01-19T21:45:00+05:30,93.855,93.905,93.715,93.905,1234
2026-01-19T22:00:00+05:30,93.9,94.125,93.845,94.085,2093
2026-01-19T22:15:00+05:30,94.095,94.6,93.985,94.405,4697
2026-01-19T22:30:00+05:30,94.405,94.45,94.255,94.365,2069
2026-01-19T22:45:00+05:30,94.355,94.575,94.29,94.48,1595
2026-01-19T23:00:00+05:30,94.49,94.695,94.49,94.69,2335
2026-01-19T23:15:00+05:30,94.69,94.725,94.52,94.655,1498
2026-01-19T23:30:00+05:30,94.665,94.665,94.47,94.53,1168
2026-01-19T23:45:00+05:30,94.53,94.665,94.52,94.57,902
2026-01-20T00:00:00+05:30,94.585,94.595,94.425,94.555,1079
2026-01-20T00:15:00+05:30,94.56,94.56,94.405,94.53,830
2026-01-20T00:30:00+05:30,94.525,94.55,94.305,94.35,855
2026-01-20T00:45:00+05:30,94.335,94.435,94.275,94.28,862
2026-01-20T04:30:00+05:30,94.335,94.75,93.81,94.425,4775
2026-01-20T04:45:00+05:30,94.43,94.43,94.13,94.185,1703
2026-01-20T05:00:00+05:30,94.185,94.2,93.875,94,1953
2026-01-20T05:15:00+05:30,94,94.06,93.75,93.845,1872
2026-01-20T05:30:00+05:30,93.85,93.93,93.58,93.915,2689
2026-01-20T05:45:00+05:30,93.905,93.98,93.145,93.3,3859
2026-01-20T06:00:00+05:30,93.305,93.545,93.205,93.36,2629
2026-01-20T06:15:00+05:30,93.36,93.555,93.235,93.255,2178
2026-01-20T06:30:00+05:30,93.265,93.92,93.185,93.52,6457
2026-01-20T06:45:00+05:30,93.505,93.84,93.4,93.74,3069
2026-01-20T07:00:00+05:30,93.75,93.915,93.68,93.76,2270
2026-01-20T07:15:00+05:30,93.76,93.91,92.825,93.07,4695
2026-01-20T07:30:00+05:30,93.055,93.3,92.625,92.815,5853
2026-01-20T07:45:00+05:30,92.81,93.285,92.795,93.18,3119
2026-01-20T08:00:00+05:30,93.185,93.365,93,93.125,3154
2026-01-20T08:15:00+05:30,93.125,93.155,92.66,92.895,3899
2026-01-20T08:30:00+05:30,92.885,92.99,92.42,92.99,4553
2026-01-20T08:45:00+05:30,92.99,93.285,92.88,93.045,3313
2026-01-20T09:00:00+05:30,93.03,93.345,92.99,93.23,1724
2026-01-20T09:15:00+05:30,93.235,93.45,93.155,93.19,2004
2026-01-20T09:30:00+05:30,93.17,93.54,93.16,93.485,1860
2026-01-20T09:45:00+05:30,93.49,93.665,93.405,93.54,2071
2026-01-20T10:00:00+05:30,93.53,93.92,93.475,93.8,2831
2026-01-20T10:15:00+05:30,93.81,94.19,93.795,94.075,2709
2026-01-20T10:30:00+05:30,94.07,94.22,93.96,94.1,2485
2026-01-20T10:45:00+05:30,94.09,94.19,93.915,94.025,1942
2026-01-20T11:00:00+05:30,94.02,94.435,93.99,94.315,4811
2026-01-20T11:15:00+05:30,94.31,94.41,94.135,94.265,2166
2026-01-20T11:30:00+05:30,94.27,94.32,94.005,94.18,2920
2026-01-20T11:45:00+05:30,94.18,94.225,93.61,93.88,4279
2026-01-20T12:00:00+05:30,93.88,93.935,93.12,93.56,6049
2026-01-20T12:15:00+05:30,93.545,93.85,93.47,93.685,2441
2026-01-20T12:30:00+05:30,93.68,94.2,93.65,94.175,2897
2026-01-20T12:45:00+05:30,94.175,94.25,94.03,94.105,2101
2026-01-20T13:00:00+05:30,94.105,94.45,93.97,94.335,1992
2026-01-20T13:15:00+05:30,94.335,94.36,94.095,94.175,1985
2026-01-20T13:30:00+05:30,94.165,94.685,94.09,94.655,2597
2026-01-20T13:45:00+05:30,94.665,94.715,94.4,94.565,2170
2026-01-20T14:00:00+05:30,94.56,94.88,94.48,94.69,3060
2026-01-20T14:15:00+05:30,94.72,95.32,94.7,95.275,3597
2026-01-20T14:30:00+05:30,95.265,95.415,94.955,95.12,3581
2026-01-20T14:45:00+05:30,95.115,95.14,94.745,95.095,2766
2026-01-20T15:00:00+05:30,95.1,95.18,94.96,94.965,1296
2026-01-20T15:15:00+05:30,94.965,95.085,94.79,94.81,1349
2026-01-20T15:30:00+05:30,94.805,95.005,94.76,94.995,1073
2026-01-20T15:45:00+05:30,94.995,95.285,94.98,95.2,1407
2026-01-20T16:00:00+05:30,95.2,95.26,94.875,94.91,1754
2026-01-20T16:15:00+05:30,94.915,95.08,94.88,95.03,1019
2026-01-20T16:30:00+05:30,95.04,95.295,94.98,95.16,1559
2026-01-20T16:45:00+05:30,95.16,95.28,95.13,95.18,978
2026-01-20T17:00:00+05:30,95.195,95.45,95.135,95.27,1634
2026-01-20T17:15:00+05:30,95.27,95.61,95.115,95.585,2074
2026-01-20T17:30:00+05:30,95.58,95.77,95.41,95.555,3015
2026-01-20T17:45:00+05:30,95.55,95.555,95.15,95.2,1716
2026-01-20T18:00:00+05:30,95.21,95.365,95.045,95.305,2300
2026-01-20T18:15:00+05:30,95.305,95.63,95.18,95.59,2200
2026-01-20T18:30:00+05:30,95.605,95.64,94.675,94.89,7626
2026-01-20T18:45:00+05:30,94.905,95.14,94.555,94.975,5011
2026-01-20T19:00:00+05:30,94.97,95.45,94.825,95.405,5860
2026-01-20T19:15:00+05:30,95.405,95.455,94.97,95.045,3052
2026-01-20T19:30:00+05:30,95.055,95.75,94.91,95.3,7651
2026-01-20T19:45:00+05:30,95.305,95.34,94.645,95,5582
2026-01-20T20:00:00+05:30,95.005,95.04,94.1,94.695,12013
2026-01-20T20:15:00+05:30,94.685,94.875,94.185,94.825,6963
2026-01-20T20:30:00+05:30,94.795,95.14,94.575,94.625,6392
2026-01-20T20:45:00+05:30,94.62,94.645,93.24,93.25,11380
2026-01-20T21:00:00+05:30,93.25,93.8,92.975,93.675,10807
2026-01-20T21:15:00+05:30,93.675,94.115,93.4,93.69,6176
2026-01-20T21:30:00+05:30,93.68,94.185,93.405,93.915,5302
2026-01-20T21:45:00+05:30,93.92,94.225,93.715,93.98,4420
2026-01-20T22:00:00+05:30,93.98,94.28,93.83,93.95,3871
2026-01-20T22:15:00+05:30,93.94,94.18,93.76,94.045,4166
2026-01-20T22:30:00+05:30,94.02,94.025,93.435,93.925,5194
2026-01-20T22:45:00+05:30,93.94,94.315,93.83,94.26,3490
2026-01-20T23:00:00+05:30,94.255,94.38,94.005,94.2,3329
2026-01-20T23:15:00+05:30,94.205,94.515,93.985,94.42,3341
2026-01-20T23:30:00+05:30,94.405,94.835,94.315,94.815,3170
2026-01-20T23:45:00+05:30,94.815,94.985,94.485,94.53,4294
2026-01-21T00:00:00+05:30,94.52,94.745,94.245,94.35,2920
2026-01-21T00:15:00+05:30,94.34,94.59,94.08,94.57,3038
2026-01-21T00:30:00+05:30,94.57,94.645,94.235,94.385,2206
2026-01-21T00:45:00+05:30,94.38,94.71,94.285,94.44,2120
2026-01-21T01:00:00+05:30,94.425,94.54,94.165,94.425,2385
2026-01-21T01:15:00+05:30,94.41,94.505,94.255,94.38,1341
2026-01-21T01:30:00+05:30,94.365,94.37,93.965,94.175,2100
2026-01-21T01:45:00+05:30,94.165,94.235,93.7,93.745,3095
2026-01-21T02:00:00+05:30,93.755,94.185,93.585,93.62,2660
2026-01-21T02:15:00+05:30,93.63,94.185,93.585,94.075,2661
2026-01-21T02:30:00+05:30,94.07,94.405,94.04,94.4,1701
2026-01-21T02:45:00+05:30,94.395,94.605,94.385,94.47,1399
2026-01-21T03:00:00+05:30,94.48,94.53,94.29,94.33,871
2026-01-21T03:15:00+05:30,94.355,94.51,94.33,94.465,616
2026-01-21T04:30:00+05:30,94.56,94.665,93.805,94.04,2087
2026-01-21T04:45:00+05:30,94.045,94.385,94.035,94.25,1193
2026-01-21T05:00:00+05:30,94.265,94.605,94.17,94.585,1433
2026-01-21T05:15:00+05:30,94.605,94.8,94.53,94.765,2292
2026-01-21T05:30:00+05:30,94.765,94.955,94.655,94.89,1932
2026-01-21T05:45:00+05:30,94.885,95.165,94.815,95.08,1761
2026-01-21T06:00:00+05:30,95.085,95.345,95.06,95.21,2817
2026-01-21T06:15:00+05:30,95.21,95.515,95.07,95.265,2799
2026-01-21T06:30:00+05:30,95.26,95.365,94.56,95.05,7665
2026-01-21T06:45:00+05:30,95.045,95.1,94.355,94.685,5153
2026-01-21T07:00:00+05:30,94.69,94.735,93.855,94.325,7211
2026-01-21T07:15:00+05:30,94.33,94.665,94.175,94.305,4579
2026-01-21T07:30:00+05:30,94.305,94.475,93.71,94.035,4690
2026-01-21T07:45:00+05:30,94.045,94.06,93.41,93.675,4051
2026-01-21T08:00:00+05:30,93.67,94.25,93.54,93.78,5135
2026-01-21T08:15:00+05:30,93.8,94.16,93.585,94.06,3438
2026-01-21T08:30:00+05:30,94.05,94.335,93.53,93.565,4102
2026-01-21T08:45:00+05:30,93.57,93.85,93.28,93.455,3787
2026-01-21T09:00:00+05:30,93.46,93.845,93.375,93.775,2353
2026-01-21T09:15:00+05:30,93.78,93.915,93.66,93.805,1432
2026-01-21T09:30:00+05:30,93.79,93.96,93.65,93.84,1350
2026-01-21T09:45:00+05:30,93.83,94.12,93.775,94.055,1487
2026-01-21T10:00:00+05:30,94.06,94.285,94.02,94.24,1786
2026-01-21T10:15:00+05:30,94.26,94.455,94.07,94.205,2348
2026-01-21T10:30:00+05:30,94.18,94.36,93.97,94.34,2246
2026-01-21T10:45:00+05:30,94.335,94.51,94.015,94.145,2272
2026-01-21T11:00:00+05:30,94.145,94.43,93.8,94.14,4109
2026-01-21T11:15:00+05:30,94.14,94.835,94.14,94.515,4501
2026-01-21T11:30:00+05:30,94.525,94.84,94.515,94.725,2923
2026-01-21T11:45:00+05:30,94.735,94.91,94.63,94.74,2795
2026-01-21T12:00:00+05:30,94.735,95.04,94.425,94.525,3822
2026-01-21T12:15:00+05:30,94.51,94.58,94.135,94.25,3060
2026-01-21T12:30:00+05:30,94.24,94.385,93.985,94.31,3189
2026-01-21T12:45:00+05:30,94.31,94.515,94.285,94.465,2080
2026-01-21T13:00:00+05:30,94.45,94.56,94.3,94.435,1444
2026-01-21T13:15:00+05:30,94.445,94.66,94.44,94.61,1143
2026-01-21T13:30:00+05:30,94.595,94.9,94.525,94.8,1560
2026-01-21T13:45:00+05:30,94.8,95.015,94.8,94.88,1351
2026-01-21T14:00:00+05:30,94.895,94.95,94.69,94.705,1387
2026-01-21T14:15:00+05:30,94.7,94.795,94.46,94.785,1534
2026-01-21T14:30:00+05:30,94.795,94.935,94.76,94.83,1305
2026-01-21T14:45:00+05:30,94.825,95.215,94.805,95.155,2119
2026-01-21T15:00:00+05:30,95.15,95.265,94.995,95.255,1569
2026-01-21T15:15:00+05:30,95.25,95.285,95.05,95.115,1185
2026-01-21T15:30:00+05:30,95.11,95.175,94.97,95.085,1022
2026-01-21T15:45:00+05:30,95.085,95.1,94.89,94.945,759
2026-01-21T16:00:00+05:30,94.935,95.11,94.93,95.07,783
2026-01-21T16:15:00+05:30,95.07,95.085,94.775,94.795,901
2026-01-21T16:30:00+05:30,94.805,94.9,94.705,94.855,1040
2026-01-21T16:45:00+05:30,94.86,95.035,94.81,94.945,927
2026-01-21T17:00:00+05:30,94.935,94.95,94.47,94.595,1514
2026-01-21T17:15:00+05:30,94.595,94.66,94.34,94.645,1666
2026-01-21T17:30:00+05:30,94.645,94.76,94.205,94.335,2384
2026-01-21T17:45:00+05:30,94.325,94.34,94.035,94.31,2240
2026-01-21T18:00:00+05:30,94.315,94.495,94.31,94.42,1664
2026-01-21T18:15:00+05:30,94.42,94.425,93.925,94.075,2690
2026-01-21T18:30:00+05:30,94.075,94.36,93.58,94.21,6049
2026-01-21T18:45:00+05:30,94.21,94.28,93.94,94.1,2649
2026-01-21T19:00:00+05:30,94.09,94.84,94.05,94.805,4291
2026-01-21T19:15:00+05:30,94.81,95.04,94.605,94.93,4901
2026-01-21T19:30:00+05:30,94.94,95.065,93.815,94.1,11130
2026-01-21T19:45:00+05:30,94.09,94.445,93.93,94.295,6475
2026-01-21T20:00:00+05:30,94.285,94.63,93.78,94.055,7442
2026-01-21T20:15:00+05:30,94.075,94.1,93.42,93.68,7807
2026-01-21T20:30:00+05:30,93.665,94.195,93.51,94.06,5934
2026-01-21T20:45:00+05:30,94.06,94.145,92.11,92.765,14450
2026-01-21T21:00:00+05:30,92.775,93.45,92.745,93.17,8152
2026-01-21T21:15:00+05:30,93.165,93.78,92.84,93.565,6609
2026-01-21T21:30:00+05:30,93.585,93.785,93.3,93.455,4234
2026-01-21T21:45:00+05:30,93.45,93.87,92.98,93.415,5666
2026-01-21T22:00:00+05:30,93.405,93.715,93.29,93.38,4404
2026-01-21T22:15:00+05:30,93.36,93.66,93.02,93.28,3533
2026-01-21T22:30:00+05:30,93.28,93.315,92.495,92.5,4957
2026-01-21T22:45:00+05:30,92.495,93.03,92.395,92.985,4377
2026-01-21T23:00:00+05:30,93,93,92.175,92.565,5888
2026-01-21T23:15:00+05:30,92.57,93.19,92.515,93.14,3709
2026-01-21T23:30:00+05:30,93.145,93.145,92.51,92.53,3881
2026-01-21T23:45:00+05:30,92.535,92.955,92.185,92.825,5456
2026-01-22T00:00:00+05:30,92.82,93.09,92.67,93.05,3321
2026-01-22T00:15:00+05:30,93.06,93.545,92.975,93.505,3268
2026-01-22T00:30:00+05:30,93.49,93.535,93.165,93.22,2433
2026-01-22T00:45:00+05:30,93.22,93.525,91.455,91.915,6983
2026-01-22T01:00:00+05:30,91.925,92.12,90.59,90.77,13918
2026-01-22T01:15:00+05:30,90.785,91.36,90.14,91.225,8925
2026-01-22T01:30:00+05:30,91.22,91.58,90.71,90.98,4872
2026-01-22T01:45:00+05:30,91,92.07,90.94,91.91,5818
2026-01-22T02:00:00+05:30,91.89,92.37,91.795,92.325,4525
2026-01-22T02:15:00+05:30,92.325,92.52,92.11,92.495,3037
2026-01-22T02:30:00+05:30,92.48,92.635,92.255,92.565,1799
2026-01-22T02:45:00+05:30,92.57,93.08,92.53,92.78,2072
2026-01-22T03:00:00+05:30,92.79,93.155,92.77,93.105,1174
2026-01-22T03:15:00+05:30,93.125,93.19,92.735,92.935,1305
2026-01-22T04:30:00+05:30,92.855,93,91.925,92.2,2911
2026-01-22T04:45:00+05:30,92.205,92.215,91.245,91.59,3971
2026-01-22T05:00:00+05:30,91.585,91.85,91.385,91.51,3029
2026-01-22T05:15:00+05:30,91.495,91.765,90.775,90.83,3263
2026-01-22T05:30:00+05:30,90.855,91.42,90.81,91.24,3250
2026-01-22T05:45:00+05:30,91.24,91.28,90.71,90.975,2859
2026-01-22T06:00:00+05:30,90.995,91.33,90.76,91.15,2746
2026-01-22T06:15:00+05:30,91.145,91.85,90.86,91.74,2952
2026-01-22T06:30:00+05:30,91.735,91.945,90.77,91.89,7151
2026-01-22T06:45:00+05:30,91.895,92.325,91.745,91.99,4121
2026-01-22T07:00:00+05:30,91.985,92.615,91.945,92.57,3743
2026-01-22T07:15:00+05:30,92.55,92.56,92.155,92.165,2997
2026-01-22T07:30:00+05:30,92.155,92.22,91.76,92.03,3644
2026-01-22T07:45:00+05:30,92.03,92.27,91.82,91.9,2112
2026-01-22T08:00:00+05:30,91.88,91.935,91.575,91.76,3234
2026-01-22T08:15:00+05:30,91.765,92.84,91.745,92.63,3591
2026-01-22T08:30:00+05:30,92.625,93.085,92.485,93.055,3563
2026-01-22T08:45:00+05:30,93.07,93.27,92.725,93.05,3028
2026-01-22T09:00:00+05:30,93.06,93.19,92.87,92.875,1987
2026-01-22T09:15:00+05:30,92.89,93.33,92.87,93.25,1963
2026-01-22T09:30:00+05:30,93.26,93.32,93.1,93.16,1930
2026-01-22T09:45:00+05:30,93.155,93.22,93.07,93.165,1328
2026-01-22T10:00:00+05:30,93.15,93.29,92.99,93.125,1579
2026-01-22T10:15:00+05:30,93.115,93.28,93.06,93.245,985
2026-01-22T10:30:00+05:30,93.24,93.415,93.085,93.295,1860
2026-01-22T10:45:00+05:30,93.295,93.31,93.085,93.13,1008
2026-01-22T11:00:00+05:30,93.12,93.49,93.11,93.395,2640
2026-01-22T11:15:00+05:30,93.405,93.855,93.405,93.725,3482
2026-01-22T11:30:00+05:30,93.72,94.04,93.575,93.68,2806
2026-01-22T11:45:00+05:30,93.69,93.99,93.645,93.84,1856
2026-01-22T12:00:00+05:30,93.835,94.02,93.78,93.87,1540
2026-01-22T12:15:00+05:30,93.865,93.98,93.72,93.97,1570
2026-01-22T12:30:00+05:30,93.98,94.23,93.9,94.2,2349
2026-01-22T12:45:00+05:30,94.2,94.24,94.015,94.155,1572
2026-01-22T13:00:00+05:30,94.15,94.25,94.015,94.05,1254
2026-01-22T13:15:00+05:30,94.06,94.14,93.94,94.08,1272
2026-01-22T13:30:00+05:30,94.095,94.295,93.915,93.995,1614
2026-01-22T13:45:00+05:30,93.985,94.11,93.91,93.92,1032
2026-01-22T14:00:00+05:30,93.935,93.995,93.715,93.945,1537
2026-01-22T14:15:00+05:30,93.94,94.045,93.79,94,1126
2026-01-22T14:30:00+05:30,93.99,94.24,93.955,94.145,1259
2026-01-22T14:45:00+05:30,94.145,94.16,93.87,93.955,1005
2026-01-22T15:00:00+05:30,93.935,93.975,93.415,93.54,2988
2026-01-22T15:15:00+05:30,93.535,93.875,93.51,93.81,1360
2026-01-22T15:30:00+05:30,93.795,93.8,93.425,93.58,1645
2026-01-22T15:45:00+05:30,93.575,93.67,93.295,93.56,1181
2026-01-22T16:00:00+05:30,93.575,93.69,93.42,93.645,984
2026-01-22T16:15:00+05:30,93.64,93.785,93.575,93.655,885
2026-01-22T16:30:00+05:30,93.67,93.775,93.595,93.62,761
2026-01-22T16:45:00+05:30,93.615,93.915,93.555,93.78,1041
2026-01-22T17:00:00+05:30,93.78,93.835,93.615,93.71,851
2026-01-22T17:15:00+05:30,93.71,93.87,93.445,93.48,1653
2026-01-22T17:30:00+05:30,93.48,93.48,93.015,93.085,2913
2026-01-22T17:45:00+05:30,93.085,93.63,93.07,93.58,1688
2026-01-22T18:00:00+05:30,93.57,93.685,93.485,93.485,1090
2026-01-22T18:15:00+05:30,93.485,93.485,92.76,92.955,2803
2026-01-22T18:30:00+05:30,92.95,93.395,92.78,93.34,4575
2026-01-22T18:45:00+05:30,93.345,93.395,92.925,93.02,2750
2026-01-22T19:00:00+05:30,93.065,93.33,92.81,93.11,4054
2026-01-22T19:15:00+05:30,93.11,93.545,92.96,93.49,2938
2026-01-22T19:30:00+05:30,93.495,93.58,93.26,93.43,2704
2026-01-22T19:45:00+05:30,93.415,93.595,93.38,93.555,1628
2026-01-22T20:00:00+05:30,93.55,94.345,93.48,94.26,8217
2026-01-22T20:15:00+05:30,94.29,94.365,93.83,93.845,5054
2026-01-22T20:30:00+05:30,93.84,93.935,93.45,93.86,6007
2026-01-22T20:45:00+05:30,93.86,94.62,93.685,94.495,5820
2026-01-22T21:00:00+05:30,94.49,95.35,94.47,95.32,8082
2026-01-22T21:15:00+05:30,95.325,95.88,95.16,95.695,9140
2026-01-22T21:30:00+05:30,95.7,95.845,95.32,95.435,6629
2026-01-22T21:45:00+05:30,95.43,95.815,95.37,95.5,4730
2026-01-22T22:00:00+05:30,95.51,95.645,95.19,95.45,4558
2026-01-22T22:15:00+05:30,95.455,96.045,95.455,95.895,5349
2026-01-22T22:30:00+05:30,95.88,96.23,95.505,95.88,7315
2026-01-22T22:45:00+05:30,95.885,96.05,95.63,95.93,3932
2026-01-22T23:00:00+05:30,95.925,96.31,95.895,96.29,4273
2026-01-22T23:15:00+05:30,96.28,96.6,96.245,96.425,4769
2026-01-22T23:30:00+05:30,96.415,96.74,96.185,96.43,5391
2026-01-22T23:45:00+05:30,96.43,96.63,96.215,96.325,4392
2026-01-23T00:00:00+05:30,96.32,96.38,96.005,96.25,2999
2026-01-23T00:15:00+05:30,96.245,96.565,96.13,96.31,2568
2026-01-23T00:30:00+05:30,96.31,96.505,96.17,96.465,2216
2026-01-23T00:45:00+05:30,96.46,96.48,95.62,95.97,3830
2026-01-23T01:00:00+05:30,95.975,96.145,95.875,95.905,2864
2026-01-23T01:15:00+05:30,95.9,96.095,95.62,95.995,3160
2026-01-23T01:30:00+05:30,96.015,96.365,95.975,96.345,2126
2026-01-23T01:45:00+05:30,96.35,96.485,96.195,96.275,1979
2026-01-23T02:00:00+05:30,96.28,96.3,96.03,96.195,1909
2026-01-23T02:15:00+05:30,96.2,96.36,96.1,96.165,1709
2026-01-23T02:30:00+05:30,96.165,96.34,96.065,96.255,873
2026-01-23T02:45:00+05:30,96.25,96.3,96.12,96.26,671
2026-01-23T03:00:00+05:30,96.25,96.455,96.195,96.4,1015
2026-01-23T03:15:00+05:30,96.39,96.455,96.155,96.2,1041
2026-01-23T04:30:00+05:30,96.3,96.975,96.205,96.53,4995
2026-01-23T04:45:00+05:30,96.535,96.775,96.44,96.53,2816
2026-01-23T05:00:00+05:30,96.525,96.615,96.375,96.615,1907
2026-01-23T05:15:00+05:30,96.61,96.995,96.61,96.955,3049
2026-01-23T05:30:00+05:30,96.955,96.97,96.705,96.72,1946
2026-01-23T05:45:00+05:30,96.735,96.9,96.69,96.795,1521
2026-01-23T06:00:00+05:30,96.805,96.9,96.71,96.755,1494
2026-01-23T06:15:00+05:30,96.755,97.265,96.735,97.2,2698
2026-01-23T06:30:00+05:30,97.205,97.62,96.91,97.525,9866
2026-01-23T06:45:00+05:30,97.52,98.6,97.51,98.34,8524
2026-01-23T07:00:00+05:30,98.355,98.82,98.32,98.68,6202
2026-01-23T07:15:00+05:30,98.67,98.985,98.45,98.575,5665
2026-01-23T07:30:00+05:30,98.565,98.855,98.51,98.565,3628
2026-01-23T07:45:00+05:30,98.56,98.795,98.25,98.495,3879
2026-01-23T08:00:00+05:30,98.49,98.79,98.39,98.755,2808
2026-01-23T08:15:00+05:30,98.76,99.225,98.71,98.74,4164
2026-01-23T08:30:00+05:30,98.73,98.99,98.645,98.655,2186
2026-01-23T08:45:00+05:30,98.645,98.74,98.365,98.71,3466
2026-01-23T09:00:00+05:30,98.7,98.93,98.555,98.83,1925
2026-01-23T09:15:00+05:30,98.815,98.895,98.65,98.69,1055
2026-01-23T09:30:00+05:30,98.695,98.79,98.645,98.73,610
2026-01-23T09:45:00+05:30,98.72,98.735,98.48,98.59,1146
2026-01-23T10:00:00+05:30,98.6,98.785,98.525,98.775,1086
2026-01-23T10:15:00+05:30,98.765,98.815,98.635,98.69,875
2026-01-23T10:30:00+05:30,98.675,98.77,98.6,98.65,832
2026-01-23T10:45:00+05:30,98.65,98.795,98.58,98.67,902
2026-01-23T11:00:00+05:30,98.675,99.345,98.675,99.155,3727
2026-01-23T11:15:00+05:30,99.15,99.395,99.005,99.08,2881
2026-01-23T11:30:00+05:30,99.08,99.215,98.725,98.985,3411
2026-01-23T11:45:00+05:30,98.99,99.11,98.87,98.88,1816
2026-01-23T12:00:00+05:30,98.86,99.1,98.73,99.065,1974
2026-01-23T12:15:00+05:30,99.075,99.28,99.05,99.085,1722
2026-01-23T12:30:00+05:30,99.085,99.095,98.825,98.88,1365
2026-01-23T12:45:00+05:30,98.87,98.98,98.7,98.91,1422
2026-01-23T13:00:00+05:30,98.92,98.975,98.69,98.79,1328
2026-01-23T13:15:00+05:30,98.78,98.9,98.64,98.74,1093
2026-01-23T13:30:00+05:30,98.74,98.775,98.42,98.57,1807
2026-01-23T13:45:00+05:30,98.56,98.62,97.565,97.955,4640
2026-01-23T14:00:00+05:30,97.97,98.27,97.835,98.175,3448
2026-01-23T14:15:00+05:30,98.175,98.175,97.665,98.06,2670
2026-01-23T14:30:00+05:30,98.065,98.295,98,98.065,2429
2026-01-23T14:45:00+05:30,98.075,98.2,97.745,97.87,2370
2026-01-23T15:00:00+05:30,97.88,98.245,97.79,98.105,1541
2026-01-23T15:15:00+05:30,98.1,98.4,98.055,98.2,1590
2026-01-23T15:30:00+05:30,98.215,98.29,98.01,98.195,1252
2026-01-23T15:45:00+05:30,98.2,98.58,98.195,98.475,1893
2026-01-23T16:00:00+05:30,98.495,98.62,98.395,98.495,1243
2026-01-23T16:15:00+05:30,98.5,99.045,98.455,98.945,2426
2026-01-23T16:30:00+05:30,98.94,98.955,98.57,98.615,1696
2026-01-23T16:45:00+05:30,98.645,98.725,98.44,98.7,1519
2026-01-23T17:00:00+05:30,98.715,98.87,98.66,98.775,960
2026-01-23T17:15:00+05:30,98.775,99.04,98.6,99.01,1992
2026-01-23T17:30:00+05:30,99.02,99.035,98.63,98.83,2136
2026-01-23T17:45:00+05:30,98.84,98.945,98.745,98.91,1108
2026-01-23T18:00:00+05:30,98.905,99.15,98.815,99.095,1584
2026-01-23T18:15:00+05:30,99.11,99.375,99.07,99.275,3206
2026-01-23T18:30:00+05:30,99.275,99.8,99.07,99.775,8317
2026-01-23T18:45:00+05:30,99.77,99.795,99.07,99.18,6346
2026-01-23T19:00:00+05:30,99.185,99.495,98.835,99.265,5626
2026-01-23T19:15:00+05:30,99.26,99.785,99.245,99.73,4424
2026-01-23T19:30:00+05:30,99.735,99.915,99.495,99.84,5284
2026-01-23T19:45:00+05:30,99.84,99.935,99.535,99.68,3853
2026-01-23T20:00:00+05:30,99.68,99.885,99.13,99.79,8348
2026-01-23T20:15:00+05:30,99.8,99.925,99.45,99.465,4704
2026-01-23T20:30:00+05:30,99.465,100.185,99.285,100.075,7751
2026-01-23T20:45:00+05:30,100.08,100.14,99.34,99.65,8683
2026-01-23T21:00:00+05:30,99.655,100.15,99.59,100.045,5206
2026-01-23T21:15:00+05:30,100.055,100.47,99.77,100.045,8278
2026-01-23T21:30:00+05:30,100.05,100.56,100.05,100.45,6212
2026-01-23T21:45:00+05:30,100.445,101.07,100.425,100.98,7141
2026-01-23T22:00:00+05:30,100.98,101.165,100.78,100.955,6511
2026-01-23T22:15:00+05:30,100.945,101.025,100.615,100.875,5003
2026-01-23T22:30:00+05:30,100.895,101.125,100.695,101.075,4232
2026-01-23T22:45:00+05:30,101.075,101.385,101.015,101.115,4847
2026-01-23T23:00:00+05:30,101.115,101.55,101.095,101.405,4404
2026-01-23T23:15:00+05:30,101.385,101.625,100.815,101.035,6224
2026-01-23T23:30:00+05:30,101.045,101.695,100.99,101.435,5495
2026-01-23T23:45:00+05:30,101.445,101.615,101.245,101.425,4848
2026-01-24T00:00:00+05:30,101.425,101.58,101.045,101.27,3871
2026-01-24T00:15:00+05:30,101.26,101.34,100.945,101.135,3724
2026-01-24T00:30:00+05:30,101.145,101.845,101.1,101.58,4739
2026-01-24T00:45:00+05:30,101.605,101.84,101.555,101.745,2432
2026-01-24T01:00:00+05:30,101.74,101.9,101.58,101.85,3416
2026-01-24T01:15:00+05:30,101.865,102.325,101.84,102.19,5730
2026-01-24T01:30:00+05:30,102.175,102.375,101.885,102.32,3417
2026-01-24T01:45:00+05:30,102.315,102.585,102.31,102.345,3421
2026-01-24T02:00:00+05:30,102.335,102.7,102.17,102.66,3738
2026-01-24T02:15:00+05:30,102.66,102.83,102.495,102.73,3915
2026-01-24T02:30:00+05:30,102.72,103.165,102.685,102.94,3463
2026-01-24T02:45:00+05:30,102.935,103.04,102.625,103.02,2575
2026-01-24T03:00:00+05:30,103.015,103.18,102.9,103.145,1786
2026-01-24T03:15:00+05:30,103.15,103.515,103.11,103.3,2247
2026-01-26T04:30:00+05:30,104.23,106.65,103.34,104.69,14113
2026-01-26T04:45:00+05:30,104.665,105.16,103.83,104.285,7704
2026-01-26T05:00:00+05:30,104.29,104.99,104.05,104.7,6118
2026-01-26T05:15:00+05:30,104.695,105.16,104.61,104.98,4477
2026-01-26T05:30:00+05:30,104.985,105.63,104.55,105.58,5416
2026-01-26T05:45:00+05:30,105.59,106.085,105.36,105.97,5127
2026-01-26T06:00:00+05:30,105.96,106.8,105.85,106.67,6205
2026-01-26T06:15:00+05:30,106.665,107.26,105.72,106.36,9881
2026-01-26T06:30:00+05:30,106.36,107.785,105.525,107.645,15394
2026-01-26T06:45:00+05:30,107.645,108.065,107.275,107.92,7569
2026-01-26T07:00:00+05:30,107.92,108.535,107.765,108.195,7798
2026-01-26T07:15:00+05:30,108.205,108.265,107.15,107.48,7378
2026-01-26T07:30:00+05:30,107.495,107.99,106.72,107.855,9056
2026-01-26T07:45:00+05:30,107.86,108.32,107.835,108.125,4518
2026-01-26T08:00:00+05:30,108.13,108.9,107.935,108.735,5889
2026-01-26T08:15:00+05:30,108.735,109.33,108.725,108.81,6414
2026-01-26T08:30:00+05:30,108.795,108.95,108.26,108.915,5082
2026-01-26T08:45:00+05:30,108.905,109.185,108.585,108.7,3830
2026-01-26T09:00:00+05:30,108.73,108.95,108.415,108.495,2968
2026-01-26T09:15:00+05:30,108.505,108.565,107.445,108.095,6931
2026-01-26T09:30:00+05:30,108.095,108.235,107.715,107.905,3348
2026-01-26T09:45:00+05:30,107.91,108.05,107.55,107.705,2126
2026-01-26T10:00:00+05:30,107.69,107.895,107.29,107.65,3104
2026-01-26T10:15:00+05:30,107.64,108.01,107.38,107.88,2977
2026-01-26T10:30:00+05:30,107.865,107.95,107.23,107.31,3425
2026-01-26T10:45:00+05:30,107.33,107.685,106.95,107.585,3990
2026-01-26T11:00:00+05:30,107.575,107.65,106.135,106.79,8209
2026-01-26T11:15:00+05:30,106.775,107.69,106.68,107.655,4803
2026-01-26T11:30:00+05:30,107.665,107.69,107.165,107.24,3335
2026-01-26T11:45:00+05:30,107.255,107.58,107.07,107.26,3062
2026-01-26T12:00:00+05:30,107.265,107.775,107.24,107.7,3726
2026-01-26T12:15:00+05:30,107.68,108.41,107.255,107.32,6063
2026-01-26T12:30:00+05:30,107.33,107.68,106.825,107.64,4981
2026-01-26T12:45:00+05:30,107.63,107.92,107.56,107.89,2729
2026-01-26T13:00:00+05:30,107.905,108.06,107.705,108.045,2000
2026-01-26T13:15:00+05:30,108.06,108.245,107.915,108.185,2147
2026-01-26T13:30:00+05:30,108.185,108.59,108.005,108.56,2957
2026-01-26T13:45:00+05:30,108.56,109.26,108.54,109.08,3274
2026-01-26T14:00:00+05:30,109.095,109.95,109.045,109.465,5683
2026-01-26T14:15:00+05:30,109.47,109.535,108.875,109.15,3068
2026-01-26T14:30:00+05:30,109.135,109.71,108.88,109.52,3670
2026-01-26T14:45:00+05:30,109.53,109.84,109.415,109.83,3558
2026-01-26T15:00:00+05:30,109.825,110.065,109.08,109.3,4099
2026-01-26T15:15:00+05:30,109.295,109.43,108.4,108.86,4308
2026-01-26T15:30:00+05:30,108.86,109.29,108.86,109.18,2765
2026-01-26T15:45:00+05:30,109.17,109.335,109.01,109.245,1658
2026-01-26T16:00:00+05:30,109.26,109.49,109.145,109.33,1539
2026-01-26T16:15:00+05:30,109.34,109.48,109.13,109.325,1418
2026-01-26T16:30:00+05:30,109.315,109.315,108.69,108.845,2298
2026-01-26T16:45:00+05:30,108.85,108.885,108.175,108.605,2995
2026-01-26T17:00:00+05:30,108.59,108.98,108.455,108.98,1681
2026-01-26T17:15:00+05:30,108.97,109.345,108.915,109.315,1585
2026-01-26T17:30:00+05:30,109.32,109.8,109.24,109.705,2817
2026-01-26T17:45:00+05:30,109.7,110.925,109.7,110.38,7721
2026-01-26T18:00:00+05:30,110.385,110.44,109.83,109.97,5328
2026-01-26T18:15:00+05:30,109.96,110.43,109.005,109.29,6390
2026-01-26T18:30:00+05:30,109.3,109.915,108.765,109.82,10878
2026-01-26T18:45:00+05:30,109.84,110.295,109.425,109.465,7772
2026-01-26T19:00:00+05:30,109.55,109.58,108.6,109.535,7138
2026-01-26T19:15:00+05:30,109.55,109.68,108.815,108.995,4846
2026-01-26T19:30:00+05:30,108.985,109.875,108.46,109.785,6759
2026-01-26T19:45:00+05:30,109.77,110.185,109.545,109.705,5642
2026-01-26T20:00:00+05:30,109.685,110.6,109.46,109.895,10175
2026-01-26T20:15:00+05:30,109.89,111.315,109.785,111.195,10034
2026-01-26T20:30:00+05:30,111.185,112.065,110.64,111.955,11229
2026-01-26T20:45:00+05:30,111.935,112.35,111.255,111.915,9680
2026-01-26T21:00:00+05:30,111.955,112.055,110.6,110.96,9696
2026-01-26T21:15:00+05:30,110.955,112.33,110.915,112.09,8332
2026-01-26T21:30:00+05:30,112.1,113.2,111.84,113.15,10614
2026-01-26T21:45:00+05:30,113.13,113.65,112.405,112.58,11368
2026-01-26T22:00:00+05:30,112.575,113.385,112.2,113.21,9765
2026-01-26T22:15:00+05:30,113.185,114.49,113.095,114.245,10205
2026-01-26T22:30:00+05:30,114.24,114.94,114.075,114.84,9753
2026-01-26T22:45:00+05:30,114.84,115.68,114.37,114.95,13920
2026-01-26T23:00:00+05:30,114.94,116.17,114.5,116.05,11519
2026-01-26T23:15:00+05:30,116.045,117.26,115.51,117.12,12765
2026-01-26T23:30:00+05:30,117.11,117.71,114.625,114.825,20678
2026-01-26T23:45:00+05:30,114.83,116.12,114.135,114.245,20993
2026-01-27T00:00:00+05:30,114.25,114.34,110.765,111.925,26597
2026-01-27T00:15:00+05:30,111.94,113.18,111.255,111.285,14201
2026-01-27T00:30:00+05:30,111.27,111.385,108.815,110.71,18473
2026-01-27T00:45:00+05:30,110.73,110.885,107.52,108.73,18591
2026-01-27T01:00:00+05:30,108.725,110.045,107.89,108.495,12503
2026-01-27T01:15:00+05:30,108.47,108.785,106.425,107.435,14525
2026-01-27T01:30:00+05:30,107.445,109.39,107.23,109.28,10415
2026-01-27T01:45:00+05:30,109.255,109.49,107.82,109.23,9283
2026-01-27T02:00:00+05:30,109.24,109.86,107.935,108.15,8270
2026-01-27T02:15:00+05:30,108.185,109.045,107.785,108.595,5054
2026-01-27T02:30:00+05:30,108.61,108.835,105.765,106.04,7920
2026-01-27T02:45:00+05:30,106.06,106.205,103.845,104.15,12780
2026-01-27T03:00:00+05:30,104.15,104.36,101.71,103.4,16643
2026-01-27T03:15:00+05:30,103.4,104.3,103.35,103.9,6056
2026-01-27T04:30:00+05:30,104.73,106.15,103.08,106.055,7180
2026-01-27T04:45:00+05:30,106.08,106.81,105.72,106.445,7821
2026-01-27T05:00:00+05:30,106.465,107.65,106.27,107.385,5856
2026-01-27T05:15:00+05:30,107.4,107.78,106.36,106.63,6755
2026-01-27T05:30:00+05:30,106.63,107.65,106.015,107.395,6425
2026-01-27T05:45:00+05:30,107.425,107.5,106.67,107.3,4435
2026-01-27T06:00:00+05:30,107.295,107.49,106.55,107.025,4533
2026-01-27T06:15:00+05:30,107.015,107.13,104.225,106.17,11418
2026-01-27T06:30:00+05:30,106.16,110.065,105.6,109.91,19380
2026-01-27T06:45:00+05:30,109.92,110.785,109.35,110.385,12113
2026-01-27T07:00:00+05:30,110.375,110.75,109.33,109.905,8932
2026-01-27T07:15:00+05:30,109.93,110.55,109.08,110.1,7001
2026-01-27T07:30:00+05:30,110.1,110.475,109.355,110.35,4999
2026-01-27T07:45:00+05:30,110.345,111.28,110.345,110.565,5898
2026-01-27T08:00:00+05:30,110.56,111.05,110.32,110.995,3708
2026-01-27T08:15:00+05:30,110.97,110.975,109.81,110.365,4346
2026-01-27T08:30:00+05:30,110.37,110.635,109.35,109.615,5036
2026-01-27T08:45:00+05:30,109.61,109.985,108.83,109.07,4349
2026-01-27T09:00:00+05:30,109.06,110.325,108.76,110.28,4574
2026-01-27T09:15:00+05:30,110.3,110.495,109.35,109.715,4720
2026-01-27T09:30:00+05:30,109.69,109.86,108.935,108.95,3325
2026-01-27T09:45:00+05:30,108.965,109.73,108.9,109.265,3125
2026-01-27T10:00:00+05:30,109.235,109.25,107.595,108.195,5189
2026-01-27T10:15:00+05:30,108.215,108.59,107.515,108.135,5020
2026-01-27T10:30:00+05:30,108.14,108.29,107.14,107.525,4400
2026-01-27T10:45:00+05:30,107.535,108.69,107.375,108.26,3984
2026-01-27T11:00:00+05:30,108.25,109.265,107.9,109.165,5004
2026-01-27T11:15:00+05:30,109.2,109.935,109.2,109.875,3635
2026-01-27T11:30:00+05:30,109.875,110.15,109.165,109.765,3449
2026-01-27T11:45:00+05:30,109.78,110.07,109.435,109.91,2517
2026-01-27T12:00:00+05:30,109.88,110.1,109.65,109.99,2269
2026-01-27T12:15:00+05:30,109.99,110.79,109.905,109.96,4282
2026-01-27T12:30:00+05:30,109.965,110.73,109.565,110.575,3725
2026-01-27T12:45:00+05:30,110.545,111.49,110.235,111.33,3761
2026-01-27T13:00:00+05:30,111.33,113.43,111.3,113.115,8793
2026-01-27T13:15:00+05:30,113.11,113.55,112.495,112.595,5053
2026-01-27T13:30:00+05:30,112.59,112.88,111.685,112.405,5723
2026-01-27T13:45:00+05:30,112.41,112.525,111.045,111.19,4434
2026-01-27T14:00:00+05:30,111.215,111.29,110.155,110.93,6645
2026-01-27T14:15:00+05:30,110.955,111.785,110.865,111.3,4043
2026-01-27T14:30:00+05:30,111.29,112.06,111.07,112.005,3334
2026-01-27T14:45:00+05:30,112.025,112.84,111.585,112.81,3752
2026-01-27T15:00:00+05:30,112.795,113.07,112.325,112.35,3747
2026-01-27T15:15:00+05:30,112.34,112.795,111.545,112.45,4280
2026-01-27T15:30:00+05:30,112.455,112.88,112.215,112.785,3018
2026-01-27T15:45:00+05:30,112.78,112.995,112.27,112.455,2538
2026-01-27T16:00:00+05:30,112.445,112.485,111.77,112.375,3209
2026-01-27T16:15:00+05:30,112.36,112.535,111.84,112.32,2311
2026-01-27T16:30:00+05:30,112.33,112.575,111.915,112.435,2542
2026-01-27T16:45:00+05:30,112.425,112.71,112.15,112.6,2200
2026-01-27T17:00:00+05:30,112.64,112.745,112.175,112.3,1812
2026-01-27T17:15:00+05:30,112.3,112.345,110.735,111.54,6011
2026-01-27T17:30:00+05:30,111.55,112.075,111.24,111.91,4727
2026-01-27T17:45:00+05:30,111.9,111.9,110.535,110.905,4488
2026-01-27T18:00:00+05:30,110.91,111.77,110.785,111.675,4253
2026-01-27T18:15:00+05:30,111.68,111.77,110.905,111.055,3908
2026-01-27T18:30:00+05:30,111.065,113.055,110.86,112.92,11512
2026-01-27T18:45:00+05:30,112.93,113.065,111.2,111.485,8580
2026-01-27T19:00:00+05:30,111.485,112.065,110.995,111.34,6952
2026-01-27T19:15:00+05:30,111.365,112.34,111.255,111.96,5504
2026-01-27T19:30:00+05:30,111.945,111.955,108.93,109.31,11718
2026-01-27T19:45:00+05:30,109.33,109.405,107.73,108.045,15352
2026-01-27T20:00:00+05:30,108.07,110.08,107.98,109.845,13121
2026-01-27T20:15:00+05:30,109.83,110.08,106.055,106.43,15960
2026-01-27T20:30:00+05:30,106.435,107.185,104.87,105.605,15656
2026-01-27T20:45:00+05:30,105.595,106.985,105.53,106.315,12871
2026-01-27T21:00:00+05:30,106.295,107.895,106.14,107.03,11694
2026-01-27T21:15:00+05:30,107.03,108.56,106.97,108.195,10189
2026-01-27T21:30:00+05:30,108.18,109.33,107.44,108.905,9149
2026-01-27T21:45:00+05:30,108.885,109.445,108.5,108.975,7047
2026-01-27T22:00:00+05:30,108.975,109.04,107.65,107.745,8446
2026-01-27T22:15:00+05:30,107.75,108.465,107.34,107.745,6553
2026-01-27T22:30:00+05:30,107.75,108.055,106.705,107.48,7427
2026-01-27T22:45:00+05:30,107.495,107.75,106.56,107.615,6359
2026-01-27T23:00:00+05:30,107.61,107.97,105.93,106.17,8156
2026-01-27T23:15:00+05:30,106.17,107.17,105.99,106.4,6435
2026-01-27T23:30:00+05:30,106.42,107.075,105.545,106.075,7256
2026-01-27T23:45:00+05:30,106.095,106.8,105.515,106.76,8871
2026-01-28T00:00:00+05:30,106.76,107.66,106.695,106.945,6848
2026-01-28T00:15:00+05:30,106.935,108.14,106.83,107.81,6533
2026-01-28T00:30:00+05:30,107.8,108.3,107.415,107.9,5974
2026-01-28T00:45:00+05:30,107.885,108.39,107.67,107.795,4283
2026-01-28T01:00:00+05:30,107.8,108.665,107.745,108.625,4542
2026-01-28T01:15:00+05:30,108.635,109.345,108.435,109.295,5151
2026-01-28T01:30:00+05:30,109.275,111.37,109.205,111.065,10108
2026-01-28T01:45:00+05:30,111.06,111.31,110.2,110.785,9964
2026-01-28T02:00:00+05:30,110.775,111.01,109.815,110.66,7694
2026-01-28T02:15:00+05:30,110.655,112.4,110.59,112.165,10147
2026-01-28T02:30:00+05:30,112.16,112.855,111.825,112.185,6801
2026-01-28T02:45:00+05:30,112.185,112.755,112.175,112.525,4300
2026-01-28T03:00:00+05:30,112.51,113,112.325,112.96,3054
2026-01-28T03:15:00+05:30,112.945,113.16,111.695,112.285,4709
2026-01-28T04:30:00+05:30,112.375,112.465,110.755,111.28,5404
2026-01-28T04:45:00+05:30,111.3,111.9,110.855,111.84,5261
2026-01-28T05:00:00+05:30,111.83,111.865,111.235,111.685,4205
2026-01-28T05:15:00+05:30,111.695,113.4,111.695,112.905,6576
2026-01-28T05:30:00+05:30,112.89,113.03,111.865,112.51,5022
2026-01-28T05:45:00+05:30,112.515,112.855,112.3,112.59,2741
2026-01-28T06:00:00+05:30,112.615,112.91,112.44,112.84,2223
2026-01-28T06:15:00+05:30,112.845,114.06,112.845,113.465,6460
2026-01-28T06:30:00+05:30,113.45,114.44,112.83,113.675,9907
2026-01-28T06:45:00+05:30,113.675,113.675,112.88,113.305,5083
2026-01-28T07:00:00+05:30,113.34,113.975,112.62,113.865,5173
2026-01-28T07:15:00+05:30,113.86,114.16,112.885,113.16,5177
2026-01-28T07:30:00+05:30,113.165,113.62,112.93,113.425,3619
2026-01-28T07:45:00+05:30,113.425,113.805,113.33,113.635,2356
2026-01-28T08:00:00+05:30,113.635,114.16,113.395,113.945,3696
2026-01-28T08:15:00+05:30,113.935,114.495,113.81,114.425,3496
2026-01-28T08:30:00+05:30,114.42,115.165,114.205,115,5384
2026-01-28T08:45:00+05:30,115,115.38,114.875,115.05,4775
2026-01-28T09:00:00+05:30,115.025,115.025,114.445,114.77,4439
2026-01-28T09:15:00+05:30,114.765,115.335,114.605,114.68,3790
2026-01-28T09:30:00+05:30,114.67,115.23,114.635,114.985,3039
2026-01-28T09:45:00+05:30,114.97,115.195,114.795,115.185,2036
2026-01-28T10:00:00+05:30,115.19,115.58,115.19,115.395,2486
2026-01-28T10:15:00+05:30,115.4,115.65,115.115,115.61,3107
2026-01-28T10:30:00+05:30,115.605,116.115,115.445,116.01,3615
2026-01-28T10:45:00+05:30,116,116.05,115.565,115.69,3280
2026-01-28T11:00:00+05:30,115.68,115.85,115.035,115.66,4916
2026-01-28T11:15:00+05:30,115.665,115.67,115.075,115.295,3223
2026-01-28T11:30:00+05:30,115.3,115.575,114.645,114.98,3904
2026-01-28T11:45:00+05:30,114.98,115.25,113.775,114.19,4495
2026-01-28T12:00:00+05:30,114.195,114.865,114.14,114.55,3555
2026-01-28T12:15:00+05:30,114.545,115.115,114.265,115.115,2973
2026-01-28T12:30:00+05:30,115.1,115.225,114.555,114.96,2516
2026-01-28T12:45:00+05:30,114.945,115.155,114.12,114.335,3436
2026-01-28T13:00:00+05:30,114.32,114.43,113.53,114.31,3582
2026-01-28T13:15:00+05:30,114.3,114.73,114.03,114.675,2110
2026-01-28T13:30:00+05:30,114.7,114.725,113.94,114.175,2473
2026-01-28T13:45:00+05:30,114.18,114.565,114.06,114.29,1933
2026-01-28T14:00:00+05:30,114.3,115.085,114.12,114.345,3596
2026-01-28T14:15:00+05:30,114.34,114.345,113.35,113.86,4609
2026-01-28T14:30:00+05:30,113.87,114.17,112.605,112.775,4421
2026-01-28T14:45:00+05:30,112.8,112.98,112.095,112.675,5983
2026-01-28T15:00:00+05:30,112.68,112.95,112.115,112.175,3773
2026-01-28T15:15:00+05:30,112.175,113.28,112.175,112.97,3111
2026-01-28T15:30:00+05:30,112.97,113.285,112.685,113.25,2315
2026-01-28T15:45:00+05:30,113.235,113.235,112.805,113.14,1493
2026-01-28T16:00:00+05:30,113.13,113.16,112.405,113.13,2814
2026-01-28T16:15:00+05:30,113.135,113.485,112.865,112.875,2132
2026-01-28T16:30:00+05:30,112.885,112.905,111.36,111.97,5742
2026-01-28T16:45:00+05:30,111.94,112.095,111.14,111.8,4044
2026-01-28T17:00:00+05:30,111.815,112.045,111.245,111.93,3044
2026-01-28T17:15:00+05:30,111.925,112.55,111.9,112.455,2885
2026-01-28T17:30:00+05:30,112.46,112.905,111.87,112.3,4737
2026-01-28T17:45:00+05:30,112.285,112.695,112.105,112.295,2652
2026-01-28T18:00:00+05:30,112.3,112.675,112.145,112.635,2076
2026-01-28T18:15:00+05:30,112.65,113.46,112.415,113.39,4009
2026-01-28T18:30:00+05:30,113.38,114.235,113.065,113.525,10529
2026-01-28T18:45:00+05:30,113.495,114.12,113.42,114.04,6165
2026-01-28T19:00:00+05:30,114.035,114.58,113.405,113.685,6749
2026-01-28T19:15:00+05:30,113.685,114.205,113.51,114.075,4588
2026-01-28T19:30:00+05:30,114.08,114.455,113.245,113.685,6187
2026-01-28T19:45:00+05:30,113.69,114.13,113.365,113.47,4731
2026-01-28T20:00:00+05:30,113.47,115.4,113.455,115.005,11610
2026-01-28T20:15:00+05:30,115.02,115.255,114.28,114.925,6923
2026-01-28T20:30:00+05:30,114.92,115.68,112.01,112.665,18863
2026-01-28T20:45:00+05:30,112.65,113.415,111.87,112.61,13139
2026-01-28T21:00:00+05:30,112.615,113.59,112.47,113.145,8196
2026-01-28T21:15:00+05:30,113.135,113.385,112.525,113.105,5992
2026-01-28T21:30:00+05:30,113.11,113.545,112.67,113.205,5876
2026-01-28T21:45:00+05:30,113.215,114.355,113.215,114.12,7370
2026-01-28T22:00:00+05:30,114.135,114.39,113.465,113.985,5886
2026-01-28T22:15:00+05:30,113.975,114.875,113.9,114.66,5005
2026-01-28T22:30:00+05:30,114.68,115.03,114.315,114.685,4313
2026-01-28T22:45:00+05:30,114.685,114.94,114.38,114.91,3382
2026-01-28T23:00:00+05:30,114.92,114.94,113.615,114.07,5948
2026-01-28T23:15:00+05:30,114.06,114.54,113.775,114.175,3952
2026-01-28T23:30:00+05:30,114.18,114.27,112.64,113.075,7145
2026-01-28T23:45:00+05:30,113.07,113.75,112.57,112.705,6817
2026-01-29T00:00:00+05:30,112.705,112.765,110.635,110.94,10322
2026-01-29T00:15:00+05:30,110.94,111.64,110.4,111.455,7293
2026-01-29T00:30:00+05:30,111.39,113.1,111.03,113.045,8404
2026-01-29T00:45:00+05:30,113.035,113.41,112.47,112.69,6798
2026-01-29T01:00:00+05:30,112.68,113.865,112.585,113.735,6953
2026-01-29T01:15:00+05:30,113.685,114.715,113.555,114.385,6861
2026-01-29T01:30:00+05:30,114.37,114.96,114.155,114.385,5720
2026-01-29T01:45:00+05:30,114.375,115.385,114.085,115.2,5925
2026-01-29T02:00:00+05:30,115.2,116.97,115.13,116.805,10089
2026-01-29T02:15:00+05:30,116.845,117.595,116.12,116.515,10574
2026-01-29T02:30:00+05:30,116.52,117.075,116.185,116.51,4327
2026-01-29T02:45:00+05:30,116.505,116.8,115.615,115.66,4378
2026-01-29T03:00:00+05:30,115.51,116.49,115.205,116.32,3852
2026-01-29T03:15:00+05:30,116.33,116.97,116.02,116.68,2880
2026-01-29T04:30:00+05:30,116.735,117.8,115.51,117.22,6228
2026-01-29T04:45:00+05:30,117.205,118.785,117.095,118.485,8392
2026-01-29T05:00:00+05:30,118.49,119.54,117.65,117.8,9235
2026-01-29T05:15:00+05:30,117.82,118.435,117.23,117.815,8210
2026-01-29T05:30:00+05:30,117.81,118.36,116.18,117.965,6864
2026-01-29T05:45:00+05:30,117.96,118.23,116.78,117.675,5334
2026-01-29T06:00:00+05:30,117.7,118.47,117.49,117.87,3594
2026-01-29T06:15:00+05:30,117.865,118.43,117.595,117.955,3607
2026-01-29T06:30:00+05:30,117.92,118.205,116.785,117.185,9342
2026-01-29T06:45:00+05:30,117.19,117.96,117.13,117.74,5182
2026-01-29T07:00:00+05:30,117.715,118.62,117.715,118.205,6714
2026-01-29T07:15:00+05:30,118.215,118.345,117.36,117.94,5701
2026-01-29T07:30:00+05:30,117.95,117.96,116.87,117.245,5145
2026-01-29T07:45:00+05:30,117.23,117.66,117.025,117.52,2463
2026-01-29T08:00:00+05:30,117.505,117.94,117.27,117.36,2878
2026-01-29T08:15:00+05:30,117.365,118.075,117.23,117.755,2861
2026-01-29T08:30:00+05:30,117.76,118.2,117.25,117.84,4075
2026-01-29T08:45:00+05:30,117.86,117.925,117.23,117.35,3179
2026-01-29T09:00:00+05:30,117.35,117.79,117.31,117.475,1937
2026-01-29T09:15:00+05:30,117.47,117.645,117.025,117.44,2373
2026-01-29T09:30:00+05:30,117.47,117.63,117.1,117.4,2015
2026-01-29T09:45:00+05:30,117.385,117.7,117.295,117.6,1347
2026-01-29T10:00:00+05:30,117.605,118.475,117.52,118.365,3053
2026-01-29T10:15:00+05:30,118.39,118.57,118.065,118.44,2463
2026-01-29T10:30:00+05:30,118.435,118.585,118.14,118.265,2225
2026-01-29T10:45:00+05:30,118.26,118.32,117.66,118.005,3181
2026-01-29T11:00:00+05:30,118,118.265,117.875,118.1,2621
2026-01-29T11:15:00+05:30,118.11,118.52,117.975,118.3,2481
2026-01-29T11:30:00+05:30,118.3,119.685,118.295,119.655,6089
2026-01-29T11:45:00+05:30,119.66,120.565,119.51,120.25,7906
2026-01-29T12:00:00+05:30,120.22,120.385,119.725,119.825,4130
2026-01-29T12:15:00+05:30,119.82,119.88,118.77,119.105,5861
2026-01-29T12:30:00+05:30,119.065,119.33,118.375,118.41,3945
2026-01-29T12:45:00+05:30,118.42,118.775,117.71,117.76,4364
2026-01-29T13:00:00+05:30,117.77,118.37,117.755,118.13,3428
2026-01-29T13:15:00+05:30,118.125,118.38,117.76,118.065,2315
2026-01-29T13:30:00+05:30,118.08,118.28,117.22,117.575,4076
2026-01-29T13:45:00+05:30,117.595,117.75,116.46,117.32,5592
2026-01-29T14:00:00+05:30,117.33,117.375,115.765,116.05,6178
2026-01-29T14:15:00+05:30,116.04,116.665,115.255,116.425,6123
2026-01-29T14:30:00+05:30,116.42,116.89,116.27,116.8,3757
2026-01-29T14:45:00+05:30,116.79,117.355,116.59,117.235,2900
2026-01-29T15:00:00+05:30,117.23,117.62,117.085,117.525,2410
2026-01-29T15:15:00+05:30,117.54,117.67,117.14,117.555,2211
2026-01-29T15:30:00+05:30,117.54,117.7,117.14,117.53,2436
2026-01-29T15:45:00+05:30,117.51,117.51,116.9,117.31,1856
2026-01-29T16:00:00+05:30,117.295,117.295,116.74,117.15,2341
2026-01-29T16:15:00+05:30,117.16,117.28,116.53,116.605,2094
2026-01-29T16:30:00+05:30,116.61,117.565,116.115,117.44,3141
2026-01-29T16:45:00+05:30,117.45,117.81,117.42,117.63,1742
2026-01-29T17:00:00+05:30,117.62,117.84,117.375,117.695,1563
2026-01-29T17:15:00+05:30,117.685,118.47,117.685,118.42,3571
2026-01-29T17:30:00+05:30,118.415,119.02,118.23,118.92,2726
2026-01-29T17:45:00+05:30,118.92,119.55,118.83,119.4,3088
2026-01-29T18:00:00+05:30,119.43,119.875,118.54,118.74,5030
2026-01-29T18:15:00+05:30,118.74,119.19,118.18,118.92,5083
2026-01-29T18:30:00+05:30,118.94,119.48,118.445,118.835,8744
2026-01-29T18:45:00+05:30,118.85,119.14,118.51,118.73,4209
2026-01-29T19:00:00+05:30,118.79,119.605,118.43,119.49,5741
2026-01-29T19:15:00+05:30,119.485,119.735,119.08,119.375,5351
2026-01-29T19:30:00+05:30,119.4,121.5,119.4,120.99,12038
2026-01-29T19:45:00+05:30,120.98,121.765,120.63,120.91,10901
2026-01-29T20:00:00+05:30,120.905,121.245,119.3,120.12,13738
2026-01-29T20:15:00+05:30,120.115,120.285,118.825,119.33,13023
2026-01-29T20:30:00+05:30,119.34,119.34,115.53,115.835,20273
2026-01-29T20:45:00+05:30,115.85,115.96,106.655,108.225,28576
2026-01-29T21:00:00+05:30,108.29,110.95,107.53,108,25173
2026-01-29T21:15:00+05:30,108.03,110.655,107.895,109.645,13948
2026-01-29T21:30:00+05:30,109.625,113.015,109.105,112.84,16785
2026-01-29T21:45:00+05:30,112.855,112.93,110.915,112.4,12447
2026-01-29T22:00:00+05:30,112.385,113.55,111.955,112.75,9953
2026-01-29T22:15:00+05:30,112.805,112.98,111.05,112.025,10370
2026-01-29T22:30:00+05:30,112.045,113.385,112,113.275,7791
2026-01-29T22:45:00+05:30,113.285,115.72,113.275,115.47,12659
2026-01-29T23:00:00+05:30,115.47,115.895,114.62,115.2,8135
2026-01-29T23:15:00+05:30,115.245,115.33,113.81,114.535,8464
2026-01-29T23:30:00+05:30,114.535,116.67,114.215,116.51,8299
2026-01-29T23:45:00+05:30,116.525,116.545,113.38,114.335,11206
2026-01-30T00:00:00+05:30,114.34,115.51,113.99,114.35,7708
2026-01-30T00:15:00+05:30,114.33,115.225,114.035,114.47,5887
2026-01-30T00:30:00+05:30,114.525,114.59,112.42,112.53,8704
2026-01-30T00:45:00+05:30,112.535,113.455,112.17,113.135,6497
2026-01-30T01:00:00+05:30,113.155,114.2,111.505,113.8,8461
2026-01-30T01:15:00+05:30,113.82,114.345,113.145,113.355,5131
2026-01-30T01:30:00+05:30,113.355,113.43,112.215,112.79,4547
2026-01-30T01:45:00+05:30,112.79,114.21,112.495,113.755,4042
2026-01-30T02:00:00+05:30,113.76,115.66,113.62,115.41,5375
2026-01-30T02:15:00+05:30,115.38,117.175,115.315,116.435,7942
2026-01-30T02:30:00+05:30,116.42,116.9,115.55,116.385,4527
2026-01-30T02:45:00+05:30,116.38,117.265,115.735,116.77,3758
2026-01-30T03:00:00+05:30,116.81,117,115.2,115.385,3393
2026-01-30T03:15:00+05:30,115.39,116.095,115.255,115.75,2618
2026-01-30T04:30:00+05:30,115.805,117.87,115.59,116.32,4920
2026-01-30T04:45:00+05:30,116.325,116.745,115.775,116.64,3504
2026-01-30T05:00:00+05:30,116.625,117.33,116.44,117.2,2258
2026-01-30T05:15:00+05:30,117.205,117.67,117.08,117.465,2875
2026-01-30T05:30:00+05:30,117.48,118.4,117.32,118.185,3058
2026-01-30T05:45:00+05:30,118.205,118.375,117.535,117.68,3160
2026-01-30T06:00:00+05:30,117.66,118.16,117.08,117.265,3029
2026-01-30T06:15:00+05:30,117.27,117.605,116.54,116.69,3189
2026-01-30T06:30:00+05:30,116.715,117.125,113.55,114.015,7411
2026-01-30T06:45:00+05:30,114,116.235,113.72,115.785,5642
2026-01-30T07:00:00+05:30,115.79,116.495,115.38,115.59,3935
2026-01-30T07:15:00+05:30,115.55,115.57,112.53,113.15,7340
2026-01-30T07:30:00+05:30,113.175,114.095,111.3,111.735,8104
2026-01-30T07:45:00+05:30,111.77,112.015,108.085,110.435,11494
2026-01-30T08:00:00+05:30,110.415,111.865,109.08,111.14,7069
2026-01-30T08:15:00+05:30,111.155,111.9,110.06,110.995,5199
2026-01-30T08:30:00+05:30,110.97,111.265,109.275,109.63,4260
2026-01-30T08:45:00+05:30,109.62,110.755,108.88,110.705,4479
2026-01-30T09:00:00+05:30,110.705,111.06,109.365,109.615,4215
2026-01-30T09:15:00+05:30,109.6,109.895,108.525,109.78,4077
2026-01-30T09:30:00+05:30,109.77,111.215,109.67,110.865,4299
2026-01-30T09:45:00+05:30,110.855,111.385,110.24,110.865,2894
2026-01-30T10:00:00+05:30,110.895,111.265,110.545,110.575,2087
2026-01-30T10:15:00+05:30,110.57,111.09,110.57,110.95,1500
2026-01-30T10:30:00+05:30,110.935,111.545,110.795,111.52,2530
2026-01-30T10:45:00+05:30,111.545,112.3,111.33,111.7,3736
2026-01-30T11:00:00+05:30,111.715,112.22,111.12,111.81,3341
2026-01-30T11:15:00+05:30,111.79,111.94,109.65,109.835,3780
2026-01-30T11:30:00+05:30,109.84,110.775,109.7,110.66,2990
2026-01-30T11:45:00+05:30,110.71,110.725,109.04,109.105,3525
2026-01-30T12:00:00+05:30,109.085,109.82,108.105,108.175,5222
2026-01-30T12:15:00+05:30,108.14,108.8,107.055,107.705,6103
2026-01-30T12:30:00+05:30,107.73,109.32,106.78,108.9,6295
2026-01-30T12:45:00+05:30,108.905,109.33,108.175,108.245,3275
2026-01-30T13:00:00+05:30,108.235,108.4,104.435,105.27,7604
2026-01-30T13:15:00+05:30,105.3,107.295,105.105,106.86,4410
2026-01-30T13:30:00+05:30,106.85,106.85,105.395,105.705,3857
2026-01-30T13:45:00+05:30,105.655,106.705,105.035,106.28,3101
2026-01-30T14:00:00+05:30,106.25,106.34,103.01,104.08,6706
2026-01-30T14:15:00+05:30,104.07,104.865,103.32,103.78,3572
2026-01-30T14:30:00+05:30,103.785,104.64,100.415,100.785,7182
2026-01-30T14:45:00+05:30,100.825,102.265,100.02,100.11,6528
2026-01-30T15:00:00+05:30,100.09,101.845,97.17,97.17,6785
2026-01-30T15:15:00+05:30,97.17,98.6,95.12,98.035,8220
2026-01-30T15:30:00+05:30,98.01,99.25,97.25,98.5,5190
2026-01-30T15:45:00+05:30,98.585,100.19,98.355,99.17,6038
2026-01-30T16:00:00+05:30,99.2,100.51,98.915,99.89,4614
2026-01-30T16:15:00+05:30,99.9,100.875,99.57,100.795,4540
2026-01-30T16:30:00+05:30,100.775,101.91,100.2,101.745,5581
2026-01-30T16:45:00+05:30,101.76,102.55,101.39,102.47,5284
2026-01-30T17:00:00+05:30,102.44,103.375,102.175,102.315,5177
2026-01-30T17:15:00+05:30,102.325,103.445,101.13,103.02,7004
2026-01-30T17:30:00+05:30,103.005,103.925,102.8,103.555,4942
2026-01-30T17:45:00+05:30,103.58,104.01,102.35,103.02,4340
2026-01-30T18:00:00+05:30,103.045,103.565,101.29,102.13,5533
2026-01-30T18:15:00+05:30,102.115,102.18,98.575,99.27,9342
2026-01-30T18:30:00+05:30,99.27,101.555,99,100.965,9542
2026-01-30T18:45:00+05:30,100.905,100.935,98.16,98.925,8074
2026-01-30T19:00:00+05:30,98.905,99.59,98.11,98.5,5900
2026-01-30T19:15:00+05:30,98.49,98.49,96.41,97.765,9389
2026-01-30T19:30:00+05:30,97.805,99,97.215,97.755,9507
2026-01-30T19:45:00+05:30,97.745,99.155,97.465,98.34,7592
2026-01-30T20:00:00+05:30,98.35,100.62,97.625,100.02,11958
2026-01-30T20:15:00+05:30,100.09,101.395,98.59,99.18,9578
2026-01-30T20:30:00+05:30,99.155,99.635,97.265,98.83,12554
2026-01-30T20:45:00+05:30,98.85,99.945,98.04,98.43,8573
2026-01-30T21:00:00+05:30,98.4,99.99,98.23,99.295,7055
2026-01-30T21:15:00+05:30,99.315,99.415,97.445,98.08,6997
2026-01-30T21:30:00+05:30,98.09,98.26,96.455,97.1,7048
2026-01-30T21:45:00+05:30,97.1,97.245,94.63,95.22,10696
2026-01-30T22:00:00+05:30,95.185,95.85,93.215,94.105,11844
2026-01-30T22:15:00+05:30,94.105,94.225,90.95,93.705,13504
2026-01-30T22:30:00+05:30,93.68,93.975,89.82,90.645,14028
2026-01-30T22:45:00+05:30,90.64,91.77,89.64,90.865,14174
2026-01-30T23:00:00+05:30,90.85,90.96,87.25,87.94,15584
2026-01-30T23:15:00+05:30,87.945,88.805,84.38,85.485,23198
2026-01-30T23:30:00+05:30,85.47,87.21,80.955,81.765,22902
2026-01-30T23:45:00+05:30,81.855,82.48,75.44,78.39,24999
2026-01-31T00:00:00+05:30,78.455,80,74,78.775,16509
2026-01-31T00:15:00+05:30,78.825,84.57,78.625,83.525,17244
2026-01-31T00:30:00+05:30,83.625,85.43,82.21,83.585,11136
2026-01-31T00:45:00+05:30,83.585,84.405,81.125,83.905,7755
2026-01-31T01:00:00+05:30,83.935,85.675,82.905,85.48,7802
2026-01-31T01:15:00+05:30,85.495,86.33,84.74,85.18,8647
2026-01-31T01:30:00+05:30,85.205,85.575,83.08,84.035,9921
2026-01-31T01:45:00+05:30,83.995,84.385,82.605,83.275,6866
2026-01-31T02:00:00+05:30,83.28,83.7,81.36,82.275,7824
2026-01-31T02:15:00+05:30,82.29,83.27,81.205,83.065,6675
2026-01-31T02:30:00+05:30,83.1,83.775,82.73,83.335,3685
2026-01-31T02:45:00+05:30,83.35,85.035,83.295,84.375,3848
2026-01-31T03:00:00+05:30,84.305,84.745,83.075,84.35,3208
2026-01-31T03:15:00+05:30,84.375,85.575,84.12,85.155,3348
2026-02-02T04:30:00+05:30,84.315,84.5,78.36,79.62,6468
2026-02-02T04:45:00+05:30,79.575,82.06,76.99,80.22,8811
2026-02-02T05:00:00+05:30,80.255,82.67,78.735,81.51,5546
2026-02-02T05:15:00+05:30,81.5,82.495,79.395,81.735,5552
2026-02-02T05:30:00+05:30,81.79,85.675,81.57,85.535,6821
2026-02-02T05:45:00+05:30,85.535,88.01,85.42,86.5,8982
2026-02-02T06:00:00+05:30,86.56,87.95,85.155,86.435,6543
2026-02-02T06:15:00+05:30,86.565,86.74,83.485,85.73,5389
2026-02-02T06:30:00+05:30,85.75,85.75,79.01,80.815,8958
2026-02-02T06:45:00+05:30,80.765,83.595,80.735,82.785,6881
2026-02-02T07:00:00+05:30,82.75,84.65,81.26,83.765,5922
2026-02-02T07:15:00+05:30,83.835,85.2,83.01,84.91,4476
2026-02-02T07:30:00+05:30,84.875,85.045,81.8,83.395,5322
2026-02-02T07:45:00+05:30,83.445,83.945,81.415,82.245,4137
2026-02-02T08:00:00+05:30,82.28,83.695,82.05,83.405,3932
2026-02-02T08:15:00+05:30,83.385,83.385,79.895,80.655,5178
2026-02-02T08:30:00+05:30,80.66,81.99,79.61,79.755,4468
2026-02-02T08:45:00+05:30,79.755,81.57,78.61,80.07,5225
2026-02-02T09:00:00+05:30,80.11,80.32,77.13,78.475,7021
2026-02-02T09:15:00+05:30,78.44,79.2,76.235,76.765,5679
2026-02-02T09:30:00+05:30,76.785,78.12,74.965,77.935,7471
2026-02-02T09:45:00+05:30,77.925,80.2,77.84,79.26,6314
2026-02-02T10:00:00+05:30,79.29,80.365,78.63,79.7,4549
2026-02-02T10:15:00+05:30,79.69,80.3,78.75,79.055,3980
2026-02-02T10:30:00+05:30,79.005,79.575,76.61,77.315,5318
2026-02-02T10:45:00+05:30,77.315,78.105,76.575,76.695,4852
2026-02-02T11:00:00+05:30,76.695,77.135,75.15,75.325,7306
2026-02-02T11:15:00+05:30,75.365,76.875,72.57,76.23,9275
2026-02-02T11:30:00+05:30,76.325,77.3,75.075,75.85,6304
2026-02-02T11:45:00+05:30,75.87,76.29,72.36,74.86,7929
2026-02-02T12:00:00+05:30,74.94,75.45,71.15,72.83,7606
2026-02-02T12:15:00+05:30,72.865,74.7,71.605,74.12,5980
2026-02-02T12:30:00+05:30,74.045,75.835,73.435,74.31,6942
2026-02-02T12:45:00+05:30,74.3,75.22,72.205,74.76,8790
2026-02-02T13:00:00+05:30,74.78,76.7,73.875,76.375,6831
2026-02-02T13:15:00+05:30,76.38,77.855,76.055,76.26,5857
2026-02-02T13:30:00+05:30,76.3,78.44,75.25,77.895,5405
2026-02-02T13:45:00+05:30,77.965,79.055,77.245,79.01,4559
2026-02-02T14:00:00+05:30,79.015,79.355,77.625,78.98,4509
2026-02-02T14:15:00+05:30,78.975,79.635,78.15,78.735,3478
2026-02-02T14:30:00+05:30,78.715,78.93,76.915,77.775,4035
2026-02-02T14:45:00+05:30,77.715,79.37,77.075,79.04,3191
2026-02-02T15:00:00+05:30,79.065,82.115,79.05,81.285,5801
2026-02-02T15:15:00+05:30,81.21,82.58,81.205,81.86,4229
2026-02-02T15:30:00+05:30,81.85,82.735,81.565,82.235,2729
2026-02-02T15:45:00+05:30,82.215,82.215,79.885,80.89,3511
2026-02-02T16:00:00+05:30,80.86,81.18,79.975,80.615,2469
2026-02-02T16:15:00+05:30,80.6,82.095,80.18,81.745,2645
2026-02-02T16:30:00+05:30,81.78,82.945,81.66,82.905,2467
2026-02-02T16:45:00+05:30,82.895,83.54,82.43,83.24,2913
2026-02-02T17:00:00+05:30,83.28,84.075,83.14,83.4,3730
2026-02-02T17:15:00+05:30,83.415,83.895,82.6,82.765,2742
2026-02-02T17:30:00+05:30,82.75,83.5,81.47,82.88,4892
2026-02-02T17:45:00+05:30,82.855,84.17,82.405,83.605,3549
2026-02-02T18:00:00+05:30,83.605,84.025,83.005,83.75,2732
2026-02-02T18:15:00+05:30,83.785,84.365,82.895,83.76,3326
2026-02-02T18:30:00+05:30,83.8,83.89,80.805,82.075,9517
2026-02-02T18:45:00+05:30,82.115,82.54,79.57,81.04,7552
2026-02-02T19:00:00+05:30,81.04,81.14,79.93,81,3729
2026-02-02T19:15:00+05:30,81.01,81.92,80.935,81.635,3221
2026-02-02T19:30:00+05:30,81.605,82.335,81.37,81.765,3525
2026-02-02T19:45:00+05:30,81.745,81.925,80.215,81.425,4283
2026-02-02T20:00:00+05:30,81.44,82.64,80.6,80.965,7639
2026-02-02T20:15:00+05:30,80.95,81.12,77.895,78.735,8206
2026-02-02T20:30:00+05:30,78.7,80,77.665,78.9,7457
2026-02-02T20:45:00+05:30,78.925,79.85,77.835,78.1,5739
2026-02-02T21:00:00+05:30,78.065,78.625,76.84,77.73,6284
2026-02-02T21:15:00+05:30,77.775,77.86,75.63,75.795,6313
2026-02-02T21:30:00+05:30,75.81,78.81,75.26,78.565,7410
2026-02-02T21:45:00+05:30,78.56,79.47,77.745,78.68,6027
2026-02-02T22:00:00+05:30,78.685,79.435,77.46,78.835,5539
2026-02-02T22:15:00+05:30,78.815,78.915,77.87,78.44,4654
2026-02-02T22:30:00+05:30,78.425,80.035,78.225,79.555,4786
2026-02-02T22:45:00+05:30,79.56,79.76,77.855,78.255,4327
2026-02-02T23:00:00+05:30,78.235,79.235,77.755,78.81,4088
2026-02-02T23:15:00+05:30,78.79,79.545,78.315,79.26,3325
2026-02-02T23:30:00+05:30,79.255,79.255,76.8,76.84,5283
2026-02-02T23:45:00+05:30,76.82,77.22,76.085,76.97,6063
2026-02-03T00:00:00+05:30,77.01,79.04,77.01,78.655,5066
2026-02-03T00:15:00+05:30,78.65,79.405,78.11,78.875,3872
2026-02-03T00:30:00+05:30,78.845,79.405,78.285,78.68,3679
2026-02-03T00:45:00+05:30,78.695,79.265,78.45,79.005,2626
2026-02-03T01:00:00+05:30,79.005,80.765,78.57,80.595,3961
2026-02-03T01:15:00+05:30,80.6,81.565,80.375,81.14,5482
2026-02-03T01:30:00+05:30,81.145,81.3,80.12,80.855,2840
2026-02-03T01:45:00+05:30,80.84,80.91,79.82,80.67,2965
2026-02-03T02:00:00+05:30,80.7,81.045,80,80.565,2540
2026-02-03T02:15:00+05:30,80.565,80.645,79.675,79.88,2936
2026-02-03T02:30:00+05:30,79.875,80.5,79.425,80.385,2047
2026-02-03T02:45:00+05:30,80.415,80.745,79.415,79.665,2027
2026-02-03T03:00:00+05:30,79.7,79.875,79.32,79.47,1520
2026-02-03T03:15:00+05:30,79.47,79.605,78.81,79.19,1411
2026-02-03T04:30:00+05:30,79.5,81.21,79.265,80.98,2814
2026-02-03T04:45:00+05:30,80.97,82.18,80.94,81.675,2975
2026-02-03T05:00:00+05:30,81.685,81.915,81.04,81.145,2591
2026-02-03T05:15:00+05:30,81.17,82.91,81.115,82.835,2519
2026-02-03T05:30:00+05:30,82.85,83.315,82.33,82.72,3460
2026-02-03T05:45:00+05:30,82.73,84.09,82.73,83.84,3945
2026-02-03T06:00:00+05:30,83.835,83.995,83.15,83.395,2961
2026-02-03T06:15:00+05:30,83.42,83.46,81.64,81.75,4365
2026-02-03T06:30:00+05:30,81.735,83.765,81.625,83.75,5516
2026-02-03T06:45:00+05:30,83.73,85.23,83.315,85.195,6340
2026-02-03T07:00:00+05:30,85.205,85.72,84.3,85.105,5999
2026-02-03T07:15:00+05:30,85.115,85.15,83.58,84.52,4931
2026-02-03T07:30:00+05:30,84.5,84.59,82.775,83.28,4999
2026-02-03T07:45:00+05:30,83.265,83.88,82.78,82.955,4307
2026-02-03T08:00:00+05:30,82.935,83.03,81.02,81.06,6216
2026-02-03T08:15:00+05:30,81.05,81.975,80.935,81.62,4295
2026-02-03T08:30:00+05:30,81.59,82.56,81.145,81.525,3871
2026-02-03T08:45:00+05:30,81.515,81.88,81.065,81.67,3427
2026-02-03T09:00:00+05:30,81.675,83.175,81.675,82.85,3742
2026-02-03T09:15:00+05:30,82.835,83.345,82.235,83.24,2429
2026-02-03T09:30:00+05:30,83.23,83.695,83.17,83.35,2485
2026-02-03T09:45:00+05:30,83.335,83.415,82.375,82.875,2406
2026-02-03T10:00:00+05:30,82.9,83.8,82.9,83.44,2162
2026-02-03T10:15:00+05:30,83.415,83.83,83.175,83.275,1567
2026-02-03T10:30:00+05:30,83.275,83.775,83.045,83.23,1815
2026-02-03T10:45:00+05:30,83.245,83.56,83.09,83.17,1628
2026-02-03T11:00:00+05:30,83.165,83.49,82.65,82.835,4182
2026-02-03T11:15:00+05:30,82.845,83.295,82.69,83.065,2449
2026-02-03T11:30:00+05:30,83.08,84.385,82.88,84.225,2849
2026-02-03T11:45:00+05:30,84.24,84.995,83.77,84.75,3849
2026-02-03T12:00:00+05:30,84.73,85.39,84.37,85.035,4023
2026-02-03T12:15:00+05:30,85.03,85.12,83.715,84.78,4263
2026-02-03T12:30:00+05:30,84.76,86.23,84.15,86.205,3667
2026-02-03T12:45:00+05:30,86.205,86.305,85.61,85.965,2630
2026-02-03T13:00:00+05:30,85.94,86.86,85.755,86.555,3179
2026-02-03T13:15:00+05:30,86.55,86.765,85.995,86.56,2262
2026-02-03T13:30:00+05:30,86.555,87.115,86.07,87.07,2514
2026-02-03T13:45:00+05:30,87.075,87.53,86.735,87.05,2435
2026-02-03T14:00:00+05:30,87.07,87.795,86.785,87.375,2096
2026-02-03T14:15:00+05:30,87.385,87.85,87.13,87.15,2612
2026-02-03T14:30:00+05:30,87.175,87.55,86.25,86.61,3031
2026-02-03T14:45:00+05:30,86.605,86.855,85.52,85.76,3245
2026-02-03T15:00:00+05:30,85.78,86.655,85.455,86.57,2530
2026-02-03T15:15:00+05:30,86.545,86.79,86.33,86.55,1458
2026-02-03T15:30:00+05:30,86.53,87.23,86.065,86.935,2340
2026-02-03T15:45:00+05:30,86.935,86.935,86.015,86.21,1830
2026-02-03T16:00:00+05:30,86.215,86.7,86.215,86.64,1587
2026-02-03T16:15:00+05:30,86.65,86.96,86.055,86.18,1731
2026-02-03T16:30:00+05:30,86.18,86.81,85.905,86.4,1916
2026-02-03T16:45:00+05:30,86.4,86.595,85.245,85.65,2372
2026-02-03T17:00:00+05:30,85.63,86.32,85.425,85.845,2054
2026-02-03T17:15:00+05:30,85.84,86.38,85.455,86.31,1692
2026-02-03T17:30:00+05:30,86.325,87.43,85.935,87.175,3085
2026-02-03T17:45:00+05:30,87.2,87.205,86.11,86.395,2500
2026-02-03T18:00:00+05:30,86.38,86.845,86.325,86.61,1269
2026-02-03T18:15:00+05:30,86.64,87.06,86.42,86.98,1329
2026-02-03T18:30:00+05:30,86.975,88.12,86.78,88.065,5671
2026-02-03T18:45:00+05:30,88.06,88.765,87.775,88.595,4456
2026-02-03T19:00:00+05:30,88.65,88.87,88.08,88.87,3259
2026-02-03T19:15:00+05:30,88.87,89.1,87.32,88.035,4395
2026-02-03T19:30:00+05:30,88.05,88.18,87.04,87.465,3452
2026-02-03T19:45:00+05:30,87.46,87.46,86.395,87.24,4956
2026-02-03T20:00:00+05:30,87.25,88.435,86.31,88.095,6140
2026-02-03T20:15:00+05:30,88.105,88.88,87.74,88.09,5058
2026-02-03T20:30:00+05:30,88.03,88.39,86.985,87.715,5019
2026-02-03T20:45:00+05:30,87.755,88.16,87.22,88.07,3958
2026-02-03T21:00:00+05:30,88.06,88.21,87.54,87.89,2858
2026-02-03T21:15:00+05:30,87.89,88.59,87.625,88.37,3177
2026-02-03T21:30:00+05:30,88.37,88.73,87.78,88.395,3166
2026-02-03T21:45:00+05:30,88.38,89.075,88.23,88.37,3921
2026-02-03T22:00:00+05:30,88.37,88.88,88.06,88.245,3600
2026-02-03T22:15:00+05:30,88.24,88.3,86.615,86.815,5750
2026-02-03T22:30:00+05:30,86.79,86.91,84.41,85.3,8663
2026-02-03T22:45:00+05:30,85.265,86.38,85.01,85.31,6713
2026-02-03T23:00:00+05:30,85.33,86.07,83.415,83.73,7313
2026-02-03T23:15:00+05:30,83.72,84.665,82.67,83.62,8051
2026-02-03T23:30:00+05:30,83.605,85.16,83.195,84.5,5879
2026-02-03T23:45:00+05:30,84.52,84.97,82.735,83.2,6504
2026-02-04T00:00:00+05:30,83.18,84.07,82.71,83.355,5304
2026-02-04T00:15:00+05:30,83.34,84.05,82.53,83.92,4584
2026-02-04T00:30:00+05:30,83.92,84.23,82.42,84.06,5559
2026-02-04T00:45:00+05:30,84.075,84.915,83.635,84.485,5107
2026-02-04T01:00:00+05:30,84.5,85.08,83.885,84.71,3624
2026-02-04T01:15:00+05:30,84.705,84.76,83.125,84.385,4061
2026-02-04T01:30:00+05:30,84.4,84.4,83.315,84.015,3113
2026-02-04T01:45:00+05:30,84.025,85.26,83.665,84.9,3477
2026-02-04T02:00:00+05:30,84.885,85.39,84.56,85.06,3043
2026-02-04T02:15:00+05:30,85.06,85.285,84.235,84.805,2652
2026-02-04T02:30:00+05:30,84.79,85.65,84.525,85.33,2009
2026-02-04T02:45:00+05:30,85.305,85.615,84.76,85.465,1058
2026-02-04T03:00:00+05:30,85.47,85.675,84.555,84.925,1232
2026-02-04T03:15:00+05:30,84.94,85.27,84.825,84.925,802
2026-02-04T04:30:00+05:30,84.93,85.59,83.025,84.035,2378
2026-02-04T04:45:00+05:30,84.04,84.485,83.27,83.4,1397
2026-02-04T05:00:00+05:30,83.35,84.54,83.3,84.385,1631
2026-02-04T05:15:00+05:30,84.42,84.545,84.02,84.305,1201
2026-02-04T05:30:00+05:30,84.31,84.92,84.26,84.88,1978
2026-02-04T05:45:00+05:30,84.89,85.46,84.66,84.925,2643
2026-02-04T06:00:00+05:30,84.925,85.165,84.585,85.03,2022
2026-02-04T06:15:00+05:30,85.02,85.965,84.805,85.5,3047
2026-02-04T06:30:00+05:30,85.52,87.05,85.275,86.91,5837
2026-02-04T06:45:00+05:30,86.92,87.32,86.555,86.805,3477
2026-02-04T07:00:00+05:30,86.775,87.155,85.73,86.475,3198
2026-02-04T07:15:00+05:30,86.425,87.165,86.325,87.165,1588
2026-02-04T07:30:00+05:30,87.165,87.965,87.1,87.77,1705
2026-02-04T07:45:00+05:30,87.715,87.96,87.5,87.68,1018
2026-02-04T08:00:00+05:30,87.665,87.745,87.08,87.655,1396
2026-02-04T08:15:00+05:30,87.625,87.7,86.505,86.755,1575
2026-02-04T08:30:00+05:30,86.795,87.165,86.25,86.8,1872
2026-02-04T08:45:00+05:30,86.755,86.94,86.105,86.78,1279
2026-02-04T09:00:00+05:30,86.785,87.59,86.655,87.165,1601
2026-02-04T09:15:00+05:30,87.165,87.635,87.125,87.44,802
2026-02-04T09:30:00+05:30,87.475,87.665,87.075,87.54,967
2026-02-04T09:45:00+05:30,87.545,87.615,87.13,87.575,688
2026-02-04T10:00:00+05:30,87.575,87.78,87.43,87.715,568
2026-02-04T10:15:00+05:30,87.715,88,87.69,87.94,733
2026-02-04T10:30:00+05:30,87.915,87.98,87.57,87.75,833
2026-02-04T10:45:00+05:30,87.775,87.985,87.705,87.76,565
2026-02-04T11:00:00+05:30,87.75,87.835,87.2,87.385,1886
2026-02-04T11:15:00+05:30,87.415,87.87,87.4,87.59,859
2026-02-04T11:30:00+05:30,87.6,87.72,86.77,87,1514
2026-02-04T11:45:00+05:30,86.955,87.3,86.715,86.78,1222
2026-02-04T12:00:00+05:30,86.75,87.9,86.705,87.85,1239
2026-02-04T12:15:00+05:30,87.865,89.43,87.77,89.37,3086
2026-02-04T12:30:00+05:30,89.39,89.67,88.635,88.89,2042
2026-02-04T12:45:00+05:30,88.895,90.205,88.69,89.995,2431
2026-02-04T13:00:00+05:30,89.995,90.445,89.26,89.735,3154
2026-02-04T13:15:00+05:30,89.72,90.38,89.67,90.07,1761
2026-02-04T13:30:00+05:30,90.055,90.21,89.645,89.765,1831
2026-02-04T13:45:00+05:30,89.77,90.18,89.745,89.855,1328
2026-02-04T14:00:00+05:30,89.88,89.885,89.315,89.81,2103
2026-02-04T14:15:00+05:30,89.825,90.24,89.665,90,1242
2026-02-04T14:30:00+05:30,89.99,90.04,88.96,89.26,2497
2026-02-04T14:45:00+05:30,89.245,89.41,88.635,88.9,2006
2026-02-04T15:00:00+05:30,88.88,88.975,87.935,88.66,3225
2026-02-04T15:15:00+05:30,88.655,89.19,88.07,89.025,2152
2026-02-04T15:30:00+05:30,89.06,89.465,88.96,89.26,1642
2026-02-04T15:45:00+05:30,89.29,89.57,88.97,89.5,1264
2026-02-04T16:00:00+05:30,89.505,90.005,89.24,89.86,2001
2026-02-04T16:15:00+05:30,89.85,90.115,89.7,90.035,1343
2026-02-04T16:30:00+05:30,90.025,90.225,89.805,89.935,1369
2026-02-04T16:45:00+05:30,89.905,89.97,88.835,88.855,2804
2026-02-04T17:00:00+05:30,88.865,89.285,88.66,88.83,1843
2026-02-04T17:15:00+05:30,88.855,90.33,88.755,90.3,2290
2026-02-04T17:30:00+05:30,90.29,90.54,89.395,89.745,2389
2026-02-04T17:45:00+05:30,89.765,89.95,89.435,89.73,785
2026-02-04T18:00:00+05:30,89.705,90.1,89.57,89.785,1126
2026-02-04T18:15:00+05:30,89.8,90.045,89.31,89.465,980
2026-02-04T18:30:00+05:30,89.49,90.4,89.06,89.725,3429
2026-02-04T18:45:00+05:30,89.87,90.775,89.535,90.445,2328
2026-02-04T19:00:00+05:30,90.45,90.99,90.115,90.365,2836
2026-02-04T19:15:00+05:30,90.355,91.735,90.3,91.395,3292
2026-02-04T19:30:00+05:30,91.42,92.045,91.09,91.43,3223
2026-02-04T19:45:00+05:30,91.46,91.475,90.74,90.925,2820
2026-02-04T20:00:00+05:30,90.92,91.185,88.19,89.43,10176
2026-02-04T20:15:00+05:30,89.42,90.285,88.935,89.495,5624
2026-02-04T20:30:00+05:30,89.415,90.28,89.09,90.035,4634
2026-02-04T20:45:00+05:30,90.01,90.06,87.97,88.41,5727
2026-02-04T21:00:00+05:30,88.425,88.6,85.925,87.51,9199
2026-02-04T21:15:00+05:30,87.525,87.695,86.535,86.615,4066
2026-02-04T21:30:00+05:30,86.595,87.035,85.37,86.935,6268
2026-02-04T21:45:00+05:30,86.94,87.145,85.355,86.625,4572
2026-02-04T22:00:00+05:30,86.645,86.765,85.435,85.68,3347
2026-02-04T22:15:00+05:30,85.655,85.79,83.635,84.96,7098
2026-02-04T22:30:00+05:30,84.945,86.285,84.545,85.98,4295
2026-02-04T22:45:00+05:30,86.015,86.275,84.655,85.225,3970
2026-02-04T23:00:00+05:30,85.205,85.61,84.405,85.065,3558
2026-02-04T23:15:00+05:30,85.08,85.165,84.18,84.505,2735
2026-02-04T23:30:00+05:30,84.5,85.16,83.205,84.735,4817
2026-02-04T23:45:00+05:30,84.74,86.05,84.035,85.77,5069
2026-02-05T00:00:00+05:30,85.73,85.83,84.785,85.415,2512
2026-02-05T00:15:00+05:30,85.375,85.91,85.05,85.61,1719
2026-02-05T00:30:00+05:30,85.545,86.63,85.335,86.57,2431
2026-02-05T00:45:00+05:30,86.555,86.685,85.845,86.28,2155
2026-02-05T01:00:00+05:30,86.28,86.525,85.71,86.485,2172
2026-02-05T01:15:00+05:30,86.49,87.035,86.075,86.72,2584
2026-02-05T01:30:00+05:30,86.735,87,86.3,86.755,1756
2026-02-05T01:45:00+05:30,86.755,86.815,85.6,85.67,1991
2026-02-05T02:00:00+05:30,85.715,86.89,85.2,86.65,2351
2026-02-05T02:15:00+05:30,86.675,87.4,86.525,87.135,1362
2026-02-05T02:30:00+05:30,87.085,87.295,86.8,87.26,506
2026-02-05T02:45:00+05:30,87.25,87.585,87.09,87.555,776
2026-02-05T03:00:00+05:30,87.56,87.885,87.06,87.57,1173
2026-02-05T03:15:00+05:30,87.61,87.85,87.53,87.705,596
2026-02-05T04:30:00+05:30,87.705,88.49,87.675,88.44,1850
2026-02-05T04:45:00+05:30,88.445,88.9,87.805,88.835,3537
2026-02-05T05:00:00+05:30,88.815,89.32,88.58,89.295,2561
2026-02-05T05:15:00+05:30,89.33,89.64,88.86,89.03,2900
2026-02-05T05:30:00+05:30,89.005,89.315,88.225,88.285,2596
2026-02-05T05:45:00+05:30,88.25,89.32,88.235,89.165,2131
2026-02-05T06:00:00+05:30,89.165,89.48,88.955,89.45,1309
2026-02-05T06:15:00+05:30,89.455,89.815,88.855,88.99,2879
2026-02-05T06:30:00+05:30,89.025,89.35,87.325,87.365,6005
2026-02-05T06:45:00+05:30,87.345,87.815,86.33,86.805,6602
2026-02-05T07:00:00+05:30,86.84,87.735,86.805,87.215,4428
2026-02-05T07:15:00+05:30,87.215,87.55,86.08,86.11,3964
2026-02-05T07:30:00+05:30,86.145,86.28,82.065,82.735,9353
2026-02-05T07:45:00+05:30,82.78,83.65,80.41,83.485,9935
2026-02-05T08:00:00+05:30,83.52,83.94,78.81,79.1,10464
2026-02-05T08:15:00+05:30,79.08,79.855,73.79,74.29,17765
2026-02-05T08:30:00+05:30,74.23,77.405,73.32,76.09,9621
2026-02-05T08:45:00+05:30,76.09,77.62,75.21,76.155,6027
2026-02-05T09:00:00+05:30,76.075,77.07,74.23,76.66,6104
2026-02-05T09:15:00+05:30,76.69,77.4,75.965,77.035,3255
2026-02-05T09:30:00+05:30,77.04,77.39,75.625,76.825,2769
2026-02-05T09:45:00+05:30,76.795,77.83,76.515,77.195,3821
2026-02-05T10:00:00+05:30,77.2,77.42,76.345,76.885,3368
2026-02-05T10:15:00+05:30,76.905,77.395,75.755,76.04,3350
2026-02-05T10:30:00+05:30,75.99,76.985,75.72,76.1,3132
2026-02-05T10:45:00+05:30,76.075,76.27,74.795,75.935,3168
2026-02-05T11:00:00+05:30,75.98,76.9,73.57,76.385,6092
2026-02-05T11:15:00+05:30,76.4,77.765,76.2,77.11,4635
2026-02-05T11:30:00+05:30,77.065,78.8,76.23,78.34,4114
2026-02-05T11:45:00+05:30,78.32,78.8,77.515,78.665,2912
2026-02-05T12:00:00+05:30,78.665,78.81,77.705,78.545,1976
2026-02-05T12:15:00+05:30,78.55,79.215,76.475,78.105,4629
2026-02-05T12:30:00+05:30,78.03,79.275,77.72,78.745,2997
2026-02-05T12:45:00+05:30,78.715,79.86,78.6,79.7,2130
2026-02-05T13:00:00+05:30,79.715,80.01,78.73,79.32,2241
2026-02-05T13:15:00+05:30,79.355,79.75,78.74,79.57,917
2026-02-05T13:30:00+05:30,79.6,80.15,79.235,80.025,1178
2026-02-05T13:45:00+05:30,80.035,80.65,79.915,80.195,1473
2026-02-05T14:00:00+05:30,80.14,80.48,79.805,80.205,1127
2026-02-05T14:15:00+05:30,80.15,80.16,78.525,79.35,2003
2026-02-05T14:30:00+05:30,79.365,79.6,77.54,77.67,2874
2026-02-05T14:45:00+05:30,77.67,78.76,77.22,78.21,1938
2026-02-05T15:00:00+05:30,78.215,79.1,78.17,79,1132
2026-02-05T15:15:00+05:30,79.03,79.12,77.7,78.17,2167
2026-02-05T15:30:00+05:30,78.165,78.49,77.31,78.13,2702
2026-02-05T15:45:00+05:30,78.135,78.42,77.5,77.83,1773
2026-02-05T16:00:00+05:30,77.85,78.285,77.41,78.09,2257
2026-02-05T16:15:00+05:30,78.095,78.705,77.795,78.105,1317
2026-02-05T16:30:00+05:30,78.12,78.97,78.08,78.905,1330
2026-02-05T16:45:00+05:30,78.89,79.045,78.275,78.6,1466
2026-02-05T17:00:00+05:30,78.6,78.63,77.59,77.635,1643
2026-02-05T17:15:00+05:30,77.58,78.23,77.55,77.92,996
2026-02-05T17:30:00+05:30,77.96,78.395,76.695,76.885,3770
2026-02-05T17:45:00+05:30,76.885,77.155,75.57,76.45,4716
2026-02-05T18:00:00+05:30,76.435,76.975,75.415,75.54,4317
2026-02-05T18:15:00+05:30,75.55,76.6,74.96,75.485,3820
2026-02-05T18:30:00+05:30,75.44,76.495,74.14,75.935,6621
2026-02-05T18:45:00+05:30,75.875,76.915,75.71,76.285,3208
2026-02-05T19:00:00+05:30,76.395,77.325,75.55,75.64,3775
2026-02-05T19:15:00+05:30,75.635,76.195,75.07,75.475,3589
2026-02-05T19:30:00+05:30,75.445,75.445,74.15,74.18,4472
2026-02-05T19:45:00+05:30,74.175,74.775,73.255,74.64,6736
2026-02-05T20:00:00+05:30,74.635,76.31,72.77,76.155,11139
2026-02-05T20:15:00+05:30,76.17,76.805,75.36,75.685,7333
2026-02-05T20:30:00+05:30,75.65,76.55,73.55,73.6,8911
2026-02-05T20:45:00+05:30,73.61,74.35,72.915,73.145,6029
2026-02-05T21:00:00+05:30,73.14,73.955,72.2,72.305,6713
2026-02-05T21:15:00+05:30,72.315,73.495,71.5,73.4,7324
2026-02-05T21:30:00+05:30,73.38,74.395,73.215,73.785,5341
2026-02-05T21:45:00+05:30,73.74,75.665,73.655,75.245,5389
2026-02-05T22:00:00+05:30,75.265,76.525,75.095,76.36,4175
2026-02-05T22:15:00+05:30,76.365,76.85,75.435,76.35,4685
2026-02-05T22:30:00+05:30,76.365,76.39,75.335,75.97,3470
2026-02-05T22:45:00+05:30,75.965,76.255,75.375,75.77,2810
2026-02-05T23:00:00+05:30,75.735,76.285,75.46,75.835,2546
2026-02-05T23:15:00+05:30,75.85,76.88,75.765,75.945,2676
2026-02-05T23:30:00+05:30,75.94,76.075,74.775,74.935,3431
2026-02-05T23:45:00+05:30,74.97,77.32,74.44,76.81,6172
2026-02-06T00:00:00+05:30,76.82,76.83,75.91,76.465,2798
2026-02-06T00:15:00+05:30,76.48,76.535,75.255,75.535,1991
2026-02-06T00:30:00+05:30,75.575,75.96,75.16,75.22,2631
2026-02-06T00:45:00+05:30,75.24,75.72,75.185,75.29,1371
2026-02-06T01:00:00+05:30,75.31,75.395,73.67,74.11,3177
2026-02-06T01:15:00+05:30,74.075,74.3,73.695,74.095,1610
2026-02-06T01:30:00+05:30,74.075,74.805,73.395,74.38,2178
2026-02-06T01:45:00+05:30,74.405,74.48,73.34,73.97,2121
2026-02-06T02:00:00+05:30,73.995,74.16,73.1,73.315,1869
2026-02-06T02:15:00+05:30,73.325,73.54,72.18,73.14,3123
2026-02-06T02:30:00+05:30,73.095,73.77,72.955,73.22,1653
2026-02-06T02:45:00+05:30,73.225,73.31,72,72.43,1673
2026-02-06T03:00:00+05:30,72.45,72.47,70.62,70.705,3144
2026-02-06T03:15:00+05:30,70.71,71.185,70.19,70.395,2113
2026-02-06T04:30:00+05:30,70.41,70.82,69.56,69.8,3057
2026-02-06T04:45:00+05:30,69.815,69.895,66.6,67.485,6927
2026-02-06T05:00:00+05:30,67.45,68.09,66.735,67.31,4685
2026-02-06T05:15:00+05:30,67.36,67.58,66.7,66.88,3588
2026-02-06T05:30:00+05:30,66.875,67.045,64.505,64.655,9398
2026-02-06T05:45:00+05:30,64.66,68.035,63.91,67.93,12230
2026-02-06T06:00:00+05:30,67.88,69.53,67.695,69.275,6599
2026-02-06T06:15:00+05:30,69.28,69.99,67.82,69.89,5965
2026-02-06T06:30:00+05:30,69.92,71.38,68.23,70.195,9083
2026-02-06T06:45:00+05:30,70.21,70.625,68.445,69.255,6326
2026-02-06T07:00:00+05:30,69.265,70.33,69.185,69.91,3981
2026-02-06T07:15:00+05:30,69.9,71.215,69.565,70.725,4304
2026-02-06T07:30:00+05:30,70.74,71.23,69.925,70.9,4660
2026-02-06T07:45:00+05:30,70.915,72.165,70.645,72.09,4776
2026-02-06T08:00:00+05:30,72.095,73.265,71.56,72.06,6853
2026-02-06T08:15:00+05:30,72.085,72.22,71.12,71.62,3393
2026-02-06T08:30:00+05:30,71.585,72.45,70.885,71.345,3502
2026-02-06T08:45:00+05:30,71.36,71.69,70.32,71.46,3743
2026-02-06T09:00:00+05:30,71.445,72.07,71.33,71.495,2246
2026-02-06T09:15:00+05:30,71.505,72.9,71.5,72.715,2427
2026-02-06T09:30:00+05:30,72.74,73.025,72.255,72.385,1745
2026-02-06T09:45:00+05:30,72.395,72.9,71.93,72.495,1569
2026-02-06T10:00:00+05:30,72.495,72.93,72.135,72.245,1497
2026-02-06T10:15:00+05:30,72.245,72.61,72.05,72.185,989
2026-02-06T10:30:00+05:30,72.18,72.895,72.075,72.8,1358
2026-02-06T10:45:00+05:30,72.83,73.7,72.63,73.39,2053
2026-02-06T11:00:00+05:30,73.36,73.92,72.45,73.645,3897
2026-02-06T11:15:00+05:30,73.695,74.815,73.135,74.695,4092
2026-02-06T11:30:00+05:30,74.69,75.01,73.9,73.96,4929
2026-02-06T11:45:00+05:30,73.955,74.44,72.895,73.265,3644
2026-02-06T12:00:00+05:30,73.235,73.715,72.11,72.95,3523
2026-02-06T12:15:00+05:30,72.855,73.44,71.615,72.24,3067
2026-02-06T12:30:00+05:30,72.2,72.67,71.505,71.88,2664
2026-02-06T12:45:00+05:30,71.895,72.895,71.8,72.6,1754
2026-02-06T13:00:00+05:30,72.555,72.8,72.06,72.675,1480
2026-02-06T13:15:00+05:30,72.65,72.65,71.84,71.875,1518
2026-02-06T13:30:00+05:30,71.845,72.66,71.11,72.455,3024
2026-02-06T13:45:00+05:30,72.5,73.795,72.445,73.45,2163
2026-02-06T14:00:00+05:30,73.42,74.035,73.14,73.25,1881
2026-02-06T14:15:00+05:30,73.24,73.585,73.085,73.315,1075
2026-02-06T14:30:00+05:30,73.31,73.79,72.775,73.245,1603
2026-02-06T14:45:00+05:30,73.19,74.065,73.175,74,1359
2026-02-06T15:00:00+05:30,74.025,74.265,73.605,73.675,1099
2026-02-06T15:15:00+05:30,73.685,73.97,73.56,73.715,588
2026-02-06T15:30:00+05:30,73.725,74.1,73.565,73.865,798
2026-02-06T15:45:00+05:30,73.85,73.975,72.98,73.215,1137
2026-02-06T16:00:00+05:30,73.19,73.7,73.135,73.61,743
2026-02-06T16:15:00+05:30,73.58,73.95,73.47,73.885,727
2026-02-06T16:30:00+05:30,73.9,74.225,73.295,74.2,1390
2026-02-06T16:45:00+05:30,74.18,74.79,73.925,74.37,1464
2026-02-06T17:00:00+05:30,74.37,74.65,74.035,74.36,1105
2026-02-06T17:15:00+05:30,74.345,74.52,74.06,74.36,924
2026-02-06T17:30:00+05:30,74.355,74.72,74.12,74.31,1661
2026-02-06T17:45:00+05:30,74.3,74.415,73.42,73.63,1693
2026-02-06T18:00:00+05:30,73.6,74.195,73.515,74.115,1211
2026-02-06T18:15:00+05:30,74.165,74.65,74.155,74.58,1169
2026-02-06T18:30:00+05:30,74.575,75.88,74.42,75.19,4225
2026-02-06T18:45:00+05:30,75.19,75.99,74.395,74.63,3079
2026-02-06T19:00:00+05:30,74.645,75.9,74.64,75.505,2216
2026-02-06T19:15:00+05:30,75.49,75.51,74.92,75.2,1447
2026-02-06T19:30:00+05:30,75.165,75.64,74.595,75.145,2321
2026-02-06T19:45:00+05:30,75.135,75.315,73.875,74.425,2833
2026-02-06T20:00:00+05:30,74.435,76.14,74.095,75.565,5693
2026-02-06T20:15:00+05:30,75.575,76.065,75.27,75.985,3196
2026-02-06T20:30:00+05:30,75.985,76.64,75.65,76.07,3890
2026-02-06T20:45:00+05:30,76.06,76.595,75.77,76.59,3168
2026-02-06T21:00:00+05:30,76.57,76.75,75.86,76.09,2864
2026-02-06T21:15:00+05:30,76.115,76.235,75.07,75.435,2900
2026-02-06T21:30:00+05:30,75.435,76.13,75.135,75.6,2463
2026-02-06T21:45:00+05:30,75.615,75.885,74.72,75.36,2776
2026-02-06T22:00:00+05:30,75.385,76,75.16,75.965,2878
2026-02-06T22:15:00+05:30,75.96,76.36,75.85,76.145,2238
2026-02-06T22:30:00+05:30,76.17,76.605,75.985,76.295,1756
2026-02-06T22:45:00+05:30,76.325,76.58,76.14,76.505,1465
2026-02-06T23:00:00+05:30,76.535,76.965,76.145,76.52,2319
2026-02-06T23:15:00+05:30,76.51,77.37,76.495,77.215,1892
2026-02-06T23:30:00+05:30,77.225,77.935,77.225,77.575,2645
2026-02-06T23:45:00+05:30,77.585,77.62,76.6,77.24,2945
2026-02-07T00:00:00+05:30,77.22,77.495,76.86,77.325,1202
2026-02-07T00:15:00+05:30,77.29,77.45,76.825,76.975,1013
2026-02-07T00:30:00+05:30,76.995,77.25,76.825,76.96,950
2026-02-07T00:45:00+05:30,76.985,77.29,76.905,76.905,780
2026-02-07T01:00:00+05:30,76.9,77.105,76.745,76.88,929
2026-02-07T01:15:00+05:30,76.88,77.42,76.86,77.155,1053
2026-02-07T01:30:00+05:30,77.17,77.49,77,77.15,946
2026-02-07T01:45:00+05:30,77.17,77.35,76.905,77.21,863
2026-02-07T02:00:00+05:30,77.24,77.24,76.305,76.925,1528
2026-02-07T02:15:00+05:30,76.945,77.37,76.77,77.255,919
2026-02-07T02:30:00+05:30,77.25,77.29,76.795,76.87,658
2026-02-07T02:45:00+05:30,76.845,77.35,76.73,77.265,431
2026-02-07T03:00:00+05:30,77.275,77.52,77.275,77.465,450
2026-02-07T03:15:00+05:30,77.46,77.905,77.435,77.465,577
2026-02-09T04:30:00+05:30,78.02,79.61,78.02,78.75,2469
2026-02-09T04:45:00+05:30,78.765,79.75,78.745,79.705,1922
2026-02-09T05:00:00+05:30,79.7,79.865,79.05,79.775,2534
2026-02-09T05:15:00+05:30,79.75,79.955,79.465,79.585,1600
2026-02-09T05:30:00+05:30,79.59,79.79,78.885,78.92,2119
2026-02-09T05:45:00+05:30,78.945,79.465,78.75,79.125,2020
2026-02-09T06:00:00+05:30,79.145,79.805,79.04,79.68,1825
2026-02-09T06:15:00+05:30,79.675,79.685,79.1,79.25,1386
2026-02-09T06:30:00+05:30,79.275,80.16,79.105,80.16,4581
2026-02-09T06:45:00+05:30,80.16,81.435,79.975,80.71,4344
2026-02-09T07:00:00+05:30,80.755,81.19,79.755,80.79,4018
2026-02-09T07:15:00+05:30,80.795,81.065,79.89,79.935,3001
2026-02-09T07:30:00+05:30,79.95,80.37,79.34,80.265,3323
2026-02-09T07:45:00+05:30,80.245,80.755,79.98,80.605,1615
2026-02-09T08:00:00+05:30,80.575,80.965,80.245,80.61,1834
2026-02-09T08:15:00+05:30,80.61,80.865,80.105,80.6,2010
2026-02-09T08:30:00+05:30,80.57,81.08,80.53,81.06,1478
2026-02-09T08:45:00+05:30,81.055,81.055,80.585,80.925,1510
2026-02-09T09:00:00+05:30,80.935,81.22,80.8,80.89,1420
2026-02-09T09:15:00+05:30,80.85,81.03,80.5,80.67,1299
2026-02-09T09:30:00+05:30,80.675,81.05,80.51,80.99,996
2026-02-09T09:45:00+05:30,80.99,81.15,80.755,80.925,966
2026-02-09T10:00:00+05:30,80.94,81.7,80.88,81.48,1568
2026-02-09T10:15:00+05:30,81.495,81.815,81.255,81.44,1349
2026-02-09T10:30:00+05:30,81.445,81.615,81.27,81.53,767
2026-02-09T10:45:00+05:30,81.55,81.705,81.51,81.615,721
2026-02-09T11:00:00+05:30,81.59,81.85,81.205,81.575,2197
2026-02-09T11:15:00+05:30,81.575,81.96,81.28,81.815,1488
2026-02-09T11:30:00+05:30,81.82,82.135,81.665,81.72,1800
2026-02-09T11:45:00+05:30,81.69,81.805,80.93,81.355,2229
2026-02-09T12:00:00+05:30,81.34,81.58,80.75,81.47,2126
2026-02-09T12:15:00+05:30,81.48,81.8,81.225,81.735,1714
2026-02-09T12:30:00+05:30,81.74,81.76,81.2,81.36,1346
2026-02-09T12:45:00+05:30,81.365,81.39,80.55,81.025,2388
2026-02-09T13:00:00+05:30,81.015,81.09,80.34,80.69,1779
2026-02-09T13:15:00+05:30,80.705,80.745,80.08,80.695,1320
2026-02-09T13:30:00+05:30,80.7,81.455,80.59,81.25,2056
2026-02-09T13:45:00+05:30,81.27,81.88,81.185,81.555,1660
2026-02-09T14:00:00+05:30,81.55,81.835,81.445,81.705,1018
2026-02-09T14:15:00+05:30,81.705,81.85,81.46,81.58,734
2026-02-09T14:30:00+05:30,81.575,81.855,81.105,81.39,1551
2026-02-09T14:45:00+05:30,81.395,81.71,81.31,81.51,837
2026-02-09T15:00:00+05:30,81.505,81.585,81.025,81.125,891
2026-02-09T15:15:00+05:30,81.125,81.19,80.665,80.705,1240
2026-02-09T15:30:00+05:30,80.71,81,80.275,80.715,1546
2026-02-09T15:45:00+05:30,80.7,80.815,79.205,79.44,2471
2026-02-09T16:00:00+05:30,79.465,79.665,78.35,78.585,2912
2026-02-09T16:15:00+05:30,78.58,79.23,78.455,78.855,1994
2026-02-09T16:30:00+05:30,78.86,79.39,78.675,78.91,1387
2026-02-09T16:45:00+05:30,78.935,79.455,78.89,79.435,1103
2026-02-09T17:00:00+05:30,79.445,79.685,79.08,79.64,1215
2026-02-09T17:15:00+05:30,79.65,80.075,79.415,79.945,1787
2026-02-09T17:30:00+05:30,79.965,80.425,79.81,80.265,1984
2026-02-09T17:45:00+05:30,80.26,80.365,79.66,79.77,1462
2026-02-09T18:00:00+05:30,79.78,80.195,79.515,79.89,1319
2026-02-09T18:15:00+05:30,79.91,80.135,79.64,79.965,1269
2026-02-09T18:30:00+05:30,79.99,80.42,79.415,80.175,3289
2026-02-09T18:45:00+05:30,80.165,80.3,79.31,79.31,2146
2026-02-09T19:00:00+05:30,79.345,79.765,78.73,78.92,2297
2026-02-09T19:15:00+05:30,78.89,79.685,78.755,79.425,1836
2026-02-09T19:30:00+05:30,79.42,79.65,79.035,79.34,1698
2026-02-09T19:45:00+05:30,79.37,80.105,79.365,80.045,1804
2026-02-09T20:00:00+05:30,80.055,81.32,79.71,81.2,6164
2026-02-09T20:15:00+05:30,81.235,81.585,80.905,81.305,4336
2026-02-09T20:30:00+05:30,81.295,81.445,80.96,81.105,3036
2026-02-09T20:45:00+05:30,81.11,81.635,80.905,81.43,2942
2026-02-09T21:00:00+05:30,81.445,82.2,81.445,82.135,2983
2026-02-09T21:15:00+05:30,82.15,82.375,81.875,82.345,1983
2026-02-09T21:30:00+05:30,82.36,82.555,82.19,82.34,2485
2026-02-09T21:45:00+05:30,82.355,82.99,82.34,82.715,2752
2026-02-09T22:00:00+05:30,82.73,83.275,82.525,83.175,2728
2026-02-09T22:15:00+05:30,83.18,83.33,82.98,83.23,2318
2026-02-09T22:30:00+05:30,83.245,83.34,82.59,82.86,3211
2026-02-09T22:45:00+05:30,82.88,83.175,82.88,83.03,1580
2026-02-09T23:00:00+05:30,83.03,83.445,82.82,82.97,2013
2026-02-09T23:15:00+05:30,82.97,83.155,82.225,82.415,3193
2026-02-09T23:30:00+05:30,82.44,82.745,82.245,82.525,2175
2026-02-09T23:45:00+05:30,82.53,82.665,81.785,82.4,3632
2026-02-10T00:00:00+05:30,82.415,82.75,82.25,82.475,1583
2026-02-10T00:15:00+05:30,82.475,82.96,82.285,82.915,1396
2026-02-10T00:30:00+05:30,82.9,82.94,82.64,82.825,896
2026-02-10T00:45:00+05:30,82.825,83.155,82.755,83.105,899
2026-02-10T01:00:00+05:30,83.12,83.345,83.115,83.255,1146
2026-02-10T01:15:00+05:30,83.265,83.36,83.04,83.185,1115
2026-02-10T01:30:00+05:30,83.175,83.57,83.125,83.505,1057
2026-02-10T01:45:00+05:30,83.5,83.67,83.35,83.465,1300
2026-02-10T02:00:00+05:30,83.455,83.74,83.355,83.625,1610
2026-02-10T02:15:00+05:30,83.64,83.77,83.305,83.605,1523
2026-02-10T02:30:00+05:30,83.62,83.65,83.135,83.21,1069
2026-02-10T02:45:00+05:30,83.215,83.3,82.805,82.9,868
2026-02-10T03:00:00+05:30,82.9,83.095,82.78,83.07,788
2026-02-10T03:15:00+05:30,83.065,83.295,83.025,83.165,532
2026-02-10T04:30:00+05:30,83.265,83.8,80.875,81.22,4062
2026-02-10T04:45:00+05:30,81.285,81.735,80.515,81.595,3272
2026-02-10T05:00:00+05:30,81.595,82.09,81.245,82.045,1559
2026-02-10T05:15:00+05:30,82,82.08,81.385,81.465,917
2026-02-10T05:30:00+05:30,81.45,82.46,81.405,81.72,1674
2026-02-10T05:45:00+05:30,81.75,82.115,81.55,81.765,801
2026-02-10T06:00:00+05:30,81.77,81.94,81.105,81.48,1544
2026-02-10T06:15:00+05:30,81.48,81.565,80.8,81.2,2653
2026-02-10T06:30:00+05:30,81.215,81.53,80.4,81.06,3720
2026-02-10T06:45:00+05:30,81.05,81.32,80.51,80.775,2021
2026-02-10T07:00:00+05:30,80.75,81.4,80.605,81.225,1943
2026-02-10T07:15:00+05:30,81.215,81.83,81.205,81.805,1929
2026-02-10T07:30:00+05:30,81.82,82.1,81.6,82.03,1253
2026-02-10T07:45:00+05:30,82.05,82.625,81.91,82.45,1840
2026-02-10T08:00:00+05:30,82.475,82.52,81.79,82.22,1730
2026-02-10T08:15:00+05:30,82.24,82.3,81.58,81.715,1473
2026-02-10T08:30:00+05:30,81.7,81.78,81.115,81.25,1826
2026-02-10T08:45:00+05:30,81.235,81.24,80.77,81.06,1868
2026-02-10T09:00:00+05:30,81.045,81.41,80.81,80.95,1342
2026-02-10T09:15:00+05:30,80.975,81.24,80.54,81.1,1369
2026-02-10T09:30:00+05:30,81.09,81.175,80.625,80.92,1152
2026-02-10T09:45:00+05:30,80.9,81.315,80.86,81.22,762
2026-02-10T10:00:00+05:30,81.22,81.29,80.81,80.88,825
2026-02-10T10:15:00+05:30,80.845,81.1,80.795,80.98,669
2026-02-10T10:30:00+05:30,80.995,81.11,80.685,80.99,720
2026-02-10T10:45:00+05:30,80.98,81.025,80.23,80.55,1640
2026-02-10T11:00:00+05:30,80.56,81.225,80.23,81.155,1830
2026-02-10T11:15:00+05:30,81.18,81.39,81.085,81.23,1264
2026-02-10T11:30:00+05:30,81.23,81.76,81.185,81.435,1576
2026-02-10T11:45:00+05:30,81.42,81.475,81.055,81.215,1329
2026-02-10T12:00:00+05:30,81.2,81.58,81.155,81.16,1147
2026-02-10T12:15:00+05:30,81.155,81.41,80.77,80.82,1120
2026-02-10T12:30:00+05:30,80.825,81.3,80.585,81.17,1146
2026-02-10T12:45:00+05:30,81.155,81.4,80.86,81.01,1225
2026-02-10T13:00:00+05:30,81.01,81.37,81.005,81.325,660
2026-02-10T13:15:00+05:30,81.325,81.5,81.165,81.41,883
2026-02-10T13:30:00+05:30,81.43,81.62,80.915,80.96,1273
2026-02-10T13:45:00+05:30,80.985,81.495,80.94,81.36,1058
2026-02-10T14:00:00+05:30,81.345,81.86,81.3,81.725,1062
2026-02-10T14:15:00+05:30,81.725,82.125,81.705,81.93,1140
2026-02-10T14:30:00+05:30,81.92,82.5,81.87,82.2,1045
2026-02-10T14:45:00+05:30,82.225,82.3,82.105,82.125,644
2026-02-10T15:00:00+05:30,82.13,82.145,81.67,81.845,974
2026-02-10T15:15:00+05:30,81.85,81.915,81.58,81.72,711
2026-02-10T15:30:00+05:30,81.7,81.93,81.44,81.625,905
2026-02-10T15:45:00+05:30,81.6,82.035,81.495,81.85,990
2026-02-10T16:00:00+05:30,81.83,82.28,81.76,82.09,887
2026-02-10T16:15:00+05:30,82.085,82.31,81.88,81.91,1040
2026-02-10T16:30:00+05:30,81.905,81.93,81.635,81.765,771
2026-02-10T16:45:00+05:30,81.8,81.815,81.33,81.46,943
2026-02-10T17:00:00+05:30,81.46,81.87,81.445,81.66,694
2026-02-10T17:15:00+05:30,81.66,82.08,81.585,81.97,692
2026-02-10T17:30:00+05:30,82.005,82.33,81.52,81.665,1553
2026-02-10T17:45:00+05:30,81.66,81.9,81.63,81.75,760
2026-02-10T18:00:00+05:30,81.745,81.885,81.155,81.28,1152
2026-02-10T18:15:00+05:30,81.27,81.5,81.025,81.335,2233
2026-02-10T18:30:00+05:30,81.33,81.78,81.165,81.575,1939
2026-02-10T18:45:00+05:30,81.59,81.735,80.915,81.32,1264
2026-02-10T19:00:00+05:30,81.325,81.9,81.195,81.725,1768
2026-02-10T19:15:00+05:30,81.72,81.915,81.505,81.655,1215
2026-02-10T19:30:00+05:30,81.67,82.01,81.41,81.71,1756
2026-02-10T19:45:00+05:30,81.72,82.29,81.675,82.24,2090
2026-02-10T20:00:00+05:30,82.21,82.785,81.715,81.99,5542
2026-02-10T20:15:00+05:30,82.005,82.145,81,81.92,4522
2026-02-10T20:30:00+05:30,81.9,81.925,81.28,81.675,3793
2026-02-10T20:45:00+05:30,81.67,82.005,81.27,81.3,3385
2026-02-10T21:00:00+05:30,81.265,81.67,80.17,80.31,6120
2026-02-10T21:15:00+05:30,80.305,81.22,80.135,80.715,4856
2026-02-10T21:30:00+05:30,80.695,80.74,79.765,80.51,4558
2026-02-10T21:45:00+05:30,80.51,80.685,79.615,79.68,3920
2026-02-10T22:00:00+05:30,79.665,80.12,79.62,80.055,2672
2026-02-10T22:15:00+05:30,80.06,80.3,79.775,80.22,2267
2026-02-10T22:30:00+05:30,80.21,80.47,80.145,80.22,1736
2026-02-10T22:45:00+05:30,80.245,81.155,80.235,81.015,2166
2026-02-10T23:00:00+05:30,81.025,81.335,80.915,81.235,1629
2026-02-10T23:15:00+05:30,81.25,81.29,80.725,80.75,1633
2026-02-10T23:30:00+05:30,80.735,80.895,80.37,80.49,1956
2026-02-10T23:45:00+05:30,80.475,80.555,79.99,80.225,2976
2026-02-11T00:00:00+05:30,80.225,80.51,80.11,80.445,1468
2026-02-11T00:15:00+05:30,80.44,80.58,80.115,80.46,1342
2026-02-11T00:30:00+05:30,80.46,80.51,80.24,80.335,854
2026-02-11T00:45:00+05:30,80.345,80.84,80.325,80.82,1177
2026-02-11T01:00:00+05:30,80.805,81.06,80.77,80.865,1089
2026-02-11T01:15:00+05:30,80.86,81.05,80.825,80.885,905
2026-02-11T01:30:00+05:30,80.875,80.89,80.395,80.7,1175
2026-02-11T01:45:00+05:30,80.705,80.985,80.47,80.66,1037
2026-02-11T02:00:00+05:30,80.63,80.83,80.51,80.81,818
2026-02-11T02:15:00+05:30,80.81,81.135,80.625,80.745,1430
2026-02-11T02:30:00+05:30,80.71,80.84,80.525,80.62,735
2026-02-11T02:45:00+05:30,80.625,80.625,80.335,80.44,513
2026-02-11T03:00:00+05:30,80.445,80.545,80.415,80.48,360
2026-02-11T03:15:00+05:30,80.47,80.595,80.31,80.545,379
2026-02-11T04:30:00+05:30,80.59,81.22,80.5,81.125,779
2026-02-11T04:45:00+05:30,81.135,81.44,81.06,81.205,1132
2026-02-11T05:00:00+05:30,81.205,81.25,80.9,81.09,868
2026-02-11T05:15:00+05:30,81.09,81.305,81.04,81.145,515
2026-02-11T05:30:00+05:30,81.155,81.21,80.775,80.875,926
2026-02-11T05:45:00+05:30,80.875,81.225,80.77,81.19,689
2026-02-11T06:00:00+05:30,81.2,81.605,81.2,81.345,1123
2026-02-11T06:15:00+05:30,81.34,81.38,81.085,81.16,1147
2026-02-11T06:30:00+05:30,81.165,81.58,81.125,81.345,2122
2026-02-11T06:45:00+05:30,81.365,81.5,81.04,81.215,1103
2026-02-11T07:00:00+05:30,81.195,81.48,80.98,81.37,1160
2026-02-11T07:15:00+05:30,81.355,81.755,81.33,81.71,1086
2026-02-11T07:30:00+05:30,81.73,81.875,81.345,81.475,1316
2026-02-11T07:45:00+05:30,81.455,81.76,81.335,81.7,723
2026-02-11T08:00:00+05:30,81.7,82.2,81.695,82.155,1207
2026-02-11T08:15:00+05:30,82.16,82.32,81.995,82.115,1406
2026-02-11T08:30:00+05:30,82.1,82.165,81.96,81.985,1002
2026-02-11T08:45:00+05:30,81.97,82.29,81.895,82.15,955
2026-02-11T09:00:00+05:30,82.175,82.53,82.175,82.49,1151
2026-02-11T09:15:00+05:30,82.5,82.57,82.325,82.42,683
2026-02-11T09:30:00+05:30,82.415,82.52,82.26,82.34,672
2026-02-11T09:45:00+05:30,82.355,82.465,82.285,82.42,575
2026-02-11T10:00:00+05:30,82.41,82.465,82.17,82.18,709
2026-02-11T10:15:00+05:30,82.185,82.275,82.17,82.21,438
2026-02-11T10:30:00+05:30,82.215,82.255,82.08,82.235,529
2026-02-11T10:45:00+05:30,82.23,82.275,82.01,82.14,511
2026-02-11T11:00:00+05:30,82.14,82.425,82.1,82.39,841
2026-02-11T11:15:00+05:30,82.375,82.385,81.745,81.915,1296
2026-02-11T11:30:00+05:30,81.9,82.07,81.76,81.835,858
2026-02-11T11:45:00+05:30,81.815,82.195,81.77,82.105,925
2026-02-11T12:00:00+05:30,82.11,82.15,81.88,82.05,619
2026-02-11T12:15:00+05:30,82.04,83.295,81.965,83.165,2718
2026-02-11T12:30:00+05:30,83.17,83.88,83.135,83.49,2482
2026-02-11T12:45:00+05:30,83.48,83.605,83.015,83.25,1687
2026-02-11T13:00:00+05:30,83.275,83.44,83.025,83.255,958
2026-02-11T13:15:00+05:30,83.255,83.695,83.21,83.625,992
2026-02-11T13:30:00+05:30,83.63,83.86,83.415,83.43,1258
2026-02-11T13:45:00+05:30,83.41,83.46,83.15,83.24,896
2026-02-11T14:00:00+05:30,83.245,83.57,83.16,83.51,631
2026-02-11T14:15:00+05:30,83.49,83.69,83.385,83.59,621
2026-02-11T14:30:00+05:30,83.59,83.71,83.23,83.415,982
2026-02-11T14:45:00+05:30,83.41,83.815,83.335,83.785,768
2026-02-11T15:00:00+05:30,83.79,84.72,83.68,84.635,2186
2026-02-11T15:15:00+05:30,84.625,84.795,84.455,84.565,1227
2026-02-11T15:30:00+05:30,84.585,84.745,84.41,84.56,936
2026-02-11T15:45:00+05:30,84.52,84.91,84.43,84.715,1170
2026-02-11T16:00:00+05:30,84.7,85.315,84.475,85.3,1903
2026-02-11T16:15:00+05:30,85.31,85.545,85.1,85.385,1994
2026-02-11T16:30:00+05:30,85.395,85.5,85.195,85.3,1125
2026-02-11T16:45:00+05:30,85.33,85.855,85.33,85.83,1353
2026-02-11T17:00:00+05:30,85.845,85.89,85.55,85.755,1274
2026-02-11T17:15:00+05:30,85.75,86.04,85.66,85.885,1402
2026-02-11T17:30:00+05:30,85.895,86.105,85.475,85.895,2369
2026-02-11T17:45:00+05:30,85.9,85.9,85.26,85.575,1756
2026-02-11T18:00:00+05:30,85.58,85.725,84.83,85.025,3470
2026-02-11T18:15:00+05:30,85.025,85.625,84.985,85.6,2439
2026-02-11T18:30:00+05:30,85.585,85.735,85.09,85.555,3300
2026-02-11T18:45:00+05:30,85.57,85.7,85.075,85.335,1744
2026-02-11T19:00:00+05:30,85.48,85.63,83.125,84.02,6590
2026-02-11T19:15:00+05:30,84.025,84.835,83.825,84.485,4643
2026-02-11T19:30:00+05:30,84.495,85.17,84.37,84.935,3165
2026-02-11T19:45:00+05:30,84.955,85.32,84.395,84.695,3393
2026-02-11T20:00:00+05:30,84.72,84.8,83.03,83.395,7664
2026-02-11T20:15:00+05:30,83.39,84.095,83.23,83.565,4937
2026-02-11T20:30:00+05:30,83.56,84.58,83.375,83.69,5187
2026-02-11T20:45:00+05:30,83.675,83.86,82.63,82.91,4716
2026-02-11T21:00:00+05:30,82.875,83.22,82.4,82.905,3899
2026-02-11T21:15:00+05:30,82.895,83.185,82.58,83.145,2649
2026-02-11T21:30:00+05:30,83.14,83.25,82.53,82.975,2279
2026-02-11T21:45:00+05:30,82.97,83.23,82.46,83.195,2633
2026-02-11T22:00:00+05:30,83.19,83.75,83,83.72,2655
2026-02-11T22:15:00+05:30,83.725,83.86,83.37,83.495,1712
2026-02-11T22:30:00+05:30,83.5,83.94,83.12,83.91,2118
2026-02-11T22:45:00+05:30,83.93,84.195,83.84,84.18,1783
2026-02-11T23:00:00+05:30,84.15,84.645,83.985,84.575,1994
2026-02-11T23:15:00+05:30,84.58,84.7,84.3,84.505,1685
2026-02-11T23:30:00+05:30,84.53,84.59,83.72,83.87,2220
2026-02-11T23:45:00+05:30,83.855,84.275,83.79,84.165,2167
2026-02-12T00:00:00+05:30,84.16,84.295,83.96,84.035,915
2026-02-12T00:15:00+05:30,84.01,84.09,83.665,83.9,1389
2026-02-12T00:30:00+05:30,83.89,84.38,83.78,84.235,1304
2026-02-12T00:45:00+05:30,84.25,84.465,84.155,84.325,1391
2026-02-12T01:00:00+05:30,84.32,84.36,84.05,84.34,1218
2026-02-12T01:15:00+05:30,84.325,84.345,83.91,83.995,1219
2026-02-12T01:30:00+05:30,83.985,84.225,83.79,84.21,987
2026-02-12T01:45:00+05:30,84.205,84.295,84,84.025,736
2026-02-12T02:00:00+05:30,84.01,84.36,83.94,84.275,848
2026-02-12T02:15:00+05:30,84.295,84.46,84.18,84.31,1171
2026-02-12T02:30:00+05:30,84.325,84.35,84.155,84.305,569
2026-02-12T02:45:00+05:30,84.315,84.43,84.09,84.175,535
2026-02-12T03:00:00+05:30,84.185,84.22,83.675,83.93,796
2026-02-12T03:15:00+05:30,83.92,84.2,83.83,84.19,484
2026-02-12T04:30:00+05:30,84.23,84.85,83,83.17,2329
2026-02-12T04:45:00+05:30,83.155,83.64,83.1,83.45,1549
2026-02-12T05:00:00+05:30,83.43,83.475,83.14,83.235,934
2026-02-12T05:15:00+05:30,83.235,83.48,82.52,82.59,1173
2026-02-12T05:30:00+05:30,82.595,82.965,81.5,82.06,3557
2026-02-12T05:45:00+05:30,82.075,82.5,81.685,82.03,2061
2026-02-12T06:00:00+05:30,82.05,82.3,81.725,82.055,1413
2026-02-12T06:15:00+05:30,82.065,82.38,81.77,82.22,1772
2026-02-12T06:30:00+05:30,82.215,82.61,81.53,81.53,3230
2026-02-12T06:45:00+05:30,81.52,82.475,81.175,82.325,2194
2026-02-12T07:00:00+05:30,82.325,82.96,82.21,82.785,1799
2026-02-12T07:15:00+05:30,82.785,83.125,82.645,83.09,1848
2026-02-12T07:30:00+05:30,83.1,83.275,82.895,83.06,1482
2026-02-12T07:45:00+05:30,83.065,83.265,82.915,83.25,1105
2026-02-12T08:00:00+05:30,83.27,83.365,82.66,82.76,1617
2026-02-12T08:15:00+05:30,82.75,83.18,82.655,83.15,1090
2026-02-12T08:30:00+05:30,83.145,83.75,82.94,83.47,1827
2026-02-12T08:45:00+05:30,83.48,83.6,83.295,83.4,910
2026-02-12T09:00:00+05:30,83.43,83.845,83.405,83.62,1038
2026-02-12T09:15:00+05:30,83.62,83.62,83.135,83.225,727
2026-02-12T09:30:00+05:30,83.205,83.44,82.895,82.945,868
2026-02-12T09:45:00+05:30,82.95,83.025,82.62,83.01,1011
2026-02-12T10:00:00+05:30,82.995,83.3,82.92,82.985,711
2026-02-12T10:15:00+05:30,82.975,83.175,82.7,83.135,731
2026-02-12T10:30:00+05:30,83.135,83.82,83.015,83.75,1301
2026-02-12T10:45:00+05:30,83.74,83.905,83.65,83.7,829
2026-02-12T11:00:00+05:30,83.7,83.805,83.36,83.675,1096
2026-02-12T11:15:00+05:30,83.69,83.79,83.45,83.705,623
2026-02-12T11:30:00+05:30,83.725,83.815,83.415,83.805,954
2026-02-12T11:45:00+05:30,83.8,83.925,83.205,83.26,1248
2026-02-12T12:00:00+05:30,83.26,83.375,82.85,83.265,1452
2026-02-12T12:15:00+05:30,83.26,83.26,82.67,82.755,1387
2026-02-12T12:30:00+05:30,82.755,82.885,82.355,82.77,1758
2026-02-12T12:45:00+05:30,82.775,83.17,82.745,83.17,1404
2026-02-12T13:00:00+05:30,83.18,83.22,82.955,83.035,617
2026-02-12T13:15:00+05:30,83.02,83.165,82.855,83.045,591
2026-02-12T13:30:00+05:30,83.045,83.645,83.045,83.415,1268
2026-02-12T13:45:00+05:30,83.405,83.47,83.205,83.23,611
2026-02-12T14:00:00+05:30,83.23,83.265,82.9,83.19,742
2026-02-12T14:15:00+05:30,83.245,83.665,83.245,83.58,706
2026-02-12T14:30:00+05:30,83.575,83.76,83.49,83.67,833
2026-02-12T14:45:00+05:30,83.68,83.735,83.39,83.41,646
2026-02-12T15:00:00+05:30,83.405,83.62,83.395,83.545,525
2026-02-12T15:15:00+05:30,83.54,83.665,83.46,83.485,588
2026-02-12T15:30:00+05:30,83.49,83.715,83.135,83.235,1019
2026-02-12T15:45:00+05:30,83.235,83.395,83.155,83.265,560
2026-02-12T16:00:00+05:30,83.28,83.48,83.215,83.275,563
2026-02-12T16:15:00+05:30,83.265,83.3,82.835,82.975,964
2026-02-12T16:30:00+05:30,82.975,83.205,82.865,82.89,625
2026-02-12T16:45:00+05:30,82.89,83.195,82.855,83.12,438
2026-02-12T17:00:00+05:30,83.125,83.25,83.035,83.075,369
2026-02-12T17:15:00+05:30,83.075,83.38,83.06,83.245,650
2026-02-12T17:30:00+05:30,83.25,83.295,82.495,82.85,1739
2026-02-12T17:45:00+05:30,82.825,82.94,82.365,82.585,1195
2026-02-12T18:00:00+05:30,82.6,82.785,82.445,82.57,1033
2026-02-12T18:15:00+05:30,82.6,82.675,81.645,82.005,2318
2026-02-12T18:30:00+05:30,82.01,82.39,81.81,82.32,2085
2026-02-12T18:45:00+05:30,82.31,82.52,82.005,82.12,1639
2026-02-12T19:00:00+05:30,82.07,82.825,81.835,82.735,2130
2026-02-12T19:15:00+05:30,82.745,83,82.685,82.87,1296
2026-02-12T19:30:00+05:30,82.865,83.315,82.76,82.895,2107
2026-02-12T19:45:00+05:30,82.905,83.02,82.595,82.865,1866
2026-02-12T20:00:00+05:30,82.845,83.35,82.675,83.165,4566
2026-02-12T20:15:00+05:30,83.17,83.415,82.125,82.385,3900
2026-02-12T20:30:00+05:30,82.385,82.81,82.21,82.75,2582
2026-02-12T20:45:00+05:30,82.785,82.94,82.61,82.815,1595
2026-02-12T21:00:00+05:30,82.805,83.065,82.465,82.7,2458
2026-02-12T21:15:00+05:30,82.71,82.965,82.235,82.265,1901
2026-02-12T21:30:00+05:30,82.265,82.445,78.32,78.565,8473
2026-02-12T21:45:00+05:30,78.6,79.36,75.39,76.23,13358
2026-02-12T22:00:00+05:30,76.23,78.21,76.145,77.085,12167
2026-02-12T22:15:00+05:30,77.065,77.26,74.875,76.215,10879
2026-02-12T22:30:00+05:30,76.165,77.37,76.015,76.535,5105
2026-02-12T22:45:00+05:30,76.515,77.77,76.395,77.13,4588
2026-02-12T23:00:00+05:30,77.125,77.565,76.675,77.175,4260
2026-02-12T23:15:00+05:30,77.17,77.185,75.405,75.405,4468
2026-02-12T23:30:00+05:30,75.415,75.8,74.575,75.58,5572
2026-02-12T23:45:00+05:30,75.575,76.175,74.635,75.825,5627
2026-02-13T00:00:00+05:30,75.775,76.665,75.75,76.54,3617
2026-02-13T00:15:00+05:30,76.53,76.88,75.905,76.04,3058
2026-02-13T00:30:00+05:30,76.045,76.395,75.705,76.045,2738
2026-02-13T00:45:00+05:30,76.04,76.395,75.705,75.75,2148
2026-02-13T01:00:00+05:30,75.755,76.655,75.57,76.365,2250
2026-02-13T01:15:00+05:30,76.355,76.72,76.025,76.155,1988
2026-02-13T01:30:00+05:30,76.16,76.355,75.735,76.005,1841
2026-02-13T01:45:00+05:30,75.98,76.02,75.135,75.27,2491
2026-02-13T02:00:00+05:30,75.27,75.415,74.685,75.085,3333
2026-02-13T02:15:00+05:30,75.095,75.14,74.355,74.695,4071
2026-02-13T02:30:00+05:30,74.725,75.125,74.585,75,1434
2026-02-13T02:45:00+05:30,74.98,75.17,74.875,75.075,852
2026-02-13T03:00:00+05:30,75.07,75.355,74.94,74.995,785
2026-02-13T03:15:00+05:30,75.01,75.265,74.91,75.015,578
2026-02-13T04:30:00+05:30,75.075,75.295,73.725,74.65,2054
2026-02-13T04:45:00+05:30,74.655,75.565,74.645,75.15,1672
2026-02-13T05:00:00+05:30,75.15,75.165,74.255,74.53,2191
2026-02-13T05:15:00+05:30,74.54,75.015,74.23,74.94,1421
2026-02-13T05:30:00+05:30,74.925,76.215,74.765,75.655,3173
2026-02-13T05:45:00+05:30,75.66,76.01,75.15,75.485,2044
2026-02-13T06:00:00+05:30,75.515,75.67,75.04,75.28,1456
2026-02-13T06:15:00+05:30,75.28,75.28,74.46,74.84,2380
2026-02-13T06:30:00+05:30,74.85,76.535,74.8,76.245,4153
2026-02-13T06:45:00+05:30,76.26,76.695,76.205,76.5,3039
2026-02-13T07:00:00+05:30,76.475,77.045,76.28,76.88,3288
2026-02-13T07:15:00+05:30,76.865,77.06,76.345,76.485,2447
2026-02-13T07:30:00+05:30,76.5,76.625,76.225,76.47,1593
2026-02-13T07:45:00+05:30,76.495,76.82,76.365,76.78,847
2026-02-13T08:00:00+05:30,76.78,76.9,76.055,76.4,1852
2026-02-13T08:15:00+05:30,76.375,76.9,76.205,76.86,1604
2026-02-13T08:30:00+05:30,76.87,76.995,76.54,76.78,1622
2026-02-13T08:45:00+05:30,76.76,76.825,76.335,76.72,1226
2026-02-13T09:00:00+05:30,76.715,77.11,76.715,76.74,1118
2026-02-13T09:15:00+05:30,76.73,76.91,76.65,76.835,674
2026-02-13T09:30:00+05:30,76.805,77.085,76.725,77.045,976
2026-02-13T09:45:00+05:30,77.055,77.425,77.04,77.145,1234
2026-02-13T10:00:00+05:30,77.14,77.295,76.85,77.015,1055
2026-02-13T10:15:00+05:30,77.025,77.025,76.73,76.77,786
2026-02-13T10:30:00+05:30,76.77,77.185,76.77,77.01,944
2026-02-13T10:45:00+05:30,77,77,76.315,76.505,1677
2026-02-13T11:00:00+05:30,76.505,76.54,75.835,76.245,2055
2026-02-13T11:15:00+05:30,76.25,76.365,75.68,75.84,1820
2026-02-13T11:30:00+05:30,75.85,76.295,75.805,76.27,1652
2026-02-13T11:45:00+05:30,76.275,76.39,75.97,76.145,1048
2026-02-13T12:00:00+05:30,76.13,76.61,76.015,76.44,1631
2026-02-13T12:15:00+05:30,76.465,77.18,76.36,77.11,2151
2026-02-13T12:30:00+05:30,77.085,77.125,76.59,76.89,1329
2026-02-13T12:45:00+05:30,76.92,77.4,76.9,77.37,1386
2026-02-13T13:00:00+05:30,77.365,77.815,77.125,77.67,1656
2026-02-13T13:15:00+05:30,77.68,78.155,77.39,77.64,2095
2026-02-13T13:30:00+05:30,77.645,78.675,77.555,78.345,3036
2026-02-13T13:45:00+05:30,78.345,78.87,78.195,78.775,1892
2026-02-13T14:00:00+05:30,78.775,78.98,78.605,78.915,1712
2026-02-13T14:15:00+05:30,78.93,79.11,78.425,78.645,2014
2026-02-13T14:30:00+05:30,78.625,78.825,78.185,78.62,1670
2026-02-13T14:45:00+05:30,78.605,78.85,78.205,78.26,1288
2026-02-13T15:00:00+05:30,78.265,78.565,78.05,78.34,1001
2026-02-13T15:15:00+05:30,78.35,78.51,77.93,78,1317
2026-02-13T15:30:00+05:30,78,78.375,77.83,78.14,1006
2026-02-13T15:45:00+05:30,78.15,78.565,78.08,78.48,655
2026-02-13T16:00:00+05:30,78.5,78.52,77.995,78.075,697
2026-02-13T16:15:00+05:30,78.085,78.125,77.41,77.505,1236
2026-02-13T16:30:00+05:30,77.525,77.54,76.48,77.005,2624
2026-02-13T16:45:00+05:30,76.995,77.15,76.6,77.07,1138
2026-02-13T17:00:00+05:30,77.06,77.06,76.555,76.96,1102
2026-02-13T17:15:00+05:30,76.965,77.28,76.76,77.23,1003
2026-02-13T17:30:00+05:30,77.22,77.34,76.835,77.19,1271
2026-02-13T17:45:00+05:30,77.175,77.57,77.165,77.265,1070
2026-02-13T18:00:00+05:30,77.27,77.645,77.145,77.51,872
2026-02-13T18:15:00+05:30,77.525,78.005,77.33,77.69,1154
2026-02-13T18:30:00+05:30,77.71,77.955,77.515,77.61,1270
2026-02-13T18:45:00+05:30,77.635,77.66,76.91,77.05,1284
2026-02-13T19:00:00+05:30,77.195,79.27,77.15,78.76,5089
2026-02-13T19:15:00+05:30,78.78,78.91,78.335,78.6,2502
2026-02-13T19:30:00+05:30,78.565,78.93,78.36,78.72,1657
2026-02-13T19:45:00+05:30,78.755,79.065,78.48,78.605,1609
2026-02-13T20:00:00+05:30,78.59,78.7,75.91,76.785,6883
2026-02-13T20:15:00+05:30,76.76,78.08,76.72,77.33,5696
2026-02-13T20:30:00+05:30,77.35,78.395,77.165,77.805,4314
2026-02-13T20:45:00+05:30,77.82,78.2,77.13,78,3384
2026-02-13T21:00:00+05:30,77.98,78.61,77.395,77.45,3360
2026-02-13T21:15:00+05:30,77.47,77.62,76.835,76.955,3726
2026-02-13T21:30:00+05:30,76.96,77.865,76.925,77.685,2436
2026-02-13T21:45:00+05:30,77.665,78.38,77.595,78.26,2928
2026-02-13T22:00:00+05:30,78.265,78.295,77.565,77.775,1730
2026-02-13T22:15:00+05:30,77.75,78.015,77.405,77.515,1444
2026-02-13T22:30:00+05:30,77.565,78.21,77.35,77.675,1906
2026-02-13T22:45:00+05:30,77.7,77.71,77.215,77.52,1429
2026-02-13T23:00:00+05:30,77.515,77.91,77.46,77.555,1516
2026-02-13T23:15:00+05:30,77.555,77.735,77.315,77.69,1496
2026-02-13T23:30:00+05:30,77.7,78.235,77.55,78.19,1800
2026-02-13T23:45:00+05:30,78.185,78.21,77.62,77.685,2682
2026-02-14T00:00:00+05:30,77.69,78.03,77.615,77.84,874
2026-02-14T00:15:00+05:30,77.825,77.935,77.55,77.685,942
2026-02-14T00:30:00+05:30,77.69,78.195,77.64,77.89,1448
2026-02-14T00:45:00+05:30,77.88,78.275,77.81,78,1214
2026-02-14T01:00:00+05:30,78.005,78.01,77.71,77.75,823
2026-02-14T01:15:00+05:30,77.755,77.925,77.3,77.3,932
2026-02-14T01:30:00+05:30,77.3,77.52,77.015,77.055,1178
2026-02-14T01:45:00+05:30,77.03,77.43,77.025,77.175,1119
2026-02-14T02:00:00+05:30,77.15,77.335,76.85,76.955,1268
2026-02-14T02:15:00+05:30,76.975,77.07,76.53,77.04,1844
2026-02-14T02:30:00+05:30,77.02,77.095,76.835,77.04,689
2026-02-14T02:45:00+05:30,77.02,77.28,77.01,77.23,430
2026-02-14T03:00:00+05:30,77.215,77.32,77.13,77.295,353
2026-02-14T03:15:00+05:30,77.265,77.545,77.255,77.33,501
2026-02-16T04:30:00+05:30,77.55,78.4,74.56,75.925,2586
2026-02-16T04:45:00+05:30,76,77.05,75.96,76.545,1414
2026-02-16T05:00:00+05:30,76.555,76.785,76.265,76.32,695
2026-02-16T05:15:00+05:30,76.345,76.475,75.67,76.31,1003
2026-02-16T05:30:00+05:30,76.28,76.645,75.845,76.45,993
2026-02-16T05:45:00+05:30,76.42,76.535,76,76.215,689
2026-02-16T06:00:00+05:30,76.22,76.52,76.2,76.335,361
2026-02-16T06:15:00+05:30,76.33,76.9,76.25,76.745,755
2026-02-16T06:30:00+05:30,76.725,76.915,76.375,76.795,901
2026-02-16T06:45:00+05:30,76.78,77.44,76.765,77.18,1164
2026-02-16T07:00:00+05:30,77.19,77.26,76.96,77.105,690
2026-02-16T07:15:00+05:30,77.115,77.26,77.05,77.205,504
2026-02-16T07:30:00+05:30,77.22,77.38,76.65,76.7,1167
2026-02-16T07:45:00+05:30,76.69,76.8,76.4,76.4,622
2026-02-16T08:00:00+05:30,76.41,76.615,76.07,76.31,1103
2026-02-16T08:15:00+05:30,76.295,76.295,75.655,75.69,1413
2026-02-16T08:30:00+05:30,75.705,75.785,75.27,75.605,1441
2026-02-16T08:45:00+05:30,75.605,75.76,75.505,75.61,745
2026-02-16T09:00:00+05:30,75.61,75.73,75.125,75.27,1261
2026-02-16T09:15:00+05:30,75.27,75.38,74.655,75.19,1432
2026-02-16T09:30:00+05:30,75.195,75.33,74.86,75.09,910
2026-02-16T09:45:00+05:30,75.1,75.295,74.955,75.1,512
2026-02-16T10:00:00+05:30,75.07,75.11,74.705,74.98,625
2026-02-16T10:15:00+05:30,74.98,75.33,74.98,75.145,610
2026-02-16T10:30:00+05:30,75.145,75.545,74.85,75.515,900
2026-02-16T10:45:00+05:30,75.51,75.635,75.465,75.5,384
2026-02-16T11:00:00+05:30,75.515,75.565,75.385,75.52,358
2026-02-16T11:15:00+05:30,75.54,75.865,75.36,75.805,584
2026-02-16T11:30:00+05:30,75.81,75.99,75.71,75.98,375
2026-02-16T11:45:00+05:30,75.965,76.125,75.785,76.1,469
2026-02-16T12:00:00+05:30,76.11,76.685,76.025,76.665,1006
2026-02-16T12:15:00+05:30,76.655,76.94,76.42,76.45,939
2026-02-16T12:30:00+05:30,76.43,76.645,76.36,76.535,551
2026-02-16T12:45:00+05:30,76.525,76.75,76.525,76.66,371
2026-02-16T13:00:00+05:30,76.67,76.94,76.6,76.825,750
2026-02-16T13:15:00+05:30,76.815,76.965,76.62,76.805,661
2026-02-16T13:30:00+05:30,76.82,77.17,76.46,76.465,1272
2026-02-16T13:45:00+05:30,76.445,76.885,76.445,76.855,618
2026-02-16T14:00:00+05:30,76.855,77.055,76.845,76.915,525
2026-02-16T14:15:00+05:30,76.92,77.09,76.76,77.03,333
2026-02-16T14:30:00+05:30,77.045,77.22,76.97,77.05,521
2026-02-16T14:45:00+05:30,77.05,77.265,77.03,77.11,468
2026-02-16T15:00:00+05:30,77.095,77.14,76.925,77.015,313
2026-02-16T15:15:00+05:30,76.99,77.045,76.875,76.905,309
2026-02-16T15:30:00+05:30,76.9,77.055,76.685,76.7,464
2026-02-16T15:45:00+05:30,76.7,77.215,76.68,77.13,588
2026-02-16T16:00:00+05:30,77.11,77.29,76.995,77.145,469
2026-02-16T16:15:00+05:30,77.135,77.285,77.03,77.05,326
2026-02-16T16:30:00+05:30,77.055,77.1,76.765,76.855,385
2026-02-16T16:45:00+05:30,76.87,77.055,76.81,77.025,321
2026-02-16T17:00:00+05:30,77.02,77.09,76.885,77.05,221
2026-02-16T17:15:00+05:30,77.04,77.105,76.905,77.055,210
2026-02-16T17:30:00+05:30,77.06,77.09,76.785,76.79,580
2026-02-16T17:45:00+05:30,76.805,76.89,76.61,76.825,508
2026-02-16T18:00:00+05:30,76.81,77.025,76.705,76.905,417
2026-02-16T18:15:00+05:30,76.895,76.95,76.73,76.87,311
2026-02-16T18:30:00+05:30,76.885,77.05,76.87,76.885,374
2026-02-16T18:45:00+05:30,76.885,77.01,76.78,76.825,492
2026-02-16T19:00:00+05:30,76.85,77.09,76.735,76.86,725
2026-02-16T19:15:00+05:30,76.865,76.91,76.68,76.88,367
2026-02-16T19:30:00+05:30,76.89,76.98,76.82,76.875,324
2026-02-16T19:45:00+05:30,76.87,77.05,76.655,76.72,557
2026-02-16T20:00:00+05:30,76.715,76.835,76.485,76.56,851
2026-02-16T20:15:00+05:30,76.56,76.57,76.24,76.525,1044
2026-02-16T20:30:00+05:30,76.52,76.7,75.855,76.125,1738
2026-02-16T20:45:00+05:30,76.115,76.325,76.07,76.25,617
2026-02-16T21:00:00+05:30,76.23,76.25,75.955,76.18,651
2026-02-16T21:15:00+05:30,76.18,76.25,76.01,76.02,403
2026-02-16T21:30:00+05:30,76.025,76.075,75.695,75.865,961
2026-02-16T21:45:00+05:30,75.865,76.28,75.605,76.215,1139
2026-02-16T22:00:00+05:30,76.225,76.615,76.19,76.355,1277
2026-02-16T22:15:00+05:30,76.35,76.35,76.195,76.24,434
2026-02-16T22:30:00+05:30,76.25,76.55,76.245,76.435,495
2026-02-16T22:45:00+05:30,76.43,76.55,76.33,76.495,282
2026-02-16T23:00:00+05:30,76.515,76.68,76.455,76.56,323
2026-02-16T23:15:00+05:30,76.53,76.56,76.39,76.45,213
2026-02-16T23:30:00+05:30,76.49,76.67,76.38,76.655,156
2026-02-16T23:45:00+05:30,76.655,76.7,76.57,76.57,86
2026-02-17T00:00:00+05:30,76.56,76.68,76.48,76.68,87
2026-02-17T00:15:00+05:30,76.695,76.735,76.6,76.6,107
2026-02-17T00:30:00+05:30,76.65,76.695,76.385,76.385,114
2026-02-17T00:45:00+05:30,76.41,76.53,76.33,76.495,139
2026-02-17T04:30:00+05:30,76.485,76.8,76.01,76.335,761
2026-02-17T04:45:00+05:30,76.355,76.78,76.115,76.585,546
2026-02-17T05:00:00+05:30,76.585,76.665,76.4,76.5,480
2026-02-17T05:15:00+05:30,76.45,76.55,76.21,76.31,410
2026-02-17T05:30:00+05:30,76.315,76.365,75.675,75.845,1671
2026-02-17T05:45:00+05:30,75.87,76.02,75.75,75.9,886
2026-02-17T06:00:00+05:30,75.91,76.02,75.085,75.21,1844
2026-02-17T06:15:00+05:30,75.195,75.45,74.215,74.55,3650
2026-02-17T06:30:00+05:30,74.555,74.835,72.88,74.565,6211
2026-02-17T06:45:00+05:30,74.575,75.675,74.225,75.62,3630
2026-02-17T07:00:00+05:30,75.605,76.14,75.42,75.985,2020
2026-02-17T07:15:00+05:30,76,76.215,75.69,75.69,1375
2026-02-17T07:30:00+05:30,75.675,76.2,75.57,76.045,1274
2026-02-17T07:45:00+05:30,76.03,76.345,75.9,76.09,773
2026-02-17T08:00:00+05:30,76.105,76.14,75.68,75.835,706
2026-02-17T08:15:00+05:30,75.815,76.235,75.78,76.235,677
2026-02-17T08:30:00+05:30,76.205,76.43,75.465,75.575,1327
2026-02-17T08:45:00+05:30,75.57,75.625,74.8,75,1801
2026-02-17T09:00:00+05:30,75.04,75.315,74.775,75.185,1404
2026-02-17T09:15:00+05:30,75.2,75.465,75.12,75.32,733
2026-02-17T09:30:00+05:30,75.33,75.365,74.975,75.255,946
2026-02-17T09:45:00+05:30,75.26,75.53,75.155,75.49,507
2026-02-17T10:00:00+05:30,75.49,75.525,75.06,75.185,779
2026-02-17T10:15:00+05:30,75.195,75.215,74.83,75.04,587
2026-02-17T10:30:00+05:30,75.03,75.145,74.345,74.39,1176
2026-02-17T10:45:00+05:30,74.385,74.405,72.775,73.285,6693
2026-02-17T11:00:00+05:30,73.285,74.08,72.595,73.9,3049
2026-02-17T11:15:00+05:30,73.9,73.98,73.52,73.73,1380
2026-02-17T11:30:00+05:30,73.77,74.375,73.755,74.07,1699
2026-02-17T11:45:00+05:30,74.095,74.365,73.86,74.1,868
2026-02-17T12:00:00+05:30,74.1,74.69,74.085,74.46,801
2026-02-17T12:15:00+05:30,74.43,74.71,74.25,74.55,409
2026-02-17T12:30:00+05:30,74.55,74.625,74.195,74.25,514
2026-02-17T12:45:00+05:30,74.25,74.51,74.1,74.38,457
2026-02-17T13:00:00+05:30,74.335,74.7,74.16,74.5,462
2026-02-17T13:15:00+05:30,74.475,75,74.415,74.87,479
2026-02-17T13:30:00+05:30,74.84,75.12,74.795,75.09,485
2026-02-17T13:45:00+05:30,75.065,75.325,74.88,74.955,538
2026-02-17T14:00:00+05:30,74.94,75.1,74.695,74.715,399
2026-02-17T14:15:00+05:30,74.73,74.94,74.71,74.84,321
2026-02-17T14:30:00+05:30,74.825,74.945,74.335,74.43,804
2026-02-17T14:45:00+05:30,74.43,74.65,74.32,74.52,565
2026-02-17T15:00:00+05:30,74.52,74.71,74.35,74.48,402
2026-02-17T15:15:00+05:30,74.49,74.57,73.84,74.465,1011
2026-02-17T15:30:00+05:30,74.45,74.83,74.38,74.805,575
2026-02-17T15:45:00+05:30,74.825,74.825,74.505,74.53,359
2026-02-17T16:00:00+05:30,74.525,74.53,74.15,74.185,541
2026-02-17T16:15:00+05:30,74.2,74.2,73.52,73.845,940
2026-02-17T16:30:00+05:30,73.825,74.385,73.82,74.38,598
2026-02-17T16:45:00+05:30,74.36,74.405,74.185,74.295,396
2026-02-17T17:00:00+05:30,74.295,74.32,74.19,74.24,261
2026-02-17T17:15:00+05:30,74.25,74.77,74.09,74.585,733
2026-02-17T17:30:00+05:30,74.56,74.96,74.365,74.845,1244
2026-02-17T17:45:00+05:30,74.84,75.15,74.765,74.93,712
2026-02-17T18:00:00+05:30,74.915,74.985,74.585,74.64,547
2026-02-17T18:15:00+05:30,74.635,74.845,74.42,74.475,627
2026-02-17T18:30:00+05:30,74.46,74.53,73.835,73.95,1283
2026-02-17T18:45:00+05:30,73.965,74.265,73.85,74.17,1023
2026-02-17T19:00:00+05:30,74.18,74.46,73.62,74.445,1600
2026-02-17T19:15:00+05:30,74.465,74.515,72.81,72.855,2473
2026-02-17T19:30:00+05:30,72.83,74.25,72.26,74.03,4679
2026-02-17T19:45:00+05:30,74.025,74.465,73.83,74.155,1196
2026-02-17T20:00:00+05:30,74.15,74.68,72.8,72.945,4100
2026-02-17T20:15:00+05:30,72.935,73.09,72.03,72.205,4312
2026-02-17T20:30:00+05:30,72.23,72.965,71.855,72.405,3804
2026-02-17T20:45:00+05:30,72.43,73.055,72.33,72.575,2618
2026-02-17T21:00:00+05:30,72.555,73.3,72.33,72.955,2505
2026-02-17T21:15:00+05:30,72.945,73.295,72.5,73.185,2152
2026-02-17T21:30:00+05:30,73.175,73.78,73.16,73.445,2190
2026-02-17T21:45:00+05:30,73.46,73.88,73.345,73.6,1321
2026-02-17T22:00:00+05:30,73.605,73.84,73.32,73.65,1375
2026-02-17T22:15:00+05:30,73.65,73.72,73.1,73.135,1200
2026-02-17T22:30:00+05:30,73.105,73.175,72.375,72.455,2038
2026-02-17T22:45:00+05:30,72.455,72.85,72.39,72.81,1475
2026-02-17T23:00:00+05:30,72.81,72.98,72.18,72.215,1746
2026-02-17T23:15:00+05:30,72.225,72.77,71.975,72.685,1711
2026-02-17T23:30:00+05:30,72.665,73.265,72.565,73.03,1398
2026-02-17T23:45:00+05:30,73.065,73.81,73.035,73.56,1575
2026-02-18T00:00:00+05:30,73.565,73.765,73.39,73.54,801
2026-02-18T00:15:00+05:30,73.52,74.115,73.45,73.775,1167
2026-02-18T00:30:00+05:30,73.81,74.065,73.63,73.77,953
2026-02-18T00:45:00+05:30,73.775,73.935,73.48,73.55,855
2026-02-18T01:00:00+05:30,73.545,73.73,73.455,73.65,575
2026-02-18T01:15:00+05:30,73.645,73.72,73.515,73.535,398
2026-02-18T01:30:00+05:30,73.52,73.615,73.2,73.4,609
2026-02-18T01:45:00+05:30,73.415,73.48,73.15,73.225,386
2026-02-18T02:00:00+05:30,73.215,73.635,73.07,73.435,648
2026-02-18T02:15:00+05:30,73.465,73.495,73.215,73.305,531
2026-02-18T02:30:00+05:30,73.285,73.565,73.255,73.54,224
2026-02-18T02:45:00+05:30,73.565,73.68,73.515,73.56,156
2026-02-18T03:00:00+05:30,73.54,73.55,73.395,73.51,126
2026-02-18T03:15:00+05:30,73.505,73.57,73.435,73.525,156
2026-02-18T04:30:00+05:30,73.53,73.835,72.88,73.71,929
2026-02-18T04:45:00+05:30,73.7,73.76,73.1,73.505,784
2026-02-18T05:00:00+05:30,73.53,73.665,72.715,73.185,1096
2026-02-18T05:15:00+05:30,73.17,73.21,72.28,72.41,1800
2026-02-18T05:30:00+05:30,72.41,72.7,72.305,72.545,1105
2026-02-18T05:45:00+05:30,72.53,72.8,72.345,72.56,1074
2026-02-18T06:00:00+05:30,72.575,72.95,72.555,72.89,639
2026-02-18T06:15:00+05:30,72.905,72.925,72.365,72.515,909
2026-02-18T06:30:00+05:30,72.485,73.05,72.48,72.91,906
2026-02-18T06:45:00+05:30,72.91,73.25,72.88,73.18,652
2026-02-18T07:00:00+05:30,73.15,73.475,72.98,73.3,593
2026-02-18T07:15:00+05:30,73.24,73.465,73.125,73.41,472
2026-02-18T07:30:00+05:30,73.395,73.7,73.265,73.57,665
2026-02-18T07:45:00+05:30,73.565,73.61,73.175,73.37,661
2026-02-18T08:00:00+05:30,73.395,73.765,73.33,73.65,544
2026-02-18T08:15:00+05:30,73.68,73.75,73.4,73.48,385
2026-02-18T08:30:00+05:30,73.52,74.165,73.47,73.97,1073
2026-02-18T08:45:00+05:30,74,74.395,73.975,74.32,715
2026-02-18T09:00:00+05:30,74.33,74.615,74.285,74.61,582
2026-02-18T09:15:00+05:30,74.58,74.705,74.47,74.63,430
2026-02-18T09:30:00+05:30,74.625,75.09,74.46,75.005,909
2026-02-18T09:45:00+05:30,74.995,75.39,74.82,75.29,748
2026-02-18T10:00:00+05:30,75.3,75.595,75.255,75.535,990
2026-02-18T10:15:00+05:30,75.545,75.9,75.415,75.86,1146
2026-02-18T10:30:00+05:30,75.845,76,75.44,75.51,1124
2026-02-18T10:45:00+05:30,75.51,75.795,75.435,75.565,605
2026-02-18T11:00:00+05:30,75.57,76.14,75.5,75.775,825
2026-02-18T11:15:00+05:30,75.775,75.9,75.54,75.565,525
2026-02-18T11:30:00+05:30,75.57,75.64,75.15,75.36,1154
2026-02-18T11:45:00+05:30,75.36,75.7,75.235,75.455,702
2026-02-18T12:00:00+05:30,75.455,75.625,75.4,75.56,337
2026-02-18T12:15:00+05:30,75.585,75.74,75.485,75.495,304
2026-02-18T12:30:00+05:30,75.49,75.765,75.42,75.695,478
2026-02-18T12:45:00+05:30,75.685,75.865,75.59,75.815,401
2026-02-18T13:00:00+05:30,75.79,76.08,75.675,75.78,493
2026-02-18T13:15:00+05:30,75.78,75.78,75.55,75.685,353
2026-02-18T13:30:00+05:30,75.7,75.935,75.615,75.705,533
2026-02-18T13:45:00+05:30,75.715,75.795,75.475,75.72,505
2026-02-18T14:00:00+05:30,75.74,76.03,75.74,75.8,640
2026-02-18T14:15:00+05:30,75.815,76.025,75.755,75.805,510
2026-02-18T14:30:00+05:30,75.815,76.045,75.685,75.885,591
2026-02-18T14:45:00+05:30,75.875,76.08,75.635,75.94,479
2026-02-18T15:00:00+05:30,75.95,75.99,75.74,75.84,410
2026-02-18T15:15:00+05:30,75.83,75.885,75.64,75.685,291
2026-02-18T15:30:00+05:30,75.665,76.29,75.655,76.065,775
2026-02-18T15:45:00+05:30,76.07,76.115,75.85,75.915,546
2026-02-18T16:00:00+05:30,75.895,75.905,75.485,75.535,581
2026-02-18T16:15:00+05:30,75.55,75.75,75.425,75.7,481
2026-02-18T16:30:00+05:30,75.69,75.76,75.58,75.675,316
2026-02-18T16:45:00+05:30,75.695,75.865,75.62,75.7,298
2026-02-18T17:00:00+05:30,75.675,75.795,75.605,75.71,239
2026-02-18T17:15:00+05:30,75.675,75.815,75.25,75.41,802
2026-02-18T17:30:00+05:30,75.425,75.74,75.29,75.505,881
2026-02-18T17:45:00+05:30,75.565,75.855,75.395,75.395,591
2026-02-18T18:00:00+05:30,75.38,75.595,75.33,75.43,588
2026-02-18T18:15:00+05:30,75.43,75.71,75.235,75.63,786
2026-02-18T18:30:00+05:30,75.66,75.995,75.535,75.915,1142
2026-02-18T18:45:00+05:30,75.93,76.465,75.87,76.385,1178
2026-02-18T19:00:00+05:30,76.315,76.92,76.275,76.66,1703
2026-02-18T19:15:00+05:30,76.67,76.68,76.385,76.64,1031
2026-02-18T19:30:00+05:30,76.665,77.015,76.64,76.905,1123
2026-02-18T19:45:00+05:30,76.905,77.075,76.815,76.91,757
2026-02-18T20:00:00+05:30,76.93,77.75,76.62,77.36,3820
2026-02-18T20:15:00+05:30,77.37,77.66,77.18,77.6,1790
2026-02-18T20:30:00+05:30,77.595,78.12,77.585,78.12,2387
2026-02-18T20:45:00+05:30,78.12,78.25,77.835,77.95,1525
2026-02-18T21:00:00+05:30,77.97,78.01,77.565,77.855,1689
2026-02-18T21:15:00+05:30,77.845,77.865,77.47,77.62,1137
2026-02-18T21:30:00+05:30,77.63,77.905,77.585,77.81,1034
2026-02-18T21:45:00+05:30,77.8,78.055,77.635,77.725,1151
2026-02-18T22:00:00+05:30,77.685,78.15,77.63,78.07,988
2026-02-18T22:15:00+05:30,78.05,78.205,77.75,77.755,1012
2026-02-18T22:30:00+05:30,77.765,77.945,77.64,77.835,1110
2026-02-18T22:45:00+05:30,77.825,78.01,77.785,77.97,726
2026-02-18T23:00:00+05:30,77.955,78.135,77.82,78.105,1086
2026-02-18T23:15:00+05:30,78.11,78.36,78.005,78.155,914
2026-02-18T23:30:00+05:30,78.195,78.305,77.9,77.91,1026
2026-02-18T23:45:00+05:30,77.91,77.925,77.345,77.52,2685
2026-02-19T00:00:00+05:30,77.505,77.605,76.725,77.13,2248
2026-02-19T00:15:00+05:30,77.13,77.3,77.055,77.2,764
2026-02-19T00:30:00+05:30,77.2,77.42,76.93,77.27,940
2026-02-19T00:45:00+05:30,77.22,77.415,76.615,76.69,1348
2026-02-19T01:00:00+05:30,76.69,76.79,76.225,76.715,1718
2026-02-19T01:15:00+05:30,76.755,76.865,76.575,76.635,819
2026-02-19T01:30:00+05:30,76.65,76.82,76.475,76.66,956
2026-02-19T01:45:00+05:30,76.66,77.01,76.535,76.875,866
2026-02-19T02:00:00+05:30,76.86,77.235,76.825,77.135,766
2026-02-19T02:15:00+05:30,77.11,77.35,77.07,77.275,766
2026-02-19T02:30:00+05:30,77.295,77.32,77.09,77.17,398
2026-02-19T02:45:00+05:30,77.17,77.28,77.14,77.28,226
2026-02-19T03:00:00+05:30,77.27,77.285,77.115,77.16,234
2026-02-19T03:15:00+05:30,77.15,77.175,76.99,77.115,249
2026-02-19T04:30:00+05:30,77.165,77.665,77.02,77.425,1149
2026-02-19T04:45:00+05:30,77.44,77.53,77.135,77.3,821
2026-02-19T05:00:00+05:30,77.32,77.495,77.16,77.24,589
2026-02-19T05:15:00+05:30,77.24,77.275,76.68,77.085,931
2026-02-19T05:30:00+05:30,77.065,77.1,76.65,76.765,851
2026-02-19T05:45:00+05:30,76.74,76.935,76.565,76.645,640
2026-02-19T06:00:00+05:30,76.675,76.925,76.31,76.585,978
2026-02-19T06:15:00+05:30,76.58,76.675,76.345,76.375,601
2026-02-19T06:30:00+05:30,76.38,76.98,76.335,76.9,991
2026-02-19T06:45:00+05:30,76.885,76.89,76.515,76.765,419
2026-02-19T07:00:00+05:30,76.765,76.92,76.495,76.785,408
2026-02-19T07:15:00+05:30,76.82,77.195,76.805,77.17,565
2026-02-19T07:30:00+05:30,77.175,77.335,77.095,77.135,710
2026-02-19T07:45:00+05:30,77.135,77.145,76.84,77.115,691
2026-02-19T08:00:00+05:30,77.1,77.28,77.04,77.18,503
2026-02-19T08:15:00+05:30,77.175,77.325,77.02,77.05,562
2026-02-19T08:30:00+05:30,77.07,77.155,76.93,77.115,460
2026-02-19T08:45:00+05:30,77.095,77.255,77.035,77.195,260
2026-02-19T09:00:00+05:30,77.2,77.82,77.2,77.75,1249
2026-02-19T09:15:00+05:30,77.75,77.96,77.7,77.86,683
2026-02-19T09:30:00+05:30,77.855,78.145,77.755,77.97,710
2026-02-19T09:45:00+05:30,77.98,78.005,77.75,77.765,477
2026-02-19T10:00:00+05:30,77.78,77.905,77.69,77.745,325
2026-02-19T10:15:00+05:30,77.725,77.8,77.54,77.79,509
2026-02-19T10:30:00+05:30,77.795,78.03,77.795,77.895,393
2026-02-19T10:45:00+05:30,77.905,77.91,77.755,77.815,242
2026-02-19T11:00:00+05:30,77.805,77.91,77.76,77.875,216
2026-02-19T11:15:00+05:30,77.875,77.95,77.77,77.84,344
2026-02-19T11:30:00+05:30,77.83,78.035,77.795,77.985,349
2026-02-19T11:45:00+05:30,77.99,78.05,77.86,78.05,249
2026-02-19T12:00:00+05:30,78.05,78.535,78.03,78.48,1016
2026-02-19T12:15:00+05:30,78.455,78.84,78.455,78.76,985
2026-02-19T12:30:00+05:30,78.765,79.07,78.765,78.845,954
2026-02-19T12:45:00+05:30,78.83,79.145,78.77,79.025,592
2026-02-19T13:00:00+05:30,79.035,79.075,78.93,78.975,367
2026-02-19T13:15:00+05:30,78.97,79.02,78.685,78.775,664
2026-02-19T13:30:00+05:30,78.78,78.86,78.53,78.815,602
2026-02-19T13:45:00+05:30,78.825,79.27,78.805,79.205,754
2026-02-19T14:00:00+05:30,79.22,79.22,79.05,79.175,434
2026-02-19T14:15:00+05:30,79.185,79.395,78.97,79.075,730
2026-02-19T14:30:00+05:30,79.095,79.2,78.96,79.125,447
2026-02-19T14:45:00+05:30,79.14,79.175,78.64,78.645,643
2026-02-19T15:00:00+05:30,78.645,78.805,78.27,78.665,1050
2026-02-19T15:15:00+05:30,78.665,78.765,78.44,78.475,523
2026-02-19T15:30:00+05:30,78.485,78.49,78.015,78.155,1213
2026-02-19T15:45:00+05:30,78.145,78.505,78.09,78.205,754
2026-02-19T16:00:00+05:30,78.195,78.48,78.025,78.295,674
2026-02-19T16:15:00+05:30,78.275,78.44,78.175,78.36,265
2026-02-19T16:30:00+05:30,78.345,78.53,78.205,78.305,383
2026-02-19T16:45:00+05:30,78.32,78.355,77.805,77.945,984
2026-02-19T17:00:00+05:30,77.955,78.125,77.825,77.945,536
2026-02-19T17:15:00+05:30,77.955,78.01,77.205,77.775,1566
2026-02-19T17:30:00+05:30,77.785,77.86,77.245,77.61,1240
2026-02-19T17:45:00+05:30,77.63,77.835,77.44,77.8,543
2026-02-19T18:00:00+05:30,77.82,78.01,77.71,77.97,901
2026-02-19T18:15:00+05:30,77.99,78.15,77.86,77.94,699
2026-02-19T18:30:00+05:30,77.97,77.97,77.435,77.67,1195
2026-02-19T18:45:00+05:30,77.67,78.045,77.54,77.865,752
2026-02-19T19:00:00+05:30,77.86,78.24,77.56,78.16,1179
2026-02-19T19:15:00+05:30,78.165,78.345,78.085,78.265,544
2026-02-19T19:30:00+05:30,78.24,78.24,77.52,77.535,1229
2026-02-19T19:45:00+05:30,77.55,77.955,77.5,77.915,723
2026-02-19T20:00:00+05:30,77.91,77.91,76.625,77.715,3228
2026-02-19T20:15:00+05:30,77.695,78.11,77.255,77.895,2390
2026-02-19T20:30:00+05:30,77.9,78.315,77.825,78.05,1945
2026-02-19T20:45:00+05:30,78.045,78.35,77.935,78.325,1576
2026-02-19T21:00:00+05:30,78.315,79.07,78.3,78.845,2395
2026-02-19T21:15:00+05:30,78.855,78.9,78.115,78.59,2302
2026-02-19T21:30:00+05:30,78.59,78.62,77.8,78.185,1828
2026-02-19T21:45:00+05:30,78.22,78.39,77.775,78.015,1265
2026-02-19T22:00:00+05:30,78.025,78.205,77.885,78.065,995
2026-02-19T22:15:00+05:30,78.03,78.135,77.25,77.47,1807
2026-02-19T22:30:00+05:30,77.465,77.81,77.32,77.655,1122
2026-02-19T22:45:00+05:30,77.655,77.985,77.505,77.85,1042
2026-02-19T23:00:00+05:30,77.835,78.04,77.75,77.905,830
2026-02-19T23:15:00+05:30,77.895,77.95,77.42,77.49,927
2026-02-19T23:30:00+05:30,77.51,77.82,77.45,77.695,839
2026-02-19T23:45:00+05:30,77.7,77.77,77.35,77.41,1092
2026-02-20T00:00:00+05:30,77.39,77.725,77.385,77.49,666
2026-02-20T00:15:00+05:30,77.495,77.855,77.485,77.725,797
2026-02-20T00:30:00+05:30,77.715,77.93,77.66,77.82,627
2026-02-20T00:45:00+05:30,77.82,78.03,77.785,77.905,657
2026-02-20T01:00:00+05:30,77.92,77.94,77.455,77.675,814
2026-02-20T01:15:00+05:30,77.675,77.73,77.565,77.7,374
2026-02-20T01:30:00+05:30,77.685,77.925,77.685,77.92,400
2026-02-20T01:45:00+05:30,77.925,78.135,77.835,78.1,485
2026-02-20T02:00:00+05:30,78.09,78.37,78.07,78.345,722
2026-02-20T02:15:00+05:30,78.34,78.44,78.255,78.335,632
2026-02-20T02:30:00+05:30,78.335,78.37,78.2,78.31,328
2026-02-20T02:45:00+05:30,78.31,78.41,78.09,78.105,349
2026-02-20T03:00:00+05:30,78.11,78.275,78.105,78.165,226
2026-02-20T03:15:00+05:30,78.15,78.5,78.1,78.46,298
2026-02-20T04:30:00+05:30,78.46,78.7,78.115,78.205,673
2026-02-20T04:45:00+05:30,78.18,78.5,78.1,78.28,569
2026-02-20T05:00:00+05:30,78.24,78.33,78.07,78.13,430
2026-02-20T05:15:00+05:30,78.15,78.37,77.82,77.885,720
2026-02-20T05:30:00+05:30,77.895,78.18,77.76,78.105,718
2026-02-20T05:45:00+05:30,78.095,78.175,77.795,77.97,544
2026-02-20T06:00:00+05:30,77.975,78.275,77.95,78.215,625
2026-02-20T06:15:00+05:30,78.205,78.605,78.205,78.585,653
2026-02-20T06:30:00+05:30,78.565,78.66,78.255,78.44,1327
2026-02-20T06:45:00+05:30,78.415,78.43,78.065,78.235,713
2026-02-20T07:00:00+05:30,78.245,78.31,78.005,78.155,587
2026-02-20T07:15:00+05:30,78.165,78.34,78.095,78.205,564
2026-02-20T07:30:00+05:30,78.185,78.565,78.125,78.21,770
2026-02-20T07:45:00+05:30,78.22,78.335,78.065,78.08,463
2026-02-20T08:00:00+05:30,78.09,78.31,78.09,78.245,368
2026-02-20T08:15:00+05:30,78.23,78.24,77.805,78,891
2026-02-20T08:30:00+05:30,77.985,78.43,77.98,78.285,834
2026-02-20T08:45:00+05:30,78.28,78.38,78.19,78.195,223
2026-02-20T09:00:00+05:30,78.2,78.505,77.25,77.55,1627
2026-02-20T09:15:00+05:30,77.555,77.9,77.51,77.545,859
2026-02-20T09:30:00+05:30,77.52,77.89,77.51,77.88,499
2026-02-20T09:45:00+05:30,77.89,77.9,77.735,77.88,361
2026-02-20T10:00:00+05:30,77.885,78.2,77.88,78.07,556
2026-02-20T10:15:00+05:30,78.065,78.14,78,78.07,303
2026-02-20T10:30:00+05:30,78.095,78.325,78.095,78.18,457
2026-02-20T10:45:00+05:30,78.175,78.41,78.135,78.31,383
2026-02-20T11:00:00+05:30,78.335,78.41,78.15,78.175,499
2026-02-20T11:15:00+05:30,78.18,78.54,78.16,78.515,496
2026-02-20T11:30:00+05:30,78.535,78.76,78.39,78.62,1002
2026-02-20T11:45:00+05:30,78.625,78.84,78.595,78.67,515
2026-02-20T12:00:00+05:30,78.685,78.855,78.675,78.805,379
2026-02-20T12:15:00+05:30,78.815,78.825,78.54,78.635,422
2026-02-20T12:30:00+05:30,78.66,78.95,78.52,78.87,585
2026-02-20T12:45:00+05:30,78.895,78.925,78.625,78.76,373
2026-02-20T13:00:00+05:30,78.765,78.9,78.685,78.84,335
2026-02-20T13:15:00+05:30,78.84,78.845,78.55,78.625,381
2026-02-20T13:30:00+05:30,78.63,78.875,78.6,78.825,528
2026-02-20T13:45:00+05:30,78.795,79.08,78.795,79.02,491
2026-02-20T14:00:00+05:30,79.04,79.48,78.97,79.345,990
2026-02-20T14:15:00+05:30,79.355,79.87,79.345,79.805,741
2026-02-20T14:30:00+05:30,79.82,81.08,79.735,81.045,2173
2026-02-20T14:45:00+05:30,81.06,81.105,80.55,80.58,1486
2026-02-20T15:00:00+05:30,80.605,80.7,80.43,80.5,951
2026-02-20T15:15:00+05:30,80.485,80.525,80.23,80.275,545
2026-02-20T15:30:00+05:30,80.305,80.465,80.14,80.425,634
2026-02-20T15:45:00+05:30,80.425,80.69,80.38,80.64,739
2026-02-20T16:00:00+05:30,80.63,80.79,80.54,80.58,507
2026-02-20T16:15:00+05:30,80.58,80.925,80.465,80.695,712
2026-02-20T16:30:00+05:30,80.71,80.935,80.65,80.765,403
2026-02-20T16:45:00+05:30,80.75,80.88,80.405,80.58,756
2026-02-20T17:00:00+05:30,80.575,80.575,80.125,80.175,787
2026-02-20T17:15:00+05:30,80.195,80.5,80.05,80.43,871
2026-02-20T17:30:00+05:30,80.435,80.675,80.25,80.525,900
2026-02-20T17:45:00+05:30,80.51,80.51,80.06,80.1,556
2026-02-20T18:00:00+05:30,80.11,80.425,79.935,80.375,980
2026-02-20T18:15:00+05:30,80.385,80.56,80.22,80.53,409
2026-02-20T18:30:00+05:30,80.53,80.64,80.44,80.48,550
2026-02-20T18:45:00+05:30,80.49,80.62,80.36,80.55,512
2026-02-20T19:00:00+05:30,80.54,80.665,80.105,80.505,1246
2026-02-20T19:15:00+05:30,80.53,80.89,80.49,80.76,1371
2026-02-20T19:30:00+05:30,80.74,80.95,80.56,80.71,1032
2026-02-20T19:45:00+05:30,80.75,80.785,80.61,80.685,599
2026-02-20T20:00:00+05:30,80.67,81.47,80.475,81.395,3383
2026-02-20T20:15:00+05:30,81.42,81.975,81.28,81.625,3192
2026-02-20T20:30:00+05:30,81.62,82.12,79.635,80.795,7642
2026-02-20T20:45:00+05:30,80.785,81.525,80.57,81.06,2774
2026-02-20T21:00:00+05:30,81.085,82.33,80.715,82.235,2730
2026-02-20T21:15:00+05:30,82.225,82.555,81.695,81.77,2625
2026-02-20T21:30:00+05:30,81.75,82.2,81.4,82.085,1971
2026-02-20T21:45:00+05:30,82.125,82.325,81.765,82.185,1805
2026-02-20T22:00:00+05:30,82.205,82.545,82.095,82.365,1536
2026-02-20T22:15:00+05:30,82.41,82.595,82.255,82.47,1268
2026-02-20T22:30:00+05:30,82.48,82.755,82.36,82.455,1697
2026-02-20T22:45:00+05:30,82.445,82.47,81.86,82.43,2106
2026-02-20T23:00:00+05:30,82.445,82.805,82.415,82.685,2374
2026-02-20T23:15:00+05:30,82.69,82.955,82.65,82.755,1601
2026-02-20T23:30:00+05:30,82.765,82.925,82.675,82.82,1034
2026-02-20T23:45:00+05:30,82.815,82.815,82.27,82.41,2287
2026-02-21T00:00:00+05:30,82.39,82.85,82.315,82.705,1472
2026-02-21T00:15:00+05:30,82.71,82.97,82.655,82.9,827
2026-02-21T00:30:00+05:30,82.915,83.085,82.84,82.88,732
2026-02-21T00:45:00+05:30,82.86,83.055,82.75,82.905,464
2026-02-21T01:00:00+05:30,82.93,83.265,82.915,83.23,510
2026-02-21T01:15:00+05:30,83.23,83.435,83.205,83.345,634
2026-02-21T01:30:00+05:30,83.33,83.66,83.255,83.66,742
2026-02-21T01:45:00+05:30,83.65,84.245,83.6,84.185,1301
2026-02-21T02:00:00+05:30,84.195,84.585,83.94,84.125,2191
2026-02-21T02:15:00+05:30,84.12,84.555,83.82,84.45,1477
2026-02-21T02:30:00+05:30,84.445,84.49,83.82,83.92,802
2026-02-21T02:45:00+05:30,83.92,84.365,83.82,84.345,689
2026-02-21T03:00:00+05:30,84.325,84.41,84.215,84.325,480
2026-02-21T03:15:00+05:30,84.32,84.63,84.3,84.54,795
2026-02-23T04:30:00+05:30,84.615,86.05,84.58,86.05,3374
2026-02-23T04:45:00+05:30,86.05,86.385,85.865,86.165,2400
2026-02-23T05:00:00+05:30,86.155,86.625,86.095,86.555,2019
2026-02-23T05:15:00+05:30,86.535,87.16,86.38,86.885,1752
2026-02-23T05:30:00+05:30,86.885,87.015,86.26,86.48,3358
2026-02-23T05:45:00+05:30,86.485,86.61,86.17,86.575,1843
2026-02-23T06:00:00+05:30,86.56,86.74,86.165,86.245,1538
2026-02-23T06:15:00+05:30,86.24,86.245,85.88,86.19,1615
2026-02-23T06:30:00+05:30,86.2,86.64,85.805,86.385,2257
2026-02-23T06:45:00+05:30,86.38,86.995,86.34,86.955,2095
2026-02-23T07:00:00+05:30,86.96,87.47,86.915,87.45,1950
2026-02-23T07:15:00+05:30,87.44,87.5,86.655,86.695,1813
2026-02-23T07:30:00+05:30,86.68,87.24,86.62,87.095,1504
2026-02-23T07:45:00+05:30,87.1,87.415,87.05,87.325,1293
2026-02-23T08:00:00+05:30,87.315,87.68,87.26,87.43,1374
2026-02-23T08:15:00+05:30,87.425,87.53,87.2,87.435,1015
2026-02-23T08:30:00+05:30,87.435,87.52,86.955,87.16,1246
2026-02-23T08:45:00+05:30,87.11,87.175,86.96,87.035,674
2026-02-23T09:00:00+05:30,87.055,87.41,87.045,87.095,1125
2026-02-23T09:15:00+05:30,87.11,87.32,87.01,87.05,710
2026-02-23T09:30:00+05:30,87.045,87.235,86.87,87.14,998
2026-02-23T09:45:00+05:30,87.12,87.25,87.02,87.19,585
2026-02-23T10:00:00+05:30,87.205,87.425,87.01,87.155,632
2026-02-23T10:15:00+05:30,87.16,87.2,86.885,87,495
2026-02-23T10:30:00+05:30,87,87.14,86.82,87.04,731
2026-02-23T10:45:00+05:30,87.04,87.12,86.675,86.87,782
2026-02-23T11:00:00+05:30,86.88,86.88,86.615,86.745,703
2026-02-23T11:15:00+05:30,86.725,86.885,86.675,86.845,405
2026-02-23T11:30:00+05:30,86.845,86.955,86.79,86.89,526
2026-02-23T11:45:00+05:30,86.895,86.97,86.575,86.645,506
2026-02-23T12:00:00+05:30,86.66,86.76,86.34,86.415,1229
2026-02-23T12:15:00+05:30,86.425,86.515,86.155,86.275,1098
2026-02-23T12:30:00+05:30,86.26,86.53,86.21,86.33,1127
2026-02-23T12:45:00+05:30,86.34,86.36,85.235,85.535,1913
2026-02-23T13:00:00+05:30,85.56,85.585,85.02,85.525,1870
2026-02-23T13:15:00+05:30,85.505,85.84,85.5,85.655,1108
2026-02-23T13:30:00+05:30,85.66,85.805,85.495,85.77,1012
2026-02-23T13:45:00+05:30,85.78,86.035,85.765,85.855,1153
2026-02-23T14:00:00+05:30,85.855,86.19,85.685,85.925,1270
2026-02-23T14:15:00+05:30,85.91,86.275,85.91,86.185,811
2026-02-23T14:30:00+05:30,86.17,86.43,86.085,86.415,855
2026-02-23T14:45:00+05:30,86.41,86.545,86.3,86.51,678
2026-02-23T15:00:00+05:30,86.525,86.68,86.35,86.47,912
2026-02-23T15:15:00+05:30,86.475,86.62,86.39,86.53,499
2026-02-23T15:30:00+05:30,86.54,86.67,86.46,86.56,561
2026-02-23T15:45:00+05:30,86.565,86.75,86.505,86.71,664
2026-02-23T16:00:00+05:30,86.695,86.865,86.545,86.7,665
2026-02-23T16:15:00+05:30,86.715,86.905,86.665,86.78,557
2026-02-23T16:30:00+05:30,86.805,86.83,86.41,86.435,616
2026-02-23T16:45:00+05:30,86.435,86.45,86.17,86.215,984
2026-02-23T17:00:00+05:30,86.195,86.54,86.06,86.365,898
2026-02-23T17:15:00+05:30,86.37,86.505,86.185,86.335,504
2026-02-23T17:30:00+05:30,86.335,86.75,86.165,86.455,1402
2026-02-23T17:45:00+05:30,86.45,86.475,86.215,86.44,624
2026-02-23T18:00:00+05:30,86.44,86.85,86.4,86.81,707
2026-02-23T18:15:00+05:30,86.815,86.97,86.67,86.91,848
2026-02-23T18:30:00+05:30,86.905,86.95,86.68,86.74,868
2026-02-23T18:45:00+05:30,86.75,86.765,86.285,86.3,1421
2026-02-23T19:00:00+05:30,86.275,86.31,85.94,86.145,1689
2026-02-23T19:15:00+05:30,86.145,86.315,85.46,85.505,2252
2026-02-23T19:30:00+05:30,85.52,86.325,85.435,86.185,2478
2026-02-23T19:45:00+05:30,86.185,86.47,86.145,86.275,1464
2026-02-23T20:00:00+05:30,86.295,87.745,86.265,87.715,5003
2026-02-23T20:15:00+05:30,87.72,87.86,86.93,87.095,4229
2026-02-23T20:30:00+05:30,87.09,87.38,86.505,87.165,3907
2026-02-23T20:45:00+05:30,87.17,87.215,86.595,87.085,3081
2026-02-23T21:00:00+05:30,87.09,87.265,86.79,87.01,2246
2026-02-23T21:15:00+05:30,86.99,87.13,86.1,86.43,3546
2026-02-23T21:30:00+05:30,86.44,86.97,85.71,86.865,4224
2026-02-23T21:45:00+05:30,86.85,87.25,86.7,87.03,2254
2026-02-23T22:00:00+05:30,87.06,87.215,86.895,87,1536
2026-02-23T22:15:00+05:30,87,87.08,86.435,86.48,1767
2026-02-23T22:30:00+05:30,86.495,86.695,86.155,86.445,2460
2026-02-23T22:45:00+05:30,86.41,86.825,86.31,86.695,1566
2026-02-23T23:00:00+05:30,86.7,86.785,86.08,86.44,1796
2026-02-23T23:15:00+05:30,86.415,86.7,86.1,86.685,1693
2026-02-23T23:30:00+05:30,86.7,86.9,86.605,86.8,1183
2026-02-23T23:45:00+05:30,86.785,86.845,86.46,86.82,1969
2026-02-24T00:00:00+05:30,86.82,87.42,86.8,87.34,1616
2026-02-24T00:15:00+05:30,87.35,87.545,87.29,87.445,841
2026-02-24T00:30:00+05:30,87.44,87.56,87.255,87.5,755
2026-02-24T00:45:00+05:30,87.5,87.65,87.32,87.415,958
2026-02-24T01:00:00+05:30,87.43,87.67,87.42,87.58,691
2026-02-24T01:15:00+05:30,87.585,87.605,87.385,87.51,582
2026-02-24T01:30:00+05:30,87.5,87.89,87.475,87.685,921
2026-02-24T01:45:00+05:30,87.68,88.19,87.67,88.16,1305
2026-02-24T02:00:00+05:30,88.13,88.675,88.125,88.49,2055
2026-02-24T02:15:00+05:30,88.48,88.86,88.34,88.69,1805
2026-02-24T02:30:00+05:30,88.685,88.715,88.31,88.38,1021
2026-02-24T02:45:00+05:30,88.375,88.44,88.32,88.33,444
2026-02-24T03:00:00+05:30,88.32,88.405,87.775,87.9,915
2026-02-24T03:15:00+05:30,87.88,88.04,87.84,88.01,691
2026-02-24T04:30:00+05:30,88.035,88.7,87.95,88.515,1440
2026-02-24T04:45:00+05:30,88.53,88.66,88.09,88.33,1223
2026-02-24T05:00:00+05:30,88.37,88.62,88.12,88.315,1154
2026-02-24T05:15:00+05:30,88.32,88.32,87.855,87.935,892
2026-02-24T05:30:00+05:30,87.945,88.095,87.55,87.665,2052
2026-02-24T05:45:00+05:30,87.685,87.89,87.52,87.57,942
2026-02-24T06:00:00+05:30,87.615,87.69,87.245,87.675,1250
2026-02-24T06:15:00+05:30,87.645,87.775,87.1,87.49,2212
2026-02-24T06:30:00+05:30,87.46,87.46,86.515,86.645,5449
2026-02-24T06:45:00+05:30,86.65,86.76,84.695,86.01,5625
2026-02-24T07:00:00+05:30,86,86.62,85.825,86.425,2925
2026-02-24T07:15:00+05:30,86.45,86.565,85.695,86.345,2167
2026-02-24T07:30:00+05:30,86.345,86.88,86.29,86.75,1995
2026-02-24T07:45:00+05:30,86.75,86.75,86.16,86.425,1214
2026-02-24T08:00:00+05:30,86.405,87.01,86.38,86.865,1581
2026-02-24T08:15:00+05:30,86.87,87.39,86.87,87.32,1443
2026-02-24T08:30:00+05:30,87.295,87.315,86.86,87.175,954
2026-02-24T08:45:00+05:30,87.175,87.48,87.02,87.12,1016
2026-02-24T09:00:00+05:30,87.16,87.275,86.86,86.975,1034
2026-02-24T09:15:00+05:30,86.965,87.1,86.745,86.8,673
2026-02-24T09:30:00+05:30,86.795,86.875,86.53,86.565,963
2026-02-24T09:45:00+05:30,86.575,86.885,86.55,86.8,609
2026-02-24T10:00:00+05:30,86.81,86.95,86.58,86.615,470
2026-02-24T10:15:00+05:30,86.59,86.8,86.565,86.68,387
2026-02-24T10:30:00+05:30,86.655,87.175,86.55,87.135,749
2026-02-24T10:45:00+05:30,87.125,87.34,86.945,86.96,863
2026-02-24T11:00:00+05:30,86.99,87.695,86.88,87.685,1898
2026-02-24T11:15:00+05:30,87.675,88.08,87.53,87.955,1585
2026-02-24T11:30:00+05:30,87.96,88.725,87.86,88.665,1927
2026-02-24T11:45:00+05:30,88.675,88.735,87.635,87.73,2059
2026-02-24T12:00:00+05:30,87.695,88.19,87.65,88.005,1904
2026-02-24T12:15:00+05:30,88.01,88.22,87.815,87.925,836
2026-02-24T12:30:00+05:30,87.905,88.1,87.675,88.07,1031
2026-02-24T12:45:00+05:30,88.07,88.215,87.745,87.935,834
2026-02-24T13:00:00+05:30,87.95,88.205,87.825,88.09,632
2026-02-24T13:15:00+05:30,88.085,88.085,87.69,87.73,448
2026-02-24T13:30:00+05:30,87.69,88.09,87.455,88.015,1272
2026-02-24T13:45:00+05:30,88,88.06,87.49,87.755,873
2026-02-24T14:00:00+05:30,87.755,88.13,87.755,87.895,821
2026-02-24T14:15:00+05:30,87.885,88.055,87.73,87.97,443
2026-02-24T14:30:00+05:30,87.95,88.195,87.76,87.83,824
2026-02-24T14:45:00+05:30,87.85,88.05,87.795,87.865,544
2026-02-24T15:00:00+05:30,87.86,88.015,87.7,87.89,565
2026-02-24T15:15:00+05:30,87.885,87.97,87.735,87.905,382
2026-02-24T15:30:00+05:30,87.895,88.355,87.895,88.335,918
2026-02-24T15:45:00+05:30,88.34,88.47,88.18,88.255,775
2026-02-24T16:00:00+05:30,88.26,88.335,87.675,87.73,1236
2026-02-24T16:15:00+05:30,87.74,87.99,87.74,87.925,554
2026-02-24T16:30:00+05:30,87.935,88.005,87.825,87.93,361
2026-02-24T16:45:00+05:30,87.93,87.96,87.645,87.875,486
2026-02-24T17:00:00+05:30,87.87,88.055,87.745,87.995,469
2026-02-24T17:15:00+05:30,87.995,88.175,87.645,87.955,1049
2026-02-24T17:30:00+05:30,87.93,88.06,87.685,87.78,1141
2026-02-24T17:45:00+05:30,87.805,87.81,87.125,87.515,1977
2026-02-24T18:00:00+05:30,87.52,87.715,87.4,87.56,998
2026-02-24T18:15:00+05:30,87.535,87.68,87.285,87.58,1010
2026-02-24T18:30:00+05:30,87.595,88.12,87.595,88.05,2009
2026-02-24T18:45:00+05:30,88.025,88.085,87.765,87.795,1171
2026-02-24T19:00:00+05:30,87.83,87.93,87.105,87.52,2111
2026-02-24T19:15:00+05:30,87.505,87.54,85.85,86.035,4073
2026-02-24T19:30:00+05:30,86.01,86.135,85.205,85.59,5568
2026-02-24T19:45:00+05:30,85.555,86.365,85.495,86.185,3162
2026-02-24T20:00:00+05:30,86.185,87.115,85.9,87.045,4477
2026-02-24T20:15:00+05:30,87.04,87.38,86.805,87.03,2897
2026-02-24T20:30:00+05:30,86.965,87.49,86.78,87.42,2273
2026-02-24T20:45:00+05:30,87.395,87.86,87.315,87.545,2477
2026-02-24T21:00:00+05:30,87.55,87.86,87.425,87.825,2154
2026-02-24T21:15:00+05:30,87.82,87.95,87.645,87.705,1439
2026-02-24T21:30:00+05:30,87.71,88.07,87.61,88.035,1819
2026-02-24T21:45:00+05:30,88.015,88.12,87.575,87.685,1842
2026-02-24T22:00:00+05:30,87.705,87.89,87.165,87.745,2246
2026-02-24T22:15:00+05:30,87.745,87.765,86.895,87.27,2210
2026-02-24T22:30:00+05:30,87.28,87.8,87.27,87.755,1491
2026-02-24T22:45:00+05:30,87.75,87.98,87.725,87.87,1383
2026-02-24T23:00:00+05:30,87.895,88,87.765,87.92,952
2026-02-24T23:15:00+05:30,87.93,87.97,87.835,87.95,524
2026-02-24T23:30:00+05:30,87.96,88.225,87.85,88.12,840
2026-02-24T23:45:00+05:30,88.12,88.14,87.44,87.645,2476
2026-02-25T00:00:00+05:30,87.645,87.71,87.01,87.405,1798
2026-02-25T00:15:00+05:30,87.435,87.505,87.19,87.22,947
2026-02-25T00:30:00+05:30,87.19,87.24,86.5,86.83,1775
2026-02-25T00:45:00+05:30,86.86,87.055,86.535,87.04,1009
2026-02-25T01:00:00+05:30,87.035,87.3,86.8,87.075,932
2026-02-25T01:15:00+05:30,87.06,87.155,86.91,86.935,583
2026-02-25T01:30:00+05:30,86.92,87.115,86.6,86.79,743
2026-02-25T01:45:00+05:30,86.775,87.4,86.68,87.3,905
2026-02-25T02:00:00+05:30,87.31,87.665,87.195,87.625,837
2026-02-25T02:15:00+05:30,87.605,87.625,87.085,87.275,1148
2026-02-25T02:30:00+05:30,87.255,87.31,87.1,87.295,392
2026-02-25T02:45:00+05:30,87.31,87.325,87.05,87.08,243
2026-02-25T03:00:00+05:30,87.08,87.26,86.945,87.19,414
2026-02-25T03:15:00+05:30,87.19,87.385,87.015,87.015,390
2026-02-25T04:30:00+05:30,87.005,87.36,86.53,86.925,476
2026-02-25T04:45:00+05:30,86.9,86.91,86.63,86.65,194
2026-02-25T05:00:00+05:30,86.655,87.35,86.41,87.3,350
2026-02-25T05:15:00+05:30,87.3,87.44,87.18,87.195,182
2026-02-25T05:30:00+05:30,87.23,87.28,86.725,86.93,269
2026-02-25T05:45:00+05:30,86.87,87.165,86.855,86.905,194
2026-02-25T06:00:00+05:30,86.93,87.27,86.82,87.095,263
2026-02-25T06:15:00+05:30,87.095,87.435,87,87.35,115
2026-02-25T06:30:00+05:30,87.395,88.12,87.305,87.965,620
2026-02-25T06:45:00+05:30,87.985,88.565,87.92,88.53,573
2026-02-25T07:00:00+05:30,88.525,88.725,88.2,88.27,404
2026-02-25T07:15:00+05:30,88.28,88.5,88.275,88.3,159
2026-02-25T07:30:00+05:30,88.325,88.745,88.315,88.725,194
2026-02-25T07:45:00+05:30,88.75,89.16,88.745,89.145,480
2026-02-25T08:00:00+05:30,89.15,89.64,89.03,89.62,577
2026-02-25T08:15:00+05:30,89.645,89.72,89.085,89.425,508
2026-02-25T08:30:00+05:30,89.465,89.84,89.405,89.795,370
2026-02-25T08:45:00+05:30,89.815,89.815,89.295,89.525,276
2026-02-25T09:00:00+05:30,89.525,89.605,88.805,89.205,436
2026-02-25T09:15:00+05:30,89.185,89.625,89.135,89.515,320
2026-02-25T09:30:00+05:30,89.53,89.53,89.12,89.44,207
2026-02-25T09:45:00+05:30,89.415,89.555,89.285,89.46,101
2026-02-25T10:00:00+05:30,89.51,89.545,89.34,89.45,57
2026-02-25T10:15:00+05:30,89.495,89.57,89.29,89.47,55
2026-02-25T10:30:00+05:30,89.435,89.75,89.435,89.57,200
2026-02-25T10:45:00+05:30,89.575,89.765,89.555,89.765,83
2026-02-25T11:00:00+05:30,89.765,90.935,89.72,90.82,549
2026-02-25T11:15:00+05:30,90.815,91.17,90.7,90.7,408
2026-02-25T11:30:00+05:30,90.73,90.73,90.01,90.41,474
2026-02-25T11:45:00+05:30,90.445,90.77,90.135,90.135,215
2026-02-25T12:00:00+05:30,90.18,90.565,90.155,90.45,167
2026-02-25T12:15:00+05:30,90.325,90.63,90.065,90.5,124
2026-02-25T12:30:00+05:30,90.53,90.61,90.305,90.42,84
2026-02-25T12:45:00+05:30,90.5,90.55,90.265,90.52,87
2026-02-25T13:00:00+05:30,90.495,90.585,90.215,90.3,84
2026-02-25T13:15:00+05:30,90.315,90.4,90.185,90.255,100
2026-02-25T13:30:00+05:30,90.255,90.535,90.24,90.5,177
2026-02-25T13:45:00+05:30,90.495,90.89,90.495,90.82,187
2026-02-25T14:00:00+05:30,90.8,90.98,90.68,90.935,113
2026-02-25T14:15:00+05:30,90.945,90.98,90.835,90.835,75
2026-02-25T14:30:00+05:30,90.795,90.795,90.325,90.595,157
2026-02-25T14:45:00+05:30,90.57,90.88,90.515,90.795,85
2026-02-25T15:00:00+05:30,90.85,90.93,90.615,90.615,98
2026-02-25T15:15:00+05:30,90.655,90.785,90.535,90.645,54
2026-02-25T15:30:00+05:30,90.7,90.825,90.65,90.77,49
2026-02-25T15:45:00+05:30,90.715,90.72,90.25,90.495,89
2026-02-25T16:00:00+05:30,90.5,90.66,90.5,90.555,40
2026-02-25T16:15:00+05:30,90.47,90.52,90.33,90.465,96
2026-02-25T16:30:00+05:30,90.41,90.465,89.7,89.76,200
2026-02-25T16:45:00+05:30,89.58,90.1,89.42,90.03,226
2026-02-25T17:00:00+05:30,90.06,90.24,90.01,90.175,108
2026-02-25T17:15:00+05:30,90.2,90.37,89.895,90.355,199
2026-02-25T17:30:00+05:30,90.365,90.625,90.305,90.32,142
2026-02-25T17:45:00+05:30,90.3,90.42,90.205,90.22,97
2026-02-25T18:00:00+05:30,90.235,90.45,90.045,90.375,104
2026-02-25T18:15:00+05:30,90.38,90.585,90.25,90.51,83
2026-02-25T18:30:00+05:30,90.53,90.945,90.455,90.71,201
2026-02-25T18:45:00+05:30,90.685,90.945,90.64,90.705,98
2026-02-25T19:00:00+05:30,90.685,90.845,90.335,90.36,135
2026-02-25T19:15:00+05:30,90.34,90.585,90.155,90.47,183
2026-02-25T19:30:00+05:30,90.48,90.78,90.2,90.67,218
2026-02-25T19:45:00+05:30,90.685,90.8,90.31,90.31,126
2026-02-25T20:00:00+05:30,90.3,90.705,89.28,90.115,1135
2026-02-25T20:15:00+05:30,90.115,90.66,89.87,90.54,556
2026-02-25T20:30:00+05:30,90.51,90.725,90.01,90.225,244
2026-02-25T20:45:00+05:30,90.275,90.45,89.755,90.05,237
2026-02-25T21:00:00+05:30,89.985,90.375,89.765,90.195,221
2026-02-25T21:15:00+05:30,90.15,90.61,90.07,90.57,181
2026-02-25T21:30:00+05:30,90.605,90.605,90.27,90.395,161
2026-02-25T21:45:00+05:30,90.41,90.78,90.3,90.6,156
2026-02-25T22:00:00+05:30,90.535,90.77,90.415,90.67,128
2026-02-25T22:15:00+05:30,90.69,90.96,90.69,90.785,177
2026-02-25T22:30:00+05:30,90.78,90.885,90.62,90.76,107
2026-02-25T22:45:00+05:30,90.77,90.87,90.525,90.78,133
2026-02-25T23:00:00+05:30,90.7,90.85,90.625,90.725,117
2026-02-25T23:15:00+05:30,90.735,91.09,90.65,91.015,153
2026-02-26T01:15:00+05:30,90.96,91.33,90.72,91.12,212
2026-02-26T01:30:00+05:30,91.17,91.22,90.8,91,116
2026-02-26T01:45:00+05:30,90.905,90.955,89.79,89.825,217
2026-02-26T02:00:00+05:30,89.61,89.98,89.4,89.63,169
2026-02-26T02:15:00+05:30,89.59,89.59,88.245,88.375,285
2026-02-26T02:30:00+05:30,88.385,89.16,88.33,88.86,187
2026-02-26T02:45:00+05:30,88.865,89.285,88.78,89.2,73
2026-02-26T03:00:00+05:30,89.165,89.615,89.1,89.59,71
2026-02-26T03:15:00+05:30,89.65,89.65,89.135,89.23,101
2026-02-26T04:30:00+05:30,89.995,90.285,89.565,89.685,1149
2026-02-26T04:45:00+05:30,89.665,90.04,89.51,89.79,983
2026-02-26T05:00:00+05:30,89.765,89.805,89.36,89.645,1222
2026-02-26T05:15:00+05:30,89.635,89.825,87.77,88.19,3321
2026-02-26T05:30:00+05:30,88.185,88.975,88.075,88.755,2790
2026-02-26T05:45:00+05:30,88.805,89.565,88.695,89.525,1971
2026-02-26T06:00:00+05:30,89.535,89.9,89.365,89.665,1804
2026-02-26T06:15:00+05:30,89.645,90.19,89.58,89.955,1628
2026-02-26T06:30:00+05:30,89.955,90.985,89.865,90.51,3347
2026-02-26T06:45:00+05:30,90.505,90.82,90.215,90.35,1186
2026-02-26T07:00:00+05:30,90.28,90.67,90.155,90.46,1048
2026-02-26T07:15:00+05:30,90.43,90.56,89.735,90.19,1189
2026-02-26T07:30:00+05:30,90.195,90.42,89.725,89.77,1198
2026-02-26T07:45:00+05:30,89.795,90.08,89.435,89.48,1038
2026-02-26T08:00:00+05:30,89.465,89.57,88.425,88.725,3161
2026-02-26T08:15:00+05:30,88.725,89.55,88.715,89.385,1433
2026-02-26T08:30:00+05:30,89.395,89.695,89.285,89.645,1035
2026-02-26T08:45:00+05:30,89.635,89.765,89.21,89.5,1026
2026-02-26T09:00:00+05:30,89.52,89.82,89.52,89.675,641
2026-02-26T09:15:00+05:30,89.63,89.9,89.435,89.855,524
2026-02-26T09:30:00+05:30,89.87,90.3,89.87,90.1,783
2026-02-26T09:45:00+05:30,90.105,90.185,89.89,90.075,592
2026-02-26T10:00:00+05:30,90.06,90.09,89.795,89.88,332
2026-02-26T10:15:00+05:30,89.875,89.975,89.67,89.865,491
2026-02-26T10:30:00+05:30,89.87,90.48,89.75,90.415,974
2026-02-26T10:45:00+05:30,90.42,90.535,90.225,90.32,788
2026-02-26T11:00:00+05:30,90.315,90.475,89.97,90.115,1103
2026-02-26T11:15:00+05:30,90.125,90.255,89.7,89.96,901
2026-02-26T11:30:00+05:30,89.975,90.21,89.855,90.15,562
2026-02-26T11:45:00+05:30,90.15,90.155,89.615,89.695,804
2026-02-26T12:00:00+05:30,89.71,90.035,89.71,89.96,940
2026-02-26T12:15:00+05:30,89.97,89.975,89.21,89.655,1196
2026-02-26T12:30:00+05:30,89.68,89.83,88.73,89.105,1733
2026-02-26T12:45:00+05:30,89.105,89.37,88.755,88.885,1329
2026-02-26T13:00:00+05:30,88.885,89.21,88.665,88.9,1084
2026-02-26T13:15:00+05:30,88.905,89.05,88.595,88.975,1031
2026-02-26T13:30:00+05:30,88.96,89.065,88.35,88.52,1795
2026-02-26T13:45:00+05:30,88.51,88.71,87.315,87.455,2461
2026-02-26T14:00:00+05:30,87.46,87.65,86.75,87.45,3680
2026-02-26T14:15:00+05:30,87.44,87.955,87.075,87.92,1682
2026-02-26T14:30:00+05:30,87.91,88.175,87.65,88.165,1126
2026-02-26T14:45:00+05:30,88.185,88.27,87.76,87.925,889
2026-02-26T15:00:00+05:30,87.91,88.1,87.855,87.88,504
2026-02-26T15:15:00+05:30,87.89,88.235,87.865,87.995,665
2026-02-26T15:30:00+05:30,88.01,88.18,87.86,87.92,456
2026-02-26T15:45:00+05:30,87.94,87.985,87.52,87.52,997
2026-02-26T16:00:00+05:30,87.52,87.91,87.48,87.535,900
2026-02-26T16:15:00+05:30,87.5,87.68,87.135,87.295,992
2026-02-26T16:30:00+05:30,87.275,87.98,87.26,87.865,1050
2026-02-26T16:45:00+05:30,87.84,88.09,87.695,87.975,650
2026-02-26T17:00:00+05:30,87.975,88.135,87.885,87.96,535
2026-02-26T17:15:00+05:30,87.95,87.985,87.405,87.57,783
2026-02-26T17:30:00+05:30,87.625,87.815,86.32,86.865,3389
2026-02-26T17:45:00+05:30,86.83,87.28,86.58,87.245,1369
2026-02-26T18:00:00+05:30,87.265,87.6,87.24,87.51,1250
2026-02-26T18:15:00+05:30,87.5,87.7,87.21,87.665,1259
2026-02-26T18:30:00+05:30,87.665,87.925,86.91,87.095,3609
2026-02-26T18:45:00+05:30,87.07,87.815,87.07,87.63,1711
2026-02-26T19:00:00+05:30,87.63,87.885,87.4,87.52,1585
2026-02-26T19:15:00+05:30,87.525,88,87.495,87.635,1191
2026-02-26T19:30:00+05:30,87.625,87.63,87.025,87.39,1829
2026-02-26T19:45:00+05:30,87.385,87.545,87.19,87.375,1045
2026-02-26T20:00:00+05:30,87.39,87.48,86.07,87.33,5234
2026-02-26T20:15:00+05:30,87.325,87.44,86.81,87.125,2923
2026-02-26T20:30:00+05:30,87.09,87.525,86.8,87.01,2900
2026-02-26T20:45:00+05:30,87.015,87.1,85.615,86.16,5448
2026-02-26T21:00:00+05:30,86.145,87.095,86.12,87.065,3125
2026-02-26T21:15:00+05:30,87.065,88.11,87.055,87.955,3378
2026-02-26T21:30:00+05:30,87.97,88.03,87.375,87.46,2239
2026-02-26T21:45:00+05:30,87.475,87.86,87.32,87.79,1644
2026-02-26T22:00:00+05:30,87.785,87.8,87.445,87.485,1128
2026-02-26T22:15:00+05:30,87.465,87.575,87.075,87.22,1597
2026-02-26T22:30:00+05:30,87.225,87.84,87.16,87.38,1302
2026-02-26T22:45:00+05:30,87.395,87.455,87.085,87.11,1101
2026-02-26T23:00:00+05:30,87.13,87.57,87.11,87.27,1254
2026-02-26T23:15:00+05:30,87.28,87.305,86.79,87.14,1564
2026-02-26T23:30:00+05:30,87.2,87.295,86.835,87.185,1376
2026-02-26T23:45:00+05:30,87.2,87.655,87.095,87.48,1778
2026-02-27T00:00:00+05:30,87.475,88.03,87.24,87.96,1921
2026-02-27T00:15:00+05:30,88,88.095,87.84,87.945,959
2026-02-27T00:30:00+05:30,87.935,88.39,87.87,88.3,1285
2026-02-27T00:45:00+05:30,88.32,88.545,88.25,88.465,751
2026-02-27T01:00:00+05:30,88.47,88.64,88.375,88.575,870
2026-02-27T01:15:00+05:30,88.585,88.955,88.585,88.83,986
2026-02-27T01:30:00+05:30,88.82,89.355,88.79,89.325,1279
2026-02-27T01:45:00+05:30,89.315,89.505,89.17,89.235,1338
2026-02-27T02:00:00+05:30,89.26,89.425,89.03,89.385,1328
2026-02-27T02:15:00+05:30,89.395,89.445,89.11,89.405,932
2026-02-27T02:30:00+05:30,89.39,89.525,89.39,89.44,504
2026-02-27T02:45:00+05:30,89.44,89.455,89.125,89.155,446
2026-02-27T03:00:00+05:30,89.145,89.145,88.935,89.1,528
2026-02-27T03:15:00+05:30,89.09,89.09,88.78,88.845,388
2026-02-27T04:30:00+05:30,88.845,89.2,88.42,88.575,723
2026-02-27T04:45:00+05:30,88.56,88.715,88.5,88.625,346
2026-02-27T05:00:00+05:30,88.63,88.82,88.5,88.695,473
2026-02-27T05:15:00+05:30,88.695,88.8,88.56,88.75,413
2026-02-27T05:30:00+05:30,88.745,89.18,88.61,89.125,1092
2026-02-27T05:45:00+05:30,89.1,89.465,89.1,89.16,1124
2026-02-27T06:00:00+05:30,89.175,89.3,88.69,88.835,1150
2026-02-27T06:15:00+05:30,88.84,89.275,88.66,88.955,1749
2026-02-27T06:30:00+05:30,88.96,89.18,88.32,88.62,2519
2026-02-27T06:45:00+05:30,88.635,89.04,88.585,88.675,1065
2026-02-27T07:00:00+05:30,88.675,89.41,88.5,89.305,1352
2026-02-27T07:15:00+05:30,89.33,90.05,89.24,90.015,1749
2026-02-27T07:30:00+05:30,90.02,90.63,89.97,90.56,2309
2026-02-27T07:45:00+05:30,90.565,90.575,90.2,90.255,1179
2026-02-27T08:00:00+05:30,90.265,90.425,89.82,90.155,2024
2026-02-27T08:15:00+05:30,90.17,90.425,89.865,90.405,1084
2026-02-27T08:30:00+05:30,90.405,90.48,90.29,90.335,810
2026-02-27T08:45:00+05:30,90.365,90.525,90.035,90.13,1180
2026-02-27T09:00:00+05:30,90.14,90.455,90.055,90.355,668
2026-02-27T09:15:00+05:30,90.355,90.445,89.895,89.915,818
2026-02-27T09:30:00+05:30,89.92,90.25,89.88,90.23,516
2026-02-27T09:45:00+05:30,90.24,90.3,90,90.29,412
2026-02-27T10:00:00+05:30,90.275,90.4,90.215,90.285,269
2026-02-27T10:15:00+05:30,90.275,90.285,90.03,90.085,358
2026-02-27T10:30:00+05:30,90.09,90.29,90.05,90.28,520
2026-02-27T10:45:00+05:30,90.28,90.55,90.235,90.435,595
2026-02-27T11:00:00+05:30,90.43,90.6,90.3,90.365,988
2026-02-27T11:15:00+05:30,90.38,90.73,90.31,90.655,774
2026-02-27T11:30:00+05:30,90.635,91.17,90.59,91.045,1449
2026-02-27T11:45:00+05:30,91.045,91.17,90.795,90.895,1102
2026-02-27T12:00:00+05:30,90.915,91.04,90.57,90.77,1171
2026-02-27T12:15:00+05:30,90.8,91.015,90.705,90.755,840
2026-02-27T12:30:00+05:30,90.775,90.9,90.675,90.8,666
2026-02-27T12:45:00+05:30,90.82,90.87,90.445,90.515,994
2026-02-27T13:00:00+05:30,90.525,90.645,90.385,90.515,685
2026-02-27T13:15:00+05:30,90.535,90.815,90.47,90.74,826
2026-02-27T13:30:00+05:30,90.735,90.93,90.5,90.525,665
2026-02-27T13:45:00+05:30,90.52,90.59,90.135,90.16,1031
2026-02-27T14:00:00+05:30,90.145,90.525,90.085,90.43,790
2026-02-27T14:15:00+05:30,90.415,90.48,90.11,90.145,479
2026-02-27T14:30:00+05:30,90.155,90.375,90.03,90.27,646
2026-02-27T14:45:00+05:30,90.285,90.545,90.24,90.325,797
2026-02-27T15:00:00+05:30,90.305,90.575,90.245,90.57,447
2026-02-27T15:15:00+05:30,90.57,90.64,90.225,90.25,651
2026-02-27T15:30:00+05:30,90.265,90.33,89.635,89.95,1041
2026-02-27T15:45:00+05:30,89.94,90.365,89.89,90.225,830
2026-02-27T16:00:00+05:30,90.2,90.305,89.955,90.095,506
2026-02-27T16:15:00+05:30,90.08,90.31,89.975,90.275,343
2026-02-27T16:30:00+05:30,90.285,90.55,90.255,90.385,633
2026-02-27T16:45:00+05:30,90.375,90.375,90.195,90.3,417
2026-02-27T17:00:00+05:30,90.33,90.5,90.195,90.235,374
2026-02-27T17:15:00+05:30,90.225,90.64,90.225,90.575,588
2026-02-27T17:30:00+05:30,90.575,90.71,90.095,90.195,1386
2026-02-27T17:45:00+05:30,90.22,90.5,90.2,90.32,533
2026-02-27T18:00:00+05:30,90.33,90.425,90.145,90.17,447
2026-02-27T18:15:00+05:30,90.15,90.405,90.01,90.355,991
2026-02-27T18:30:00+05:30,90.365,91.21,90.27,91.105,4035
2026-02-27T18:45:00+05:30,91.1,93.335,91.07,93.05,6923
2026-02-27T19:00:00+05:30,93.04,93.09,92.015,92.475,4133
2026-02-27T19:15:00+05:30,92.495,92.83,92.22,92.755,2567
2026-02-27T19:30:00+05:30,92.735,92.93,92.42,92.64,2015
2026-02-27T19:45:00+05:30,92.625,92.92,92.18,92.5,2348
2026-02-27T20:00:00+05:30,92.505,92.505,91.48,91.95,4919
2026-02-27T20:15:00+05:30,91.94,92.61,91.54,92.24,2892
2026-02-27T20:30:00+05:30,92.205,93.12,92.125,92.955,3206
2026-02-27T20:45:00+05:30,92.96,93.125,92.51,92.79,3133
2026-02-27T21:00:00+05:30,92.79,93.675,92.79,93.53,3502
2026-02-27T21:15:00+05:30,93.545,94.455,93.52,94.185,4461
2026-02-27T21:30:00+05:30,94.18,94.575,93.84,94.415,3200
2026-02-27T21:45:00+05:30,94.405,94.755,93.805,94.13,3868
2026-02-27T22:00:00+05:30,94.11,94.375,93.675,94.12,2964
2026-02-27T22:15:00+05:30,94.105,94.395,93.8,93.82,1892
2026-02-27T22:30:00+05:30,93.835,94.265,93.565,94.11,2559
2026-02-27T22:45:00+05:30,94.1,94.19,93.68,94.09,1822
2026-02-27T23:00:00+05:30,94.085,94.415,93.78,94.415,2133
2026-02-27T23:15:00+05:30,94.4,94.52,94.11,94.26,1695
2026-02-27T23:30:00+05:30,94.26,94.46,94.125,94.19,1647
2026-02-27T23:45:00+05:30,94.185,94.23,92.925,93.455,4527
2026-02-28T00:00:00+05:30,93.45,93.65,93.135,93.61,1806
2026-02-28T00:15:00+05:30,93.6,93.79,93.425,93.765,1042
2026-02-28T00:30:00+05:30,93.78,94.11,93.69,93.885,1624
2026-02-28T00:45:00+05:30,93.895,93.955,93.58,93.7,910
2026-02-28T01:00:00+05:30,93.71,93.91,93.47,93.57,716
2026-02-28T01:15:00+05:30,93.58,93.855,93.42,93.785,853
2026-02-28T01:30:00+05:30,93.77,93.9,93.65,93.88,725
2026-02-28T01:45:00+05:30,93.88,94.3,93.88,94.065,1447
2026-02-28T02:00:00+05:30,94.055,94.32,93.915,94.19,910
2026-02-28T02:15:00+05:30,94.21,94.48,94.165,94.4,1417
2026-02-28T02:30:00+05:30,94.41,94.415,94.225,94.25,574
2026-02-28T02:45:00+05:30,94.26,94.45,94.2,94.395,491
2026-02-28T03:00:00+05:30,94.385,94.505,94.3,94.395,541
2026-02-28T03:15:00+05:30,94.385,94.435,94.255,94.41,792
2026-03-02T04:30:00+05:30,95.935,97.5,94.46,95.445,5475
2026-03-02T04:45:00+05:30,95.455,96.085,95.325,95.83,2003
2026-03-02T05:00:00+05:30,95.825,96.82,95.59,96.515,2341
2026-03-02T05:15:00+05:30,96.535,96.59,96.01,96.175,2100
2026-03-02T05:30:00+05:30,96.19,96.215,95.31,95.96,1983
2026-03-02T05:45:00+05:30,95.89,95.915,94.875,95.265,2073
2026-03-02T06:00:00+05:30,95.22,95.695,95.05,95.265,1106
2026-03-02T06:15:00+05:30,95.28,95.46,94.515,94.6,1966
2026-03-02T06:30:00+05:30,94.605,95.115,93.3,94.775,5742
2026-03-02T06:45:00+05:30,94.78,94.95,92.735,93,4042
2026-03-02T07:00:00+05:30,93.035,93.95,92.44,93.625,2964
2026-03-02T07:15:00+05:30,93.62,93.815,92.3,92.615,3018
2026-03-02T07:30:00+05:30,92.6,93.44,92.595,93.43,2342
2026-03-02T07:45:00+05:30,93.42,94.2,93.37,93.825,2063
2026-03-02T08:00:00+05:30,93.82,94.5,93.47,94.445,2167
2026-03-02T08:15:00+05:30,94.46,94.48,94.05,94.375,1100
2026-03-02T08:30:00+05:30,94.37,94.77,94.3,94.67,1402
2026-03-02T08:45:00+05:30,94.665,94.745,94.14,94.455,1228
2026-03-02T09:00:00+05:30,94.45,94.96,94.43,94.655,1126
2026-03-02T09:15:00+05:30,94.66,94.99,94.61,94.71,725
2026-03-02T09:30:00+05:30,94.72,94.825,94.315,94.415,1047
2026-03-02T09:45:00+05:30,94.44,94.665,94.17,94.35,759
2026-03-02T10:00:00+05:30,94.36,94.465,93.6,93.86,1562
2026-03-02T10:15:00+05:30,93.875,94.235,93.775,94.15,706
2026-03-02T10:30:00+05:30,94.13,94.18,93.825,93.99,715
2026-03-02T10:45:00+05:30,93.99,94.065,93.765,93.985,679
2026-03-02T11:00:00+05:30,93.985,94.64,93.905,94.6,1389
2026-03-02T11:15:00+05:30,94.6,94.755,94.295,94.465,842
2026-03-02T11:30:00+05:30,94.455,95.205,94.38,95.045,1232
2026-03-02T11:45:00+05:30,95.035,95.545,95.03,95.485,1476
2026-03-02T12:00:00+05:30,95.51,95.54,95.08,95.08,1082
2026-03-02T12:15:00+05:30,95.095,95.675,95.09,95.29,1342
2026-03-02T12:30:00+05:30,95.28,96.055,95.19,95.885,1686
2026-03-02T12:45:00+05:30,95.91,96.31,95.85,95.895,1888
2026-03-02T13:00:00+05:30,95.89,96.375,95.89,96.265,1307
2026-03-02T13:15:00+05:30,96.265,96.475,96.07,96.475,1306
2026-03-02T13:30:00+05:30,96.46,96.57,95.83,95.99,1718
2026-03-02T13:45:00+05:30,95.99,96.185,95.71,96.145,1144
2026-03-02T14:00:00+05:30,96.17,96.225,95.735,95.93,908
2026-03-02T14:15:00+05:30,95.93,96.17,95.76,95.855,609
2026-03-02T14:30:00+05:30,95.85,95.85,95.4,95.48,1024
2026-03-02T14:45:00+05:30,95.5,95.775,95.34,95.77,660
2026-03-02T15:00:00+05:30,95.775,96.155,95.695,95.78,787
2026-03-02T15:15:00+05:30,95.75,95.84,95.43,95.695,704
2026-03-02T15:30:00+05:30,95.715,95.93,95.445,95.565,864
2026-03-02T15:45:00+05:30,95.565,95.765,95.45,95.71,669
2026-03-02T16:00:00+05:30,95.715,96,95.62,95.98,763
2026-03-02T16:15:00+05:30,95.965,95.985,95.49,95.6,818
2026-03-02T16:30:00+05:30,95.605,95.725,95.075,95.305,1046
2026-03-02T16:45:00+05:30,95.295,95.76,95.29,95.7,1101
2026-03-02T17:00:00+05:30,95.68,95.8,95.2,95.25,597
2026-03-02T17:15:00+05:30,95.23,95.23,94.645,94.955,2061
2026-03-02T17:30:00+05:30,94.975,95.505,94.61,95.345,2083
2026-03-02T17:45:00+05:30,95.365,95.51,95.02,95.465,980
2026-03-02T18:00:00+05:30,95.47,95.63,95.1,95.52,988
2026-03-02T18:15:00+05:30,95.53,95.66,95.325,95.445,1193
2026-03-02T18:30:00+05:30,95.435,95.505,94.39,94.5,3061
2026-03-02T18:45:00+05:30,94.49,95.16,94.155,94.52,3107
2026-03-02T19:00:00+05:30,94.535,94.795,93.465,93.54,3191
2026-03-02T19:15:00+05:30,93.515,94.28,93.35,94.225,2899
2026-03-02T19:30:00+05:30,94.21,94.225,92.815,93.135,3860
2026-03-02T19:45:00+05:30,93.14,93.195,88.55,89.955,13274
2026-03-02T20:00:00+05:30,89.96,90.68,88.64,90.375,9839
2026-03-02T20:15:00+05:30,90.37,90.495,89.605,90.18,5535
2026-03-02T20:30:00+05:30,90.18,91.005,89.605,90.825,4970
2026-03-02T20:45:00+05:30,90.85,90.98,89.95,90.46,3791
2026-03-02T21:00:00+05:30,90.445,91.2,90.4,90.95,3141
2026-03-02T21:15:00+05:30,90.93,90.995,88.645,88.93,5559
2026-03-02T21:30:00+05:30,88.9,88.915,86.71,88.385,8744
2026-03-02T21:45:00+05:30,88.37,88.46,87.63,88.01,3963
2026-03-02T22:00:00+05:30,88.015,88.48,87.26,87.885,4181
2026-03-02T22:15:00+05:30,87.895,88.105,87.275,87.3,3344
2026-03-02T22:30:00+05:30,87.31,87.955,87.115,87.47,3273
2026-03-02T22:45:00+05:30,87.455,88.185,87.23,87.735,2659
2026-03-02T23:00:00+05:30,87.73,88.485,87.67,88.01,2780
2026-03-02T23:15:00+05:30,87.99,88.315,87.46,88.175,2251
2026-03-02T23:30:00+05:30,88.195,88.305,87.73,87.925,2045
2026-03-02T23:45:00+05:30,87.94,89,87.905,88.965,3738
2026-03-03T00:00:00+05:30,88.945,89.01,88.265,88.745,1499
2026-03-03T00:15:00+05:30,88.705,89.18,88.67,89.075,1426
2026-03-03T00:30:00+05:30,89.055,89.665,89.015,89.465,1617
2026-03-03T00:45:00+05:30,89.475,89.77,89.28,89.77,1219
2026-03-03T01:00:00+05:30,89.775,90,89.515,89.54,1080
2026-03-03T01:15:00+05:30,89.535,89.75,89.305,89.625,1067
2026-03-03T01:30:00+05:30,89.605,90.07,89.47,89.83,1596
2026-03-03T01:45:00+05:30,89.815,90.21,89.48,89.93,1644
2026-03-03T02:00:00+05:30,89.96,91.09,89.815,91.025,2425
2026-03-03T02:15:00+05:30,91.025,91.025,90.18,90.305,2119
2026-03-03T02:30:00+05:30,90.32,90.44,90.045,90.125,884
2026-03-03T02:45:00+05:30,90.145,90.24,89.93,89.975,403
2026-03-03T03:00:00+05:30,89.96,90.05,89.655,89.845,580
2026-03-03T03:15:00+05:30,89.82,89.845,89.495,89.5,557
2026-03-03T04:30:00+05:30,89.51,90.59,89.51,90.275,1181
2026-03-03T04:45:00+05:30,90.28,90.51,89.72,90.065,774
2026-03-03T05:00:00+05:30,90.08,90.105,89.755,89.825,384
2026-03-03T05:15:00+05:30,89.84,90.34,89.8,90.34,794
2026-03-03T05:30:00+05:30,90.34,90.63,90.02,90.565,814
2026-03-03T05:45:00+05:30,90.555,90.95,90.505,90.845,1004
2026-03-03T06:00:00+05:30,90.855,91.45,90.815,91.29,1241
2026-03-03T06:15:00+05:30,91.295,91.635,90.83,90.865,1520
2026-03-03T06:30:00+05:30,90.875,91.305,90.3,90.71,3036
2026-03-03T06:45:00+05:30,90.745,91.48,90.52,91.405,1367
2026-03-03T07:00:00+05:30,91.4,91.55,90.6,90.62,1234
2026-03-03T07:15:00+05:30,90.615,90.77,88.685,88.965,4414
2026-03-03T07:30:00+05:30,88.985,89.65,88.435,89.325,3103
2026-03-03T07:45:00+05:30,89.325,89.735,89.025,89.68,1366
2026-03-03T08:00:00+05:30,89.66,90.145,89.47,90.085,1731
2026-03-03T08:15:00+05:30,90.06,90.525,89.69,90.34,1535
2026-03-03T08:30:00+05:30,90.345,90.54,89.935,90.07,1138
2026-03-03T08:45:00+05:30,90.105,90.48,90.05,90.215,967
2026-03-03T09:00:00+05:30,90.185,90.51,90.065,90.435,510
2026-03-03T09:15:00+05:30,90.43,90.485,90.19,90.405,445
2026-03-03T09:30:00+05:30,90.43,90.43,90.035,90.205,535
2026-03-03T09:45:00+05:30,90.225,90.5,89.97,90.36,586
2026-03-03T10:00:00+05:30,90.315,90.445,90.01,90.065,417
2026-03-03T10:15:00+05:30,90.025,90.06,89.71,89.895,690
2026-03-03T10:30:00+05:30,89.845,90.335,89.625,90.005,613
2026-03-03T10:45:00+05:30,89.995,90.14,89.505,90.04,961
2026-03-03T11:00:00+05:30,90.025,90.05,89.03,89.305,2360
2026-03-03T11:15:00+05:30,89.25,89.38,86.14,87,5652
2026-03-03T11:30:00+05:30,87.04,87.555,84.67,85.03,5429
2026-03-03T11:45:00+05:30,85.03,86.56,85.02,86.365,2800
2026-03-03T12:00:00+05:30,86.385,86.465,83,84.41,4884
2026-03-03T12:15:00+05:30,84.42,85.285,83.8,85.195,2909
2026-03-03T12:30:00+05:30,85.16,86.305,84.845,86.165,2480
2026-03-03T12:45:00+05:30,86.16,86.48,85.96,86.285,1998
2026-03-03T13:00:00+05:30,86.295,86.945,86.05,86.915,2234
2026-03-03T13:15:00+05:30,86.91,87.575,86.84,87.24,2442
2026-03-03T13:30:00+05:30,87.255,87.86,86.88,86.985,2154
2026-03-03T13:45:00+05:30,87.005,87.18,86.325,86.365,2268
2026-03-03T14:00:00+05:30,86.395,86.465,85.385,85.775,2634
2026-03-03T14:15:00+05:30,85.755,86.225,85.015,85.145,2341
2026-03-03T14:30:00+05:30,85.145,85.605,84.66,85.115,2750
2026-03-03T14:45:00+05:30,85.11,85.64,83.13,83.485,4661
2026-03-03T15:00:00+05:30,83.51,84.49,83.37,83.875,3524
2026-03-03T15:15:00+05:30,83.855,84.695,83.685,84.465,2112
2026-03-03T15:30:00+05:30,84.465,84.87,84.065,84.24,1651
2026-03-03T15:45:00+05:30,84.265,84.32,83.56,83.965,2112
2026-03-03T16:00:00+05:30,83.945,83.945,82.225,82.72,4018
2026-03-03T16:15:00+05:30,82.72,82.72,81.655,82.05,4622
2026-03-03T16:30:00+05:30,82.04,82.63,79.2,81.34,7271
2026-03-03T16:45:00+05:30,81.335,81.55,79.5,79.715,4992
2026-03-03T17:00:00+05:30,79.735,81.045,78.075,80.825,9093
2026-03-03T17:15:00+05:30,80.82,81.955,80.81,81.395,4911
2026-03-03T17:30:00+05:30,81.395,82.605,81.065,82.275,3767
2026-03-03T17:45:00+05:30,82.29,83.075,81.92,82.88,2122
2026-03-03T18:00:00+05:30,82.82,83.16,82.15,82.9,1355
2026-03-03T18:15:00+05:30,82.93,83.67,82.635,83.465,1539
2026-03-03T18:30:00+05:30,83.43,83.465,81.565,82.305,3132
2026-03-03T18:45:00+05:30,82.29,83.225,82.15,83.115,1631
2026-03-03T19:00:00+05:30,83.095,83.46,82.365,82.59,1773
2026-03-03T19:15:00+05:30,82.59,82.59,81.815,82.445,2390
2026-03-03T19:30:00+05:30,82.43,83.135,82.225,82.88,2470
2026-03-03T19:45:00+05:30,82.89,82.98,81.635,82.21,2659
2026-03-03T20:00:00+05:30,82.21,82.21,79.88,80.115,6096
2026-03-03T20:15:00+05:30,80.105,80.475,79.31,79.715,5414
2026-03-03T20:30:00+05:30,79.735,81.02,79.66,81.02,4781
2026-03-03T20:45:00+05:30,81.005,81.43,79.855,80.855,4563
2026-03-03T21:00:00+05:30,80.845,82.065,80.665,81.46,3937
2026-03-03T21:15:00+05:30,81.445,82.87,81.35,82.77,3513
2026-03-03T21:30:00+05:30,82.775,83.715,82.515,83.54,3708
2026-03-03T21:45:00+05:30,83.535,83.975,83.26,83.485,2994
2026-03-03T22:00:00+05:30,83.485,83.86,82.815,83.265,3159
2026-03-03T22:15:00+05:30,83.27,83.405,82.335,82.81,3237
2026-03-03T22:30:00+05:30,82.805,82.96,82.055,82.92,2972
2026-03-03T22:45:00+05:30,82.915,83.38,82.62,82.655,2295
2026-03-03T23:00:00+05:30,82.655,82.965,82.19,82.49,2606
2026-03-03T23:15:00+05:30,82.495,82.8,81.875,82.455,2355
2026-03-03T23:30:00+05:30,82.41,83.5,82.41,83.345,2285
2026-03-03T23:45:00+05:30,83.355,83.83,83.28,83.62,2654
2026-03-04T00:00:00+05:30,83.63,84.335,83.405,84.205,1938
2026-03-04T00:15:00+05:30,84.215,84.37,83.78,83.83,1337
2026-03-04T00:30:00+05:30,83.85,84.135,82.82,83,2275
2026-03-04T00:45:00+05:30,83.03,83.48,82.72,82.985,1573
2026-03-04T01:00:00+05:30,82.985,83.695,82.45,83.695,2138
2026-03-04T01:15:00+05:30,83.7,84.115,83.09,83.295,2198
2026-03-04T01:30:00+05:30,83.35,83.7,83.11,83.315,1191
2026-03-04T01:45:00+05:30,83.29,83.82,82.97,83.49,895
2026-03-04T02:00:00+05:30,83.555,83.7,82.68,83.045,1042
2026-03-04T02:15:00+05:30,83.04,83.045,82.28,82.765,1110
2026-03-04T02:30:00+05:30,82.78,83.025,82.605,82.75,569
2026-03-04T02:45:00+05:30,82.76,82.805,82.315,82.395,413
2026-03-04T03:00:00+05:30,82.4,82.525,82.18,82.32,475
2026-03-04T03:15:00+05:30,82.34,82.485,82.18,82.255,396
2026-03-04T04:30:00+05:30,82.425,82.81,81.645,82.56,1165
2026-03-04T04:45:00+05:30,82.555,82.94,82.555,82.795,979
2026-03-04T05:00:00+05:30,82.815,83.32,82.695,83.3,896
2026-03-04T05:15:00+05:30,83.275,83.395,83.185,83.23,774
2026-03-04T05:30:00+05:30,83.25,83.255,82.1,82.79,1840
2026-03-04T05:45:00+05:30,82.81,83.57,82.66,83.405,1292
2026-03-04T06:00:00+05:30,83.42,83.595,83.015,83.29,732
2026-03-04T06:15:00+05:30,83.3,83.565,83.19,83.46,1084
2026-03-04T06:30:00+05:30,83.485,84.275,83.41,83.89,3371
2026-03-04T06:45:00+05:30,83.885,84.185,82.825,82.9,2325
2026-03-04T07:00:00+05:30,82.845,83.575,82.44,83.54,2500
2026-03-04T07:15:00+05:30,83.565,84.63,83.37,84.58,2533
2026-03-04T07:30:00+05:30,84.545,85.71,84.535,85.6,2927
2026-03-04T07:45:00+05:30,85.565,85.585,84.78,84.83,1617
2026-03-04T08:00:00+05:30,84.865,85.1,84.35,85.05,1888
2026-03-04T08:15:00+05:30,85.07,85.235,84.135,84.19,2161
2026-03-04T08:30:00+05:30,84.19,84.435,83.485,84.32,2352
2026-03-04T08:45:00+05:30,84.335,84.57,84,84.31,1199
2026-03-04T09:00:00+05:30,84.31,84.62,83.715,84.015,1407
2026-03-04T09:15:00+05:30,84.015,85.21,83.875,85.11,1475
2026-03-04T09:30:00+05:30,85.115,85.52,84.875,85.505,1519
2026-03-04T09:45:00+05:30,85.51,85.565,84.85,84.955,1210
2026-03-04T10:00:00+05:30,84.905,85.165,84.595,84.81,951
2026-03-04T10:15:00+05:30,84.81,84.865,84.555,84.77,622
2026-03-04T10:30:00+05:30,84.78,85.09,84.44,84.765,1330
2026-03-04T10:45:00+05:30,84.75,85.155,84.425,84.55,992
2026-03-04T11:00:00+05:30,84.555,85.08,84.33,84.675,1438
2026-03-04T11:15:00+05:30,84.68,84.975,84.435,84.665,1041
2026-03-04T11:30:00+05:30,84.64,84.645,83.815,84.02,2435
2026-03-04T11:45:00+05:30,83.96,84.445,83.875,84.11,1293
2026-03-04T12:00:00+05:30,84.1,85.01,84.045,84.775,1259
2026-03-04T12:15:00+05:30,84.76,85.035,84.43,85.035,798
2026-03-04T12:30:00+05:30,85.02,85.345,84.855,85.25,1216
2026-03-04T12:45:00+05:30,85.225,85.335,85.03,85.175,854
2026-03-04T13:00:00+05:30,85.14,85.37,84.97,85.12,629
2026-03-04T13:15:00+05:30,85.12,85.355,84.935,84.935,581
2026-03-04T13:30:00+05:30,84.93,85.12,84.505,84.935,1247
2026-03-04T13:45:00+05:30,84.945,85.28,84.735,84.925,749
2026-03-04T14:00:00+05:30,84.95,85.665,84.9,85.63,864
2026-03-04T14:15:00+05:30,85.64,85.985,85.38,85.465,1069
2026-03-04T14:30:00+05:30,85.455,86.215,85.24,85.9,1168
2026-03-04T14:45:00+05:30,85.915,86.1,85.805,85.845,756
2026-03-04T15:00:00+05:30,85.855,86.3,85.77,86.01,733
2026-03-04T15:15:00+05:30,86.03,86.49,85.935,86.435,992
2026-03-04T15:30:00+05:30,86.435,86.865,86.43,86.66,1295
2026-03-04T15:45:00+05:30,86.67,86.675,85.815,85.87,1268
2026-03-04T16:00:00+05:30,85.925,86.18,85.79,86.03,892
2026-03-04T16:15:00+05:30,86.03,86.23,85.915,86.18,853
2026-03-04T16:30:00+05:30,86.16,86.595,86.14,86.535,691
2026-03-04T16:45:00+05:30,86.525,86.545,86.225,86.435,729
2026-03-04T17:00:00+05:30,86.435,86.72,86.335,86.365,801
2026-03-04T17:15:00+05:30,86.365,86.555,86.045,86.415,660
2026-03-04T17:30:00+05:30,86.39,87.04,86.36,86.795,1470
2026-03-04T17:45:00+05:30,86.765,86.78,85.9,85.965,1713
2026-03-04T18:00:00+05:30,85.98,86.01,85.08,85.505,2199
2026-03-04T18:15:00+05:30,85.505,85.85,85.295,85.565,1692
2026-03-04T18:30:00+05:30,85.555,86.4,85.515,86.275,2270
2026-03-04T18:45:00+05:30,86.275,86.3,85.38,86.04,1706
2026-03-04T19:00:00+05:30,86.025,86.115,85.63,85.905,845
2026-03-04T19:15:00+05:30,85.9,86.085,84.66,84.905,1539
2026-03-04T19:30:00+05:30,84.885,85.46,84.14,84.56,2339
2026-03-04T19:45:00+05:30,84.555,84.86,83.705,84.385,3277
2026-03-04T20:00:00+05:30,84.395,85.2,84.285,84.415,3721
2026-03-04T20:15:00+05:30,84.45,84.99,83.3,83.755,4646
2026-03-04T20:30:00+05:30,83.6,84.455,83.495,83.545,3660
2026-03-04T20:45:00+05:30,83.53,84.725,83.275,84.62,3944
2026-03-04T21:00:00+05:30,84.63,84.865,83.815,84,2581
2026-03-04T21:15:00+05:30,83.995,84.465,83.5,84.41,2425
2026-03-04T21:30:00+05:30,84.405,84.825,83.8,83.99,2444
2026-03-04T21:45:00+05:30,83.99,84.15,83.425,83.745,2372
2026-03-04T22:00:00+05:30,83.76,84.325,83.48,83.85,1835
2026-03-04T22:15:00+05:30,83.835,84.155,83.66,83.735,1207
2026-03-04T22:30:00+05:30,83.76,84.155,83.59,83.88,1242
2026-03-04T22:45:00+05:30,83.89,84.065,83.185,83.695,2126
2026-03-04T23:00:00+05:30,83.7,83.83,83.25,83.38,1661
2026-03-04T23:15:00+05:30,83.4,84.005,83.365,83.765,1474
2026-03-04T23:30:00+05:30,83.74,83.835,82.41,82.805,3043
2026-03-04T23:45:00+05:30,82.815,83.485,82.29,83.375,3265
2026-03-05T00:00:00+05:30,83.385,83.44,82.725,83.275,1050
2026-03-05T00:15:00+05:30,83.245,83.755,83.245,83.51,879
2026-03-05T00:30:00+05:30,83.535,83.65,83.205,83.425,656
2026-03-05T00:45:00+05:30,83.49,83.595,83.315,83.53,456
2026-03-05T01:00:00+05:30,83.52,83.82,83.45,83.665,535
2026-03-05T01:15:00+05:30,83.63,83.95,83.63,83.75,522
2026-03-05T01:30:00+05:30,83.76,83.82,83.31,83.39,419
2026-03-05T01:45:00+05:30,83.365,83.855,83.035,83.81,738
2026-03-05T02:00:00+05:30,83.81,83.965,83.525,83.655,678
2026-03-05T02:15:00+05:30,83.645,83.65,83.155,83.34,879
2026-03-05T02:30:00+05:30,83.355,83.78,83.32,83.685,547
2026-03-05T02:45:00+05:30,83.665,83.665,83.52,83.65,231
2026-03-05T03:00:00+05:30,83.685,83.69,83.345,83.585,357
2026-03-05T03:15:00+05:30,83.585,83.775,83.545,83.725,380
2026-03-05T04:30:00+05:30,83.86,84.055,83.445,83.6,426
2026-03-05T04:45:00+05:30,83.535,83.885,83.535,83.72,276
2026-03-05T05:00:00+05:30,83.73,84,83.66,83.99,316
2026-03-05T05:15:00+05:30,83.99,84.205,83.925,84.19,589
2026-03-05T05:30:00+05:30,84.21,84.435,84.035,84.36,860
2026-03-05T05:45:00+05:30,84.35,84.525,84.35,84.475,573
2026-03-05T06:00:00+05:30,84.465,84.475,84.185,84.27,750
2026-03-05T06:15:00+05:30,84.29,84.42,84.105,84.31,846
2026-03-05T06:30:00+05:30,84.295,85.39,84.285,85.045,2984
2026-03-05T06:45:00+05:30,85.05,85.345,84.81,85.015,1468
2026-03-05T07:00:00+05:30,85.025,85.24,84.51,84.585,1777
2026-03-05T07:15:00+05:30,84.585,84.9,84.355,84.48,1357
2026-03-05T07:30:00+05:30,84.475,84.925,84.47,84.84,1088
2026-03-05T07:45:00+05:30,84.84,84.975,84.52,84.7,837
2026-03-05T08:00:00+05:30,84.7,85,84.565,84.81,1163
2026-03-05T08:15:00+05:30,84.82,85.35,84.67,85.325,1242
2026-03-05T08:30:00+05:30,85.32,85.74,85.15,85.185,1413
2026-03-05T08:45:00+05:30,85.19,85.385,84.93,84.965,802
2026-03-05T09:00:00+05:30,84.97,85.37,84.77,85.325,760
2026-03-05T09:15:00+05:30,85.335,85.45,84.92,85.05,686
2026-03-05T09:30:00+05:30,85.035,85.195,84.82,85.165,566
2026-03-05T09:45:00+05:30,85.195,85.28,85.015,85.165,390
2026-03-05T10:00:00+05:30,85.15,85.2,84.785,84.86,427
2026-03-05T10:15:00+05:30,84.86,84.905,84.4,84.835,920
2026-03-05T10:30:00+05:30,84.825,84.895,84.68,84.845,412
2026-03-05T10:45:00+05:30,84.87,84.97,84.625,84.835,451
2026-03-05T11:00:00+05:30,84.855,84.99,84.18,84.465,1475
2026-03-05T11:15:00+05:30,84.435,84.62,82.81,82.81,2189
2026-03-05T11:30:00+05:30,82.63,83.16,80.595,81.735,4047
2026-03-05T11:45:00+05:30,81.76,82.435,81.415,82.175,1709
2026-03-05T12:00:00+05:30,82.175,82.535,81.81,82.48,1173
2026-03-05T12:15:00+05:30,82.45,83.735,82.36,83.545,1912
2026-03-05T12:30:00+05:30,83.53,83.785,83.225,83.485,1284
2026-03-05T12:45:00+05:30,83.47,83.625,83.21,83.46,794
2026-03-05T13:00:00+05:30,83.465,83.8,83.345,83.535,649
2026-03-05T13:15:00+05:30,83.6,83.95,83.58,83.755,777
2026-03-05T13:30:00+05:30,83.76,83.95,83.06,83.09,1275
2026-03-05T13:45:00+05:30,83.1,83.405,82.91,83,996
2026-03-05T14:00:00+05:30,83.005,83.65,82.97,83.62,782
2026-03-05T14:15:00+05:30,83.665,84.08,83.65,84.02,978
2026-03-05T14:30:00+05:30,84.005,85.055,83.705,84.94,1829
2026-03-05T14:45:00+05:30,84.955,85.165,84.42,84.49,1664
2026-03-05T15:00:00+05:30,84.465,84.68,84.16,84.365,1398
2026-03-05T15:15:00+05:30,84.395,84.535,84.185,84.36,748
2026-03-05T15:30:00+05:30,84.325,84.335,83.915,84.185,945
2026-03-05T15:45:00+05:30,84.175,84.365,84.125,84.29,579
2026-03-05T16:00:00+05:30,84.285,84.38,83.85,84.09,653
2026-03-05T16:15:00+05:30,84.14,84.735,84.135,84.465,874
2026-03-05T16:30:00+05:30,84.46,84.665,84.315,84.64,578
2026-03-05T16:45:00+05:30,84.655,84.765,84.48,84.48,488
2026-03-05T17:00:00+05:30,84.45,84.59,84.38,84.415,448
2026-03-05T17:15:00+05:30,84.42,84.71,84.26,84.325,593
2026-03-05T17:30:00+05:30,84.345,84.78,84.145,84.57,1441
2026-03-05T17:45:00+05:30,84.54,84.935,84.38,84.47,1028
2026-03-05T18:00:00+05:30,84.45,84.58,84.37,84.39,696
2026-03-05T18:15:00+05:30,84.37,84.52,84.12,84.175,1050
2026-03-05T18:30:00+05:30,84.19,84.32,82.97,83.47,4018
2026-03-05T18:45:00+05:30,83.45,83.54,81.8,82.67,4828
2026-03-05T19:00:00+05:30,82.62,83.265,82.515,82.955,2495
2026-03-05T19:15:00+05:30,82.95,83.165,82.45,82.745,2514
2026-03-05T19:30:00+05:30,82.75,83.18,82.525,82.855,2129
2026-03-05T19:45:00+05:30,82.875,82.975,82.2,82.87,2447
2026-03-05T20:00:00+05:30,82.86,83.5,82.055,82.365,3139
2026-03-05T20:15:00+05:30,82.36,83.04,82.11,82.81,2771
2026-03-05T20:30:00+05:30,82.83,83.605,81.84,82.38,3172
2026-03-05T20:45:00+05:30,82.405,82.655,81.655,82.18,2907
2026-03-05T21:00:00+05:30,82.2,82.21,81.52,81.745,2733
2026-03-05T21:15:00+05:30,81.73,82.56,81.695,82.555,2317
2026-03-05T21:30:00+05:30,82.565,82.575,81.71,82.205,2195
2026-03-05T21:45:00+05:30,82.2,82.225,81.31,81.705,2573
2026-03-05T22:00:00+05:30,81.71,82.085,81.335,81.815,2078
2026-03-05T22:15:00+05:30,81.805,82.145,81.705,81.94,1550
2026-03-05T22:30:00+05:30,81.95,82.58,81.825,82.56,1770
2026-03-05T22:45:00+05:30,82.59,82.625,82.03,82.03,1549
2026-03-05T23:00:00+05:30,82.06,82.11,81.565,81.745,1970
2026-03-05T23:15:00+05:30,81.765,81.99,81.525,81.69,1595
2026-03-05T23:30:00+05:30,81.67,82.4,81.475,82.315,2269
2026-03-05T23:45:00+05:30,82.34,82.72,81.725,82.06,2923
2026-03-06T00:00:00+05:30,82.055,82.355,81.785,82.275,1177
2026-03-06T00:15:00+05:30,82.29,82.315,81.7,81.8,969
2026-03-06T00:30:00+05:30,81.825,82.22,81.75,81.875,749
2026-03-06T00:45:00+05:30,81.855,81.865,81.35,81.44,1353
2026-03-06T01:00:00+05:30,81.395,81.42,80.77,81.27,1616
2026-03-06T01:15:00+05:30,81.255,81.435,81.04,81.165,1002
2026-03-06T01:30:00+05:30,81.185,81.92,80.865,81.845,1665
2026-03-06T01:45:00+05:30,81.84,82.555,81.84,82.105,1632
2026-03-06T02:00:00+05:30,82.095,82.31,81.935,82.275,908
2026-03-06T02:15:00+05:30,82.285,82.43,82.06,82.24,953
2026-03-06T02:30:00+05:30,82.235,82.5,82.105,82.195,583
2026-03-06T02:45:00+05:30,82.205,82.385,82.175,82.35,311
2026-03-06T03:00:00+05:30,82.345,82.465,82.175,82.27,348
2026-03-06T03:15:00+05:30,82.28,82.615,82.2,82.47,439
2026-03-06T04:30:00+05:30,82.77,83.125,82.43,82.49,739
2026-03-06T04:45:00+05:30,82.51,82.91,82.36,82.815,706
2026-03-06T05:00:00+05:30,82.805,83.53,82.7,83.505,781
2026-03-06T05:15:00+05:30,83.5,83.53,82.96,83,732
2026-03-06T05:30:00+05:30,82.98,83.38,82.75,83.26,951
2026-03-06T05:45:00+05:30,83.26,83.565,83.11,83.35,670
2026-03-06T06:00:00+05:30,83.36,83.385,82.95,83.1,594
2026-03-06T06:15:00+05:30,83.1,83.2,82.505,82.555,1169
2026-03-06T06:30:00+05:30,82.53,82.745,82,82.45,1765
2026-03-06T06:45:00+05:30,82.495,83.2,82.41,82.915,694
2026-03-06T07:00:00+05:30,82.955,84.085,82.955,84.01,1933
2026-03-06T07:15:00+05:30,83.985,84.68,83.855,84.34,2039
2026-03-06T07:30:00+05:30,84.36,84.37,83.83,84.11,1505
2026-03-06T07:45:00+05:30,84.105,84.22,83.98,84.03,379
2026-03-06T08:00:00+05:30,84.04,84.075,83.6,83.725,802
2026-03-06T08:15:00+05:30,83.71,84.18,83.7,84.05,523
2026-03-06T08:30:00+05:30,84.065,84.545,84.065,84.3,650
2026-03-06T08:45:00+05:30,84.305,84.9,84.17,84.745,1391
2026-03-06T09:00:00+05:30,84.735,84.8,84.435,84.535,494
2026-03-06T09:15:00+05:30,84.54,84.76,84.515,84.635,391
2026-03-06T09:30:00+05:30,84.615,84.785,84.475,84.67,424
2026-03-06T09:45:00+05:30,84.69,84.7,84.315,84.355,382
2026-03-06T10:00:00+05:30,84.365,84.595,84.31,84.555,374
2026-03-06T10:15:00+05:30,84.55,84.72,84.425,84.435,362
2026-03-06T10:30:00+05:30,84.435,84.615,84.3,84.44,577
2026-03-06T10:45:00+05:30,84.415,84.575,84.34,84.52,276
2026-03-06T11:00:00+05:30,84.55,84.56,84.145,84.255,894
2026-03-06T11:15:00+05:30,84.265,84.275,83.625,83.965,1336
2026-03-06T11:30:00+05:30,83.95,84.23,83.765,84.04,710
2026-03-06T11:45:00+05:30,84.03,84.52,83.91,84.205,789
2026-03-06T12:00:00+05:30,84.225,84.75,84,84.485,835
2026-03-06T12:15:00+05:30,84.47,84.71,84.36,84.58,707
2026-03-06T12:30:00+05:30,84.575,84.74,84.15,84.4,641
2026-03-06T12:45:00+05:30,84.4,84.635,84.325,84.51,480
2026-03-06T13:00:00+05:30,84.505,84.655,84.385,84.43,458
2026-03-06T13:15:00+05:30,84.45,84.96,84.335,84.93,1160
2026-03-06T13:30:00+05:30,84.94,85.05,84.5,84.74,1304
2026-03-06T13:45:00+05:30,84.715,84.825,84.005,84.18,998
2026-03-06T14:00:00+05:30,84.16,84.52,84.04,84.4,588
2026-03-06T14:15:00+05:30,84.395,84.735,84.29,84.465,626
2026-03-06T14:30:00+05:30,84.475,84.5,84.065,84.18,681
2026-03-06T14:45:00+05:30,84.155,84.255,83.675,83.835,978
2026-03-06T15:00:00+05:30,83.83,83.975,82.59,83.105,1970
2026-03-06T15:15:00+05:30,83.1,83.235,82.735,82.975,1332
2026-03-06T15:30:00+05:30,82.94,83.165,82.54,82.89,1231
2026-03-06T15:45:00+05:30,82.905,83.465,82.87,83.255,848
2026-03-06T16:00:00+05:30,83.23,83.395,82.805,82.825,517
2026-03-06T16:15:00+05:30,82.84,83.235,82.57,83.155,1002
2026-03-06T16:30:00+05:30,83.165,83.21,82.805,83.045,869
2026-03-06T16:45:00+05:30,83.065,83.69,83.035,83.37,1000
2026-03-06T17:00:00+05:30,83.335,83.515,82.4,82.47,980
2026-03-06T17:15:00+05:30,82.485,82.715,82.025,82.445,1960
2026-03-06T17:30:00+05:30,82.445,82.875,82.28,82.575,1541
2026-03-06T17:45:00+05:30,82.58,82.71,82.37,82.44,654
2026-03-06T18:00:00+05:30,82.475,82.975,82.45,82.94,1035
2026-03-06T18:15:00+05:30,82.95,82.95,82.315,82.495,1169
2026-03-06T18:30:00+05:30,82.47,82.615,81.775,82.13,3349
2026-03-06T18:45:00+05:30,82.125,82.955,82.09,82.83,1651
2026-03-06T19:00:00+05:30,82.96,84.42,82.87,83.905,4170
2026-03-06T19:15:00+05:30,83.91,83.98,82.48,82.76,3030
2026-03-06T19:30:00+05:30,82.735,83.16,82.57,82.835,2419
2026-03-06T19:45:00+05:30,82.83,83.22,82.545,83.08,1475
2026-03-06T20:00:00+05:30,83.09,83.385,82.515,82.6,3555
2026-03-06T20:15:00+05:30,82.595,83.98,82.455,83.97,2845
2026-03-06T20:30:00+05:30,83.98,85.07,83.92,84.365,5090
2026-03-06T20:45:00+05:30,84.39,85.245,84.195,84.66,3380
2026-03-06T21:00:00+05:30,84.66,85.155,84.585,84.72,2317
2026-03-06T21:15:00+05:30,84.72,84.83,84.185,84.415,1662
2026-03-06T21:30:00+05:30,84.445,84.875,84.355,84.775,1562
2026-03-06T21:45:00+05:30,84.775,85.13,84.485,84.725,1420
2026-03-06T22:00:00+05:30,84.745,84.86,83.77,84.29,2011
2026-03-06T22:15:00+05:30,84.305,84.475,83.955,84.205,1492
2026-03-06T22:30:00+05:30,84.23,84.25,83.775,83.995,1607
2026-03-06T22:45:00+05:30,84,84.225,83.92,84.06,1218
2026-03-06T23:00:00+05:30,84.065,84.525,84,84.18,1466
2026-03-06T23:15:00+05:30,84.205,84.44,84.11,84.275,1043
2026-03-06T23:30:00+05:30,84.265,84.6,84.16,84.22,1140
2026-03-06T23:45:00+05:30,84.255,84.69,83.965,84.675,2023
2026-03-07T00:00:00+05:30,84.665,84.825,84.365,84.8,978
2026-03-07T00:15:00+05:30,84.825,84.885,84.5,84.705,712
2026-03-07T00:30:00+05:30,84.69,84.985,84.65,84.965,839
2026-03-07T00:45:00+05:30,84.965,85.03,84.685,84.75,767
2026-03-07T01:00:00+05:30,84.76,84.83,84.55,84.565,606
2026-03-07T01:15:00+05:30,84.57,84.85,84.52,84.66,503
2026-03-07T01:30:00+05:30,84.655,84.77,84.39,84.505,556
2026-03-07T01:45:00+05:30,84.515,84.645,84.195,84.215,487
2026-03-07T02:00:00+05:30,84.225,84.33,83.855,84.19,983
2026-03-07T02:15:00+05:30,84.2,84.29,83.945,84.145,738
2026-03-07T02:30:00+05:30,84.125,84.52,84.09,84.435,549
2026-03-07T02:45:00+05:30,84.445,84.565,84.35,84.46,402
2026-03-07T03:00:00+05:30,84.46,84.715,84.44,84.57,337
2026-03-07T03:15:00+05:30,84.565,84.75,84.505,84.675,572
2026-03-09T03:30:00+05:30,84.66,85.32,82.635,83.725,1674
2026-03-09T03:45:00+05:30,83.61,83.9,82.575,83.695,1385
2026-03-09T04:00:00+05:30,83.65,84.22,82.73,83.12,1146
2026-03-09T04:15:00+05:30,83.17,83.58,82.525,83.44,1273
2026-03-09T04:30:00+05:30,83.45,83.75,82.06,82.51,1322
2026-03-09T04:45:00+05:30,82.515,82.755,82.245,82.66,748
2026-03-09T05:00:00+05:30,82.635,82.67,81.07,81.585,2310
2026-03-09T05:15:00+05:30,81.63,82.14,81.19,82.04,1568
2026-03-09T05:30:00+05:30,82.04,82.47,81.215,81.44,1391
2026-03-09T05:45:00+05:30,81.415,81.54,81.03,81.36,1215
2026-03-09T06:00:00+05:30,81.3,81.98,81.12,81.245,946
2026-03-09T06:15:00+05:30,81.265,81.53,80.835,81.51,1586
2026-03-09T06:30:00+05:30,81.48,81.555,79.635,80.75,3766
2026-03-09T06:45:00+05:30,80.755,81.065,80.335,80.4,1416
2026-03-09T07:00:00+05:30,80.385,80.965,80.3,80.945,1085
2026-03-09T07:15:00+05:30,80.915,81.295,80.355,81.095,1310
2026-03-09T07:30:00+05:30,81.04,82.96,80.665,82.815,2595
2026-03-09T07:45:00+05:30,82.855,83.09,82.035,82.23,1509
2026-03-09T08:00:00+05:30,82.205,82.95,82.165,82.68,1436
2026-03-09T08:15:00+05:30,82.7,82.99,82.32,82.71,1096
2026-03-09T08:30:00+05:30,82.755,82.93,82.42,82.555,856
2026-03-09T08:45:00+05:30,82.56,83.48,82.52,82.925,1339
2026-03-09T09:00:00+05:30,82.93,83.315,82.855,83.025,637
2026-03-09T09:15:00+05:30,83.045,83.325,82.985,83.14,437
2026-03-09T09:30:00+05:30,83.135,83.6,82.95,83.235,707
2026-03-09T09:45:00+05:30,83.22,83.25,82.855,82.915,429
2026-03-09T10:00:00+05:30,82.915,83.185,82.78,82.94,391
2026-03-09T10:15:00+05:30,82.95,82.95,82.585,82.64,480
2026-03-09T10:30:00+05:30,82.675,83.435,82.455,83.145,894
2026-03-09T10:45:00+05:30,83.2,83.47,82.75,83.34,897
2026-03-09T11:00:00+05:30,83.335,84.58,83.185,84.525,1759
2026-03-09T11:15:00+05:30,84.5,84.825,84.14,84.305,1622
2026-03-09T11:30:00+05:30,84.325,85.045,84.025,84.735,1494
2026-03-09T11:45:00+05:30,84.795,84.985,84.38,84.525,931
2026-03-09T12:00:00+05:30,84.535,84.65,84.01,84.195,786
2026-03-09T12:15:00+05:30,84.195,84.275,83.805,83.825,819
2026-03-09T12:30:00+05:30,83.85,83.85,83.245,83.3,1001
2026-03-09T12:45:00+05:30,83.305,83.61,83.22,83.595,571
2026-03-09T13:00:00+05:30,83.615,83.92,83.345,83.65,501
2026-03-09T13:15:00+05:30,83.645,83.7,83.22,83.675,589
2026-03-09T13:30:00+05:30,83.7,84.005,83.435,83.685,696
2026-03-09T13:45:00+05:30,83.66,83.935,83.38,83.39,582
2026-03-09T14:00:00+05:30,83.38,83.905,83.35,83.735,603
2026-03-09T14:15:00+05:30,83.71,84.035,83.52,83.895,581
2026-03-09T14:30:00+05:30,83.87,84.125,83.705,84.045,545
2026-03-09T14:45:00+05:30,84.06,84.58,84.03,84.51,703
2026-03-09T15:00:00+05:30,84.53,84.725,83.91,83.91,818
2026-03-09T15:15:00+05:30,83.955,84.225,83.805,84.15,570
2026-03-09T15:30:00+05:30,84.16,84.365,83.795,84.23,581
2026-03-09T15:45:00+05:30,84.23,84.425,84.035,84.07,380
2026-03-09T16:00:00+05:30,84.035,84.175,83.75,83.99,593
2026-03-09T16:15:00+05:30,83.975,84.115,83.18,83.36,906
2026-03-09T16:30:00+05:30,83.375,83.7,83.24,83.385,580
2026-03-09T16:45:00+05:30,83.35,83.58,82.935,83.265,773
2026-03-09T17:00:00+05:30,83.285,83.6,83.19,83.21,523
2026-03-09T17:15:00+05:30,83.185,83.575,83.085,83.34,465
2026-03-09T17:30:00+05:30,83.385,83.725,83.37,83.69,903
2026-03-09T17:45:00+05:30,83.705,84.065,83.59,84.035,699
2026-03-09T18:00:00+05:30,84.055,84.25,83.995,84.145,795
2026-03-09T18:15:00+05:30,84.14,84.15,83.695,83.845,629
2026-03-09T18:30:00+05:30,83.88,84.52,83.84,84.38,1285
2026-03-09T18:45:00+05:30,84.375,84.69,84.215,84.65,939
2026-03-09T19:00:00+05:30,84.605,85.455,83.8,84.125,3212
2026-03-09T19:15:00+05:30,84.065,84.29,83.615,83.73,1624
2026-03-09T19:30:00+05:30,83.71,84.395,83.32,83.72,2010
2026-03-09T19:45:00+05:30,83.725,84.16,83.5,83.91,1077
2026-03-09T20:00:00+05:30,83.91,84.645,83.875,84.575,1536
2026-03-09T20:15:00+05:30,84.6,84.79,84.29,84.59,1254
2026-03-09T20:30:00+05:30,84.6,84.83,84.325,84.8,1170
2026-03-09T20:45:00+05:30,84.82,84.895,84.405,84.73,987
2026-03-09T21:00:00+05:30,84.715,84.825,84.53,84.61,848
2026-03-09T21:15:00+05:30,84.635,84.91,84.58,84.725,871
2026-03-09T21:30:00+05:30,84.715,85,84.675,84.87,698
2026-03-09T21:45:00+05:30,84.875,84.92,84.545,84.795,725
2026-03-09T22:00:00+05:30,84.78,85.09,84.78,85,777
2026-03-09T22:15:00+05:30,85.02,85.06,84.83,84.97,549
2026-03-09T22:30:00+05:30,84.975,85.125,84.605,84.69,619
2026-03-09T22:45:00+05:30,84.65,84.76,84.245,84.26,1043
2026-03-09T23:00:00+05:30,84.27,84.635,84.135,84.49,873
2026-03-09T23:15:00+05:30,84.49,84.785,84.49,84.615,491
2026-03-09T23:30:00+05:30,84.6,84.67,84.335,84.63,617
2026-03-09T23:45:00+05:30,84.645,85.08,84.59,84.905,669
2026-03-10T00:00:00+05:30,84.915,85.74,84.915,85.585,1359
2026-03-10T00:15:00+05:30,85.575,86.425,85.465,86.13,1830
2026-03-10T00:30:00+05:30,86.155,86.52,86.005,86.375,943
2026-03-10T00:45:00+05:30,86.37,87.065,86.295,86.965,1575
2026-03-10T01:00:00+05:30,86.93,87.015,86.265,86.76,1182
2026-03-10T01:15:00+05:30,86.755,86.795,86.345,86.715,827
2026-03-10T01:30:00+05:30,86.73,87.21,86.73,87.025,980
2026-03-10T01:45:00+05:30,87.04,87.08,86.7,86.885,377
2026-03-10T02:00:00+05:30,86.91,86.99,86.68,86.945,365
2026-03-10T02:15:00+05:30,86.935,87.395,86.895,87.345,856
2026-03-10T03:30:00+05:30,87.3,87.6,86.94,87.395,626
2026-03-10T03:45:00+05:30,87.41,87.515,87.07,87.365,558
2026-03-10T04:00:00+05:30,87.36,87.65,87.35,87.465,419
2026-03-10T04:15:00+05:30,87.47,87.945,87.47,87.875,649
2026-03-10T04:30:00+05:30,87.87,88.515,87.34,88.26,1545
2026-03-10T04:45:00+05:30,88.25,88.48,87.995,88.02,919
2026-03-10T05:00:00+05:30,88.035,88.3,87.8,87.9,611
2026-03-10T05:15:00+05:30,87.905,87.985,87.52,87.67,576
2026-03-10T05:30:00+05:30,87.68,87.925,87.225,87.795,1011
2026-03-10T05:45:00+05:30,87.755,87.795,87.2,87.465,585
2026-03-10T06:00:00+05:30,87.455,88.035,87.25,87.94,752
2026-03-10T06:15:00+05:30,87.95,87.98,87.195,87.305,1111
2026-03-10T06:30:00+05:30,87.3,88.365,86.92,88.05,3045
2026-03-10T06:45:00+05:30,88.025,89.49,87.925,89.115,2492
2026-03-10T07:00:00+05:30,89.15,89.56,88.79,89.4,1692
2026-03-10T07:15:00+05:30,89.415,89.93,89.11,89.835,1499
2026-03-10T07:30:00+05:30,89.81,90.05,89.405,89.705,1524
2026-03-10T07:45:00+05:30,89.745,89.905,89.69,89.78,466
2026-03-10T08:00:00+05:30,89.795,90.41,89.715,90.33,1323
2026-03-10T08:15:00+05:30,90.32,90.36,89.1,89.21,1663
2026-03-10T08:30:00+05:30,89.225,89.675,89.195,89.265,828
2026-03-10T08:45:00+05:30,89.265,89.475,88.73,88.855,1205
2026-03-10T09:00:00+05:30,88.86,88.96,88.5,88.6,717
2026-03-10T09:15:00+05:30,88.6,88.6,88.07,88.465,961
2026-03-10T09:30:00+05:30,88.46,88.78,88.27,88.72,701
2026-03-10T09:45:00+05:30,88.725,88.855,88.625,88.65,361
2026-03-10T10:00:00+05:30,88.65,88.78,88.54,88.68,221
2026-03-10T10:15:00+05:30,88.67,88.79,88.59,88.72,259
2026-03-10T10:30:00+05:30,88.75,89.095,88.735,89.07,601
2026-03-10T10:45:00+05:30,89.075,89.145,88.855,88.975,435
2026-03-10T11:00:00+05:30,88.975,89.4,88.965,89.275,907
2026-03-10T11:15:00+05:30,89.255,89.575,89.08,89.49,617
2026-03-10T11:30:00+05:30,89.485,89.56,89.26,89.465,650
2026-03-10T11:45:00+05:30,89.415,89.495,89.045,89.14,559
2026-03-10T12:00:00+05:30,89.14,89.325,88.935,89.235,486
2026-03-10T12:15:00+05:30,89.23,89.46,89.13,89.27,448
2026-03-10T12:30:00+05:30,89.265,89.53,88.855,89.145,574
2026-03-10T12:45:00+05:30,89.13,89.265,88.715,89.1,696
2026-03-10T13:00:00+05:30,89.115,89.245,88.895,89.24,444
2026-03-10T13:15:00+05:30,89.19,89.51,89.19,89.485,747
2026-03-10T13:30:00+05:30,89.48,89.585,89.235,89.405,681
2026-03-10T13:45:00+05:30,89.395,89.435,89.14,89.39,339
2026-03-10T14:00:00+05:30,89.405,89.645,89.25,89.515,525
2026-03-10T14:15:00+05:30,89.55,89.67,89.29,89.295,398
2026-03-10T14:30:00+05:30,89.32,89.55,89.3,89.44,334
2026-03-10T14:45:00+05:30,89.46,89.65,89.295,89.63,352
2026-03-10T15:00:00+05:30,89.63,89.755,89.525,89.685,385
2026-03-10T15:15:00+05:30,89.67,89.67,89.395,89.45,291
2026-03-10T15:30:00+05:30,89.415,89.425,89.06,89.135,589
2026-03-10T15:45:00+05:30,89.115,89.15,88.75,88.83,666
2026-03-10T16:00:00+05:30,88.85,88.865,88.08,88.75,1277
2026-03-10T16:15:00+05:30,88.72,88.81,88.515,88.655,454
2026-03-10T16:30:00+05:30,88.655,89.22,88.5,88.83,814
2026-03-10T16:45:00+05:30,88.85,88.97,88.39,88.66,735
2026-03-10T17:00:00+05:30,88.655,88.755,88.28,88.3,498
2026-03-10T17:15:00+05:30,88.3,88.645,88.26,88.64,556
2026-03-10T17:30:00+05:30,88.635,88.825,88.145,88.615,1290
2026-03-10T17:45:00+05:30,88.635,88.915,88.385,88.74,882
2026-03-10T18:00:00+05:30,88.74,89.065,88.74,88.975,913
2026-03-10T18:15:00+05:30,88.96,89.09,88.68,88.87,890
2026-03-10T18:30:00+05:30,88.87,89.56,88.825,89.53,2117
2026-03-10T18:45:00+05:30,89.54,89.975,89.395,89.695,1948
2026-03-10T19:00:00+05:30,89.7,89.725,89.055,89.195,2126
2026-03-10T19:15:00+05:30,89.165,89.315,88.66,89.085,2261
2026-03-10T19:30:00+05:30,89.09,89.32,88.595,88.84,1828
2026-03-10T19:45:00+05:30,88.84,89.345,88.81,89.21,1204
2026-03-10T20:00:00+05:30,89.195,89.315,88.855,89.295,1056
2026-03-10T20:15:00+05:30,89.31,89.63,89.235,89.47,1156
2026-03-10T20:30:00+05:30,89.47,89.81,89.38,89.77,1138
2026-03-10T20:45:00+05:30,89.775,90.04,89.745,89.905,1374
2026-03-10T21:00:00+05:30,89.92,90.095,89.79,90.06,1056
2026-03-10T21:15:00+05:30,90.06,90.085,89.765,89.845,1071
2026-03-10T21:30:00+05:30,89.845,89.865,89.37,89.545,1396
2026-03-10T21:45:00+05:30,89.545,89.93,89.495,89.86,729
2026-03-10T22:00:00+05:30,89.885,90.09,89.88,89.895,929
2026-03-10T22:15:00+05:30,89.905,90.065,89.75,89.815,667
2026-03-10T22:30:00+05:30,89.83,89.965,89.665,89.925,1038
2026-03-10T22:45:00+05:30,89.935,89.98,89.445,89.705,2440
2026-03-10T23:00:00+05:30,89.69,89.855,89.425,89.525,906
2026-03-10T23:15:00+05:30,89.49,89.585,89.265,89.34,797
2026-03-10T23:30:00+05:30,89.365,89.465,89,89.07,1111
2026-03-10T23:45:00+05:30,89.06,89.105,87.22,88.54,4247
2026-03-11T00:00:00+05:30,88.55,88.67,87.97,88.4,1592
2026-03-11T00:15:00+05:30,88.345,88.775,88.15,88.155,1017
2026-03-11T00:30:00+05:30,88.175,88.775,88.08,88.745,701
2026-03-11T00:45:00+05:30,88.75,88.96,88.6,88.645,680
2026-03-11T01:00:00+05:30,88.645,88.74,87.995,88.41,1469
2026-03-11T01:15:00+05:30,88.42,88.73,88.375,88.71,529
2026-03-11T01:30:00+05:30,88.69,88.865,88.575,88.79,374
2026-03-11T01:45:00+05:30,88.8,88.865,88.54,88.77,218
2026-03-11T02:00:00+05:30,88.755,88.895,88.65,88.875,196
2026-03-11T02:15:00+05:30,88.86,88.915,88.515,88.535,266
2026-03-11T03:30:00+05:30,88.57,88.99,88.455,88.925,380
2026-03-11T03:45:00+05:30,88.925,89.225,88.895,88.93,536
2026-03-11T04:00:00+05:30,88.95,89.045,88.635,88.665,336
2026-03-11T04:15:00+05:30,88.68,88.805,88.51,88.555,363
2026-03-11T04:30:00+05:30,88.58,88.87,88.53,88.695,357
2026-03-11T04:45:00+05:30,88.695,88.83,88.525,88.695,301
2026-03-11T05:00:00+05:30,88.675,88.8,88.58,88.7,221
2026-03-11T05:15:00+05:30,88.7,88.735,88.335,88.695,457
2026-03-11T05:30:00+05:30,88.72,88.81,88.035,88.34,918
2026-03-11T05:45:00+05:30,88.36,89.135,88.32,89.07,868
2026-03-11T06:00:00+05:30,89.055,89.17,88.845,88.985,461
2026-03-11T06:15:00+05:30,88.995,89.55,88.965,89.525,1082
2026-03-11T06:30:00+05:30,89.5,89.715,89.05,89.225,1621
2026-03-11T06:45:00+05:30,89.215,89.425,88.75,88.97,826
2026-03-11T07:00:00+05:30,88.99,89.125,88.655,88.895,698
2026-03-11T07:15:00+05:30,88.89,89.145,88.75,88.75,865
2026-03-11T07:30:00+05:30,88.755,88.855,88.25,88.38,1252
2026-03-11T07:45:00+05:30,88.355,88.67,88.345,88.44,733
2026-03-11T08:00:00+05:30,88.44,88.68,88.06,88.65,1052
2026-03-11T08:15:00+05:30,88.65,89.295,88.65,89.055,1206
2026-03-11T08:30:00+05:30,89.05,89.145,88.76,88.865,398
2026-03-11T08:45:00+05:30,88.85,88.965,88.62,88.645,430
2026-03-11T09:00:00+05:30,88.655,88.83,88.545,88.605,274
2026-03-11T09:15:00+05:30,88.62,88.675,88.285,88.455,372
2026-03-11T09:30:00+05:30,88.455,88.62,88.255,88.6,328
2026-03-11T09:45:00+05:30,88.605,88.69,88.55,88.61,218
2026-03-11T10:00:00+05:30,88.605,88.615,88.5,88.565,132
2026-03-11T10:15:00+05:30,88.555,88.555,88.345,88.485,293
2026-03-11T10:30:00+05:30,88.48,88.585,88.37,88.41,297
2026-03-11T10:45:00+05:30,88.425,88.54,88.165,88.2,470
2026-03-11T11:00:00+05:30,88.18,88.225,87.11,87.97,2022
2026-03-11T11:15:00+05:30,87.935,87.935,87.265,87.87,921
2026-03-11T11:30:00+05:30,87.86,88.23,87.58,88.16,831
2026-03-11T11:45:00+05:30,88.17,88.28,88.03,88.205,478
2026-03-11T12:00:00+05:30,88.235,88.24,87.8,87.83,529
2026-03-11T12:15:00+05:30,87.83,87.87,87.45,87.54,841
2026-03-11T12:30:00+05:30,87.555,87.73,87.41,87.56,798
2026-03-11T12:45:00+05:30,87.585,87.705,87.47,87.705,378
2026-03-11T13:00:00+05:30,87.725,87.765,86.715,87.055,1568
2026-03-11T13:15:00+05:30,87.035,87.235,86.55,87.195,1401
2026-03-11T13:30:00+05:30,87.205,87.29,86.625,87.29,1126
2026-03-11T13:45:00+05:30,87.265,87.32,86.85,87,820
2026-03-11T14:00:00+05:30,86.99,87.285,86.75,87.09,780
2026-03-11T14:15:00+05:30,87.1,87.495,87.035,87.335,613
2026-03-11T14:30:00+05:30,87.31,87.415,86.97,87.285,700
2026-03-11T14:45:00+05:30,87.245,87.435,87.23,87.4,348
2026-03-11T15:00:00+05:30,87.385,87.58,87.245,87.265,592
2026-03-11T15:15:00+05:30,87.27,87.3,86.6,86.8,709
2026-03-11T15:30:00+05:30,86.805,87.34,86.72,87.3,653
2026-03-11T15:45:00+05:30,87.31,87.34,87.135,87.27,401
2026-03-11T16:00:00+05:30,87.285,87.285,86.7,86.77,612
2026-03-11T16:15:00+05:30,86.785,87.02,86.6,86.73,557
2026-03-11T16:30:00+05:30,86.74,87.2,86.72,86.92,533
2026-03-11T16:45:00+05:30,86.915,87.01,86.665,86.835,460
2026-03-11T17:00:00+05:30,86.78,86.945,86.345,86.38,765
2026-03-11T17:15:00+05:30,86.375,86.72,86.13,86.435,1374
2026-03-11T17:30:00+05:30,86.415,86.775,86.14,86.685,1144
2026-03-11T17:45:00+05:30,86.665,86.945,86.51,86.63,735
2026-03-11T18:00:00+05:30,86.74,87,86.105,86.19,1507
2026-03-11T18:15:00+05:30,86.17,86.21,85.37,85.45,2083
2026-03-11T18:30:00+05:30,85.415,86.075,84.81,85.865,2777
2026-03-11T18:45:00+05:30,85.85,86.38,85.805,86.345,1021
2026-03-11T19:00:00+05:30,86.34,86.34,85.295,85.3,2240
2026-03-11T19:15:00+05:30,85.285,85.465,84.58,85.405,3081
2026-03-11T19:30:00+05:30,85.385,85.875,85.35,85.85,2083
2026-03-11T19:45:00+05:30,85.835,86.06,85.43,86.04,1462
2026-03-11T20:00:00+05:30,86.025,86.125,85.495,85.9,1618
2026-03-11T20:15:00+05:30,85.88,86.08,85.645,85.705,1092
2026-03-11T20:30:00+05:30,85.705,85.9,85.09,85.28,1577
2026-03-11T20:45:00+05:30,85.25,85.585,85.1,85.325,1113
2026-03-11T21:00:00+05:30,85.335,85.355,84.95,85.09,1168
2026-03-11T21:15:00+05:30,85.095,85.285,84.84,85,1243
2026-03-11T21:30:00+05:30,84.99,85.175,84.6,85.05,1440
2026-03-11T21:45:00+05:30,85.05,85.255,84.835,85.065,844
2026-03-11T22:00:00+05:30,85.075,85.585,85.035,85.435,1050
2026-03-11T22:15:00+05:30,85.44,85.6,85.335,85.535,636
2026-03-11T22:30:00+05:30,85.475,85.765,85.415,85.45,699
2026-03-11T22:45:00+05:30,85.45,85.685,85.235,85.59,1077
2026-03-11T23:00:00+05:30,85.62,85.64,84.91,85.31,1008
2026-03-11T23:15:00+05:30,85.33,85.47,85.185,85.45,564
2026-03-11T23:30:00+05:30,85.455,85.74,85.425,85.625,655
2026-03-11T23:45:00+05:30,85.63,86.1,85.57,86.08,860
2026-03-12T00:00:00+05:30,86.06,86.06,85.74,85.86,469
2026-03-12T00:15:00+05:30,85.855,85.885,85.45,85.635,520
2026-03-12T00:30:00+05:30,85.635,85.765,85.565,85.65,290
2026-03-12T00:45:00+05:30,85.67,85.875,85.62,85.855,223
2026-03-12T01:00:00+05:30,85.855,86.115,85.785,86.11,498
2026-03-12T01:15:00+05:30,86.095,86.235,85.92,86.21,704
2026-03-12T01:30:00+05:30,86.195,86.275,86.04,86.09,286
2026-03-12T01:45:00+05:30,86.08,86.08,85.97,86,195
2026-03-12T02:00:00+05:30,85.99,86,85.87,85.875,238
2026-03-12T02:15:00+05:30,85.885,86.02,85.84,85.945,297
2026-03-12T03:30:00+05:30,86,86.09,85.505,85.795,351
2026-03-12T03:45:00+05:30,85.805,85.815,85.3,85.47,429
2026-03-12T04:00:00+05:30,85.455,85.48,85.09,85.24,471
2026-03-12T04:15:00+05:30,85.23,85.465,84.75,85.1,739
2026-03-12T04:30:00+05:30,85.09,85.39,85.01,85.275,604
2026-03-12T04:45:00+05:30,85.26,85.33,85.11,85.29,266
2026-03-12T05:00:00+05:30,85.29,85.34,85.01,85.015,435
2026-03-12T05:15:00+05:30,85.025,85.03,84.69,84.75,617
2026-03-12T05:30:00+05:30,84.75,85.115,84.07,85.065,2079
2026-03-12T05:45:00+05:30,85.065,85.505,85.04,85.34,882
2026-03-12T06:00:00+05:30,85.345,85.805,85.315,85.705,692
2026-03-12T06:15:00+05:30,85.74,85.84,85.56,85.765,607
2026-03-12T06:30:00+05:30,85.745,86.055,85.435,85.715,1489
2026-03-12T06:45:00+05:30,85.725,85.745,85.14,85.185,970
2026-03-12T07:00:00+05:30,85.175,85.845,85.06,85.845,840
2026-03-12T07:15:00+05:30,85.825,85.885,85.495,85.63,590
2026-03-12T07:30:00+05:30,85.6,85.875,85.58,85.78,478
2026-03-12T07:45:00+05:30,85.76,85.76,85.415,85.45,421
2026-03-12T08:00:00+05:30,85.475,85.695,84.745,84.91,1510
2026-03-12T08:15:00+05:30,84.945,84.96,84.43,84.66,1342
2026-03-12T08:30:00+05:30,84.65,85.13,84.565,84.84,916
2026-03-12T08:45:00+05:30,84.86,85.07,84.64,84.925,887
2026-03-12T09:00:00+05:30,84.92,85.035,84.535,84.975,807
2026-03-12T09:15:00+05:30,84.99,85.13,84.925,85.005,386
2026-03-12T09:30:00+05:30,85.01,85.04,84.83,84.95,272
2026-03-12T09:45:00+05:30,84.935,85.07,84.78,84.895,205
2026-03-12T10:00:00+05:30,84.89,84.89,84.545,84.585,392
2026-03-12T10:15:00+05:30,84.6,84.67,84.49,84.53,432
2026-03-12T10:30:00+05:30,84.515,84.985,84.515,84.895,455
2026-03-12T10:45:00+05:30,84.88,85.09,84.72,84.785,422
2026-03-12T11:00:00+05:30,84.805,85.555,84.675,85.46,1186
2026-03-12T11:15:00+05:30,85.455,85.595,85.31,85.455,704
2026-03-12T11:30:00+05:30,85.455,85.615,85.305,85.57,529
2026-03-12T11:45:00+05:30,85.55,85.615,85.255,85.55,487
2026-03-12T12:00:00+05:30,85.57,86.7,85.54,86.625,1481
2026-03-12T12:15:00+05:30,86.63,86.67,86.285,86.355,897
2026-03-12T12:30:00+05:30,86.35,86.375,86.01,86.23,605
2026-03-12T12:45:00+05:30,86.215,86.67,86.17,86.655,530
2026-03-12T13:00:00+05:30,86.625,87.18,86.57,87.12,831
2026-03-12T13:15:00+05:30,87.095,87.255,87,87.235,676
2026-03-12T13:30:00+05:30,87.24,87.385,87.105,87.22,655
2026-03-12T13:45:00+05:30,87.22,87.235,86.83,86.935,739
2026-03-12T14:00:00+05:30,86.935,87.28,86.825,86.825,589
2026-03-12T14:15:00+05:30,86.86,87.025,86.685,86.955,435
2026-03-12T14:30:00+05:30,86.965,87.165,86.875,86.975,528
2026-03-12T14:45:00+05:30,86.995,87.115,86.955,87.025,266
2026-03-12T15:00:00+05:30,87.02,87.335,87.02,87.2,463
2026-03-12T15:15:00+05:30,87.165,87.325,87.05,87.265,356
2026-03-12T15:30:00+05:30,87.255,87.435,87.185,87.225,350
2026-03-12T15:45:00+05:30,87.205,87.45,87.045,87.36,526
2026-03-12T16:00:00+05:30,87.38,87.43,86.99,87.175,681
2026-03-12T16:15:00+05:30,87.19,87.45,87.19,87.43,512
2026-03-12T16:30:00+05:30,87.43,87.49,87.065,87.095,474
2026-03-12T16:45:00+05:30,87.08,87.155,86.965,87.07,456
2026-03-12T17:00:00+05:30,87.07,87.295,87.055,87.285,486
2026-03-12T17:15:00+05:30,87.295,87.325,87.015,87.14,528
2026-03-12T17:30:00+05:30,87.16,87.38,86.87,87.035,1668
2026-03-12T17:45:00+05:30,87.025,87.2,86.76,87.2,758
2026-03-12T18:00:00+05:30,87.145,87.5,86.97,87.255,994
2026-03-12T18:15:00+05:30,87.245,87.64,87.21,87.55,1142
2026-03-12T18:30:00+05:30,87.53,87.705,87.18,87.435,1910
2026-03-12T18:45:00+05:30,87.43,87.43,86.725,86.935,1686
2026-03-12T19:00:00+05:30,86.93,86.935,86.24,86.655,2930
2026-03-12T19:15:00+05:30,86.62,86.71,85.875,86.075,2400
2026-03-12T19:30:00+05:30,86.065,86.64,86.025,86.6,1660
2026-03-12T19:45:00+05:30,86.6,86.65,85.865,85.935,1700
2026-03-12T20:00:00+05:30,85.95,86.05,85.505,85.955,1931
2026-03-12T20:15:00+05:30,85.965,86.14,85.32,85.725,1846
2026-03-12T20:30:00+05:30,85.745,85.815,84.62,85.015,2722
2026-03-12T20:45:00+05:30,85,85.33,84.725,85.27,1647
2026-03-12T21:00:00+05:30,85.275,85.49,84.835,85.395,1666
2026-03-12T21:15:00+05:30,85.415,85.535,85.245,85.385,926
2026-03-12T21:30:00+05:30,85.39,85.64,85.03,85.34,1250
2026-03-12T21:45:00+05:30,85.35,85.78,85.32,85.49,1085
2026-03-12T22:00:00+05:30,85.505,85.8,85.2,85.65,1145
2026-03-12T22:15:00+05:30,85.655,85.71,85.275,85.275,746
2026-03-12T22:30:00+05:30,85.28,85.605,85.245,85.27,695
2026-03-12T22:45:00+05:30,85.285,85.36,84.94,85.065,1463
2026-03-12T23:00:00+05:30,85.09,85.17,84.855,85.06,821
2026-03-12T23:15:00+05:30,85.085,85.19,84.88,84.975,768
2026-03-12T23:30:00+05:30,84.98,85.365,84.96,85.165,683
2026-03-12T23:45:00+05:30,85.19,85.295,84.825,84.98,696
2026-03-13T00:00:00+05:30,84.99,85.11,84.885,85.05,493
2026-03-13T00:15:00+05:30,85.04,85.22,84.865,84.95,546
2026-03-13T00:30:00+05:30,84.93,85.06,84.575,85.03,992
2026-03-13T00:45:00+05:30,85.035,85.135,84.875,85.09,477
2026-03-13T01:00:00+05:30,85.125,85.215,84.81,84.855,481
2026-03-13T01:15:00+05:30,84.8,84.955,84.525,84.69,683
2026-03-13T01:30:00+05:30,84.675,84.78,84.31,84.425,468
2026-03-13T01:45:00+05:30,84.425,84.55,83.62,83.63,1072
2026-03-13T02:00:00+05:30,83.615,83.95,83.13,83.9,1228
2026-03-13T02:15:00+05:30,83.895,84.145,83.81,83.95,529
2026-03-13T03:30:00+05:30,83.95,84.23,83.54,83.62,256
2026-03-13T03:45:00+05:30,83.64,84.415,83.64,84.27,641
2026-03-13T04:00:00+05:30,84.27,84.315,84.035,84.2,266
2026-03-13T04:15:00+05:30,84.205,84.5,84.06,84.495,339
2026-03-13T04:30:00+05:30,84.5,84.5,84.275,84.32,351
2026-03-13T04:45:00+05:30,84.305,84.52,84.285,84.345,196
2026-03-13T05:00:00+05:30,84.36,84.4,84.25,84.32,280
2026-03-13T05:15:00+05:30,84.335,84.435,84.095,84.145,292
2026-03-13T05:30:00+05:30,84.105,84.89,84.05,84.845,699
2026-03-13T05:45:00+05:30,84.83,84.99,84.715,84.81,462
2026-03-13T06:00:00+05:30,84.815,85.155,84.81,84.91,537
2026-03-13T06:15:00+05:30,84.925,85.245,84.92,85.195,622
2026-03-13T06:30:00+05:30,85.195,85.63,85.195,85.485,1507
2026-03-13T06:45:00+05:30,85.5,85.51,85.17,85.385,581
2026-03-13T07:00:00+05:30,85.39,85.48,84.795,84.855,1132
2026-03-13T07:15:00+05:30,84.84,84.965,84.115,84.945,1384
2026-03-13T07:30:00+05:30,84.975,85.385,84.975,85.215,889
2026-03-13T07:45:00+05:30,85.205,85.3,84.99,85.245,517
2026-03-13T08:00:00+05:30,85.24,85.31,84.93,85.04,655
2026-03-13T08:15:00+05:30,85.045,85.05,84.465,84.56,961
2026-03-13T08:30:00+05:30,84.59,84.69,84.355,84.425,891
2026-03-13T08:45:00+05:30,84.435,84.595,84.23,84.525,720
2026-03-13T09:00:00+05:30,84.52,84.71,84.23,84.63,561
2026-03-13T09:15:00+05:30,84.62,84.905,84.615,84.835,324
2026-03-13T09:30:00+05:30,84.845,84.855,84.605,84.62,253
2026-03-13T09:45:00+05:30,84.64,84.675,84.33,84.365,366
2026-03-13T10:00:00+05:30,84.375,84.525,84.295,84.45,300
2026-03-13T10:15:00+05:30,84.47,84.55,84.35,84.44,200
2026-03-13T10:30:00+05:30,84.45,84.605,84.435,84.52,279
2026-03-13T10:45:00+05:30,84.525,84.635,84.24,84.31,403
2026-03-13T11:00:00+05:30,84.32,84.365,83.555,83.695,1572
2026-03-13T11:15:00+05:30,83.7,83.92,83.25,83.745,1863
2026-03-13T11:30:00+05:30,83.745,83.985,83.55,83.695,1129
2026-03-13T11:45:00+05:30,83.685,83.7,82.65,83.045,2304
2026-03-13T12:00:00+05:30,83.03,83.19,82.51,82.57,2128
2026-03-13T12:15:00+05:30,82.575,82.835,82.245,82.55,2101
2026-03-13T12:30:00+05:30,82.57,82.98,82.51,82.66,1082
2026-03-13T12:45:00+05:30,82.64,82.645,81.7,82.38,2071
2026-03-13T13:00:00+05:30,82.4,82.775,82.3,82.56,757
2026-03-13T13:15:00+05:30,82.555,82.76,82.2,82.465,688
2026-03-13T13:30:00+05:30,82.495,82.495,81.67,82.405,1409
2026-03-13T13:45:00+05:30,82.38,82.49,81.815,82.11,1144
2026-03-13T14:00:00+05:30,82.12,82.865,82.11,82.605,927
2026-03-13T14:15:00+05:30,82.6,83.03,82.42,82.785,971
2026-03-13T14:30:00+05:30,82.795,83.045,82.71,82.83,654
2026-03-13T14:45:00+05:30,82.855,82.935,82.42,82.915,909
2026-03-13T15:00:00+05:30,82.93,82.985,82.66,82.785,321
2026-03-13T15:15:00+05:30,82.77,83.25,82.76,83.11,436
2026-03-13T15:30:00+05:30,83.085,83.32,82.89,83.3,514
2026-03-13T15:45:00+05:30,83.27,83.305,82.945,83.005,356
2026-03-13T16:00:00+05:30,82.985,83.215,82.845,83.14,376
2026-03-13T16:15:00+05:30,83.145,83.65,83.045,83.36,791
2026-03-13T16:30:00+05:30,83.375,83.51,83.06,83.22,577
2026-03-13T16:45:00+05:30,83.225,83.54,83.145,83.495,396
2026-03-13T17:00:00+05:30,83.485,83.485,83.185,83.335,337
2026-03-13T17:15:00+05:30,83.365,83.94,83.24,83.85,747
2026-03-13T17:30:00+05:30,83.84,84.36,83.78,84.145,1291
2026-03-13T17:45:00+05:30,84.14,84.375,84.01,84.225,757
2026-03-13T18:00:00+05:30,84.28,84.46,84.02,84.18,918
2026-03-13T18:15:00+05:30,84.15,84.635,84.115,84.43,1495
2026-03-13T18:30:00+05:30,84.425,84.665,84.095,84.39,1616
2026-03-13T18:45:00+05:30,84.45,84.56,84.17,84.21,919
2026-03-13T19:00:00+05:30,84.2,84.245,83.505,84.24,2371
2026-03-13T19:15:00+05:30,84.245,84.415,83.665,83.72,1396
2026-03-13T19:30:00+05:30,83.71,83.815,82.635,82.635,2106
2026-03-13T19:45:00+05:30,82.635,82.81,82.285,82.6,2528
2026-03-13T20:00:00+05:30,82.55,82.76,82.085,82.185,1908
2026-03-13T20:15:00+05:30,82.175,82.295,80.735,80.76,4167
2026-03-13T20:30:00+05:30,80.735,81.72,80.675,81.565,2851
2026-03-13T20:45:00+05:30,81.55,81.565,80.935,81.11,1350
2026-03-13T21:00:00+05:30,81.105,81.28,80.415,80.575,1899
2026-03-13T21:15:00+05:30,80.575,81.155,80.255,80.365,2404
2026-03-13T21:30:00+05:30,80.35,80.47,79.515,80.35,3437
2026-03-13T21:45:00+05:30,80.32,80.42,79.87,80.225,1626
2026-03-13T22:00:00+05:30,80.225,80.505,80.02,80.15,1688
2026-03-13T22:15:00+05:30,80.145,80.67,79.925,80.455,1427
2026-03-13T22:30:00+05:30,80.425,81.11,80.405,81.08,1747
2026-03-13T22:45:00+05:30,81.13,81.46,81.06,81.215,1794
2026-03-13T23:00:00+05:30,81.22,81.485,81.02,81.13,924
2026-03-13T23:15:00+05:30,81.16,81.255,80.785,81.055,1071
2026-03-13T23:30:00+05:30,81.045,81.185,80.94,81.075,800
2026-03-13T23:45:00+05:30,81.085,81.245,80.815,81.225,878
2026-03-14T00:00:00+05:30,81.205,81.345,80.86,80.95,826
2026-03-14T00:15:00+05:30,80.945,81.12,80.89,81.04,382
2026-03-14T00:30:00+05:30,81.095,81.2,80.705,81.04,633
2026-03-14T00:45:00+05:30,81.055,81.075,80.505,80.645,758
2026-03-14T01:00:00+05:30,80.63,80.75,80.195,80.36,926
2026-03-14T01:15:00+05:30,80.4,80.58,79.95,80.38,1104
2026-03-14T01:30:00+05:30,80.38,80.455,79.995,80.365,633
2026-03-14T01:45:00+05:30,80.38,80.5,80.305,80.35,471
2026-03-14T02:00:00+05:30,80.35,80.645,80.21,80.58,434
2026-03-14T02:15:00+05:30,80.57,80.735,80.495,80.615,529
2026-03-16T03:30:00+05:30,80.535,80.75,79.885,80.275,543
2026-03-16T03:45:00+05:30,80.24,80.285,79.4,80.04,1055
2026-03-16T04:00:00+05:30,80.065,80.215,79.85,80.135,726
2026-03-16T04:15:00+05:30,80.1,80.69,80.085,80.565,845
2026-03-16T04:30:00+05:30,80.555,80.635,80.01,80.035,868
2026-03-16T04:45:00+05:30,80.06,80.215,79.265,80.04,1859
2026-03-16T05:00:00+05:30,80.055,80.075,79.62,79.87,792
2026-03-16T05:15:00+05:30,79.84,80.215,79.65,80.16,785
2026-03-16T05:30:00+05:30,80.2,81.495,80.185,81.28,2180
2026-03-16T05:45:00+05:30,81.305,81.54,81.115,81.19,799
2026-03-16T06:00:00+05:30,81.21,81.535,81.145,81.455,694
2026-03-16T06:15:00+05:30,81.44,81.685,81.185,81.6,1179
2026-03-16T06:30:00+05:30,81.595,81.66,78.6,78.69,4980
2026-03-16T06:45:00+05:30,78.67,79.685,78.535,79.185,3376
2026-03-16T07:00:00+05:30,79.175,79.775,78.64,79.765,2618
2026-03-16T07:15:00+05:30,79.775,80.47,79.7,80.44,1951
2026-03-16T07:30:00+05:30,80.425,80.535,79.915,80.155,1170
2026-03-16T07:45:00+05:30,80.16,80.345,79.71,79.99,1003
2026-03-16T08:00:00+05:30,79.985,80.08,79.445,79.795,1388
2026-03-16T08:15:00+05:30,79.79,79.92,79.2,79.38,1322
2026-03-16T08:30:00+05:30,79.42,79.695,78.915,79.025,1090
2026-03-16T08:45:00+05:30,79.01,80.005,78.95,79.895,1459
2026-03-16T09:00:00+05:30,79.895,80.28,79.895,80.26,631
2026-03-16T09:15:00+05:30,80.27,80.38,80.07,80.32,527
2026-03-16T09:30:00+05:30,80.3,80.725,80.24,80.66,670
2026-03-16T09:45:00+05:30,80.68,80.735,80.435,80.44,567
2026-03-16T10:00:00+05:30,80.445,80.625,80.295,80.365,460
2026-03-16T10:15:00+05:30,80.375,80.41,80.13,80.15,320
2026-03-16T10:30:00+05:30,80.175,80.35,80.075,80.14,396
2026-03-16T10:45:00+05:30,80.115,80.12,79.8,79.955,499
2026-03-16T11:00:00+05:30,79.92,80.45,79.485,80.395,1264
2026-03-16T11:15:00+05:30,80.385,80.58,80.19,80.33,654
2026-03-16T11:30:00+05:30,80.365,80.565,80.035,80.525,666
2026-03-16T11:45:00+05:30,80.53,80.85,80.4,80.475,876
2026-03-16T12:00:00+05:30,80.465,80.545,79.935,80.195,874
2026-03-16T12:15:00+05:30,80.18,80.24,79.68,80.18,1083
2026-03-16T12:30:00+05:30,80.19,80.465,79.86,80.02,703
2026-03-16T12:45:00+05:30,80.025,80.025,79.17,79.385,1486
2026-03-16T13:00:00+05:30,79.39,79.575,79,79.095,1197
2026-03-16T13:15:00+05:30,79.085,79.5,79.085,79.145,679
2026-03-16T13:30:00+05:30,79.155,79.615,78.805,78.845,1300
2026-03-16T13:45:00+05:30,78.83,79.575,78.735,79.455,1335
2026-03-16T14:00:00+05:30,79.465,79.515,78.775,78.795,890
2026-03-16T14:15:00+05:30,78.795,79.425,78.76,79.245,733
2026-03-16T14:30:00+05:30,79.23,79.255,78.62,79.025,1149
2026-03-16T14:45:00+05:30,79.005,79.135,78.795,78.84,706
2026-03-16T15:00:00+05:30,78.865,78.945,78.27,78.275,1042
2026-03-16T15:15:00+05:30,78.3,78.775,77.74,77.925,1370
2026-03-16T15:30:00+05:30,77.875,77.89,77.135,77.255,3392
2026-03-16T15:45:00+05:30,77.265,77.92,77.225,77.82,2380
2026-03-16T16:00:00+05:30,77.82,78.21,77.775,78.175,1326
2026-03-16T16:15:00+05:30,78.16,79.115,78.04,79.01,1905
2026-03-16T16:30:00+05:30,79,79.17,78.785,79.085,1197
2026-03-16T16:45:00+05:30,79.1,79.49,79.035,79.29,880
2026-03-16T17:00:00+05:30,79.295,79.54,79.15,79.345,619
2026-03-16T17:15:00+05:30,79.395,79.47,78.88,79.04,740
2026-03-16T17:30:00+05:30,79.045,79.385,78.95,79.295,1059
2026-03-16T17:45:00+05:30,79.3,79.835,79.16,79.745,998
2026-03-16T18:00:00+05:30,79.745,80.17,79.745,80.12,1162
2026-03-16T18:15:00+05:30,80.15,80.415,80.11,80.39,1168
2026-03-16T18:30:00+05:30,80.39,80.57,79.88,80.39,1955
2026-03-16T18:45:00+05:30,80.39,81.105,80.39,81.095,2094
2026-03-16T19:00:00+05:30,81.06,81.815,80.865,81.375,2976
2026-03-16T19:15:00+05:30,81.38,81.58,81.115,81.46,1808
2026-03-16T19:30:00+05:30,81.47,81.755,81.32,81.44,2039
2026-03-16T19:45:00+05:30,81.475,81.665,81.005,81.02,2163
2026-03-16T20:00:00+05:30,81.01,81.075,80.58,80.63,1911
2026-03-16T20:15:00+05:30,80.62,80.925,80.22,80.86,2069
2026-03-16T20:30:00+05:30,80.84,81.115,80.575,80.94,1576
2026-03-16T20:45:00+05:30,80.95,81.275,80.845,80.985,1078
2026-03-16T21:00:00+05:30,80.985,81.175,80.835,80.835,795
2026-03-16T21:15:00+05:30,80.835,80.905,80.4,80.475,1108
2026-03-16T21:30:00+05:30,80.505,80.95,80.365,80.715,1031
2026-03-16T21:45:00+05:30,80.72,80.87,80.035,80.075,1273
2026-03-16T22:00:00+05:30,80.1,80.335,79.685,80.165,1869
2026-03-16T22:15:00+05:30,80.155,80.64,80.055,80.425,906
2026-03-16T22:30:00+05:30,80.435,80.92,80.43,80.875,961
2026-03-16T22:45:00+05:30,80.885,80.925,80.59,80.75,1054
2026-03-16T23:00:00+05:30,80.755,80.8,80.33,80.44,652
2026-03-16T23:15:00+05:30,80.455,80.63,80.34,80.445,487
2026-03-16T23:30:00+05:30,80.465,80.75,80.285,80.72,516
2026-03-16T23:45:00+05:30,80.72,81.17,80.72,81.135,796
2026-03-17T00:00:00+05:30,81.12,81.625,81.1,81.485,930
2026-03-17T00:15:00+05:30,81.49,81.565,81.245,81.245,638
2026-03-17T00:30:00+05:30,81.295,81.645,81.15,81.26,602
2026-03-17T00:45:00+05:30,81.235,81.38,81.005,81.07,615
2026-03-17T01:00:00+05:30,81.045,81.28,80.95,81.095,612
2026-03-17T01:15:00+05:30,81.12,81.285,80.98,81.125,647
2026-03-17T01:30:00+05:30,81.115,81.295,80.945,81.185,306
2026-03-17T01:45:00+05:30,81.17,81.185,81.085,81.14,118
2026-03-17T02:00:00+05:30,81.125,81.13,80.97,81.08,267
2026-03-17T02:15:00+05:30,81.06,81.145,80.935,80.995,281
2026-03-17T03:30:00+05:30,81,81.36,80.825,80.975,413
2026-03-17T03:45:00+05:30,80.995,81.155,80.825,81,203
2026-03-17T04:00:00+05:30,80.99,81.2,80.9,81.04,301
2026-03-17T04:15:00+05:30,81.045,81.125,80.95,81.01,229
2026-03-17T04:30:00+05:30,81,81.165,80.99,81.125,184
2026-03-17T04:45:00+05:30,81.11,81.295,81.09,81.275,208
2026-03-17T05:00:00+05:30,81.29,81.37,81.22,81.22,288
2026-03-17T05:15:00+05:30,81.225,81.39,81.15,81.345,315
2026-03-17T05:30:00+05:30,81.355,81.365,80.515,80.82,1013
2026-03-17T05:45:00+05:30,80.805,80.935,80.435,80.61,687
2026-03-17T06:00:00+05:30,80.625,80.795,80.44,80.525,478
2026-03-17T06:15:00+05:30,80.55,80.73,80.415,80.585,754
2026-03-17T06:30:00+05:30,80.575,80.99,80.045,80.785,2013
2026-03-17T06:45:00+05:30,80.78,81.02,80.485,80.765,852
2026-03-17T07:00:00+05:30,80.785,81.285,80.74,81.03,832
2026-03-17T07:15:00+05:30,81.035,81.75,80.96,81.65,1077
2026-03-17T07:30:00+05:30,81.65,81.665,81.31,81.4,860
2026-03-17T07:45:00+05:30,81.405,81.5,81.285,81.48,361
2026-03-17T08:00:00+05:30,81.495,81.75,81.34,81.695,712
2026-03-17T08:15:00+05:30,81.705,81.715,81.33,81.355,614
2026-03-17T08:30:00+05:30,81.345,81.345,81.085,81.185,622
2026-03-17T08:45:00+05:30,81.185,81.785,81.18,81.71,742
2026-03-17T09:00:00+05:30,81.74,81.76,81.35,81.425,490
2026-03-17T09:15:00+05:30,81.41,81.57,81.385,81.555,290
2026-03-17T09:30:00+05:30,81.56,81.7,81.5,81.67,335
2026-03-17T09:45:00+05:30,81.665,82.295,81.6,82.27,955
2026-03-17T10:00:00+05:30,82.26,82.62,82.21,82.555,916
2026-03-17T10:15:00+05:30,82.585,82.755,82.445,82.63,644
2026-03-17T10:30:00+05:30,82.655,82.66,82.36,82.58,609
2026-03-17T10:45:00+05:30,82.58,82.68,82.275,82.275,492
2026-03-17T11:00:00+05:30,82.27,82.31,81.86,81.875,1304
2026-03-17T11:15:00+05:30,81.895,81.965,81.21,81.265,1526
2026-03-17T11:30:00+05:30,81.275,81.4,80.595,80.92,2271
2026-03-17T11:45:00+05:30,80.93,81.23,80.63,81.11,1260
2026-03-17T12:00:00+05:30,81.125,81.295,80.94,81.13,802
2026-03-17T12:15:00+05:30,81.13,81.135,80.715,80.725,634
2026-03-17T12:30:00+05:30,80.755,81.27,80.755,81.165,551
2026-03-17T12:45:00+05:30,81.155,81.365,80.915,81.315,559
2026-03-17T13:00:00+05:30,81.32,81.5,81.285,81.34,469
2026-03-17T13:15:00+05:30,81.32,81.34,81.09,81.15,457
2026-03-17T13:30:00+05:30,81.13,81.285,80.66,80.88,809
2026-03-17T13:45:00+05:30,80.87,81.31,80.82,81.18,497
2026-03-17T14:00:00+05:30,81.205,81.32,81.055,81.255,448
2026-03-17T14:15:00+05:30,81.235,81.25,80.875,81.055,447
2026-03-17T14:30:00+05:30,81.04,81.07,80.65,80.73,616
2026-03-17T14:45:00+05:30,80.72,81.02,80.645,80.97,573
2026-03-17T15:00:00+05:30,80.97,81.095,80.74,81.09,464
2026-03-17T15:15:00+05:30,81.055,81.135,80.885,80.965,411
2026-03-17T15:30:00+05:30,80.94,81.1,80.4,80.535,924
2026-03-17T15:45:00+05:30,80.525,80.725,80.465,80.53,490
2026-03-17T16:00:00+05:30,80.535,80.695,80.16,80.3,882
2026-03-17T16:15:00+05:30,80.295,80.42,79.92,80.33,1185
2026-03-17T16:30:00+05:30,80.31,80.675,80.18,80.625,619
2026-03-17T16:45:00+05:30,80.635,80.84,80.605,80.695,359
2026-03-17T17:00:00+05:30,80.715,80.745,80.535,80.705,444
2026-03-17T17:15:00+05:30,80.695,80.865,80.34,80.395,577
2026-03-17T17:30:00+05:30,80.41,80.475,80.125,80.4,1014
2026-03-17T17:45:00+05:30,80.41,80.98,80.395,80.975,852
2026-03-17T18:00:00+05:30,80.94,81.19,80.805,80.875,1068
2026-03-17T18:15:00+05:30,80.875,80.885,80.565,80.81,861
2026-03-17T18:30:00+05:30,80.81,81.125,80.69,80.925,1173
2026-03-17T18:45:00+05:30,80.93,81.28,80.87,80.905,1092
2026-03-17T19:00:00+05:30,80.92,81.54,80.87,81.35,1995
2026-03-17T19:15:00+05:30,81.335,81.585,81.02,81.415,1818
2026-03-17T19:30:00+05:30,81.45,81.53,81.025,81.27,1307
2026-03-17T19:45:00+05:30,81.265,81.275,80.64,80.79,1444
2026-03-17T20:00:00+05:30,80.78,80.91,80.5,80.85,1689
2026-03-17T20:15:00+05:30,80.85,80.995,80.295,80.315,1433
2026-03-17T20:30:00+05:30,80.315,80.635,80.1,80.15,1315
2026-03-17T20:45:00+05:30,80.14,80.495,79.835,79.865,1702
2026-03-17T21:00:00+05:30,79.855,80.055,78.38,79.11,4021
2026-03-17T21:15:00+05:30,79.095,79.575,79.065,79.32,2007
2026-03-17T21:30:00+05:30,79.32,79.425,78.865,79.115,1638
2026-03-17T21:45:00+05:30,79.135,79.605,79.08,79.57,1015
2026-03-17T22:00:00+05:30,79.55,79.705,79.425,79.595,982
2026-03-17T22:15:00+05:30,79.59,79.61,79.335,79.49,719
2026-03-17T22:30:00+05:30,79.515,79.87,79.49,79.595,1075
2026-03-17T22:45:00+05:30,79.605,80.07,79.57,79.76,1175
2026-03-17T23:00:00+05:30,79.755,79.805,79.535,79.57,587
2026-03-17T23:15:00+05:30,79.585,79.72,79.485,79.67,459
2026-03-17T23:30:00+05:30,79.67,79.845,79.51,79.81,445
2026-03-17T23:45:00+05:30,79.82,79.96,79.595,79.65,605
2026-03-18T00:00:00+05:30,79.645,79.7,79.525,79.66,299
2026-03-18T00:15:00+05:30,79.665,79.805,79.57,79.58,325
2026-03-18T00:30:00+05:30,79.58,79.58,79.305,79.435,555
2026-03-18T00:45:00+05:30,79.435,79.445,79.17,79.21,385
2026-03-18T01:00:00+05:30,79.21,79.365,79.125,79.3,465
2026-03-18T01:15:00+05:30,79.335,79.42,79.2,79.31,390
2026-03-18T01:30:00+05:30,79.31,79.39,79.27,79.295,185
2026-03-18T01:45:00+05:30,79.31,79.31,79.215,79.295,177
2026-03-18T02:00:00+05:30,79.295,79.41,79.255,79.405,176
2026-03-18T02:15:00+05:30,79.395,79.455,79.3,79.43,232
2026-03-18T03:30:00+05:30,79.465,79.55,79.135,79.33,230
2026-03-18T03:45:00+05:30,79.36,79.415,79.085,79.24,245
2026-03-18T04:00:00+05:30,79.245,79.245,78.9,78.965,291
2026-03-18T04:15:00+05:30,78.94,79.215,78.825,79.135,392
2026-03-18T04:30:00+05:30,79.13,79.265,79.13,79.23,292
2026-03-18T04:45:00+05:30,79.225,79.25,79.15,79.195,166
2026-03-18T05:00:00+05:30,79.185,79.34,79.185,79.28,198
2026-03-18T05:15:00+05:30,79.27,79.345,79.245,79.335,138
2026-03-18T05:30:00+05:30,79.36,79.99,79.33,79.795,1122
2026-03-18T05:45:00+05:30,79.83,79.83,79.54,79.54,379
2026-03-18T06:00:00+05:30,79.54,79.56,79.325,79.5,619
2026-03-18T06:15:00+05:30,79.52,79.79,79.425,79.57,607
2026-03-18T06:30:00+05:30,79.555,80.24,79.19,80.015,1865
2026-03-18T06:45:00+05:30,80.01,80.16,79.835,79.86,760
2026-03-18T07:00:00+05:30,79.865,79.985,79.285,79.405,1078
2026-03-18T07:15:00+05:30,79.405,79.445,78.93,79.3,1313
2026-03-18T07:30:00+05:30,79.32,79.435,79.05,79.205,784
2026-03-18T07:45:00+05:30,79.215,79.545,79.215,79.3,476
2026-03-18T08:00:00+05:30,79.31,79.345,78.95,79.145,1075
2026-03-18T08:15:00+05:30,79.17,79.295,78.27,78.485,1579
2026-03-18T08:30:00+05:30,78.445,78.925,78.22,78.82,1323
2026-03-18T08:45:00+05:30,78.845,79.05,78.7,78.925,605
2026-03-18T09:00:00+05:30,78.925,79.04,78.845,78.95,317
2026-03-18T09:15:00+05:30,78.98,78.995,78.61,78.805,588
2026-03-18T09:30:00+05:30,78.82,78.925,78.735,78.82,300
2026-03-18T09:45:00+05:30,78.81,78.87,78.75,78.805,168
2026-03-18T10:00:00+05:30,78.795,78.795,78.355,78.56,726
2026-03-18T10:15:00+05:30,78.56,78.7,78.51,78.66,216
2026-03-18T10:30:00+05:30,78.705,79.3,78.635,79.175,819
2026-03-18T10:45:00+05:30,79.175,79.475,79.09,79.315,605
2026-03-18T11:00:00+05:30,79.3,79.73,78.965,79.42,1296
2026-03-18T11:15:00+05:30,79.405,79.535,78.98,79.1,603
2026-03-18T11:30:00+05:30,79.085,79.915,79.085,79.815,795
2026-03-18T11:45:00+05:30,79.825,80.195,79.715,79.98,964
2026-03-18T12:00:00+05:30,79.965,80.25,79.735,79.875,938
2026-03-18T12:15:00+05:30,79.89,80.015,79.68,79.935,606
2026-03-18T12:30:00+05:30,79.95,80.295,79.95,80.02,819
2026-03-18T12:45:00+05:30,80.01,80.04,79.76,79.99,379
2026-03-18T13:00:00+05:30,79.995,80.055,79.695,79.745,380
2026-03-18T13:15:00+05:30,79.745,79.85,79.395,79.85,581
2026-03-18T13:30:00+05:30,79.84,79.91,79.535,79.59,437
2026-03-18T13:45:00+05:30,79.59,79.62,79.06,79.445,610
2026-03-18T14:00:00+05:30,79.45,79.495,79.2,79.39,363
2026-03-18T14:15:00+05:30,79.385,79.58,79.2,79.49,423
2026-03-18T14:30:00+05:30,79.485,79.735,79.47,79.555,288
2026-03-18T14:45:00+05:30,79.57,79.95,79.5,79.81,393
2026-03-18T15:00:00+05:30,79.82,80.105,79.8,80.055,336
2026-03-18T15:15:00+05:30,80.04,80.155,79.955,80.065,334
2026-03-18T15:30:00+05:30,80.07,80.08,79.805,79.97,377
2026-03-18T15:45:00+05:30,79.97,80.18,79.79,79.855,385
2026-03-18T16:00:00+05:30,79.86,80,79.405,79.765,739
2026-03-18T16:15:00+05:30,79.76,79.81,79.035,79.175,871
2026-03-18T16:30:00+05:30,79.16,79.655,78.835,79.625,1321
2026-03-18T16:45:00+05:30,79.605,79.745,78.86,78.98,984
2026-03-18T17:00:00+05:30,78.945,79.315,78.525,78.7,1558
2026-03-18T17:15:00+05:30,78.695,78.9,78.47,78.705,1250
2026-03-18T17:30:00+05:30,78.73,79.115,78.275,78.375,2123
2026-03-18T17:45:00+05:30,78.365,78.66,77.935,78.33,2269
2026-03-18T18:00:00+05:30,78.35,78.35,77.72,77.825,2163
2026-03-18T18:15:00+05:30,77.83,78.265,77.445,77.665,2094
2026-03-18T18:30:00+05:30,77.65,77.65,76.06,76.33,5281
2026-03-18T18:45:00+05:30,76.3,76.925,75.65,76.885,2845
2026-03-18T19:00:00+05:30,76.865,77.535,76.435,77.2,2542
2026-03-18T19:15:00+05:30,77.21,77.735,76.69,77.61,2068
2026-03-18T19:30:00+05:30,77.615,78.065,77.39,77.42,2475
2026-03-18T19:45:00+05:30,77.425,77.525,76.585,76.61,2064
2026-03-18T20:00:00+05:30,76.595,76.885,76.285,76.48,1580
2026-03-18T20:15:00+05:30,76.475,76.92,76.385,76.915,1623
2026-03-18T20:30:00+05:30,76.905,77.215,76.865,77.005,1321
2026-03-18T20:45:00+05:30,77.035,77.17,76.79,76.965,811
2026-03-18T21:00:00+05:30,76.965,77.245,76.795,76.795,802
2026-03-18T21:15:00+05:30,76.81,77.015,76.665,76.74,653
2026-03-18T21:30:00+05:30,76.735,77.105,76.64,77.085,646
2026-03-18T21:45:00+05:30,77.08,77.495,76.985,77.485,937
2026-03-18T22:00:00+05:30,77.48,77.5,77.005,77.39,1013
2026-03-18T22:15:00+05:30,77.405,77.45,77.21,77.265,762
2026-03-18T22:30:00+05:30,77.26,77.365,77.07,77.125,787
2026-03-18T22:45:00+05:30,77.145,77.67,77.145,77.47,1153
2026-03-18T23:00:00+05:30,77.45,77.585,77.295,77.315,520
2026-03-18T23:15:00+05:30,77.305,77.445,77.12,77.145,626
2026-03-18T23:30:00+05:30,77.155,77.675,76.835,77.29,1768
2026-03-18T23:45:00+05:30,77.28,77.3,76.815,76.995,813
2026-03-19T00:00:00+05:30,77.005,77.09,76.42,76.535,1720
2026-03-19T00:15:00+05:30,76.51,76.54,76.085,76.125,1648
2026-03-19T00:30:00+05:30,76.12,76.605,75.935,76.405,1679
2026-03-19T00:45:00+05:30,76.43,76.63,75.935,76.195,1175
2026-03-19T01:00:00+05:30,76.21,76.53,76.14,76.23,711
2026-03-19T01:15:00+05:30,76.235,76.27,75.98,76.04,900
2026-03-19T01:30:00+05:30,76.025,76.12,75.55,75.61,886
2026-03-19T01:45:00+05:30,75.62,75.685,75.155,75.2,1535
2026-03-19T02:00:00+05:30,75.2,75.56,75.07,75.51,1365
2026-03-19T02:15:00+05:30,75.505,75.55,75.315,75.435,679
2026-03-19T03:30:00+05:30,75.36,75.845,75.12,75.175,641
2026-03-19T03:45:00+05:30,75.16,75.49,75.045,75.26,927
2026-03-19T04:00:00+05:30,75.24,75.7,75.17,75.545,817
2026-03-19T04:15:00+05:30,75.535,75.87,75.53,75.735,466
2026-03-19T04:30:00+05:30,75.76,76.105,75.68,76,891
2026-03-19T04:45:00+05:30,75.995,76.065,75.65,76.045,685
2026-03-19T05:00:00+05:30,76.05,76.285,76.005,76.07,644
2026-03-19T05:15:00+05:30,76.08,76.335,75.91,75.94,592
2026-03-19T05:30:00+05:30,75.925,76.32,75.91,76.21,656
2026-03-19T05:45:00+05:30,76.23,76.5,76.1,76.475,978
2026-03-19T06:00:00+05:30,76.46,76.725,76.27,76.405,1131
2026-03-19T06:15:00+05:30,76.405,76.565,76.24,76.49,1006
2026-03-19T06:30:00+05:30,76.495,76.75,75.57,75.73,2799
2026-03-19T06:45:00+05:30,75.67,76.135,75.48,76.135,1421
2026-03-19T07:00:00+05:30,76.155,76.745,76.035,76.67,1736
2026-03-19T07:15:00+05:30,76.635,76.635,76.105,76.175,862
2026-03-19T07:30:00+05:30,76.2,76.23,75.835,76.04,962
2026-03-19T07:45:00+05:30,76.03,76.595,76.02,76.57,604
2026-03-19T08:00:00+05:30,76.555,76.74,76.39,76.64,1042
2026-03-19T08:15:00+05:30,76.66,76.665,76.265,76.49,764
2026-03-19T08:30:00+05:30,76.495,76.625,76.315,76.555,485
2026-03-19T08:45:00+05:30,76.55,76.55,76.11,76.17,568
2026-03-19T09:00:00+05:30,76.18,76.195,75.885,76.01,667
2026-03-19T09:15:00+05:30,76.015,76.11,75.86,75.865,464
2026-03-19T09:30:00+05:30,75.865,75.87,75.535,75.685,840
2026-03-19T09:45:00+05:30,75.67,75.74,75.605,75.64,502
2026-03-19T10:00:00+05:30,75.625,75.76,75.545,75.615,374
2026-03-19T10:15:00+05:30,75.63,75.775,75.505,75.74,402
2026-03-19T10:30:00+05:30,75.75,76.04,75.685,75.975,610
2026-03-19T10:45:00+05:30,75.975,76.075,75.685,75.69,360
2026-03-19T11:00:00+05:30,75.68,75.72,74.87,75.01,2555
2026-03-19T11:15:00+05:30,74.995,75.045,74.35,74.385,2113
2026-03-19T11:30:00+05:30,74.37,74.98,74.355,74.735,1582
2026-03-19T11:45:00+05:30,74.73,74.76,73.435,73.54,3627
2026-03-19T12:00:00+05:30,73.54,73.59,72.565,72.895,4225
2026-03-19T12:15:00+05:30,72.945,73.005,71.81,72.485,5519
2026-03-19T12:30:00+05:30,72.49,72.885,72.39,72.665,2217
2026-03-19T12:45:00+05:30,72.675,72.925,72.265,72.435,1398
2026-03-19T13:00:00+05:30,72.44,72.565,71.905,71.95,1720
2026-03-19T13:15:00+05:30,71.925,72.16,71.21,71.3,2393
2026-03-19T13:30:00+05:30,71.305,71.925,71.115,71.39,2774
2026-03-19T13:45:00+05:30,71.415,71.91,71.13,71.23,2091
2026-03-19T14:00:00+05:30,71.22,71.415,70.21,70.23,3401
2026-03-19T14:15:00+05:30,70.25,71.75,70.1,71.485,2828
2026-03-19T14:30:00+05:30,71.47,71.745,71.215,71.5,1645
2026-03-19T14:45:00+05:30,71.475,72.005,71.405,71.545,2309
2026-03-19T15:00:00+05:30,71.53,71.875,71.28,71.385,1430
2026-03-19T15:15:00+05:30,71.395,71.985,71.335,71.675,1750
2026-03-19T15:30:00+05:30,71.66,72.07,71.545,71.73,1375
2026-03-19T15:45:00+05:30,71.71,71.72,71.125,71.635,1522
2026-03-19T16:00:00+05:30,71.625,71.985,71.49,71.63,1362
2026-03-19T16:15:00+05:30,71.625,71.635,70.54,70.92,2200
2026-03-19T16:30:00+05:30,70.9,71.445,70.59,70.67,2091
2026-03-19T16:45:00+05:30,70.64,71.105,70.465,71.065,1606
2026-03-19T17:00:00+05:30,71.045,71.44,70.64,70.715,1520
2026-03-19T17:15:00+05:30,70.77,70.785,70.375,70.375,1646
2026-03-19T17:30:00+05:30,70.36,70.385,68.915,69.36,6082
2026-03-19T17:45:00+05:30,69.285,69.44,68.4,68.66,4165
2026-03-19T18:00:00+05:30,68.62,68.785,67.675,67.78,5271
2026-03-19T18:15:00+05:30,67.785,67.8,66.56,67.44,7920
2026-03-19T18:30:00+05:30,67.43,67.565,65.545,67.215,8868
2026-03-19T18:45:00+05:30,67.15,68.555,66.98,68.385,6316
2026-03-19T19:00:00+05:30,68.39,68.665,67.51,67.875,6612
2026-03-19T19:15:00+05:30,67.84,69.75,67.25,69.735,6093
2026-03-19T19:30:00+05:30,69.74,70.585,69.645,70.085,5467
2026-03-19T19:45:00+05:30,70.08,70.345,69.135,69.225,4560
2026-03-19T20:00:00+05:30,69.2,70.42,69.18,70.15,3521
2026-03-19T20:15:00+05:30,70.165,70.57,69.86,70.125,2862
2026-03-19T20:30:00+05:30,70.12,71.13,69.865,70.815,3117
2026-03-19T20:45:00+05:30,70.84,70.86,69.9,70.165,2267
2026-03-19T21:00:00+05:30,70.15,70.155,69.1,69.355,3277
2026-03-19T21:15:00+05:30,69.335,70.44,69.235,70.175,2390
2026-03-19T21:30:00+05:30,70.165,71.205,70.065,70.7,2903
2026-03-19T21:45:00+05:30,70.685,70.895,70.375,70.465,2120
2026-03-19T22:00:00+05:30,70.49,70.7,70.255,70.455,1949
2026-03-19T22:15:00+05:30,70.46,70.54,69.855,70.185,1660
2026-03-19T22:30:00+05:30,70.16,70.83,70.12,70.405,1802
2026-03-19T22:45:00+05:30,70.405,71.64,70.21,71.275,3526
2026-03-19T23:00:00+05:30,71.3,71.665,71.25,71.32,1909
2026-03-19T23:15:00+05:30,71.34,72.045,71.34,71.435,1792
2026-03-19T23:30:00+05:30,71.415,71.63,71.14,71.55,1599
2026-03-19T23:45:00+05:30,71.555,71.605,71.18,71.495,921
2026-03-20T00:00:00+05:30,71.49,71.49,70.99,71.29,938
2026-03-20T00:15:00+05:30,71.28,71.74,71.08,71.69,1083
2026-03-20T00:30:00+05:30,71.71,72.645,71.7,72.475,2768
2026-03-20T00:45:00+05:30,72.465,72.6,71.945,72.115,1720
2026-03-20T01:00:00+05:30,72.11,72.545,71.925,72.22,1343
2026-03-20T01:15:00+05:30,72.215,72.745,72.17,72.595,1240
2026-03-20T01:30:00+05:30,72.59,72.835,72.56,72.67,661
2026-03-20T01:45:00+05:30,72.7,72.915,72.635,72.855,520
2026-03-20T02:00:00+05:30,72.855,72.87,72.58,72.69,425
2026-03-20T02:15:00+05:30,72.73,72.925,72.67,72.88,465
2026-03-20T03:30:00+05:30,72.9,73.475,72.84,73.435,869
2026-03-20T03:45:00+05:30,73.425,73.5,73.075,73.1,622
2026-03-20T04:00:00+05:30,73.075,73.08,72.46,72.52,860
2026-03-20T04:15:00+05:30,72.52,72.64,72.25,72.255,895
2026-03-20T04:30:00+05:30,72.265,72.645,72.265,72.385,518
2026-03-20T04:45:00+05:30,72.405,72.61,72.315,72.445,444
2026-03-20T05:00:00+05:30,72.46,72.55,72.05,72.32,613
2026-03-20T05:15:00+05:30,72.3,72.72,72.28,72.585,678
2026-03-20T05:30:00+05:30,72.6,73.305,72.595,73.245,1343
2026-03-20T05:45:00+05:30,73.255,73.28,72.605,72.875,1139
2026-03-20T06:00:00+05:30,72.855,73.005,72.695,72.945,609
2026-03-20T06:15:00+05:30,72.945,73.005,72.5,72.545,950
2026-03-20T06:30:00+05:30,72.54,73.785,72.315,73.23,4105
2026-03-20T06:45:00+05:30,73.235,73.785,73.23,73.765,1765
2026-03-20T07:00:00+05:30,73.785,74.61,73.67,74.455,2475
2026-03-20T07:15:00+05:30,74.475,74.575,73.6,73.9,2180
2026-03-20T07:30:00+05:30,73.925,74.23,73.545,73.955,1508
2026-03-20T07:45:00+05:30,73.95,74.18,73.905,74.04,633
2026-03-20T08:00:00+05:30,74.06,74.245,73.62,73.675,1350
2026-03-20T08:15:00+05:30,73.7,74.21,73.635,73.95,1010
2026-03-20T08:30:00+05:30,73.965,74.255,73.87,74.085,826
2026-03-20T08:45:00+05:30,74.135,74.54,74.13,74.42,1117
2026-03-20T09:00:00+05:30,74.39,74.435,74.13,74.185,583
2026-03-20T09:15:00+05:30,74.17,74.275,74.115,74.225,362
2026-03-20T09:30:00+05:30,74.225,74.27,73.925,73.985,489
2026-03-20T09:45:00+05:30,73.99,74.04,73.875,74.02,332
2026-03-20T10:00:00+05:30,74.04,74.05,73.685,73.855,566
2026-03-20T10:15:00+05:30,73.845,74.005,73.725,73.925,434
2026-03-20T10:30:00+05:30,73.895,73.9,73.615,73.82,727
2026-03-20T10:45:00+05:30,73.8,73.915,73.72,73.76,541
2026-03-20T11:00:00+05:30,73.77,73.87,72.815,73.305,2990
2026-03-20T11:15:00+05:30,73.33,73.345,72.385,72.56,3010
2026-03-20T11:30:00+05:30,72.585,73.225,72.585,72.925,1747
2026-03-20T11:45:00+05:30,72.92,72.985,72.2,72.54,2118
2026-03-20T12:00:00+05:30,72.535,72.6,71.29,71.525,3196
2026-03-20T12:15:00+05:30,71.545,71.875,71.37,71.645,1670
2026-03-20T12:30:00+05:30,71.645,71.98,71.5,71.835,1262
2026-03-20T12:45:00+05:30,71.82,72.12,71.77,72.11,1153
2026-03-20T13:00:00+05:30,72.1,72.845,72.05,72.755,1605
2026-03-20T13:15:00+05:30,72.775,73.13,72.715,73.1,1221
2026-03-20T13:30:00+05:30,73.105,73.37,72.765,73.255,1123
2026-03-20T13:45:00+05:30,73.235,73.78,73.205,73.425,1310
2026-03-20T14:00:00+05:30,73.41,73.54,73.075,73.325,1322
2026-03-20T14:15:00+05:30,73.31,73.31,72.94,73.19,1167
2026-03-20T14:30:00+05:30,73.195,73.36,72.92,73.15,767
2026-03-20T14:45:00+05:30,73.135,73.18,72.955,73.085,518
2026-03-20T15:00:00+05:30,73.06,73.09,72.3,72.375,1412
2026-03-20T15:15:00+05:30,72.385,72.42,71.715,71.81,1666
2026-03-20T15:30:00+05:30,71.81,71.91,71.325,71.765,1992
2026-03-20T15:45:00+05:30,71.745,71.89,71.265,71.62,1187
2026-03-20T16:00:00+05:30,71.615,72.105,71.435,72.105,1433
2026-03-20T16:15:00+05:30,72.1,72.115,71.53,71.71,1315
2026-03-20T16:30:00+05:30,71.705,72.355,71.5,72.255,1271
2026-03-20T16:45:00+05:30,72.26,72.425,72.01,72.18,955
2026-03-20T17:00:00+05:30,72.185,72.47,72.015,72.35,1025
2026-03-20T17:15:00+05:30,72.355,72.455,71.925,72.27,832
2026-03-20T17:30:00+05:30,72.265,72.55,72.19,72.265,1951
2026-03-20T17:45:00+05:30,72.26,72.46,71.98,72.335,1195
2026-03-20T18:00:00+05:30,72.315,72.425,71.46,71.75,1913
2026-03-20T18:15:00+05:30,71.74,72.05,71.44,71.925,1535
2026-03-20T18:30:00+05:30,71.955,72.32,70.815,71.295,3803
2026-03-20T18:45:00+05:30,71.315,71.695,70.925,71.425,2419
2026-03-20T19:00:00+05:30,71.425,71.795,70.875,71.66,3168
2026-03-20T19:15:00+05:30,71.69,71.83,70.01,70.295,4128
2026-03-20T19:30:00+05:30,70.28,70.495,69.275,69.33,4261
2026-03-20T19:45:00+05:30,69.315,69.33,68.5,68.695,5423
2026-03-20T20:00:00+05:30,68.685,69.72,68.65,69.48,3886
2026-03-20T20:15:00+05:30,69.445,69.795,69.005,69.54,2717
2026-03-20T20:30:00+05:30,69.535,70.285,69.46,70.285,2779
2026-03-20T20:45:00+05:30,70.29,70.365,69.335,69.735,2901
2026-03-20T21:00:00+05:30,69.71,70.145,69.465,69.615,2106
2026-03-20T21:15:00+05:30,69.605,69.61,68.9,69.335,2324
2026-03-20T21:30:00+05:30,69.3,70.165,69.245,70.125,1829
2026-03-20T21:45:00+05:30,70.08,70.48,69.885,69.895,1633
2026-03-20T22:00:00+05:30,69.895,70.12,69.63,69.975,1651
2026-03-20T22:15:00+05:30,69.965,69.965,69.5,69.76,1430
2026-03-20T22:30:00+05:30,69.8,70.25,69.58,69.905,1914
2026-03-20T22:45:00+05:30,69.9,69.935,69.33,69.415,1887
2026-03-20T23:00:00+05:30,69.435,69.575,69.065,69.54,1523
2026-03-20T23:15:00+05:30,69.525,69.765,69.455,69.69,915
2026-03-20T23:30:00+05:30,69.725,69.815,69.31,69.475,763
2026-03-20T23:45:00+05:30,69.49,69.585,68.8,69.235,1393
2026-03-21T00:00:00+05:30,69.235,69.335,68.56,68.6,1425
2026-03-21T00:15:00+05:30,68.625,68.71,67.845,68.14,2826
2026-03-21T00:30:00+05:30,68.165,68.575,67.865,68.165,2063
2026-03-21T00:45:00+05:30,68.18,68.32,67.74,68.055,1749
2026-03-21T01:00:00+05:30,68.06,68.365,67.75,68.305,1787
2026-03-21T01:15:00+05:30,68.315,68.315,67.88,68.03,1699
2026-03-21T01:30:00+05:30,68.05,68.215,67.82,68.15,860
2026-03-21T01:45:00+05:30,68.14,68.36,67.995,68.005,652
2026-03-21T02:00:00+05:30,67.98,68.17,67.925,68.135,671
2026-03-21T02:15:00+05:30,68.145,68.235,67.81,67.825,782
2026-03-23T03:30:00+05:30,67.04,68.435,66.55,68.04,1449
2026-03-23T03:45:00+05:30,68.05,69.685,67.965,69.47,2333
2026-03-23T04:00:00+05:30,69.48,69.74,68.825,68.915,1589
2026-03-23T04:15:00+05:30,68.93,69.285,68.655,68.92,1118
2026-03-23T04:30:00+05:30,68.935,69.175,68.575,68.825,1169
2026-03-23T04:45:00+05:30,68.79,69.025,68.33,68.445,1168
2026-03-23T05:00:00+05:30,68.43,68.845,68.125,68.69,1658
2026-03-23T05:15:00+05:30,68.7,68.92,67.69,68.23,2108
2026-03-23T05:30:00+05:30,68.24,68.49,67.165,67.515,3298
2026-03-23T05:45:00+05:30,67.54,67.99,67.135,67.445,2218
2026-03-23T06:00:00+05:30,67.46,67.735,64.9,65.92,6572
2026-03-23T06:15:00+05:30,65.91,66.725,65.255,66.49,3832
2026-03-23T06:30:00+05:30,66.48,67.6,65.555,67.3,5096
2026-03-23T06:45:00+05:30,67.29,68.065,67.27,67.44,2623
2026-03-23T07:00:00+05:30,67.43,68.1,67.175,67.55,2413
2026-03-23T07:15:00+05:30,67.535,67.62,66.13,66.23,3092
2026-03-23T07:30:00+05:30,66.23,67.32,66.165,66.58,2812
2026-03-23T07:45:00+05:30,66.575,67.065,66.535,66.615,1626
2026-03-23T08:00:00+05:30,66.58,66.605,65.385,65.91,3344
2026-03-23T08:15:00+05:30,65.9,65.9,64.81,65.345,2864
2026-03-23T08:30:00+05:30,65.35,65.85,64.665,64.85,2765
2026-03-23T08:45:00+05:30,64.845,65.445,64.675,65.105,2243
2026-03-23T09:00:00+05:30,65.115,65.495,64.985,65.23,1252
2026-03-23T09:15:00+05:30,65.235,65.55,65.09,65.365,897
2026-03-23T09:30:00+05:30,65.4,65.815,65.395,65.695,1164
2026-03-23T09:45:00+05:30,65.685,65.845,65.585,65.72,627
2026-03-23T10:00:00+05:30,65.7,65.79,65.28,65.735,1214
2026-03-23T10:15:00+05:30,65.725,66.235,65.72,66.19,1433
2026-03-23T10:30:00+05:30,66.17,66.7,66.16,66.485,950
2026-03-23T10:45:00+05:30,66.46,66.53,65.835,65.855,1015
2026-03-23T11:00:00+05:30,65.855,65.855,64.73,64.92,3770
2026-03-23T11:15:00+05:30,64.88,64.88,63.52,64.07,4375
2026-03-23T11:30:00+05:30,63.985,64.05,62.875,63.985,4476
2026-03-23T11:45:00+05:30,63.965,64.315,62.07,62.165,4760
2026-03-23T12:00:00+05:30,62.2,62.765,61.655,61.845,5871
2026-03-23T12:15:00+05:30,61.815,63.32,61.615,63.03,5212
2026-03-23T12:30:00+05:30,63.075,63.085,61.51,61.8,4691
2026-03-23T12:45:00+05:30,61.805,62.7,61.225,62.485,4311
2026-03-23T13:00:00+05:30,62.465,63.885,62.38,63.845,3270
2026-03-23T13:15:00+05:30,63.835,64.065,63.405,64.065,2772
2026-03-23T13:30:00+05:30,64.065,65.27,64,65.12,3805
2026-03-23T13:45:00+05:30,65.105,65.3,64.715,64.82,2402
2026-03-23T14:00:00+05:30,64.805,65.245,64.565,64.87,1871
2026-03-23T14:15:00+05:30,64.865,65.095,64.33,64.59,1788
2026-03-23T14:30:00+05:30,64.595,64.63,63.92,64.14,1894
2026-03-23T14:45:00+05:30,64.14,64.99,64.135,64.885,1906
2026-03-23T15:00:00+05:30,64.87,64.975,63.415,63.595,2591
2026-03-23T15:15:00+05:30,63.575,63.78,63.45,63.71,1500
2026-03-23T15:30:00+05:30,63.705,64.445,63.52,64.175,1321
2026-03-23T15:45:00+05:30,64.185,64.315,63.86,64.02,1131
2026-03-23T16:00:00+05:30,64.045,64.245,63.505,63.87,1371
2026-03-23T16:15:00+05:30,63.835,64.44,63.67,64.27,1457
2026-03-23T16:30:00+05:30,64.28,69.5,64.265,69.32,7895
2026-03-23T16:45:00+05:30,69.345,69.41,67.115,68.32,6238
2026-03-23T17:00:00+05:30,68.29,68.93,67.705,68.315,4058
2026-03-23T17:15:00+05:30,68.34,68.525,67.015,67.46,3698
2026-03-23T17:30:00+05:30,67.445,67.75,66.865,67.36,3708
2026-03-23T17:45:00+05:30,67.355,68.5,67.355,68.43,2534
2026-03-23T18:00:00+05:30,68.405,69.255,68.08,69.255,2535
2026-03-23T18:15:00+05:30,69.245,69.98,69.015,69.67,3848
2026-03-23T18:30:00+05:30,69.67,69.78,68.235,68.97,6120
2026-03-23T18:45:00+05:30,68.99,69.08,67.68,67.885,3321
2026-03-23T19:00:00+05:30,67.89,68.97,67.58,68.31,3607
2026-03-23T19:15:00+05:30,68.275,69.425,68.23,69.19,2369
2026-03-23T19:30:00+05:30,69.19,69.78,69.17,69.635,3006
2026-03-23T19:45:00+05:30,69.635,71.03,69.52,70.325,5114
2026-03-23T20:00:00+05:30,70.325,70.655,69.92,70.34,3340
2026-03-23T20:15:00+05:30,70.3,70.495,69.715,70.245,2766
2026-03-23T20:30:00+05:30,70.255,70.8,70.12,70.415,2774
2026-03-23T20:45:00+05:30,70.425,70.5,69.565,69.9,3010
2026-03-23T21:00:00+05:30,69.89,70.07,68.665,68.73,3207
2026-03-23T21:15:00+05:30,68.71,69.045,67.585,68.04,4426
2026-03-23T21:30:00+05:30,68.04,68.95,68,68.8,2940
2026-03-23T21:45:00+05:30,68.775,68.87,68.105,68.12,2010
2026-03-23T22:00:00+05:30,68.125,69.24,68.125,69.16,1872
2026-03-23T22:15:00+05:30,69.145,69.4,68.91,69.025,1679
2026-03-23T22:30:00+05:30,69.035,69.505,68.935,69.3,1539
2026-03-23T22:45:00+05:30,69.28,69.65,69.13,69.545,1895
2026-03-23T23:00:00+05:30,69.555,69.965,69.555,69.685,1518
2026-03-23T23:15:00+05:30,69.675,69.88,69.43,69.765,866
2026-03-23T23:30:00+05:30,69.785,69.94,69.265,69.78,1239
2026-03-23T23:45:00+05:30,69.755,70.145,69.565,70.045,963
2026-03-24T00:00:00+05:30,70.05,70.365,70.04,70.265,1070
2026-03-24T00:15:00+05:30,70.245,70.415,69.96,69.99,823
2026-03-24T00:30:00+05:30,70.015,70.045,69.215,69.295,871
2026-03-24T00:45:00+05:30,69.305,69.55,69.16,69.465,950
2026-03-24T01:00:00+05:30,69.465,69.61,69.325,69.61,641
2026-03-24T01:15:00+05:30,69.615,69.835,69.085,69.115,976
2026-03-24T01:30:00+05:30,69.13,69.305,68.815,69.19,681
2026-03-24T01:45:00+05:30,69.245,69.345,69.125,69.21,300
2026-03-24T02:00:00+05:30,69.2,69.49,69.035,69.475,440
2026-03-24T02:15:00+05:30,69.46,69.51,69.245,69.34,337
2026-03-24T03:30:00+05:30,69.56,69.84,68.49,69.43,746
2026-03-24T03:45:00+05:30,69.375,69.715,69.17,69.65,517
2026-03-24T04:00:00+05:30,69.675,69.695,69.25,69.52,477
2026-03-24T04:15:00+05:30,69.495,69.89,69.45,69.86,538
2026-03-24T04:30:00+05:30,69.835,70.025,69.725,69.95,690
2026-03-24T04:45:00+05:30,69.98,70.36,69.965,70.175,797
2026-03-24T05:00:00+05:30,70.175,70.25,69.65,69.925,667
2026-03-24T05:15:00+05:30,69.92,70.085,69.66,69.945,626
2026-03-24T05:30:00+05:30,69.97,70.165,69.11,69.18,1390
2026-03-24T05:45:00+05:30,69.18,69.215,68.42,68.65,1869
2026-03-24T06:00:00+05:30,68.65,68.79,67.815,67.91,2603
2026-03-24T06:15:00+05:30,67.94,68.685,67.94,68.38,1784
2026-03-24T06:30:00+05:30,68.385,68.84,67.035,67.105,4628
2026-03-24T06:45:00+05:30,67.11,67.94,66.935,67.565,2381
2026-03-24T07:00:00+05:30,67.515,68.095,66.72,66.725,2206
2026-03-24T07:15:00+05:30,66.75,67.35,66.62,66.975,1980
2026-03-24T07:30:00+05:30,66.97,67.335,66.515,66.7,2064
2026-03-24T07:45:00+05:30,66.68,67.655,66.625,67.65,1462
2026-03-24T08:00:00+05:30,67.615,67.945,67.36,67.85,1625
2026-03-24T08:15:00+05:30,67.85,68.265,67.485,67.62,1624
2026-03-24T08:30:00+05:30,67.6,67.645,67.155,67.34,1099
2026-03-24T08:45:00+05:30,67.35,67.775,67.33,67.725,773
2026-03-24T09:00:00+05:30,67.735,67.735,67.02,67.095,993
2026-03-24T09:15:00+05:30,67.075,67.15,66.7,67.095,893
2026-03-24T09:30:00+05:30,67.1,67.45,67.08,67.26,536
2026-03-24T09:45:00+05:30,67.265,67.27,66.62,66.93,898
2026-03-24T10:00:00+05:30,66.915,67.17,66.765,67.055,487
2026-03-24T10:15:00+05:30,67.05,67.27,66.86,66.88,470
2026-03-24T10:30:00+05:30,66.91,66.94,66.14,66.4,1595
2026-03-24T10:45:00+05:30,66.4,66.92,66.385,66.44,1033
2026-03-24T11:00:00+05:30,66.45,67.815,66.305,67.5,2907
2026-03-24T11:15:00+05:30,67.5,67.88,67.335,67.65,1568
2026-03-24T11:30:00+05:30,67.64,68.57,67.53,68.33,1971
2026-03-24T11:45:00+05:30,68.365,69.51,68.165,69.055,2439
2026-03-24T12:00:00+05:30,69.09,69.345,68.85,69.005,1852
2026-03-24T12:15:00+05:30,69,69.3,68.715,69.3,1439
2026-03-24T12:30:00+05:30,69.26,69.985,69.22,69.94,2094
2026-03-24T12:45:00+05:30,69.935,69.975,69.515,69.63,1094
2026-03-24T13:00:00+05:30,69.62,69.725,69.32,69.6,807
2026-03-24T13:15:00+05:30,69.59,70.74,69.395,70.305,1758
2026-03-24T13:30:00+05:30,70.275,70.275,69.725,69.93,1466
2026-03-24T13:45:00+05:30,69.905,70.02,69.295,69.42,1089
2026-03-24T14:00:00+05:30,69.405,69.72,69.235,69.57,727
2026-03-24T14:15:00+05:30,69.535,70.015,69.515,69.875,874
2026-03-24T14:30:00+05:30,69.885,69.925,69.305,69.39,861
2026-03-24T14:45:00+05:30,69.37,70.02,69.265,69.85,706
2026-03-24T15:00:00+05:30,69.805,70.185,69.69,70.07,793
2026-03-24T15:15:00+05:30,70.065,70.4,69.93,70.315,817
2026-03-24T15:30:00+05:30,70.315,70.45,70.025,70.225,862
2026-03-24T15:45:00+05:30,70.205,70.405,70.08,70.16,476
2026-03-24T16:00:00+05:30,70.135,70.21,69.83,70.15,747
2026-03-24T16:15:00+05:30,70.12,70.5,69.84,70.47,661
2026-03-24T16:30:00+05:30,70.465,70.49,68.7,70.425,2857
2026-03-24T16:45:00+05:30,70.41,70.415,69.9,70.12,1190
2026-03-24T17:00:00+05:30,70.075,70.56,70,70.175,897
2026-03-24T17:15:00+05:30,70.2,70.365,69.345,70.22,1718
2026-03-24T17:30:00+05:30,70.225,70.355,69.705,69.99,1214
2026-03-24T17:45:00+05:30,70,70.045,69.2,69.47,1423
2026-03-24T18:00:00+05:30,69.47,69.51,68.38,68.45,2827
2026-03-24T18:15:00+05:30,68.425,68.975,68.395,68.59,2040
2026-03-24T18:30:00+05:30,68.55,69.09,68.11,68.81,3419
2026-03-24T18:45:00+05:30,68.79,68.93,68.08,68.1,2331
2026-03-24T19:00:00+05:30,68.095,68.565,67.83,68.03,3184
2026-03-24T19:15:00+05:30,68.075,68.735,67.765,68.57,2582
2026-03-24T19:30:00+05:30,68.55,69.135,68.49,68.975,2440
2026-03-24T19:45:00+05:30,68.975,69.29,68.63,69.065,1958
2026-03-24T20:00:00+05:30,69.035,69.81,68.91,69.665,2243
2026-03-24T20:15:00+05:30,69.69,70.395,69.55,69.89,3345
2026-03-24T20:30:00+05:30,69.89,70.135,69.72,70.06,2339
2026-03-24T20:45:00+05:30,70.05,70.5,69.93,70.275,2297
2026-03-24T21:00:00+05:30,70.275,70.545,70.14,70.395,1470
2026-03-24T21:15:00+05:30,70.365,70.485,69.755,69.755,1971
2026-03-24T21:30:00+05:30,69.76,70.015,69.495,70.01,1515
2026-03-24T21:45:00+05:30,69.99,70.27,69.95,70.15,928
2026-03-24T22:00:00+05:30,70.17,70.245,69.71,70.055,933
2026-03-24T22:15:00+05:30,70.065,70.135,69.87,70,740
2026-03-24T22:30:00+05:30,69.995,70.15,69.205,69.575,1997
2026-03-24T22:45:00+05:30,69.57,69.765,69.19,69.475,2222
2026-03-24T23:00:00+05:30,69.465,69.55,68.96,69.145,1556
2026-03-24T23:15:00+05:30,69.12,69.75,68.905,69.53,1600
2026-03-24T23:30:00+05:30,69.525,69.735,69.42,69.61,896
2026-03-24T23:45:00+05:30,69.61,69.91,69.495,69.775,850
2026-03-25T00:00:00+05:30,69.81,70.225,69.575,69.69,1189
2026-03-25T00:15:00+05:30,69.68,69.83,69.455,69.55,885
2026-03-25T00:30:00+05:30,69.55,70.115,69.535,70.11,630
2026-03-25T00:45:00+05:30,70.085,70.22,69.91,69.915,754
2026-03-25T01:00:00+05:30,69.9,69.94,69.625,69.735,592
2026-03-25T01:15:00+05:30,69.74,69.775,69.555,69.74,556
2026-03-25T01:30:00+05:30,69.715,69.825,69.51,69.635,448
2026-03-25T01:45:00+05:30,69.635,71.335,69.585,70.665,2980
2026-03-25T02:00:00+05:30,70.66,71.31,70.34,70.865,2094
2026-03-25T02:15:00+05:30,70.865,71.495,70.8,71.43,1253
2026-03-25T03:30:00+05:30,71.5,71.845,71.395,71.705,789
2026-03-25T03:45:00+05:30,71.705,71.8,71.43,71.595,662
2026-03-25T04:00:00+05:30,71.605,71.625,71.305,71.555,582
2026-03-25T04:15:00+05:30,71.56,71.975,71.52,71.94,813
2026-03-25T04:30:00+05:30,71.925,71.94,71.625,71.88,545
2026-03-25T04:45:00+05:30,71.885,72.345,71.875,72.33,1356
2026-03-25T05:00:00+05:30,72.355,73.145,72.3,72.845,2327
2026-03-25T05:15:00+05:30,72.865,73.31,72.745,73.15,1729
2026-03-25T05:30:00+05:30,73.14,73.395,72.81,73.295,1936
2026-03-25T05:45:00+05:30,73.27,73.81,73.045,73.705,2185
2026-03-25T06:00:00+05:30,73.705,74.375,73.51,74.325,2665
2026-03-25T06:15:00+05:30,74.335,74.54,73.895,73.97,2933
2026-03-25T06:30:00+05:30,73.96,74.815,73.735,74.235,4855
2026-03-25T06:45:00+05:30,74.225,74.415,73.975,74.075,1881
2026-03-25T07:00:00+05:30,74.075,74.645,74.055,74.24,2281
2026-03-25T07:15:00+05:30,74.235,74.505,74.075,74.085,1434
2026-03-25T07:30:00+05:30,74.11,74.2,73.6,73.915,2802
2026-03-25T07:45:00+05:30,73.915,74.055,73.815,73.825,820
2026-03-25T08:00:00+05:30,73.83,74.305,73.55,74.16,1831
2026-03-25T08:15:00+05:30,74.145,74.325,73.615,73.695,1156
2026-03-25T08:30:00+05:30,73.67,73.84,73.355,73.53,1448
2026-03-25T08:45:00+05:30,73.555,73.665,73.37,73.64,775
2026-03-25T09:00:00+05:30,73.63,73.63,73.37,73.46,782
2026-03-25T09:15:00+05:30,73.48,73.71,73.27,73.54,1065
2026-03-25T09:30:00+05:30,73.535,73.865,73.435,73.72,519
2026-03-25T09:45:00+05:30,73.72,73.79,73.635,73.745,310
2026-03-25T10:00:00+05:30,73.755,73.81,73.59,73.6,266
2026-03-25T10:15:00+05:30,73.595,73.725,73.52,73.65,298
2026-03-25T10:30:00+05:30,73.65,73.65,73.405,73.555,488
2026-03-25T10:45:00+05:30,73.565,73.565,73.2,73.205,720
2026-03-25T11:00:00+05:30,73.215,73.7,72.92,73.675,1723
2026-03-25T11:15:00+05:30,73.7,73.705,73.12,73.295,1097
2026-03-25T11:30:00+05:30,73.29,73.37,72.7,72.95,1682
2026-03-25T11:45:00+05:30,72.96,73.575,72.915,73.34,1168
2026-03-25T12:00:00+05:30,73.355,73.595,73.03,73.225,871
2026-03-25T12:15:00+05:30,73.225,73.54,73.055,73.25,625
2026-03-25T12:30:00+05:30,73.255,73.45,73.15,73.41,553
2026-03-25T12:45:00+05:30,73.41,73.575,73.17,73.3,606
2026-03-25T13:00:00+05:30,73.285,73.32,73.02,73.215,629
2026-03-25T13:15:00+05:30,73.205,73.29,73.045,73.09,344
2026-03-25T13:30:00+05:30,73.09,73.485,73.035,73.43,803
2026-03-25T13:45:00+05:30,73.425,73.865,73.4,73.46,1098
2026-03-25T14:00:00+05:30,73.46,73.51,73.035,73.45,1041
2026-03-25T14:15:00+05:30,73.465,73.55,73.175,73.25,709
2026-03-25T14:30:00+05:30,73.21,73.53,73.14,73.31,591
2026-03-25T14:45:00+05:30,73.33,73.405,72.53,73.02,1096
2026-03-25T15:00:00+05:30,73.02,73.165,72.615,72.675,898
2026-03-25T15:15:00+05:30,72.665,73.03,72.085,72.835,2192
2026-03-25T15:30:00+05:30,72.875,73.135,72.715,72.755,666
2026-03-25T15:45:00+05:30,72.775,72.83,72.67,72.75,467
2026-03-25T16:00:00+05:30,72.74,72.945,72.55,72.655,696
2026-03-25T16:15:00+05:30,72.67,73.245,72.65,73.13,663
2026-03-25T16:30:00+05:30,73.13,73.39,73.1,73.24,728
2026-03-25T16:45:00+05:30,73.25,73.45,73.005,73.325,716
2026-03-25T17:00:00+05:30,73.32,73.565,73.29,73.425,568
2026-03-25T17:15:00+05:30,73.4,73.495,73.135,73.315,1058
2026-03-25T17:30:00+05:30,73.34,73.53,73.135,73.365,954
2026-03-25T17:45:00+05:30,73.34,73.35,72.54,72.735,1840
2026-03-25T18:00:00+05:30,72.68,73.145,72.36,72.815,1729
2026-03-25T18:15:00+05:30,72.785,73.115,72.69,72.875,1176
2026-03-25T18:30:00+05:30,72.89,73.45,72.815,73.135,1944
2026-03-25T18:45:00+05:30,73.15,73.26,72.895,73.1,995
2026-03-25T19:00:00+05:30,73.09,73.25,72.71,72.82,1835
2026-03-25T19:15:00+05:30,72.805,72.87,72.225,72.38,2845
2026-03-25T19:30:00+05:30,72.4,72.67,72.04,72.645,2350
2026-03-25T19:45:00+05:30,72.66,73.185,72.645,73.14,2073
2026-03-25T20:00:00+05:30,73.145,73.31,73.06,73.09,1303
2026-03-25T20:15:00+05:30,73.1,73.575,73.09,73.22,1589
2026-03-25T20:30:00+05:30,73.225,73.395,72.64,72.645,1726
2026-03-25T20:45:00+05:30,72.64,72.94,71.89,72.885,2718
2026-03-25T21:00:00+05:30,72.875,73.005,72.605,72.72,1235
2026-03-25T21:15:00+05:30,72.75,72.9,72.585,72.74,868
2026-03-25T21:30:00+05:30,72.75,72.99,72.68,72.8,1097
2026-03-25T21:45:00+05:30,72.81,73.045,72.575,72.835,1412
2026-03-25T22:00:00+05:30,72.84,73.065,72.77,73.03,810
2026-03-25T22:15:00+05:30,73.015,73.035,72.805,72.83,710
2026-03-25T22:30:00+05:30,72.825,72.9,72.465,72.645,1144
2026-03-25T22:45:00+05:30,72.645,72.84,72.46,72.68,1188
2026-03-25T23:00:00+05:30,72.67,72.865,72.535,72.815,758
2026-03-25T23:15:00+05:30,72.81,72.89,72.53,72.565,544
2026-03-25T23:30:00+05:30,72.55,72.915,72.47,72.605,857
2026-03-25T23:45:00+05:30,72.605,72.615,72.305,72.385,1013
2026-03-26T00:00:00+05:30,72.405,72.5,72.2,72.34,545
2026-03-26T00:15:00+05:30,72.345,72.38,71.905,72.21,1062
2026-03-26T00:30:00+05:30,72.19,72.23,71.41,71.805,1853
2026-03-26T00:45:00+05:30,71.805,71.91,71.67,71.695,856
2026-03-26T01:00:00+05:30,71.7,72.21,71.69,72.02,836
2026-03-26T01:15:00+05:30,72.005,72.245,71.86,72.215,792
2026-03-26T01:30:00+05:30,72.22,72.385,71.81,71.95,932
2026-03-26T01:45:00+05:30,71.935,72.065,71.675,71.75,554
2026-03-26T02:00:00+05:30,71.765,71.78,71.08,71.345,1184
2026-03-26T02:15:00+05:30,71.34,71.47,71.18,71.42,633
2026-03-26T03:30:00+05:30,71.56,71.875,71.125,71.17,792
2026-03-26T03:45:00+05:30,71.185,71.565,71.17,71.355,574
2026-03-26T04:00:00+05:30,71.355,71.71,71.34,71.64,478
2026-03-26T04:15:00+05:30,71.615,71.65,71.14,71.285,534
2026-03-26T04:30:00+05:30,71.295,71.355,70.57,70.85,1205
2026-03-26T04:45:00+05:30,70.84,71,70.68,70.86,730
2026-03-26T05:00:00+05:30,70.86,70.995,70.5,70.64,900
2026-03-26T05:15:00+05:30,70.655,70.88,70.58,70.81,472
2026-03-26T05:30:00+05:30,70.82,71.7,70.77,71.635,1336
2026-03-26T05:45:00+05:30,71.63,72.175,71.575,71.82,1787
2026-03-26T06:00:00+05:30,71.815,71.96,71.705,71.75,609
2026-03-26T06:15:00+05:30,71.765,72.23,71.73,72.13,1150
2026-03-26T06:30:00+05:30,72.12,72.32,71.71,71.87,2116
2026-03-26T06:45:00+05:30,71.9,71.9,71.27,71.64,1700
2026-03-26T07:00:00+05:30,71.63,72.06,71.52,71.79,1450
2026-03-26T07:15:00+05:30,71.795,72.065,71.505,72.045,873
2026-03-26T07:30:00+05:30,72.04,72.39,71.87,72.255,1336
2026-03-26T07:45:00+05:30,72.26,72.26,71.83,71.88,859
2026-03-26T08:00:00+05:30,71.87,72.165,71.495,71.76,1449
2026-03-26T08:15:00+05:30,71.755,71.88,71.285,71.495,1068
2026-03-26T08:30:00+05:30,71.47,71.725,71.365,71.66,750
2026-03-26T08:45:00+05:30,71.66,71.77,71.43,71.625,619
2026-03-26T09:00:00+05:30,71.605,72.05,71.605,71.96,581
2026-03-26T09:15:00+05:30,71.955,71.965,71.76,71.895,380
2026-03-26T09:30:00+05:30,71.895,72.1,71.745,72.07,373
2026-03-26T09:45:00+05:30,72.05,72.165,72.02,72.115,362
2026-03-26T10:00:00+05:30,72.125,72.135,71.86,71.89,243
2026-03-26T10:15:00+05:30,71.91,72.035,71.83,71.895,292
2026-03-26T10:30:00+05:30,71.895,71.95,71.345,71.41,698
2026-03-26T10:45:00+05:30,71.42,71.515,70.69,70.85,1156
2026-03-26T11:00:00+05:30,70.87,71.125,70.635,70.78,1371
2026-03-26T11:15:00+05:30,70.75,70.805,69.465,69.495,3384
2026-03-26T11:30:00+05:30,69.51,70.025,69.37,69.42,3090
2026-03-26T11:45:00+05:30,69.475,70.075,69.155,70.01,2087
2026-03-26T12:00:00+05:30,70,70.085,69.63,70.06,1360
2026-03-26T12:15:00+05:30,70.06,70.22,69.95,70.12,1331
2026-03-26T12:30:00+05:30,70.125,70.215,69.21,69.405,1500
2026-03-26T12:45:00+05:30,69.425,69.78,69.185,69.615,1130
2026-03-26T13:00:00+05:30,69.61,69.93,69.475,69.72,791
2026-03-26T13:15:00+05:30,69.725,69.92,69.45,69.47,923
2026-03-26T13:30:00+05:30,69.47,69.72,69.165,69.28,1542
2026-03-26T13:45:00+05:30,69.295,69.385,68.38,68.46,2159
2026-03-26T14:00:00+05:30,68.48,68.78,67.875,68.06,2773
2026-03-26T14:15:00+05:30,68.055,68.66,68.01,68.315,1428
2026-03-26T14:30:00+05:30,68.32,68.375,67.92,68.275,1266
2026-03-26T14:45:00+05:30,68.27,68.365,67.985,68.05,1012
2026-03-26T15:00:00+05:30,68.035,68.155,67.75,68.06,1119
2026-03-26T15:15:00+05:30,68.055,68.185,67.835,68.185,784
2026-03-26T15:30:00+05:30,68.17,68.45,68.035,68.12,855
2026-03-26T15:45:00+05:30,68.16,68.605,68.095,68.41,984
2026-03-26T16:00:00+05:30,68.415,68.645,67.82,67.98,1338
2026-03-26T16:15:00+05:30,67.945,68.265,67.87,68.24,1084
2026-03-26T16:30:00+05:30,68.245,68.545,68.17,68.28,1059
2026-03-26T16:45:00+05:30,68.29,68.29,67.885,68.105,989
2026-03-26T17:00:00+05:30,68.11,68.435,68.015,68.175,983
2026-03-26T17:15:00+05:30,68.18,68.215,67.04,67.425,2614
2026-03-26T17:30:00+05:30,67.44,68.135,67.235,68.05,1567
2026-03-26T17:45:00+05:30,68.04,68.24,67.87,67.875,1405
2026-03-26T18:00:00+05:30,67.885,67.965,67.625,67.655,1350
2026-03-26T18:15:00+05:30,67.67,67.98,67.52,67.565,1756
2026-03-26T18:30:00+05:30,67.575,68.605,67.445,68.405,3470
2026-03-26T18:45:00+05:30,68.425,68.87,68.29,68.72,1888
2026-03-26T19:00:00+05:30,68.7,69.135,68.335,69.135,2927
2026-03-26T19:15:00+05:30,69.12,69.465,68.865,69.385,3240
2026-03-26T19:30:00+05:30,69.395,69.485,68.865,69.11,1873
2026-03-26T19:45:00+05:30,69.155,69.7,69.08,69.42,1853
2026-03-26T20:00:00+05:30,69.41,69.835,69.16,69.215,2520
2026-03-26T20:15:00+05:30,69.185,69.385,68.695,69.255,2299
2026-03-26T20:30:00+05:30,69.25,69.435,68.97,69.04,1698
2026-03-26T20:45:00+05:30,69.04,69.35,68.9,69.025,1234
2026-03-26T21:00:00+05:30,69.01,69.01,68.325,68.715,1409
2026-03-26T21:15:00+05:30,68.715,69.045,68.465,68.615,1597
2026-03-26T21:30:00+05:30,68.615,68.705,68.36,68.515,1131
2026-03-26T21:45:00+05:30,68.5,68.5,67.305,67.68,3191
2026-03-26T22:00:00+05:30,67.665,67.74,67.18,67.64,2596
2026-03-26T22:15:00+05:30,67.64,68.085,67.595,67.86,1650
2026-03-26T22:30:00+05:30,67.845,68.27,67.81,67.99,1711
2026-03-26T22:45:00+05:30,67.995,68.115,67.675,67.78,1790
2026-03-26T23:00:00+05:30,67.81,67.91,67.505,67.6,1207
2026-03-26T23:15:00+05:30,67.59,67.63,67.235,67.385,1341
2026-03-26T23:30:00+05:30,67.375,67.645,67.37,67.53,1140
2026-03-26T23:45:00+05:30,67.505,67.505,66.75,67.015,2143
2026-03-27T00:00:00+05:30,67.03,67.66,66.985,67.65,1147
2026-03-27T00:15:00+05:30,67.645,67.85,67.575,67.71,900
2026-03-27T00:30:00+05:30,67.76,67.89,67.33,67.545,1186
2026-03-27T00:45:00+05:30,67.53,67.78,67.465,67.52,817
2026-03-27T01:00:00+05:30,67.52,67.88,67.365,67.515,809
2026-03-27T01:15:00+05:30,67.54,67.545,67.075,67.27,1359
2026-03-27T01:30:00+05:30,67.255,69.135,67.115,69,3690
2026-03-27T01:45:00+05:30,69.03,69.08,68.23,68.545,2704
2026-03-27T02:00:00+05:30,68.525,68.88,68.34,68.62,799
2026-03-27T02:15:00+05:30,68.65,68.735,67.975,68.19,739
2026-03-27T03:30:00+05:30,68.4,68.675,68.06,68.59,416
2026-03-27T03:45:00+05:30,68.615,68.795,68.545,68.66,381
2026-03-27T04:00:00+05:30,68.62,69.105,68.58,68.985,570
2026-03-27T04:15:00+05:30,68.975,69.1,68.84,68.98,422
2026-03-27T04:30:00+05:30,68.965,69.065,68.57,68.61,775
2026-03-27T04:45:00+05:30,68.57,68.685,68.43,68.625,420
2026-03-27T05:00:00+05:30,68.645,69.005,68.57,68.795,739
2026-03-27T05:15:00+05:30,68.8,68.865,68.65,68.72,308
2026-03-27T05:30:00+05:30,68.71,69.16,68.71,68.785,851
2026-03-27T05:45:00+05:30,68.78,68.805,68.135,68.29,1061
2026-03-27T06:00:00+05:30,68.32,68.49,67.86,68.055,1108
2026-03-27T06:15:00+05:30,68.04,68.06,67.42,67.595,1598
2026-03-27T06:30:00+05:30,67.585,68.34,67.455,68.125,2110
2026-03-27T06:45:00+05:30,68.15,68.405,67.965,68.405,1019
2026-03-27T07:00:00+05:30,68.395,68.765,68.34,68.69,1330
2026-03-27T07:15:00+05:30,68.695,68.735,68.4,68.715,853
2026-03-27T07:30:00+05:30,68.725,69.13,68.71,68.92,1590
2026-03-27T07:45:00+05:30,68.925,69.02,68.635,68.945,950
2026-03-27T08:00:00+05:30,68.945,68.98,68.565,68.71,927
2026-03-27T08:15:00+05:30,68.71,69.04,68.625,68.665,926
2026-03-27T08:30:00+05:30,68.65,68.815,68.42,68.68,1063
2026-03-27T08:45:00+05:30,68.68,69.445,68.635,69.295,1228
2026-03-27T09:00:00+05:30,69.26,69.655,69.175,69.41,1345
2026-03-27T09:15:00+05:30,69.415,69.54,69.315,69.45,558
2026-03-27T09:30:00+05:30,69.44,69.485,69.225,69.26,324
2026-03-27T09:45:00+05:30,69.27,69.405,69.22,69.31,268
2026-03-27T10:00:00+05:30,69.36,69.58,69.35,69.545,348
2026-03-27T10:15:00+05:30,69.57,69.79,69.56,69.69,467
2026-03-27T10:30:00+05:30,69.695,69.885,69.625,69.78,783
2026-03-27T10:45:00+05:30,69.76,69.865,69.535,69.655,643
2026-03-27T11:00:00+05:30,69.66,70.425,69.645,70.195,2385
2026-03-27T11:15:00+05:30,70.18,70.33,69.54,69.56,1364
2026-03-27T11:30:00+05:30,69.54,69.895,69.41,69.875,1459
2026-03-27T11:45:00+05:30,69.87,70.03,69.675,69.905,914
2026-03-27T12:00:00+05:30,69.91,70.185,69.76,70.055,939
2026-03-27T12:15:00+05:30,70.02,70.04,69.625,69.865,1038
2026-03-27T12:30:00+05:30,69.855,69.93,69.525,69.835,854
2026-03-27T12:45:00+05:30,69.85,69.95,69.72,69.785,541
2026-03-27T13:00:00+05:30,69.78,69.805,69.53,69.65,785
2026-03-27T13:15:00+05:30,69.63,69.865,69.58,69.595,566
2026-03-27T13:30:00+05:30,69.6,69.685,69.145,69.455,1149
2026-03-27T13:45:00+05:30,69.435,69.435,69.02,69.05,782
2026-03-27T14:00:00+05:30,69.045,69.205,68.88,69.1,723
2026-03-27T14:15:00+05:30,69.09,69.195,68.805,68.81,519
2026-03-27T14:30:00+05:30,68.82,68.985,68.635,68.81,1042
2026-03-27T14:45:00+05:30,68.8,69.1,68.755,69.06,595
2026-03-27T15:00:00+05:30,69.065,69.195,68.86,68.95,384
2026-03-27T15:15:00+05:30,68.94,68.95,68.605,68.64,415
2026-03-27T15:30:00+05:30,68.655,68.97,68.635,68.695,579
2026-03-27T15:45:00+05:30,68.72,68.935,68.7,68.84,378
2026-03-27T16:00:00+05:30,68.81,68.845,68.33,68.42,851
2026-03-27T16:15:00+05:30,68.425,68.47,68.15,68.2,987
2026-03-27T16:30:00+05:30,68.215,68.305,67.95,68.145,1255
2026-03-27T16:45:00+05:30,68.145,68.395,68.015,68.39,546
2026-03-27T17:00:00+05:30,68.4,68.45,68.04,68.25,763
2026-03-27T17:15:00+05:30,68.27,68.32,67.735,67.925,1080
2026-03-27T17:30:00+05:30,67.91,68.025,67.56,67.915,1757
2026-03-27T17:45:00+05:30,67.93,68.16,67.7,68.065,1364
2026-03-27T18:00:00+05:30,68.07,68.19,67.855,67.935,1118
2026-03-27T18:15:00+05:30,67.955,68.23,67.925,68.05,1330
2026-03-27T18:30:00+05:30,68.065,68.415,67.57,67.795,2746
2026-03-27T18:45:00+05:30,67.8,68.35,67.78,67.945,1687
2026-03-27T19:00:00+05:30,67.93,68.31,67.665,68.24,2646
2026-03-27T19:15:00+05:30,68.245,68.645,67.775,68.025,2535
2026-03-27T19:30:00+05:30,68.01,68.83,67.985,68.745,3235
2026-03-27T19:45:00+05:30,68.74,69.08,68.695,68.76,2376
2026-03-27T20:00:00+05:30,68.74,69.225,68.62,69.075,1964
2026-03-27T20:15:00+05:30,69.09,70.73,69.065,70.465,4291
2026-03-27T20:30:00+05:30,70.49,71.465,70.32,71.28,4807
2026-03-27T20:45:00+05:30,71.295,71.765,71.075,71.355,4044
2026-03-27T21:00:00+05:30,71.365,71.58,70.875,71.03,2804
2026-03-27T21:15:00+05:30,71.045,71.22,70.885,70.91,1813
2026-03-27T21:30:00+05:30,70.915,71.025,70.62,70.92,2151
2026-03-27T21:45:00+05:30,70.92,71.115,70.76,70.825,1601
2026-03-27T22:00:00+05:30,70.83,70.855,70.24,70.5,2043
2026-03-27T22:15:00+05:30,70.5,70.84,70.355,70.5,1333
2026-03-27T22:30:00+05:30,70.485,70.615,70.17,70.265,1804
2026-03-27T22:45:00+05:30,70.275,70.295,69.565,69.75,2528
2026-03-27T23:00:00+05:30,69.75,69.91,69.525,69.605,1084
2026-03-27T23:15:00+05:30,69.605,69.8,69.5,69.645,943
2026-03-27T23:30:00+05:30,69.625,69.93,69.62,69.915,1275
2026-03-27T23:45:00+05:30,69.92,70.315,69.92,70.25,2000
2026-03-28T00:00:00+05:30,70.255,70.665,70.235,70.55,1184
2026-03-28T00:15:00+05:30,70.54,70.545,70.28,70.31,726
2026-03-28T00:30:00+05:30,70.31,70.38,69.905,70.135,1187
2026-03-28T00:45:00+05:30,70.115,70.52,70.105,70.455,791
2026-03-28T01:00:00+05:30,70.475,70.56,69.815,69.97,1323
2026-03-28T01:15:00+05:30,69.97,70.17,69.695,70.105,1655
2026-03-28T01:30:00+05:30,70.1,70.205,69.96,70.12,789
2026-03-28T01:45:00+05:30,70.115,70.12,69.845,69.98,416
2026-03-28T02:00:00+05:30,69.965,70.185,69.875,70,482
2026-03-28T02:15:00+05:30,69.995,70.015,69.67,69.76,490
2026-03-30T03:30:00+05:30,69.405,69.5,68.005,68.71,1610
2026-03-30T03:45:00+05:30,68.715,69.325,68.54,68.89,849
2026-03-30T04:00:00+05:30,68.935,69.165,68.605,68.735,885
2026-03-30T04:15:00+05:30,68.725,68.855,68.585,68.71,502
2026-03-30T04:30:00+05:30,68.73,68.905,68.325,68.605,731
2026-03-30T04:45:00+05:30,68.62,68.8,68.62,68.66,432
2026-03-30T05:00:00+05:30,68.645,68.685,67.725,68,1522
2026-03-30T05:15:00+05:30,68.015,68.22,67.91,68.1,875
2026-03-30T05:30:00+05:30,68.19,68.35,67.8,68.04,1343
2026-03-30T05:45:00+05:30,68.06,69.005,67.925,68.67,1876
2026-03-30T06:00:00+05:30,68.645,68.91,68.31,68.49,1012
2026-03-30T06:15:00+05:30,68.475,68.59,68.345,68.41,1048
2026-03-30T06:30:00+05:30,68.415,69.42,68.255,68.965,3754
2026-03-30T06:45:00+05:30,68.935,69.13,68.525,68.685,1584
2026-03-30T07:00:00+05:30,68.685,68.98,68.465,68.785,1309
2026-03-30T07:15:00+05:30,68.81,68.95,68.53,68.83,741
2026-03-30T07:30:00+05:30,68.82,69.055,68.68,68.9,857
2026-03-30T07:45:00+05:30,68.885,68.9,68.61,68.78,583
2026-03-30T08:00:00+05:30,68.785,69.385,68.56,69.27,1351
2026-03-30T08:15:00+05:30,69.255,69.45,69.09,69.17,758
2026-03-30T08:30:00+05:30,69.15,70.505,69.1,70.225,1945
2026-03-30T08:45:00+05:30,70.2,70.585,70.085,70.22,912
2026-03-30T09:00:00+05:30,70.21,70.25,70.065,70.15,445
2026-03-30T09:15:00+05:30,70.13,70.2,69.875,69.89,503
2026-03-30T09:30:00+05:30,69.92,70.025,69.77,69.905,414
2026-03-30T09:45:00+05:30,69.91,70.15,69.9,70.13,360
2026-03-30T10:00:00+05:30,70.11,70.11,69.87,69.945,412
2026-03-30T10:15:00+05:30,69.945,70.21,69.875,70.165,271
2026-03-30T10:30:00+05:30,70.175,70.53,70.15,70.38,512
2026-03-30T10:45:00+05:30,70.355,70.55,70.275,70.295,480
2026-03-30T11:00:00+05:30,70.32,70.61,70.075,70.235,939
2026-03-30T11:15:00+05:30,70.285,70.815,70.225,70.62,935
2026-03-30T11:30:00+05:30,70.575,70.91,70.53,70.67,1042
2026-03-30T11:45:00+05:30,70.665,70.825,70.515,70.67,652
2026-03-30T12:00:00+05:30,70.675,70.91,70.61,70.855,586
2026-03-30T12:15:00+05:30,70.865,70.875,70.415,70.48,696
2026-03-30T12:30:00+05:30,70.43,70.595,70.25,70.495,691
2026-03-30T12:45:00+05:30,70.5,70.5,70.045,70.085,554
2026-03-30T13:00:00+05:30,70.085,70.4,70.06,70.37,498
2026-03-30T13:15:00+05:30,70.385,70.61,70.27,70.61,312
2026-03-30T13:30:00+05:30,70.62,70.81,70.48,70.75,435
2026-03-30T13:45:00+05:30,70.775,70.775,70.34,70.55,458
2026-03-30T14:00:00+05:30,70.55,71.05,70.535,70.92,678
2026-03-30T14:15:00+05:30,70.93,71.14,70.89,70.965,518
2026-03-30T14:30:00+05:30,70.98,71.17,70.82,70.885,447
2026-03-30T14:45:00+05:30,70.84,71.16,70.655,70.945,552
2026-03-30T15:00:00+05:30,70.945,71.265,70.8,71.23,533
2026-03-30T15:15:00+05:30,71.225,71.36,71.045,71.145,457
2026-03-30T15:30:00+05:30,71.155,71.155,70.915,70.995,418
2026-03-30T15:45:00+05:30,71.03,71.095,70.83,70.87,303
2026-03-30T16:00:00+05:30,70.845,70.96,70.805,70.96,250
2026-03-30T16:15:00+05:30,70.965,70.97,70.735,70.81,220
2026-03-30T16:30:00+05:30,70.81,71.16,70.67,71.13,658
2026-03-30T16:45:00+05:30,71.14,71.515,71.06,71.3,1208
2026-03-30T17:00:00+05:30,71.31,71.475,70.935,71.455,854
2026-03-30T17:15:00+05:30,71.49,71.82,71.275,71.44,1739
2026-03-30T17:30:00+05:30,71.445,71.445,71.03,71.36,789
2026-03-30T17:45:00+05:30,71.37,71.595,71.25,71.34,811
2026-03-30T18:00:00+05:30,71.325,71.735,71.315,71.575,867
2026-03-30T18:15:00+05:30,71.575,71.61,71.43,71.49,629
2026-03-30T18:30:00+05:30,71.495,72,71.275,71.355,1817
2026-03-30T18:45:00+05:30,71.36,71.445,71.165,71.355,875
2026-03-30T19:00:00+05:30,71.345,71.51,70.55,70.71,2547
2026-03-30T19:15:00+05:30,70.71,70.715,70.15,70.37,2313
2026-03-30T19:30:00+05:30,70.355,70.925,70.35,70.85,1569
2026-03-30T19:45:00+05:30,70.84,70.86,70.44,70.515,1120
2026-03-30T20:00:00+05:30,70.525,70.9,70.51,70.635,987
2026-03-30T20:15:00+05:30,70.63,71.115,70.58,71.09,1278
2026-03-30T20:30:00+05:30,71.095,71.225,70.905,70.975,1027
2026-03-30T20:45:00+05:30,70.965,71.12,70.75,71.09,872
2026-03-30T21:00:00+05:30,71.085,71.35,70.98,71.33,797
2026-03-30T21:15:00+05:30,71.34,71.38,71.13,71.145,656
2026-03-30T21:30:00+05:30,71.155,71.17,70.835,71.075,778
2026-03-30T21:45:00+05:30,71.075,71.16,70.8,70.81,546
2026-03-30T22:00:00+05:30,70.815,71.075,70.73,71.07,503
2026-03-30T22:15:00+05:30,71.065,71.09,70.645,70.715,489
2026-03-30T22:30:00+05:30,70.695,70.785,70.42,70.495,723
2026-03-30T22:45:00+05:30,70.505,70.715,70.405,70.645,773
2026-03-30T23:00:00+05:30,70.645,70.7,70.4,70.68,526
2026-03-30T23:15:00+05:30,70.67,70.8,70.485,70.56,447
2026-03-30T23:30:00+05:30,70.56,70.725,70.33,70.535,530
2026-03-30T23:45:00+05:30,70.545,70.56,70.225,70.325,562
2026-03-31T00:00:00+05:30,70.335,70.55,70.32,70.47,345
2026-03-31T00:15:00+05:30,70.475,70.565,70,70.045,716
2026-03-31T00:30:00+05:30,70.02,70.095,69.72,69.835,1081
2026-03-31T00:45:00+05:30,69.84,70.025,69.705,69.97,692
2026-03-31T01:00:00+05:30,69.965,70.255,69.85,70.06,593
2026-03-31T01:15:00+05:30,70.04,70.4,70.035,70.3,680
2026-03-31T01:30:00+05:30,70.285,70.325,70.005,70.285,636
2026-03-31T01:45:00+05:30,70.3,70.305,70.045,70.1,217
2026-03-31T02:00:00+05:30,70.11,70.125,69.975,70.065,245
2026-03-31T02:15:00+05:30,70.06,70.23,70.04,70.17,285
2026-03-31T03:30:00+05:30,70.185,70.56,70.12,70.18,489
2026-03-31T03:45:00+05:30,70.2,70.265,69.975,70.18,411
2026-03-31T04:00:00+05:30,70.19,70.245,70.03,70.03,198
2026-03-31T04:15:00+05:30,70.035,70.19,70.03,70.06,174
2026-03-31T04:30:00+05:30,70.05,70.05,69.605,69.745,774
2026-03-31T04:45:00+05:30,69.73,69.985,69.73,69.905,485
2026-03-31T05:00:00+05:30,69.895,70.085,69.785,70.085,392
2026-03-31T05:15:00+05:30,70.07,70.14,69.955,70.02,222
2026-03-31T05:30:00+05:30,70.025,70.355,69.905,69.955,893
2026-03-31T05:45:00+05:30,69.985,70.02,69.13,69.69,1804
2026-03-31T06:00:00+05:30,69.68,70.555,69.5,70.53,1809
2026-03-31T06:15:00+05:30,70.51,70.835,70.275,70.79,2372
2026-03-31T06:30:00+05:30,70.825,71.1,70.58,70.955,2252
2026-03-31T06:45:00+05:30,70.985,72.08,70.95,72.08,3431
2026-03-31T07:00:00+05:30,72.08,73.735,72.07,73.695,5274
2026-03-31T07:15:00+05:30,73.675,73.72,72.99,73.145,3743
2026-03-31T07:30:00+05:30,73.14,73.18,72.72,72.875,2009
2026-03-31T07:45:00+05:30,72.865,73.08,72.6,72.655,1131
2026-03-31T08:00:00+05:30,72.675,72.78,72.425,72.665,1360
2026-03-31T08:15:00+05:30,72.625,72.695,72.1,72.16,1376
2026-03-31T08:30:00+05:30,72.17,72.64,72.115,72.42,993
2026-03-31T08:45:00+05:30,72.435,72.46,72.08,72.245,917
2026-03-31T09:00:00+05:30,72.25,72.37,72.075,72.085,568
2026-03-31T09:15:00+05:30,72.1,72.3,72.095,72.205,400
2026-03-31T09:30:00+05:30,72.215,72.37,72.17,72.195,357
2026-03-31T09:45:00+05:30,72.205,72.44,72.2,72.27,366
2026-03-31T10:00:00+05:30,72.24,72.5,72.23,72.455,305
2026-03-31T10:15:00+05:30,72.45,72.495,72.29,72.395,381
2026-03-31T10:30:00+05:30,72.41,72.51,71.795,71.795,902
2026-03-31T10:45:00+05:30,71.785,72.29,71.705,72.16,700
2026-03-31T11:00:00+05:30,72.16,72.695,71.845,72.54,1234
2026-03-31T11:15:00+05:30,72.575,72.745,72.31,72.34,715
2026-03-31T11:30:00+05:30,72.36,72.36,72.03,72.115,821
2026-03-31T11:45:00+05:30,72.105,72.29,71.945,72.115,692
2026-03-31T12:00:00+05:30,72.075,72.375,72.07,72.18,663
2026-03-31T12:15:00+05:30,72.215,72.375,72.15,72.235,643
2026-03-31T12:30:00+05:30,72.26,72.585,72.175,72.23,616
2026-03-31T12:45:00+05:30,72.24,72.365,71.78,72.32,710
2026-03-31T13:00:00+05:30,72.325,72.91,72.31,72.87,866
2026-03-31T13:15:00+05:30,72.885,73.315,72.8,73.275,952
2026-03-31T13:30:00+05:30,73.26,73.5,73.06,73.115,1404
2026-03-31T13:45:00+05:30,73.115,73.295,73.1,73.285,510
2026-03-31T14:00:00+05:30,73.255,73.49,73.15,73.21,521
2026-03-31T14:15:00+05:30,73.215,73.465,73.195,73.28,541
2026-03-31T14:30:00+05:30,73.28,73.515,73.22,73.33,388
2026-03-31T14:45:00+05:30,73.33,73.565,73.215,73.28,584
2026-03-31T15:00:00+05:30,73.275,73.3,73.04,73.135,824
2026-03-31T15:15:00+05:30,73.12,73.225,72.89,72.995,415
2026-03-31T15:30:00+05:30,72.975,73.33,72.975,73.2,464
2026-03-31T15:45:00+05:30,73.225,73.23,72.935,73.01,395
2026-03-31T16:00:00+05:30,73.025,73.055,72.48,72.73,968
2026-03-31T16:15:00+05:30,72.73,72.93,72.58,72.845,538
2026-03-31T16:30:00+05:30,72.85,73.34,72.695,72.855,1439
2026-03-31T16:45:00+05:30,72.91,73.475,72.8,73.23,1174
2026-03-31T17:00:00+05:30,73.235,73.485,73.005,73.445,915
2026-03-31T17:15:00+05:30,73.435,73.545,73.17,73.315,950
2026-03-31T17:30:00+05:30,73.345,73.76,73.085,73.085,1759
2026-03-31T17:45:00+05:30,73.08,73.315,72.855,73.295,1770
2026-03-31T18:00:00+05:30,73.3,73.435,73.055,73.15,885
2026-03-31T18:15:00+05:30,73.12,73.14,72.79,73.005,936
2026-03-31T18:30:00+05:30,73.03,73.315,72.685,73.23,1698
2026-03-31T18:45:00+05:30,73.225,73.32,72.81,72.86,793
2026-03-31T19:00:00+05:30,72.87,73.315,72.735,73.11,1797
2026-03-31T19:15:00+05:30,73.12,73.76,73.12,73.575,1924
2026-03-31T19:30:00+05:30,73.585,74.225,73.525,74.175,2874
2026-03-31T19:45:00+05:30,74.185,74.365,73.8,74.23,2224
2026-03-31T20:00:00+05:30,74.25,74.395,73.69,73.85,1712
2026-03-31T20:15:00+05:30,73.85,73.98,73.15,73.365,2044
2026-03-31T20:30:00+05:30,73.355,74.07,73.335,74.03,1401
2026-03-31T20:45:00+05:30,74.015,74.16,73.765,73.795,1199
2026-03-31T21:00:00+05:30,73.775,73.98,73.64,73.945,743
2026-03-31T21:15:00+05:30,73.95,74.185,73.8,73.875,851
2026-03-31T21:30:00+05:30,73.865,74.22,73.805,74.045,757
2026-03-31T21:45:00+05:30,74.035,74.195,73.935,74.145,412
2026-03-31T22:00:00+05:30,74.145,75.38,74.09,75.035,3245
2026-03-31T22:15:00+05:30,75.02,75.2,74.6,74.83,2705
2026-03-31T22:30:00+05:30,74.835,75.405,74.72,74.935,1794
2026-03-31T22:45:00+05:30,74.935,75.035,74.675,74.755,1851
2026-03-31T23:00:00+05:30,74.76,75.18,74.75,75.005,1514
2026-03-31T23:15:00+05:30,75.005,75.205,74.92,75.04,966
2026-03-31T23:30:00+05:30,75.055,75.41,75.035,75.365,1144
2026-03-31T23:45:00+05:30,75.365,75.46,75.115,75.26,851
2026-04-01T00:00:00+05:30,75.265,75.445,75.1,75.165,679
2026-04-01T00:15:00+05:30,75.2,75.31,75.065,75.195,586
2026-04-01T00:30:00+05:30,75.19,75.37,75.02,75.26,737
2026-04-01T00:45:00+05:30,75.3,75.415,75.17,75.255,543
2026-04-01T01:00:00+05:30,75.245,75.53,75.22,75.4,700
2026-04-01T01:15:00+05:30,75.41,75.57,75.285,75.525,1070
2026-04-01T01:30:00+05:30,75.525,75.605,75.28,75.49,586
2026-04-01T01:45:00+05:30,75.49,75.585,75.39,75.415,363
2026-04-01T02:00:00+05:30,75.41,75.685,75.375,75.41,408
2026-04-01T02:15:00+05:30,75.415,75.515,75.34,75.37,388
2026-04-01T03:30:00+05:30,75.37,75.83,75.29,75.575,568
2026-04-01T03:45:00+05:30,75.595,75.765,75.42,75.585,382
2026-04-01T04:00:00+05:30,75.55,75.825,75.425,75.64,872
2026-04-01T04:15:00+05:30,75.64,75.67,75.38,75.495,795
2026-04-01T04:30:00+05:30,75.51,75.545,75.325,75.455,311
2026-04-01T04:45:00+05:30,75.43,75.48,75.205,75.285,641
2026-04-01T05:00:00+05:30,75.275,75.365,75.08,75.195,702
2026-04-01T05:15:00+05:30,75.205,75.425,75.175,75.175,622
2026-04-01T05:30:00+05:30,75.17,75.375,75.095,75.275,1171
2026-04-01T05:45:00+05:30,75.275,75.51,75.165,75.505,919
2026-04-01T06:00:00+05:30,75.52,75.525,74.945,75.195,884
2026-04-01T06:15:00+05:30,75.185,75.465,75.07,75.435,847
2026-04-01T06:30:00+05:30,75.45,75.955,75.175,75.545,3523
2026-04-01T06:45:00+05:30,75.54,75.54,74.635,75.1,2460
2026-04-01T07:00:00+05:30,75.085,75.085,74.515,74.725,1469
2026-04-01T07:15:00+05:30,74.775,74.895,74.61,74.825,784
2026-04-01T07:30:00+05:30,74.865,75.125,74.755,74.92,924
2026-04-01T07:45:00+05:30,74.92,75.04,74.72,74.785,370
2026-04-01T08:00:00+05:30,74.79,74.805,74.23,74.42,1510
2026-04-01T08:15:00+05:30,74.425,74.555,74.175,74.245,1218
2026-04-01T08:30:00+05:30,74.235,74.53,74.235,74.44,813
2026-04-01T08:45:00+05:30,74.44,74.51,74.26,74.36,469
2026-04-01T09:00:00+05:30,74.355,74.4,74.255,74.39,350
2026-04-01T09:15:00+05:30,74.37,74.435,74.23,74.27,320
2026-04-01T09:30:00+05:30,74.27,74.275,74.015,74.09,459
2026-04-01T09:45:00+05:30,74.075,74.26,73.985,74.2,456
2026-04-01T10:00:00+05:30,74.21,74.43,74.075,74.375,462
2026-04-01T10:15:00+05:30,74.365,74.61,74.28,74.415,531
2026-04-01T10:30:00+05:30,74.42,74.665,74.4,74.63,419
2026-04-01T10:45:00+05:30,74.635,74.78,74.535,74.775,532
2026-04-01T11:00:00+05:30,74.76,74.98,74.695,74.98,1032
2026-04-01T11:15:00+05:30,74.96,75.03,74.175,74.33,1288
2026-04-01T11:30:00+05:30,74.32,74.89,74.285,74.88,856
2026-04-01T11:45:00+05:30,74.9,75.255,74.715,75.19,1219
2026-04-01T12:00:00+05:30,75.175,75.31,74.96,75.085,1051
2026-04-01T12:15:00+05:30,75.09,75.595,75.085,75.55,1283
2026-04-01T12:30:00+05:30,75.555,75.565,75.135,75.205,1057
2026-04-01T12:45:00+05:30,75.19,75.19,74.935,75.005,826
2026-04-01T13:00:00+05:30,75.005,75.225,74.805,74.88,839
2026-04-01T13:15:00+05:30,74.87,74.875,74.08,74.18,1207
2026-04-01T13:30:00+05:30,74.195,74.665,74.12,74.375,1092
2026-04-01T13:45:00+05:30,74.395,74.835,74.315,74.615,743
2026-04-01T14:00:00+05:30,74.6,74.88,74.545,74.76,582
2026-04-01T14:15:00+05:30,74.735,74.86,74.58,74.615,635
2026-04-01T14:30:00+05:30,74.615,74.74,74.445,74.535,646
2026-04-01T14:45:00+05:30,74.555,74.585,74.335,74.425,423
2026-04-01T15:00:00+05:30,74.42,74.565,74.35,74.495,369
2026-04-01T15:15:00+05:30,74.515,74.8,74.515,74.645,506
2026-04-01T15:30:00+05:30,74.65,74.805,74.485,74.565,373
2026-04-01T15:45:00+05:30,74.555,74.805,74.5,74.785,356
2026-04-01T16:00:00+05:30,74.795,75,74.725,74.995,285
2026-04-01T16:15:00+05:30,74.995,75.105,74.86,75.04,580
2026-04-01T16:30:00+05:30,75.04,75.215,74.94,75.17,676
2026-04-01T16:45:00+05:30,75.18,75.335,75.12,75.26,440
2026-04-01T17:00:00+05:30,75.275,75.475,75.25,75.44,573
2026-04-01T17:15:00+05:30,75.42,75.65,75.325,75.335,636
2026-04-01T17:30:00+05:30,75.325,75.365,75.075,75.185,744
2026-04-01T17:45:00+05:30,75.135,75.19,74.825,75.11,939
2026-04-01T18:00:00+05:30,75.085,75.71,75.01,75.52,1428
2026-04-01T18:15:00+05:30,75.49,75.645,74.8,74.84,2260
2026-04-01T18:30:00+05:30,74.835,75.15,74.58,75.015,2071
2026-04-01T18:45:00+05:30,74.995,75.28,74.93,75.2,1009
2026-04-01T19:00:00+05:30,75.21,75.595,74.935,75.06,1966
2026-04-01T19:15:00+05:30,75.04,75.165,74.76,74.89,1392
2026-04-01T19:30:00+05:30,74.84,75.065,74.575,74.885,1469
2026-04-01T19:45:00+05:30,74.88,75.385,74.8,75.075,1697
2026-04-01T20:00:00+05:30,75.095,75.415,74.78,75.375,1638
2026-04-01T20:15:00+05:30,75.395,75.695,75.25,75.58,1628
2026-04-01T20:30:00+05:30,75.58,75.825,75.485,75.665,1658
2026-04-01T20:45:00+05:30,75.69,75.865,75.52,75.52,829
2026-04-01T21:00:00+05:30,75.555,75.98,75.445,75.95,1364
2026-04-01T21:15:00+05:30,75.96,75.985,75.815,75.87,762
2026-04-01T21:30:00+05:30,75.86,75.98,75.595,75.64,1063
2026-04-01T21:45:00+05:30,75.595,75.815,75.56,75.625,708
2026-04-01T22:00:00+05:30,75.635,75.91,75.62,75.89,656
2026-04-01T22:15:00+05:30,75.885,76.015,75.83,75.995,543
2026-04-01T22:30:00+05:30,76.005,76.145,75.94,76.04,1046
2026-04-01T22:45:00+05:30,76.045,76.205,75.895,76.12,1090
2026-04-01T23:00:00+05:30,76.12,76.26,76.01,76.17,601
2026-04-01T23:15:00+05:30,76.195,76.235,75.95,76,505
2026-04-01T23:30:00+05:30,76.01,76.02,75.65,75.75,1281
2026-04-01T23:45:00+05:30,75.76,75.76,75.205,75.25,1335
2026-04-02T00:00:00+05:30,75.245,75.655,75.03,75.5,1589
2026-04-02T00:15:00+05:30,75.51,75.525,75.215,75.32,530
2026-04-02T00:30:00+05:30,75.31,75.52,75.255,75.37,457
2026-04-02T00:45:00+05:30,75.35,75.625,75.35,75.575,459
2026-04-02T01:00:00+05:30,75.555,75.795,75.47,75.605,600
2026-04-02T01:15:00+05:30,75.62,75.62,75.25,75.36,849
2026-04-02T01:30:00+05:30,75.34,75.49,75.17,75.49,500
2026-04-02T01:45:00+05:30,75.475,75.5,75.275,75.3,208
2026-04-02T02:00:00+05:30,75.295,75.33,75.105,75.225,304
2026-04-02T02:15:00+05:30,75.225,75.32,75.085,75.2,328
2026-04-02T03:30:00+05:30,75.105,75.265,74.65,75.105,512
2026-04-02T03:45:00+05:30,75.125,75.33,75.055,75.145,597
2026-04-02T04:00:00+05:30,75.165,75.425,75.14,75.35,768
2026-04-02T04:15:00+05:30,75.355,75.555,75.35,75.44,618
2026-04-02T04:30:00+05:30,75.425,75.83,75.38,75.8,451
2026-04-02T04:45:00+05:30,75.8,75.92,75.755,75.785,514
2026-04-02T05:00:00+05:30,75.795,75.9,75.635,75.655,383
2026-04-02T05:15:00+05:30,75.66,75.66,75.345,75.43,481
2026-04-02T05:30:00+05:30,75.4,75.89,75.325,75.88,924
2026-04-02T05:45:00+05:30,75.86,75.965,75.67,75.71,640
2026-04-02T06:00:00+05:30,75.7,75.905,75.515,75.755,649
2026-04-02T06:15:00+05:30,75.745,75.885,75.455,75.625,1131
2026-04-02T06:30:00+05:30,75.61,75.665,73.385,74.585,6026
2026-04-02T06:45:00+05:30,74.54,74.625,73.035,73.105,5407
2026-04-02T07:00:00+05:30,73.1,73.345,72.335,72.85,5268
2026-04-02T07:15:00+05:30,72.87,73.34,72.55,73.055,2947
2026-04-02T07:30:00+05:30,73.085,73.145,72.505,72.7,2150
2026-04-02T07:45:00+05:30,72.72,73.14,72.625,72.655,1424
2026-04-02T08:00:00+05:30,72.655,72.655,71.585,72.205,3412
2026-04-02T08:15:00+05:30,72.215,72.505,72.08,72.325,1266
2026-04-02T08:30:00+05:30,72.31,72.38,72.005,72.295,862
2026-04-02T08:45:00+05:30,72.275,72.515,72.17,72.315,773
2026-04-02T09:00:00+05:30,72.315,72.415,72.16,72.275,695
2026-04-02T09:15:00+05:30,72.25,72.305,72.075,72.22,471
2026-04-02T09:30:00+05:30,72.235,72.32,71.73,71.96,783
2026-04-02T09:45:00+05:30,71.99,72.065,71.74,71.81,565
2026-04-02T10:00:00+05:30,71.825,71.935,71.61,71.695,638
2026-04-02T10:15:00+05:30,71.725,72.055,71.635,72.04,580
2026-04-02T10:30:00+05:30,72.045,72.125,71.79,71.8,512
2026-04-02T10:45:00+05:30,71.81,72.055,71.765,71.97,419
2026-04-02T11:00:00+05:30,71.955,71.975,70.705,70.85,3037
2026-04-02T11:15:00+05:30,70.85,71.02,70.3,70.76,2751
2026-04-02T11:30:00+05:30,70.77,70.9,69.665,70.04,3026
2026-04-02T11:45:00+05:30,70.065,70.49,70.035,70.425,2080
2026-04-02T12:00:00+05:30,70.41,70.64,70.285,70.565,1592
2026-04-02T12:15:00+05:30,70.555,70.915,70.455,70.725,1344
2026-04-02T12:30:00+05:30,70.72,70.98,70.655,70.88,867
2026-04-02T12:45:00+05:30,70.88,71.25,70.865,71.17,1316
2026-04-02T13:00:00+05:30,71.17,71.405,71.145,71.38,893
2026-04-02T13:15:00+05:30,71.37,71.64,71.37,71.605,789
2026-04-02T13:30:00+05:30,71.6,71.77,71.44,71.77,755
2026-04-02T13:45:00+05:30,71.745,71.785,71.445,71.555,740
2026-04-02T14:00:00+05:30,71.545,71.735,71.5,71.515,514
2026-04-02T14:15:00+05:30,71.52,71.595,71.23,71.25,722
2026-04-02T14:30:00+05:30,71.255,71.395,71.135,71.325,508
2026-04-02T14:45:00+05:30,71.325,71.605,71.32,71.36,526
2026-04-02T15:00:00+05:30,71.37,71.43,71.225,71.295,437
2026-04-02T15:15:00+05:30,71.29,71.33,71.075,71.085,451
2026-04-02T15:30:00+05:30,71.075,71.375,71.045,71.095,520
2026-04-02T15:45:00+05:30,71.07,71.215,70.66,70.89,978
2026-04-02T16:00:00+05:30,70.87,71.005,70.665,70.885,672
2026-04-02T16:15:00+05:30,70.9,71.16,70.84,70.995,613
2026-04-02T16:30:00+05:30,71,71.225,70.9,71.145,1086
2026-04-02T16:45:00+05:30,71.18,71.24,70.935,70.935,559
2026-04-02T17:00:00+05:30,70.92,71.005,70.33,70.54,1073
2026-04-02T17:15:00+05:30,70.55,70.835,70.415,70.71,874
2026-04-02T17:30:00+05:30,70.75,70.995,70.505,70.66,1171
2026-04-02T17:45:00+05:30,70.685,71.09,70.62,70.85,861
2026-04-02T18:00:00+05:30,70.81,70.98,70.57,70.65,991
2026-04-02T18:15:00+05:30,70.67,70.82,70.145,70.185,1014
2026-04-02T18:30:00+05:30,70.195,70.49,69.615,69.855,3268
2026-04-02T18:45:00+05:30,69.845,70.345,69.77,70.285,2051
2026-04-02T19:00:00+05:30,70.285,70.65,70.185,70.635,1890
2026-04-02T19:15:00+05:30,70.625,71.555,70.6,71.46,2479
2026-04-02T19:30:00+05:30,71.46,71.895,71.16,71.545,2316
2026-04-02T19:45:00+05:30,71.55,72.045,71.535,71.77,1696
2026-04-02T20:00:00+05:30,71.76,73.215,71.725,73.055,4562
2026-04-02T20:15:00+05:30,73.03,73.05,72.435,72.73,2246
2026-04-02T20:30:00+05:30,72.77,72.795,72.265,72.49,1869
2026-04-02T20:45:00+05:30,72.5,72.82,72.015,72.225,1737
2026-04-02T21:00:00+05:30,72.245,72.46,72.095,72.19,942
2026-04-02T21:15:00+05:30,72.205,72.23,71.705,72,1318
2026-04-02T21:30:00+05:30,72,72.285,71.92,72.09,963
2026-04-02T21:45:00+05:30,72.065,72.2,71.775,71.98,957
2026-04-02T22:00:00+05:30,71.975,72.53,71.975,72.335,1242
2026-04-02T22:15:00+05:30,72.32,72.72,72.295,72.44,1109
2026-04-02T22:30:00+05:30,72.465,72.83,72.44,72.8,1198
2026-04-02T22:45:00+05:30,72.8,73.015,72.47,72.485,1406
2026-04-02T23:00:00+05:30,72.485,72.62,72.375,72.585,591
2026-04-02T23:15:00+05:30,72.59,72.615,72.33,72.405,398
2026-04-02T23:30:00+05:30,72.415,72.775,72.395,72.63,526
2026-04-02T23:45:00+05:30,72.65,72.715,72.435,72.575,357
2026-04-03T00:00:00+05:30,72.575,72.79,72.5,72.71,437
2026-04-03T00:15:00+05:30,72.7,72.91,72.7,72.84,501
2026-04-03T00:30:00+05:30,72.88,73.085,72.81,72.83,479
2026-04-03T00:45:00+05:30,72.84,73.01,72.545,72.565,676
2026-04-03T01:00:00+05:30,72.565,72.725,72.475,72.63,301
2026-04-03T01:15:00+05:30,72.645,72.92,72.645,72.775,345
2026-04-03T01:30:00+05:30,72.775,72.9,72.715,72.84,211
2026-04-03T01:45:00+05:30,72.85,72.96,72.74,72.94,235
2026-04-03T02:00:00+05:30,72.94,73.145,72.93,73.08,243
2026-04-03T02:15:00+05:30,73.095,73.175,72.99,73.175,424
2026-04-06T03:30:00+05:30,72.675,72.92,71.3,72,1755
2026-04-06T03:45:00+05:30,72.015,72.18,71.82,71.955,345
2026-04-06T04:00:00+05:30,71.905,72.175,71.9,72.07,360
2026-04-06T04:15:00+05:30,72.065,72.33,71.77,72.2,1326
2026-04-06T04:30:00+05:30,72.2,72.385,72.015,72.19,580
2026-04-06T04:45:00+05:30,72.195,72.27,71.8,71.83,433
2026-04-06T05:00:00+05:30,71.835,71.99,71.63,71.745,726
2026-04-06T05:15:00+05:30,71.76,71.905,71.735,71.775,263
2026-04-06T05:30:00+05:30,71.775,72.635,71.695,72.55,1126
2026-04-06T05:45:00+05:30,72.545,72.61,71.915,71.975,1087
2026-04-06T06:00:00+05:30,71.995,72.53,71.995,72.435,615
2026-04-06T06:15:00+05:30,72.435,72.505,72.225,72.39,333
2026-04-06T06:30:00+05:30,72.395,72.64,72.385,72.515,651
2026-04-06T06:45:00+05:30,72.52,72.52,72.13,72.435,621
2026-04-06T07:00:00+05:30,72.435,72.435,72.13,72.285,543
2026-04-06T07:15:00+05:30,72.3,72.305,71.95,72.05,559
2026-04-06T07:30:00+05:30,72.065,72.315,71.865,72.21,915
2026-04-06T07:45:00+05:30,72.225,73.32,72.21,72.91,1487
2026-04-06T08:00:00+05:30,72.935,73.065,72.54,72.745,819
2026-04-06T08:15:00+05:30,72.725,72.81,72.455,72.465,603
2026-04-06T08:30:00+05:30,72.475,72.475,72.045,72.145,781
2026-04-06T08:45:00+05:30,72.16,72.24,71.88,72.08,730
2026-04-06T09:00:00+05:30,72.075,72.09,71.84,72.04,487
2026-04-06T09:15:00+05:30,72.035,72.13,71.985,72.075,292
2026-04-06T09:30:00+05:30,72.095,72.37,72.09,72.18,394
2026-04-06T09:45:00+05:30,72.19,72.28,72.125,72.24,167
2026-04-06T10:00:00+05:30,72.25,72.41,72.18,72.345,228
2026-04-06T10:15:00+05:30,72.345,72.585,72.275,72.575,225
2026-04-06T10:30:00+05:30,72.58,72.88,72.565,72.815,407
2026-04-06T10:45:00+05:30,72.81,72.91,72.615,72.615,378
2026-04-06T11:00:00+05:30,72.635,72.695,72.45,72.46,339
2026-04-06T11:15:00+05:30,72.465,72.625,72.32,72.325,340
2026-04-06T11:30:00+05:30,72.335,72.5,72.055,72.485,558
2026-04-06T11:45:00+05:30,72.48,72.525,72.295,72.365,288
2026-04-06T12:00:00+05:30,72.355,72.45,72.24,72.395,228
2026-04-06T12:15:00+05:30,72.385,72.67,72.295,72.635,596
2026-04-06T12:30:00+05:30,72.65,72.67,72.155,72.22,473
2026-04-06T12:45:00+05:30,72.25,72.365,71.865,71.975,740
2026-04-06T13:00:00+05:30,71.995,72.425,71.925,72.4,498
2026-04-06T13:15:00+05:30,72.4,72.795,72.4,72.64,631
2026-04-06T13:30:00+05:30,72.63,72.955,72.595,72.785,583
2026-04-06T13:45:00+05:30,72.795,73.1,72.75,72.95,574
2026-04-06T14:00:00+05:30,72.955,73.235,72.93,73.205,500
2026-04-06T14:15:00+05:30,73.21,73.37,73.18,73.29,434
2026-04-06T14:30:00+05:30,73.31,73.605,73.31,73.58,723
2026-04-06T14:45:00+05:30,73.595,73.7,73.49,73.66,624
2026-04-06T15:00:00+05:30,73.68,73.725,73.585,73.68,361
2026-04-06T15:15:00+05:30,73.665,73.665,73.155,73.23,810
2026-04-06T15:30:00+05:30,73.225,73.415,73.135,73.24,509
2026-04-06T15:45:00+05:30,73.245,73.345,73.115,73.21,307
2026-04-06T16:00:00+05:30,73.2,73.45,73.195,73.38,324
2026-04-06T16:15:00+05:30,73.38,73.485,73.085,73.415,749
2026-04-06T16:30:00+05:30,73.37,73.73,73.37,73.4,495
2026-04-06T16:45:00+05:30,73.385,73.485,73.285,73.41,376
2026-04-06T17:00:00+05:30,73.41,73.6,73.345,73.415,395
2026-04-06T17:15:00+05:30,73.415,73.565,73.365,73.425,376
2026-04-06T17:30:00+05:30,73.425,73.725,73.31,73.34,516
2026-04-06T17:45:00+05:30,73.33,73.36,72.965,73.175,691
2026-04-06T18:00:00+05:30,73.18,73.605,73.14,73.485,706
2026-04-06T18:15:00+05:30,73.485,73.58,73.155,73.22,541
2026-04-06T18:30:00+05:30,73.23,73.315,72.935,72.965,701
2026-04-06T18:45:00+05:30,72.995,73.07,72.64,72.85,849
2026-04-06T19:00:00+05:30,72.875,73.13,72.53,72.56,1989
2026-04-06T19:15:00+05:30,72.545,72.95,72.36,72.775,1480
2026-04-06T19:30:00+05:30,72.855,73.14,72.28,72.71,1871
2026-04-06T19:45:00+05:30,72.695,73.005,72.545,72.96,994
2026-04-06T20:00:00+05:30,72.975,73.1,72.575,72.855,1280
2026-04-06T20:15:00+05:30,72.845,73.01,72.66,72.86,794
2026-04-06T20:30:00+05:30,72.885,72.92,72.305,72.4,1156
2026-04-06T20:45:00+05:30,72.41,72.475,72.08,72.44,953
2026-04-06T21:00:00+05:30,72.45,72.665,72.195,72.325,1093
2026-04-06T21:15:00+05:30,72.315,72.705,72.29,72.685,687
2026-04-06T21:30:00+05:30,72.685,72.82,72.615,72.785,481
2026-04-06T21:45:00+05:30,72.795,72.825,72.68,72.755,399
2026-04-06T22:00:00+05:30,72.72,72.87,72.675,72.72,356
2026-04-06T22:15:00+05:30,72.73,72.85,72.62,72.66,369
2026-04-06T22:30:00+05:30,72.635,72.725,72.27,72.5,829
2026-04-06T22:45:00+05:30,72.49,73.015,72.21,72.9,1402
2026-04-06T23:00:00+05:30,72.915,73.11,72.8,72.935,658
2026-04-06T23:15:00+05:30,72.92,72.92,72.745,72.75,250
2026-04-06T23:30:00+05:30,72.75,73.205,72.625,72.95,662
2026-04-06T23:45:00+05:30,72.97,73.225,72.935,73.1,642
2026-04-07T00:00:00+05:30,73.105,73.24,72.86,72.945,427
2026-04-07T00:15:00+05:30,72.935,73.27,72.935,73.25,387
2026-04-07T00:30:00+05:30,73.265,73.31,73.035,73.11,383
2026-04-07T00:45:00+05:30,73.09,73.13,72.995,73.065,255
2026-04-07T01:00:00+05:30,73.1,73.185,72.99,73.14,379
2026-04-07T01:15:00+05:30,73.115,73.235,73.08,73.125,366
2026-04-07T01:30:00+05:30,73.125,73.165,72.995,73.125,201
2026-04-07T01:45:00+05:30,73.11,73.155,73.08,73.105,115
2026-04-07T02:00:00+05:30,73.11,73.15,72.915,73.005,221
2026-04-07T02:15:00+05:30,73.02,73.035,72.82,72.835,272
2026-04-07T03:30:00+05:30,72.835,73.455,72.835,73.3,586
2026-04-07T03:45:00+05:30,73.245,73.395,73.08,73.185,279
2026-04-07T04:00:00+05:30,73.215,73.275,73.115,73.125,180
2026-04-07T04:15:00+05:30,73.125,73.175,73.025,73.065,124
2026-04-07T04:30:00+05:30,73.06,73.215,73.045,73.19,159
2026-04-07T04:45:00+05:30,73.185,73.185,72.955,72.98,183
2026-04-07T05:00:00+05:30,72.95,73,72.8,72.87,199
2026-04-07T05:15:00+05:30,72.85,73.045,72.85,72.985,197
2026-04-07T05:30:00+05:30,72.985,73.165,72.745,73.1,802
2026-04-07T05:45:00+05:30,73.095,73.22,72.975,73.185,518
2026-04-07T06:00:00+05:30,73.19,73.23,73.055,73.095,266
2026-04-07T06:15:00+05:30,73.095,73.135,72.66,72.68,615
2026-04-07T06:30:00+05:30,72.665,73.27,71.655,72.395,4521
2026-04-07T06:45:00+05:30,72.41,73.05,72.37,73.02,1483
2026-04-07T07:00:00+05:30,73.025,73.24,72.475,72.78,1662
2026-04-07T07:15:00+05:30,72.82,72.98,71.99,72.225,2456
2026-04-07T07:30:00+05:30,72.225,72.315,71.915,72.02,1551
2026-04-07T07:45:00+05:30,72.06,72.3,71.975,72.3,499
2026-04-07T08:00:00+05:30,72.285,72.65,72.22,72.555,1025
2026-04-07T08:15:00+05:30,72.56,72.77,72.55,72.705,764
2026-04-07T08:30:00+05:30,72.71,72.875,72.415,72.515,812
2026-04-07T08:45:00+05:30,72.52,72.605,72.25,72.35,679
2026-04-07T09:00:00+05:30,72.33,72.585,72.32,72.585,333
2026-04-07T09:15:00+05:30,72.58,72.855,72.57,72.815,395
2026-04-07T09:30:00+05:30,72.835,72.93,72.68,72.69,387
2026-04-07T09:45:00+05:30,72.7,72.88,72.67,72.81,307
2026-04-07T10:00:00+05:30,72.81,73.045,72.81,73.03,577
2026-04-07T10:15:00+05:30,73.025,73.6,73.01,73.25,1017
2026-04-07T10:30:00+05:30,73.29,73.295,72.935,72.96,556
2026-04-07T10:45:00+05:30,72.97,73.025,72.105,72.205,1238
2026-04-07T11:00:00+05:30,72.195,72.455,71.92,72.05,1998
2026-04-07T11:15:00+05:30,72.05,72.555,72.025,72.425,843
2026-04-07T11:30:00+05:30,72.4,72.605,72.29,72.495,683
2026-04-07T11:45:00+05:30,72.49,72.575,72.3,72.435,519
2026-04-07T12:00:00+05:30,72.445,72.605,72.275,72.53,657
2026-04-07T12:15:00+05:30,72.535,72.545,72.335,72.39,372
2026-04-07T12:30:00+05:30,72.405,72.665,72.36,72.53,560
2026-04-07T12:45:00+05:30,72.55,72.55,72.11,72.12,600
2026-04-07T13:00:00+05:30,72.125,72.355,71.98,72.33,515
2026-04-07T13:15:00+05:30,72.35,72.435,72.2,72.375,415
2026-04-07T13:30:00+05:30,72.38,72.845,72.35,72.79,1040
2026-04-07T13:45:00+05:30,72.8,73.155,72.715,72.855,1257
2026-04-07T14:00:00+05:30,72.87,73.1,72.805,73.095,554
2026-04-07T14:15:00+05:30,73.07,73.135,72.94,73.025,371
2026-04-07T14:30:00+05:30,73.02,73.195,72.995,73.04,576
2026-04-07T14:45:00+05:30,73.03,73.325,72.975,73.205,698
2026-04-07T15:00:00+05:30,73.185,73.185,72.72,72.74,613
2026-04-07T15:15:00+05:30,72.75,72.94,72.55,72.855,624
2026-04-07T15:30:00+05:30,72.86,72.965,72.4,72.875,1003
2026-04-07T15:45:00+05:30,72.915,72.99,72.315,72.57,1047
2026-04-07T16:00:00+05:30,72.57,72.675,72.15,72.4,669
2026-04-07T16:15:00+05:30,72.385,72.385,72.06,72.225,1089
2026-04-07T16:30:00+05:30,72.24,72.325,71.81,71.99,1053
2026-04-07T16:45:00+05:30,71.995,72.305,71.925,72.095,663
2026-04-07T17:00:00+05:30,72.095,72.33,72.04,72.295,481
2026-04-07T17:15:00+05:30,72.295,72.3,72.165,72.235,319
2026-04-07T17:30:00+05:30,72.26,72.42,72.07,72.14,966
2026-04-07T17:45:00+05:30,72.135,72.525,72.03,72.48,854
2026-04-07T18:00:00+05:30,72.525,72.55,72.18,72.19,614
2026-04-07T18:15:00+05:30,72.2,72.25,71.55,71.955,2123
2026-04-07T18:30:00+05:30,71.935,72.305,71.805,72.22,1528
2026-04-07T18:45:00+05:30,72.245,72.4,72.04,72.2,684
2026-04-07T19:00:00+05:30,72.205,72.345,71.265,71.445,2504
2026-04-07T19:15:00+05:30,71.43,71.685,71.295,71.305,1816
2026-04-07T19:30:00+05:30,71.31,71.31,70.17,70.515,4006
2026-04-07T19:45:00+05:30,70.495,71.07,69.8,70.885,3471
2026-04-07T20:00:00+05:30,70.875,71.29,70.745,71.05,1714
2026-04-07T20:15:00+05:30,71.04,71.35,70.615,70.65,1373
2026-04-07T20:30:00+05:30,70.655,70.785,70.4,70.725,2144
2026-04-07T20:45:00+05:30,70.725,71.31,70.67,71.28,1859
2026-04-07T21:00:00+05:30,71.3,71.36,71.035,71.135,996
2026-04-07T21:15:00+05:30,71.14,71.545,71.12,71.52,1036
2026-04-07T21:30:00+05:30,71.535,71.875,71.425,71.505,1447
2026-04-07T21:45:00+05:30,71.505,71.815,71.4,71.705,867
2026-04-07T22:00:00+05:30,71.7,71.86,71.605,71.815,551
2026-04-07T22:15:00+05:30,71.81,71.925,71.67,71.67,451
2026-04-07T22:30:00+05:30,71.665,72.125,71.645,71.975,918
2026-04-07T22:45:00+05:30,71.965,72.04,71.78,72.005,784
2026-04-07T23:00:00+05:30,72.005,72.47,72.005,72.18,1231
2026-04-07T23:15:00+05:30,72.17,72.35,72.15,72.215,367
2026-04-07T23:30:00+05:30,72.22,72.32,72.125,72.285,354
2026-04-07T23:45:00+05:30,72.275,72.33,72.075,72.155,457
2026-04-08T00:00:00+05:30,72.165,72.25,72.025,72.08,436
2026-04-08T00:15:00+05:30,72.075,72.075,71.42,71.495,906
2026-04-08T00:30:00+05:30,71.485,71.76,71.43,71.74,647
2026-04-08T00:45:00+05:30,71.755,72.63,71.695,72.31,2046
2026-04-08T01:00:00+05:30,72.28,72.675,72.23,72.5,978
2026-04-08T01:15:00+05:30,72.495,73.23,72.475,73.005,2209
2026-04-08T01:30:00+05:30,72.99,73.275,72.885,73.065,715
2026-04-08T01:45:00+05:30,73.1,73.235,72.97,73.135,470
2026-04-08T02:00:00+05:30,73.14,73.26,72.91,73.095,659
2026-04-08T02:15:00+05:30,73.095,73.24,73.06,73.135,323
2026-04-08T03:30:00+05:30,73.4,74.415,73.355,73.935,1811
2026-04-08T03:45:00+05:30,73.945,74.07,73.78,74.055,514
2026-04-08T04:00:00+05:30,74.04,75.4,73.56,75.25,2406
2026-04-08T04:15:00+05:30,75.255,76.53,74.95,76.52,1840
2026-04-08T04:30:00+05:30,76.54,76.955,76.33,76.785,3289
2026-04-08T04:45:00+05:30,76.81,77.195,76.625,76.8,1903
2026-04-08T05:00:00+05:30,76.785,76.87,76.22,76.36,1773
2026-04-08T05:15:00+05:30,76.345,76.8,76.305,76.78,1332
2026-04-08T05:30:00+05:30,76.785,77.435,76.67,76.76,3466
2026-04-08T05:45:00+05:30,76.73,76.94,76.34,76.445,1604
2026-04-08T06:00:00+05:30,76.475,76.77,76.225,76.65,1498
2026-04-08T06:15:00+05:30,76.66,77.085,76.535,76.855,1599
2026-04-08T06:30:00+05:30,76.85,77.215,76.35,76.46,3150
2026-04-08T06:45:00+05:30,76.46,76.61,76.165,76.245,1507
2026-04-08T07:00:00+05:30,76.255,76.5,76.14,76.4,1272
2026-04-08T07:15:00+05:30,76.4,76.835,76.4,76.71,983
2026-04-08T07:30:00+05:30,76.71,76.895,76.655,76.72,945
2026-04-08T07:45:00+05:30,76.695,76.73,76.56,76.675,476
2026-04-08T08:00:00+05:30,76.7,76.825,76.505,76.55,588
2026-04-08T08:15:00+05:30,76.53,76.675,76.42,76.535,460
2026-04-08T08:30:00+05:30,76.55,76.585,76.405,76.415,398
2026-04-08T08:45:00+05:30,76.435,76.47,76.32,76.42,398
2026-04-08T09:00:00+05:30,76.42,76.5,76.245,76.4,410
2026-04-08T09:15:00+05:30,76.39,76.54,76.375,76.42,291
2026-04-08T09:30:00+05:30,76.465,76.625,76.465,76.62,300
2026-04-08T09:45:00+05:30,76.61,76.74,76.48,76.73,346
2026-04-08T10:00:00+05:30,76.73,76.83,76.69,76.75,349
2026-04-08T10:15:00+05:30,76.775,76.83,76.65,76.805,301
2026-04-08T10:30:00+05:30,76.795,76.915,76.7,76.85,448
2026-04-08T10:45:00+05:30,76.84,77.195,76.775,77.19,552
2026-04-08T11:00:00+05:30,77.175,77.23,76.93,77.12,1016
2026-04-08T11:15:00+05:30,77.115,77.685,77.08,77.435,1239
2026-04-08T11:30:00+05:30,77.44,77.68,77.41,77.545,1006
2026-04-08T11:45:00+05:30,77.535,77.735,77.46,77.66,689
2026-04-08T12:00:00+05:30,77.64,77.685,77.43,77.66,813
2026-04-08T12:15:00+05:30,77.67,77.78,77.275,77.3,1090
2026-04-08T12:30:00+05:30,77.3,77.32,77.065,77.11,967
2026-04-08T12:45:00+05:30,77.105,77.31,77.095,77.14,501
2026-04-08T13:00:00+05:30,77.12,77.195,77.05,77.11,365
2026-04-08T13:15:00+05:30,77.085,77.21,77.065,77.1,386
2026-04-08T13:30:00+05:30,77.075,77.135,76.835,76.985,545
2026-04-08T13:45:00+05:30,76.985,77.125,76.71,76.89,492
2026-04-08T14:00:00+05:30,76.89,77.045,76.635,76.765,642
2026-04-08T14:15:00+05:30,76.755,77.035,76.7,77.015,487
2026-04-08T14:30:00+05:30,77.015,77.24,77.01,77.22,489
2026-04-08T14:45:00+05:30,77.19,77.31,77,77.015,304
2026-04-08T15:00:00+05:30,77.045,77.115,76.745,76.795,465
2026-04-08T15:15:00+05:30,76.81,77.115,76.75,76.805,543
2026-04-08T15:30:00+05:30,76.81,77.105,76.775,76.92,305
2026-04-08T15:45:00+05:30,76.91,77.015,76.72,77,445
2026-04-08T16:00:00+05:30,77.005,77.09,76.915,77.065,324
2026-04-08T16:15:00+05:30,77.055,77.1,76.915,76.915,227
2026-04-08T16:30:00+05:30,76.89,77.13,76.82,77.065,547
2026-04-08T16:45:00+05:30,77.065,77.55,76.975,77.515,1056
2026-04-08T17:00:00+05:30,77.505,77.52,77.125,77.35,769
2026-04-08T17:15:00+05:30,77.365,77.59,77.335,77.43,515
2026-04-08T17:30:00+05:30,77.445,77.635,77.395,77.51,764
2026-04-08T17:45:00+05:30,77.5,77.55,76.595,77.105,2063
2026-04-08T18:00:00+05:30,77.1,77.59,77.09,77.535,937
2026-04-08T18:15:00+05:30,77.55,77.65,77.41,77.62,872
2026-04-08T18:30:00+05:30,77.61,77.825,77.255,77.33,1174
2026-04-08T18:45:00+05:30,77.32,77.395,77.01,77.13,1249
2026-04-08T19:00:00+05:30,77.125,77.37,76.405,76.42,2735
2026-04-08T19:15:00+05:30,76.435,76.9,76.41,76.605,1662
2026-04-08T19:30:00+05:30,76.615,76.805,76.38,76.47,1418
2026-04-08T19:45:00+05:30,76.505,76.705,75.84,76.025,1690
2026-04-08T20:00:00+05:30,76.035,76.09,75.395,75.64,2258
2026-04-08T20:15:00+05:30,75.655,75.74,74.815,74.97,2576
2026-04-08T20:30:00+05:30,74.98,75.305,74.91,75.15,1242
2026-04-08T20:45:00+05:30,75.145,75.54,75.085,75.375,1322
2026-04-08T21:00:00+05:30,75.385,75.665,75.37,75.545,723
2026-04-08T21:15:00+05:30,75.55,75.765,75.54,75.605,562
2026-04-08T21:30:00+05:30,75.615,75.87,75.615,75.635,718
2026-04-08T21:45:00+05:30,75.64,75.645,75.275,75.43,795
2026-04-08T22:00:00+05:30,75.445,75.775,75.355,75.715,581
2026-04-08T22:15:00+05:30,75.685,75.82,75.61,75.63,421
2026-04-08T22:30:00+05:30,75.605,75.63,75.43,75.56,440
2026-04-08T22:45:00+05:30,75.57,75.645,75.32,75.545,1349
2026-04-08T23:00:00+05:30,75.54,75.64,75.25,75.385,852
2026-04-08T23:15:00+05:30,75.38,75.465,75.12,75.255,781
2026-04-08T23:30:00+05:30,75.25,75.48,75.17,75.375,667
2026-04-08T23:45:00+05:30,75.38,75.405,74.335,74.59,2485
2026-04-09T00:00:00+05:30,74.595,74.72,73.83,73.895,1693
2026-04-09T00:15:00+05:30,73.87,74.08,73.64,73.7,1242
2026-04-09T00:30:00+05:30,73.685,74.315,73.555,74.29,1545
2026-04-09T00:45:00+05:30,74.29,74.405,74.065,74.09,836
2026-04-09T01:00:00+05:30,74.085,74.54,74.085,74.46,796
2026-04-09T01:15:00+05:30,74.5,74.64,74.44,74.635,597
2026-04-09T01:30:00+05:30,74.62,74.73,74.425,74.475,478
2026-04-09T01:45:00+05:30,74.48,74.54,74.315,74.375,297
2026-04-09T02:00:00+05:30,74.37,74.375,74.265,74.325,198
2026-04-09T02:15:00+05:30,74.325,74.35,74.135,74.245,410
2026-04-09T03:30:00+05:30,74.295,74.385,73.85,73.87,435
2026-04-09T03:45:00+05:30,73.865,74.01,73.5,73.955,498
2026-04-09T04:00:00+05:30,73.955,74.085,73.77,73.83,466
2026-04-09T04:15:00+05:30,73.835,74.23,73.76,74.185,592
2026-04-09T04:30:00+05:30,74.195,74.195,73.655,73.79,735
2026-04-09T04:45:00+05:30,73.79,73.905,73.665,73.69,499
2026-04-09T05:00:00+05:30,73.68,73.845,73.56,73.78,387
2026-04-09T05:15:00+05:30,73.775,73.985,73.68,73.79,417
2026-04-09T05:30:00+05:30,73.815,73.815,73.41,73.64,1032
2026-04-09T05:45:00+05:30,73.64,73.885,73.565,73.795,583
2026-04-09T06:00:00+05:30,73.805,74.065,73.735,74.065,551
2026-04-09T06:15:00+05:30,74.06,74.07,73.52,73.575,732
2026-04-09T06:30:00+05:30,73.56,73.97,73.255,73.59,2260
2026-04-09T06:45:00+05:30,73.545,73.735,72.93,72.955,1166
2026-04-09T07:00:00+05:30,72.96,73.57,72.93,73.41,848
2026-04-09T07:15:00+05:30,73.41,73.945,73.355,73.9,813
2026-04-09T07:30:00+05:30,73.895,74.12,73.77,73.99,542
2026-04-09T07:45:00+05:30,74.02,74.185,74,74.085,384
2026-04-09T08:00:00+05:30,74.07,74.465,74.05,74.34,677
2026-04-09T08:15:00+05:30,74.35,74.35,73.825,73.84,668
2026-04-09T08:30:00+05:30,73.82,74.025,73.715,73.75,422
2026-04-09T08:45:00+05:30,73.775,73.945,73.695,73.925,396
2026-04-09T09:00:00+05:30,73.925,74,73.875,74,186
2026-04-09T09:15:00+05:30,74.015,74.115,73.855,74.065,381
2026-04-09T09:30:00+05:30,74.07,74.29,73.995,74.265,277
2026-04-09T09:45:00+05:30,74.275,74.3,74.05,74.065,200
2026-04-09T10:00:00+05:30,74.05,74.245,73.98,74.2,209
2026-04-09T10:15:00+05:30,74.165,74.27,74.115,74.125,162
2026-04-09T10:30:00+05:30,74.14,74.24,73.925,73.96,310
2026-04-09T10:45:00+05:30,73.97,74.245,73.965,74.245,251
2026-04-09T11:00:00+05:30,74.23,74.24,73.815,74.155,454
2026-04-09T11:15:00+05:30,74.15,74.16,73.785,74.025,417
2026-04-09T11:30:00+05:30,73.995,74.19,73.98,74.055,312
2026-04-09T11:45:00+05:30,74.07,74.09,73.84,73.975,316
2026-04-09T12:00:00+05:30,73.96,74.115,73.855,73.895,163
2026-04-09T12:15:00+05:30,73.89,74.025,73.765,74.025,334
2026-04-09T12:30:00+05:30,74.015,74.345,73.98,74.21,538
2026-04-09T12:45:00+05:30,74.195,74.205,73.71,73.745,565
2026-04-09T13:00:00+05:30,73.74,74.19,73.65,73.95,491
2026-04-09T13:15:00+05:30,73.945,74.17,73.73,74.17,300
2026-04-09T13:30:00+05:30,74.18,74.25,73.995,74.045,274
2026-04-09T13:45:00+05:30,74.01,74.145,73.945,74.03,243
2026-04-09T14:00:00+05:30,74.04,74.24,74.015,74.205,248
2026-04-09T14:15:00+05:30,74.23,74.33,74.145,74.15,242
2026-04-09T14:30:00+05:30,74.145,74.21,73.89,74.15,332
2026-04-09T14:45:00+05:30,74.17,74.235,74.075,74.14,174
2026-04-09T15:00:00+05:30,74.145,74.18,74.04,74.075,161
2026-04-09T15:15:00+05:30,74.085,74.12,73.955,74.115,185
2026-04-09T15:30:00+05:30,74.1,74.2,74,74.06,175
2026-04-09T15:45:00+05:30,74.065,74.29,73.93,74.29,351
2026-04-09T16:00:00+05:30,74.3,74.32,74.12,74.17,199
2026-04-09T16:15:00+05:30,74.15,74.275,74.1,74.105,219
2026-04-09T16:30:00+05:30,74.115,74.245,74.105,74.125,311
2026-04-09T16:45:00+05:30,74.11,74.4,74.1,74.375,374
2026-04-09T17:00:00+05:30,74.37,74.45,74.305,74.42,350
2026-04-09T17:15:00+05:30,74.425,74.725,74.41,74.685,723
2026-04-09T17:30:00+05:30,74.695,74.845,74.5,74.52,525
2026-04-09T17:45:00+05:30,74.54,74.56,74.24,74.38,521
2026-04-09T18:00:00+05:30,74.385,74.495,74.21,74.385,640
2026-04-09T18:15:00+05:30,74.405,74.535,74.235,74.5,644
2026-04-09T18:30:00+05:30,74.505,74.775,74.29,74.555,1162
2026-04-09T18:45:00+05:30,74.57,74.94,74.545,74.8,765
2026-04-09T19:00:00+05:30,74.81,75.465,74.74,75.395,2140
2026-04-09T19:15:00+05:30,75.405,75.475,75.005,75.15,1410
2026-04-09T19:30:00+05:30,75.14,75.46,75.02,75.195,1141
2026-04-09T19:45:00+05:30,75.185,75.245,74.79,74.88,1058
2026-04-09T20:00:00+05:30,74.875,74.925,74.335,74.56,1502
2026-04-09T20:15:00+05:30,74.525,74.97,74.515,74.97,833
2026-04-09T20:30:00+05:30,74.97,75.04,74.735,75.015,696
2026-04-09T20:45:00+05:30,75.03,75.74,75.015,75.445,1901
2026-04-09T21:00:00+05:30,75.445,76.05,75.425,75.805,1750
2026-04-09T21:15:00+05:30,75.795,76.14,75.71,75.935,1220
2026-04-09T21:30:00+05:30,75.95,76.355,75.95,76.105,1133
2026-04-09T21:45:00+05:30,76.11,76.42,76.07,76.305,781
2026-04-09T22:00:00+05:30,76.31,76.415,76.17,76.225,790
2026-04-09T22:15:00+05:30,76.23,76.275,76.03,76.14,598
2026-04-09T22:30:00+05:30,76.145,76.485,76.145,76.435,702
2026-04-09T22:45:00+05:30,76.435,76.585,76.365,76.515,1096
2026-04-09T23:00:00+05:30,76.535,76.77,76.375,76.61,1024
2026-04-09T23:15:00+05:30,76.625,76.83,76.615,76.675,484
2026-04-09T23:30:00+05:30,76.675,76.695,76.095,76.175,1204
2026-04-09T23:45:00+05:30,76.17,76.375,76.04,76.285,744
2026-04-10T00:00:00+05:30,76.265,76.265,75.8,75.845,1058
2026-04-10T00:15:00+05:30,75.84,76.01,75.81,75.92,400
2026-04-10T00:30:00+05:30,75.9,76.205,75.85,76.135,475
2026-04-10T00:45:00+05:30,76.14,76.165,75.88,75.91,377
2026-04-10T01:00:00+05:30,75.92,76.075,75.89,75.975,354
2026-04-10T01:15:00+05:30,75.955,75.995,75.67,75.74,480
2026-04-10T01:30:00+05:30,75.735,75.835,75.675,75.785,244
2026-04-10T01:45:00+05:30,75.8,75.865,75.68,75.82,199
2026-04-10T02:00:00+05:30,75.825,75.85,75.485,75.59,419
2026-04-10T02:15:00+05:30,75.565,75.63,75.35,75.455,279
2026-04-10T03:30:00+05:30,75.52,75.85,75.465,75.535,501
2026-04-10T03:45:00+05:30,75.55,75.57,75.395,75.42,272
2026-04-10T04:00:00+05:30,75.415,75.485,75.335,75.35,272
2026-04-10T04:15:00+05:30,75.35,75.51,75.32,75.505,199
2026-04-10T04:30:00+05:30,75.495,75.515,75.32,75.375,226
2026-04-10T04:45:00+05:30,75.4,75.42,75.35,75.415,120
2026-04-10T05:00:00+05:30,75.42,75.59,75.415,75.5,248
2026-04-10T05:15:00+05:30,75.465,75.595,75.465,75.54,245
2026-04-10T05:30:00+05:30,75.515,75.57,75.165,75.215,686
2026-04-10T05:45:00+05:30,75.2,75.375,75.07,75.17,403
2026-04-10T06:00:00+05:30,75.175,75.415,75.165,75.275,405
2026-04-10T06:15:00+05:30,75.23,75.62,75.18,75.565,611
2026-04-10T06:30:00+05:30,75.585,75.885,75.55,75.78,1391
2026-04-10T06:45:00+05:30,75.77,76.035,75.615,75.695,980
2026-04-10T07:00:00+05:30,75.72,76.05,75.67,75.94,623
2026-04-10T07:15:00+05:30,75.91,76.02,75.57,75.64,737
2026-04-10T07:30:00+05:30,75.655,75.695,75.375,75.455,772
2026-04-10T07:45:00+05:30,75.465,75.52,75.215,75.26,532
2026-04-10T08:00:00+05:30,75.3,75.555,75.005,75.545,982
2026-04-10T08:15:00+05:30,75.535,75.74,75.42,75.7,457
2026-04-10T08:30:00+05:30,75.73,75.87,75.695,75.84,463
2026-04-10T08:45:00+05:30,75.845,75.92,75.745,75.795,463
2026-04-10T09:00:00+05:30,75.805,76.06,75.805,75.9,365
2026-04-10T09:15:00+05:30,75.925,76.01,75.88,75.97,178
2026-04-10T09:30:00+05:30,75.97,76.05,75.9,75.96,203
2026-04-10T09:45:00+05:30,75.96,76.05,75.96,75.98,109
2026-04-10T10:00:00+05:30,75.96,75.99,75.85,75.93,301
2026-04-10T10:15:00+05:30,75.92,76.025,75.845,75.89,246
2026-04-10T10:30:00+05:30,75.895,76.135,75.885,76.01,460
2026-04-10T10:45:00+05:30,76.03,76.18,75.965,76.015,332
2026-04-10T11:00:00+05:30,76.005,76.305,75.975,76.11,799
2026-04-10T11:15:00+05:30,76.135,76.2,76.04,76.085,219
2026-04-10T11:30:00+05:30,76.085,76.085,75.76,75.79,481
2026-04-10T11:45:00+05:30,75.785,75.83,75.57,75.59,426
2026-04-10T12:00:00+05:30,75.59,75.765,75.495,75.555,605
2026-04-10T12:15:00+05:30,75.555,75.675,75.415,75.45,522
2026-04-10T12:30:00+05:30,75.45,75.66,75.34,75.48,520
2026-04-10T12:45:00+05:30,75.48,75.73,75.46,75.695,262
2026-04-10T13:00:00+05:30,75.7,75.785,75.525,75.575,291
2026-04-10T13:15:00+05:30,75.58,75.595,75.385,75.445,304
2026-04-10T13:30:00+05:30,75.455,75.5,75.37,75.405,265
2026-04-10T13:45:00+05:30,75.43,75.435,75.25,75.415,486
2026-04-10T14:00:00+05:30,75.395,75.46,75.095,75.125,285
2026-04-10T14:15:00+05:30,75.115,75.17,74.885,75.01,774
2026-04-10T14:30:00+05:30,75.01,75.245,75.01,75.24,408
2026-04-10T14:45:00+05:30,75.24,75.645,75.215,75.36,801
2026-04-10T15:00:00+05:30,75.36,75.415,75.22,75.295,265
2026-04-10T15:15:00+05:30,75.285,75.52,75.255,75.505,228
2026-04-10T15:30:00+05:30,75.515,75.53,75.255,75.32,223
2026-04-10T15:45:00+05:30,75.295,75.675,75.295,75.625,338
2026-04-10T16:00:00+05:30,75.635,75.685,75.545,75.65,242
2026-04-10T16:15:00+05:30,75.62,75.745,75.58,75.685,276
2026-04-10T16:30:00+05:30,75.685,75.685,75.53,75.59,337
2026-04-10T16:45:00+05:30,75.585,75.71,75.54,75.685,197
2026-04-10T17:00:00+05:30,75.695,75.8,75.625,75.74,250
2026-04-10T17:15:00+05:30,75.745,75.82,75.72,75.8,250
2026-04-10T17:30:00+05:30,75.81,75.96,75.72,75.925,472
2026-04-10T17:45:00+05:30,75.92,76.085,75.875,76.08,485
2026-04-10T18:00:00+05:30,76.09,76.3,75.89,75.925,1570
2026-04-10T18:15:00+05:30,75.94,76.065,75.66,76.04,980
2026-04-10T18:30:00+05:30,76.05,76.39,75.945,76.255,1453
2026-04-10T18:45:00+05:30,76.225,76.635,76.165,76.5,1231
2026-04-10T19:00:00+05:30,76.535,76.585,76.16,76.245,1487
2026-04-10T19:15:00+05:30,76.25,76.485,76.165,76.46,744
2026-04-10T19:30:00+05:30,76.495,76.675,76.165,76.6,1157
2026-04-10T19:45:00+05:30,76.59,77,76.56,76.9,1520
2026-04-10T20:00:00+05:30,76.89,77,76.445,76.57,1099
2026-04-10T20:15:00+05:30,76.565,76.655,76.395,76.465,710
2026-04-10T20:30:00+05:30,76.475,76.73,76.25,76.69,683
2026-04-10T20:45:00+05:30,76.695,76.855,76.58,76.58,585
2026-04-10T21:00:00+05:30,76.6,76.69,76.11,76.3,1200
2026-04-10T21:15:00+05:30,76.27,76.385,75.965,76.125,871
2026-04-10T21:30:00+05:30,76.105,76.29,75.875,76.235,1010
2026-04-10T21:45:00+05:30,76.235,76.305,76.07,76.15,616
2026-04-10T22:00:00+05:30,76.145,76.325,76.105,76.14,525
2026-04-10T22:15:00+05:30,76.13,76.4,76.115,76.355,444
2026-04-10T22:30:00+05:30,76.365,76.445,76.2,76.375,547
2026-04-10T22:45:00+05:30,76.385,76.555,76.365,76.385,719
2026-04-10T23:00:00+05:30,76.38,76.515,76.32,76.395,386
2026-04-10T23:15:00+05:30,76.4,76.465,76.3,76.365,299
2026-04-10T23:30:00+05:30,76.37,76.41,76.13,76.395,382
2026-04-10T23:45:00+05:30,76.405,76.615,76.405,76.545,544
2026-04-11T00:00:00+05:30,76.55,76.675,76.5,76.54,381
2026-04-11T00:15:00+05:30,76.525,76.56,76.36,76.54,364
2026-04-11T00:30:00+05:30,76.53,76.59,76.48,76.53,254
2026-04-11T00:45:00+05:30,76.52,76.64,76.51,76.57,309
2026-04-11T01:00:00+05:30,76.55,76.635,76.475,76.555,325
2026-04-11T01:15:00+05:30,76.55,76.58,76.425,76.525,383
2026-04-11T01:30:00+05:30,76.525,76.555,76.39,76.51,264
2026-04-11T01:45:00+05:30,76.5,76.5,76.205,76.29,274
2026-04-11T02:00:00+05:30,76.27,76.41,76.25,76.4,236
2026-04-11T02:15:00+05:30,76.385,76.395,75.96,76.03,568
2026-04-13T03:30:00+05:30,74.91,74.925,73.045,73.355,2560
2026-04-13T03:45:00+05:30,73.345,73.65,72.52,72.94,1858
2026-04-13T04:00:00+05:30,72.975,73.43,72.9,73.395,1229
2026-04-13T04:15:00+05:30,73.38,73.57,73.36,73.54,533
2026-04-13T04:30:00+05:30,73.53,73.53,73.315,73.36,716
2026-04-13T04:45:00+05:30,73.36,73.39,72.84,73.345,901
2026-04-13T05:00:00+05:30,73.33,73.515,73.215,73.415,502
2026-04-13T05:15:00+05:30,73.42,73.955,73.365,73.82,950
2026-04-13T05:30:00+05:30,73.835,74.035,73.7,74.01,825
2026-04-13T05:45:00+05:30,74.015,74.065,73.765,73.865,582
2026-04-13T06:00:00+05:30,73.855,74.07,73.8,73.91,494
2026-04-13T06:15:00+05:30,73.95,74.6,73.95,74.535,1341
2026-04-13T06:30:00+05:30,74.53,74.82,74.365,74.58,3077
2026-04-13T06:45:00+05:30,74.56,74.62,74.38,74.47,872
2026-04-13T07:00:00+05:30,74.445,74.615,74.345,74.41,803
2026-04-13T07:15:00+05:30,74.39,74.535,74.25,74.425,683
2026-04-13T07:30:00+05:30,74.42,74.575,74.32,74.405,477
2026-04-13T07:45:00+05:30,74.39,74.42,74.25,74.3,321
2026-04-13T08:00:00+05:30,74.335,74.575,74.295,74.355,665
2026-04-13T08:15:00+05:30,74.34,74.43,74.045,74.385,702
2026-04-13T08:30:00+05:30,74.395,74.46,74.14,74.15,571
2026-04-13T08:45:00+05:30,74.15,74.39,74.15,74.35,300
2026-04-13T09:00:00+05:30,74.345,74.59,74.32,74.56,267
2026-04-13T09:15:00+05:30,74.545,74.545,74.375,74.49,239
2026-04-13T09:30:00+05:30,74.505,74.51,74.22,74.375,279
2026-04-13T09:45:00+05:30,74.39,74.44,74.255,74.345,240
2026-04-13T10:00:00+05:30,74.365,74.515,74.255,74.47,222
2026-04-13T10:15:00+05:30,74.48,74.595,74.385,74.555,230
2026-04-13T10:30:00+05:30,74.555,74.6,74.405,74.43,199
2026-04-13T10:45:00+05:30,74.455,74.515,74.375,74.46,156
2026-04-13T11:00:00+05:30,74.46,74.65,74.285,74.54,541
2026-04-13T11:15:00+05:30,74.535,74.785,74.52,74.785,451
2026-04-13T11:30:00+05:30,74.79,74.815,74.46,74.535,695
2026-04-13T11:45:00+05:30,74.505,74.63,74.505,74.625,339
2026-04-13T12:00:00+05:30,74.625,74.66,74.455,74.56,380
2026-04-13T12:15:00+05:30,74.55,74.605,74.45,74.53,326
2026-04-13T12:30:00+05:30,74.54,74.885,74.425,74.51,757
2026-04-13T12:45:00+05:30,74.515,74.73,74.475,74.65,321
2026-04-13T13:00:00+05:30,74.65,74.76,74.595,74.735,216
2026-04-13T13:15:00+05:30,74.75,74.93,74.725,74.835,451
2026-04-13T13:30:00+05:30,74.835,75.015,74.77,74.785,411
2026-04-13T13:45:00+05:30,74.77,74.82,74.71,74.75,215
2026-04-13T14:00:00+05:30,74.755,74.855,74.485,74.51,309
2026-04-13T14:15:00+05:30,74.51,74.655,74.46,74.535,318
2026-04-13T14:30:00+05:30,74.51,74.65,74.35,74.395,305
2026-04-13T14:45:00+05:30,74.39,74.5,74.355,74.36,236
2026-04-13T15:00:00+05:30,74.36,74.5,74.345,74.425,253
2026-04-13T15:15:00+05:30,74.43,74.52,74.36,74.47,183
2026-04-13T15:30:00+05:30,74.475,74.515,74.38,74.48,122
2026-04-13T15:45:00+05:30,74.46,74.46,74.215,74.315,329
2026-04-13T16:00:00+05:30,74.355,74.47,74.295,74.46,167
2026-04-13T16:15:00+05:30,74.445,74.5,74.4,74.48,159
2026-04-13T16:30:00+05:30,74.5,74.65,74.245,74.355,573
2026-04-13T16:45:00+05:30,74.355,74.36,74.16,74.26,287
2026-04-13T17:00:00+05:30,74.245,74.35,74.11,74.21,489
2026-04-13T17:15:00+05:30,74.22,74.3,74.07,74.13,497
2026-04-13T17:30:00+05:30,74.135,74.4,74.06,74.34,492
2026-04-13T17:45:00+05:30,74.36,74.415,73.94,73.985,681
2026-04-13T18:00:00+05:30,74,74.05,73.73,73.785,1139
2026-04-13T18:15:00+05:30,73.815,74.17,73.81,73.99,819
2026-04-13T18:30:00+05:30,73.98,74.225,73.86,74.115,1196
2026-04-13T18:45:00+05:30,74.1,74.31,74.025,74.29,533
2026-04-13T19:00:00+05:30,74.32,74.385,73.98,74.09,1278
2026-04-13T19:15:00+05:30,74.095,74.56,73.645,74.36,2774
2026-04-13T19:30:00+05:30,74.365,74.435,74.15,74.4,1092
2026-04-13T19:45:00+05:30,74.415,74.425,73.95,74.115,1349
2026-04-13T20:00:00+05:30,74.11,74.38,73.995,74.375,980
2026-04-13T20:15:00+05:30,74.365,74.395,73.855,74.175,1108
2026-04-13T20:30:00+05:30,74.18,74.195,73.78,73.99,945
2026-04-13T20:45:00+05:30,74.015,74.13,73.925,73.94,731
2026-04-13T21:00:00+05:30,73.93,74.28,73.88,74.165,758
2026-04-13T21:15:00+05:30,74.16,74.24,74.115,74.18,270
2026-04-13T21:30:00+05:30,74.18,74.475,74.085,74.345,945
2026-04-13T21:45:00+05:30,74.355,75.305,74.35,75.19,1790
2026-04-13T22:00:00+05:30,75.185,76,75.135,75.79,2863
2026-04-13T22:15:00+05:30,75.79,75.805,75.32,75.455,1699
2026-04-13T22:30:00+05:30,75.465,75.615,75.275,75.475,973
2026-04-13T22:45:00+05:30,75.465,75.75,75.465,75.53,1201
2026-04-13T23:00:00+05:30,75.54,75.625,75.425,75.555,520
2026-04-13T23:15:00+05:30,75.54,75.595,75.32,75.345,432
2026-04-13T23:30:00+05:30,75.335,75.49,75.145,75.17,756
2026-04-13T23:45:00+05:30,75.16,75.265,75.03,75.195,749
2026-04-14T00:00:00+05:30,75.17,75.455,75.17,75.425,407
2026-04-14T00:15:00+05:30,75.42,75.735,75.42,75.64,751
2026-04-14T00:30:00+05:30,75.65,75.66,75.435,75.555,413
2026-04-14T00:45:00+05:30,75.56,75.725,75.545,75.685,333
2026-04-14T01:00:00+05:30,75.69,75.785,75.555,75.6,351
2026-04-14T01:15:00+05:30,75.595,75.75,75.525,75.605,527
2026-04-14T01:30:00+05:30,75.595,75.69,75.57,75.64,244
2026-04-14T01:45:00+05:30,75.64,75.705,75.59,75.615,237
2026-04-14T02:00:00+05:30,75.615,75.7,75.605,75.685,125
2026-04-14T02:15:00+05:30,75.67,75.79,75.67,75.745,192
2026-04-14T03:30:00+05:30,75.81,75.96,75.665,75.85,404
2026-04-14T03:45:00+05:30,75.885,75.97,75.82,75.855,196
2026-04-14T04:00:00+05:30,75.855,75.9,75.775,75.9,220
2026-04-14T04:15:00+05:30,75.9,76.055,75.825,76.035,442
2026-04-14T04:30:00+05:30,76.05,76.18,76,76.085,622
2026-04-14T04:45:00+05:30,76.08,76.11,75.915,75.95,275
2026-04-14T05:00:00+05:30,75.94,76.06,75.86,76.005,307
2026-04-14T05:15:00+05:30,76.005,76.05,75.895,75.93,284
2026-04-14T05:30:00+05:30,75.92,75.92,75.605,75.85,644
2026-04-14T05:45:00+05:30,75.86,76.19,75.855,76.1,654
2026-04-14T06:00:00+05:30,76.115,76.395,76.06,76.175,734
2026-04-14T06:15:00+05:30,76.18,76.21,76.09,76.17,651
2026-04-14T06:30:00+05:30,76.17,76.535,75.945,76.505,2088
2026-04-14T06:45:00+05:30,76.515,76.535,76.145,76.22,777
2026-04-14T07:00:00+05:30,76.23,76.335,76.05,76.29,598
2026-04-14T07:15:00+05:30,76.3,76.3,75.905,75.985,613
2026-04-14T07:30:00+05:30,75.975,76.23,75.94,76.135,422
2026-04-14T07:45:00+05:30,76.165,76.39,76.165,76.37,528
2026-04-14T08:00:00+05:30,76.365,76.64,76.175,76.61,1144
2026-04-14T08:15:00+05:30,76.61,76.89,76.6,76.82,1029
2026-04-14T08:30:00+05:30,76.825,76.87,76.7,76.86,735
2026-04-14T08:45:00+05:30,76.855,76.895,76.735,76.78,524
2026-04-14T09:00:00+05:30,76.765,76.945,76.72,76.89,358
2026-04-14T09:15:00+05:30,76.88,77.13,76.875,77.02,565
2026-04-14T09:30:00+05:30,77.03,77.07,76.945,76.98,165
2026-04-14T09:45:00+05:30,76.975,77.18,76.975,77.09,329
2026-04-14T10:00:00+05:30,77.115,77.17,77.015,77.15,231
2026-04-14T10:15:00+05:30,77.145,77.265,77.125,77.235,366
2026-04-14T10:30:00+05:30,77.235,77.25,77.005,77.075,433
2026-04-14T10:45:00+05:30,77.085,77.25,76.99,77.045,523
2026-04-14T11:00:00+05:30,77.045,77.065,76.565,76.72,1206
2026-04-14T11:15:00+05:30,76.7,76.865,76.665,76.755,457
2026-04-14T11:30:00+05:30,76.76,77.055,76.76,76.995,617
2026-04-14T11:45:00+05:30,76.985,77.08,76.935,77.005,500
2026-04-14T12:00:00+05:30,77.005,77.005,76.84,76.995,342
2026-04-14T12:15:00+05:30,76.99,77.685,76.985,77.675,1175
2026-04-14T12:30:00+05:30,77.66,78.135,77.59,77.915,1555
2026-04-14T12:45:00+05:30,77.91,77.965,77.55,77.65,651
2026-04-14T13:00:00+05:30,77.65,77.815,77.555,77.74,430
2026-04-14T13:15:00+05:30,77.76,77.935,77.72,77.885,508
2026-04-14T13:30:00+05:30,77.865,77.895,77.715,77.825,402
2026-04-14T13:45:00+05:30,77.81,78.055,77.71,78.025,391
2026-04-14T14:00:00+05:30,78.03,78.185,77.945,78.02,572
2026-04-14T14:15:00+05:30,78.005,78.235,77.995,78.235,416
2026-04-14T14:30:00+05:30,78.24,78.285,77.995,78.065,393
2026-04-14T14:45:00+05:30,78.095,78.14,77.905,77.92,321
2026-04-14T15:00:00+05:30,77.915,78,77.765,77.92,343
2026-04-14T15:15:00+05:30,77.935,77.995,77.845,77.89,220
2026-04-14T15:30:00+05:30,77.895,77.965,77.815,77.925,290
2026-04-14T15:45:00+05:30,77.92,78.055,77.825,77.875,294
2026-04-14T16:00:00+05:30,77.83,77.895,77.445,77.66,815
2026-04-14T16:15:00+05:30,77.67,77.81,77.615,77.615,269
2026-04-14T16:30:00+05:30,77.6,77.65,77.425,77.57,737
2026-04-14T16:45:00+05:30,77.555,77.79,77.55,77.73,314
2026-04-14T17:00:00+05:30,77.7,77.735,77.51,77.665,272
2026-04-14T17:15:00+05:30,77.675,77.86,77.52,77.69,649
2026-04-14T17:30:00+05:30,77.68,77.935,77.6,77.635,648
2026-04-14T17:45:00+05:30,77.63,77.71,77.31,77.555,742
2026-04-14T18:00:00+05:30,77.575,77.895,77.555,77.69,811
2026-04-14T18:15:00+05:30,77.685,77.77,77.405,77.66,656
2026-04-14T18:30:00+05:30,77.66,78.015,77.625,78.015,1007
2026-04-14T18:45:00+05:30,78.005,78.285,77.89,77.91,1378
2026-04-14T19:00:00+05:30,77.92,78.57,77.855,78.215,2767
2026-04-14T19:15:00+05:30,78.175,78.555,78.13,78.5,1275
2026-04-14T19:30:00+05:30,78.48,79.105,78.48,78.94,2281
2026-04-14T19:45:00+05:30,78.945,79.26,78.88,79.24,1427
2026-04-14T20:00:00+05:30,79.235,79.53,79.135,79.15,1864
2026-04-14T20:15:00+05:30,79.135,79.4,79.06,79.275,780
2026-04-14T20:30:00+05:30,79.275,79.275,78.76,78.825,1303
2026-04-14T20:45:00+05:30,78.82,79.21,78.79,79.12,766
2026-04-14T21:00:00+05:30,79.11,79.455,79.11,79.41,725
2026-04-14T21:15:00+05:30,79.41,79.505,79.27,79.29,657
2026-04-14T21:30:00+05:30,79.29,79.675,79.235,79.415,1245
2026-04-14T21:45:00+05:30,79.435,79.69,79.38,79.625,768
2026-04-14T22:00:00+05:30,79.63,79.7,79.455,79.58,494
2026-04-14T22:15:00+05:30,79.575,79.625,79.18,79.21,782
2026-04-14T22:30:00+05:30,79.2,79.51,79.155,79.335,1339
2026-04-14T22:45:00+05:30,79.345,79.625,79.27,79.51,1112
2026-04-14T23:00:00+05:30,79.525,79.775,79.52,79.67,682
2026-04-14T23:15:00+05:30,79.665,79.71,79.45,79.5,585
2026-04-14T23:30:00+05:30,79.51,79.52,79.33,79.385,896
2026-04-14T23:45:00+05:30,79.38,79.395,79.09,79.315,736
2026-04-15T00:00:00+05:30,79.34,79.48,79.25,79.275,525
2026-04-15T00:15:00+05:30,79.27,79.44,79.225,79.405,345
2026-04-15T00:30:00+05:30,79.41,79.595,79.405,79.425,453
2026-04-15T00:45:00+05:30,79.43,79.545,79.34,79.5,467
2026-04-15T01:00:00+05:30,79.485,79.685,79.465,79.615,452
2026-04-15T01:15:00+05:30,79.61,79.7,79.53,79.66,373
2026-04-15T01:30:00+05:30,79.665,79.785,79.655,79.725,359
2026-04-15T01:45:00+05:30,79.735,79.77,79.66,79.675,212
2026-04-15T02:00:00+05:30,79.67,79.785,79.66,79.77,280
2026-04-15T02:15:00+05:30,79.77,79.785,79.62,79.63,248
2026-04-15T03:30:00+05:30,79.7,79.8,79.435,79.68,515
2026-04-15T03:45:00+05:30,79.695,79.73,79.515,79.52,303
2026-04-15T04:00:00+05:30,79.52,79.61,79.48,79.56,338
2026-04-15T04:15:00+05:30,79.555,79.57,79.41,79.45,234
2026-04-15T04:30:00+05:30,79.435,79.655,79.415,79.51,245
2026-04-15T04:45:00+05:30,79.5,79.62,79.46,79.565,271
2026-04-15T05:00:00+05:30,79.565,79.86,79.53,79.795,499
2026-04-15T05:15:00+05:30,79.805,79.885,79.585,79.62,438
2026-04-15T05:30:00+05:30,79.63,79.655,79.43,79.56,406
2026-04-15T05:45:00+05:30,79.56,79.705,79.505,79.695,453
2026-04-15T06:00:00+05:30,79.685,79.695,79.52,79.59,335
2026-04-15T06:15:00+05:30,79.585,79.845,79.585,79.82,551
2026-04-15T06:30:00+05:30,79.825,80.35,79.51,80.29,3047
2026-04-15T06:45:00+05:30,80.3,80.88,80.185,80.675,2803
2026-04-15T07:00:00+05:30,80.675,80.7,80.3,80.42,1417
2026-04-15T07:15:00+05:30,80.41,80.69,80.36,80.635,967
2026-04-15T07:30:00+05:30,80.64,81.17,80.555,80.84,1447
2026-04-15T07:45:00+05:30,80.84,80.86,80.405,80.48,848
2026-04-15T08:00:00+05:30,80.49,80.545,80.06,80.4,2006
2026-04-15T08:15:00+05:30,80.385,80.505,79.9,79.955,1267
2026-04-15T08:30:00+05:30,80,80.245,79.825,80.14,877
2026-04-15T08:45:00+05:30,80.125,80.255,79.945,80.065,601
2026-04-15T09:00:00+05:30,80.08,80.27,80.07,80.185,400
2026-04-15T09:15:00+05:30,80.17,80.225,79.91,79.96,436
2026-04-15T09:30:00+05:30,79.935,80.07,79.85,80.025,367
2026-04-15T09:45:00+05:30,80.04,80.055,79.825,79.925,277
2026-04-15T10:00:00+05:30,79.93,79.97,79.77,79.81,244
2026-04-15T10:15:00+05:30,79.82,79.935,79.745,79.9,237
2026-04-15T10:30:00+05:30,79.9,80.035,79.755,79.93,581
2026-04-15T10:45:00+05:30,79.94,80.025,79.74,79.775,480
2026-04-15T11:00:00+05:30,79.78,79.795,79.095,79.23,1869
2026-04-15T11:15:00+05:30,79.215,79.58,79.145,79.505,773
2026-04-15T11:30:00+05:30,79.525,79.725,79.495,79.625,677
2026-04-15T11:45:00+05:30,79.635,79.635,79.275,79.32,690
2026-04-15T12:00:00+05:30,79.3,79.5,79.24,79.5,844
2026-04-15T12:15:00+05:30,79.5,79.665,79.245,79.285,655
2026-04-15T12:30:00+05:30,79.295,79.44,79.155,79.4,587
2026-04-15T12:45:00+05:30,79.39,79.58,79.15,79.46,721
2026-04-15T13:00:00+05:30,79.47,79.59,79.275,79.415,308
2026-04-15T13:15:00+05:30,79.38,79.38,79.15,79.32,344
2026-04-15T13:30:00+05:30,79.32,79.375,79.105,79.27,338
2026-04-15T13:45:00+05:30,79.275,79.39,79.16,79.27,264
2026-04-15T14:00:00+05:30,79.27,79.33,79.2,79.24,247
2026-04-15T14:15:00+05:30,79.205,79.46,79.19,79.415,269
2026-04-15T14:30:00+05:30,79.41,79.48,78.64,78.97,1370
2026-04-15T14:45:00+05:30,78.965,78.965,78.72,78.75,560
2026-04-15T15:00:00+05:30,78.77,78.83,78.675,78.695,493
2026-04-15T15:15:00+05:30,78.68,78.75,78.305,78.59,953
2026-04-15T15:30:00+05:30,78.575,78.925,78.455,78.89,467
2026-04-15T15:45:00+05:30,78.86,78.885,78.5,78.67,587
2026-04-15T16:00:00+05:30,78.65,78.755,78.54,78.73,396
2026-04-15T16:15:00+05:30,78.725,78.96,78.68,78.88,534
2026-04-15T16:30:00+05:30,78.885,78.95,78.63,78.915,638
2026-04-15T16:45:00+05:30,78.915,78.935,78.77,78.81,277
2026-04-15T17:00:00+05:30,78.79,78.92,78.75,78.885,237
2026-04-15T17:15:00+05:30,78.9,79.245,78.755,79.175,1577
2026-04-15T17:30:00+05:30,79.18,79.23,78.86,78.975,661
2026-04-15T17:45:00+05:30,78.985,79.115,78.865,78.975,528
2026-04-15T18:00:00+05:30,78.97,79,78.67,78.785,752
2026-04-15T18:15:00+05:30,78.765,78.83,78.625,78.695,631
2026-04-15T18:30:00+05:30,78.715,79.485,78.69,79.435,2098
2026-04-15T18:45:00+05:30,79.44,79.63,79.275,79.57,1082
2026-04-15T19:00:00+05:30,79.58,79.87,79.34,79.67,1772
2026-04-15T19:15:00+05:30,79.685,80.155,79.65,80.155,1379
2026-04-15T19:30:00+05:30,80.15,80.515,80.09,80.51,1770
2026-04-15T19:45:00+05:30,80.52,80.65,80.29,80.4,1346
2026-04-15T20:00:00+05:30,80.41,80.415,80.015,80.195,1270
2026-04-15T20:15:00+05:30,80.2,80.26,80.075,80.15,560
2026-04-15T20:30:00+05:30,80.165,80.165,79.58,79.955,1537
2026-04-15T20:45:00+05:30,79.95,79.95,79.495,79.515,928
2026-04-15T21:00:00+05:30,79.3,79.645,78.91,79.545,1969
2026-04-15T21:15:00+05:30,79.54,79.675,79.37,79.45,634
2026-04-15T21:30:00+05:30,79.465,79.825,79.425,79.75,739
2026-04-15T21:45:00+05:30,79.75,79.8,79.58,79.665,493
2026-04-15T22:00:00+05:30,79.68,79.72,79.335,79.4,779
2026-04-15T22:15:00+05:30,79.39,79.515,79.27,79.48,611
2026-04-15T22:30:00+05:30,79.475,79.475,79.185,79.225,535
2026-04-15T22:45:00+05:30,79.245,79.67,79.245,79.56,806
2026-04-15T23:00:00+05:30,79.565,79.7,79.29,79.36,555
2026-04-15T23:15:00+05:30,79.38,79.47,79.21,79.245,417
2026-04-15T23:30:00+05:30,79.25,79.49,79.165,79.4,668
2026-04-15T23:45:00+05:30,79.385,79.48,79.32,79.355,215
2026-04-16T00:00:00+05:30,79.4,79.45,79.29,79.325,241
2026-04-16T00:15:00+05:30,79.335,79.55,79.33,79.465,381
2026-04-16T00:30:00+05:30,79.455,79.59,79.395,79.395,260
2026-04-16T00:45:00+05:30,79.415,79.63,79.375,79.63,232
2026-04-16T01:00:00+05:30,79.625,79.65,79.42,79.54,327
2026-04-16T01:15:00+05:30,79.525,79.685,79.49,79.52,417
2026-04-16T01:30:00+05:30,79.525,79.56,79.245,79.33,464
2026-04-16T01:45:00+05:30,79.32,79.35,79.265,79.3,183
2026-04-16T02:00:00+05:30,79.28,79.28,79.165,79.21,160
2026-04-16T02:15:00+05:30,79.2,79.26,79,79.12,390
2026-04-16T03:30:00+05:30,79.165,79.41,79.03,79.25,329
2026-04-16T03:45:00+05:30,79.255,79.41,79.24,79.41,152
2026-04-16T04:00:00+05:30,79.415,79.455,79.38,79.385,159
2026-04-16T04:15:00+05:30,79.41,79.545,79.41,79.51,410
2026-04-16T04:30:00+05:30,79.495,79.565,79.475,79.54,154
2026-04-16T04:45:00+05:30,79.54,79.58,79.52,79.575,193
2026-04-16T05:00:00+05:30,79.58,79.72,79.55,79.7,314
2026-04-16T05:15:00+05:30,79.695,79.745,79.625,79.645,211
2026-04-16T05:30:00+05:30,79.65,80.095,79.65,80.065,697
2026-04-16T05:45:00+05:30,80.045,80.165,79.93,79.965,601
2026-04-16T06:00:00+05:30,79.985,80.315,79.95,80.14,682
2026-04-16T06:15:00+05:30,80.13,80.425,80.12,80.285,767
2026-04-16T06:30:00+05:30,80.29,80.66,80.2,80.545,1577
2026-04-16T06:45:00+05:30,80.545,80.7,80.425,80.505,867
2026-04-16T07:00:00+05:30,80.52,80.61,80.09,80.27,1022
2026-04-16T07:15:00+05:30,80.275,80.475,80.225,80.26,643
2026-04-16T07:30:00+05:30,80.285,80.465,80.085,80.34,836
2026-04-16T07:45:00+05:30,80.32,80.435,80.27,80.3,276
2026-04-16T08:00:00+05:30,80.31,80.385,80.06,80.265,425
2026-04-16T08:15:00+05:30,80.275,80.57,80.23,80.485,687
2026-04-16T08:30:00+05:30,80.47,80.675,80.465,80.675,522
2026-04-16T08:45:00+05:30,80.68,80.72,80.54,80.595,427
2026-04-16T09:00:00+05:30,80.6,80.75,80.43,80.465,582
2026-04-16T09:15:00+05:30,80.465,80.62,80.445,80.5,206
2026-04-16T09:30:00+05:30,80.5,80.6,80.44,80.58,222
2026-04-16T09:45:00+05:30,80.595,80.71,80.57,80.58,214
2026-04-16T10:00:00+05:30,80.59,80.79,80.55,80.715,266
2026-04-16T10:15:00+05:30,80.71,80.84,80.675,80.835,288
2026-04-16T10:30:00+05:30,80.83,80.94,80.81,80.84,383
2026-04-16T10:45:00+05:30,80.82,80.93,80.81,80.92,301
2026-04-16T11:00:00+05:30,80.92,81.03,80.47,80.495,1113
2026-04-16T11:15:00+05:30,80.51,80.675,80.5,80.55,471
2026-04-16T11:30:00+05:30,80.575,80.77,80.52,80.63,715
2026-04-16T11:45:00+05:30,80.65,80.65,80.415,80.455,616
2026-04-16T12:00:00+05:30,80.47,80.515,80.33,80.45,538
2026-04-16T12:15:00+05:30,80.45,80.645,80.425,80.455,528
2026-04-16T12:30:00+05:30,80.46,80.575,80.27,80.295,430
2026-04-16T12:45:00+05:30,80.28,80.44,80.17,80.385,431
2026-04-16T13:00:00+05:30,80.405,80.46,80.28,80.42,238
2026-04-16T13:15:00+05:30,80.405,80.405,80.155,80.22,217
2026-04-16T13:30:00+05:30,80.25,80.285,79.8,79.95,834
2026-04-16T13:45:00+05:30,79.985,80.04,79.77,79.86,373
2026-04-16T14:00:00+05:30,79.855,79.95,79.75,79.88,366
2026-04-16T14:15:00+05:30,79.885,79.95,79.76,79.875,323
2026-04-16T14:30:00+05:30,79.865,79.995,79.83,79.835,194
2026-04-16T14:45:00+05:30,79.835,79.86,79.645,79.74,283
2026-04-16T15:00:00+05:30,79.72,79.805,79.54,79.77,572
2026-04-16T15:15:00+05:30,79.76,79.77,79.63,79.695,220
2026-04-16T15:30:00+05:30,79.695,79.76,79.585,79.585,210
2026-04-16T15:45:00+05:30,79.575,79.75,79.52,79.67,255
2026-04-16T16:00:00+05:30,79.67,79.82,79.635,79.71,243
2026-04-16T16:15:00+05:30,79.71,79.975,79.56,79.94,431
2026-04-16T16:30:00+05:30,79.95,79.97,79.75,79.93,432
2026-04-16T16:45:00+05:30,79.895,79.925,79.695,79.75,230
2026-04-16T17:00:00+05:30,79.735,79.85,79.625,79.69,248
2026-04-16T17:15:00+05:30,79.67,79.865,79.58,79.84,440
2026-04-16T17:30:00+05:30,79.845,79.88,79.53,79.68,580
2026-04-16T17:45:00+05:30,79.68,79.695,79.28,79.37,611
2026-04-16T18:00:00+05:30,79.345,79.505,79.1,79.21,1027
2026-04-16T18:15:00+05:30,79.22,79.455,79.175,79.375,723
2026-04-16T18:30:00+05:30,79.385,79.835,79.385,79.52,1451
2026-04-16T18:45:00+05:30,79.505,79.72,79.505,79.585,577
2026-04-16T19:00:00+05:30,79.59,79.915,79.49,79.625,1538
2026-04-16T19:15:00+05:30,79.615,79.725,78.345,78.77,3152
2026-04-16T19:30:00+05:30,78.77,79.03,78.18,78.935,2863
2026-04-16T19:45:00+05:30,78.94,79.015,78.515,78.825,1171
2026-04-16T20:00:00+05:30,78.85,78.89,78.195,78.61,1383
2026-04-16T20:15:00+05:30,78.605,78.75,78.485,78.625,769
2026-04-16T20:30:00+05:30,78.6,79.255,78.595,79.055,1250
2026-04-16T20:45:00+05:30,79.07,79.17,78.715,78.775,1057
2026-04-16T21:00:00+05:30,78.765,79.03,78.615,78.865,1140
2026-04-16T21:15:00+05:30,78.855,79.065,78.775,79.01,595
2026-04-16T21:30:00+05:30,79.015,79.125,78.925,78.99,403
2026-04-16T21:45:00+05:30,78.99,79.045,78.77,78.825,429
2026-04-16T22:00:00+05:30,78.845,78.855,78.38,78.645,976
2026-04-16T22:15:00+05:30,78.63,78.75,78.545,78.68,378
2026-04-16T22:30:00+05:30,78.69,78.83,78.6,78.615,384
2026-04-16T22:45:00+05:30,78.63,78.795,78.43,78.445,636
2026-04-16T23:00:00+05:30,78.46,78.515,78.275,78.425,640
2026-04-16T23:15:00+05:30,78.43,78.46,78.225,78.4,500
2026-04-16T23:30:00+05:30,78.415,78.655,78.36,78.5,593
2026-04-16T23:45:00+05:30,78.5,78.6,78.415,78.445,300
2026-04-17T00:00:00+05:30,78.465,78.645,78.465,78.62,222
2026-04-17T00:15:00+05:30,78.63,78.675,78.515,78.585,216
2026-04-17T00:30:00+05:30,78.595,78.79,78.59,78.655,323
2026-04-17T00:45:00+05:30,78.675,78.805,78.62,78.62,260
2026-04-17T01:00:00+05:30,78.645,78.835,78.645,78.81,270
2026-04-17T01:15:00+05:30,78.825,78.865,78.685,78.79,401
2026-04-17T01:30:00+05:30,78.795,78.795,78.59,78.605,319
2026-04-17T01:45:00+05:30,78.605,78.645,78.495,78.53,167
2026-04-17T02:00:00+05:30,78.515,78.58,78.47,78.545,175
2026-04-17T02:15:00+05:30,78.54,78.59,78.425,78.49,321
2026-04-17T03:30:00+05:30,78.57,78.92,78.405,78.86,478
2026-04-17T03:45:00+05:30,78.875,78.905,78.77,78.83,145
2026-04-17T04:00:00+05:30,78.83,78.93,78.745,78.885,264
2026-04-17T04:15:00+05:30,78.87,78.945,78.865,78.885,152
2026-04-17T04:30:00+05:30,78.875,78.885,78.795,78.815,144
2026-04-17T04:45:00+05:30,78.815,78.925,78.815,78.84,163
2026-04-17T05:00:00+05:30,78.85,78.92,78.755,78.885,169
2026-04-17T05:15:00+05:30,78.9,78.92,78.76,78.765,185
2026-04-17T05:30:00+05:30,78.76,78.79,78.535,78.67,492
2026-04-17T05:45:00+05:30,78.64,78.77,78.605,78.75,266
2026-04-17T06:00:00+05:30,78.75,78.91,78.74,78.88,354
2026-04-17T06:15:00+05:30,78.885,78.97,78.78,78.81,369
2026-04-17T06:30:00+05:30,78.81,78.875,77.78,78.22,1946
2026-04-17T06:45:00+05:30,78.2,78.44,77.83,77.93,1422
2026-04-17T07:00:00+05:30,77.93,78.285,77.88,78.285,965
2026-04-17T07:15:00+05:30,78.26,78.585,78.215,78.54,759
2026-04-17T07:30:00+05:30,78.52,78.64,78.4,78.485,531
2026-04-17T07:45:00+05:30,78.51,78.515,78.36,78.365,252
2026-04-17T08:00:00+05:30,78.4,78.695,78.36,78.575,415
2026-04-17T08:15:00+05:30,78.58,78.71,78.41,78.415,435
2026-04-17T08:30:00+05:30,78.42,79.14,78.42,79.07,1205
2026-04-17T08:45:00+05:30,79.065,79.245,78.99,79,565
2026-04-17T09:00:00+05:30,78.99,79.035,78.815,78.93,377
2026-04-17T09:15:00+05:30,78.915,79.05,78.915,78.945,141
2026-04-17T09:30:00+05:30,78.925,79.085,78.9,79.065,177
2026-04-17T09:45:00+05:30,79.065,79.095,78.995,79.07,173
2026-04-17T10:00:00+05:30,79.06,79.31,79.04,79.29,372
2026-04-17T10:15:00+05:30,79.295,79.295,79.11,79.17,282
2026-04-17T10:30:00+05:30,79.165,79.215,79.02,79.155,286
2026-04-17T10:45:00+05:30,79.13,79.21,79.065,79.12,200
2026-04-17T11:00:00+05:30,79.11,79.21,78.925,79.09,485
2026-04-17T11:15:00+05:30,79.1,79.25,78.965,78.965,402
2026-04-17T11:30:00+05:30,78.97,79.075,78.74,78.765,551
2026-04-17T11:45:00+05:30,78.755,78.845,78.65,78.65,478
2026-04-17T12:00:00+05:30,78.65,78.745,78.55,78.715,359
2026-04-17T12:15:00+05:30,78.72,78.77,78.645,78.7,286
2026-04-17T12:30:00+05:30,78.715,78.885,78.7,78.78,220
2026-04-17T12:45:00+05:30,78.78,78.915,78.655,78.86,287
2026-04-17T13:00:00+05:30,78.855,78.975,78.755,78.965,306
2026-04-17T13:15:00+05:30,78.955,79.02,78.83,78.985,235
2026-04-17T13:30:00+05:30,78.985,79.15,78.975,79.065,286
2026-04-17T13:45:00+05:30,79.055,79.09,78.99,79.075,119
2026-04-17T14:00:00+05:30,79.055,79.52,79.055,79.49,560
2026-04-17T14:15:00+05:30,79.5,79.6,79.365,79.595,322
2026-04-17T14:30:00+05:30,79.585,79.86,79.585,79.67,481
2026-04-17T14:45:00+05:30,79.655,79.885,79.655,79.815,364
2026-04-17T15:00:00+05:30,79.83,79.905,79.74,79.785,262
2026-04-17T15:15:00+05:30,79.785,79.81,79.69,79.69,208
2026-04-17T15:30:00+05:30,79.695,79.71,79.55,79.665,280
2026-04-17T15:45:00+05:30,79.655,79.715,79.535,79.545,213
2026-04-17T16:00:00+05:30,79.545,79.55,79.33,79.365,356
2026-04-17T16:15:00+05:30,79.355,79.485,79.33,79.455,245
2026-04-17T16:30:00+05:30,79.455,79.54,79.235,79.27,513
2026-04-17T16:45:00+05:30,79.25,79.385,79.185,79.38,239
2026-04-17T17:00:00+05:30,79.385,79.565,79.385,79.545,264
2026-04-17T17:15:00+05:30,79.575,79.78,79.565,79.755,520
2026-04-17T17:30:00+05:30,79.77,80,79.72,79.905,788
2026-04-17T17:45:00+05:30,79.89,80.285,79.835,80.275,1195
2026-04-17T18:00:00+05:30,80.275,80.455,80.205,80.355,1088
2026-04-17T18:15:00+05:30,80.35,81.82,80.295,81.74,4815
2026-04-17T18:30:00+05:30,81.765,82.515,81.26,82.18,4284
2026-04-17T18:45:00+05:30,82.18,82.18,81.52,81.79,2284
2026-04-17T19:00:00+05:30,81.82,82.365,81.68,82.175,2131
2026-04-17T19:15:00+05:30,82.185,82.635,81.735,82.535,2355
2026-04-17T19:30:00+05:30,82.55,82.68,82.165,82.225,1701
2026-04-17T19:45:00+05:30,82.265,82.9,82.235,82.695,1616
2026-04-17T20:00:00+05:30,82.685,83.195,82.61,83.115,1906
2026-04-17T20:15:00+05:30,83.1,83.25,82.86,82.87,1321
2026-04-17T20:30:00+05:30,82.885,83.07,82.57,82.775,1642
2026-04-17T20:45:00+05:30,82.775,82.915,82.33,82.375,1637
2026-04-17T21:00:00+05:30,82.375,82.615,82.175,82.3,1017
2026-04-17T21:15:00+05:30,82.31,82.605,82.23,82.435,889
2026-04-17T21:30:00+05:30,82.44,82.7,82.295,82.6,711
2026-04-17T21:45:00+05:30,82.61,82.64,82.375,82.375,572
2026-04-17T22:00:00+05:30,82.39,82.635,82.385,82.48,493
2026-04-17T22:15:00+05:30,82.5,82.525,82.31,82.4,484
2026-04-17T22:30:00+05:30,82.39,82.52,82.01,82.14,1051
2026-04-17T22:45:00+05:30,82.145,82.205,81.52,81.67,1790
2026-04-17T23:00:00+05:30,81.655,81.84,81.545,81.575,767
2026-04-17T23:15:00+05:30,81.57,81.965,81.565,81.955,623
2026-04-17T23:30:00+05:30,81.975,82.09,81.805,81.83,683
2026-04-17T23:45:00+05:30,81.845,82.23,81.83,81.985,703
2026-04-18T00:00:00+05:30,81.975,82.08,81.835,81.925,364
2026-04-18T00:15:00+05:30,81.94,81.94,81.6,81.675,475
2026-04-18T00:30:00+05:30,81.685,81.69,81.42,81.575,489
2026-04-18T00:45:00+05:30,81.56,81.665,81.27,81.4,585
2026-04-18T01:00:00+05:30,81.39,81.67,81.38,81.605,464
2026-04-18T01:15:00+05:30,81.605,81.605,81.375,81.48,509
2026-04-18T01:30:00+05:30,81.485,81.53,81.215,81.3,545
2026-04-18T01:45:00+05:30,81.305,81.38,81.24,81.28,311
2026-04-18T02:00:00+05:30,81.285,81.33,81.125,81.14,349
2026-04-18T02:15:00+05:30,81.13,81.17,80.83,80.94,735
2026-04-20T03:30:00+05:30,80.225,80.23,79.07,79.67,2229
2026-04-20T03:45:00+05:30,79.68,79.845,79.63,79.7,774
2026-04-20T04:00:00+05:30,79.695,79.85,79.63,79.66,568
2026-04-20T04:15:00+05:30,79.665,79.89,79.645,79.67,504
2026-04-20T04:30:00+05:30,79.645,79.74,79.455,79.495,672
2026-04-20T04:45:00+05:30,79.48,79.535,79.325,79.375,474
2026-04-20T05:00:00+05:30,79.385,79.475,78.71,78.94,1448
2026-04-20T05:15:00+05:30,78.915,79.195,78.745,79.08,1137
2026-04-20T05:30:00+05:30,79.085,79.325,78.745,79.28,1393
2026-04-20T05:45:00+05:30,79.265,79.56,79.23,79.52,1140
2026-04-20T06:00:00+05:30,79.52,79.68,79.43,79.525,662
2026-04-20T06:15:00+05:30,79.525,79.98,79.355,79.935,1427
2026-04-20T06:30:00+05:30,79.94,80.32,79.795,80.06,3400
2026-04-20T06:45:00+05:30,80.075,80.215,79.835,80.18,1194
2026-04-20T07:00:00+05:30,80.165,80.42,80.13,80.38,1090
2026-04-20T07:15:00+05:30,80.385,80.75,80.315,80.62,1159
2026-04-20T07:30:00+05:30,80.63,80.725,80.425,80.455,851
2026-04-20T07:45:00+05:30,80.46,80.665,80.405,80.545,781
2026-04-20T08:00:00+05:30,80.55,80.655,80.37,80.415,977
2026-04-20T08:15:00+05:30,80.43,80.455,80.215,80.355,601
2026-04-20T08:30:00+05:30,80.36,80.385,80.12,80.17,422
2026-04-20T08:45:00+05:30,80.2,80.405,80.06,80.36,509
2026-04-20T09:00:00+05:30,80.35,80.365,80.19,80.215,245
2026-04-20T09:15:00+05:30,80.21,80.21,80.02,80.03,350
2026-04-20T09:30:00+05:30,80.035,80.195,80.005,80.06,239
2026-04-20T09:45:00+05:30,80.045,80.08,79.905,80.04,299
2026-04-20T10:00:00+05:30,80.035,80.04,79.83,79.875,301
2026-04-20T10:15:00+05:30,79.88,80.06,79.755,79.915,639
2026-04-20T10:30:00+05:30,79.95,79.995,79.725,79.82,243
2026-04-20T10:45:00+05:30,79.815,79.89,79.64,79.695,352
2026-04-20T11:00:00+05:30,79.675,80.035,79.415,79.43,1336
2026-04-20T11:15:00+05:30,79.435,79.82,79.38,79.75,1144
2026-04-20T11:30:00+05:30,79.75,79.975,79.68,79.8,623
2026-04-20T11:45:00+05:30,79.79,79.855,79.63,79.71,470
2026-04-20T12:00:00+05:30,79.74,79.875,79.665,79.765,459
2026-04-20T12:15:00+05:30,79.76,79.885,79.585,79.885,668
2026-04-20T12:30:00+05:30,79.89,80.135,79.79,79.985,781
2026-04-20T12:45:00+05:30,79.95,80.155,79.82,79.85,520
2026-04-20T13:00:00+05:30,79.835,79.87,79.47,79.715,855
2026-04-20T13:15:00+05:30,79.7,79.7,79.335,79.49,490
2026-04-20T13:30:00+05:30,79.475,79.58,79.31,79.415,412
2026-04-20T13:45:00+05:30,79.395,79.52,79.31,79.495,360
2026-04-20T14:00:00+05:30,79.485,79.5,79.31,79.385,206
2026-04-20T14:15:00+05:30,79.385,79.59,79.38,79.525,350
2026-04-20T14:30:00+05:30,79.545,79.66,79.48,79.56,288
2026-04-20T14:45:00+05:30,79.525,79.55,79.44,79.5,198
2026-04-20T15:00:00+05:30,79.48,79.505,79.245,79.43,330
2026-04-20T15:15:00+05:30,79.405,79.495,79.3,79.325,234
2026-04-20T15:30:00+05:30,79.345,79.775,79.315,79.625,446
2026-04-20T15:45:00+05:30,79.61,79.69,79.505,79.55,268
2026-04-20T16:00:00+05:30,79.55,79.59,79.385,79.385,188
2026-04-20T16:15:00+05:30,79.39,79.46,79.3,79.34,257
2026-04-20T16:30:00+05:30,79.34,79.395,79.15,79.26,696
2026-04-20T16:45:00+05:30,79.28,79.365,79.2,79.335,265
2026-04-20T17:00:00+05:30,79.345,79.52,79.29,79.52,311
2026-04-20T17:15:00+05:30,79.52,79.915,79.475,79.865,686
2026-04-20T17:30:00+05:30,79.88,79.935,79.71,79.83,683
2026-04-20T17:45:00+05:30,79.84,80.02,79.52,79.575,931
2026-04-20T18:00:00+05:30,79.575,79.695,79.485,79.605,597
2026-04-20T18:15:00+05:30,79.615,79.73,79.535,79.69,602
2026-04-20T18:30:00+05:30,79.7,80.27,79.64,80.13,1827
2026-04-20T18:45:00+05:30,80.135,80.435,80.045,80.395,1042
2026-04-20T19:00:00+05:30,80.42,80.53,80.235,80.395,1430
2026-04-20T19:15:00+05:30,80.375,80.495,80.26,80.35,912
2026-04-20T19:30:00+05:30,80.35,80.365,79.87,80.15,1370
2026-04-20T19:45:00+05:30,80.12,80.415,79.94,80.335,1153
2026-04-20T20:00:00+05:30,80.335,80.465,79.955,80.155,1094
2026-04-20T20:15:00+05:30,80.145,80.165,79.425,79.78,1679
2026-04-20T20:30:00+05:30,79.805,79.895,79.525,79.66,1223
2026-04-20T20:45:00+05:30,79.655,80.01,79.505,79.965,1258
2026-04-20T21:00:00+05:30,79.97,80.015,79.74,79.81,484
2026-04-20T21:15:00+05:30,79.79,79.96,79.705,79.915,452
2026-04-20T21:30:00+05:30,79.915,79.945,79.73,79.925,321
2026-04-20T21:45:00+05:30,79.92,80.04,79.815,79.98,395
2026-04-20T22:00:00+05:30,80.01,80.03,79.8,79.92,525
2026-04-20T22:15:00+05:30,79.92,80.04,79.89,79.97,354
2026-04-20T22:30:00+05:30,79.975,80.125,79.935,80.075,477
2026-04-20T22:45:00+05:30,80.075,80.185,79.82,79.86,1006
2026-04-20T23:00:00+05:30,79.84,79.94,79.725,79.85,619
2026-04-20T23:15:00+05:30,79.84,79.86,79.675,79.735,337
2026-04-20T23:30:00+05:30,79.75,79.97,79.75,79.96,571
2026-04-20T23:45:00+05:30,79.97,80.04,79.88,79.92,374
2026-04-21T00:00:00+05:30,79.955,80.045,79.865,80.03,313
2026-04-21T00:15:00+05:30,80,80.1,79.94,79.965,261
2026-04-21T00:30:00+05:30,79.98,80.17,79.975,80.155,255
2026-04-21T00:45:00+05:30,80.145,80.15,79.96,79.96,272
2026-04-21T01:00:00+05:30,79.965,79.99,79.72,79.8,460
2026-04-21T01:15:00+05:30,79.81,79.945,79.81,79.885,387
2026-04-21T01:30:00+05:30,79.895,79.905,79.76,79.78,230
2026-04-21T01:45:00+05:30,79.8,79.895,79.76,79.85,112
2026-04-21T02:00:00+05:30,79.84,79.875,79.765,79.845,219
2026-04-21T02:15:00+05:30,79.845,79.94,79.805,79.875,203
2026-04-21T03:30:00+05:30,79.855,80.23,79.705,80.15,494
2026-04-21T03:45:00+05:30,80.16,80.385,80.16,80.18,414
2026-04-21T04:00:00+05:30,80.185,80.22,80.095,80.21,338
2026-04-21T04:15:00+05:30,80.23,80.25,80.15,80.205,219
2026-04-21T04:30:00+05:30,80.21,80.265,79.985,80.075,409
2026-04-21T04:45:00+05:30,80.07,80.145,80.01,80.115,207
2026-04-21T05:00:00+05:30,80.105,80.105,80.05,80.095,72
2026-04-21T05:15:00+05:30,80.095,80.095,79.935,79.975,188
2026-04-21T05:30:00+05:30,79.995,80.18,79.925,80.025,561
2026-04-21T05:45:00+05:30,80.02,80.08,79.7,79.71,605
2026-04-21T06:00:00+05:30,79.725,79.885,79.585,79.87,579
2026-04-21T06:15:00+05:30,79.88,80.035,79.8,80.015,743
2026-04-21T06:30:00+05:30,80.01,80.065,79.46,79.525,1730
2026-04-21T06:45:00+05:30,79.52,79.765,79.465,79.765,585
2026-04-21T07:00:00+05:30,79.755,79.83,79.245,79.47,960
2026-04-21T07:15:00+05:30,79.485,79.505,79.205,79.475,571
2026-04-21T07:30:00+05:30,79.475,79.54,79.395,79.465,271
2026-04-21T07:45:00+05:30,79.49,79.51,79.335,79.495,268
2026-04-21T08:00:00+05:30,79.5,79.5,79.225,79.41,565
2026-04-21T08:15:00+05:30,79.4,79.41,79.1,79.325,733
2026-04-21T08:30:00+05:30,79.3,79.32,78.915,78.97,651
2026-04-21T08:45:00+05:30,78.99,79.03,78.58,78.95,1258
2026-04-21T09:00:00+05:30,78.945,79.055,78.825,78.99,527
2026-04-21T09:15:00+05:30,78.985,79.04,78.92,78.975,159
2026-04-21T09:30:00+05:30,78.98,79.045,78.95,78.98,176
2026-04-21T09:45:00+05:30,78.96,79.02,78.91,78.95,241
2026-04-21T10:00:00+05:30,78.945,79.015,78.84,78.965,196
2026-04-21T10:15:00+05:30,78.96,78.98,78.87,78.95,127
2026-04-21T10:30:00+05:30,78.905,79.15,78.87,79.11,383
2026-04-21T10:45:00+05:30,79.12,79.18,79.045,79.095,278
2026-04-21T11:00:00+05:30,79.095,79.37,79.07,79.345,529
2026-04-21T11:15:00+05:30,79.335,79.335,78.905,78.92,610
2026-04-21T11:30:00+05:30,78.905,79.04,78.74,78.905,747
2026-04-21T11:45:00+05:30,78.905,78.905,78.705,78.805,393
2026-04-21T12:00:00+05:30,78.815,79.05,78.765,79.025,401
2026-04-21T12:15:00+05:30,79.005,79.125,78.92,78.945,455
2026-04-21T12:30:00+05:30,78.92,79.015,78.635,78.955,593
2026-04-21T12:45:00+05:30,78.97,79.075,78.95,79,214
2026-04-21T13:00:00+05:30,79.015,79.205,78.96,79.16,234
2026-04-21T13:15:00+05:30,79.155,79.4,79.07,79.075,489
2026-04-21T13:30:00+05:30,79.065,79.13,78.57,78.685,662
2026-04-21T13:45:00+05:30,78.69,79.085,78.64,79.03,281
2026-04-21T14:00:00+05:30,79.04,79.17,78.95,79.14,306
2026-04-21T14:15:00+05:30,79.15,79.15,78.915,78.915,226
2026-04-21T14:30:00+05:30,78.91,78.93,78.71,78.82,299
2026-04-21T14:45:00+05:30,78.805,78.99,78.805,78.885,207
2026-04-21T15:00:00+05:30,78.875,78.98,78.875,78.98,208
2026-04-21T15:15:00+05:30,78.985,79.075,78.895,78.99,199
2026-04-21T15:30:00+05:30,78.985,79.115,78.985,78.995,170
2026-04-21T15:45:00+05:30,79,79.08,78.925,78.955,167
2026-04-21T16:00:00+05:30,78.97,79.095,78.97,79.04,112
2026-04-21T16:15:00+05:30,79.045,79.145,79.025,79.075,135
2026-04-21T16:30:00+05:30,79.09,79.09,78.63,78.775,697
2026-04-21T16:45:00+05:30,78.79,78.88,78.73,78.855,284
2026-04-21T17:00:00+05:30,78.875,79.255,78.87,79.175,522
2026-04-21T17:15:00+05:30,79.185,79.355,79.13,79.255,446
2026-04-21T17:30:00+05:30,79.275,79.325,79.14,79.165,386
2026-04-21T17:45:00+05:30,79.16,79.16,78.74,78.875,882
2026-04-21T18:00:00+05:30,78.83,79.04,78.405,78.605,1709
2026-04-21T18:15:00+05:30,78.64,78.99,78.585,78.815,1276
2026-04-21T18:30:00+05:30,78.825,78.95,78.16,78.215,2020
2026-04-21T18:45:00+05:30,78.225,78.51,78.18,78.5,1143
2026-04-21T19:00:00+05:30,78.485,79.105,78.46,78.91,2495
2026-04-21T19:15:00+05:30,78.91,79.075,78.765,78.795,1092
2026-04-21T19:30:00+05:30,78.805,78.95,78.69,78.805,931
2026-04-21T19:45:00+05:30,78.8,78.82,78.415,78.54,1054
2026-04-21T20:00:00+05:30,78.535,78.58,77.61,77.675,3344
2026-04-21T20:15:00+05:30,77.685,77.75,76.765,76.89,5314
2026-04-21T20:30:00+05:30,76.92,77.27,76.695,77.2,2971
2026-04-21T20:45:00+05:30,77.19,77.42,76.985,77.02,1491
2026-04-21T21:00:00+05:30,77.02,77.09,76.77,77.035,1187
2026-04-21T21:15:00+05:30,77.055,77.15,76.905,77.03,782
2026-04-21T21:30:00+05:30,77.045,77.315,76.72,76.835,1154
2026-04-21T21:45:00+05:30,76.84,76.97,76.44,76.505,1211
2026-04-21T22:00:00+05:30,76.505,76.845,76.505,76.65,1047
2026-04-21T22:15:00+05:30,76.695,76.785,76.13,76.355,1517
2026-04-21T22:30:00+05:30,76.37,76.57,76.18,76.31,1752
2026-04-21T22:45:00+05:30,76.34,76.61,76.23,76.385,1911
2026-04-21T23:00:00+05:30,76.38,76.985,76.365,76.89,1879
2026-04-21T23:15:00+05:30,76.895,76.91,76.625,76.785,750
2026-04-21T23:30:00+05:30,76.775,76.855,76.565,76.67,667
2026-04-21T23:45:00+05:30,76.685,76.705,76.415,76.545,827
2026-04-22T00:00:00+05:30,76.545,76.66,76.525,76.585,496
2026-04-22T00:15:00+05:30,76.58,76.915,76.44,76.815,1016
2026-04-22T00:30:00+05:30,76.82,76.955,76.68,76.785,866
2026-04-22T00:45:00+05:30,76.825,77.075,76.725,77.065,1020
2026-04-22T01:00:00+05:30,77.08,77.115,75.535,75.635,2453
2026-04-22T01:15:00+05:30,75.66,76,75.525,75.74,2123
2026-04-22T01:30:00+05:30,75.735,76.52,75.43,76.23,2263
2026-04-22T01:45:00+05:30,76.27,76.65,76.195,76.54,996
2026-04-22T02:00:00+05:30,76.535,76.695,76.53,76.58,456
2026-04-22T02:15:00+05:30,76.585,76.83,76.54,76.655,576
2026-04-22T03:30:00+05:30,76.7,77.065,76.7,76.885,860
2026-04-22T03:45:00+05:30,76.89,76.945,76.815,76.905,247
2026-04-22T04:00:00+05:30,76.92,76.935,76.685,76.725,370
2026-04-22T04:15:00+05:30,76.73,76.84,76.715,76.78,206
2026-04-22T04:30:00+05:30,76.775,77.115,76.745,77.025,363
2026-04-22T04:45:00+05:30,77.04,77.285,77,77.185,571
2026-04-22T05:00:00+05:30,77.18,77.25,77.1,77.19,212
2026-04-22T05:15:00+05:30,77.215,77.385,77.215,77.315,389
2026-04-22T05:30:00+05:30,77.325,77.535,77.32,77.44,600
2026-04-22T05:45:00+05:30,77.41,77.55,77.325,77.535,503
2026-04-22T06:00:00+05:30,77.535,77.68,77.435,77.455,411
2026-04-22T06:15:00+05:30,77.465,77.51,77.345,77.45,679
2026-04-22T06:30:00+05:30,77.45,77.665,77.34,77.42,1035
2026-04-22T06:45:00+05:30,77.41,77.825,77.405,77.65,726
2026-04-22T07:00:00+05:30,77.67,77.895,77.665,77.7,743
2026-04-22T07:15:00+05:30,77.685,77.73,77.54,77.57,575
2026-04-22T07:30:00+05:30,77.595,77.895,77.53,77.84,761
2026-04-22T07:45:00+05:30,77.845,77.92,77.76,77.86,247
2026-04-22T08:00:00+05:30,77.85,77.895,77.645,77.685,496
2026-04-22T08:15:00+05:30,77.68,77.88,77.68,77.825,298
2026-04-22T08:30:00+05:30,77.815,78.115,77.755,78.09,736
2026-04-22T08:45:00+05:30,78.065,78.18,78.025,78.16,475
2026-04-22T09:00:00+05:30,78.155,78.245,78.005,78.07,374
2026-04-22T09:15:00+05:30,78.08,78.12,77.995,78.045,188
2026-04-22T09:30:00+05:30,78.03,78.08,77.92,78.005,314
2026-04-22T09:45:00+05:30,77.995,77.995,77.905,77.925,168
2026-04-22T10:00:00+05:30,77.94,77.955,77.845,77.86,175
2026-04-22T10:15:00+05:30,77.855,78,77.775,77.96,356
2026-04-22T10:30:00+05:30,77.95,78.115,77.9,78.08,238
2026-04-22T10:45:00+05:30,78.08,78.605,78.075,78.395,1317
2026-04-22T11:00:00+05:30,78.39,78.65,78.285,78.535,868
2026-04-22T11:15:00+05:30,78.515,78.59,78.43,78.45,381
2026-04-22T11:30:00+05:30,78.46,78.46,78.23,78.345,626
2026-04-22T11:45:00+05:30,78.345,78.545,78.29,78.535,450
2026-04-22T12:00:00+05:30,78.53,78.565,78.42,78.455,280
2026-04-22T12:15:00+05:30,78.455,78.56,78.42,78.54,251
2026-04-22T12:30:00+05:30,78.54,78.59,78.46,78.475,247
2026-04-22T12:45:00+05:30,78.45,78.535,78.335,78.5,550
2026-04-22T13:00:00+05:30,78.48,78.495,78.33,78.425,201
2026-04-22T13:15:00+05:30,78.435,78.445,78.29,78.29,243
2026-04-22T13:30:00+05:30,78.305,78.33,78.155,78.21,376
2026-04-22T13:45:00+05:30,78.2,78.245,78.01,78.04,452
2026-04-22T14:00:00+05:30,78.04,78.175,77.97,78.075,456
2026-04-22T14:15:00+05:30,78.08,78.16,77.985,78.16,178
2026-04-22T14:30:00+05:30,78.14,78.305,78.115,78.225,452
2026-04-22T14:45:00+05:30,78.225,78.26,78.13,78.145,152
2026-04-22T15:00:00+05:30,78.13,78.2,78.01,78.115,226
2026-04-22T15:15:00+05:30,78.115,78.115,77.88,77.96,246
2026-04-22T15:30:00+05:30,77.965,78.035,77.72,77.795,514
2026-04-22T15:45:00+05:30,77.785,77.97,77.775,77.965,267
2026-04-22T16:00:00+05:30,77.975,78.135,77.945,77.985,297
2026-04-22T16:15:00+05:30,77.99,78.1,77.955,78.085,156
2026-04-22T16:30:00+05:30,78.07,78.135,78.015,78.05,231
2026-04-22T16:45:00+05:30,78.075,78.215,78.045,78.13,263
2026-04-22T17:00:00+05:30,78.155,78.24,77.97,77.985,328
2026-04-22T17:15:00+05:30,77.99,78.19,77.985,78.065,413
2026-04-22T17:30:00+05:30,78.06,78.315,78.06,78.155,510
2026-04-22T17:45:00+05:30,78.155,78.24,77.945,77.99,604
2026-04-22T18:00:00+05:30,77.985,78.02,77.685,77.74,1050
2026-04-22T18:15:00+05:30,77.74,77.795,77.595,77.7,729
2026-04-22T18:30:00+05:30,77.715,77.94,77.565,77.745,1441
2026-04-22T18:45:00+05:30,77.77,78.03,77.415,78.015,1619
2026-04-22T19:00:00+05:30,78.04,78.12,77.77,78.11,1386
2026-04-22T19:15:00+05:30,78.11,78.345,78.08,78.19,1240
2026-04-22T19:30:00+05:30,78.205,78.385,78.07,78.26,954
2026-04-22T19:45:00+05:30,78.26,78.46,78.13,78.13,1154
2026-04-22T20:00:00+05:30,78.155,78.18,77.75,77.8,1785
2026-04-22T20:15:00+05:30,77.785,77.995,77.73,77.845,731
2026-04-22T20:30:00+05:30,77.855,78.175,77.82,78.115,778
2026-04-22T20:45:00+05:30,78.105,78.11,77.88,78.035,591
2026-04-22T21:00:00+05:30,78.025,78.065,77.74,77.745,833
2026-04-22T21:15:00+05:30,77.75,77.95,77.735,77.845,412
2026-04-22T21:30:00+05:30,77.86,78,77.81,77.955,399
2026-04-22T21:45:00+05:30,77.95,77.95,77.785,77.815,309
2026-04-22T22:00:00+05:30,77.815,77.875,77.645,77.76,741
2026-04-22T22:15:00+05:30,77.76,77.795,77.63,77.675,587
2026-04-22T22:30:00+05:30,77.705,78.09,77.685,77.975,732
2026-04-22T22:45:00+05:30,77.98,78.075,77.835,77.855,684
2026-04-22T23:00:00+05:30,77.9,77.9,77.785,77.875,352
2026-04-22T23:15:00+05:30,77.88,77.96,77.785,77.91,345
2026-04-22T23:30:00+05:30,77.905,77.975,77.855,77.9,228
2026-04-22T23:45:00+05:30,77.9,77.905,77.72,77.77,358
2026-04-23T00:00:00+05:30,77.77,77.905,77.73,77.87,239
2026-04-23T00:15:00+05:30,77.875,78.04,77.85,77.895,430
2026-04-23T00:30:00+05:30,77.88,77.88,77.705,77.72,303
2026-04-23T00:45:00+05:30,77.715,77.81,77.665,77.78,257
2026-04-23T01:00:00+05:30,77.76,77.8,77.66,77.72,185
2026-04-23T01:15:00+05:30,77.725,77.835,77.65,77.775,360
2026-04-23T01:30:00+05:30,77.765,77.81,77.65,77.675,322
2026-04-23T01:45:00+05:30,77.66,77.705,77.57,77.63,215
2026-04-23T02:00:00+05:30,77.65,77.73,77.615,77.68,173
2026-04-23T02:15:00+05:30,77.69,77.76,77.67,77.685,164
2026-04-23T03:30:00+05:30,77.77,77.82,77.525,77.585,288
2026-04-23T03:45:00+05:30,77.6,77.7,77.57,77.585,162
2026-04-23T04:00:00+05:30,77.6,77.645,77.51,77.55,161
2026-04-23T04:15:00+05:30,77.54,77.615,77.43,77.475,200
2026-04-23T04:30:00+05:30,77.49,77.575,77.43,77.51,128
2026-04-23T04:45:00+05:30,77.51,77.59,77.45,77.49,172
2026-04-23T05:00:00+05:30,77.475,77.48,77.39,77.43,197
2026-04-23T05:15:00+05:30,77.44,77.545,77.44,77.515,152
2026-04-23T05:30:00+05:30,77.525,77.565,76.59,76.59,1342
2026-04-23T05:45:00+05:30,76.595,77.83,76.375,77.8,2954
2026-04-23T06:00:00+05:30,77.785,78.315,77.785,78.09,1912
2026-04-23T06:15:00+05:30,78.075,78.415,78.055,78.195,930
2026-04-23T06:30:00+05:30,78.19,78.36,77.935,77.96,1197
2026-04-23T06:45:00+05:30,77.965,78.015,77.48,77.51,1185
2026-04-23T07:00:00+05:30,77.505,77.74,77.42,77.67,634
2026-04-23T07:15:00+05:30,77.695,77.765,77,77.045,1261
2026-04-23T07:30:00+05:30,77.04,77.06,76.625,76.745,1099
2026-04-23T07:45:00+05:30,76.685,77.055,76.635,76.87,737
2026-04-23T08:00:00+05:30,76.845,76.925,76.085,76.17,2141
2026-04-23T08:15:00+05:30,76.175,76.295,75.745,75.75,2181
2026-04-23T08:30:00+05:30,75.76,76.14,75.65,75.845,1265
2026-04-23T08:45:00+05:30,75.82,75.96,75.605,75.73,1127
2026-04-23T09:00:00+05:30,75.73,76.265,75.73,76.135,1109
2026-04-23T09:15:00+05:30,76.1,76.19,75.975,76.075,370
2026-04-23T09:30:00+05:30,76.04,76.24,76,76.21,401
2026-04-23T09:45:00+05:30,76.215,76.215,76.025,76.1,337
2026-04-23T10:00:00+05:30,76.085,76.16,76.015,76.015,207
2026-04-23T10:15:00+05:30,76.02,76.18,75.93,76.16,281
2026-04-23T10:30:00+05:30,76.16,76.285,76.12,76.2,390
2026-04-23T10:45:00+05:30,76.205,76.21,76,76.05,347
2026-04-23T11:00:00+05:30,76.045,76.08,75.54,75.875,1211
2026-04-23T11:15:00+05:30,75.89,76.26,75.89,76.185,608
2026-04-23T11:30:00+05:30,76.225,76.27,75.9,75.96,745
2026-04-23T11:45:00+05:30,75.97,76.065,75.76,76.025,867
2026-04-23T12:00:00+05:30,76.015,76.105,75.9,76.045,352
2026-04-23T12:15:00+05:30,76.035,76.235,76.005,76.095,497
2026-04-23T12:30:00+05:30,76.08,76.105,75.9,75.96,365
2026-04-23T12:45:00+05:30,75.96,76.06,75.775,75.8,501
2026-04-23T13:00:00+05:30,75.79,76.045,75.715,76.04,410
2026-04-23T13:15:00+05:30,76.06,76.335,76.06,76.185,585
2026-04-23T13:30:00+05:30,76.175,76.275,76.035,76.11,385
2026-04-23T13:45:00+05:30,76.11,76.18,75.95,75.97,307
2026-04-23T14:00:00+05:30,75.98,76,75.575,75.585,602
2026-04-23T14:15:00+05:30,75.595,75.715,75.45,75.605,610
2026-04-23T14:30:00+05:30,75.595,75.6,75.085,75.175,1173
2026-04-23T14:45:00+05:30,75.17,75.545,75.1,75.495,652
2026-04-23T15:00:00+05:30,75.53,75.605,75.45,75.51,328
2026-04-23T15:15:00+05:30,75.515,75.55,75.3,75.4,428
2026-04-23T15:30:00+05:30,75.385,75.485,74.875,74.93,706
2026-04-23T15:45:00+05:30,74.97,75.04,74.285,74.295,1745
2026-04-23T16:00:00+05:30,74.29,74.525,74.23,74.49,1257
2026-04-23T16:15:00+05:30,74.485,74.605,74.305,74.59,860
2026-04-23T16:30:00+05:30,74.59,74.72,74.47,74.55,754
2026-04-23T16:45:00+05:30,74.545,74.785,74.525,74.66,602
2026-04-23T17:00:00+05:30,74.66,75.08,74.6,75.065,820
2026-04-23T17:15:00+05:30,75.035,75.625,75.035,75.53,1172
2026-04-23T17:30:00+05:30,75.525,76.38,75.495,76.27,2009
2026-04-23T17:45:00+05:30,76.255,76.775,76.205,76.75,2066
2026-04-23T18:00:00+05:30,76.78,77.08,76.765,76.92,1581
2026-04-23T18:15:00+05:30,76.92,77.02,76.65,76.88,1912
2026-04-23T18:30:00+05:30,76.89,77.015,76.31,76.375,1850
2026-04-23T18:45:00+05:30,76.395,76.475,76.015,76.03,1253
2026-04-23T19:00:00+05:30,76.005,76.45,75.79,76.34,1942
2026-04-23T19:15:00+05:30,76.335,76.5,75.935,75.94,1284
2026-04-23T19:30:00+05:30,75.93,75.95,75.52,75.87,1738
2026-04-23T19:45:00+05:30,75.87,76.32,75.865,76.215,992
2026-04-23T20:00:00+05:30,76.235,76.405,76.09,76.255,954
2026-04-23T20:15:00+05:30,76.28,76.38,76.1,76.25,551
2026-04-23T20:30:00+05:30,76.23,76.285,75.99,76.14,718
2026-04-23T20:45:00+05:30,76.16,76.515,76.11,76.235,1000
2026-04-23T21:00:00+05:30,76.235,76.325,76.05,76.06,636
2026-04-23T21:15:00+05:30,76.05,76.105,75.815,76.055,941
2026-04-23T21:30:00+05:30,76.05,76.2,75.935,76.11,562
2026-04-23T21:45:00+05:30,76.125,76.26,76.125,76.19,319
2026-04-23T22:00:00+05:30,76.17,76.43,76.155,76.405,447
2026-04-23T22:15:00+05:30,76.41,76.52,76.32,76.365,540
2026-04-23T22:30:00+05:30,76.37,76.425,75.57,75.79,1657
2026-04-23T22:45:00+05:30,75.775,75.82,75.36,75.485,1958
2026-04-23T23:00:00+05:30,75.47,75.725,74.795,74.91,2014
2026-04-23T23:15:00+05:30,74.91,75.7,74.58,75.655,3021
2026-04-23T23:30:00+05:30,75.68,76.085,75.625,75.9,1697
2026-04-23T23:45:00+05:30,75.93,76.07,75.805,76.055,641
2026-04-24T00:00:00+05:30,76.03,76.15,75.78,75.9,498
2026-04-24T00:15:00+05:30,75.88,75.905,75.515,75.575,612
2026-04-24T00:30:00+05:30,75.585,75.72,75.44,75.67,656
2026-04-24T00:45:00+05:30,75.66,75.81,75.66,75.765,369
2026-04-24T01:00:00+05:30,75.755,75.83,75.41,75.475,526
2026-04-24T01:15:00+05:30,75.48,75.695,75.39,75.56,455
2026-04-24T01:30:00+05:30,75.545,75.6,75.35,75.365,321
2026-04-24T01:45:00+05:30,75.35,75.45,75.235,75.395,228
2026-04-24T02:00:00+05:30,75.4,75.46,75.37,75.445,103
2026-04-24T02:15:00+05:30,75.435,75.475,75.355,75.45,203
2026-04-24T03:30:00+05:30,75.48,75.78,75.48,75.685,420
2026-04-24T03:45:00+05:30,75.64,75.665,75.355,75.445,339
2026-04-24T04:00:00+05:30,75.44,75.645,75.42,75.46,245
2026-04-24T04:15:00+05:30,75.495,75.495,75.32,75.42,127
2026-04-24T04:30:00+05:30,75.43,75.49,75.28,75.33,142
2026-04-24T04:45:00+05:30,75.325,75.505,75.225,75.49,218
2026-04-24T05:00:00+05:30,75.5,75.68,75.485,75.61,327
2026-04-24T05:15:00+05:30,75.615,75.72,75.435,75.515,302
2026-04-24T05:30:00+05:30,75.535,75.725,75.39,75.63,449
2026-04-24T05:45:00+05:30,75.64,75.89,75.525,75.86,441
2026-04-24T06:00:00+05:30,75.855,75.955,75.615,75.63,436
2026-04-24T06:15:00+05:30,75.65,75.845,75.465,75.775,582
2026-04-24T06:30:00+05:30,75.775,75.92,75.315,75.745,1115
2026-04-24T06:45:00+05:30,75.745,75.85,75.37,75.37,696
2026-04-24T07:00:00+05:30,75.365,75.505,75.055,75.095,998
2026-04-24T07:15:00+05:30,75.085,75.625,75.065,75.58,601
2026-04-24T07:30:00+05:30,75.6,75.62,75.235,75.375,427
2026-04-24T07:45:00+05:30,75.375,75.425,75.06,75.13,644
2026-04-24T08:00:00+05:30,75.11,75.4,75.01,75.215,779
2026-04-24T08:15:00+05:30,75.205,75.295,74.84,74.985,746
2026-04-24T08:30:00+05:30,74.985,75.11,74.66,74.705,775
2026-04-24T08:45:00+05:30,74.71,74.99,74.695,74.86,520
2026-04-24T09:00:00+05:30,74.885,75.05,74.765,74.91,336
2026-04-24T09:15:00+05:30,74.93,74.98,74.8,74.815,269
2026-04-24T09:30:00+05:30,74.8,74.955,74.67,74.86,237
2026-04-24T09:45:00+05:30,74.84,74.87,74.65,74.725,253
2026-04-24T10:00:00+05:30,74.71,74.84,74.66,74.84,337
2026-04-24T10:15:00+05:30,74.84,75.035,74.84,74.99,287
2026-04-24T10:30:00+05:30,75.015,75.075,74.8,74.91,313
2026-04-24T10:45:00+05:30,74.92,74.99,74.835,74.94,180
2026-04-24T11:00:00+05:30,74.95,75.195,74.875,74.945,675
2026-04-24T11:15:00+05:30,74.945,75.095,74.865,75.07,361
2026-04-24T11:30:00+05:30,75.075,75.105,74.87,74.925,608
2026-04-24T11:45:00+05:30,74.905,74.95,74.36,74.435,1027
2026-04-24T12:00:00+05:30,74.44,74.57,74.225,74.305,1102
2026-04-24T12:15:00+05:30,74.315,74.35,73.885,74.235,1882
2026-04-24T12:30:00+05:30,74.23,74.65,74.18,74.615,844
2026-04-24T12:45:00+05:30,74.61,74.695,74.525,74.61,406
2026-04-24T13:00:00+05:30,74.595,74.63,74.51,74.605,404
2026-04-24T13:15:00+05:30,74.585,74.885,74.565,74.87,479
2026-04-24T13:30:00+05:30,74.84,74.885,74.505,74.585,604
2026-04-24T13:45:00+05:30,74.59,74.94,74.585,74.635,677
2026-04-24T14:00:00+05:30,74.63,74.73,74.565,74.69,296
2026-04-24T14:15:00+05:30,74.715,74.87,74.71,74.795,346
2026-04-24T14:30:00+05:30,74.805,74.95,74.775,74.875,395
2026-04-24T14:45:00+05:30,74.9,74.94,74.63,74.775,484
2026-04-24T15:00:00+05:30,74.785,74.91,74.7,74.82,426
2026-04-24T15:15:00+05:30,74.825,74.835,74.54,74.64,360
2026-04-24T15:30:00+05:30,74.635,74.725,74.59,74.675,185
2026-04-24T15:45:00+05:30,74.69,74.865,74.66,74.82,240
2026-04-24T16:00:00+05:30,74.78,74.87,74.68,74.84,186
2026-04-24T16:15:00+05:30,74.83,74.865,74.76,74.785,129
2026-04-24T16:30:00+05:30,74.78,75.725,74.78,75.55,2046
2026-04-24T16:45:00+05:30,75.56,76.185,75.49,76.185,2074
2026-04-24T17:00:00+05:30,76.18,76.235,75.835,75.845,975
2026-04-24T17:15:00+05:30,75.85,75.965,75.765,75.92,520
2026-04-24T17:30:00+05:30,75.955,76.135,75.9,76.065,977
2026-04-24T17:45:00+05:30,76.065,76.215,75.94,76.055,1058
2026-04-24T18:00:00+05:30,76.055,76.08,75.58,75.59,1066
2026-04-24T18:15:00+05:30,75.59,75.715,75.43,75.56,1318
2026-04-24T18:30:00+05:30,75.57,75.745,75.205,75.57,2430
2026-04-24T18:45:00+05:30,75.58,75.71,75.275,75.405,928
2026-04-24T19:00:00+05:30,75.415,75.65,75.2,75.57,1368
2026-04-24T19:15:00+05:30,75.575,75.925,75.51,75.755,1302
2026-04-24T19:30:00+05:30,75.74,76.215,75.595,76.005,2187
2026-04-24T19:45:00+05:30,75.99,76.135,75.795,75.925,1291
2026-04-24T20:00:00+05:30,75.92,76.125,75.835,76.045,903
2026-04-24T20:15:00+05:30,76.045,76.1,75.79,75.87,755
2026-04-24T20:30:00+05:30,75.87,75.93,75.66,75.7,689
2026-04-24T20:45:00+05:30,75.74,75.885,75.59,75.69,652
2026-04-24T21:00:00+05:30,75.67,76.14,75.63,76.085,751
2026-04-24T21:15:00+05:30,76.105,76.57,76.08,76.345,2337
2026-04-24T21:30:00+05:30,76.34,76.405,76.06,76.085,747
2026-04-24T21:45:00+05:30,76.09,76.225,76.05,76.18,555
2026-04-24T22:00:00+05:30,76.2,76.34,76.09,76.18,570
2026-04-24T22:15:00+05:30,76.21,76.395,76.115,76.375,526
2026-04-24T22:30:00+05:30,76.37,76.535,76.365,76.485,604
2026-04-24T22:45:00+05:30,76.485,76.61,76.24,76.445,1294
2026-04-24T23:00:00+05:30,76.445,76.56,76.34,76.485,552
2026-04-24T23:15:00+05:30,76.48,76.67,76.41,76.495,466
2026-04-24T23:30:00+05:30,76.5,76.54,76.37,76.495,366
2026-04-24T23:45:00+05:30,76.5,76.51,76.31,76.335,318
2026-04-25T00:00:00+05:30,76.335,76.43,76.315,76.38,145
2026-04-25T00:15:00+05:30,76.395,76.445,76.28,76.435,264
2026-04-25T00:30:00+05:30,76.455,76.55,76.37,76.405,306
2026-04-25T00:45:00+05:30,76.395,76.425,76.16,76.165,524
2026-04-25T01:00:00+05:30,76.16,76.24,76.005,76.01,486
2026-04-25T01:15:00+05:30,76.005,76.07,75.935,75.965,614
2026-04-25T01:30:00+05:30,75.95,75.975,75.78,75.815,460
2026-04-25T01:45:00+05:30,75.82,75.875,75.79,75.855,200
2026-04-25T02:00:00+05:30,75.84,75.89,75.76,75.78,229
2026-04-25T02:15:00+05:30,75.76,75.775,75.62,75.68,303
2026-04-27T03:30:00+05:30,75.495,75.9,74.945,75.285,1078
2026-04-27T03:45:00+05:30,75.285,75.31,74.975,75.165,581
2026-04-27T04:00:00+05:30,75.145,75.185,74.93,75.095,424
2026-04-27T04:15:00+05:30,75.095,75.14,75.035,75.095,186
2026-04-27T04:30:00+05:30,75.07,75.075,74.92,75.01,250
2026-04-27T04:45:00+05:30,75.025,75.09,74.855,74.865,181
2026-04-27T05:00:00+05:30,74.84,74.895,74.685,74.76,374
2026-04-27T05:15:00+05:30,74.77,74.89,74.76,74.855,207
2026-04-27T05:30:00+05:30,74.855,75.05,74.795,75,569
2026-04-27T05:45:00+05:30,75.01,75.13,74.91,75.1,286
2026-04-27T06:00:00+05:30,75.115,75.12,74.94,75.075,234
2026-04-27T06:15:00+05:30,75.1,75.65,75.06,75.62,809
2026-04-27T06:30:00+05:30,75.655,76.025,75.36,75.425,1840
2026-04-27T06:45:00+05:30,75.42,75.6,75.27,75.465,652
2026-04-27T07:00:00+05:30,75.495,75.575,75.29,75.3,498
2026-04-27T07:15:00+05:30,75.31,75.64,75.285,75.405,655
2026-04-27T07:30:00+05:30,75.41,75.475,75.02,75.11,584
2026-04-27T07:45:00+05:30,75.095,75.4,75.095,75.295,329
2026-04-27T08:00:00+05:30,75.295,75.6,75.255,75.535,419
2026-04-27T08:15:00+05:30,75.535,76.17,75.505,76.01,957
2026-04-27T08:30:00+05:30,76.01,76.13,75.93,76,420
2026-04-27T08:45:00+05:30,75.985,76.02,75.905,75.995,187
2026-04-27T09:00:00+05:30,75.99,76.555,75.97,76.49,680
2026-04-27T09:15:00+05:30,76.485,76.55,76.33,76.355,359
2026-04-27T09:30:00+05:30,76.35,76.475,76.35,76.425,212
2026-04-27T09:45:00+05:30,76.42,76.465,76.335,76.46,154
2026-04-27T10:00:00+05:30,76.48,76.54,76.355,76.44,258
2026-04-27T10:15:00+05:30,76.425,76.445,76.305,76.445,191
2026-04-27T10:30:00+05:30,76.44,76.445,76.205,76.22,237
2026-04-27T10:45:00+05:30,76.2,76.205,76.03,76.08,346
2026-04-27T11:00:00+05:30,76.09,76.09,75.63,75.705,761
2026-04-27T11:15:00+05:30,75.705,75.79,75.57,75.61,492
2026-04-27T11:30:00+05:30,75.595,75.875,75.595,75.875,474
2026-04-27T11:45:00+05:30,75.865,76,75.75,75.925,380
2026-04-27T12:00:00+05:30,75.9,75.905,75.755,75.825,188
2026-04-27T12:15:00+05:30,75.78,75.98,75.775,75.825,277
2026-04-27T12:30:00+05:30,75.825,75.98,75.72,75.89,298
2026-04-27T12:45:00+05:30,75.9,75.92,75.695,75.845,310
2026-04-27T13:00:00+05:30,75.85,75.88,75.73,75.785,257
2026-04-27T13:15:00+05:30,75.785,75.9,75.69,75.705,249
2026-04-27T13:30:00+05:30,75.685,75.77,75.49,75.555,414
2026-04-27T13:45:00+05:30,75.565,75.675,75.51,75.525,263
2026-04-27T14:00:00+05:30,75.535,75.645,75.46,75.625,235
2026-04-27T14:15:00+05:30,75.655,75.725,75.53,75.55,258
2026-04-27T14:30:00+05:30,75.575,75.595,75.415,75.5,298
2026-04-27T14:45:00+05:30,75.495,75.65,75.435,75.59,309
2026-04-27T15:00:00+05:30,75.63,75.695,75.535,75.66,262
2026-04-27T15:15:00+05:30,75.675,75.675,75.55,75.645,156
2026-04-27T15:30:00+05:30,75.655,75.74,75.59,75.61,172
2026-04-27T15:45:00+05:30,75.61,75.735,75.565,75.72,108
2026-04-27T16:00:00+05:30,75.725,75.895,75.7,75.845,276
2026-04-27T16:15:00+05:30,75.85,75.92,75.82,75.91,182
2026-04-27T16:30:00+05:30,75.89,75.905,75.67,75.675,253
2026-04-27T16:45:00+05:30,75.66,75.785,75.59,75.735,240
2026-04-27T17:00:00+05:30,75.745,75.795,75.47,75.54,289
2026-04-27T17:15:00+05:30,75.535,75.645,75.535,75.635,116
2026-04-27T17:30:00+05:30,75.645,75.86,75.555,75.855,345
2026-04-27T17:45:00+05:30,75.85,75.93,75.565,75.67,420
2026-04-27T18:00:00+05:30,75.68,75.695,75.2,75.24,704
2026-04-27T18:15:00+05:30,75.23,75.605,75.2,75.48,740
2026-04-27T18:30:00+05:30,75.49,75.57,75.05,75.17,1219
2026-04-27T18:45:00+05:30,75.175,75.505,75.14,75.475,558
2026-04-27T19:00:00+05:30,75.465,75.55,75.22,75.285,966
2026-04-27T19:15:00+05:30,75.275,75.53,74.96,75.5,1322
2026-04-27T19:30:00+05:30,75.48,75.57,75.22,75.295,803
2026-04-27T19:45:00+05:30,75.305,75.365,75.07,75.12,551
2026-04-27T20:00:00+05:30,75.12,75.525,74.965,75.25,1300
2026-04-27T20:15:00+05:30,75.28,75.28,74.84,74.94,921
2026-04-27T20:30:00+05:30,74.98,75.02,74.635,74.97,1502
2026-04-27T20:45:00+05:30,74.955,75.185,74.9,75.185,717
2026-04-27T21:00:00+05:30,75.18,75.26,75.12,75.195,498
2026-04-27T21:15:00+05:30,75.175,75.18,74.875,74.935,469
2026-04-27T21:30:00+05:30,74.93,75.015,74.775,74.945,553
2026-04-27T21:45:00+05:30,74.955,75.1,74.955,75.07,271
2026-04-27T22:00:00+05:30,75.07,75.235,75.07,75.115,446
2026-04-27T22:15:00+05:30,75.105,75.195,75.105,75.13,282
2026-04-27T22:30:00+05:30,75.145,75.24,75.04,75.12,399
2026-04-27T22:45:00+05:30,75.125,75.165,74.895,74.995,877
2026-04-27T23:00:00+05:30,74.985,75.185,74.95,75.155,434
2026-04-27T23:15:00+05:30,75.16,75.34,75.155,75.285,363
2026-04-27T23:30:00+05:30,75.27,75.47,75.16,75.41,413
2026-04-27T23:45:00+05:30,75.425,75.545,75.38,75.48,272
2026-04-28T00:00:00+05:30,75.475,75.67,75.455,75.585,236
2026-04-28T00:15:00+05:30,75.58,75.71,75.535,75.61,184
2026-04-28T00:30:00+05:30,75.59,75.6,75.4,75.475,303
2026-04-28T00:45:00+05:30,75.495,75.585,75.455,75.46,161
2026-04-28T01:00:00+05:30,75.455,75.47,75.35,75.45,255
2026-04-28T01:15:00+05:30,75.435,75.525,75.39,75.46,251
2026-04-28T01:30:00+05:30,75.47,75.53,75.365,75.465,232
2026-04-28T01:45:00+05:30,75.47,75.495,75.385,75.385,122
2026-04-28T02:00:00+05:30,75.41,75.46,75.32,75.415,161
2026-04-28T02:15:00+05:30,75.425,75.54,75.38,75.515,194
2026-04-28T03:30:00+05:30,75.485,75.85,75.445,75.805,262
2026-04-28T03:45:00+05:30,75.825,75.89,75.785,75.865,80
2026-04-28T04:00:00+05:30,75.87,75.925,75.825,75.835,48
2026-04-28T04:15:00+05:30,75.86,75.905,75.81,75.9,76
2026-04-28T04:30:00+05:30,75.9,75.945,75.84,75.925,65
2026-04-28T04:45:00+05:30,75.935,75.97,75.86,75.92,71
2026-04-28T05:00:00+05:30,75.91,75.98,75.91,75.93,43
2026-04-28T05:15:00+05:30,75.955,75.985,75.945,75.96,43
2026-04-28T05:30:00+05:30,75.945,76.15,75.935,76.07,102
2026-04-28T05:45:00+05:30,76.06,76.1,75.86,75.975,111
2026-04-28T06:00:00+05:30,75.98,76.01,75.885,75.94,54
2026-04-28T06:15:00+05:30,75.935,75.95,75.69,75.69,87
2026-04-28T06:30:00+05:30,75.67,75.805,75.58,75.67,144
2026-04-28T06:45:00+05:30,75.655,75.655,75.395,75.43,160
2026-04-28T07:00:00+05:30,75.435,75.44,75.195,75.325,145
2026-04-28T07:15:00+05:30,75.29,75.295,74.595,74.605,238
2026-04-28T07:30:00+05:30,74.58,74.87,74.33,74.87,267
2026-04-28T07:45:00+05:30,74.87,74.91,74.75,74.845,53
2026-04-28T08:00:00+05:30,74.8,74.8,74.52,74.52,71
2026-04-28T08:15:00+05:30,74.405,74.405,74.14,74.29,153
2026-04-28T08:30:00+05:30,74.33,74.72,74.33,74.635,101
2026-04-28T08:45:00+05:30,74.64,74.755,74.605,74.72,90
2026-04-28T09:00:00+05:30,74.725,74.77,74.61,74.625,60
2026-04-28T09:15:00+05:30,74.6,74.64,74.545,74.61,42
2026-04-28T09:30:00+05:30,74.61,74.64,74.475,74.585,39
2026-04-28T09:45:00+05:30,74.585,74.585,74.475,74.495,23
2026-04-28T10:00:00+05:30,74.525,74.6,74.515,74.515,31
2026-04-28T10:15:00+05:30,74.53,74.53,74.39,74.4,42
2026-04-28T10:30:00+05:30,74.43,74.435,73.94,74.005,189
2026-04-28T10:45:00+05:30,73.99,74.225,73.97,74.21,83
2026-04-28T11:00:00+05:30,74.14,74.14,73.11,73.23,435
2026-04-28T11:15:00+05:30,73.24,73.445,73.155,73.385,198
2026-04-28T11:30:00+05:30,73.375,73.665,73.2,73.58,217
2026-04-28T11:45:00+05:30,73.605,73.61,72.815,73.175,394
2026-04-28T12:00:00+05:30,73.165,73.27,72.955,73.01,144
2026-04-28T12:15:00+05:30,73.03,73.14,72.795,73.14,165
2026-04-28T12:30:00+05:30,73.14,73.45,73.08,73.365,204
2026-04-28T12:45:00+05:30,73.37,73.42,73.19,73.23,103
2026-04-28T13:00:00+05:30,73.205,73.36,73.05,73.175,143
2026-04-28T13:15:00+05:30,73.21,73.28,73.005,73.28,82
2026-04-28T13:30:00+05:30,73.275,73.28,72.61,72.915,243
2026-04-28T13:45:00+05:30,72.935,73.33,72.93,73.33,124
2026-04-28T14:00:00+05:30,73.31,73.635,73.305,73.465,198
2026-04-28T14:15:00+05:30,73.42,73.49,73.3,73.465,70
2026-04-28T14:30:00+05:30,73.46,73.46,73.195,73.3,67
2026-04-28T14:45:00+05:30,73.24,73.34,73.07,73.13,80
2026-04-28T15:00:00+05:30,73.13,73.13,72.795,72.945,114
2026-04-28T15:15:00+05:30,72.885,72.91,72.75,72.86,54
2026-04-28T15:30:00+05:30,72.895,73.125,72.89,73.11,105
2026-04-28T15:45:00+05:30,73.11,73.355,73.09,73.24,67
2026-04-28T16:00:00+05:30,73.21,73.305,73.21,73.265,79
2026-04-28T16:15:00+05:30,73.285,73.4,73.155,73.16,60
2026-04-28T16:30:00+05:30,73.115,73.23,72.73,72.775,145
2026-04-28T16:45:00+05:30,72.77,72.785,72.55,72.615,125
2026-04-28T17:00:00+05:30,72.62,72.635,71.94,72.215,344
2026-04-28T17:15:00+05:30,72.23,72.25,71.92,72.13,184
2026-04-28T17:30:00+05:30,72.18,72.7,72,72.7,201
2026-04-28T17:45:00+05:30,72.66,73.41,72.655,72.96,299
2026-04-28T18:00:00+05:30,72.94,73.42,72.745,73.35,241
2026-04-28T18:15:00+05:30,73.355,73.625,73.33,73.385,222
2026-04-28T18:30:00+05:30,73.37,73.37,72.395,72.485,433
2026-04-28T18:45:00+05:30,72.46,72.65,72.295,72.57,239
2026-04-28T19:00:00+05:30,72.56,73.015,72.32,72.895,550
2026-04-28T19:15:00+05:30,72.86,73.065,72.685,72.825,230
2026-04-28T19:30:00+05:30,72.82,72.82,72.45,72.45,224
2026-04-28T19:45:00+05:30,72.475,72.6,72.16,72.535,173
2026-04-28T20:00:00+05:30,72.515,72.67,72.24,72.495,237
2026-04-28T20:15:00+05:30,72.55,72.84,72.405,72.84,237
2026-04-28T20:30:00+05:30,72.885,73,72.595,72.67,213
2026-04-28T20:45:00+05:30,72.655,72.85,72.565,72.85,118
2026-04-28T21:00:00+05:30,72.835,73.01,72.7,72.955,138
2026-04-28T21:15:00+05:30,72.925,73.145,72.9,73.145,112
2026-04-28T21:30:00+05:30,73.155,73.155,72.98,73,102
2026-04-28T21:45:00+05:30,73.05,73.055,72.89,72.93,67
2026-04-28T22:00:00+05:30,72.98,73.08,72.89,73.07,51
2026-04-28T22:15:00+05:30,73.06,73.27,73.035,73.16,91
2026-04-28T22:30:00+05:30,73.18,73.245,73.035,73.095,109
2026-04-28T22:45:00+05:30,73.11,73.465,72.95,73.345,365
2026-04-28T23:00:00+05:30,73.33,73.475,73.315,73.4,148
2026-04-28T23:15:00+05:30,73.4,73.41,73.22,73.22,55
2026-04-28T23:30:00+05:30,73.23,73.32,73.125,73.21,93
2026-04-28T23:45:00+05:30,73.195,73.365,73.185,73.33,89
2026-04-29T00:00:00+05:30,73.305,73.305,73.19,73.195,22
2026-04-29T00:15:00+05:30,73.235,73.275,73.12,73.12,28
2026-04-29T00:30:00+05:30,73.125,73.22,73.125,73.165,24
2026-04-29T00:45:00+05:30,73.115,73.115,73.05,73.115,34
2026-04-29T01:00:00+05:30,73.1,73.24,73.1,73.195,37
2026-04-29T01:15:00+05:30,73.22,73.235,73.05,73.1,45
2026-04-29T01:30:00+05:30,73.08,73.165,73.07,73.115,84
2026-04-29T01:45:00+05:30,73.11,73.11,72.975,73.005,21
2026-04-29T02:00:00+05:30,73.03,73.07,73.025,73.03,31
2026-04-29T02:15:00+05:30,73,73.09,72.985,73.09,33
2026-04-29T03:30:00+05:30,73.435,73.71,73.04,73.645,237
2026-04-29T03:45:00+05:30,73.645,73.705,73.605,73.62,87
2026-04-29T04:00:00+05:30,73.635,73.705,73.6,73.615,60
2026-04-29T04:15:00+05:30,73.59,73.675,73.59,73.64,112
2026-04-29T04:30:00+05:30,73.645,73.645,73.515,73.59,209
2026-04-29T04:45:00+05:30,73.575,73.655,73.57,73.645,111
2026-04-29T05:00:00+05:30,73.645,73.685,73.545,73.635,141
2026-04-29T05:15:00+05:30,73.64,73.805,73.61,73.775,146
2026-04-29T05:30:00+05:30,73.765,74.24,73.755,73.985,900
2026-04-29T05:45:00+05:30,74,74.01,73.61,73.66,586
2026-04-29T06:00:00+05:30,73.675,73.835,73.6,73.825,199
2026-04-29T06:15:00+05:30,73.815,73.83,73.565,73.67,223
2026-04-29T06:30:00+05:30,73.66,73.67,73.26,73.465,1193
2026-04-29T06:45:00+05:30,73.45,73.805,73.45,73.535,721
2026-04-29T07:00:00+05:30,73.53,73.93,73.495,73.9,469
2026-04-29T07:15:00+05:30,73.865,73.89,73.63,73.725,323
2026-04-29T07:30:00+05:30,73.74,74.2,73.74,74.065,723
2026-04-29T07:45:00+05:30,74.07,74.235,74.035,74.075,331
2026-04-29T08:00:00+05:30,74.07,74.24,74.035,74.11,330
2026-04-29T08:15:00+05:30,74.16,74.295,73.98,74.03,482
2026-04-29T08:30:00+05:30,74.025,74.34,73.995,74.3,325
2026-04-29T08:45:00+05:30,74.31,74.31,74.17,74.28,247
2026-04-29T09:00:00+05:30,74.27,74.27,74.06,74.09,218
2026-04-29T09:15:00+05:30,74.1,74.13,74.04,74.075,157
2026-04-29T09:30:00+05:30,74.08,74.26,74.075,74.22,213
2026-04-29T09:45:00+05:30,74.21,74.235,74.13,74.235,126
2026-04-29T10:00:00+05:30,74.24,74.35,74.235,74.255,221
2026-04-29T10:15:00+05:30,74.26,74.33,74.245,74.29,132
2026-04-29T10:30:00+05:30,74.295,74.34,74.175,74.195,151
2026-04-29T10:45:00+05:30,74.195,74.24,74.145,74.21,90
2026-04-29T11:00:00+05:30,74.24,74.265,74.035,74.255,328
2026-04-29T11:15:00+05:30,74.265,74.425,74.08,74.08,399
2026-04-29T11:30:00+05:30,74.08,74.34,74.065,74.095,341
2026-04-29T11:45:00+05:30,74.085,74.145,74.025,74.07,266
2026-04-29T12:00:00+05:30,74.075,74.125,73.905,73.995,376
2026-04-29T12:15:00+05:30,74.005,74.05,73.795,73.88,389
2026-04-29T12:30:00+05:30,73.875,74.03,73.725,73.755,449
2026-04-29T12:45:00+05:30,73.75,73.79,73.575,73.72,266
2026-04-29T13:00:00+05:30,73.73,73.81,73.535,73.58,326
2026-04-29T13:15:00+05:30,73.595,73.64,73.415,73.425,368
2026-04-29T13:30:00+05:30,73.43,73.615,73.125,73.185,847
2026-04-29T13:45:00+05:30,73.2,73.315,73.085,73.13,479
2026-04-29T14:00:00+05:30,73.115,73.225,72.935,73.205,601
2026-04-29T14:15:00+05:30,73.21,73.37,73.2,73.295,343
2026-04-29T14:30:00+05:30,73.29,73.365,73.225,73.31,175
2026-04-29T14:45:00+05:30,73.3,73.415,73.155,73.19,277
2026-04-29T15:00:00+05:30,73.185,73.335,73.09,73.1,245
2026-04-29T15:15:00+05:30,73.085,73.155,72.995,73.07,278
2026-04-29T15:30:00+05:30,73.065,73.275,73.03,73.26,240
2026-04-29T15:45:00+05:30,73.26,73.38,73.26,73.37,198
2026-04-29T16:00:00+05:30,73.38,73.53,73.315,73.335,320
2026-04-29T16:15:00+05:30,73.315,73.425,73.305,73.39,220
2026-04-29T16:30:00+05:30,73.385,73.43,73.05,73.135,539
2026-04-29T16:45:00+05:30,73.135,73.23,73.065,73.075,228
2026-04-29T17:00:00+05:30,73.055,73.295,73.04,73.155,326
2026-04-29T17:15:00+05:30,73.17,73.17,72.92,72.985,309
2026-04-29T17:30:00+05:30,72.985,73.195,72.885,73.14,364
2026-04-29T17:45:00+05:30,73.16,73.24,72.995,73.02,318
2026-04-29T18:00:00+05:30,73,73.025,72.79,72.885,663
2026-04-29T18:15:00+05:30,72.875,72.955,72.375,72.48,1563
2026-04-29T18:30:00+05:30,72.49,72.9,72.485,72.67,1252
2026-04-29T18:45:00+05:30,72.67,72.77,72.14,72.205,1612
2026-04-29T19:00:00+05:30,72.19,72.27,71.79,71.805,2122
2026-04-29T19:15:00+05:30,71.81,72.25,71.72,72.025,1963
2026-04-29T19:30:00+05:30,72.03,72.275,71.95,72.24,1033
2026-04-29T19:45:00+05:30,72.24,72.43,72.175,72.32,840
2026-04-29T20:00:00+05:30,72.29,72.565,72.175,72.36,836
2026-04-29T20:15:00+05:30,72.35,72.355,72.075,72.28,714
2026-04-29T20:30:00+05:30,72.295,72.505,71.925,72.025,1009
2026-04-29T20:45:00+05:30,72.01,72.14,71.965,72.095,723
2026-04-29T21:00:00+05:30,72.075,72.33,71.98,72.215,601
2026-04-29T21:15:00+05:30,72.195,72.33,71.885,71.98,983
2026-04-29T21:30:00+05:30,71.99,72.3,71.925,72.115,785
2026-04-29T21:45:00+05:30,72.1,72.335,72.095,72.265,455
2026-04-29T22:00:00+05:30,72.255,72.255,71.99,72.145,579
2026-04-29T22:15:00+05:30,72.11,72.17,71.94,71.96,455
2026-04-29T22:30:00+05:30,71.975,72.02,71.835,71.965,409
2026-04-29T22:45:00+05:30,71.98,72.165,71.915,71.995,755
2026-04-29T23:00:00+05:30,71.995,72.07,71.96,72.015,287
2026-04-29T23:15:00+05:30,71.995,72.015,71.76,71.95,748
2026-04-29T23:30:00+05:30,71.985,72.075,71.415,71.445,1413
2026-04-29T23:45:00+05:30,71.425,71.78,71.425,71.685,642
2026-04-30T00:00:00+05:30,71.685,71.96,71.39,71.39,1454
2026-04-30T00:15:00+05:30,71.385,71.975,71.325,71.955,804
2026-04-30T00:30:00+05:30,71.965,72.315,71.9,72.29,799
2026-04-30T00:45:00+05:30,72.285,72.335,72.14,72.145,437
2026-04-30T01:00:00+05:30,72.155,72.19,71.96,72.055,404
2026-04-30T01:15:00+05:30,72.05,72.195,72.025,72.16,357
2026-04-30T01:30:00+05:30,72.17,72.24,71.82,71.86,519
2026-04-30T01:45:00+05:30,71.82,71.91,71.7,71.84,238
2026-04-30T02:00:00+05:30,71.845,71.92,71.765,71.815,189
2026-04-30T02:15:00+05:30,71.82,71.85,71.75,71.795,261
2026-04-30T03:30:00+05:30,71.8,71.93,71.655,71.86,366
2026-04-30T03:45:00+05:30,71.865,72,71.85,71.97,215
2026-04-30T04:00:00+05:30,71.96,72.04,71.89,71.92,168
2026-04-30T04:15:00+05:30,71.95,72.08,71.92,72.05,233
2026-04-30T04:30:00+05:30,72.02,72.09,72,72.065,95
2026-04-30T04:45:00+05:30,72.075,72.13,72,72.025,151
2026-04-30T05:00:00+05:30,72.035,72.21,72.035,72.17,153
2026-04-30T05:15:00+05:30,72.185,72.315,72.14,72.28,271
2026-04-30T05:30:00+05:30,72.295,72.59,72.255,72.365,881
2026-04-30T05:45:00+05:30,72.355,72.595,72.32,72.59,406
2026-04-30T06:00:00+05:30,72.6,72.675,72.52,72.59,272
2026-04-30T06:15:00+05:30,72.6,72.76,72.46,72.52,705
2026-04-30T06:30:00+05:30,72.51,73.06,72.51,73.02,1275
2026-04-30T06:45:00+05:30,73.02,73.425,72.805,73.325,978
2026-04-30T07:00:00+05:30,73.345,73.435,73.1,73.23,783
2026-04-30T07:15:00+05:30,73.22,73.445,73.12,73.355,453
2026-04-30T07:30:00+05:30,73.365,73.435,73.245,73.405,524
2026-04-30T07:45:00+05:30,73.4,73.415,73.07,73.105,560
2026-04-30T08:00:00+05:30,73.1,73.115,72.625,72.64,1402
2026-04-30T08:15:00+05:30,72.645,72.765,72.605,72.74,544
2026-04-30T08:30:00+05:30,72.72,72.91,72.645,72.745,640
2026-04-30T08:45:00+05:30,72.745,72.805,72.64,72.715,238
2026-04-30T09:00:00+05:30,72.735,72.735,72.435,72.525,498
2026-04-30T09:15:00+05:30,72.505,72.535,72.43,72.455,184
2026-04-30T09:30:00+05:30,72.46,72.55,72.365,72.52,267
2026-04-30T09:45:00+05:30,72.53,72.54,72.305,72.375,253
2026-04-30T10:00:00+05:30,72.36,72.39,72.145,72.28,412
2026-04-30T10:15:00+05:30,72.29,72.36,71.995,72.05,445
2026-04-30T10:30:00+05:30,72.04,72.435,72.025,72.36,435
2026-04-30T10:45:00+05:30,72.38,72.435,72.255,72.355,202
2026-04-30T11:00:00+05:30,72.365,72.63,72.295,72.58,613
2026-04-30T11:15:00+05:30,72.565,72.81,72.565,72.62,377
2026-04-30T11:30:00+05:30,72.65,72.8,72.58,72.68,595
2026-04-30T11:45:00+05:30,72.665,72.85,72.62,72.835,303
2026-04-30T12:00:00+05:30,72.82,73.275,72.82,73.01,1006
2026-04-30T12:15:00+05:30,73.01,73.485,73,73.415,760
2026-04-30T12:30:00+05:30,73.425,73.6,73.29,73.51,590
2026-04-30T12:45:00+05:30,73.5,73.51,73.17,73.33,535
2026-04-30T13:00:00+05:30,73.325,73.465,73.22,73.42,294
2026-04-30T13:15:00+05:30,73.425,73.75,73.41,73.58,421
2026-04-30T13:30:00+05:30,73.575,74.105,73.55,73.93,888
2026-04-30T13:45:00+05:30,73.91,73.96,73.725,73.835,340
2026-04-30T14:00:00+05:30,73.82,73.99,73.76,73.83,375
2026-04-30T14:15:00+05:30,73.855,73.915,73.785,73.805,182
2026-04-30T14:30:00+05:30,73.82,73.9,73.66,73.745,313
2026-04-30T14:45:00+05:30,73.735,73.935,73.605,73.925,361
2026-04-30T15:00:00+05:30,73.925,74.135,73.79,73.835,536
2026-04-30T15:15:00+05:30,73.855,73.95,73.78,73.91,487
2026-04-30T15:30:00+05:30,73.9,74.07,73.895,73.985,317
2026-04-30T15:45:00+05:30,73.985,74.24,73.98,74.23,418
2026-04-30T16:00:00+05:30,74.24,74.265,74.015,74.05,489
2026-04-30T16:15:00+05:30,74.06,74.16,73.975,74.155,386
2026-04-30T16:30:00+05:30,74.155,74.3,73.975,74.115,664
2026-04-30T16:45:00+05:30,74.1,74.375,74.045,74.365,490
2026-04-30T17:00:00+05:30,74.35,74.395,73.95,74.02,617
2026-04-30T17:15:00+05:30,74.01,74.13,73.935,74.02,342
2026-04-30T17:30:00+05:30,74.015,74.175,74,74.12,307
2026-04-30T17:45:00+05:30,74.135,74.295,74.065,74.245,425
2026-04-30T18:00:00+05:30,74.195,74.275,73.925,73.93,631
2026-04-30T18:15:00+05:30,73.92,74.08,73.825,73.995,537
2026-04-30T18:30:00+05:30,74.005,74.23,73.985,74.17,865
2026-04-30T18:45:00+05:30,74.18,74.23,74.02,74.13,455
2026-04-30T19:00:00+05:30,74.135,74.17,73.6,73.765,1382
2026-04-30T19:15:00+05:30,73.76,73.775,73.32,73.42,1471
2026-04-30T19:30:00+05:30,73.415,73.795,73.39,73.61,1096
2026-04-30T19:45:00+05:30,73.625,73.87,73.475,73.83,907
2026-04-30T20:00:00+05:30,73.84,73.84,73.28,73.5,967
2026-04-30T20:15:00+05:30,73.495,73.78,73.49,73.615,872
2026-04-30T20:30:00+05:30,73.62,73.81,73.475,73.655,757
2026-04-30T20:45:00+05:30,73.62,73.845,73.56,73.78,614
2026-04-30T21:00:00+05:30,73.785,73.89,73.6,73.64,569
2026-04-30T21:15:00+05:30,73.62,73.66,73.455,73.63,406
2026-04-30T21:30:00+05:30,73.62,73.705,73.485,73.59,352
2026-04-30T21:45:00+05:30,73.585,73.62,73.47,73.59,294
2026-04-30T22:00:00+05:30,73.615,73.83,73.565,73.745,476
2026-04-30T22:15:00+05:30,73.71,73.88,73.695,73.78,623
2026-04-30T22:30:00+05:30,73.785,74.115,73.78,74.025,960
2026-04-30T22:45:00+05:30,74.005,74.09,73.875,74.055,944
2026-04-30T23:00:00+05:30,74.055,74.255,74,74.015,571
2026-04-30T23:15:00+05:30,74.02,74.2,74,74.13,393
2026-04-30T23:30:00+05:30,74.135,74.32,74.125,74.205,477
2026-04-30T23:45:00+05:30,74.22,74.29,74,74.07,607
2026-05-01T00:00:00+05:30,74.075,74.165,74.02,74.05,275
2026-05-01T00:15:00+05:30,74.04,74.25,74.025,74.19,299
2026-05-01T00:30:00+05:30,74.18,74.32,74.165,74.175,394
2026-05-01T00:45:00+05:30,74.19,74.195,74.01,74.07,369
2026-05-01T01:00:00+05:30,74.07,74.23,74.01,74.21,249
2026-05-01T01:15:00+05:30,74.225,74.23,74.11,74.14,338
2026-05-01T01:30:00+05:30,74.135,74.245,74.08,74.125,291
2026-05-01T01:45:00+05:30,74.12,74.185,74.11,74.135,151
2026-05-01T02:00:00+05:30,74.12,74.155,74.095,74.125,119
2026-05-01T02:15:00+05:30,74.13,74.275,74.13,74.23,198
2026-05-01T03:30:00+05:30,74.2,75.5,74.2,74.55,813
2026-05-01T03:45:00+05:30,74.565,74.685,74.565,74.66,231
2026-05-01T04:00:00+05:30,74.685,74.69,74.55,74.69,179
2026-05-01T04:15:00+05:30,74.685,74.71,74.59,74.66,189
2026-05-01T04:30:00+05:30,74.67,74.685,74.61,74.63,156
2026-05-01T04:45:00+05:30,74.61,74.735,74.595,74.71,159
2026-05-01T05:00:00+05:30,74.715,74.975,74.71,74.89,385
2026-05-01T05:15:00+05:30,74.875,75.015,74.83,74.845,458
2026-05-01T05:30:00+05:30,74.835,75.035,74.765,74.8,386
2026-05-01T05:45:00+05:30,74.79,75.08,74.78,74.945,325
2026-05-01T06:00:00+05:30,74.935,74.935,74.705,74.76,331
2026-05-01T06:15:00+05:30,74.77,74.87,74.65,74.675,323
2026-05-01T06:30:00+05:30,74.655,74.72,74.535,74.655,323
2026-05-01T06:45:00+05:30,74.65,74.675,74.54,74.575,156
2026-05-01T07:00:00+05:30,74.595,74.745,74.585,74.65,194
2026-05-01T07:15:00+05:30,74.64,74.725,74.625,74.695,111
2026-05-01T07:30:00+05:30,74.68,75.07,74.645,74.925,384
2026-05-01T07:45:00+05:30,74.92,75.11,74.895,74.945,349
2026-05-01T08:00:00+05:30,74.96,74.985,74.69,74.725,257
2026-05-01T08:15:00+05:30,74.72,74.72,74.56,74.68,331
2026-05-01T08:30:00+05:30,74.675,74.72,74.61,74.72,152
2026-05-01T08:45:00+05:30,74.725,74.89,74.7,74.885,207
2026-05-01T09:00:00+05:30,74.895,74.99,74.75,74.795,329
2026-05-01T09:15:00+05:30,74.795,74.87,74.735,74.795,161
2026-05-01T09:30:00+05:30,74.805,74.85,74.615,74.65,187
2026-05-01T09:45:00+05:30,74.645,74.68,74.6,74.6,98
2026-05-01T10:00:00+05:30,74.61,74.61,74.32,74.4,427
2026-05-01T10:15:00+05:30,74.39,74.415,74.22,74.35,289
2026-05-01T10:30:00+05:30,74.355,74.47,74.31,74.46,188
2026-05-01T10:45:00+05:30,74.47,74.545,74.385,74.53,167
2026-05-01T11:00:00+05:30,74.515,74.55,74.4,74.405,156
2026-05-01T11:15:00+05:30,74.405,74.535,74.23,74.3,276
2026-05-01T11:30:00+05:30,74.33,74.38,74.18,74.295,291
2026-05-01T11:45:00+05:30,74.29,74.35,74.11,74.12,332
2026-05-01T12:00:00+05:30,74.115,74.19,73.83,73.965,657
2026-05-01T12:15:00+05:30,73.98,74.08,73.83,73.945,369
2026-05-01T12:30:00+05:30,73.93,74.095,73.84,74.065,399
2026-05-01T12:45:00+05:30,74.065,74.14,73.795,74.045,305
2026-05-01T13:00:00+05:30,74.04,74.04,73.79,73.86,296
2026-05-01T13:15:00+05:30,73.84,73.865,73.54,73.645,518
2026-05-01T13:30:00+05:30,73.65,73.78,73.6,73.655,266
2026-05-01T13:45:00+05:30,73.655,73.75,73.555,73.6,246
2026-05-01T14:00:00+05:30,73.58,73.68,73.55,73.635,155
2026-05-01T14:15:00+05:30,73.625,73.64,73.495,73.585,164
2026-05-01T14:30:00+05:30,73.6,73.6,73.435,73.56,246
2026-05-01T14:45:00+05:30,73.55,73.71,73.54,73.685,204
2026-05-01T15:00:00+05:30,73.675,73.79,73.67,73.725,178
2026-05-01T15:15:00+05:30,73.74,73.79,73.565,73.585,237
2026-05-01T15:30:00+05:30,73.595,73.795,73.595,73.78,149
2026-05-01T15:45:00+05:30,73.765,73.825,73.76,73.765,120
2026-05-01T16:00:00+05:30,73.765,73.82,73.735,73.805,149
2026-05-01T16:15:00+05:30,73.805,73.865,73.76,73.785,153
2026-05-01T16:30:00+05:30,73.8,73.81,73.62,73.75,290
2026-05-01T16:45:00+05:30,73.715,74.12,73.715,73.995,489
2026-05-01T17:00:00+05:30,73.98,74.1,73.95,74.045,272
2026-05-01T17:15:00+05:30,74.02,74.225,73.975,74.2,322
2026-05-01T17:30:00+05:30,74.19,74.7,74.185,74.485,958
2026-05-01T17:45:00+05:30,74.48,75.75,74.48,75.415,2243
2026-05-01T18:00:00+05:30,75.425,75.455,74.825,74.9,1420
2026-05-01T18:15:00+05:30,74.9,74.95,74.475,74.705,1314
2026-05-01T18:30:00+05:30,74.685,75.185,74.675,75.075,1174
2026-05-01T18:45:00+05:30,75.06,75.26,75.025,75.205,853
2026-05-01T19:00:00+05:30,75.205,76.195,75.11,76.185,3044
2026-05-01T19:15:00+05:30,76.185,76.925,75.865,76.78,3465
2026-05-01T19:30:00+05:30,76.84,77.39,76.755,77.335,2985
2026-05-01T19:45:00+05:30,77.35,77.51,77.02,77.05,2318
2026-05-01T20:00:00+05:30,77.065,77.07,76.355,76.37,2320
2026-05-01T20:15:00+05:30,76.365,76.48,76.19,76.275,1135
2026-05-01T20:30:00+05:30,76.255,76.28,75.8,76.145,1678
2026-05-01T20:45:00+05:30,76.16,76.43,76.14,76.24,1335
2026-05-01T21:00:00+05:30,76.265,76.875,76.265,76.64,1731
2026-05-01T21:15:00+05:30,76.65,76.845,76.385,76.62,1067
2026-05-01T21:30:00+05:30,76.63,76.69,76.455,76.565,584
2026-05-01T21:45:00+05:30,76.575,76.77,76.3,76.32,1168
2026-05-01T22:00:00+05:30,76.345,76.49,76.16,76.41,826
2026-05-01T22:15:00+05:30,76.4,76.665,76.375,76.55,445
2026-05-01T22:30:00+05:30,76.535,76.71,76.535,76.67,514
2026-05-01T22:45:00+05:30,76.68,76.685,76.36,76.48,794
2026-05-01T23:00:00+05:30,76.485,76.495,76.37,76.44,293
2026-05-01T23:15:00+05:30,76.44,76.66,76.43,76.525,392
2026-05-01T23:30:00+05:30,76.52,76.525,76.17,76.185,635
2026-05-01T23:45:00+05:30,76.185,76.47,76.165,76.46,482
2026-05-02T00:00:00+05:30,76.45,76.455,76.165,76.24,458
2026-05-02T00:15:00+05:30,76.24,76.36,76.135,76.325,289
2026-05-02T00:30:00+05:30,76.335,76.365,76.22,76.355,168
2026-05-02T00:45:00+05:30,76.355,76.415,76.26,76.26,284
2026-05-02T01:00:00+05:30,76.27,76.285,75.95,75.98,522
2026-05-02T01:15:00+05:30,75.97,76.09,75.895,75.975,474
2026-05-02T01:30:00+05:30,75.98,76.02,75.805,75.925,335
2026-05-02T01:45:00+05:30,75.925,76,75.9,75.935,215
2026-05-02T02:00:00+05:30,75.93,75.975,75.87,75.945,167
2026-05-02T02:15:00+05:30,75.93,76,75.8,75.855,400
2026-05-04T03:30:00+05:30,76.34,76.51,75.905,76.21,1002
2026-05-04T03:45:00+05:30,76.18,76.37,75.94,76.18,546
2026-05-04T04:00:00+05:30,76.18,76.445,76.15,76.44,318
2026-05-04T04:15:00+05:30,76.435,76.515,76.235,76.295,526
2026-05-04T04:30:00+05:30,76.295,76.485,76.115,76.255,649
2026-05-04T04:45:00+05:30,76.265,76.34,76.17,76.255,265
2026-05-04T05:00:00+05:30,76.25,76.4,76.185,76.265,252
2026-05-04T05:15:00+05:30,76.245,76.36,76.18,76.21,150
2026-05-04T05:30:00+05:30,76.2,76.335,75.98,76.11,741
2026-05-04T05:45:00+05:30,76.13,76.175,75.82,75.93,454
2026-05-04T06:00:00+05:30,75.94,76.045,75.9,75.965,295
2026-05-04T06:15:00+05:30,75.965,76.19,75.925,76.12,344
2026-05-04T06:30:00+05:30,76.12,76.14,75.54,75.905,1090
2026-05-04T06:45:00+05:30,75.945,76.02,75.59,75.65,539
2026-05-04T07:00:00+05:30,75.665,75.905,75.625,75.9,307
2026-05-04T07:15:00+05:30,75.885,76.295,75.865,76.24,384
2026-05-04T07:30:00+05:30,76.23,76.33,76.005,76.165,522
2026-05-04T07:45:00+05:30,76.15,76.15,75.65,75.695,407
2026-05-04T08:00:00+05:30,75.695,76.015,75.66,76.015,292
2026-05-04T08:15:00+05:30,76,76.245,75.97,76.12,437
2026-05-04T08:30:00+05:30,76.105,76.295,76.1,76.215,319
2026-05-04T08:45:00+05:30,76.235,76.26,76.155,76.18,129
2026-05-04T09:00:00+05:30,76.165,76.23,75.985,76.135,334
2026-05-04T09:15:00+05:30,76.145,76.32,76.145,76.27,433
2026-05-04T09:30:00+05:30,76.245,76.245,76.09,76.175,218
2026-05-04T09:45:00+05:30,76.165,76.23,76.065,76.075,149
2026-05-04T10:00:00+05:30,76.09,76.185,75.955,76,233
2026-05-04T10:15:00+05:30,76.01,76.035,75.86,75.885,152
2026-05-04T10:30:00+05:30,75.87,75.92,75.79,75.845,300
2026-05-04T10:45:00+05:30,75.845,76.08,75.68,75.72,486
2026-05-04T11:00:00+05:30,75.74,75.81,75.675,75.805,292
2026-05-04T11:15:00+05:30,75.815,75.83,75.58,75.785,228
2026-05-04T11:30:00+05:30,75.795,75.84,75.38,75.555,716
2026-05-04T11:45:00+05:30,75.545,75.565,75.33,75.5,375
2026-05-04T12:00:00+05:30,75.515,75.595,75.255,75.37,436
2026-05-04T12:15:00+05:30,75.34,75.49,75.28,75.41,300
2026-05-04T12:30:00+05:30,75.4,75.485,75.295,75.38,347
2026-05-04T12:45:00+05:30,75.365,75.43,75.12,75.195,462
2026-05-04T13:00:00+05:30,75.215,75.32,75.08,75.175,368
2026-05-04T13:15:00+05:30,75.165,75.235,74.91,74.93,410
2026-05-04T13:30:00+05:30,74.945,74.96,74.725,74.885,572
2026-05-04T13:45:00+05:30,74.875,74.88,74.635,74.775,332
2026-05-04T14:00:00+05:30,74.775,74.895,74.7,74.77,290
2026-05-04T14:15:00+05:30,74.76,74.95,74.755,74.835,295
2026-05-04T14:30:00+05:30,74.835,75,74.79,74.995,287
2026-05-04T14:45:00+05:30,74.985,75.04,74.925,74.955,314
2026-05-04T15:00:00+05:30,74.965,75.035,74.96,75,147
2026-05-04T15:15:00+05:30,74.99,75.05,74.755,74.775,308
2026-05-04T15:30:00+05:30,74.79,74.79,73.125,73.375,3585
2026-05-04T15:45:00+05:30,73.39,73.465,72.605,73.44,2789
2026-05-04T16:00:00+05:30,73.43,73.98,73.34,73.795,1594
2026-05-04T16:15:00+05:30,73.78,74.02,73.765,73.795,645
2026-05-04T16:30:00+05:30,73.825,74.14,73.74,73.91,770
2026-05-04T16:45:00+05:30,73.91,74.055,73.83,73.85,434
2026-05-04T17:00:00+05:30,73.83,73.88,73.45,73.605,855
2026-05-04T17:15:00+05:30,73.595,73.88,73.555,73.835,555
2026-05-04T17:30:00+05:30,73.845,74.195,73.79,74.165,620
2026-05-04T17:45:00+05:30,74.165,74.75,74.125,74.31,1373
2026-05-04T18:00:00+05:30,74.29,74.445,74.125,74.42,638
2026-05-04T18:15:00+05:30,74.4,74.5,74.165,74.2,563
2026-05-04T18:30:00+05:30,74.195,74.47,73.895,74.105,1791
2026-05-04T18:45:00+05:30,74.1,74.155,73.795,73.8,703
2026-05-04T19:00:00+05:30,73.8,74.52,73.705,74.32,1913
2026-05-04T19:15:00+05:30,74.29,74.45,74.04,74.345,1106
2026-05-04T19:30:00+05:30,74.325,74.47,74.05,74.375,1086
2026-05-04T19:45:00+05:30,74.365,75.135,74.35,74.705,1887
2026-05-04T20:00:00+05:30,74.675,75.08,74.675,74.83,845
2026-05-04T20:15:00+05:30,74.84,74.905,74.315,74.345,975
2026-05-04T20:30:00+05:30,74.34,74.475,74.135,74.18,1159
2026-05-04T20:45:00+05:30,74.15,74.515,73.06,73.8,3571
2026-05-04T21:00:00+05:30,73.815,73.915,73.555,73.85,1416
2026-05-04T21:15:00+05:30,73.835,73.84,73.03,73.36,1920
2026-05-04T21:30:00+05:30,73.35,73.595,73.025,73.19,1704
2026-05-04T21:45:00+05:30,73.195,73.765,73.125,73.52,1552
2026-05-04T22:00:00+05:30,73.505,73.625,73.34,73.37,823
2026-05-04T22:15:00+05:30,73.36,73.45,73.105,73.2,1010
2026-05-04T22:30:00+05:30,73.215,73.615,73.21,73.49,1080
2026-05-04T22:45:00+05:30,73.515,73.75,73.315,73.39,1417
2026-05-04T23:00:00+05:30,73.355,73.45,73.2,73.315,476
2026-05-04T23:15:00+05:30,73.31,73.375,73.27,73.31,279
2026-05-04T23:30:00+05:30,73.3,73.425,73.175,73.19,397
2026-05-04T23:45:00+05:30,73.18,73.19,72.905,73.1,659
2026-05-05T00:00:00+05:30,73.11,73.19,73.02,73.03,333
2026-05-05T00:15:00+05:30,73.015,73.17,72.97,73.165,521
2026-05-05T00:30:00+05:30,73.17,73.44,73.095,73.25,866
2026-05-05T00:45:00+05:30,73.26,73.48,73.23,73.37,678
2026-05-05T01:00:00+05:30,73.375,73.525,73.345,73.375,365
2026-05-05T01:15:00+05:30,73.38,73.43,73.26,73.3,456
2026-05-05T01:30:00+05:30,73.29,73.29,73.105,73.19,238
2026-05-05T01:45:00+05:30,73.17,73.18,73.1,73.145,92
2026-05-05T02:00:00+05:30,73.15,73.21,73.125,73.2,159
2026-05-05T02:15:00+05:30,73.19,73.22,73.14,73.145,198
2026-05-05T03:30:00+05:30,73.2,73.265,73.12,73.24,287
2026-05-05T03:45:00+05:30,73.245,73.3,73.215,73.235,127
2026-05-05T04:00:00+05:30,73.225,73.29,73.2,73.2,131
2026-05-05T04:15:00+05:30,73.195,73.195,72.985,73.05,268
2026-05-05T04:30:00+05:30,73.05,73.12,72.94,73.11,243
2026-05-05T04:45:00+05:30,73.11,73.15,73.07,73.12,75
2026-05-05T05:00:00+05:30,73.11,73.16,73.04,73.06,116
2026-05-05T05:15:00+05:30,73.08,73.1,72.975,73.045,164
2026-05-05T05:30:00+05:30,73.055,73.305,73.055,73.27,399
2026-05-05T05:45:00+05:30,73.255,73.255,72.82,72.915,596
2026-05-05T06:00:00+05:30,72.925,73.125,72.905,73.12,191
2026-05-05T06:15:00+05:30,73.13,73.26,73.125,73.195,310
2026-05-05T06:30:00+05:30,73.205,73.41,73.065,73.41,442
2026-05-05T06:45:00+05:30,73.395,73.44,73.2,73.265,321
2026-05-05T07:00:00+05:30,73.28,73.375,73.03,73.16,558
2026-05-05T07:15:00+05:30,73.15,73.325,73.12,73.3,223
2026-05-05T07:30:00+05:30,73.32,73.49,73.225,73.415,337
2026-05-05T07:45:00+05:30,73.42,73.51,73.335,73.475,263
2026-05-05T08:00:00+05:30,73.465,73.665,73.45,73.63,455
2026-05-05T08:15:00+05:30,73.615,73.675,73.455,73.52,396
2026-05-05T08:30:00+05:30,73.53,73.6,73.465,73.51,182
2026-05-05T08:45:00+05:30,73.545,73.555,73.185,73.265,307
2026-05-05T09:00:00+05:30,73.25,73.35,73.17,73.265,194
2026-05-05T09:15:00+05:30,73.255,73.315,73.05,73.115,191
2026-05-05T09:30:00+05:30,73.115,73.2,73.115,73.165,99
2026-05-05T09:45:00+05:30,73.14,73.25,73.125,73.2,161
2026-05-05T10:00:00+05:30,73.235,73.27,73.14,73.21,109
2026-05-05T10:15:00+05:30,73.205,73.32,73.115,73.165,145
2026-05-05T10:30:00+05:30,73.185,73.495,73.095,73.37,268
2026-05-05T10:45:00+05:30,73.34,73.465,73.25,73.44,146
2026-05-05T11:00:00+05:30,73.475,73.81,73.415,73.665,668
2026-05-05T11:15:00+05:30,73.65,73.71,73.54,73.57,199
2026-05-05T11:30:00+05:30,73.575,73.84,73.36,73.45,641
2026-05-05T11:45:00+05:30,73.475,73.475,73.05,73.23,554
2026-05-05T12:00:00+05:30,73.235,73.625,73.235,73.58,432
2026-05-05T12:15:00+05:30,73.58,73.705,73.56,73.595,265
2026-05-05T12:30:00+05:30,73.585,73.865,73.57,73.84,405
2026-05-05T12:45:00+05:30,73.82,73.965,73.765,73.785,392
2026-05-05T13:00:00+05:30,73.795,74.205,73.785,73.98,473
2026-05-05T13:15:00+05:30,73.99,74,73.715,73.795,252
2026-05-05T13:30:00+05:30,73.795,73.89,73.735,73.855,185
2026-05-05T13:45:00+05:30,73.84,73.935,73.79,73.865,173
2026-05-05T14:00:00+05:30,73.85,74.035,73.82,73.99,287
2026-05-05T14:15:00+05:30,73.995,74.235,73.98,74.18,411
2026-05-05T14:30:00+05:30,74.18,74.205,74.02,74.115,258
2026-05-05T14:45:00+05:30,74.115,74.15,73.985,74.035,220
2026-05-05T15:00:00+05:30,74.04,74.28,74.01,74.18,298
2026-05-05T15:15:00+05:30,74.19,74.24,74.065,74.18,107
2026-05-05T15:30:00+05:30,74.2,74.2,74.025,74.1,152
2026-05-05T15:45:00+05:30,74.095,74.125,73.955,73.955,125
2026-05-05T16:00:00+05:30,73.975,74.205,73.86,73.86,413
2026-05-05T16:15:00+05:30,73.88,73.94,73.815,73.85,297
2026-05-05T16:30:00+05:30,73.83,74.065,73.685,73.98,638
2026-05-05T16:45:00+05:30,73.975,74.11,73.86,74.095,329
2026-05-05T17:00:00+05:30,74.09,74.21,74.05,74.2,268
2026-05-05T17:15:00+05:30,74.2,74.24,74.025,74.16,373
2026-05-05T17:30:00+05:30,74.17,74.465,73.91,74.4,1378
2026-05-05T17:45:00+05:30,74.405,74.46,74.19,74.405,765
2026-05-05T18:00:00+05:30,74.375,74.435,73.935,74,1156
2026-05-05T18:15:00+05:30,74.02,74.04,73.795,73.885,606
2026-05-05T18:30:00+05:30,73.875,74.645,73.825,74.32,1511
2026-05-05T18:45:00+05:30,74.31,74.395,74.095,74.245,735
2026-05-05T19:00:00+05:30,74.27,74.34,73.865,73.945,1015
2026-05-05T19:15:00+05:30,73.925,74.2,73.89,74.155,801
2026-05-05T19:30:00+05:30,74.175,74.435,73.91,73.98,1473
2026-05-05T19:45:00+05:30,73.985,74.48,73.695,74.275,1970
2026-05-05T20:00:00+05:30,74.275,74.375,74.07,74.305,703
2026-05-05T20:15:00+05:30,74.27,74.31,74.055,74.21,635
2026-05-05T20:30:00+05:30,74.225,74.3,74.035,74.225,559
2026-05-05T20:45:00+05:30,74.22,74.24,74.01,74.145,553
2026-05-05T21:00:00+05:30,74.14,74.205,73.89,73.925,589
2026-05-05T21:15:00+05:30,73.945,74.08,73.915,73.945,437
2026-05-05T21:30:00+05:30,73.955,73.965,73.71,73.82,644
2026-05-05T21:45:00+05:30,73.81,73.84,73.43,73.53,963
2026-05-05T22:00:00+05:30,73.535,73.645,73.3,73.575,900
2026-05-05T22:15:00+05:30,73.58,73.7,73.52,73.565,580
2026-05-05T22:30:00+05:30,73.555,73.615,73.45,73.57,621
2026-05-05T22:45:00+05:30,73.58,73.78,73.51,73.575,771
2026-05-05T23:00:00+05:30,73.585,73.66,73.52,73.59,365
2026-05-05T23:15:00+05:30,73.605,73.68,73.5,73.53,298
2026-05-05T23:30:00+05:30,73.53,73.675,73.49,73.675,369
2026-05-05T23:45:00+05:30,73.665,73.7,73.61,73.69,198
2026-05-06T00:00:00+05:30,73.705,73.71,73.56,73.6,274
2026-05-06T00:15:00+05:30,73.6,73.675,73.39,73.41,564
2026-05-06T00:30:00+05:30,73.405,73.44,73.235,73.275,379
2026-05-06T00:45:00+05:30,73.255,73.35,73.225,73.295,220
2026-05-06T01:00:00+05:30,73.29,73.36,73.29,73.29,203
2026-05-06T01:15:00+05:30,73.3,73.385,73.225,73.285,366
2026-05-06T01:30:00+05:30,73.3,73.34,73.25,73.31,147
2026-05-06T01:45:00+05:30,73.305,73.445,73.265,73.405,264
2026-05-06T02:00:00+05:30,73.4,73.41,73.25,73.25,170
2026-05-06T02:15:00+05:30,73.25,73.29,73.2,73.275,230
2026-05-06T03:30:00+05:30,73.255,73.335,73.18,73.23,260
2026-05-06T03:45:00+05:30,73.235,73.235,73.075,73.085,328
2026-05-06T04:00:00+05:30,73.085,73.22,73.04,73.16,212
2026-05-06T04:15:00+05:30,73.16,74.04,73.1,73.685,1190
2026-05-06T04:30:00+05:30,73.7,74.445,73.6,74.405,1060
2026-05-06T04:45:00+05:30,74.39,74.545,74.195,74.205,853
2026-05-06T05:00:00+05:30,74.2,74.345,74.135,74.23,437
2026-05-06T05:15:00+05:30,74.22,74.45,74.21,74.33,409
2026-05-06T05:30:00+05:30,74.35,74.4,74.025,74.145,686
2026-05-06T05:45:00+05:30,74.12,74.445,74.045,74.345,762
2026-05-06T06:00:00+05:30,74.36,74.585,74.325,74.505,682
2026-05-06T06:15:00+05:30,74.485,74.975,74.38,74.925,1199
2026-05-06T06:30:00+05:30,74.91,75.235,74.68,74.735,1776
2026-05-06T06:45:00+05:30,74.75,75.435,74.68,75.37,1374
2026-05-06T07:00:00+05:30,75.355,75.485,75.215,75.315,1074
2026-05-06T07:15:00+05:30,75.31,75.54,75.2,75.255,843
2026-05-06T07:30:00+05:30,75.28,75.445,75.24,75.295,421
2026-05-06T07:45:00+05:30,75.315,75.395,75.175,75.225,388
2026-05-06T08:00:00+05:30,75.2,75.49,75.08,75.43,867
2026-05-06T08:15:00+05:30,75.43,75.785,75.41,75.69,1064
2026-05-06T08:30:00+05:30,75.72,76.2,75.655,76.1,1015
2026-05-06T08:45:00+05:30,76.09,76.105,75.86,75.995,616
2026-05-06T09:00:00+05:30,75.98,76.085,75.88,76.005,479
2026-05-06T09:15:00+05:30,75.995,76.05,75.915,75.99,250
2026-05-06T09:30:00+05:30,75.99,76.165,75.975,76.14,259
2026-05-06T09:45:00+05:30,76.145,76.3,76.06,76.28,418
2026-05-06T10:00:00+05:30,76.255,76.285,76.15,76.18,274
2026-05-06T10:15:00+05:30,76.185,76.26,76.105,76.105,223
2026-05-06T10:30:00+05:30,76.11,76.225,76.03,76.175,399
2026-05-06T10:45:00+05:30,76.155,76.17,76.065,76.09,253
2026-05-06T11:00:00+05:30,76.08,76.33,75.925,76.25,784
2026-05-06T11:15:00+05:30,76.265,76.49,76.235,76.44,793
2026-05-06T11:30:00+05:30,76.415,76.48,76.27,76.3,744
2026-05-06T11:45:00+05:30,76.295,76.46,76.23,76.365,447
2026-05-06T12:00:00+05:30,76.36,76.385,76.135,76.25,478
2026-05-06T12:15:00+05:30,76.26,76.4,76.23,76.385,372
2026-05-06T12:30:00+05:30,76.4,76.46,76.22,76.22,369
2026-05-06T12:45:00+05:30,76.22,76.48,76.2,76.43,349
2026-05-06T13:00:00+05:30,76.435,76.455,76.31,76.455,190
2026-05-06T13:15:00+05:30,76.46,76.835,76.445,76.825,994
2026-05-06T13:30:00+05:30,76.815,76.855,76.61,76.695,622
2026-05-06T13:45:00+05:30,76.675,76.7,76.615,76.635,208
2026-05-06T14:00:00+05:30,76.63,76.655,76.48,76.525,231
2026-05-06T14:15:00+05:30,76.535,77.725,76.535,77.46,2515
2026-05-06T14:30:00+05:30,77.45,77.655,77.14,77.35,1029
2026-05-06T14:45:00+05:30,77.355,77.49,77.29,77.385,636
2026-05-06T15:00:00+05:30,77.385,77.575,77.33,77.445,584
2026-05-06T15:15:00+05:30,77.455,77.77,77.42,77.73,595
2026-05-06T15:30:00+05:30,77.74,77.87,77.655,77.825,826
2026-05-06T15:45:00+05:30,77.815,77.95,77.785,77.865,435
2026-05-06T16:00:00+05:30,77.865,78.12,77.865,78.055,943
2026-05-06T16:15:00+05:30,78.055,78.33,77.855,78.085,1261
2026-05-06T16:30:00+05:30,78.08,78.205,77.85,78.11,1101
2026-05-06T16:45:00+05:30,78.095,78.135,77.93,77.965,873
2026-05-06T17:00:00+05:30,77.98,78.3,77.775,77.79,1078
2026-05-06T17:15:00+05:30,77.8,77.855,77.31,77.38,1397
2026-05-06T17:30:00+05:30,77.385,77.4,76.805,76.84,1917
2026-05-06T17:45:00+05:30,76.885,77.2,76.265,77.06,2539
2026-05-06T18:00:00+05:30,77.055,77.39,77.02,77.265,1144
2026-05-06T18:15:00+05:30,77.28,77.435,77.235,77.37,748
2026-05-06T18:30:00+05:30,77.36,77.75,76.92,77.41,2535
2026-05-06T18:45:00+05:30,77.41,77.58,77.25,77.41,937
2026-05-06T19:00:00+05:30,77.41,77.845,77.285,77.68,1518
2026-05-06T19:15:00+05:30,77.715,77.965,77.58,77.835,1357
2026-05-06T19:30:00+05:30,77.835,78.175,77.525,78.08,1835
2026-05-06T19:45:00+05:30,78.1,78.255,77.85,77.905,1260
2026-05-06T20:00:00+05:30,77.915,78.3,77.89,78.255,1373
2026-05-06T20:15:00+05:30,78.265,78.285,77.97,77.975,795
2026-05-06T20:30:00+05:30,77.99,78.09,77.605,77.78,1171
2026-05-06T20:45:00+05:30,77.785,77.975,77.71,77.83,615
2026-05-06T21:00:00+05:30,77.84,77.94,77.66,77.83,709
2026-05-06T21:15:00+05:30,77.81,77.89,77.53,77.54,613
2026-05-06T21:30:00+05:30,77.535,77.635,77.42,77.565,701
2026-05-06T21:45:00+05:30,77.565,77.745,77.55,77.67,496
2026-05-06T22:00:00+05:30,77.67,77.76,77.63,77.68,431
2026-05-06T22:15:00+05:30,77.665,77.695,77.25,77.36,792
2026-05-06T22:30:00+05:30,77.345,77.535,77.24,77.43,572
2026-05-06T22:45:00+05:30,77.44,77.46,77.22,77.375,839
2026-05-06T23:00:00+05:30,77.365,77.455,77.315,77.455,351
2026-05-06T23:15:00+05:30,77.475,77.64,77.415,77.625,417
2026-05-06T23:30:00+05:30,77.625,77.765,77.54,77.73,520
2026-05-06T23:45:00+05:30,77.73,77.81,77.675,77.69,363
2026-05-07T00:00:00+05:30,77.695,77.75,77.62,77.68,211
2026-05-07T00:15:00+05:30,77.67,77.71,77.565,77.565,212
2026-05-07T00:30:00+05:30,77.565,77.89,77.55,77.88,323
2026-05-07T00:45:00+05:30,77.88,78.035,77.88,78.005,392
2026-05-07T01:00:00+05:30,78,78.02,77.85,77.97,427
2026-05-07T01:15:00+05:30,77.965,78.025,77.89,77.94,439
2026-05-07T01:30:00+05:30,77.95,78.095,77.95,78.08,354
2026-05-07T01:45:00+05:30,78.09,78.1,77.995,78,264
2026-05-07T02:00:00+05:30,78.005,78.015,77.935,77.95,176
2026-05-07T02:15:00+05:30,77.94,77.96,77.75,77.845,346
2026-05-07T03:30:00+05:30,77.895,78.095,77.75,78.08,543
2026-05-07T03:45:00+05:30,78.075,78.08,77.8,77.84,271
2026-05-07T04:00:00+05:30,77.835,78.025,77.82,78,247
2026-05-07T04:15:00+05:30,77.98,77.98,77.855,77.9,127
2026-05-07T04:30:00+05:30,77.89,77.975,77.88,77.905,208
2026-05-07T04:45:00+05:30,77.91,77.96,77.85,77.895,125
2026-05-07T05:00:00+05:30,77.905,77.95,77.88,77.93,69
2026-05-07T05:15:00+05:30,77.945,78.275,77.945,78.03,756
2026-05-07T05:30:00+05:30,78.02,78.09,77.675,77.885,631
2026-05-07T05:45:00+05:30,77.88,77.925,77.68,77.71,376
2026-05-07T06:00:00+05:30,77.705,77.79,77.565,77.635,472
2026-05-07T06:15:00+05:30,77.655,77.805,77.605,77.655,385
2026-05-07T06:30:00+05:30,77.665,78.46,77.46,78.36,1619
2026-05-07T06:45:00+05:30,78.365,78.695,78.18,78.22,1357
2026-05-07T07:00:00+05:30,78.205,78.665,78.155,78.6,845
2026-05-07T07:15:00+05:30,78.615,78.81,78.535,78.585,917
2026-05-07T07:30:00+05:30,78.585,78.81,78.13,78.25,918
2026-05-07T07:45:00+05:30,78.265,78.435,78.26,78.35,344
2026-05-07T08:00:00+05:30,78.345,78.41,78.065,78.365,462
2026-05-07T08:15:00+05:30,78.375,78.535,78.32,78.405,403
2026-05-07T08:30:00+05:30,78.38,78.42,78.23,78.255,278
2026-05-07T08:45:00+05:30,78.25,78.48,78.25,78.355,234
2026-05-07T09:00:00+05:30,78.335,78.355,78.23,78.24,191
2026-05-07T09:15:00+05:30,78.245,78.26,78.08,78.1,204
2026-05-07T09:30:00+05:30,78.11,78.225,77.975,77.985,391
2026-05-07T09:45:00+05:30,78,78.17,77.98,78.115,208
2026-05-07T10:00:00+05:30,78.11,78.22,78.01,78.21,247
2026-05-07T10:15:00+05:30,78.2,78.21,78.13,78.19,117
2026-05-07T10:30:00+05:30,78.19,78.43,78.19,78.395,248
2026-05-07T10:45:00+05:30,78.385,78.395,78.07,78.18,379
2026-05-07T11:00:00+05:30,78.14,78.515,78.09,78.435,621
2026-05-07T11:15:00+05:30,78.445,78.465,78.165,78.27,313
2026-05-07T11:30:00+05:30,78.24,78.66,78.24,78.59,485
2026-05-07T11:45:00+05:30,78.575,79,78.555,78.985,780
2026-05-07T12:00:00+05:30,78.985,79.47,78.94,79.38,1166
2026-05-07T12:15:00+05:30,79.385,79.395,79.205,79.34,471
2026-05-07T12:30:00+05:30,79.32,79.95,79.175,79.895,1085
2026-05-07T12:45:00+05:30,79.9,80.02,79.735,79.815,995
2026-05-07T13:00:00+05:30,79.835,80.1,79.785,80.05,514
2026-05-07T13:15:00+05:30,80.085,80.27,79.945,80.215,643
2026-05-07T13:30:00+05:30,80.23,80.38,80.135,80.15,805
2026-05-07T13:45:00+05:30,80.165,80.275,80.045,80.235,589
2026-05-07T14:00:00+05:30,80.26,80.38,80.075,80.075,392
2026-05-07T14:15:00+05:30,80.08,80.19,80.01,80.125,459
2026-05-07T14:30:00+05:30,80.115,80.27,79.925,80.23,511
2026-05-07T14:45:00+05:30,80.245,80.295,80.165,80.27,325
2026-05-07T15:00:00+05:30,80.265,80.755,80.245,80.725,920
2026-05-07T15:15:00+05:30,80.72,80.78,80.66,80.695,692
2026-05-07T15:30:00+05:30,80.68,80.99,80.64,80.955,674
2026-05-07T15:45:00+05:30,80.97,80.97,80.73,80.81,598
2026-05-07T16:00:00+05:30,80.815,81.08,80.72,81.07,548
2026-05-07T16:15:00+05:30,81.075,81.085,80.825,80.83,472
2026-05-07T16:30:00+05:30,80.85,81.045,80.805,80.865,479
2026-05-07T16:45:00+05:30,80.86,81.3,80.8,81.185,783
2026-05-07T17:00:00+05:30,81.2,81.53,81.16,81.405,919
2026-05-07T17:15:00+05:30,81.405,81.5,81.325,81.46,650
2026-05-07T17:30:00+05:30,81.465,81.94,81.44,81.88,1361
2026-05-07T17:45:00+05:30,81.875,82.235,81.65,82.06,2855
2026-05-07T18:00:00+05:30,82.085,82.14,81.735,82.095,1314
2026-05-07T18:15:00+05:30,82.095,82.2,81.94,82.005,915
2026-05-07T18:30:00+05:30,82.005,82.005,81.35,81.4,2474
2026-05-07T18:45:00+05:30,81.41,81.835,81.395,81.53,1489
2026-05-07T19:00:00+05:30,81.54,81.86,81.39,81.77,1517
2026-05-07T19:15:00+05:30,81.8,81.915,81.41,81.805,1719
2026-05-07T19:30:00+05:30,81.84,82.375,81.74,82.33,1444
2026-05-07T19:45:00+05:30,82.33,82.39,81.815,82.24,1561
2026-05-07T20:00:00+05:30,82.255,82.475,82.19,82.33,1430
2026-05-07T20:15:00+05:30,82.335,82.675,82.33,82.55,1190
2026-05-07T20:30:00+05:30,82.545,82.555,82.065,82.1,1230
2026-05-07T20:45:00+05:30,82.09,82.16,81.48,81.605,1954
2026-05-07T21:00:00+05:30,81.62,81.865,81.52,81.535,1150
2026-05-07T21:15:00+05:30,81.54,81.565,80.905,80.975,2322
2026-05-07T21:30:00+05:30,80.97,81.05,80.33,80.4,2750
2026-05-07T21:45:00+05:30,80.395,80.72,79.905,80.575,3220
2026-05-07T22:00:00+05:30,80.54,80.6,80.22,80.325,1166
2026-05-07T22:15:00+05:30,80.34,80.55,80.265,80.395,958
2026-05-07T22:30:00+05:30,80.405,80.555,80.145,80.215,1080
2026-05-07T22:45:00+05:30,80.205,80.3,79.33,79.615,3776
2026-05-07T23:00:00+05:30,79.62,79.975,79.445,79.83,1664
2026-05-07T23:15:00+05:30,79.825,80.295,79.75,80.27,1672
2026-05-07T23:30:00+05:30,80.28,80.31,80.085,80.17,1124
2026-05-07T23:45:00+05:30,80.145,80.21,79.99,80.15,717
2026-05-08T00:00:00+05:30,80.145,80.22,79.745,79.85,1199
2026-05-08T00:15:00+05:30,79.84,79.84,79.145,79.73,1872
2026-05-08T00:30:00+05:30,79.765,79.865,79.535,79.75,696
2026-05-08T00:45:00+05:30,79.75,79.8,79.23,79.5,840
2026-05-08T01:00:00+05:30,79.54,79.87,79.5,79.81,547
2026-05-08T01:15:00+05:30,79.82,79.825,79.55,79.64,756
2026-05-08T01:30:00+05:30,79.625,80.36,79.6,80.16,1058
2026-05-08T01:45:00+05:30,80.16,80.365,80.065,80.285,332
2026-05-08T02:00:00+05:30,80.28,80.325,79.605,79.745,908
2026-05-08T02:15:00+05:30,79.715,79.815,78.865,78.875,1105
2026-05-08T03:30:00+05:30,78.95,79.41,78.625,79.2,1289
2026-05-08T03:45:00+05:30,79.22,79.42,79.14,79.345,548
2026-05-08T04:00:00+05:30,79.355,79.4,79.075,79.145,550
2026-05-08T04:15:00+05:30,79.145,79.16,78.8,79.035,541
2026-05-08T04:30:00+05:30,79.05,79.34,79.03,79.225,445
2026-05-08T04:45:00+05:30,79.235,79.62,79.235,79.55,680
2026-05-08T05:00:00+05:30,79.565,79.635,79.5,79.57,272
2026-05-08T05:15:00+05:30,79.575,79.795,79.575,79.75,485
2026-05-08T05:30:00+05:30,79.75,79.985,79.635,79.695,953
2026-05-08T05:45:00+05:30,79.69,79.69,79.305,79.37,946
2026-05-08T06:00:00+05:30,79.33,79.71,79.33,79.56,440
2026-05-08T06:15:00+05:30,79.555,79.66,79.34,79.63,696
2026-05-08T06:30:00+05:30,79.61,80.545,79.565,80.305,2375
2026-05-08T06:45:00+05:30,80.325,80.505,80.17,80.42,814
2026-05-08T07:00:00+05:30,80.4,80.58,80.115,80.275,1051
2026-05-08T07:15:00+05:30,80.28,80.755,80.28,80.47,1102
2026-05-08T07:30:00+05:30,80.495,80.7,80.41,80.45,610
2026-05-08T07:45:00+05:30,80.45,80.465,80.235,80.3,485
2026-05-08T08:00:00+05:30,80.28,80.385,79.88,80.085,1217
2026-05-08T08:15:00+05:30,80.075,80.39,80.065,80.185,628
2026-05-08T08:30:00+05:30,80.2,80.39,80.085,80.38,305
2026-05-08T08:45:00+05:30,80.395,80.475,80.25,80.335,426
2026-05-08T09:00:00+05:30,80.345,80.68,80.3,80.51,544
2026-05-08T09:15:00+05:30,80.52,80.52,80.3,80.395,362
2026-05-08T09:30:00+05:30,80.41,80.49,80.26,80.26,283
2026-05-08T09:45:00+05:30,80.26,80.375,80.22,80.35,207
2026-05-08T10:00:00+05:30,80.36,80.385,79.815,80.055,672
2026-05-08T10:15:00+05:30,80.055,80.27,79.975,80.12,270
2026-05-08T10:30:00+05:30,80.145,80.31,80.135,80.23,252
2026-05-08T10:45:00+05:30,80.235,80.475,80.175,80.44,402
2026-05-08T11:00:00+05:30,80.43,80.925,80.43,80.735,1272
2026-05-08T11:15:00+05:30,80.77,81.07,80.645,80.97,849
2026-05-08T11:30:00+05:30,80.99,81.26,80.595,80.94,1356
2026-05-08T11:45:00+05:30,80.93,81.22,80.86,81.18,928
2026-05-08T12:00:00+05:30,81.22,81.22,80.94,81.055,652
2026-05-08T12:15:00+05:30,81.005,81.025,80.79,80.845,477
2026-05-08T12:30:00+05:30,80.82,80.88,80.465,80.48,559
2026-05-08T12:45:00+05:30,80.46,80.595,79.87,80.195,1134
2026-05-08T13:00:00+05:30,80.155,80.33,79.91,80.33,596
2026-05-08T13:15:00+05:30,80.36,80.53,80.275,80.415,474
2026-05-08T13:30:00+05:30,80.43,80.565,80.34,80.54,329
2026-05-08T13:45:00+05:30,80.55,80.875,80.54,80.8,548
2026-05-08T14:00:00+05:30,80.8,80.885,80.635,80.635,362
2026-05-08T14:15:00+05:30,80.66,80.775,80.625,80.685,182
2026-05-08T14:30:00+05:30,80.685,80.91,80.59,80.845,329
2026-05-08T14:45:00+05:30,80.855,81.14,80.815,81.01,559
2026-05-08T15:00:00+05:30,81.02,81.025,80.74,80.9,459
2026-05-08T15:15:00+05:30,80.895,80.91,80.56,80.745,558
2026-05-08T15:30:00+05:30,80.735,80.91,80.735,80.855,374
2026-05-08T15:45:00+05:30,80.87,81.255,80.87,81.095,558
2026-05-08T16:00:00+05:30,81.085,81.405,81.085,81.295,505
2026-05-08T16:15:00+05:30,81.27,81.33,80.92,81.16,660
2026-05-08T16:30:00+05:30,81.185,81.335,81.02,81.13,729
2026-05-08T16:45:00+05:30,81.125,81.205,81.08,81.145,264
2026-05-08T17:00:00+05:30,81.155,81.3,81.05,81.185,362
2026-05-08T17:15:00+05:30,81.17,81.31,81.02,81.29,538
2026-05-08T17:30:00+05:30,81.3,81.395,80.98,81.07,1011
2026-05-08T17:45:00+05:30,81.08,81.255,80.9,81.165,765
2026-05-08T18:00:00+05:30,81.095,82.015,80.935,81.775,3330
2026-05-08T18:15:00+05:30,81.8,82.08,81.6,81.73,1880
2026-05-08T18:30:00+05:30,81.72,81.84,81.1,81.18,2260
2026-05-08T18:45:00+05:30,81.165,81.655,81.135,81.555,1165
2026-05-08T19:00:00+05:30,81.555,82.165,81.505,81.815,2518
2026-05-08T19:15:00+05:30,81.82,82.1,81.7,82.085,1070
2026-05-08T19:30:00+05:30,82.07,82.14,81.045,81.52,2556
2026-05-08T19:45:00+05:30,81.515,81.645,81.15,81.155,1355
2026-05-08T20:00:00+05:30,81.16,81.53,81.02,81.47,1037
2026-05-08T20:15:00+05:30,81.47,81.495,81.11,81.185,649
2026-05-08T20:30:00+05:30,81.15,81.39,80.655,80.745,1421
2026-05-08T20:45:00+05:30,80.745,80.905,80.545,80.905,1224
2026-05-08T21:00:00+05:30,80.91,80.985,80.435,80.55,1305
2026-05-08T21:15:00+05:30,80.54,80.69,80.43,80.465,589
2026-05-08T21:30:00+05:30,80.45,80.74,80.43,80.7,646
2026-05-08T21:45:00+05:30,80.73,81.04,80.73,81.025,656
2026-05-08T22:00:00+05:30,81.035,81.08,80.86,80.9,527
2026-05-08T22:15:00+05:30,80.9,80.955,80.6,80.64,524
2026-05-08T22:30:00+05:30,80.625,80.745,80.565,80.61,562
2026-05-08T22:45:00+05:30,80.61,80.96,80.61,80.925,860
2026-05-08T23:00:00+05:30,80.92,81.05,80.865,80.93,459
2026-05-08T23:15:00+05:30,80.935,81.025,80.89,80.9,368
2026-05-08T23:30:00+05:30,80.93,81.44,80.9,81.38,1059
2026-05-08T23:45:00+05:30,81.395,81.42,81.08,81.2,920
2026-05-09T00:00:00+05:30,81.17,81.195,81.045,81.065,303
2026-05-09T00:15:00+05:30,81.04,81.11,80.945,81.005,396
2026-05-09T00:30:00+05:30,81.005,81.15,80.955,80.975,350
2026-05-09T00:45:00+05:30,80.97,81.14,80.955,81.075,684
2026-05-09T01:00:00+05:30,81.055,81.275,81,81.275,427
2026-05-09T01:15:00+05:30,81.27,81.315,81.11,81.195,629
2026-05-09T01:30:00+05:30,81.19,81.195,80.86,80.945,404
2026-05-09T01:45:00+05:30,80.91,80.955,80.82,80.875,230
2026-05-09T02:00:00+05:30,80.865,80.965,80.835,80.89,180
2026-05-09T02:15:00+05:30,80.905,80.93,80.805,80.845,271
2026-05-11T03:30:00+05:30,80.185,80.35,79.55,79.99,1075
2026-05-11T03:45:00+05:30,79.99,80.225,79.76,80.21,528
2026-05-11T04:00:00+05:30,80.2,80.35,80.095,80.31,473
2026-05-11T04:15:00+05:30,80.3,80.53,80.275,80.445,451
2026-05-11T04:30:00+05:30,80.445,80.67,80.415,80.565,627
2026-05-11T04:45:00+05:30,80.565,80.8,80.535,80.705,489
2026-05-11T05:00:00+05:30,80.7,80.815,80.66,80.7,299
2026-05-11T05:15:00+05:30,80.685,80.735,80.41,80.495,542
2026-05-11T05:30:00+05:30,80.47,80.65,80.33,80.45,797
2026-05-11T05:45:00+05:30,80.465,80.7,80.285,80.59,674
2026-05-11T06:00:00+05:30,80.59,81.035,80.55,80.765,944
2026-05-11T06:15:00+05:30,80.76,80.81,80.07,80.54,1569
2026-05-11T06:30:00+05:30,80.52,80.89,80.04,80.475,2384
2026-05-11T06:45:00+05:30,80.44,81.28,80.41,81.155,1471
2026-05-11T07:00:00+05:30,81.18,81.305,80.965,81.22,1205
2026-05-11T07:15:00+05:30,81.25,81.41,81,81.31,1361
2026-05-11T07:30:00+05:30,81.34,81.775,81.21,81.5,1719
2026-05-11T07:45:00+05:30,81.51,81.635,81.395,81.635,401
2026-05-11T08:00:00+05:30,81.65,82.22,81.645,81.87,1523
2026-05-11T08:15:00+05:30,81.875,82.005,81.465,81.535,1023
2026-05-11T08:30:00+05:30,81.51,81.705,81.285,81.605,631
2026-05-11T08:45:00+05:30,81.605,81.605,81.38,81.555,515
2026-05-11T09:00:00+05:30,81.575,81.58,81.145,81.3,801
2026-05-11T09:15:00+05:30,81.285,81.36,81.12,81.2,306
2026-05-11T09:30:00+05:30,81.225,81.235,81.065,81.075,395
2026-05-11T09:45:00+05:30,81.09,81.155,80.885,80.975,582
2026-05-11T10:00:00+05:30,80.975,80.975,80.76,80.93,486
2026-05-11T10:15:00+05:30,80.945,81.045,80.83,80.84,288
2026-05-11T10:30:00+05:30,80.86,81.08,80.775,80.875,406
2026-05-11T10:45:00+05:30,80.89,80.95,80.7,80.725,370
2026-05-11T11:00:00+05:30,80.72,81.215,80.535,80.57,1490
2026-05-11T11:15:00+05:30,80.58,80.715,80.275,80.44,983
2026-05-11T11:30:00+05:30,80.45,80.875,80.37,80.82,732
2026-05-11T11:45:00+05:30,80.81,80.985,80.785,80.975,583
2026-05-11T12:00:00+05:30,80.98,81.14,80.93,81.045,504
2026-05-11T12:15:00+05:30,81.025,81.28,81,81.16,615
2026-05-11T12:30:00+05:30,81.185,81.24,80.93,80.98,434
2026-05-11T12:45:00+05:30,80.975,81.145,80.93,81.065,246
2026-05-11T13:00:00+05:30,81.055,81.125,80.875,80.945,303
2026-05-11T13:15:00+05:30,80.93,80.93,80.705,80.845,260
2026-05-11T13:30:00+05:30,80.85,81.08,80.755,81.015,385
2026-05-11T13:45:00+05:30,81.02,81.24,80.955,80.955,400
2026-05-11T14:00:00+05:30,80.95,81.09,80.925,80.96,151
2026-05-11T14:15:00+05:30,80.975,80.975,80.83,80.83,192
2026-05-11T14:30:00+05:30,80.81,80.87,80.695,80.845,217
2026-05-11T14:45:00+05:30,80.855,80.88,80.65,80.7,207
2026-05-11T15:00:00+05:30,80.68,80.88,80.57,80.875,382
2026-05-11T15:15:00+05:30,80.865,80.95,80.665,80.69,243
2026-05-11T15:30:00+05:30,80.675,80.84,80.67,80.81,196
2026-05-11T15:45:00+05:30,80.82,81.01,80.775,80.955,254
2026-05-11T16:00:00+05:30,80.95,81.13,80.9,81.035,340
2026-05-11T16:15:00+05:30,81.05,81.13,80.92,80.95,270
2026-05-11T16:30:00+05:30,80.945,81.09,80.92,81.02,491
2026-05-11T16:45:00+05:30,81.03,81.21,80.97,81.2,295
2026-05-11T17:00:00+05:30,81.21,81.98,81.145,81.8,1277
2026-05-11T17:15:00+05:30,81.79,81.945,81.425,81.945,1013
2026-05-11T17:30:00+05:30,81.945,82.105,81.675,81.735,1537
2026-05-11T17:45:00+05:30,81.72,83.745,81.705,83.64,5757
2026-05-11T18:00:00+05:30,83.62,84.01,83.5,83.525,3394
2026-05-11T18:15:00+05:30,83.515,84.66,83.475,84.45,4063
2026-05-11T18:30:00+05:30,84.46,85.94,84.31,85.86,6025
2026-05-11T18:45:00+05:30,85.865,86.135,85.585,85.975,3551
2026-05-11T19:00:00+05:30,85.99,86.685,85.795,86.6,3404
2026-05-11T19:15:00+05:30,86.61,86.635,86.205,86.39,2666
2026-05-11T19:30:00+05:30,86.375,86.405,85.16,85.92,5395
2026-05-11T19:45:00+05:30,85.91,85.94,85.385,85.405,1660
2026-05-11T20:00:00+05:30,85.42,85.815,84.96,85.74,2663
2026-05-11T20:15:00+05:30,85.735,85.81,85.5,85.69,1158
2026-05-11T20:30:00+05:30,85.685,86.205,85.62,86.025,1794
2026-05-11T20:45:00+05:30,86.02,86.635,85.935,86.43,1709
2026-05-11T21:00:00+05:30,86.445,86.735,86.33,86.49,1679
2026-05-11T21:15:00+05:30,86.47,86.8,86.35,86.735,1320
2026-05-11T21:30:00+05:30,86.74,86.805,86.35,86.415,919
2026-05-11T21:45:00+05:30,86.415,86.44,86.22,86.3,946
2026-05-11T22:00:00+05:30,86.28,86.415,85.775,85.87,1329
2026-05-11T22:15:00+05:30,85.85,86.035,85.74,85.94,931
2026-05-11T22:30:00+05:30,85.97,86.045,85.76,85.795,643
2026-05-11T22:45:00+05:30,85.795,86.19,85.735,86.13,1393
2026-05-11T23:00:00+05:30,86.125,86.37,86.125,86.305,613
2026-05-11T23:15:00+05:30,86.3,86.375,86.23,86.36,444
2026-05-11T23:30:00+05:30,86.39,86.59,86.275,86.34,756
2026-05-11T23:45:00+05:30,86.34,86.61,86.23,86.575,794
2026-05-12T00:00:00+05:30,86.57,86.69,86.545,86.605,468
2026-05-12T00:15:00+05:30,86.61,86.85,86.525,86.535,786
2026-05-12T00:30:00+05:30,86.545,86.865,86.53,86.7,1022
2026-05-12T00:45:00+05:30,86.7,86.775,86.64,86.72,479
2026-05-12T01:00:00+05:30,86.71,86.8,86.505,86.74,992
2026-05-12T01:15:00+05:30,86.755,86.9,86.75,86.855,939
2026-05-12T01:30:00+05:30,86.86,86.87,86.34,86.58,927
2026-05-12T01:45:00+05:30,86.555,86.735,86.525,86.715,238
2026-05-12T02:00:00+05:30,86.725,86.935,86.705,86.895,335
2026-05-12T02:15:00+05:30,86.895,86.98,86.74,86.825,567
2026-05-12T03:30:00+05:30,86.955,87.11,86.91,87.015,782
2026-05-12T03:45:00+05:30,86.995,87.225,86.965,87.115,390
2026-05-12T04:00:00+05:30,87.11,87.54,87.07,87.525,1040
2026-05-12T04:15:00+05:30,87.535,87.795,87.5,87.665,1130
2026-05-12T04:30:00+05:30,87.685,87.925,86.82,87.16,2469
2026-05-12T04:45:00+05:30,87.165,87.5,87.165,87.385,860
2026-05-12T05:00:00+05:30,87.385,88.015,87.355,87.635,1555
2026-05-12T05:15:00+05:30,87.655,87.975,87.505,87.92,671
2026-05-12T05:30:00+05:30,87.915,87.915,87.18,87.495,1341
2026-05-12T05:45:00+05:30,87.5,87.785,87,87.325,969
2026-05-12T06:00:00+05:30,87.33,87.375,87.05,87.085,607
2026-05-12T06:15:00+05:30,87.1,87.235,86.725,86.76,1270
2026-05-12T06:30:00+05:30,86.75,87.66,86.58,87.52,2781
2026-05-12T06:45:00+05:30,87.53,87.78,87.05,87.065,1716
2026-05-12T07:00:00+05:30,87.06,87.35,86.18,86.81,2686
2026-05-12T07:15:00+05:30,86.785,86.89,86.57,86.73,1181
2026-05-12T07:30:00+05:30,86.745,87.175,86.72,86.96,1115
2026-05-12T07:45:00+05:30,86.955,87.015,86.6,86.745,580
2026-05-12T08:00:00+05:30,86.73,86.93,86.205,86.675,1086
2026-05-12T08:15:00+05:30,86.68,87.15,86.575,86.96,818
2026-05-12T08:30:00+05:30,87,87.11,86.785,86.97,713
2026-05-12T08:45:00+05:30,86.955,86.985,86.615,86.7,517
2026-05-12T09:00:00+05:30,86.705,87.125,86.7,86.94,653
2026-05-12T09:15:00+05:30,86.955,86.955,86.575,86.8,552
2026-05-12T09:30:00+05:30,86.81,87.005,86.745,86.93,318
2026-05-12T09:45:00+05:30,86.935,87.185,86.765,86.835,682
2026-05-12T10:00:00+05:30,86.83,87.01,86.785,86.915,332
2026-05-12T10:15:00+05:30,86.935,86.97,86.565,86.7,399
2026-05-12T10:30:00+05:30,86.665,86.905,86.31,86.435,740
2026-05-12T10:45:00+05:30,86.43,86.535,86.315,86.5,390
2026-05-12T11:00:00+05:30,86.5,86.85,86.185,86.3,1195
2026-05-12T11:15:00+05:30,86.33,86.425,85.87,86.195,1179
2026-05-12T11:30:00+05:30,86.205,86.215,85.44,85.55,1596
2026-05-12T11:45:00+05:30,85.54,85.82,85.34,85.38,929
2026-05-12T12:00:00+05:30,85.385,85.555,85.045,85.16,1377
2026-05-12T12:15:00+05:30,85.145,85.355,84.44,84.89,2374
2026-05-12T12:30:00+05:30,84.885,84.965,84.16,84.81,2191
2026-05-12T12:45:00+05:30,84.815,85.055,84.68,84.9,962
2026-05-12T13:00:00+05:30,84.92,85.075,84.725,84.955,589
2026-05-12T13:15:00+05:30,84.955,85.405,84.815,85.155,1806
2026-05-12T13:30:00+05:30,85.17,85.425,84.755,84.875,1033
2026-05-12T13:45:00+05:30,84.86,85.115,84.76,84.97,497
2026-05-12T14:00:00+05:30,84.97,85.015,84.625,84.865,515
2026-05-12T14:15:00+05:30,84.825,85.1,84.775,84.985,455
2026-05-12T14:30:00+05:30,84.985,85.015,84.735,84.74,387
2026-05-12T14:45:00+05:30,84.73,84.84,84.545,84.675,521
2026-05-12T15:00:00+05:30,84.68,85.095,84.68,84.72,759
2026-05-12T15:15:00+05:30,84.725,84.885,84.535,84.675,458
2026-05-12T15:30:00+05:30,84.695,85.135,84.675,85.085,615
2026-05-12T15:45:00+05:30,85.09,85.09,84.68,84.73,612
2026-05-12T16:00:00+05:30,84.72,84.72,84.29,84.4,1106
2026-05-12T16:15:00+05:30,84.4,84.485,84.265,84.45,478
2026-05-12T16:30:00+05:30,84.465,84.68,83.84,84.125,2080
2026-05-12T16:45:00+05:30,84.145,84.37,83.995,84.37,728
2026-05-12T17:00:00+05:30,84.35,84.73,84.335,84.665,864
2026-05-12T17:15:00+05:30,84.65,84.91,84.545,84.85,729
2026-05-12T17:30:00+05:30,84.855,84.895,84.225,84.35,1174
2026-05-12T17:45:00+05:30,84.355,84.77,84.28,84.65,1530
2026-05-12T18:00:00+05:30,84.685,85.23,84.055,85.03,2928
2026-05-12T18:15:00+05:30,85.02,85.57,85.02,85.225,2159
2026-05-12T18:30:00+05:30,85.205,85.665,84.975,85.115,2522
2026-05-12T18:45:00+05:30,85.105,85.255,84.66,85.215,2474
2026-05-12T19:00:00+05:30,85.195,86.035,85.15,85.925,2985
2026-05-12T19:15:00+05:30,85.92,86.065,85.13,85.18,1986
2026-05-12T19:30:00+05:30,85.17,86.14,85,86.04,2336
2026-05-12T19:45:00+05:30,86.055,86.065,85.595,85.705,1617
2026-05-12T20:00:00+05:30,85.7,85.8,85.205,85.67,2026
2026-05-12T20:15:00+05:30,85.645,85.66,84.825,85.015,2209
2026-05-12T20:30:00+05:30,85.005,85.145,84.715,84.715,1698
2026-05-12T20:45:00+05:30,84.715,84.77,83.655,84.285,3714
2026-05-12T21:00:00+05:30,84.285,84.84,84.175,84.745,1854
2026-05-12T21:15:00+05:30,84.765,84.89,84.61,84.795,857
2026-05-12T21:30:00+05:30,84.805,85.205,84.7,85.13,1130
2026-05-12T21:45:00+05:30,85.125,85.21,84.94,85.02,989
2026-05-12T22:00:00+05:30,85.035,85.18,84.905,84.975,752
2026-05-12T22:15:00+05:30,84.99,85.355,84.785,85.285,854
2026-05-12T22:30:00+05:30,85.285,85.685,85.285,85.585,1071
2026-05-12T22:45:00+05:30,85.575,85.765,85.49,85.59,1172
2026-05-12T23:00:00+05:30,85.585,85.945,85.5,85.94,716
2026-05-12T23:15:00+05:30,85.92,85.97,85.69,85.725,716
2026-05-12T23:30:00+05:30,85.72,85.925,85.535,85.69,935
2026-05-12T23:45:00+05:30,85.695,86.12,85.66,86.05,860
2026-05-13T00:00:00+05:30,86.025,86.62,86.025,86.57,1319
2026-05-13T00:15:00+05:30,86.56,86.865,86.375,86.73,1071
2026-05-13T00:30:00+05:30,86.755,87.145,86.755,86.975,1062
2026-05-13T00:45:00+05:30,86.99,87.025,86.645,86.91,1202
2026-05-13T01:00:00+05:30,86.94,87.28,86.92,87.23,989
2026-05-13T01:15:00+05:30,87.22,87.47,87.19,87.37,890
2026-05-13T01:30:00+05:30,87.375,87.465,87.19,87.295,543
2026-05-13T01:45:00+05:30,87.3,87.395,87.18,87.23,252
2026-05-13T02:00:00+05:30,87.225,87.27,87.13,87.23,249
2026-05-13T02:15:00+05:30,87.25,87.26,87.11,87.225,295
2026-05-13T03:30:00+05:30,87.33,87.58,87.255,87.44,620
2026-05-13T03:45:00+05:30,87.445,87.645,87.445,87.59,584
2026-05-13T04:00:00+05:30,87.6,87.63,87.495,87.535,306
2026-05-13T04:15:00+05:30,87.525,87.74,87.46,87.47,422
2026-05-13T04:30:00+05:30,87.46,87.595,87.41,87.415,332
2026-05-13T04:45:00+05:30,87.415,87.57,87.325,87.53,437
2026-05-13T05:00:00+05:30,87.5,87.79,87.495,87.775,681
2026-05-13T05:15:00+05:30,87.77,88.035,87.605,87.89,1149
2026-05-13T05:30:00+05:30,87.875,88.3,87.7,87.95,1824
2026-05-13T05:45:00+05:30,87.925,88.31,87.9,88.235,1192
2026-05-13T06:00:00+05:30,88.245,88.45,88.04,88.225,1159
2026-05-13T06:15:00+05:30,88.215,88.27,87.915,87.955,1460
2026-05-13T06:30:00+05:30,87.965,88.59,87.695,88.295,3691
2026-05-13T06:45:00+05:30,88.3,88.38,87.545,87.575,1546
2026-05-13T07:00:00+05:30,87.53,87.92,87.305,87.85,1817
2026-05-13T07:15:00+05:30,87.87,88.04,87.45,87.535,921
2026-05-13T07:30:00+05:30,87.51,87.975,87.485,87.63,1020
2026-05-13T07:45:00+05:30,87.62,87.825,87.55,87.675,534
2026-05-13T08:00:00+05:30,87.68,87.71,87.31,87.355,916
2026-05-13T08:15:00+05:30,87.355,87.39,86.705,86.895,2268
2026-05-13T08:30:00+05:30,86.905,87.13,86.775,87.12,875
2026-05-13T08:45:00+05:30,87.115,87.38,87.015,87.27,1005
2026-05-13T09:00:00+05:30,87.275,87.705,87.265,87.6,802
2026-05-13T09:15:00+05:30,87.595,87.71,87.24,87.35,807
2026-05-13T09:30:00+05:30,87.335,87.515,87.335,87.39,408
2026-05-13T09:45:00+05:30,87.41,87.485,87.34,87.365,292
2026-05-13T10:00:00+05:30,87.345,87.46,87.095,87.14,561
2026-05-13T10:15:00+05:30,87.135,87.28,87.05,87.1,365
2026-05-13T10:30:00+05:30,87.08,87.45,87.01,87.33,496
2026-05-13T10:45:00+05:30,87.32,87.32,86.825,86.835,724
2026-05-13T11:00:00+05:30,86.83,86.945,86.335,86.695,1839
2026-05-13T11:15:00+05:30,86.72,87.165,86.665,87.135,633
2026-05-13T11:30:00+05:30,87.15,87.42,87.015,87.41,827
2026-05-13T11:45:00+05:30,87.415,87.655,87.275,87.295,913
2026-05-13T12:00:00+05:30,87.275,87.58,87.275,87.525,548
2026-05-13T12:15:00+05:30,87.53,87.56,87.19,87.335,575
2026-05-13T12:30:00+05:30,87.34,87.505,87.2,87.385,626
2026-05-13T12:45:00+05:30,87.385,87.67,87.375,87.5,669
2026-05-13T13:00:00+05:30,87.485,87.505,87.265,87.33,386
2026-05-13T13:15:00+05:30,87.35,87.405,87.02,87.24,528
2026-05-13T13:30:00+05:30,87.23,87.305,87.08,87.2,407
2026-05-13T13:45:00+05:30,87.2,87.25,86.9,87.005,605
2026-05-13T14:00:00+05:30,87.01,87.225,86.96,87,413
2026-05-13T14:15:00+05:30,87.03,87.27,86.92,87.175,407
2026-05-13T14:30:00+05:30,87.17,87.235,86.96,86.97,308
2026-05-13T14:45:00+05:30,86.975,87.185,86.875,87.07,601
2026-05-13T15:00:00+05:30,87.07,87.325,86.99,87.305,457
2026-05-13T15:15:00+05:30,87.31,87.62,87.265,87.53,571
2026-05-13T15:30:00+05:30,87.53,88.23,87.525,87.84,1442
2026-05-13T15:45:00+05:30,87.835,87.99,87.545,87.655,767
2026-05-13T16:00:00+05:30,87.65,87.715,87.45,87.54,742
2026-05-13T16:15:00+05:30,87.54,87.595,87.34,87.415,366
2026-05-13T16:30:00+05:30,87.42,87.89,87.33,87.89,909
2026-05-13T16:45:00+05:30,87.835,87.87,87.535,87.795,668
2026-05-13T17:00:00+05:30,87.77,88.31,87.76,88.17,1446
2026-05-13T17:15:00+05:30,88.18,88.385,87.815,87.86,1079
2026-05-13T17:30:00+05:30,87.845,88.07,87.72,87.82,811
2026-05-13T17:45:00+05:30,87.815,87.815,87.045,87.49,2025
2026-05-13T18:00:00+05:30,87.5,87.515,86.685,87.095,3572
2026-05-13T18:15:00+05:30,87.08,87.265,86.765,87.095,1668
2026-05-13T18:30:00+05:30,87.1,87.7,87.085,87.66,2062
2026-05-13T18:45:00+05:30,87.67,87.825,87.565,87.635,1214
2026-05-13T19:00:00+05:30,87.625,88.085,87.22,87.805,2817
2026-05-13T19:15:00+05:30,87.8,87.945,87.235,87.815,2445
2026-05-13T19:30:00+05:30,87.8,88.3,87.56,88.195,2070
2026-05-13T19:45:00+05:30,88.21,88.495,87.835,88.43,1818
2026-05-13T20:00:00+05:30,88.42,88.965,88.39,88.685,2980
2026-05-13T20:15:00+05:30,88.69,88.99,88.46,88.59,1702
2026-05-13T20:30:00+05:30,88.605,89.385,88.53,89.09,2103
2026-05-13T20:45:00+05:30,89.08,89.205,88.98,89.125,1182
2026-05-13T21:00:00+05:30,89.11,89.465,88.93,89.37,1750
2026-05-13T21:15:00+05:30,89.36,89.57,89.3,89.56,1142
2026-05-13T21:30:00+05:30,89.555,89.97,89.51,89.935,2106
2026-05-13T21:45:00+05:30,89.925,90.125,89.68,90.055,2319
2026-05-13T22:00:00+05:30,90.055,90.095,89.585,89.685,1854
2026-05-13T22:15:00+05:30,89.685,89.845,89.325,89.35,1636
2026-05-13T22:30:00+05:30,89.365,89.84,89.34,89.795,1102
2026-05-13T22:45:00+05:30,89.79,89.845,89.14,89.205,1973
2026-05-13T23:00:00+05:30,89.225,89.235,88.61,88.635,2257
2026-05-13T23:15:00+05:30,88.655,88.82,88.51,88.595,1223
2026-05-13T23:30:00+05:30,88.575,89,88.52,88.93,1177
2026-05-13T23:45:00+05:30,88.93,88.98,88.63,88.875,1062
2026-05-14T00:00:00+05:30,88.875,88.93,88.365,88.41,1404
2026-05-14T00:15:00+05:30,88.435,88.53,87.945,88.245,1908
2026-05-14T00:30:00+05:30,88.25,88.605,88.22,88.605,568
2026-05-14T00:45:00+05:30,88.6,88.635,88.4,88.47,564
2026-05-14T01:00:00+05:30,88.475,88.505,88.305,88.435,461
2026-05-14T01:15:00+05:30,88.425,88.48,88.265,88.32,645
2026-05-14T01:30:00+05:30,88.315,88.35,88.145,88.275,589
2026-05-14T01:45:00+05:30,88.28,88.45,88.255,88.315,365
2026-05-14T02:00:00+05:30,88.3,88.36,88.105,88.24,341
2026-05-14T02:15:00+05:30,88.245,88.27,88.075,88.135,459
2026-05-14T03:30:00+05:30,88.245,88.39,88.15,88.315,471
2026-05-14T03:45:00+05:30,88.32,88.565,88.305,88.475,524
2026-05-14T04:00:00+05:30,88.475,88.64,88.41,88.615,302
2026-05-14T04:15:00+05:30,88.615,88.615,88.47,88.52,367
2026-05-14T04:30:00+05:30,88.525,88.61,88.385,88.57,551
2026-05-14T04:45:00+05:30,88.56,88.575,88.24,88.365,500
2026-05-14T05:00:00+05:30,88.345,88.46,88.275,88.3,383
2026-05-14T05:15:00+05:30,88.295,88.425,88.105,88.405,609
2026-05-14T05:30:00+05:30,88.4,88.555,88.05,88.475,1444
2026-05-14T05:45:00+05:30,88.475,88.68,88.125,88.215,832
2026-05-14T06:00:00+05:30,88.24,88.39,88.01,88.39,519
2026-05-14T06:15:00+05:30,88.37,88.835,88.265,88.76,1554
2026-05-14T06:30:00+05:30,88.76,89.2,87.67,87.88,4217
2026-05-14T06:45:00+05:30,87.87,88.37,87.7,88.245,1682
2026-05-14T07:00:00+05:30,88.2,88.275,87.76,88.02,1005
2026-05-14T07:15:00+05:30,88.045,88.35,87.64,87.91,1324
2026-05-14T07:30:00+05:30,87.955,88.085,87.645,87.79,834
2026-05-14T07:45:00+05:30,87.76,88.125,87.71,88.065,615
2026-05-14T08:00:00+05:30,88.08,88.38,87.725,87.935,1059
2026-05-14T08:15:00+05:30,87.92,88.015,87.375,87.625,1564
2026-05-14T08:30:00+05:30,87.67,87.93,87.18,87.265,1433
2026-05-14T08:45:00+05:30,87.3,87.69,87.12,87.675,1050
2026-05-14T09:00:00+05:30,87.68,87.735,86.955,87.115,1228
2026-05-14T09:15:00+05:30,87.13,87.24,86.91,86.965,738
2026-05-14T09:30:00+05:30,86.96,87.27,86.81,87.23,758
2026-05-14T09:45:00+05:30,87.23,87.87,87.225,87.65,885
2026-05-14T10:00:00+05:30,87.665,87.915,87.58,87.685,852
2026-05-14T10:15:00+05:30,87.685,87.78,87.475,87.485,579
2026-05-14T10:30:00+05:30,87.5,87.78,87.435,87.475,446
2026-05-14T10:45:00+05:30,87.47,87.65,87.41,87.505,389
2026-05-14T11:00:00+05:30,87.46,87.91,87.415,87.875,820
2026-05-14T11:15:00+05:30,87.88,88.075,87.505,87.505,659
2026-05-14T11:30:00+05:30,87.525,87.865,87.475,87.65,498
2026-05-14T11:45:00+05:30,87.67,87.815,87.555,87.7,323
2026-05-14T12:00:00+05:30,87.675,87.865,87.535,87.835,399
2026-05-14T12:15:00+05:30,87.825,87.99,87.525,87.73,528
2026-05-14T12:30:00+05:30,87.705,87.75,87.21,87.325,750
2026-05-14T12:45:00+05:30,87.33,87.925,87.255,87.845,662
2026-05-14T13:00:00+05:30,87.86,88.16,87.655,87.945,804
2026-05-14T13:15:00+05:30,87.925,87.98,87.52,87.585,537
2026-05-14T13:30:00+05:30,87.57,87.895,87.515,87.88,412
2026-05-14T13:45:00+05:30,87.9,88.055,87.82,88.035,340
2026-05-14T14:00:00+05:30,88.025,88.15,87.665,87.715,369
2026-05-14T14:15:00+05:30,87.73,87.76,87.575,87.575,238
2026-05-14T14:30:00+05:30,87.575,87.82,87.47,87.66,480
2026-05-14T14:45:00+05:30,87.645,87.775,87.56,87.585,211
2026-05-14T15:00:00+05:30,87.555,87.865,87.22,87.755,784
2026-05-14T15:15:00+05:30,87.775,88.045,87.72,87.74,662
2026-05-14T15:30:00+05:30,87.75,87.845,87.455,87.565,759
2026-05-14T15:45:00+05:30,87.56,87.64,87.365,87.49,553
2026-05-14T16:00:00+05:30,87.485,87.565,87.365,87.435,397
2026-05-14T16:15:00+05:30,87.455,87.775,87.4,87.72,682
2026-05-14T16:30:00+05:30,87.705,87.83,87.26,87.545,821
2026-05-14T16:45:00+05:30,87.55,87.55,87.035,87.115,624
2026-05-14T17:00:00+05:30,87.13,87.44,87.03,87.35,473
2026-05-14T17:15:00+05:30,87.33,87.62,87.275,87.285,576
2026-05-14T17:30:00+05:30,87.265,87.59,87.22,87.48,777
2026-05-14T17:45:00+05:30,87.485,87.63,87.13,87.175,958
2026-05-14T18:00:00+05:30,87.185,87.275,86.79,86.805,2156
2026-05-14T18:15:00+05:30,86.79,87.235,86.675,87.13,1439
2026-05-14T18:30:00+05:30,87.125,87.33,86.48,86.865,3105
2026-05-14T18:45:00+05:30,86.845,86.89,85.82,85.935,3572
2026-05-14T19:00:00+05:30,85.94,85.95,84.645,85.03,4808
2026-05-14T19:15:00+05:30,85.02,85.415,84.365,84.48,2826
2026-05-14T19:30:00+05:30,84.47,85.17,84.365,85.13,2655
2026-05-14T19:45:00+05:30,85.115,85.61,85.04,85.23,2128
2026-05-14T20:00:00+05:30,85.235,85.545,85.16,85.355,1063
2026-05-14T20:15:00+05:30,85.355,85.525,85.005,85.015,1342
2026-05-14T20:30:00+05:30,85.015,85.41,84.935,85.34,1158
2026-05-14T20:45:00+05:30,85.305,85.765,85.205,85.67,1220
2026-05-14T21:00:00+05:30,85.64,85.81,85.465,85.55,842
2026-05-14T21:15:00+05:30,85.58,85.63,85.32,85.44,668
2026-05-14T21:30:00+05:30,85.44,85.545,85.12,85.345,993
2026-05-14T21:45:00+05:30,85.345,85.54,85.16,85.22,573
2026-05-14T22:00:00+05:30,85.215,85.26,84.84,85.14,871
2026-05-14T22:15:00+05:30,85.145,85.34,85.05,85.285,564
2026-05-14T22:30:00+05:30,85.295,85.465,85.115,85.17,853
2026-05-14T22:45:00+05:30,85.155,85.41,85.115,85.305,840
2026-05-14T23:00:00+05:30,85.33,85.49,85.22,85.48,429
2026-05-14T23:15:00+05:30,85.485,85.49,85.335,85.345,330
2026-05-14T23:30:00+05:30,85.335,85.34,84.885,85.195,1057
2026-05-14T23:45:00+05:30,85.18,85.27,85.075,85.075,242
2026-05-15T00:00:00+05:30,85.08,85.15,84.88,84.895,373
2026-05-15T00:15:00+05:30,84.91,85.03,84.7,85.02,651
2026-05-15T00:30:00+05:30,85.03,85.03,84.6,84.675,589
2026-05-15T00:45:00+05:30,84.675,84.8,84.56,84.575,760
2026-05-15T01:00:00+05:30,84.575,84.655,84.015,84.08,1522
2026-05-15T01:15:00+05:30,84.06,84.265,83.865,84.02,1278
2026-05-15T01:30:00+05:30,84.045,84.215,83.8,83.805,678
2026-05-15T01:45:00+05:30,83.815,83.895,83.745,83.835,336
2026-05-15T02:00:00+05:30,83.815,84.07,83.61,84.01,657
2026-05-15T02:15:00+05:30,84.005,84.095,83.985,83.995,267
2026-05-15T03:30:00+05:30,84.075,84.25,83.86,84.095,440
2026-05-15T03:45:00+05:30,84.11,84.15,84.04,84.15,271
2026-05-15T04:00:00+05:30,84.145,84.39,84.125,84.39,432
2026-05-15T04:15:00+05:30,84.38,84.385,84.155,84.275,282
2026-05-15T04:30:00+05:30,84.285,84.35,84.085,84.1,266
2026-05-15T04:45:00+05:30,84.1,84.31,83.905,84.3,666
2026-05-15T05:00:00+05:30,84.295,84.34,83.3,84.165,1282
2026-05-15T05:15:00+05:30,84.155,84.19,83.66,83.985,961
2026-05-15T05:30:00+05:30,84,84.06,83.6,83.775,1077
2026-05-15T05:45:00+05:30,83.795,84.19,83.37,83.41,1417
2026-05-15T06:00:00+05:30,83.44,83.44,82.41,82.75,3389
2026-05-15T06:15:00+05:30,82.75,83.025,82.25,82.965,2909
2026-05-15T06:30:00+05:30,82.965,83.03,81.595,81.925,5281
2026-05-15T06:45:00+05:30,81.925,82.09,81.43,81.465,2492
2026-05-15T07:00:00+05:30,81.455,82.06,81.41,82.045,2099
2026-05-15T07:15:00+05:30,82.05,82.085,81.03,81.2,2217
2026-05-15T07:30:00+05:30,81.24,81.64,81.075,81.51,1526
2026-05-15T07:45:00+05:30,81.44,81.66,81.31,81.53,663
2026-05-15T08:00:00+05:30,81.49,81.72,81.385,81.7,924
2026-05-15T08:15:00+05:30,81.705,82.1,81.56,81.83,1245
2026-05-15T08:30:00+05:30,81.835,82.095,81.765,81.83,784
2026-05-15T08:45:00+05:30,81.825,81.84,81.355,81.415,782
2026-05-15T09:00:00+05:30,81.445,81.835,81.245,81.635,942
2026-05-15T09:15:00+05:30,81.645,81.86,81.475,81.825,451
2026-05-15T09:30:00+05:30,81.815,81.95,81.685,81.925,342
2026-05-15T09:45:00+05:30,81.925,81.95,81.535,81.81,584
2026-05-15T10:00:00+05:30,81.755,81.865,81.38,81.43,381
2026-05-15T10:15:00+05:30,81.43,81.635,81.325,81.39,506
2026-05-15T10:30:00+05:30,81.385,81.4,80.635,80.82,1691
2026-05-15T10:45:00+05:30,80.805,80.955,80.415,80.625,1441
2026-05-15T11:00:00+05:30,80.63,80.67,78.2,78.56,6593
2026-05-15T11:15:00+05:30,78.57,78.93,78.085,78.355,2825
2026-05-15T11:30:00+05:30,78.345,78.79,77.96,78.775,3018
2026-05-15T11:45:00+05:30,78.795,79.185,78.675,78.775,2144
2026-05-15T12:00:00+05:30,78.77,79.105,78.72,78.895,971
2026-05-15T12:15:00+05:30,78.915,79.13,78.61,78.755,950
2026-05-15T12:30:00+05:30,78.765,79.67,78.52,79.65,1772
2026-05-15T12:45:00+05:30,79.64,79.79,79.385,79.635,1547
2026-05-15T13:00:00+05:30,79.625,79.645,79.33,79.545,880
2026-05-15T13:15:00+05:30,79.545,79.58,79.19,79.35,738
2026-05-15T13:30:00+05:30,79.355,79.425,78.74,78.995,1617
2026-05-15T13:45:00+05:30,79.005,79.005,78.425,78.565,1485
2026-05-15T14:00:00+05:30,78.565,79.115,78.28,79.115,1572
2026-05-15T14:15:00+05:30,79.1,79.16,78.5,78.625,952
2026-05-15T14:30:00+05:30,78.62,78.945,78.225,78.39,1117
2026-05-15T14:45:00+05:30,78.395,78.46,77.715,78.385,1568
2026-05-15T15:00:00+05:30,78.395,78.485,77.78,77.865,1503
2026-05-15T15:15:00+05:30,77.86,78.015,77.215,77.875,2204
2026-05-15T15:30:00+05:30,77.875,78.59,77.8,78.535,1171
2026-05-15T15:45:00+05:30,78.55,79.13,78.46,78.87,1347
2026-05-15T16:00:00+05:30,78.885,79.105,78.645,79.105,969
2026-05-15T16:15:00+05:30,79.05,79.55,79.01,79.33,1959
2026-05-15T16:30:00+05:30,79.32,79.485,79.075,79.16,946
2026-05-15T16:45:00+05:30,79.19,79.37,78.9,79.02,738
2026-05-15T17:00:00+05:30,79.035,79.04,78.67,78.755,595
2026-05-15T17:15:00+05:30,78.735,79.045,78.715,78.79,743
2026-05-15T17:30:00+05:30,78.76,78.76,78.415,78.475,1018
2026-05-15T17:45:00+05:30,78.45,79.045,78.43,78.765,1325
2026-05-15T18:00:00+05:30,78.745,78.86,77.925,77.985,1751
2026-05-15T18:15:00+05:30,77.96,78.145,77.6,77.64,2113
2026-05-15T18:30:00+05:30,77.62,77.74,76.825,77.295,4117
2026-05-15T18:45:00+05:30,77.285,77.765,76.98,77.475,1743
2026-05-15T19:00:00+05:30,77.495,77.54,76.39,76.425,3462
2026-05-15T19:15:00+05:30,76.415,77.19,76.175,76.845,3167
2026-05-15T19:30:00+05:30,76.84,77.225,76.43,77.075,2259
2026-05-15T19:45:00+05:30,77.07,77.51,76.735,77.31,2554
2026-05-15T20:00:00+05:30,77.3,77.44,76.825,76.965,1586
2026-05-15T20:15:00+05:30,76.95,77.32,76.57,77.23,1654
2026-05-15T20:30:00+05:30,77.25,77.355,76.8,76.94,1229
2026-05-15T20:45:00+05:30,76.92,77.01,76.64,76.82,1114
2026-05-15T21:00:00+05:30,76.82,77.015,76.67,76.895,964
2026-05-15T21:15:00+05:30,76.915,76.935,76.395,76.635,1117
2026-05-15T21:30:00+05:30,76.62,76.74,76.275,76.425,997
2026-05-15T21:45:00+05:30,76.425,76.86,76.37,76.685,830
2026-05-15T22:00:00+05:30,76.7,76.865,76.685,76.785,802
2026-05-15T22:15:00+05:30,76.785,76.845,76.535,76.69,703
2026-05-15T22:30:00+05:30,76.67,77.135,76.59,77.105,1430
2026-05-15T22:45:00+05:30,77.135,77.79,77.045,77.58,1548
2026-05-15T23:00:00+05:30,77.55,77.8,77.43,77.655,690
2026-05-15T23:15:00+05:30,77.66,77.705,77.345,77.505,629
2026-05-15T23:30:00+05:30,77.52,77.59,77.37,77.565,545
2026-05-15T23:45:00+05:30,77.555,77.625,77.235,77.4,638
2026-05-16T00:00:00+05:30,77.405,77.41,77.105,77.29,492
2026-05-16T00:15:00+05:30,77.275,77.44,77.18,77.32,375
2026-05-16T00:30:00+05:30,77.335,77.355,76.89,76.935,600
2026-05-16T00:45:00+05:30,76.93,77.06,76.79,76.9,415
2026-05-16T01:00:00+05:30,76.925,77.07,76.855,76.86,350
2026-05-16T01:15:00+05:30,76.885,76.9,76.645,76.665,646
2026-05-16T01:30:00+05:30,76.66,76.66,76.09,76.235,996
2026-05-16T01:45:00+05:30,76.25,76.35,76.09,76.33,492
2026-05-16T02:00:00+05:30,76.345,76.47,76.345,76.395,265
2026-05-16T02:15:00+05:30,76.37,76.46,76.215,76.28,447
2026-05-18T03:30:00+05:30,76.235,76.885,75.5,76.64,1082
2026-05-18T03:45:00+05:30,76.67,76.78,76.325,76.625,611
2026-05-18T04:00:00+05:30,76.62,77.19,76.62,77.015,970
2026-05-18T04:15:00+05:30,76.985,77.245,76.95,77.145,617
2026-05-18T04:30:00+05:30,77.13,77.195,76.78,76.955,580
2026-05-18T04:45:00+05:30,76.975,76.975,76.49,76.53,675
2026-05-18T05:00:00+05:30,76.5,76.97,76.37,76.94,847
2026-05-18T05:15:00+05:30,76.9,77.26,76.49,76.96,882
2026-05-18T05:30:00+05:30,76.97,77.24,76.5,76.62,1268
2026-05-18T05:45:00+05:30,76.625,76.68,75.235,75.405,2381
2026-05-18T06:00:00+05:30,75.42,75.6,74.325,74.38,2901
2026-05-18T06:15:00+05:30,74.385,75.82,74.3,75.71,3171
2026-05-18T06:30:00+05:30,75.735,75.74,74.35,74.38,3312
2026-05-18T06:45:00+05:30,74.385,74.775,74.13,74.45,1686
2026-05-18T07:00:00+05:30,74.4,74.97,74.35,74.95,1168
2026-05-18T07:15:00+05:30,74.96,75.83,74.85,75.16,1582
2026-05-18T07:30:00+05:30,75.165,75.52,74.895,75.375,1119
2026-05-18T07:45:00+05:30,75.38,75.68,75.25,75.425,861
2026-05-18T08:00:00+05:30,75.405,75.745,75.2,75.495,871
2026-05-18T08:15:00+05:30,75.495,75.805,75.19,75.285,725
2026-05-18T08:30:00+05:30,75.295,75.505,75,75.135,716
2026-05-18T08:45:00+05:30,75.15,75.445,75.015,75.235,753
2026-05-18T09:00:00+05:30,75.265,75.385,74.66,75.35,1211
2026-05-18T09:15:00+05:30,75.345,75.575,75.2,75.54,745
2026-05-18T09:30:00+05:30,75.54,76.005,75.535,75.895,994
2026-05-18T09:45:00+05:30,75.9,76.005,75.35,75.49,790
2026-05-18T10:00:00+05:30,75.5,75.885,75.5,75.725,383
2026-05-18T10:15:00+05:30,75.695,75.72,75.395,75.675,400
2026-05-18T10:30:00+05:30,75.71,75.85,75.49,75.61,513
2026-05-18T10:45:00+05:30,75.57,75.92,75.415,75.785,646
2026-05-18T11:00:00+05:30,75.81,75.95,75.515,75.625,702
2026-05-18T11:15:00+05:30,75.61,75.745,75.16,75.195,637
2026-05-18T11:30:00+05:30,75.19,75.525,75.13,75.42,718
2026-05-18T11:45:00+05:30,75.42,75.825,75.35,75.55,642
2026-05-18T12:00:00+05:30,75.57,75.895,75.43,75.815,646
2026-05-18T12:15:00+05:30,75.835,76.535,75.795,76.485,1309
2026-05-18T12:30:00+05:30,76.515,76.585,76.04,76.09,1067
2026-05-18T12:45:00+05:30,76.085,76.39,75.925,76.38,699
2026-05-18T13:00:00+05:30,76.38,76.66,76.25,76.25,932
2026-05-18T13:15:00+05:30,76.24,76.415,76.14,76.3,463
2026-05-18T13:30:00+05:30,76.29,76.46,76.135,76.3,411
2026-05-18T13:45:00+05:30,76.28,76.55,76.155,76.395,440
2026-05-18T14:00:00+05:30,76.45,76.655,76.33,76.35,613
2026-05-18T14:15:00+05:30,76.375,76.7,76.35,76.525,397
2026-05-18T14:30:00+05:30,76.525,76.58,76.2,76.36,478
2026-05-18T14:45:00+05:30,76.335,76.455,76.155,76.215,427
2026-05-18T15:00:00+05:30,76.235,76.28,76.025,76.155,448
2026-05-18T15:15:00+05:30,76.1,76.22,75.94,76.17,372
2026-05-18T15:30:00+05:30,76.18,76.265,75.9,76.12,456
2026-05-18T15:45:00+05:30,76.11,76.185,75.96,76.03,240
2026-05-18T16:00:00+05:30,76.03,76.265,75.76,76.265,473
2026-05-18T16:15:00+05:30,76.275,76.53,76.075,76.095,595
2026-05-18T16:30:00+05:30,76.095,76.22,75.73,76.22,782
2026-05-18T16:45:00+05:30,76.225,76.34,76.015,76.075,396
2026-05-18T17:00:00+05:30,76.04,77.48,76.035,77.33,1928
2026-05-18T17:15:00+05:30,77.305,77.34,76.76,76.79,1092
2026-05-18T17:30:00+05:30,76.8,76.99,76.65,76.955,917
2026-05-18T17:45:00+05:30,76.975,77.335,76.685,77.145,1106
2026-05-18T18:00:00+05:30,77.145,77.79,77.085,77.79,1786
2026-05-18T18:15:00+05:30,77.785,77.945,77.355,77.855,1847
2026-05-18T18:30:00+05:30,77.865,78.18,77.615,77.95,2758
2026-05-18T18:45:00+05:30,77.935,78.22,77.77,78.045,1036
2026-05-18T19:00:00+05:30,78.06,78.415,77.86,77.975,2290
2026-05-18T19:15:00+05:30,77.965,78.625,77.855,78.255,1867
2026-05-18T19:30:00+05:30,78.26,78.305,77.535,77.63,2335
2026-05-18T19:45:00+05:30,77.655,77.86,77.2,77.51,1821
2026-05-18T20:00:00+05:30,77.495,77.56,76.665,76.98,1831
2026-05-18T20:15:00+05:30,76.975,77.145,76.575,77.045,1170
2026-05-18T20:30:00+05:30,77.07,77.165,76.47,76.94,1833
2026-05-18T20:45:00+05:30,76.91,77.055,76.66,76.67,762
2026-05-18T21:00:00+05:30,76.655,77.195,76.63,77.005,907
2026-05-18T21:15:00+05:30,77.02,77.295,76.99,77.23,853
2026-05-18T21:30:00+05:30,77.24,77.34,76.955,77.29,876
2026-05-18T21:45:00+05:30,77.29,77.405,76.65,76.77,1098
2026-05-18T22:00:00+05:30,76.795,77.32,76.685,77.035,883
2026-05-18T22:15:00+05:30,77.015,77.485,77.005,77.305,737
2026-05-18T22:30:00+05:30,77.3,77.575,77.21,77.48,730
2026-05-18T22:45:00+05:30,77.47,77.61,77.345,77.395,753
2026-05-18T23:00:00+05:30,77.415,77.47,77.325,77.42,329
2026-05-18T23:15:00+05:30,77.41,77.45,77.27,77.325,267
2026-05-18T23:30:00+05:30,77.33,77.35,77.14,77.18,440
2026-05-18T23:45:00+05:30,77.185,77.23,76.985,77.21,654
2026-05-19T00:00:00+05:30,77.225,77.25,77.1,77.195,242
2026-05-19T00:15:00+05:30,77.185,77.27,76.815,76.91,476
2026-05-19T00:30:00+05:30,76.93,78.035,76.87,77.69,1888
2026-05-19T00:45:00+05:30,77.69,77.72,77.275,77.415,555
2026-05-19T01:00:00+05:30,77.43,77.795,77.365,77.725,523
2026-05-19T01:15:00+05:30,77.73,77.915,77.71,77.74,485
2026-05-19T01:30:00+05:30,77.765,77.91,77.715,77.9,255
2026-05-19T01:45:00+05:30,77.895,78.1,77.895,77.965,338
2026-05-19T02:00:00+05:30,77.99,78.01,77.855,78,183
2026-05-19T02:15:00+05:30,77.985,78.175,77.915,78.11,306
2026-05-19T03:30:00+05:30,78.14,78.475,78.06,78.41,748
2026-05-19T03:45:00+05:30,78.46,78.5,78.32,78.47,355
2026-05-19T04:00:00+05:30,78.465,78.73,78.44,78.685,480
2026-05-19T04:15:00+05:30,78.68,78.7,78.535,78.655,231
2026-05-19T04:30:00+05:30,78.685,79.355,78.685,79.28,1115
2026-05-19T04:45:00+05:30,79.285,79.305,79.07,79.165,354
2026-05-19T05:00:00+05:30,79.17,79.425,79.035,79.325,571
2026-05-19T05:15:00+05:30,79.34,79.35,79.035,79.18,280
2026-05-19T05:30:00+05:30,79.18,79.395,78.855,79.01,910
2026-05-19T05:45:00+05:30,78.99,79.245,78.79,78.925,851
2026-05-19T06:00:00+05:30,78.915,79.06,78.645,78.67,596
2026-05-19T06:15:00+05:30,78.67,78.715,77.95,77.995,1708
2026-05-19T06:30:00+05:30,77.97,78.26,77.665,77.965,2221
2026-05-19T06:45:00+05:30,77.98,78.09,77.465,77.63,1174
2026-05-19T07:00:00+05:30,77.61,78.105,77.33,78.005,1100
2026-05-19T07:15:00+05:30,78.02,78.05,77.575,77.58,808
2026-05-19T07:30:00+05:30,77.59,77.635,77,77.165,1330
2026-05-19T07:45:00+05:30,77.12,77.26,76.935,77.08,872
2026-05-19T08:00:00+05:30,77.065,77.16,76.66,76.94,1015
2026-05-19T08:15:00+05:30,76.9,77.025,76.575,76.77,820
2026-05-19T08:30:00+05:30,76.765,76.95,76.53,76.93,778
2026-05-19T08:45:00+05:30,76.945,77.09,76.74,76.925,551
2026-05-19T09:00:00+05:30,76.92,76.99,76.71,76.74,427
2026-05-19T09:15:00+05:30,76.74,76.885,76.575,76.61,360
2026-05-19T09:30:00+05:30,76.58,76.605,76.405,76.54,601
2026-05-19T09:45:00+05:30,76.53,76.665,76.35,76.45,412
2026-05-19T10:00:00+05:30,76.46,76.615,76.355,76.485,321
2026-05-19T10:15:00+05:30,76.51,76.665,76.475,76.64,248
2026-05-19T10:30:00+05:30,76.655,76.825,76.53,76.715,527
2026-05-19T10:45:00+05:30,76.715,76.745,76.19,76.485,1024
2026-05-19T11:00:00+05:30,76.535,76.56,76.07,76.335,1283
2026-05-19T11:15:00+05:30,76.315,76.845,76.125,76.685,1101
2026-05-19T11:30:00+05:30,76.72,76.94,76.445,76.84,732
2026-05-19T11:45:00+05:30,76.84,77.08,76.745,76.75,784
2026-05-19T12:00:00+05:30,76.73,76.9,76.655,76.87,530
2026-05-19T12:15:00+05:30,76.885,76.885,76.465,76.735,537
2026-05-19T12:30:00+05:30,76.73,76.73,76.27,76.46,722
2026-05-19T12:45:00+05:30,76.475,76.485,76.19,76.405,502
2026-05-19T13:00:00+05:30,76.445,76.49,76.14,76.195,467
2026-05-19T13:15:00+05:30,76.195,76.885,76.185,76.865,683
2026-05-19T13:30:00+05:30,76.88,76.975,76.34,76.475,645
2026-05-19T13:45:00+05:30,76.49,76.51,76.215,76.355,462
2026-05-19T14:00:00+05:30,76.335,76.575,76.305,76.545,351
2026-05-19T14:15:00+05:30,76.535,76.635,76.37,76.37,288
2026-05-19T14:30:00+05:30,76.35,76.37,75.84,76.08,859
2026-05-19T14:45:00+05:30,76.09,76.405,75.925,76.115,628
2026-05-19T15:00:00+05:30,76.12,76.21,75.885,75.965,438
2026-05-19T15:15:00+05:30,75.96,76.26,75.96,76.19,258
2026-05-19T15:30:00+05:30,76.175,76.38,76.065,76.255,344
2026-05-19T15:45:00+05:30,76.265,76.325,76.13,76.27,170
2026-05-19T16:00:00+05:30,76.295,76.425,75.81,75.915,733
2026-05-19T16:15:00+05:30,75.94,76.48,75.835,76.48,770
2026-05-19T16:30:00+05:30,76.48,76.675,76.3,76.46,733
2026-05-19T16:45:00+05:30,76.43,76.525,76.265,76.4,260
2026-05-19T17:00:00+05:30,76.37,76.455,76.21,76.39,281
2026-05-19T17:15:00+05:30,76.365,76.4,76.11,76.115,330
2026-05-19T17:30:00+05:30,76.125,76.55,76.02,76.47,624
2026-05-19T17:45:00+05:30,76.47,76.69,76.24,76.6,690
2026-05-19T18:00:00+05:30,76.59,76.76,76.42,76.445,926
2026-05-19T18:15:00+05:30,76.475,76.56,76.355,76.415,572
2026-05-19T18:30:00+05:30,76.42,76.42,75.645,75.995,1777
2026-05-19T18:45:00+05:30,75.99,76.06,73.835,74.005,4302
2026-05-19T19:00:00+05:30,74,74.11,73.36,73.785,4805
2026-05-19T19:15:00+05:30,73.785,74.94,73.755,74.715,3107
2026-05-19T19:30:00+05:30,74.71,75.23,74.5,74.565,2462
2026-05-19T19:45:00+05:30,74.565,74.77,74.24,74.555,1914
2026-05-19T20:00:00+05:30,74.56,74.7,74.205,74.445,1527
2026-05-19T20:15:00+05:30,74.43,74.46,73.965,74.395,1197
2026-05-19T20:30:00+05:30,74.4,74.55,74.08,74.435,1021
2026-05-19T20:45:00+05:30,74.445,74.775,74.405,74.625,1036
2026-05-19T21:00:00+05:30,74.58,74.88,74.565,74.69,876
2026-05-19T21:15:00+05:30,74.7,74.875,74.515,74.785,590
2026-05-19T21:30:00+05:30,74.83,75,74.58,74.655,662
2026-05-19T21:45:00+05:30,74.66,74.94,74.545,74.905,600
2026-05-19T22:00:00+05:30,74.9,75.075,74.835,74.91,776
2026-05-19T22:15:00+05:30,74.935,75.05,74.89,74.99,385
2026-05-19T22:30:00+05:30,74.99,75.225,74.975,75.215,561
2026-05-19T22:45:00+05:30,75.2,75.28,74.99,75.04,898
2026-05-19T23:00:00+05:30,75.015,75.08,74.815,74.885,683
2026-05-19T23:15:00+05:30,74.885,74.91,74.75,74.83,474
2026-05-19T23:30:00+05:30,74.84,74.905,74.79,74.835,321
2026-05-19T23:45:00+05:30,74.825,74.84,74.42,74.6,919
2026-05-20T00:00:00+05:30,74.56,74.805,74.445,74.765,432
2026-05-20T00:15:00+05:30,74.75,74.785,74.37,74.475,427
2026-05-20T00:30:00+05:30,74.47,74.6,74.44,74.485,363
2026-05-20T00:45:00+05:30,74.5,74.51,74.25,74.33,648
2026-05-20T01:00:00+05:30,74.335,74.59,74.305,74.465,639
2026-05-20T01:15:00+05:30,74.48,74.48,74.14,74.24,580
2026-05-20T01:30:00+05:30,74.245,74.245,74.01,74.165,523
2026-05-20T01:45:00+05:30,74.175,74.23,74.065,74.205,148
2026-05-20T02:00:00+05:30,74.2,74.22,74.095,74.11,170
2026-05-20T02:15:00+05:30,74.1,74.1,73.92,73.975,426
2026-05-20T03:30:00+05:30,74.22,74.385,74.04,74.225,315
2026-05-20T03:45:00+05:30,74.205,74.22,74.055,74.185,191
2026-05-20T04:00:00+05:30,74.16,74.445,74.16,74.235,223
2026-05-20T04:15:00+05:30,74.22,74.335,74.13,74.31,238
2026-05-20T04:30:00+05:30,74.29,74.485,74.21,74.43,243
2026-05-20T04:45:00+05:30,74.43,74.475,74.375,74.415,144
2026-05-20T05:00:00+05:30,74.435,74.72,74.43,74.64,486
2026-05-20T05:15:00+05:30,74.625,74.705,74.365,74.495,343
2026-05-20T05:30:00+05:30,74.485,74.57,74.17,74.35,825
2026-05-20T05:45:00+05:30,74.345,74.74,74.145,74.725,850
2026-05-20T06:00:00+05:30,74.71,74.915,74.605,74.725,683
2026-05-20T06:15:00+05:30,74.695,74.945,74.68,74.93,626
2026-05-20T06:30:00+05:30,74.93,75.23,74.26,74.585,1965
2026-05-20T06:45:00+05:30,74.595,74.85,73.905,73.93,1179
2026-05-20T07:00:00+05:30,73.935,74.215,73.69,73.975,1670
2026-05-20T07:15:00+05:30,73.995,74.69,73.87,74.51,1457
2026-05-20T07:30:00+05:30,74.52,74.665,74.085,74.285,683
2026-05-20T07:45:00+05:30,74.28,74.49,74.135,74.31,422
2026-05-20T08:00:00+05:30,74.315,74.37,73.4,73.51,1598
2026-05-20T08:15:00+05:30,73.5,73.775,73.48,73.75,686
2026-05-20T08:30:00+05:30,73.745,73.77,73.425,73.725,734
2026-05-20T08:45:00+05:30,73.735,74.085,73.715,74.025,573
2026-05-20T09:00:00+05:30,74.015,74.185,73.92,74.13,662
2026-05-20T09:15:00+05:30,74.115,74.12,73.79,73.835,517
2026-05-20T09:30:00+05:30,73.83,74.185,73.83,74.075,396
2026-05-20T09:45:00+05:30,74.05,74.08,73.795,73.89,259
2026-05-20T10:00:00+05:30,73.93,73.96,73.72,73.895,359
2026-05-20T10:15:00+05:30,73.91,73.92,73.76,73.85,181
2026-05-20T10:30:00+05:30,73.87,74.37,73.87,74.17,630
2026-05-20T10:45:00+05:30,74.175,74.4,74.075,74.125,390
2026-05-20T11:00:00+05:30,74.13,74.865,74.11,74.545,1451
2026-05-20T11:15:00+05:30,74.515,74.65,74.3,74.545,473
2026-05-20T11:30:00+05:30,74.525,74.855,74.445,74.855,661
2026-05-20T11:45:00+05:30,74.86,75.215,74.855,75.005,1088
2026-05-20T12:00:00+05:30,75.01,75.07,74.735,75.05,770
2026-05-20T12:15:00+05:30,75.075,75.755,75.015,75.515,1541
2026-05-20T12:30:00+05:30,75.505,75.76,75.345,75.475,753
2026-05-20T12:45:00+05:30,75.455,75.51,75.26,75.43,523
2026-05-20T13:00:00+05:30,75.42,75.47,75.135,75.3,498
2026-05-20T13:15:00+05:30,75.335,75.365,75.17,75.29,278
2026-05-20T13:30:00+05:30,75.27,75.5,75.2,75.405,474
2026-05-20T13:45:00+05:30,75.405,75.745,75.35,75.745,532
2026-05-20T14:00:00+05:30,75.75,75.88,75.47,75.72,670
2026-05-20T14:15:00+05:30,75.725,75.895,75.655,75.655,516
2026-05-20T14:30:00+05:30,75.65,75.75,75.455,75.465,464
2026-05-20T14:45:00+05:30,75.46,75.65,75.435,75.535,283
2026-05-20T15:00:00+05:30,75.59,75.83,75.575,75.69,506
2026-05-20T15:15:00+05:30,75.69,75.92,75.63,75.745,450
2026-05-20T15:30:00+05:30,75.735,75.93,75.685,75.715,350
2026-05-20T15:45:00+05:30,75.715,75.865,75.675,75.715,341
2026-05-20T16:00:00+05:30,75.71,76.005,75.7,75.965,538
2026-05-20T16:15:00+05:30,75.96,76.03,75.895,76.02,371
2026-05-20T16:30:00+05:30,76.025,76.135,75.93,75.96,638
2026-05-20T16:45:00+05:30,75.955,76.095,75.795,76.055,467
2026-05-20T17:00:00+05:30,76.07,76.135,75.89,76,456
2026-05-20T17:15:00+05:30,76,76.125,75.9,76.075,550
2026-05-20T17:30:00+05:30,76.055,76.125,75.76,75.8,598
2026-05-20T17:45:00+05:30,75.79,76.02,75.715,75.81,858
2026-05-20T18:00:00+05:30,75.81,76.055,75.78,75.9,799
2026-05-20T18:15:00+05:30,75.905,76.04,75.76,75.83,649
2026-05-20T18:30:00+05:30,75.835,76.16,75.34,75.715,2258
2026-05-20T18:45:00+05:30,75.71,75.725,75.235,75.245,1078
2026-05-20T19:00:00+05:30,75.235,75.47,74.95,75.31,2041
2026-05-20T19:15:00+05:30,75.305,75.49,74.995,75.15,1240
2026-05-20T19:30:00+05:30,75.155,75.275,74.73,75.09,1855
2026-05-20T19:45:00+05:30,75.115,76.29,75.115,76.215,4657
2026-05-20T20:00:00+05:30,76.215,76.99,76.2,76.395,4011
2026-05-20T20:15:00+05:30,76.4,76.78,76.26,76.435,1860
2026-05-20T20:30:00+05:30,76.44,76.64,75.92,76,1180
2026-05-20T20:45:00+05:30,76.01,76.9,75.985,76.12,2912
2026-05-20T21:00:00+05:30,76.12,76.4,76.11,76.355,849
2026-05-20T21:15:00+05:30,76.355,76.465,75.96,76.075,944
2026-05-20T21:30:00+05:30,76.065,76.33,76.06,76.275,546
2026-05-20T21:45:00+05:30,76.24,76.25,75.865,75.99,925
2026-05-20T22:00:00+05:30,75.985,76.24,75.935,76.235,561
2026-05-20T22:15:00+05:30,76.245,76.285,76.055,76.265,602
2026-05-20T22:30:00+05:30,76.275,76.525,76.18,76.405,893
2026-05-20T22:45:00+05:30,76.425,76.515,76.1,76.26,1081
2026-05-20T23:00:00+05:30,76.265,76.42,76.155,76.265,693
2026-05-20T23:15:00+05:30,76.265,76.355,76.155,76.175,294
2026-05-20T23:30:00+05:30,76.165,76.455,76.075,76.395,418
2026-05-20T23:45:00+05:30,76.395,76.535,76.27,76.455,398
2026-05-21T00:00:00+05:30,76.455,76.74,76.45,76.47,563
2026-05-21T00:15:00+05:30,76.455,76.655,76.44,76.54,265
2026-05-21T00:30:00+05:30,76.545,76.67,76.53,76.6,192
2026-05-21T00:45:00+05:30,76.61,76.635,76.365,76.42,538
2026-05-21T01:00:00+05:30,76.425,76.625,76.35,76.48,524
2026-05-21T01:15:00+05:30,76.495,76.5,76.26,76.3,478
2026-05-21T01:30:00+05:30,76.3,76.47,76.275,76.37,236
2026-05-21T01:45:00+05:30,76.4,76.42,76.1,76.295,413
2026-05-21T02:00:00+05:30,76.285,76.3,76.165,76.21,177
2026-05-21T02:15:00+05:30,76.205,76.23,76.14,76.175,233
2026-05-21T03:30:00+05:30,76.225,76.255,75.58,75.825,539
2026-05-21T03:45:00+05:30,75.825,75.84,75.55,75.77,361
2026-05-21T04:00:00+05:30,75.775,76.025,75.77,76.005,362
2026-05-21T04:15:00+05:30,75.98,76.04,75.88,76.04,171
2026-05-21T04:30:00+05:30,76.015,76.1,75.87,75.965,181
2026-05-21T04:45:00+05:30,75.97,75.985,75.745,75.855,247
2026-05-21T05:00:00+05:30,75.865,76.215,75.865,76.185,303
2026-05-21T05:15:00+05:30,76.175,76.32,76.06,76.235,333
2026-05-21T05:30:00+05:30,76.275,76.295,75.78,75.92,571
2026-05-21T05:45:00+05:30,75.98,76.29,75.635,76.015,728
2026-05-21T06:00:00+05:30,76,76.195,75.885,76.175,340
2026-05-21T06:15:00+05:30,76.15,76.49,76.03,76.43,657
2026-05-21T06:30:00+05:30,76.42,76.99,76.1,76.905,1875
2026-05-21T06:45:00+05:30,76.93,77.08,76.73,77.025,1123
2026-05-21T07:00:00+05:30,77.025,77.325,76.815,76.93,1029
2026-05-21T07:15:00+05:30,76.945,76.945,76.6,76.705,705
2026-05-21T07:30:00+05:30,76.745,76.9,76.54,76.65,553
2026-05-21T07:45:00+05:30,76.645,76.645,76.26,76.265,479
2026-05-21T08:00:00+05:30,76.26,76.35,75.67,75.73,1542
2026-05-21T08:15:00+05:30,75.72,75.815,75.515,75.725,916
2026-05-21T08:30:00+05:30,75.68,75.98,75.65,75.9,489
2026-05-21T08:45:00+05:30,75.895,76.025,75.63,75.825,594
2026-05-21T09:00:00+05:30,75.825,75.95,75.755,75.895,351
2026-05-21T09:15:00+05:30,75.895,75.955,75.64,75.64,362
2026-05-21T09:30:00+05:30,75.635,75.94,75.575,75.91,302
2026-05-21T09:45:00+05:30,75.895,76.08,75.845,76.035,322
2026-05-21T10:00:00+05:30,76.04,76.065,75.785,75.935,212
2026-05-21T10:15:00+05:30,75.92,76.07,75.855,76.065,201
2026-05-21T10:30:00+05:30,76.04,76.13,75.77,75.835,293
2026-05-21T10:45:00+05:30,75.8,75.815,75.45,75.465,520
2026-05-21T11:00:00+05:30,75.485,75.585,75.245,75.575,1048
2026-05-21T11:15:00+05:30,75.57,75.815,75.24,75.695,701
2026-05-21T11:30:00+05:30,75.665,75.875,75.5,75.575,507
2026-05-21T11:45:00+05:30,75.56,75.92,75.42,75.455,758
2026-05-21T12:00:00+05:30,75.46,75.55,75.135,75.42,890
2026-05-21T12:15:00+05:30,75.425,75.44,75.045,75.185,633
2026-05-21T12:30:00+05:30,75.185,75.47,75.155,75.26,408
2026-05-21T12:45:00+05:30,75.24,75.38,75.175,75.18,238
2026-05-21T13:00:00+05:30,75.195,75.32,75.165,75.225,210
2026-05-21T13:15:00+05:30,75.22,75.285,75.09,75.09,293
2026-05-21T13:30:00+05:30,75.11,75.78,74.945,75.7,1024
2026-05-21T13:45:00+05:30,75.71,75.845,75.51,75.78,942
2026-05-21T14:00:00+05:30,75.785,75.805,75.535,75.615,419
2026-05-21T14:15:00+05:30,75.625,75.89,75.51,75.83,597
2026-05-21T14:30:00+05:30,75.825,75.96,75.77,75.84,443
2026-05-21T14:45:00+05:30,75.855,76.01,75.79,75.95,365
2026-05-21T15:00:00+05:30,75.945,76.165,75.625,75.675,561
2026-05-21T15:15:00+05:30,75.685,75.76,75.625,75.73,271
2026-05-21T15:30:00+05:30,75.725,75.81,75.64,75.79,235
2026-05-21T15:45:00+05:30,75.785,75.87,74.975,75.275,909
2026-05-21T16:00:00+05:30,75.25,75.33,74.835,75.23,1211
2026-05-21T16:15:00+05:30,75.24,75.255,74.975,75.03,751
2026-05-21T16:30:00+05:30,74.995,75.325,74.98,75.17,697
2026-05-21T16:45:00+05:30,75.155,75.425,75.145,75.145,537
2026-05-21T17:00:00+05:30,75.18,75.26,75.02,75.15,269
2026-05-21T17:15:00+05:30,75.14,75.375,75.13,75.285,284
2026-05-21T17:30:00+05:30,75.305,75.415,75.16,75.235,384
2026-05-21T17:45:00+05:30,75.22,75.245,74.945,75.085,557
2026-05-21T18:00:00+05:30,75.1,75.465,75.055,75.35,1259
2026-05-21T18:15:00+05:30,75.365,75.435,74.975,75.015,879
2026-05-21T18:30:00+05:30,75.005,75.525,74.74,75.165,1982
2026-05-21T18:45:00+05:30,75.16,75.385,74.9,75.09,1069
2026-05-21T19:00:00+05:30,75.085,75.115,74.685,74.985,1924
2026-05-21T19:15:00+05:30,75.005,76.04,74.975,75.735,2434
2026-05-21T19:30:00+05:30,75.75,75.77,75.31,75.535,1523
2026-05-21T19:45:00+05:30,75.565,75.59,75.185,75.485,1221
2026-05-21T20:00:00+05:30,75.485,75.59,75.235,75.305,672
2026-05-21T20:15:00+05:30,75.32,75.5,75.17,75.445,686
2026-05-21T20:30:00+05:30,75.47,75.9,75.235,75.705,1123
2026-05-21T20:45:00+05:30,75.715,75.865,75.535,75.6,723
2026-05-21T21:00:00+05:30,75.595,75.73,75.575,75.64,514
2026-05-21T21:15:00+05:30,75.655,75.94,75.645,75.885,458
2026-05-21T21:30:00+05:30,75.9,76.36,75.9,76.11,1267
2026-05-21T21:45:00+05:30,76.1,76.215,76.005,76.145,415
2026-05-21T22:00:00+05:30,76.15,76.38,76.145,76.3,486
2026-05-21T22:15:00+05:30,76.31,76.395,76.195,76.35,435
2026-05-21T22:30:00+05:30,76.365,76.87,76.245,76.585,1525
2026-05-21T22:45:00+05:30,76.6,77.29,76.565,76.93,2849
2026-05-21T23:00:00+05:30,76.925,77.25,76.84,77.185,1077
2026-05-21T23:15:00+05:30,77.225,77.49,77.055,77.14,1323
2026-05-21T23:30:00+05:30,77.12,77.27,76.87,77.07,1049
2026-05-21T23:45:00+05:30,77.075,77.35,77.04,77.285,576
2026-05-22T00:00:00+05:30,77.285,77.29,77.04,77.215,469
2026-05-22T00:15:00+05:30,77.215,77.235,76.4,76.64,1703
2026-05-22T00:30:00+05:30,76.635,76.795,76.56,76.775,886
2026-05-22T00:45:00+05:30,76.785,77.025,76.77,76.895,551
2026-05-22T01:00:00+05:30,76.9,77.09,76.865,77.02,382
2026-05-22T01:15:00+05:30,77.02,77.225,76.83,77.105,842
2026-05-22T01:30:00+05:30,77.11,77.12,76.935,76.98,417
2026-05-22T01:45:00+05:30,76.98,77.02,76.95,76.985,76
2026-05-22T02:00:00+05:30,76.98,77.01,76.93,76.955,137
2026-05-22T02:15:00+05:30,76.955,77.045,76.945,77.035,171
2026-05-22T03:30:00+05:30,77.015,77.21,76.96,77.025,284
2026-05-22T03:45:00+05:30,77.035,77.105,76.945,77.05,133
2026-05-22T04:00:00+05:30,77.04,77.155,76.915,77.145,184
2026-05-22T04:15:00+05:30,77.155,77.19,77.035,77.105,144
2026-05-22T04:30:00+05:30,77.11,77.16,77.065,77.095,116
2026-05-22T04:45:00+05:30,77.1,77.15,76.92,77,213
2026-05-22T05:00:00+05:30,76.995,77,76.79,76.795,236
2026-05-22T05:15:00+05:30,76.81,77.005,76.81,76.985,306
2026-05-22T05:30:00+05:30,76.995,77.01,76.73,76.75,319
2026-05-22T05:45:00+05:30,76.755,76.925,76.69,76.865,310
2026-05-22T06:00:00+05:30,76.885,76.995,76.77,76.775,260
2026-05-22T06:15:00+05:30,76.79,76.815,76.55,76.55,783
2026-05-22T06:30:00+05:30,76.54,76.845,76.32,76.49,1393
2026-05-22T06:45:00+05:30,76.5,76.79,76.41,76.69,582
2026-05-22T07:00:00+05:30,76.675,76.675,76.35,76.56,583
2026-05-22T07:15:00+05:30,76.56,77.03,76.55,76.77,705
2026-05-22T07:30:00+05:30,76.76,76.83,76.52,76.625,371
2026-05-22T07:45:00+05:30,76.64,76.725,76.485,76.525,207
2026-05-22T08:00:00+05:30,76.525,76.62,76.225,76.505,712
2026-05-22T08:15:00+05:30,76.49,76.67,76.45,76.655,358
2026-05-22T08:30:00+05:30,76.68,76.71,76.48,76.5,285
2026-05-22T08:45:00+05:30,76.52,76.54,76.315,76.45,309
2026-05-22T09:00:00+05:30,76.455,76.76,76.45,76.75,273
2026-05-22T09:15:00+05:30,76.73,76.825,76.66,76.8,166
2026-05-22T09:30:00+05:30,76.795,76.955,76.77,76.9,301
2026-05-22T09:45:00+05:30,76.9,77,76.785,76.955,277
2026-05-22T10:00:00+05:30,76.955,76.99,76.86,76.935,185
2026-05-22T10:15:00+05:30,76.9,76.925,76.84,76.865,92
2026-05-22T10:30:00+05:30,76.885,76.965,76.815,76.835,167
2026-05-22T10:45:00+05:30,76.84,76.865,76.755,76.81,134
2026-05-22T11:00:00+05:30,76.805,77.4,76.72,77.185,1214
2026-05-22T11:15:00+05:30,77.18,77.32,76.12,76.205,1270
2026-05-22T11:30:00+05:30,76.195,76.71,76.05,76.625,940
2026-05-22T11:45:00+05:30,76.6,76.835,76.535,76.815,407
2026-05-22T12:00:00+05:30,76.815,76.91,76.525,76.705,608
2026-05-22T12:15:00+05:30,76.725,76.75,76.535,76.635,361
2026-05-22T12:30:00+05:30,76.62,76.62,76.25,76.28,531
2026-05-22T12:45:00+05:30,76.29,76.54,76.29,76.445,323
2026-05-22T13:00:00+05:30,76.385,76.43,76.105,76.175,359
2026-05-22T13:15:00+05:30,76.155,76.35,76.09,76.335,239
2026-05-22T13:30:00+05:30,76.35,76.45,76.275,76.325,225
2026-05-22T13:45:00+05:30,76.345,76.57,76.25,76.355,375
2026-05-22T14:00:00+05:30,76.36,76.39,76.005,76.295,544
2026-05-22T14:15:00+05:30,76.305,76.405,76.22,76.25,190
2026-05-22T14:30:00+05:30,76.24,76.245,76.02,76.02,285
2026-05-22T14:45:00+05:30,76.01,76.115,75.89,76,421
2026-05-22T15:00:00+05:30,76.04,76.32,75.935,76.28,323
2026-05-22T15:15:00+05:30,76.29,76.46,76.275,76.365,283
2026-05-22T15:30:00+05:30,76.365,76.545,76.24,76.48,233
2026-05-22T15:45:00+05:30,76.465,76.535,76.28,76.295,261
2026-05-22T16:00:00+05:30,76.32,76.33,76.08,76.095,227
2026-05-22T16:15:00+05:30,76.085,76.18,76.045,76.165,203
2026-05-22T16:30:00+05:30,76.165,76.26,76.06,76.09,340
2026-05-22T16:45:00+05:30,76.11,76.135,75.98,76.08,228
2026-05-22T17:00:00+05:30,76.065,76.285,76,76.17,323
2026-05-22T17:15:00+05:30,76.155,76.33,76.115,76.12,404
2026-05-22T17:30:00+05:30,76.115,76.455,76.025,76.435,1196
2026-05-22T17:45:00+05:30,76.425,76.71,76.135,76.15,1420
2026-05-22T18:00:00+05:30,76.165,76.165,75.725,76.02,1420
2026-05-22T18:15:00+05:30,76.005,76.495,75.97,76.495,935
2026-05-22T18:30:00+05:30,76.5,76.835,76.195,76.6,1937
2026-05-22T18:45:00+05:30,76.605,76.7,76.38,76.415,799
2026-05-22T19:00:00+05:30,76.415,76.63,75.98,76.3,1394
2026-05-22T19:15:00+05:30,76.3,76.41,76.065,76.33,702
2026-05-22T19:30:00+05:30,76.31,76.32,75.59,75.67,1594
2026-05-22T19:45:00+05:30,75.655,75.845,75.27,75.565,1979
2026-05-22T20:00:00+05:30,75.57,75.81,75.48,75.77,977
2026-05-22T20:15:00+05:30,75.815,75.89,75.57,75.59,637
2026-05-22T20:30:00+05:30,75.6,76.015,75.56,75.87,759
2026-05-22T20:45:00+05:30,75.89,76.25,75.875,76.2,796
2026-05-22T21:00:00+05:30,76.215,76.265,76.05,76.1,631
2026-05-22T21:15:00+05:30,76.1,76.35,76.03,76.315,626
2026-05-22T21:30:00+05:30,76.32,76.4,76.175,76.305,620
2026-05-22T21:45:00+05:30,76.29,76.575,76.14,76.535,836
2026-05-22T22:00:00+05:30,76.535,76.65,76.16,76.2,914
2026-05-22T22:15:00+05:30,76.195,76.29,76.075,76.24,647
2026-05-22T22:30:00+05:30,76.245,76.47,76.245,76.41,578
2026-05-22T22:45:00+05:30,76.42,76.64,76.125,76.615,1513
2026-05-22T23:00:00+05:30,76.635,76.695,76.275,76.34,767
2026-05-22T23:15:00+05:30,76.335,76.4,76.27,76.31,339
2026-05-22T23:30:00+05:30,76.32,76.355,76.13,76.295,492
2026-05-22T23:45:00+05:30,76.3,76.4,76.24,76.315,265
2026-05-23T00:00:00+05:30,76.305,76.475,76.195,76.295,425
2026-05-23T00:15:00+05:30,76.315,76.335,76.205,76.265,217
2026-05-23T00:30:00+05:30,76.29,76.32,75.91,75.94,759
2026-05-23T00:45:00+05:30,75.95,76.005,75.855,75.9,296
2026-05-23T01:00:00+05:30,75.88,76.05,75.75,76.015,553
2026-05-23T01:15:00+05:30,76.005,76.04,75.925,75.94,345
2026-05-23T01:30:00+05:30,75.965,75.975,75.78,75.87,328
2026-05-23T01:45:00+05:30,75.86,75.935,75.8,75.915,166
2026-05-23T02:00:00+05:30,75.925,75.925,75.755,75.79,380
2026-05-23T02:15:00+05:30,75.8,75.905,75.765,75.88,202
2026-05-25T03:30:00+05:30,76.685,77.98,76.685,77.9,1451
2026-05-25T03:45:00+05:30,77.88,77.995,77.7,77.735,572
2026-05-25T04:00:00+05:30,77.775,77.905,77.755,77.89,438
2026-05-25T04:15:00+05:30,77.885,78.275,77.87,78.275,491
2026-05-25T04:30:00+05:30,78.265,78.75,78.26,78.685,592
2026-05-25T04:45:00+05:30,78.695,79.035,78.695,78.925,600
2026-05-25T05:00:00+05:30,78.93,79.26,78.9,79.09,606
2026-05-25T05:15:00+05:30,79.075,79.105,78.48,78.595,967
2026-05-25T05:30:00+05:30,78.585,78.975,78.55,78.795,933
2026-05-25T05:45:00+05:30,78.78,78.945,78.735,78.86,314
2026-05-25T06:00:00+05:30,78.865,79.07,78.83,78.88,323
2026-05-25T06:15:00+05:30,78.89,79.155,78.35,78.605,1506
2026-05-25T06:30:00+05:30,78.59,79,78.355,78.63,2141
2026-05-25T06:45:00+05:30,78.625,78.71,78.32,78.615,839
2026-05-25T07:00:00+05:30,78.6,78.705,78.34,78.38,527
2026-05-25T07:15:00+05:30,78.36,78.49,78.085,78.185,873
2026-05-25T07:30:00+05:30,78.2,78.425,78.09,78.195,497
2026-05-25T07:45:00+05:30,78.19,78.33,78.06,78.265,276
2026-05-25T08:00:00+05:30,78.275,78.35,78.085,78.25,367
2026-05-25T08:15:00+05:30,78.25,78.32,77.83,77.955,598
2026-05-25T08:30:00+05:30,77.96,78.085,77.65,77.925,849
2026-05-25T08:45:00+05:30,77.93,78.195,77.87,78.05,516
2026-05-25T09:00:00+05:30,78.05,78.195,77.865,77.91,562
2026-05-25T09:15:00+05:30,77.9,78.045,77.83,77.985,254
2026-05-25T09:30:00+05:30,77.97,78.13,77.955,78.035,215
2026-05-25T09:45:00+05:30,78.03,78.265,78.01,78.17,274
2026-05-25T10:00:00+05:30,78.17,78.3,78.15,78.245,193
2026-05-25T10:15:00+05:30,78.255,78.345,78.235,78.265,224
2026-05-25T10:30:00+05:30,78.275,78.275,78.08,78.135,277
2026-05-25T10:45:00+05:30,78.135,78.165,77.93,77.97,408
2026-05-25T11:00:00+05:30,77.98,78.165,77.79,77.985,553
2026-05-25T11:15:00+05:30,78.01,78.105,77.835,77.855,273
2026-05-25T11:30:00+05:30,77.84,77.935,77.705,77.825,366
2026-05-25T11:45:00+05:30,77.83,77.96,77.72,77.75,306
2026-05-25T12:00:00+05:30,77.74,77.9,77.685,77.86,249
2026-05-25T12:15:00+05:30,77.86,78.08,77.86,78.04,266
2026-05-25T12:30:00+05:30,78.06,78.175,77.985,78.015,307
2026-05-25T12:45:00+05:30,77.985,78.025,77.64,77.97,651
2026-05-25T13:00:00+05:30,77.96,78.275,77.95,78.15,329
2026-05-25T13:15:00+05:30,78.15,78.295,78.095,78.275,250
2026-05-25T13:30:00+05:30,78.27,78.27,78.09,78.13,224
2026-05-25T13:45:00+05:30,78.14,78.21,78.03,78.195,268
2026-05-25T14:00:00+05:30,78.22,78.35,78.15,78.34,317
2026-05-25T14:15:00+05:30,78.335,78.39,78.175,78.23,244
2026-05-25T14:30:00+05:30,78.215,78.31,78.185,78.235,121
2026-05-25T14:45:00+05:30,78.235,78.28,78.11,78.175,163
2026-05-25T15:00:00+05:30,78.18,78.335,78.18,78.305,159
2026-05-25T15:15:00+05:30,78.315,78.45,78.255,78.38,190
2026-05-25T15:30:00+05:30,78.38,78.565,78.36,78.5,268
2026-05-25T15:45:00+05:30,78.485,78.56,78.48,78.555,140
2026-05-25T16:00:00+05:30,78.535,78.57,78.48,78.48,111
2026-05-25T16:15:00+05:30,78.51,78.555,78.435,78.435,190
2026-05-25T16:30:00+05:30,78.445,78.55,78.35,78.55,161
2026-05-25T16:45:00+05:30,78.545,78.595,78.35,78.5,228
2026-05-25T17:00:00+05:30,78.505,78.6,78.465,78.52,398
2026-05-25T17:15:00+05:30,78.53,78.575,78.315,78.35,310
2026-05-25T17:30:00+05:30,78.33,78.33,78.06,78.075,471
2026-05-25T17:45:00+05:30,78.07,78.185,77.925,78.14,474
2026-05-25T18:00:00+05:30,78.165,78.3,78.065,78.18,280
2026-05-25T18:15:00+05:30,78.18,78.225,78.04,78.115,340
2026-05-25T18:30:00+05:30,78.11,78.115,77.635,77.79,1079
2026-05-25T18:45:00+05:30,77.775,77.815,77.65,77.75,317
2026-05-25T19:00:00+05:30,77.745,77.965,77.73,77.93,323
2026-05-25T19:15:00+05:30,77.9,77.93,77.645,77.885,517
2026-05-25T19:30:00+05:30,77.88,78.225,77.835,78.025,557
2026-05-25T19:45:00+05:30,78.035,78.18,78.015,78.095,237
2026-05-25T20:00:00+05:30,78.09,78.185,77.99,78.05,280
2026-05-25T20:15:00+05:30,78.055,78.225,78.04,78.13,343
2026-05-25T20:30:00+05:30,78.115,78.375,78.07,78.25,610
2026-05-25T20:45:00+05:30,78.245,78.315,78.155,78.2,278
2026-05-25T21:00:00+05:30,78.2,78.2,78.045,78.095,247
2026-05-25T21:15:00+05:30,78.095,78.165,78.07,78.085,186
2026-05-25T21:30:00+05:30,78.095,78.11,77.98,78.095,176
2026-05-25T21:45:00+05:30,78.085,78.13,78.025,78.06,85
2026-05-25T22:00:00+05:30,78.05,78.2,78.05,78.195,79
2026-05-25T22:15:00+05:30,78.2,78.37,78.19,78.365,245
2026-05-25T22:30:00+05:30,78.365,78.85,78.36,78.725,480
2026-05-25T22:45:00+05:30,78.745,78.755,78.495,78.525,188
2026-05-25T23:00:00+05:30,78.55,78.55,78.315,78.4,216
2026-05-25T23:15:00+05:30,78.39,78.415,78.31,78.415,59
2026-05-25T23:30:00+05:30,78.405,78.52,78.335,78.4,151
2026-05-25T23:45:00+05:30,78.395,78.455,78.36,78.405,81
2026-05-26T03:30:00+05:30,78.4,78.745,78,78.59,558
2026-05-26T03:45:00+05:30,78.585,78.6,78.415,78.46,265
2026-05-26T04:00:00+05:30,78.46,78.48,78.24,78.45,348
2026-05-26T04:15:00+05:30,78.435,78.55,78.4,78.525,102
2026-05-26T04:30:00+05:30,78.49,78.625,78.455,78.605,221
2026-05-26T04:45:00+05:30,78.63,78.68,78.23,78.29,294
2026-05-26T05:00:00+05:30,78.28,78.355,77.45,77.795,1206
2026-05-26T05:15:00+05:30,77.81,78.055,77.805,77.995,344
2026-05-26T05:30:00+05:30,78.01,78.01,77.56,77.81,704
2026-05-26T05:45:00+05:30,77.83,77.87,77.405,77.73,714
2026-05-26T06:00:00+05:30,77.74,77.945,77.715,77.805,453
2026-05-26T06:15:00+05:30,77.795,77.94,77.56,77.895,846
2026-05-26T06:30:00+05:30,77.92,77.92,77.245,77.6,1788
2026-05-26T06:45:00+05:30,77.595,77.6,77.29,77.365,613
2026-05-26T07:00:00+05:30,77.385,77.395,76.015,76.24,2693
2026-05-26T07:15:00+05:30,76.25,76.78,76.2,76.74,1301
2026-05-26T07:30:00+05:30,76.73,76.965,76.655,76.94,646
2026-05-26T07:45:00+05:30,76.945,77.01,76.89,76.98,320
2026-05-26T08:00:00+05:30,76.99,77.195,76.89,77.03,610
2026-05-26T08:15:00+05:30,77.05,77.065,76.785,76.785,440
2026-05-26T08:30:00+05:30,76.785,77.055,76.785,76.93,284
2026-05-26T08:45:00+05:30,76.93,77.32,76.93,77.2,335
2026-05-26T09:00:00+05:30,77.21,77.33,77.14,77.185,173
2026-05-26T09:15:00+05:30,77.15,77.205,77.145,77.2,90
2026-05-26T09:30:00+05:30,77.205,77.22,77.01,77.075,168
2026-05-26T09:45:00+05:30,77.075,77.1,76.875,76.905,208
2026-05-26T10:00:00+05:30,76.895,76.99,76.755,76.79,261
2026-05-26T10:15:00+05:30,76.79,76.85,76.69,76.7,311
2026-05-26T10:30:00+05:30,76.7,76.94,76.6,76.885,448
2026-05-26T10:45:00+05:30,76.88,77.09,76.85,77.05,311
2026-05-26T11:00:00+05:30,77.045,77.135,76.615,76.79,753
2026-05-26T11:15:00+05:30,76.795,76.815,76.55,76.775,462
2026-05-26T11:30:00+05:30,76.76,76.875,76.655,76.825,445
2026-05-26T11:45:00+05:30,76.805,76.97,76.67,76.8,474
2026-05-26T12:00:00+05:30,76.775,76.91,76.685,76.89,285
2026-05-26T12:15:00+05:30,76.89,76.905,76.76,76.825,180
2026-05-26T12:30:00+05:30,76.85,76.935,76.47,76.57,624
2026-05-26T12:45:00+05:30,76.56,76.67,76.175,76.585,874
2026-05-26T13:00:00+05:30,76.58,76.62,76.295,76.49,539
2026-05-26T13:15:00+05:30,76.51,76.78,76.435,76.7,405
2026-05-26T13:30:00+05:30,76.71,76.775,76.53,76.575,255
2026-05-26T13:45:00+05:30,76.59,76.68,76.43,76.465,239
2026-05-26T14:00:00+05:30,76.455,76.545,76.355,76.48,452
2026-05-26T14:15:00+05:30,76.465,76.475,76.26,76.35,346
2026-05-26T14:30:00+05:30,76.35,76.43,76.225,76.255,288
2026-05-26T14:45:00+05:30,76.22,76.52,76.22,76.4,467
2026-05-26T15:00:00+05:30,76.41,76.41,75.93,75.965,573
2026-05-26T15:15:00+05:30,75.96,76.315,75.935,76.225,535
2026-05-26T15:30:00+05:30,76.26,76.45,76.16,76.45,398
2026-05-26T15:45:00+05:30,76.46,76.79,76.46,76.755,604
2026-05-26T16:00:00+05:30,76.77,76.915,76.615,76.66,447
2026-05-26T16:15:00+05:30,76.66,76.715,76.555,76.66,218
2026-05-26T16:30:00+05:30,76.665,76.685,76.53,76.565,269
2026-05-26T16:45:00+05:30,76.56,76.61,76.475,76.505,310
2026-05-26T17:00:00+05:30,76.48,76.555,76.175,76.325,702
2026-05-26T17:15:00+05:30,76.3,76.485,76.26,76.29,365
2026-05-26T17:30:00+05:30,76.295,76.36,76.05,76.265,933
2026-05-26T17:45:00+05:30,76.255,76.45,76.065,76.11,463
2026-05-26T18:00:00+05:30,76.11,76.11,75.75,75.94,1356
2026-05-26T18:15:00+05:30,75.965,76.545,75.88,76.525,1260
2026-05-26T18:30:00+05:30,76.525,76.685,76.285,76.42,1298
2026-05-26T18:45:00+05:30,76.44,76.84,76.41,76.595,891
2026-05-26T19:00:00+05:30,76.595,76.95,76.535,76.795,1327
2026-05-26T19:15:00+05:30,76.795,76.89,76.21,76.335,1435
2026-05-26T19:30:00+05:30,76.305,76.575,76.135,76.4,1257
2026-05-26T19:45:00+05:30,76.42,76.66,76.385,76.65,638
2026-05-26T20:00:00+05:30,76.64,76.885,76.59,76.695,721
2026-05-26T20:15:00+05:30,76.71,76.78,76.445,76.625,613
2026-05-26T20:30:00+05:30,76.625,76.63,76.375,76.475,599
2026-05-26T20:45:00+05:30,76.495,76.535,76.285,76.35,577
2026-05-26T21:00:00+05:30,76.365,76.475,76.25,76.455,569
2026-05-26T21:15:00+05:30,76.455,76.485,76.155,76.265,589
2026-05-26T21:30:00+05:30,76.26,76.35,76.21,76.295,303
2026-05-26T21:45:00+05:30,76.295,76.51,76.245,76.49,369
2026-05-26T22:00:00+05:30,76.49,76.67,76.44,76.445,551
2026-05-26T22:15:00+05:30,76.45,76.485,76.315,76.44,290
2026-05-26T22:30:00+05:30,76.455,76.535,76.38,76.475,230
2026-05-26T22:45:00+05:30,76.475,76.66,76.47,76.49,593
2026-05-26T23:00:00+05:30,76.49,76.495,76.29,76.36,563
2026-05-26T23:15:00+05:30,76.335,76.425,76.23,76.26,458
2026-05-26T23:30:00+05:30,76.265,76.31,76.105,76.25,772
2026-05-26T23:45:00+05:30,76.27,76.46,76.25,76.405,382
2026-05-27T00:00:00+05:30,76.385,76.565,76.37,76.56,222
2026-05-27T00:15:00+05:30,76.56,76.805,76.56,76.775,491
2026-05-27T00:30:00+05:30,76.79,77.015,76.75,76.995,459
2026-05-27T00:45:00+05:30,76.985,77.175,76.945,76.99,557
2026-05-27T01:00:00+05:30,76.985,77.295,76.98,77.295,393
2026-05-27T01:15:00+05:30,77.29,77.37,77.2,77.355,573
2026-05-27T01:30:00+05:30,77.37,77.395,77.2,77.265,398
2026-05-27T01:45:00+05:30,77.28,77.345,77.275,77.28,110
2026-05-27T02:00:00+05:30,77.285,77.39,77.225,77.31,339
2026-05-27T02:15:00+05:30,77.305,77.335,77.195,77.285,216
2026-05-27T03:30:00+05:30,77.25,77.505,77.25,77.33,266
2026-05-27T03:45:00+05:30,77.345,77.43,77.31,77.395,99
2026-05-27T04:00:00+05:30,77.4,77.46,77.27,77.395,212
2026-05-27T04:15:00+05:30,77.4,77.6,77.35,77.585,209
2026-05-27T04:30:00+05:30,77.57,77.6,77.45,77.46,164
2026-05-27T04:45:00+05:30,77.475,77.62,77.43,77.58,274
2026-05-27T05:00:00+05:30,77.58,77.75,77.55,77.74,427
2026-05-27T05:15:00+05:30,77.74,77.85,77.645,77.7,440
2026-05-27T05:30:00+05:30,77.69,77.87,77.645,77.8,398
2026-05-27T05:45:00+05:30,77.78,77.83,77.67,77.77,317
2026-05-27T06:00:00+05:30,77.8,77.885,77.7,77.745,349
2026-05-27T06:15:00+05:30,77.745,77.855,77.47,77.525,843
2026-05-27T06:30:00+05:30,77.525,77.725,77.34,77.56,1544
2026-05-27T06:45:00+05:30,77.56,77.815,77.445,77.63,701
2026-05-27T07:00:00+05:30,77.595,77.625,77.29,77.305,433
2026-05-27T07:15:00+05:30,77.285,77.34,77.03,77.12,665
2026-05-27T07:30:00+05:30,77.14,77.2,77.005,77.1,375
2026-05-27T07:45:00+05:30,77.11,77.255,77.04,77.225,334
2026-05-27T08:00:00+05:30,77.215,77.24,76.84,76.95,671
2026-05-27T08:15:00+05:30,76.93,77.21,76.91,77.155,434
2026-05-27T08:30:00+05:30,77.14,77.315,77.08,77.185,372
2026-05-27T08:45:00+05:30,77.185,77.295,77.015,77.06,265
2026-05-27T09:00:00+05:30,77.06,77.075,76.895,76.96,303
2026-05-27T09:15:00+05:30,76.955,77.065,76.9,76.9,169
2026-05-27T09:30:00+05:30,76.9,77.08,76.87,77.04,166
2026-05-27T09:45:00+05:30,77.05,77.07,76.875,76.885,135
2026-05-27T10:00:00+05:30,76.875,77.095,76.86,77.095,182
2026-05-27T10:15:00+05:30,77.085,77.365,77.085,77.16,429
2026-05-27T10:30:00+05:30,77.16,77.285,77.045,77.09,240
2026-05-27T10:45:00+05:30,77.07,77.145,76.96,77.14,200
2026-05-27T11:00:00+05:30,77.125,77.21,75.905,76.015,2125
2026-05-27T11:15:00+05:30,75.99,76.23,75.85,75.95,992
2026-05-27T11:30:00+05:30,75.975,76.11,75.865,75.945,753
2026-05-27T11:45:00+05:30,75.985,76.04,75.12,75.305,1635
2026-05-27T12:00:00+05:30,75.305,75.425,74.94,75.425,1097
2026-05-27T12:15:00+05:30,75.44,75.605,75.39,75.435,553
2026-05-27T12:30:00+05:30,75.45,75.59,75.265,75.395,605
2026-05-27T12:45:00+05:30,75.335,75.515,75.185,75.41,415
2026-05-27T13:00:00+05:30,75.395,75.505,75.205,75.295,377
2026-05-27T13:15:00+05:30,75.29,75.385,74.885,75.265,742
2026-05-27T13:30:00+05:30,75.28,75.6,75.225,75.405,501
2026-05-27T13:45:00+05:30,75.435,75.655,75.435,75.555,324
2026-05-27T14:00:00+05:30,75.57,75.815,75.46,75.775,377
2026-05-27T14:15:00+05:30,75.795,75.81,75.65,75.765,237
2026-05-27T14:30:00+05:30,75.765,75.785,75.53,75.7,285
2026-05-27T14:45:00+05:30,75.7,75.835,75.62,75.65,262
2026-05-27T15:00:00+05:30,75.65,75.765,75.57,75.665,282
2026-05-27T15:15:00+05:30,75.645,75.86,75.63,75.75,171
2026-05-27T15:30:00+05:30,75.76,75.815,75.63,75.78,153
2026-05-27T15:45:00+05:30,75.77,75.82,75.56,75.58,314
2026-05-27T16:00:00+05:30,75.59,75.62,75.12,75.295,862
2026-05-27T16:15:00+05:30,75.275,75.295,74.35,74.54,2238
2026-05-27T16:30:00+05:30,74.57,74.86,74.4,74.675,1064
2026-05-27T16:45:00+05:30,74.695,74.78,74.4,74.405,789
2026-05-27T17:00:00+05:30,74.415,74.545,73.73,74.525,2003
2026-05-27T17:15:00+05:30,74.51,74.52,73.925,74.06,827
2026-05-27T17:30:00+05:30,74.075,74.5,73.995,74.465,869
2026-05-27T17:45:00+05:30,74.48,75.49,74.385,75.125,2795
2026-05-27T18:00:00+05:30,75.125,75.24,74.665,74.815,1440
2026-05-27T18:15:00+05:30,74.815,75,74.6,74.62,1088
2026-05-27T18:30:00+05:30,74.605,74.98,74.29,74.435,1777
2026-05-27T18:45:00+05:30,74.44,74.6,74.13,74.18,1020
2026-05-27T19:00:00+05:30,74.17,74.885,74.17,74.51,1652
2026-05-27T19:15:00+05:30,74.5,74.99,74.49,74.78,1106
2026-05-27T19:30:00+05:30,74.82,75.22,74.72,74.94,1085
2026-05-27T19:45:00+05:30,74.965,75.33,74.86,75.045,894
2026-05-27T20:00:00+05:30,75.04,75.14,74.725,74.875,869
2026-05-27T20:15:00+05:30,74.895,75.055,74.53,74.55,574
2026-05-27T20:30:00+05:30,74.565,74.69,74.43,74.635,813
2026-05-27T20:45:00+05:30,74.645,74.77,74.55,74.77,370
2026-05-27T21:00:00+05:30,74.775,74.925,74.625,74.675,521
2026-05-27T21:15:00+05:30,74.67,74.835,74.595,74.775,397
2026-05-27T21:30:00+05:30,74.77,74.94,74.675,74.87,392
2026-05-27T21:45:00+05:30,74.865,75.05,74.815,74.98,447
2026-05-27T22:00:00+05:30,75.005,75.115,74.93,75,362
2026-05-27T22:15:00+05:30,75.03,75.075,74.87,74.965,307
2026-05-27T22:30:00+05:30,74.975,75.005,74.705,74.82,559
2026-05-27T22:45:00+05:30,74.805,74.99,74.775,74.83,575
2026-05-27T23:00:00+05:30,74.83,74.96,74.79,74.85,263
2026-05-27T23:15:00+05:30,74.84,74.9,74.72,74.72,156
2026-05-27T23:30:00+05:30,74.725,74.805,74.665,74.805,225
2026-05-27T23:45:00+05:30,74.805,75.26,74.795,75.005,695
2026-05-28T00:00:00+05:30,75.01,75.1,74.92,74.985,151
2026-05-28T00:15:00+05:30,74.98,75.05,74.91,75.045,134
2026-05-28T00:30:00+05:30,75.055,75.06,74.915,74.965,116
2026-05-28T00:45:00+05:30,74.97,75.035,74.855,74.865,248
2026-05-28T01:00:00+05:30,74.88,75.01,74.805,74.96,213
2026-05-28T01:15:00+05:30,74.93,74.97,74.825,74.915,207
2026-05-28T01:30:00+05:30,74.885,74.95,74.835,74.905,158
2026-05-28T01:45:00+05:30,74.915,75,74.915,74.935,78
2026-05-28T02:00:00+05:30,74.915,74.95,74.86,74.89,81
2026-05-28T02:15:00+05:30,74.9,74.96,74.87,74.88,102
2026-05-28T03:30:00+05:30,75.025,75.19,74.85,74.98,237
2026-05-28T03:45:00+05:30,74.97,75.095,74.965,74.965,79
2026-05-28T04:00:00+05:30,74.96,75.04,74.85,74.925,162
2026-05-28T04:15:00+05:30,74.92,74.935,74.855,74.925,100
2026-05-28T04:30:00+05:30,74.905,74.935,74.82,74.9,112
2026-05-28T04:45:00+05:30,74.905,74.965,74.805,74.845,189
2026-05-28T05:00:00+05:30,74.8,74.9,74.78,74.86,97
2026-05-28T05:15:00+05:30,74.85,74.85,74.585,74.745,291
2026-05-28T05:30:00+05:30,74.745,74.88,74.67,74.7,252
2026-05-28T05:45:00+05:30,74.705,75.06,74.665,74.82,388
2026-05-28T06:00:00+05:30,74.815,74.965,74.74,74.91,155
2026-05-28T06:15:00+05:30,74.935,75.185,74.935,75.175,407
2026-05-28T06:30:00+05:30,75.17,75.205,74.215,74.245,1462
2026-05-28T06:45:00+05:30,74.23,74.275,73.41,73.61,1883
2026-05-28T07:00:00+05:30,73.605,73.86,73.53,73.635,974
2026-05-28T07:15:00+05:30,73.615,73.75,73.22,73.345,1338
2026-05-28T07:30:00+05:30,73.36,73.51,73.2,73.415,1052
2026-05-28T07:45:00+05:30,73.42,73.555,73.335,73.475,609
2026-05-28T08:00:00+05:30,73.49,73.76,73.435,73.53,774
2026-05-28T08:15:00+05:30,73.52,73.52,73.25,73.305,584
2026-05-28T08:30:00+05:30,73.295,73.5,73.16,73.22,831
2026-05-28T08:45:00+05:30,73.21,73.24,72.65,73.02,1452
2026-05-28T09:00:00+05:30,73.03,73.03,72.435,72.68,1108
2026-05-28T09:15:00+05:30,72.675,72.715,72.395,72.495,576
2026-05-28T09:30:00+05:30,72.475,72.71,72.355,72.545,734
2026-05-28T09:45:00+05:30,72.54,72.565,72.16,72.16,672
2026-05-28T10:00:00+05:30,72.17,72.305,72.135,72.22,552
2026-05-28T10:15:00+05:30,72.22,72.25,72.05,72.215,434
2026-05-28T10:30:00+05:30,72.24,72.275,72,72.205,610
2026-05-28T10:45:00+05:30,72.185,72.285,72.105,72.23,495
2026-05-28T11:00:00+05:30,72.24,73.305,72.11,73.16,2154
2026-05-28T11:15:00+05:30,73.19,73.535,73.175,73.325,1052
2026-05-28T11:30:00+05:30,73.33,73.39,72.865,72.955,895
2026-05-28T11:45:00+05:30,72.945,73.28,72.885,73.09,560
2026-05-28T12:00:00+05:30,73.07,73.38,73.07,73.255,383
2026-05-28T12:15:00+05:30,73.255,73.47,73.255,73.4,501
2026-05-28T12:30:00+05:30,73.405,73.73,73.405,73.595,652
2026-05-28T12:45:00+05:30,73.605,73.775,73.52,73.66,452
2026-05-28T13:00:00+05:30,73.67,73.775,73.54,73.74,414
2026-05-28T13:15:00+05:30,73.755,73.805,73.585,73.72,329
2026-05-28T13:30:00+05:30,73.725,73.875,73.66,73.845,338
2026-05-28T13:45:00+05:30,73.855,73.87,73.59,73.64,311
2026-05-28T14:00:00+05:30,73.68,73.71,73.48,73.54,367
2026-05-28T14:15:00+05:30,73.505,73.575,73.41,73.47,273
2026-05-28T14:30:00+05:30,73.465,73.675,73.46,73.555,193
2026-05-28T14:45:00+05:30,73.57,73.88,73.545,73.75,302
2026-05-28T15:00:00+05:30,73.75,73.75,73.495,73.555,231
2026-05-28T15:15:00+05:30,73.56,73.78,73.55,73.78,210
2026-05-28T15:30:00+05:30,73.79,73.825,73.685,73.735,270
2026-05-28T15:45:00+05:30,73.735,73.785,73.49,73.725,301
2026-05-28T16:00:00+05:30,73.72,73.77,73.35,73.38,257
2026-05-28T16:15:00+05:30,73.395,73.455,72.97,73.25,1126
2026-05-28T16:30:00+05:30,73.235,73.455,73.16,73.335,551
2026-05-28T16:45:00+05:30,73.36,73.475,73.25,73.315,197
2026-05-28T17:00:00+05:30,73.315,73.335,73.195,73.255,219
2026-05-28T17:15:00+05:30,73.28,73.295,72.95,73.265,614
2026-05-28T17:30:00+05:30,73.27,73.405,73.16,73.33,449
2026-05-28T17:45:00+05:30,73.335,73.34,73.035,73.18,384
2026-05-28T18:00:00+05:30,73.14,73.765,73.125,73.76,1161
2026-05-28T18:15:00+05:30,73.74,74.44,73.7,74.42,1998
2026-05-28T18:30:00+05:30,74.445,74.48,73.845,73.845,2072
2026-05-28T18:45:00+05:30,73.85,74.15,73.785,73.82,811
2026-05-28T19:00:00+05:30,73.83,73.87,73.425,73.62,1387
2026-05-28T19:15:00+05:30,73.575,73.835,73.465,73.61,1027
2026-05-28T19:30:00+05:30,73.595,74.805,73.38,74.735,2177
2026-05-28T19:45:00+05:30,74.72,75.095,74.445,74.84,2287
2026-05-28T20:00:00+05:30,74.845,75.01,74.42,74.825,1311
2026-05-28T20:15:00+05:30,74.815,75.11,74.7,74.88,1545
2026-05-28T20:30:00+05:30,74.87,75.135,74.84,74.92,861
2026-05-28T20:45:00+05:30,74.94,75.09,74.75,74.97,694
2026-05-28T21:00:00+05:30,75.025,75.295,75,75.205,937
2026-05-28T21:15:00+05:30,75.205,75.35,75.165,75.34,603
2026-05-28T21:30:00+05:30,75.36,75.38,75.09,75.31,566
2026-05-28T21:45:00+05:30,75.32,76.03,75.28,75.895,1621
2026-05-28T22:00:00+05:30,75.92,75.98,75.685,75.97,718
2026-05-28T22:15:00+05:30,75.955,76.115,75.93,76.04,679
2026-05-28T22:30:00+05:30,76.06,76.16,75.9,75.985,598
2026-05-28T22:45:00+05:30,75.995,76.005,75.82,75.83,708
2026-05-28T23:00:00+05:30,75.845,76.055,75.845,76.01,360
2026-05-28T23:15:00+05:30,76.015,76.27,76.015,76.185,613
2026-05-28T23:30:00+05:30,76.165,76.285,76.015,76.125,469
2026-05-28T23:45:00+05:30,76.095,76.3,76.035,76.065,450
2026-05-29T00:00:00+05:30,76.065,76.075,75.875,75.955,284
2026-05-29T00:15:00+05:30,75.945,75.955,75.855,75.92,239
2026-05-29T00:30:00+05:30,75.93,75.945,75.8,75.815,197
2026-05-29T00:45:00+05:30,75.805,75.9,75.79,75.855,244
2026-05-29T01:00:00+05:30,75.855,76,75.845,75.89,331
2026-05-29T01:15:00+05:30,75.885,75.915,75.82,75.855,232
2026-05-29T01:30:00+05:30,75.855,75.905,75.825,75.855,214
2026-05-29T01:45:00+05:30,75.835,75.965,75.83,75.95,113
2026-05-29T02:00:00+05:30,75.94,76.015,75.895,75.905,286
2026-05-29T02:15:00+05:30,75.905,75.955,75.89,75.91,107
2026-05-29T03:30:00+05:30,75.915,76.12,75.88,75.94,248
2026-05-29T03:45:00+05:30,75.95,75.985,75.855,75.975,118
2026-05-29T04:00:00+05:30,75.98,76.02,75.895,75.975,172
2026-05-29T04:15:00+05:30,75.97,76,75.85,75.865,94
2026-05-29T04:30:00+05:30,75.87,76.035,75.865,75.985,148
2026-05-29T04:45:00+05:30,76.005,76.11,76.005,76.06,96
2026-05-29T05:00:00+05:30,76.025,76.1,75.905,75.915,138
2026-05-29T05:15:00+05:30,75.915,76.05,75.82,75.955,220
2026-05-29T05:30:00+05:30,75.98,76.36,75.91,76.275,747
2026-05-29T05:45:00+05:30,76.26,76.44,76.2,76.245,455
2026-05-29T06:00:00+05:30,76.22,76.225,75.94,76.135,551
2026-05-29T06:15:00+05:30,76.14,76.14,75.84,75.91,551
2026-05-29T06:30:00+05:30,75.92,76.58,75.885,76.57,1764
2026-05-29T06:45:00+05:30,76.57,76.725,76.415,76.415,860
2026-05-29T07:00:00+05:30,76.4,76.515,76.205,76.365,934
2026-05-29T07:15:00+05:30,76.365,76.42,76.17,76.27,441
2026-05-29T07:30:00+05:30,76.285,76.48,76.065,76.215,618
2026-05-29T07:45:00+05:30,76.24,76.28,76.035,76.14,213
2026-05-29T08:00:00+05:30,76.13,76.27,75.895,76.145,595
2026-05-29T08:15:00+05:30,76.14,76.28,75.97,76.02,325
2026-05-29T08:30:00+05:30,76.025,76.065,75.72,75.81,976
2026-05-29T08:45:00+05:30,75.81,75.905,75.615,75.73,595
2026-05-29T09:00:00+05:30,75.72,75.84,75.7,75.76,348
2026-05-29T09:15:00+05:30,75.79,75.895,75.705,75.76,234
2026-05-29T09:30:00+05:30,75.77,75.885,75.77,75.805,150
2026-05-29T09:45:00+05:30,75.795,76.25,75.795,76.095,583
2026-05-29T10:00:00+05:30,76.08,76.11,75.96,76.095,190
2026-05-29T10:15:00+05:30,76.105,76.22,76.02,76.195,219
2026-05-29T10:30:00+05:30,76.2,76.22,76.06,76.12,179
2026-05-29T10:45:00+05:30,76.13,76.13,76.035,76.05,92
2026-05-29T11:00:00+05:30,76.05,76.125,75.57,75.705,990
2026-05-29T11:15:00+05:30,75.7,75.97,75.64,75.875,575
2026-05-29T11:30:00+05:30,75.88,76.03,75.77,75.905,377
2026-05-29T11:45:00+05:30,75.92,76,75.71,75.865,344
2026-05-29T12:00:00+05:30,75.865,75.97,75.695,75.74,341
2026-05-29T12:15:00+05:30,75.735,76.155,75.73,76.13,397
2026-05-29T12:30:00+05:30,76.115,76.14,75.55,75.575,572
2026-05-29T12:45:00+05:30,75.56,75.75,75.475,75.665,545
2026-05-29T13:00:00+05:30,75.68,75.785,75.52,75.78,597
2026-05-29T13:15:00+05:30,75.76,75.85,75.715,75.825,226
2026-05-29T13:30:00+05:30,75.825,75.825,75.335,75.465,765
2026-05-29T13:45:00+05:30,75.48,75.565,75.375,75.565,284
2026-05-29T14:00:00+05:30,75.55,75.55,75.355,75.405,342
2026-05-29T14:15:00+05:30,75.41,75.45,75.21,75.345,501
2026-05-29T14:30:00+05:30,75.355,75.805,75.275,75.8,797
2026-05-29T14:45:00+05:30,75.78,75.95,75.685,75.905,480
2026-05-29T15:00:00+05:30,75.88,75.94,75.735,75.835,463
2026-05-29T15:15:00+05:30,75.835,76.005,75.785,75.86,429
2026-05-29T15:30:00+05:30,75.855,75.88,75.75,75.825,150
2026-05-29T15:45:00+05:30,75.81,75.855,75.65,75.765,244
2026-05-29T16:00:00+05:30,75.755,76.025,75.755,75.925,350
2026-05-29T16:15:00+05:30,75.915,76.055,75.89,76.03,308
2026-05-29T16:30:00+05:30,76.045,76.08,75.775,75.84,447
2026-05-29T16:45:00+05:30,75.85,75.97,75.8,75.905,307
2026-05-29T17:00:00+05:30,75.875,75.9,75.72,75.85,271
2026-05-29T17:15:00+05:30,75.85,76.015,75.595,76.015,680
2026-05-29T17:30:00+05:30,76.01,76.02,75.59,75.65,546
2026-05-29T17:45:00+05:30,75.63,75.725,75.39,75.585,591
2026-05-29T18:00:00+05:30,75.58,75.685,75.33,75.65,830
2026-05-29T18:15:00+05:30,75.655,75.965,75.545,75.925,695
2026-05-29T18:30:00+05:30,75.935,75.99,75.69,75.86,808
2026-05-29T18:45:00+05:30,75.845,76.085,75.75,76.08,653
2026-05-29T19:00:00+05:30,76.08,76.12,75.435,75.815,1380
2026-05-29T19:15:00+05:30,75.775,75.84,75.59,75.72,750
2026-05-29T19:30:00+05:30,75.7,75.98,75.565,75.575,1035
2026-05-29T19:45:00+05:30,75.58,75.595,74.96,75.035,1759
2026-05-29T20:00:00+05:30,75.02,75.3,74.82,75.235,1508
2026-05-29T20:15:00+05:30,75.195,76.03,75.12,75.895,2315
2026-05-29T20:30:00+05:30,75.935,76.965,75.905,76.835,2682
2026-05-29T20:45:00+05:30,76.84,76.9,76.17,76.21,1937
2026-05-29T21:00:00+05:30,76.2,76.34,75.805,75.95,1340
2026-05-29T21:15:00+05:30,75.945,76.07,75.795,76.03,733
2026-05-29T21:30:00+05:30,76.03,76.035,75.7,75.82,613
2026-05-29T21:45:00+05:30,75.82,75.965,75.795,75.82,350
2026-05-29T22:00:00+05:30,75.835,76.265,75.795,76.225,1016
2026-05-29T22:15:00+05:30,76.215,76.23,75.965,76.12,409
2026-05-29T22:30:00+05:30,76.13,76.21,75.905,75.945,400
2026-05-29T22:45:00+05:30,75.98,75.985,75.745,75.875,830
2026-05-29T23:00:00+05:30,75.875,75.91,75.755,75.84,339
2026-05-29T23:15:00+05:30,75.815,75.92,75.56,75.675,426
2026-05-29T23:30:00+05:30,75.675,75.92,75.64,75.91,388
2026-05-29T23:45:00+05:30,75.91,76.015,75.855,75.945,273
2026-05-30T00:00:00+05:30,75.96,76.055,75.95,75.95,159
2026-05-30T00:15:00+05:30,75.945,75.945,75.68,75.765,361
2026-05-30T00:30:00+05:30,75.75,76.11,75.745,76.035,324
2026-05-30T00:45:00+05:30,76.03,76.06,75.9,75.935,234
2026-05-30T01:00:00+05:30,75.925,75.95,75.85,75.885,232
2026-05-30T01:15:00+05:30,75.89,75.905,75.765,75.84,285
2026-05-30T01:30:00+05:30,75.86,75.96,75.735,75.95,308
2026-05-30T01:45:00+05:30,75.95,75.95,75.78,75.78,130
2026-05-30T02:00:00+05:30,75.785,75.83,75.63,75.66,226
2026-05-30T02:15:00+05:30,75.68,75.68,75.55,75.55,224
2026-06-01T03:30:00+05:30,75.545,75.555,73.64,75.195,1191
2026-06-01T03:45:00+05:30,75.175,75.225,75.045,75.125,274
2026-06-01T04:00:00+05:30,75.14,75.26,75.125,75.245,261
2026-06-01T04:15:00+05:30,75.25,75.485,75.25,75.36,452
2026-06-01T04:30:00+05:30,75.36,75.61,75.325,75.54,265
2026-06-01T04:45:00+05:30,75.545,75.75,75.475,75.725,403
2026-06-01T05:00:00+05:30,75.745,75.855,75.605,75.815,475
2026-06-01T05:15:00+05:30,75.785,76,75.705,75.86,603
2026-06-01T05:30:00+05:30,75.875,76.07,75.745,75.89,486
2026-06-01T05:45:00+05:30,75.905,76.025,75.79,75.915,370
2026-06-01T06:00:00+05:30,75.925,76.02,75.75,75.755,354
2026-06-01T06:15:00+05:30,75.785,75.955,75.75,75.87,418
2026-06-01T06:30:00+05:30,75.86,75.985,75.095,75.48,1642
2026-06-01T06:45:00+05:30,75.475,75.83,75.3,75.77,647
2026-06-01T07:00:00+05:30,75.79,76.05,75.555,75.995,700
2026-06-01T07:15:00+05:30,76.005,76.035,75.75,75.835,421
2026-06-01T07:30:00+05:30,75.8,76.32,75.775,76.225,658
2026-06-01T07:45:00+05:30,76.23,76.27,76.145,76.215,301
2026-06-01T08:00:00+05:30,76.2,76.27,75.855,75.995,681
2026-06-01T08:15:00+05:30,75.985,76.055,75.84,75.865,466
2026-06-01T08:30:00+05:30,75.865,76.095,75.75,75.795,542
2026-06-01T08:45:00+05:30,75.78,75.935,75.61,75.875,392
2026-06-01T09:00:00+05:30,75.86,76.045,75.535,75.575,428
2026-06-01T09:15:00+05:30,75.59,75.675,75.455,75.67,321
2026-06-01T09:30:00+05:30,75.68,75.82,75.615,75.67,271
2026-06-01T09:45:00+05:30,75.68,75.845,75.68,75.785,171
2026-06-01T10:00:00+05:30,75.81,75.85,75.725,75.785,133
2026-06-01T10:15:00+05:30,75.78,75.85,75.62,75.83,194
2026-06-01T10:30:00+05:30,75.84,76,75.81,75.975,246
2026-06-01T10:45:00+05:30,75.975,76.15,75.96,76.035,311
2026-06-01T11:00:00+05:30,76.045,76.13,75.775,76.05,556
2026-06-01T11:15:00+05:30,76.02,76.255,76.01,76.1,316
2026-06-01T11:30:00+05:30,76.105,76.12,75.93,76.01,340
2026-06-01T11:45:00+05:30,76.01,76.015,75.78,75.955,353
2026-06-01T12:00:00+05:30,75.96,76.035,75.785,75.825,310
2026-06-01T12:15:00+05:30,75.83,75.855,75.525,75.68,547
2026-06-01T12:30:00+05:30,75.665,76.155,75.635,76.105,446
2026-06-01T12:45:00+05:30,76.11,76.16,75.88,76,317
2026-06-01T13:00:00+05:30,76.03,76.115,75.68,75.69,321
2026-06-01T13:15:00+05:30,75.705,76.08,75.55,76.06,457
2026-06-01T13:30:00+05:30,76.1,76.19,75.64,75.775,507
2026-06-01T13:45:00+05:30,75.805,75.84,75.6,75.76,315
2026-06-01T14:00:00+05:30,75.74,76.025,75.63,76.025,220
2026-06-01T14:15:00+05:30,76.025,76.065,75.82,75.97,331
2026-06-01T14:30:00+05:30,75.975,76.13,75.955,76.115,274
2026-06-01T14:45:00+05:30,76.115,76.57,76.085,76.115,779
2026-06-01T15:00:00+05:30,76.115,76.155,75.98,76.06,308
2026-06-01T15:15:00+05:30,76.055,76.07,75.9,75.95,249
2026-06-01T15:30:00+05:30,75.94,76.24,75.94,76.195,198
2026-06-01T15:45:00+05:30,76.195,76.235,76.065,76.12,163
2026-06-01T16:00:00+05:30,76.135,76.265,76.05,76.15,232
2026-06-01T16:15:00+05:30,76.155,76.205,75.91,75.985,271
2026-06-01T16:30:00+05:30,75.975,76.08,75.81,75.99,404
2026-06-01T16:45:00+05:30,76.025,76.185,75.985,76.185,200
2026-06-01T17:00:00+05:30,76.14,76.21,75.985,76.035,271
2026-06-01T17:15:00+05:30,76.035,76.1,75.935,76,197
2026-06-01T17:30:00+05:30,75.995,76.05,75.7,75.715,344
2026-06-01T17:45:00+05:30,75.755,75.94,75.6,75.835,641
2026-06-01T18:00:00+05:30,75.82,76.02,75.565,76.01,558
2026-06-01T18:15:00+05:30,76,76.205,75.99,76.05,814
2026-06-01T18:30:00+05:30,76.065,76.175,75.13,75.455,2028
2026-06-01T18:45:00+05:30,75.41,75.62,74.745,74.86,1993
2026-06-01T19:00:00+05:30,74.88,75.11,74.655,74.825,1863
2026-06-01T19:15:00+05:30,74.83,74.92,74.075,74.25,1611
2026-06-01T19:30:00+05:30,74.125,74.69,74.045,74.665,1248
2026-06-01T19:45:00+05:30,74.645,74.765,74.33,74.595,1216
2026-06-01T20:00:00+05:30,74.58,74.8,74.53,74.76,624
2026-06-01T20:15:00+05:30,74.755,74.805,74.375,74.55,593
2026-06-01T20:30:00+05:30,74.57,74.895,74.46,74.86,657
2026-06-01T20:45:00+05:30,74.855,75,74.735,74.935,454
2026-06-01T21:00:00+05:30,74.935,75.525,74.925,75.22,1310
2026-06-01T21:15:00+05:30,75.24,75.295,75.105,75.185,372
2026-06-01T21:30:00+05:30,75.17,75.375,74.9,75.01,609
2026-06-01T21:45:00+05:30,75.01,75.03,74.855,75,412
2026-06-01T22:00:00+05:30,75,75.095,74.875,74.895,349
2026-06-01T22:15:00+05:30,74.88,75.34,74.87,75.26,522
2026-06-01T22:30:00+05:30,75.26,75.3,75.155,75.275,336
2026-06-01T22:45:00+05:30,75.28,75.47,75.15,75.47,622
2026-06-01T23:00:00+05:30,75.475,75.665,75.3,75.565,1023
2026-06-01T23:15:00+05:30,75.57,75.745,75.54,75.63,525
2026-06-01T23:30:00+05:30,75.655,75.67,75.485,75.505,303
2026-06-01T23:45:00+05:30,75.49,75.58,75.435,75.47,220
2026-06-02T00:00:00+05:30,75.47,75.52,75.37,75.51,180
2026-06-02T00:15:00+05:30,75.505,75.58,75.495,75.515,103
2026-06-02T00:30:00+05:30,75.5,75.52,75.335,75.335,165
2026-06-02T00:45:00+05:30,75.345,75.365,75.28,75.285,95
2026-06-02T01:00:00+05:30,75.29,75.335,75.22,75.24,154
2026-06-02T01:15:00+05:30,75.245,75.26,75.055,75.125,284
2026-06-02T01:30:00+05:30,75.13,75.24,75.08,75.145,348
2026-06-02T01:45:00+05:30,75.135,75.155,75.095,75.115,56
2026-06-02T02:00:00+05:30,75.1,75.195,75.07,75.155,136
2026-06-02T02:15:00+05:30,75.14,75.18,75.065,75.17,136
2026-06-02T03:30:00+05:30,75.2,75.24,75.01,75.095,268
2026-06-02T03:45:00+05:30,75.1,75.15,75.04,75.065,134
2026-06-02T04:00:00+05:30,75.075,75.185,75.065,75.12,80
2026-06-02T04:15:00+05:30,75.14,75.25,75.13,75.235,107
2026-06-02T04:30:00+05:30,75.225,75.28,75.15,75.275,173
2026-06-02T04:45:00+05:30,75.265,75.425,75.25,75.4,252
2026-06-02T05:00:00+05:30,75.395,75.435,75.255,75.365,225
2026-06-02T05:15:00+05:30,75.305,75.385,75.2,75.325,260
2026-06-02T05:30:00+05:30,75.32,75.35,75.08,75.195,486
2026-06-02T05:45:00+05:30,75.22,75.495,75.22,75.495,356
2026-06-02T06:00:00+05:30,75.5,75.6,75.24,75.3,495
2026-06-02T06:15:00+05:30,75.27,75.29,75.14,75.23,327
2026-06-02T06:30:00+05:30,75.215,76.16,75,76.095,1388
2026-06-02T06:45:00+05:30,76.09,76.22,75.8,76.035,1153
2026-06-02T07:00:00+05:30,76.045,76.1,75.605,75.645,653
2026-06-02T07:15:00+05:30,75.625,75.685,74.755,75.12,1530
2026-06-02T07:30:00+05:30,75.115,75.39,75.105,75.37,510
2026-06-02T07:45:00+05:30,75.4,75.58,75.375,75.505,473
2026-06-02T08:00:00+05:30,75.515,75.625,75.27,75.33,402
2026-06-02T08:15:00+05:30,75.35,75.62,75.16,75.595,368
2026-06-02T08:30:00+05:30,75.595,75.82,75.46,75.52,406
2026-06-02T08:45:00+05:30,75.545,75.695,75.44,75.635,321
2026-06-02T09:00:00+05:30,75.635,75.67,75.485,75.515,292
2026-06-02T09:15:00+05:30,75.505,75.575,75.46,75.575,163
2026-06-02T09:30:00+05:30,75.565,75.8,75.545,75.735,250
2026-06-02T09:45:00+05:30,75.73,75.945,75.72,75.855,240
2026-06-02T10:00:00+05:30,75.845,76.07,75.825,76.025,413
2026-06-02T10:15:00+05:30,76.01,76.21,76,76.06,248
2026-06-02T10:30:00+05:30,76.07,76.21,76.05,76.2,246
2026-06-02T10:45:00+05:30,76.2,76.4,76.085,76.34,552
2026-06-02T11:00:00+05:30,76.345,77.23,76.31,77.005,2223
2026-06-02T11:15:00+05:30,77.05,77.06,76.665,76.73,626
2026-06-02T11:30:00+05:30,76.74,77.075,76.725,76.735,808
2026-06-02T11:45:00+05:30,76.72,77.055,76.72,77.005,458
2026-06-02T12:00:00+05:30,77.02,77.15,76.855,76.915,592
2026-06-02T12:15:00+05:30,76.91,77.13,76.835,77.095,486
2026-06-02T12:30:00+05:30,77.1,77.2,76.985,77.075,484
2026-06-02T12:45:00+05:30,77.05,77.18,76.94,76.99,472
2026-06-02T13:00:00+05:30,76.99,77.14,76.9,77.05,215
2026-06-02T13:15:00+05:30,77.05,77.28,77,77.265,416
2026-06-02T13:30:00+05:30,77.26,77.345,77.12,77.175,364
2026-06-02T13:45:00+05:30,77.18,77.23,76.975,77.09,405
2026-06-02T14:00:00+05:30,77.095,77.16,76.91,76.91,243
2026-06-02T14:15:00+05:30,76.92,76.96,76.7,76.765,255
2026-06-02T14:30:00+05:30,76.77,76.865,76.605,76.865,372
2026-06-02T14:45:00+05:30,76.885,76.895,76.63,76.7,412
2026-06-02T15:00:00+05:30,76.71,76.72,76.475,76.675,449
2026-06-02T15:15:00+05:30,76.69,76.79,76.58,76.605,237
2026-06-02T15:30:00+05:30,76.6,76.7,76.52,76.615,269
2026-06-02T15:45:00+05:30,76.61,76.62,76.44,76.525,229
2026-06-02T16:00:00+05:30,76.52,76.61,76.52,76.6,151
2026-06-02T16:15:00+05:30,76.635,76.735,76.565,76.72,277
2026-06-02T16:30:00+05:30,76.715,76.735,76.55,76.58,260
2026-06-02T16:45:00+05:30,76.595,76.76,76.535,76.73,174
2026-06-02T17:00:00+05:30,76.765,76.8,76.64,76.655,315
2026-06-02T17:15:00+05:30,76.645,76.76,76.59,76.63,215
2026-06-02T17:30:00+05:30,76.625,76.705,76.505,76.56,277
2026-06-02T17:45:00+05:30,76.54,77.005,76.475,76.98,599
2026-06-02T18:00:00+05:30,76.99,77.035,76.68,76.795,780
2026-06-02T18:15:00+05:30,76.78,76.79,76.31,76.415,762
2026-06-02T18:30:00+05:30,76.42,76.87,76.335,76.475,1360
2026-06-02T18:45:00+05:30,76.485,76.525,76.13,76.24,831
2026-06-02T19:00:00+05:30,76.255,76.63,76.1,76.455,1178
2026-06-02T19:15:00+05:30,76.445,76.585,76.145,76.195,742
2026-06-02T19:30:00+05:30,76.23,76.3,75.88,76.12,1276
2026-06-02T19:45:00+05:30,76.1,76.135,75.55,75.77,1647
2026-06-02T20:00:00+05:30,75.775,76.205,75.775,76.16,957
2026-06-02T20:15:00+05:30,76.165,76.23,75.945,76.035,560
2026-06-02T20:30:00+05:30,76.02,76.31,76.01,76.16,629
2026-06-02T20:45:00+05:30,76.19,76.335,76.14,76.245,547
2026-06-02T21:00:00+05:30,76.245,76.375,76.15,76.22,478
2026-06-02T21:15:00+05:30,76.22,76.315,76.035,76.085,382
2026-06-02T21:30:00+05:30,76.105,76.135,75.945,75.975,550
2026-06-02T21:45:00+05:30,76.01,76.01,75.7,75.75,496
2026-06-02T22:00:00+05:30,75.75,75.825,75.615,75.715,458
2026-06-02T22:15:00+05:30,75.705,75.89,75.69,75.735,366
2026-06-02T22:30:00+05:30,75.745,75.82,75.58,75.74,575
2026-06-02T22:45:00+05:30,75.72,75.735,75.52,75.645,654
2026-06-02T23:00:00+05:30,75.63,75.755,75.315,75.415,766
2026-06-02T23:15:00+05:30,75.385,75.465,75.355,75.42,334
2026-06-02T23:30:00+05:30,75.42,75.57,75.355,75.395,497
2026-06-02T23:45:00+05:30,75.39,75.59,75.355,75.485,264
2026-06-03T00:00:00+05:30,75.485,75.53,75.045,75.115,548
2026-06-03T00:15:00+05:30,75.11,75.495,75.08,75.455,517
2026-06-03T00:30:00+05:30,75.465,75.555,75.42,75.42,235
2026-06-03T00:45:00+05:30,75.41,75.475,75.33,75.475,301
2026-06-03T01:00:00+05:30,75.47,75.505,75.285,75.42,312
2026-06-03T01:15:00+05:30,75.435,75.48,75.375,75.46,182
2026-06-03T01:30:00+05:30,75.445,75.53,75.385,75.525,158
2026-06-03T01:45:00+05:30,75.52,75.57,75.475,75.495,126
2026-06-03T02:00:00+05:30,75.505,75.505,75.455,75.465,114
2026-06-03T02:15:00+05:30,75.455,75.47,75.37,75.395,169
2026-06-03T03:30:00+05:30,75.345,75.61,75.345,75.44,312
2026-06-03T03:45:00+05:30,75.43,75.535,75.39,75.435,184
2026-06-03T04:00:00+05:30,75.445,75.46,75.335,75.37,88
2026-06-03T04:15:00+05:30,75.395,75.435,75.22,75.22,273
2026-06-03T04:30:00+05:30,75.245,75.285,74.855,74.94,672
2026-06-03T04:45:00+05:30,74.945,74.96,74.555,74.715,945
2026-06-03T05:00:00+05:30,74.715,75.095,74.57,75.095,863
2026-06-03T05:15:00+05:30,75.08,75.12,74.92,75.08,371
2026-06-03T05:30:00+05:30,75.08,75.23,75.005,75.05,400
2026-06-03T05:45:00+05:30,75.065,75.28,75.015,75.265,250
2026-06-03T06:00:00+05:30,75.275,75.63,75.205,75.615,567
2026-06-03T06:15:00+05:30,75.595,75.61,75.41,75.435,403
2026-06-03T06:30:00+05:30,75.46,75.51,74.58,74.795,1738
2026-06-03T06:45:00+05:30,74.755,74.855,74.13,74.56,1161
2026-06-03T07:00:00+05:30,74.57,74.945,74.55,74.88,781
2026-06-03T07:15:00+05:30,74.895,75.105,74.855,75.005,560
2026-06-03T07:30:00+05:30,75.01,75.13,74.915,75.08,292
2026-06-03T07:45:00+05:30,75.09,75.09,74.845,74.945,266
2026-06-03T08:00:00+05:30,74.955,75.27,74.795,75.085,610
2026-06-03T08:15:00+05:30,75.055,75.215,74.93,75.215,442
2026-06-03T08:30:00+05:30,75.2,75.495,75.18,75.315,483
2026-06-03T08:45:00+05:30,75.305,75.405,75.245,75.375,224
2026-06-03T09:00:00+05:30,75.375,75.375,75.29,75.32,144
2026-06-03T09:15:00+05:30,75.325,75.43,75.275,75.425,192
2026-06-03T09:30:00+05:30,75.425,75.495,75.355,75.375,205
2026-06-03T09:45:00+05:30,75.425,75.43,75.135,75.135,222
2026-06-03T10:00:00+05:30,75.13,75.155,74.965,75.11,220
2026-06-03T10:15:00+05:30,75.1,75.105,74.94,74.94,169
2026-06-03T10:30:00+05:30,74.935,75.145,74.82,75.1,407
2026-06-03T10:45:00+05:30,75.095,75.15,74.88,74.915,220
2026-06-03T11:00:00+05:30,74.95,74.955,74.62,74.735,913
2026-06-03T11:15:00+05:30,74.725,74.905,74.645,74.66,439
2026-06-03T11:30:00+05:30,74.68,74.975,74.67,74.795,536
2026-06-03T11:45:00+05:30,74.835,74.95,74.665,74.725,289
2026-06-03T12:00:00+05:30,74.73,74.77,74.305,74.485,748
2026-06-03T12:15:00+05:30,74.495,74.655,74.25,74.625,381
2026-06-03T12:30:00+05:30,74.65,74.86,74.5,74.73,528
2026-06-03T12:45:00+05:30,74.7,74.72,74.345,74.385,260
2026-06-03T13:00:00+05:30,74.355,74.55,74.32,74.46,287
2026-06-03T13:15:00+05:30,74.455,74.56,74.315,74.325,231
2026-06-03T13:30:00+05:30,74.34,74.49,74.245,74.4,407
2026-06-03T13:45:00+05:30,74.39,74.6,74.285,74.575,283
2026-06-03T14:00:00+05:30,74.58,74.625,74.55,74.57,148
2026-06-03T14:15:00+05:30,74.59,74.665,74.27,74.365,404
2026-06-03T14:30:00+05:30,74.35,74.73,74.335,74.575,380
2026-06-03T14:45:00+05:30,74.58,74.605,74.35,74.35,355
2026-06-03T15:00:00+05:30,74.375,74.505,74.35,74.485,156
2026-06-03T15:15:00+05:30,74.46,74.46,74.21,74.235,321
2026-06-03T15:30:00+05:30,74.23,75.115,74.21,74.82,1100
2026-06-03T15:45:00+05:30,74.795,74.805,74.535,74.74,362
2026-06-03T16:00:00+05:30,74.73,74.84,74.47,74.525,441
2026-06-03T16:15:00+05:30,74.53,74.685,74.52,74.61,165
2026-06-03T16:30:00+05:30,74.625,74.795,74.55,74.745,429
2026-06-03T16:45:00+05:30,74.74,74.74,74.575,74.705,170
2026-06-03T17:00:00+05:30,74.715,74.81,74.67,74.75,187
2026-06-03T17:15:00+05:30,74.75,74.855,74.695,74.8,219
2026-06-03T17:30:00+05:30,74.825,74.85,74.57,74.63,315
2026-06-03T17:45:00+05:30,74.575,74.82,74.365,74.415,645
2026-06-03T18:00:00+05:30,74.435,74.475,74.175,74.28,887
2026-06-03T18:15:00+05:30,74.29,74.78,74.215,74.46,1145
2026-06-03T18:30:00+05:30,74.455,74.775,74.285,74.695,1023
2026-06-03T18:45:00+05:30,74.665,74.74,74.2,74.32,928
2026-06-03T19:00:00+05:30,74.335,74.485,73.43,73.44,2430
2026-06-03T19:15:00+05:30,73.465,74.085,73.39,74.05,1771
2026-06-03T19:30:00+05:30,73.995,74.23,73.875,74.015,988
2026-06-03T19:45:00+05:30,74.01,74.2,73.77,73.99,982
2026-06-03T20:00:00+05:30,73.985,74.04,73.78,73.9,354
2026-06-03T20:15:00+05:30,73.9,74.25,73.845,74.175,683
2026-06-03T20:30:00+05:30,74.2,74.245,73.695,73.75,532
2026-06-03T20:45:00+05:30,73.755,74,73.445,73.68,1422
2026-06-03T21:00:00+05:30,73.67,73.795,73.53,73.69,604
2026-06-03T21:15:00+05:30,73.71,73.725,73.555,73.63,245
2026-06-03T21:30:00+05:30,73.65,73.78,73.5,73.6,384
2026-06-03T21:45:00+05:30,73.595,73.675,73.36,73.585,697
2026-06-03T22:00:00+05:30,73.57,73.715,73.495,73.54,365
2026-06-03T22:15:00+05:30,73.585,73.695,73.345,73.645,762
2026-06-03T22:30:00+05:30,73.68,73.94,73.615,73.64,590
2026-06-03T22:45:00+05:30,73.66,73.78,73.56,73.605,463
2026-06-03T23:00:00+05:30,73.585,73.715,73.51,73.67,298
2026-06-03T23:15:00+05:30,73.67,73.675,73.34,73.505,539
2026-06-03T23:30:00+05:30,73.49,73.6,73.42,73.47,199
2026-06-03T23:45:00+05:30,73.47,73.545,73.31,73.45,545
2026-06-04T00:00:00+05:30,73.445,73.53,73.335,73.405,200
2026-06-04T00:15:00+05:30,73.42,73.54,73.42,73.475,127
2026-06-04T00:30:00+05:30,73.48,73.605,73.43,73.56,200
2026-06-04T00:45:00+05:30,73.565,73.73,73.495,73.555,372
2026-06-04T01:00:00+05:30,73.57,73.66,73.57,73.585,137
2026-06-04T01:15:00+05:30,73.56,73.57,73.415,73.43,286
2026-06-04T01:30:00+05:30,73.435,73.46,73.08,73.19,695
2026-06-04T01:45:00+05:30,73.195,73.235,73.09,73.175,168
2026-06-04T02:00:00+05:30,73.165,73.165,72.915,72.935,377
2026-06-04T02:15:00+05:30,72.94,73.035,72.84,72.955,346
2026-06-04T03:30:00+05:30,73.1,73.185,72.83,72.925,505
2026-06-04T03:45:00+05:30,72.93,72.995,72.62,72.935,441
2026-06-04T04:00:00+05:30,72.935,73.155,72.925,73.03,276
2026-06-04T04:15:00+05:30,73.04,73.455,73.01,73.35,392
2026-06-04T04:30:00+05:30,73.345,73.415,73.2,73.275,345
2026-06-04T04:45:00+05:30,73.275,73.385,73.255,73.365,155
2026-06-04T05:00:00+05:30,73.365,73.415,73.26,73.355,217
2026-06-04T05:15:00+05:30,73.38,73.625,73.38,73.415,441
2026-06-04T05:30:00+05:30,73.39,73.595,73.26,73.3,532
2026-06-04T05:45:00+05:30,73.295,73.48,73.245,73.315,276
2026-06-04T06:00:00+05:30,73.335,73.44,73.22,73.385,266
2026-06-04T06:15:00+05:30,73.36,73.55,73.315,73.47,369
2026-06-04T06:30:00+05:30,73.45,73.95,73.265,73.9,1223
2026-06-04T06:45:00+05:30,73.885,74.05,73.72,73.84,610
2026-06-04T07:00:00+05:30,73.84,73.985,73.155,73.25,993
2026-06-04T07:15:00+05:30,73.24,73.56,72.965,73.305,1058
2026-06-04T07:30:00+05:30,73.315,73.45,73.145,73.36,694
2026-06-04T07:45:00+05:30,73.345,73.43,73.18,73.375,377
2026-06-04T08:00:00+05:30,73.395,73.495,73.2,73.37,371
2026-06-04T08:15:00+05:30,73.385,73.91,73.385,73.81,670
2026-06-04T08:30:00+05:30,73.84,73.94,73.685,73.735,485
2026-06-04T08:45:00+05:30,73.745,73.755,73.54,73.675,269
2026-06-04T09:00:00+05:30,73.685,73.78,73.515,73.55,174
2026-06-04T09:15:00+05:30,73.54,73.71,73.445,73.685,216
2026-06-04T09:30:00+05:30,73.685,73.91,73.64,73.885,189
2026-06-04T09:45:00+05:30,73.9,73.99,73.83,73.86,264
2026-06-04T10:00:00+05:30,73.87,74.125,73.865,74.115,429
2026-06-04T10:15:00+05:30,74.095,74.16,73.9,73.93,260
2026-06-04T10:30:00+05:30,73.94,73.955,73.67,73.815,244
2026-06-04T10:45:00+05:30,73.83,73.83,73.65,73.69,157
2026-06-04T11:00:00+05:30,73.695,73.75,73.44,73.61,505
2026-06-04T11:15:00+05:30,73.615,73.67,73.285,73.4,386
2026-06-04T11:30:00+05:30,73.4,73.705,73.345,73.605,435
2026-06-04T11:45:00+05:30,73.62,73.62,73.215,73.44,571
2026-06-04T12:00:00+05:30,73.435,73.445,73.12,73.15,729
2026-06-04T12:15:00+05:30,73.15,73.45,73.11,73.385,519
2026-06-04T12:30:00+05:30,73.385,73.435,73.195,73.31,293
2026-06-04T12:45:00+05:30,73.33,73.45,73.26,73.365,285
2026-06-04T13:00:00+05:30,73.355,73.515,73.325,73.355,293
2026-06-04T13:15:00+05:30,73.395,73.45,73.3,73.425,110
2026-06-04T13:30:00+05:30,73.405,73.64,73.36,73.38,316
2026-06-04T13:45:00+05:30,73.425,73.57,73.335,73.56,258
2026-06-04T14:00:00+05:30,73.595,73.72,73.42,73.54,376
2026-06-04T14:15:00+05:30,73.55,73.57,73.385,73.505,142
2026-06-04T14:30:00+05:30,73.46,73.665,73.42,73.45,231
2026-06-04T14:45:00+05:30,73.47,73.635,73.44,73.58,212
2026-06-04T15:00:00+05:30,73.57,73.87,73.55,73.82,337
2026-06-04T15:15:00+05:30,73.805,73.88,73.69,73.71,286
2026-06-04T15:30:00+05:30,73.695,73.785,73.63,73.72,271
2026-06-04T15:45:00+05:30,73.72,73.76,73.605,73.725,189
2026-06-04T16:00:00+05:30,73.71,73.75,73.57,73.615,170
2026-06-04T16:15:00+05:30,73.64,73.715,73.54,73.68,172
2026-06-04T16:30:00+05:30,73.66,73.76,73.59,73.645,253
2026-06-04T16:45:00+05:30,73.66,74.26,73.66,74.175,659
2026-06-04T17:00:00+05:30,74.215,74.26,73.965,74.245,681
2026-06-04T17:15:00+05:30,74.255,74.915,74.235,74.86,1175
2026-06-04T17:30:00+05:30,74.85,74.925,74.26,74.38,1437
2026-06-04T17:45:00+05:30,74.4,74.765,74.315,74.7,800
2026-06-04T18:00:00+05:30,74.7,74.75,74.535,74.645,588
2026-06-04T18:15:00+05:30,74.645,74.905,74.6,74.78,967
2026-06-04T18:30:00+05:30,74.775,75.325,74.61,75.01,2435
2026-06-04T18:45:00+05:30,74.98,75.22,74.85,74.895,667
2026-06-04T19:00:00+05:30,74.895,75.11,74.79,75.105,1046
2026-06-04T19:15:00+05:30,75.12,75.125,74.555,74.555,971
2026-06-04T19:30:00+05:30,74.57,74.69,74.19,74.38,1305
2026-06-04T19:45:00+05:30,74.38,74.49,74.125,74.28,689
2026-06-04T20:00:00+05:30,74.28,74.31,74.01,74.095,894
2026-06-04T20:15:00+05:30,74.095,74.12,73.42,73.725,1793
2026-06-04T20:30:00+05:30,73.715,74.015,73.67,74,802
2026-06-04T20:45:00+05:30,73.99,74.02,73.825,73.885,310
2026-06-04T21:00:00+05:30,73.885,74.115,73.875,74,488
2026-06-04T21:15:00+05:30,74,74.115,73.95,74.08,319
2026-06-04T21:30:00+05:30,74.08,74.21,74.02,74.07,470
2026-06-04T21:45:00+05:30,74.06,74.195,74.03,74.1,294
2026-06-04T22:00:00+05:30,74.1,74.13,74.005,74.1,254
2026-06-04T22:15:00+05:30,74.1,74.145,74.025,74.08,202
2026-06-04T22:30:00+05:30,74.07,74.17,73.975,73.99,458
2026-06-04T22:45:00+05:30,73.975,74.105,73.85,74.085,590
2026-06-04T23:00:00+05:30,74.1,74.33,74.08,74.225,473
2026-06-04T23:15:00+05:30,74.21,74.235,74.13,74.15,161
2026-06-04T23:30:00+05:30,74.165,74.34,74.09,74.28,383
2026-06-04T23:45:00+05:30,74.295,74.355,74.21,74.245,298
2026-06-05T00:00:00+05:30,74.25,74.255,74.065,74.14,342
2026-06-05T00:15:00+05:30,74.14,74.27,74.125,74.23,257
2026-06-05T00:30:00+05:30,74.235,74.365,74.165,74.22,232
2026-06-05T00:45:00+05:30,74.205,74.32,74.2,74.32,107
2026-06-05T01:00:00+05:30,74.325,74.395,74.255,74.345,219
2026-06-05T01:15:00+05:30,74.36,74.36,74.25,74.32,217
2026-06-05T01:30:00+05:30,74.325,74.335,74.205,74.25,148
2026-06-05T01:45:00+05:30,74.235,74.285,74.175,74.205,87
2026-06-05T02:00:00+05:30,74.195,74.22,74.14,74.18,126
2026-06-05T02:15:00+05:30,74.16,74.195,74.115,74.13,165
2026-06-05T03:30:00+05:30,74.09,74.225,74.09,74.165,197
2026-06-05T03:45:00+05:30,74.18,74.25,74.145,74.205,111
2026-06-05T04:00:00+05:30,74.21,74.285,74.195,74.23,106
2026-06-05T04:15:00+05:30,74.215,74.26,74.115,74.15,115
2026-06-05T04:30:00+05:30,74.145,74.385,74.06,74.295,302
2026-06-05T04:45:00+05:30,74.285,74.31,74.16,74.195,141
2026-06-05T05:00:00+05:30,74.18,74.18,74.03,74.09,194
2026-06-05T05:15:00+05:30,74.05,74.275,74.025,74.045,247
2026-06-05T05:30:00+05:30,74.04,74.08,73.74,73.815,628
2026-06-05T05:45:00+05:30,73.865,73.91,73.665,73.815,402
2026-06-05T06:00:00+05:30,73.805,73.975,73.745,73.765,330
2026-06-05T06:15:00+05:30,73.75,73.835,73.5,73.51,680
2026-06-05T06:30:00+05:30,73.52,73.565,72.97,73.18,2114
2026-06-05T06:45:00+05:30,73.18,73.29,72.705,73.03,1140
2026-06-05T07:00:00+05:30,73.03,73.165,72.895,72.96,475
2026-06-05T07:15:00+05:30,72.965,73.12,72.77,72.85,827
2026-06-05T07:30:00+05:30,72.845,73.1,72.715,73.06,502
2026-06-05T07:45:00+05:30,73.065,73.17,72.9,73.045,537
2026-06-05T08:00:00+05:30,73.035,73.045,72.52,72.81,956
2026-06-05T08:15:00+05:30,72.795,73.145,72.74,72.785,507
2026-06-05T08:30:00+05:30,72.775,72.825,72.57,72.695,529
2026-06-05T08:45:00+05:30,72.7,72.76,72.51,72.64,661
2026-06-05T09:00:00+05:30,72.665,72.935,72.66,72.91,493
2026-06-05T09:15:00+05:30,72.915,72.92,72.745,72.89,307
2026-06-05T09:30:00+05:30,72.91,72.91,72.705,72.835,233
2026-06-05T09:45:00+05:30,72.825,72.91,72.745,72.805,220
2026-06-05T10:00:00+05:30,72.815,73.02,72.735,72.89,226
2026-06-05T10:15:00+05:30,72.89,73.035,72.815,73.005,324
2026-06-05T10:30:00+05:30,72.99,73.045,72.885,72.95,274
2026-06-05T10:45:00+05:30,72.93,72.94,72.795,72.805,197
2026-06-05T11:00:00+05:30,72.78,72.83,72.375,72.615,1317
2026-06-05T11:15:00+05:30,72.615,72.73,72.36,72.43,501
2026-06-05T11:30:00+05:30,72.435,72.52,72.04,72.05,1176
2026-06-05T11:45:00+05:30,72.04,72.27,71.445,72.175,1875
2026-06-05T12:00:00+05:30,72.2,72.645,72.155,72.55,1017
2026-06-05T12:15:00+05:30,72.55,72.81,72.455,72.765,717
2026-06-05T12:30:00+05:30,72.755,72.865,72.61,72.68,419
2026-06-05T12:45:00+05:30,72.685,72.92,72.625,72.875,367
2026-06-05T13:00:00+05:30,72.865,72.925,72.605,72.675,338
2026-06-05T13:15:00+05:30,72.67,72.84,72.67,72.785,218
2026-06-05T13:30:00+05:30,72.765,72.775,72.585,72.62,420
2026-06-05T13:45:00+05:30,72.62,72.92,72.59,72.915,278
2026-06-05T14:00:00+05:30,72.91,72.965,72.71,72.73,274
2026-06-05T14:15:00+05:30,72.72,72.78,72.695,72.75,92
2026-06-05T14:30:00+05:30,72.75,73.11,72.67,72.925,480
2026-06-05T14:45:00+05:30,72.945,73.065,72.81,72.845,378
2026-06-05T15:00:00+05:30,72.845,73.01,72.745,72.895,289
2026-06-05T15:15:00+05:30,72.905,73.01,72.875,72.945,127
2026-06-05T15:30:00+05:30,72.935,72.95,72.84,72.9,155
2026-06-05T15:45:00+05:30,72.91,73,72.885,72.965,282
2026-06-05T16:00:00+05:30,72.97,73.005,72.845,73.005,135
2026-06-05T16:15:00+05:30,72.995,73.09,72.985,73.035,173
2026-06-05T16:30:00+05:30,73.02,73.06,72.745,72.765,480
2026-06-05T16:45:00+05:30,72.765,72.965,72.605,72.965,642
2026-06-05T17:00:00+05:30,72.94,73.05,72.81,72.85,310
2026-06-05T17:15:00+05:30,72.84,73.225,72.79,73.17,582
2026-06-05T17:30:00+05:30,73.185,73.42,73.02,73.335,864
2026-06-05T17:45:00+05:30,73.335,73.695,73.31,73.495,786
2026-06-05T18:00:00+05:30,73.47,73.47,72.62,72.82,2017
2026-06-05T18:15:00+05:30,72.82,72.875,71.54,71.65,2594
2026-06-05T18:30:00+05:30,71.66,71.66,70.925,71.435,3502
2026-06-05T18:45:00+05:30,71.43,71.505,70.93,71,1363
2026-06-05T19:00:00+05:30,70.99,71.19,70.45,70.63,2268
2026-06-05T19:15:00+05:30,70.63,70.745,69.745,69.79,2530
2026-06-05T19:30:00+05:30,69.785,70.105,69.425,69.515,2845
2026-06-05T19:45:00+05:30,69.51,69.745,68.92,69.315,2459
2026-06-05T20:00:00+05:30,69.3,69.615,68.97,69.12,1682
2026-06-05T20:15:00+05:30,69.085,69.585,68.96,69.585,1518
2026-06-05T20:30:00+05:30,69.585,69.655,68.98,68.98,1096
2026-06-05T20:45:00+05:30,68.965,69.165,68.62,69.105,1672
2026-06-05T21:00:00+05:30,69.095,69.23,68.655,69.005,1101
2026-06-05T21:15:00+05:30,69.015,69.135,68.865,68.9,567
2026-06-05T21:30:00+05:30,68.915,69.11,68.79,69,885
2026-06-05T21:45:00+05:30,68.99,69.225,68.765,69.07,821
2026-06-05T22:00:00+05:30,69.05,69.07,68.725,68.805,759
2026-06-05T22:15:00+05:30,68.795,69.39,68.5,69.35,1239
2026-06-05T22:30:00+05:30,69.385,69.46,69.035,69.16,844
2026-06-05T22:45:00+05:30,69.185,69.38,68.98,69.16,1194
2026-06-05T23:00:00+05:30,69.17,69.255,68.955,68.995,469
2026-06-05T23:15:00+05:30,69.005,69.105,68.9,69.045,454
2026-06-05T23:30:00+05:30,69.045,69.07,68.36,68.375,955
2026-06-05T23:45:00+05:30,68.375,68.665,68.185,68.29,1265
2026-06-06T00:00:00+05:30,68.26,68.395,68.12,68.26,639
2026-06-06T00:15:00+05:30,68.23,68.51,68.165,68.39,690
2026-06-06T00:30:00+05:30,68.385,68.405,68.135,68.145,423
2026-06-06T00:45:00+05:30,68.165,68.41,68.07,68.39,747
2026-06-06T01:00:00+05:30,68.385,68.415,67.93,68.14,658
2026-06-06T01:15:00+05:30,68.14,68.35,68.12,68.16,545
2026-06-06T01:30:00+05:30,68.175,68.185,67.71,67.805,645
2026-06-06T01:45:00+05:30,67.77,68.04,67.695,67.965,327
2026-06-06T02:00:00+05:30,68,68.015,67.76,67.935,375
2026-06-06T02:15:00+05:30,67.925,68.12,67.81,68,367
2026-06-08T03:30:00+05:30,67.86,68.08,67.035,67.7,2127
2026-06-08T03:45:00+05:30,67.71,67.88,67.39,67.42,1127
2026-06-08T04:00:00+05:30,67.45,67.91,67.42,67.79,723
2026-06-08T04:15:00+05:30,67.77,67.8,67.43,67.44,738
2026-06-08T04:30:00+05:30,67.44,67.93,67.435,67.84,683
2026-06-08T04:45:00+05:30,67.84,67.96,67.715,67.87,492
2026-06-08T05:00:00+05:30,67.86,68.165,67.855,68.1,540
2026-06-08T05:15:00+05:30,68.09,68.335,67.995,68.305,799
2026-06-08T05:30:00+05:30,68.28,68.425,68.08,68.23,736
2026-06-08T05:45:00+05:30,68.22,68.59,68.165,68.56,812
2026-06-08T06:00:00+05:30,68.56,68.58,68.335,68.41,583
2026-06-08T06:15:00+05:30,68.415,68.555,68.265,68.43,857
2026-06-08T06:30:00+05:30,68.43,68.58,67.575,67.605,2749
2026-06-08T06:45:00+05:30,67.605,67.86,67.085,67.4,2833
2026-06-08T07:00:00+05:30,67.4,67.94,67.02,67.825,2262
2026-06-08T07:15:00+05:30,67.825,67.98,67.585,67.935,844
2026-06-08T07:30:00+05:30,67.965,68.155,67.695,67.78,887
2026-06-08T07:45:00+05:30,67.79,67.86,67.59,67.71,606
2026-06-08T08:00:00+05:30,67.72,67.875,67.49,67.81,1238
2026-06-08T08:15:00+05:30,67.79,67.975,67.61,67.635,563
2026-06-08T08:30:00+05:30,67.65,67.775,67.385,67.42,524
2026-06-08T08:45:00+05:30,67.41,67.64,67.38,67.495,403
2026-06-08T09:00:00+05:30,67.5,67.665,67.41,67.665,337
2026-06-08T09:15:00+05:30,67.675,67.98,67.655,67.97,349
2026-06-08T09:30:00+05:30,67.98,68.14,67.845,68.08,543
2026-06-08T09:45:00+05:30,68.085,68.15,67.9,68.015,400
2026-06-08T10:00:00+05:30,67.995,68.02,67.745,67.745,566
2026-06-08T10:15:00+05:30,67.795,67.965,67.775,67.9,242
2026-06-08T10:30:00+05:30,67.905,68,67.685,67.685,406
2026-06-08T10:45:00+05:30,67.705,67.905,67.63,67.68,402
2026-06-08T11:00:00+05:30,67.68,67.7,66.275,66.555,3541
2026-06-08T11:15:00+05:30,66.54,66.87,66.43,66.755,1165
2026-06-08T11:30:00+05:30,66.775,67.32,66.755,67.16,1245
2026-06-08T11:45:00+05:30,67.15,67.53,67.085,67.39,756
2026-06-08T12:00:00+05:30,67.39,67.4,67.045,67.2,681
2026-06-08T12:15:00+05:30,67.185,67.275,67.08,67.265,460
2026-06-08T12:30:00+05:30,67.265,67.345,67.01,67.245,775
2026-06-08T12:45:00+05:30,67.24,67.73,67.06,67.53,902
2026-06-08T13:00:00+05:30,67.52,67.725,67.27,67.29,728
2026-06-08T13:15:00+05:30,67.29,67.295,67.09,67.095,554
2026-06-08T13:30:00+05:30,67.085,67.27,66.935,67.085,657
2026-06-08T13:45:00+05:30,67.095,67.21,67.02,67.145,729
2026-06-08T14:00:00+05:30,67.155,67.215,66.935,67.15,528
2026-06-08T14:15:00+05:30,67.15,67.25,66.97,67.17,495
2026-06-08T14:30:00+05:30,67.19,67.305,67.065,67.145,324
2026-06-08T14:45:00+05:30,67.18,67.33,66.96,66.98,373
2026-06-08T15:00:00+05:30,66.96,67.39,66.725,67.3,1234
2026-06-08T15:15:00+05:30,67.295,67.485,67.175,67.21,495
2026-06-08T15:30:00+05:30,67.23,67.35,66.94,67.275,523
2026-06-08T15:45:00+05:30,67.29,67.295,67.035,67.185,433
2026-06-08T16:00:00+05:30,67.175,67.63,67.17,67.515,900
2026-06-08T16:15:00+05:30,67.51,67.535,67.235,67.31,428
2026-06-08T16:30:00+05:30,67.285,67.915,67.225,67.905,1132
2026-06-08T16:45:00+05:30,67.895,68.43,67.7,68.235,2189
2026-06-08T17:00:00+05:30,68.25,68.44,68.215,68.33,721
2026-06-08T17:15:00+05:30,68.33,68.705,68.235,68.6,995
2026-06-08T17:30:00+05:30,68.59,68.78,68.36,68.36,1452
2026-06-08T17:45:00+05:30,68.36,68.795,68.24,68.725,1203
2026-06-08T18:00:00+05:30,68.71,69.07,68.68,68.925,1867
2026-06-08T18:15:00+05:30,68.945,69.07,68.735,69.03,1018
2026-06-08T18:30:00+05:30,69.02,69.09,68.45,68.505,2645
2026-06-08T18:45:00+05:30,68.485,68.84,68.38,68.685,1835
2026-06-08T19:00:00+05:30,68.665,69.005,68.65,68.68,1796
2026-06-08T19:15:00+05:30,68.705,68.705,68.06,68.095,2246
2026-06-08T19:30:00+05:30,68.09,68.23,67.84,67.955,1676
2026-06-08T19:45:00+05:30,67.955,68.235,67.92,68.16,1059
2026-06-08T20:00:00+05:30,68.155,68.335,67.975,68.33,1038
2026-06-08T20:15:00+05:30,68.325,68.59,68.07,68.57,1012
2026-06-08T20:30:00+05:30,68.58,68.665,68.385,68.42,756
2026-06-08T20:45:00+05:30,68.435,68.8,68.365,68.655,978
2026-06-08T21:00:00+05:30,68.66,68.955,68.595,68.955,967
2026-06-08T21:15:00+05:30,68.945,69.015,68.81,68.81,622
2026-06-08T21:30:00+05:30,68.815,68.86,68.72,68.82,818
2026-06-08T21:45:00+05:30,68.83,68.94,68.75,68.775,774
2026-06-08T22:00:00+05:30,68.77,68.915,68.72,68.78,685
2026-06-08T22:15:00+05:30,68.805,68.935,68.7,68.765,771
2026-06-08T22:30:00+05:30,68.76,68.8,68.595,68.75,731
2026-06-08T22:45:00+05:30,68.74,68.8,68.51,68.635,908
2026-06-08T23:00:00+05:30,68.635,68.645,68.36,68.41,980
2026-06-08T23:15:00+05:30,68.41,68.59,68.395,68.565,426
2026-06-08T23:30:00+05:30,68.575,68.715,68.56,68.625,336
2026-06-08T23:45:00+05:30,68.635,68.79,68.635,68.71,316
2026-06-09T00:00:00+05:30,68.715,68.75,68.465,68.51,248
2026-06-09T00:15:00+05:30,68.505,68.515,68.375,68.44,260
2026-06-09T00:30:00+05:30,68.415,68.575,68.27,68.275,615
2026-06-09T00:45:00+05:30,68.27,68.38,68.19,68.37,701
2026-06-09T01:00:00+05:30,68.37,68.42,68.225,68.25,380
2026-06-09T01:15:00+05:30,68.255,68.4,68.19,68.245,538
2026-06-09T01:30:00+05:30,68.24,68.36,68.23,68.355,270
2026-06-09T01:45:00+05:30,68.355,68.365,68.12,68.23,297
2026-06-09T02:00:00+05:30,68.25,68.305,68.22,68.26,102
2026-06-09T02:15:00+05:30,68.265,68.36,68.235,68.335,228
2026-06-09T03:30:00+05:30,68.31,68.44,68.205,68.26,185
2026-06-09T03:45:00+05:30,68.25,68.3,68.18,68.2,154
2026-06-09T04:00:00+05:30,68.195,68.295,68.195,68.28,99
2026-06-09T04:15:00+05:30,68.285,68.31,68.24,68.295,122
2026-06-09T04:30:00+05:30,68.285,68.305,68.23,68.275,72
2026-06-09T04:45:00+05:30,68.265,68.275,68.12,68.13,129
2026-06-09T05:00:00+05:30,68.115,68.18,67.975,68.105,286
2026-06-09T05:15:00+05:30,68.115,68.115,67.945,68,306
2026-06-09T05:30:00+05:30,68,68.11,67.9,67.975,532
2026-06-09T05:45:00+05:30,67.985,68.025,67.71,67.71,453
2026-06-09T06:00:00+05:30,67.735,67.815,67.565,67.72,613
2026-06-09T06:15:00+05:30,67.755,67.96,67.63,67.87,725
2026-06-09T06:30:00+05:30,67.865,68.145,67.79,67.895,1692
2026-06-09T06:45:00+05:30,67.91,68.365,67.635,68.245,1356
2026-06-09T07:00:00+05:30,68.23,68.42,68.13,68.235,893
2026-06-09T07:15:00+05:30,68.25,68.325,68.03,68.165,567
2026-06-09T07:30:00+05:30,68.18,68.18,67.79,67.975,728
2026-06-09T07:45:00+05:30,67.97,68.03,67.83,68.02,359
2026-06-09T08:00:00+05:30,68.005,68.115,67.775,67.99,586
2026-06-09T08:15:00+05:30,68,68.08,67.755,67.79,428
2026-06-09T08:30:00+05:30,67.775,67.93,67.63,67.89,775
2026-06-09T08:45:00+05:30,67.925,68.09,67.75,67.865,532
2026-06-09T09:00:00+05:30,67.88,68.125,67.825,68.115,293
2026-06-09T09:15:00+05:30,68.13,68.25,68.06,68.135,492
2026-06-09T09:30:00+05:30,68.13,68.15,67.98,67.98,293
2026-06-09T09:45:00+05:30,67.98,68.05,67.94,68.045,218
2026-06-09T10:00:00+05:30,68.04,68.06,67.89,68.04,263
2026-06-09T10:15:00+05:30,68.035,68.135,67.97,68.045,190
2026-06-09T10:30:00+05:30,68.05,68.2,68.03,68.06,244
2026-06-09T10:45:00+05:30,68.065,68.15,68.015,68.025,138
2026-06-09T11:00:00+05:30,68.03,68.75,67.94,68.665,1265
2026-06-09T11:15:00+05:30,68.67,68.685,68.48,68.49,494
2026-06-09T11:30:00+05:30,68.48,68.78,68.48,68.615,658
2026-06-09T11:45:00+05:30,68.615,68.735,68.515,68.535,411
2026-06-09T12:00:00+05:30,68.54,68.6,68.41,68.56,507
2026-06-09T12:15:00+05:30,68.565,68.67,68.42,68.45,570
2026-06-09T12:30:00+05:30,68.44,68.575,68.31,68.315,449
2026-06-09T12:45:00+05:30,68.305,68.565,68.23,68.5,506
2026-06-09T13:00:00+05:30,68.505,68.515,68.29,68.475,353
2026-06-09T13:15:00+05:30,68.48,68.65,68.435,68.485,345
2026-06-09T13:30:00+05:30,68.49,68.91,68.295,68.745,838
2026-06-09T13:45:00+05:30,68.745,68.98,68.73,68.94,499
2026-06-09T14:00:00+05:30,68.97,68.98,68.77,68.805,361
2026-06-09T14:15:00+05:30,68.83,68.835,68.53,68.535,331
2026-06-09T14:30:00+05:30,68.55,68.685,68.475,68.54,365
2026-06-09T14:45:00+05:30,68.55,68.63,68.325,68.35,319
2026-06-09T15:00:00+05:30,68.36,68.475,68.325,68.405,274
2026-06-09T15:15:00+05:30,68.415,68.535,68.375,68.495,196
2026-06-09T15:30:00+05:30,68.485,68.675,68.27,68.675,752
2026-06-09T15:45:00+05:30,68.665,68.75,68.57,68.68,316
2026-06-09T16:00:00+05:30,68.685,68.72,68.53,68.595,273
2026-06-09T16:15:00+05:30,68.595,68.75,68.43,68.725,611
2026-06-09T16:30:00+05:30,68.72,68.83,68.585,68.715,490
2026-06-09T16:45:00+05:30,68.72,68.755,68.605,68.645,217
2026-06-09T17:00:00+05:30,68.68,68.77,68.585,68.735,260
2026-06-09T17:15:00+05:30,68.735,68.815,68.66,68.71,312
2026-06-09T17:30:00+05:30,68.705,68.81,68.61,68.615,287
2026-06-09T17:45:00+05:30,68.615,68.67,68.47,68.505,601
2026-06-09T18:00:00+05:30,68.505,68.78,68.495,68.54,675
2026-06-09T18:15:00+05:30,68.53,68.79,68.435,68.755,818
2026-06-09T18:30:00+05:30,68.78,68.955,68.67,68.87,1395
2026-06-09T18:45:00+05:30,68.875,68.9,68.41,68.48,1070
2026-06-09T19:00:00+05:30,68.475,68.505,67.975,68.125,1533
2026-06-09T19:15:00+05:30,68.13,69.175,68.05,68.15,3238
2026-06-09T19:30:00+05:30,68.15,68.255,67.67,67.75,1780
2026-06-09T19:45:00+05:30,67.735,67.82,67.035,67.08,3079
2026-06-09T20:00:00+05:30,67.07,67.185,65.58,65.595,5808
2026-06-09T20:15:00+05:30,65.58,66.2,65.345,66.185,4893
2026-06-09T20:30:00+05:30,66.195,66.41,66.06,66.335,2303
2026-06-09T20:45:00+05:30,66.33,66.375,65.72,65.79,1832
2026-06-09T21:00:00+05:30,65.81,65.9,65.24,65.54,3097
2026-06-09T21:15:00+05:30,65.565,65.79,65.355,65.395,1486
2026-06-09T21:30:00+05:30,65.385,65.69,65.225,65.29,1786
2026-06-09T21:45:00+05:30,65.295,65.54,65.075,65.33,1877
2026-06-09T22:00:00+05:30,65.3,65.595,64.465,64.86,3393
2026-06-09T22:15:00+05:30,64.865,65.04,64.68,65.01,1868
2026-06-09T22:30:00+05:30,65.025,65.375,64.99,65.24,1802
2026-06-09T22:45:00+05:30,65.215,65.455,65.14,65.25,1754
2026-06-09T23:00:00+05:30,65.275,65.465,65.185,65.32,802
2026-06-09T23:15:00+05:30,65.325,65.385,65.07,65.25,940
2026-06-09T23:30:00+05:30,65.26,65.485,65.16,65.395,859
2026-06-09T23:45:00+05:30,65.365,65.775,65.32,65.66,1223
2026-06-10T00:00:00+05:30,65.66,65.795,65.525,65.55,744
2026-06-10T00:15:00+05:30,65.55,65.87,65.515,65.81,556
2026-06-10T00:30:00+05:30,65.815,65.925,65.41,65.41,750
2026-06-10T00:45:00+05:30,65.42,65.435,65.245,65.325,696
2026-06-10T01:00:00+05:30,65.325,65.45,65.155,65.155,691
2026-06-10T01:15:00+05:30,65.17,65.41,65.115,65.355,726
2026-06-10T01:30:00+05:30,65.365,65.52,65.285,65.395,254
2026-06-10T01:45:00+05:30,65.395,65.46,65.395,65.425,129
2026-06-10T02:00:00+05:30,65.425,65.555,65.37,65.505,195
2026-06-10T02:15:00+05:30,65.525,65.53,65.445,65.47,175
2026-06-10T03:30:00+05:30,65.24,65.5,65.165,65.365,397
2026-06-10T03:45:00+05:30,65.395,65.425,65.285,65.375,169
2026-06-10T04:00:00+05:30,65.355,65.39,65.095,65.11,345
2026-06-10T04:15:00+05:30,65.125,65.125,64.92,65.075,492
2026-06-10T04:30:00+05:30,65.07,65.29,65.005,65.005,364
2026-06-10T04:45:00+05:30,65.015,65.02,64.82,64.82,480
2026-06-10T05:00:00+05:30,64.825,64.975,64.775,64.86,366
2026-06-10T05:15:00+05:30,64.835,65.075,64.765,65.025,463
2026-06-10T05:30:00+05:30,65,65.19,64.9,65.18,727
2026-06-10T05:45:00+05:30,65.175,65.23,64.905,64.905,436
2026-06-10T06:00:00+05:30,64.91,64.92,64.37,64.505,1028
2026-06-10T06:15:00+05:30,64.505,65.08,64.48,64.765,1336
2026-06-10T06:30:00+05:30,64.8,64.8,63.895,64.47,3229
2026-06-10T06:45:00+05:30,64.465,64.95,64.39,64.765,1417
2026-06-10T07:00:00+05:30,64.74,65.19,64.625,64.695,1294
2026-06-10T07:15:00+05:30,64.695,64.95,64.605,64.78,981
2026-06-10T07:30:00+05:30,64.79,64.88,64.34,64.485,881
2026-06-10T07:45:00+05:30,64.49,64.58,64.26,64.53,590
2026-06-10T08:00:00+05:30,64.545,64.715,64.08,64.35,1180
2026-06-10T08:15:00+05:30,64.34,64.53,63.815,63.895,1254
2026-06-10T08:30:00+05:30,63.895,64.055,63.77,63.965,842
2026-06-10T08:45:00+05:30,63.97,64.155,63.865,64.045,523
2026-06-10T09:00:00+05:30,64.04,64.21,64.025,64.125,298
2026-06-10T09:15:00+05:30,64.135,64.345,64.12,64.255,401
2026-06-10T09:30:00+05:30,64.275,64.335,64.11,64.125,294
2026-06-10T09:45:00+05:30,64.135,64.21,63.84,63.84,464
2026-06-10T10:00:00+05:30,63.86,63.88,63.61,63.61,489
2026-06-10T10:15:00+05:30,63.615,63.75,63.57,63.61,543
2026-06-10T10:30:00+05:30,63.615,64,63.53,63.96,630
2026-06-10T10:45:00+05:30,63.965,64.26,63.795,64.26,539
2026-06-10T11:00:00+05:30,64.255,64.45,63.885,64.33,1183
2026-06-10T11:15:00+05:30,64.38,64.82,64.315,64.685,821
2026-06-10T11:30:00+05:30,64.69,65.385,64.655,64.935,1607
2026-06-10T11:45:00+05:30,64.945,65.25,64.94,65.08,830
2026-06-10T12:00:00+05:30,65.065,65.225,64.975,65.21,648
2026-06-10T12:15:00+05:30,65.19,65.2,64.905,65.055,653
2026-06-10T12:30:00+05:30,65.03,65.07,64.625,64.725,655
2026-06-10T12:45:00+05:30,64.725,64.83,64.51,64.575,579
2026-06-10T13:00:00+05:30,64.575,64.705,64.505,64.64,445
2026-06-10T13:15:00+05:30,64.645,64.755,64.45,64.495,420
2026-06-10T13:30:00+05:30,64.49,64.495,63.81,63.955,1970
2026-06-10T13:45:00+05:30,63.98,64.25,63.895,64.035,772
2026-06-10T14:00:00+05:30,64.03,64.215,63.66,63.705,933
2026-06-10T14:15:00+05:30,63.7,64.07,63.65,63.92,697
2026-06-10T14:30:00+05:30,63.935,64.15,63.82,63.895,651
2026-06-10T14:45:00+05:30,63.87,64.1,63.83,64.02,557
2026-06-10T15:00:00+05:30,64.055,64.37,64.04,64.185,631
2026-06-10T15:15:00+05:30,64.185,64.25,63.93,64.1,591
2026-06-10T15:30:00+05:30,64.115,64.3,63.98,64.205,605
2026-06-10T15:45:00+05:30,64.205,64.375,64.165,64.275,559
2026-06-10T16:00:00+05:30,64.25,64.415,64.19,64.4,306
2026-06-10T16:15:00+05:30,64.4,64.63,64.365,64.545,580
2026-06-10T16:30:00+05:30,64.565,64.6,63.88,64.3,1784
2026-06-10T16:45:00+05:30,64.315,64.505,63.925,64.27,1468
2026-06-10T17:00:00+05:30,64.275,64.445,64.14,64.155,841
2026-06-10T17:15:00+05:30,64.12,64.365,63.85,63.895,869
2026-06-10T17:30:00+05:30,63.895,63.985,63.47,63.7,2161
2026-06-10T17:45:00+05:30,63.685,63.85,63.47,63.845,1437
2026-06-10T18:00:00+05:30,63.805,65.205,63.78,64.635,3828
2026-06-10T18:15:00+05:30,64.65,64.95,64.215,64.375,1727
2026-06-10T18:30:00+05:30,64.39,64.905,64.25,64.595,2242
2026-06-10T18:45:00+05:30,64.575,64.71,64.155,64.505,1263
2026-06-10T19:00:00+05:30,64.485,65.67,64.42,65.67,2560
2026-06-10T19:15:00+05:30,65.665,65.89,65.55,65.745,2032
2026-06-10T19:30:00+05:30,65.725,65.81,65.37,65.55,1534
2026-06-10T19:45:00+05:30,65.55,65.635,65.2,65.24,1387
2026-06-10T20:00:00+05:30,65.23,65.46,65.085,65.135,1135
2026-06-10T20:15:00+05:30,65.14,65.18,64.465,64.63,2183
2026-06-10T20:30:00+05:30,64.64,64.945,64.435,64.52,1311
2026-06-10T20:45:00+05:30,64.505,64.975,64.345,64.77,1570
2026-06-10T21:00:00+05:30,64.8,65.065,64.73,65.01,1011
2026-06-10T21:15:00+05:30,65.025,65.225,64.52,65.04,2357
2026-06-10T21:30:00+05:30,65.05,65.145,64.91,65.065,923
2026-06-10T21:45:00+05:30,65.065,65.32,65.04,65.085,934
2026-06-10T22:00:00+05:30,65.07,65.185,64.925,64.965,644
2026-06-10T22:15:00+05:30,64.97,65.08,64.825,65.05,537
2026-06-10T22:30:00+05:30,65.08,65.325,64.82,64.895,874
2026-06-10T22:45:00+05:30,64.91,64.98,64.68,64.755,905
2026-06-10T23:00:00+05:30,64.765,64.85,64.585,64.595,545
2026-06-10T23:15:00+05:30,64.595,65.065,64.575,64.985,1107
2026-06-10T23:30:00+05:30,64.995,65.305,64.99,65.09,666
2026-06-10T23:45:00+05:30,65.105,65.17,64.91,64.99,807
2026-06-11T00:00:00+05:30,65.01,65.01,64.83,64.85,1092
2026-06-11T00:15:00+05:30,64.825,64.885,64.615,64.76,881
2026-06-11T00:30:00+05:30,64.77,64.77,64.22,64.275,797
2026-06-11T00:45:00+05:30,64.275,64.35,63.82,64.075,1149
2026-06-11T01:00:00+05:30,64.045,64.19,63.94,64.155,579
2026-06-11T01:15:00+05:30,64.155,64.285,63.855,63.88,1096
2026-06-11T01:30:00+05:30,63.885,63.895,63.41,63.545,956
2026-06-11T01:45:00+05:30,63.55,63.76,63.49,63.735,382
2026-06-11T02:00:00+05:30,63.725,63.76,63.595,63.675,289
2026-06-11T02:15:00+05:30,63.66,63.695,63.43,63.54,342
2026-06-11T03:30:00+05:30,63.51,63.55,62.77,63.01,914
2026-06-11T03:45:00+05:30,63.03,63.035,62.525,62.86,968
2026-06-11T04:00:00+05:30,62.89,63.515,62.85,63.34,852
2026-06-11T04:15:00+05:30,63.355,63.43,62.74,62.78,923
2026-06-11T04:30:00+05:30,62.775,62.95,61.6,61.88,1922
2026-06-11T04:45:00+05:30,61.875,62.955,61.76,62.915,2394
2026-06-11T05:00:00+05:30,62.885,62.955,62.66,62.695,782
2026-06-11T05:15:00+05:30,62.705,62.89,62.115,62.325,1042
2026-06-11T05:30:00+05:30,62.34,62.805,62.15,62.745,1145
2026-06-11T05:45:00+05:30,62.75,63.355,62.7,63.115,1497
2026-06-11T06:00:00+05:30,63.16,63.475,63.065,63.255,939
2026-06-11T06:15:00+05:30,63.255,63.85,63.24,63.705,1596
2026-06-11T06:30:00+05:30,63.69,64.21,63.35,64.07,3702
2026-06-11T06:45:00+05:30,64.075,64.635,64.03,64.465,2058
2026-06-11T07:00:00+05:30,64.48,64.645,64.38,64.54,1309
2026-06-11T07:15:00+05:30,64.55,64.575,63.99,64.205,1270
2026-06-11T07:30:00+05:30,64.205,64.225,63.975,63.985,705
2026-06-11T07:45:00+05:30,63.99,64.105,63.76,63.785,484
2026-06-11T08:00:00+05:30,63.805,63.9,63.05,63.215,1803
2026-06-11T08:15:00+05:30,63.175,63.655,63.045,63.42,1214
2026-06-11T08:30:00+05:30,63.41,63.645,63.26,63.295,828
2026-06-11T08:45:00+05:30,63.285,63.465,63.06,63.28,724
2026-06-11T09:00:00+05:30,63.255,63.77,63.25,63.62,494
2026-06-11T09:15:00+05:30,63.65,63.765,63.5,63.665,333
2026-06-11T09:30:00+05:30,63.71,63.88,63.545,63.865,365
2026-06-11T09:45:00+05:30,63.865,63.93,63.69,63.8,288
2026-06-11T10:00:00+05:30,63.81,64.21,63.76,64.145,468
2026-06-11T10:15:00+05:30,64.165,64.275,63.965,64.11,529
2026-06-11T10:30:00+05:30,64.13,64.13,63.825,63.89,348
2026-06-11T10:45:00+05:30,63.86,64.01,63.715,63.77,326
2026-06-11T11:00:00+05:30,63.745,64.375,63.69,64.265,1420
2026-06-11T11:15:00+05:30,64.28,64.485,63.99,64.04,659
2026-06-11T11:30:00+05:30,64.04,64.075,63.665,63.945,800
2026-06-11T11:45:00+05:30,63.94,64.11,63.87,63.875,431
2026-06-11T12:00:00+05:30,63.895,64.18,63.85,64.165,433
2026-06-11T12:15:00+05:30,64.185,64.27,64.045,64.205,358
2026-06-11T12:30:00+05:30,64.205,64.305,64.01,64.22,514
2026-06-11T12:45:00+05:30,64.21,64.655,64.18,64.565,917
2026-06-11T13:00:00+05:30,64.575,64.65,64.51,64.6,488
2026-06-11T13:15:00+05:30,64.59,64.6,64.4,64.54,358
2026-06-11T13:30:00+05:30,64.54,64.825,64.51,64.62,929
2026-06-11T13:45:00+05:30,64.59,64.655,64.415,64.62,516
2026-06-11T14:00:00+05:30,64.61,64.7,64.525,64.535,464
2026-06-11T14:15:00+05:30,64.535,64.55,64.325,64.415,391
2026-06-11T14:30:00+05:30,64.395,64.45,64.145,64.25,424
2026-06-11T14:45:00+05:30,64.245,64.275,64.125,64.175,181
2026-06-11T15:00:00+05:30,64.165,64.285,64.085,64.285,353
2026-06-11T15:15:00+05:30,64.28,64.365,64.15,64.205,285
2026-06-11T15:30:00+05:30,64.205,64.32,64.055,64.15,331
2026-06-11T15:45:00+05:30,64.15,64.205,63.98,64.04,260
2026-06-11T16:00:00+05:30,64.05,64.18,64.045,64.11,175
2026-06-11T16:15:00+05:30,64.105,64.25,63.97,64.05,472
2026-06-11T16:30:00+05:30,64.035,64.115,63.835,63.94,690
2026-06-11T16:45:00+05:30,63.93,64,63.74,63.96,732
2026-06-11T17:00:00+05:30,63.96,64.185,63.6,63.765,801
2026-06-11T17:15:00+05:30,63.7,64.005,63.67,63.89,458
2026-06-11T17:30:00+05:30,63.895,64.02,63.635,63.745,566
2026-06-11T17:45:00+05:30,63.745,63.88,62.99,63.085,2034
2026-06-11T18:00:00+05:30,63.1,63.54,62.885,63.375,1948
2026-06-11T18:15:00+05:30,63.37,63.695,63.265,63.55,1406
2026-06-11T18:30:00+05:30,63.565,64.06,63.49,63.51,1902
2026-06-11T18:45:00+05:30,63.515,63.835,63.5,63.655,814
2026-06-11T19:00:00+05:30,63.655,63.975,63.475,63.85,1609
2026-06-11T19:15:00+05:30,63.84,64.405,63.78,64.155,1928
2026-06-11T19:30:00+05:30,64.165,64.37,63.58,63.735,1787
2026-06-11T19:45:00+05:30,63.735,64.35,63.63,64.155,1291
2026-06-11T20:00:00+05:30,64.15,64.355,64.05,64.115,1092
2026-06-11T20:15:00+05:30,64.13,64.295,64,64.055,961
2026-06-11T20:30:00+05:30,64.05,64.415,63.83,64.14,1841
2026-06-11T20:45:00+05:30,64.14,64.3,64,64.09,730
2026-06-11T21:00:00+05:30,64.09,64.28,63.995,64.165,616
2026-06-11T21:15:00+05:30,64.17,64.29,64.055,64.135,626
2026-06-11T21:30:00+05:30,64.12,64.69,64.085,64.66,965
2026-06-11T21:45:00+05:30,64.675,64.75,63.925,63.93,1305
2026-06-11T22:00:00+05:30,63.92,64.185,63.89,63.94,762
2026-06-11T22:15:00+05:30,63.955,64.045,63.85,63.95,471
2026-06-11T22:30:00+05:30,63.95,63.99,63.75,63.905,892
2026-06-11T22:45:00+05:30,63.95,64.82,63.865,64.805,1434
2026-06-11T23:00:00+05:30,64.825,66.72,64.81,66.61,4827
2026-06-11T23:15:00+05:30,66.615,66.625,65.9,66.005,2260
2026-06-11T23:30:00+05:30,66.02,66.19,65.42,65.815,1781
2026-06-11T23:45:00+05:30,65.805,66.21,65.79,66.08,1761
2026-06-12T00:00:00+05:30,66.085,66.365,65.985,66.35,829
2026-06-12T00:15:00+05:30,66.34,66.48,66.175,66.235,836
2026-06-12T00:30:00+05:30,66.25,66.96,66.25,66.88,1201
2026-06-12T00:45:00+05:30,66.89,67.105,66.775,67.04,939
2026-06-12T01:00:00+05:30,67.06,67.68,67.05,67.495,1998
2026-06-12T01:15:00+05:30,67.54,67.655,67.35,67.39,875
2026-06-12T01:30:00+05:30,67.385,67.515,67.31,67.44,416
2026-06-12T01:45:00+05:30,67.44,67.55,67.365,67.475,362
2026-06-12T02:00:00+05:30,67.495,67.53,67.285,67.3,309
2026-06-12T02:15:00+05:30,67.275,67.475,67.21,67.455,279
2026-06-12T03:30:00+05:30,67.58,67.695,67.325,67.48,531
2026-06-12T03:45:00+05:30,67.485,67.595,67.4,67.59,211
2026-06-12T04:00:00+05:30,67.585,67.885,67.46,67.83,585
2026-06-12T04:15:00+05:30,67.815,68.105,67.705,67.965,762
2026-06-12T04:30:00+05:30,67.97,68,67.605,67.7,495
2026-06-12T04:45:00+05:30,67.675,67.93,67.525,67.6,651
2026-06-12T05:00:00+05:30,67.585,67.695,67.45,67.6,466
2026-06-12T05:15:00+05:30,67.63,67.695,67.475,67.61,374
2026-06-12T05:30:00+05:30,67.6,67.745,67.415,67.525,767
2026-06-12T05:45:00+05:30,67.53,67.87,67.305,67.73,734
2026-06-12T06:00:00+05:30,67.74,67.91,67.425,67.435,557
2026-06-12T06:15:00+05:30,67.455,67.555,67.26,67.44,1076
2026-06-12T06:30:00+05:30,67.46,67.55,66.82,66.88,3159
2026-06-12T06:45:00+05:30,66.905,67.075,66.645,66.725,981
2026-06-12T07:00:00+05:30,66.73,67.055,66.555,66.865,1180
2026-06-12T07:15:00+05:30,66.865,67.13,66.86,66.98,562
2026-06-12T07:30:00+05:30,67.01,67.26,66.95,67.115,787
2026-06-12T07:45:00+05:30,67.115,67.17,67.015,67.02,308
2026-06-12T08:00:00+05:30,67.035,67.215,66.82,67.115,761
2026-06-12T08:15:00+05:30,67.14,67.28,67.01,67.205,496
2026-06-12T08:30:00+05:30,67.2,67.355,67.14,67.31,624
2026-06-12T08:45:00+05:30,67.285,67.645,67.27,67.425,913
2026-06-12T09:00:00+05:30,67.41,67.45,67.285,67.345,297
2026-06-12T09:15:00+05:30,67.34,67.37,67.21,67.25,267
2026-06-12T09:30:00+05:30,67.245,67.29,67.085,67.16,291
2026-06-12T09:45:00+05:30,67.16,67.165,67.02,67.075,169
2026-06-12T10:00:00+05:30,67.065,67.19,67.06,67.125,150
2026-06-12T10:15:00+05:30,67.14,67.16,67.01,67.045,191
2026-06-12T10:30:00+05:30,67.035,67.1,66.805,66.985,318
2026-06-12T10:45:00+05:30,66.98,67.03,66.88,66.99,188
2026-06-12T11:00:00+05:30,66.985,67.08,66.65,66.905,1023
2026-06-12T11:15:00+05:30,66.885,66.89,66.575,66.65,522
2026-06-12T11:30:00+05:30,66.645,66.99,66.645,66.925,460
2026-06-12T11:45:00+05:30,66.905,66.93,66.805,66.81,185
2026-06-12T12:00:00+05:30,66.8,66.8,66.465,66.555,514
2026-06-12T12:15:00+05:30,66.55,66.76,66.495,66.735,390
2026-06-12T12:30:00+05:30,66.755,66.765,66.315,66.32,595
2026-06-12T12:45:00+05:30,66.325,66.345,66.045,66.06,661
2026-06-12T13:00:00+05:30,66.055,66.3,65.975,66.24,786
2026-06-12T13:15:00+05:30,66.255,66.47,66.01,66.47,983
2026-06-12T13:30:00+05:30,66.465,66.84,66.385,66.82,892
2026-06-12T13:45:00+05:30,66.82,67.305,66.66,67.26,1244
2026-06-12T14:00:00+05:30,67.275,67.44,66.95,67.065,661
2026-06-12T14:15:00+05:30,67.085,67.105,66.93,67.02,360
2026-06-12T14:30:00+05:30,67.05,67.25,66.995,67.24,336
2026-06-12T14:45:00+05:30,67.225,67.555,67.155,67.455,707
2026-06-12T15:00:00+05:30,67.465,67.615,67.39,67.565,728
2026-06-12T15:15:00+05:30,67.55,67.67,67.31,67.34,566
2026-06-12T15:30:00+05:30,67.345,67.425,67.235,67.33,513
2026-06-12T15:45:00+05:30,67.345,67.365,66.82,66.96,856
2026-06-12T16:00:00+05:30,66.975,67.28,66.925,67.155,500
2026-06-12T16:15:00+05:30,67.145,67.305,67.08,67.125,372
2026-06-12T16:30:00+05:30,67.15,67.21,66.97,67.135,497
2026-06-12T16:45:00+05:30,67.16,67.32,67.035,67.065,470
2026-06-12T17:00:00+05:30,67.075,67.29,66.92,67.27,363
2026-06-12T17:15:00+05:30,67.275,67.525,67.23,67.295,377
2026-06-12T17:30:00+05:30,67.285,67.305,67.055,67.2,544
2026-06-12T17:45:00+05:30,67.21,67.31,66.605,66.625,873
2026-06-12T18:00:00+05:30,66.625,66.88,66.525,66.72,852
2026-06-12T18:15:00+05:30,66.695,66.92,66.555,66.57,634
2026-06-12T18:30:00+05:30,66.57,66.94,66.41,66.74,1014
2026-06-12T18:45:00+05:30,66.75,67.055,66.725,67.025,590
2026-06-12T19:00:00+05:30,67.035,67.145,66.355,66.59,2530
2026-06-12T19:15:00+05:30,66.58,66.67,66.295,66.345,1326
2026-06-12T19:30:00+05:30,66.38,66.845,66.35,66.68,1312
2026-06-12T19:45:00+05:30,66.645,66.89,66.505,66.645,634
2026-06-12T20:00:00+05:30,66.655,66.925,66.505,66.615,929
2026-06-12T20:15:00+05:30,66.595,67.24,66.31,67.135,2002
2026-06-12T20:30:00+05:30,67.15,67.385,66.965,67.36,1206
2026-06-12T20:45:00+05:30,67.375,68.19,67.345,67.89,2261
2026-06-12T21:00:00+05:30,67.875,67.94,67.625,67.685,1614
2026-06-12T21:15:00+05:30,67.69,67.785,67.49,67.595,919
2026-06-12T21:30:00+05:30,67.58,67.88,67.425,67.795,1156
2026-06-12T21:45:00+05:30,67.805,68.17,67.8,67.865,1117
2026-06-12T22:00:00+05:30,67.87,68.125,67.725,67.885,860
2026-06-12T22:15:00+05:30,67.895,67.965,67.79,67.845,578
2026-06-12T22:30:00+05:30,67.83,68.15,67.755,67.905,811
2026-06-12T22:45:00+05:30,67.915,68.035,67.745,67.95,929
2026-06-12T23:00:00+05:30,67.965,68.23,67.845,68.16,568
2026-06-12T23:15:00+05:30,68.17,68.285,68.055,68.13,707
2026-06-12T23:30:00+05:30,68.14,68.33,68.075,68.25,545
2026-06-12T23:45:00+05:30,68.25,68.365,68.19,68.34,472
2026-06-13T00:00:00+05:30,68.345,68.44,68.26,68.4,369
2026-06-13T00:15:00+05:30,68.4,68.405,67.975,67.99,516
2026-06-13T00:30:00+05:30,68.005,68.16,67.975,68.09,443
2026-06-13T00:45:00+05:30,68.055,68.055,67.88,67.9,347
2026-06-13T01:00:00+05:30,67.905,67.955,67.685,67.755,539
2026-06-13T01:15:00+05:30,67.75,67.905,67.705,67.88,299
2026-06-13T01:30:00+05:30,67.895,68.085,67.86,68.045,333
2026-06-13T01:45:00+05:30,68.055,68.15,68.045,68.07,118
2026-06-13T02:00:00+05:30,68.085,68.12,68.055,68.105,90
2026-06-13T02:15:00+05:30,68.125,68.17,68.055,68.115,239
2026-06-15T03:30:00+05:30,68.8,70.055,68.72,69.915,1898
2026-06-15T03:45:00+05:30,69.93,70.395,69.805,69.95,1332
2026-06-15T04:00:00+05:30,69.935,70.18,69.77,70.015,551
2026-06-15T04:15:00+05:30,70.02,70.29,70.01,70.115,461
2026-06-15T04:30:00+05:30,70.13,70.21,69.96,69.96,477
2026-06-15T04:45:00+05:30,69.97,70.05,69.87,69.955,367
2026-06-15T05:00:00+05:30,69.965,70.11,69.94,70.065,295
2026-06-15T05:15:00+05:30,70.075,70.455,70.02,70.4,615
2026-06-15T05:30:00+05:30,70.4,70.6,70.205,70.51,655
2026-06-15T05:45:00+05:30,70.51,70.62,70.46,70.485,541
2026-06-15T06:00:00+05:30,70.49,70.65,70.39,70.41,561
2026-06-15T06:15:00+05:30,70.425,70.445,70,70.14,1019
2026-06-15T06:30:00+05:30,70.15,70.52,69.96,70.235,1937
2026-06-15T06:45:00+05:30,70.21,70.41,70.025,70.275,488
2026-06-15T07:00:00+05:30,70.27,70.6,70.185,70.485,534
2026-06-15T07:15:00+05:30,70.475,70.495,70.25,70.315,405
2026-06-15T07:30:00+05:30,70.3,70.635,70.3,70.59,477
2026-06-15T07:45:00+05:30,70.595,70.72,70.55,70.685,294
2026-06-15T08:00:00+05:30,70.685,70.915,70.67,70.765,402
2026-06-15T08:15:00+05:30,70.765,70.84,70.515,70.685,397
2026-06-15T08:30:00+05:30,70.665,70.68,70.43,70.525,390
2026-06-15T08:45:00+05:30,70.53,70.595,70.31,70.395,306
2026-06-15T09:00:00+05:30,70.395,70.525,70.385,70.47,301
2026-06-15T09:15:00+05:30,70.46,70.525,70.39,70.43,123
2026-06-15T09:30:00+05:30,70.44,70.505,70.32,70.49,150
2026-06-15T09:45:00+05:30,70.505,70.555,70.375,70.545,159
2026-06-15T10:00:00+05:30,70.53,70.59,70.46,70.52,104
2026-06-15T10:15:00+05:30,70.535,70.59,70.49,70.57,96
2026-06-15T10:30:00+05:30,70.58,70.625,70.45,70.575,207
2026-06-15T10:45:00+05:30,70.55,70.58,70.455,70.495,197
2026-06-15T11:00:00+05:30,70.5,70.64,70.095,70.125,849
2026-06-15T11:15:00+05:30,70.11,70.21,69.96,70.07,587
2026-06-15T11:30:00+05:30,70.085,70.175,69.97,70.155,328
2026-06-15T11:45:00+05:30,70.16,70.305,70.11,70.13,382
2026-06-15T12:00:00+05:30,70.15,70.23,70.075,70.18,226
2026-06-15T12:15:00+05:30,70.215,70.24,70.125,70.175,202
2026-06-15T12:30:00+05:30,70.18,70.205,70.015,70.175,297
2026-06-15T12:45:00+05:30,70.165,70.425,70.16,70.325,308
2026-06-15T13:00:00+05:30,70.3,70.43,70.18,70.41,241
2026-06-15T13:15:00+05:30,70.405,70.48,70.21,70.31,241
2026-06-15T13:30:00+05:30,70.3,70.49,70.255,70.41,362
2026-06-15T13:45:00+05:30,70.425,70.545,70.38,70.445,260
2026-06-15T14:00:00+05:30,70.44,70.79,70.43,70.655,352
2026-06-15T14:15:00+05:30,70.635,70.7,70.535,70.55,192
2026-06-15T14:30:00+05:30,70.585,70.765,70.585,70.75,258
2026-06-15T14:45:00+05:30,70.755,70.855,70.695,70.755,247
2026-06-15T15:00:00+05:30,70.755,70.81,70.685,70.695,153
2026-06-15T15:15:00+05:30,70.695,70.875,70.69,70.775,153
2026-06-15T15:30:00+05:30,70.76,70.78,70.695,70.72,127
2026-06-15T15:45:00+05:30,70.75,70.825,70.705,70.81,93
2026-06-15T16:00:00+05:30,70.81,70.905,70.78,70.86,148
2026-06-15T16:15:00+05:30,70.87,70.935,70.74,70.775,231
2026-06-15T16:30:00+05:30,70.78,70.83,70.685,70.77,146
2026-06-15T16:45:00+05:30,70.785,70.835,70.685,70.8,258
2026-06-15T17:00:00+05:30,70.82,71.135,70.82,70.845,725
2026-06-15T17:15:00+05:30,70.845,70.925,70.635,70.83,906
2026-06-15T17:30:00+05:30,70.84,71.045,70.815,70.895,357
2026-06-15T17:45:00+05:30,70.9,70.91,70.695,70.865,641
2026-06-15T18:00:00+05:30,70.895,71.28,70.81,71.07,786
2026-06-15T18:15:00+05:30,71.05,71.29,71.01,71.26,647
2026-06-15T18:30:00+05:30,71.255,71.265,70.825,71.04,1181
2026-06-15T18:45:00+05:30,71.055,71.345,71.05,71.185,622
2026-06-15T19:00:00+05:30,71.185,71.4,70.98,71.09,1188
2026-06-15T19:15:00+05:30,71.095,71.3,70.955,71.11,694
2026-06-15T19:30:00+05:30,71.105,71.35,70.86,70.895,1020
2026-06-15T19:45:00+05:30,70.905,71.22,70.87,71.185,673
2026-06-15T20:00:00+05:30,71.19,71.23,70.83,70.83,497
2026-06-15T20:15:00+05:30,70.835,71.025,70.74,70.785,694
2026-06-15T20:30:00+05:30,70.785,70.865,70.465,70.57,706
2026-06-15T20:45:00+05:30,70.555,70.815,70.52,70.72,476
2026-06-15T21:00:00+05:30,70.71,70.92,70.58,70.835,699
2026-06-15T21:15:00+05:30,70.845,70.91,70.705,70.73,361
2026-06-15T21:30:00+05:30,70.705,70.795,70.54,70.615,434
2026-06-15T21:45:00+05:30,70.595,70.65,70.23,70.415,917
2026-06-15T22:00:00+05:30,70.43,70.455,70.23,70.315,481
2026-06-15T22:15:00+05:30,70.325,70.43,70.31,70.4,432
2026-06-15T22:30:00+05:30,70.38,70.38,70.13,70.24,651
2026-06-15T22:45:00+05:30,70.235,70.275,70.075,70.205,579
2026-06-15T23:00:00+05:30,70.195,70.225,70.02,70.055,425
2026-06-15T23:15:00+05:30,70.07,70.195,70.015,70.185,349
2026-06-15T23:30:00+05:30,70.185,70.215,69.965,70.21,372
2026-06-15T23:45:00+05:30,70.215,70.33,70.145,70.2,330
2026-06-16T00:00:00+05:30,70.195,70.22,70.095,70.18,161
2026-06-16T00:15:00+05:30,70.175,70.275,70.155,70.255,172
2026-06-16T00:30:00+05:30,70.26,70.275,70.04,70.135,212
2026-06-16T00:45:00+05:30,70.14,70.225,70.12,70.13,217
2026-06-16T01:00:00+05:30,70.12,70.2,70.095,70.13,189
2026-06-16T01:15:00+05:30,70.145,70.285,70.09,70.26,315
2026-06-16T01:30:00+05:30,70.25,70.305,70.1,70.12,196
2026-06-16T01:45:00+05:30,70.125,70.15,69.975,70.01,130
2026-06-16T02:00:00+05:30,70.015,70.085,69.96,70.04,148
2026-06-16T02:15:00+05:30,70.025,70.065,69.98,70.065,133
2026-06-16T03:30:00+05:30,69.945,70.175,69.91,70.015,392
2026-06-16T03:45:00+05:30,69.98,70.04,69.87,69.94,249
2026-06-16T04:00:00+05:30,69.945,70.005,69.915,69.95,185
2026-06-16T04:15:00+05:30,69.955,70.09,69.925,69.985,160
2026-06-16T04:30:00+05:30,70,70.055,69.975,69.99,121
2026-06-16T04:45:00+05:30,69.995,70.05,69.88,70.035,190
2026-06-16T05:00:00+05:30,70.02,70.07,69.92,70.005,144
2026-06-16T05:15:00+05:30,70.02,70.06,69.915,69.995,116
2026-06-16T05:30:00+05:30,69.97,70.03,69.875,69.91,222
2026-06-16T05:45:00+05:30,69.905,69.965,69.715,69.79,356
2026-06-16T06:00:00+05:30,69.795,69.965,69.795,69.82,234
2026-06-16T06:15:00+05:30,69.82,70.025,69.79,69.91,328
2026-06-16T06:30:00+05:30,69.905,70.07,69.375,69.655,1307
2026-06-16T06:45:00+05:30,69.69,69.84,69.59,69.635,436
2026-06-16T07:00:00+05:30,69.62,69.645,69.37,69.47,584
2026-06-16T07:15:00+05:30,69.475,69.64,69.315,69.385,447
2026-06-16T07:30:00+05:30,69.4,69.45,69.12,69.235,627
2026-06-16T07:45:00+05:30,69.24,69.37,69.2,69.335,215
2026-06-16T08:00:00+05:30,69.35,69.54,69.3,69.44,422
2026-06-16T08:15:00+05:30,69.44,69.66,69.41,69.565,244
2026-06-16T08:30:00+05:30,69.575,69.725,69.565,69.6,199
2026-06-16T08:45:00+05:30,69.595,69.735,69.515,69.72,262
2026-06-16T09:00:00+05:30,69.725,69.94,69.72,69.94,279
2026-06-16T09:15:00+05:30,69.94,69.94,69.84,69.895,146
2026-06-16T09:30:00+05:30,69.895,69.92,69.77,69.855,225
2026-06-16T09:45:00+05:30,69.865,69.885,69.75,69.76,136
2026-06-16T10:00:00+05:30,69.77,69.87,69.76,69.81,95
2026-06-16T10:15:00+05:30,69.815,69.835,69.72,69.78,116
2026-06-16T10:30:00+05:30,69.8,69.97,69.765,69.94,135
2026-06-16T10:45:00+05:30,69.925,69.95,69.795,69.85,115
2026-06-16T11:00:00+05:30,69.85,70.01,69.33,69.415,907
2026-06-16T11:15:00+05:30,69.44,69.53,69.3,69.36,461
2026-06-16T11:30:00+05:30,69.365,69.575,69.31,69.55,424
2026-06-16T11:45:00+05:30,69.555,69.625,69.5,69.575,329
2026-06-16T12:00:00+05:30,69.57,69.635,69.42,69.505,341
2026-06-16T12:15:00+05:30,69.51,69.835,69.5,69.79,431
2026-06-16T12:30:00+05:30,69.79,70.015,69.755,69.94,404
2026-06-16T12:45:00+05:30,69.935,70.01,69.865,69.9,240
2026-06-16T13:00:00+05:30,69.915,70.1,69.815,69.885,374
2026-06-16T13:15:00+05:30,69.9,70.22,69.86,70.215,426
2026-06-16T13:30:00+05:30,70.205,70.425,70.075,70.29,462
2026-06-16T13:45:00+05:30,70.3,70.455,70.3,70.42,294
2026-06-16T14:00:00+05:30,70.425,70.485,70.34,70.47,378
2026-06-16T14:15:00+05:30,70.48,70.685,70.41,70.675,372
2026-06-16T14:30:00+05:30,70.635,70.755,70.58,70.7,278
2026-06-16T14:45:00+05:30,70.69,70.705,70.515,70.515,302
2026-06-16T15:00:00+05:30,70.55,70.675,70.51,70.53,207
2026-06-16T15:15:00+05:30,70.54,70.64,70.505,70.505,233
2026-06-16T15:30:00+05:30,70.515,70.59,70.475,70.555,184
2026-06-16T15:45:00+05:30,70.55,70.68,70.495,70.505,294
2026-06-16T16:00:00+05:30,70.51,70.59,70.47,70.535,168
2026-06-16T16:15:00+05:30,70.54,70.635,70.525,70.62,219
2026-06-16T16:30:00+05:30,70.615,70.65,70.415,70.535,485
2026-06-16T16:45:00+05:30,70.5,70.54,70.39,70.45,183
2026-06-16T17:00:00+05:30,70.455,70.49,70.34,70.48,209
2026-06-16T17:15:00+05:30,70.48,70.66,70.445,70.66,360
2026-06-16T17:30:00+05:30,70.65,70.825,70.59,70.75,696
2026-06-16T17:45:00+05:30,70.735,70.805,70.45,70.665,551
2026-06-16T18:00:00+05:30,70.68,71.03,70.635,71.005,848
2026-06-16T18:15:00+05:30,71.01,71.31,70.95,71.26,1047
2026-06-16T18:30:00+05:30,71.25,71.305,70.555,70.66,2054
2026-06-16T18:45:00+05:30,70.685,70.685,70.43,70.515,929
2026-06-16T19:00:00+05:30,70.495,70.665,70.47,70.575,953
2026-06-16T19:15:00+05:30,70.6,70.615,70.225,70.265,1196
2026-06-16T19:30:00+05:30,70.285,70.505,70.27,70.36,800
2026-06-16T19:45:00+05:30,70.345,70.355,69.615,69.69,2044
2026-06-16T20:00:00+05:30,69.695,70.08,69.5,69.94,1546
2026-06-16T20:15:00+05:30,69.94,69.985,69.78,69.87,685
2026-06-16T20:30:00+05:30,69.86,69.935,69.75,69.87,416
2026-06-16T20:45:00+05:30,69.885,69.995,69.83,69.96,476
2026-06-16T21:00:00+05:30,69.955,70.115,69.9,69.97,501
2026-06-16T21:15:00+05:30,69.94,70.385,69.68,70.14,1247
2026-06-16T21:30:00+05:30,70.14,70.395,70.12,70.37,780
2026-06-16T21:45:00+05:30,70.37,70.43,70.26,70.41,629
2026-06-16T22:00:00+05:30,70.41,70.415,70.2,70.335,397
2026-06-16T22:15:00+05:30,70.33,70.385,70.145,70.185,350
2026-06-16T22:30:00+05:30,70.175,70.235,70.055,70.08,427
2026-06-16T22:45:00+05:30,70.08,70.105,69.835,70.085,763
2026-06-16T23:00:00+05:30,70.085,70.27,70.065,70.225,400
2026-06-16T23:15:00+05:30,70.235,70.345,70.105,70.33,345
2026-06-16T23:30:00+05:30,70.33,70.5,70.29,70.48,390
2026-06-16T23:45:00+05:30,70.48,70.545,70.37,70.475,371
2026-06-17T00:00:00+05:30,70.455,70.525,70.335,70.345,191
2026-06-17T00:15:00+05:30,70.35,70.415,70.29,70.405,131
2026-06-17T00:30:00+05:30,70.395,70.5,70.35,70.355,178
2026-06-17T00:45:00+05:30,70.35,70.455,70.26,70.42,257
2026-06-17T01:00:00+05:30,70.405,70.43,70.29,70.33,195
2026-06-17T01:15:00+05:30,70.335,70.37,70.145,70.21,292
2026-06-17T01:30:00+05:30,70.2,70.205,70.075,70.12,167
2026-06-17T01:45:00+05:30,70.1,70.175,70.08,70.155,74
2026-06-17T02:00:00+05:30,70.15,70.22,70.105,70.15,167
2026-06-17T02:15:00+05:30,70.15,70.155,70.08,70.145,161
2026-06-17T03:30:00+05:30,70.19,70.24,70.015,70.16,123
2026-06-17T03:45:00+05:30,70.145,70.145,70,70.07,64
2026-06-17T04:00:00+05:30,70.07,70.185,70.05,70.135,142
2026-06-17T04:15:00+05:30,70.155,70.21,70.145,70.185,47
2026-06-17T04:30:00+05:30,70.195,70.265,70.18,70.215,85
2026-06-17T04:45:00+05:30,70.23,70.23,70.145,70.15,63
2026-06-17T05:00:00+05:30,70.16,70.16,70.06,70.09,92
2026-06-17T05:15:00+05:30,70.085,70.105,69.865,69.96,300
2026-06-17T05:30:00+05:30,69.97,70.385,69.95,70.24,622
2026-06-17T05:45:00+05:30,70.3,70.395,70.215,70.235,213
2026-06-17T06:00:00+05:30,70.24,70.28,70.165,70.185,129
2026-06-17T06:15:00+05:30,70.16,70.28,70.005,70.27,364
2026-06-17T06:30:00+05:30,70.265,70.605,70.115,70.45,1352
2026-06-17T06:45:00+05:30,70.46,70.51,70.225,70.37,477
2026-06-17T07:00:00+05:30,70.355,70.4,70.17,70.34,295
2026-06-17T07:15:00+05:30,70.34,70.615,70.285,70.56,425
2026-06-17T07:30:00+05:30,70.555,70.63,70.42,70.565,341
2026-06-17T07:45:00+05:30,70.53,70.555,70.4,70.425,190
2026-06-17T08:00:00+05:30,70.46,70.615,70.33,70.35,340
2026-06-17T08:15:00+05:30,70.335,70.365,70.19,70.27,402
2026-06-17T08:30:00+05:30,70.265,70.365,70.15,70.155,149
2026-06-17T08:45:00+05:30,70.145,70.325,70.115,70.245,190
2026-06-17T09:00:00+05:30,70.245,70.33,70.2,70.305,163
2026-06-17T09:15:00+05:30,70.315,70.36,70.205,70.255,189
2026-06-17T09:30:00+05:30,70.235,70.245,70.13,70.145,126
2026-06-17T09:45:00+05:30,70.145,70.195,70.01,70.02,209
2026-06-17T10:00:00+05:30,70.03,70.16,69.955,70.04,236
2026-06-17T10:15:00+05:30,70.055,70.21,70.05,70.21,104
2026-06-17T10:30:00+05:30,70.21,70.21,70.005,70.005,193
2026-06-17T10:45:00+05:30,70.025,70.18,69.98,70.18,180
2026-06-17T11:00:00+05:30,70.195,70.465,70.18,70.34,727
2026-06-17T11:15:00+05:30,70.34,70.555,70.3,70.45,316
2026-06-17T11:30:00+05:30,70.45,70.51,70.36,70.4,216
2026-06-17T11:45:00+05:30,70.395,70.445,70.245,70.285,222
2026-06-17T12:00:00+05:30,70.275,70.375,70.24,70.32,220
2026-06-17T12:15:00+05:30,70.31,70.425,70.3,70.405,150
2026-06-17T12:30:00+05:30,70.405,70.48,70.3,70.32,225
2026-06-17T12:45:00+05:30,70.325,70.425,70.21,70.275,276
2026-06-17T13:00:00+05:30,70.265,70.355,70.195,70.22,209
2026-06-17T13:15:00+05:30,70.22,70.25,70.04,70.065,177
2026-06-17T13:30:00+05:30,70.045,70.15,69.89,69.905,296
2026-06-17T13:45:00+05:30,69.91,69.935,69.755,69.845,407
2026-06-17T14:00:00+05:30,69.83,69.875,69.67,69.69,344
2026-06-17T14:15:00+05:30,69.695,69.845,69.57,69.8,434
2026-06-17T14:30:00+05:30,69.805,69.9,69.71,69.825,243
2026-06-17T14:45:00+05:30,69.84,70.13,69.84,70.115,343
2026-06-17T15:00:00+05:30,70.12,70.195,70.025,70.055,190
2026-06-17T15:15:00+05:30,70.055,70.12,69.935,70.015,209
2026-06-17T15:30:00+05:30,70.02,70.08,69.96,70.065,138
2026-06-17T15:45:00+05:30,70.07,70.075,69.93,69.985,157
2026-06-17T16:00:00+05:30,69.99,70.065,69.915,70.065,122
2026-06-17T16:15:00+05:30,70.065,70.17,70.03,70.05,216
2026-06-17T16:30:00+05:30,70.055,70.07,69.825,69.94,396
2026-06-17T16:45:00+05:30,69.93,70.055,69.9,69.955,186
2026-06-17T17:00:00+05:30,69.935,69.94,69.795,69.845,201
2026-06-17T17:15:00+05:30,69.855,69.91,69.695,69.825,197
2026-06-17T17:30:00+05:30,69.84,69.985,69.81,69.93,345
2026-06-17T17:45:00+05:30,69.955,69.965,69.735,69.735,360
2026-06-17T18:00:00+05:30,69.735,70.065,69.73,69.93,495
2026-06-17T18:15:00+05:30,69.925,70.04,69.925,70.03,403
2026-06-17T18:30:00+05:30,70.03,70.085,69.615,69.915,1230
2026-06-17T18:45:00+05:30,69.93,70.42,69.9,70.365,869
2026-06-17T19:00:00+05:30,70.365,70.47,70.205,70.455,857
2026-06-17T19:15:00+05:30,70.45,70.54,70.21,70.21,789
2026-06-17T19:30:00+05:30,70.21,70.555,70.175,70.41,851
2026-06-17T19:45:00+05:30,70.42,70.92,70.36,70.865,1176
2026-06-17T20:00:00+05:30,70.85,70.985,70.61,70.695,1116
2026-06-17T20:15:00+05:30,70.695,70.76,70.03,70.375,1641
2026-06-17T20:30:00+05:30,70.405,70.525,70.26,70.5,845
2026-06-17T20:45:00+05:30,70.5,70.78,70.46,70.74,646
2026-06-17T21:00:00+05:30,70.74,70.82,70.61,70.7,481
2026-06-17T21:15:00+05:30,70.7,70.865,70.7,70.815,499
2026-06-17T21:30:00+05:30,70.81,70.895,70.725,70.805,350
2026-06-17T21:45:00+05:30,70.805,70.87,70.7,70.815,305
2026-06-17T22:00:00+05:30,70.81,70.825,70.52,70.68,349
2026-06-17T22:15:00+05:30,70.68,70.69,70.59,70.68,244
2026-06-17T22:30:00+05:30,70.685,70.79,70.595,70.75,584
2026-06-17T22:45:00+05:30,70.725,70.925,70.585,70.87,532
2026-06-17T23:00:00+05:30,70.88,71.62,70.865,71.485,2243
2026-06-17T23:15:00+05:30,71.495,71.645,71.335,71.4,768
2026-06-17T23:30:00+05:30,71.385,71.385,68.68,68.785,5586
2026-06-17T23:45:00+05:30,68.805,69.55,68.75,69.185,2475
2026-06-18T00:00:00+05:30,69.2,70.15,68.75,70.05,3708
2026-06-18T00:15:00+05:30,70.035,70.35,68.915,69.22,2765
2026-06-18T00:30:00+05:30,69.205,69.39,68.315,68.625,2995
2026-06-18T00:45:00+05:30,68.625,68.635,67.595,67.625,2316
2026-06-18T01:00:00+05:30,67.61,67.62,66.845,66.995,2651
2026-06-18T01:15:00+05:30,67.005,67.45,66.995,67.095,2039
2026-06-18T01:30:00+05:30,67.135,67.865,67.09,67.82,999
2026-06-18T01:45:00+05:30,67.81,68.12,67.69,67.825,677
2026-06-18T02:00:00+05:30,67.825,68.205,67.825,68.095,413
2026-06-18T02:15:00+05:30,68.095,68.145,67.865,67.955,268
2026-06-18T03:30:00+05:30,67.92,68.18,67.91,67.985,409
2026-06-18T03:45:00+05:30,68.005,68.115,67.97,68.045,466
2026-06-18T04:00:00+05:30,68.01,68.11,67.95,67.96,216
2026-06-18T04:15:00+05:30,67.995,68.125,67.925,68.04,202
2026-06-18T04:30:00+05:30,68.04,68.455,67.985,68.41,367
2026-06-18T04:45:00+05:30,68.41,68.425,68.22,68.35,306
2026-06-18T05:00:00+05:30,68.345,68.42,68.18,68.37,337
2026-06-18T05:15:00+05:30,68.37,68.485,68.3,68.46,209
2026-06-18T05:30:00+05:30,68.475,68.975,68.455,68.78,900
2026-06-18T05:45:00+05:30,68.785,69.025,68.715,69.01,634
2026-06-18T06:00:00+05:30,69.005,69.445,68.995,69.42,644
2026-06-18T06:15:00+05:30,69.415,69.45,69.17,69.185,993
2026-06-18T06:30:00+05:30,69.175,69.91,69.11,69.745,1974
2026-06-18T06:45:00+05:30,69.75,69.775,69.46,69.55,657
2026-06-18T07:00:00+05:30,69.575,69.6,69.365,69.48,552
2026-06-18T07:15:00+05:30,69.47,69.6,69.345,69.415,281
2026-06-18T07:30:00+05:30,69.43,69.725,69.365,69.675,424
2026-06-18T07:45:00+05:30,69.655,69.73,69.52,69.725,286
2026-06-18T08:00:00+05:30,69.72,69.775,69.19,69.26,644
2026-06-18T08:15:00+05:30,69.26,69.345,68.88,68.9,715
2026-06-18T08:30:00+05:30,68.9,69.015,68.785,68.9,497
2026-06-18T08:45:00+05:30,68.885,69.06,68.85,68.98,361
2026-06-18T09:00:00+05:30,68.995,69.26,68.985,69.205,292
2026-06-18T09:15:00+05:30,69.2,69.325,69.17,69.3,142
2026-06-18T09:30:00+05:30,69.29,69.365,69.15,69.27,177
2026-06-18T09:45:00+05:30,69.26,69.3,69.065,69.16,226
2026-06-18T10:00:00+05:30,69.175,69.275,68.855,68.925,305
2026-06-18T10:15:00+05:30,68.91,69.11,68.845,69.06,211
2026-06-18T10:30:00+05:30,69.07,69.145,68.96,69.06,172
2026-06-18T10:45:00+05:30,69.075,69.265,69.065,69.26,349
2026-06-18T11:00:00+05:30,69.25,69.32,68.855,68.905,528
2026-06-18T11:15:00+05:30,68.905,68.925,68.53,68.875,848
2026-06-18T11:30:00+05:30,68.89,69.04,68.61,68.79,631
2026-06-18T11:45:00+05:30,68.78,68.875,68.705,68.85,350
2026-06-18T12:00:00+05:30,68.84,68.91,68.675,68.745,303
2026-06-18T12:15:00+05:30,68.775,68.94,68.775,68.94,337
2026-06-18T12:30:00+05:30,68.925,69.03,68.77,68.97,343
2026-06-18T12:45:00+05:30,68.955,69.08,68.95,68.96,243
2026-06-18T13:00:00+05:30,68.96,68.96,68.69,68.765,324
2026-06-18T13:15:00+05:30,68.775,68.78,68.505,68.53,316
2026-06-18T13:30:00+05:30,68.56,68.645,68.37,68.43,564
2026-06-18T13:45:00+05:30,68.43,68.475,68.285,68.295,269
2026-06-18T14:00:00+05:30,68.305,68.6,68.265,68.455,651
2026-06-18T14:15:00+05:30,68.435,68.445,68.125,68.13,417
2026-06-18T14:30:00+05:30,68.135,68.32,68.005,68.28,608
2026-06-18T14:45:00+05:30,68.28,68.42,68.25,68.275,302
2026-06-18T15:00:00+05:30,68.255,68.465,68.245,68.465,261
2026-06-18T15:15:00+05:30,68.47,68.55,68.43,68.49,219
2026-06-18T15:30:00+05:30,68.495,68.59,68.35,68.455,271
2026-06-18T15:45:00+05:30,68.465,68.495,68.16,68.29,199
2026-06-18T16:00:00+05:30,68.325,68.385,68.125,68.16,187
2026-06-18T16:15:00+05:30,68.155,68.245,67.76,67.83,673
2026-06-18T16:30:00+05:30,67.845,67.85,67.17,67.425,1167
2026-06-18T16:45:00+05:30,67.415,67.545,67.25,67.385,693
2026-06-18T17:00:00+05:30,67.4,67.415,66.68,66.88,1616
2026-06-18T17:15:00+05:30,66.855,66.995,66.645,66.905,877
2026-06-18T17:30:00+05:30,66.895,67.195,66.69,67.05,1216
2026-06-18T17:45:00+05:30,67.045,67.435,67.025,67.08,965
2026-06-18T18:00:00+05:30,67.055,67.135,66.505,66.555,1118
2026-06-18T18:15:00+05:30,66.555,66.695,66.42,66.535,900
2026-06-18T18:30:00+05:30,66.53,67.025,66.52,67.02,1034
2026-06-18T18:45:00+05:30,67.02,67.29,66.86,67.25,962
2026-06-18T19:00:00+05:30,67.245,67.665,67.24,67.39,1933
2026-06-18T19:15:00+05:30,67.4,67.47,66.815,67.03,1504
2026-06-18T19:30:00+05:30,67.015,67.08,66.685,66.775,1102
2026-06-18T19:45:00+05:30,66.77,66.975,66.535,66.595,1166
2026-06-18T20:00:00+05:30,66.595,66.84,66.225,66.34,1028
2026-06-18T20:15:00+05:30,66.33,66.625,66.135,66.57,1068
2026-06-18T20:30:00+05:30,66.58,66.635,66.2,66.225,764
2026-06-18T20:45:00+05:30,66.23,66.39,66.045,66.07,722
2026-06-18T21:00:00+05:30,66.06,66.35,65.99,66.255,965
2026-06-18T21:15:00+05:30,66.225,66.27,66.07,66.19,408
2026-06-18T21:30:00+05:30,66.175,66.375,66.125,66.135,455
2026-06-18T21:45:00+05:30,66.135,66.23,66.01,66.185,428
2026-06-18T22:00:00+05:30,66.205,66.35,65.94,66.175,738
2026-06-18T22:15:00+05:30,66.165,66.205,66.01,66.205,337
2026-06-18T22:30:00+05:30,66.215,66.345,66.145,66.3,481
2026-06-18T22:45:00+05:30,66.295,66.47,66.1,66.115,957
2026-06-18T23:00:00+05:30,66.11,66.12,65.84,66.06,1092
2026-06-18T23:15:00+05:30,66.07,66.265,66.045,66.2,375
2026-06-18T23:30:00+05:30,66.215,66.29,66.11,66.155,290
2026-06-18T23:45:00+05:30,66.13,66.24,66.075,66.16,220
2026-06-19T00:00:00+05:30,66.155,66.155,65.915,66.065,298
2026-06-19T00:15:00+05:30,66.065,66.095,65.925,65.935,222
2026-06-19T00:30:00+05:30,65.955,65.96,65.32,65.495,1165
2026-06-19T00:45:00+05:30,65.505,65.53,65.285,65.3,531
2026-06-19T01:00:00+05:30,65.3,65.76,65.165,65.755,726
2026-06-19T01:15:00+05:30,65.745,65.965,65.69,65.87,495
2026-06-19T01:30:00+05:30,65.87,65.995,65.84,65.965,228
2026-06-19T01:45:00+05:30,65.965,66.06,65.875,66.01,154
2026-06-19T02:00:00+05:30,66.02,66.02,65.845,65.87,123
2026-06-19T02:15:00+05:30,65.84,65.845,65.77,65.815,148
2026-06-19T03:30:00+05:30,65.81,65.925,65.725,65.79,212
2026-06-19T03:45:00+05:30,65.79,65.805,65.63,65.665,138
2026-06-19T04:00:00+05:30,65.68,65.71,65.585,65.65,129
2026-06-19T04:15:00+05:30,65.635,65.84,65.63,65.75,181
2026-06-19T04:30:00+05:30,65.76,65.77,65.355,65.415,344
2026-06-19T04:45:00+05:30,65.43,65.62,65.43,65.59,197
2026-06-19T05:00:00+05:30,65.59,65.685,65.515,65.53,138
2026-06-19T05:15:00+05:30,65.54,65.54,65.305,65.36,340
2026-06-19T05:30:00+05:30,65.385,65.585,65.17,65.25,410
2026-06-19T05:45:00+05:30,65.245,65.32,65.07,65.245,316
2026-06-19T06:00:00+05:30,65.255,65.45,65.23,65.41,243
2026-06-19T06:15:00+05:30,65.395,65.49,65.35,65.425,202
2026-06-19T06:30:00+05:30,65.42,65.49,65.1,65.2,292
2026-06-19T06:45:00+05:30,65.205,65.41,65.12,65.385,180
2026-06-19T07:00:00+05:30,65.345,65.345,65.135,65.165,204
2026-06-19T07:15:00+05:30,65.185,65.225,65,65.085,318
2026-06-19T07:30:00+05:30,65.07,65.12,64.69,64.795,703
2026-06-19T07:45:00+05:30,64.79,64.79,64.53,64.76,404
2026-06-19T08:00:00+05:30,64.77,64.85,64.625,64.81,258
2026-06-19T08:15:00+05:30,64.815,64.815,64.515,64.63,287
2026-06-19T08:30:00+05:30,64.645,64.665,64.41,64.5,485
2026-06-19T08:45:00+05:30,64.5,64.585,64.31,64.475,534
2026-06-19T09:00:00+05:30,64.505,64.505,64.24,64.315,446
2026-06-19T09:15:00+05:30,64.315,64.35,64.075,64.165,560
2026-06-19T09:30:00+05:30,64.17,64.21,63.86,64.01,908
2026-06-19T09:45:00+05:30,63.995,64.245,63.905,64.125,642
2026-06-19T10:00:00+05:30,64.15,64.15,63.75,63.835,636
2026-06-19T10:15:00+05:30,63.81,63.915,63.51,63.55,750
2026-06-19T10:30:00+05:30,63.56,63.635,63.36,63.52,828
2026-06-19T10:45:00+05:30,63.515,63.565,63.34,63.515,588
2026-06-19T11:00:00+05:30,63.52,63.695,63.5,63.675,504
2026-06-19T11:15:00+05:30,63.675,63.985,63.675,63.975,665
2026-06-19T11:30:00+05:30,63.96,64.175,63.81,64.105,541
2026-06-19T11:45:00+05:30,64.11,64.185,63.96,64.1,432
2026-06-19T12:00:00+05:30,64.14,64.22,63.99,64.13,541
2026-06-19T12:15:00+05:30,64.12,64.49,64.12,64.43,437
2026-06-19T12:30:00+05:30,64.42,65.02,64.42,64.905,964
2026-06-19T12:45:00+05:30,64.91,64.96,64.69,64.78,493
2026-06-19T13:00:00+05:30,64.79,64.835,64.725,64.76,320
2026-06-19T13:15:00+05:30,64.76,65,64.655,64.88,454
2026-06-19T13:30:00+05:30,64.89,65.065,64.77,65,427
2026-06-19T13:45:00+05:30,64.99,65.39,64.985,65.365,739
2026-06-19T14:00:00+05:30,65.35,65.43,65.245,65.29,538
2026-06-19T14:15:00+05:30,65.3,65.32,65.16,65.25,249
2026-06-19T14:30:00+05:30,65.295,65.35,65.005,65.03,374
2026-06-19T14:45:00+05:30,65.03,65.23,65.02,65.1,252
2026-06-19T15:00:00+05:30,65.12,65.265,65.12,65.205,142
2026-06-19T15:15:00+05:30,65.185,65.305,65.12,65.15,153
2026-06-19T15:30:00+05:30,65.165,65.2,65.01,65.07,340
2026-06-19T15:45:00+05:30,65.07,65.15,64.94,65.035,343
2026-06-19T16:00:00+05:30,65.015,65.07,64.865,64.915,432
2026-06-19T16:15:00+05:30,64.925,65.04,64.85,64.925,344
2026-06-19T16:30:00+05:30,64.9,64.92,64.61,64.68,842
2026-06-19T16:45:00+05:30,64.675,64.72,64.455,64.49,469
2026-06-19T17:00:00+05:30,64.48,64.78,64.44,64.775,508
2026-06-19T17:15:00+05:30,64.785,64.905,64.665,64.845,520
2026-06-19T17:30:00+05:30,64.865,65.04,64.795,64.93,544
2026-06-19T17:45:00+05:30,64.925,64.95,64.74,64.745,299
2026-06-19T18:00:00+05:30,64.75,64.9,64.62,64.845,632
2026-06-19T18:15:00+05:30,64.835,65.46,64.685,65.435,1496
2026-06-19T18:30:00+05:30,65.43,65.475,65.115,65.12,988
2026-06-19T18:45:00+05:30,65.135,65.215,65.02,65.055,415
2026-06-19T19:00:00+05:30,65.065,65.165,64.93,64.935,348
2026-06-19T19:15:00+05:30,64.94,64.995,64.775,64.82,604
2026-06-19T19:30:00+05:30,64.8,64.84,64.585,64.62,647
2026-06-19T19:45:00+05:30,64.635,64.72,64.515,64.615,546
2026-06-19T20:00:00+05:30,64.61,64.675,64.32,64.4,763
2026-06-19T20:15:00+05:30,64.39,64.71,64.33,64.685,560
2026-06-19T20:30:00+05:30,64.685,64.815,64.61,64.695,425
2026-06-19T20:45:00+05:30,64.7,64.85,64.67,64.74,250
2026-06-19T21:00:00+05:30,64.745,64.82,64.58,64.61,311
2026-06-19T21:15:00+05:30,64.61,64.735,64.605,64.66,216
2026-06-19T21:30:00+05:30,64.665,64.665,64.46,64.48,330
2026-06-19T21:45:00+05:30,64.475,64.62,64.46,64.56,281
2026-06-19T22:00:00+05:30,64.555,64.8,64.55,64.705,238
2026-06-19T22:15:00+05:30,64.715,65.045,64.715,64.92,509
2026-06-22T03:30:00+05:30,64.1,64.705,63.725,64.47,706
2026-06-22T03:45:00+05:30,64.485,64.77,64.37,64.635,323
2026-06-22T04:00:00+05:30,64.61,64.74,64.565,64.7,233
2026-06-22T04:15:00+05:30,64.705,64.935,64.665,64.875,297
2026-06-22T04:30:00+05:30,64.87,65.13,64.845,64.97,407
2026-06-22T04:45:00+05:30,64.97,64.97,64.8,64.89,309
2026-06-22T05:00:00+05:30,64.87,64.87,64.475,64.62,404
2026-06-22T05:15:00+05:30,64.61,64.63,64.31,64.47,497
2026-06-22T05:30:00+05:30,64.49,65.08,64.47,65.015,754
2026-06-22T05:45:00+05:30,65.02,65.28,64.985,65.22,608
2026-06-22T06:00:00+05:30,65.24,65.6,65.21,65.59,571
2026-06-22T06:15:00+05:30,65.59,66.395,65.59,66.385,1744
2026-06-22T06:30:00+05:30,66.39,67.235,66.36,66.905,3349
2026-06-22T06:45:00+05:30,66.885,67.01,66.38,66.615,1422
2026-06-22T07:00:00+05:30,66.59,66.59,65.935,66.115,1080
2026-06-22T07:15:00+05:30,66.175,66.215,65.895,65.945,672
2026-06-22T07:30:00+05:30,65.955,66.235,65.86,65.955,556
2026-06-22T07:45:00+05:30,65.95,66.05,65.875,65.945,257
2026-06-22T08:00:00+05:30,65.945,66.265,65.865,65.925,812
2026-06-22T08:15:00+05:30,65.915,65.915,65.61,65.775,746
2026-06-22T08:30:00+05:30,65.795,65.855,65.555,65.635,430
2026-06-22T08:45:00+05:30,65.655,65.86,65.565,65.805,338
2026-06-22T09:00:00+05:30,65.815,65.82,65.59,65.645,193
2026-06-22T09:15:00+05:30,65.675,65.705,65.52,65.575,233
2026-06-22T09:30:00+05:30,65.6,65.79,65.555,65.6,234
2026-06-22T09:45:00+05:30,65.625,65.68,65.53,65.585,126
2026-06-22T10:00:00+05:30,65.55,65.69,65.55,65.62,133
2026-06-22T10:15:00+05:30,65.625,65.75,65.55,65.62,189
2026-06-22T10:30:00+05:30,65.64,65.73,65.565,65.705,147
2026-06-22T10:45:00+05:30,65.72,65.975,65.645,65.945,358
2026-06-22T11:00:00+05:30,65.955,66.645,65.94,66.42,1220
2026-06-22T11:15:00+05:30,66.43,66.625,66.33,66.455,538
2026-06-22T11:30:00+05:30,66.47,66.665,66.4,66.545,576
2026-06-22T11:45:00+05:30,66.57,66.77,66.52,66.58,595
2026-06-22T12:00:00+05:30,66.56,66.695,66.485,66.68,327
2026-06-22T12:15:00+05:30,66.7,66.875,66.66,66.67,608
2026-06-22T12:30:00+05:30,66.68,66.695,66.53,66.62,387
2026-06-22T12:45:00+05:30,66.655,66.775,66.575,66.62,182
2026-06-22T13:00:00+05:30,66.62,66.645,66.395,66.41,245
2026-06-22T13:15:00+05:30,66.425,66.44,66.235,66.27,233
2026-06-22T13:30:00+05:30,66.275,66.325,66.02,66.05,470
2026-06-22T13:45:00+05:30,66.055,66.14,65.845,65.985,650
2026-06-22T14:00:00+05:30,65.975,66.115,65.89,66.115,261
2026-06-22T14:15:00+05:30,66.105,66.32,66.075,66.3,246
2026-06-22T14:30:00+05:30,66.29,66.52,66.21,66.43,350
2026-06-22T14:45:00+05:30,66.43,66.515,66.4,66.48,205
2026-06-22T15:00:00+05:30,66.485,66.66,66.42,66.49,269
2026-06-22T15:15:00+05:30,66.495,66.575,66.445,66.485,142
2026-06-22T15:30:00+05:30,66.495,66.705,66.48,66.625,210
2026-06-22T15:45:00+05:30,66.61,66.635,66.535,66.555,212
2026-06-22T16:00:00+05:30,66.555,66.56,66.455,66.495,186
2026-06-22T16:15:00+05:30,66.485,66.605,66.425,66.45,182
2026-06-22T16:30:00+05:30,66.465,66.87,66.425,66.65,723
2026-06-22T16:45:00+05:30,66.64,66.64,66.485,66.485,195
2026-06-22T17:00:00+05:30,66.48,66.55,66.365,66.42,269
2026-06-22T17:15:00+05:30,66.42,66.575,66.31,66.575,287
2026-06-22T17:30:00+05:30,66.58,66.69,66.435,66.435,349
2026-06-22T17:45:00+05:30,66.425,66.67,66.39,66.545,403
2026-06-22T18:00:00+05:30,66.53,66.545,66.335,66.435,309
2026-06-22T18:15:00+05:30,66.44,66.47,66.27,66.32,410
2026-06-22T18:30:00+05:30,66.33,66.925,66.275,66.925,1682
2026-06-22T18:45:00+05:30,66.915,66.975,66.49,66.515,916
2026-06-22T19:00:00+05:30,66.54,66.78,66.41,66.555,845
2026-06-22T19:15:00+05:30,66.55,66.78,66.475,66.61,716
2026-06-22T19:30:00+05:30,66.605,66.815,66.26,66.51,1058
2026-06-22T19:45:00+05:30,66.5,66.505,66.05,66.075,925
2026-06-22T20:00:00+05:30,66.055,66.135,65.93,66.005,908
2026-06-22T20:15:00+05:30,66.005,66.29,65.975,66.16,783
2026-06-22T20:30:00+05:30,66.14,66.225,66.085,66.135,456
2026-06-22T20:45:00+05:30,66.145,66.16,65.825,65.89,770
2026-06-22T21:00:00+05:30,65.885,65.955,65.58,65.68,766
2026-06-22T21:15:00+05:30,65.67,65.675,65.21,65.56,1557
2026-06-22T21:30:00+05:30,65.55,65.605,65.335,65.42,593
2026-06-22T21:45:00+05:30,65.405,65.61,65.375,65.56,453
2026-06-22T22:00:00+05:30,65.53,65.63,65.44,65.505,283
2026-06-22T22:15:00+05:30,65.5,65.835,65.45,65.71,575
2026-06-22T22:30:00+05:30,65.72,65.72,65.55,65.565,342
2026-06-22T22:45:00+05:30,65.575,65.685,65.405,65.44,590
2026-06-22T23:00:00+05:30,65.44,65.47,65.06,65.245,748
2026-06-22T23:15:00+05:30,65.24,65.39,65.17,65.345,432
2026-06-22T23:30:00+05:30,65.365,65.535,65.345,65.415,510
2026-06-22T23:45:00+05:30,65.425,65.55,65.395,65.485,413
2026-06-23T00:00:00+05:30,65.475,65.52,65.38,65.5,256
2026-06-23T00:15:00+05:30,65.52,65.595,65.485,65.525,258
2026-06-23T00:30:00+05:30,65.54,65.575,65.46,65.49,219
2026-06-23T00:45:00+05:30,65.51,65.52,65.3,65.305,269
2026-06-23T01:00:00+05:30,65.315,65.325,65.095,65.115,438
2026-06-23T01:15:00+05:30,65.12,65.295,65.105,65.255,507
2026-06-23T01:30:00+05:30,65.27,65.335,65.235,65.3,186
2026-06-23T01:45:00+05:30,65.29,65.32,65.245,65.28,52
2026-06-23T02:00:00+05:30,65.275,65.305,65.25,65.255,75
2026-06-23T02:15:00+05:30,65.265,65.27,65.165,65.19,124
2026-06-23T03:30:00+05:30,65.185,65.31,65.105,65.205,226
2026-06-23T03:45:00+05:30,65.19,65.225,65.155,65.185,126
2026-06-23T04:00:00+05:30,65.195,65.245,64.93,65.005,311
2026-06-23T04:15:00+05:30,64.985,65.135,64.975,65.115,125
2026-06-23T04:30:00+05:30,65.105,65.23,65.105,65.125,167
2026-06-23T04:45:00+05:30,65.125,65.15,65.09,65.12,75
2026-06-23T05:00:00+05:30,65.11,65.23,65.105,65.195,108
2026-06-23T05:15:00+05:30,65.2,65.2,64.97,65.01,227
2026-06-23T05:30:00+05:30,65,65.095,64.68,64.69,533
2026-06-23T05:45:00+05:30,64.685,64.82,64.45,64.705,690
2026-06-23T06:00:00+05:30,64.715,65.075,64.66,65.04,589
2026-06-23T06:15:00+05:30,65.045,65.12,64.96,65.005,843
2026-06-23T06:30:00+05:30,65.01,65.26,64.64,64.805,1728
2026-06-23T06:45:00+05:30,64.8,64.865,64.41,64.72,1042
2026-06-23T07:00:00+05:30,64.715,64.73,63.96,64.03,1692
2026-06-23T07:15:00+05:30,64.025,64.17,63.88,64.155,1313
2026-06-23T07:30:00+05:30,64.135,64.205,63.69,63.84,994
2026-06-23T07:45:00+05:30,63.84,64.13,63.84,64.08,524
2026-06-23T08:00:00+05:30,64.055,64.115,63.665,63.72,790
2026-06-23T08:15:00+05:30,63.71,63.79,63.285,63.34,1107
2026-06-23T08:30:00+05:30,63.36,63.435,63.135,63.21,954
2026-06-23T08:45:00+05:30,63.24,63.3,62.75,63.07,1693
2026-06-23T09:00:00+05:30,63.05,63.2,62.945,63.2,590
2026-06-23T09:15:00+05:30,63.17,63.275,63.065,63.21,498
2026-06-23T09:30:00+05:30,63.225,63.27,63.035,63.09,340
2026-06-23T09:45:00+05:30,63.09,63.125,63.005,63.09,293
2026-06-23T10:00:00+05:30,63.09,63.09,62.94,63.01,247
2026-06-23T10:15:00+05:30,63.03,63.06,62.55,62.62,609
2026-06-23T10:30:00+05:30,62.62,62.955,62.54,62.845,645
2026-06-23T10:45:00+05:30,62.845,62.88,62.71,62.75,418
2026-06-23T11:00:00+05:30,62.77,63.08,62.4,62.985,2056
2026-06-23T11:15:00+05:30,62.975,62.98,62.48,62.595,890
2026-06-23T11:30:00+05:30,62.58,62.785,62.36,62.705,1134
2026-06-23T11:45:00+05:30,62.695,62.84,62.235,62.28,917
2026-06-23T12:00:00+05:30,62.265,62.42,62.21,62.33,751
2026-06-23T12:15:00+05:30,62.33,62.61,62.245,62.27,947
2026-06-23T12:30:00+05:30,62.27,62.6,62.16,62.45,875
2026-06-23T12:45:00+05:30,62.49,62.7,62.47,62.56,479
2026-06-23T13:00:00+05:30,62.555,62.565,62.015,62.075,775
2026-06-23T13:15:00+05:30,62.075,62.205,61.845,61.94,1274
2026-06-23T13:30:00+05:30,61.94,62.07,61.84,61.94,1191
2026-06-23T13:45:00+05:30,61.94,62.16,61.92,62.055,558
2026-06-23T14:00:00+05:30,62.03,62.215,61.95,62.18,592
2026-06-23T14:15:00+05:30,62.175,62.185,62.02,62.135,313
2026-06-23T14:30:00+05:30,62.13,62.29,62.1,62.215,388
2026-06-23T14:45:00+05:30,62.245,62.44,62.19,62.41,562
2026-06-23T15:00:00+05:30,62.425,62.495,62.36,62.435,389
2026-06-23T15:15:00+05:30,62.43,62.57,62.415,62.555,248
2026-06-23T15:30:00+05:30,62.57,62.695,62.565,62.66,427
2026-06-23T15:45:00+05:30,62.655,62.725,62.575,62.61,312
2026-06-23T16:00:00+05:30,62.615,62.62,62.3,62.4,496
2026-06-23T16:15:00+05:30,62.405,62.415,62.255,62.285,347
2026-06-23T16:30:00+05:30,62.275,62.355,62.09,62.285,723
2026-06-23T16:45:00+05:30,62.275,62.375,62.13,62.205,628
2026-06-23T17:00:00+05:30,62.2,62.26,62.05,62.19,486
2026-06-23T17:15:00+05:30,62.185,62.2,61.88,62.145,670
2026-06-23T17:30:00+05:30,62.125,62.335,61.9,61.945,727
2026-06-23T17:45:00+05:30,61.94,61.95,61.75,61.925,854
2026-06-23T18:00:00+05:30,61.935,62.145,61.875,62.08,712
2026-06-23T18:15:00+05:30,62.07,62.165,61.865,61.98,756
2026-06-23T18:30:00+05:30,61.97,62.285,61.7,62.1,2082
2026-06-23T18:45:00+05:30,62.08,62.21,61.895,62.155,1002
2026-06-23T19:00:00+05:30,62.17,62.485,61.94,62.33,1802
2026-06-23T19:15:00+05:30,62.305,62.545,62.235,62.45,1153
2026-06-23T19:30:00+05:30,62.43,62.54,62.26,62.465,1065
2026-06-23T19:45:00+05:30,62.465,62.5,61.985,62.105,1069
2026-06-23T20:00:00+05:30,62.1,62.115,61.535,61.92,1923
2026-06-23T20:15:00+05:30,61.935,62.17,61.91,62.1,822
2026-06-23T20:30:00+05:30,62.11,62.24,61.865,62.02,1048
2026-06-23T20:45:00+05:30,62.02,62.05,61.86,61.94,519
2026-06-23T21:00:00+05:30,61.945,62.295,61.915,62.175,750
2026-06-23T21:15:00+05:30,62.18,62.38,62.09,62.325,410
2026-06-23T21:30:00+05:30,62.33,62.395,62.205,62.295,286
2026-06-23T21:45:00+05:30,62.295,62.335,62.12,62.14,348
2026-06-23T22:00:00+05:30,62.15,62.265,62.065,62.21,492
2026-06-23T22:15:00+05:30,62.22,62.235,62.035,62.09,381
2026-06-23T22:30:00+05:30,62.08,62.21,61.975,62.19,496
2026-06-23T22:45:00+05:30,62.185,62.26,61.99,62.025,697
2026-06-23T23:00:00+05:30,62.02,62.09,61.94,62.04,377
2026-06-23T23:15:00+05:30,62.04,62.13,61.84,61.855,475
2026-06-23T23:30:00+05:30,61.875,61.945,61.67,61.735,563
2026-06-23T23:45:00+05:30,61.735,61.84,61.725,61.735,276
2026-06-24T00:00:00+05:30,61.73,61.775,61.55,61.57,440
2026-06-24T00:15:00+05:30,61.57,61.58,61.38,61.51,588
2026-06-24T00:30:00+05:30,61.53,61.76,61.485,61.705,501
2026-06-24T00:45:00+05:30,61.705,61.75,61.585,61.735,228
2026-06-24T01:00:00+05:30,61.74,61.84,61.68,61.745,290
2026-06-24T01:15:00+05:30,61.745,61.765,61.6,61.645,387
2026-06-24T01:30:00+05:30,61.645,61.71,61.6,61.66,232
2026-06-24T01:45:00+05:30,61.655,61.655,61.535,61.64,233
2026-06-24T02:00:00+05:30,61.645,61.65,61.545,61.58,202
2026-06-24T02:15:00+05:30,61.57,61.645,61.485,61.645,215
2026-06-24T03:30:00+05:30,61.635,61.785,61.565,61.765,202
2026-06-24T03:45:00+05:30,61.775,61.805,61.51,61.57,374
2026-06-24T04:00:00+05:30,61.6,61.655,61.415,61.525,270
2026-06-24T04:15:00+05:30,61.505,61.645,61.505,61.52,200
2026-06-24T04:30:00+05:30,61.515,61.515,61.14,61.45,770
2026-06-24T04:45:00+05:30,61.45,61.5,61.27,61.28,246
2026-06-24T05:00:00+05:30,61.28,61.28,60.825,61.035,776
2026-06-24T05:15:00+05:30,61,61.715,61,61.695,953
2026-06-24T05:30:00+05:30,61.71,61.95,61.58,61.755,952
2026-06-24T05:45:00+05:30,61.765,61.8,61.325,61.6,736
2026-06-24T06:00:00+05:30,61.59,61.665,61.505,61.63,347
2026-06-24T06:15:00+05:30,61.635,61.78,61.5,61.57,478
2026-06-24T06:30:00+05:30,61.59,61.59,60.755,61.485,2493
2026-06-24T06:45:00+05:30,61.515,62.075,61.28,61.87,1307
2026-06-24T07:00:00+05:30,61.835,62.06,61.66,61.805,1077
2026-06-24T07:15:00+05:30,61.775,61.815,61.575,61.765,536
2026-06-24T07:30:00+05:30,61.75,61.885,61.535,61.615,473
2026-06-24T07:45:00+05:30,61.595,61.605,61.415,61.5,400
2026-06-24T08:00:00+05:30,61.495,61.61,61.085,61.205,1150
2026-06-24T08:15:00+05:30,61.225,61.435,61.095,61.215,533
2026-06-24T08:30:00+05:30,61.225,61.405,61.1,61.215,512
2026-06-24T08:45:00+05:30,61.24,61.32,61.055,61.305,419
2026-06-24T09:00:00+05:30,61.315,61.665,61.31,61.625,449
2026-06-24T09:15:00+05:30,61.63,61.655,61.395,61.42,287
2026-06-24T09:30:00+05:30,61.425,61.44,60.98,61.065,447
2026-06-24T09:45:00+05:30,61.07,61.145,60.93,61.06,337
2026-06-24T10:00:00+05:30,61.09,61.2,61.045,61.125,200
2026-06-24T10:15:00+05:30,61.12,61.22,61.08,61.175,160
2026-06-24T10:30:00+05:30,61.19,61.285,61.05,61.2,275
2026-06-24T10:45:00+05:30,61.18,61.53,61.175,61.47,376
2026-06-24T11:00:00+05:30,61.49,61.84,61.465,61.66,1041
2026-06-24T11:15:00+05:30,61.635,61.7,61.465,61.7,341
2026-06-24T11:30:00+05:30,61.7,62.43,61.69,62.23,1371
2026-06-24T11:45:00+05:30,62.22,62.26,61.975,62.125,763
2026-06-24T12:00:00+05:30,62.075,62.24,61.98,62.02,457
2026-06-24T12:15:00+05:30,62.01,62.075,61.85,61.92,515
2026-06-24T12:30:00+05:30,61.91,61.985,61.78,61.91,356
2026-06-24T12:45:00+05:30,61.895,61.97,61.81,61.87,255
2026-06-24T13:00:00+05:30,61.855,61.935,61.705,61.91,430
2026-06-24T13:15:00+05:30,61.89,61.98,61.545,61.57,549
2026-06-24T13:30:00+05:30,61.565,61.715,61.45,61.625,771
2026-06-24T13:45:00+05:30,61.615,61.665,61.48,61.5,412
2026-06-24T14:00:00+05:30,61.5,61.685,61.415,61.455,366
2026-06-24T14:15:00+05:30,61.415,61.435,61.28,61.3,367
2026-06-24T14:30:00+05:30,61.32,61.375,61.11,61.355,334
2026-06-24T14:45:00+05:30,61.37,61.415,61.14,61.17,299
2026-06-24T15:00:00+05:30,61.22,61.28,61.12,61.21,267
2026-06-24T15:15:00+05:30,61.18,61.3,61.075,61.12,266
2026-06-24T15:30:00+05:30,61.11,61.145,60.87,60.98,481
2026-06-24T15:45:00+05:30,60.97,60.97,60.73,60.95,729
2026-06-24T16:00:00+05:30,60.945,61.165,60.875,61.065,513
2026-06-24T16:15:00+05:30,61.065,61.065,60.605,60.665,693
2026-06-24T16:30:00+05:30,60.665,60.76,60.22,60.29,1130
2026-06-24T16:45:00+05:30,60.275,60.34,59.77,59.905,1900
2026-06-24T17:00:00+05:30,59.905,60.19,59.895,60.035,1259
2026-06-24T17:15:00+05:30,60.03,60.145,59.44,59.495,1655
2026-06-24T17:30:00+05:30,59.495,59.61,59.32,59.385,1567
2026-06-24T17:45:00+05:30,59.38,59.47,58.855,58.98,1838
2026-06-24T18:00:00+05:30,59,59.235,58.8,59.105,1515
2026-06-24T18:15:00+05:30,59.1,59.245,58.185,58.245,2794
2026-06-24T18:30:00+05:30,58.235,58.945,58.07,58.47,4939
2026-06-24T18:45:00+05:30,58.47,58.735,58.295,58.6,1726
2026-06-24T19:00:00+05:30,58.595,59.09,58.56,59.055,2119
2026-06-24T19:15:00+05:30,59.055,59.67,58.95,59.565,2702
2026-06-24T19:30:00+05:30,59.555,59.625,59.065,59.1,1670
2026-06-24T19:45:00+05:30,59.095,59.425,58.925,59.275,1288
2026-06-24T20:00:00+05:30,59.265,59.435,58.86,59.01,995
2026-06-24T20:15:00+05:30,59,59.19,58.815,58.97,963
2026-06-24T20:30:00+05:30,58.98,59.005,58.715,58.77,776
2026-06-24T20:45:00+05:30,58.775,59.185,58.725,59.125,904
2026-06-24T21:00:00+05:30,59.145,59.17,58.85,58.98,617
2026-06-24T21:15:00+05:30,58.97,59.2,58.725,58.775,960
2026-06-24T21:30:00+05:30,58.77,58.835,58.56,58.705,856
2026-06-24T21:45:00+05:30,58.71,58.845,58.64,58.845,498
2026-06-24T22:00:00+05:30,58.815,58.98,58.69,58.725,746
2026-06-24T22:15:00+05:30,58.72,58.735,58.59,58.66,564
2026-06-24T22:30:00+05:30,58.66,58.725,58.445,58.54,908
2026-06-24T22:45:00+05:30,58.54,58.55,57.735,57.76,3346
2026-06-24T23:00:00+05:30,57.765,57.87,57.43,57.555,2243
2026-06-24T23:15:00+05:30,57.55,57.585,56.605,56.64,3902
2026-06-24T23:30:00+05:30,56.64,56.955,55.745,56.84,6506
2026-06-24T23:45:00+05:30,56.835,57.255,56.75,57.16,1705
2026-06-25T00:00:00+05:30,57.175,57.3,56.87,56.95,944
2026-06-25T00:15:00+05:30,56.935,56.96,56.635,56.8,925
2026-06-25T00:30:00+05:30,56.81,56.96,56.575,56.705,595
2026-06-25T00:45:00+05:30,56.69,56.925,56.65,56.905,419
2026-06-25T01:00:00+05:30,56.915,57.02,56.7,56.81,456
2026-06-25T01:15:00+05:30,56.78,57.39,56.775,57.31,644
2026-06-25T01:30:00+05:30,57.305,57.76,57.16,57.52,915
2026-06-25T01:45:00+05:30,57.51,57.69,57.375,57.665,416
2026-06-25T02:00:00+05:30,57.68,57.695,57.385,57.545,339
2026-06-25T02:15:00+05:30,57.55,57.57,57.455,57.49,261
2026-06-25T03:30:00+05:30,57.495,57.775,57.495,57.615,330
2026-06-25T03:45:00+05:30,57.605,57.67,57.53,57.665,173
2026-06-25T04:00:00+05:30,57.68,57.87,57.65,57.76,333
2026-06-25T04:15:00+05:30,57.73,57.74,57.535,57.56,151
2026-06-25T04:30:00+05:30,57.565,57.585,57.39,57.54,230
2026-06-25T04:45:00+05:30,57.52,57.655,57.52,57.57,177
2026-06-25T05:00:00+05:30,57.565,57.945,57.565,57.87,300
2026-06-25T05:15:00+05:30,57.89,57.96,57.7,57.73,242
2026-06-25T05:30:00+05:30,57.8,57.91,57.585,57.62,582
2026-06-25T05:45:00+05:30,57.615,57.72,57.46,57.505,310
2026-06-25T06:00:00+05:30,57.5,57.535,57.26,57.4,449
2026-06-25T06:15:00+05:30,57.4,57.67,57.11,57.295,1058
2026-06-25T06:30:00+05:30,57.295,57.87,57.13,57.27,1757
2026-06-25T06:45:00+05:30,57.265,57.61,57.18,57.31,617
2026-06-25T07:00:00+05:30,57.275,57.415,56.81,57,1144
2026-06-25T07:15:00+05:30,57.015,57.245,56.77,56.92,587
2026-06-25T07:30:00+05:30,56.94,57.085,56.375,56.515,894
2026-06-25T07:45:00+05:30,56.53,57.15,56.53,57.05,631
2026-06-25T08:00:00+05:30,57.06,57.1,56.665,56.715,800
2026-06-25T08:15:00+05:30,56.725,57.025,56.665,56.955,463
2026-06-25T08:30:00+05:30,56.965,57.135,56.59,56.72,550
2026-06-25T08:45:00+05:30,56.73,57.03,56.655,56.995,411
2026-06-25T09:00:00+05:30,56.98,56.98,56.73,56.82,304
2026-06-25T09:15:00+05:30,56.845,57.535,56.845,57.52,821
2026-06-25T09:30:00+05:30,57.53,57.605,57.36,57.385,383
2026-06-25T09:45:00+05:30,57.39,57.48,57.255,57.44,251
2026-06-25T10:00:00+05:30,57.425,57.525,57.33,57.525,213
2026-06-25T10:15:00+05:30,57.53,57.635,57.495,57.615,236
2026-06-25T10:30:00+05:30,57.62,57.715,57.505,57.625,307
2026-06-25T10:45:00+05:30,57.625,57.625,57.315,57.535,474
2026-06-25T11:00:00+05:30,57.525,57.56,57.115,57.15,685
2026-06-25T11:15:00+05:30,57.115,57.4,57.04,57.18,515
2026-06-25T11:30:00+05:30,57.17,57.305,57.08,57.19,358
2026-06-25T11:45:00+05:30,57.17,57.24,57.08,57.165,338
2026-06-25T12:00:00+05:30,57.15,57.2,56.735,56.87,634
2026-06-25T12:15:00+05:30,56.89,57,56.815,56.825,496
2026-06-25T12:30:00+05:30,56.83,57.275,56.65,57.02,1007
2026-06-25T12:45:00+05:30,57.015,57.2,56.95,57.065,438
2026-06-25T13:00:00+05:30,57.085,57.195,56.575,56.665,648
2026-06-25T13:15:00+05:30,56.66,57.34,56.57,57.32,615
2026-06-25T13:30:00+05:30,57.335,57.555,57.32,57.37,681
2026-06-25T13:45:00+05:30,57.38,57.72,57.33,57.53,443
2026-06-25T14:00:00+05:30,57.55,57.745,57.53,57.65,396
2026-06-25T14:15:00+05:30,57.64,57.65,57.415,57.465,265
2026-06-25T14:30:00+05:30,57.47,57.62,57.47,57.55,247
2026-06-25T14:45:00+05:30,57.54,57.67,57.44,57.635,285
2026-06-25T15:00:00+05:30,57.64,57.695,57.37,57.375,398
2026-06-25T15:15:00+05:30,57.4,57.575,57.4,57.485,186
2026-06-25T15:30:00+05:30,57.45,57.54,57.305,57.35,360
2026-06-25T15:45:00+05:30,57.345,57.495,57.345,57.48,242
2026-06-25T16:00:00+05:30,57.47,57.53,57.39,57.43,253
2026-06-25T16:15:00+05:30,57.425,57.425,57.21,57.325,324
2026-06-25T16:30:00+05:30,57.37,57.435,57.18,57.205,491
2026-06-25T16:45:00+05:30,57.18,57.205,56.975,57.09,428
2026-06-25T17:00:00+05:30,57.075,57.27,56.985,57.23,393
2026-06-25T17:15:00+05:30,57.22,57.395,57.13,57.16,320
2026-06-25T17:30:00+05:30,57.175,57.365,57.1,57.145,383
2026-06-25T17:45:00+05:30,57.16,57.385,56.98,57.195,584
2026-06-25T18:00:00+05:30,57.195,58.065,56.71,57.96,3243
2026-06-25T18:15:00+05:30,57.955,58.42,57.865,58.21,2401
2026-06-25T18:30:00+05:30,58.22,59.045,58.12,58.71,2747
2026-06-25T18:45:00+05:30,58.705,58.72,58.155,58.285,1422
2026-06-25T19:00:00+05:30,58.285,58.445,57.565,57.595,1939
2026-06-25T19:15:00+05:30,57.6,57.68,57.015,57.04,1927
2026-06-25T19:30:00+05:30,57.05,57.79,57.05,57.705,1619
2026-06-25T19:45:00+05:30,57.715,58.155,57.58,58.095,1272
2026-06-25T20:00:00+05:30,58.08,58.175,57.77,57.99,933
2026-06-25T20:15:00+05:30,57.99,58.085,57.755,57.96,626
2026-06-25T20:30:00+05:30,57.98,58.12,57.63,57.675,813
2026-06-25T20:45:00+05:30,57.65,58.56,57.625,58.295,1458
2026-06-25T21:00:00+05:30,58.315,58.485,58.215,58.455,593
2026-06-25T21:15:00+05:30,58.435,58.85,58.365,58.81,1047
2026-06-25T21:30:00+05:30,58.8,58.855,58.6,58.64,676
2026-06-25T21:45:00+05:30,58.64,58.815,58.64,58.67,504
2026-06-25T22:00:00+05:30,58.66,58.665,58.325,58.325,693
2026-06-25T22:15:00+05:30,58.335,58.44,58.18,58.325,566
2026-06-25T22:30:00+05:30,58.325,58.47,58.3,58.325,450
2026-06-25T22:45:00+05:30,58.33,58.555,58.28,58.44,670
2026-06-25T23:00:00+05:30,58.43,58.485,58.24,58.265,372
2026-06-25T23:15:00+05:30,58.245,58.38,58.08,58.34,624
2026-06-25T23:30:00+05:30,58.3,58.37,58,58.11,568
2026-06-25T23:45:00+05:30,58.12,58.52,58.115,58.51,552
2026-06-26T00:00:00+05:30,58.5,58.5,58.08,58.13,300
2026-06-26T00:15:00+05:30,58.1,58.27,58.005,58.21,260
2026-06-26T00:30:00+05:30,58.225,58.27,58.095,58.195,258
2026-06-26T00:45:00+05:30,58.195,58.285,58.07,58.11,219
2026-06-26T01:00:00+05:30,58.105,58.125,57.97,58.01,371
2026-06-26T01:15:00+05:30,58,58.01,57.69,57.91,699
2026-06-26T01:30:00+05:30,57.905,58.085,57.88,57.925,334
2026-06-26T01:45:00+05:30,57.93,58.01,57.91,57.975,162
2026-06-26T02:00:00+05:30,57.975,57.975,57.87,57.885,175
2026-06-26T02:15:00+05:30,57.885,57.925,57.78,57.905,640
2026-06-26T03:30:00+05:30,57.97,58.02,57.6,57.65,162
2026-06-26T03:45:00+05:30,57.655,57.735,57.63,57.705,79
2026-06-26T04:00:00+05:30,57.72,57.96,57.69,57.795,141
2026-06-26T04:15:00+05:30,57.795,57.85,57.7,57.83,103
2026-06-26T04:30:00+05:30,57.845,57.85,57.74,57.8,59
2026-06-26T04:45:00+05:30,57.795,58.06,57.795,58.055,66
2026-06-26T05:00:00+05:30,58.06,58.06,57.865,57.93,54
2026-06-26T05:15:00+05:30,57.875,57.875,57.61,57.655,112
2026-06-26T05:30:00+05:30,57.65,57.715,57.385,57.585,139
2026-06-26T05:45:00+05:30,57.61,57.795,57.435,57.49,96
2026-06-26T06:00:00+05:30,57.5,57.625,57.48,57.585,65
2026-06-26T06:15:00+05:30,57.605,57.915,57.605,57.67,110
2026-06-26T06:30:00+05:30,57.7,58.025,57.295,57.345,202
2026-06-26T06:45:00+05:30,57.385,57.6,57.23,57.375,107
2026-06-26T07:00:00+05:30,57.375,57.515,57.255,57.38,86
2026-06-26T07:15:00+05:30,57.325,57.325,56.93,57.155,206
2026-06-26T07:30:00+05:30,57.2,57.29,56.73,56.815,123
2026-06-26T07:45:00+05:30,56.84,57,56.63,56.825,144
2026-06-26T08:00:00+05:30,56.71,56.735,56.04,56.07,367
2026-06-26T08:15:00+05:30,56.065,56.205,55.595,55.975,386
2026-06-26T08:30:00+05:30,55.98,56.55,55.9,56.48,293
2026-06-26T08:45:00+05:30,56.52,56.69,56.27,56.455,153
2026-06-26T09:00:00+05:30,56.405,56.495,56.36,56.485,45
2026-06-26T09:15:00+05:30,56.435,56.655,56.39,56.625,52
2026-06-26T09:30:00+05:30,56.565,56.675,56.485,56.675,53
2026-06-26T09:45:00+05:30,56.685,56.715,56.475,56.54,49
2026-06-26T10:00:00+05:30,56.565,56.57,56.305,56.51,72
2026-06-26T10:15:00+05:30,56.52,56.53,56.365,56.385,49
2026-06-26T10:30:00+05:30,56.395,56.51,56.26,56.51,59
2026-06-26T10:45:00+05:30,56.545,56.685,56.35,56.62,100
2026-06-26T11:00:00+05:30,56.69,56.895,56.565,56.69,238
2026-06-26T11:15:00+05:30,56.7,56.87,56.57,56.62,128
2026-06-26T11:30:00+05:30,56.585,56.585,56.375,56.51,90
2026-06-26T11:45:00+05:30,56.53,57.42,56.5,57.345,368
2026-06-26T12:00:00+05:30,57.325,57.815,57.165,57.8,381
2026-06-26T12:15:00+05:30,57.775,58.36,57.66,58.255,440
2026-06-26T12:30:00+05:30,58.225,58.225,57.86,57.89,152
2026-06-26T12:45:00+05:30,57.87,58.06,57.87,57.985,112
2026-06-26T13:00:00+05:30,57.985,58.1,57.89,57.915,64
2026-06-26T13:15:00+05:30,57.955,57.955,57.785,57.845,76
2026-06-26T13:30:00+05:30,57.9,57.9,57.625,57.755,88
2026-06-26T13:45:00+05:30,57.775,57.955,57.765,57.935,64
2026-06-26T14:00:00+05:30,57.87,57.96,57.77,57.85,50
2026-06-26T14:15:00+05:30,57.88,57.94,57.655,57.75,50
2026-06-26T14:30:00+05:30,57.68,57.9,57.625,57.885,69
2026-06-26T14:45:00+05:30,57.845,58.26,57.685,58.205,194
2026-06-26T15:00:00+05:30,58.18,58.375,58.1,58.185,151
2026-06-26T15:15:00+05:30,58.21,58.345,58.15,58.165,126
2026-06-26T15:30:00+05:30,58.175,58.345,57.995,58.295,164
2026-06-26T15:45:00+05:30,58.325,58.325,58.065,58.18,93
2026-06-26T16:00:00+05:30,58.155,58.3,58.155,58.2,40
2026-06-26T16:15:00+05:30,58.2,58.465,58.2,58.465,79
2026-06-26T16:30:00+05:30,58.46,58.475,58.25,58.26,120
2026-06-26T16:45:00+05:30,58.23,58.375,58.155,58.275,68
2026-06-26T17:00:00+05:30,58.325,58.36,58.1,58.115,45
2026-06-26T17:15:00+05:30,58.11,58.21,58.04,58.145,100
2026-06-26T17:30:00+05:30,58.115,58.22,58.04,58.165,131
2026-06-26T17:45:00+05:30,58.2,58.27,57.995,58.18,216
2026-06-26T18:00:00+05:30,58.155,58.34,57.98,58.055,150
2026-06-26T18:15:00+05:30,58.06,58.94,58.06,58.87,320
2026-06-26T18:30:00+05:30,58.915,59.12,58.155,58.22,497
2026-06-26T18:45:00+05:30,58.24,58.47,57.945,58.455,379
2026-06-26T19:00:00+05:30,58.405,58.49,57.96,58.49,648
2026-06-26T19:15:00+05:30,58.475,58.925,58.35,58.9,435
2026-06-26T19:30:00+05:30,58.9,59.365,58.715,59.19,428
2026-06-26T19:45:00+05:30,59.17,59.415,59.105,59.115,233
2026-06-26T20:00:00+05:30,59.1,59.36,58.97,59.215,257
2026-06-26T20:15:00+05:30,59.28,59.485,59.125,59.125,189
2026-06-26T20:30:00+05:30,59.09,59.21,58.905,58.975,301
2026-06-26T20:45:00+05:30,58.975,59.24,58.975,59.24,134
2026-06-26T21:00:00+05:30,59.28,59.595,59.095,59.475,202
2026-06-26T21:15:00+05:30,59.455,59.51,59.135,59.345,180
2026-06-26T21:30:00+05:30,59.38,59.415,59.23,59.315,84
2026-06-26T21:45:00+05:30,59.31,59.38,59.17,59.22,127
2026-06-26T22:00:00+05:30,59.3,59.4,59.13,59.24,142
2026-06-26T22:15:00+05:30,59.245,59.3,59.19,59.275,104
2026-06-26T22:30:00+05:30,59.29,59.29,59.115,59.16,174
2026-06-26T22:45:00+05:30,59.145,59.32,59,59.21,282
2026-06-26T23:00:00+05:30,59.22,59.245,59.01,59.085,163
2026-06-26T23:15:00+05:30,59.08,59.085,58.955,58.965,128
2026-06-26T23:30:00+05:30,58.98,59.125,58.935,59.12,160
2026-06-26T23:45:00+05:30,59.115,59.115,58.95,59.105,213
2026-06-27T00:00:00+05:30,59.105,59.13,58.925,59.01,141
2026-06-27T00:15:00+05:30,58.96,58.965,58.815,58.84,143
2026-06-27T00:30:00+05:30,58.85,58.99,58.805,58.975,90
2026-06-27T00:45:00+05:30,58.985,58.995,58.8,58.82,49
2026-06-27T01:00:00+05:30,58.82,58.98,58.8,58.98,64
2026-06-27T01:15:00+05:30,58.975,59.02,58.87,58.88,119
2026-06-27T01:30:00+05:30,58.9,58.91,58.55,58.635,64
2026-06-27T01:45:00+05:30,58.645,58.74,58.525,58.65,24
2026-06-27T02:00:00+05:30,58.59,58.6,58.5,58.57,28
2026-06-27T02:15:00+05:30,58.6,59.215,58.56,59.105,60
2026-06-29T03:30:00+05:30,59.29,59.915,59.2,59.525,640
2026-06-29T03:45:00+05:30,59.485,59.49,58.91,58.99,734
2026-06-29T04:00:00+05:30,59.01,59.14,58.915,59.09,383
2026-06-29T04:15:00+05:30,59.115,59.28,59.08,59.18,327
2026-06-29T04:30:00+05:30,59.19,59.405,59.19,59.245,314
2026-06-29T04:45:00+05:30,59.235,59.235,59.015,59.11,271
2026-06-29T05:00:00+05:30,59.07,59.225,59,59.225,164
2026-06-29T05:15:00+05:30,59.235,59.295,59.09,59.09,257
2026-06-29T05:30:00+05:30,59.09,59.13,58.845,58.96,561
2026-06-29T05:45:00+05:30,58.96,59.05,58.47,58.47,867
2026-06-29T06:00:00+05:30,58.5,59.03,58.5,59.02,609
2026-06-29T06:15:00+05:30,59.02,59.215,58.805,59.075,663
2026-06-29T06:30:00+05:30,59.085,59.275,58.695,58.795,1664
2026-06-29T06:45:00+05:30,58.795,59.14,58.745,58.825,490
2026-06-29T07:00:00+05:30,58.825,59.17,58.58,59.07,563
2026-06-29T07:15:00+05:30,59.075,59.075,58.675,58.74,595
2026-06-29T07:30:00+05:30,58.75,58.995,58.645,58.795,637
2026-06-29T07:45:00+05:30,58.795,59.215,58.73,59.19,462
2026-06-29T08:00:00+05:30,59.195,59.305,58.83,58.96,796
2026-06-29T08:15:00+05:30,58.965,59.195,58.93,59.1,423
2026-06-29T08:30:00+05:30,59.095,59.36,59.065,59.275,402
2026-06-29T08:45:00+05:30,59.265,59.585,59.225,59.355,568
2026-06-29T09:00:00+05:30,59.375,59.375,58.99,58.99,408
2026-06-29T09:15:00+05:30,58.995,59.15,58.975,59.075,271
2026-06-29T09:30:00+05:30,59.065,59.075,58.9,58.905,212
2026-06-29T09:45:00+05:30,58.9,58.96,58.845,58.885,224
2026-06-29T10:00:00+05:30,58.885,58.885,58.63,58.735,420
2026-06-29T10:15:00+05:30,58.745,58.77,58.58,58.62,245
2026-06-29T10:30:00+05:30,58.63,58.785,58.56,58.75,367
2026-06-29T10:45:00+05:30,58.745,58.76,58.545,58.57,254
2026-06-29T11:00:00+05:30,58.575,58.665,58.17,58.655,1702
2026-06-29T11:15:00+05:30,58.645,59.085,58.535,59,910
2026-06-29T11:30:00+05:30,58.995,59.31,58.985,59.1,654
2026-06-29T11:45:00+05:30,59.095,59.365,59.095,59.24,465
2026-06-29T12:00:00+05:30,59.24,59.275,59.11,59.205,376
2026-06-29T12:15:00+05:30,59.225,59.28,59.06,59.065,406
2026-06-29T12:30:00+05:30,59.09,59.1,58.86,58.925,545
2026-06-29T12:45:00+05:30,58.935,59.055,58.905,59.025,414
2026-06-29T13:00:00+05:30,59,59.01,58.765,58.82,406
2026-06-29T13:15:00+05:30,58.8,58.985,58.755,58.765,282
2026-06-29T13:30:00+05:30,58.765,58.95,58.755,58.885,304
2026-06-29T13:45:00+05:30,58.89,58.96,58.735,58.78,375
2026-06-29T14:00:00+05:30,58.785,58.915,58.68,58.7,398
2026-06-29T14:15:00+05:30,58.71,58.77,58.34,58.455,549
2026-06-29T14:30:00+05:30,58.465,58.61,58.35,58.52,414
2026-06-29T14:45:00+05:30,58.51,58.635,58.495,58.55,252
2026-06-29T15:00:00+05:30,58.565,58.635,58.41,58.43,291
2026-06-29T15:15:00+05:30,58.435,58.455,57.845,58.16,1218
2026-06-29T15:30:00+05:30,58.15,58.31,58,58.24,866
2026-06-29T15:45:00+05:30,58.245,58.245,58.07,58.195,332
2026-06-29T16:00:00+05:30,58.2,58.225,57.975,58.1,290
2026-06-29T16:15:00+05:30,58.095,58.31,58.025,58.27,344
2026-06-29T16:30:00+05:30,58.29,58.345,58.085,58.12,491
2026-06-29T16:45:00+05:30,58.145,58.23,58.12,58.21,196
2026-06-29T17:00:00+05:30,58.21,58.39,58.19,58.355,530
2026-06-29T17:15:00+05:30,58.35,58.715,58.335,58.655,547
2026-06-29T17:30:00+05:30,58.665,58.89,58.595,58.695,662
2026-06-29T17:45:00+05:30,58.685,58.75,58.46,58.475,692
2026-06-29T18:00:00+05:30,58.49,58.875,58.49,58.845,553
2026-06-29T18:15:00+05:30,58.845,59,58.795,58.835,607
2026-06-29T18:30:00+05:30,58.845,59.15,58.83,59.14,1051
2026-06-29T18:45:00+05:30,59.135,59.215,58.82,58.82,671
2026-06-29T19:00:00+05:30,58.8,58.99,58.69,58.77,1026
2026-06-29T19:15:00+05:30,58.775,58.82,58.485,58.61,973
2026-06-29T19:30:00+05:30,58.625,58.66,58.07,58.075,1750
2026-06-29T19:45:00+05:30,58.07,58.675,57.87,58.56,1976
2026-06-29T20:00:00+05:30,58.555,58.71,58.395,58.41,783
2026-06-29T20:15:00+05:30,58.42,58.61,58.24,58.455,905
2026-06-29T20:30:00+05:30,58.475,58.475,58.155,58.28,665
2026-06-29T20:45:00+05:30,58.27,58.465,58.13,58.38,832
2026-06-29T21:00:00+05:30,58.375,58.475,58.265,58.45,644
2026-06-29T21:15:00+05:30,58.445,58.635,58.43,58.535,540
2026-06-29T21:30:00+05:30,58.525,58.61,58.47,58.515,427
2026-06-29T21:45:00+05:30,58.52,58.57,58.395,58.485,453
2026-06-29T22:00:00+05:30,58.505,58.505,58.365,58.44,408
2026-06-29T22:15:00+05:30,58.46,58.7,58.445,58.56,462
2026-06-29T22:30:00+05:30,58.585,58.865,58.57,58.69,510
2026-06-29T22:45:00+05:30,58.735,58.77,58.58,58.625,511
2026-06-29T23:00:00+05:30,58.63,58.665,58.5,58.525,340
2026-06-29T23:15:00+05:30,58.515,58.68,58.495,58.67,338
2026-06-29T23:30:00+05:30,58.68,58.76,58.665,58.74,334
2026-06-29T23:45:00+05:30,58.735,58.84,58.7,58.74,282
2026-06-30T00:00:00+05:30,58.745,58.825,58.715,58.825,159
2026-06-30T00:15:00+05:30,58.825,58.84,58.56,58.635,305
2026-06-30T00:30:00+05:30,58.63,58.665,58.4,58.41,377
2026-06-30T00:45:00+05:30,58.395,58.765,58.39,58.765,456
2026-06-30T01:00:00+05:30,58.76,58.8,58.665,58.73,155
2026-06-30T01:15:00+05:30,58.75,58.75,58.59,58.71,273
2026-06-30T01:30:00+05:30,58.695,58.705,58.64,58.69,137
2026-06-30T01:45:00+05:30,58.69,58.82,58.69,58.805,139
2026-06-30T02:00:00+05:30,58.805,58.805,58.69,58.725,94
2026-06-30T02:15:00+05:30,58.73,58.78,58.68,58.755,105
2026-06-30T03:30:00+05:30,58.74,58.9,58.7,58.74,218
2026-06-30T03:45:00+05:30,58.75,58.83,58.73,58.745,60
2026-06-30T04:00:00+05:30,58.73,58.75,58.67,58.675,135
2026-06-30T04:15:00+05:30,58.67,58.75,58.665,58.7,113
2026-06-30T04:30:00+05:30,58.715,59.015,58.715,58.975,379
2026-06-30T04:45:00+05:30,58.99,59.035,58.895,58.935,213
2026-06-30T05:00:00+05:30,58.93,59.04,58.905,58.96,204
2026-06-30T05:15:00+05:30,58.94,59.01,58.88,58.895,150
2026-06-30T05:30:00+05:30,58.88,58.885,58.585,58.75,625
2026-06-30T05:45:00+05:30,58.74,58.78,58.53,58.56,321
2026-06-30T06:00:00+05:30,58.555,58.555,58.015,58.04,816
2026-06-30T06:15:00+05:30,58.05,58.19,57.69,57.965,1896
2026-06-30T06:30:00+05:30,57.985,57.985,57.055,57.295,4105
2026-06-30T06:45:00+05:30,57.295,58.22,57.07,58.19,2448
2026-06-30T07:00:00+05:30,58.175,58.2,57.725,57.85,1592
2026-06-30T07:15:00+05:30,57.855,58,57.735,57.86,721
2026-06-30T07:30:00+05:30,57.87,58.15,57.6,57.79,1027
2026-06-30T07:45:00+05:30,57.815,57.88,57.61,57.75,494
2026-06-30T08:00:00+05:30,57.74,57.78,57.51,57.57,798
2026-06-30T08:15:00+05:30,57.58,57.98,57.545,57.8,638
2026-06-30T08:30:00+05:30,57.805,58.06,57.795,57.95,482
2026-06-30T08:45:00+05:30,57.93,58.185,57.84,57.9,524
2026-06-30T09:00:00+05:30,57.91,57.91,57.63,57.65,454
2026-06-30T09:15:00+05:30,57.645,57.765,57.585,57.72,268
2026-06-30T09:30:00+05:30,57.695,57.935,57.68,57.835,389
2026-06-30T09:45:00+05:30,57.83,57.98,57.81,57.97,171
2026-06-30T10:00:00+05:30,57.96,58.47,57.955,58.27,778
2026-06-30T10:15:00+05:30,58.265,58.3,58.125,58.125,347
2026-06-30T10:30:00+05:30,58.14,58.17,57.86,57.93,413
2026-06-30T10:45:00+05:30,57.92,57.93,57.705,57.76,360
2026-06-30T11:00:00+05:30,57.775,58.005,57.54,57.845,988
2026-06-30T11:15:00+05:30,57.83,57.925,57.68,57.71,457
2026-06-30T11:30:00+05:30,57.735,58.075,57.735,58.07,523
2026-06-30T11:45:00+05:30,58.065,59.385,57.94,59.27,2038
2026-06-30T12:00:00+05:30,59.295,60.09,59.22,59.455,2663
2026-06-30T12:15:00+05:30,59.415,59.665,59.385,59.495,874
2026-06-30T12:30:00+05:30,59.495,59.5,59.19,59.265,761
2026-06-30T12:45:00+05:30,59.275,59.595,59.27,59.39,675
2026-06-30T13:00:00+05:30,59.4,59.495,59.305,59.38,370
2026-06-30T13:15:00+05:30,59.37,59.5,59.26,59.455,354
2026-06-30T13:30:00+05:30,59.445,59.615,59.095,59.17,512
2026-06-30T13:45:00+05:30,59.185,59.21,59.055,59.195,359
2026-06-30T14:00:00+05:30,59.21,59.25,58.86,58.945,455
2026-06-30T14:15:00+05:30,58.96,59.02,58.845,58.945,327
2026-06-30T14:30:00+05:30,58.93,59.1,58.9,59.035,269
2026-06-30T14:45:00+05:30,59.045,59.16,58.985,58.985,230
2026-06-30T15:00:00+05:30,59.005,59.125,58.875,59.125,204
2026-06-30T15:15:00+05:30,59.135,59.27,59.115,59.265,271
2026-06-30T15:30:00+05:30,59.275,59.39,59.18,59.305,358
2026-06-30T15:45:00+05:30,59.31,59.37,59.2,59.37,197
2026-06-30T16:00:00+05:30,59.365,59.465,59.285,59.395,305
2026-06-30T16:15:00+05:30,59.395,59.53,59.33,59.48,288
2026-06-30T16:30:00+05:30,59.465,59.52,59.205,59.445,668
2026-06-30T16:45:00+05:30,59.445,59.545,59.37,59.515,244
2026-06-30T17:00:00+05:30,59.525,59.65,59.405,59.59,343
2026-06-30T17:15:00+05:30,59.585,59.62,59.36,59.51,397
2026-06-30T17:30:00+05:30,59.52,59.535,59.31,59.405,502
2026-06-30T17:45:00+05:30,59.4,59.405,58.77,58.795,1029
2026-06-30T18:00:00+05:30,58.805,59.025,58.745,58.935,736
2026-06-30T18:15:00+05:30,58.935,58.975,58.655,58.795,1019
2026-06-30T18:30:00+05:30,58.77,59.59,58.77,59.435,2252
2026-06-30T18:45:00+05:30,59.425,59.83,59.325,59.43,1380
2026-06-30T19:00:00+05:30,59.44,59.65,59.255,59.54,1257
2026-06-30T19:15:00+05:30,59.56,59.795,59.41,59.69,1135
2026-06-30T19:30:00+05:30,59.675,60.475,59.49,60.28,2867
2026-06-30T19:45:00+05:30,60.27,60.8,60.18,60.55,2300
2026-06-30T20:00:00+05:30,60.55,60.905,60.52,60.715,1747
2026-06-30T20:15:00+05:30,60.715,60.72,60.26,60.325,1294
2026-06-30T20:30:00+05:30,60.325,60.475,60.155,60.335,1072
2026-06-30T20:45:00+05:30,60.325,60.34,59.985,60.22,1036
2026-06-30T21:00:00+05:30,60.22,60.285,60.005,60.12,521
2026-06-30T21:15:00+05:30,60.135,60.25,60.01,60.045,556
2026-06-30T21:30:00+05:30,60.04,60.15,59.99,60.14,344
2026-06-30T21:45:00+05:30,60.15,60.295,60.145,60.195,546
2026-06-30T22:00:00+05:30,60.19,60.245,60.12,60.21,293
2026-06-30T22:15:00+05:30,60.205,60.32,59.88,59.94,783
2026-06-30T22:30:00+05:30,59.915,60,59.8,59.955,598
2026-06-30T22:45:00+05:30,59.96,60.06,59.86,59.975,722
2026-06-30T23:00:00+05:30,59.97,60.02,59.885,59.995,288
2026-06-30T23:15:00+05:30,59.985,60.165,59.97,60.105,315
2026-06-30T23:30:00+05:30,60.1,60.21,60.075,60.145,326
2026-06-30T23:45:00+05:30,60.14,60.18,60.065,60.13,294
2026-07-01T00:00:00+05:30,60.115,60.22,60.03,60.215,306
2026-07-01T00:15:00+05:30,60.21,60.345,60.2,60.22,442
2026-07-01T00:30:00+05:30,60.225,60.25,60.1,60.12,400
2026-07-01T00:45:00+05:30,60.13,60.17,59.93,59.965,408
2026-07-01T01:00:00+05:30,59.96,60.005,59.835,59.865,353
2026-07-01T01:15:00+05:30,59.86,59.885,59.6,59.635,779
2026-07-01T01:30:00+05:30,59.63,59.77,59.54,59.73,396
2026-07-01T01:45:00+05:30,59.715,59.755,59.345,59.38,523
2026-07-01T02:00:00+05:30,59.37,59.375,59.215,59.245,308
2026-07-01T02:15:00+05:30,59.245,59.26,59.03,59.05,289
2026-07-01T03:30:00+05:30,59.21,59.335,59.105,59.22,289
2026-07-01T03:45:00+05:30,59.225,59.285,59.15,59.285,207
2026-07-01T04:00:00+05:30,59.285,59.33,59.24,59.25,149
2026-07-01T04:15:00+05:30,59.25,59.28,59.125,59.17,143
2026-07-01T04:30:00+05:30,59.18,59.32,59.11,59.2,167
2026-07-01T04:45:00+05:30,59.215,59.235,59.035,59.085,173
2026-07-01T05:00:00+05:30,59.075,59.09,58.975,58.985,257
2026-07-01T05:15:00+05:30,58.98,59.015,58.84,58.85,382
2026-07-01T05:30:00+05:30,58.87,59.05,58.775,58.995,395
2026-07-01T05:45:00+05:30,58.985,59,58.685,58.785,495
2026-07-01T06:00:00+05:30,58.79,58.965,58.79,58.84,480
2026-07-01T06:15:00+05:30,58.85,59.045,58.75,58.94,908
2026-07-01T06:30:00+05:30,58.94,59.165,58.46,58.55,2309
2026-07-01T06:45:00+05:30,58.55,58.645,58.275,58.415,1055
2026-07-01T07:00:00+05:30,58.415,58.5,58.09,58.31,768
2026-07-01T07:15:00+05:30,58.3,58.33,57.95,58.155,904
2026-07-01T07:30:00+05:30,58.14,58.23,57.925,58.18,631
2026-07-01T07:45:00+05:30,58.175,58.275,58.11,58.2,379
2026-07-01T08:00:00+05:30,58.2,58.365,58.14,58.325,574
2026-07-01T08:15:00+05:30,58.315,58.375,58.125,58.155,408
2026-07-01T08:30:00+05:30,58.16,58.44,58.16,58.405,428
2026-07-01T08:45:00+05:30,58.385,58.48,58.26,58.29,271
2026-07-01T09:00:00+05:30,58.305,58.36,58.175,58.18,258
2026-07-01T09:15:00+05:30,58.18,58.28,58.15,58.28,150
2026-07-01T09:30:00+05:30,58.285,58.305,58.085,58.1,213
2026-07-01T09:45:00+05:30,58.105,58.175,58.04,58.175,165
2026-07-01T10:00:00+05:30,58.185,58.27,58.025,58.125,305
2026-07-01T10:15:00+05:30,58.13,58.345,58.11,58.11,361
2026-07-01T10:30:00+05:30,58.11,58.145,57.91,58.005,471
2026-07-01T10:45:00+05:30,58,58.125,57.89,58.015,331
2026-07-01T11:00:00+05:30,58,58.185,57.845,58.04,834
2026-07-01T11:15:00+05:30,58.045,58.16,57.96,57.98,411
2026-07-01T11:30:00+05:30,57.975,58.095,57.755,57.83,846
2026-07-01T11:45:00+05:30,57.81,57.94,57.56,57.9,784
2026-07-01T12:00:00+05:30,57.905,58.035,57.685,57.985,503
2026-07-01T12:15:00+05:30,57.985,58.015,57.835,57.865,319
2026-07-01T12:30:00+05:30,57.87,58.02,57.69,57.795,531
2026-07-01T12:45:00+05:30,57.8,57.99,57.795,57.82,258
2026-07-01T13:00:00+05:30,57.825,58.01,57.655,57.95,351
2026-07-01T13:15:00+05:30,57.945,58.16,57.945,58.145,322
2026-07-01T13:30:00+05:30,58.125,58.175,57.955,58.16,299
2026-07-01T13:45:00+05:30,58.175,58.335,58.165,58.265,385
2026-07-01T14:00:00+05:30,58.265,58.265,58.055,58.22,299
2026-07-01T14:15:00+05:30,58.215,58.29,58.08,58.145,245
2026-07-01T14:30:00+05:30,58.15,58.34,58.04,58.29,253
2026-07-01T14:45:00+05:30,58.27,58.405,58.27,58.38,284
2026-07-01T15:00:00+05:30,58.375,58.53,58.35,58.46,277
2026-07-01T15:15:00+05:30,58.475,58.525,58.42,58.485,232
2026-07-01T15:30:00+05:30,58.49,58.575,58.39,58.425,293
2026-07-01T15:45:00+05:30,58.42,58.46,58.35,58.45,212
2026-07-01T16:00:00+05:30,58.45,58.62,58.42,58.445,314
2026-07-01T16:15:00+05:30,58.45,58.735,58.44,58.71,337
2026-07-01T16:30:00+05:30,58.705,58.95,58.67,58.905,616
2026-07-01T16:45:00+05:30,58.91,59.415,58.91,59.345,907
2026-07-01T17:00:00+05:30,59.345,59.455,59.255,59.435,498
2026-07-01T17:15:00+05:30,59.42,59.6,59.365,59.375,741
2026-07-01T17:30:00+05:30,59.38,59.415,59.1,59.15,741
2026-07-01T17:45:00+05:30,59.155,59.355,59.155,59.205,524
2026-07-01T18:00:00+05:30,59.18,59.39,59.1,59.255,2322
2026-07-01T18:15:00+05:30,59.26,59.495,59.255,59.285,819
2026-07-01T18:30:00+05:30,59.29,59.295,58.79,58.895,1741
2026-07-01T18:45:00+05:30,58.9,59.49,58.785,59.48,1658
2026-07-01T19:00:00+05:30,59.48,60.885,59.35,60.86,3198
2026-07-01T19:15:00+05:30,60.875,61.205,60.585,60.79,2607
2026-07-01T19:30:00+05:30,60.8,61.08,60.61,60.89,1763
2026-07-01T19:45:00+05:30,60.885,61.525,60.785,61.155,2314
2026-07-01T20:00:00+05:30,61.17,61.45,60.895,60.92,1646
2026-07-01T20:15:00+05:30,60.91,60.95,60.745,60.855,950
2026-07-01T20:30:00+05:30,60.86,60.885,60.6,60.725,837
2026-07-01T20:45:00+05:30,60.735,60.825,60.52,60.73,787
2026-07-01T21:00:00+05:30,60.73,60.77,60.62,60.7,535
2026-07-01T21:15:00+05:30,60.685,60.87,60.635,60.69,525
2026-07-01T21:30:00+05:30,60.69,60.895,60.69,60.825,391
2026-07-01T21:45:00+05:30,60.835,60.915,60.8,60.845,300
2026-07-01T22:00:00+05:30,60.845,60.885,60.63,60.65,502
2026-07-01T22:15:00+05:30,60.655,60.695,60.55,60.575,426
2026-07-01T22:30:00+05:30,60.6,60.665,60.445,60.51,591
2026-07-01T22:45:00+05:30,60.52,60.54,60.41,60.485,612
2026-07-01T23:00:00+05:30,60.505,60.635,60.505,60.525,311
2026-07-01T23:15:00+05:30,60.515,60.545,60.35,60.37,457
2026-07-01T23:30:00+05:30,60.37,60.5,60.325,60.355,334
2026-07-01T23:45:00+05:30,60.365,60.4,60.165,60.17,542
2026-07-02T00:00:00+05:30,60.175,60.35,60.175,60.23,337
2026-07-02T00:15:00+05:30,60.23,60.255,60.115,60.235,307
2026-07-02T00:30:00+05:30,60.235,60.435,60.235,60.3,490
2026-07-02T00:45:00+05:30,60.305,60.32,60.185,60.23,272
2026-07-02T01:00:00+05:30,60.23,60.265,60.015,60.03,333
2026-07-02T01:15:00+05:30,60.035,60.08,59.735,59.785,724
2026-07-02T01:30:00+05:30,59.77,59.78,59.57,59.72,416
2026-07-02T01:45:00+05:30,59.73,59.755,59.665,59.725,196
2026-07-02T02:00:00+05:30,59.72,59.72,59.56,59.615,244
2026-07-02T02:15:00+05:30,59.62,59.67,59.58,59.625,172
2026-07-02T03:30:00+05:30,59.735,59.92,59.725,59.795,301
2026-07-02T03:45:00+05:30,59.8,59.845,59.74,59.805,173
2026-07-02T04:00:00+05:30,59.8,59.88,59.775,59.845,127
2026-07-02T04:15:00+05:30,59.855,59.92,59.84,59.89,139
2026-07-02T04:30:00+05:30,59.885,59.895,59.695,59.695,189
2026-07-02T04:45:00+05:30,59.71,59.75,59.655,59.75,190
2026-07-02T05:00:00+05:30,59.76,59.805,59.74,59.755,118
2026-07-02T05:15:00+05:30,59.765,59.77,59.58,59.605,230
2026-07-02T05:30:00+05:30,59.61,59.89,59.41,59.89,864
2026-07-02T05:45:00+05:30,59.885,59.915,59.76,59.825,339
2026-07-02T06:00:00+05:30,59.83,59.84,59.58,59.605,561
2026-07-02T06:15:00+05:30,59.625,60.015,59.595,59.945,851
2026-07-02T06:30:00+05:30,59.945,60.62,59.885,60.485,2174
2026-07-02T06:45:00+05:30,60.475,60.5,60.125,60.16,826
2026-07-02T07:00:00+05:30,60.18,60.345,59.995,60.08,844
2026-07-02T07:15:00+05:30,60.08,60.455,60,60.255,526
2026-07-02T07:30:00+05:30,60.24,60.28,60.085,60.275,454
2026-07-02T07:45:00+05:30,60.275,60.45,60.27,60.335,366
2026-07-02T08:00:00+05:30,60.325,60.595,60.185,60.515,727
2026-07-02T08:15:00+05:30,60.515,60.6,60.43,60.5,428
2026-07-02T08:30:00+05:30,60.5,60.56,60.4,60.475,334
2026-07-02T08:45:00+05:30,60.535,60.615,60.415,60.55,401
2026-07-02T09:00:00+05:30,60.565,60.735,60.5,60.675,403
2026-07-02T09:15:00+05:30,60.66,60.865,60.58,60.71,432
2026-07-02T09:30:00+05:30,60.74,60.87,60.695,60.765,345
2026-07-02T09:45:00+05:30,60.76,60.76,60.59,60.6,279
2026-07-02T10:00:00+05:30,60.62,60.62,60.435,60.495,367
2026-07-02T10:15:00+05:30,60.495,60.585,60.46,60.53,217
2026-07-02T10:30:00+05:30,60.55,60.555,60.275,60.285,462
2026-07-02T10:45:00+05:30,60.285,60.435,60.205,60.205,326
2026-07-02T11:00:00+05:30,60.215,60.33,59.855,60.135,1256
2026-07-02T11:15:00+05:30,60.12,60.35,60.08,60.26,587
2026-07-02T11:30:00+05:30,60.265,60.71,60.265,60.435,972
2026-07-02T11:45:00+05:30,60.425,60.685,60.375,60.495,445
2026-07-02T12:00:00+05:30,60.51,60.575,60.29,60.32,453
2026-07-02T12:15:00+05:30,60.315,60.485,60.235,60.38,416
2026-07-02T12:30:00+05:30,60.39,60.43,60.175,60.185,427
2026-07-02T12:45:00+05:30,60.19,60.215,60.015,60.07,399
2026-07-02T13:00:00+05:30,60.065,60.22,60,60.155,423
2026-07-02T13:15:00+05:30,60.17,60.185,59.81,59.835,597
2026-07-02T13:30:00+05:30,59.85,60.13,59.745,60.085,475
2026-07-02T13:45:00+05:30,60.105,60.43,60.07,60.42,487
2026-07-02T14:00:00+05:30,60.42,60.675,60.38,60.645,471
2026-07-02T14:15:00+05:30,60.635,60.765,60.575,60.605,541
2026-07-02T14:30:00+05:30,60.6,60.67,60.45,60.5,389
2026-07-02T14:45:00+05:30,60.505,60.505,60.3,60.39,299
2026-07-02T15:00:00+05:30,60.385,60.515,60.335,60.45,367
2026-07-02T15:15:00+05:30,60.445,60.49,60.265,60.28,368
2026-07-02T15:30:00+05:30,60.285,60.38,60.25,60.315,273
2026-07-02T15:45:00+05:30,60.29,60.4,60.21,60.35,246
2026-07-02T16:00:00+05:30,60.33,60.39,60.25,60.29,200
2026-07-02T16:15:00+05:30,60.29,60.325,60.2,60.265,182
2026-07-02T16:30:00+05:30,60.28,60.285,59.92,60.28,709
2026-07-02T16:45:00+05:30,60.26,60.38,60.255,60.34,320
2026-07-02T17:00:00+05:30,60.305,60.535,60.305,60.52,222
2026-07-02T17:15:00+05:30,60.515,60.525,60.245,60.245,319
2026-07-02T17:30:00+05:30,60.25,60.405,60.14,60.21,517
2026-07-02T17:45:00+05:30,60.2,60.355,60.12,60.235,604
2026-07-02T18:00:00+05:30,60.28,62.17,60.235,61.92,4991
2026-07-02T18:15:00+05:30,61.93,61.945,61.35,61.645,2786
2026-07-02T18:30:00+05:30,61.645,62.195,61.56,61.775,2864
2026-07-02T18:45:00+05:30,61.77,61.785,61.4,61.415,1200
2026-07-02T19:00:00+05:30,61.405,62.5,61.33,62.28,2814
2026-07-02T19:15:00+05:30,62.275,62.585,62.235,62.38,1813
2026-07-02T19:30:00+05:30,62.375,62.41,61.975,62.15,1287
2026-07-02T19:45:00+05:30,62.145,62.255,61.595,61.67,1505
2026-07-02T20:00:00+05:30,61.67,61.905,61.59,61.755,1384
2026-07-02T20:15:00+05:30,61.745,61.865,61.56,61.86,845
2026-07-02T20:30:00+05:30,61.84,61.895,61.27,61.625,1385
2026-07-02T20:45:00+05:30,61.625,61.71,61.405,61.515,595
2026-07-02T21:00:00+05:30,61.52,61.82,61.515,61.645,592
2026-07-02T21:15:00+05:30,61.65,61.685,61.52,61.6,410
2026-07-02T21:30:00+05:30,61.61,61.64,61.365,61.47,392
2026-07-02T21:45:00+05:30,61.485,61.53,61.225,61.27,607
2026-07-02T22:00:00+05:30,61.25,61.36,60.95,61.31,987
2026-07-02T22:15:00+05:30,61.305,61.44,61.27,61.345,427
2026-07-02T22:30:00+05:30,61.33,61.395,61.165,61.25,603
2026-07-02T22:45:00+05:30,61.265,61.295,60.97,61.1,700
2026-07-02T23:00:00+05:30,61.115,61.155,60.925,60.95,463
2026-07-02T23:15:00+05:30,60.955,61.085,60.935,60.95,465
2026-07-02T23:30:00+05:30,60.96,61.32,60.935,61.215,674
2026-07-02T23:45:00+05:30,61.215,61.27,61.055,61.265,460
2026-07-03T00:00:00+05:30,61.27,61.435,61.265,61.27,364
2026-07-03T00:15:00+05:30,61.26,61.325,61.17,61.255,229
2026-07-03T00:30:00+05:30,61.28,61.33,61.01,61.03,321
2026-07-03T00:45:00+05:30,61.03,61.075,60.85,61.02,460
2026-07-03T01:00:00+05:30,61.03,61.13,61.02,61.09,241
2026-07-03T01:15:00+05:30,61.085,61.4,61.08,61.34,430
2026-07-03T01:30:00+05:30,61.335,61.355,61.26,61.295,250
2026-07-03T01:45:00+05:30,61.315,61.44,61.305,61.38,190
2026-07-03T02:00:00+05:30,61.38,61.43,61.32,61.345,149
2026-07-03T02:15:00+05:30,61.335,61.475,61.315,61.45,254
2026-07-03T03:30:00+05:30,61.5,61.59,61.415,61.435,180
2026-07-03T03:45:00+05:30,61.45,61.475,61.385,61.44,107
2026-07-03T04:00:00+05:30,61.44,61.525,61.44,61.485,109
2026-07-03T04:15:00+05:30,61.49,61.545,61.485,61.495,71
2026-07-03T04:30:00+05:30,61.505,61.55,61.49,61.49,66
2026-07-03T04:45:00+05:30,61.5,61.62,61.48,61.595,146
2026-07-03T05:00:00+05:30,61.59,61.64,61.435,61.505,253
2026-07-03T05:15:00+05:30,61.505,61.64,61.49,61.555,177
2026-07-03T05:30:00+05:30,61.56,61.775,61.495,61.72,425
2026-07-03T05:45:00+05:30,61.705,61.795,61.6,61.665,418
2026-07-03T06:00:00+05:30,61.665,61.745,61.535,61.65,335
2026-07-03T06:15:00+05:30,61.635,62,61.6,61.925,1047
2026-07-03T06:30:00+05:30,61.91,62.575,61.785,62.475,2189
2026-07-03T06:45:00+05:30,62.485,62.795,62.405,62.6,1254
2026-07-03T07:00:00+05:30,62.61,62.945,62.54,62.66,1055
2026-07-03T07:15:00+05:30,62.655,62.75,62.485,62.69,732
2026-07-03T07:30:00+05:30,62.69,62.84,62.605,62.805,340
2026-07-03T07:45:00+05:30,62.77,62.815,62.7,62.795,130
2026-07-03T08:00:00+05:30,62.785,63.09,62.76,63.01,920
2026-07-03T08:15:00+05:30,63.015,63.025,62.825,62.865,430
2026-07-03T08:30:00+05:30,62.865,62.93,62.74,62.815,360
2026-07-03T08:45:00+05:30,62.805,62.835,62.69,62.79,363
2026-07-03T09:00:00+05:30,62.8,62.815,62.655,62.66,299
2026-07-03T09:15:00+05:30,62.665,62.735,62.66,62.735,129
2026-07-03T09:30:00+05:30,62.745,62.91,62.69,62.895,252
2026-07-03T09:45:00+05:30,62.885,63.135,62.86,62.925,493
2026-07-03T10:00:00+05:30,62.93,62.93,62.835,62.905,147
2026-07-03T10:15:00+05:30,62.895,62.93,62.805,62.865,153
2026-07-03T10:30:00+05:30,62.855,62.96,62.82,62.935,219
2026-07-03T10:45:00+05:30,62.92,62.945,62.7,62.81,319
2026-07-03T11:00:00+05:30,62.805,63.02,62.73,62.89,591
2026-07-03T11:15:00+05:30,62.905,62.95,62.705,62.83,453
2026-07-03T11:30:00+05:30,62.82,62.875,62.715,62.72,516
2026-07-03T11:45:00+05:30,62.71,62.76,62.57,62.645,482
2026-07-03T12:00:00+05:30,62.7,62.89,62.66,62.815,487
2026-07-03T12:15:00+05:30,62.83,62.945,62.815,62.9,489
2026-07-03T12:30:00+05:30,62.89,63.045,62.85,62.925,384
2026-07-03T12:45:00+05:30,62.93,63.085,62.83,63.075,270
2026-07-03T13:00:00+05:30,63.085,63.295,63.055,63.265,569
2026-07-03T13:15:00+05:30,63.265,63.33,63.14,63.15,346
2026-07-03T13:30:00+05:30,63.185,63.36,63.155,63.23,361
2026-07-03T13:45:00+05:30,63.225,63.26,63.125,63.135,301
2026-07-03T14:00:00+05:30,63.13,63.23,63.06,63.16,358
2026-07-03T14:15:00+05:30,63.165,63.205,63.045,63.16,251
2026-07-03T14:30:00+05:30,63.145,63.17,62.985,63.17,277
2026-07-03T14:45:00+05:30,63.165,63.19,63.035,63.04,175
2026-07-03T15:00:00+05:30,63.04,63.105,62.99,63.085,224
2026-07-03T15:15:00+05:30,63.09,63.1,62.99,62.99,137
2026-07-03T15:30:00+05:30,62.98,63.14,62.97,63.1,173
2026-07-03T15:45:00+05:30,63.09,63.1,63.005,63.01,112
2026-07-03T16:00:00+05:30,63.005,63.015,62.875,62.98,266
2026-07-03T16:15:00+05:30,62.985,62.99,62.855,62.87,146
2026-07-03T16:30:00+05:30,62.875,62.945,62.7,62.945,568
2026-07-03T16:45:00+05:30,62.95,62.96,62.755,62.755,242
2026-07-03T17:00:00+05:30,62.75,62.915,62.75,62.905,165
2026-07-03T17:15:00+05:30,62.925,62.93,62.755,62.83,147
2026-07-03T17:30:00+05:30,62.815,62.86,62.685,62.685,293
2026-07-03T17:45:00+05:30,62.7,62.725,62.475,62.58,604
2026-07-03T18:00:00+05:30,62.585,62.78,62.495,62.78,376
2026-07-03T18:15:00+05:30,62.765,62.91,62.69,62.865,630
2026-07-03T18:30:00+05:30,62.88,62.91,62.37,62.46,1187
2026-07-03T18:45:00+05:30,62.46,62.74,62.455,62.695,629
2026-07-03T19:00:00+05:30,62.7,62.705,62.525,62.62,290
2026-07-03T19:15:00+05:30,62.62,62.73,62.55,62.675,320
2026-07-03T19:30:00+05:30,62.66,62.82,62.535,62.7,521
2026-07-03T19:45:00+05:30,62.715,62.81,62.69,62.77,313
2026-07-03T20:00:00+05:30,62.775,62.775,62.64,62.665,247
2026-07-03T20:15:00+05:30,62.655,62.9,62.655,62.845,326
2026-07-03T20:30:00+05:30,62.85,62.97,62.8,62.9,446
2026-07-03T20:45:00+05:30,62.89,62.95,62.72,62.74,419
2026-07-03T21:00:00+05:30,62.745,62.765,62.7,62.74,319
2026-07-03T21:15:00+05:30,62.75,62.775,62.61,62.665,252
2026-07-03T21:30:00+05:30,62.655,62.79,62.655,62.725,294
2026-07-03T21:45:00+05:30,62.72,62.795,62.695,62.72,150
2026-07-03T22:00:00+05:30,62.75,62.78,62.685,62.755,300
2026-07-03T22:15:00+05:30,62.755,62.87,62.75,62.83,333
2026-07-06T03:30:00+05:30,62.91,63.425,62.845,63.385,781
2026-07-06T03:45:00+05:30,63.39,63.495,63.195,63.45,320
2026-07-06T04:00:00+05:30,63.44,63.575,63.375,63.54,333
2026-07-06T04:15:00+05:30,63.54,63.655,63.515,63.565,293
2026-07-06T04:30:00+05:30,63.565,63.675,63.475,63.495,326
2026-07-06T04:45:00+05:30,63.5,63.735,63.5,63.695,379
2026-07-06T05:00:00+05:30,63.68,63.71,63.42,63.43,484
2026-07-06T05:15:00+05:30,63.425,63.45,63.105,63.25,715
2026-07-06T05:30:00+05:30,63.26,63.315,62.935,63.035,743
2026-07-06T05:45:00+05:30,63.055,63.17,62.88,62.955,623
2026-07-06T06:00:00+05:30,62.99,63.35,62.965,63.305,475
2026-07-06T06:15:00+05:30,63.315,63.365,62.92,63.135,960
2026-07-06T06:30:00+05:30,63.15,63.58,62.91,63.185,1967
2026-07-06T06:45:00+05:30,63.175,63.235,62.8,62.85,862
2026-07-06T07:00:00+05:30,62.875,63.185,62.85,63.125,711
2026-07-06T07:15:00+05:30,63.115,63.27,62.825,62.865,477
2026-07-06T07:30:00+05:30,62.87,62.905,62.61,62.715,619
2026-07-06T07:45:00+05:30,62.71,62.79,62.6,62.645,269
2026-07-06T08:00:00+05:30,62.65,62.685,62.355,62.375,910
2026-07-06T08:15:00+05:30,62.37,62.54,62.355,62.465,366
2026-07-06T08:30:00+05:30,62.485,62.52,62.23,62.325,685
2026-07-06T08:45:00+05:30,62.3,62.42,62.265,62.375,279
2026-07-06T09:00:00+05:30,62.4,62.47,62.2,62.25,294
2026-07-06T09:15:00+05:30,62.255,62.33,62.2,62.305,191
2026-07-06T09:30:00+05:30,62.29,62.305,62.15,62.275,236
2026-07-06T09:45:00+05:30,62.26,62.335,62.22,62.31,171
2026-07-06T10:00:00+05:30,62.31,62.35,62.21,62.27,169
2026-07-06T10:15:00+05:30,62.26,62.325,62.22,62.31,133
2026-07-06T10:30:00+05:30,62.3,62.33,62.16,62.22,232
2026-07-06T10:45:00+05:30,62.21,62.3,62.18,62.26,232
2026-07-06T11:00:00+05:30,62.245,62.415,62.055,62.245,982
2026-07-06T11:15:00+05:30,62.205,62.26,62.015,62.075,329
2026-07-06T11:30:00+05:30,62.09,62.34,62.03,62.315,526
2026-07-06T11:45:00+05:30,62.3,62.36,62.16,62.33,321
2026-07-06T12:00:00+05:30,62.32,62.395,62.175,62.225,353
2026-07-06T12:15:00+05:30,62.235,62.245,62.075,62.14,209
2026-07-06T12:30:00+05:30,62.135,62.24,62.06,62.24,235
2026-07-06T12:45:00+05:30,62.24,62.355,62.21,62.325,297
2026-07-06T13:00:00+05:30,62.325,62.675,62.305,62.66,506
2026-07-06T13:15:00+05:30,62.665,62.805,62.62,62.785,328
2026-07-06T13:30:00+05:30,62.79,62.81,62.52,62.54,399
2026-07-06T13:45:00+05:30,62.55,62.575,62.47,62.535,229
2026-07-06T14:00:00+05:30,62.53,62.565,62.385,62.395,247
2026-07-06T14:15:00+05:30,62.42,62.5,62.31,62.43,253
2026-07-06T14:30:00+05:30,62.41,62.555,62.4,62.55,164
2026-07-06T14:45:00+05:30,62.545,62.615,62.405,62.42,254
2026-07-06T15:00:00+05:30,62.465,62.465,62.265,62.29,351
2026-07-06T15:15:00+05:30,62.29,62.425,62.29,62.415,153
2026-07-06T15:30:00+05:30,62.405,62.44,62.275,62.44,129
2026-07-06T15:45:00+05:30,62.425,62.49,62.405,62.48,188
2026-07-06T16:00:00+05:30,62.495,62.67,62.49,62.635,206
2026-07-06T16:15:00+05:30,62.635,62.64,62.52,62.525,248
2026-07-06T16:30:00+05:30,62.535,62.56,62.44,62.52,300
2026-07-06T16:45:00+05:30,62.53,62.67,62.48,62.595,193
2026-07-06T17:00:00+05:30,62.6,62.63,62.545,62.57,116
2026-07-06T17:15:00+05:30,62.585,62.7,62.505,62.625,192
2026-07-06T17:30:00+05:30,62.635,62.705,62.555,62.6,331
2026-07-06T17:45:00+05:30,62.6,62.705,62.36,62.475,574
2026-07-06T18:00:00+05:30,62.475,62.51,61.915,61.95,1068
2026-07-06T18:15:00+05:30,61.955,62.285,61.88,62.04,1090
2026-07-06T18:30:00+05:30,62.06,62.185,61.845,61.92,1160
2026-07-06T18:45:00+05:30,61.905,62.21,61.785,62.07,988
2026-07-06T19:00:00+05:30,62.06,62.4,62.055,62.39,1241
2026-07-06T19:15:00+05:30,62.39,62.475,62.18,62.29,947
2026-07-06T19:30:00+05:30,62.295,62.4,62.07,62.26,863
2026-07-06T19:45:00+05:30,62.275,62.275,61.965,62.145,653
2026-07-06T20:00:00+05:30,62.155,62.32,61.955,61.985,885
2026-07-06T20:15:00+05:30,61.965,62.195,61.935,62.175,572
2026-07-06T20:30:00+05:30,62.18,62.36,62.085,62.115,500
2026-07-06T20:45:00+05:30,62.12,62.255,62.09,62.245,490
2026-07-06T21:00:00+05:30,62.245,62.36,62.21,62.335,486
2026-07-06T21:15:00+05:30,62.35,62.355,62.18,62.24,309
2026-07-06T21:30:00+05:30,62.24,62.24,62,62.015,427
2026-07-06T21:45:00+05:30,62.01,62.09,61.93,61.985,410
2026-07-06T22:00:00+05:30,61.985,62.155,61.975,62.145,318
2026-07-06T22:15:00+05:30,62.15,62.33,62.11,62.245,377
2026-07-06T22:30:00+05:30,62.245,62.47,62.22,62.305,637
2026-07-06T22:45:00+05:30,62.3,62.395,62.125,62.315,848
2026-07-06T23:00:00+05:30,62.32,62.44,62.29,62.34,380
2026-07-06T23:15:00+05:30,62.335,62.51,62.315,62.425,497
2026-07-06T23:30:00+05:30,62.435,62.455,62.31,62.42,394
2026-07-06T23:45:00+05:30,62.445,62.58,62.445,62.53,408
2026-07-07T00:00:00+05:30,62.525,62.77,62.51,62.645,464
2026-07-07T00:15:00+05:30,62.63,62.66,62.555,62.605,202
2026-07-07T00:30:00+05:30,62.62,62.65,62.47,62.485,266
2026-07-07T00:45:00+05:30,62.485,62.6,62.44,62.59,200
2026-07-07T01:00:00+05:30,62.585,62.605,62.445,62.48,206
2026-07-07T01:15:00+05:30,62.475,62.54,62.46,62.51,213
2026-07-07T01:30:00+05:30,62.51,62.53,62.41,62.43,158
2026-07-07T01:45:00+05:30,62.43,62.46,62.415,62.45,67
2026-07-07T02:00:00+05:30,62.45,62.5,62.445,62.465,128
2026-07-07T02:15:00+05:30,62.465,62.495,62.445,62.475,113
2026-07-07T03:30:00+05:30,62.59,62.59,62.455,62.555,135
2026-07-07T03:45:00+05:30,62.555,62.57,62.5,62.53,27
2026-07-07T04:00:00+05:30,62.54,62.58,62.535,62.56,40
2026-07-07T04:15:00+05:30,62.545,62.56,62.42,62.46,89
2026-07-07T04:30:00+05:30,62.45,62.515,62.45,62.49,52
2026-07-07T04:45:00+05:30,62.485,62.485,62.425,62.45,38
2026-07-07T05:00:00+05:30,62.435,62.465,62.38,62.405,83
2026-07-07T05:15:00+05:30,62.395,62.395,62.18,62.195,268
2026-07-07T05:30:00+05:30,62.185,62.405,62.12,62.335,255
2026-07-07T05:45:00+05:30,62.345,62.44,62.23,62.4,209
2026-07-07T06:00:00+05:30,62.4,62.475,62.01,62.05,393
2026-07-07T06:15:00+05:30,62.05,62.165,61.89,61.91,726
2026-07-07T06:30:00+05:30,61.9,61.99,61.52,61.71,1675
2026-07-07T06:45:00+05:30,61.695,61.755,61.265,61.45,831
2026-07-07T07:00:00+05:30,61.465,61.855,61.46,61.825,565
2026-07-07T07:15:00+05:30,61.84,62.01,61.815,61.95,517
2026-07-07T07:30:00+05:30,61.975,62.12,61.845,62.06,417
2026-07-07T07:45:00+05:30,62.065,62.115,61.88,61.93,286
2026-07-07T08:00:00+05:30,61.915,62.09,61.835,61.93,297
2026-07-07T08:15:00+05:30,61.93,61.93,61.615,61.695,473
2026-07-07T08:30:00+05:30,61.7,61.82,61.67,61.675,226
2026-07-07T08:45:00+05:30,61.68,61.7,61.31,61.43,562
2026-07-07T09:00:00+05:30,61.425,61.56,61.35,61.43,403
2026-07-07T09:15:00+05:30,61.425,61.535,61.31,61.525,296
2026-07-07T09:30:00+05:30,61.505,61.71,61.47,61.595,231
2026-07-07T09:45:00+05:30,61.585,61.595,61.395,61.425,254
2026-07-07T10:00:00+05:30,61.435,61.46,61.36,61.405,132
2026-07-07T10:15:00+05:30,61.445,61.455,61.23,61.28,259
2026-07-07T10:30:00+05:30,61.265,61.365,61.02,61.03,418
2026-07-07T10:45:00+05:30,61.035,61.16,60.955,61.11,464
2026-07-07T11:00:00+05:30,61.115,61.125,60.705,60.91,1031
2026-07-07T11:15:00+05:30,60.89,61.06,60.885,60.975,417
2026-07-07T11:30:00+05:30,60.97,61.345,60.965,61.17,682
2026-07-07T11:45:00+05:30,61.155,61.48,61.155,61.4,482
2026-07-07T12:00:00+05:30,61.395,61.695,61.34,61.625,460
2026-07-07T12:15:00+05:30,61.64,61.71,61.525,61.56,443
2026-07-07T12:30:00+05:30,61.55,61.58,61.39,61.455,385
2026-07-07T12:45:00+05:30,61.43,61.52,61.36,61.43,165
2026-07-07T13:00:00+05:30,61.42,61.535,61.385,61.395,191
2026-07-07T13:15:00+05:30,61.4,61.455,61.24,61.25,316
2026-07-07T13:30:00+05:30,61.27,61.71,61.225,61.675,356
2026-07-07T13:45:00+05:30,61.66,61.695,61.57,61.65,213
2026-07-07T14:00:00+05:30,61.66,61.66,61.4,61.465,365
2026-07-07T14:15:00+05:30,61.45,61.45,61.23,61.36,212
2026-07-07T14:30:00+05:30,61.365,61.41,61.27,61.34,200
2026-07-07T14:45:00+05:30,61.345,61.415,61.185,61.225,228
2026-07-07T15:00:00+05:30,61.225,61.455,61.225,61.435,221
2026-07-07T15:15:00+05:30,61.42,61.435,61.19,61.34,194
2026-07-07T15:30:00+05:30,61.31,61.465,61.31,61.405,294
2026-07-07T15:45:00+05:30,61.425,61.545,61.42,61.515,221
2026-07-07T16:00:00+05:30,61.495,61.495,61.37,61.375,128
2026-07-07T16:15:00+05:30,61.375,61.375,61.19,61.21,236
2026-07-07T16:30:00+05:30,61.225,61.225,61.085,61.145,369
2026-07-07T16:45:00+05:30,61.155,61.47,61.135,61.425,350
2026-07-07T17:00:00+05:30,61.42,61.58,61.305,61.565,284
2026-07-07T17:15:00+05:30,61.565,61.845,61.54,61.82,505
2026-07-07T17:30:00+05:30,61.82,62.125,61.795,62.11,786
2026-07-07T17:45:00+05:30,62.115,62.195,61.95,62.11,653
2026-07-07T18:00:00+05:30,62.11,62.18,61.81,61.83,661
2026-07-07T18:15:00+05:30,61.835,62.13,61.765,62.09,904
2026-07-07T18:30:00+05:30,62.095,62.175,61.665,61.855,1523
2026-07-07T18:45:00+05:30,61.84,61.86,61.645,61.71,614
2026-07-07T19:00:00+05:30,61.72,62.32,61.55,62.25,1488
2026-07-07T19:15:00+05:30,62.245,62.32,61.655,61.765,1123
2026-07-07T19:30:00+05:30,61.785,61.86,61.55,61.585,944
2026-07-07T19:45:00+05:30,61.6,61.72,61.35,61.525,939
2026-07-07T20:00:00+05:30,61.55,61.565,61.09,61.37,1110
2026-07-07T20:15:00+05:30,61.365,61.495,61.325,61.36,514
2026-07-07T20:30:00+05:30,61.365,61.435,61.2,61.205,444
2026-07-07T20:45:00+05:30,61.215,61.24,61.065,61.165,538
2026-07-07T21:00:00+05:30,61.19,61.285,61.135,61.25,341
2026-07-07T21:15:00+05:30,61.255,61.285,60.895,61.06,655
2026-07-07T21:30:00+05:30,61.075,61.29,61.045,61.275,420
2026-07-07T21:45:00+05:30,61.265,61.44,61.26,61.4,407
2026-07-07T22:00:00+05:30,61.4,61.415,61.235,61.28,280
2026-07-07T22:15:00+05:30,61.29,61.355,61.215,61.355,175
2026-07-07T22:30:00+05:30,61.36,61.425,61.22,61.24,247
2026-07-07T22:45:00+05:30,61.245,61.45,61.17,61.44,384
2026-07-07T23:00:00+05:30,61.44,61.5,61.425,61.43,342
2026-07-07T23:15:00+05:30,61.45,61.455,61.37,61.445,176
2026-07-07T23:30:00+05:30,61.45,61.46,61.325,61.385,197
2026-07-07T23:45:00+05:30,61.37,61.465,61.33,61.34,281
2026-07-08T00:00:00+05:30,61.335,61.38,61.17,61.31,301
2026-07-08T00:15:00+05:30,61.325,61.335,60.83,60.865,623
2026-07-08T00:30:00+05:30,60.895,60.895,60.19,60.225,1093
2026-07-08T00:45:00+05:30,60.205,60.275,59.855,60.17,1327
2026-07-08T01:00:00+05:30,60.19,60.535,60.185,60.435,519
2026-07-08T01:15:00+05:30,60.435,60.75,60.415,60.675,691
2026-07-08T01:30:00+05:30,60.67,60.765,60.61,60.63,385
2026-07-08T01:45:00+05:30,60.62,60.645,60.48,60.57,246
2026-07-08T02:00:00+05:30,60.57,60.57,60.33,60.355,303
2026-07-08T02:15:00+05:30,60.355,60.445,60.35,60.385,139
2026-07-08T03:30:00+05:30,60.3,60.415,60.155,60.25,360
2026-07-08T03:45:00+05:30,60.26,60.285,60.09,60.09,206
2026-07-08T04:00:00+05:30,60.115,60.17,60.025,60.12,270
2026-07-08T04:15:00+05:30,60.09,60.22,60.075,60.195,116
2026-07-08T04:30:00+05:30,60.185,60.335,60.155,60.29,289
2026-07-08T04:45:00+05:30,60.28,60.4,60.25,60.375,127
2026-07-08T05:00:00+05:30,60.365,60.4,60.07,60.115,250
2026-07-08T05:15:00+05:30,60.1,60.195,60.01,60.095,303
2026-07-08T05:30:00+05:30,60.09,60.35,60.035,60.125,449
2026-07-08T05:45:00+05:30,60.14,60.425,60.04,60.275,414
2026-07-08T06:00:00+05:30,60.295,60.715,60.26,60.675,469
2026-07-08T06:15:00+05:30,60.695,60.71,60.485,60.525,993
2026-07-08T06:30:00+05:30,60.535,60.745,60.13,60.45,1735
2026-07-08T06:45:00+05:30,60.43,60.55,60.24,60.405,478
2026-07-08T07:00:00+05:30,60.42,60.51,60.015,60.14,581
2026-07-08T07:15:00+05:30,60.14,60.45,60.14,60.425,415
2026-07-08T07:30:00+05:30,60.425,60.525,60.305,60.325,332
2026-07-08T07:45:00+05:30,60.32,60.55,60.32,60.455,212
2026-07-08T08:00:00+05:30,60.45,60.555,60.35,60.55,223
2026-07-08T08:15:00+05:30,60.565,60.565,60.33,60.42,159
2026-07-08T08:30:00+05:30,60.435,61.095,60.435,60.98,891
2026-07-08T08:45:00+05:30,60.99,61.15,60.93,61.1,465
2026-07-08T09:00:00+05:30,61.125,61.175,60.995,61.015,202
2026-07-08T09:15:00+05:30,60.99,61.025,60.735,60.78,303
2026-07-08T09:30:00+05:30,60.76,60.865,60.66,60.755,267
2026-07-08T09:45:00+05:30,60.75,60.805,60.66,60.8,157
2026-07-08T10:00:00+05:30,60.815,60.875,60.715,60.775,170
2026-07-08T10:15:00+05:30,60.78,60.84,60.71,60.775,95
2026-07-08T10:30:00+05:30,60.75,61.09,60.75,60.9,322
2026-07-08T10:45:00+05:30,60.915,61.03,60.755,60.755,207
2026-07-08T11:00:00+05:30,60.775,61.4,60.7,61.23,1096
2026-07-08T11:15:00+05:30,61.225,61.32,61.055,61.275,527
2026-07-08T11:30:00+05:30,61.285,61.335,60.975,61.175,662
2026-07-08T11:45:00+05:30,61.2,61.45,61.145,61.395,466
2026-07-08T12:00:00+05:30,61.37,61.39,61.23,61.24,453
2026-07-08T12:15:00+05:30,61.25,61.265,61.09,61.095,296
2026-07-08T12:30:00+05:30,61.09,61.145,60.9,60.925,385
2026-07-08T12:45:00+05:30,60.93,61.05,60.86,60.985,320
2026-07-08T13:00:00+05:30,60.995,61.215,60.925,61.195,360
2026-07-08T13:15:00+05:30,61.205,61.235,61.03,61.045,154
2026-07-08T13:30:00+05:30,61.065,61.105,60.87,61.005,364
2026-07-08T13:45:00+05:30,61.01,61.115,59.905,60.11,2283
2026-07-08T14:00:00+05:30,60.11,60.22,59.115,59.26,2218
2026-07-08T14:15:00+05:30,59.235,59.4,58.58,58.815,1700
2026-07-08T14:30:00+05:30,58.81,58.91,58.635,58.83,1052
2026-07-08T14:45:00+05:30,58.83,59.12,58.775,58.98,706
2026-07-08T15:00:00+05:30,58.99,59.175,58.81,58.945,708
2026-07-08T15:15:00+05:30,58.95,59.02,58.625,58.68,498
2026-07-08T15:30:00+05:30,58.715,58.935,58.695,58.88,399
2026-07-08T15:45:00+05:30,58.91,59.175,58.85,58.895,639
2026-07-08T16:00:00+05:30,58.88,59.085,58.85,59,415
2026-07-08T16:15:00+05:30,59.01,59.07,58.79,58.79,336
2026-07-08T16:30:00+05:30,58.82,59.005,58.62,58.78,621
2026-07-08T16:45:00+05:30,58.79,58.935,58.715,58.78,419
2026-07-08T17:00:00+05:30,58.75,59.28,58.44,59.265,1517
2026-07-08T17:15:00+05:30,59.22,59.45,58.96,59.12,1204
2026-07-08T17:30:00+05:30,59.135,59.37,59.045,59.195,916
2026-07-08T17:45:00+05:30,59.205,59.3,58.855,58.915,851
2026-07-08T18:00:00+05:30,58.91,59.035,58.695,58.94,955
2026-07-08T18:15:00+05:30,58.94,59.37,58.87,58.955,1680
2026-07-08T18:30:00+05:30,58.955,59.385,58.87,58.99,2316
2026-07-08T18:45:00+05:30,58.98,59.09,58.675,58.73,954
2026-07-08T19:00:00+05:30,58.73,59.1,58.7,58.935,1104
2026-07-08T19:15:00+05:30,58.915,59.075,58.735,58.845,719
2026-07-08T19:30:00+05:30,58.82,58.87,58.66,58.685,1006
2026-07-08T19:45:00+05:30,58.67,58.865,58.445,58.695,1432
2026-07-08T20:00:00+05:30,58.685,58.73,58.045,58.075,1901
2026-07-08T20:15:00+05:30,58.07,58.31,58,58.21,983
2026-07-08T20:30:00+05:30,58.225,58.315,57.905,57.95,841
2026-07-08T20:45:00+05:30,57.98,58.01,57.725,57.815,1343
2026-07-08T21:00:00+05:30,57.825,57.86,57.6,57.77,1092
2026-07-08T21:15:00+05:30,57.77,57.83,57.66,57.785,519
2026-07-08T21:30:00+05:30,57.805,58.055,57.745,57.91,895
2026-07-08T21:45:00+05:30,57.925,58.025,57.845,57.935,577
2026-07-08T22:00:00+05:30,57.925,58.295,57.845,58.275,1212
2026-07-08T22:15:00+05:30,58.27,58.42,58.195,58.305,716
2026-07-08T22:30:00+05:30,58.31,58.425,58.18,58.33,680
2026-07-08T22:45:00+05:30,58.345,58.735,58.345,58.735,875
2026-07-08T23:00:00+05:30,58.73,58.89,58.565,58.595,721
2026-07-08T23:15:00+05:30,58.605,58.655,58.465,58.54,426
2026-07-08T23:30:00+05:30,58.53,58.9,58.5,58.875,746
2026-07-08T23:45:00+05:30,58.885,58.885,58.65,58.67,353
2026-07-09T00:00:00+05:30,58.685,58.9,58.61,58.895,324
2026-07-09T00:15:00+05:30,58.905,59.055,58.86,58.935,432
2026-07-09T00:30:00+05:30,58.94,59.12,58.885,58.915,387
2026-07-09T00:45:00+05:30,58.92,59.03,58.86,59.02,209
2026-07-09T01:00:00+05:30,59.03,59.055,58.89,58.915,238
2026-07-09T01:15:00+05:30,58.92,58.945,58.765,58.81,547
2026-07-09T01:30:00+05:30,58.815,58.84,58.705,58.755,269
2026-07-09T01:45:00+05:30,58.76,58.76,58.62,58.68,177
2026-07-09T02:00:00+05:30,58.685,58.705,58.525,58.56,202
2026-07-09T02:15:00+05:30,58.565,58.74,58.54,58.65,224
2026-07-09T03:30:00+05:30,58.85,58.885,58.655,58.805,231
2026-07-09T03:45:00+05:30,58.825,58.88,58.705,58.72,131
2026-07-09T04:00:00+05:30,58.755,58.8,58.695,58.76,160
2026-07-09T04:15:00+05:30,58.75,58.845,58.745,58.765,49
2026-07-09T04:30:00+05:30,58.78,58.78,58.725,58.775,89
2026-07-09T04:45:00+05:30,58.77,58.795,58.705,58.785,68
2026-07-09T05:00:00+05:30,58.795,58.845,58.735,58.82,98
2026-07-09T05:15:00+05:30,58.815,58.87,58.685,58.8,193
2026-07-09T05:30:00+05:30,58.825,58.98,58.75,58.93,551
2026-07-09T05:45:00+05:30,58.94,58.975,58.655,58.765,343
2026-07-09T06:00:00+05:30,58.775,58.86,58.7,58.715,224
2026-07-09T06:15:00+05:30,58.705,58.775,58.62,58.67,321
2026-07-09T06:30:00+05:30,58.68,58.77,58.425,58.585,1051
2026-07-09T06:45:00+05:30,58.58,58.6,58.25,58.34,636
2026-07-09T07:00:00+05:30,58.34,58.555,58.19,58.485,534
2026-07-09T07:15:00+05:30,58.51,58.62,58.44,58.565,374
2026-07-09T07:30:00+05:30,58.57,58.705,58.525,58.695,368
2026-07-09T07:45:00+05:30,58.68,58.84,58.65,58.75,331
2026-07-09T08:00:00+05:30,58.76,58.79,58.48,58.495,416
2026-07-09T08:15:00+05:30,58.505,58.54,58.205,58.215,438
2026-07-09T08:30:00+05:30,58.22,58.3,57.955,58.065,573
2026-07-09T08:45:00+05:30,58.065,58.165,57.955,58.11,548
2026-07-09T09:00:00+05:30,58.105,58.235,58.055,58.215,308
2026-07-09T09:15:00+05:30,58.195,58.275,58.195,58.25,197
2026-07-09T09:30:00+05:30,58.265,58.29,58.175,58.205,152
2026-07-09T09:45:00+05:30,58.205,58.205,58.065,58.125,192
2026-07-09T10:00:00+05:30,58.15,58.325,58.15,58.225,231
2026-07-09T10:15:00+05:30,58.225,58.38,58.21,58.365,201
2026-07-09T10:30:00+05:30,58.365,58.635,58.35,58.58,446
2026-07-09T10:45:00+05:30,58.585,58.59,58.35,58.52,336
2026-07-09T11:00:00+05:30,58.525,58.68,58.27,58.67,847
2026-07-09T11:15:00+05:30,58.69,58.89,58.62,58.825,530
2026-07-09T11:30:00+05:30,58.825,59.15,58.82,58.965,692
2026-07-09T11:45:00+05:30,58.955,59.345,58.955,59.27,875
2026-07-09T12:00:00+05:30,59.285,59.415,59.235,59.35,578
2026-07-09T12:15:00+05:30,59.36,59.45,59.31,59.42,359
2026-07-09T12:30:00+05:30,59.415,59.545,59.38,59.385,380
2026-07-09T12:45:00+05:30,59.4,59.59,59.35,59.555,367
2026-07-09T13:00:00+05:30,59.57,59.6,59.45,59.59,247
2026-07-09T13:15:00+05:30,59.58,59.675,59.495,59.605,363
2026-07-09T13:30:00+05:30,59.61,59.695,59.525,59.585,269
2026-07-09T13:45:00+05:30,59.59,59.825,59.59,59.8,426
2026-07-09T14:00:00+05:30,59.81,59.87,59.68,59.705,290
2026-07-09T14:15:00+05:30,59.7,59.7,59.495,59.58,403
2026-07-09T14:30:00+05:30,59.565,59.61,59.515,59.555,214
2026-07-09T14:45:00+05:30,59.55,59.64,59.515,59.595,236
2026-07-09T15:00:00+05:30,59.595,59.64,59.455,59.47,258
2026-07-09T15:15:00+05:30,59.47,59.58,59.47,59.55,159
2026-07-09T15:30:00+05:30,59.565,59.59,59.425,59.425,153
2026-07-09T15:45:00+05:30,59.435,59.47,59.325,59.34,287
2026-07-09T16:00:00+05:30,59.33,59.385,59.305,59.315,149
2026-07-09T16:15:00+05:30,59.31,59.31,59.115,59.225,495
2026-07-09T16:30:00+05:30,59.235,59.33,59.19,59.325,444
2026-07-09T16:45:00+05:30,59.32,59.345,59.18,59.215,240
2026-07-09T17:00:00+05:30,59.235,59.405,59.195,59.355,291
2026-07-09T17:15:00+05:30,59.36,59.51,59.32,59.42,522
2026-07-09T17:30:00+05:30,59.425,59.68,59.315,59.525,686
2026-07-09T17:45:00+05:30,59.51,59.58,59.38,59.505,481
2026-07-09T18:00:00+05:30,59.51,60.075,59.5,59.86,1361
2026-07-09T18:15:00+05:30,59.845,59.98,59.7,59.71,1002
2026-07-09T18:30:00+05:30,59.7,60.16,59.61,60.1,1625
2026-07-09T18:45:00+05:30,60.12,60.315,59.975,60.275,1056
2026-07-09T19:00:00+05:30,60.285,60.725,60.15,60.685,1899
2026-07-09T19:15:00+05:30,60.685,60.75,60.46,60.67,1215
2026-07-09T19:30:00+05:30,60.67,60.905,60.485,60.535,1503
2026-07-09T19:45:00+05:30,60.51,60.59,60.275,60.56,1295
2026-07-09T20:00:00+05:30,60.57,60.585,60.395,60.52,739
2026-07-09T20:15:00+05:30,60.53,60.715,60.385,60.7,700
2026-07-09T20:30:00+05:30,60.695,60.81,60.62,60.73,599
2026-07-09T20:45:00+05:30,60.72,60.84,60.655,60.745,520
2026-07-09T21:00:00+05:30,60.745,60.85,60.695,60.81,379
2026-07-09T21:15:00+05:30,60.82,60.945,60.735,60.76,625
2026-07-09T21:30:00+05:30,60.76,60.88,60.72,60.855,415
2026-07-09T21:45:00+05:30,60.86,61.03,60.835,60.91,603
2026-07-09T22:00:00+05:30,60.895,61.045,60.845,60.92,560
2026-07-09T22:15:00+05:30,60.935,60.95,60.79,60.8,347
2026-07-09T22:30:00+05:30,60.81,60.84,60.655,60.695,511
2026-07-09T22:45:00+05:30,60.705,60.81,60.61,60.77,593
2026-07-09T23:00:00+05:30,60.77,60.85,60.72,60.72,292
2026-07-09T23:15:00+05:30,60.725,60.885,60.715,60.84,437
2026-07-09T23:30:00+05:30,60.83,60.83,60.545,60.595,464
2026-07-09T23:45:00+05:30,60.575,60.62,60.515,60.52,403
2026-07-10T00:00:00+05:30,60.51,60.51,60.4,60.48,364
2026-07-10T00:15:00+05:30,60.475,60.48,60.36,60.46,174
2026-07-10T00:30:00+05:30,60.45,60.475,60.31,60.325,235
2026-07-10T00:45:00+05:30,60.335,60.41,60.3,60.335,198
2026-07-10T01:00:00+05:30,60.34,60.39,60.285,60.31,197
2026-07-10T01:15:00+05:30,60.3,60.4,60.29,60.325,257
2026-07-10T01:30:00+05:30,60.32,60.385,60.3,60.35,121
2026-07-10T01:45:00+05:30,60.365,60.365,60.295,60.31,91
2026-07-10T02:00:00+05:30,60.31,60.38,60.28,60.38,169
2026-07-10T02:15:00+05:30,60.375,60.425,60.35,60.365,141
2026-07-10T03:30:00+05:30,60.425,60.44,60.34,60.385,198
2026-07-10T03:45:00+05:30,60.375,60.375,60.31,60.345,85
2026-07-10T04:00:00+05:30,60.325,60.39,60.325,60.38,34
2026-07-10T04:15:00+05:30,60.39,60.39,60.345,60.345,37
2026-07-10T04:30:00+05:30,60.335,60.45,60.325,60.435,92
2026-07-10T04:45:00+05:30,60.44,60.46,60.38,60.43,85
2026-07-10T05:00:00+05:30,60.425,60.455,60.395,60.44,34
2026-07-10T05:15:00+05:30,60.44,60.455,60.405,60.44,51
2026-07-10T05:30:00+05:30,60.435,60.465,60.29,60.34,296
2026-07-10T05:45:00+05:30,60.36,60.375,60.195,60.265,311
2026-07-10T06:00:00+05:30,60.275,60.49,60.16,60.44,318
2026-07-10T06:15:00+05:30,60.445,60.655,60.345,60.6,468
2026-07-10T06:30:00+05:30,60.6,60.79,60.43,60.49,1057
2026-07-10T06:45:00+05:30,60.52,60.72,60.44,60.485,379
2026-07-10T07:00:00+05:30,60.48,60.53,60.16,60.25,540
2026-07-10T07:15:00+05:30,60.25,60.665,60.185,60.54,488
2026-07-10T07:30:00+05:30,60.56,60.745,60.475,60.635,360
2026-07-10T07:45:00+05:30,60.63,60.735,60.575,60.655,142
2026-07-10T08:00:00+05:30,60.665,60.785,60.61,60.72,290
2026-07-10T08:15:00+05:30,60.705,60.905,60.68,60.85,315
2026-07-10T08:30:00+05:30,60.84,61.2,60.84,61.03,677
2026-07-10T08:45:00+05:30,61.015,61.02,60.775,60.795,379
2026-07-10T09:00:00+05:30,60.78,60.935,60.725,60.78,217
2026-07-10T09:15:00+05:30,60.8,60.83,60.74,60.82,103
2026-07-10T09:30:00+05:30,60.815,60.92,60.735,60.895,147
2026-07-10T09:45:00+05:30,60.88,60.925,60.68,60.79,222
2026-07-10T10:00:00+05:30,60.8,60.88,60.79,60.865,84
2026-07-10T10:15:00+05:30,60.865,60.865,60.71,60.74,110
2026-07-10T10:30:00+05:30,60.74,60.77,60.635,60.72,234
2026-07-10T10:45:00+05:30,60.72,60.765,60.62,60.625,193
2026-07-10T11:00:00+05:30,60.62,60.625,60.365,60.47,727
2026-07-10T11:15:00+05:30,60.475,60.63,60.315,60.62,386
2026-07-10T11:30:00+05:30,60.61,60.725,60.555,60.56,363
2026-07-10T11:45:00+05:30,60.565,60.805,60.525,60.54,431
2026-07-10T12:00:00+05:30,60.51,60.59,60.42,60.48,285
2026-07-10T12:15:00+05:30,60.495,60.55,60.45,60.495,138
2026-07-10T12:30:00+05:30,60.465,60.575,60.395,60.47,193
2026-07-10T12:45:00+05:30,60.47,60.605,60.4,60.49,152
2026-07-10T13:00:00+05:30,60.52,60.56,60.26,60.305,202
2026-07-10T13:15:00+05:30,60.315,60.33,60.18,60.32,299
2026-07-10T13:30:00+05:30,60.33,60.365,60.17,60.31,186
2026-07-10T13:45:00+05:30,60.32,60.33,60.02,60.06,275
2026-07-10T14:00:00+05:30,60.06,60.07,59.89,60,466
2026-07-10T14:15:00+05:30,59.99,59.99,59.755,59.9,408
2026-07-10T14:30:00+05:30,59.91,60.01,59.83,59.95,318
2026-07-10T14:45:00+05:30,59.94,59.985,59.85,59.97,218
2026-07-10T15:00:00+05:30,59.935,59.98,59.83,59.945,143
2026-07-10T15:15:00+05:30,59.945,59.955,59.795,59.9,170
2026-07-10T15:30:00+05:30,59.885,60.01,59.885,59.95,154
2026-07-10T15:45:00+05:30,59.945,60.065,59.86,60.065,258
2026-07-10T16:00:00+05:30,60.07,60.11,59.89,59.905,238
2026-07-10T16:15:00+05:30,59.92,59.93,59.655,59.675,297
2026-07-10T16:30:00+05:30,59.68,59.88,59.675,59.865,232
2026-07-10T16:45:00+05:30,59.875,59.97,59.72,59.73,215
2026-07-10T17:00:00+05:30,59.71,59.93,59.68,59.92,273
2026-07-10T17:15:00+05:30,59.9,59.945,59.8,59.815,188
2026-07-10T17:30:00+05:30,59.825,60.28,59.75,60.19,699
2026-07-10T17:45:00+05:30,60.18,60.235,59.96,60.135,402
2026-07-10T18:00:00+05:30,60.15,60.17,59.91,59.92,345
2026-07-10T18:15:00+05:30,59.905,60.06,59.9,60.02,377
2026-07-10T18:30:00+05:30,60.02,60.275,59.94,60.19,1001
2026-07-10T18:45:00+05:30,60.18,60.295,59.72,59.765,719
2026-07-10T19:00:00+05:30,59.77,60.18,59.755,60.06,819
2026-07-10T19:15:00+05:30,60.07,60.285,60.01,60.12,469
2026-07-10T19:30:00+05:30,60.11,60.24,60.065,60.105,380
2026-07-10T19:45:00+05:30,60.09,60.455,60.05,60.31,660
2026-07-10T20:00:00+05:30,60.305,60.325,59.245,60.005,2473
2026-07-10T20:15:00+05:30,60.005,60.24,59.82,59.83,726
2026-07-10T20:30:00+05:30,59.84,60.075,59.79,59.95,389
2026-07-10T20:45:00+05:30,59.975,60.275,59.975,60.215,455
2026-07-10T21:00:00+05:30,60.21,60.25,60.14,60.19,287
2026-07-10T21:15:00+05:30,60.185,60.415,60.185,60.38,355
2026-07-10T21:30:00+05:30,60.375,60.44,60.25,60.28,355
2026-07-10T21:45:00+05:30,60.285,60.355,60.195,60.305,281
2026-07-10T22:00:00+05:30,60.305,60.35,60.275,60.28,160
2026-07-10T22:15:00+05:30,60.275,60.295,60.135,60.135,266
2026-07-10T22:30:00+05:30,60.135,60.195,60.02,60.06,361
2026-07-10T22:45:00+05:30,60.06,60.215,60.06,60.125,349
2026-07-10T23:00:00+05:30,60.125,60.15,60.005,60.01,184
2026-07-10T23:15:00+05:30,60.015,60.1,59.95,59.96,351
2026-07-10T23:30:00+05:30,59.965,60.05,59.94,60.035,299
2026-07-10T23:45:00+05:30,60.035,60.13,59.955,60.055,289
2026-07-11T00:00:00+05:30,60.065,60.105,59.94,59.96,137
2026-07-11T00:15:00+05:30,59.945,60.02,59.945,59.985,99
2026-07-11T00:30:00+05:30,59.975,60.075,59.915,60.06,218
2026-07-11T00:45:00+05:30,60.055,60.085,60.025,60.06,81
2026-07-11T01:00:00+05:30,60.045,60.095,60.025,60.065,130
2026-07-11T01:15:00+05:30,60.07,60.135,60.055,60.11,207
2026-07-11T01:30:00+05:30,60.105,60.255,60.095,60.155,189
2026-07-11T01:45:00+05:30,60.15,60.2,60.135,60.18,49
2026-07-11T02:00:00+05:30,60.165,60.22,60.155,60.19,71
2026-07-11T02:15:00+05:30,60.18,60.385,60.18,60.29,246
2026-07-13T03:30:00+05:30,59.755,59.815,59.005,59.15,1275
2026-07-13T03:45:00+05:30,59.13,59.26,59.075,59.14,309
2026-07-13T04:00:00+05:30,59.13,59.275,59.035,59.07,428
2026-07-13T04:15:00+05:30,59.07,59.21,58.885,59.14,477
2026-07-13T04:30:00+05:30,59.14,59.145,59.015,59.07,236
2026-07-13T04:45:00+05:30,59.045,59.18,59.02,59.175,198
2026-07-13T05:00:00+05:30,59.155,59.23,59.11,59.19,159
2026-07-13T05:15:00+05:30,59.18,59.365,59.06,59.35,695
2026-07-13T05:30:00+05:30,59.35,59.79,59.26,59.675,820
2026-07-13T05:45:00+05:30,59.71,59.73,59.375,59.4,312
2026-07-13T06:00:00+05:30,59.405,59.41,59.075,59.315,562
2026-07-13T06:15:00+05:30,59.315,59.46,59.155,59.2,1140
2026-07-13T06:30:00+05:30,59.195,59.35,58.925,59.31,1903
2026-07-13T06:45:00+05:30,59.275,59.39,58.95,59.16,642
2026-07-13T07:00:00+05:30,59.165,59.51,59.105,59.39,577
2026-07-13T07:15:00+05:30,59.4,59.53,58.805,58.915,1074
2026-07-13T07:30:00+05:30,58.935,58.96,58.76,58.81,660
2026-07-13T07:45:00+05:30,58.845,58.92,58.725,58.73,378
2026-07-13T08:00:00+05:30,58.72,59.02,58.655,58.775,738
2026-07-13T08:15:00+05:30,58.77,58.84,58.675,58.79,301
2026-07-13T08:30:00+05:30,58.78,58.79,58.4,58.485,609
2026-07-13T08:45:00+05:30,58.495,58.63,58.495,58.595,241
2026-07-13T09:00:00+05:30,58.61,58.61,58.44,58.46,227
2026-07-13T09:15:00+05:30,58.465,58.575,58.465,58.555,136
2026-07-13T09:30:00+05:30,58.565,58.57,58.41,58.445,173
2026-07-13T09:45:00+05:30,58.45,58.56,58.37,58.525,220
2026-07-13T10:00:00+05:30,58.535,58.56,58.45,58.505,145
2026-07-13T10:15:00+05:30,58.485,58.635,58.485,58.62,181
2026-07-13T10:30:00+05:30,58.61,58.91,58.505,58.885,420
2026-07-13T10:45:00+05:30,58.875,58.905,58.46,58.49,384
2026-07-13T11:00:00+05:30,58.47,58.785,58.315,58.695,795
2026-07-13T11:15:00+05:30,58.71,58.71,58.365,58.42,517
2026-07-13T11:30:00+05:30,58.43,58.51,58.07,58.155,803
2026-07-13T11:45:00+05:30,58.135,58.38,58.135,58.375,325
2026-07-13T12:00:00+05:30,58.4,58.575,58.325,58.5,280
2026-07-13T12:15:00+05:30,58.505,58.51,58.275,58.33,250
2026-07-13T12:30:00+05:30,58.34,58.715,58.215,58.625,372
2026-07-13T12:45:00+05:30,58.61,58.64,58.52,58.625,149
2026-07-13T13:00:00+05:30,58.605,58.77,58.56,58.635,236
2026-07-13T13:15:00+05:30,58.66,58.895,58.66,58.865,211
2026-07-13T13:30:00+05:30,58.89,59.315,58.885,59.285,669
2026-07-13T13:45:00+05:30,59.285,59.37,59.23,59.24,362
2026-07-13T14:00:00+05:30,59.235,59.315,59.16,59.285,258
2026-07-13T14:15:00+05:30,59.28,59.33,59.225,59.235,172
2026-07-13T14:30:00+05:30,59.23,59.255,59.07,59.105,211
2026-07-13T14:45:00+05:30,59.07,59.125,58.985,59,170
2026-07-13T15:00:00+05:30,59,59.07,58.915,58.985,182
2026-07-13T15:15:00+05:30,58.985,59.025,58.81,58.845,219
2026-07-13T15:30:00+05:30,58.84,58.945,58.82,58.855,169
2026-07-13T15:45:00+05:30,58.84,58.87,58.73,58.755,159
2026-07-13T16:00:00+05:30,58.765,58.87,58.645,58.685,356
2026-07-13T16:15:00+05:30,58.675,58.91,58.65,58.775,280
2026-07-13T16:30:00+05:30,58.8,58.965,58.705,58.79,446
2026-07-13T16:45:00+05:30,58.83,59.005,58.78,58.99,195
2026-07-13T17:00:00+05:30,58.98,59.145,58.97,59.11,256
2026-07-13T17:15:00+05:30,59.11,59.135,58.875,58.93,242
2026-07-13T17:30:00+05:30,58.92,58.97,58.755,58.83,383
2026-07-13T17:45:00+05:30,58.845,58.96,58.68,58.68,354
2026-07-13T18:00:00+05:30,58.71,58.855,58.61,58.825,421
2026-07-13T18:15:00+05:30,58.83,59.075,58.81,59.05,570
2026-07-13T18:30:00+05:30,59.06,59.075,58.71,58.79,880
2026-07-13T18:45:00+05:30,58.795,59.085,58.635,58.935,607
2026-07-13T19:00:00+05:30,58.94,58.985,58.575,58.7,802
2026-07-13T19:15:00+05:30,58.7,58.745,58.38,58.555,882
2026-07-13T19:30:00+05:30,58.545,58.625,58.24,58.52,1186
2026-07-13T19:45:00+05:30,58.525,58.57,57.9,58.37,2462
2026-07-13T20:00:00+05:30,58.36,58.36,58.015,58.14,866
2026-07-13T20:15:00+05:30,58.16,58.485,58.1,58.485,651
2026-07-13T20:30:00+05:30,58.48,58.54,58.31,58.375,484
2026-07-13T20:45:00+05:30,58.375,58.48,58.315,58.46,260
2026-07-13T21:00:00+05:30,58.455,58.545,58.335,58.36,331
2026-07-13T21:15:00+05:30,58.355,58.38,58.265,58.345,279
2026-07-13T21:30:00+05:30,58.35,58.425,58.31,58.34,267
2026-07-13T21:45:00+05:30,58.335,58.335,57.955,58.04,574
2026-07-13T22:00:00+05:30,58.045,58.085,57.76,57.99,1015
2026-07-13T22:15:00+05:30,57.995,58.05,57.785,57.955,479
2026-07-13T22:30:00+05:30,57.96,58.085,57.93,58.035,315
2026-07-13T22:45:00+05:30,58.06,58.11,57.895,57.955,603
2026-07-13T23:00:00+05:30,57.955,57.965,57.85,57.885,321
2026-07-13T23:15:00+05:30,57.905,57.95,57.595,57.66,796
2026-07-13T23:30:00+05:30,57.66,57.78,57.615,57.78,509
2026-07-13T23:45:00+05:30,57.775,57.885,57.61,57.815,455
2026-07-14T00:00:00+05:30,57.8,57.94,57.77,57.905,318
2026-07-14T00:15:00+05:30,57.915,58.05,57.86,57.92,389
2026-07-14T00:30:00+05:30,57.945,58.01,57.805,57.815,248
2026-07-14T00:45:00+05:30,57.805,57.9,57.755,57.795,272
2026-07-14T01:00:00+05:30,57.79,57.915,57.715,57.915,251
2026-07-14T01:15:00+05:30,57.905,58.045,57.865,58.025,370
2026-07-14T01:30:00+05:30,58.01,58.105,57.925,57.93,292
2026-07-14T01:45:00+05:30,57.935,57.95,57.84,57.935,177
2026-07-14T02:00:00+05:30,57.93,57.935,57.865,57.91,148
2026-07-14T02:15:00+05:30,57.905,58.035,57.895,57.985,204
2026-07-14T03:30:00+05:30,57.905,58.05,57.895,57.995,436
2026-07-14T03:45:00+05:30,57.995,58.05,57.995,58.005,73
2026-07-14T04:00:00+05:30,58.005,58.005,57.97,57.985,66
2026-07-14T04:15:00+05:30,58,58.015,57.915,57.93,127
2026-07-14T04:30:00+05:30,57.925,57.945,57.81,57.82,220
2026-07-14T04:45:00+05:30,57.82,57.915,57.82,57.84,148
2026-07-14T05:00:00+05:30,57.8,57.8,57.715,57.745,181
2026-07-14T05:15:00+05:30,57.74,57.94,57.73,57.93,297
2026-07-14T05:30:00+05:30,57.945,57.97,57.34,57.665,1343
2026-07-14T05:45:00+05:30,57.675,57.69,57.4,57.59,501
2026-07-14T06:00:00+05:30,57.595,57.865,57.545,57.745,483
2026-07-14T06:15:00+05:30,57.74,57.915,57.725,57.79,642
2026-07-14T06:30:00+05:30,57.805,57.805,57.175,57.22,1818
2026-07-14T06:45:00+05:30,57.24,57.635,57.215,57.46,600
2026-07-14T07:00:00+05:30,57.475,57.625,57.245,57.465,649
2026-07-14T07:15:00+05:30,57.48,57.775,57.39,57.735,459
2026-07-14T07:30:00+05:30,57.74,57.93,57.63,57.895,513
2026-07-14T07:45:00+05:30,57.89,58.035,57.87,58.035,373
2026-07-14T08:00:00+05:30,58.045,58.09,57.855,57.89,551
2026-07-14T08:15:00+05:30,57.89,57.94,57.78,57.9,289
2026-07-14T08:30:00+05:30,57.905,57.985,57.66,57.74,372
2026-07-14T08:45:00+05:30,57.72,57.93,57.64,57.915,402
2026-07-14T09:00:00+05:30,57.905,57.965,57.825,57.895,281
2026-07-14T09:15:00+05:30,57.915,58.01,57.91,57.99,164
2026-07-14T09:30:00+05:30,58,58.065,57.885,57.885,306
2026-07-14T09:45:00+05:30,57.885,57.955,57.845,57.86,205
2026-07-14T10:00:00+05:30,57.86,58.07,57.84,58.015,242
2026-07-14T10:15:00+05:30,58.015,58.18,57.97,58.135,319
2026-07-14T10:30:00+05:30,58.145,58.305,58.135,58.28,418
2026-07-14T10:45:00+05:30,58.27,58.35,58.175,58.325,339
2026-07-14T11:00:00+05:30,58.34,58.66,58.3,58.615,1211
2026-07-14T11:15:00+05:30,58.625,58.75,58.525,58.56,600
2026-07-14T11:30:00+05:30,58.565,58.605,58.45,58.48,326
2026-07-14T11:45:00+05:30,58.47,58.485,58.33,58.35,221
2026-07-14T12:00:00+05:30,58.355,58.525,58.355,58.49,439
2026-07-14T12:15:00+05:30,58.5,58.61,58.465,58.485,451
2026-07-14T12:30:00+05:30,58.495,58.57,58.345,58.43,433
2026-07-14T12:45:00+05:30,58.415,58.55,58.415,58.46,212
2026-07-14T13:00:00+05:30,58.455,58.475,58.265,58.29,313
2026-07-14T13:15:00+05:30,58.28,58.425,58.255,58.3,206
2026-07-14T13:30:00+05:30,58.315,58.365,58.15,58.205,334
2026-07-14T13:45:00+05:30,58.215,58.4,58.215,58.345,271
2026-07-14T14:00:00+05:30,58.35,58.46,58.31,58.4,211
2026-07-14T14:15:00+05:30,58.405,58.43,58.275,58.28,165
2026-07-14T14:30:00+05:30,58.28,58.505,58.265,58.475,216
2026-07-14T14:45:00+05:30,58.44,58.455,58.31,58.31,141
2026-07-14T15:00:00+05:30,58.335,58.355,58.29,58.325,134
2026-07-14T15:15:00+05:30,58.31,58.505,58.31,58.425,253
2026-07-14T15:30:00+05:30,58.425,58.435,58.27,58.28,306
2026-07-14T15:45:00+05:30,58.305,58.325,58.175,58.25,314
2026-07-14T16:00:00+05:30,58.26,58.275,58.15,58.22,208
2026-07-14T16:15:00+05:30,58.2,58.295,58.17,58.18,178
2026-07-14T16:30:00+05:30,58.18,58.245,58.055,58.21,430
2026-07-14T16:45:00+05:30,58.195,58.435,58.185,58.32,441
2026-07-14T17:00:00+05:30,58.325,58.39,58.265,58.345,295
2026-07-14T17:15:00+05:30,58.36,58.44,58.32,58.395,207
2026-07-14T17:30:00+05:30,58.395,58.425,58.19,58.21,491
2026-07-14T17:45:00+05:30,58.225,58.345,58.135,58.32,431
2026-07-14T18:00:00+05:30,58.27,60.015,58.27,59.485,4671
2026-07-14T18:15:00+05:30,59.495,59.525,58.95,59.345,1955
2026-07-14T18:30:00+05:30,59.365,59.51,59.205,59.315,2590
2026-07-14T18:45:00+05:30,59.32,59.65,59.3,59.555,1239
2026-07-14T19:00:00+05:30,59.545,59.91,59.415,59.89,1457
2026-07-14T19:15:00+05:30,59.875,59.885,59.4,59.435,1031
2026-07-14T19:30:00+05:30,59.445,59.565,59.275,59.455,898
2026-07-14T19:45:00+05:30,59.455,59.63,59.215,59.455,1177
2026-07-14T20:00:00+05:30,59.43,59.8,59.33,59.555,1090
2026-07-14T20:15:00+05:30,59.56,59.7,59.46,59.66,492
2026-07-14T20:30:00+05:30,59.67,60.05,59.445,59.705,1566
2026-07-14T20:45:00+05:30,59.685,59.725,59.49,59.545,535
2026-07-14T21:00:00+05:30,59.54,59.575,59.085,59.27,924
2026-07-14T21:15:00+05:30,59.28,59.32,59.095,59.155,544
2026-07-14T21:30:00+05:30,59.15,59.195,58.975,59.145,673
2026-07-14T21:45:00+05:30,59.145,59.25,59.085,59.16,529
2026-07-14T22:00:00+05:30,59.155,59.205,59.045,59.12,378
2026-07-14T22:15:00+05:30,59.13,59.155,58.99,59.085,398
2026-07-14T22:30:00+05:30,59.095,59.12,58.925,58.995,397
2026-07-14T22:45:00+05:30,58.99,59.19,58.94,59.155,568
2026-07-14T23:00:00+05:30,59.155,59.18,59.085,59.095,225
2026-07-14T23:15:00+05:30,59.095,59.17,59.045,59.15,236
2026-07-14T23:30:00+05:30,59.145,59.19,59.085,59.175,175
2026-07-14T23:45:00+05:30,59.185,59.2,59.06,59.09,232
2026-07-15T00:00:00+05:30,59.08,59.115,58.805,58.88,965
2026-07-15T00:15:00+05:30,58.895,58.985,58.835,58.96,249
2026-07-15T00:30:00+05:30,58.97,59.14,58.94,59.12,205
2026-07-15T00:45:00+05:30,59.105,59.12,59.045,59.065,133
2026-07-15T01:00:00+05:30,59.055,59.11,58.985,59.09,307
2026-07-15T01:15:00+05:30,59.09,59.185,59.075,59.155,286
2026-07-15T01:30:00+05:30,59.145,59.17,59.095,59.11,147
2026-07-15T01:45:00+05:30,59.105,59.12,59.015,59.05,80
2026-07-15T02:00:00+05:30,59.05,59.065,59,59.01,80
2026-07-15T02:15:00+05:30,59.02,59.055,58.96,59.045,137
2026-07-15T03:30:00+05:30,59.08,59.11,59,59.025,132
2026-07-15T03:45:00+05:30,59.015,59.075,59.01,59.035,74
2026-07-15T04:00:00+05:30,59.03,59.07,58.99,59.01,73
2026-07-15T04:15:00+05:30,59.015,59.03,58.97,59.005,61
2026-07-15T04:30:00+05:30,59,59.045,58.985,59.005,87
2026-07-15T04:45:00+05:30,59.01,59.145,58.965,59.145,75
2026-07-15T05:00:00+05:30,59.135,59.195,59.1,59.15,116
2026-07-15T05:15:00+05:30,59.15,59.15,59.09,59.115,93
2026-07-15T05:30:00+05:30,59.14,59.185,59.08,59.105,160
2026-07-15T05:45:00+05:30,59.095,59.265,59.08,59.26,236
2026-07-15T06:00:00+05:30,59.275,59.275,59.055,59.11,254
2026-07-15T06:15:00+05:30,59.1,59.39,59.1,59.29,423
2026-07-15T06:30:00+05:30,59.3,59.355,59.165,59.3,676
2026-07-15T06:45:00+05:30,59.31,59.415,59.265,59.295,310
2026-07-15T07:00:00+05:30,59.28,59.28,58.77,58.85,998
2026-07-15T07:15:00+05:30,58.87,58.96,58.72,58.755,491
2026-07-15T07:30:00+05:30,58.74,58.85,58.575,58.715,515
2026-07-15T07:45:00+05:30,58.695,58.72,58.58,58.71,321
2026-07-15T08:00:00+05:30,58.71,59.02,58.705,59.02,422
2026-07-15T08:15:00+05:30,59.03,59.045,58.84,58.865,218
2026-07-15T08:30:00+05:30,58.87,58.93,58.745,58.775,258
2026-07-15T08:45:00+05:30,58.78,58.78,58.535,58.58,400
2026-07-15T09:00:00+05:30,58.58,58.815,58.575,58.68,300
2026-07-15T09:15:00+05:30,58.69,58.785,58.67,58.735,91
2026-07-15T09:30:00+05:30,58.725,58.815,58.69,58.735,154
2026-07-15T09:45:00+05:30,58.73,58.845,58.705,58.805,127
2026-07-15T10:00:00+05:30,58.79,58.825,58.665,58.71,125
2026-07-15T10:15:00+05:30,58.72,58.83,58.72,58.8,119
2026-07-15T10:30:00+05:30,58.815,58.88,58.555,58.59,210
2026-07-15T10:45:00+05:30,58.6,58.675,58.57,58.585,189
2026-07-15T11:00:00+05:30,58.595,58.835,58.45,58.75,638
2026-07-15T11:15:00+05:30,58.73,58.885,58.67,58.87,226
2026-07-15T11:30:00+05:30,58.87,58.885,58.595,58.595,270
2026-07-15T11:45:00+05:30,58.595,58.625,58.34,58.51,531
2026-07-15T12:00:00+05:30,58.505,58.59,58.395,58.575,257
2026-07-15T12:15:00+05:30,58.575,58.73,58.545,58.675,451
2026-07-15T12:30:00+05:30,58.665,58.87,58.605,58.665,359
2026-07-15T12:45:00+05:30,58.665,58.685,58.305,58.44,411
2026-07-15T13:00:00+05:30,58.43,58.485,58.32,58.38,208
2026-07-15T13:15:00+05:30,58.41,58.535,58.36,58.47,234
2026-07-15T13:30:00+05:30,58.475,58.55,58.38,58.4,392
2026-07-15T13:45:00+05:30,58.4,58.59,58.4,58.58,252
2026-07-15T14:00:00+05:30,58.58,58.68,58.56,58.645,221
2026-07-15T14:15:00+05:30,58.64,58.735,58.635,58.705,150
2026-07-15T14:30:00+05:30,58.695,58.775,58.66,58.66,227
2026-07-15T14:45:00+05:30,58.665,58.74,58.625,58.64,104
2026-07-15T15:00:00+05:30,58.65,58.7,58.625,58.65,97
2026-07-15T15:15:00+05:30,58.64,58.65,58.53,58.585,146
2026-07-15T15:30:00+05:30,58.58,58.625,58.5,58.55,131
2026-07-15T15:45:00+05:30,58.53,58.625,58.235,58.385,466
2026-07-15T16:00:00+05:30,58.36,58.49,58.33,58.4,199
2026-07-15T16:15:00+05:30,58.37,58.37,58.25,58.315,263
2026-07-15T16:30:00+05:30,58.325,58.355,58.175,58.215,368
2026-07-15T16:45:00+05:30,58.225,58.33,58.155,58.29,233
2026-07-15T17:00:00+05:30,58.305,58.54,58.255,58.475,352
2026-07-15T17:15:00+05:30,58.48,58.515,58.39,58.485,272
2026-07-15T17:30:00+05:30,58.5,58.53,58.36,58.41,299
2026-07-15T17:45:00+05:30,58.43,58.565,58.115,58.26,767
2026-07-15T18:00:00+05:30,58.29,58.845,58.29,58.68,1688
2026-07-15T18:15:00+05:30,58.67,59.085,58.64,58.985,1168
2026-07-15T18:30:00+05:30,58.99,59.195,58.805,58.835,1617
2026-07-15T18:45:00+05:30,58.85,58.885,58.585,58.665,729
2026-07-15T19:00:00+05:30,58.67,58.86,58.655,58.69,710
2026-07-15T19:15:00+05:30,58.695,58.795,58.47,58.665,1023
2026-07-15T19:30:00+05:30,58.68,58.785,58.615,58.695,445
2026-07-15T19:45:00+05:30,58.71,58.76,58.44,58.52,709
2026-07-15T20:00:00+05:30,58.535,58.605,58.375,58.39,562
2026-07-15T20:15:00+05:30,58.405,58.465,58.285,58.45,573
2026-07-15T20:30:00+05:30,58.45,58.52,57.88,57.925,1133
2026-07-15T20:45:00+05:30,57.935,58.07,57.77,58.015,1025
2026-07-15T21:00:00+05:30,58.005,58.11,57.925,58.09,586
2026-07-15T21:15:00+05:30,58.1,58.135,57.955,57.96,381
2026-07-15T21:30:00+05:30,57.97,58.01,57.78,57.805,521
2026-07-15T21:45:00+05:30,57.8,57.89,57.275,57.305,1629
2026-07-15T22:00:00+05:30,57.31,57.43,56.915,57,1965
2026-07-15T22:15:00+05:30,56.99,57.295,56.985,57.2,1511
2026-07-15T22:30:00+05:30,57.2,57.33,57.165,57.255,547
2026-07-15T22:45:00+05:30,57.25,57.61,57.17,57.585,828
2026-07-15T23:00:00+05:30,57.58,57.96,57.58,57.955,1160
2026-07-15T23:15:00+05:30,57.945,58.075,57.905,57.975,601
2026-07-15T23:30:00+05:30,57.98,58.43,57.97,58.42,1140
2026-07-15T23:45:00+05:30,58.425,58.59,58.35,58.545,754
2026-07-16T00:00:00+05:30,58.555,58.74,58.34,58.34,850
2026-07-16T00:15:00+05:30,58.34,58.39,58.175,58.22,730
2026-07-16T00:30:00+05:30,58.22,58.39,58.2,58.33,360
2026-07-16T00:45:00+05:30,58.3,58.315,58.125,58.16,444
2026-07-16T01:00:00+05:30,58.165,58.195,57.94,58,519
2026-07-16T01:15:00+05:30,58.015,58.095,57.965,58.075,376
2026-07-16T01:30:00+05:30,58.07,58.115,58.03,58.06,180
2026-07-16T01:45:00+05:30,58.06,58.14,58.06,58.13,115
2026-07-16T02:00:00+05:30,58.13,58.16,58.105,58.135,72
2026-07-16T02:15:00+05:30,58.125,58.195,58.095,58.095,134
2026-07-16T03:30:00+05:30,58.19,58.225,58.11,58.15,217
2026-07-16T03:45:00+05:30,58.145,58.18,58.125,58.17,106
2026-07-16T04:00:00+05:30,58.17,58.17,58.09,58.115,102
2026-07-16T04:15:00+05:30,58.115,58.14,58.065,58.12,75
2026-07-16T04:30:00+05:30,58.115,58.19,58.095,58.17,101
2026-07-16T04:45:00+05:30,58.165,58.175,58.095,58.155,86
2026-07-16T05:00:00+05:30,58.15,58.17,58.065,58.105,69
2026-07-16T05:15:00+05:30,58.1,58.16,58.085,58.105,87
2026-07-16T05:30:00+05:30,58.105,58.17,58.015,58.07,282
2026-07-16T05:45:00+05:30,58.075,58.155,58,58.065,165
2026-07-16T06:00:00+05:30,58.05,58.125,57.87,57.9,248
2026-07-16T06:15:00+05:30,57.9,58.085,57.745,57.775,870
2026-07-16T06:30:00+05:30,57.775,57.92,57.565,57.665,1548
2026-07-16T06:45:00+05:30,57.66,57.715,57.185,57.26,990
2026-07-16T07:00:00+05:30,57.255,57.585,57.245,57.51,531
2026-07-16T07:15:00+05:30,57.51,57.575,57.28,57.415,477
2026-07-16T07:30:00+05:30,57.415,57.465,57.23,57.28,354
2026-07-16T07:45:00+05:30,57.275,57.465,57.205,57.465,242
2026-07-16T08:00:00+05:30,57.465,57.485,57.13,57.29,551
2026-07-16T08:15:00+05:30,57.33,57.48,57.21,57.43,333
2026-07-16T08:30:00+05:30,57.435,57.445,57.24,57.265,321
2026-07-16T08:45:00+05:30,57.265,57.45,57.225,57.43,257
2026-07-16T09:00:00+05:30,57.44,57.49,57.38,57.45,164
2026-07-16T09:15:00+05:30,57.445,57.535,57.41,57.51,140
2026-07-16T09:30:00+05:30,57.505,57.535,57.41,57.52,181
2026-07-16T09:45:00+05:30,57.5,57.5,57.38,57.395,91
2026-07-16T10:00:00+05:30,57.405,57.45,57.325,57.345,88
2026-07-16T10:15:00+05:30,57.34,57.425,57.325,57.38,77
2026-07-16T10:30:00+05:30,57.365,57.41,57.26,57.41,182
2026-07-16T10:45:00+05:30,57.45,57.47,57.29,57.31,181
2026-07-16T11:00:00+05:30,57.315,57.595,57.215,57.565,710
2026-07-16T11:15:00+05:30,57.575,57.59,57.37,57.465,377
2026-07-16T11:30:00+05:30,57.465,57.77,57.46,57.64,510
2026-07-16T11:45:00+05:30,57.64,57.645,57.425,57.47,295
2026-07-16T12:00:00+05:30,57.47,57.485,57.135,57.31,523
2026-07-16T12:15:00+05:30,57.3,57.5,57.29,57.47,300
2026-07-16T12:30:00+05:30,57.46,57.495,57.29,57.29,258
2026-07-16T12:45:00+05:30,57.29,57.305,57,57.11,645
2026-07-16T13:00:00+05:30,57.105,57.225,57.05,57.14,294
2026-07-16T13:15:00+05:30,57.15,57.215,57.03,57.155,413
2026-07-16T13:30:00+05:30,57.145,57.3,56.845,56.875,661
2026-07-16T13:45:00+05:30,56.885,57.255,56.86,57.15,439
2026-07-16T14:00:00+05:30,57.16,57.245,57.105,57.21,185
2026-07-16T14:15:00+05:30,57.22,57.35,57.21,57.335,181
2026-07-16T14:30:00+05:30,57.335,57.4,57.295,57.345,193
2026-07-16T14:45:00+05:30,57.35,57.405,57.295,57.315,149
2026-07-16T15:00:00+05:30,57.31,57.33,57.215,57.25,190
2026-07-16T15:15:00+05:30,57.235,57.35,57.175,57.215,283
2026-07-16T15:30:00+05:30,57.21,57.22,57.015,57.06,375
2026-07-16T15:45:00+05:30,57.06,57.1,56.92,57.02,249
2026-07-16T16:00:00+05:30,57.035,57.09,56.89,56.915,312
2026-07-16T16:15:00+05:30,56.935,56.975,56.79,56.835,395
2026-07-16T16:30:00+05:30,56.85,56.92,56.695,56.85,715
2026-07-16T16:45:00+05:30,56.855,56.91,56.75,56.8,285
2026-07-16T17:00:00+05:30,56.805,57,56.765,56.925,352
2026-07-16T17:15:00+05:30,56.925,57.105,56.695,57.02,1011
2026-07-16T17:30:00+05:30,57.03,57.11,56.805,56.85,503
2026-07-16T17:45:00+05:30,56.84,56.88,56.52,56.755,1406
2026-07-16T18:00:00+05:30,56.73,57.05,56.275,56.375,1455
2026-07-16T18:15:00+05:30,56.37,56.495,56.005,56.095,1813
2026-07-16T18:30:00+05:30,56.1,56.2,55.66,56.14,3278
2026-07-16T18:45:00+05:30,56.15,56.645,56.135,56.615,1235
2026-07-16T19:00:00+05:30,56.625,56.71,55.96,55.97,1668
2026-07-16T19:15:00+05:30,55.965,56.195,55.905,55.99,1322
2026-07-16T19:30:00+05:30,55.99,56.225,55.91,56.01,1124
2026-07-16T19:45:00+05:30,55.975,56.405,55.92,56.345,1017
2026-07-16T20:00:00+05:30,56.34,56.53,56.24,56.53,643
2026-07-16T20:15:00+05:30,56.545,56.58,56.255,56.395,693
2026-07-16T20:30:00+05:30,56.405,56.465,56.24,56.315,554
2026-07-16T20:45:00+05:30,56.305,56.805,56.275,56.67,945
2026-07-16T21:00:00+05:30,56.665,56.8,56.56,56.675,702
2026-07-16T21:15:00+05:30,56.675,56.75,56.56,56.58,377
2026-07-16T21:30:00+05:30,56.585,56.585,56.235,56.245,570
2026-07-16T21:45:00+05:30,56.235,56.27,56.08,56.255,843
2026-07-16T22:00:00+05:30,56.265,56.365,56.195,56.315,436
2026-07-16T22:15:00+05:30,56.305,56.455,56.225,56.34,374
2026-07-16T22:30:00+05:30,56.345,56.395,56.135,56.155,409
2026-07-16T22:45:00+05:30,56.165,56.28,56.04,56.11,752
2026-07-16T23:00:00+05:30,56.095,56.11,55.88,55.925,756
2026-07-16T23:15:00+05:30,55.93,56.08,55.91,55.98,519
2026-07-16T23:30:00+05:30,55.98,56.105,55.92,56.025,397
2026-07-16T23:45:00+05:30,56.01,56.15,55.98,55.99,483
2026-07-17T00:00:00+05:30,55.995,55.995,55.595,55.83,1381
2026-07-17T00:15:00+05:30,55.82,55.91,55.755,55.815,502
2026-07-17T00:30:00+05:30,55.82,55.96,55.775,55.83,390
2026-07-17T00:45:00+05:30,55.83,55.97,55.79,55.825,295
2026-07-17T01:00:00+05:30,55.82,55.845,55.635,55.745,451
2026-07-17T01:15:00+05:30,55.74,56.015,55.685,55.985,593
2026-07-17T01:30:00+05:30,55.99,55.99,55.77,55.785,216
2026-07-17T01:45:00+05:30,55.79,55.84,55.76,55.775,95
2026-07-17T02:00:00+05:30,55.775,55.8,55.72,55.755,151
2026-07-17T02:15:00+05:30,55.775,55.825,55.67,55.77,239
2026-07-17T03:30:00+05:30,55.92,55.93,55.78,55.785,225
2026-07-17T03:45:00+05:30,55.8,55.835,55.76,55.81,101
2026-07-17T04:00:00+05:30,55.8,55.815,55.73,55.735,114
2026-07-17T04:15:00+05:30,55.74,55.82,55.69,55.795,117
2026-07-17T04:30:00+05:30,55.79,55.84,55.74,55.815,130
2026-07-17T04:45:00+05:30,55.81,55.825,55.75,55.8,122
2026-07-17T05:00:00+05:30,55.795,55.825,55.715,55.78,186
2026-07-17T05:15:00+05:30,55.775,55.87,55.655,55.855,325
2026-07-17T05:30:00+05:30,55.84,55.87,55.7,55.715,395
2026-07-17T05:45:00+05:30,55.725,55.92,55.685,55.7,396
2026-07-17T06:00:00+05:30,55.695,55.74,55.565,55.64,413
2026-07-17T06:15:00+05:30,55.635,56.04,55.62,56.015,810
2026-07-17T06:30:00+05:30,56.01,56.03,55.775,55.905,1297
2026-07-17T06:45:00+05:30,55.895,55.98,55.675,55.795,564
2026-07-17T07:00:00+05:30,55.79,55.82,55.61,55.655,738
2026-07-17T07:15:00+05:30,55.67,55.69,55.285,55.475,1382
2026-07-17T07:30:00+05:30,55.48,55.56,55.31,55.465,558
2026-07-17T07:45:00+05:30,55.465,55.56,55.43,55.45,281
2026-07-17T08:00:00+05:30,55.445,55.455,55.06,55.09,1331
2026-07-17T08:15:00+05:30,55.09,55.21,55,55.16,886
2026-07-17T08:30:00+05:30,55.155,55.58,55.155,55.48,853
2026-07-17T08:45:00+05:30,55.48,56,55.48,55.865,1294
2026-07-17T09:00:00+05:30,55.85,55.865,55.76,55.835,350
2026-07-17T09:15:00+05:30,55.85,55.9,55.62,55.635,376
2026-07-17T09:30:00+05:30,55.64,55.65,55.545,55.57,302
2026-07-17T09:45:00+05:30,55.57,55.655,55.49,55.515,294
2026-07-17T10:00:00+05:30,55.525,55.535,55.32,55.425,457
2026-07-17T10:15:00+05:30,55.43,55.5,55.42,55.44,203
2026-07-17T10:30:00+05:30,55.42,55.46,55.33,55.38,315
2026-07-17T10:45:00+05:30,55.385,55.42,55.205,55.23,378
2026-07-17T11:00:00+05:30,55.22,55.63,55.16,55.545,1201
2026-07-17T11:15:00+05:30,55.525,55.795,55.375,55.695,893
2026-07-17T11:30:00+05:30,55.7,56.25,55.69,56.18,1410
2026-07-17T11:45:00+05:30,56.195,56.195,56.03,56.07,772
2026-07-17T12:00:00+05:30,56.075,56.135,55.745,55.745,664
2026-07-17T12:15:00+05:30,55.77,55.865,55.73,55.75,550
2026-07-17T12:30:00+05:30,55.755,55.86,55.625,55.73,474
2026-07-17T12:45:00+05:30,55.745,55.82,55.64,55.71,245
2026-07-17T13:00:00+05:30,55.74,55.845,55.695,55.845,401
2026-07-17T13:15:00+05:30,55.845,55.87,55.66,55.675,240
2026-07-17T13:30:00+05:30,55.68,55.905,55.595,55.665,520
2026-07-17T13:45:00+05:30,55.665,55.7,55.485,55.605,536
2026-07-17T14:00:00+05:30,55.605,55.68,55.435,55.68,352
2026-07-17T14:15:00+05:30,55.67,55.82,55.655,55.695,377
2026-07-17T14:30:00+05:30,55.695,55.87,55.69,55.86,359
2026-07-17T14:45:00+05:30,55.845,55.97,55.81,55.885,342
2026-07-17T15:00:00+05:30,55.905,55.91,55.71,55.765,323
2026-07-17T15:15:00+05:30,55.795,55.825,55.76,55.79,161
2026-07-17T15:30:00+05:30,55.815,55.815,55.675,55.77,204
2026-07-17T15:45:00+05:30,55.755,55.755,55.625,55.7,206
2026-07-17T16:00:00+05:30,55.7,55.73,55.645,55.685,252
2026-07-17T16:15:00+05:30,55.685,55.745,55.495,55.495,352
2026-07-17T16:30:00+05:30,55.495,55.605,55.48,55.555,492
2026-07-17T16:45:00+05:30,55.545,55.7,55.485,55.675,378
2026-07-17T17:00:00+05:30,55.67,55.68,55.57,55.59,213
2026-07-17T17:15:00+05:30,55.585,55.8,55.585,55.65,278
2026-07-17T17:30:00+05:30,55.665,55.69,55.41,55.56,674
2026-07-17T17:45:00+05:30,55.585,55.585,55.395,55.565,433
2026-07-17T18:00:00+05:30,55.56,55.615,55.23,55.35,906
2026-07-17T18:15:00+05:30,55.36,55.54,55.21,55.315,1021
2026-07-17T18:30:00+05:30,55.32,55.535,55.19,55.31,1569
2026-07-17T18:45:00+05:30,55.3,55.39,55.155,55.195,1115
2026-07-17T19:00:00+05:30,55.19,55.61,55.1,55.375,2221
2026-07-17T19:15:00+05:30,55.385,56.055,55.28,56.045,2051
2026-07-17T19:30:00+05:30,56.045,56.135,55.88,55.91,1548
2026-07-17T19:45:00+05:30,55.925,56.24,55.905,56.08,1089
2026-07-17T20:00:00+05:30,56.085,56.095,55.825,55.9,868
2026-07-17T20:15:00+05:30,55.875,55.96,55.78,55.95,759
2026-07-17T20:30:00+05:30,55.945,56.275,55.88,56.08,1423
2026-07-17T20:45:00+05:30,56.09,56.21,55.995,56.21,556
2026-07-17T21:00:00+05:30,56.215,56.39,56.095,56.3,1234
2026-07-17T21:15:00+05:30,56.29,56.475,56.25,56.35,930
2026-07-17T21:30:00+05:30,56.355,56.355,56.135,56.28,878
2026-07-17T21:45:00+05:30,56.29,56.355,56.235,56.31,424
2026-07-17T22:00:00+05:30,56.295,56.335,56.17,56.275,404
2026-07-17T22:15:00+05:30,56.275,56.355,56.24,56.255,376
2026-07-17T22:30:00+05:30,56.27,56.455,56.27,56.335,587
2026-07-17T22:45:00+05:30,56.335,56.39,56.3,56.315,339
2026-07-17T23:00:00+05:30,56.305,56.33,56.125,56.14,362
2026-07-17T23:15:00+05:30,56.14,56.275,56.135,56.19,299
2026-07-17T23:30:00+05:30,56.195,56.32,56.12,56.305,524
2026-07-17T23:45:00+05:30,56.31,56.45,56.245,56.425,449
2026-07-18T00:00:00+05:30,56.425,56.45,56.185,56.21,354
2026-07-18T00:15:00+05:30,56.205,56.41,56.195,56.38,261
2026-07-18T00:30:00+05:30,56.38,56.38,56.185,56.21,286
2026-07-18T00:45:00+05:30,56.205,56.235,56.115,56.145,394
2026-07-18T01:00:00+05:30,56.16,56.385,56.16,56.36,294
2026-07-18T01:15:00+05:30,56.385,56.455,56.365,56.42,324
2026-07-18T01:30:00+05:30,56.41,56.41,56.335,56.34,214
2026-07-18T01:45:00+05:30,56.34,56.345,56.18,56.215,288
2026-07-18T02:00:00+05:30,56.215,56.22,56.13,56.145,307
2026-07-18T02:15:00+05:30,56.15,56.26,56.135,56.215,250
2026-07-20T03:30:00+05:30,55.955,56.07,55.815,55.895,758
2026-07-20T03:45:00+05:30,55.89,55.945,55.775,55.785,292
2026-07-20T04:00:00+05:30,55.77,56.14,55.755,56.06,503
2026-07-20T04:15:00+05:30,56.045,56.105,55.975,55.975,104
2026-07-20T04:30:00+05:30,55.985,56.085,55.905,55.975,235
2026-07-20T04:45:00+05:30,56.02,56.02,55.915,55.98,70
2026-07-20T05:00:00+05:30,55.955,56.06,55.93,56.02,234
2026-07-20T05:15:00+05:30,56.03,56.155,55.93,56.155,194
2026-07-20T05:30:00+05:30,56.16,56.4,55.84,56.365,842
2026-07-20T05:45:00+05:30,56.34,56.845,56.32,56.72,893
2026-07-20T06:00:00+05:30,56.715,56.715,56.56,56.575,346
2026-07-20T06:15:00+05:30,56.58,56.945,56.58,56.855,828
2026-07-20T06:30:00+05:30,56.865,57.12,56.66,56.73,1604
2026-07-20T06:45:00+05:30,56.75,56.76,56.61,56.715,597
2026-07-20T07:00:00+05:30,56.725,56.805,56.6,56.65,431
2026-07-20T07:15:00+05:30,56.665,56.96,56.655,56.915,443
2026-07-20T07:30:00+05:30,56.92,57.185,56.865,57.035,633
2026-07-20T07:45:00+05:30,57.045,57.065,56.92,56.99,185
2026-07-20T08:00:00+05:30,56.945,57.295,56.87,57.235,585
2026-07-20T08:15:00+05:30,57.24,57.61,57.225,57.46,893
2026-07-20T08:30:00+05:30,57.455,57.515,57.34,57.5,333
2026-07-20T08:45:00+05:30,57.49,57.645,57.395,57.41,348
2026-07-20T09:00:00+05:30,57.415,57.49,57.355,57.475,222
2026-07-20T09:15:00+05:30,57.49,57.49,57.26,57.305,276
2026-07-20T09:30:00+05:30,57.305,57.33,57.175,57.185,232
2026-07-20T09:45:00+05:30,57.21,57.25,57.14,57.235,155
2026-07-20T10:00:00+05:30,57.225,57.325,57.195,57.3,213
2026-07-20T10:15:00+05:30,57.29,57.29,57.14,57.16,161
2026-07-20T10:30:00+05:30,57.19,57.215,56.985,57.075,274
2026-07-20T10:45:00+05:30,57.06,57.085,56.87,56.89,263
2026-07-20T11:00:00+05:30,56.9,57.1,56.795,56.82,613
2026-07-20T11:15:00+05:30,56.805,56.875,56.73,56.76,327
2026-07-20T11:30:00+05:30,56.78,56.945,56.76,56.805,346
2026-07-20T11:45:00+05:30,56.8,56.955,56.8,56.885,211
2026-07-20T12:00:00+05:30,56.86,56.9,56.75,56.75,229
2026-07-20T12:15:00+05:30,56.75,56.855,56.675,56.69,271
2026-07-20T12:30:00+05:30,56.7,56.825,56.64,56.7,184
2026-07-20T12:45:00+05:30,56.69,56.915,56.64,56.915,308
2026-07-20T13:00:00+05:30,56.92,57.26,56.92,57.21,642
2026-07-20T13:15:00+05:30,57.23,57.29,57.13,57.26,392
2026-07-20T13:30:00+05:30,57.27,57.45,57.23,57.365,362
2026-07-20T13:45:00+05:30,57.355,57.465,57.31,57.325,310
2026-07-20T14:00:00+05:30,57.32,57.32,57.21,57.225,232
2026-07-20T14:15:00+05:30,57.225,57.245,57.065,57.105,262
2026-07-20T14:30:00+05:30,57.09,57.135,57.01,57.06,192
2026-07-20T14:45:00+05:30,57.05,57.135,56.95,56.97,149
2026-07-20T15:00:00+05:30,56.98,57.18,56.97,57.135,201
2026-07-20T15:15:00+05:30,57.13,57.35,57.105,57.23,348
2026-07-20T15:30:00+05:30,57.255,57.255,57.11,57.14,228
2026-07-20T15:45:00+05:30,57.12,57.195,57.095,57.19,111
2026-07-20T16:00:00+05:30,57.165,57.215,57.105,57.16,110
2026-07-20T16:15:00+05:30,57.155,57.175,57.08,57.095,181
2026-07-20T16:30:00+05:30,57.1,57.28,57.07,57.18,332
2026-07-20T16:45:00+05:30,57.18,57.235,57.125,57.195,161
2026-07-20T17:00:00+05:30,57.2,57.765,57.2,57.495,1362
2026-07-20T17:15:00+05:30,57.49,57.505,57.295,57.36,361
2026-07-20T17:30:00+05:30,57.36,57.36,56.95,56.97,795
2026-07-20T17:45:00+05:30,56.98,57.115,56.885,57.115,486
2026-07-20T18:00:00+05:30,57.12,57.225,57.005,57.05,537
2026-07-20T18:15:00+05:30,57.045,57.155,57,57.015,518
2026-07-20T18:30:00+05:30,57.015,57.195,56.955,57.12,958
2026-07-20T18:45:00+05:30,57.115,57.22,56.925,56.925,602
2026-07-20T19:00:00+05:30,56.945,57.35,56.93,57.215,965
2026-07-20T19:15:00+05:30,57.2,57.31,57.025,57.075,629
2026-07-20T19:30:00+05:30,57.02,57.08,56.79,56.805,682
2026-07-20T19:45:00+05:30,56.805,57.04,56.655,57.03,751
2026-07-20T20:00:00+05:30,57.04,57.255,57,57.1,658
2026-07-20T20:15:00+05:30,57.095,57.295,56.985,57.025,521
2026-07-20T20:30:00+05:30,57.03,57.445,56.945,57.27,781
2026-07-20T20:45:00+05:30,57.24,57.33,57.16,57.32,353
2026-07-20T21:00:00+05:30,57.33,57.355,57.185,57.265,379
2026-07-20T21:15:00+05:30,57.265,57.36,57.2,57.2,241
2026-07-20T21:30:00+05:30,57.195,57.455,57.19,57.325,290
2026-07-20T21:45:00+05:30,57.33,57.37,57.22,57.255,217
2026-07-20T22:00:00+05:30,57.255,57.255,56.835,57.055,928
2026-07-20T22:15:00+05:30,57.065,57.115,56.975,57.09,320
2026-07-20T22:30:00+05:30,57.08,57.24,57.08,57.15,282
2026-07-20T22:45:00+05:30,57.14,57.175,57.025,57.13,414
2026-07-20T23:00:00+05:30,57.125,57.135,57,57.03,150
2026-07-20T23:15:00+05:30,57.02,57.045,56.895,57.015,321
2026-07-20T23:30:00+05:30,57.02,57.095,57.015,57.06,196
2026-07-20T23:45:00+05:30,57.065,57.12,56.875,56.955,374
2026-07-21T00:00:00+05:30,56.945,56.95,56.77,56.79,250
2026-07-21T00:15:00+05:30,56.78,56.87,56.76,56.84,202
2026-07-21T00:30:00+05:30,56.845,56.865,56.675,56.695,310
2026-07-21T00:45:00+05:30,56.675,56.96,56.665,56.96,405
2026-07-21T01:00:00+05:30,56.955,57.055,56.705,56.715,453
2026-07-21T01:15:00+05:30,56.715,56.755,56.62,56.685,288
2026-07-21T01:30:00+05:30,56.68,56.745,56.615,56.635,213
2026-07-21T01:45:00+05:30,56.625,56.675,56.62,56.67,57
2026-07-21T02:00:00+05:30,56.675,56.72,56.66,56.69,92
2026-07-21T02:15:00+05:30,56.685,56.695,56.64,56.655,118
2026-07-21T03:30:00+05:30,56.7,56.75,56.575,56.6,139
2026-07-21T03:45:00+05:30,56.61,56.62,56.535,56.61,86
2026-07-21T04:00:00+05:30,56.605,56.605,56.46,56.505,126
2026-07-21T04:15:00+05:30,56.53,56.535,56.375,56.45,257
2026-07-21T04:30:00+05:30,56.435,56.605,56.43,56.53,228
2026-07-21T04:45:00+05:30,56.56,56.605,56.53,56.565,106
2026-07-21T05:00:00+05:30,56.57,56.625,56.535,56.595,78
2026-07-21T05:15:00+05:30,56.555,56.65,56.51,56.63,145
2026-07-21T05:30:00+05:30,56.625,56.715,56.465,56.685,277
2026-07-21T05:45:00+05:30,56.69,56.85,56.585,56.815,270
2026-07-21T06:00:00+05:30,56.8,57.04,56.77,56.97,327
2026-07-21T06:15:00+05:30,56.99,57.235,56.945,57.185,631
2026-07-21T06:30:00+05:30,57.195,57.47,57.09,57.425,1380
2026-07-21T06:45:00+05:30,57.425,57.5,57.19,57.23,569
2026-07-21T07:00:00+05:30,57.21,57.34,57.135,57.16,526
2026-07-21T07:15:00+05:30,57.155,57.4,57.12,57.19,414
2026-07-21T07:30:00+05:30,57.215,57.255,57.095,57.16,274
2026-07-21T07:45:00+05:30,57.155,57.36,57.095,57.33,225
2026-07-21T08:00:00+05:30,57.33,58.14,57.275,57.955,1856
2026-07-21T08:15:00+05:30,57.97,57.975,57.66,57.87,633
2026-07-21T08:30:00+05:30,57.88,58.055,57.85,57.895,459
2026-07-21T08:45:00+05:30,57.91,58.135,57.895,58.04,361
2026-07-21T09:00:00+05:30,58.04,58.09,57.95,57.955,184
2026-07-21T09:15:00+05:30,57.965,58.14,57.96,58.125,261
2026-07-21T09:30:00+05:30,58.13,58.215,58.08,58.125,304
2026-07-21T09:45:00+05:30,58.13,58.13,58.01,58.01,189
2026-07-21T10:00:00+05:30,58.04,58.17,58.025,58.125,127
2026-07-21T10:15:00+05:30,58.12,58.2,58.095,58.17,159
2026-07-21T10:30:00+05:30,58.17,58.225,58.115,58.205,196
2026-07-21T10:45:00+05:30,58.21,58.32,58.115,58.29,299
2026-07-21T11:00:00+05:30,58.3,58.51,58.255,58.45,647
2026-07-21T11:15:00+05:30,58.44,58.46,58.335,58.38,445
2026-07-21T11:30:00+05:30,58.38,58.835,58.375,58.775,875
2026-07-21T11:45:00+05:30,58.765,58.955,58.73,58.86,610
2026-07-21T12:00:00+05:30,58.87,59.14,58.825,59.04,678
2026-07-21T12:15:00+05:30,59.065,59.255,59.045,59.175,586
2026-07-21T12:30:00+05:30,59.155,59.23,59.075,59.155,478
2026-07-21T12:45:00+05:30,59.145,59.215,59.11,59.2,423
2026-07-21T13:00:00+05:30,59.185,59.38,59.15,59.335,399
2026-07-21T13:15:00+05:30,59.325,59.445,59.245,59.415,306
2026-07-21T13:30:00+05:30,59.43,59.48,59.265,59.33,538
2026-07-21T13:45:00+05:30,59.335,59.36,59.21,59.24,232
2026-07-21T14:00:00+05:30,59.25,59.325,59.185,59.305,430
2026-07-21T14:15:00+05:30,59.305,59.365,59.185,59.255,380
2026-07-21T14:30:00+05:30,59.27,59.495,59.27,59.395,421
2026-07-21T14:45:00+05:30,59.4,59.545,59.395,59.45,380
2026-07-21T15:00:00+05:30,59.465,59.495,59.37,59.385,200
2026-07-21T15:15:00+05:30,59.385,59.495,59.36,59.37,248
2026-07-21T15:30:00+05:30,59.365,59.455,59.25,59.375,595
2026-07-21T15:45:00+05:30,59.37,59.465,59.33,59.345,225
2026-07-21T16:00:00+05:30,59.35,59.455,59.34,59.35,130
2026-07-21T16:15:00+05:30,59.35,59.365,59.175,59.2,505
2026-07-21T16:30:00+05:30,59.21,59.24,58.99,59.21,885
2026-07-21T16:45:00+05:30,59.225,59.25,59.11,59.125,304
2026-07-21T17:00:00+05:30,59.12,59.205,59.04,59.065,382
2026-07-21T17:15:00+05:30,59.085,59.19,59.055,59.15,262
2026-07-21T17:30:00+05:30,59.16,59.32,59.155,59.24,441
2026-07-21T17:45:00+05:30,59.24,59.48,59.115,59.405,797
2026-07-21T18:00:00+05:30,59.415,59.465,59.19,59.245,714
2026-07-21T18:15:00+05:30,59.27,59.525,59.21,59.21,863
2026-07-21T18:30:00+05:30,59.205,59.365,59.08,59.185,1144
2026-07-21T18:45:00+05:30,59.17,59.22,58.75,58.775,1171
2026-07-21T19:00:00+05:30,58.8,58.92,58.56,58.62,1560
2026-07-21T19:15:00+05:30,58.62,58.835,58.55,58.735,748
2026-07-21T19:30:00+05:30,58.76,59.19,58.74,59.18,1042
2026-07-21T19:45:00+05:30,59.17,59.35,59.055,59.3,972
2026-07-21T20:00:00+05:30,59.32,59.42,59.085,59.275,738
2026-07-21T20:15:00+05:30,59.28,59.45,59.185,59.245,763
2026-07-21T20:30:00+05:30,59.25,59.425,59.14,59.385,524
2026-07-21T20:45:00+05:30,59.395,59.525,59.37,59.41,750
2026-07-21T21:00:00+05:30,59.405,59.475,59.2,59.215,703
2026-07-21T21:15:00+05:30,59.235,59.315,59.175,59.26,427
2026-07-21T21:30:00+05:30,59.245,59.41,59.225,59.385,375
2026-07-21T21:45:00+05:30,59.39,59.405,59.3,59.345,237
2026-07-21T22:00:00+05:30,59.33,59.35,59.195,59.22,254
2026-07-21T22:15:00+05:30,59.2,59.215,59.09,59.135,419
2026-07-21T22:30:00+05:30,59.135,59.17,59.07,59.105,319
2026-07-21T22:45:00+05:30,59.105,59.175,59,59.175,613
2026-07-21T23:00:00+05:30,59.17,59.195,59.01,59.03,375
2026-07-21T23:15:00+05:30,59.025,59.055,59,59.055,174
2026-07-21T23:30:00+05:30,59.035,59.125,59.02,59.085,252
2026-07-21T23:45:00+05:30,59.075,59.33,59.07,59.235,519
2026-07-22T00:00:00+05:30,59.23,59.305,59.205,59.235,211
2026-07-22T00:15:00+05:30,59.235,59.24,59.14,59.165,202
2026-07-22T00:30:00+05:30,59.18,59.235,59.055,59.07,349
2026-07-22T00:45:00+05:30,59.075,59.155,59.075,59.09,143
2026-07-22T01:00:00+05:30,59.105,59.105,59.015,59.045,194
2026-07-22T01:15:00+05:30,59.05,59.075,59.005,59.035,298
2026-07-22T01:30:00+05:30,59.035,59.085,59.02,59.025,138
2026-07-22T01:45:00+05:30,59.02,59.02,58.96,59.01,161
2026-07-22T02:00:00+05:30,59.015,59.19,59.015,59.125,308
2026-07-22T02:15:00+05:30,59.125,59.15,59.06,59.085,172
2026-07-22T03:30:00+05:30,59.175,59.27,59.085,59.105,109
2026-07-22T03:45:00+05:30,59.11,59.21,59.105,59.2,88
2026-07-22T04:00:00+05:30,59.17,59.23,59.15,59.165,159
2026-07-22T04:15:00+05:30,59.165,59.165,59.045,59.07,159
2026-07-22T04:30:00+05:30,59.07,59.085,59.025,59.08,117
2026-07-22T04:45:00+05:30,59.08,59.16,59.08,59.14,58
2026-07-22T05:00:00+05:30,59.13,59.155,59.09,59.1,81
2026-07-22T05:15:00+05:30,59.1,59.17,59.1,59.155,91
2026-07-22T05:30:00+05:30,59.165,59.36,59.075,59.315,444
2026-07-22T05:45:00+05:30,59.31,59.41,59.26,59.33,528
2026-07-22T06:00:00+05:30,59.34,59.4,59.23,59.275,269
2026-07-22T06:15:00+05:30,59.29,59.515,59.23,59.5,561
2026-07-22T06:30:00+05:30,59.495,60.235,59.475,60.22,2370
2026-07-22T06:45:00+05:30,60.24,60.28,59.97,60.08,979
2026-07-22T07:00:00+05:30,60.055,60.26,60.005,60.17,782
2026-07-22T07:15:00+05:30,60.175,60.26,60.055,60.255,563
2026-07-22T07:30:00+05:30,60.25,60.3,60.045,60.07,564
2026-07-22T07:45:00+05:30,60.065,60.215,60.025,60.155,274
2026-07-22T08:00:00+05:30,60.17,60.28,59.975,60.065,879
2026-07-22T08:15:00+05:30,60.06,60.1,59.82,59.905,643
2026-07-22T08:30:00+05:30,59.91,60.24,59.89,60.19,821
2026-07-22T08:45:00+05:30,60.175,60.28,60.165,60.235,381
2026-07-22T09:00:00+05:30,60.23,60.23,60.035,60.085,336
2026-07-22T09:15:00+05:30,60.08,60.125,60.01,60.085,166
2026-07-22T09:30:00+05:30,60.09,60.115,59.98,60.02,186
2026-07-22T09:45:00+05:30,60.055,60.055,59.965,60.01,159
2026-07-22T10:00:00+05:30,60,60,59.87,59.945,234
2026-07-22T10:15:00+05:30,59.95,59.975,59.855,59.965,185
2026-07-22T10:30:00+05:30,59.975,60.035,59.94,59.985,219
2026-07-22T10:45:00+05:30,59.975,59.975,59.77,59.79,385
2026-07-22T11:00:00+05:30,59.79,60.045,59.725,59.965,805
2026-07-22T11:15:00+05:30,59.955,60.085,59.83,59.945,460
2026-07-22T11:30:00+05:30,59.945,60.09,59.92,59.94,430
2026-07-22T11:45:00+05:30,59.93,59.985,59.535,59.595,800
2026-07-22T12:00:00+05:30,59.61,59.725,59.57,59.645,523
2026-07-22T12:15:00+05:30,59.65,59.665,59.51,59.58,529
2026-07-22T12:30:00+05:30,59.58,59.675,59.465,59.635,486
2026-07-22T12:45:00+05:30,59.645,59.76,59.635,59.715,357
2026-07-22T13:00:00+05:30,59.73,59.81,59.43,59.51,539
2026-07-22T13:15:00+05:30,59.52,59.53,59.38,59.42,521
2026-07-22T13:30:00+05:30,59.455,59.615,59.455,59.61,316
2026-07-22T13:45:00+05:30,59.61,59.74,59.595,59.74,330
2026-07-22T14:00:00+05:30,59.74,59.845,59.71,59.765,388
2026-07-22T14:15:00+05:30,59.775,59.825,59.685,59.8,271
2026-07-22T14:30:00+05:30,59.82,59.945,59.82,59.92,371
2026-07-22T14:45:00+05:30,59.92,59.945,59.785,59.805,218
2026-07-22T15:00:00+05:30,59.805,59.85,59.655,59.765,303
2026-07-22T15:15:00+05:30,59.76,59.82,59.65,59.69,174
2026-07-22T15:30:00+05:30,59.68,59.81,59.65,59.65,211
2026-07-22T15:45:00+05:30,59.66,59.815,59.625,59.75,195
2026-07-22T16:00:00+05:30,59.75,59.775,59.615,59.65,173
2026-07-22T16:15:00+05:30,59.65,59.76,59.62,59.64,210
2026-07-22T16:30:00+05:30,59.655,59.7,59.59,59.655,278
2026-07-22T16:45:00+05:30,59.645,59.745,59.605,59.65,197
2026-07-22T17:00:00+05:30,59.665,59.69,59.415,59.54,489
2026-07-22T17:15:00+05:30,59.535,59.7,59.535,59.65,322
2026-07-22T17:30:00+05:30,59.655,59.75,59.6,59.745,465
2026-07-22T17:45:00+05:30,59.76,59.875,59.63,59.765,565
2026-07-22T18:00:00+05:30,59.76,59.835,59.595,59.64,730
2026-07-22T18:15:00+05:30,59.64,59.655,59.195,59.345,1135
2026-07-22T18:30:00+05:30,59.36,59.705,59.3,59.705,1361
2026-07-22T18:45:00+05:30,59.695,59.9,59.665,59.81,780
2026-07-22T19:00:00+05:30,59.815,60.405,59.815,60.315,2114
2026-07-22T19:15:00+05:30,60.33,60.89,60.31,60.825,2402
2026-07-22T19:30:00+05:30,60.835,61.27,60.8,61.01,2818
2026-07-22T19:45:00+05:30,61.005,61.005,60.455,60.5,1903
2026-07-22T20:00:00+05:30,60.505,60.735,60.475,60.615,1111
2026-07-22T20:15:00+05:30,60.64,60.685,60.43,60.55,546
2026-07-22T20:30:00+05:30,60.565,60.695,60.545,60.67,583
2026-07-22T20:45:00+05:30,60.66,60.755,60.54,60.645,628
2026-07-22T21:00:00+05:30,60.64,60.64,60.48,60.605,597
2026-07-22T21:15:00+05:30,60.615,60.74,60.525,60.59,636
2026-07-22T21:30:00+05:30,60.575,60.61,60.415,60.425,427
2026-07-22T21:45:00+05:30,60.445,60.545,60.375,60.455,691
2026-07-22T22:00:00+05:30,60.46,60.53,60.35,60.385,677
2026-07-22T22:15:00+05:30,60.395,60.43,60.22,60.38,808
2026-07-22T22:30:00+05:30,60.385,60.4,60.21,60.21,475
2026-07-22T22:45:00+05:30,60.21,60.335,60.15,60.25,697
2026-07-22T23:00:00+05:30,60.235,60.365,60.085,60.215,559
2026-07-22T23:15:00+05:30,60.21,60.375,60.195,60.305,330
2026-07-22T23:30:00+05:30,60.31,60.315,60.17,60.24,350
2026-07-22T23:45:00+05:30,60.23,60.27,60.16,60.2,323
2026-07-23T00:00:00+05:30,60.205,60.21,60.11,60.18,263
2026-07-23T00:15:00+05:30,60.17,60.275,60.16,60.21,216
2026-07-23T00:30:00+05:30,60.205,60.235,60.135,60.165,210
2026-07-23T00:45:00+05:30,60.155,60.205,60.085,60.205,233
2026-07-23T01:00:00+05:30,60.19,60.27,60.03,60.065,326
2026-07-23T01:15:00+05:30,60.07,60.085,59.87,59.975,612
2026-07-23T01:30:00+05:30,59.975,60.07,59.915,60.025,281
2026-07-23T01:45:00+05:30,60.02,60.235,60.005,60.19,230
2026-07-23T02:00:00+05:30,60.18,60.18,60.025,60.035,167
2026-07-23T02:15:00+05:30,60.045,60.065,59.925,60.05,276
2026-07-23T03:30:00+05:30,60.05,60.11,59.04,59.87,667
2026-07-23T03:45:00+05:30,59.885,59.94,59.775,59.925,312
2026-07-23T04:00:00+05:30,59.935,59.955,59.625,59.675,332
2026-07-23T04:15:00+05:30,59.665,59.725,59.62,59.69,202
2026-07-23T04:30:00+05:30,59.68,59.81,59.625,59.79,260
2026-07-23T04:45:00+05:30,59.785,59.795,59.705,59.755,114
2026-07-23T05:00:00+05:30,59.745,59.905,59.745,59.87,118
2026-07-23T05:15:00+05:30,59.855,60.055,59.85,60.035,190
2026-07-23T05:30:00+05:30,60.03,60.06,59.92,59.97,298
2026-07-23T05:45:00+05:30,59.97,60.16,59.95,60.02,318
2026-07-23T06:00:00+05:30,60.03,60.105,59.99,60,213
2026-07-23T06:15:00+05:30,60,60.195,59.975,60.155,449
2026-07-23T06:30:00+05:30,60.155,60.365,59.93,60.1,1430
2026-07-23T06:45:00+05:30,60.09,60.35,60.09,60.25,513
2026-07-23T07:00:00+05:30,60.255,60.275,59.82,59.845,1030
2026-07-23T07:15:00+05:30,59.835,59.955,59.71,59.8,613
2026-07-23T07:30:00+05:30,59.795,59.92,59.765,59.87,398
2026-07-23T07:45:00+05:30,59.87,59.87,59.715,59.77,227
2026-07-23T08:00:00+05:30,59.765,59.97,59.735,59.93,456
2026-07-23T08:15:00+05:30,59.95,60.17,59.94,60.15,439
2026-07-23T08:30:00+05:30,60.15,60.175,59.97,60.05,307
2026-07-23T08:45:00+05:30,60.06,60.2,60.035,60.165,285
2026-07-23T09:00:00+05:30,60.165,60.175,60.08,60.115,89
2026-07-23T09:15:00+05:30,60.125,60.125,60,60.03,108
2026-07-23T09:30:00+05:30,60.04,60.16,59.995,60.16,124
2026-07-23T09:45:00+05:30,60.17,60.21,60.1,60.185,141
2026-07-23T10:00:00+05:30,60.185,60.19,60.005,60.015,155
2026-07-23T10:15:00+05:30,60.015,60.03,59.89,59.94,144
2026-07-23T10:30:00+05:30,59.93,60.025,59.875,60,171
2026-07-23T10:45:00+05:30,59.97,60.035,59.86,60.03,197
2026-07-23T11:00:00+05:30,60.04,60.18,59.94,60.04,551
2026-07-23T11:15:00+05:30,60.03,60.125,59.845,59.91,298
2026-07-23T11:30:00+05:30,59.91,60,59.825,59.84,377
2026-07-23T11:45:00+05:30,59.845,59.975,59.77,59.79,290
2026-07-23T12:00:00+05:30,59.785,59.88,59.725,59.85,398
2026-07-23T12:15:00+05:30,59.845,59.9,59.69,59.73,413
2026-07-23T12:30:00+05:30,59.74,59.74,59.12,59.33,1082
2026-07-23T12:45:00+05:30,59.31,59.48,59.3,59.415,537
2026-07-23T13:00:00+05:30,59.41,59.41,58.94,59.11,702
2026-07-23T13:15:00+05:30,59.125,59.26,58.98,59.215,600
2026-07-23T13:30:00+05:30,59.23,59.31,59.06,59.125,495
2026-07-23T13:45:00+05:30,59.12,59.18,59.08,59.18,301
2026-07-23T14:00:00+05:30,59.19,59.215,58.985,59.06,321
2026-07-23T14:15:00+05:30,59.07,59.185,58.965,59.15,253
2026-07-23T14:30:00+05:30,59.15,59.31,59.12,59.185,359
2026-07-23T14:45:00+05:30,59.17,59.23,59.07,59.12,247
2026-07-23T15:00:00+05:30,59.12,59.17,59.08,59.145,187
2026-07-23T15:15:00+05:30,59.145,59.17,58.995,59.03,221
2026-07-23T15:30:00+05:30,59.035,59.055,58.935,59.025,281
2026-07-23T15:45:00+05:30,59.04,59.045,58.875,59.02,288
2026-07-23T16:00:00+05:30,59.005,59.115,58.935,59,291
2026-07-23T16:15:00+05:30,58.995,59.14,58.94,59.055,333
2026-07-23T16:30:00+05:30,59.045,59.065,58.835,58.89,733
2026-07-23T16:45:00+05:30,58.895,58.93,58.67,58.76,871
2026-07-23T17:00:00+05:30,58.765,58.775,58.28,58.56,1431
2026-07-23T17:15:00+05:30,58.56,58.935,58.55,58.825,699
2026-07-23T17:30:00+05:30,58.825,58.84,58.66,58.725,427
2026-07-23T17:45:00+05:30,58.72,58.79,58.455,58.485,910
2026-07-23T18:00:00+05:30,58.465,58.535,58.225,58.315,1201
2026-07-23T18:15:00+05:30,58.32,58.385,57.925,57.93,1568
2026-07-23T18:30:00+05:30,57.925,58.085,57.325,57.375,4240
2026-07-23T18:45:00+05:30,57.37,57.92,57.365,57.92,2141
2026-07-23T19:00:00+05:30,57.905,58.32,57.895,58.18,2562
2026-07-23T19:15:00+05:30,58.19,58.205,57.88,57.905,1074
2026-07-23T19:30:00+05:30,57.91,58.13,57.835,58.04,1211
2026-07-23T19:45:00+05:30,58.01,58.245,57.895,58.215,813
2026-07-23T20:00:00+05:30,58.215,58.26,57.99,58.145,712
2026-07-23T20:15:00+05:30,58.14,58.28,58,58.065,525
2026-07-23T20:30:00+05:30,58.07,58.09,57.615,57.765,867
2026-07-23T20:45:00+05:30,57.755,57.885,57.56,57.69,917
2026-07-23T21:00:00+05:30,57.7,57.925,57.615,57.79,786
2026-07-23T21:15:00+05:30,57.79,57.965,57.78,57.85,409
2026-07-23T21:30:00+05:30,57.865,58.035,57.865,58.03,473
2026-07-23T21:45:00+05:30,58.03,58.095,57.93,58.055,364
2026-07-23T22:00:00+05:30,58.055,58.09,57.925,57.97,337
2026-07-23T22:15:00+05:30,57.96,58.12,57.895,58.1,423
2026-07-23T22:30:00+05:30,58.105,58.205,57.985,58,604
2026-07-23T22:45:00+05:30,58.005,58.1,57.96,58.01,588
2026-07-23T23:00:00+05:30,58.01,58.05,57.81,57.825,555
2026-07-23T23:15:00+05:30,57.81,57.87,57.765,57.775,305
2026-07-23T23:30:00+05:30,57.78,57.79,57.67,57.72,490
2026-07-23T23:45:00+05:30,57.705,57.805,57.675,57.78,302
2026-07-24T00:00:00+05:30,57.785,57.86,57.745,57.795,244
2026-07-24T00:15:00+05:30,57.79,57.87,57.79,57.845,174
2026-07-24T00:30:00+05:30,57.855,57.91,57.72,57.735,226
2026-07-24T00:45:00+05:30,57.73,57.93,57.73,57.875,310
2026-07-24T01:00:00+05:30,57.89,57.975,57.765,57.775,237
2026-07-24T01:15:00+05:30,57.77,57.9,57.715,57.855,452
2026-07-24T01:30:00+05:30,57.85,57.92,57.795,57.9,195
2026-07-24T01:45:00+05:30,57.895,57.92,57.83,57.905,112
2026-07-24T02:00:00+05:30,57.885,57.93,57.885,57.915,83
2026-07-24T02:15:00+05:30,57.905,57.935,57.88,57.905,119
2026-07-24T03:30:00+05:30,57.91,57.945,57.84,57.85,73
2026-07-24T03:45:00+05:30,57.865,57.96,57.865,57.96,55
2026-07-24T04:00:00+05:30,57.945,57.98,57.905,57.915,104
2026-07-24T04:15:00+05:30,57.925,57.95,57.91,57.92,73
2026-07-24T04:30:00+05:30,57.935,57.935,57.82,57.85,97
2026-07-24T04:45:00+05:30,57.855,57.875,57.83,57.865,83
2026-07-24T05:00:00+05:30,57.865,57.915,57.815,57.865,76
2026-07-24T05:15:00+05:30,57.87,57.915,57.795,57.8,112
2026-07-24T05:30:00+05:30,57.805,57.89,57.63,57.64,340
2026-07-24T05:45:00+05:30,57.68,57.95,57.645,57.89,330
2026-07-24T06:00:00+05:30,57.88,58,57.85,57.97,153
2026-07-24T06:15:00+05:30,57.965,58.135,57.945,58.11,459
2026-07-24T06:30:00+05:30,58.115,58.13,57.685,57.73,1151
2026-07-24T06:45:00+05:30,57.735,57.865,57.635,57.75,463
2026-07-24T07:00:00+05:30,57.74,58.05,57.715,58.04,350
2026-07-24T07:15:00+05:30,58.045,58.17,57.825,57.92,601
2026-07-24T07:30:00+05:30,57.93,58.02,57.8,57.92,306
2026-07-24T07:45:00+05:30,57.93,58.045,57.865,57.975,150
2026-07-24T08:00:00+05:30,57.98,58.06,57.725,57.795,384
2026-07-24T08:15:00+05:30,57.785,57.795,57.345,57.455,1042
2026-07-24T08:30:00+05:30,57.46,57.665,57.365,57.64,413
2026-07-24T08:45:00+05:30,57.635,57.67,57.52,57.545,324
2026-07-24T09:00:00+05:30,57.565,57.65,57.565,57.65,98
2026-07-24T09:15:00+05:30,57.64,57.675,57.55,57.56,105
2026-07-24T09:30:00+05:30,57.565,57.6,57.44,57.52,219
2026-07-24T09:45:00+05:30,57.525,57.695,57.525,57.68,136
2026-07-24T10:00:00+05:30,57.69,57.69,57.54,57.575,82
2026-07-24T10:15:00+05:30,57.58,57.61,57.54,57.59,102
2026-07-24T10:30:00+05:30,57.585,57.85,57.53,57.73,351
2026-07-24T10:45:00+05:30,57.715,57.83,57.595,57.715,238
2026-07-24T11:00:00+05:30,57.705,57.885,57.635,57.665,519
2026-07-24T11:15:00+05:30,57.66,57.825,57.575,57.605,226
2026-07-24T11:30:00+05:30,57.625,57.73,57.56,57.73,265
2026-07-24T11:45:00+05:30,57.735,58.015,57.695,57.95,613
2026-07-24T12:00:00+05:30,57.915,57.98,57.855,57.855,255
2026-07-24T12:15:00+05:30,57.855,58.085,57.855,58,453
2026-07-24T12:30:00+05:30,57.98,58.555,57.96,58.485,1221
2026-07-24T12:45:00+05:30,58.49,58.595,58.445,58.535,625
2026-07-24T13:00:00+05:30,58.55,58.705,58.435,58.49,473
2026-07-24T13:15:00+05:30,58.49,58.525,58.395,58.465,326
2026-07-24T13:30:00+05:30,58.47,58.475,58.33,58.42,336
2026-07-24T13:45:00+05:30,58.43,58.57,58.37,58.56,207
2026-07-24T14:00:00+05:30,58.55,58.605,58.455,58.575,248
2026-07-24T14:15:00+05:30,58.545,58.62,58.5,58.57,176
2026-07-24T14:30:00+05:30,58.575,58.75,58.575,58.665,486
2026-07-24T14:45:00+05:30,58.655,58.72,58.585,58.59,205
2026-07-24T15:00:00+05:30,58.57,58.67,58.535,58.655,203
2026-07-24T15:15:00+05:30,58.655,58.725,58.595,58.715,161
2026-07-24T15:30:00+05:30,58.73,58.785,58.675,58.725,278
2026-07-24T15:45:00+05:30,58.715,58.92,58.685,58.84,448
2026-07-24T16:00:00+05:30,58.825,58.895,58.715,58.72,305
2026-07-24T16:15:00+05:30,58.71,58.775,58.64,58.665,269
2026-07-24T16:30:00+05:30,58.68,58.745,58.605,58.69,496
2026-07-24T16:45:00+05:30,58.705,58.74,58.655,58.675,157
2026-07-24T17:00:00+05:30,58.67,58.7,58.585,58.615,230
2026-07-24T17:15:00+05:30,58.605,58.835,58.5,58.73,613
2026-07-24T17:30:00+05:30,58.755,58.925,58.575,58.8,490
2026-07-24T17:45:00+05:30,58.8,58.935,58.705,58.89,512
2026-07-24T18:00:00+05:30,58.88,58.91,58.62,58.755,608
2026-07-24T18:15:00+05:30,58.745,58.8,58.555,58.7,687
2026-07-24T18:30:00+05:30,58.695,58.8,58.185,58.22,1809
2026-07-24T18:45:00+05:30,58.215,58.31,58.13,58.185,966
2026-07-24T19:00:00+05:30,58.175,58.43,58.13,58.28,951
2026-07-24T19:15:00+05:30,58.27,58.67,58.195,58.65,1165
2026-07-24T19:30:00+05:30,58.655,58.73,58.44,58.625,1105
2026-07-24T19:45:00+05:30,58.62,58.87,58.475,58.79,801
2026-07-24T20:00:00+05:30,58.795,58.975,58.645,58.74,1265
2026-07-24T20:15:00+05:30,58.74,58.91,58.675,58.765,572
2026-07-24T20:30:00+05:30,58.78,59.185,58.655,59.11,981
2026-07-24T20:45:00+05:30,59.11,59.29,58.985,59.12,1438
2026-07-24T21:00:00+05:30,59.125,59.245,59.05,59.05,816
2026-07-24T21:15:00+05:30,59.055,59.27,59.01,59.175,577
2026-07-24T21:30:00+05:30,59.175,59.215,59.07,59.1,386
2026-07-24T21:45:00+05:30,59.095,59.165,59.04,59.045,375
2026-07-24T22:00:00+05:30,59.04,59.06,58.895,58.94,679
2026-07-24T22:15:00+05:30,58.93,58.94,58.835,58.91,298
2026-07-24T22:30:00+05:30,58.91,58.96,58.755,58.82,516
2026-07-24T22:45:00+05:30,58.815,58.99,58.8,58.98,614
2026-07-24T23:00:00+05:30,58.975,59.055,58.945,58.96,368
2026-07-24T23:15:00+05:30,58.945,58.985,58.825,58.83,232
2026-07-24T23:30:00+05:30,58.835,58.89,58.78,58.82,245
2026-07-24T23:45:00+05:30,58.82,58.86,58.625,58.625,653
2026-07-25T00:00:00+05:30,58.63,58.695,58.48,58.49,549
2026-07-25T00:15:00+05:30,58.485,58.64,58.475,58.59,165
2026-07-25T00:30:00+05:30,58.59,58.62,58.47,58.47,173
2026-07-25T00:45:00+05:30,58.47,58.49,58.355,58.425,264
2026-07-25T01:00:00+05:30,58.415,58.58,58.405,58.565,298
2026-07-25T01:15:00+05:30,58.57,58.6,58.465,58.49,253
2026-07-25T01:30:00+05:30,58.495,58.515,58.375,58.415,151
2026-07-25T01:45:00+05:30,58.425,58.515,58.42,58.47,114
2026-07-25T02:00:00+05:30,58.47,58.55,58.42,58.55,116
2026-07-25T02:15:00+05:30,58.555,58.57,58.47,58.5,127
2026-07-27T03:30:00+05:30,59.75,60.03,59.695,59.825,705
2026-07-27T03:45:00+05:30,59.81,60.125,59.75,59.97,478
2026-07-27T04:00:00+05:30,59.945,60.19,59.87,60.165,387
2026-07-27T04:15:00+05:30,60.16,60.19,59.965,59.99,377
2026-07-27T04:30:00+05:30,59.99,60.035,59.765,59.79,313
2026-07-27T04:45:00+05:30,59.81,59.845,59.585,59.625,376
2026-07-27T05:00:00+05:30,59.62,59.8,59.62,59.8,187
2026-07-27T05:15:00+05:30,59.78,60.05,59.775,59.95,468
2026-07-27T05:30:00+05:30,59.965,60.395,59.95,60.395,995
2026-07-27T05:45:00+05:30,60.38,60.38,59.88,59.95,641
2026-07-27T06:00:00+05:30,59.965,60.09,59.905,59.925,325
2026-07-27T06:15:00+05:30,59.935,60.15,59.8,59.89,942
2026-07-27T06:30:00+05:30,59.885,60.095,59.855,60.035,1542
2026-07-27T06:45:00+05:30,60.06,60.075,59.78,59.855,431
2026-07-27T07:00:00+05:30,59.86,60.065,59.77,59.995,366
2026-07-27T07:15:00+05:30,60.035,60.1,59.925,60.1,272
2026-07-27T07:30:00+05:30,60.11,60.115,59.895,59.91,250
2026-07-27T07:45:00+05:30,59.925,59.98,59.86,59.905,176
2026-07-27T08:00:00+05:30,59.885,59.905,59.69,59.75,305
2026-07-27T08:15:00+05:30,59.75,59.77,59.61,59.615,345
2026-07-27T08:30:00+05:30,59.615,59.68,59.55,59.67,311
2026-07-27T08:45:00+05:30,59.665,59.73,59.565,59.57,245
2026-07-27T09:00:00+05:30,59.555,59.71,59.55,59.68,174
2026-07-27T09:15:00+05:30,59.66,59.665,59.555,59.58,88
2026-07-27T09:30:00+05:30,59.585,59.645,59.46,59.51,298
2026-07-27T09:45:00+05:30,59.52,59.53,59.43,59.485,156
2026-07-27T10:00:00+05:30,59.495,59.615,59.49,59.555,166
2026-07-27T10:15:00+05:30,59.57,59.615,59.535,59.59,85
2026-07-27T10:30:00+05:30,59.585,59.705,59.555,59.695,177
2026-07-27T10:45:00+05:30,59.7,59.7,59.52,59.54,148
2026-07-27T11:00:00+05:30,59.525,59.63,59.395,59.6,486
2026-07-27T11:15:00+05:30,59.61,59.73,59.5,59.715,247
2026-07-27T11:30:00+05:30,59.71,59.81,59.645,59.745,314
2026-07-27T11:45:00+05:30,59.745,59.825,59.665,59.825,296
2026-07-27T12:00:00+05:30,59.82,59.87,59.74,59.775,224
2026-07-27T12:15:00+05:30,59.77,59.775,59.665,59.72,216
2026-07-27T12:30:00+05:30,59.72,59.97,59.72,59.935,340
2026-07-27T12:45:00+05:30,59.93,60.1,59.88,59.99,439
2026-07-27T13:00:00+05:30,60.005,60.005,59.77,59.795,241
2026-07-27T13:15:00+05:30,59.79,59.835,59.47,59.47,390
2026-07-27T13:30:00+05:30,59.485,59.63,59.35,59.56,383
2026-07-27T13:45:00+05:30,59.565,59.585,59.475,59.5,140
2026-07-27T14:00:00+05:30,59.515,59.67,59.42,59.635,232
2026-07-27T14:15:00+05:30,59.645,59.735,59.615,59.715,218
2026-07-27T14:30:00+05:30,59.66,59.74,59.575,59.585,171
2026-07-27T14:45:00+05:30,59.595,59.635,59.505,59.52,177
2026-07-27T15:00:00+05:30,59.52,59.585,59.44,59.565,209
2026-07-27T15:15:00+05:30,59.575,59.685,59.565,59.57,197
2026-07-27T15:30:00+05:30,59.56,59.575,59.31,59.43,346
2026-07-27T15:45:00+05:30,59.43,59.49,59.405,59.425,106
2026-07-27T16:00:00+05:30,59.45,59.615,59.43,59.575,317
2026-07-27T16:15:00+05:30,59.585,59.655,59.535,59.54,150
2026-07-27T16:30:00+05:30,59.545,59.59,59.325,59.535,677
2026-07-27T16:45:00+05:30,59.545,59.555,59.435,59.445,208
2026-07-27T17:00:00+05:30,59.44,59.55,59.41,59.46,274
2026-07-27T17:15:00+05:30,59.475,59.485,59.3,59.35,321
2026-07-27T17:30:00+05:30,59.385,59.445,58.965,59.075,922
2026-07-27T17:45:00+05:30,59.11,59.215,59.035,59.125,471
2026-07-27T18:00:00+05:30,59.135,59.305,59.06,59.275,411
2026-07-27T18:15:00+05:30,59.28,59.33,59.18,59.23,608
2026-07-27T18:30:00+05:30,59.24,59.385,59.055,59.2,1117
2026-07-27T18:45:00+05:30,59.2,59.25,58.93,58.945,842
2026-07-27T19:00:00+05:30,58.955,59.255,58.915,59.245,1132
2026-07-27T19:15:00+05:30,59.245,59.295,58.72,58.83,1129
2026-07-27T19:30:00+05:30,58.83,58.98,58.74,58.965,901
2026-07-27T19:45:00+05:30,58.965,59.005,58.605,58.68,843
2026-07-27T20:00:00+05:30,58.685,58.76,58.555,58.7,957
2026-07-27T20:15:00+05:30,58.74,59.005,58.685,58.96,960
2026-07-27T20:30:00+05:30,58.965,58.99,58.815,58.92,434
2026-07-27T20:45:00+05:30,58.93,59.02,58.87,58.92,352
2026-07-27T21:00:00+05:30,58.925,58.955,58.785,58.855,460
2026-07-27T21:15:00+05:30,58.85,58.945,58.795,58.91,287
2026-07-27T21:30:00+05:30,58.92,59.06,58.875,59.04,427
2026-07-27T21:45:00+05:30,59.04,59.19,58.965,59.135,633
2026-07-27T22:00:00+05:30,59.14,59.28,59.075,59.105,586
2026-07-27T22:15:00+05:30,59.115,59.115,58.885,58.935,465
2026-07-27T22:30:00+05:30,58.935,58.935,58.68,58.76,529
2026-07-27T22:45:00+05:30,58.755,58.805,58.655,58.695,458
2026-07-27T23:00:00+05:30,58.715,58.765,58.675,58.725,237
2026-07-27T23:15:00+05:30,58.73,58.8,58.71,58.785,156
2026-07-27T23:30:00+05:30,58.79,58.805,58.64,58.65,268
2026-07-27T23:45:00+05:30,58.64,58.66,58.515,58.64,652
2026-07-28T00:00:00+05:30,58.63,58.68,58.51,58.57,714
2026-07-28T00:15:00+05:30,58.59,58.67,58.44,58.64,426
2026-07-28T00:30:00+05:30,58.655,58.76,58.58,58.7,257
2026-07-28T00:45:00+05:30,58.71,58.935,58.7,58.885,384
2026-07-28T01:00:00+05:30,58.875,58.93,58.83,58.885,236
2026-07-28T01:15:00+05:30,58.87,58.93,58.8,58.805,330
2026-07-28T01:30:00+05:30,58.825,58.83,58.77,58.81,135
2026-07-28T01:45:00+05:30,58.805,58.805,58.675,58.68,282
2026-07-28T02:00:00+05:30,58.685,58.745,58.67,58.73,107
2026-07-28T02:15:00+05:30,58.73,58.73,58.665,58.69,175
2026-07-28T03:30:00+05:30,58.745,58.84,58.67,58.725,182
2026-07-28T03:45:00+05:30,58.71,58.72,58.63,58.66,82
2026-07-28T04:00:00+05:30,58.64,58.685,58.64,58.665,67
2026-07-28T04:15:00+05:30,58.665,58.68,58.625,58.645,94
2026-07-28T04:30:00+05:30,58.64,58.67,58.57,58.64,148
2026-07-28T04:45:00+05:30,58.645,58.73,58.64,58.73,165
2026-07-28T05:00:00+05:30,58.715,58.715,58.605,58.63,65
2026-07-28T05:15:00+05:30,58.63,58.665,58.59,58.64,109
2026-07-28T05:30:00+05:30,58.65,58.695,58.295,58.45,613
2026-07-28T05:45:00+05:30,58.455,58.495,58.285,58.4,387
2026-07-28T06:00:00+05:30,58.39,58.46,58.295,58.4,241
2026-07-28T06:15:00+05:30,58.395,58.405,57.97,58.02,1065
2026-07-28T06:30:00+05:30,58.01,58.085,57.56,57.695,2242
2026-07-28T06:45:00+05:30,57.695,57.715,57.285,57.465,1201
2026-07-28T07:00:00+05:30,57.44,57.665,57.33,57.605,778
2026-07-28T07:15:00+05:30,57.6,57.615,57.38,57.49,487
2026-07-28T07:30:00+05:30,57.5,57.585,57.41,57.55,445
2026-07-28T07:45:00+05:30,57.535,57.68,57.485,57.505,397
2026-07-28T08:00:00+05:30,57.5,57.605,57.33,57.405,611
2026-07-28T08:15:00+05:30,57.39,57.6,57.375,57.49,342
2026-07-28T08:30:00+05:30,57.475,57.57,57.285,57.56,535
2026-07-28T08:45:00+05:30,57.56,57.635,57.505,57.52,346
2026-07-28T09:00:00+05:30,57.525,57.71,57.51,57.655,364
2026-07-28T09:15:00+05:30,57.66,57.725,57.56,57.6,303
2026-07-28T09:30:00+05:30,57.585,57.61,57.455,57.455,194
2026-07-28T09:45:00+05:30,57.465,57.555,57.42,57.465,174
2026-07-28T10:00:00+05:30,57.455,57.52,57.435,57.52,94
2026-07-28T10:15:00+05:30,57.525,57.535,57.365,57.395,227
2026-07-28T10:30:00+05:30,57.395,57.43,57.32,57.355,198
2026-07-28T10:45:00+05:30,57.38,57.405,57.125,57.225,563
2026-07-28T11:00:00+05:30,57.23,57.38,56.915,57.175,1484
2026-07-28T11:15:00+05:30,57.195,57.33,57.115,57.31,392
2026-07-28T11:30:00+05:30,57.315,57.515,57.305,57.46,831
2026-07-28T11:45:00+05:30,57.475,57.655,57.465,57.615,567
2026-07-28T12:00:00+05:30,57.61,57.79,57.535,57.69,499
2026-07-28T12:15:00+05:30,57.695,57.715,57.625,57.65,400
2026-07-28T12:30:00+05:30,57.645,57.71,57.54,57.575,338
2026-07-28T12:45:00+05:30,57.565,57.775,57.565,57.69,330
2026-07-28T13:00:00+05:30,57.685,57.7,57.585,57.64,207
2026-07-28T13:15:00+05:30,57.645,57.775,57.595,57.69,417
2026-07-28T13:30:00+05:30,57.7,57.91,57.565,57.585,654
2026-07-28T13:45:00+05:30,57.625,57.88,57.605,57.88,364
2026-07-28T14:00:00+05:30,57.885,57.89,57.76,57.795,262
2026-07-28T14:15:00+05:30,57.805,57.865,57.655,57.775,329
2026-07-28T14:30:00+05:30,57.775,57.815,57.705,57.73,225
2026-07-28T14:45:00+05:30,57.75,57.825,57.705,57.715,183
2026-07-28T15:00:00+05:30,57.72,57.72,57.455,57.53,685
2026-07-28T15:15:00+05:30,57.525,57.55,57.36,57.4,719
2026-07-28T15:30:00+05:30,57.38,57.52,57.355,57.495,470
2026-07-28T15:45:00+05:30,57.495,57.53,57.215,57.335,682
2026-07-28T16:00:00+05:30,57.325,57.445,57.3,57.38,418
2026-07-28T16:15:00+05:30,57.4,57.515,57.345,57.385,455
2026-07-28T16:30:00+05:30,57.395,57.445,57.31,57.32,536
2026-07-28T16:45:00+05:30,57.345,57.59,57.345,57.475,585
2026-07-28T17:00:00+05:30,57.465,57.65,57.45,57.515,341
2026-07-28T17:15:00+05:30,57.5,57.58,57.425,57.575,334
2026-07-28T17:30:00+05:30,57.575,57.64,57.475,57.59,462
2026-07-28T17:45:00+05:30,57.59,57.67,57.49,57.55,516
2026-07-28T18:00:00+05:30,57.56,57.695,57.395,57.62,1112
2026-07-28T18:15:00+05:30,57.615,57.745,57.465,57.54,824
2026-07-28T18:30:00+05:30,57.53,57.655,57.43,57.44,1142
2026-07-28T18:45:00+05:30,57.435,57.505,57.3,57.315,768
2026-07-28T19:00:00+05:30,57.315,57.415,56.98,57.09,1355
2026-07-28T19:15:00+05:30,57.09,57.115,56.935,57.075,1141
2026-07-28T19:30:00+05:30,57.065,57.515,57.065,57.29,1335
2026-07-28T19:45:00+05:30,57.305,57.32,56.86,57.215,1968
2026-07-28T20:00:00+05:30,57.205,57.285,57.085,57.225,998
2026-07-28T20:15:00+05:30,57.225,57.39,57.175,57.225,583
2026-07-28T20:30:00+05:30,57.24,57.535,57.145,57.475,1286
2026-07-28T20:45:00+05:30,57.475,57.6,57.415,57.43,1162
2026-07-28T21:00:00+05:30,57.43,57.59,57.375,57.565,586
2026-07-28T21:15:00+05:30,57.565,57.67,57.545,57.665,510
2026-07-28T21:30:00+05:30,57.66,57.77,57.605,57.74,508
2026-07-28T21:45:00+05:30,57.74,57.775,57.665,57.665,340
2026-07-28T22:00:00+05:30,57.665,57.705,57.565,57.565,342
2026-07-28T22:15:00+05:30,57.57,57.645,57.49,57.555,361
2026-07-28T22:30:00+05:30,57.555,57.61,57.475,57.5,342
2026-07-28T22:45:00+05:30,57.5,57.705,57.475,57.595,687
2026-07-28T23:00:00+05:30,57.585,57.59,57.325,57.33,466
2026-07-28T23:15:00+05:30,57.32,57.385,57.25,57.34,418
2026-07-28T23:30:00+05:30,57.345,57.395,57.315,57.345,260
2026-07-28T23:45:00+05:30,57.355,57.425,57.34,57.36,255
2026-07-29T00:00:00+05:30,57.355,57.38,57.285,57.355,132
2026-07-29T00:15:00+05:30,57.35,57.39,57.29,57.34,144
2026-07-29T00:30:00+05:30,57.355,57.485,57.33,57.405,199
2026-07-29T00:45:00+05:30,57.405,57.485,57.405,57.45,123
2026-07-29T01:00:00+05:30,57.46,57.525,57.415,57.465,215
2026-07-29T01:15:00+05:30,57.47,57.495,57.395,57.415,203
2026-07-29T01:30:00+05:30,57.415,57.415,57.3,57.325,167
2026-07-29T01:45:00+05:30,57.32,57.395,57.32,57.375,93
2026-07-29T02:00:00+05:30,57.38,57.39,57.275,57.36,171
2026-07-29T02:15:00+05:30,57.36,57.37,57.3,57.34,118
2026-07-29T03:30:00+05:30,57.41,57.425,57.315,57.32,120
2026-07-29T03:45:00+05:30,57.315,57.315,57.22,57.31,201
2026-07-29T04:00:00+05:30,57.3,57.3,57.07,57.195,269
2026-07-29T04:15:00+05:30,57.185,57.2,57.095,57.145,116
2026-07-29T04:30:00+05:30,57.135,57.2,57.105,57.16,164
2026-07-29T04:45:00+05:30,57.15,57.25,57.09,57.21,246
2026-07-29T05:00:00+05:30,57.23,57.34,57.2,57.33,77
2026-07-29T05:15:00+05:30,57.32,57.48,57.285,57.48,367
2026-07-29T05:30:00+05:30,57.48,57.51,57.32,57.4,350
2026-07-29T05:45:00+05:30,57.41,57.62,57.38,57.435,311
2026-07-29T06:00:00+05:30,57.44,57.545,57.4,57.515,139
2026-07-29T06:15:00+05:30,57.52,57.54,57.36,57.37,207
2026-07-29T06:30:00+05:30,57.365,57.395,57.165,57.205,949
2026-07-29T06:45:00+05:30,57.215,57.53,57.205,57.495,360
2026-07-29T07:00:00+05:30,57.48,57.87,57.38,57.72,1059
2026-07-29T07:15:00+05:30,57.74,57.76,57.48,57.72,489
2026-07-29T07:30:00+05:30,57.705,57.83,57.605,57.775,362
2026-07-29T07:45:00+05:30,57.795,57.98,57.74,57.93,280
2026-07-29T08:00:00+05:30,57.94,58.215,57.89,58.11,676
2026-07-29T08:15:00+05:30,58.125,58.14,57.87,57.875,333
2026-07-29T08:30:00+05:30,57.88,57.94,57.785,57.8,316
2026-07-29T08:45:00+05:30,57.8,57.81,57.65,57.695,342
2026-07-29T09:00:00+05:30,57.66,57.69,57.58,57.64,201
2026-07-29T09:15:00+05:30,57.64,57.725,57.565,57.6,132
2026-07-29T09:30:00+05:30,57.62,57.62,57.54,57.56,166
2026-07-29T09:45:00+05:30,57.555,57.67,57.525,57.595,231
2026-07-29T10:00:00+05:30,57.575,57.69,57.575,57.66,104
2026-07-29T10:15:00+05:30,57.655,57.72,57.605,57.69,166
2026-07-29T10:30:00+05:30,57.71,57.975,57.69,57.915,313
2026-07-29T10:45:00+05:30,57.895,57.98,57.82,57.975,200
2026-07-29T11:00:00+05:30,57.98,58.255,57.92,58.24,930
2026-07-29T11:15:00+05:30,58.245,58.255,57.945,57.99,491
2026-07-29T11:30:00+05:30,57.98,58.13,57.95,58.095,417
2026-07-29T11:45:00+05:30,58.09,58.2,58.03,58.115,290
2026-07-29T12:00:00+05:30,58.12,58.31,58.12,58.27,496
2026-07-29T12:15:00+05:30,58.285,58.365,58.205,58.36,424
2026-07-29T12:30:00+05:30,58.36,58.39,58.3,58.365,221
2026-07-29T12:45:00+05:30,58.355,58.455,58.34,58.445,292
2026-07-29T13:00:00+05:30,58.44,58.465,58.4,58.425,168
2026-07-29T13:15:00+05:30,58.435,58.435,58.295,58.32,382
2026-07-29T13:30:00+05:30,58.33,58.34,58.04,58.07,441
2026-07-29T13:45:00+05:30,58.075,58.145,57.975,58.035,308
2026-07-29T14:00:00+05:30,58.04,58.11,57.99,58.08,215
2026-07-29T14:15:00+05:30,58.08,58.185,58.07,58.12,300
2026-07-29T14:30:00+05:30,58.125,58.145,58.065,58.11,138
2026-07-29T14:45:00+05:30,58.12,58.145,58.055,58.06,115
2026-07-29T15:00:00+05:30,58.065,58.11,58.015,58.08,234
2026-07-29T15:15:00+05:30,58.075,58.09,57.92,57.955,260
2026-07-29T15:30:00+05:30,57.965,57.97,57.805,57.85,493
2026-07-29T15:45:00+05:30,57.835,57.85,57.735,57.795,330
2026-07-29T16:00:00+05:30,57.795,57.835,57.655,57.7,255
2026-07-29T16:15:00+05:30,57.69,57.73,57.605,57.645,285
2026-07-29T16:30:00+05:30,57.65,57.83,57.58,57.8,519
2026-07-29T16:45:00+05:30,57.81,57.935,57.79,57.925,286
2026-07-29T17:00:00+05:30,57.925,57.98,57.87,57.945,176
2026-07-29T17:15:00+05:30,57.94,57.99,57.84,57.88,308
2026-07-29T17:30:00+05:30,57.89,57.945,57.79,57.82,407
2026-07-29T17:45:00+05:30,57.815,57.83,57.15,57.195,1604
2026-07-29T18:00:00+05:30,57.18,57.53,57.07,57.44,973
2026-07-29T18:15:00+05:30,57.455,57.555,57.415,57.51,631
2026-07-29T18:30:00+05:30,57.51,57.73,57.305,57.335,1653
2026-07-29T18:45:00+05:30,57.335,57.6,57.305,57.455,975
2026-07-29T19:00:00+05:30,57.46,57.5,57.285,57.315,975
2026-07-29T19:15:00+05:30,57.29,57.32,57.055,57.18,880
2026-07-29T19:30:00+05:30,57.19,57.24,57.065,57.125,918
2026-07-29T19:45:00+05:30,57.15,57.47,57.12,57.29,1080
2026-07-29T20:00:00+05:30,57.28,57.365,57.065,57.085,705
2026-07-29T20:15:00+05:30,57.095,57.235,56.965,57.21,972
2026-07-29T20:30:00+05:30,57.23,57.3,57.125,57.205,427
2026-07-29T20:45:00+05:30,57.22,57.28,57.07,57.245,567
2026-07-29T21:00:00+05:30,57.265,57.33,57.195,57.25,447
2026-07-29T21:15:00+05:30,57.27,57.315,57.125,57.21,511
2026-07-29T21:30:00+05:30,57.22,57.265,57.05,57.05,638
2026-07-29T21:45:00+05:30,57.045,57.32,57.035,57.285,545
2026-07-29T22:00:00+05:30,57.29,57.31,57.235,57.28,374
2026-07-29T22:15:00+05:30,57.275,58.24,57.225,57.925,2272
2026-07-29T22:30:00+05:30,57.94,58.315,57.925,58.17,1577
2026-07-29T22:45:00+05:30,58.175,58.345,57.925,57.955,1693
2026-07-29T23:00:00+05:30,57.94,58.115,57.87,58.065,738
2026-07-29T23:15:00+05:30,58.07,58.195,58.06,58.155,438
2026-07-29T23:30:00+05:30,58.18,59.3,57.835,58.785,3146
2026-07-29T23:45:00+05:30,58.795,58.825,58.37,58.415,1581
2026-07-30T00:00:00+05:30,58.42,59.065,58.135,58.945,3020
2026-07-30T00:15:00+05:30,58.93,59.395,58.895,59.32,2192
2026-07-30T00:30:00+05:30,59.33,59.54,58.75,59.04,1747
2026-07-30T00:45:00+05:30,59.045,59.2,58.59,58.675,1018
2026-07-30T01:00:00+05:30,58.705,58.76,58.125,58.145,1153
2026-07-30T01:15:00+05:30,58.16,58.23,57.495,57.525,1257
2026-07-30T01:30:00+05:30,57.53,57.69,57.385,57.525,882
2026-07-30T01:45:00+05:30,57.5,57.61,57.315,57.585,486
2026-07-30T02:00:00+05:30,57.58,57.85,57.495,57.84,310
2026-07-30T02:15:00+05:30,57.82,57.935,57.785,57.905,217
2026-07-30T03:30:00+05:30,58,58.495,57.605,58.395,457
2026-07-30T03:45:00+05:30,58.405,58.415,58.28,58.345,254
2026-07-30T04:00:00+05:30,58.335,58.47,58.28,58.47,172
2026-07-30T04:15:00+05:30,58.47,58.565,58.435,58.54,273
2026-07-30T04:30:00+05:30,58.53,58.755,58.51,58.54,400
2026-07-30T04:45:00+05:30,58.55,58.615,58.495,58.555,180
2026-07-30T05:00:00+05:30,58.575,58.65,58.505,58.525,210
2026-07-30T05:15:00+05:30,58.525,58.625,58.435,58.44,237
2026-07-30T05:30:00+05:30,58.435,58.51,58.255,58.355,463
2026-07-30T05:45:00+05:30,58.355,58.425,58.115,58.215,472
2026-07-30T06:00:00+05:30,58.21,58.255,57.955,58.01,376
2026-07-30T06:15:00+05:30,58.025,58.235,57.995,58.17,874
2026-07-30T06:30:00+05:30,58.19,58.88,58.11,58.53,1882
2026-07-30T06:45:00+05:30,58.54,58.85,58.51,58.77,585
2026-07-30T07:00:00+05:30,58.765,58.9,58.705,58.77,527
2026-07-30T07:15:00+05:30,58.755,58.86,58.61,58.62,467
2026-07-30T07:30:00+05:30,58.63,58.76,58.465,58.485,405
2026-07-30T07:45:00+05:30,58.49,58.505,58.39,58.46,232
2026-07-30T08:00:00+05:30,58.47,58.48,57.98,58.095,1024
2026-07-30T08:15:00+05:30,58.09,58.19,57.915,57.945,424
2026-07-30T08:30:00+05:30,57.94,58.16,57.795,57.86,564
2026-07-30T08:45:00+05:30,57.87,57.895,57.565,57.62,594
2026-07-30T09:00:00+05:30,57.65,57.795,57.56,57.67,365
2026-07-30T09:15:00+05:30,57.69,57.795,57.69,57.765,219
2026-07-30T09:30:00+05:30,57.77,57.78,57.62,57.635,143
2026-07-30T09:45:00+05:30,57.635,57.69,57.555,57.68,259
2026-07-30T10:00:00+05:30,57.67,57.68,57.495,57.54,256
2026-07-30T10:15:00+05:30,57.515,57.64,57.325,57.41,391
2026-07-30T10:30:00+05:30,57.405,57.43,57.22,57.43,435
2026-07-30T10:45:00+05:30,57.43,57.535,57.2,57.525,448
2026-07-30T11:00:00+05:30,57.52,57.72,57.145,57.345,1877
2026-07-30T11:15:00+05:30,57.35,57.5,57.225,57.27,478
2026-07-30T11:30:00+05:30,57.285,57.4,57.245,57.295,346
2026-07-30T11:45:00+05:30,57.285,57.51,57.275,57.37,488
2026-07-30T12:00:00+05:30,57.35,57.535,57.31,57.44,424
2026-07-30T12:15:00+05:30,57.43,57.55,57.37,57.41,376
2026-07-30T12:30:00+05:30,57.385,57.775,57.37,57.715,543
2026-07-30T12:45:00+05:30,57.72,57.75,57.48,57.53,327
2026-07-30T13:00:00+05:30,57.52,57.52,57.28,57.48,389
2026-07-30T13:15:00+05:30,57.475,57.505,57.125,57.17,351
2026-07-30T13:30:00+05:30,57.155,57.62,57.12,57.565,673
2026-07-30T13:45:00+05:30,57.56,58.025,57.53,57.95,732
2026-07-30T14:00:00+05:30,57.955,58.09,57.795,57.82,591
2026-07-30T14:15:00+05:30,57.82,57.905,57.725,57.83,276
2026-07-30T14:30:00+05:30,57.84,58.05,57.835,57.97,463
2026-07-30T14:45:00+05:30,57.96,58.11,57.93,57.98,354
2026-07-30T15:00:00+05:30,57.99,58.175,57.905,58.07,539
2026-07-30T15:15:00+05:30,58.07,58.195,57.95,57.965,342
2026-07-30T15:30:00+05:30,57.955,58.215,57.94,58.09,411
2026-07-30T15:45:00+05:30,58.085,58.37,58.075,58.315,598
2026-07-30T16:00:00+05:30,58.32,58.475,58.28,58.43,563
2026-07-30T16:15:00+05:30,58.43,58.5,58.28,58.28,435
2026-07-30T16:30:00+05:30,58.285,58.35,58.205,58.22,716
2026-07-30T16:45:00+05:30,58.21,58.37,58.21,58.265,371
2026-07-30T17:00:00+05:30,58.295,58.325,58.23,58.29,247
2026-07-30T17:15:00+05:30,58.285,58.38,58.23,58.34,230
2026-07-30T17:30:00+05:30,58.345,58.56,58.27,58.53,663
2026-07-30T17:45:00+05:30,58.53,58.535,58.23,58.4,639
2026-07-30T18:00:00+05:30,58.41,58.545,58.135,58.21,1283
2026-07-30T18:15:00+05:30,58.225,58.365,58.11,58.22,897
2026-07-30T18:30:00+05:30,58.235,58.34,58.025,58.3,1769
2026-07-30T18:45:00+05:30,58.305,58.345,58.055,58.185,802
2026-07-30T19:00:00+05:30,58.175,58.53,58.01,58.275,2397
2026-07-30T19:15:00+05:30,58.28,58.79,58.16,58.755,2203
2026-07-30T19:30:00+05:30,58.75,58.865,58.33,58.37,2811
2026-07-30T19:45:00+05:30,58.36,58.47,58.155,58.365,1707
2026-07-30T20:00:00+05:30,58.36,58.7,58.32,58.655,1076
2026-07-30T20:15:00+05:30,58.665,58.695,58.42,58.585,796
2026-07-30T20:30:00+05:30,58.57,58.625,58.3,58.345,881
2026-07-30T20:45:00+05:30,58.34,58.775,58.325,58.63,913
2026-07-30T21:00:00+05:30,58.63,58.83,58.56,58.8,641
2026-07-30T21:15:00+05:30,58.795,58.895,58.76,58.835,661
2026-07-30T21:30:00+05:30,58.845,59.17,58.835,59.07,1254
2026-07-30T21:45:00+05:30,59.07,59.205,59.035,59.095,633
2026-07-30T22:00:00+05:30,59.1,59.11,58.875,58.89,690
2026-07-30T22:15:00+05:30,58.89,58.96,58.8,58.96,490
2026-07-30T22:30:00+05:30,58.95,58.98,58.805,58.825,512
2026-07-30T22:45:00+05:30,58.83,59.05,58.775,58.92,729
2026-07-30T23:00:00+05:30,58.925,59.105,58.88,59.065,574
2026-07-30T23:15:00+05:30,59.07,59.11,58.955,59,258
2026-07-30T23:30:00+05:30,59.01,59.175,59.005,59.15,306
2026-07-30T23:45:00+05:30,59.16,59.17,59.03,59.115,308
2026-07-31T00:00:00+05:30,59.11,59.24,59.1,59.155,227
2026-07-31T00:15:00+05:30,59.155,59.16,59.055,59.09,271
2026-07-31T00:30:00+05:30,59.085,59.32,59.07,59.29,415
2026-07-31T00:45:00+05:30,59.29,59.495,59.24,59.43,447
2026-07-31T01:00:00+05:30,59.42,59.5,59.35,59.415,381
2026-07-31T01:15:00+05:30,59.43,59.465,59.405,59.43,257
2026-07-31T01:30:00+05:30,59.435,59.57,59.415,59.5,350
2026-07-31T01:45:00+05:30,59.495,59.535,59.405,59.415,181
2026-07-31T02:00:00+05:30,59.425,59.435,59.26,59.26,213
2026-07-31T02:15:00+05:30,59.26,59.275,59.15,59.265,279
2026-07-31T03:30:00+05:30,59.255,59.345,59.235,59.32,130
2026-07-31T03:45:00+05:30,59.315,59.345,59.27,59.295,52
2026-07-31T04:00:00+05:30,59.305,59.325,59.265,59.315,62
2026-07-31T04:15:00+05:30,59.33,59.335,59.295,59.3,46
2026-07-31T04:30:00+05:30,59.32,59.365,59.235,59.245,127
2026-07-31T04:45:00+05:30,59.24,59.3,59.2,59.265,122
2026-07-31T05:00:00+05:30,59.26,59.375,59.26,59.35,78
2026-07-31T05:15:00+05:30,59.36,59.415,59.31,59.31,163
2026-07-31T05:30:00+05:30,59.33,59.4,59.245,59.355,248
2026-07-31T05:45:00+05:30,59.36,59.365,59.215,59.22,214
2026-07-31T06:00:00+05:30,59.23,59.28,59.075,59.17,362
2026-07-31T06:15:00+05:30,59.165,59.17,59.03,59.105,416
2026-07-31T06:30:00+05:30,59.1,59.385,59.005,59.015,921
2026-07-31T06:45:00+05:30,59.01,59.06,58.915,59.015,405
2026-07-31T07:00:00+05:30,59.02,59.02,58.86,58.89,274
2026-07-31T07:15:00+05:30,58.875,59.025,58.875,58.935,270
2026-07-31T07:30:00+05:30,58.935,59.08,58.875,58.975,314
2026-07-31T07:45:00+05:30,58.98,58.98,58.825,58.855,214
2026-07-31T08:00:00+05:30,58.845,58.955,58.75,58.76,328
2026-07-31T08:15:00+05:30,58.765,58.8,58.675,58.765,313
2026-07-31T08:30:00+05:30,58.725,58.74,58.56,58.575,282
2026-07-31T08:45:00+05:30,58.595,58.65,58.535,58.635,238
2026-07-31T09:00:00+05:30,58.64,58.695,58.63,58.66,167
2026-07-31T09:15:00+05:30,58.67,58.69,58.59,58.59,119
2026-07-31T09:30:00+05:30,58.59,58.7,58.575,58.695,125
2026-07-31T09:45:00+05:30,58.68,58.755,58.68,58.75,171
2026-07-31T10:00:00+05:30,58.76,58.845,58.74,58.81,144
2026-07-31T10:15:00+05:30,58.815,58.88,58.745,58.88,159
2026-07-31T10:30:00+05:30,58.88,58.995,58.855,58.87,213
2026-07-31T10:45:00+05:30,58.88,58.905,58.82,58.865,93
2026-07-31T11:00:00+05:30,58.865,58.885,58.69,58.705,427
2026-07-31T11:15:00+05:30,58.7,58.7,58.475,58.565,528
2026-07-31T11:30:00+05:30,58.58,58.75,58.5,58.715,369
2026-07-31T11:45:00+05:30,58.705,58.815,58.64,58.8,300
2026-07-31T12:00:00+05:30,58.785,58.785,58.545,58.55,299
2026-07-31T12:15:00+05:30,58.555,58.61,58.46,58.505,389
2026-07-31T12:30:00+05:30,58.5,58.5,58.27,58.37,430
2026-07-31T12:45:00+05:30,58.38,58.465,58.33,58.38,343
2026-07-31T13:00:00+05:30,58.38,58.57,58.35,58.535,322
2026-07-31T13:15:00+05:30,58.55,58.62,58.455,58.455,365
2026-07-31T13:30:00+05:30,58.455,58.47,58.325,58.42,379
2026-07-31T13:45:00+05:30,58.44,58.525,58.285,58.295,345
2026-07-31T14:00:00+05:30,58.285,58.38,58.215,58.33,388
2026-07-31T14:15:00+05:30,58.325,58.425,58.29,58.365,319
2026-07-31T14:30:00+05:30,58.37,58.43,58.22,58.31,445
2026-07-31T14:45:00+05:30,58.31,58.34,58.205,58.25,253
2026-07-31T15:00:00+05:30,58.23,58.265,58.1,58.225,299
2026-07-31T15:15:00+05:30,58.215,58.28,58.155,58.185,125
2026-07-31T15:30:00+05:30,58.19,58.285,58.155,58.235,202
2026-07-31T15:45:00+05:30,58.225,58.23,58.135,58.17,129
2026-07-31T16:00:00+05:30,58.16,58.275,58.15,58.25,170
2026-07-31T16:15:00+05:30,58.245,58.28,58.07,58.095,301
2026-07-31T16:30:00+05:30,58.105,58.225,57.96,58.185,647
2026-07-31T16:45:00+05:30,58.195,58.29,58.1,58.195,327
2026-07-31T17:00:00+05:30,58.2,58.2,57.87,57.935,433
2026-07-31T17:15:00+05:30,57.925,58.1,57.91,58.06,297
2026-07-31T17:30:00+05:30,58.065,58.145,57.94,58.045,387
2026-07-31T17:45:00+05:30,58.035,58.09,57.835,57.855,646
2026-07-31T18:00:00+05:30,57.845,58.01,57.705,57.925,771
2026-07-31T18:15:00+05:30,57.925,57.995,57.825,57.845,678
2026-07-31T18:30:00+05:30,57.845,57.935,57.47,57.525,2620
2026-07-31T18:45:00+05:30,57.515,57.745,57.4,57.72,1195
2026-07-31T19:00:00+05:30,57.71,57.745,57.28,57.385,1632
2026-07-31T19:15:00+05:30,57.37,57.565,57.305,57.41,1085
2026-07-31T19:30:00+05:30,57.39,57.57,57.2,57.43,1335
2026-07-31T19:45:00+05:30,57.425,57.605,57.355,57.545,887
2026-07-31T20:00:00+05:30,57.535,57.685,57.5,57.665,572
2026-07-31T20:15:00+05:30,57.66,57.89,57.645,57.705,980
2026-07-31T20:30:00+05:30,57.705,57.8,57.61,57.75,714
2026-07-31T20:45:00+05:30,57.75,57.88,57.53,57.55,634
2026-07-31T21:00:00+05:30,57.55,57.68,57.45,57.63,516
2026-07-31T21:15:00+05:30,57.625,57.72,57.56,57.68,399
2026-07-31T21:30:00+05:30,57.67,57.7,57.54,57.61,318
2026-07-31T21:45:00+05:30,57.63,57.73,57.57,57.705,290
2026-07-31T22:00:00+05:30,57.715,57.835,57.62,57.65,528
2026-07-31T22:15:00+05:30,57.63,57.71,57.62,57.675,225
2026-07-31T22:30:00+05:30,57.665,57.735,57.59,57.735,364
2026-07-31T22:45:00+05:30,57.73,58.015,57.715,57.97,819
2026-07-31T23:00:00+05:30,57.965,58.1,57.93,58.02,655
2026-07-31T23:15:00+05:30,58.02,58.125,57.97,58.075,385
2026-07-31T23:30:00+05:30,58.085,58.135,57.975,58.015,358
2026-07-31T23:45:00+05:30,58.01,58.105,57.97,58.065,319
2026-08-01T00:00:00+05:30,58.06,58.135,58.01,58.095,213
2026-08-01T00:15:00+05:30,58.09,58.155,58.05,58.145,168
2026-08-01T00:30:00+05:30,58.135,58.195,58.07,58.105,223
2026-08-01T00:45:00+05:30,58.09,58.17,58.09,58.14,131
2026-08-01T01:00:00+05:30,58.145,58.15,58.02,58.135,290
2026-08-01T01:15:00+05:30,58.14,58.195,58.105,58.135,381
2026-08-01T01:30:00+05:30,58.14,58.16,57.925,57.975,250
2026-08-01T01:45:00+05:30,57.985,58.04,57.975,57.995,108
2026-08-01T02:00:00+05:30,57.995,58.115,57.97,57.995,210
2026-08-01T02:15:00+05:30,57.995,58.09,57.735,57.74,463
2026-08-03T03:30:00+05:30,58.64,58.88,58.45,58.645,927
2026-08-03T03:45:00+05:30,58.625,58.645,58.475,58.595,319
2026-08-03T04:00:00+05:30,58.605,58.69,58.59,58.66,212
2026-08-03T04:15:00+05:30,58.66,58.665,58.54,58.54,184
2026-08-03T04:30:00+05:30,58.545,58.57,58.375,58.47,310
2026-08-03T04:45:00+05:30,58.45,58.55,58.43,58.525,164
2026-08-03T05:00:00+05:30,58.53,58.53,58.415,58.46,148
2026-08-03T05:15:00+05:30,58.45,58.51,58.405,58.51,200
2026-08-03T05:30:00+05:30,58.515,58.61,58.32,58.38,440
2026-08-03T05:45:00+05:30,58.38,58.45,58.14,58.215,475
2026-08-03T06:00:00+05:30,58.22,58.36,58.075,58.135,559
2026-08-03T06:15:00+05:30,58.13,58.25,58.105,58.155,528
2026-08-03T06:30:00+05:30,58.165,58.54,58.01,58.265,1432
2026-08-03T06:45:00+05:30,58.28,58.425,58.165,58.35,434
2026-08-03T07:00:00+05:30,58.355,58.44,58.25,58.365,346
2026-08-03T07:15:00+05:30,58.365,58.455,58.25,58.4,353
2026-08-03T07:30:00+05:30,58.4,58.495,58.275,58.34,389
2026-08-03T07:45:00+05:30,58.315,58.415,58.215,58.34,228
2026-08-03T08:00:00+05:30,58.35,58.38,58.13,58.28,515
2026-08-03T08:15:00+05:30,58.26,58.405,58.23,58.32,353
2026-08-03T08:30:00+05:30,58.33,58.455,58.325,58.385,290
2026-08-03T08:45:00+05:30,58.38,58.48,58.28,58.34,464
2026-08-03T09:00:00+05:30,58.34,58.43,58.305,58.35,137
2026-08-03T09:15:00+05:30,58.33,58.445,58.32,58.435,105
2026-08-03T09:30:00+05:30,58.435,58.54,58.415,58.45,232
2026-08-03T09:45:00+05:30,58.455,58.595,58.455,58.575,221
2026-08-03T10:00:00+05:30,58.575,58.76,58.575,58.755,324
2026-08-03T10:15:00+05:30,58.75,58.77,58.485,58.5,270
2026-08-03T10:30:00+05:30,58.5,58.545,58.335,58.365,329
2026-08-03T10:45:00+05:30,58.355,58.44,58.275,58.335,321
2026-08-03T11:00:00+05:30,58.325,58.325,57.97,58.175,976
2026-08-03T11:15:00+05:30,58.155,58.36,58.1,58.35,428
2026-08-03T11:30:00+05:30,58.36,58.41,58.28,58.335,366
2026-08-03T11:45:00+05:30,58.335,58.805,58.32,58.56,1017
2026-08-03T12:00:00+05:30,58.56,58.57,58.355,58.39,437
2026-08-03T12:15:00+05:30,58.385,58.45,58.3,58.31,404
2026-08-03T12:30:00+05:30,58.315,58.36,58.145,58.195,407
2026-08-03T12:45:00+05:30,58.19,58.245,57.99,58.21,640
2026-08-03T13:00:00+05:30,58.22,58.36,58.215,58.3,309
2026-08-03T13:15:00+05:30,58.32,58.555,58.32,58.475,399
2026-08-03T13:30:00+05:30,58.48,58.49,58.365,58.45,338
2026-08-03T13:45:00+05:30,58.455,58.465,58.36,58.4,261
2026-08-03T14:00:00+05:30,58.385,58.58,58.37,58.52,342
2026-08-03T14:15:00+05:30,58.495,58.575,58.49,58.53,190
2026-08-03T14:30:00+05:30,58.54,58.59,58.48,58.575,212
2026-08-03T14:45:00+05:30,58.565,58.6,58.37,58.395,420
2026-08-03T15:00:00+05:30,58.395,58.405,58.275,58.38,475
2026-08-03T15:15:00+05:30,58.375,58.455,58.35,58.405,247
2026-08-03T15:30:00+05:30,58.405,58.41,58.28,58.36,270
2026-08-03T15:45:00+05:30,58.365,58.375,58.225,58.275,248
2026-08-03T16:00:00+05:30,58.265,58.265,58.105,58.13,316
2026-08-03T16:15:00+05:30,58.13,58.195,58.075,58.15,331
2026-08-03T16:30:00+05:30,58.17,58.18,58.05,58.145,480
2026-08-03T16:45:00+05:30,58.15,58.15,57.995,58.055,393
2026-08-03T17:00:00+05:30,58.05,58.13,57.935,58.12,578
2026-08-03T17:15:00+05:30,58.13,58.25,58.035,58.19,419
2026-08-03T17:30:00+05:30,58.185,58.24,57.935,58.035,582
2026-08-03T17:45:00+05:30,58.025,58.05,57.82,57.84,520
2026-08-03T18:00:00+05:30,57.83,57.905,57.66,57.705,1034
2026-08-03T18:15:00+05:30,57.71,57.745,57.605,57.635,844
2026-08-03T18:30:00+05:30,57.64,57.875,56.89,56.945,4911
2026-08-03T18:45:00+05:30,56.95,57.015,56.77,56.88,2839
2026-08-03T19:00:00+05:30,56.88,57.14,56.725,57.075,2559
2026-08-03T19:15:00+05:30,57.075,57.345,56.995,57.275,1452
2026-08-03T19:30:00+05:30,57.275,57.46,57.13,57.42,1310
2026-08-03T19:45:00+05:30,57.405,57.43,57.26,57.275,566
2026-08-03T20:00:00+05:30,57.265,57.445,57.245,57.43,636
2026-08-03T20:15:00+05:30,57.415,57.515,57.3,57.48,698
2026-08-03T20:30:00+05:30,57.48,57.655,57.38,57.545,899
2026-08-03T20:45:00+05:30,57.55,57.625,57.37,57.435,775
2026-08-03T21:00:00+05:30,57.435,57.585,57.34,57.555,497
2026-08-03T21:15:00+05:30,57.56,57.695,57.56,57.63,479
2026-08-03T21:30:00+05:30,57.635,57.67,57.545,57.615,326
2026-08-03T21:45:00+05:30,57.615,57.715,57.58,57.65,378
2026-08-03T22:00:00+05:30,57.655,57.93,57.64,57.83,810
2026-08-03T22:15:00+05:30,57.83,57.955,57.79,57.855,474
2026-08-03T22:30:00+05:30,57.855,57.885,57.74,57.82,427
2026-08-03T22:45:00+05:30,57.82,57.97,57.805,57.845,575
2026-08-03T23:00:00+05:30,57.855,57.99,57.845,57.96,311
2026-08-03T23:15:00+05:30,57.965,57.975,57.825,57.825,349
2026-08-03T23:30:00+05:30,57.83,58.13,57.8,58.01,699
2026-08-03T23:45:00+05:30,58.02,58.1,58.015,58.08,292
2026-08-04T00:00:00+05:30,58.075,58.125,58.04,58.115,244
2026-08-04T00:15:00+05:30,58.11,58.145,58.075,58.105,225
2026-08-04T00:30:00+05:30,58.1,58.24,58.1,58.205,426
2026-08-04T00:45:00+05:30,58.21,58.39,58.2,58.32,331
2026-08-04T01:00:00+05:30,58.31,58.415,58.28,58.31,304
2026-08-04T01:15:00+05:30,58.305,58.355,58.235,58.26,439
2026-08-04T01:30:00+05:30,58.26,58.26,58.19,58.25,231
2026-08-04T01:45:00+05:30,58.25,58.325,58.245,58.31,121
2026-08-04T02:00:00+05:30,58.32,58.41,58.32,58.39,181
2026-08-04T02:15:00+05:30,58.385,58.415,58.345,58.39,172
2026-08-04T03:30:00+05:30,58.33,58.43,58.195,58.26,179
2026-08-04T03:45:00+05:30,58.28,58.31,58.265,58.3,43
2026-08-04T04:00:00+05:30,58.3,58.37,58.3,58.34,74
2026-08-04T04:15:00+05:30,58.345,58.375,58.325,58.355,72
2026-08-04T04:30:00+05:30,58.365,58.375,58.315,58.335,186
2026-08-04T04:45:00+05:30,58.325,58.36,58.285,58.305,140
2026-08-04T05:00:00+05:30,58.31,58.32,58.285,58.305,100
2026-08-04T05:15:00+05:30,58.3,58.48,58.295,58.46,230
2026-08-04T05:30:00+05:30,58.465,58.775,58.43,58.6,692
2026-08-04T05:45:00+05:30,58.605,58.62,58.51,58.54,261
2026-08-04T06:00:00+05:30,58.535,58.575,58.465,58.47,208
2026-08-04T06:15:00+05:30,58.47,58.475,58.32,58.34,580
2026-08-04T06:30:00+05:30,58.34,58.46,58.175,58.32,1268
2026-08-04T06:45:00+05:30,58.36,58.555,58.3,58.55,424
2026-08-04T07:00:00+05:30,58.555,58.96,58.54,58.87,1173
2026-08-04T07:15:00+05:30,58.87,59.05,58.835,58.88,794
2026-08-04T07:30:00+05:30,58.885,58.93,58.765,58.865,578
2026-08-04T07:45:00+05:30,58.88,58.965,58.86,58.885,239
2026-08-04T08:00:00+05:30,58.9,59.04,58.805,59.02,575
2026-08-04T08:15:00+05:30,59.035,59.04,58.855,58.865,345
2026-08-04T08:30:00+05:30,58.86,58.965,58.82,58.875,418
2026-08-04T08:45:00+05:30,58.875,59.045,58.865,58.975,459
2026-08-04T09:00:00+05:30,58.965,58.99,58.85,58.855,270
2026-08-04T09:15:00+05:30,58.85,58.945,58.845,58.9,157
2026-08-04T09:30:00+05:30,58.88,59.005,58.87,58.995,173
2026-08-04T09:45:00+05:30,59.005,59.145,58.975,59.125,339
2026-08-04T10:00:00+05:30,59.13,59.19,59.12,59.16,232
2026-08-04T10:15:00+05:30,59.14,59.26,59.14,59.175,391
2026-08-04T10:30:00+05:30,59.195,59.195,58.955,58.98,339
2026-08-04T10:45:00+05:30,58.985,59.18,58.965,59.15,280
2026-08-04T11:00:00+05:30,59.15,59.26,59.025,59.14,610
2026-08-04T11:15:00+05:30,59.135,59.245,59.12,59.205,347
2026-08-04T11:30:00+05:30,59.22,59.385,59.215,59.29,699
2026-08-04T11:45:00+05:30,59.275,59.275,59.125,59.145,430
2026-08-04T12:00:00+05:30,59.145,59.145,59.02,59.115,364
2026-08-04T12:15:00+05:30,59.12,59.155,59.075,59.15,286
2026-08-04T12:30:00+05:30,59.145,59.28,59.14,59.17,470
2026-08-04T12:45:00+05:30,59.18,59.29,59.165,59.23,288
2026-08-04T13:00:00+05:30,59.225,59.33,59.11,59.125,373
2026-08-04T13:15:00+05:30,59.135,59.23,59.12,59.2,159
2026-08-04T13:30:00+05:30,59.205,59.385,59.175,59.27,404
2026-08-04T13:45:00+05:30,59.26,59.295,59.12,59.16,251
2026-08-04T14:00:00+05:30,59.16,59.205,59.08,59.12,546
2026-08-04T14:15:00+05:30,59.11,59.115,58.96,58.965,712
2026-08-04T14:30:00+05:30,58.975,58.98,58.795,58.84,555
2026-08-04T14:45:00+05:30,58.84,58.98,58.815,58.94,583
2026-08-04T15:00:00+05:30,58.95,59.02,58.9,59.01,374
2026-08-04T15:15:00+05:30,59.015,59.02,58.88,58.965,278
2026-08-04T15:30:00+05:30,58.965,58.965,58.855,58.865,211
2026-08-04T15:45:00+05:30,58.87,58.93,58.83,58.88,204
2026-08-04T16:00:00+05:30,58.89,59.035,58.77,58.995,678
2026-08-04T16:15:00+05:30,58.985,59.26,58.98,59.01,1335
2026-08-04T16:30:00+05:30,59.01,59.14,58.96,59.09,588
2026-08-04T16:45:00+05:30,59.1,59.295,59.1,59.295,416
2026-08-04T17:00:00+05:30,59.3,59.5,59.18,59.475,1078
2026-08-04T17:15:00+05:30,59.46,59.72,59.405,59.69,1790
2026-08-04T17:30:00+05:30,59.69,59.73,59.37,59.43,1320
2026-08-04T17:45:00+05:30,59.435,59.8,59.37,59.795,1048
2026-08-04T18:00:00+05:30,59.8,60.175,59.8,59.915,2069
2026-08-04T18:15:00+05:30,59.91,60.1,59.855,60.09,1459
2026-08-04T18:30:00+05:30,60.085,60.11,59.64,59.725,2383
2026-08-04T18:45:00+05:30,59.715,60.07,59.57,59.955,1937
2026-08-04T19:00:00+05:30,59.95,60.24,59.83,59.965,2440
2026-08-04T19:15:00+05:30,59.965,60.125,59.9,59.95,1231
2026-08-04T19:30:00+05:30,59.91,60.075,59.815,60.065,926
2026-08-04T19:45:00+05:30,60.07,60.1,59.69,59.76,1223
2026-08-04T20:00:00+05:30,59.755,59.77,59.52,59.64,1575
2026-08-04T20:15:00+05:30,59.62,59.785,59.585,59.755,778
2026-08-04T20:30:00+05:30,59.76,59.835,59.71,59.75,501
2026-08-04T20:45:00+05:30,59.755,59.78,59.54,59.635,587
2026-08-04T21:00:00+05:30,59.64,59.93,59.61,59.91,1017
2026-08-04T21:15:00+05:30,59.91,60.03,59.87,59.955,565
2026-08-04T21:30:00+05:30,59.95,60,59.89,59.9,425
2026-08-04T21:45:00+05:30,59.91,60.125,59.84,60.03,640
2026-08-04T22:00:00+05:30,60.03,60.065,59.95,60.065,409
2026-08-04T22:15:00+05:30,60.055,60.12,60.02,60.05,422
2026-08-04T22:30:00+05:30,60.045,60.225,59.99,60.185,891
2026-08-04T22:45:00+05:30,60.19,60.285,60.1,60.11,919
2026-08-04T23:00:00+05:30,60.11,60.19,60.05,60.155,376
2026-08-04T23:15:00+05:30,60.165,60.17,60.02,60.035,550
2026-08-04T23:30:00+05:30,60.03,60.05,59.92,59.98,559
2026-08-04T23:45:00+05:30,59.985,60.065,59.94,59.97,316
2026-08-05T00:00:00+05:30,59.96,59.985,59.765,59.81,451
2026-08-05T00:15:00+05:30,59.805,59.925,59.8,59.835,314
2026-08-05T00:30:00+05:30,59.845,59.93,59.82,59.845,200
2026-08-05T00:45:00+05:30,59.865,59.945,59.805,59.825,270
2026-08-05T01:00:00+05:30,59.845,59.935,59.795,59.9,293
2026-08-05T01:15:00+05:30,59.89,59.915,59.745,59.795,474
2026-08-05T01:30:00+05:30,59.79,59.86,59.78,59.82,253
2026-08-05T01:45:00+05:30,59.815,59.815,59.69,59.72,400
2026-08-05T02:00:00+05:30,59.72,59.775,59.705,59.755,237
2026-08-05T02:15:00+05:30,59.75,59.79,59.73,59.765,299
2026-08-05T03:30:00+05:30,59.765,59.835,59.69,59.755,225
2026-08-05T03:45:00+05:30,59.77,59.785,59.745,59.785,125
2026-08-05T04:00:00+05:30,59.775,59.825,59.77,59.79,171
2026-08-05T04:15:00+05:30,59.795,59.795,59.705,59.715,113
2026-08-05T04:30:00+05:30,59.725,59.73,59.63,59.705,313
2026-08-05T04:45:00+05:30,59.705,59.73,59.65,59.675,120
2026-08-05T05:00:00+05:30,59.665,59.685,59.62,59.64,151
2026-08-05T05:15:00+05:30,59.66,59.695,59.62,59.665,117
2026-08-05T05:30:00+05:30,59.67,59.735,59.635,59.67,245
2026-08-05T05:45:00+05:30,59.65,59.855,59.64,59.84,326
2026-08-05T06:00:00+05:30,59.84,59.935,59.805,59.81,383
2026-08-05T06:15:00+05:30,59.82,59.945,59.79,59.92,323
2026-08-05T06:30:00+05:30,59.92,60.01,59.8,59.91,828
2026-08-05T06:45:00+05:30,59.89,59.93,59.76,59.795,299
2026-08-05T07:00:00+05:30,59.805,60.1,59.75,60.085,526
2026-08-05T07:15:00+05:30,60.09,60.15,60.015,60.135,331
2026-08-05T07:30:00+05:30,60.135,60.14,60.005,60.07,306
2026-08-05T07:45:00+05:30,60.08,60.17,60.045,60.135,291
2026-08-05T08:00:00+05:30,60.135,60.885,60.07,60.795,1815
2026-08-05T08:15:00+05:30,60.795,61.095,60.76,60.94,1519
2026-08-05T08:30:00+05:30,60.95,61.21,60.875,61.145,923
2026-08-05T08:45:00+05:30,61.16,61.17,61.035,61.045,445
2026-08-05T09:00:00+05:30,61.045,61.085,60.96,60.985,307
2026-08-05T09:15:00+05:30,60.985,61.04,60.98,61.01,189
2026-08-05T09:30:00+05:30,61.015,61.12,60.99,61.04,351
2026-08-05T09:45:00+05:30,61.045,61.135,61.03,61.085,238
2026-08-05T10:00:00+05:30,61.09,61.13,60.99,61.01,224
2026-08-05T10:15:00+05:30,61.005,61.035,60.935,61.03,212
2026-08-05T10:30:00+05:30,61.02,61.065,61,61.065,148
2026-08-05T10:45:00+05:30,61.065,61.24,61.035,61.215,344
2026-08-05T11:00:00+05:30,61.21,61.635,61.21,61.62,1597
2026-08-05T11:15:00+05:30,61.605,61.9,61.6,61.7,1313
2026-08-05T11:30:00+05:30,61.69,61.83,61.63,61.79,680
2026-08-05T11:45:00+05:30,61.78,61.805,61.655,61.78,586
2026-08-05T12:00:00+05:30,61.765,62.18,61.745,62.11,1100
2026-08-05T12:15:00+05:30,62.11,62.16,62.015,62.08,695
2026-08-05T12:30:00+05:30,62.105,62.18,61.905,61.93,1060
2026-08-05T12:45:00+05:30,61.94,62.115,61.855,61.87,834
2026-08-05T13:00:00+05:30,61.875,62.08,61.84,61.995,594
2026-08-05T13:15:00+05:30,62,62.14,61.96,62.125,273
2026-08-05T13:30:00+05:30,62.115,62.13,61.88,61.885,521
2026-08-05T13:45:00+05:30,61.9,61.9,61.7,61.8,625
2026-08-05T14:00:00+05:30,61.805,61.94,61.715,61.815,562
2026-08-05T14:15:00+05:30,61.825,61.83,61.665,61.72,377
2026-08-05T14:30:00+05:30,61.725,61.905,61.72,61.845,541
2026-08-05T14:45:00+05:30,61.835,61.835,61.655,61.675,407
2026-08-05T15:00:00+05:30,61.68,61.83,61.64,61.78,321
2026-08-05T15:15:00+05:30,61.78,61.79,61.645,61.685,416
2026-08-05T15:30:00+05:30,61.7,61.715,61.46,61.48,524
2026-08-05T15:45:00+05:30,61.48,61.615,61.44,61.47,425
2026-08-05T16:00:00+05:30,61.47,61.505,61.36,61.375,279
2026-08-05T16:15:00+05:30,61.39,61.55,61.335,61.505,457
2026-08-05T16:30:00+05:30,61.515,61.845,61.48,61.81,916
2026-08-05T16:45:00+05:30,61.815,62.06,61.78,61.98,661
2026-08-05T17:00:00+05:30,61.98,62.17,61.945,62.115,811
2026-08-05T17:15:00+05:30,62.115,62.295,62.07,62.225,856
2026-08-05T17:30:00+05:30,62.235,62.48,62.235,62.435,1174
2026-08-05T17:45:00+05:30,62.44,62.76,62.44,62.505,1798
2026-08-05T18:00:00+05:30,62.51,62.585,62.02,62.065,1653
2026-08-05T18:15:00+05:30,62.07,62.165,61.69,61.74,1889
2026-08-05T18:30:00+05:30,61.725,62.2,61.72,62.02,2828
2026-08-05T18:45:00+05:30,62.025,62.375,61.95,62.33,1501
2026-08-05T19:00:00+05:30,62.325,62.395,62.08,62.305,2000
2026-08-05T19:15:00+05:30,62.3,62.62,62.105,62.6,1413
2026-08-05T19:30:00+05:30,62.595,63.025,62.545,62.765,2816
2026-08-05T19:45:00+05:30,62.765,62.89,62.645,62.665,1648
2026-08-05T20:00:00+05:30,62.67,62.74,62.44,62.715,1675
2026-08-05T20:15:00+05:30,62.73,62.755,62.355,62.495,1545
2026-08-05T20:30:00+05:30,62.5,62.775,62.475,62.67,1238
2026-08-05T20:45:00+05:30,62.67,62.85,62.46,62.675,1190
2026-08-05T21:00:00+05:30,62.675,62.78,62.54,62.59,592
2026-08-05T21:15:00+05:30,62.58,62.585,62.015,62.135,1925
2026-08-05T21:30:00+05:30,62.15,62.2,61.965,62.13,1294
2026-08-05T21:45:00+05:30,62.135,62.385,62.045,62.385,1021
2026-08-05T22:00:00+05:30,62.385,62.495,62.3,62.405,790
2026-08-05T22:15:00+05:30,62.41,62.435,62.26,62.315,792
2026-08-05T22:30:00+05:30,62.32,62.335,62.185,62.25,987
2026-08-05T22:45:00+05:30,62.24,62.345,62.16,62.32,1028
2026-08-05T23:00:00+05:30,62.32,62.46,62.27,62.4,569
2026-08-05T23:15:00+05:30,62.39,62.47,62.355,62.42,517
2026-08-05T23:30:00+05:30,62.405,62.475,62.34,62.34,711
2026-08-05T23:45:00+05:30,62.345,62.62,62.34,62.525,819
2026-08-06T00:00:00+05:30,62.53,62.54,62.385,62.425,562
2026-08-06T00:15:00+05:30,62.435,62.54,62.425,62.44,226
2026-08-06T00:30:00+05:30,62.445,62.545,62.43,62.495,257
2026-08-06T00:45:00+05:30,62.495,62.495,62.35,62.35,380
2026-08-06T01:00:00+05:30,62.36,62.36,62.22,62.295,518
2026-08-06T01:15:00+05:30,62.3,62.34,62.245,62.25,375
2026-08-06T01:30:00+05:30,62.255,62.31,62.24,62.295,230
2026-08-06T01:45:00+05:30,62.3,62.3,62.175,62.185,186
2026-08-06T02:00:00+05:30,62.19,62.295,62.185,62.235,167
2026-08-06T02:15:00+05:30,62.23,62.275,62.185,62.25,202
2026-08-06T03:30:00+05:30,62.255,62.385,62.25,62.32,155
2026-08-06T03:45:00+05:30,62.31,62.355,62.29,62.35,80
2026-08-06T04:00:00+05:30,62.355,62.36,62.255,62.255,211
2026-08-06T04:15:00+05:30,62.255,62.28,62.22,62.25,102
2026-08-06T04:30:00+05:30,62.245,62.325,62.24,62.325,99
2026-08-06T04:45:00+05:30,62.32,62.4,62.32,62.345,249
2026-08-06T05:00:00+05:30,62.35,62.55,62.295,62.48,578
2026-08-06T05:15:00+05:30,62.48,62.49,62.38,62.415,373
2026-08-06T05:30:00+05:30,62.41,62.51,62.25,62.4,465
2026-08-06T05:45:00+05:30,62.415,62.55,62.325,62.37,419
2026-08-06T06:00:00+05:30,62.38,62.6,62.38,62.59,574
2026-08-06T06:15:00+05:30,62.595,62.97,62.57,62.88,1345
2026-08-06T06:30:00+05:30,62.87,63.235,62.54,62.66,2768
2026-08-06T06:45:00+05:30,62.655,62.735,62.235,62.275,1188
2026-08-06T07:00:00+05:30,62.29,62.515,62.26,62.42,685
2026-08-06T07:15:00+05:30,62.405,62.635,62.325,62.46,525
2026-08-06T07:30:00+05:30,62.47,62.76,62.425,62.615,436
2026-08-06T07:45:00+05:30,62.63,62.73,62.58,62.59,207
2026-08-06T08:00:00+05:30,62.58,62.615,62.325,62.615,581
2026-08-06T08:15:00+05:30,62.625,62.665,62.44,62.52,404
2026-08-06T08:30:00+05:30,62.515,62.59,62.4,62.4,311
2026-08-06T08:45:00+05:30,62.38,62.405,62.155,62.245,633
2026-08-06T09:00:00+05:30,62.24,62.29,62.165,62.205,262
2026-08-06T09:15:00+05:30,62.215,62.33,62.175,62.325,151
2026-08-06T09:30:00+05:30,62.325,62.435,62.29,62.3,204
2026-08-06T09:45:00+05:30,62.315,62.345,62.225,62.245,175
2026-08-06T10:00:00+05:30,62.27,62.375,62.27,62.28,116
2026-08-06T10:15:00+05:30,62.28,62.395,62.28,62.35,114
2026-08-06T10:30:00+05:30,62.34,62.445,62.25,62.305,470
2026-08-06T10:45:00+05:30,62.305,62.305,62.035,62.035,494
2026-08-06T11:00:00+05:30,62.035,62.195,61.78,62.175,1130
2026-08-06T11:15:00+05:30,62.17,62.41,62.14,62.355,316
2026-08-06T11:30:00+05:30,62.365,62.37,62.105,62.18,309
2026-08-06T11:45:00+05:30,62.19,62.19,62.05,62.14,261
2026-08-06T12:00:00+05:30,62.135,62.135,61.74,61.945,554
2026-08-06T12:15:00+05:30,61.97,62,61.81,61.87,381
2026-08-06T12:30:00+05:30,61.86,62.12,61.835,62.075,422
2026-08-06T12:45:00+05:30,62.07,62.17,62.03,62.09,332
2026-08-06T13:00:00+05:30,62.095,62.12,61.995,62.02,170
2026-08-06T13:15:00+05:30,62.01,62.16,61.86,62.145,328
2026-08-06T13:30:00+05:30,62.15,62.205,61.995,62.195,312
2026-08-06T13:45:00+05:30,62.17,62.22,62,62.095,415
2026-08-06T14:00:00+05:30,62.1,62.255,62.08,62.1,344
2026-08-06T14:15:00+05:30,62.115,62.34,62.055,62.335,617
2026-08-06T14:30:00+05:30,62.33,62.48,62.125,62.225,626
2026-08-06T14:45:00+05:30,62.235,62.305,62.205,62.29,273
2026-08-06T15:00:00+05:30,62.305,62.32,62.04,62.06,466
2026-08-06T15:15:00+05:30,62.065,62.155,62.065,62.15,191
2026-08-06T15:30:00+05:30,62.155,62.16,62.02,62.06,192
2026-08-06T15:45:00+05:30,62.03,62.15,61.995,62.13,277
2026-08-06T16:00:00+05:30,62.125,62.13,61.98,62.005,232
2026-08-06T16:15:00+05:30,62.01,62.17,61.985,62.005,228
2026-08-06T16:30:00+05:30,62.015,62.08,61.88,61.995,494
2026-08-06T16:45:00+05:30,61.995,62.065,61.895,62.055,352
2026-08-06T17:00:00+05:30,62.06,62.12,61.97,61.97,324
2026-08-06T17:15:00+05:30,61.98,62.105,61.875,62.105,631
2026-08-06T17:30:00+05:30,62.085,62.1,61.795,61.81,708
2026-08-06T17:45:00+05:30,61.805,61.975,61.745,61.9,599
2026-08-06T18:00:00+05:30,61.88,62.085,61.795,61.92,711
2026-08-06T18:15:00+05:30,61.925,61.925,61.48,61.5,1520
2026-08-06T18:30:00+05:30,61.505,61.815,61.365,61.425,2489
2026-08-06T18:45:00+05:30,61.42,61.645,61.285,61.64,1202
2026-08-06T19:00:00+05:30,61.645,62.04,61.59,61.955,1767
2026-08-06T19:15:00+05:30,61.945,61.945,61.775,61.86,1189
2026-08-06T19:30:00+05:30,61.865,61.985,61.79,61.82,1036
2026-08-06T19:45:00+05:30,61.815,61.905,61.69,61.8,673
2026-08-06T20:00:00+05:30,61.785,62,61.78,61.975,619
2026-08-06T20:15:00+05:30,61.975,61.995,61.74,61.92,580
2026-08-06T20:30:00+05:30,61.945,61.96,61.775,61.825,561
2026-08-06T20:45:00+05:30,61.81,61.81,61.435,61.635,1262
2026-08-06T21:00:00+05:30,61.65,61.65,61.44,61.545,625
2026-08-06T21:15:00+05:30,61.555,61.6,61.22,61.34,1300
2026-08-06T21:30:00+05:30,61.35,61.545,61.32,61.365,722
2026-08-06T21:45:00+05:30,61.365,61.37,61.12,61.275,1065
2026-08-06T22:00:00+05:30,61.28,61.46,61.275,61.43,558
2026-08-06T22:15:00+05:30,61.435,61.625,61.4,61.58,490
2026-08-06T22:30:00+05:30,61.585,61.67,61.57,61.575,469
2026-08-06T22:45:00+05:30,61.58,61.66,61.545,61.565,525
2026-08-06T23:00:00+05:30,61.565,61.6,61.505,61.58,246
2026-08-06T23:15:00+05:30,61.57,61.79,61.55,61.73,564
2026-08-06T23:30:00+05:30,61.735,61.78,61.65,61.72,250
2026-08-06T23:45:00+05:30,61.715,61.79,61.68,61.75,258
2026-08-07T00:00:00+05:30,61.75,61.765,61.675,61.715,260
2026-08-07T00:15:00+05:30,61.73,61.805,61.7,61.73,217
2026-08-07T00:30:00+05:30,61.735,62.02,61.735,61.93,435
2026-08-07T00:45:00+05:30,61.94,61.965,61.715,61.75,392
2026-08-07T01:00:00+05:30,61.75,61.845,61.69,61.715,278
2026-08-07T01:15:00+05:30,61.725,62.065,61.725,62.03,617
2026-08-07T01:30:00+05:30,62.025,62.145,61.895,61.91,868
2026-08-07T01:45:00+05:30,61.935,61.965,61.795,61.83,239
2026-08-07T02:00:00+05:30,61.83,61.855,61.745,61.76,199
2026-08-07T02:15:00+05:30,61.755,61.825,61.745,61.795,182
2026-08-07T03:30:00+05:30,61.79,61.855,61.68,61.77,161
2026-08-07T03:45:00+05:30,61.78,61.83,61.78,61.795,82
2026-08-07T04:00:00+05:30,61.81,61.83,61.765,61.77,54
2026-08-07T04:15:00+05:30,61.76,61.82,61.76,61.76,78
2026-08-07T04:30:00+05:30,61.76,61.84,61.75,61.83,132
2026-08-07T04:45:00+05:30,61.84,61.865,61.8,61.84,86
2026-08-07T05:00:00+05:30,61.825,61.92,61.825,61.9,130
2026-08-07T05:15:00+05:30,61.915,61.96,61.885,61.93,183
2026-08-07T05:30:00+05:30,61.935,61.935,61.755,61.76,264
2026-08-07T05:45:00+05:30,61.77,61.785,61.63,61.7,367
2026-08-07T06:00:00+05:30,61.71,61.74,61.45,61.5,576
2026-08-07T06:15:00+05:30,61.5,61.595,61.425,61.475,552
2026-08-07T06:30:00+05:30,61.485,61.915,61.44,61.875,1321
2026-08-07T06:45:00+05:30,61.88,62.065,61.86,62.035,868
2026-08-07T07:00:00+05:30,62.025,62.32,61.945,62.23,1028
2026-08-07T07:15:00+05:30,62.22,62.39,62.1,62.35,773
2026-08-07T07:30:00+05:30,62.36,62.545,62.345,62.415,712
2026-08-07T07:45:00+05:30,62.43,62.57,62.395,62.54,397
2026-08-07T08:00:00+05:30,62.555,62.57,62.22,62.22,712
2026-08-07T08:15:00+05:30,62.22,62.405,62.155,62.275,465
2026-08-07T08:30:00+05:30,62.285,62.51,62.28,62.38,468
2026-08-07T08:45:00+05:30,62.375,62.465,62.34,62.45,249
2026-08-07T09:00:00+05:30,62.45,62.55,62.425,62.495,254
2026-08-07T09:15:00+05:30,62.49,62.62,62.46,62.59,286
2026-08-07T09:30:00+05:30,62.59,62.655,62.515,62.605,300
2026-08-07T09:45:00+05:30,62.595,62.615,62.465,62.49,219
2026-08-07T10:00:00+05:30,62.49,62.6,62.45,62.485,233
2026-08-07T10:15:00+05:30,62.485,62.54,62.46,62.53,67
2026-08-07T10:30:00+05:30,62.54,62.595,62.43,62.565,258
2026-08-07T10:45:00+05:30,62.545,62.59,62.495,62.515,220
2026-08-07T11:00:00+05:30,62.525,62.785,62.485,62.685,921
2026-08-07T11:15:00+05:30,62.69,63.045,62.665,62.96,1146
2026-08-07T11:30:00+05:30,62.965,63.58,62.875,63.525,2019
2026-08-07T11:45:00+05:30,63.52,63.89,63.44,63.58,2114
2026-08-07T12:00:00+05:30,63.59,64.025,63.515,63.96,1652
2026-08-07T12:15:00+05:30,63.965,64.155,63.89,64.015,1371
2026-08-07T12:30:00+05:30,64.02,64.03,63.755,63.905,1016
2026-08-07T12:45:00+05:30,63.89,63.99,63.835,63.895,605
2026-08-07T13:00:00+05:30,63.89,64.06,63.88,64.05,605
2026-08-07T13:15:00+05:30,64.05,64.17,63.995,64.145,684
2026-08-07T13:30:00+05:30,64.145,64.56,64.12,64.545,1146
2026-08-07T13:45:00+05:30,64.55,64.67,64.31,64.375,1051
2026-08-07T14:00:00+05:30,64.37,64.75,64.35,64.605,1206
2026-08-07T14:15:00+05:30,64.615,64.645,64.525,64.605,534
2026-08-07T14:30:00+05:30,64.62,64.72,64.56,64.615,593
2026-08-07T14:45:00+05:30,64.62,64.715,64.575,64.645,536
2026-08-07T15:00:00+05:30,64.65,64.875,64.57,64.85,746
2026-08-07T15:15:00+05:30,64.845,64.955,64.69,64.74,1210
2026-08-07T15:30:00+05:30,64.74,64.75,64.625,64.635,808
2026-08-07T15:45:00+05:30,64.645,64.705,64.54,64.615,718
2026-08-07T16:00:00+05:30,64.615,64.77,64.59,64.65,515
2026-08-07T16:15:00+05:30,64.65,64.735,64.61,64.62,448
2026-08-07T16:30:00+05:30,64.63,64.73,64.445,64.475,1042
2026-08-07T16:45:00+05:30,64.48,64.48,64.295,64.45,1142
2026-08-07T17:00:00+05:30,64.45,64.57,64.29,64.42,961
2026-08-07T17:15:00+05:30,64.44,64.545,64.385,64.41,635
2026-08-07T17:30:00+05:30,64.435,64.55,64.335,64.41,834
2026-08-07T17:45:00+05:30,64.41,64.41,64.075,64.245,1283
2026-08-07T18:00:00+05:30,64.25,65.5,64.25,65.11,4935
2026-08-07T18:15:00+05:30,65.115,65.37,64.945,65.04,2724
2026-08-07T18:30:00+05:30,65.055,65.125,64.345,64.36,3684
2026-08-07T18:45:00+05:30,64.35,64.51,64.09,64.455,1951
2026-08-07T19:00:00+05:30,64.45,64.635,64.2,64.525,2394
2026-08-07T19:15:00+05:30,64.53,64.635,64.005,64.16,2330
2026-08-07T19:30:00+05:30,64.17,64.2,63.56,63.755,3451
2026-08-07T19:45:00+05:30,63.75,64.09,63.56,63.98,2340
2026-08-07T20:00:00+05:30,63.985,64.035,63.81,63.86,1364
2026-08-07T20:15:00+05:30,63.865,63.935,63.57,63.6,1622
2026-08-07T20:30:00+05:30,63.605,63.99,63.57,63.96,1379
2026-08-07T20:45:00+05:30,63.965,63.965,63.72,63.725,1058
2026-08-07T21:00:00+05:30,63.715,63.825,63.59,63.67,1023
2026-08-07T21:15:00+05:30,63.67,63.755,63.52,63.56,752
2026-08-07T21:30:00+05:30,63.565,63.785,63.4,63.745,1442
2026-08-07T21:45:00+05:30,63.74,63.815,63.46,63.555,1478
2026-08-07T22:00:00+05:30,63.55,63.575,63.405,63.545,785
2026-08-07T22:15:00+05:30,63.53,63.59,63.335,63.39,1039
2026-08-07T22:30:00+05:30,63.36,63.53,63.285,63.42,757
2026-08-07T22:45:00+05:30,63.415,63.575,63.335,63.54,1056
2026-08-07T23:00:00+05:30,63.54,63.615,63.355,63.55,815
2026-08-07T23:15:00+05:30,63.545,63.655,63.515,63.585,573
2026-08-07T23:30:00+05:30,63.58,63.64,63.4,63.43,603
2026-08-07T23:45:00+05:30,63.435,63.48,63.37,63.405,603
2026-08-08T00:00:00+05:30,63.405,63.57,63.405,63.475,318
2026-08-08T00:15:00+05:30,63.475,63.62,63.47,63.54,503
2026-08-08T00:30:00+05:30,63.545,63.865,63.545,63.76,805
2026-08-08T00:45:00+05:30,63.77,63.925,63.745,63.86,592
2026-08-08T01:00:00+05:30,63.855,63.915,63.81,63.87,440
2026-08-08T01:15:00+05:30,63.88,63.925,63.715,63.84,664
2026-08-08T01:30:00+05:30,63.835,63.845,63.695,63.735,316
2026-08-08T01:45:00+05:30,63.72,63.725,63.645,63.65,203
2026-08-08T02:00:00+05:30,63.645,63.745,63.615,63.685,280
2026-08-08T02:15:00+05:30,63.685,63.8,63.64,63.79,258
2026-08-10T03:30:00+05:30,63.8,64.05,63.53,63.95,852
2026-08-10T03:45:00+05:30,63.935,63.935,63.71,63.89,278
2026-08-10T04:00:00+05:30,63.88,63.925,63.79,63.82,216
2026-08-10T04:15:00+05:30,63.825,63.94,63.815,63.83,124
2026-08-10T04:30:00+05:30,63.84,64.1,63.8,64.05,307
2026-08-10T04:45:00+05:30,64.055,64.145,63.985,64.105,216
2026-08-10T05:00:00+05:30,64.1,64.135,63.855,63.905,239
2026-08-10T05:15:00+05:30,63.935,63.97,63.69,63.74,316
2026-08-10T05:30:00+05:30,63.725,64.235,63.69,64.2,636
2026-08-10T05:45:00+05:30,64.18,64.235,63.85,63.86,440
2026-08-10T06:00:00+05:30,63.84,63.865,63.665,63.715,390
2026-08-10T06:15:00+05:30,63.69,63.79,63.525,63.59,747
2026-08-10T06:30:00+05:30,63.61,63.89,63.22,63.395,2017
2026-08-10T06:45:00+05:30,63.395,63.65,63.205,63.205,783
2026-08-10T07:00:00+05:30,63.22,63.47,63.19,63.465,601
2026-08-10T07:15:00+05:30,63.455,63.695,63.44,63.645,574
2026-08-10T07:30:00+05:30,63.655,63.83,63.53,63.765,521
2026-08-10T07:45:00+05:30,63.765,63.885,63.73,63.875,254
2026-08-10T08:00:00+05:30,63.86,63.89,63.625,63.66,481
2026-08-10T08:15:00+05:30,63.67,63.67,63.49,63.57,377
2026-08-10T08:30:00+05:30,63.575,63.605,63.45,63.54,250
2026-08-10T08:45:00+05:30,63.555,63.735,63.525,63.69,292
2026-08-10T09:00:00+05:30,63.68,63.885,63.66,63.82,247
2026-08-10T09:15:00+05:30,63.835,63.85,63.775,63.815,88
2026-08-10T09:30:00+05:30,63.8,63.995,63.755,63.98,277
2026-08-10T09:45:00+05:30,63.99,64.11,63.935,63.995,304
2026-08-10T10:00:00+05:30,63.985,64.095,63.945,64.01,196
2026-08-10T10:15:00+05:30,64.015,64.07,63.96,64.05,189
2026-08-10T10:30:00+05:30,64.045,64.07,63.92,63.955,187
2026-08-10T10:45:00+05:30,63.955,63.97,63.895,63.93,122
2026-08-10T11:00:00+05:30,63.93,64.24,63.825,64.195,1006
2026-08-10T11:15:00+05:30,64.205,64.525,64.125,64.345,998
2026-08-10T11:30:00+05:30,64.355,64.45,64.24,64.355,554
2026-08-10T11:45:00+05:30,64.355,64.48,64.23,64.41,417
2026-08-10T12:00:00+05:30,64.415,64.415,64.255,64.38,326
2026-08-10T12:15:00+05:30,64.405,64.465,64.325,64.44,328
2026-08-10T12:30:00+05:30,64.43,64.475,64.27,64.335,397
2026-08-10T12:45:00+05:30,64.35,64.61,64.28,64.525,524
2026-08-10T13:00:00+05:30,64.515,64.605,64.44,64.575,307
2026-08-10T13:15:00+05:30,64.575,64.625,64.44,64.51,263
2026-08-10T13:30:00+05:30,64.51,64.515,64.38,64.455,188
2026-08-10T13:45:00+05:30,64.455,64.59,64.425,64.56,240
2026-08-10T14:00:00+05:30,64.55,64.595,64.275,64.34,310
2026-08-10T14:15:00+05:30,64.33,64.395,64.245,64.385,233
2026-08-10T14:30:00+05:30,64.385,64.465,64.355,64.465,174
2026-08-10T14:45:00+05:30,64.455,64.455,64.36,64.425,106
2026-08-10T15:00:00+05:30,64.43,64.43,64.26,64.335,311
2026-08-10T15:15:00+05:30,64.34,64.37,64.26,64.26,136
2026-08-10T15:30:00+05:30,64.25,64.275,64.18,64.205,362
2026-08-10T15:45:00+05:30,64.195,64.26,64.15,64.24,275
2026-08-10T16:00:00+05:30,64.245,64.255,64.125,64.16,259
2026-08-10T16:15:00+05:30,64.16,64.215,64.085,64.115,294
2026-08-10T16:30:00+05:30,64.12,64.165,64,64.085,439
2026-08-10T16:45:00+05:30,64.085,64.245,64.01,64.235,389
2026-08-10T17:00:00+05:30,64.225,64.315,64.2,64.26,257
2026-08-10T17:15:00+05:30,64.26,64.3,64.14,64.25,313
2026-08-10T17:30:00+05:30,64.25,64.32,64.15,64.205,305
2026-08-10T17:45:00+05:30,64.18,64.2,63.94,64.07,615
2026-08-10T18:00:00+05:30,64.075,64.16,63.975,64.095,490
2026-08-10T18:15:00+05:30,64.09,64.195,64.05,64.05,431
2026-08-10T18:30:00+05:30,64.055,64.195,63.795,64.15,1252
2026-08-10T18:45:00+05:30,64.155,64.23,64.065,64.16,403
2026-08-10T19:00:00+05:30,64.165,64.355,64.085,64.17,945
2026-08-10T19:15:00+05:30,64.185,64.21,63.82,63.84,1101
2026-08-10T19:30:00+05:30,63.84,64.225,63.84,64.22,662
2026-08-10T19:45:00+05:30,64.215,64.805,64.115,64.71,1811
2026-08-10T20:00:00+05:30,64.705,64.93,64.675,64.905,1294
2026-08-10T20:15:00+05:30,64.91,65.075,64.765,64.93,1287
2026-08-10T20:30:00+05:30,64.95,65.05,64.85,64.9,775
2026-08-10T20:45:00+05:30,64.905,64.95,64.745,64.78,686
2026-08-10T21:00:00+05:30,64.795,64.925,64.77,64.84,425
2026-08-10T21:15:00+05:30,64.835,65.375,64.815,65.265,1206
2026-08-10T21:30:00+05:30,65.26,65.5,65.24,65.33,1185
2026-08-10T21:45:00+05:30,65.34,65.445,65.29,65.39,456
2026-08-10T22:00:00+05:30,65.38,65.41,65.03,65.045,1148
2026-08-10T22:15:00+05:30,65.05,65.135,64.945,65.12,540
2026-08-10T22:30:00+05:30,65.135,65.245,65.015,65.225,585
2026-08-10T22:45:00+05:30,65.225,65.355,65.205,65.33,655
2026-08-10T23:00:00+05:30,65.335,65.425,65.29,65.295,357
2026-08-10T23:15:00+05:30,65.295,65.39,65.22,65.305,530
2026-08-10T23:30:00+05:30,65.31,65.355,65.255,65.26,268
2026-08-10T23:45:00+05:30,65.26,65.305,65.195,65.295,229
2026-08-11T00:00:00+05:30,65.295,65.93,65.28,65.765,1227
2026-08-11T00:15:00+05:30,65.765,65.83,65.625,65.8,445
2026-08-11T00:30:00+05:30,65.8,66.015,65.8,65.955,586
2026-08-11T00:45:00+05:30,65.965,66.25,65.94,66.11,767
2026-08-11T01:00:00+05:30,66.12,66.17,65.99,66.015,563
2026-08-11T01:15:00+05:30,66.035,66.22,65.86,65.925,553
2026-08-11T01:30:00+05:30,65.92,65.975,65.875,65.92,234
2026-08-11T01:45:00+05:30,65.925,66.03,65.84,66.01,177
2026-08-11T02:00:00+05:30,66.015,66.04,65.93,65.93,124
2026-08-11T02:15:00+05:30,65.925,65.945,65.865,65.885,217
2026-08-11T03:30:00+05:30,65.79,66.005,65.79,65.915,94
2026-08-11T03:45:00+05:30,65.92,65.945,65.91,65.925,62
2026-08-11T04:00:00+05:30,65.92,65.995,65.86,65.985,196
2026-08-11T04:15:00+05:30,65.97,66.05,65.97,66.02,262
2026-08-11T04:30:00+05:30,66.025,66.07,65.92,65.95,233
2026-08-11T04:45:00+05:30,65.95,65.95,65.88,65.91,121
2026-08-11T05:00:00+05:30,65.915,65.965,65.875,65.955,101
2026-08-11T05:15:00+05:30,65.955,65.99,65.91,65.99,149
2026-08-11T05:30:00+05:30,65.995,66.225,65.915,66.175,508
2026-08-11T05:45:00+05:30,66.175,66.405,66.125,66.36,474
2026-08-11T06:00:00+05:30,66.37,66.37,65.985,66.11,712
2026-08-11T06:15:00+05:30,66.115,66.19,65.875,65.965,1020
2026-08-11T06:30:00+05:30,65.965,66.28,65.57,66.215,2126
2026-08-11T06:45:00+05:30,66.205,66.275,65.985,66.2,844
2026-08-11T07:00:00+05:30,66.2,66.47,66.02,66.28,956
2026-08-11T07:15:00+05:30,66.285,66.69,66.275,66.5,1071
2026-08-11T07:30:00+05:30,66.51,66.525,66.245,66.49,797
2026-08-11T07:45:00+05:30,66.49,66.52,66.405,66.48,349
2026-08-11T08:00:00+05:30,66.485,66.5,65.905,66.055,1009
2026-08-11T08:15:00+05:30,66.06,66.09,65.735,65.88,528
2026-08-11T08:30:00+05:30,65.885,66.045,65.875,65.975,343
2026-08-11T08:45:00+05:30,65.97,66.07,65.93,65.98,304
2026-08-11T09:00:00+05:30,66.005,66.135,65.975,65.985,165
2026-08-11T09:15:00+05:30,65.995,66.04,65.945,65.95,177
2026-08-11T09:30:00+05:30,65.965,66.03,65.905,65.95,261
2026-08-11T09:45:00+05:30,65.95,65.995,65.85,65.915,199
2026-08-11T10:00:00+05:30,65.9,66.01,65.635,65.675,617
2026-08-11T10:15:00+05:30,65.67,65.755,65.58,65.74,369
2026-08-11T10:30:00+05:30,65.74,65.755,65.555,65.6,479
2026-08-11T10:45:00+05:30,65.605,65.605,65.26,65.285,847
2026-08-11T11:00:00+05:30,65.28,65.295,64.705,64.95,2404
2026-08-11T11:15:00+05:30,64.94,65.02,64.725,65.01,818
2026-08-11T11:30:00+05:30,65,65.215,64.91,64.935,1139
2026-08-11T11:45:00+05:30,64.92,65.03,64.565,64.595,1020
2026-08-11T12:00:00+05:30,64.6,64.76,64.47,64.685,1079
2026-08-11T12:15:00+05:30,64.675,64.785,64.615,64.71,520
2026-08-11T12:30:00+05:30,64.715,64.81,64.66,64.735,352
2026-08-11T12:45:00+05:30,64.735,64.76,64.55,64.63,646
2026-08-11T13:00:00+05:30,64.635,64.75,64.54,64.59,378
2026-08-11T13:15:00+05:30,64.595,64.705,64.56,64.65,367
2026-08-11T13:30:00+05:30,64.66,64.945,64.66,64.875,657
2026-08-11T13:45:00+05:30,64.88,64.925,64.745,64.895,420
2026-08-11T14:00:00+05:30,64.89,65.075,64.87,65.045,545
2026-08-11T14:15:00+05:30,65.04,65.105,64.87,64.87,475
2026-08-11T14:30:00+05:30,64.87,65.03,64.825,64.97,544
2026-08-11T14:45:00+05:30,64.975,65.08,64.96,65.005,293
2026-08-11T15:00:00+05:30,65,65.095,64.99,65.035,243
2026-08-11T15:15:00+05:30,65.035,65.155,65.025,65.09,197
2026-08-11T15:30:00+05:30,65.1,65.155,65.005,65.065,290
2026-08-11T15:45:00+05:30,65.08,65.33,65.08,65.23,573
2026-08-11T16:00:00+05:30,65.245,65.285,65.15,65.185,301
2026-08-11T16:15:00+05:30,65.19,65.305,65.185,65.29,305
2026-08-11T16:30:00+05:30,65.3,65.52,65.22,65.445,1398
2026-08-11T16:45:00+05:30,65.44,65.51,65.325,65.43,530
2026-08-11T17:00:00+05:30,65.435,65.45,65.295,65.38,356
2026-08-11T17:15:00+05:30,65.375,65.475,65.365,65.365,449
2026-08-11T17:30:00+05:30,65.365,65.505,65.185,65.49,1025
2026-08-11T17:45:00+05:30,65.475,65.475,65.06,65.12,1381
2026-08-11T18:00:00+05:30,65.12,65.255,64.995,65.255,822
2026-08-11T18:15:00+05:30,65.26,65.275,65.005,65.015,708
2026-08-11T18:30:00+05:30,65.025,65.345,64.955,65.085,1890
2026-08-11T18:45:00+05:30,65.09,65.26,64.975,65.1,1024
2026-08-11T19:00:00+05:30,65.105,65.38,64.88,65.31,1698
2026-08-11T19:15:00+05:30,65.32,65.45,64.925,65.045,1800
2026-08-11T19:30:00+05:30,65.04,65.12,64.945,65.11,939
2026-08-11T19:45:00+05:30,65.11,65.2,64.935,65,968
2026-08-11T20:00:00+05:30,65.015,65.27,65.01,65.24,762
2026-08-11T20:15:00+05:30,65.24,65.29,65.13,65.165,646
2026-08-11T20:30:00+05:30,65.185,65.32,65.06,65.17,790
2026-08-11T20:45:00+05:30,65.16,65.16,64.9,65.015,1078
2026-08-11T21:00:00+05:30,65.01,65.02,64.52,64.795,1597
2026-08-11T21:15:00+05:30,64.78,65.13,64.765,65.125,1017
2026-08-11T21:30:00+05:30,65.115,65.19,65.025,65.135,632
2026-08-11T21:45:00+05:30,65.14,65.29,65.1,65.225,648
2026-08-11T22:00:00+05:30,65.22,65.245,65.105,65.115,449
2026-08-11T22:15:00+05:30,65.125,65.17,65.025,65.08,427
2026-08-11T22:30:00+05:30,65.075,65.14,64.98,64.98,425
2026-08-11T22:45:00+05:30,64.965,65.06,64.86,64.935,744
2026-08-11T23:00:00+05:30,64.93,64.96,64.835,64.925,477
2026-08-11T23:15:00+05:30,64.91,65.005,64.71,64.715,596
2026-08-11T23:30:00+05:30,64.72,64.775,64.57,64.63,781
2026-08-11T23:45:00+05:30,64.635,64.795,64.61,64.635,1114
2026-08-12T00:00:00+05:30,64.635,64.925,64.615,64.86,632
2026-08-12T00:15:00+05:30,64.86,64.94,64.84,64.88,384
2026-08-12T00:30:00+05:30,64.89,64.895,64.715,64.73,401
2026-08-12T00:45:00+05:30,64.735,64.92,64.68,64.9,321
2026-08-12T01:00:00+05:30,64.905,64.995,64.795,64.825,495
2026-08-12T01:15:00+05:30,64.835,64.995,64.78,64.935,503
2026-08-12T01:30:00+05:30,64.935,64.945,64.84,64.865,185
2026-08-12T01:45:00+05:30,64.87,64.88,64.8,64.87,232
2026-08-12T02:00:00+05:30,64.87,64.89,64.81,64.835,157
2026-08-12T02:15:00+05:30,64.825,64.87,64.82,64.855,179
2026-08-12T03:30:00+05:30,64.89,65.025,64.855,65,162
2026-08-12T03:45:00+05:30,64.98,65.045,64.98,65.04,117
2026-08-12T04:00:00+05:30,65.04,65.07,65.005,65.035,124
2026-08-12T04:15:00+05:30,65.04,65.055,64.91,64.945,233
2026-08-12T04:30:00+05:30,64.94,65.015,64.91,64.965,256
2026-08-12T04:45:00+05:30,64.97,65.01,64.885,64.97,162
2026-08-12T05:00:00+05:30,64.96,64.98,64.87,64.895,97
2026-08-12T05:15:00+05:30,64.91,64.96,64.905,64.94,94
2026-08-12T05:30:00+05:30,64.945,65.125,64.865,65.075,286
2026-08-12T05:45:00+05:30,65.08,65.125,64.955,65.125,222
2026-08-12T06:00:00+05:30,65.13,65.2,65.025,65.09,332
2026-08-12T06:15:00+05:30,65.095,65.115,64.96,65.07,607
2026-08-12T06:30:00+05:30,65.075,65.37,64.94,65.335,1427
2026-08-12T06:45:00+05:30,65.335,65.355,65.16,65.205,545
2026-08-12T07:00:00+05:30,65.185,65.22,65.005,65.195,528
2026-08-12T07:15:00+05:30,65.185,65.31,65.12,65.29,435
2026-08-12T07:30:00+05:30,65.3,65.305,65.21,65.25,395
2026-08-12T07:45:00+05:30,65.23,65.395,65.19,65.33,337
2026-08-12T08:00:00+05:30,65.335,65.74,65.195,65.565,1154
2026-08-12T08:15:00+05:30,65.55,65.7,65.5,65.62,1067
2026-08-12T08:30:00+05:30,65.62,65.945,65.615,65.815,921
2026-08-12T08:45:00+05:30,65.82,65.82,65.645,65.685,559
2026-08-12T09:00:00+05:30,65.69,65.715,65.61,65.645,296
2026-08-12T09:15:00+05:30,65.65,65.66,65.535,65.555,204
2026-08-12T09:30:00+05:30,65.555,65.555,65.365,65.395,294
2026-08-12T09:45:00+05:30,65.39,65.41,65.275,65.41,372
2026-08-12T10:00:00+05:30,65.41,65.48,65.35,65.465,292
2026-08-12T10:15:00+05:30,65.455,65.56,65.45,65.545,244
2026-08-12T10:30:00+05:30,65.545,65.56,65.38,65.4,315
2026-08-12T10:45:00+05:30,65.39,65.4,65.22,65.29,602
2026-08-12T11:00:00+05:30,65.285,65.48,65.115,65.285,1250
2026-08-12T11:15:00+05:30,65.29,65.51,65.225,65.47,562
2026-08-12T11:30:00+05:30,65.46,65.49,65.31,65.44,524
2026-08-12T11:45:00+05:30,65.445,65.63,65.395,65.545,495
2026-08-12T12:00:00+05:30,65.57,66,65.54,65.925,980
2026-08-12T12:15:00+05:30,65.94,66.225,65.94,66.135,1255
2026-08-12T12:30:00+05:30,66.13,66.28,66.03,66.145,812
2026-08-12T12:45:00+05:30,66.145,66.215,66.015,66.155,522
2026-08-12T13:00:00+05:30,66.155,66.275,66.12,66.21,377
2026-08-12T13:15:00+05:30,66.23,66.38,66.17,66.27,510
2026-08-12T13:30:00+05:30,66.27,66.4,66.225,66.33,461
2026-08-12T13:45:00+05:30,66.32,66.48,66.25,66.475,545
2026-08-12T14:00:00+05:30,66.475,66.55,66.365,66.405,739
2026-08-12T14:15:00+05:30,66.395,66.42,66.305,66.32,334
2026-08-12T14:30:00+05:30,66.32,66.72,66.305,66.71,865
2026-08-12T14:45:00+05:30,66.715,66.98,66.655,66.67,1208
2026-08-12T15:00:00+05:30,66.675,66.72,66.61,66.615,553
2026-08-12T15:15:00+05:30,66.62,66.675,66.525,66.6,536
2026-08-12T15:30:00+05:30,66.6,66.6,66.505,66.555,322
2026-08-12T15:45:00+05:30,66.555,66.63,66.53,66.555,292
2026-08-12T16:00:00+05:30,66.555,66.565,66.465,66.47,364
2026-08-12T16:15:00+05:30,66.47,66.52,66.275,66.45,842
2026-08-12T16:30:00+05:30,66.46,66.515,66.33,66.44,629
2026-08-12T16:45:00+05:30,66.435,66.585,66.37,66.535,400
2026-08-12T17:00:00+05:30,66.545,66.565,66.445,66.485,283
2026-08-12T17:15:00+05:30,66.495,66.53,66.45,66.505,253
2026-08-12T17:30:00+05:30,66.495,66.495,66.265,66.32,723
2026-08-12T17:45:00+05:30,66.325,66.735,66.1,66.68,1188
2026-08-12T18:00:00+05:30,66.71,67,65.805,66.685,4542
2026-08-12T18:15:00+05:30,66.68,66.745,66.345,66.73,2306
2026-08-12T18:30:00+05:30,66.725,66.885,66.235,66.28,3077
2026-08-12T18:45:00+05:30,66.27,66.43,65.935,66.055,2307
2026-08-12T19:00:00+05:30,66.06,66.1,65.79,65.98,1848
2026-08-12T19:15:00+05:30,65.975,66.395,65.955,66.32,1602
2026-08-12T19:30:00+05:30,66.325,66.475,66.07,66.425,1538
2026-08-12T19:45:00+05:30,66.425,66.515,66.22,66.3,1194
2026-08-12T20:00:00+05:30,66.295,66.44,66.065,66.44,1689
2026-08-12T20:15:00+05:30,66.425,66.465,66.005,66.06,1107
2026-08-12T20:30:00+05:30,66.06,66.21,65.84,66.135,1132
2026-08-12T20:45:00+05:30,66.14,66.14,65.92,66.005,687
2026-08-12T21:00:00+05:30,66,66.09,65.89,65.93,509
2026-08-12T21:15:00+05:30,65.95,66.02,65.7,65.965,953
2026-08-12T21:30:00+05:30,65.955,66.055,65.815,65.955,717
2026-08-12T21:45:00+05:30,65.965,66.01,65.75,65.79,665
2026-08-12T22:00:00+05:30,65.785,65.79,65.5,65.52,1416
2026-08-12T22:15:00+05:30,65.515,65.56,65.27,65.425,1722
2026-08-12T22:30:00+05:30,65.415,65.56,65.375,65.475,1012
2026-08-12T22:45:00+05:30,65.475,65.745,65.46,65.72,1017
2026-08-12T23:00:00+05:30,65.725,65.78,65.565,65.575,812
2026-08-12T23:15:00+05:30,65.585,65.7,65.55,65.56,434
2026-08-12T23:30:00+05:30,65.56,65.66,65.435,65.61,577
2026-08-12T23:45:00+05:30,65.615,65.77,65.585,65.7,371
2026-08-13T00:00:00+05:30,65.7,65.745,65.65,65.72,212
2026-08-13T00:15:00+05:30,65.72,65.815,65.68,65.68,337
2026-08-13T00:30:00+05:30,65.68,65.765,65.68,65.69,187
2026-08-13T00:45:00+05:30,65.69,65.76,65.63,65.64,173
2026-08-13T01:00:00+05:30,65.64,65.64,65.505,65.545,395
2026-08-13T01:15:00+05:30,65.54,65.555,65.455,65.555,348
2026-08-13T01:30:00+05:30,65.555,65.58,65.48,65.49,253
2026-08-13T01:45:00+05:30,65.49,65.495,65.41,65.45,131
2026-08-13T02:00:00+05:30,65.445,65.5,65.42,65.465,152
2026-08-13T02:15:00+05:30,65.455,65.54,65.445,65.54,102
2026-08-13T03:30:00+05:30,65.555,65.56,65.34,65.365,309
2026-08-13T03:45:00+05:30,65.37,65.37,65.2,65.265,295
2026-08-13T04:00:00+05:30,65.26,65.345,65.215,65.235,166
2026-08-13T04:15:00+05:30,65.23,65.285,65.22,65.245,113
2026-08-13T04:30:00+05:30,65.26,65.375,65.24,65.345,226
2026-08-13T04:45:00+05:30,65.35,65.43,65.345,65.4,133
2026-08-13T05:00:00+05:30,65.4,65.45,65.39,65.41,88
2026-08-13T05:15:00+05:30,65.42,65.475,65.36,65.46,187
2026-08-13T05:30:00+05:30,65.475,65.82,65.425,65.785,624
2026-08-13T05:45:00+05:30,65.785,66.285,65.785,66.065,939
2026-08-13T06:00:00+05:30,66.065,66.48,66.035,66.37,979
2026-08-13T06:15:00+05:30,66.365,66.395,65.895,65.95,1237
2026-08-13T06:30:00+05:30,65.955,66.205,65.83,65.94,1825
2026-08-13T06:45:00+05:30,65.94,66.095,65.73,65.81,552
2026-08-13T07:00:00+05:30,65.79,66.085,65.78,65.79,801
2026-08-13T07:15:00+05:30,65.78,65.795,65.47,65.59,1157
2026-08-13T07:30:00+05:30,65.59,65.79,65.54,65.705,581
2026-08-13T07:45:00+05:30,65.72,65.77,65.66,65.695,249
2026-08-13T08:00:00+05:30,65.68,65.68,65.055,65.505,1837
2026-08-13T08:15:00+05:30,65.49,65.645,65.455,65.575,419
2026-08-13T08:30:00+05:30,65.57,65.76,65.46,65.57,509
2026-08-13T08:45:00+05:30,65.575,65.66,65.53,65.605,332
2026-08-13T09:00:00+05:30,65.61,65.67,65.54,65.56,224
2026-08-13T09:15:00+05:30,65.56,65.61,65.44,65.505,207
2026-08-13T09:30:00+05:30,65.475,65.475,65.255,65.29,476
2026-08-13T09:45:00+05:30,65.29,65.5,65.26,65.455,333
2026-08-13T10:00:00+05:30,65.455,65.515,65.425,65.435,138
2026-08-13T10:15:00+05:30,65.43,65.57,65.43,65.54,187
2026-08-13T10:30:00+05:30,65.535,65.73,65.46,65.725,276
2026-08-13T10:45:00+05:30,65.735,65.83,65.595,65.81,347
2026-08-13T11:00:00+05:30,65.8,65.83,65.29,65.325,1097
2026-08-13T11:15:00+05:30,65.31,65.37,65.055,65.18,1178
2026-08-13T11:30:00+05:30,65.18,65.31,64.84,65.06,1154
2026-08-13T11:45:00+05:30,65.055,65.175,64.985,65.08,532
2026-08-13T12:00:00+05:30,65.085,65.125,64.785,64.885,1103
2026-08-13T12:15:00+05:30,64.895,65.035,64.895,64.98,578
2026-08-13T12:30:00+05:30,64.97,65.005,64.77,64.845,522
2026-08-13T12:45:00+05:30,64.85,64.885,64.79,64.835,342
2026-08-13T13:00:00+05:30,64.825,64.945,64.785,64.94,480
2026-08-13T13:15:00+05:30,64.945,64.955,64.63,64.72,597
2026-08-13T13:30:00+05:30,64.73,64.78,64.335,64.505,1181
2026-08-13T13:45:00+05:30,64.515,64.71,64.415,64.685,565
2026-08-13T14:00:00+05:30,64.675,64.755,64.55,64.64,402
2026-08-13T14:15:00+05:30,64.61,64.74,64.595,64.63,303
2026-08-13T14:30:00+05:30,64.63,64.685,64.465,64.625,377
2026-08-13T14:45:00+05:30,64.62,64.795,64.62,64.72,517
2026-08-13T15:00:00+05:30,64.73,64.835,64.71,64.755,305
2026-08-13T15:15:00+05:30,64.745,64.86,64.73,64.82,272
2026-08-13T15:30:00+05:30,64.825,64.97,64.8,64.885,466
2026-08-13T15:45:00+05:30,64.91,65.06,64.905,65.05,393
2026-08-13T16:00:00+05:30,65.06,65.13,64.995,65.13,241
2026-08-13T16:15:00+05:30,65.13,65.21,65.1,65.13,311
2026-08-13T16:30:00+05:30,65.14,65.2,65.115,65.195,343
2026-08-13T16:45:00+05:30,65.2,65.215,65.06,65.06,235
2026-08-13T17:00:00+05:30,65.065,65.145,65.025,65.055,324
2026-08-13T17:15:00+05:30,65.045,65.25,65.035,65.225,480
2026-08-13T17:30:00+05:30,65.2,65.33,65.15,65.195,575
2026-08-13T17:45:00+05:30,65.2,65.29,64.995,65.21,601
2026-08-13T18:00:00+05:30,65.175,65.5,64.975,65.215,1405
2026-08-13T18:15:00+05:30,65.215,65.565,65.21,65.56,1059
2026-08-13T18:30:00+05:30,65.55,65.595,65.285,65.41,1818
2026-08-13T18:45:00+05:30,65.42,65.44,65.245,65.305,786
2026-08-13T19:00:00+05:30,65.29,65.365,65.03,65.175,1254
2026-08-13T19:15:00+05:30,65.185,65.27,64.88,64.95,1367
2026-08-13T19:30:00+05:30,64.965,65.07,64.69,64.78,1722
2026-08-13T19:45:00+05:30,64.785,65.05,64.705,64.755,1154
2026-08-13T20:00:00+05:30,64.75,65.15,64.58,65.135,1283
2026-08-13T20:15:00+05:30,65.145,65.29,65.135,65.165,693
2026-08-13T20:30:00+05:30,65.17,65.23,64.85,64.895,739
2026-08-13T20:45:00+05:30,64.885,64.99,64.71,64.715,999
2026-08-13T21:00:00+05:30,64.715,64.96,64.545,64.9,1223
2026-08-13T21:15:00+05:30,64.89,64.975,64.79,64.83,495
2026-08-13T21:30:00+05:30,64.82,64.875,64.665,64.69,399
2026-08-13T21:45:00+05:30,64.7,64.82,64.595,64.82,649
2026-08-13T22:00:00+05:30,64.83,65,64.83,64.96,551
2026-08-13T22:15:00+05:30,64.965,65,64.9,64.95,352
2026-08-13T22:30:00+05:30,64.96,65.145,64.96,65.045,492
2026-08-13T22:45:00+05:30,65.045,65.05,64.885,64.91,773
2026-08-13T23:00:00+05:30,64.92,64.95,64.835,64.875,301
2026-08-13T23:15:00+05:30,64.88,64.95,64.825,64.83,208
2026-08-13T23:30:00+05:30,64.845,64.97,64.805,64.95,351
2026-08-13T23:45:00+05:30,64.955,65.01,64.815,64.83,368
2026-08-14T00:00:00+05:30,64.83,64.96,64.81,64.835,327
2026-08-14T00:15:00+05:30,64.835,64.845,64.675,64.73,291
2026-08-14T00:30:00+05:30,64.735,64.78,64.43,64.46,388
2026-08-14T00:45:00+05:30,64.45,64.59,64.375,64.565,466
2026-08-14T01:00:00+05:30,64.57,64.64,64.51,64.555,368
2026-08-14T01:15:00+05:30,64.53,64.57,64.46,64.55,283
2026-08-14T01:30:00+05:30,64.555,64.585,64.47,64.56,260
2026-08-14T01:45:00+05:30,64.565,64.64,64.565,64.605,86
2026-08-14T02:00:00+05:30,64.605,64.605,64.54,64.585,84
2026-08-14T02:15:00+05:30,64.575,64.635,64.56,64.6,153
2026-08-14T03:30:00+05:30,64.6,64.64,64.515,64.575,193
2026-08-14T03:45:00+05:30,64.575,64.655,64.55,64.64,105
2026-08-14T04:00:00+05:30,64.625,64.72,64.61,64.695,187
2026-08-14T04:15:00+05:30,64.7,64.7,64.62,64.65,85
2026-08-14T04:30:00+05:30,64.65,64.725,64.56,64.72,110
2026-08-14T04:45:00+05:30,64.715,64.815,64.65,64.77,177
2026-08-14T05:00:00+05:30,64.8,64.825,64.735,64.795,161
2026-08-14T05:15:00+05:30,64.785,64.835,64.7,64.7,113
2026-08-14T05:30:00+05:30,64.7,64.89,64.59,64.635,436
2026-08-14T05:45:00+05:30,64.63,64.715,64.48,64.505,297
2026-08-14T06:00:00+05:30,64.485,64.595,64.35,64.425,359
2026-08-14T06:15:00+05:30,64.445,64.52,63.93,64.345,1479
2026-08-14T06:30:00+05:30,64.34,64.35,63.88,64.075,1535
2026-08-14T06:45:00+05:30,64.1,64.21,63.975,64.16,689
2026-08-14T07:00:00+05:30,64.145,64.19,63.92,64.13,458
2026-08-14T07:15:00+05:30,64.13,64.225,63.935,63.985,541
2026-08-14T07:30:00+05:30,63.97,64.125,63.915,63.96,371
2026-08-14T07:45:00+05:30,63.96,64.06,63.85,63.88,371
2026-08-14T08:00:00+05:30,63.87,64.26,63.84,64.185,626
2026-08-14T08:15:00+05:30,64.18,64.225,63.86,63.96,502
2026-08-14T08:30:00+05:30,63.96,64.175,63.905,64.1,365
2026-08-14T08:45:00+05:30,64.11,64.275,64.095,64.265,297
2026-08-14T09:00:00+05:30,64.27,64.355,64.215,64.225,282
2026-08-14T09:15:00+05:30,64.21,64.235,64.14,64.14,133
2026-08-14T09:30:00+05:30,64.14,64.165,64.085,64.1,172
2026-08-14T09:45:00+05:30,64.1,64.19,64.085,64.125,158
2026-08-14T10:00:00+05:30,64.12,64.13,64.08,64.105,144
2026-08-14T10:15:00+05:30,64.08,64.155,64.045,64.155,111
2026-08-14T10:30:00+05:30,64.155,64.155,63.9,63.975,275
2026-08-14T10:45:00+05:30,63.96,64,63.895,63.955,268
2026-08-14T11:00:00+05:30,63.945,64.06,63.645,63.905,1260
2026-08-14T11:15:00+05:30,63.92,64.445,63.915,64.42,767
2026-08-14T11:30:00+05:30,64.425,64.56,64.275,64.495,717
2026-08-14T11:45:00+05:30,64.485,64.535,64.325,64.4,560
2026-08-14T12:00:00+05:30,64.4,64.465,64.335,64.435,369
2026-08-14T12:15:00+05:30,64.43,64.555,64.395,64.535,381
2026-08-14T12:30:00+05:30,64.535,64.555,64.43,64.43,314
2026-08-14T12:45:00+05:30,64.445,64.535,64.41,64.41,178
2026-08-14T13:00:00+05:30,64.415,64.8,64.4,64.74,491
2026-08-14T13:15:00+05:30,64.74,64.865,64.71,64.765,448
2026-08-14T13:30:00+05:30,64.76,64.85,64.68,64.81,422
2026-08-14T13:45:00+05:30,64.805,64.87,64.665,64.725,296
2026-08-14T14:00:00+05:30,64.735,64.91,64.665,64.765,376
2026-08-14T14:15:00+05:30,64.76,64.9,64.76,64.87,218
2026-08-14T14:30:00+05:30,64.865,64.91,64.82,64.86,270
2026-08-14T14:45:00+05:30,64.865,64.955,64.83,64.87,235
2026-08-14T15:00:00+05:30,64.87,64.935,64.805,64.905,222
2026-08-14T15:15:00+05:30,64.905,65.075,64.885,65.06,247
2026-08-14T15:30:00+05:30,65.05,65.08,64.93,64.94,301
2026-08-14T15:45:00+05:30,64.945,64.95,64.855,64.86,249
2026-08-14T16:00:00+05:30,64.875,64.88,64.795,64.815,244
2026-08-14T16:15:00+05:30,64.82,64.875,64.775,64.825,193
2026-08-14T16:30:00+05:30,64.83,64.88,64.77,64.835,292
2026-08-14T16:45:00+05:30,64.84,65.005,64.84,64.915,335
2026-08-14T17:00:00+05:30,64.915,65.17,64.895,65.1,571
2026-08-14T17:15:00+05:30,65.1,65.19,65,65.17,413
2026-08-14T17:30:00+05:30,65.165,65.2,64.945,65.07,581
2026-08-14T17:45:00+05:30,65.07,65.235,64.99,65.235,506
2026-08-14T18:00:00+05:30,65.24,65.28,65.055,65.095,703
2026-08-14T18:15:00+05:30,65.095,65.305,65.055,65.235,632
2026-08-14T18:30:00+05:30,65.26,65.41,65.09,65.105,1493
2026-08-14T18:45:00+05:30,65.105,65.335,65.105,65.28,565
2026-08-14T19:00:00+05:30,65.305,65.65,65.265,65.6,1583
2026-08-14T19:15:00+05:30,65.595,65.61,65.385,65.565,1129
2026-08-14T19:30:00+05:30,65.54,65.845,65.54,65.705,1264
2026-08-14T19:45:00+05:30,65.7,65.89,65.59,65.725,741
2026-08-14T20:00:00+05:30,65.73,65.75,65.505,65.57,748
2026-08-14T20:15:00+05:30,65.57,65.57,65.335,65.39,867
2026-08-14T20:30:00+05:30,65.39,65.555,65.355,65.46,513
2026-08-14T20:45:00+05:30,65.45,65.54,65.16,65.235,924
2026-08-14T21:00:00+05:30,65.26,65.305,65.165,65.24,459
2026-08-14T21:15:00+05:30,65.235,65.36,65.18,65.21,465
2026-08-14T21:30:00+05:30,65.21,65.315,65.075,65.1,559
2026-08-14T21:45:00+05:30,65.095,65.22,65.05,65.095,378
2026-08-14T22:00:00+05:30,65.08,65.14,64.875,65.065,693
2026-08-14T22:15:00+05:30,65.07,65.16,65.065,65.13,292
2026-08-14T22:30:00+05:30,65.13,65.165,64.995,65.11,372
2026-08-14T22:45:00+05:30,65.105,65.15,65.06,65.075,242
2026-08-14T23:00:00+05:30,65.06,65.115,64.95,64.975,244
2026-08-14T23:15:00+05:30,64.96,64.99,64.885,64.985,285
2026-08-14T23:30:00+05:30,64.965,65.045,64.905,64.945,206
2026-08-14T23:45:00+05:30,64.945,65.015,64.925,64.95,163
2026-08-15T00:00:00+05:30,64.955,65.015,64.9,64.93,210
2026-08-15T00:15:00+05:30,64.94,64.97,64.83,64.9,264
2026-08-15T00:30:00+05:30,64.905,64.93,64.825,64.915,147
2026-08-15T00:45:00+05:30,64.915,64.98,64.865,64.93,124
2026-08-15T01:00:00+05:30,64.93,64.98,64.875,64.885,165
2026-08-15T01:15:00+05:30,64.89,64.95,64.85,64.885,263
2026-08-15T01:30:00+05:30,64.875,64.885,64.79,64.82,209
2026-08-15T01:45:00+05:30,64.825,64.86,64.785,64.815,159
2026-08-15T02:00:00+05:30,64.81,64.88,64.785,64.86,125
2026-08-15T02:15:00+05:30,64.86,64.86,64.815,64.83,178
2026-08-17T03:30:00+05:30,64.99,65.295,64.84,64.955,470
2026-08-17T03:45:00+05:30,64.965,65.055,64.95,65.05,153
2026-08-17T04:00:00+05:30,65.05,65.145,65.02,65.1,279
2026-08-17T04:15:00+05:30,65.12,65.39,65.11,65.375,267
2026-08-17T04:30:00+05:30,65.365,65.38,65.26,65.265,225
2026-08-17T04:45:00+05:30,65.26,65.295,65.145,65.195,216
2026-08-17T05:00:00+05:30,65.195,65.195,64.905,64.915,410
2026-08-17T05:15:00+05:30,64.91,65.045,64.91,64.96,227
2026-08-17T05:30:00+05:30,64.97,65.225,64.945,65.15,393
2026-08-17T05:45:00+05:30,65.175,65.39,65.16,65.335,369
2026-08-17T06:00:00+05:30,65.335,65.52,65.3,65.495,408
2026-08-17T06:15:00+05:30,65.495,65.67,65.365,65.665,955
2026-08-17T06:30:00+05:30,65.65,66.06,65.605,66,2359
2026-08-17T06:45:00+05:30,65.995,66.39,65.965,66.045,1631
2026-08-17T07:00:00+05:30,66.065,66.08,65.795,66.055,832
2026-08-17T07:15:00+05:30,66.06,66.065,65.785,65.85,428
2026-08-17T07:30:00+05:30,65.86,65.995,65.86,65.905,341
2026-08-17T07:45:00+05:30,65.86,65.98,65.83,65.905,186
2026-08-17T08:00:00+05:30,65.915,66.015,65.73,65.775,594
2026-08-17T08:15:00+05:30,65.755,65.795,65.615,65.785,471
2026-08-17T08:30:00+05:30,65.79,65.865,65.63,65.675,463
2026-08-17T08:45:00+05:30,65.7,65.765,65.645,65.76,229
2026-08-17T09:00:00+05:30,65.75,65.805,65.69,65.725,224
2026-08-17T09:15:00+05:30,65.725,65.725,65.625,65.705,116
2026-08-17T09:30:00+05:30,65.705,65.745,65.665,65.7,216
2026-08-17T09:45:00+05:30,65.7,65.74,65.545,65.605,279
2026-08-17T10:00:00+05:30,65.585,65.775,65.56,65.735,241
2026-08-17T10:15:00+05:30,65.74,65.785,65.58,65.595,206
2026-08-17T10:30:00+05:30,65.625,65.745,65.59,65.605,202
2026-08-17T10:45:00+05:30,65.605,65.93,65.6,65.93,461
2026-08-17T11:00:00+05:30,65.925,66.035,65.855,65.915,655
2026-08-17T11:15:00+05:30,65.935,65.99,65.88,65.925,366
2026-08-17T11:30:00+05:30,65.945,66.115,65.92,65.99,529
2026-08-17T11:45:00+05:30,65.975,66.01,65.83,65.985,524
2026-08-17T12:00:00+05:30,65.97,65.97,65.81,65.915,339
2026-08-17T12:15:00+05:30,65.93,66.12,65.925,66.065,494
2026-08-17T12:30:00+05:30,66.07,66.07,65.795,65.805,456
2026-08-17T12:45:00+05:30,65.825,65.965,65.75,65.955,370
2026-08-17T13:00:00+05:30,65.95,66.13,65.945,66.01,560
2026-08-17T13:15:00+05:30,66.015,66.035,65.84,65.865,216
2026-08-17T13:30:00+05:30,65.855,65.855,65.64,65.79,377
2026-08-17T13:45:00+05:30,65.795,65.83,65.7,65.73,195
2026-08-17T14:00:00+05:30,65.725,65.78,65.655,65.655,227
2026-08-17T14:15:00+05:30,65.65,65.665,65.58,65.62,155
2026-08-17T14:30:00+05:30,65.64,65.74,65.585,65.685,203
2026-08-17T14:45:00+05:30,65.69,65.715,65.61,65.635,166
2026-08-17T15:00:00+05:30,65.64,65.705,65.6,65.655,149
2026-08-17T15:15:00+05:30,65.655,65.7,65.595,65.63,142
2026-08-17T15:30:00+05:30,65.63,65.69,65.55,65.67,218
2026-08-17T15:45:00+05:30,65.67,65.975,65.61,65.955,651
2026-08-17T16:00:00+05:30,65.955,65.98,65.67,65.79,473
2026-08-17T16:15:00+05:30,65.785,65.805,65.725,65.74,212
2026-08-17T16:30:00+05:30,65.73,65.825,65.685,65.78,332
2026-08-17T16:45:00+05:30,65.765,65.93,65.73,65.905,263
2026-08-17T17:00:00+05:30,65.895,65.985,65.855,65.88,260
2026-08-17T17:15:00+05:30,65.875,65.91,65.785,65.81,299
2026-08-17T17:30:00+05:30,65.795,65.885,65.735,65.78,383
2026-08-17T17:45:00+05:30,65.79,65.88,65.495,65.645,892
2026-08-17T18:00:00+05:30,65.65,65.755,65.305,65.31,1118
2026-08-17T18:15:00+05:30,65.3,65.5,65.295,65.395,834
2026-08-17T18:30:00+05:30,65.41,65.585,65.215,65.38,1568
2026-08-17T18:45:00+05:30,65.375,65.47,65.265,65.445,708
2026-08-17T19:00:00+05:30,65.445,65.585,65.375,65.405,805
2026-08-17T19:15:00+05:30,65.405,65.9,65.38,65.825,1217
2026-08-17T19:30:00+05:30,65.835,65.955,65.765,65.945,952
2026-08-17T19:45:00+05:30,65.945,66.46,65.94,66.115,2251
2026-08-17T20:00:00+05:30,66.12,66.465,66.115,66.37,1412
2026-08-17T20:15:00+05:30,66.38,66.57,66.29,66.385,1091
2026-08-17T20:30:00+05:30,66.395,66.55,66.285,66.525,789
2026-08-17T20:45:00+05:30,66.525,66.74,66.495,66.715,1124
2026-08-17T21:00:00+05:30,66.72,66.735,66.515,66.525,629
2026-08-17T21:15:00+05:30,66.53,66.68,66.44,66.61,665
2026-08-17T21:30:00+05:30,66.62,66.635,66.455,66.505,471
2026-08-17T21:45:00+05:30,66.51,66.525,66.44,66.48,358
2026-08-17T22:00:00+05:30,66.5,66.585,66.425,66.51,311
2026-08-17T22:15:00+05:30,66.5,66.565,66.455,66.54,331
2026-08-17T22:30:00+05:30,66.545,66.585,66.445,66.445,421
2026-08-17T22:45:00+05:30,66.44,66.47,66.14,66.18,1231
2026-08-17T23:00:00+05:30,66.17,66.225,66.05,66.22,687
2026-08-17T23:15:00+05:30,66.23,66.285,66.075,66.075,513
2026-08-17T23:30:00+05:30,66.07,66.1,65.94,66.065,674
2026-08-17T23:45:00+05:30,66.065,66.175,65.99,66.03,606
2026-08-18T00:00:00+05:30,66.045,66.05,65.83,65.885,519
2026-08-18T00:15:00+05:30,65.88,66,65.855,65.955,283
2026-08-18T00:30:00+05:30,65.95,65.965,65.825,65.93,288
2026-08-18T00:45:00+05:30,65.935,66.13,65.935,66.07,483
2026-08-18T01:00:00+05:30,66.08,66.105,66.01,66.08,236
2026-08-18T01:15:00+05:30,66.085,66.13,65.98,66.055,310
2026-08-18T01:30:00+05:30,66.045,66.08,65.94,65.96,219
2026-08-18T01:45:00+05:30,65.96,65.99,65.905,65.91,103
2026-08-18T02:00:00+05:30,65.915,65.915,65.865,65.905,128
2026-08-18T02:15:00+05:30,65.905,65.95,65.89,65.93,152
2026-08-18T03:30:00+05:30,65.84,65.985,65.84,65.92,134
2026-08-18T03:45:00+05:30,65.905,65.905,65.76,65.815,224
2026-08-18T04:00:00+05:30,65.81,65.885,65.8,65.87,133
2026-08-18T04:15:00+05:30,65.86,65.865,65.775,65.8,98
2026-08-18T04:30:00+05:30,65.785,65.92,65.77,65.89,181
2026-08-18T04:45:00+05:30,65.895,66.02,65.895,65.97,173
2026-08-18T05:00:00+05:30,65.975,66.065,65.965,66.035,236
2026-08-18T05:15:00+05:30,66.025,66.1,66.01,66.095,195
2026-08-18T05:30:00+05:30,66.1,66.145,65.96,66.05,292
2026-08-18T05:45:00+05:30,66.05,66.565,66.03,66.51,686
2026-08-18T06:00:00+05:30,66.515,66.545,66.36,66.37,432
2026-08-18T06:15:00+05:30,66.39,66.595,66.345,66.55,695
2026-08-18T06:30:00+05:30,66.555,66.68,66.385,66.585,1632
2026-08-18T06:45:00+05:30,66.59,66.68,66.345,66.57,537
2026-08-18T07:00:00+05:30,66.56,66.56,66.105,66.14,526
2026-08-18T07:15:00+05:30,66.14,66.165,65.55,65.76,1908
2026-08-18T07:30:00+05:30,65.77,65.77,65.475,65.545,662
2026-08-18T07:45:00+05:30,65.545,65.65,65.54,65.55,289
2026-08-18T08:00:00+05:30,65.56,65.57,65.29,65.34,987
2026-08-18T08:15:00+05:30,65.355,65.505,65.305,65.47,562
2026-08-18T08:30:00+05:30,65.485,65.605,65.41,65.505,500
2026-08-18T08:45:00+05:30,65.51,65.53,65.29,65.39,429
2026-08-18T09:00:00+05:30,65.375,65.41,65.305,65.345,197
2026-08-18T09:15:00+05:30,65.345,65.35,65.26,65.31,197
2026-08-18T09:30:00+05:30,65.295,65.34,65.25,65.33,214
2026-08-18T09:45:00+05:30,65.34,65.345,65.21,65.3,203
2026-08-18T10:00:00+05:30,65.3,65.345,65.185,65.275,271
2026-08-18T10:15:00+05:30,65.255,65.34,65.24,65.26,115
2026-08-18T10:30:00+05:30,65.255,65.27,65.155,65.18,218
2026-08-18T10:45:00+05:30,65.2,65.315,65.145,65.155,224
2026-08-18T11:00:00+05:30,65.145,65.2,64.845,65.19,1714
2026-08-18T11:15:00+05:30,65.18,65.365,65.155,65.285,529
2026-08-18T11:30:00+05:30,65.27,65.35,65.055,65.35,707
2026-08-18T11:45:00+05:30,65.345,65.53,65.25,65.48,614
2026-08-18T12:00:00+05:30,65.475,65.485,65.315,65.365,222
2026-08-18T12:15:00+05:30,65.375,65.425,65.33,65.375,261
2026-08-18T12:30:00+05:30,65.37,65.4,65.27,65.27,260
2026-08-18T12:45:00+05:30,65.275,65.41,65.275,65.39,166
2026-08-18T13:00:00+05:30,65.41,65.41,65.175,65.27,223
2026-08-18T13:15:00+05:30,65.275,65.315,65.1,65.105,215
2026-08-18T13:30:00+05:30,65.125,65.135,64.93,65.07,474
2026-08-18T13:45:00+05:30,65.085,65.085,64.99,65.04,303
2026-08-18T14:00:00+05:30,65.045,65.215,65.005,65.17,267
2026-08-18T14:15:00+05:30,65.18,65.18,65.015,65.095,208
2026-08-18T14:30:00+05:30,65.085,65.145,65.04,65.075,128
2026-08-18T14:45:00+05:30,65.065,65.105,64.975,65.045,167
2026-08-18T15:00:00+05:30,65.07,65.155,64.985,65.005,176
2026-08-18T15:15:00+05:30,65.015,65.2,64.995,65.195,190
2026-08-18T15:30:00+05:30,65.19,65.25,65.15,65.195,186
2026-08-18T15:45:00+05:30,65.2,65.22,65.065,65.13,144
2026-08-18T16:00:00+05:30,65.13,65.255,65.13,65.23,162
2026-08-18T16:15:00+05:30,65.245,65.27,65.21,65.24,112
2026-08-18T16:30:00+05:30,65.24,65.265,65.11,65.175,324
2026-08-18T16:45:00+05:30,65.155,65.185,65.07,65.08,210
2026-08-18T17:00:00+05:30,65.075,65.15,65.015,65.08,252
2026-08-18T17:15:00+05:30,65.09,65.275,65.08,65.26,253
2026-08-18T17:30:00+05:30,65.25,65.285,65.045,65.15,362
2026-08-18T17:45:00+05:30,65.16,65.365,65.09,65.275,491
2026-08-18T18:00:00+05:30,65.265,65.32,65.16,65.17,380
2026-08-18T18:15:00+05:30,65.16,65.335,65.16,65.225,371
2026-08-18T18:30:00+05:30,65.235,65.345,65.01,65.28,1358
2026-08-18T18:45:00+05:30,65.28,65.28,64.945,64.975,835
2026-08-18T19:00:00+05:30,64.975,65.415,64.615,65.22,2282
2026-08-18T19:15:00+05:30,65.225,65.225,64.77,64.985,1411
2026-08-18T19:30:00+05:30,64.99,65.095,64.62,64.68,1223
2026-08-18T19:45:00+05:30,64.665,64.985,64.645,64.835,1074
2026-08-18T20:00:00+05:30,64.825,64.88,64.37,64.49,1647
2026-08-18T20:15:00+05:30,64.485,64.745,64.215,64.255,1717
2026-08-18T20:30:00+05:30,64.265,64.44,63.825,63.905,2007
2026-08-18T20:45:00+05:30,63.915,64.045,63.605,63.76,1746
2026-08-18T21:00:00+05:30,63.75,63.87,63.665,63.825,1007
2026-08-18T21:15:00+05:30,63.825,64.1,63.825,64.08,736
2026-08-18T21:30:00+05:30,64.075,64.225,64.06,64.125,533
2026-08-18T21:45:00+05:30,64.14,64.14,63.955,63.975,377
2026-08-18T22:00:00+05:30,63.97,64.09,63.97,64.03,276
2026-08-18T22:15:00+05:30,64.035,64.06,63.93,63.97,265
2026-08-18T22:30:00+05:30,63.96,64.055,63.945,63.995,339
2026-08-18T22:45:00+05:30,64,64.11,63.99,64.075,450
2026-08-18T23:00:00+05:30,64.06,64.09,63.935,63.995,434
2026-08-18T23:15:00+05:30,63.96,63.98,63.895,63.935,307
2026-08-18T23:30:00+05:30,63.94,63.94,63.8,63.915,413
2026-08-18T23:45:00+05:30,63.92,63.975,63.85,63.915,325
2026-08-19T00:00:00+05:30,63.925,63.98,63.87,63.87,119
2026-08-19T00:15:00+05:30,63.88,63.93,63.845,63.87,118
2026-08-19T00:30:00+05:30,63.87,63.95,63.835,63.895,164
2026-08-19T00:45:00+05:30,63.9,63.955,63.88,63.93,179
2026-08-19T01:00:00+05:30,63.92,63.95,63.775,63.775,221
2026-08-19T01:15:00+05:30,63.765,63.82,63.42,63.65,1229
2026-08-19T01:30:00+05:30,63.66,63.705,63.59,63.61,272
2026-08-19T01:45:00+05:30,63.61,63.62,63.44,63.57,221
2026-08-19T02:00:00+05:30,63.58,63.605,63.45,63.45,195
2026-08-19T02:15:00+05:30,63.46,63.485,63.275,63.435,695
2026-08-19T03:30:00+05:30,63.435,63.515,63.36,63.48,313
2026-08-19T03:45:00+05:30,63.485,63.505,63.285,63.355,329
2026-08-19T04:00:00+05:30,63.335,63.35,63.24,63.255,181
2026-08-19T04:15:00+05:30,63.27,63.31,63.235,63.26,124
2026-08-19T04:30:00+05:30,63.275,63.37,63.075,63.145,512
2026-08-19T04:45:00+05:30,63.14,63.285,62.945,62.95,884
2026-08-19T05:00:00+05:30,62.98,63.025,62.82,62.95,520
2026-08-19T05:15:00+05:30,62.965,63.065,62.895,63.045,282
2026-08-19T05:30:00+05:30,63.055,63.2,62.95,63.15,456
2026-08-19T05:45:00+05:30,63.145,63.26,63.04,63.125,420
2026-08-19T06:00:00+05:30,63.125,63.21,63.03,63.115,446
2026-08-19T06:15:00+05:30,63.14,63.27,63,63.03,1077
2026-08-19T06:30:00+05:30,63.05,63.205,62.6,63.08,2509
2026-08-19T06:45:00+05:30,63.08,63.125,62.685,63.06,848
2026-08-19T07:00:00+05:30,63.06,63.42,63.025,63.36,808
2026-08-19T07:15:00+05:30,63.36,63.36,63.125,63.27,608
2026-08-19T07:30:00+05:30,63.28,63.3,63.105,63.185,335
2026-08-19T07:45:00+05:30,63.2,63.345,63.16,63.235,338
2026-08-19T08:00:00+05:30,63.255,63.305,63.035,63.095,525
2026-08-19T08:15:00+05:30,63.1,63.175,63.035,63.135,231
2026-08-19T08:30:00+05:30,63.135,63.215,63.025,63.12,212
2026-08-19T08:45:00+05:30,63.13,63.185,62.95,63.13,348
2026-08-19T09:00:00+05:30,63.155,63.275,63.15,63.215,228
2026-08-19T09:15:00+05:30,63.205,63.235,63.1,63.12,108
2026-08-19T09:30:00+05:30,63.13,63.155,63.025,63.035,144
2026-08-19T09:45:00+05:30,63.035,63.05,62.875,62.885,311
2026-08-19T10:00:00+05:30,62.9,62.95,62.82,62.88,215
2026-08-19T10:15:00+05:30,62.875,62.95,62.815,62.945,183
2026-08-19T10:30:00+05:30,62.95,62.975,62.665,62.685,422
2026-08-19T10:45:00+05:30,62.675,62.95,62.64,62.935,444
2026-08-19T11:00:00+05:30,62.95,62.95,62.73,62.85,897
2026-08-19T11:15:00+05:30,62.845,62.845,62.69,62.745,274
2026-08-19T11:30:00+05:30,62.765,62.87,62.705,62.73,327
2026-08-19T11:45:00+05:30,62.71,63.115,62.7,62.96,524
2026-08-19T12:00:00+05:30,62.96,63.05,62.825,62.945,373
2026-08-19T12:15:00+05:30,62.945,63.21,62.935,63.205,399
2026-08-19T12:30:00+05:30,63.205,63.295,63.15,63.27,367
2026-08-19T12:45:00+05:30,63.265,63.305,63.155,63.26,277
2026-08-19T13:00:00+05:30,63.28,63.365,63.09,63.14,378
2026-08-19T13:15:00+05:30,63.145,63.185,63.11,63.145,292
2026-08-19T13:30:00+05:30,63.14,63.32,63.1,63.305,362
2026-08-19T13:45:00+05:30,63.31,63.34,63.23,63.295,205
2026-08-19T14:00:00+05:30,63.3,63.355,63.18,63.335,218
2026-08-19T14:15:00+05:30,63.35,63.36,63.125,63.155,184
2026-08-19T14:30:00+05:30,63.145,63.215,63.12,63.205,204
2026-08-19T14:45:00+05:30,63.205,63.23,63.105,63.19,179
2026-08-19T15:00:00+05:30,63.205,63.285,63.16,63.23,106
2026-08-19T15:15:00+05:30,63.215,63.33,63.195,63.33,135
2026-08-19T15:30:00+05:30,63.325,63.34,63.22,63.305,167
2026-08-19T15:45:00+05:30,63.3,63.455,63.3,63.43,431
2026-08-19T16:00:00+05:30,63.44,63.45,63.365,63.39,172
2026-08-19T16:15:00+05:30,63.395,63.47,63.365,63.42,246
2026-08-19T16:30:00+05:30,63.425,63.56,63.37,63.52,635
2026-08-19T16:45:00+05:30,63.525,63.685,63.475,63.65,414
2026-08-19T17:00:00+05:30,63.63,63.735,63.49,63.51,517
2026-08-19T17:15:00+05:30,63.52,63.67,63.5,63.625,274
2026-08-19T17:30:00+05:30,63.625,63.84,63.565,63.79,591
2026-08-19T17:45:00+05:30,63.785,63.985,63.755,63.845,729
2026-08-19T18:00:00+05:30,63.84,65.23,63.795,65.11,3873
2026-08-19T18:15:00+05:30,65.105,65.16,64.735,64.995,3741
2026-08-19T18:30:00+05:30,64.97,65.23,64.59,65.1,3903
2026-08-19T18:45:00+05:30,65.105,65.31,65.03,65.26,1579
2026-08-19T19:00:00+05:30,65.255,65.555,65.02,65.195,2562
2026-08-19T19:15:00+05:30,65.18,65.26,64.915,65.18,1528
2026-08-19T19:30:00+05:30,65.185,65.41,65.1,65.365,1113
2026-08-19T19:45:00+05:30,65.355,65.65,65.255,65.58,1482
2026-08-19T20:00:00+05:30,65.58,66.02,65.58,65.87,2084
2026-08-19T20:15:00+05:30,65.85,65.855,65.515,65.7,1254
2026-08-19T20:30:00+05:30,65.71,65.78,65.61,65.74,781
2026-08-19T20:45:00+05:30,65.75,65.775,65.51,65.615,656
2026-08-19T21:00:00+05:30,65.61,65.945,65.58,65.9,679
2026-08-19T21:15:00+05:30,65.885,66.02,65.84,65.975,779
2026-08-19T21:30:00+05:30,66,66.165,65.985,66.055,1031
2026-08-19T21:45:00+05:30,66.055,66.095,65.91,65.945,556
2026-08-19T22:00:00+05:30,65.96,66.035,65.89,65.95,394
2026-08-19T22:15:00+05:30,65.955,66.025,65.89,65.9,315
2026-08-19T22:30:00+05:30,65.905,66.03,65.835,65.92,487
2026-08-19T22:45:00+05:30,65.915,65.915,65.71,65.78,868
2026-08-19T23:00:00+05:30,65.785,65.89,65.72,65.855,297
2026-08-19T23:15:00+05:30,65.845,65.91,65.73,65.805,494
2026-08-19T23:30:00+05:30,65.81,66.06,65.76,65.865,753
2026-08-19T23:45:00+05:30,65.865,65.865,65.6,65.645,952
2026-08-20T00:00:00+05:30,65.655,66.055,65.605,66.03,822
2026-08-20T00:15:00+05:30,66.02,66.185,65.97,66.175,685
2026-08-20T00:30:00+05:30,66.175,66.45,66.17,66.385,841
2026-08-20T00:45:00+05:30,66.395,66.54,66.365,66.495,638
2026-08-20T01:00:00+05:30,66.52,66.55,66.35,66.43,536
2026-08-20T01:15:00+05:30,66.44,66.54,66.365,66.5,483
2026-08-20T01:30:00+05:30,66.505,66.52,66.42,66.44,261
2026-08-20T01:45:00+05:30,66.45,66.72,66.45,66.67,569
2026-08-20T02:00:00+05:30,66.66,66.855,66.655,66.82,526
2026-08-20T02:15:00+05:30,66.825,67.23,66.81,67.15,787
2026-08-20T03:30:00+05:30,67.15,67.355,66.95,67.13,589
2026-08-20T03:45:00+05:30,67.125,67.17,67.09,67.115,145
2026-08-20T04:00:00+05:30,67.105,67.105,66.95,67.025,185
2026-08-20T04:15:00+05:30,67.015,67.09,66.955,67.015,155
2026-08-20T04:30:00+05:30,67.03,67.195,66.995,67.105,255
2026-08-20T04:45:00+05:30,67.085,67.2,67.065,67.125,278
2026-08-20T05:00:00+05:30,67.15,67.25,67.125,67.21,273
2026-08-20T05:15:00+05:30,67.185,67.205,67.055,67.08,196
2026-08-20T05:30:00+05:30,67.055,67.3,67.015,67.27,470
2026-08-20T05:45:00+05:30,67.26,67.425,67.145,67.15,577
2026-08-20T06:00:00+05:30,67.13,67.215,67.03,67.07,317
2026-08-20T06:15:00+05:30,67.065,67.155,66.785,66.885,1129
2026-08-20T06:30:00+05:30,66.895,66.965,66.5,66.775,2390
2026-08-20T06:45:00+05:30,66.78,67.015,66.735,66.955,928
2026-08-20T07:00:00+05:30,66.945,67.055,66.8,66.89,776
2026-08-20T07:15:00+05:30,66.89,66.94,66.735,66.845,478
2026-08-20T07:30:00+05:30,66.855,67.465,66.855,67.44,1520
2026-08-20T07:45:00+05:30,67.43,67.43,67.07,67.125,654
2026-08-20T08:00:00+05:30,67.125,67.31,67.07,67.165,597
2026-08-20T08:15:00+05:30,67.15,67.3,67.09,67.16,222
2026-08-20T08:30:00+05:30,67.185,67.335,67.105,67.2,322
2026-08-20T08:45:00+05:30,67.2,67.3,67.15,67.255,214
2026-08-20T09:00:00+05:30,67.25,67.25,67.135,67.185,342
2026-08-20T09:15:00+05:30,67.17,67.375,67.16,67.3,426
2026-08-20T09:30:00+05:30,67.315,67.325,67.215,67.23,260
2026-08-20T09:45:00+05:30,67.23,67.29,67.125,67.135,206
2026-08-20T10:00:00+05:30,67.13,67.165,66.98,67.055,476
2026-08-20T10:15:00+05:30,67.08,67.295,67.055,67.2,295
2026-08-20T10:30:00+05:30,67.205,67.42,67.085,67.12,421
2026-08-20T10:45:00+05:30,67.14,67.2,67,67,388
2026-08-20T11:00:00+05:30,66.99,67.125,66.75,66.93,906
2026-08-20T11:15:00+05:30,66.92,66.96,66.775,66.915,368
2026-08-20T11:30:00+05:30,66.93,67.285,66.845,67.225,651
2026-08-20T11:45:00+05:30,67.23,67.285,67.12,67.175,301
2026-08-20T12:00:00+05:30,67.165,67.24,67.115,67.18,328
2026-08-20T12:15:00+05:30,67.19,67.26,67.05,67.14,386
2026-08-20T12:30:00+05:30,67.14,67.155,66.88,66.905,476
2026-08-20T12:45:00+05:30,66.92,66.955,66.66,66.66,593
2026-08-20T13:00:00+05:30,66.67,66.84,66.6,66.69,560
2026-08-20T13:15:00+05:30,66.68,66.845,66.645,66.725,346
2026-08-20T13:30:00+05:30,66.73,66.895,66.72,66.86,405
2026-08-20T13:45:00+05:30,66.85,66.985,66.765,66.815,379
2026-08-20T14:00:00+05:30,66.805,66.9,66.71,66.735,335
2026-08-20T14:15:00+05:30,66.73,66.825,66.665,66.795,301
2026-08-20T14:30:00+05:30,66.8,66.875,66.725,66.855,165
2026-08-20T14:45:00+05:30,66.85,66.9,66.76,66.815,191
2026-08-20T15:00:00+05:30,66.81,66.89,66.725,66.86,148
2026-08-20T15:15:00+05:30,66.85,66.855,66.76,66.8,144
2026-08-20T15:30:00+05:30,66.8,67.095,66.75,67.085,355
2026-08-20T15:45:00+05:30,67.08,67.085,66.87,67.04,411
2026-08-20T16:00:00+05:30,67.05,67.09,66.925,66.965,292
2026-08-20T16:15:00+05:30,66.97,67.005,66.91,66.99,144
2026-08-20T16:30:00+05:30,67,67.02,66.75,66.855,649
2026-08-20T16:45:00+05:30,66.855,66.945,66.71,66.8,343
2026-08-20T17:00:00+05:30,66.805,66.865,66.645,66.655,396
2026-08-20T17:15:00+05:30,66.66,66.69,66.255,66.29,1289
2026-08-20T17:30:00+05:30,66.29,66.295,65.755,66.02,2277
2026-08-20T17:45:00+05:30,66.025,66.315,65.995,66.235,1068
2026-08-20T18:00:00+05:30,66.21,66.485,66.015,66.455,1147
2026-08-20T18:15:00+05:30,66.46,66.73,66.42,66.64,1137
2026-08-20T18:30:00+05:30,66.65,66.925,66.605,66.825,1542
2026-08-20T18:45:00+05:30,66.83,66.92,66.755,66.835,719
2026-08-20T19:00:00+05:30,66.84,67.63,66.83,67.5,2687
2026-08-20T19:15:00+05:30,67.49,67.605,67.23,67.275,1093
2026-08-20T19:30:00+05:30,67.28,67.67,67.2,67.47,1458
2026-08-20T19:45:00+05:30,67.475,67.615,67.385,67.58,1081
2026-08-20T20:00:00+05:30,67.585,67.885,67.565,67.815,1626
2026-08-20T20:15:00+05:30,67.81,68.49,67.8,68.46,1976
2026-08-20T20:30:00+05:30,68.465,69.01,68.39,68.875,3898
2026-08-20T20:45:00+05:30,68.88,69.045,68.735,68.805,1855
2026-08-20T21:00:00+05:30,68.81,68.835,68.225,68.235,1839
2026-08-20T21:15:00+05:30,68.23,68.465,68.21,68.38,1159
2026-08-20T21:30:00+05:30,68.385,68.51,68.15,68.175,878
2026-08-20T21:45:00+05:30,68.17,68.185,67.99,68.09,1030
2026-08-20T22:00:00+05:30,68.08,68.205,67.98,68.195,638
2026-08-20T22:15:00+05:30,68.18,68.35,68.13,68.285,624
2026-08-20T22:30:00+05:30,68.3,68.365,68.225,68.28,392
2026-08-20T22:45:00+05:30,68.275,68.335,68.06,68.165,799
2026-08-20T23:00:00+05:30,68.165,68.315,68.145,68.245,271
2026-08-20T23:15:00+05:30,68.24,68.315,68.215,68.235,319
2026-08-20T23:30:00+05:30,68.245,68.28,67.84,67.875,880
2026-08-20T23:45:00+05:30,67.86,68.135,67.815,68.095,527
2026-08-21T00:00:00+05:30,68.08,68.135,67.995,68.01,310
2026-08-21T00:15:00+05:30,68,68.105,67.97,68,352
2026-08-21T00:30:00+05:30,67.98,68.285,67.915,68.28,443
2026-08-21T00:45:00+05:30,68.285,68.34,68.17,68.175,373
2026-08-21T01:00:00+05:30,68.175,68.315,68.125,68.21,396
2026-08-21T01:15:00+05:30,68.18,68.44,68.15,68.34,730
2026-08-21T01:30:00+05:30,68.33,68.365,68.195,68.21,305
2026-08-21T01:45:00+05:30,68.22,68.23,68.15,68.155,152
2026-08-21T02:00:00+05:30,68.155,68.165,68.115,68.14,125
2026-08-21T02:15:00+05:30,68.14,68.225,68.125,68.14,197
2026-08-21T03:30:00+05:30,68.285,68.365,68.14,68.165,182
2026-08-21T03:45:00+05:30,68.18,68.21,68.135,68.195,117
2026-08-21T04:00:00+05:30,68.18,68.295,68.165,68.265,135
2026-08-21T04:15:00+05:30,68.265,68.35,68.225,68.31,230
2026-08-21T04:30:00+05:30,68.31,68.445,68.28,68.435,345
2026-08-21T04:45:00+05:30,68.425,68.45,68.31,68.38,144
2026-08-21T05:00:00+05:30,68.37,68.4,68.23,68.29,230
2026-08-21T05:15:00+05:30,68.265,68.37,68.24,68.24,182
2026-08-21T05:30:00+05:30,68.245,68.3,68.11,68.165,526
2026-08-21T05:45:00+05:30,68.16,68.2,68.05,68.1,515
2026-08-21T06:00:00+05:30,68.105,68.16,67.99,68.15,459
2026-08-21T06:15:00+05:30,68.13,68.18,68.005,68.03,352
2026-08-21T06:30:00+05:30,68.04,68.5,67.95,68.465,1379
2026-08-21T06:45:00+05:30,68.475,68.71,68.46,68.57,1183
2026-08-21T07:00:00+05:30,68.56,68.775,68.365,68.45,874
2026-08-21T07:15:00+05:30,68.45,68.63,68.385,68.61,469
2026-08-21T07:30:00+05:30,68.61,68.63,68.415,68.47,441
2026-08-21T07:45:00+05:30,68.47,68.755,68.445,68.675,314
2026-08-21T08:00:00+05:30,68.695,68.975,68.575,68.965,859
2026-08-21T08:15:00+05:30,68.96,69.1,68.75,68.79,752
2026-08-21T08:30:00+05:30,68.795,69.05,68.785,68.92,508
2026-08-21T08:45:00+05:30,68.935,68.985,68.785,68.79,313
2026-08-21T09:00:00+05:30,68.795,68.98,68.77,68.855,364
2026-08-21T09:15:00+05:30,68.885,68.945,68.8,68.935,223
2026-08-21T09:30:00+05:30,68.94,69.12,68.93,69.08,415
2026-08-21T09:45:00+05:30,69.08,69.24,69.015,69.22,566
2026-08-21T10:00:00+05:30,69.225,69.225,68.995,69.04,257
2026-08-21T10:15:00+05:30,69.025,69.11,69.015,69.025,156
2026-08-21T10:30:00+05:30,69.04,69.045,68.95,69.02,251
2026-08-21T10:45:00+05:30,69.04,69.045,68.79,68.84,594
2026-08-21T11:00:00+05:30,68.83,69.1,68.78,69.05,716
2026-08-21T11:15:00+05:30,69.05,69.26,69.015,69.225,538
2026-08-21T11:30:00+05:30,69.225,69.24,68.835,68.925,591
2026-08-21T11:45:00+05:30,68.925,69.08,68.865,68.915,534
2026-08-21T12:00:00+05:30,68.9,69.18,68.87,68.99,689
2026-08-21T12:15:00+05:30,69.005,69.025,68.865,68.895,566
2026-08-21T12:30:00+05:30,68.875,69.12,68.845,69,425
2026-08-21T12:45:00+05:30,69.005,69.145,68.96,68.985,416
2026-08-21T13:00:00+05:30,68.97,69.23,68.935,69.2,489
2026-08-21T13:15:00+05:30,69.215,69.47,69.19,69.38,1188
2026-08-21T13:30:00+05:30,69.385,69.435,69.175,69.3,548
2026-08-21T13:45:00+05:30,69.275,69.75,69.23,69.74,1113
2026-08-21T14:00:00+05:30,69.74,69.98,69.71,69.85,1156
2026-08-21T14:15:00+05:30,69.855,69.945,69.77,69.885,559
2026-08-21T14:30:00+05:30,69.87,70.025,69.78,70.02,871
2026-08-21T14:45:00+05:30,70.01,70.045,69.515,69.525,969
2026-08-21T15:00:00+05:30,69.55,69.71,69.47,69.525,880
2026-08-21T15:15:00+05:30,69.525,69.55,69.465,69.49,257
2026-08-21T15:30:00+05:30,69.485,69.58,69.225,69.28,644
2026-08-21T15:45:00+05:30,69.285,69.54,69.275,69.455,630
2026-08-21T16:00:00+05:30,69.455,69.555,69.385,69.485,328
2026-08-21T16:15:00+05:30,69.495,69.61,69.43,69.54,479
2026-08-21T16:30:00+05:30,69.535,69.745,69.48,69.74,500
2026-08-21T16:45:00+05:30,69.745,70.075,69.745,70.03,930
2026-08-21T17:00:00+05:30,70.03,70.075,69.825,69.915,798
2026-08-21T17:15:00+05:30,69.9,69.975,69.745,69.76,481
2026-08-21T17:30:00+05:30,69.775,69.8,69.49,69.565,904
2026-08-21T17:45:00+05:30,69.555,69.595,69.36,69.535,749
2026-08-21T18:00:00+05:30,69.515,69.53,69.11,69.395,1323
2026-08-21T18:15:00+05:30,69.39,69.54,69.345,69.49,1044
2026-08-21T18:30:00+05:30,69.48,69.725,69.355,69.655,1747
2026-08-21T18:45:00+05:30,69.655,69.7,69.525,69.625,716
2026-08-21T19:00:00+05:30,69.62,69.81,69.285,69.76,1685
2026-08-21T19:15:00+05:30,69.67,69.905,69.37,69.385,1643
2026-08-21T19:30:00+05:30,69.395,69.68,69.36,69.58,1049
2026-08-21T19:45:00+05:30,69.59,69.845,69.365,69.765,1170
2026-08-21T20:00:00+05:30,69.765,69.775,68.93,69.035,2627
2026-08-21T20:15:00+05:30,69.055,69.39,68.99,69.2,1372
2026-08-21T20:30:00+05:30,69.195,69.345,69.05,69.3,847
2026-08-21T20:45:00+05:30,69.31,69.635,69.26,69.505,981
2026-08-21T21:00:00+05:30,69.505,69.655,69.385,69.555,847
2026-08-21T21:15:00+05:30,69.565,69.76,69.53,69.585,941
2026-08-21T21:30:00+05:30,69.585,69.68,69.39,69.505,851
2026-08-21T21:45:00+05:30,69.5,69.78,69.5,69.615,683
2026-08-21T22:00:00+05:30,69.62,69.84,69.58,69.82,684
2026-08-21T22:15:00+05:30,69.825,70.015,69.81,69.955,759
2026-08-21T22:30:00+05:30,69.97,70.01,69.7,69.75,1161
2026-08-21T22:45:00+05:30,69.76,69.795,69.43,69.65,1276
2026-08-21T23:00:00+05:30,69.65,69.73,69.56,69.63,489
2026-08-21T23:15:00+05:30,69.63,69.635,69.48,69.55,532
2026-08-21T23:30:00+05:30,69.55,69.735,69.54,69.62,331
2026-08-21T23:45:00+05:30,69.62,69.785,69.62,69.68,470
2026-08-22T00:00:00+05:30,69.68,69.68,69.525,69.6,385
2026-08-22T00:15:00+05:30,69.625,69.66,69.595,69.64,181
2026-08-22T00:30:00+05:30,69.65,69.685,69.47,69.6,330
2026-08-22T00:45:00+05:30,69.595,69.615,69.46,69.46,245
2026-08-22T01:00:00+05:30,69.46,69.495,69.335,69.355,456
2026-08-22T01:15:00+05:30,69.345,69.52,69.32,69.43,530
2026-08-22T01:30:00+05:30,69.43,69.43,69.32,69.33,328
2026-08-22T01:45:00+05:30,69.335,69.345,69.01,69.04,537
2026-08-22T02:00:00+05:30,69.03,69.06,68.855,69.025,484
2026-08-22T02:15:00+05:30,69.015,69.11,68.94,69.005,553
2026-08-24T03:30:00+05:30,69.34,69.485,68.925,69.41,1297
2026-08-24T03:45:00+05:30,69.39,69.415,69.18,69.195,479
2026-08-24T04:00:00+05:30,69.175,69.25,69.03,69.11,310
2026-08-24T04:15:00+05:30,69.095,69.095,68.935,68.935,315
2026-08-24T04:30:00+05:30,68.955,69.055,68.9,69.005,294
2026-08-24T04:45:00+05:30,68.995,69.205,68.995,69.155,221
2026-08-24T05:00:00+05:30,69.16,69.235,69.08,69.1,275
2026-08-24T05:15:00+05:30,69.105,69.39,69.105,69.37,334
2026-08-24T05:30:00+05:30,69.37,69.665,69.325,69.535,849
2026-08-24T05:45:00+05:30,69.535,69.575,68.805,68.995,1162
2026-08-24T06:00:00+05:30,68.99,69.015,68.705,68.88,774
2026-08-24T06:15:00+05:30,68.85,69.35,68.825,69.34,878
2026-08-24T06:30:00+05:30,69.345,69.545,68.955,68.995,2054
2026-08-24T06:45:00+05:30,69.005,69.035,68.6,68.6,1115
2026-08-24T07:00:00+05:30,68.61,68.775,68.415,68.635,1140
2026-08-24T07:15:00+05:30,68.64,68.95,68.565,68.845,990
2026-08-24T07:30:00+05:30,68.825,69.315,68.755,69.245,904
2026-08-24T07:45:00+05:30,69.225,69.355,69.225,69.275,460
2026-08-24T08:00:00+05:30,69.3,69.36,68.925,68.93,795
2026-08-24T08:15:00+05:30,68.94,68.98,68.655,68.96,945
2026-08-24T08:30:00+05:30,68.96,69.005,68.795,68.915,337
2026-08-24T08:45:00+05:30,68.925,69.075,68.865,68.955,351
2026-08-24T09:00:00+05:30,68.97,69.205,68.96,69.025,430
2026-08-24T09:15:00+05:30,69.03,69.11,68.935,68.96,249
2026-08-24T09:30:00+05:30,68.96,69.035,68.84,68.96,287
2026-08-24T09:45:00+05:30,68.955,69.015,68.835,68.945,207
2026-08-24T10:00:00+05:30,68.95,68.95,68.825,68.915,126
2026-08-24T10:15:00+05:30,68.92,68.94,68.83,68.87,106
2026-08-24T10:30:00+05:30,68.915,69.01,68.865,69.005,253
2026-08-24T10:45:00+05:30,68.985,69.055,68.785,68.79,434
2026-08-24T11:00:00+05:30,68.78,68.885,68.63,68.665,998
2026-08-24T11:15:00+05:30,68.695,69,68.66,69,573
2026-08-24T11:30:00+05:30,68.985,69.27,68.93,69.25,767
2026-08-24T11:45:00+05:30,69.255,69.43,68.98,69.01,933
2026-08-24T12:00:00+05:30,69.015,69.22,68.985,69.025,469
2026-08-24T12:15:00+05:30,69.035,69.15,69.015,69.135,317
2026-08-24T12:30:00+05:30,69.12,69.26,69.02,69.13,540
2026-08-24T12:45:00+05:30,69.13,69.2,68.965,68.995,536
2026-08-24T13:00:00+05:30,68.995,69.09,68.83,68.835,496
2026-08-24T13:15:00+05:30,68.845,68.965,68.75,68.865,442
2026-08-24T13:30:00+05:30,68.885,69.085,68.75,68.805,591
2026-08-24T13:45:00+05:30,68.8,68.84,68.65,68.65,514
2026-08-24T14:00:00+05:30,68.65,68.94,68.605,68.935,317
2026-08-24T14:15:00+05:30,68.95,68.96,68.7,68.7,332
2026-08-24T14:30:00+05:30,68.705,68.825,68.685,68.775,352
2026-08-24T14:45:00+05:30,68.755,68.755,68.62,68.64,385
2026-08-24T15:00:00+05:30,68.64,68.795,68.62,68.77,213
2026-08-24T15:15:00+05:30,68.78,68.845,68.755,68.825,203
2026-08-24T15:30:00+05:30,68.82,69,68.82,68.965,396
2026-08-24T15:45:00+05:30,68.965,69,68.885,68.9,204
2026-08-24T16:00:00+05:30,68.895,68.99,68.82,68.865,219
2026-08-24T16:15:00+05:30,68.855,68.885,68.74,68.805,260
2026-08-24T16:30:00+05:30,68.8,68.895,68.695,68.865,480
2026-08-24T16:45:00+05:30,68.875,68.935,68.845,68.935,222
2026-08-24T17:00:00+05:30,68.92,69.515,68.835,69.23,1329
2026-08-24T17:15:00+05:30,69.255,69.31,69.06,69.27,566
2026-08-24T17:30:00+05:30,69.26,69.355,69.105,69.25,581
2026-08-24T17:45:00+05:30,69.23,69.36,69.16,69.335,521
2026-08-24T18:00:00+05:30,69.32,69.48,68.89,69.125,1341
2026-08-24T18:15:00+05:30,69.13,69.345,68.99,69.185,648
2026-08-24T18:30:00+05:30,69.185,69.92,69.145,69.84,2355
2026-08-24T18:45:00+05:30,69.84,69.865,69.42,69.51,1269
2026-08-24T19:00:00+05:30,69.5,69.75,68.855,68.87,1975
2026-08-24T19:15:00+05:30,68.865,69.255,68.795,69,1706
2026-08-24T19:30:00+05:30,69,69.145,68.82,68.95,1269
2026-08-24T19:45:00+05:30,68.945,69.14,68.635,69.08,1375
2026-08-24T20:00:00+05:30,69.095,69.285,68.99,69.06,988
2026-08-24T20:15:00+05:30,69.07,69.095,68.675,68.94,1284
2026-08-24T20:30:00+05:30,68.94,69.19,68.89,69.09,768
2026-08-24T20:45:00+05:30,69.1,69.3,69.01,69.21,765
2026-08-24T21:00:00+05:30,69.205,69.25,68.725,68.755,1268
2026-08-24T21:15:00+05:30,68.75,68.86,68.35,68.535,2165
2026-08-24T21:30:00+05:30,68.545,68.815,68.52,68.665,1084
2026-08-24T21:45:00+05:30,68.655,68.885,68.62,68.865,628
2026-08-24T22:00:00+05:30,68.87,68.885,68.76,68.81,314
2026-08-24T22:15:00+05:30,68.81,68.86,68.635,68.685,546
2026-08-24T22:30:00+05:30,68.685,68.945,68.645,68.82,722
2026-08-24T22:45:00+05:30,68.8,68.885,68.385,68.52,1757
2026-08-24T23:00:00+05:30,68.53,68.6,68.435,68.495,387
2026-08-24T23:15:00+05:30,68.495,68.505,68.32,68.495,530
2026-08-24T23:30:00+05:30,68.485,68.635,68.3,68.475,557
2026-08-24T23:45:00+05:30,68.46,68.73,68.405,68.64,760
2026-08-25T00:00:00+05:30,68.655,68.67,68.34,68.55,294
2026-08-25T00:15:00+05:30,68.545,68.55,68.485,68.515,132
2026-08-25T00:30:00+05:30,68.52,68.605,68.505,68.51,217
2026-08-25T00:45:00+05:30,68.51,68.715,68.495,68.56,309
2026-08-25T01:00:00+05:30,68.575,68.75,68.515,68.73,326
2026-08-25T01:15:00+05:30,68.74,68.865,68.715,68.84,449
2026-08-25T01:30:00+05:30,68.84,68.895,68.805,68.82,229
2026-08-25T01:45:00+05:30,68.82,68.89,68.815,68.83,134
2026-08-25T02:00:00+05:30,68.86,68.865,68.825,68.85,69
2026-08-25T02:15:00+05:30,68.845,68.985,68.845,68.96,178
2026-08-25T03:30:00+05:30,68.96,69.16,68.94,69.015,305
2026-08-25T03:45:00+05:30,69.055,69.06,68.965,68.98,110
2026-08-25T04:00:00+05:30,68.995,69.135,68.995,69.135,127
2026-08-25T04:15:00+05:30,69.13,69.26,69.125,69.225,224
2026-08-25T04:30:00+05:30,69.235,69.31,69.175,69.28,161
2026-08-25T04:45:00+05:30,69.295,69.39,69.29,69.29,230
2026-08-25T05:00:00+05:30,69.29,69.55,69.29,69.545,386
2026-08-25T05:15:00+05:30,69.545,69.785,69.53,69.735,635
2026-08-25T05:30:00+05:30,69.755,69.975,69.455,69.615,1131
2026-08-25T05:45:00+05:30,69.62,69.645,69.33,69.425,441
2026-08-25T06:00:00+05:30,69.42,69.71,69.4,69.66,639
2026-08-25T06:15:00+05:30,69.67,69.72,69.42,69.435,940
2026-08-25T06:30:00+05:30,69.455,69.56,69.18,69.44,1307
2026-08-25T06:45:00+05:30,69.425,69.45,69.09,69.145,748
2026-08-25T07:00:00+05:30,69.155,69.335,69.065,69.24,559
2026-08-25T07:15:00+05:30,69.24,69.26,68.74,68.77,915
2026-08-25T07:30:00+05:30,68.765,68.85,67.835,68.05,2666
2026-08-25T07:45:00+05:30,68.03,68.39,68.01,68.37,835
2026-08-25T08:00:00+05:30,68.375,68.39,67.61,67.665,2364
2026-08-25T08:15:00+05:30,67.67,67.87,67.535,67.75,1492
2026-08-25T08:30:00+05:30,67.76,67.905,67.65,67.815,745
2026-08-25T08:45:00+05:30,67.825,67.935,67.735,67.91,439
2026-08-25T09:00:00+05:30,67.895,68.055,67.885,67.935,377
2026-08-25T09:15:00+05:30,67.93,67.97,67.87,67.95,159
2026-08-25T09:30:00+05:30,67.945,68.015,67.875,68.01,185
2026-08-25T09:45:00+05:30,68,68,67.82,67.88,251
2026-08-25T10:00:00+05:30,67.89,67.89,67.715,67.765,228
2026-08-25T10:15:00+05:30,67.755,67.82,67.7,67.78,244
2026-08-25T10:30:00+05:30,67.78,68.07,67.725,68.01,347
2026-08-25T10:45:00+05:30,68.01,68.275,68.01,68.26,464
2026-08-25T11:00:00+05:30,68.27,68.28,67.815,67.895,978
2026-08-25T11:15:00+05:30,67.89,68.08,67.84,68.02,374
2026-08-25T11:30:00+05:30,68.015,68.35,67.955,68.33,569
2026-08-25T11:45:00+05:30,68.315,68.6,68.25,68.46,559
2026-08-25T12:00:00+05:30,68.46,68.62,68.425,68.44,509
2026-08-25T12:15:00+05:30,68.43,68.5,68.325,68.355,337
2026-08-25T12:30:00+05:30,68.355,68.42,68.305,68.32,390
2026-08-25T12:45:00+05:30,68.325,68.405,68.115,68.125,445
2026-08-25T13:00:00+05:30,68.145,68.265,68.09,68.26,401
2026-08-25T13:15:00+05:30,68.26,68.275,68.01,68.02,255
2026-08-25T13:30:00+05:30,68.015,68.04,67.68,67.78,632
2026-08-25T13:45:00+05:30,67.785,68.215,67.78,68,736
2026-08-25T14:00:00+05:30,67.995,68.035,67.74,67.865,489
2026-08-25T14:15:00+05:30,67.875,67.9,67.715,67.855,309
2026-08-25T14:30:00+05:30,67.845,67.86,67.525,67.85,683
2026-08-25T14:45:00+05:30,67.86,67.93,67.74,67.755,241
2026-08-25T15:00:00+05:30,67.76,68.045,67.685,67.965,441
2026-08-25T15:15:00+05:30,67.995,68.19,67.97,68.015,473
2026-08-25T15:30:00+05:30,68.015,68.05,67.885,67.905,242
2026-08-25T15:45:00+05:30,67.905,67.97,67.82,67.865,148
2026-08-25T16:00:00+05:30,67.865,67.94,67.79,67.855,133
2026-08-25T16:15:00+05:30,67.845,67.94,67.765,67.865,194
2026-08-25T16:30:00+05:30,67.855,68.02,67.755,68.015,503
2026-08-25T16:45:00+05:30,68.02,68.05,67.935,68.04,215
2026-08-25T17:00:00+05:30,68.04,68.175,68.02,68.08,268
2026-08-25T17:15:00+05:30,68.08,68.205,68.035,68.06,251
2026-08-25T17:30:00+05:30,68.07,68.08,67.885,68.01,504
2026-08-25T17:45:00+05:30,68,68.05,67.845,67.945,419
2026-08-25T18:00:00+05:30,67.95,67.97,67.75,67.945,570
2026-08-25T18:15:00+05:30,67.945,68.205,67.91,68.195,627
2026-08-25T18:30:00+05:30,68.205,68.235,67.455,67.485,1841
2026-08-25T18:45:00+05:30,67.495,67.725,67.43,67.45,1246
2026-08-25T19:00:00+05:30,67.455,67.78,67.425,67.525,1164
2026-08-25T19:15:00+05:30,67.53,67.7,67.375,67.68,1331
2026-08-25T19:30:00+05:30,67.695,67.955,67.635,67.8,953
2026-08-25T19:45:00+05:30,67.81,68.015,67.665,67.905,734
2026-08-25T20:00:00+05:30,67.93,68.195,67.65,68.11,1136
2026-08-25T20:15:00+05:30,68.1,68.2,68.025,68.11,474
2026-08-25T20:30:00+05:30,68.135,68.195,67.985,68.13,402
2026-08-25T20:45:00+05:30,68.145,68.425,68.04,68.305,898
2026-08-25T21:00:00+05:30,68.3,68.85,68.3,68.82,1828
2026-08-25T21:15:00+05:30,68.835,68.885,68.66,68.83,1033
2026-08-25T21:30:00+05:30,68.825,68.85,68.555,68.59,666
2026-08-25T21:45:00+05:30,68.6,68.7,68.5,68.645,450
2026-08-25T22:00:00+05:30,68.655,68.74,68.525,68.71,438
2026-08-25T22:15:00+05:30,68.71,68.825,68.645,68.7,420
2026-08-25T22:30:00+05:30,68.69,68.71,68.595,68.7,262
2026-08-25T22:45:00+05:30,68.68,68.86,68.625,68.695,599
2026-08-25T23:00:00+05:30,68.71,68.865,68.685,68.855,319
2026-08-25T23:15:00+05:30,68.855,68.96,68.83,68.875,458
2026-08-25T23:30:00+05:30,68.885,68.925,68.785,68.845,206
2026-08-25T23:45:00+05:30,68.865,68.885,68.79,68.88,127
2026-08-26T00:00:00+05:30,68.89,68.89,68.755,68.825,151
2026-08-26T00:15:00+05:30,68.815,68.91,68.815,68.9,113
2026-08-26T00:30:00+05:30,68.895,69.17,68.895,69.14,593
2026-08-26T00:45:00+05:30,69.135,69.29,69.025,69.07,431
2026-08-26T01:00:00+05:30,69.055,69.07,68.88,68.915,427
2026-08-26T01:15:00+05:30,68.93,69.05,68.87,68.945,882
2026-08-26T01:30:00+05:30,68.935,68.98,68.845,68.865,270
2026-08-26T01:45:00+05:30,68.895,68.97,68.85,68.86,133
2026-08-26T02:00:00+05:30,68.885,68.885,68.81,68.84,140
2026-08-26T02:15:00+05:30,68.825,68.835,68.56,68.65,294
2026-08-26T03:30:00+05:30,68.65,68.88,68.635,68.855,266
2026-08-26T03:45:00+05:30,68.855,68.915,68.85,68.9,146
2026-08-26T04:00:00+05:30,68.915,68.995,68.895,68.965,131
2026-08-26T04:15:00+05:30,68.98,69.1,68.98,69.045,153
2026-08-26T04:30:00+05:30,69.055,69.075,68.96,68.97,124
2026-08-26T04:45:00+05:30,68.97,68.98,68.835,68.855,121
2026-08-26T05:00:00+05:30,68.855,68.855,68.73,68.76,121
2026-08-26T05:15:00+05:30,68.755,68.81,68.7,68.755,175
2026-08-26T05:30:00+05:30,68.735,68.84,68.665,68.74,321
2026-08-26T05:45:00+05:30,68.735,68.84,68.515,68.565,376
2026-08-26T06:00:00+05:30,68.555,68.68,68.425,68.51,471
2026-08-26T06:15:00+05:30,68.48,68.535,68.385,68.4,558
2026-08-26T06:30:00+05:30,68.415,68.655,68.21,68.55,1501
2026-08-26T06:45:00+05:30,68.565,68.78,68.51,68.57,647
2026-08-26T07:00:00+05:30,68.575,68.74,68.44,68.72,459
2026-08-26T07:15:00+05:30,68.73,69.48,68.645,69.345,1063
2026-08-26T07:30:00+05:30,69.34,69.47,69.235,69.425,709
2026-08-26T07:45:00+05:30,69.44,69.5,69.29,69.355,451
2026-08-26T08:00:00+05:30,69.335,69.75,69.29,69.61,1123
2026-08-26T08:15:00+05:30,69.615,69.685,69.39,69.45,568
2026-08-26T08:30:00+05:30,69.465,69.465,69.125,69.17,477
2026-08-26T08:45:00+05:30,69.165,69.375,69.15,69.365,437
2026-08-26T09:00:00+05:30,69.35,69.495,69.34,69.34,308
2026-08-26T09:15:00+05:30,69.33,69.37,69.205,69.21,391
2026-08-26T09:30:00+05:30,69.225,69.28,69.175,69.18,194
2026-08-26T09:45:00+05:30,69.18,69.19,69.1,69.155,239
2026-08-26T10:00:00+05:30,69.165,69.175,69.05,69.05,198
2026-08-26T10:15:00+05:30,69.06,69.065,68.975,69,199
2026-08-26T10:30:00+05:30,68.99,69.17,68.975,69.065,264
2026-08-26T10:45:00+05:30,69.075,69.24,69.035,69.175,191
2026-08-26T11:00:00+05:30,69.185,69.425,69.055,69.08,604
2026-08-26T11:15:00+05:30,69.065,69.23,69,69.215,287
2026-08-26T11:30:00+05:30,69.215,69.215,68.925,68.995,351
2026-08-26T11:45:00+05:30,68.985,69.005,68.615,68.67,476
2026-08-26T12:00:00+05:30,68.655,68.795,68.585,68.76,390
2026-08-26T12:15:00+05:30,68.785,68.855,68.685,68.745,270
2026-08-26T12:30:00+05:30,68.765,68.94,68.745,68.88,290
2026-08-26T12:45:00+05:30,68.885,68.92,68.74,68.75,162
2026-08-26T13:00:00+05:30,68.775,68.895,68.75,68.8,217
2026-08-26T13:15:00+05:30,68.8,68.925,68.61,68.655,265
2026-08-26T13:30:00+05:30,68.64,68.7,68.56,68.595,241
2026-08-26T13:45:00+05:30,68.58,68.665,68.47,68.61,255
2026-08-26T14:00:00+05:30,68.61,68.675,68.475,68.61,174
2026-08-26T14:15:00+05:30,68.635,68.635,68.53,68.615,101
2026-08-26T14:30:00+05:30,68.605,68.675,68.525,68.535,261
2026-08-26T14:45:00+05:30,68.545,68.545,68.43,68.45,248
2026-08-26T15:00:00+05:30,68.46,68.605,68.43,68.58,169
2026-08-26T15:15:00+05:30,68.595,68.685,68.595,68.665,176
2026-08-26T15:30:00+05:30,68.645,68.65,68.5,68.51,209
2026-08-26T15:45:00+05:30,68.505,68.545,68.43,68.45,287
2026-08-26T16:00:00+05:30,68.45,68.605,68.435,68.55,191
2026-08-26T16:15:00+05:30,68.55,68.57,68.43,68.44,233
2026-08-26T16:30:00+05:30,68.45,68.57,68.445,68.47,385
2026-08-26T16:45:00+05:30,68.475,68.51,68.365,68.485,390
2026-08-26T17:00:00+05:30,68.485,68.61,68.42,68.52,254
2026-08-26T17:15:00+05:30,68.51,68.635,68.445,68.635,232
2026-08-26T17:30:00+05:30,68.64,68.775,68.63,68.735,461
2026-08-26T17:45:00+05:30,68.72,68.91,68.685,68.88,395
2026-08-26T18:00:00+05:30,68.905,68.975,68.52,68.815,1642
2026-08-26T18:15:00+05:30,68.825,68.87,68.305,68.32,1168
2026-08-26T18:30:00+05:30,68.305,68.495,68.005,68.125,2066
2026-08-26T18:45:00+05:30,68.125,68.25,67.85,68.17,1133
2026-08-26T19:00:00+05:30,68.18,68.41,68.17,68.33,955
2026-08-26T19:15:00+05:30,68.325,68.475,68.21,68.445,711
2026-08-26T19:30:00+05:30,68.44,68.48,68.185,68.22,651
2026-08-26T19:45:00+05:30,68.23,68.55,68.18,68.23,863
2026-08-26T20:00:00+05:30,68.22,68.4,68.17,68.385,700
2026-08-26T20:15:00+05:30,68.41,68.415,67.865,67.865,859
2026-08-26T20:30:00+05:30,67.87,67.935,67.485,67.58,1811
2026-08-26T20:45:00+05:30,67.58,67.99,67.535,67.9,980
2026-08-26T21:00:00+05:30,67.89,68.065,67.875,68.025,587
2026-08-26T21:15:00+05:30,68.025,68.11,67.85,67.9,509
2026-08-26T21:30:00+05:30,67.91,68.015,67.8,67.95,389
2026-08-26T21:45:00+05:30,67.96,67.985,67.875,67.94,285
2026-08-26T22:00:00+05:30,67.945,68.06,67.825,67.85,463
2026-08-26T22:15:00+05:30,67.875,68.035,67.875,67.96,244
2026-08-26T22:30:00+05:30,67.97,68.105,67.945,67.985,333
2026-08-26T22:45:00+05:30,68,68.125,67.97,68.095,475
2026-08-26T23:00:00+05:30,68.105,68.115,67.975,68.025,326
2026-08-26T23:15:00+05:30,68.04,68.065,67.89,67.955,250
2026-08-26T23:30:00+05:30,67.94,68.19,67.93,68.155,361
2026-08-26T23:45:00+05:30,68.17,68.19,68.05,68.09,226
2026-08-27T00:00:00+05:30,68.085,68.205,68.05,68.165,185
2026-08-27T00:15:00+05:30,68.175,68.235,68.135,68.145,199
2026-08-27T00:30:00+05:30,68.14,68.2,68.045,68.105,230
2026-08-27T00:45:00+05:30,68.13,68.265,68.075,68.235,231
2026-08-27T01:00:00+05:30,68.225,68.275,68.165,68.185,406
2026-08-27T01:15:00+05:30,68.19,68.215,68.085,68.13,198
2026-08-27T01:30:00+05:30,68.13,68.16,68.055,68.065,246
2026-08-27T01:45:00+05:30,68.06,68.06,67.865,68.045,276
2026-08-27T02:00:00+05:30,68.035,68.035,67.965,67.97,167
2026-08-27T02:15:00+05:30,67.965,68.105,67.955,68.05,185
2026-08-27T03:30:00+05:30,68.125,68.61,68.09,68.425,198
2026-08-27T03:45:00+05:30,68.42,68.755,68.42,68.715,122
2026-08-27T04:00:00+05:30,68.685,68.79,68.655,68.76,121
2026-08-27T04:15:00+05:30,68.765,68.765,68.655,68.695,48
2026-08-27T04:30:00+05:30,68.68,68.8,68.675,68.775,67
2026-08-27T04:45:00+05:30,68.76,68.97,68.75,68.88,146
2026-08-27T05:00:00+05:30,68.87,68.99,68.825,68.91,76
2026-08-27T05:15:00+05:30,68.915,68.945,68.845,68.88,86
2026-08-27T05:30:00+05:30,68.89,68.96,68.64,68.65,177
2026-08-27T05:45:00+05:30,68.62,68.795,68.605,68.76,147
2026-08-27T06:00:00+05:30,68.765,68.765,68.495,68.525,168
2026-08-27T06:15:00+05:30,68.54,68.59,68.41,68.44,168
2026-08-27T06:30:00+05:30,68.455,69.08,68.385,69.06,343
2026-08-27T06:45:00+05:30,69.045,69.2,68.89,68.99,298
2026-08-27T07:00:00+05:30,69.02,69.52,68.955,69.245,356
2026-08-27T07:15:00+05:30,69.265,69.585,69.21,69.52,196
2026-08-27T07:30:00+05:30,69.53,69.565,69.36,69.43,126
2026-08-27T07:45:00+05:30,69.43,69.45,69.33,69.345,108
2026-08-27T08:00:00+05:30,69.325,69.38,68.975,69.085,216
2026-08-27T08:15:00+05:30,69.08,69.24,69.05,69.155,107
2026-08-27T08:30:00+05:30,69.14,69.34,69.115,69.3,131
2026-08-27T08:45:00+05:30,69.33,69.42,69.26,69.26,52
2026-08-27T09:00:00+05:30,69.265,69.265,69.13,69.14,56
2026-08-27T09:15:00+05:30,69.175,69.175,68.97,69.02,83
2026-08-27T09:30:00+05:30,69.015,69.05,68.985,69.02,44
2026-08-27T09:45:00+05:30,68.995,69.03,68.915,68.92,57
2026-08-27T10:00:00+05:30,68.875,68.93,68.81,68.915,148
2026-08-27T10:15:00+05:30,68.91,68.995,68.9,68.92,213
2026-08-27T10:30:00+05:30,68.905,69.01,68.855,69,108
2026-08-27T10:45:00+05:30,69,69.045,68.87,68.87,74
2026-08-27T11:00:00+05:30,68.85,68.965,68.5,68.54,202
2026-08-27T11:15:00+05:30,68.515,68.67,68.3,68.6,144
2026-08-27T11:30:00+05:30,68.64,68.675,68.415,68.675,141
2026-08-27T11:45:00+05:30,68.65,68.8,68.62,68.68,82
2026-08-27T12:00:00+05:30,68.695,68.735,68.56,68.56,105
2026-08-27T12:15:00+05:30,68.58,68.665,68.535,68.555,74
2026-08-27T12:30:00+05:30,68.58,68.6,68.42,68.545,238
2026-08-27T12:45:00+05:30,68.53,68.53,68.31,68.46,114
2026-08-27T13:00:00+05:30,68.44,68.525,68.2,68.35,138
2026-08-27T13:15:00+05:30,68.355,68.42,68.265,68.38,71
2026-08-27T13:30:00+05:30,68.38,68.515,68.38,68.46,48
2026-08-27T13:45:00+05:30,68.4,68.5,68.385,68.43,44
2026-08-27T14:00:00+05:30,68.45,68.45,68.29,68.33,48
2026-08-27T14:15:00+05:30,68.33,68.475,68.325,68.475,39
2026-08-27T14:30:00+05:30,68.475,68.49,68.255,68.305,74
2026-08-27T14:45:00+05:30,68.35,68.385,68.31,68.365,49
2026-08-27T15:00:00+05:30,68.38,68.415,68.085,68.22,108
2026-08-27T15:15:00+05:30,68.215,68.27,68.105,68.11,55
2026-08-27T15:30:00+05:30,68.125,68.19,67.91,68.11,181
2026-08-27T15:45:00+05:30,68.13,68.205,68.065,68.175,63
2026-08-27T16:00:00+05:30,68.175,68.255,68.105,68.255,105
2026-08-27T16:15:00+05:30,68.255,68.43,68.255,68.4,69
2026-08-27T16:30:00+05:30,68.405,68.42,68.24,68.32,85
2026-08-27T16:45:00+05:30,68.335,68.42,68.305,68.34,131
2026-08-27T17:00:00+05:30,68.395,68.48,68.31,68.31,88
2026-08-27T17:15:00+05:30,68.305,68.305,68.205,68.22,81
2026-08-27T17:30:00+05:30,68.23,68.285,68.12,68.12,156
2026-08-27T17:45:00+05:30,68.125,68.4,68.125,68.355,239
2026-08-27T18:00:00+05:30,68.355,68.375,67.98,67.98,88
2026-08-27T18:15:00+05:30,67.99,68.05,67.83,67.985,184
2026-08-27T18:30:00+05:30,67.96,68.195,67.64,68.035,362
2026-08-27T18:45:00+05:30,68.03,68.345,67.97,68.245,299
2026-08-27T19:00:00+05:30,68.23,68.33,67.68,67.83,569
2026-08-27T19:15:00+05:30,67.8,68.035,67.54,67.935,339
2026-08-27T19:30:00+05:30,67.9,68.16,67.865,68.1,203
2026-08-27T19:45:00+05:30,68.135,68.41,68.11,68.29,201
2026-08-27T20:00:00+05:30,68.3,68.72,68.3,68.695,201
2026-08-27T20:15:00+05:30,68.695,68.795,68.55,68.71,335
2026-08-27T20:30:00+05:30,68.715,68.725,68.615,68.665,99
2026-08-27T20:45:00+05:30,68.725,68.835,68.565,68.665,214
2026-08-27T21:00:00+05:30,68.65,69.085,68.645,68.935,145
2026-08-27T21:15:00+05:30,68.98,69.455,68.955,69.43,181
2026-08-27T21:30:00+05:30,69.435,69.55,69.19,69.19,246
2026-08-27T21:45:00+05:30,69.195,69.255,69.145,69.245,116
2026-08-27T22:00:00+05:30,69.265,69.455,69.2,69.44,108
2026-08-27T22:15:00+05:30,69.435,69.605,69.375,69.565,238
2026-08-27T22:30:00+05:30,69.575,69.73,69.465,69.55,222
2026-08-27T22:45:00+05:30,69.475,69.515,69.375,69.445,112
2026-08-27T23:00:00+05:30,69.435,69.59,69.385,69.395,86
2026-08-27T23:15:00+05:30,69.42,69.46,69.25,69.25,63
2026-08-27T23:30:00+05:30,69.265,69.265,69.065,69.135,159
2026-08-27T23:45:00+05:30,69.175,69.25,69.065,69.075,106
2026-08-28T00:00:00+05:30,69.075,69.13,68.98,69.1,40
2026-08-28T00:15:00+05:30,69.09,69.235,69.09,69.225,60
2026-08-28T00:30:00+05:30,69.21,69.53,69.21,69.435,63
2026-08-28T00:45:00+05:30,69.385,69.385,69.2,69.24,65
2026-08-28T01:00:00+05:30,69.23,69.435,69.215,69.435,57
2026-08-28T01:15:00+05:30,69.445,69.5,69.36,69.44,51
2026-08-28T01:30:00+05:30,69.425,69.425,69.3,69.32,48
2026-08-28T01:45:00+05:30,69.32,69.325,69.225,69.23,22
2026-08-28T02:00:00+05:30,69.26,69.26,69.225,69.225,18
2026-08-28T02:15:00+05:30,69.24,69.385,69.2,69.225,41
2026-08-28T03:30:00+05:30,70.07,70.285,69.97,70.105,261
2026-08-28T03:45:00+05:30,70.1,70.225,70.095,70.22,117
2026-08-28T04:00:00+05:30,70.22,70.235,70.185,70.19,79
2026-08-28T04:15:00+05:30,70.19,70.23,70.185,70.22,47
2026-08-28T04:30:00+05:30,70.21,70.215,70.06,70.08,170
2026-08-28T04:45:00+05:30,70.09,70.13,70.02,70.065,144
2026-08-28T05:00:00+05:30,70.08,70.12,70.055,70.06,64
2026-08-28T05:15:00+05:30,70.055,70.065,69.92,69.93,171
2026-08-28T05:30:00+05:30,69.935,70.2,69.915,70.16,314
2026-08-28T05:45:00+05:30,70.155,70.155,69.895,70.025,240
2026-08-28T06:00:00+05:30,70.02,70.025,69.865,70,220
2026-08-28T06:15:00+05:30,69.99,70.005,69.72,69.81,516
2026-08-28T06:30:00+05:30,69.815,70.485,69.745,70.275,1733
2026-08-28T06:45:00+05:30,70.285,70.4,69.645,69.72,1528
2026-08-28T07:00:00+05:30,69.715,69.795,69.4,69.54,1330
2026-08-28T07:15:00+05:30,69.535,69.54,69.21,69.355,1082
2026-08-28T07:30:00+05:30,69.365,69.66,69.35,69.615,675
2026-08-28T07:45:00+05:30,69.615,69.7,69.54,69.665,251
2026-08-28T08:00:00+05:30,69.67,69.86,69.62,69.67,543
2026-08-28T08:15:00+05:30,69.68,69.84,69.575,69.78,299
2026-08-28T08:30:00+05:30,69.77,69.885,69.66,69.705,332
2026-08-28T08:45:00+05:30,69.715,69.86,69.705,69.765,303
2026-08-28T09:00:00+05:30,69.765,69.81,69.6,69.61,262
2026-08-28T09:15:00+05:30,69.605,69.625,69.55,69.57,171
2026-08-28T09:30:00+05:30,69.585,69.64,69.52,69.595,209
2026-08-28T09:45:00+05:30,69.59,69.74,69.58,69.695,177
2026-08-28T10:00:00+05:30,69.68,69.685,69.545,69.6,111
2026-08-28T10:15:00+05:30,69.585,69.745,69.57,69.725,95
2026-08-28T10:30:00+05:30,69.715,69.74,69.52,69.565,171
2026-08-28T10:45:00+05:30,69.56,69.685,69.535,69.625,143
2026-08-28T11:00:00+05:30,69.605,69.665,69.41,69.49,543
2026-08-28T11:15:00+05:30,69.48,69.645,69.405,69.495,313
2026-08-28T11:30:00+05:30,69.515,69.865,69.45,69.825,484
2026-08-28T11:45:00+05:30,69.85,70.07,69.85,69.99,636
2026-08-28T12:00:00+05:30,69.96,70,69.83,69.935,598
2026-08-28T12:15:00+05:30,69.955,71.255,69.955,71.23,3320
2026-08-28T12:30:00+05:30,71.245,71.355,70.935,71.145,1805
2026-08-28T12:45:00+05:30,71.115,71.435,70.99,71.365,1147
2026-08-28T13:00:00+05:30,71.385,71.775,71.36,71.5,1144
2026-08-28T13:15:00+05:30,71.505,71.57,71.425,71.52,500
2026-08-28T13:30:00+05:30,71.5,71.61,71.43,71.56,457
2026-08-28T13:45:00+05:30,71.565,71.58,71.375,71.405,359
2026-08-28T14:00:00+05:30,71.405,71.485,71.145,71.15,430
2026-08-28T14:15:00+05:30,71.14,71.3,71.045,71.195,390
2026-08-28T14:30:00+05:30,71.21,71.3,71.165,71.27,340
2026-08-28T14:45:00+05:30,71.27,71.355,71.18,71.23,441
2026-08-28T15:00:00+05:30,71.235,71.38,71.215,71.345,373
2026-08-28T15:15:00+05:30,71.345,71.41,71.275,71.33,329
2026-08-28T15:30:00+05:30,71.335,71.475,71.31,71.435,309
2026-08-28T15:45:00+05:30,71.425,71.47,71.26,71.345,384
2026-08-28T16:00:00+05:30,71.345,71.415,71.24,71.255,285
2026-08-28T16:15:00+05:30,71.24,71.28,71.08,71.235,394
2026-08-28T16:30:00+05:30,71.24,71.275,71.015,71.1,545
2026-08-28T16:45:00+05:30,71.12,71.19,71,71.075,264
2026-08-28T17:00:00+05:30,71.09,71.16,70.98,71.075,394
2026-08-28T17:15:00+05:30,71.08,71.22,70.95,71.02,555
2026-08-28T17:30:00+05:30,71.005,71.385,70.985,71.265,705
2026-08-28T17:45:00+05:30,71.255,71.55,71.135,71.43,790
2026-08-28T18:00:00+05:30,71.43,71.53,71.165,71.265,893
2026-08-28T18:15:00+05:30,71.265,71.595,71.2,71.525,905
2026-08-28T18:30:00+05:30,71.545,71.72,71.28,71.58,2033
2026-08-28T18:45:00+05:30,71.59,71.69,71.215,71.625,1378
2026-08-28T19:00:00+05:30,71.62,71.66,71.185,71.385,1502
2026-08-28T19:15:00+05:30,71.41,71.965,71.41,71.49,1889
2026-08-28T19:30:00+05:30,71.515,72.045,69.275,69.345,9700
2026-08-28T19:45:00+05:30,69.345,70,68.95,69.56,4605
2026-08-28T20:00:00+05:30,69.56,70.455,69.56,70.13,2863
2026-08-28T20:15:00+05:30,70.145,70.81,69.985,70.66,2111
2026-08-28T20:30:00+05:30,70.68,70.825,70.13,70.195,1977
2026-08-28T20:45:00+05:30,70.17,70.29,69.915,70.045,1516
2026-08-28T21:00:00+05:30,70.05,70.085,69.35,69.51,1746
2026-08-28T21:15:00+05:30,69.515,69.67,68.69,68.835,3021
2026-08-28T21:30:00+05:30,68.82,68.95,68.255,68.31,2268
2026-08-28T21:45:00+05:30,68.295,68.49,67.3,67.595,4491
2026-08-28T22:00:00+05:30,67.585,67.81,67.145,67.4,2632
2026-08-28T22:15:00+05:30,67.41,67.9,67.405,67.7,1348
2026-08-28T22:30:00+05:30,67.72,67.8,67.5,67.73,1068
2026-08-28T22:45:00+05:30,67.73,67.975,67.645,67.715,1090
2026-08-28T23:00:00+05:30,67.73,67.855,67.355,67.545,848
2026-08-28T23:15:00+05:30,67.555,67.72,67.53,67.57,453
2026-08-28T23:30:00+05:30,67.58,67.625,67.21,67.28,1003
2026-08-28T23:45:00+05:30,67.27,67.33,67.01,67.065,1288
2026-08-29T00:00:00+05:30,67.06,67.18,66.835,67.04,993
2026-08-29T00:15:00+05:30,67.05,67.145,66.945,67.05,720
2026-08-29T00:30:00+05:30,67.02,67.185,66.955,67.04,607
2026-08-29T00:45:00+05:30,67.045,67.275,67,67.225,380
2026-08-29T01:00:00+05:30,67.21,67.335,67.17,67.305,333
2026-08-29T01:15:00+05:30,67.305,67.305,66.995,67.18,590
2026-08-29T01:30:00+05:30,67.175,67.215,67.04,67.085,313
2026-08-29T01:45:00+05:30,67.06,67.13,66.98,67.085,195
2026-08-29T02:00:00+05:30,67.095,67.095,66.99,67.085,196
2026-08-29T02:15:00+05:30,67.095,67.19,67.005,67.08,358
2026-08-31T03:30:00+05:30,66.78,67.08,66.005,67.08,1680
2026-08-31T03:45:00+05:30,67.065,67.19,67.03,67.11,683
2026-08-31T04:00:00+05:30,67.1,67.165,66.96,67.055,425
2026-08-31T04:15:00+05:30,67.055,67.325,67.04,67.25,444
2026-08-31T04:30:00+05:30,67.25,67.38,67.22,67.29,372
2026-08-31T04:45:00+05:30,67.285,67.345,67.125,67.16,338
2026-08-31T05:00:00+05:30,67.155,67.155,66.89,66.94,714
2026-08-31T05:15:00+05:30,66.925,67.2,66.69,67.15,881
2026-08-31T05:30:00+05:30,67.155,67.315,67.015,67.28,559
2026-08-31T05:45:00+05:30,67.275,67.37,67.095,67.205,336
2026-08-31T06:00:00+05:30,67.21,67.575,67.205,67.405,656
2026-08-31T06:15:00+05:30,67.42,67.45,67.13,67.135,593
2026-08-31T06:30:00+05:30,67.14,67.49,66.77,66.915,2817
2026-08-31T06:45:00+05:30,66.905,67.015,66.755,66.87,921
2026-08-31T07:00:00+05:30,66.855,67.155,66.77,67.085,950
2026-08-31T07:15:00+05:30,67.105,67.165,66.74,66.97,796
2026-08-31T07:30:00+05:30,66.95,66.975,66.53,66.66,1202
2026-08-31T07:45:00+05:30,66.65,66.695,66.505,66.56,420
2026-08-31T08:00:00+05:30,66.55,66.66,66.435,66.495,962
2026-08-31T08:15:00+05:30,66.495,66.82,66.375,66.82,710
2026-08-31T08:30:00+05:30,66.83,66.965,66.795,66.945,485
2026-08-31T08:45:00+05:30,66.95,67.05,66.87,66.87,423
2026-08-31T09:00:00+05:30,66.86,66.875,66.76,66.825,215
2026-08-31T09:15:00+05:30,66.815,66.92,66.81,66.845,119
2026-08-31T09:30:00+05:30,66.86,66.96,66.805,66.93,236
2026-08-31T09:45:00+05:30,66.92,66.97,66.855,66.865,118
2026-08-31T10:00:00+05:30,66.86,67.035,66.825,66.955,238
2026-08-31T10:15:00+05:30,66.975,67.11,66.965,67.08,174
2026-08-31T10:30:00+05:30,67.065,67.185,67.035,67.145,304
2026-08-31T10:45:00+05:30,67.135,67.52,67.13,67.475,541
2026-08-31T11:00:00+05:30,67.495,67.56,67.18,67.325,1030
2026-08-31T11:15:00+05:30,67.33,67.46,67.2,67.425,528
2026-08-31T11:30:00+05:30,67.43,67.43,67.11,67.15,492
2026-08-31T11:45:00+05:30,67.155,67.365,67.14,67.325,335
2026-08-31T12:00:00+05:30,67.305,67.475,67.2,67.41,339
2026-08-31T12:15:00+05:30,67.41,67.55,67.365,67.385,522
2026-08-31T12:30:00+05:30,67.37,67.465,67.35,67.405,245
2026-08-31T12:45:00+05:30,67.405,67.64,67.385,67.61,553
2026-08-31T13:00:00+05:30,67.605,67.755,67.59,67.705,608
2026-08-31T13:15:00+05:30,67.705,67.705,67.55,67.66,358
2026-08-31T13:30:00+05:30,67.655,67.85,67.63,67.675,477
2026-08-31T13:45:00+05:30,67.675,67.77,67.615,67.75,227
2026-08-31T14:00:00+05:30,67.755,67.76,67.555,67.58,166
2026-08-31T14:15:00+05:30,67.585,67.695,67.57,67.65,176
2026-08-31T14:30:00+05:30,67.655,67.79,67.65,67.78,279
2026-08-31T14:45:00+05:30,67.77,67.805,67.7,67.705,151
2026-08-31T15:00:00+05:30,67.7,67.77,67.685,67.74,162
2026-08-31T15:15:00+05:30,67.745,67.76,67.64,67.7,175
2026-08-31T15:30:00+05:30,67.705,67.785,67.635,67.75,284
2026-08-31T15:45:00+05:30,67.755,67.76,67.64,67.705,157
2026-08-31T16:00:00+05:30,67.7,67.875,67.7,67.865,262
2026-08-31T16:15:00+05:30,67.86,67.97,67.85,67.915,295
2026-08-31T16:30:00+05:30,67.915,68.03,67.885,67.945,392
2026-08-31T16:45:00+05:30,67.94,68.14,67.905,68.135,421
2026-08-31T17:00:00+05:30,68.135,68.15,67.9,67.965,594
2026-08-31T17:15:00+05:30,67.955,68.01,67.905,67.985,200
2026-08-31T17:30:00+05:30,67.975,68.175,67.85,68.115,768
2026-08-31T17:45:00+05:30,68.125,68.13,67.725,67.73,974
2026-08-31T18:00:00+05:30,67.725,67.86,67.465,67.545,1287
2026-08-31T18:15:00+05:30,67.54,67.55,67.335,67.35,901
2026-08-31T18:30:00+05:30,67.355,67.55,67.225,67.535,1788
2026-08-31T18:45:00+05:30,67.555,67.635,67.36,67.545,1169
2026-08-31T19:00:00+05:30,67.555,67.585,67.155,67.185,1419
2026-08-31T19:15:00+05:30,67.185,67.24,66.94,67.125,1695
2026-08-31T19:30:00+05:30,67.13,67.265,66.91,67.015,1410
2026-08-31T19:45:00+05:30,67.01,67.085,66.765,66.855,1014
2026-08-31T20:00:00+05:30,66.845,67.155,66.81,67.085,1248
2026-08-31T20:15:00+05:30,67.105,67.22,66.925,66.985,989
2026-08-31T20:30:00+05:30,66.985,67.135,66.83,67.055,912
2026-08-31T20:45:00+05:30,67.055,67.105,66.84,67.005,789
2026-08-31T21:00:00+05:30,66.99,67.095,66.835,66.87,764
2026-08-31T21:15:00+05:30,66.865,67.025,66.725,66.81,827
2026-08-31T21:30:00+05:30,66.81,67.115,66.75,67.07,956
2026-08-31T21:45:00+05:30,67.09,67.165,67.02,67.16,512
2026-08-31T22:00:00+05:30,67.165,67.205,66.965,67.05,577
2026-08-31T22:15:00+05:30,67.055,67.115,66.945,66.98,396
2026-08-31T22:30:00+05:30,66.975,66.995,66.895,66.945,394
2026-08-31T22:45:00+05:30,66.93,67.045,66.88,66.915,619
2026-08-31T23:00:00+05:30,66.915,67.09,66.89,67.085,401
2026-08-31T23:15:00+05:30,67.085,67.185,67.045,67.05,521
2026-08-31T23:30:00+05:30,67.045,67.065,66.84,66.945,499
2026-08-31T23:45:00+05:30,66.945,66.98,66.865,66.87,284
2026-09-01T00:00:00+05:30,66.865,66.87,66.73,66.77,429
2026-09-01T00:15:00+05:30,66.78,66.915,66.765,66.81,300
2026-09-01T00:30:00+05:30,66.81,66.93,66.75,66.895,352
2026-09-01T00:45:00+05:30,66.895,67.175,66.88,67.14,441
2026-09-01T01:00:00+05:30,67.15,67.22,67.08,67.17,507
2026-09-01T01:15:00+05:30,67.17,67.33,67.135,67.265,526
2026-09-01T01:30:00+05:30,67.275,67.4,67.25,67.255,330
2026-09-01T01:45:00+05:30,67.255,67.275,67.165,67.165,100
2026-09-01T02:00:00+05:30,67.165,67.23,67.155,67.2,101
2026-09-01T02:15:00+05:30,67.205,67.25,67.18,67.205,147
2026-09-01T03:30:00+05:30,67.285,67.335,67.225,67.275,249
2026-09-01T03:45:00+05:30,67.26,67.275,67.215,67.25,106
2026-09-01T04:00:00+05:30,67.255,67.27,67.24,67.255,24
2026-09-01T04:15:00+05:30,67.245,67.255,67.16,67.19,94
2026-09-01T04:30:00+05:30,67.175,67.21,67.13,67.165,80
2026-09-01T04:45:00+05:30,67.155,67.165,67.1,67.13,69
2026-09-01T05:00:00+05:30,67.135,67.22,67.13,67.205,87
2026-09-01T05:15:00+05:30,67.205,67.295,67.2,67.29,190
2026-09-01T05:30:00+05:30,67.29,67.495,67.225,67.405,479
2026-09-01T05:45:00+05:30,67.365,67.62,67.33,67.595,319
2026-09-01T06:00:00+05:30,67.605,67.61,67.375,67.415,280
2026-09-01T06:15:00+05:30,67.42,67.57,67.385,67.5,685
2026-09-01T06:30:00+05:30,67.5,67.59,67.24,67.315,1433
2026-09-01T06:45:00+05:30,67.315,67.36,67.11,67.205,560
2026-09-01T07:00:00+05:30,67.21,67.465,67.12,67.415,598
2026-09-01T07:15:00+05:30,67.43,67.46,67.25,67.395,353
2026-09-01T07:30:00+05:30,67.39,67.535,67.325,67.37,404
2026-09-01T07:45:00+05:30,67.385,67.46,67.31,67.31,182
2026-09-01T08:00:00+05:30,67.315,67.36,66.73,66.965,1398
2026-09-01T08:15:00+05:30,66.955,67.38,66.91,67.375,628
2026-09-01T08:30:00+05:30,67.385,67.43,67.215,67.275,440
2026-09-01T08:45:00+05:30,67.265,67.305,67.125,67.21,321
2026-09-01T09:00:00+05:30,67.19,67.435,67.18,67.42,214
2026-09-01T09:15:00+05:30,67.425,67.55,67.385,67.39,366
2026-09-01T09:30:00+05:30,67.395,67.41,67.21,67.22,209
2026-09-01T09:45:00+05:30,67.215,67.265,67.105,67.115,283
2026-09-01T10:00:00+05:30,67.11,67.155,67.02,67.055,414
2026-09-01T10:15:00+05:30,67.05,67.125,67.005,67.035,278
2026-09-01T10:30:00+05:30,67.03,67.185,67.025,67.06,189
2026-09-01T10:45:00+05:30,67.08,67.085,66.9,66.94,374
2026-09-01T11:00:00+05:30,66.93,67.57,66.845,67.535,1348
2026-09-01T11:15:00+05:30,67.535,67.725,67.36,67.365,955
2026-09-01T11:30:00+05:30,67.36,67.445,67.27,67.3,442
2026-09-01T11:45:00+05:30,67.29,67.355,67.11,67.14,238
2026-09-01T12:00:00+05:30,67.155,67.295,67.13,67.29,282
2026-09-01T12:15:00+05:30,67.295,67.295,67.06,67.11,470
2026-09-01T12:30:00+05:30,67.095,67.29,67.09,67.27,233
2026-09-01T12:45:00+05:30,67.265,67.315,67.105,67.11,242
2026-09-01T13:00:00+05:30,67.11,67.205,66.6,66.83,979
2026-09-01T13:15:00+05:30,66.81,67.06,66.74,67.045,482
2026-09-01T13:30:00+05:30,67.06,67.13,66.3,66.735,2076
2026-09-01T13:45:00+05:30,66.74,66.745,65.795,65.845,2011
2026-09-01T14:00:00+05:30,65.86,65.895,65.435,65.495,1900
2026-09-01T14:15:00+05:30,65.495,65.625,65.315,65.315,819
2026-09-01T14:30:00+05:30,65.335,65.4,65.175,65.32,1110
2026-09-01T14:45:00+05:30,65.335,65.395,65.275,65.35,393
2026-09-01T15:00:00+05:30,65.325,65.39,65.09,65.37,676
2026-09-01T15:15:00+05:30,65.37,65.44,65.11,65.12,594
2026-09-01T15:30:00+05:30,65.115,65.595,65.1,65.57,583
2026-09-01T15:45:00+05:30,65.58,65.735,65.565,65.73,594
2026-09-01T16:00:00+05:30,65.735,65.74,65.6,65.605,238
2026-09-01T16:15:00+05:30,65.61,65.64,65.365,65.4,634
2026-09-01T16:30:00+05:30,65.41,65.505,65.29,65.365,587
2026-09-01T16:45:00+05:30,65.375,65.485,65.275,65.45,497
2026-09-01T17:00:00+05:30,65.425,65.52,65.35,65.485,360
2026-09-01T17:15:00+05:30,65.485,65.685,65.305,65.385,637
2026-09-01T17:30:00+05:30,65.39,65.41,65.195,65.345,844
2026-09-01T17:45:00+05:30,65.365,65.66,65.255,65.545,891
2026-09-01T18:00:00+05:30,65.545,65.7,65.185,65.58,1207
2026-09-01T18:15:00+05:30,65.58,65.745,65.315,65.315,1238
2026-09-01T18:30:00+05:30,65.34,65.49,64.865,64.87,3179
2026-09-01T18:45:00+05:30,64.875,65.315,64.86,65.24,1665
2026-09-01T19:00:00+05:30,65.245,65.54,65.09,65.535,1574
2026-09-01T19:15:00+05:30,65.51,65.525,65.14,65.415,1107
2026-09-01T19:30:00+05:30,65.445,65.645,65.175,65.62,1364
2026-09-01T19:45:00+05:30,65.625,65.775,65.535,65.54,1251
2026-09-01T20:00:00+05:30,65.535,65.7,65.445,65.515,819
2026-09-01T20:15:00+05:30,65.505,65.56,65.305,65.405,782
2026-09-01T20:30:00+05:30,65.41,65.465,65.27,65.395,571
2026-09-01T20:45:00+05:30,65.4,65.59,65.355,65.58,690
2026-09-01T21:00:00+05:30,65.59,65.715,65.52,65.715,943
2026-09-01T21:15:00+05:30,65.725,65.905,65.685,65.84,1118
2026-09-01T21:30:00+05:30,65.845,65.975,65.705,65.72,1079
2026-09-01T21:45:00+05:30,65.72,65.785,65.455,65.525,1151
2026-09-01T22:00:00+05:30,65.495,65.595,65.36,65.55,752
2026-09-01T22:15:00+05:30,65.55,65.615,65.42,65.43,485
2026-09-01T22:30:00+05:30,65.44,65.44,65.295,65.425,728
2026-09-01T22:45:00+05:30,65.43,65.47,65.28,65.46,1162
2026-09-01T23:00:00+05:30,65.47,65.48,65.205,65.24,433
2026-09-01T23:15:00+05:30,65.235,65.255,65.17,65.215,559
2026-09-01T23:30:00+05:30,65.225,65.27,64.88,64.99,792
2026-09-01T23:45:00+05:30,64.995,65.145,64.955,65.06,598
2026-09-02T00:00:00+05:30,65.05,65.05,64.8,64.83,520
2026-09-02T00:15:00+05:30,64.83,64.88,64.725,64.79,479
2026-09-02T00:30:00+05:30,64.78,64.945,64.685,64.94,533
2026-09-02T00:45:00+05:30,64.935,64.94,64.8,64.855,291
2026-09-02T01:00:00+05:30,64.86,64.86,64.615,64.7,520
2026-09-02T01:15:00+05:30,64.69,64.765,64.64,64.69,358
2026-09-02T01:30:00+05:30,64.695,64.74,64.605,64.62,411
2026-09-02T01:45:00+05:30,64.62,64.72,64.61,64.645,198
2026-09-02T02:00:00+05:30,64.645,64.76,64.61,64.675,207
2026-09-02T02:15:00+05:30,64.665,64.71,64.63,64.655,199
2026-09-02T03:30:00+05:30,64.655,64.85,64.62,64.67,182
2026-09-02T03:45:00+05:30,64.645,64.65,64.61,64.635,75
2026-09-02T04:00:00+05:30,64.625,64.685,64.535,64.625,229
2026-09-02T04:15:00+05:30,64.63,64.705,64.6,64.655,158
2026-09-02T04:30:00+05:30,64.655,64.75,64.575,64.705,243
2026-09-02T04:45:00+05:30,64.71,64.75,64.59,64.72,218
2026-09-02T05:00:00+05:30,64.72,64.855,64.71,64.795,259
2026-09-02T05:15:00+05:30,64.795,64.85,64.62,64.695,364
2026-09-02T05:30:00+05:30,64.695,64.88,64.6,64.8,786
2026-09-02T05:45:00+05:30,64.8,64.965,64.67,64.72,710
2026-09-02T06:00:00+05:30,64.71,64.825,64.62,64.81,388
2026-09-02T06:15:00+05:30,64.795,64.825,64.37,64.46,1001
2026-09-02T06:30:00+05:30,64.45,64.7,64.34,64.395,3408
2026-09-02T06:45:00+05:30,64.39,64.755,64.37,64.525,904
2026-09-02T07:00:00+05:30,64.55,64.555,64.185,64.295,1105
2026-09-02T07:15:00+05:30,64.28,64.305,63.92,63.97,1555
2026-09-02T07:30:00+05:30,63.97,64.225,63.875,64.185,1185
2026-09-02T07:45:00+05:30,64.185,64.49,64.145,64.41,959
2026-09-02T08:00:00+05:30,64.405,64.525,64.21,64.42,1020
2026-09-02T08:15:00+05:30,64.43,64.495,64.24,64.305,376
2026-09-02T08:30:00+05:30,64.31,64.39,64.22,64.37,394
2026-09-02T08:45:00+05:30,64.375,64.41,64.195,64.285,706
2026-09-02T09:00:00+05:30,64.26,64.265,64.01,64.065,748
2026-09-02T09:15:00+05:30,64.075,64.27,64.075,64.27,341
2026-09-02T09:30:00+05:30,64.265,64.315,64.23,64.265,183
2026-09-02T09:45:00+05:30,64.275,64.295,64.22,64.24,115
2026-09-02T10:00:00+05:30,64.23,64.325,64.23,64.275,142
2026-09-02T10:15:00+05:30,64.29,64.355,64.22,64.345,128
2026-09-02T10:30:00+05:30,64.34,64.37,64.23,64.335,209
2026-09-02T10:45:00+05:30,64.36,64.54,64.325,64.525,424
2026-09-02T11:00:00+05:30,64.525,64.76,64.465,64.59,1111
2026-09-02T11:15:00+05:30,64.6,64.685,64.525,64.57,372
2026-09-02T11:30:00+05:30,64.595,64.72,64.49,64.695,452
2026-09-02T11:45:00+05:30,64.695,64.755,64.5,64.53,526
2026-09-02T12:00:00+05:30,64.525,64.665,64.42,64.605,582
2026-09-02T12:15:00+05:30,64.6,64.62,64.435,64.56,309
2026-09-02T12:30:00+05:30,64.57,64.805,64.515,64.635,538
2026-09-02T12:45:00+05:30,64.625,64.7,64.585,64.615,276
2026-09-02T13:00:00+05:30,64.605,64.665,64.515,64.545,285
2026-09-02T13:15:00+05:30,64.535,64.615,64.5,64.575,168
2026-09-02T13:30:00+05:30,64.585,64.79,64.54,64.675,353
2026-09-02T13:45:00+05:30,64.675,64.74,64.6,64.605,190
2026-09-02T14:00:00+05:30,64.61,64.695,64.535,64.595,285
2026-09-02T14:15:00+05:30,64.58,64.58,64.32,64.34,511
2026-09-02T14:30:00+05:30,64.34,64.56,64.33,64.4,394
2026-09-02T14:45:00+05:30,64.415,64.43,64.235,64.29,281
2026-09-02T15:00:00+05:30,64.3,64.3,64.18,64.24,299
2026-09-02T15:15:00+05:30,64.255,64.275,64.195,64.255,135
2026-09-02T15:30:00+05:30,64.25,64.36,64.145,64.325,351
2026-09-02T15:45:00+05:30,64.32,64.4,64.295,64.325,332
2026-09-02T16:00:00+05:30,64.325,64.345,64.205,64.245,215
2026-09-02T16:15:00+05:30,64.235,64.265,64.155,64.255,227
2026-09-02T16:30:00+05:30,64.245,64.675,64.22,64.65,753
2026-09-02T16:45:00+05:30,64.655,64.685,64.53,64.61,707
2026-09-02T17:00:00+05:30,64.615,64.91,64.615,64.775,766
2026-09-02T17:15:00+05:30,64.765,64.97,64.75,64.905,604
2026-09-02T17:30:00+05:30,64.905,65.065,64.865,64.975,962
2026-09-02T17:45:00+05:30,64.99,65.2,64.845,65.04,1521
2026-09-02T18:00:00+05:30,65.04,65.1,64.875,64.915,742
2026-09-02T18:15:00+05:30,64.915,64.97,64.79,64.825,962
2026-09-02T18:30:00+05:30,64.815,65.325,64.78,65.27,2380
2026-09-02T18:45:00+05:30,65.275,65.62,65.205,65.59,1988
2026-09-02T19:00:00+05:30,65.585,66.085,65.57,66.06,2953
2026-09-02T19:15:00+05:30,66.055,66.22,65.77,66.105,1973
2026-09-02T19:30:00+05:30,66.08,66.175,65.885,65.91,2037
2026-09-02T19:45:00+05:30,65.915,66.075,65.825,65.865,1365
2026-09-02T20:00:00+05:30,65.86,65.91,65.74,65.895,1661
2026-09-02T20:15:00+05:30,65.88,65.895,65.63,65.69,1205
2026-09-02T20:30:00+05:30,65.685,65.815,65.595,65.6,1271
2026-09-02T20:45:00+05:30,65.59,65.68,65.495,65.675,1207
2026-09-02T21:00:00+05:30,65.685,65.73,65.58,65.58,799
2026-09-02T21:15:00+05:30,65.575,65.72,65.53,65.69,664
2026-09-02T21:30:00+05:30,65.685,65.72,65.64,65.66,612
2026-09-02T21:45:00+05:30,65.66,65.665,65.58,65.62,427
2026-09-02T22:00:00+05:30,65.615,65.655,65.465,65.48,544
2026-09-02T22:15:00+05:30,65.475,65.605,65.46,65.555,449
2026-09-02T22:30:00+05:30,65.565,65.6,65.515,65.54,509
2026-09-02T22:45:00+05:30,65.53,65.555,65.42,65.55,778
2026-09-02T23:00:00+05:30,65.55,65.705,65.495,65.675,719
2026-09-02T23:15:00+05:30,65.67,65.735,65.625,65.65,431
2026-09-02T23:30:00+05:30,65.655,65.66,65.545,65.555,403
2026-09-02T23:45:00+05:30,65.545,65.77,65.535,65.615,858
2026-09-03T00:00:00+05:30,65.625,65.775,65.625,65.65,328
2026-09-03T00:15:00+05:30,65.65,65.725,65.65,65.69,219
2026-09-03T00:30:00+05:30,65.7,65.815,65.625,65.775,266
2026-09-03T00:45:00+05:30,65.78,65.815,65.75,65.75,263
2026-09-03T01:00:00+05:30,65.765,65.895,65.765,65.885,279
2026-09-03T01:15:00+05:30,65.885,65.955,65.825,65.955,381
2026-09-03T01:30:00+05:30,65.945,65.96,65.89,65.895,232
2026-09-03T01:45:00+05:30,65.89,65.92,65.845,65.905,136
2026-09-03T02:00:00+05:30,65.9,65.945,65.89,65.92,122
2026-09-03T02:15:00+05:30,65.905,65.96,65.895,65.93,179
2026-09-03T03:30:00+05:30,66.025,66.03,65.94,65.97,124
2026-09-03T03:45:00+05:30,65.96,66.025,65.935,66.015,103
2026-09-03T04:00:00+05:30,66.005,66.015,65.945,65.945,71
2026-09-03T04:15:00+05:30,65.95,65.95,65.865,65.885,89
2026-09-03T04:30:00+05:30,65.89,65.95,65.855,65.855,98
2026-09-03T04:45:00+05:30,65.855,65.875,65.82,65.85,132
2026-09-03T05:00:00+05:30,65.86,65.97,65.85,65.95,171
2026-09-03T05:15:00+05:30,65.95,66,65.9,65.93,143
2026-09-03T05:30:00+05:30,65.91,65.95,65.795,65.88,264
2026-09-03T05:45:00+05:30,65.88,65.96,65.78,65.925,207
2026-09-03T06:00:00+05:30,65.91,65.92,65.79,65.895,220
2026-09-03T06:15:00+05:30,65.9,66.02,65.875,65.93,539
2026-09-03T06:30:00+05:30,65.93,66.39,65.865,66.22,2173
2026-09-03T06:45:00+05:30,66.21,66.335,66.07,66.28,715
2026-09-03T07:00:00+05:30,66.275,66.39,66.16,66.19,718
2026-09-03T07:15:00+05:30,66.185,66.335,66.14,66.28,505
2026-09-03T07:30:00+05:30,66.285,66.395,66.23,66.305,517
2026-09-03T07:45:00+05:30,66.315,66.38,66.245,66.335,242
2026-09-03T08:00:00+05:30,66.335,66.465,66.25,66.265,594
2026-09-03T08:15:00+05:30,66.255,66.38,66.175,66.3,478
2026-09-03T08:30:00+05:30,66.3,66.6,66.24,66.585,758
2026-09-03T08:45:00+05:30,66.58,66.63,66.38,66.46,675
2026-09-03T09:00:00+05:30,66.455,66.6,66.435,66.5,425
2026-09-03T09:15:00+05:30,66.49,66.71,66.465,66.66,385
2026-09-03T09:30:00+05:30,66.655,66.73,66.505,66.615,577
2026-09-03T09:45:00+05:30,66.615,66.705,66.555,66.705,193
2026-09-03T10:00:00+05:30,66.71,66.745,66.66,66.735,308
2026-09-03T10:15:00+05:30,66.735,66.785,66.675,66.725,356
2026-09-03T10:30:00+05:30,66.73,66.79,66.445,66.515,638
2026-09-03T10:45:00+05:30,66.515,66.525,66.23,66.25,806
2026-09-03T11:00:00+05:30,66.24,66.45,66.17,66.345,1169
2026-09-03T11:15:00+05:30,66.345,66.445,66.22,66.37,482
2026-09-03T11:30:00+05:30,66.38,66.69,66.35,66.505,1059
2026-09-03T11:45:00+05:30,66.52,66.58,66.285,66.345,638
2026-09-03T12:00:00+05:30,66.355,66.415,66.26,66.355,314
2026-09-03T12:15:00+05:30,66.365,66.42,66.175,66.21,303
2026-09-03T12:30:00+05:30,66.195,66.55,66.175,66.405,495
2026-09-03T12:45:00+05:30,66.415,66.465,66.325,66.395,319
2026-09-03T13:00:00+05:30,66.39,66.6,66.39,66.445,402
2026-09-03T13:15:00+05:30,66.445,66.53,66.355,66.485,283
2026-09-03T13:30:00+05:30,66.465,66.8,66.4,66.495,932
2026-09-03T13:45:00+05:30,66.49,66.665,66.46,66.605,355
2026-09-03T14:00:00+05:30,66.59,66.635,66.45,66.49,294
2026-09-03T14:15:00+05:30,66.515,66.695,66.44,66.495,436
2026-09-03T14:30:00+05:30,66.475,66.585,66.435,66.5,186
2026-09-03T14:45:00+05:30,66.5,66.5,66.35,66.365,332
2026-09-03T15:00:00+05:30,66.365,66.395,66.23,66.25,349
2026-09-03T15:15:00+05:30,66.245,66.29,66.195,66.24,278
2026-09-03T15:30:00+05:30,66.24,66.275,66.16,66.16,341
2026-09-03T15:45:00+05:30,66.16,66.2,65.97,66.04,740
2026-09-03T16:00:00+05:30,66.03,66.18,65.97,66.155,507
2026-09-03T16:15:00+05:30,66.155,66.23,66.11,66.135,278
2026-09-03T16:30:00+05:30,66.13,66.42,66.12,66.375,586
2026-09-03T16:45:00+05:30,66.375,66.48,66.3,66.385,635
2026-09-03T17:00:00+05:30,66.385,66.405,66.165,66.38,602
2026-09-03T17:15:00+05:30,66.38,66.41,66.31,66.375,421
2026-09-03T17:30:00+05:30,66.375,66.45,66.24,66.25,802
2026-09-03T17:45:00+05:30,66.25,66.46,66.16,66.45,837
2026-09-03T18:00:00+05:30,66.44,67,66.43,66.625,2969
2026-09-03T18:15:00+05:30,66.62,67.365,66.585,67.25,2636
2026-09-03T18:30:00+05:30,67.25,67.34,67.01,67.125,2294
2026-09-03T18:45:00+05:30,67.12,67.165,66.935,67.04,1141
2026-09-03T19:00:00+05:30,67.035,67.085,66.725,66.825,1406
2026-09-03T19:15:00+05:30,66.805,67.015,66.57,67,1627
2026-09-03T19:30:00+05:30,66.985,67.02,66.72,66.905,1361
2026-09-03T19:45:00+05:30,66.91,67.23,66.9,67.1,1362
2026-09-03T20:00:00+05:30,67.1,67.17,66.885,66.98,961
2026-09-03T20:15:00+05:30,66.985,67.34,66.985,67.335,1412
2026-09-03T20:30:00+05:30,67.345,67.975,67.34,67.94,2726
2026-09-03T20:45:00+05:30,67.945,68.06,67.875,68.025,1741
2026-09-03T21:00:00+05:30,68.035,68.075,67.655,67.68,1196
2026-09-03T21:15:00+05:30,67.685,67.71,67.505,67.695,993
2026-09-03T21:30:00+05:30,67.7,67.73,67.555,67.73,666
2026-09-03T21:45:00+05:30,67.735,67.815,67.67,67.735,645
2026-09-03T22:00:00+05:30,67.74,67.83,67.635,67.685,672
2026-09-03T22:15:00+05:30,67.7,67.75,67.605,67.61,495
2026-09-03T22:30:00+05:30,67.62,67.745,67.595,67.67,578
2026-09-03T22:45:00+05:30,67.665,67.785,67.595,67.775,952
2026-09-03T23:00:00+05:30,67.775,67.82,67.735,67.785,397
2026-09-03T23:15:00+05:30,67.79,67.86,67.705,67.74,490
2026-09-03T23:30:00+05:30,67.73,67.795,67.56,67.56,558
2026-09-03T23:45:00+05:30,67.56,67.68,67.56,67.645,544
2026-09-04T00:00:00+05:30,67.64,67.65,67.475,67.57,481
2026-09-04T00:15:00+05:30,67.575,67.575,67.46,67.48,322
2026-09-04T00:30:00+05:30,67.48,67.545,67.45,67.505,478
2026-09-04T00:45:00+05:30,67.5,67.56,67.48,67.54,197
2026-09-04T01:00:00+05:30,67.55,67.665,67.545,67.63,406
2026-09-04T01:15:00+05:30,67.635,67.69,67.61,67.645,362
2026-09-04T01:30:00+05:30,67.645,67.645,67.52,67.575,223
2026-09-04T01:45:00+05:30,67.575,67.575,67.505,67.55,101
2026-09-04T02:00:00+05:30,67.545,67.595,67.54,67.585,137
2026-09-04T02:15:00+05:30,67.58,67.625,67.56,67.585,191
2026-09-04T03:30:00+05:30,67.625,67.7,67.575,67.635,176
2026-09-04T03:45:00+05:30,67.64,67.64,67.545,67.575,78
2026-09-04T04:00:00+05:30,67.57,67.645,67.57,67.57,125
2026-09-04T04:15:00+05:30,67.57,67.625,67.545,67.59,72
2026-09-04T04:30:00+05:30,67.58,67.62,67.525,67.54,106
2026-09-04T04:45:00+05:30,67.54,67.57,67.505,67.565,70
2026-09-04T05:00:00+05:30,67.56,67.6,67.545,67.59,61
2026-09-04T05:15:00+05:30,67.59,67.615,67.535,67.595,94
2026-09-04T05:30:00+05:30,67.585,67.615,67.53,67.555,118
2026-09-04T05:45:00+05:30,67.545,67.55,67.445,67.45,173
2026-09-04T06:00:00+05:30,67.46,67.595,67.415,67.595,192
2026-09-04T06:15:00+05:30,67.59,67.765,67.55,67.725,354
2026-09-04T06:30:00+05:30,67.73,67.805,67.34,67.355,1259
2026-09-04T06:45:00+05:30,67.355,67.45,67.17,67.25,640
2026-09-04T07:00:00+05:30,67.255,67.475,67.2,67.435,403
2026-09-04T07:15:00+05:30,67.405,67.505,67.26,67.49,331
2026-09-04T07:30:00+05:30,67.48,67.57,67.375,67.42,339
2026-09-04T07:45:00+05:30,67.415,67.445,67.3,67.325,163
2026-09-04T08:00:00+05:30,67.32,67.38,67.205,67.295,609
2026-09-04T08:15:00+05:30,67.285,67.515,67.275,67.42,287
2026-09-04T08:30:00+05:30,67.415,67.425,67.22,67.28,288
2026-09-04T08:45:00+05:30,67.26,67.35,67.22,67.325,141
2026-09-04T09:00:00+05:30,67.325,67.405,67.25,67.25,174
2026-09-04T09:15:00+05:30,67.255,67.29,67.2,67.2,98
2026-09-04T09:30:00+05:30,67.195,67.255,67.16,67.215,192
2026-09-04T09:45:00+05:30,67.21,67.285,67.2,67.28,67
2026-09-04T10:00:00+05:30,67.28,67.345,67.28,67.345,100
2026-09-04T10:15:00+05:30,67.35,67.375,67.33,67.37,79
2026-09-04T10:30:00+05:30,67.38,67.385,67.165,67.235,349
2026-09-04T10:45:00+05:30,67.23,67.375,67.125,67.13,243
2026-09-04T11:00:00+05:30,67.135,67.49,67.11,67.315,828
2026-09-04T11:15:00+05:30,67.32,67.375,67.185,67.26,208
2026-09-04T11:30:00+05:30,67.26,67.32,67.21,67.245,268
2026-09-04T11:45:00+05:30,67.23,67.29,67.13,67.185,254
2026-09-04T12:00:00+05:30,67.19,67.2,66.87,67.07,646
2026-09-04T12:15:00+05:30,67.06,67.175,67,67.165,390
2026-09-04T12:30:00+05:30,67.14,67.36,67.12,67.3,415
2026-09-04T12:45:00+05:30,67.3,67.42,67.27,67.415,221
2026-09-04T13:00:00+05:30,67.415,67.595,67.415,67.59,583
2026-09-04T13:15:00+05:30,67.59,67.635,67.515,67.57,371
2026-09-04T13:30:00+05:30,67.58,67.7,67.58,67.665,394
2026-09-04T13:45:00+05:30,67.68,67.765,67.635,67.7,270
2026-09-04T14:00:00+05:30,67.715,67.76,67.625,67.63,211
2026-09-04T14:15:00+05:30,67.62,67.68,67.57,67.635,128
2026-09-04T14:30:00+05:30,67.645,67.665,67.425,67.445,303
2026-09-04T14:45:00+05:30,67.45,67.465,67.21,67.275,484
2026-09-04T15:00:00+05:30,67.28,67.37,67.24,67.285,232
2026-09-04T15:15:00+05:30,67.295,67.35,67.27,67.28,189
2026-09-04T15:30:00+05:30,67.285,67.445,67.255,67.445,221
2026-09-04T15:45:00+05:30,67.425,67.49,67.345,67.405,255
2026-09-04T16:00:00+05:30,67.405,67.47,67.34,67.455,102
2026-09-04T16:15:00+05:30,67.46,67.49,67.385,67.385,129
2026-09-04T16:30:00+05:30,67.39,67.43,67.35,67.41,197
2026-09-04T16:45:00+05:30,67.42,67.465,67.345,67.365,222
2026-09-04T17:00:00+05:30,67.35,67.43,67.315,67.43,187
2026-09-04T17:15:00+05:30,67.435,67.605,67.41,67.51,366
2026-09-04T17:30:00+05:30,67.51,67.54,67.345,67.36,418
2026-09-04T17:45:00+05:30,67.425,67.75,67.425,67.735,772
2026-09-04T18:00:00+05:30,67.71,67.79,65.515,66.015,8184
2026-09-04T18:15:00+05:30,66.01,66.48,65.7,66.095,3184
2026-09-04T18:30:00+05:30,66.095,66.1,65.33,65.94,3508
2026-09-04T18:45:00+05:30,65.94,66.135,65.78,66.075,1016
2026-09-04T19:00:00+05:30,66.075,66.45,66.03,66.44,1743
2026-09-04T19:15:00+05:30,66.44,66.65,66.18,66.19,1531
2026-09-04T19:30:00+05:30,66.185,66.785,66.13,66.765,1117
2026-09-04T19:45:00+05:30,66.775,66.84,66.545,66.665,984
2026-09-04T20:00:00+05:30,66.66,66.875,66.485,66.535,983
2026-09-04T20:15:00+05:30,66.56,66.58,66.205,66.475,880
2026-09-04T20:30:00+05:30,66.47,66.815,66.41,66.81,809
2026-09-04T20:45:00+05:30,66.805,66.885,66.7,66.7,715
2026-09-04T21:00:00+05:30,66.7,66.98,66.7,66.89,617
2026-09-04T21:15:00+05:30,66.89,66.95,66.745,66.765,401
2026-09-04T21:30:00+05:30,66.775,66.87,66.69,66.785,484
2026-09-04T21:45:00+05:30,66.785,66.875,66.64,66.675,542
2026-09-04T22:00:00+05:30,66.675,66.79,66.67,66.735,337
2026-09-04T22:15:00+05:30,66.735,66.825,66.69,66.72,384
2026-09-04T22:30:00+05:30,66.715,66.72,66.57,66.655,482
2026-09-04T22:45:00+05:30,66.665,66.88,66.66,66.695,656
2026-09-04T23:00:00+05:30,66.67,66.69,66.4,66.41,602
2026-09-04T23:15:00+05:30,66.415,66.535,66.385,66.49,383
2026-09-04T23:30:00+05:30,66.48,66.53,66.355,66.51,453
2026-09-04T23:45:00+05:30,66.515,66.625,66.49,66.615,337
2026-09-05T00:00:00+05:30,66.61,66.655,66.52,66.585,226
2026-09-05T00:15:00+05:30,66.59,66.645,66.56,66.6,168
2026-09-05T00:30:00+05:30,66.605,66.68,66.585,66.665,173
2026-09-05T00:45:00+05:30,66.67,66.86,66.655,66.83,222
2026-09-05T01:00:00+05:30,66.845,66.91,66.79,66.88,287
2026-09-05T01:15:00+05:30,66.885,66.9,66.795,66.835,324
2026-09-05T01:30:00+05:30,66.83,66.83,66.755,66.785,183
2026-09-05T01:45:00+05:30,66.785,66.795,66.745,66.76,45
2026-09-05T02:00:00+05:30,66.755,66.79,66.74,66.785,130
2026-09-05T02:15:00+05:30,66.79,66.825,66.745,66.81,194
2026-09-07T03:30:00+05:30,66.8,66.8,66.49,66.715,356
2026-09-07T03:45:00+05:30,66.715,66.775,66.66,66.685,135
2026-09-07T04:00:00+05:30,66.675,66.79,66.67,66.76,87
2026-09-07T04:15:00+05:30,66.76,66.845,66.76,66.825,136
2026-09-07T04:30:00+05:30,66.825,66.86,66.805,66.82,74
2026-09-07T04:45:00+05:30,66.81,66.86,66.75,66.775,105
2026-09-07T05:00:00+05:30,66.755,66.84,66.755,66.82,92
2026-09-07T05:15:00+05:30,66.85,66.92,66.7,66.75,149
2026-09-07T05:30:00+05:30,66.76,66.84,66.705,66.78,132
2026-09-07T05:45:00+05:30,66.77,66.86,66.75,66.765,144
2026-09-07T06:00:00+05:30,66.77,66.87,66.715,66.85,195
2026-09-07T06:15:00+05:30,66.845,67.04,66.695,66.705,687
2026-09-07T06:30:00+05:30,66.695,66.72,66.19,66.33,1990
2026-09-07T06:45:00+05:30,66.325,66.53,66.13,66.52,714
2026-09-07T07:00:00+05:30,66.52,66.855,66.52,66.69,853
2026-09-07T07:15:00+05:30,66.7,66.845,66.605,66.66,555
2026-09-07T07:30:00+05:30,66.675,66.745,66.535,66.56,361
2026-09-07T07:45:00+05:30,66.56,66.685,66.56,66.645,151
2026-09-07T08:00:00+05:30,66.655,66.945,66.625,66.82,931
2026-09-07T08:15:00+05:30,66.82,66.935,66.515,66.615,676
2026-09-07T08:30:00+05:30,66.6,66.645,66.5,66.53,338
2026-09-07T08:45:00+05:30,66.52,66.595,66.49,66.535,224
2026-09-07T09:00:00+05:30,66.525,66.525,66.36,66.375,242
2026-09-07T09:15:00+05:30,66.385,66.435,66.335,66.405,201
2026-09-07T09:30:00+05:30,66.385,66.485,66.365,66.455,194
2026-09-07T09:45:00+05:30,66.45,66.455,66.28,66.32,280
2026-09-07T10:00:00+05:30,66.315,66.315,66.2,66.25,251
2026-09-07T10:15:00+05:30,66.25,66.36,66.245,66.35,96
2026-09-07T10:30:00+05:30,66.33,66.505,66.32,66.42,317
2026-09-07T10:45:00+05:30,66.415,66.735,66.405,66.725,294
2026-09-07T11:00:00+05:30,66.73,66.78,66.4,66.49,1159
2026-09-07T11:15:00+05:30,66.485,66.54,66.165,66.23,632
2026-09-07T11:30:00+05:30,66.245,66.325,66.075,66.315,532
2026-09-07T11:45:00+05:30,66.305,66.39,66.225,66.285,332
2026-09-07T12:00:00+05:30,66.295,66.41,66.275,66.34,245
2026-09-07T12:15:00+05:30,66.345,66.44,66.16,66.225,413
2026-09-07T12:30:00+05:30,66.25,66.355,66.135,66.355,349
2026-09-07T12:45:00+05:30,66.365,66.385,66.25,66.275,275
2026-09-07T13:00:00+05:30,66.285,66.42,66.115,66.22,231
2026-09-07T13:15:00+05:30,66.2,66.55,66.195,66.505,404
2026-09-07T13:30:00+05:30,66.5,66.6,66.38,66.525,682
2026-09-07T13:45:00+05:30,66.535,66.85,66.535,66.645,647
2026-09-07T14:00:00+05:30,66.64,66.73,66.59,66.615,253
2026-09-07T14:15:00+05:30,66.61,66.61,66.49,66.535,156
2026-09-07T14:30:00+05:30,66.53,66.575,66.525,66.55,67
2026-09-07T14:45:00+05:30,66.545,66.545,66.425,66.425,130
2026-09-07T15:00:00+05:30,66.43,66.515,66.38,66.49,165
2026-09-07T15:15:00+05:30,66.485,66.505,66.395,66.395,77
2026-09-07T15:30:00+05:30,66.405,66.405,66.27,66.29,168
2026-09-07T15:45:00+05:30,66.29,66.335,66.195,66.2,185
2026-09-07T16:00:00+05:30,66.21,66.335,66.145,66.325,293
2026-09-07T16:15:00+05:30,66.32,66.34,66.18,66.185,311
2026-09-07T16:30:00+05:30,66.215,66.27,66.175,66.18,270
2026-09-07T16:45:00+05:30,66.175,66.23,66.035,66.13,297
2026-09-07T17:00:00+05:30,66.125,66.17,66.015,66.145,323
2026-09-07T17:15:00+05:30,66.135,66.245,66.105,66.105,171
2026-09-07T17:30:00+05:30,66.145,66.255,66.125,66.225,184
2026-09-07T17:45:00+05:30,66.215,66.295,66.17,66.27,171
2026-09-07T18:00:00+05:30,66.265,66.325,66.22,66.285,307
2026-09-07T18:15:00+05:30,66.295,66.375,66.235,66.365,285
2026-09-07T18:30:00+05:30,66.37,66.5,66.315,66.46,1205
2026-09-07T18:45:00+05:30,66.475,66.545,66.355,66.515,622
2026-09-07T19:00:00+05:30,66.52,66.545,66.4,66.475,365
2026-09-07T19:15:00+05:30,66.485,66.655,66.485,66.57,561
2026-09-07T19:30:00+05:30,66.57,66.7,66.55,66.59,671
2026-09-07T19:45:00+05:30,66.595,66.65,66.545,66.585,304
2026-09-07T20:00:00+05:30,66.58,66.805,66.545,66.795,545
2026-09-07T20:15:00+05:30,66.81,67.375,66.765,67.225,1958
2026-09-07T20:30:00+05:30,67.21,67.225,66.915,67.035,909
2026-09-07T20:45:00+05:30,67.035,67.035,66.88,66.95,438
2026-09-07T21:00:00+05:30,66.955,66.975,66.86,66.92,286
2026-09-07T21:15:00+05:30,66.93,66.995,66.92,66.98,265
2026-09-07T21:30:00+05:30,66.985,67.025,66.925,67.015,198
2026-09-07T21:45:00+05:30,67.01,67.02,66.84,66.935,346
2026-09-07T22:00:00+05:30,66.935,66.98,66.875,66.975,215
2026-09-07T22:15:00+05:30,66.98,67,66.93,66.995,146
2026-09-07T22:30:00+05:30,67.005,67.005,66.905,66.925,78
2026-09-07T22:45:00+05:30,66.92,66.94,66.865,66.87,95
2026-09-07T23:00:00+05:30,66.875,66.885,66.84,66.87,77
2026-09-07T23:15:00+05:30,66.88,66.895,66.775,66.805,174
2026-09-07T23:30:00+05:30,66.805,66.855,66.77,66.8,49
2026-09-07T23:45:00+05:30,66.78,66.825,66.755,66.805,97
2026-09-08T03:30:00+05:30,66.805,67,66.805,66.98,252
2026-09-08T03:45:00+05:30,66.99,67.015,66.895,66.91,160
2026-09-08T04:00:00+05:30,66.895,66.91,66.865,66.895,114
2026-09-08T04:15:00+05:30,66.89,66.905,66.86,66.885,39
2026-09-08T04:30:00+05:30,66.885,66.95,66.87,66.885,68
2026-09-08T04:45:00+05:30,66.895,66.935,66.795,66.89,231
2026-09-08T05:00:00+05:30,66.91,67.31,66.905,67.31,540
2026-09-08T05:15:00+05:30,67.305,67.33,67.135,67.195,482
2026-09-08T05:30:00+05:30,67.2,67.225,66.99,67.02,394
2026-09-08T05:45:00+05:30,67.01,67.36,66.955,67.05,683
2026-09-08T06:00:00+05:30,67.035,67.135,66.985,67.06,346
2026-09-08T06:15:00+05:30,67.055,67.405,66.95,67.34,998
2026-09-08T06:30:00+05:30,67.335,67.535,67.065,67.44,2376
2026-09-08T06:45:00+05:30,67.495,67.67,67.41,67.605,840
2026-09-08T07:00:00+05:30,67.62,67.66,67.455,67.5,538
2026-09-08T07:15:00+05:30,67.525,67.73,67.51,67.585,639
2026-09-08T07:30:00+05:30,67.59,67.63,67.325,67.375,471
2026-09-08T07:45:00+05:30,67.365,67.4,67.27,67.29,294
2026-09-08T08:00:00+05:30,67.29,67.4,67.225,67.39,476
2026-09-08T08:15:00+05:30,67.385,67.41,67.215,67.315,334
2026-09-08T08:30:00+05:30,67.32,67.445,67.275,67.415,306
2026-09-08T08:45:00+05:30,67.405,67.83,67.395,67.535,965
2026-09-08T09:00:00+05:30,67.54,67.69,67.495,67.56,299
2026-09-08T09:15:00+05:30,67.58,67.66,67.555,67.65,144
2026-09-08T09:30:00+05:30,67.645,67.77,67.63,67.665,276
2026-09-08T09:45:00+05:30,67.665,67.69,67.575,67.59,202
2026-09-08T10:00:00+05:30,67.595,67.635,67.585,67.635,94
2026-09-08T10:15:00+05:30,67.645,67.745,67.615,67.68,164
2026-09-08T10:30:00+05:30,67.68,67.71,67.315,67.315,472
2026-09-08T10:45:00+05:30,67.32,67.45,67.16,67.165,579
2026-09-08T11:00:00+05:30,67.16,67.385,67.09,67.355,1005
2026-09-08T11:15:00+05:30,67.355,67.455,67.17,67.195,457
2026-09-08T11:30:00+05:30,67.2,67.205,66.7,66.88,1212
2026-09-08T11:45:00+05:30,66.875,66.875,66.6,66.635,797
2026-09-08T12:00:00+05:30,66.635,66.875,66.58,66.85,642
2026-09-08T12:15:00+05:30,66.855,66.92,66.75,66.81,564
2026-09-08T12:30:00+05:30,66.8,67.105,66.79,66.98,470
2026-09-08T12:45:00+05:30,66.98,67,66.88,66.92,166
2026-09-08T13:00:00+05:30,66.93,66.99,66.56,66.67,462
2026-09-08T13:15:00+05:30,66.665,66.665,66.46,66.56,423
2026-09-08T13:30:00+05:30,66.57,66.57,66.31,66.385,640
2026-09-08T13:45:00+05:30,66.39,66.495,66.345,66.415,238
2026-09-08T14:00:00+05:30,66.415,66.53,66.375,66.455,193
2026-09-08T14:15:00+05:30,66.455,66.61,66.395,66.47,263
2026-09-08T14:30:00+05:30,66.48,66.595,66.41,66.59,181
2026-09-08T14:45:00+05:30,66.585,66.635,66.49,66.51,183
2026-09-08T15:00:00+05:30,66.515,66.73,66.485,66.65,285
2026-09-08T15:15:00+05:30,66.685,66.785,66.675,66.74,147
2026-09-08T15:30:00+05:30,66.73,66.75,66.535,66.56,212
2026-09-08T15:45:00+05:30,66.585,66.91,66.58,66.68,543
2026-09-08T16:00:00+05:30,66.685,66.685,66.5,66.595,170
2026-09-08T16:15:00+05:30,66.59,66.7,66.51,66.51,232
2026-09-08T16:30:00+05:30,66.51,66.72,66.47,66.575,505
2026-09-08T16:45:00+05:30,66.595,66.75,66.57,66.73,268
2026-09-08T17:00:00+05:30,66.75,66.925,66.725,66.79,397
2026-09-08T17:15:00+05:30,66.78,66.92,66.68,66.895,377
2026-09-08T17:30:00+05:30,66.9,66.9,66.45,66.515,657
2026-09-08T17:45:00+05:30,66.515,66.73,66.38,66.725,1050
2026-09-08T18:00:00+05:30,66.73,67.015,66.695,66.7,927
2026-09-08T18:15:00+05:30,66.715,67.1,66.66,67.1,755
2026-09-08T18:30:00+05:30,67.085,67.26,66.985,67.255,1584
2026-09-08T18:45:00+05:30,67.25,67.29,66.845,66.88,936
2026-09-08T19:00:00+05:30,66.88,67.01,66.475,66.615,1734
2026-09-08T19:15:00+05:30,66.625,67.02,66.565,66.81,1332
2026-09-08T19:30:00+05:30,66.825,66.89,66.46,66.545,1117
2026-09-08T19:45:00+05:30,66.55,66.795,66.53,66.6,607
2026-09-08T20:00:00+05:30,66.6,66.705,66.525,66.665,660
2026-09-08T20:15:00+05:30,66.655,66.81,66.55,66.8,730
2026-09-08T20:30:00+05:30,66.805,67.115,66.785,67.05,1044
2026-09-08T20:45:00+05:30,67.05,67.135,66.88,66.96,795
2026-09-08T21:00:00+05:30,66.955,67.05,66.915,66.975,264
2026-09-08T21:15:00+05:30,66.955,67.015,66.825,66.825,431
2026-09-08T21:30:00+05:30,66.83,66.87,66.465,66.68,995
2026-09-08T21:45:00+05:30,66.675,66.94,66.605,66.91,1140
2026-09-08T22:00:00+05:30,66.9,66.965,66.85,66.895,354
2026-09-08T22:15:00+05:30,66.895,67.05,66.84,66.94,747
2026-09-08T22:30:00+05:30,66.965,67.215,66.965,66.99,702
2026-09-08T22:45:00+05:30,67.005,67.07,66.94,67.055,677
2026-09-08T23:00:00+05:30,67.04,67.05,66.875,66.88,296
2026-09-08T23:15:00+05:30,66.875,66.965,66.845,66.945,198
2026-09-08T23:30:00+05:30,66.955,67.025,66.925,66.97,256
2026-09-08T23:45:00+05:30,66.975,67.03,66.94,66.985,258
2026-09-09T00:00:00+05:30,66.99,66.99,66.815,66.91,278
2026-09-09T00:15:00+05:30,66.91,66.945,66.135,66.68,2146
2026-09-09T00:30:00+05:30,66.685,66.76,66.565,66.62,341
2026-09-09T00:45:00+05:30,66.62,66.68,66.49,66.56,272
2026-09-09T01:00:00+05:30,66.55,66.57,66.385,66.56,333
2026-09-09T01:15:00+05:30,66.56,66.565,66.315,66.36,599
2026-09-09T01:30:00+05:30,66.355,66.47,66.275,66.4,233
2026-09-09T01:45:00+05:30,66.4,66.445,66.28,66.29,192
2026-09-09T02:00:00+05:30,66.295,66.34,66.27,66.34,112
2026-09-09T02:15:00+05:30,66.34,66.39,66.18,66.375,284
2026-09-09T03:30:00+05:30,66.38,66.43,66.25,66.285,171
2026-09-09T03:45:00+05:30,66.28,66.305,66.195,66.215,107
2026-09-09T04:00:00+05:30,66.22,66.25,66.155,66.16,140
2026-09-09T04:15:00+05:30,66.175,66.245,66.13,66.23,126
2026-09-09T04:30:00+05:30,66.2,66.235,66.175,66.215,146
2026-09-09T04:45:00+05:30,66.23,66.32,66.225,66.3,132
2026-09-09T05:00:00+05:30,66.32,66.38,66.32,66.345,113
2026-09-09T05:15:00+05:30,66.34,66.34,66.175,66.2,203
2026-09-09T05:30:00+05:30,66.205,66.49,66.2,66.445,458
2026-09-09T05:45:00+05:30,66.455,66.47,66.265,66.38,238
2026-09-09T06:00:00+05:30,66.38,66.57,66.32,66.56,355
2026-09-09T06:15:00+05:30,66.57,66.8,66.52,66.735,855
2026-09-09T06:30:00+05:30,66.74,66.765,66.3,66.595,1711
2026-09-09T06:45:00+05:30,66.585,66.78,66.46,66.72,554
2026-09-09T07:00:00+05:30,66.735,66.905,66.675,66.79,557
2026-09-09T07:15:00+05:30,66.79,66.865,66.615,66.7,444
2026-09-09T07:30:00+05:30,66.705,66.73,66.615,66.64,218
2026-09-09T07:45:00+05:30,66.655,66.74,66.62,66.645,123
2026-09-09T08:00:00+05:30,66.65,66.725,66.51,66.725,377
2026-09-09T08:15:00+05:30,66.73,67.325,66.685,67.12,1352
2026-09-09T08:30:00+05:30,67.12,67.135,66.96,67.035,325
2026-09-09T08:45:00+05:30,67.03,67.03,66.81,66.93,404
2026-09-09T09:00:00+05:30,66.925,66.965,66.86,66.94,159
2026-09-09T09:15:00+05:30,66.935,66.935,66.85,66.85,153
2026-09-09T09:30:00+05:30,66.85,66.86,66.7,66.78,244
2026-09-09T09:45:00+05:30,66.78,66.895,66.72,66.88,234
2026-09-09T10:00:00+05:30,66.865,66.885,66.82,66.85,145
2026-09-09T10:15:00+05:30,66.855,66.97,66.855,66.95,161
2026-09-09T10:30:00+05:30,66.96,67.195,66.91,67.175,553
2026-09-09T10:45:00+05:30,67.185,67.185,66.95,67.03,640
2026-09-09T11:00:00+05:30,67.025,67.18,66.97,67.155,823
2026-09-09T11:15:00+05:30,67.16,67.385,67.075,67.335,677
2026-09-09T11:30:00+05:30,67.34,67.49,67.275,67.38,551
2026-09-09T11:45:00+05:30,67.375,67.405,67.205,67.245,473
2026-09-09T12:00:00+05:30,67.235,67.37,67.215,67.27,295
2026-09-09T12:15:00+05:30,67.255,67.3,67.22,67.285,178
2026-09-09T12:30:00+05:30,67.29,67.515,67.255,67.45,384
2026-09-09T12:45:00+05:30,67.435,67.63,67.39,67.625,413
2026-09-09T13:00:00+05:30,67.625,67.635,67.53,67.53,229
2026-09-09T13:15:00+05:30,67.535,67.605,67.48,67.495,140
2026-09-09T13:30:00+05:30,67.5,67.5,67.29,67.29,269
2026-09-09T13:45:00+05:30,67.29,67.305,67.225,67.265,300
2026-09-09T14:00:00+05:30,67.27,67.33,67.195,67.245,271
2026-09-09T14:15:00+05:30,67.25,67.33,67.235,67.255,143
2026-09-09T14:30:00+05:30,67.27,67.33,67.17,67.205,180
2026-09-09T14:45:00+05:30,67.205,67.245,67.155,67.185,167
2026-09-09T15:00:00+05:30,67.18,67.24,67.095,67.125,320
2026-09-09T15:15:00+05:30,67.125,67.125,66.82,66.855,569
2026-09-09T15:30:00+05:30,66.87,66.925,66.685,66.825,520
2026-09-09T15:45:00+05:30,66.825,66.985,66.805,66.92,340
2026-09-09T16:00:00+05:30,66.925,66.97,66.815,66.855,193
2026-09-09T16:15:00+05:30,66.855,66.99,66.83,66.86,281
2026-09-09T16:30:00+05:30,66.865,66.985,66.865,66.975,265
2026-09-09T16:45:00+05:30,66.99,67.18,66.945,67.15,449
2026-09-09T17:00:00+05:30,67.15,67.15,66.99,66.99,295
2026-09-09T17:15:00+05:30,66.99,67.255,66.92,66.935,927
2026-09-09T17:30:00+05:30,66.93,67,66.745,66.785,620
2026-09-09T17:45:00+05:30,66.79,66.81,66.655,66.72,598
2026-09-09T18:00:00+05:30,66.68,66.805,66.62,66.78,598
2026-09-09T18:15:00+05:30,66.775,67.135,66.775,67.03,932
2026-09-09T18:30:00+05:30,67.035,67.435,66.99,67.43,1802
2026-09-09T18:45:00+05:30,67.435,68.4,67.395,68.37,4407
2026-09-09T19:00:00+05:30,68.36,68.51,67.82,67.95,3105
2026-09-09T19:15:00+05:30,67.94,68.15,67.84,67.98,1559
2026-09-09T19:30:00+05:30,67.985,68.795,67.98,68.785,3270
2026-09-09T19:45:00+05:30,68.78,68.93,68.22,68.925,2481
2026-09-09T20:00:00+05:30,68.925,68.94,68.615,68.615,1645
2026-09-09T20:15:00+05:30,68.625,68.8,68.59,68.645,1045
2026-09-09T20:30:00+05:30,68.66,68.965,67.45,67.625,5502
2026-09-09T20:45:00+05:30,67.63,67.775,67.225,67.76,2555
2026-09-09T21:00:00+05:30,67.765,68.09,67.655,67.945,1904
2026-09-09T21:15:00+05:30,67.955,68.14,67.89,67.92,1029
2026-09-09T21:30:00+05:30,67.93,68.08,67.87,68.03,1039
2026-09-09T21:45:00+05:30,68.02,68.145,67.79,68.105,975
2026-09-09T22:00:00+05:30,68.105,68.26,68.025,68.25,945
2026-09-09T22:15:00+05:30,68.25,68.55,68.24,68.515,1018
2026-09-09T22:30:00+05:30,68.515,68.975,68.495,68.755,2026
2026-09-09T22:45:00+05:30,68.775,68.795,68.575,68.58,1293
2026-09-09T23:00:00+05:30,68.58,68.61,68.485,68.565,633
2026-09-09T23:15:00+05:30,68.565,68.62,68.53,68.55,410
2026-09-09T23:30:00+05:30,68.56,68.65,68.465,68.56,578
2026-09-09T23:45:00+05:30,68.555,68.6,68.525,68.56,308
2026-09-10T00:00:00+05:30,68.56,68.56,68.24,68.29,609
2026-09-10T00:15:00+05:30,68.295,68.31,68.065,68.085,484
2026-09-10T00:30:00+05:30,68.085,68.115,67.905,68.025,675
2026-09-10T00:45:00+05:30,68.03,68.22,67.995,68.035,515
2026-09-10T01:00:00+05:30,68.04,68.05,67.88,67.97,398
2026-09-10T01:15:00+05:30,67.975,68.01,67.815,67.885,403
2026-09-10T01:30:00+05:30,67.89,67.9,67.805,67.84,275
2026-09-10T01:45:00+05:30,67.845,67.86,67.75,67.815,254
2026-09-10T02:00:00+05:30,67.815,67.93,67.815,67.9,256
2026-09-10T02:15:00+05:30,67.9,67.94,67.88,67.935,188
2026-09-10T03:30:00+05:30,67.935,68.025,67.91,67.92,236
2026-09-10T03:45:00+05:30,67.92,67.96,67.885,67.955,166
2026-09-10T04:00:00+05:30,67.95,67.97,67.895,67.95,177
2026-09-10T04:15:00+05:30,67.93,67.93,67.865,67.89,87
2026-09-10T04:30:00+05:30,67.9,67.95,67.87,67.9,131
2026-09-10T04:45:00+05:30,67.91,67.97,67.86,67.875,155
2026-09-10T05:00:00+05:30,67.88,67.9,67.785,67.815,200
2026-09-10T05:15:00+05:30,67.8,67.85,67.785,67.82,180
2026-09-10T05:30:00+05:30,67.825,67.955,67.795,67.905,320
2026-09-10T05:45:00+05:30,67.91,67.975,67.845,67.89,220
2026-09-10T06:00:00+05:30,67.875,67.95,67.875,67.935,171
2026-09-10T06:15:00+05:30,67.93,68,67.815,67.925,754
2026-09-10T06:30:00+05:30,67.93,68.3,67.915,68.045,2023
2026-09-10T06:45:00+05:30,68.04,68.255,68.015,68.025,606
2026-09-10T07:00:00+05:30,68.03,68.05,67.875,67.995,758
2026-09-10T07:15:00+05:30,68,68.075,67.84,67.96,568
2026-09-10T07:30:00+05:30,67.975,68.135,67.92,68,423
2026-09-10T07:45:00+05:30,67.995,68.15,67.88,68.15,240
2026-09-10T08:00:00+05:30,68.15,68.285,67.98,68.21,742
2026-09-10T08:15:00+05:30,68.215,68.275,68.125,68.22,390
2026-09-10T08:30:00+05:30,68.215,68.255,68.04,68.05,397
2026-09-10T08:45:00+05:30,68.05,68.14,67.97,68.02,334
2026-09-10T09:00:00+05:30,68.015,68.095,67.975,67.975,131
2026-09-10T09:15:00+05:30,67.99,68.015,67.97,68.005,96
2026-09-10T09:30:00+05:30,68.005,68.16,68,68.135,171
2026-09-10T09:45:00+05:30,68.145,68.15,68.09,68.1,93
2026-09-10T10:00:00+05:30,68.13,68.17,67.985,68.015,152
2026-09-10T10:15:00+05:30,68.015,68.135,68.005,68.06,106
2026-09-10T10:30:00+05:30,68.08,68.315,68.05,68.315,346
2026-09-10T10:45:00+05:30,68.315,68.335,68.245,68.315,336
2026-09-10T11:00:00+05:30,68.33,68.505,68.265,68.445,1168
2026-09-10T11:15:00+05:30,68.445,68.53,68.36,68.53,374
2026-09-10T11:30:00+05:30,68.53,68.585,68.21,68.235,638
2026-09-10T11:45:00+05:30,68.23,68.29,68.13,68.27,662
2026-09-10T12:00:00+05:30,68.265,68.325,68.165,68.29,472
2026-09-10T12:15:00+05:30,68.29,68.32,68.135,68.18,494
2026-09-10T12:30:00+05:30,68.19,68.19,67.95,67.97,636
2026-09-10T12:45:00+05:30,67.965,68.005,67.88,67.885,398
2026-09-10T13:00:00+05:30,67.9,67.94,67.705,67.87,492
2026-09-10T13:15:00+05:30,67.865,67.99,67.84,67.94,286
2026-09-10T13:30:00+05:30,67.945,67.985,67.635,67.68,447
2026-09-10T13:45:00+05:30,67.685,67.775,67.64,67.695,265
2026-09-10T14:00:00+05:30,67.695,67.695,67.37,67.435,536
2026-09-10T14:15:00+05:30,67.43,67.46,67.29,67.335,395
2026-09-10T14:30:00+05:30,67.335,67.39,67.195,67.325,413
2026-09-10T14:45:00+05:30,67.315,67.335,67.205,67.21,174
2026-09-10T15:00:00+05:30,67.21,67.235,67.01,67.13,561
2026-09-10T15:15:00+05:30,67.135,67.265,67.12,67.21,420
2026-09-10T15:30:00+05:30,67.195,67.32,66.835,67,1585
2026-09-10T15:45:00+05:30,67,67.16,66.955,66.99,463
2026-09-10T16:00:00+05:30,67.01,67.01,66.505,66.65,1372
2026-09-10T16:15:00+05:30,66.65,66.725,66.235,66.295,1195
2026-09-10T16:30:00+05:30,66.29,66.39,66.175,66.355,893
2026-09-10T16:45:00+05:30,66.365,66.47,66.09,66.415,947
2026-09-10T17:00:00+05:30,66.4,66.535,66.29,66.42,672
2026-09-10T17:15:00+05:30,66.42,66.44,66.1,66.14,769
2026-09-10T17:30:00+05:30,66.14,66.33,66.085,66.285,1070
2026-09-10T17:45:00+05:30,66.285,66.325,65.55,65.56,1985
2026-09-10T18:00:00+05:30,65.605,65.925,64.45,64.765,5174
2026-09-10T18:15:00+05:30,64.765,64.92,64.495,64.575,3050
2026-09-10T18:30:00+05:30,64.59,65.275,64.56,64.97,4407
2026-09-10T18:45:00+05:30,64.98,65.205,64.825,65.205,1519
2026-09-10T19:00:00+05:30,65.205,65.39,64.86,65.15,2601
2026-09-10T19:15:00+05:30,65.19,65.565,65.06,65.085,2204
2026-09-10T19:30:00+05:30,65.11,65.365,64.885,64.895,1524
2026-09-10T19:45:00+05:30,64.89,65.405,64.8,65.1,1779
2026-09-10T20:00:00+05:30,65.09,65.26,64.775,64.865,1320
2026-09-10T20:15:00+05:30,64.845,65.045,64.725,64.99,1143
2026-09-10T20:30:00+05:30,64.995,65.085,64.84,64.995,704
2026-09-10T20:45:00+05:30,65.005,65.15,64.93,64.985,651
2026-09-10T21:00:00+05:30,64.985,65.025,64.82,64.895,647
2026-09-10T21:15:00+05:30,64.89,64.97,64.8,64.87,459
2026-09-10T21:30:00+05:30,64.87,64.965,64.52,64.645,1361
2026-09-10T21:45:00+05:30,64.655,64.815,64.58,64.79,591
2026-09-10T22:00:00+05:30,64.78,64.875,64.665,64.77,732
2026-09-10T22:15:00+05:30,64.78,64.91,64.74,64.825,515
2026-09-10T22:30:00+05:30,64.81,65.005,64.75,64.89,690
2026-09-10T22:45:00+05:30,64.895,65.005,64.785,64.975,868
2026-09-10T23:00:00+05:30,64.97,64.98,64.69,64.74,487
2026-09-10T23:15:00+05:30,64.755,64.825,64.69,64.755,441
2026-09-10T23:30:00+05:30,64.75,64.8,64.27,64.42,1487
2026-09-10T23:45:00+05:30,64.41,64.58,64.35,64.42,775
2026-09-11T00:00:00+05:30,64.41,64.42,64.26,64.38,475
2026-09-11T00:15:00+05:30,64.37,64.525,64.235,64.4,814
2026-09-11T00:30:00+05:30,64.38,64.385,64.05,64.2,938
2026-09-11T00:45:00+05:30,64.21,64.34,64.145,64.265,313
2026-09-11T01:00:00+05:30,64.265,64.28,64.12,64.12,356
2026-09-11T01:15:00+05:30,64.13,64.24,64.06,64.185,407
2026-09-11T01:30:00+05:30,64.195,64.195,64.09,64.175,196
2026-09-11T01:45:00+05:30,64.17,64.17,64.015,64.11,164
2026-09-11T02:00:00+05:30,64.095,64.16,64.08,64.145,133
2026-09-11T02:15:00+05:30,64.17,64.17,64.08,64.08,217
2026-09-11T03:30:00+05:30,64.105,64.19,64.05,64.075,170
2026-09-11T03:45:00+05:30,64.07,64.115,64.05,64.07,101
2026-09-11T04:00:00+05:30,64.08,64.08,63.79,63.95,856
2026-09-11T04:15:00+05:30,63.945,64.055,63.915,64.015,184
2026-09-11T04:30:00+05:30,64.03,64.11,64.02,64.105,91
2026-09-11T04:45:00+05:30,64.085,64.105,64.045,64.065,52
2026-09-11T05:00:00+05:30,64.055,64.08,63.97,64,423
2026-09-11T05:15:00+05:30,63.995,64.045,63.885,63.945,259
2026-09-11T05:30:00+05:30,63.945,64.13,63.92,63.995,432
2026-09-11T05:45:00+05:30,64.015,64.145,63.945,64.13,216
2026-09-11T06:00:00+05:30,64.13,64.13,63.97,64.115,326
2026-09-11T06:15:00+05:30,64.1,64.25,64.085,64.17,557
2026-09-11T06:30:00+05:30,64.17,64.315,64.055,64.095,1711
2026-09-11T06:45:00+05:30,64.085,64.215,63.915,64.08,1015
2026-09-11T07:00:00+05:30,64.085,64.205,63.71,63.75,1417
2026-09-11T07:15:00+05:30,63.755,63.96,63.74,63.955,748
2026-09-11T07:30:00+05:30,63.96,63.985,63.805,63.925,381
2026-09-11T07:45:00+05:30,63.94,64,63.78,63.815,362
2026-09-11T08:00:00+05:30,63.8,63.87,63.615,63.74,950
2026-09-11T08:15:00+05:30,63.75,63.935,63.655,63.855,472
2026-09-11T08:30:00+05:30,63.85,63.97,63.65,63.74,436
2026-09-11T08:45:00+05:30,63.735,63.785,63.53,63.6,556
2026-09-11T09:00:00+05:30,63.615,63.74,63.55,63.63,241
2026-09-11T09:15:00+05:30,63.64,63.64,63.505,63.565,231
2026-09-11T09:30:00+05:30,63.555,63.89,63.52,63.83,431
2026-09-11T09:45:00+05:30,63.84,64.015,63.805,64.005,331
2026-09-11T10:00:00+05:30,64.01,64.045,63.945,64.02,234
2026-09-11T10:15:00+05:30,64.03,64.16,63.96,64.025,429
2026-09-11T10:30:00+05:30,64.045,64.255,64.015,64.25,421
2026-09-11T10:45:00+05:30,64.245,64.275,64.14,64.16,336
2026-09-11T11:00:00+05:30,64.17,64.405,64.095,64.395,1145
2026-09-11T11:15:00+05:30,64.39,64.615,64.31,64.45,819
2026-09-11T11:30:00+05:30,64.455,64.695,64.44,64.645,694
2026-09-11T11:45:00+05:30,64.645,64.675,64.42,64.43,521
2026-09-11T12:00:00+05:30,64.42,64.445,64.315,64.365,493
2026-09-11T12:15:00+05:30,64.39,64.49,64.375,64.465,329
2026-09-11T12:30:00+05:30,64.445,64.595,64.425,64.495,295
2026-09-11T12:45:00+05:30,64.48,64.545,64.4,64.4,186
2026-09-11T13:00:00+05:30,64.405,64.54,64.345,64.49,302
2026-09-11T13:15:00+05:30,64.485,64.5,64.39,64.48,264
2026-09-11T13:30:00+05:30,64.485,64.495,64.32,64.45,419
2026-09-11T13:45:00+05:30,64.45,64.85,64.43,64.675,949
2026-09-11T14:00:00+05:30,64.67,64.82,64.665,64.705,350
2026-09-11T14:15:00+05:30,64.69,64.765,64.555,64.585,316
2026-09-11T14:30:00+05:30,64.59,64.73,64.48,64.5,335
2026-09-11T14:45:00+05:30,64.49,64.535,64.465,64.5,184
2026-09-11T15:00:00+05:30,64.51,64.51,64.39,64.41,183
2026-09-11T15:15:00+05:30,64.415,64.525,64.41,64.515,139
2026-09-11T15:30:00+05:30,64.49,64.6,64.39,64.51,499
2026-09-11T15:45:00+05:30,64.525,64.57,64.485,64.535,175
2026-09-11T16:00:00+05:30,64.53,64.535,64.41,64.455,219
2026-09-11T16:15:00+05:30,64.455,64.46,64.305,64.32,194
2026-09-11T16:30:00+05:30,64.33,64.37,64.255,64.31,449
2026-09-11T16:45:00+05:30,64.31,64.455,64.28,64.345,330
2026-09-11T17:00:00+05:30,64.36,64.38,64.23,64.365,278
2026-09-11T17:15:00+05:30,64.365,64.41,64.265,64.33,203
2026-09-11T17:30:00+05:30,64.345,64.55,64.33,64.455,696
2026-09-11T17:45:00+05:30,64.46,64.765,64.37,64.69,1120
2026-09-11T18:00:00+05:30,64.72,65.235,63.6,65.045,5314
2026-09-11T18:15:00+05:30,65.055,65.73,65.01,65.68,2639
2026-09-11T18:30:00+05:30,65.67,65.695,65.21,65.435,3380
2026-09-11T18:45:00+05:30,65.42,65.725,65.24,65.535,1725
2026-09-11T19:00:00+05:30,65.545,65.695,65.28,65.565,1780
2026-09-11T19:15:00+05:30,65.58,65.815,65.39,65.81,1596
2026-09-11T19:30:00+05:30,65.78,65.805,65.3,65.44,2007
2026-09-11T19:45:00+05:30,65.43,65.495,65.25,65.28,1223
2026-09-11T20:00:00+05:30,65.27,65.345,65.045,65.185,1231
2026-09-11T20:15:00+05:30,65.18,65.48,65.04,65.055,1597
2026-09-11T20:30:00+05:30,65.055,65.085,64.775,64.86,1242
2026-09-11T20:45:00+05:30,64.88,65.025,64.83,64.995,690
2026-09-11T21:00:00+05:30,64.975,65.105,64.95,65.075,663
2026-09-11T21:15:00+05:30,65.065,65.08,64.915,64.995,370
2026-09-11T21:30:00+05:30,64.99,65.13,64.895,64.905,488
2026-09-11T21:45:00+05:30,64.9,64.965,64.615,64.81,1405
2026-09-11T22:00:00+05:30,64.805,65.03,64.765,64.98,602
2026-09-11T22:15:00+05:30,64.995,65.02,64.93,64.965,289
2026-09-11T22:30:00+05:30,64.96,65.16,64.955,65.015,547
2026-09-11T22:45:00+05:30,65.03,65.235,64.965,65.165,569
2026-09-11T23:00:00+05:30,65.165,65.205,65.02,65.02,371
2026-09-11T23:15:00+05:30,65.015,65.1,64.975,65.005,278
2026-09-11T23:30:00+05:30,65.005,65.06,64.815,64.83,557
2026-09-11T23:45:00+05:30,64.82,64.97,64.775,64.915,834
2026-09-12T00:00:00+05:30,64.915,64.92,64.775,64.8,316
2026-09-12T00:15:00+05:30,64.805,64.815,64.745,64.795,259
2026-09-12T00:30:00+05:30,64.795,64.93,64.76,64.925,319
2026-09-12T00:45:00+05:30,64.93,64.99,64.88,64.91,190
2026-09-12T01:00:00+05:30,64.915,64.94,64.875,64.905,151
2026-09-12T01:15:00+05:30,64.905,64.93,64.835,64.91,405
2026-09-12T01:30:00+05:30,64.915,64.975,64.905,64.905,193
2026-09-12T01:45:00+05:30,64.9,64.93,64.87,64.92,93
2026-09-12T02:00:00+05:30,64.925,64.955,64.885,64.9,177
2026-09-12T02:15:00+05:30,64.92,65.045,64.92,65.015,184