time,open,high,low,close,Volume
2026-08-12T23:42:00+05:30,29916,29918.5,29896.25,29897,2090
2026-08-12T23:48:00+05:30,29896.5,29906,29890.5,29903.75,2160
2026-08-12T23:54:00+05:30,29903,29913.75,29892.25,29894,1926
2026-08-13T00:00:00+05:30,29893.75,29912.5,29893.75,29906.75,1954
2026-08-13T00:06:00+05:30,29907,29932,29906,29925.5,2470
2026-08-13T00:12:00+05:30,29926,29928,29909,29913,2118
2026-08-13T00:18:00+05:30,29913,29923.25,29912.5,29913.75,1421
2026-08-13T00:24:00+05:30,29914,29914.75,29885,29889.75,3024
2026-08-13T00:30:00+05:30,29890.25,29902.75,29889.5,29898.75,2024
2026-08-13T00:36:00+05:30,29899.5,29905,29882,29883.5,1842
2026-08-13T00:42:00+05:30,29883.5,29898.5,29879,29893.5,2162
2026-08-13T00:48:00+05:30,29893,29895.25,29866,29870.25,3010
2026-08-13T00:54:00+05:30,29870.25,29873.5,29856,29868.25,2550
2026-08-13T01:00:00+05:30,29867,29868,29852.5,29861.25,2962
2026-08-13T01:06:00+05:30,29861.25,29863.25,29843.75,29846.5,2921
2026-08-13T01:12:00+05:30,29846.75,29858.75,29831.75,29857,5231
2026-08-13T01:18:00+05:30,29855.75,29870,29839.5,29858.75,5274
2026-08-13T01:24:00+05:30,29858,29866.25,29825.75,29853,14726
2026-08-13T01:30:00+05:30,29852.75,29906,29846.5,29893.5,6053
2026-08-13T01:36:00+05:30,29895,29896,29845.75,29846.5,2354
2026-08-13T01:42:00+05:30,29847,29851.25,29831.5,29835,1732
2026-08-13T01:48:00+05:30,29836,29846.25,29824,29826.25,1180
2026-08-13T01:54:00+05:30,29827.25,29827.25,29814.75,29820,1030
2026-08-13T02:00:00+05:30,29820,29822,29809.5,29816.75,1358
2026-08-13T02:06:00+05:30,29817.25,29823.25,29815,29819.5,614
2026-08-13T02:12:00+05:30,29819.25,29822.5,29816.5,29816.5,479
2026-08-13T02:18:00+05:30,29817.25,29823,29812.75,29816.25,415
2026-08-13T02:24:00+05:30,29815.75,29815.75,29804.5,29805.75,334
2026-08-13T03:30:00+05:30,29825,29831.75,29806,29806.5,855
2026-08-13T03:36:00+05:30,29808.25,29825,29808.25,29818.5,414
2026-08-13T03:42:00+05:30,29818.5,29820.5,29797.25,29800.5,511
2026-08-13T03:48:00+05:30,29800.75,29803.5,29789,29795.75,427
2026-08-13T03:54:00+05:30,29795.75,29801,29784,29794,372
2026-08-13T04:00:00+05:30,29792.25,29792.75,29780.5,29783.25,629
2026-08-13T04:06:00+05:30,29783.75,29791.75,29781.5,29787.75,301
2026-08-13T04:12:00+05:30,29787.75,29803.5,29787.75,29794.75,449
2026-08-13T04:18:00+05:30,29794,29800.5,29794,29800.5,142
2026-08-13T04:24:00+05:30,29799.5,29801.25,29795,29797.75,115
2026-08-13T04:30:00+05:30,29797.25,29808.5,29797,29805.75,330
2026-08-13T04:36:00+05:30,29806.5,29811.25,29804,29807,294
2026-08-13T04:42:00+05:30,29808,29812,29806.5,29807,231
2026-08-13T04:48:00+05:30,29807.25,29812.5,29804.25,29811,165
2026-08-13T04:54:00+05:30,29811,29811,29802,29807.25,285
2026-08-13T05:00:00+05:30,29805.25,29805.25,29793.5,29798.5,262
2026-08-13T05:06:00+05:30,29798.5,29815,29798.5,29808,374
2026-08-13T05:12:00+05:30,29807.5,29812.25,29796.25,29798.75,387
2026-08-13T05:18:00+05:30,29798.25,29807.25,29792,29803.75,318
2026-08-13T05:24:00+05:30,29803.25,29809.25,29797.75,29804.5,357
2026-08-13T05:30:00+05:30,29805.25,29857,29796.75,29852.25,1660
2026-08-13T05:36:00+05:30,29852,29863.5,29847.25,29850.5,884
2026-08-13T05:42:00+05:30,29851.75,29861.5,29838,29844.25,747
2026-08-13T05:48:00+05:30,29845.5,29865.25,29842.75,29861.5,671
2026-08-13T05:54:00+05:30,29857.25,29866.75,29838.75,29840.25,623
2026-08-13T06:00:00+05:30,29839.75,29853.75,29828.5,29837.75,919
2026-08-13T06:06:00+05:30,29836.75,29844.5,29830.5,29837.5,321
2026-08-13T06:12:00+05:30,29838.5,29847.5,29831.25,29846.5,473
2026-08-13T06:18:00+05:30,29846.75,29850,29840,29840.75,273
2026-08-13T06:24:00+05:30,29842.25,29849.75,29829,29845.5,525
2026-08-13T06:30:00+05:30,29846,29849.25,29821.5,29837.5,752
2026-08-13T06:36:00+05:30,29838.25,29853,29830.75,29842.25,547
2026-08-13T06:42:00+05:30,29842.25,29842.75,29823.5,29833.25,520
2026-08-13T06:48:00+05:30,29832.25,29838.5,29821.75,29828.5,361
2026-08-13T06:54:00+05:30,29828.75,29829.25,29808.25,29818.25,754
2026-08-13T07:00:00+05:30,29816.75,29844,29814.5,29836.75,712
2026-08-13T07:06:00+05:30,29838.25,29842.5,29829.75,29830.5,276
2026-08-13T07:12:00+05:30,29830,29843.75,29828.5,29831.5,425
2026-08-13T07:18:00+05:30,29830.75,29851,29828,29849.25,459
2026-08-13T07:24:00+05:30,29849.25,29866,29849,29857.25,853
2026-08-13T07:30:00+05:30,29858,29871.25,29853.75,29868,596
2026-08-13T07:36:00+05:30,29866.75,29867.5,29857.5,29862.25,269
2026-08-13T07:42:00+05:30,29862.75,29867,29859,29861.5,239
2026-08-13T07:48:00+05:30,29864.25,29869.5,29856.75,29867.25,368
2026-08-13T07:54:00+05:30,29867.75,29869.5,29859,29863,353
2026-08-13T08:00:00+05:30,29861.75,29863,29833.5,29837.75,850
2026-08-13T08:06:00+05:30,29836.75,29870,29834,29869,769
2026-08-13T08:12:00+05:30,29869.5,29877.75,29866,29869.75,602
2026-08-13T08:18:00+05:30,29868.75,29872,29866.25,29869.75,158
2026-08-13T08:24:00+05:30,29870.25,29874.5,29866.25,29868.5,169
2026-08-13T08:30:00+05:30,29868.5,29873.5,29865.5,29870.5,219
2026-08-13T08:36:00+05:30,29872,29875.75,29868,29872.25,203
2026-08-13T08:42:00+05:30,29870,29877,29868.5,29872,181
2026-08-13T08:48:00+05:30,29873.25,29879.5,29871.25,29877.5,223
2026-08-13T08:54:00+05:30,29876,29877.25,29872,29874,121
2026-08-13T09:00:00+05:30,29876.25,29877,29867.25,29872,180
2026-08-13T09:06:00+05:30,29869.75,29880,29868.75,29876.25,265
2026-08-13T09:12:00+05:30,29875,29880,29873.25,29877.5,136
2026-08-13T09:18:00+05:30,29877.75,29880,29875.75,29879.5,282
2026-08-13T09:24:00+05:30,29879,29880,29874,29878.5,168
2026-08-13T09:30:00+05:30,29878.25,29886.75,29876.25,29885.75,352
2026-08-13T09:36:00+05:30,29884.75,29891.75,29884.5,29887.5,373
2026-08-13T09:42:00+05:30,29889.25,29890,29869,29870.25,425
2026-08-13T09:48:00+05:30,29868.5,29872.75,29853.75,29863.75,482
2026-08-13T09:54:00+05:30,29864.5,29884.5,29864,29877,645
2026-08-13T10:00:00+05:30,29876.5,29891,29876.5,29890.25,203
2026-08-13T10:06:00+05:30,29890.5,29896,29878,29879.5,342
2026-08-13T10:12:00+05:30,29879.5,29890.5,29873.5,29887.75,350
2026-08-13T10:18:00+05:30,29887.25,29895,29885,29890,229
2026-08-13T10:24:00+05:30,29888.5,29891.75,29878,29879.25,192
2026-08-13T10:30:00+05:30,29878.5,29897.25,29874,29895.25,329
2026-08-13T10:36:00+05:30,29895.75,29903.5,29895.25,29902,424
2026-08-13T10:42:00+05:30,29901.5,29921.25,29900.5,29915.25,894
2026-08-13T10:48:00+05:30,29915.25,29920,29909.25,29909.5,354
2026-08-13T10:54:00+05:30,29909,29922.75,29907.75,29920.5,360
2026-08-13T11:00:00+05:30,29921.5,29924,29902,29914,577
2026-08-13T11:06:00+05:30,29912.75,29914,29897,29904.5,579
2026-08-13T11:12:00+05:30,29904.75,29909.5,29898.75,29903,307
2026-08-13T11:18:00+05:30,29903.25,29908.5,29902,29904,202
2026-08-13T11:24:00+05:30,29903.25,29903.25,29882,29884.5,460
2026-08-13T11:30:00+05:30,29884.5,29887.5,29869.25,29882,889
2026-08-13T11:36:00+05:30,29881,29891.75,29877.75,29883.25,427
2026-08-13T11:42:00+05:30,29883.75,29897,29883.75,29891.25,314
2026-08-13T11:48:00+05:30,29891.5,29903.25,29890.75,29900.75,274
2026-08-13T11:54:00+05:30,29901,29905.5,29892.25,29898,300
2026-08-13T12:00:00+05:30,29896.75,29905.25,29883,29884,534
2026-08-13T12:06:00+05:30,29883,29883.25,29868.25,29871.5,446
2026-08-13T12:12:00+05:30,29870.75,29871.25,29859.25,29860,440
2026-08-13T12:18:00+05:30,29860.25,29873,29858.25,29870.75,399
2026-08-13T12:24:00+05:30,29870.25,29890.25,29866.5,29888.5,390
2026-08-13T12:30:00+05:30,29888,29893.25,29852,29853,971
2026-08-13T12:36:00+05:30,29852.5,29856.25,29845,29846.25,776
2026-08-13T12:42:00+05:30,29847,29863.25,29846,29857,486
2026-08-13T12:48:00+05:30,29857.5,29869.5,29851.25,29869.5,312
2026-08-13T12:54:00+05:30,29869.5,29872.75,29866,29872.5,366
2026-08-13T13:00:00+05:30,29869.75,29871.75,29861.25,29865,289
2026-08-13T13:06:00+05:30,29864.25,29877,29862.75,29876.25,381
2026-08-13T13:12:00+05:30,29877.75,29882.25,29866.75,29868,532
2026-08-13T13:18:00+05:30,29867.75,29880,29864,29866.25,531
2026-08-13T13:24:00+05:30,29866.5,29868,29859.25,29860,169
2026-08-13T13:30:00+05:30,29859.75,29872.5,29829,29839.5,1141
2026-08-13T13:36:00+05:30,29838.25,29866.25,29831,29831,721
2026-08-13T13:42:00+05:30,29830.25,29844.75,29827,29839,585
2026-08-13T13:48:00+05:30,29838.25,29852.5,29828.25,29847.5,520
2026-08-13T13:54:00+05:30,29848,29865,29847.75,29858.75,456
2026-08-13T14:00:00+05:30,29859.5,29861.25,29849.25,29854.75,318
2026-08-13T14:06:00+05:30,29853,29860.75,29845.5,29860.25,322
2026-08-13T14:12:00+05:30,29860.25,29866,29855.75,29856,406
2026-08-13T14:18:00+05:30,29856,29875.75,29854.25,29860.5,450
2026-08-13T14:24:00+05:30,29862.25,29872,29860.25,29860.75,192
2026-08-13T14:30:00+05:30,29861.5,29868.75,29846.5,29847.75,541
2026-08-13T14:36:00+05:30,29847.75,29853.5,29844.25,29847.25,280
2026-08-13T14:42:00+05:30,29847.5,29850.25,29821,29833.25,572
2026-08-13T14:48:00+05:30,29834,29844,29832,29843.75,279
2026-08-13T14:54:00+05:30,29844.25,29848.75,29835.75,29838.75,203
2026-08-13T15:00:00+05:30,29837.5,29857,29836.5,29856.5,290
2026-08-13T15:06:00+05:30,29856.5,29856.5,29849,29852.75,118
2026-08-13T15:12:00+05:30,29853.5,29865.5,29852,29859,230
2026-08-13T15:18:00+05:30,29859,29874.5,29857.5,29869.5,352
2026-08-13T15:24:00+05:30,29869.5,29879.25,29869.5,29876.5,231
2026-08-13T15:30:00+05:30,29876.25,29877.25,29863.25,29865,439
2026-08-13T15:36:00+05:30,29864.75,29877,29864.5,29873.5,281
2026-08-13T15:42:00+05:30,29874.75,29880.75,29872.75,29880.75,238
2026-08-13T15:48:00+05:30,29881,29884.5,29875,29877.25,286
2026-08-13T15:54:00+05:30,29877,29878.75,29864.5,29873,341
2026-08-13T16:00:00+05:30,29874,29880.75,29869.5,29871,257
2026-08-13T16:06:00+05:30,29870.75,29878,29868.5,29874.25,242
2026-08-13T16:12:00+05:30,29873.75,29881.75,29872.25,29881.75,152
2026-08-13T16:18:00+05:30,29880.25,29886.5,29876,29883.5,235
2026-08-13T16:24:00+05:30,29882.75,29885,29880.25,29881.25,184
2026-08-13T16:30:00+05:30,29881.5,29892.25,29875.25,29877.5,576
2026-08-13T16:36:00+05:30,29877.25,29887.25,29874.75,29878,195
2026-08-13T16:42:00+05:30,29877.5,29878.5,29863.25,29868.75,368
2026-08-13T16:48:00+05:30,29866.25,29866.25,29857.5,29864.75,408
2026-08-13T16:54:00+05:30,29865,29865,29855.5,29863,334
2026-08-13T17:00:00+05:30,29860.25,29877.75,29857.5,29876.5,444
2026-08-13T17:06:00+05:30,29877,29885.75,29875.5,29882.25,390
2026-08-13T17:12:00+05:30,29882,29895,29875.5,29892.25,625
2026-08-13T17:18:00+05:30,29891,29891.5,29867.5,29879.75,415
2026-08-13T17:24:00+05:30,29879,29886.5,29868,29869,278
2026-08-13T17:30:00+05:30,29869.5,29872,29837,29844.25,1084
2026-08-13T17:36:00+05:30,29844.25,29853.25,29834.25,29848.75,735
2026-08-13T17:42:00+05:30,29848.25,29848.75,29830,29833,444
2026-08-13T17:48:00+05:30,29832.25,29833.25,29812.25,29827,780
2026-08-13T17:54:00+05:30,29826.75,29860,29819.25,29844.5,924
2026-08-13T18:00:00+05:30,29849.75,29890.5,29820,29851.75,3237
2026-08-13T18:06:00+05:30,29851,29858.75,29839.75,29855,1398
2026-08-13T18:12:00+05:30,29854,29870.25,29837,29855,1881
2026-08-13T18:18:00+05:30,29854.25,29876.5,29841,29866.5,1562
2026-08-13T18:24:00+05:30,29867.5,29881.25,29867.5,29880.75,637
2026-08-13T18:30:00+05:30,29880.75,29914.75,29878.75,29911.75,2945
2026-08-13T18:36:00+05:30,29912.25,29921,29905.75,29912.25,1282
2026-08-13T18:42:00+05:30,29912.5,29913,29900.25,29902.75,957
2026-08-13T18:48:00+05:30,29903.25,29915.25,29900.75,29907,1314
2026-08-13T18:54:00+05:30,29906.75,29920,29903,29911,2898
2026-08-13T19:00:00+05:30,29910.25,29980.25,29863.5,29980,17977
2026-08-13T19:06:00+05:30,29979.75,30053.5,29977.75,30011.75,14720
2026-08-13T19:12:00+05:30,30011.25,30113,29995.5,30108,13430
2026-08-13T19:18:00+05:30,30109,30155,30104.5,30124,12974
2026-08-13T19:24:00+05:30,30124.75,30182.25,30122.75,30176,10925
2026-08-13T19:30:00+05:30,30175.75,30189.75,30155.75,30182,10699
2026-08-13T19:36:00+05:30,30182,30211.25,30160.75,30208.75,8824
2026-08-13T19:42:00+05:30,30209,30215.75,30193.75,30206,7382
2026-08-13T19:48:00+05:30,30205.25,30217.5,30185.25,30210.75,7497
2026-08-13T19:54:00+05:30,30210.25,30239.5,30198,30234.25,7051
2026-08-13T20:00:00+05:30,30233.25,30267.5,30227.5,30262.5,8511
2026-08-13T20:06:00+05:30,30262.25,30264.75,30240.25,30241.75,6520
2026-08-13T20:12:00+05:30,30241,30248.5,30216.5,30234.75,7161
2026-08-13T20:18:00+05:30,30234.25,30236.25,30208,30219,7002
2026-08-13T20:24:00+05:30,30218.75,30228,30198.25,30199.5,6967
2026-08-13T20:30:00+05:30,30199.25,30231.5,30193.75,30219.5,7588
2026-08-13T20:36:00+05:30,30219,30227.75,30198.75,30224.5,5585
2026-08-13T20:42:00+05:30,30224.5,30228.25,30209,30214.75,4450
2026-08-13T20:48:00+05:30,30215.25,30236.25,30202,30233.5,4789
2026-08-13T20:54:00+05:30,30234.25,30238.75,30179.5,30188.25,8087
2026-08-13T21:00:00+05:30,30188.75,30198.5,30143.25,30155.75,8022
2026-08-13T21:06:00+05:30,30155.75,30159.5,30128.25,30157.5,7612
2026-08-13T21:12:00+05:30,30157.25,30176.75,30133,30139.75,5058
2026-08-13T21:18:00+05:30,30140.25,30142.25,30104.5,30124.5,5899
2026-08-13T21:24:00+05:30,30125,30137,30104,30115.5,4991
2026-08-13T21:30:00+05:30,30117.25,30168.25,30114.25,30167,5398
2026-08-13T21:36:00+05:30,30167.5,30172.5,30157.5,30159.75,2946
2026-08-13T21:42:00+05:30,30160.25,30165.25,30133.75,30139.25,3541
2026-08-13T21:48:00+05:30,30140.5,30164.25,30137,30163,2733
2026-08-13T21:54:00+05:30,30164.25,30189,30163.5,30186.5,3792
2026-08-13T22:00:00+05:30,30186.75,30200,30184.25,30191.75,3447
2026-08-13T22:06:00+05:30,30192.25,30193.25,30168,30178.75,3152
2026-08-13T22:12:00+05:30,30178.5,30192,30173.75,30191.25,2103
2026-08-13T22:18:00+05:30,30191,30203.25,30185.5,30185.75,2456
2026-08-13T22:24:00+05:30,30186,30193.75,30176.5,30193.75,2889
2026-08-13T22:30:00+05:30,30193.75,30227.5,30193.25,30226.5,4390
2026-08-13T22:36:00+05:30,30226.25,30232.75,30217,30231.75,3223
2026-08-13T22:42:00+05:30,30232,30235.5,30224.25,30232.5,2578
2026-08-13T22:48:00+05:30,30232,30250,30230,30238.5,4206
2026-08-13T22:54:00+05:30,30238.25,30245.75,30235.75,30237.5,2328
2026-08-13T23:00:00+05:30,30237.75,30244.75,30230.25,30233,2680
2026-08-13T23:06:00+05:30,30233,30235.25,30220,30222.25,2715
2026-08-13T23:12:00+05:30,30221.5,30228,30214,30220,2361
2026-08-13T23:18:00+05:30,30219.5,30224,30207.25,30213,2167
2026-08-13T23:24:00+05:30,30213,30219.5,30203.75,30204.5,2648
2026-08-13T23:30:00+05:30,30205,30215.5,30201.5,30213,2638
2026-08-13T23:36:00+05:30,30212.75,30213.5,30189.5,30200.5,3237
2026-08-13T23:42:00+05:30,30200,30207.75,30194,30201,2385
2026-08-13T23:48:00+05:30,30200.5,30202.25,30188,30189.25,2789
2026-08-13T23:54:00+05:30,30189.75,30196,30181,30192,3150
2026-08-14T00:00:00+05:30,30192,30220,30191.5,30218.75,3855
2026-08-14T00:06:00+05:30,30218.25,30235.25,30213.5,30231.5,2985
2026-08-14T00:12:00+05:30,30232,30242.75,30225.75,30239.5,3290
2026-08-14T00:18:00+05:30,30239.75,30244,30232.25,30241.5,2629
2026-08-14T00:24:00+05:30,30241.75,30246,30236.25,30244.25,2166
2026-08-14T00:30:00+05:30,30244.25,30255.25,30240,30254,3622
2026-08-14T00:36:00+05:30,30254.75,30272.75,30254.5,30259.75,4778
2026-08-14T00:42:00+05:30,30260.5,30260.5,30221.75,30229,5319
2026-08-14T00:48:00+05:30,30229.25,30246,30226.25,30238.75,2778
2026-08-14T00:54:00+05:30,30239.25,30239.25,30215.25,30223.25,3637
2026-08-14T01:00:00+05:30,30222.75,30227.75,30211,30215.25,3750
2026-08-14T01:06:00+05:30,30214.75,30223.5,30210,30222,2564
2026-08-14T01:12:00+05:30,30222,30222.5,30196.75,30196.75,3932
2026-08-14T01:18:00+05:30,30196.75,30204.75,30183.25,30193.25,6005
2026-08-14T01:24:00+05:30,30193.25,30206,30173,30194.75,15907
2026-08-14T01:30:00+05:30,30194.5,30220,30144.5,30218.25,9290
2026-08-14T01:36:00+05:30,30217.75,30219.5,30193.75,30206.75,1781
2026-08-14T01:42:00+05:30,30206.75,30214.25,30203,30207.25,1158
2026-08-14T01:48:00+05:30,30206.5,30210,30192.5,30197.25,802
2026-08-14T01:54:00+05:30,30196.75,30206.5,30193.5,30197.75,774
2026-08-14T02:00:00+05:30,30198.25,30207.5,30195.5,30202.5,677
2026-08-14T02:06:00+05:30,30203.75,30213.25,30203,30211.25,554
2026-08-14T02:12:00+05:30,30211,30213.5,30208.25,30211.5,462
2026-08-14T02:18:00+05:30,30211.25,30214,30208.75,30213,331
2026-08-14T02:24:00+05:30,30213,30219.75,30208.75,30214.25,597
2026-08-14T03:30:00+05:30,30210.75,30216.75,30186,30210.5,1094
2026-08-14T03:36:00+05:30,30209.25,30210.75,30191.5,30198.5,413
2026-08-14T03:42:00+05:30,30197.25,30201.25,30190,30199.25,292
2026-08-14T03:48:00+05:30,30199,30205.5,30190.75,30195.75,336
2026-08-14T03:54:00+05:30,30196.5,30200,30196,30197,127
2026-08-14T04:00:00+05:30,30198.5,30209.25,30198.25,30206.25,320
2026-08-14T04:06:00+05:30,30206.25,30207.75,30201.5,30203.5,119
2026-08-14T04:12:00+05:30,30204,30210.25,30200,30202.5,198
2026-08-14T04:18:00+05:30,30202.75,30205.75,30200,30201,187
2026-08-14T04:24:00+05:30,30203.25,30207.75,30200.25,30203.25,125
2026-08-14T04:30:00+05:30,30204,30206.5,30199,30204,130
2026-08-14T04:36:00+05:30,30205.25,30219,30204.5,30217,371
2026-08-14T04:42:00+05:30,30216,30226,30214.75,30217.75,351
2026-08-14T04:48:00+05:30,30217.25,30218.25,30195.25,30197.25,514
2026-08-14T04:54:00+05:30,30196.25,30203.25,30192.25,30199.5,293
2026-08-14T05:00:00+05:30,30198.5,30203.5,30195.5,30202,184
2026-08-14T05:06:00+05:30,30202,30203.5,30193.5,30196.5,188
2026-08-14T05:12:00+05:30,30196,30203.25,30189.5,30196.75,768
2026-08-14T05:18:00+05:30,30197,30199.5,30193.25,30197.75,190
2026-08-14T05:24:00+05:30,30197.75,30204,30195,30203.25,243
2026-08-14T05:30:00+05:30,30203.75,30232,30200,30218,1478
2026-08-14T05:36:00+05:30,30217.5,30221.75,30195.75,30209.75,788
2026-08-14T05:42:00+05:30,30208.75,30211.75,30178.25,30185.75,970
2026-08-14T05:48:00+05:30,30185.75,30190,30178.5,30184.75,583
2026-08-14T05:54:00+05:30,30183.25,30190.75,30176.75,30185.5,476
2026-08-14T06:00:00+05:30,30184.5,30191.75,30174.5,30183,556
2026-08-14T06:06:00+05:30,30183.5,30190,30180.25,30187.25,331
2026-08-14T06:12:00+05:30,30188.25,30189.75,30176.25,30180.25,665
2026-08-14T06:18:00+05:30,30180.25,30180.75,30169,30170.25,879
2026-08-14T06:24:00+05:30,30170,30174.75,30166.25,30170,433
2026-08-14T06:30:00+05:30,30169.25,30169.75,30128.75,30145.5,1729
2026-08-14T06:36:00+05:30,30145.25,30152.75,30132,30132,823
2026-08-14T06:42:00+05:30,30132,30138.25,30124.25,30132.25,1014
2026-08-14T06:48:00+05:30,30131.5,30155.5,30128,30148,866
2026-08-14T06:54:00+05:30,30147,30154.5,30133.25,30152.5,662
2026-08-14T07:00:00+05:30,30153.25,30155.25,30140.25,30153.75,424
2026-08-14T07:06:00+05:30,30152.75,30160.25,30148,30158.75,523
2026-08-14T07:12:00+05:30,30158.75,30166.5,30155.75,30165.25,427
2026-08-14T07:18:00+05:30,30166,30168,30154,30159.25,484
2026-08-14T07:24:00+05:30,30157.75,30157.75,30149.25,30151.5,335
2026-08-14T07:30:00+05:30,30151.5,30170.5,30149.75,30167.75,615
2026-08-14T07:36:00+05:30,30168.25,30171.75,30160.5,30166.25,446
2026-08-14T07:42:00+05:30,30168,30170.25,30161,30161.25,266
2026-08-14T07:48:00+05:30,30161.25,30168.75,30155.75,30166.25,358
2026-08-14T07:54:00+05:30,30166.25,30168.5,30160,30167.25,247
2026-08-14T08:00:00+05:30,30168,30177.75,30167.25,30176.75,304
2026-08-14T08:06:00+05:30,30176.5,30181.5,30171.25,30177.5,362
2026-08-14T08:12:00+05:30,30176,30178.5,30159.75,30164.75,405
2026-08-14T08:18:00+05:30,30164.75,30166.5,30158.5,30160,185
2026-08-14T08:24:00+05:30,30160.5,30161,30150,30154.75,383
2026-08-14T08:30:00+05:30,30153.75,30157,30150,30151,339
2026-08-14T08:36:00+05:30,30152,30163.5,30151.5,30163.5,310
2026-08-14T08:42:00+05:30,30162.5,30169.5,30158.25,30168.25,247
2026-08-14T08:48:00+05:30,30168,30174.5,30164.25,30172.25,294
2026-08-14T08:54:00+05:30,30171.5,30180,30171.5,30180,220
2026-08-14T09:00:00+05:30,30180.75,30182.5,30162.75,30165,445
2026-08-14T09:06:00+05:30,30164.25,30166.5,30157.75,30159,288
2026-08-14T09:12:00+05:30,30159.75,30163,30155.25,30160.5,272
2026-08-14T09:18:00+05:30,30159.25,30161.5,30154.25,30155.5,256
2026-08-14T09:24:00+05:30,30156,30160,30152.25,30152.25,190
2026-08-14T09:30:00+05:30,30152.25,30156.25,30144.75,30155.25,607
2026-08-14T09:36:00+05:30,30153,30161,30148,30152.75,344
2026-08-14T09:42:00+05:30,30152.75,30164,30151,30162.5,300
2026-08-14T09:48:00+05:30,30162.25,30162.75,30150.5,30155.25,277
2026-08-14T09:54:00+05:30,30155.5,30165,30155.25,30157.5,317
2026-08-14T10:00:00+05:30,30158.75,30159.25,30142.25,30144.75,451
2026-08-14T10:06:00+05:30,30143.25,30161.75,30137.5,30160.25,539
2026-08-14T10:12:00+05:30,30160.75,30163.75,30147,30149.75,371
2026-08-14T10:18:00+05:30,30149.75,30152.25,30145.25,30147,190
2026-08-14T10:24:00+05:30,30149,30150.5,30145.5,30147,143
2026-08-14T10:30:00+05:30,30148.25,30152.5,30134.75,30137.75,442
2026-08-14T10:36:00+05:30,30138,30138.25,30127.75,30136,445
2026-08-14T10:42:00+05:30,30136.25,30149.75,30135.5,30149.5,332
2026-08-14T10:48:00+05:30,30149.75,30151.25,30138.25,30150.5,333
2026-08-14T10:54:00+05:30,30150.5,30152,30142.75,30150.5,221
2026-08-14T11:00:00+05:30,30149.25,30164.5,30140.75,30161,283
2026-08-14T11:06:00+05:30,30162.75,30164,30152.5,30158.5,278
2026-08-14T11:12:00+05:30,30156.75,30170.75,30156.75,30170,269
2026-08-14T11:18:00+05:30,30170,30178,30167,30177.75,325
2026-08-14T11:24:00+05:30,30177.25,30182,30173,30174,395
2026-08-14T11:30:00+05:30,30174.75,30177.75,30149.5,30159.75,586
2026-08-14T11:36:00+05:30,30158.5,30162.25,30151.75,30153.25,253
2026-08-14T11:42:00+05:30,30152.75,30156.5,30147.5,30150.5,179
2026-08-14T11:48:00+05:30,30151.25,30161.25,30148.5,30157.5,304
2026-08-14T11:54:00+05:30,30158,30164,30153.75,30163.25,148
2026-08-14T12:00:00+05:30,30162.25,30165.5,30152.25,30153,308
2026-08-14T12:06:00+05:30,30153,30160,30149.5,30153.5,228
2026-08-14T12:12:00+05:30,30154.25,30166.25,30153.5,30164.5,195
2026-08-14T12:18:00+05:30,30165.25,30176,30164.25,30171.75,272
2026-08-14T12:24:00+05:30,30172,30178,30169,30172.5,199
2026-08-14T12:30:00+05:30,30173.5,30193.5,30171.5,30179.25,880
2026-08-14T12:36:00+05:30,30179.5,30194.25,30179.5,30184.75,440
2026-08-14T12:42:00+05:30,30183.75,30183.75,30171.5,30176.5,297
2026-08-14T12:48:00+05:30,30178.25,30181.25,30172.75,30173.75,181
2026-08-14T12:54:00+05:30,30172.25,30180,30172.25,30177,206
2026-08-14T13:00:00+05:30,30177.75,30187.75,30173,30185.5,190
2026-08-14T13:06:00+05:30,30184.75,30193.5,30184.25,30193.5,244
2026-08-14T13:12:00+05:30,30193.75,30203.75,30188.75,30194.25,399
2026-08-14T13:18:00+05:30,30194,30201.5,30194,30200.5,243
2026-08-14T13:24:00+05:30,30200,30201.75,30190.75,30194.75,416
2026-08-14T13:30:00+05:30,30194.5,30235.75,30187.75,30221.5,1218
2026-08-14T13:36:00+05:30,30221.25,30234.5,30219.25,30220.25,694
2026-08-14T13:42:00+05:30,30222.5,30231.5,30208,30215.25,675
2026-08-14T13:48:00+05:30,30215.25,30215.5,30206,30215,268
2026-08-14T13:54:00+05:30,30214.25,30225.5,30206.75,30225.5,269
2026-08-14T14:00:00+05:30,30224.5,30237.75,30222,30235,468
2026-08-14T14:06:00+05:30,30235.25,30240.25,30232.75,30237.25,382
2026-08-14T14:12:00+05:30,30236,30239,30227.25,30235,313
2026-08-14T14:18:00+05:30,30234.5,30240,30229,30235.25,195
2026-08-14T14:24:00+05:30,30235.5,30235.5,30220.5,30220.75,222
2026-08-14T14:30:00+05:30,30220,30222.25,30210.25,30215,423
2026-08-14T14:36:00+05:30,30215.5,30221.5,30211,30214.75,175
2026-08-14T14:42:00+05:30,30212,30224.25,30212,30220.5,374
2026-08-14T14:48:00+05:30,30220.5,30224,30216.75,30222.75,181
2026-08-14T14:54:00+05:30,30224,30232,30222.25,30226.75,231
2026-08-14T15:00:00+05:30,30225.5,30226.25,30211.5,30211.5,409
2026-08-14T15:06:00+05:30,30212.75,30217.25,30207.5,30213.25,295
2026-08-14T15:12:00+05:30,30213.25,30215,30207,30215,278
2026-08-14T15:18:00+05:30,30215.5,30231,30215.5,30224.25,429
2026-08-14T15:24:00+05:30,30224,30236,30223.25,30235,313
2026-08-14T15:30:00+05:30,30234.25,30249,30233.5,30245.25,589
2026-08-14T15:36:00+05:30,30246,30249.75,30240.5,30248,266
2026-08-14T15:42:00+05:30,30248.75,30249.5,30235.75,30235.75,438
2026-08-14T15:48:00+05:30,30235.5,30239.25,30228.5,30234.5,311
2026-08-14T15:54:00+05:30,30235.75,30238.75,30223,30228.75,260
2026-08-14T16:00:00+05:30,30230,30237.5,30225.75,30230.25,244
2026-08-14T16:06:00+05:30,30229,30234.25,30225.75,30227,309
2026-08-14T16:12:00+05:30,30226,30241,30223.5,30234.5,422
2026-08-14T16:18:00+05:30,30236.25,30248.5,30232.75,30246.75,335
2026-08-14T16:24:00+05:30,30246.5,30252.5,30238.75,30252,643
2026-08-14T16:30:00+05:30,30251.75,30260.75,30247,30259,802
2026-08-14T16:36:00+05:30,30259,30262,30252.5,30255.75,275
2026-08-14T16:42:00+05:30,30255.25,30259,30245,30247.75,446
2026-08-14T16:48:00+05:30,30248.25,30254.5,30242,30247,349
2026-08-14T16:54:00+05:30,30247.5,30254.75,30245.25,30247.25,328
2026-08-14T17:00:00+05:30,30247,30256.25,30239.5,30255.25,538
2026-08-14T17:06:00+05:30,30255.5,30258.5,30237.25,30247,642
2026-08-14T17:12:00+05:30,30247,30261.25,30245.5,30259.25,458
2026-08-14T17:18:00+05:30,30259.75,30268,30259.25,30259.5,576
2026-08-14T17:24:00+05:30,30259.5,30267.75,30256.25,30263.75,378
2026-08-14T17:30:00+05:30,30265.25,30280.25,30260.75,30264.5,1165
2026-08-14T17:36:00+05:30,30264.25,30267.75,30249.75,30250.25,752
2026-08-14T17:42:00+05:30,30249.75,30249.75,30208.5,30230,2074
2026-08-14T17:48:00+05:30,30231,30243.75,30228.25,30239,739
2026-08-14T17:54:00+05:30,30239.75,30256.25,30230,30251.5,743
2026-08-14T18:00:00+05:30,30252.75,30279.75,30247,30275,1832
2026-08-14T18:06:00+05:30,30274.75,30277,30257.5,30264,1149
2026-08-14T18:12:00+05:30,30263.5,30274,30254,30261.25,951
2026-08-14T18:18:00+05:30,30261.5,30277.5,30261.25,30271,845
2026-08-14T18:24:00+05:30,30271,30279.75,30266.25,30268.25,763
2026-08-14T18:30:00+05:30,30268.5,30283,30262.25,30277.75,943
2026-08-14T18:36:00+05:30,30277,30278.75,30260,30265,980
2026-08-14T18:42:00+05:30,30264.5,30266,30249.25,30257.5,967
2026-08-14T18:48:00+05:30,30257,30259.25,30245.25,30246,1252
2026-08-14T18:54:00+05:30,30246.5,30261.5,30236.25,30241.5,2369
2026-08-14T19:00:00+05:30,30241.75,30269.5,30196.25,30199.75,17167
2026-08-14T19:06:00+05:30,30200.5,30230.75,30169.75,30219,14201
2026-08-14T19:12:00+05:30,30219,30275.25,30214.5,30262.25,13587
2026-08-14T19:18:00+05:30,30263.5,30280.5,30218.5,30243.25,11876
2026-08-14T19:24:00+05:30,30244.25,30254,30208.75,30228.25,7043
2026-08-14T19:30:00+05:30,30226,30268,30204.75,30261.5,8203
2026-08-14T19:36:00+05:30,30261.5,30272.25,30215.75,30236.5,8041
2026-08-14T19:42:00+05:30,30236.5,30244,30196.75,30199.75,6148
2026-08-14T19:48:00+05:30,30199.5,30199.75,30157,30161.75,8750
2026-08-14T19:54:00+05:30,30162.25,30169.5,30134.25,30160.25,8486
2026-08-14T20:00:00+05:30,30159.75,30163.25,30129,30149.5,8818
2026-08-14T20:06:00+05:30,30148.75,30176.5,30142,30155.5,6743
2026-08-14T20:12:00+05:30,30155.25,30167.5,30143,30155.75,3804
2026-08-14T20:18:00+05:30,30155.5,30166,30142.5,30144.25,3630
2026-08-14T20:24:00+05:30,30145.25,30153.75,30123,30123,4121
2026-08-14T20:30:00+05:30,30124,30143,30109.5,30123,5971
2026-08-14T20:36:00+05:30,30123.5,30131,30101.5,30105.75,5348
2026-08-14T20:42:00+05:30,30105.75,30108.5,30088,30103.75,5081
2026-08-14T20:48:00+05:30,30103.5,30110.75,30058,30065.5,6569
2026-08-14T20:54:00+05:30,30065.5,30074.5,30033.5,30073.25,8281
2026-08-14T21:00:00+05:30,30072.5,30075,30042,30055.75,6002
2026-08-14T21:06:00+05:30,30055.75,30065.5,30029.5,30039,5324
2026-08-14T21:12:00+05:30,30038.5,30066.25,30029.75,30048,4531
2026-08-14T21:18:00+05:30,30047.75,30059.25,30028.5,30055,4674
2026-08-14T21:24:00+05:30,30055.5,30072.75,30052,30065.75,4039
2026-08-14T21:30:00+05:30,30066.5,30084.25,30066.25,30071.5,4557
2026-08-14T21:36:00+05:30,30071.25,30076.5,30050.5,30075,4097
2026-08-14T21:42:00+05:30,30075.5,30088,30069.75,30084,3449
2026-08-14T21:48:00+05:30,30084.5,30093.5,30075.5,30088.5,3416
2026-08-14T21:54:00+05:30,30088.75,30107.75,30088.75,30101,3036
2026-08-14T22:00:00+05:30,30100.5,30102,30065.75,30083.5,5069
2026-08-14T22:06:00+05:30,30083.75,30097.5,30064.5,30071.5,3861
2026-08-14T22:12:00+05:30,30071.5,30077.5,30061.5,30066,2560
2026-08-14T22:18:00+05:30,30065.75,30076.75,30058.25,30060.25,2547
2026-08-14T22:24:00+05:30,30060,30069.75,30052.75,30059,2473
2026-08-14T22:30:00+05:30,30059.25,30067.5,30053,30060,2514
2026-08-14T22:36:00+05:30,30060.25,30079.75,30060,30076.25,2457
2026-08-14T22:42:00+05:30,30075.5,30078,30057.5,30067.5,3108
2026-08-14T22:48:00+05:30,30068,30076.5,30063,30065.75,1845
2026-08-14T22:54:00+05:30,30065,30066.25,30046.5,30059.25,3294
2026-08-14T23:00:00+05:30,30059.5,30072,30056.75,30069,2102
2026-08-14T23:06:00+05:30,30069.25,30072.25,30050.25,30060,2702
2026-08-14T23:12:00+05:30,30059.5,30064.5,30052,30062.25,1676
2026-08-14T23:18:00+05:30,30061.75,30075.25,30049.75,30074.5,2315
2026-08-14T23:24:00+05:30,30074.5,30084.5,30065.75,30081.5,2790
2026-08-14T23:30:00+05:30,30081.25,30091.25,30073.5,30087.25,2365
2026-08-14T23:36:00+05:30,30086.75,30091,30079,30082.75,2022
2026-08-14T23:42:00+05:30,30082.75,30090.5,30076.75,30088.75,2205
2026-08-14T23:48:00+05:30,30087.5,30092.5,30078.25,30085,1826
2026-08-14T23:54:00+05:30,30084.5,30087.25,30064.75,30068,2586
2026-08-15T00:00:00+05:30,30067.5,30075.75,30062.5,30067.5,2409
2026-08-15T00:06:00+05:30,30067,30085.75,30067,30085,2150
2026-08-15T00:12:00+05:30,30084.75,30090.25,30078,30084.25,2152
2026-08-15T00:18:00+05:30,30084.75,30104,30083.25,30095.75,2525
2026-08-15T00:24:00+05:30,30095.75,30097.5,30086.5,30088.5,1788
2026-08-15T00:30:00+05:30,30088.5,30091.25,30077.25,30085,2575
2026-08-15T00:36:00+05:30,30084.75,30094.5,30077,30086.5,2370
2026-08-15T00:42:00+05:30,30085.25,30089,30080.5,30085,1903
2026-08-15T00:48:00+05:30,30084.5,30092.25,30076,30087.5,2763
2026-08-15T00:54:00+05:30,30087.5,30104,30083.25,30096.75,2568
2026-08-15T01:00:00+05:30,30096.25,30106.5,30091.25,30104.5,3054
2026-08-15T01:06:00+05:30,30104,30111.25,30096,30107,3299
2026-08-15T01:12:00+05:30,30107.75,30115.25,30101.5,30108,3928
2026-08-15T01:18:00+05:30,30107.5,30130,30107.5,30124.5,7075
2026-08-15T01:24:00+05:30,30124.75,30148,30112.25,30144.5,13122
2026-08-15T01:30:00+05:30,30144.25,30153.25,30136,30139.5,6068
2026-08-15T01:36:00+05:30,30139.75,30142,30131,30135.75,1626
2026-08-15T01:42:00+05:30,30135.5,30138.75,30129.25,30130.5,1179
2026-08-15T01:48:00+05:30,30130.5,30133.5,30127.25,30129,383
2026-08-15T01:54:00+05:30,30129.5,30132,30128,30131,473
2026-08-15T02:00:00+05:30,30131,30145.75,30128.25,30139.75,995
2026-08-15T02:06:00+05:30,30139.25,30142,30136.75,30141.75,368
2026-08-15T02:12:00+05:30,30141.5,30143.5,30138.5,30139.25,544
2026-08-15T02:18:00+05:30,30139.25,30147.5,30138,30147,438
2026-08-15T02:24:00+05:30,30146.75,30154.75,30143.5,30154,522
2026-08-17T03:30:00+05:30,30170,30199.75,30163.75,30195,1471
2026-08-17T03:36:00+05:30,30193.5,30197.25,30187,30193.75,343
2026-08-17T03:42:00+05:30,30193.5,30202.5,30192.5,30194.5,379
2026-08-17T03:48:00+05:30,30194.25,30199.25,30190.5,30193.75,180
2026-08-17T03:54:00+05:30,30192.5,30196.5,30192,30192.75,139
2026-08-17T04:00:00+05:30,30193,30196.5,30188.5,30193.75,237
2026-08-17T04:06:00+05:30,30194.5,30195.25,30189.25,30193.5,117
2026-08-17T04:12:00+05:30,30193,30205,30187.25,30197.75,327
2026-08-17T04:18:00+05:30,30197.5,30208.75,30197.5,30208,418
2026-08-17T04:24:00+05:30,30207,30211.75,30199.25,30205,388
2026-08-17T04:30:00+05:30,30205.25,30207.25,30199.25,30203.75,166
2026-08-17T04:36:00+05:30,30204.75,30206.75,30201.25,30203.75,129
2026-08-17T04:42:00+05:30,30202,30202.5,30195,30196.5,361
2026-08-17T04:48:00+05:30,30196.5,30204.25,30191.5,30198.75,354
2026-08-17T04:54:00+05:30,30198,30201,30194,30197,146
2026-08-17T05:00:00+05:30,30197.75,30199,30192.75,30196.5,188
2026-08-17T05:06:00+05:30,30195.75,30202.25,30193.25,30200.5,156
2026-08-17T05:12:00+05:30,30200,30218.75,30199.5,30216,467
2026-08-17T05:18:00+05:30,30215.75,30228,30214.5,30220.5,687
2026-08-17T05:24:00+05:30,30219.5,30221.25,30212.5,30214.25,283
2026-08-17T05:30:00+05:30,30215,30227.25,30209,30223.5,967
2026-08-17T05:36:00+05:30,30222.5,30225,30211.5,30218.25,470
2026-08-17T05:42:00+05:30,30217.25,30223,30208.75,30211,326
2026-08-17T05:48:00+05:30,30211.75,30213.25,30189,30198.25,805
2026-08-17T05:54:00+05:30,30199,30204.25,30195,30195.5,447
2026-08-17T06:00:00+05:30,30195.5,30198.25,30186.5,30189.25,447
2026-08-17T06:06:00+05:30,30189.5,30193.75,30185.5,30188.75,310
2026-08-17T06:12:00+05:30,30189,30196.5,30185.5,30192.5,470
2026-08-17T06:18:00+05:30,30193,30198,30190,30195.5,225
2026-08-17T06:24:00+05:30,30196.75,30202,30191.5,30201.75,298
2026-08-17T06:30:00+05:30,30201,30233.25,30199.75,30226,1170
2026-08-17T06:36:00+05:30,30225,30233.25,30215,30215,643
2026-08-17T06:42:00+05:30,30215.5,30220.5,30203.75,30208.25,703
2026-08-17T06:48:00+05:30,30210.25,30239,30209,30232.75,782
2026-08-17T06:54:00+05:30,30232.75,30234.75,30227.75,30229.75,240
2026-08-17T07:00:00+05:30,30230.25,30232.5,30199,30203.25,680
2026-08-17T07:06:00+05:30,30202.5,30213.75,30196.75,30201.75,566
2026-08-17T07:12:00+05:30,30201.5,30203.25,30191,30199.5,698
2026-08-17T07:18:00+05:30,30198.5,30203.25,30187,30190,429
2026-08-17T07:24:00+05:30,30190.5,30195.25,30189,30192,195
2026-08-17T07:30:00+05:30,30192,30194.5,30185.25,30190,300
2026-08-17T07:36:00+05:30,30191,30198.5,30185.75,30196.25,455
2026-08-17T07:42:00+05:30,30198.25,30203.5,30194.5,30202.25,232
2026-08-17T07:48:00+05:30,30202.5,30222.25,30200.75,30221.5,1103
2026-08-17T07:54:00+05:30,30220.25,30220.25,30211.75,30217.25,282
2026-08-17T08:00:00+05:30,30216.75,30223.5,30211.75,30216.25,320
2026-08-17T08:06:00+05:30,30215.5,30220,30212.25,30219,193
2026-08-17T08:12:00+05:30,30219.25,30225,30218.25,30222.25,198
2026-08-17T08:18:00+05:30,30224,30231.25,30221.5,30224.5,416
2026-08-17T08:24:00+05:30,30225.25,30226.5,30220,30222.25,266
2026-08-17T08:30:00+05:30,30223,30229,30220.75,30225.75,330
2026-08-17T08:36:00+05:30,30225.25,30235,30222.5,30224.75,428
2026-08-17T08:42:00+05:30,30225.25,30235.5,30223.5,30233.25,224
2026-08-17T08:48:00+05:30,30233.75,30234.75,30227.5,30231.5,152
2026-08-17T08:54:00+05:30,30231,30234.25,30229.25,30234.25,118
2026-08-17T09:00:00+05:30,30234.75,30238,30226,30236,239
2026-08-17T09:06:00+05:30,30236,30244,30235.75,30242.5,285
2026-08-17T09:12:00+05:30,30242.75,30247.25,30239.75,30242,312
2026-08-17T09:18:00+05:30,30241.25,30245.25,30238.75,30241.75,212
2026-08-17T09:24:00+05:30,30243,30246.5,30243,30246.5,169
2026-08-17T09:30:00+05:30,30246.75,30251,30243.5,30249.75,430
2026-08-17T09:36:00+05:30,30250.25,30250.5,30245.75,30247.75,181
2026-08-17T09:42:00+05:30,30248,30255,30246.25,30247,330
2026-08-17T09:48:00+05:30,30247.5,30252.25,30244.5,30245,261
2026-08-17T09:54:00+05:30,30244.5,30246.25,30240.5,30241,193
2026-08-17T10:00:00+05:30,30241,30241,30233.25,30237.5,328
2026-08-17T10:06:00+05:30,30237.75,30243.5,30236.5,30243.5,195
2026-08-17T10:12:00+05:30,30243,30248.5,30242.75,30246.75,166
2026-08-17T10:18:00+05:30,30245.75,30245.75,30233,30235.25,321
2026-08-17T10:24:00+05:30,30235.25,30238.25,30234,30234.75,119
2026-08-17T10:30:00+05:30,30234.5,30245.5,30234.5,30238.25,289
2026-08-17T10:36:00+05:30,30238.25,30247,30238.25,30242,172
2026-08-17T10:42:00+05:30,30242.75,30246.75,30238.5,30245.5,177
2026-08-17T10:48:00+05:30,30244.5,30245.5,30238.5,30238.75,141
2026-08-17T10:54:00+05:30,30238.75,30244.5,30230.5,30243.75,215
2026-08-17T11:00:00+05:30,30244.5,30258.5,30237.25,30252.25,696
2026-08-17T11:06:00+05:30,30253,30262.25,30249.75,30260.5,287
2026-08-17T11:12:00+05:30,30260.5,30265.25,30258.5,30264.5,185
2026-08-17T11:18:00+05:30,30265,30274,30264.75,30271.25,368
2026-08-17T11:24:00+05:30,30271,30274,30268,30272,250
2026-08-17T11:30:00+05:30,30273.25,30294,30266.75,30292.75,1370
2026-08-17T11:36:00+05:30,30292.5,30295,30285.5,30288.5,433
2026-08-17T11:42:00+05:30,30288.75,30291,30272,30275.25,430
2026-08-17T11:48:00+05:30,30274.75,30286.75,30272.75,30286.5,375
2026-08-17T11:54:00+05:30,30286.75,30299,30284.5,30296.75,664
2026-08-17T12:00:00+05:30,30297.25,30312.75,30294,30311,1590
2026-08-17T12:06:00+05:30,30312,30327,30308.25,30322.75,937
2026-08-17T12:12:00+05:30,30322,30326,30311,30317.5,462
2026-08-17T12:18:00+05:30,30317.25,30326,30315.5,30320.75,206
2026-08-17T12:24:00+05:30,30319.25,30325,30314.5,30324.5,199
2026-08-17T12:30:00+05:30,30324.75,30331.5,30306,30311.5,974
2026-08-17T12:36:00+05:30,30310.75,30311.5,30286.5,30287,643
2026-08-17T12:42:00+05:30,30287.25,30289.75,30261,30266.25,1031
2026-08-17T12:48:00+05:30,30266.5,30274,30264.5,30273.25,459
2026-08-17T12:54:00+05:30,30272,30280.5,30263,30279.75,596
2026-08-17T13:00:00+05:30,30279.75,30301.25,30276.75,30300.5,670
2026-08-17T13:06:00+05:30,30301.25,30324.25,30299.5,30321.5,781
2026-08-17T13:12:00+05:30,30322.25,30323.25,30313.5,30319.75,337
2026-08-17T13:18:00+05:30,30320,30320.25,30312,30313.75,404
2026-08-17T13:24:00+05:30,30314.25,30315,30306.75,30313,537
2026-08-17T13:30:00+05:30,30312,30318,30297,30309.5,794
2026-08-17T13:36:00+05:30,30309.25,30328,30300.5,30306.25,755
2026-08-17T13:42:00+05:30,30307.25,30316.75,30304.5,30309.75,320
2026-08-17T13:48:00+05:30,30309,30319.5,30303,30309.5,298
2026-08-17T13:54:00+05:30,30311.25,30319.25,30308,30315.25,274
2026-08-17T14:00:00+05:30,30314,30319,30307.25,30314,304
2026-08-17T14:06:00+05:30,30314.75,30318,30291.75,30291.75,395
2026-08-17T14:12:00+05:30,30291.25,30294.5,30287.5,30293,309
2026-08-17T14:18:00+05:30,30293.75,30297.25,30283.75,30290.25,317
2026-08-17T14:24:00+05:30,30290,30305.25,30289,30298.25,359
2026-08-17T14:30:00+05:30,30298.25,30301.5,30288,30292,360
2026-08-17T14:36:00+05:30,30291.25,30297.5,30288.5,30295.75,184
2026-08-17T14:42:00+05:30,30295.5,30298.75,30287,30287,195
2026-08-17T14:48:00+05:30,30286.75,30287.75,30271.5,30274,417
2026-08-17T14:54:00+05:30,30273.5,30276.75,30267.75,30274.5,314
2026-08-17T15:00:00+05:30,30274.25,30280.5,30269.5,30279.5,222
2026-08-17T15:06:00+05:30,30279.5,30283,30267.75,30275.5,356
2026-08-17T15:12:00+05:30,30275.25,30291.5,30274,30284.5,249
2026-08-17T15:18:00+05:30,30283.5,30288.25,30280,30283.75,254
2026-08-17T15:24:00+05:30,30282,30289.5,30276.25,30282,205
2026-08-17T15:30:00+05:30,30282,30291.5,30279,30290.75,289
2026-08-17T15:36:00+05:30,30291,30293,30276,30278.75,443
2026-08-17T15:42:00+05:30,30280.25,30296.75,30280.25,30295.5,288
2026-08-17T15:48:00+05:30,30296.25,30303.25,30285,30288.75,395
2026-08-17T15:54:00+05:30,30288.75,30343,30279,30338,1296
2026-08-17T16:00:00+05:30,30334.25,30338.5,30292.75,30299.75,1083
2026-08-17T16:06:00+05:30,30299,30308.5,30294.25,30307.5,372
2026-08-17T16:12:00+05:30,30309,30311.5,30305,30311.25,248
2026-08-17T16:18:00+05:30,30310.75,30313.25,30305.5,30308.25,275
2026-08-17T16:24:00+05:30,30307.75,30316.5,30307.75,30315,270
2026-08-17T16:30:00+05:30,30313.75,30322,30296.25,30318,961
2026-08-17T16:36:00+05:30,30317.25,30325,30301,30302.75,726
2026-08-17T16:42:00+05:30,30302.25,30309.25,30287.5,30288.75,554
2026-08-17T16:48:00+05:30,30289.5,30298.5,30286.75,30298.25,532
2026-08-17T16:54:00+05:30,30298.5,30306.75,30294.5,30299.5,395
2026-08-17T17:00:00+05:30,30300.25,30306,30292.5,30296.5,368
2026-08-17T17:06:00+05:30,30297.75,30301,30294.25,30296.5,292
2026-08-17T17:12:00+05:30,30297,30309.25,30296.5,30306.25,330
2026-08-17T17:18:00+05:30,30307.5,30310,30291.25,30294,424
2026-08-17T17:24:00+05:30,30293.5,30298.75,30286,30286.75,495
2026-08-17T17:30:00+05:30,30286.75,30288.75,30246.75,30252.75,1386
2026-08-17T17:36:00+05:30,30253.75,30279.25,30247.75,30273.75,917
2026-08-17T17:42:00+05:30,30272.5,30283,30266.25,30273,649
2026-08-17T17:48:00+05:30,30273.25,30281,30269.25,30276.75,521
2026-08-17T17:54:00+05:30,30275.5,30280,30220.75,30236,2457
2026-08-17T18:00:00+05:30,30238.25,30250.5,30220,30220.75,1323
2026-08-17T18:06:00+05:30,30220,30226.25,30194,30209,1620
2026-08-17T18:12:00+05:30,30208.5,30212.75,30182.75,30195.75,1792
2026-08-17T18:18:00+05:30,30194,30210.5,30180,30205.25,1447
2026-08-17T18:24:00+05:30,30205,30213,30192.25,30202.5,1180
2026-08-17T18:30:00+05:30,30202.5,30217.75,30199.25,30217.75,1219
2026-08-17T18:36:00+05:30,30217.25,30225.75,30212.75,30215.25,1339
2026-08-17T18:42:00+05:30,30216,30222.25,30213.25,30214.5,712
2026-08-17T18:48:00+05:30,30214,30216.5,30205.5,30206,1874
2026-08-17T18:54:00+05:30,30206.75,30238,30205.25,30218.75,3605
2026-08-17T19:00:00+05:30,30219.25,30266,30185,30225.75,19140
2026-08-17T19:06:00+05:30,30225.75,30239.25,30165.5,30217.25,12456
2026-08-17T19:12:00+05:30,30218.25,30230.5,30174.25,30196.5,9111
2026-08-17T19:18:00+05:30,30197,30254.25,30193.75,30237.5,8809
2026-08-17T19:24:00+05:30,30237.75,30251.25,30215,30235,6467
2026-08-17T19:30:00+05:30,30234.75,30243.25,30186.25,30196,9290
2026-08-17T19:36:00+05:30,30196.75,30218,30161,30203.25,9412
2026-08-17T19:42:00+05:30,30203.5,30226.25,30193.25,30202.5,5870
2026-08-17T19:48:00+05:30,30202.25,30202.5,30162.25,30173.75,5916
2026-08-17T19:54:00+05:30,30174,30198.75,30155.25,30197.75,6392
2026-08-17T20:00:00+05:30,30198,30207,30186,30196.75,4289
2026-08-17T20:06:00+05:30,30197.25,30206.5,30186.5,30203.25,3631
2026-08-17T20:12:00+05:30,30202.25,30222,30199.25,30220.75,4486
2026-08-17T20:18:00+05:30,30220.5,30231.5,30203.25,30209.75,4499
2026-08-17T20:24:00+05:30,30210,30246,30203,30244,4759
2026-08-17T20:30:00+05:30,30244,30277,30233.25,30273.25,7238
2026-08-17T20:36:00+05:30,30273.25,30287.5,30257.25,30273.75,6245
2026-08-17T20:42:00+05:30,30273.75,30276.75,30255,30265.25,4557
2026-08-17T20:48:00+05:30,30265.75,30278,30262,30272,3681
2026-08-17T20:54:00+05:30,30272.5,30277.5,30255.5,30269,3479
2026-08-17T21:00:00+05:30,30269.75,30273.5,30238,30244.5,5003
2026-08-17T21:06:00+05:30,30243.75,30252.25,30207.75,30226,6876
2026-08-17T21:12:00+05:30,30226.25,30233.25,30212,30227.25,4104
2026-08-17T21:18:00+05:30,30227.75,30245.75,30214,30243.5,4312
2026-08-17T21:24:00+05:30,30244,30249.75,30238.25,30239.5,2484
2026-08-17T21:30:00+05:30,30239.75,30243.25,30207.75,30209.25,3551
2026-08-17T21:36:00+05:30,30208.5,30221.75,30200,30205.5,3687
2026-08-17T21:42:00+05:30,30205.75,30218,30200.25,30212,2839
2026-08-17T21:48:00+05:30,30213,30217.5,30203.25,30204.25,2072
2026-08-17T21:54:00+05:30,30204,30210.5,30196.5,30207.25,2701
2026-08-17T22:00:00+05:30,30207.5,30212.75,30193.25,30196,2636
2026-08-17T22:06:00+05:30,30196,30202.5,30186.75,30189.75,2552
2026-08-17T22:12:00+05:30,30189.75,30192.25,30178.5,30182.25,2822
2026-08-17T22:18:00+05:30,30182,30192.5,30179,30180.25,1940
2026-08-17T22:24:00+05:30,30180,30192.75,30175.25,30183.5,2419
2026-08-17T22:30:00+05:30,30183.5,30187.25,30162.25,30165.75,3030
2026-08-17T22:36:00+05:30,30166,30172,30152.25,30159.5,4028
2026-08-17T22:42:00+05:30,30158.75,30162.5,30114,30132.5,7699
2026-08-17T22:48:00+05:30,30132.5,30139.5,30097.25,30100,6296
2026-08-17T22:54:00+05:30,30100.75,30116,30092.5,30096.75,5567
2026-08-17T23:00:00+05:30,30097,30113.5,30090.5,30097.75,5301
2026-08-17T23:06:00+05:30,30098,30117.25,30086.5,30114,4637
2026-08-17T23:12:00+05:30,30113.25,30128,30113.25,30118.5,3578
2026-08-17T23:18:00+05:30,30118.75,30119.5,30105.75,30112.5,2153
2026-08-17T23:24:00+05:30,30112.5,30117.25,30097,30102.25,2704
2026-08-17T23:30:00+05:30,30102,30114,30080.5,30089.75,4602
2026-08-17T23:36:00+05:30,30089,30097,30079.25,30092.5,3205
2026-08-17T23:42:00+05:30,30092.5,30107.75,30091.5,30101.25,2602
2026-08-17T23:48:00+05:30,30101.25,30106.75,30089.5,30105,2949
2026-08-17T23:54:00+05:30,30105.5,30113.75,30095,30103,3019
2026-08-18T00:00:00+05:30,30103.75,30109.75,30092.5,30108,2548
2026-08-18T00:06:00+05:30,30107,30112.5,30101.75,30112.25,1625
2026-08-18T00:12:00+05:30,30111.75,30121.75,30110,30119,2212
2026-08-18T00:18:00+05:30,30118.5,30136.5,30117.25,30124.5,2775
2026-08-18T00:24:00+05:30,30125.25,30127.5,30116.5,30122.25,2303
2026-08-18T00:30:00+05:30,30122.5,30124.75,30104.5,30114,2756
2026-08-18T00:36:00+05:30,30113.75,30115,30096,30097.5,2360
2026-08-18T00:42:00+05:30,30097.25,30102.5,30082.25,30101,3272
2026-08-18T00:48:00+05:30,30100.5,30107.25,30082.75,30095.5,3410
2026-08-18T00:54:00+05:30,30095.5,30114,30092.5,30093.5,3278
2026-08-18T01:00:00+05:30,30093.75,30105.5,30088.75,30098.75,3572
2026-08-18T01:06:00+05:30,30099.5,30111.75,30094.25,30099.75,2890
2026-08-18T01:12:00+05:30,30100,30114.75,30096.5,30110.25,2944
2026-08-18T01:18:00+05:30,30110,30123,30089,30101.75,5016
2026-08-18T01:24:00+05:30,30101.5,30106.25,30066.5,30091.5,12846
2026-08-18T01:30:00+05:30,30091,30098,30076.5,30077.5,4921
2026-08-18T01:36:00+05:30,30077.5,30084.5,30070.25,30083.5,2030
2026-08-18T01:42:00+05:30,30083.75,30085,30068.5,30079,1063
2026-08-18T01:48:00+05:30,30079.25,30082.25,30076,30080.25,292
2026-08-18T01:54:00+05:30,30080,30080,30075,30078.5,377
2026-08-18T02:00:00+05:30,30077.75,30080,30068.75,30069.75,511
2026-08-18T02:06:00+05:30,30070.25,30070.5,30059,30067.5,600
2026-08-18T02:12:00+05:30,30067.75,30075.5,30054.5,30056,769
2026-08-18T02:18:00+05:30,30056.75,30070,30056.25,30070,380
2026-08-18T02:24:00+05:30,30068.5,30079.75,30067.75,30078.25,586
2026-08-18T03:30:00+05:30,30077,30091.75,30071.25,30074.75,829
2026-08-18T03:36:00+05:30,30074.25,30088,30073,30081.5,390
2026-08-18T03:42:00+05:30,30082,30082,30062.25,30063.5,655
2026-08-18T03:48:00+05:30,30064.5,30084.75,30063,30077.5,479
2026-08-18T03:54:00+05:30,30078.25,30083.5,30075.75,30076,233
2026-08-18T04:00:00+05:30,30075,30076.75,30068,30072,249
2026-08-18T04:06:00+05:30,30071.75,30073.75,30068,30070.75,143
2026-08-18T04:12:00+05:30,30070.25,30076.75,30067,30074.75,229
2026-08-18T04:18:00+05:30,30075.25,30077.25,30072.25,30074.25,172
2026-08-18T04:24:00+05:30,30073.75,30083.5,30073.5,30079.75,282
2026-08-18T04:30:00+05:30,30079.25,30080.25,30070,30073.25,284
2026-08-18T04:36:00+05:30,30075,30087.25,30074.5,30083.75,297
2026-08-18T04:42:00+05:30,30084,30084,30077.5,30077.5,102
2026-08-18T04:48:00+05:30,30076.75,30088.75,30071.75,30080.5,352
2026-08-18T04:54:00+05:30,30081.25,30087.5,30077,30084,257
2026-08-18T05:00:00+05:30,30083,30103,30082.75,30097,715
2026-08-18T05:06:00+05:30,30095.75,30100.5,30092.75,30096.5,194
2026-08-18T05:12:00+05:30,30095.5,30100,30081.25,30086,661
2026-08-18T05:18:00+05:30,30088.5,30098.5,30080.5,30095.5,444
2026-08-18T05:24:00+05:30,30096.25,30100.75,30093.5,30094.5,333
2026-08-18T05:30:00+05:30,30094.25,30104,30083.75,30095.75,974
2026-08-18T05:36:00+05:30,30096.5,30102.5,30090,30090.25,336
2026-08-18T05:42:00+05:30,30092.75,30103,30091,30103,462
2026-08-18T05:48:00+05:30,30101.5,30114.75,30100.25,30111.75,715
2026-08-18T05:54:00+05:30,30110.5,30112.25,30098.25,30100,452
2026-08-18T06:00:00+05:30,30101,30110.5,30097.75,30108.75,354
2026-08-18T06:06:00+05:30,30108.75,30113.25,30100.5,30109,348
2026-08-18T06:12:00+05:30,30107.75,30113.5,30101.25,30109.75,353
2026-08-18T06:18:00+05:30,30108.25,30121.25,30107.25,30113.5,598
2026-08-18T06:24:00+05:30,30113.25,30113.25,30095,30098,646
2026-08-18T06:30:00+05:30,30099.25,30104,30090,30104,589
2026-08-18T06:36:00+05:30,30103.25,30104.5,30091.75,30103.5,409
2026-08-18T06:42:00+05:30,30103,30110,30097.5,30101.25,443
2026-08-18T06:48:00+05:30,30100.25,30100.5,30086.75,30097.75,543
2026-08-18T06:54:00+05:30,30098.25,30102.75,30075,30087.5,779
2026-08-18T07:00:00+05:30,30086.25,30090.5,30068.75,30080.5,1020
2026-08-18T07:06:00+05:30,30082,30089.75,30061.75,30063.25,926
2026-08-18T07:12:00+05:30,30062.25,30064.25,30035.75,30039,1590
2026-08-18T07:18:00+05:30,30039,30039.5,29968.25,29989,4340
2026-08-18T07:24:00+05:30,29987.25,30012.75,29978.25,30011.5,1578
2026-08-18T07:30:00+05:30,30013,30022,30003,30003,1289
2026-08-18T07:36:00+05:30,30004.5,30008.75,29991.5,29992.75,878
2026-08-18T07:42:00+05:30,29992.25,29992.25,29939.5,29943.5,2379
2026-08-18T07:48:00+05:30,29942,29967.75,29930.5,29935.75,1624
2026-08-18T07:54:00+05:30,29938.5,29940.5,29923.25,29931,1077
2026-08-18T08:00:00+05:30,29932.5,29937.75,29918.75,29935.25,1190
2026-08-18T08:06:00+05:30,29936,29959.75,29928.75,29929.5,1330
2026-08-18T08:12:00+05:30,29929.75,29943,29880.25,29888,2845
2026-08-18T08:18:00+05:30,29887.5,29920.75,29887.25,29912,1234
2026-08-18T08:24:00+05:30,29913.25,29913.25,29887.25,29908.25,1319
2026-08-18T08:30:00+05:30,29909,29915.5,29906.25,29910.75,509
2026-08-18T08:36:00+05:30,29910.5,29914.75,29893.25,29894.75,668
2026-08-18T08:42:00+05:30,29894.75,29897.25,29880.25,29886,877
2026-08-18T08:48:00+05:30,29885.75,29889.25,29859.25,29868,1606
2026-08-18T08:54:00+05:30,29867.25,29885.75,29863.75,29879.25,784
2026-08-18T09:00:00+05:30,29879,29879,29853,29863,1213
2026-08-18T09:06:00+05:30,29863.25,29895.5,29860,29893.5,1246
2026-08-18T09:12:00+05:30,29893,29905.75,29889,29899.5,939
2026-08-18T09:18:00+05:30,29899.75,29909.75,29881.25,29906,884
2026-08-18T09:24:00+05:30,29903.25,29907.25,29885.5,29893.75,618
2026-08-18T09:30:00+05:30,29892,29893.5,29870.25,29886.25,1101
2026-08-18T09:36:00+05:30,29888,29898,29885,29897,587
2026-08-18T09:42:00+05:30,29898.25,29901.5,29890,29898,374
2026-08-18T09:48:00+05:30,29898,29905.75,29884,29885,657
2026-08-18T09:54:00+05:30,29885,29920.25,29879.25,29911,1109
2026-08-18T10:00:00+05:30,29912.25,29921,29903,29920.25,775
2026-08-18T10:06:00+05:30,29919.75,29920.75,29891,29898.75,716
2026-08-18T10:12:00+05:30,29898,29908,29895.75,29905.5,568
2026-08-18T10:18:00+05:30,29906,29925.5,29903.25,29921.25,443
2026-08-18T10:24:00+05:30,29922.5,29927.25,29915.5,29918,323
2026-08-18T10:30:00+05:30,29917.75,29918.5,29881.25,29888.75,1241
2026-08-18T10:36:00+05:30,29887.5,29905.75,29876,29880.75,789
2026-08-18T10:42:00+05:30,29880.25,29884.25,29875.5,29878,312
2026-08-18T10:48:00+05:30,29877.5,29886,29874.25,29879.5,357
2026-08-18T10:54:00+05:30,29878.75,29888,29873.25,29876,350
2026-08-18T11:00:00+05:30,29876.5,29877,29862.25,29874.75,928
2026-08-18T11:06:00+05:30,29874,29875.5,29864.25,29865,334
2026-08-18T11:12:00+05:30,29864,29872,29862.25,29868.5,294
2026-08-18T11:18:00+05:30,29869.25,29880.75,29861.25,29869,505
2026-08-18T11:24:00+05:30,29870.25,29870.25,29835.25,29842,1237
2026-08-18T11:30:00+05:30,29841.5,29841.75,29797.5,29803,2299
2026-08-18T11:36:00+05:30,29802,29830.25,29786,29824.25,1648
2026-08-18T11:42:00+05:30,29824.25,29846.5,29820.5,29823.25,1073
2026-08-18T11:48:00+05:30,29824,29860,29822.25,29856.75,1173
2026-08-18T11:54:00+05:30,29857.5,29866.5,29845.25,29860,597
2026-08-18T12:00:00+05:30,29859.5,29874.25,29852.75,29859.25,724
2026-08-18T12:06:00+05:30,29860,29876.5,29858.75,29873.25,301
2026-08-18T12:12:00+05:30,29872.75,29877,29862,29876.25,401
2026-08-18T12:18:00+05:30,29876.75,29877.75,29867.25,29874.75,270
2026-08-18T12:24:00+05:30,29875.25,29896,29867,29893,668
2026-08-18T12:30:00+05:30,29892,29894.75,29874.75,29886.25,784
2026-08-18T12:36:00+05:30,29886,29896.5,29867.5,29870.75,637
2026-08-18T12:42:00+05:30,29870.75,29879,29852.75,29868.25,708
2026-08-18T12:48:00+05:30,29866.5,29870.5,29855.75,29868.5,369
2026-08-18T12:54:00+05:30,29869.25,29870.75,29845.5,29847.25,435
2026-08-18T13:00:00+05:30,29848,29854.75,29823.25,29824.5,692
2026-08-18T13:06:00+05:30,29823.25,29849,29822,29848,716
2026-08-18T13:12:00+05:30,29848.75,29849.25,29824,29830.75,563
2026-08-18T13:18:00+05:30,29830,29841,29815.75,29821.25,627
2026-08-18T13:24:00+05:30,29821.75,29828.5,29808,29810.75,656
2026-08-18T13:30:00+05:30,29811,29814.25,29747.25,29747.75,2710
2026-08-18T13:36:00+05:30,29747.25,29766.25,29736.5,29746,2213
2026-08-18T13:42:00+05:30,29746.25,29780.5,29740,29769,1316
2026-08-18T13:48:00+05:30,29770.75,29786.25,29735.75,29742,936
2026-08-18T13:54:00+05:30,29741.75,29765.25,29735.75,29759.75,879
2026-08-18T14:00:00+05:30,29759.5,29792.25,29748.25,29790.5,774
2026-08-18T14:06:00+05:30,29789.5,29791.5,29774.5,29787,526
2026-08-18T14:12:00+05:30,29786,29789.25,29754.75,29757.75,813
2026-08-18T14:18:00+05:30,29757.75,29764.25,29742.5,29749.25,676
2026-08-18T14:24:00+05:30,29750.75,29772.25,29747.25,29765.5,694
2026-08-18T14:30:00+05:30,29765,29778,29743.75,29748,1090
2026-08-18T14:36:00+05:30,29747.75,29769,29744.75,29767.75,581
2026-08-18T14:42:00+05:30,29767,29775,29752,29755,596
2026-08-18T14:48:00+05:30,29754.5,29758,29731.25,29736.5,825
2026-08-18T14:54:00+05:30,29736,29749,29723.5,29735,717
2026-08-18T15:00:00+05:30,29736.5,29742,29718,29740,1241
2026-08-18T15:06:00+05:30,29738.75,29739.5,29698.25,29706.75,997
2026-08-18T15:12:00+05:30,29707.5,29723.5,29695,29713.5,1031
2026-08-18T15:18:00+05:30,29711.5,29717,29687.25,29710.75,1065
2026-08-18T15:24:00+05:30,29709.75,29737,29706,29733,1042
2026-08-18T15:30:00+05:30,29732.25,29743.75,29715.75,29731.75,847
2026-08-18T15:36:00+05:30,29732.5,29739,29719.5,29723.5,571
2026-08-18T15:42:00+05:30,29723.25,29726.75,29717,29722,302
2026-08-18T15:48:00+05:30,29721.5,29742.25,29708.75,29713.5,789
2026-08-18T15:54:00+05:30,29714.5,29729,29703.75,29727.5,589
2026-08-18T16:00:00+05:30,29726.75,29744.75,29722.5,29736,672
2026-08-18T16:06:00+05:30,29736,29746,29727.5,29729.5,453
2026-08-18T16:12:00+05:30,29730.25,29744.25,29720.5,29743.25,510
2026-08-18T16:18:00+05:30,29742.5,29752.75,29742.25,29747.25,509
2026-08-18T16:24:00+05:30,29748.25,29750.75,29737,29739,307
2026-08-18T16:30:00+05:30,29739,29765.5,29730.25,29761.75,1614
2026-08-18T16:36:00+05:30,29760.75,29772.75,29755.5,29766.25,648
2026-08-18T16:42:00+05:30,29766.5,29772,29757,29768.5,625
2026-08-18T16:48:00+05:30,29767.25,29773.75,29753.25,29757.25,675
2026-08-18T16:54:00+05:30,29757.25,29769.5,29753.5,29756.75,484
2026-08-18T17:00:00+05:30,29758,29758,29739,29746,845
2026-08-18T17:06:00+05:30,29746.25,29752.5,29727,29748.25,811
2026-08-18T17:12:00+05:30,29748.5,29771.75,29746.25,29769.75,782
2026-08-18T17:18:00+05:30,29770,29775.75,29751.5,29755.75,748
2026-08-18T17:24:00+05:30,29756.25,29763.25,29745.5,29747.25,426
2026-08-18T17:30:00+05:30,29748.5,29786,29742.5,29775.5,1065
2026-08-18T17:36:00+05:30,29775,29776,29726.25,29731.75,1142
2026-08-18T17:42:00+05:30,29732.25,29740.75,29726,29730,1269
2026-08-18T17:48:00+05:30,29731.25,29760,29727,29737.25,1315
2026-08-18T17:54:00+05:30,29736.5,29737.75,29711.5,29714.5,1879
2026-08-18T18:00:00+05:30,29714.25,29723,29696.5,29707.5,1271
2026-08-18T18:06:00+05:30,29708.25,29708.25,29685.25,29695.5,1259
2026-08-18T18:12:00+05:30,29693.75,29698.5,29680.5,29698,1123
2026-08-18T18:18:00+05:30,29697.75,29721.25,29696.25,29717,1354
2026-08-18T18:24:00+05:30,29717.75,29717.75,29706.25,29713,847
2026-08-18T18:30:00+05:30,29713,29726.5,29700.5,29704,1789
2026-08-18T18:36:00+05:30,29703.25,29709.5,29691,29694.75,1302
2026-08-18T18:42:00+05:30,29694.75,29703.5,29690.75,29692.25,1184
2026-08-18T18:48:00+05:30,29693,29708.5,29691,29692.25,972
2026-08-18T18:54:00+05:30,29693.25,29701,29678,29690.75,4806
2026-08-18T19:00:00+05:30,29690.25,29755.25,29631.25,29701,30340
2026-08-18T19:06:00+05:30,29701,29769.75,29673.25,29760.5,14512
2026-08-18T19:12:00+05:30,29760.5,29767,29656,29666.75,13454
2026-08-18T19:18:00+05:30,29668,29687,29639.75,29642.75,10927
2026-08-18T19:24:00+05:30,29643,29665.25,29604.75,29646.25,12017
2026-08-18T19:30:00+05:30,29647.5,29705.75,29621.25,29641.25,13442
2026-08-18T19:36:00+05:30,29641.75,29675.25,29577.75,29580.5,12837
2026-08-18T19:42:00+05:30,29580.25,29626.25,29568.5,29594.25,11279
2026-08-18T19:48:00+05:30,29593.5,29645.5,29593.25,29637.75,8983
2026-08-18T19:54:00+05:30,29636.75,29684.75,29622.25,29669.25,10516
2026-08-18T20:00:00+05:30,29668.75,29691.25,29649,29672.75,8826
2026-08-18T20:06:00+05:30,29673.5,29684.75,29643.5,29646.75,7765
2026-08-18T20:12:00+05:30,29647.25,29650.5,29600.75,29613.25,7033
2026-08-18T20:18:00+05:30,29613,29620,29561,29575.75,10618
2026-08-18T20:24:00+05:30,29575.75,29579,29536.25,29547.75,9670
2026-08-18T20:30:00+05:30,29547.5,29571,29526,29553.75,11840
2026-08-18T20:36:00+05:30,29554.25,29566.5,29514,29534.75,8183
2026-08-18T20:42:00+05:30,29536,29560.75,29528,29545.75,5682
2026-08-18T20:48:00+05:30,29545.25,29573.25,29532,29571.25,6398
2026-08-18T20:54:00+05:30,29571.5,29600,29564.75,29591.25,6809
2026-08-18T21:00:00+05:30,29591,29610,29578.75,29581.5,6875
2026-08-18T21:06:00+05:30,29581.75,29599.5,29566.5,29598.75,4569
2026-08-18T21:12:00+05:30,29599,29630,29587.75,29623.5,5709
2026-08-18T21:18:00+05:30,29623,29635.5,29598.75,29624.25,5211
2026-08-18T21:24:00+05:30,29624.75,29641,29617.25,29636.75,4967
2026-08-18T21:30:00+05:30,29637,29653.75,29632,29647.5,5868
2026-08-18T21:36:00+05:30,29647,29657.25,29625,29653.75,4611
2026-08-18T21:42:00+05:30,29654,29663.25,29630.25,29639,4173
2026-08-18T21:48:00+05:30,29638.5,29657.25,29621,29646,4878
2026-08-18T21:54:00+05:30,29646.5,29646.5,29609.5,29609.75,4119
2026-08-18T22:00:00+05:30,29609.75,29628.75,29603.25,29622,4584
2026-08-18T22:06:00+05:30,29621.5,29650,29613.25,29637,4447
2026-08-18T22:12:00+05:30,29637.25,29654,29617,29648.5,3980
2026-08-18T22:18:00+05:30,29648.5,29669.25,29648.5,29662.75,4046
2026-08-18T22:24:00+05:30,29663,29670.75,29647.25,29649.75,2873
2026-08-18T22:30:00+05:30,29649.75,29660.75,29633,29641.25,4135
2026-08-18T22:36:00+05:30,29641.75,29643.5,29619.75,29619.75,3033
2026-08-18T22:42:00+05:30,29620.25,29641.75,29609.5,29613,3100
2026-08-18T22:48:00+05:30,29613.25,29620,29603.5,29604.25,2357
2026-08-18T22:54:00+05:30,29604.25,29618.25,29593,29616,4092
2026-08-18T23:00:00+05:30,29615.25,29622,29601.75,29609.75,3031
2026-08-18T23:06:00+05:30,29610.5,29621.25,29591.5,29606.5,3943
2026-08-18T23:12:00+05:30,29606.5,29615,29595.5,29598.5,2341
2026-08-18T23:18:00+05:30,29599,29600.75,29591,29596.75,1833
2026-08-18T23:24:00+05:30,29597,29599.25,29565,29565.75,3872
2026-08-18T23:30:00+05:30,29566,29578,29561.5,29566.75,3834
2026-08-18T23:36:00+05:30,29566.75,29569.75,29548.75,29551.75,3381
2026-08-18T23:42:00+05:30,29551.25,29587.25,29547.25,29584.5,3985
2026-08-18T23:48:00+05:30,29584.75,29615,29584,29594.5,5897
2026-08-18T23:54:00+05:30,29595,29603.5,29588,29603.25,2604
2026-08-19T00:00:00+05:30,29603.5,29610,29587.5,29606.25,2733
2026-08-19T00:06:00+05:30,29606.75,29614,29591,29592.25,2471
2026-08-19T00:12:00+05:30,29592.75,29599.75,29583.5,29597.25,2733
2026-08-19T00:18:00+05:30,29597,29597.5,29577,29577.5,2203
2026-08-19T00:24:00+05:30,29577.5,29580.25,29565.25,29571.25,3275
2026-08-19T00:30:00+05:30,29571,29582.5,29564.5,29572.25,2729
2026-08-19T00:36:00+05:30,29572,29586,29570,29576.5,2306
2026-08-19T00:42:00+05:30,29577,29578.25,29565.25,29565.25,2904
2026-08-19T00:48:00+05:30,29565.75,29586.5,29564.75,29582.25,2746
2026-08-19T00:54:00+05:30,29582.5,29606.75,29581.5,29600,4198
2026-08-19T01:00:00+05:30,29600,29606,29584.25,29587.5,4406
2026-08-19T01:06:00+05:30,29588,29600.25,29583.25,29587.5,2737
2026-08-19T01:12:00+05:30,29587,29607,29582.75,29592.25,4174
2026-08-19T01:18:00+05:30,29592,29610,29571.75,29576.75,5713
2026-08-19T01:24:00+05:30,29577.25,29601.75,29559.25,29585.75,20963
2026-08-19T01:30:00+05:30,29585.5,29596.75,29576.25,29583.75,4461
2026-08-19T01:36:00+05:30,29583.5,29586.25,29570.25,29571.75,1549
2026-08-19T01:42:00+05:30,29572.25,29577.5,29566,29572,1248
2026-08-19T01:48:00+05:30,29571.75,29573.5,29564.5,29565.25,574
2026-08-19T01:54:00+05:30,29565,29583,29561.5,29578.25,755
2026-08-19T02:00:00+05:30,29578.5,29586,29574.5,29584,433
2026-08-19T02:06:00+05:30,29582.75,29586,29581.5,29583.5,320
2026-08-19T02:12:00+05:30,29583.25,29583.25,29551.75,29555.75,933
2026-08-19T02:18:00+05:30,29555.5,29560.75,29550.25,29558.75,709
2026-08-19T02:24:00+05:30,29558.75,29568.5,29554.75,29559.5,680
2026-08-19T03:30:00+05:30,29566.5,29582.5,29549,29572.25,1368
2026-08-19T03:36:00+05:30,29572.25,29578,29568.75,29573.75,354
2026-08-19T03:42:00+05:30,29574,29578.5,29569.5,29574.25,349
2026-08-19T03:48:00+05:30,29574.75,29593.5,29574.75,29580.25,643
2026-08-19T03:54:00+05:30,29580.5,29581.75,29544.75,29546.75,1106
2026-08-19T04:00:00+05:30,29547.5,29552.75,29538,29542.75,1022
2026-08-19T04:06:00+05:30,29544,29546,29521,29528.5,829
2026-08-19T04:12:00+05:30,29529.75,29534,29520,29526.75,466
2026-08-19T04:18:00+05:30,29526.75,29536.75,29523,29529,341
2026-08-19T04:24:00+05:30,29528.25,29528.25,29516.75,29519.5,653
2026-08-19T04:30:00+05:30,29520,29539.25,29514.25,29533.5,945
2026-08-19T04:36:00+05:30,29532.5,29547.75,29526.25,29531,577
2026-08-19T04:42:00+05:30,29530.25,29536,29521,29525,377
2026-08-19T04:48:00+05:30,29525,29567.25,29524.5,29554,975
2026-08-19T04:54:00+05:30,29553.75,29557,29543.5,29546,496
2026-08-19T05:00:00+05:30,29545.75,29549.75,29536,29544,322
2026-08-19T05:06:00+05:30,29542.75,29543.25,29523,29532.75,841
2026-08-19T05:12:00+05:30,29533.25,29539.5,29524.5,29528.5,472
2026-08-19T05:18:00+05:30,29530,29542.75,29526.5,29539.25,514
2026-08-19T05:24:00+05:30,29538.75,29552.75,29527.5,29528.5,860
2026-08-19T05:30:00+05:30,29527.5,29529.25,29442,29478,4275
2026-08-19T05:36:00+05:30,29478.5,29499,29454.5,29461.75,1463
2026-08-19T05:42:00+05:30,29462.5,29480.75,29450,29478,1340
2026-08-19T05:48:00+05:30,29478.75,29524.5,29476.5,29508.75,1527
2026-08-19T05:54:00+05:30,29508,29530.75,29499,29530.75,1138
2026-08-19T06:00:00+05:30,29530.75,29556.5,29529.75,29552,1628
2026-08-19T06:06:00+05:30,29550,29575.75,29548,29572,945
2026-08-19T06:12:00+05:30,29571,29586,29559.5,29575.5,1011
2026-08-19T06:18:00+05:30,29574.25,29578.75,29555.5,29560.25,1155
2026-08-19T06:24:00+05:30,29560.25,29566.75,29533.75,29539.25,1329
2026-08-19T06:30:00+05:30,29538.25,29587.75,29530.25,29584,1906
2026-08-19T06:36:00+05:30,29583,29598.25,29579.5,29588.75,1605
2026-08-19T06:42:00+05:30,29588.5,29602,29579.75,29586.5,1470
2026-08-19T06:48:00+05:30,29585.75,29609.5,29568.5,29600.5,1549
2026-08-19T06:54:00+05:30,29601,29608,29579.25,29602,938
2026-08-19T07:00:00+05:30,29600.75,29604.5,29563.25,29567.75,1102
2026-08-19T07:06:00+05:30,29568.25,29591.25,29566,29567.5,850
2026-08-19T07:12:00+05:30,29568.25,29581.25,29563,29568.75,663
2026-08-19T07:18:00+05:30,29570,29577,29565.25,29573.75,462
2026-08-19T07:24:00+05:30,29573.25,29584.25,29566.5,29577.75,650
2026-08-19T07:30:00+05:30,29579,29583.25,29556.25,29556.75,574
2026-08-19T07:36:00+05:30,29556.75,29557.75,29533,29537.5,917
2026-08-19T07:42:00+05:30,29538.25,29551.5,29521,29523,1305
2026-08-19T07:48:00+05:30,29523.5,29561.75,29521,29561.75,921
2026-08-19T07:54:00+05:30,29561,29563.25,29540,29542,692
2026-08-19T08:00:00+05:30,29541.75,29545,29516.25,29522.5,707
2026-08-19T08:06:00+05:30,29523.5,29527,29518,29525.5,466
2026-08-19T08:12:00+05:30,29523.5,29541.5,29514,29536.25,744
2026-08-19T08:18:00+05:30,29536.75,29544,29518.75,29524.5,571
2026-08-19T08:24:00+05:30,29525,29535,29518.75,29532,271
2026-08-19T08:30:00+05:30,29532,29555,29531.5,29545.75,519
2026-08-19T08:36:00+05:30,29545.25,29546.5,29520.75,29525.5,639
2026-08-19T08:42:00+05:30,29526.25,29551.5,29525,29545.25,632
2026-08-19T08:48:00+05:30,29545.25,29547.75,29519.75,29532,569
2026-08-19T08:54:00+05:30,29532,29535.5,29524.25,29535.25,339
2026-08-19T09:00:00+05:30,29533.5,29551,29528.5,29548.75,567
2026-08-19T09:06:00+05:30,29548,29567,29531,29533,1000
2026-08-19T09:12:00+05:30,29534,29536.75,29517.75,29520,478
2026-08-19T09:18:00+05:30,29520.25,29546,29516.25,29539.25,493
2026-08-19T09:24:00+05:30,29537,29538,29523.5,29526,268
2026-08-19T09:30:00+05:30,29525.25,29527.25,29515.25,29516.25,766
2026-08-19T09:36:00+05:30,29516.5,29522.25,29505,29522.25,529
2026-08-19T09:42:00+05:30,29521,29521,29507.5,29510.5,426
2026-08-19T09:48:00+05:30,29512,29543.5,29511,29542.25,607
2026-08-19T09:54:00+05:30,29541.75,29542.25,29526.5,29533.75,410
2026-08-19T10:00:00+05:30,29533.75,29540.5,29500.5,29510.25,651
2026-08-19T10:06:00+05:30,29509.5,29521.5,29498.5,29506.25,598
2026-08-19T10:12:00+05:30,29505.25,29505.75,29492.5,29493,373
2026-08-19T10:18:00+05:30,29492.75,29494,29465,29471,880
2026-08-19T10:24:00+05:30,29471.25,29507.25,29463.75,29506,942
2026-08-19T10:30:00+05:30,29506.75,29535,29499,29530.75,1087
2026-08-19T10:36:00+05:30,29529.75,29532.75,29490,29495.25,614
2026-08-19T10:42:00+05:30,29494,29496.5,29473,29475,558
2026-08-19T10:48:00+05:30,29474.75,29487,29466.25,29484.75,670
2026-08-19T10:54:00+05:30,29486.75,29510,29479.25,29509.25,508
2026-08-19T11:00:00+05:30,29507.5,29512.25,29474.75,29477,476
2026-08-19T11:06:00+05:30,29476.5,29476.5,29462.5,29465.75,564
2026-08-19T11:12:00+05:30,29464.5,29478,29459,29465.5,670
2026-08-19T11:18:00+05:30,29466,29469,29455,29462,313
2026-08-19T11:24:00+05:30,29461.5,29463.25,29446,29457.5,978
2026-08-19T11:30:00+05:30,29456.5,29466,29444.25,29448,731
2026-08-19T11:36:00+05:30,29447.5,29448,29431.25,29434,1073
2026-08-19T11:42:00+05:30,29436.25,29480.25,29430.5,29467.25,992
2026-08-19T11:48:00+05:30,29466,29498.25,29466,29493.25,881
2026-08-19T11:54:00+05:30,29492.75,29504.75,29472,29482,673
2026-08-19T12:00:00+05:30,29481.5,29494.5,29472.5,29481.75,342
2026-08-19T12:06:00+05:30,29483.5,29486.25,29469,29471.5,357
2026-08-19T12:12:00+05:30,29471,29529,29460,29529,1378
2026-08-19T12:18:00+05:30,29528.25,29539,29518.5,29536.25,1258
2026-08-19T12:24:00+05:30,29536.75,29561.5,29534.25,29559.75,1201
2026-08-19T12:30:00+05:30,29558.75,29559.25,29526,29531,1390
2026-08-19T12:36:00+05:30,29531.5,29552.75,29520.25,29545.5,775
2026-08-19T12:42:00+05:30,29543.5,29563.5,29537,29540.5,848
2026-08-19T12:48:00+05:30,29540,29568.75,29533.5,29566.5,677
2026-08-19T12:54:00+05:30,29566.5,29578.25,29564.75,29578.25,726
2026-08-19T13:00:00+05:30,29578.5,29589.25,29567.25,29583,1012
2026-08-19T13:06:00+05:30,29582.75,29587.25,29550.25,29554.75,676
2026-08-19T13:12:00+05:30,29553.75,29588.5,29547.25,29585.5,965
2026-08-19T13:18:00+05:30,29586,29589,29570,29572.25,618
2026-08-19T13:24:00+05:30,29571.25,29606.5,29571.25,29601.25,1200
2026-08-19T13:30:00+05:30,29600.25,29635.75,29593,29633,2143
2026-08-19T13:36:00+05:30,29634,29640.75,29621.75,29639,1359
2026-08-19T13:42:00+05:30,29638.75,29638.75,29607.5,29621,1074
2026-08-19T13:48:00+05:30,29620.75,29639,29611.25,29637.5,1525
2026-08-19T13:54:00+05:30,29635.5,29637.5,29610.25,29622.5,765
2026-08-19T14:00:00+05:30,29620.5,29623,29600.25,29613.25,788
2026-08-19T14:06:00+05:30,29615,29632,29609,29616.25,546
2026-08-19T14:12:00+05:30,29615.5,29630.25,29613.5,29627.75,553
2026-08-19T14:18:00+05:30,29628,29633.25,29610.75,29615.25,577
2026-08-19T14:24:00+05:30,29614.25,29621.5,29607,29609.5,543
2026-08-19T14:30:00+05:30,29606.25,29630,29605,29624.25,576
2026-08-19T14:36:00+05:30,29624.75,29625,29594.25,29602.75,815
2026-08-19T14:42:00+05:30,29603.75,29605.25,29587.5,29595,612
2026-08-19T14:48:00+05:30,29595,29598.25,29584.75,29587.75,642
2026-08-19T14:54:00+05:30,29586.5,29590,29566.25,29571,816
2026-08-19T15:00:00+05:30,29571,29587,29565,29583.25,485
2026-08-19T15:06:00+05:30,29582.75,29583.5,29566,29572.5,434
2026-08-19T15:12:00+05:30,29573,29573,29548.25,29560.5,680
2026-08-19T15:18:00+05:30,29560.25,29561.25,29545,29549,422
2026-08-19T15:24:00+05:30,29548.25,29556.75,29536.5,29553.75,574
2026-08-19T15:30:00+05:30,29553.25,29557.75,29518.5,29522,1016
2026-08-19T15:36:00+05:30,29522,29537,29510.75,29536.75,872
2026-08-19T15:42:00+05:30,29535.25,29543.5,29523,29527.25,546
2026-08-19T15:48:00+05:30,29527.25,29540,29517.25,29532,469
2026-08-19T15:54:00+05:30,29533,29541.25,29512.25,29536,606
2026-08-19T16:00:00+05:30,29535.25,29542.5,29528.5,29540.75,438
2026-08-19T16:06:00+05:30,29539.75,29557.75,29539.75,29550.5,903
2026-08-19T16:12:00+05:30,29550,29558.75,29546.5,29552,324
2026-08-19T16:18:00+05:30,29551,29551.25,29530,29533,379
2026-08-19T16:24:00+05:30,29534,29534.25,29517.75,29521,530
2026-08-19T16:30:00+05:30,29522.5,29567.25,29509.5,29564.25,1327
2026-08-19T16:36:00+05:30,29564.25,29578,29544,29551.5,920
2026-08-19T16:42:00+05:30,29553,29555,29535,29539,546
2026-08-19T16:48:00+05:30,29538,29558.75,29531.25,29550,610
2026-08-19T16:54:00+05:30,29550.25,29560.25,29533.5,29538.5,568
2026-08-19T17:00:00+05:30,29536.25,29540.25,29513,29522.5,668
2026-08-19T17:06:00+05:30,29522.75,29530,29516,29519.25,400
2026-08-19T17:12:00+05:30,29520.75,29527,29508,29525.75,612
2026-08-19T17:18:00+05:30,29525.25,29527,29506.75,29522,598
2026-08-19T17:24:00+05:30,29522.75,29537.5,29517.5,29536,558
2026-08-19T17:30:00+05:30,29535,29551,29511.5,29530,1025
2026-08-19T17:36:00+05:30,29530.25,29558.5,29525.75,29542.75,1249
2026-08-19T17:42:00+05:30,29542.25,29561.25,29533.5,29559.25,1008
2026-08-19T17:48:00+05:30,29558,29573.75,29555,29561.75,1329
2026-08-19T17:54:00+05:30,29561.25,29583,29551.5,29573.25,1825
2026-08-19T18:00:00+05:30,29574,29623,29549.25,29610.25,4105
2026-08-19T18:06:00+05:30,29609.5,29677.5,29607.75,29658.5,6560
2026-08-19T18:12:00+05:30,29659,29721.75,29654.75,29701.5,5112
2026-08-19T18:18:00+05:30,29701.25,29757.25,29690.5,29740.75,5714
2026-08-19T18:24:00+05:30,29740.5,29747.25,29724.25,29742.75,3913
2026-08-19T18:30:00+05:30,29743,29743,29679.75,29693.25,4613
2026-08-19T18:36:00+05:30,29693.75,29726.5,29690.5,29726,2920
2026-08-19T18:42:00+05:30,29726.75,29735.5,29707.75,29713,2349
2026-08-19T18:48:00+05:30,29713.25,29746.75,29708.5,29742.25,2127
2026-08-19T18:54:00+05:30,29742.75,29748.25,29695.75,29696,4111
2026-08-19T19:00:00+05:30,29696,29742.75,29648.5,29673.75,22957
2026-08-19T19:06:00+05:30,29673.25,29675.5,29566.25,29572.25,19166
2026-08-19T19:12:00+05:30,29572.75,29635.5,29560.5,29582.5,15331
2026-08-19T19:18:00+05:30,29583.75,29592.25,29406.5,29485,26087
2026-08-19T19:24:00+05:30,29485.25,29525.5,29456.75,29496.5,13819
2026-08-19T19:30:00+05:30,29496.25,29514.25,29456,29485.25,12696
2026-08-19T19:36:00+05:30,29486,29499.5,29384.25,29391.75,12246
2026-08-19T19:42:00+05:30,29391.25,29469,29375.75,29449.25,15924
2026-08-19T19:48:00+05:30,29448.75,29458,29385.25,29417.75,11765
2026-08-19T19:54:00+05:30,29419.25,29485,29395,29482.5,9740
2026-08-19T20:00:00+05:30,29482.5,29519.25,29468.25,29518.5,9025
2026-08-19T20:06:00+05:30,29519,29575,29507,29550.25,10130
2026-08-19T20:12:00+05:30,29550.5,29570.5,29535,29554.5,6406
2026-08-19T20:18:00+05:30,29554.75,29592,29527,29592,7718
2026-08-19T20:24:00+05:30,29591.5,29624.5,29582.25,29623.25,7411
2026-08-19T20:30:00+05:30,29623,29629.75,29582.75,29596.75,7204
2026-08-19T20:36:00+05:30,29596,29609.5,29581,29591.25,4806
2026-08-19T20:42:00+05:30,29591,29629,29591,29622.25,4889
2026-08-19T20:48:00+05:30,29622.5,29631.25,29605,29619.75,4147
2026-08-19T20:54:00+05:30,29619.5,29623.75,29588,29613.5,4812
2026-08-19T21:00:00+05:30,29613.25,29616.5,29582.5,29587.5,3691
2026-08-19T21:06:00+05:30,29587,29597.5,29550.25,29563,5124
2026-08-19T21:12:00+05:30,29562,29607.25,29555.5,29601.75,4977
2026-08-19T21:18:00+05:30,29603.5,29616.25,29574.5,29578,4095
2026-08-19T21:24:00+05:30,29578.5,29608.25,29569.75,29606.25,3696
2026-08-19T21:30:00+05:30,29607.25,29640.5,29587.5,29637,5274
2026-08-19T21:36:00+05:30,29637.25,29653.75,29634.75,29648.75,3568
2026-08-19T21:42:00+05:30,29648.5,29653,29628.25,29651.5,3172
2026-08-19T21:48:00+05:30,29651.25,29667.25,29637.25,29642.5,3510
2026-08-19T21:54:00+05:30,29643.25,29647,29602.25,29609,3854
2026-08-19T22:00:00+05:30,29609,29617.25,29595,29598,3263
2026-08-19T22:06:00+05:30,29597,29621.5,29594,29617.75,2407
2026-08-19T22:12:00+05:30,29618,29620.75,29596.25,29604.5,2141
2026-08-19T22:18:00+05:30,29604.25,29606,29564.5,29567.75,3522
2026-08-19T22:24:00+05:30,29567,29573.25,29553,29559.5,2927
2026-08-19T22:30:00+05:30,29560,29573.25,29545,29569,3664
2026-08-19T22:36:00+05:30,29569.75,29570.25,29539.5,29545.5,3255
2026-08-19T22:42:00+05:30,29546,29562.75,29543.25,29552,2434
2026-08-19T22:48:00+05:30,29552.25,29553.5,29510.5,29522.75,4594
2026-08-19T22:54:00+05:30,29522.75,29543.5,29512.75,29539.5,2939
2026-08-19T23:00:00+05:30,29540,29543.25,29513.75,29528.75,2704
2026-08-19T23:06:00+05:30,29529.25,29538,29520.75,29531.25,1988
2026-08-19T23:12:00+05:30,29531.75,29550.25,29529.5,29538.5,2678
2026-08-19T23:18:00+05:30,29538,29561,29534.25,29558,2144
2026-08-19T23:24:00+05:30,29558.25,29560.5,29537.75,29544.25,1765
2026-08-19T23:30:00+05:30,29544,29592.5,29535.75,29549.75,5489
2026-08-19T23:36:00+05:30,29550.75,29550.75,29498.5,29523,5878
2026-08-19T23:42:00+05:30,29523.25,29541.25,29492,29493,3773
2026-08-19T23:48:00+05:30,29493.25,29524,29492.25,29512,2981
2026-08-19T23:54:00+05:30,29512.25,29540.5,29507.5,29538.75,2765
2026-08-20T00:00:00+05:30,29538.5,29578.75,29537.75,29555.75,4927
2026-08-20T00:06:00+05:30,29556.5,29563.25,29536.25,29556.75,2610
2026-08-20T00:12:00+05:30,29556.25,29563.75,29541.25,29548.25,2136
2026-08-20T00:18:00+05:30,29548.5,29557.75,29536,29544,1997
2026-08-20T00:24:00+05:30,29544.5,29550.75,29527.5,29535,2507
2026-08-20T00:30:00+05:30,29535.25,29553,29529.5,29538.75,2734
2026-08-20T00:36:00+05:30,29538.75,29559.5,29534,29550.25,2135
2026-08-20T00:42:00+05:30,29550,29558,29543.75,29554.25,2035
2026-08-20T00:48:00+05:30,29554,29574,29550.25,29563.25,2842
2026-08-20T00:54:00+05:30,29562.5,29579.75,29553.25,29555.75,2665
2026-08-20T01:00:00+05:30,29556.75,29590,29551.5,29557.25,3962
2026-08-20T01:06:00+05:30,29557.25,29563.25,29533,29542,3530
2026-08-20T01:12:00+05:30,29542.5,29544.5,29501.25,29512.25,4302
2026-08-20T01:18:00+05:30,29511.75,29524,29485.25,29501.25,6717
2026-08-20T01:24:00+05:30,29500.75,29525.75,29488.5,29522,15706
2026-08-20T01:30:00+05:30,29521.25,29542.75,29517.75,29520.75,5460
2026-08-20T01:36:00+05:30,29520.5,29536.5,29519.25,29527,975
2026-08-20T01:42:00+05:30,29527.25,29529.25,29515,29516,1161
2026-08-20T01:48:00+05:30,29515.75,29522.25,29514.25,29517.75,416
2026-08-20T01:54:00+05:30,29517.75,29529,29517,29525.25,562
2026-08-20T02:00:00+05:30,29524.75,29532,29522.5,29529.5,338
2026-08-20T02:06:00+05:30,29529.25,29530.5,29520,29523.25,477
2026-08-20T02:12:00+05:30,29523.25,29540,29522.75,29537.5,514
2026-08-20T02:18:00+05:30,29537.75,29553,29536.75,29553,646
2026-08-20T02:24:00+05:30,29553.25,29562.5,29552.25,29561,733
2026-08-20T03:30:00+05:30,29561.5,29615,29556.5,29599.25,1499
2026-08-20T03:36:00+05:30,29599.5,29612,29590.75,29607.5,748
2026-08-20T03:42:00+05:30,29605.5,29639,29601.75,29619.25,929
2026-08-20T03:48:00+05:30,29618.5,29631.5,29606.5,29623.75,491
2026-08-20T03:54:00+05:30,29625,29632.25,29616,29621.5,618
2026-08-20T04:00:00+05:30,29622,29622,29613,29618.5,317
2026-08-20T04:06:00+05:30,29618.5,29638,29617.5,29635,400
2026-08-20T04:12:00+05:30,29636,29637.75,29628.5,29633.5,288
2026-08-20T04:18:00+05:30,29635,29639.5,29632,29637,239
2026-08-20T04:24:00+05:30,29637.25,29654.25,29630.75,29649.5,1797
2026-08-20T04:30:00+05:30,29650.75,29689.75,29632.75,29648.75,2024
2026-08-20T04:36:00+05:30,29650,29666,29645.25,29654,364
2026-08-20T04:42:00+05:30,29653.5,29660,29649.5,29659.25,256
2026-08-20T04:48:00+05:30,29657.75,29658.25,29641.75,29645.75,331
2026-08-20T04:54:00+05:30,29644.5,29652,29643.75,29651.25,185
2026-08-20T05:00:00+05:30,29652,29659,29644.25,29646.25,376
2026-08-20T05:06:00+05:30,29647,29656.25,29646.25,29651.5,121
2026-08-20T05:12:00+05:30,29651.5,29666.75,29649.5,29653.25,377
2026-08-20T05:18:00+05:30,29653,29662.25,29639.75,29641,511
2026-08-20T05:24:00+05:30,29641.75,29646.75,29626,29628.5,914
2026-08-20T05:30:00+05:30,29629,29629,29595,29624.5,1657
2026-08-20T05:36:00+05:30,29623.75,29625.25,29581.5,29604.5,1074
2026-08-20T05:42:00+05:30,29604,29660.25,29598.25,29654,1267
2026-08-20T05:48:00+05:30,29655.25,29665.5,29635.5,29636.5,897
2026-08-20T05:54:00+05:30,29636.25,29650.25,29625,29630.5,787
2026-08-20T06:00:00+05:30,29630.75,29643.25,29617,29629.25,680
2026-08-20T06:06:00+05:30,29631,29662,29631,29658.5,620
2026-08-20T06:12:00+05:30,29659.5,29668,29648.5,29648.5,671
2026-08-20T06:18:00+05:30,29650.75,29665,29642.25,29662.25,471
2026-08-20T06:24:00+05:30,29664.5,29675.75,29661.75,29669.75,607
2026-08-20T06:30:00+05:30,29670.5,29684.25,29665.5,29677.25,809
2026-08-20T06:36:00+05:30,29675,29678.25,29641.75,29649,763
2026-08-20T06:42:00+05:30,29647.75,29667,29633.25,29633.5,893
2026-08-20T06:48:00+05:30,29635,29664.75,29630.5,29641.25,765
2026-08-20T06:54:00+05:30,29638.5,29646.25,29624.75,29634.5,599
2026-08-20T07:00:00+05:30,29633.75,29649,29623.75,29647.5,598
2026-08-20T07:06:00+05:30,29648.75,29661,29638.5,29657.25,583
2026-08-20T07:12:00+05:30,29657.5,29674,29654.75,29658.75,625
2026-08-20T07:18:00+05:30,29659.75,29674.75,29648,29650.5,440
2026-08-20T07:24:00+05:30,29650.75,29669.5,29630,29642.25,886
2026-08-20T07:30:00+05:30,29641.75,29683,29640,29671.75,801
2026-08-20T07:36:00+05:30,29673.75,29683.25,29665,29670.25,354
2026-08-20T07:42:00+05:30,29668.5,29670.25,29651.5,29659,505
2026-08-20T07:48:00+05:30,29654.25,29655,29612.75,29628.25,1282
2026-08-20T07:54:00+05:30,29628.25,29636.5,29620,29633.25,510
2026-08-20T08:00:00+05:30,29631.25,29662.25,29610,29646.5,991
2026-08-20T08:06:00+05:30,29645.5,29651.25,29636.5,29650.5,293
2026-08-20T08:12:00+05:30,29650.5,29652.25,29638,29644,235
2026-08-20T08:18:00+05:30,29645.25,29645.25,29611.25,29613,441
2026-08-20T08:24:00+05:30,29612.25,29632.5,29611.5,29630.25,526
2026-08-20T08:30:00+05:30,29632,29642.25,29620.75,29639.75,331
2026-08-20T08:36:00+05:30,29639.5,29655.75,29607.25,29607.25,688
2026-08-20T08:42:00+05:30,29606.5,29641,29606,29638.5,539
2026-08-20T08:48:00+05:30,29639,29657.25,29638.5,29650,317
2026-08-20T08:54:00+05:30,29650,29650,29625.25,29626,339
2026-08-20T09:00:00+05:30,29625,29628.75,29593.5,29606.25,1091
2026-08-20T09:06:00+05:30,29606.25,29613.5,29600,29605.75,337
2026-08-20T09:12:00+05:30,29606.25,29628,29606.25,29622.25,514
2026-08-20T09:18:00+05:30,29623,29631.25,29617.25,29623.75,290
2026-08-20T09:24:00+05:30,29623.75,29631.25,29609.25,29620.25,441
2026-08-20T09:30:00+05:30,29617.75,29641,29610,29638.75,419
2026-08-20T09:36:00+05:30,29639,29653.75,29638.5,29651.75,371
2026-08-20T09:42:00+05:30,29651.75,29656,29648.25,29653.75,216
2026-08-20T09:48:00+05:30,29654.75,29655.5,29641.25,29642.75,256
2026-08-20T09:54:00+05:30,29642.25,29646,29636,29639.25,230
2026-08-20T10:00:00+05:30,29640.25,29640.25,29608.5,29610,576
2026-08-20T10:06:00+05:30,29609.5,29629.5,29609.5,29624.5,373
2026-08-20T10:12:00+05:30,29624.25,29631.5,29621.25,29630,177
2026-08-20T10:18:00+05:30,29629.25,29642,29625.25,29638.5,182
2026-08-20T10:24:00+05:30,29636.5,29636.5,29612.25,29615,335
2026-08-20T10:30:00+05:30,29617,29623.75,29610,29616,278
2026-08-20T10:36:00+05:30,29616,29617,29593,29593.25,362
2026-08-20T10:42:00+05:30,29592.75,29622.25,29587.75,29620.5,652
2026-08-20T10:48:00+05:30,29620,29629.5,29608.75,29627.75,557
2026-08-20T10:54:00+05:30,29628,29641,29615.25,29616,423
2026-08-20T11:00:00+05:30,29617.25,29634.25,29608,29614.5,347
2026-08-20T11:06:00+05:30,29614,29614,29604.75,29611,444
2026-08-20T11:12:00+05:30,29612.5,29627.25,29602.25,29615.25,408
2026-08-20T11:18:00+05:30,29615.5,29616.75,29602.5,29604,218
2026-08-20T11:24:00+05:30,29602.75,29610.25,29599.75,29605.5,230
2026-08-20T11:30:00+05:30,29607,29645.75,29602.25,29645,705
2026-08-20T11:36:00+05:30,29645.25,29666.25,29641.75,29666.25,727
2026-08-20T11:42:00+05:30,29665.75,29666,29647.5,29655,586
2026-08-20T11:48:00+05:30,29654.5,29654.5,29639,29652,442
2026-08-20T11:54:00+05:30,29651.75,29656,29640.5,29654.5,397
2026-08-20T12:00:00+05:30,29653.5,29677,29647,29676,578
2026-08-20T12:06:00+05:30,29676,29677.25,29656.5,29672.75,414
2026-08-20T12:12:00+05:30,29671,29685,29666.25,29675.5,642
2026-08-20T12:18:00+05:30,29674.75,29686.5,29670,29672,520
2026-08-20T12:24:00+05:30,29671.25,29679,29666.25,29672.5,347
2026-08-20T12:30:00+05:30,29672.75,29672.75,29632.5,29660.5,1285
2026-08-20T12:36:00+05:30,29660.75,29670.5,29651.75,29663.75,568
2026-08-20T12:42:00+05:30,29662.75,29665.75,29633.75,29640.5,445
2026-08-20T12:48:00+05:30,29639.75,29648,29616.25,29617.75,762
2026-08-20T12:54:00+05:30,29617.25,29626.5,29604.75,29615.75,662
2026-08-20T13:00:00+05:30,29615.5,29635,29595,29620.75,984
2026-08-20T13:06:00+05:30,29620.75,29626,29613.5,29618,474
2026-08-20T13:12:00+05:30,29617.25,29618.5,29603.5,29608.75,371
2026-08-20T13:18:00+05:30,29610.25,29637,29605,29609.5,596
2026-08-20T13:24:00+05:30,29609.25,29613.75,29592.75,29594.5,393
2026-08-20T13:30:00+05:30,29595.75,29605.5,29549.75,29555.75,1926
2026-08-20T13:36:00+05:30,29557,29577.5,29520,29529.75,1649
2026-08-20T13:42:00+05:30,29530,29548.5,29526.25,29542.75,889
2026-08-20T13:48:00+05:30,29542,29546.75,29508.5,29519,1042
2026-08-20T13:54:00+05:30,29517.75,29519.25,29496,29501.25,1123
2026-08-20T14:00:00+05:30,29502,29502.25,29464,29484.5,1393
2026-08-20T14:06:00+05:30,29484.75,29521,29483.75,29516,1343
2026-08-20T14:12:00+05:30,29514.25,29529.5,29466.25,29469.75,1599
2026-08-20T14:18:00+05:30,29470.25,29493.75,29452.75,29484.75,823
2026-08-20T14:24:00+05:30,29487.5,29488.25,29464,29475.75,749
2026-08-20T14:30:00+05:30,29477.25,29515.75,29468,29499,881
2026-08-20T14:36:00+05:30,29500.25,29543.75,29498.75,29521.25,1158
2026-08-20T14:42:00+05:30,29524.5,29535,29510.75,29516.25,525
2026-08-20T14:48:00+05:30,29515,29535,29512.5,29532,278
2026-08-20T14:54:00+05:30,29531,29542.25,29528,29530.75,317
2026-08-20T15:00:00+05:30,29527,29530.75,29507.5,29507.5,396
2026-08-20T15:06:00+05:30,29508,29536,29507.75,29515,408
2026-08-20T15:12:00+05:30,29515.25,29546.75,29514.5,29533,319
2026-08-20T15:18:00+05:30,29534.25,29537.75,29512.75,29518.75,273
2026-08-20T15:24:00+05:30,29519,29535.75,29518.5,29528.25,211
2026-08-20T15:30:00+05:30,29527.25,29540,29511.75,29529.5,444
2026-08-20T15:36:00+05:30,29528.75,29556,29528.75,29554,437
2026-08-20T15:42:00+05:30,29553.5,29564,29539.5,29547,592
2026-08-20T15:48:00+05:30,29548,29552.75,29541.75,29546.25,419
2026-08-20T15:54:00+05:30,29548,29554.5,29526.5,29537.75,812
2026-08-20T16:00:00+05:30,29535.75,29547.75,29519.75,29521.25,394
2026-08-20T16:06:00+05:30,29520.75,29547.75,29516.25,29520,850
2026-08-20T16:12:00+05:30,29520.5,29551.75,29519.5,29551.25,295
2026-08-20T16:18:00+05:30,29551,29560.25,29545,29545,409
2026-08-20T16:24:00+05:30,29545,29567,29538.5,29566,387
2026-08-20T16:30:00+05:30,29566,29582.25,29487.75,29488.25,2302
2026-08-20T16:36:00+05:30,29487.25,29497.25,29479,29485.75,854
2026-08-20T16:42:00+05:30,29487.25,29498.25,29464,29484.75,999
2026-08-20T16:48:00+05:30,29485.75,29489.75,29446.25,29463.5,1194
2026-08-20T16:54:00+05:30,29463.5,29463.5,29422,29425,1972
2026-08-20T17:00:00+05:30,29424.5,29444.5,29419,29426.25,1344
2026-08-20T17:06:00+05:30,29425.25,29453.5,29418,29431.5,1146
2026-08-20T17:12:00+05:30,29434,29447.75,29386,29402.5,1830
2026-08-20T17:18:00+05:30,29401.75,29404,29372.25,29386,2323
2026-08-20T17:24:00+05:30,29385.5,29386.75,29348.75,29362,2134
2026-08-20T17:30:00+05:30,29361.25,29375,29286.75,29311,3965
2026-08-20T17:36:00+05:30,29311.25,29317.25,29281.75,29285.75,3288
2026-08-20T17:42:00+05:30,29286,29294.25,29262.5,29276,3547
2026-08-20T17:48:00+05:30,29276,29300.5,29264,29288.5,2143
2026-08-20T17:54:00+05:30,29289.5,29306.5,29275,29276.5,1596
2026-08-20T18:00:00+05:30,29278,29282.25,29245.75,29248,3031
2026-08-20T18:06:00+05:30,29247.75,29279,29240,29274,2443
2026-08-20T18:12:00+05:30,29274.25,29301,29268.25,29297.75,2156
2026-08-20T18:18:00+05:30,29297.75,29344,29297.25,29335.25,2759
2026-08-20T18:24:00+05:30,29335,29351,29335,29346,1382
2026-08-20T18:30:00+05:30,29346.75,29373.25,29343.75,29369,2539
2026-08-20T18:36:00+05:30,29369.75,29371.25,29336.5,29345,2114
2026-08-20T18:42:00+05:30,29344,29348.25,29329.5,29334.25,1635
2026-08-20T18:48:00+05:30,29333.75,29348.25,29324,29338.25,1590
2026-08-20T18:54:00+05:30,29338.75,29369,29336.25,29350.75,3552
2026-08-20T19:00:00+05:30,29351,29460.5,29338.75,29448.25,22830
2026-08-20T19:06:00+05:30,29448.75,29470.25,29390,29434.5,15962
2026-08-20T19:12:00+05:30,29434,29460,29373,29386.75,14245
2026-08-20T19:18:00+05:30,29386.75,29402,29308.75,29329.25,16142
2026-08-20T19:24:00+05:30,29329,29409,29324,29354,14117
2026-08-20T19:30:00+05:30,29354,29395,29316.5,29345.75,11817
2026-08-20T19:36:00+05:30,29345.25,29409,29329.5,29372.5,11819
2026-08-20T19:42:00+05:30,29372.5,29403,29320.5,29338.25,9917
2026-08-20T19:48:00+05:30,29337.5,29408.5,29305,29406.25,11460
2026-08-20T19:54:00+05:30,29406,29414,29334.25,29349.75,9747
2026-08-20T20:00:00+05:30,29350.75,29386.75,29329,29356.25,7856
2026-08-20T20:06:00+05:30,29356.25,29418.5,29351.5,29396.5,7795
2026-08-20T20:12:00+05:30,29397,29433.5,29391.75,29393.75,6368
2026-08-20T20:18:00+05:30,29393.25,29402.75,29366.75,29376.25,5849
2026-08-20T20:24:00+05:30,29376,29395.75,29349,29392.75,6236
2026-08-20T20:30:00+05:30,29392.5,29457.5,29372,29373,11218
2026-08-20T20:36:00+05:30,29373,29385.5,29324.5,29341.5,8697
2026-08-20T20:42:00+05:30,29340.75,29383,29331.5,29358.75,6462
2026-08-20T20:48:00+05:30,29357.75,29369.5,29315,29316.5,5242
2026-08-20T20:54:00+05:30,29317.5,29346,29301,29345,6939
2026-08-20T21:00:00+05:30,29344,29350.5,29292,29293.25,5991
2026-08-20T21:06:00+05:30,29293.25,29315.75,29276.5,29281.75,5703
2026-08-20T21:12:00+05:30,29282.75,29304,29269.25,29302.5,4906
2026-08-20T21:18:00+05:30,29302.5,29332.5,29291,29311.75,4896
2026-08-20T21:24:00+05:30,29313.25,29332.75,29312,29329.75,3868
2026-08-20T21:30:00+05:30,29329.75,29346,29312,29315.25,4728
2026-08-20T21:36:00+05:30,29315,29342,29302.75,29338,3803
2026-08-20T21:42:00+05:30,29337.75,29339.75,29305,29317,2791
2026-08-20T21:48:00+05:30,29317.5,29355.25,29311,29343,3293
2026-08-20T21:54:00+05:30,29342.25,29356.5,29334.5,29340.75,3147
2026-08-20T22:00:00+05:30,29340.25,29350.25,29310,29347.25,3933
2026-08-20T22:06:00+05:30,29346.75,29367.75,29344,29359.75,3334
2026-08-20T22:12:00+05:30,29360.25,29389,29355,29383.5,4067
2026-08-20T22:18:00+05:30,29383,29384.25,29356.25,29365.5,3386
2026-08-20T22:24:00+05:30,29366,29385.75,29361.25,29380,3132
2026-08-20T22:30:00+05:30,29380,29382,29349,29358.25,2758
2026-08-20T22:36:00+05:30,29357.25,29359.25,29334.75,29351.25,2907
2026-08-20T22:42:00+05:30,29350.75,29354.25,29305.5,29313,3447
2026-08-20T22:48:00+05:30,29313.25,29324,29298,29320.25,3513
2026-08-20T22:54:00+05:30,29320.75,29324.75,29292.5,29294.5,3867
2026-08-20T23:00:00+05:30,29294.25,29304.25,29285.25,29292.75,3300
2026-08-20T23:06:00+05:30,29293.5,29297,29282.75,29285,2477
2026-08-20T23:12:00+05:30,29284.75,29307.75,29283,29307.5,3262
2026-08-20T23:18:00+05:30,29308,29325.75,29303.5,29311.75,3507
2026-08-20T23:24:00+05:30,29312,29313.75,29290.5,29292.75,2861
2026-08-20T23:30:00+05:30,29292.5,29293,29236.25,29246.75,6665
2026-08-20T23:36:00+05:30,29246.25,29248.25,29215,29226.25,6319
2026-08-20T23:42:00+05:30,29226.75,29239.25,29202.75,29218,4940
2026-08-20T23:48:00+05:30,29218.75,29248.25,29216,29233.75,4200
2026-08-20T23:54:00+05:30,29234.25,29239.75,29220.5,29232.75,3716
2026-08-21T00:00:00+05:30,29233,29237.5,29212,29215.75,3805
2026-08-21T00:06:00+05:30,29215.75,29232,29212.5,29220.5,3249
2026-08-21T00:12:00+05:30,29220.75,29243,29219.75,29242.25,3024
2026-08-21T00:18:00+05:30,29241.75,29255,29240,29245.5,3965
2026-08-21T00:24:00+05:30,29244.5,29259,29241.25,29243.75,2760
2026-08-21T00:30:00+05:30,29243.75,29282,29242.25,29281.25,4656
2026-08-21T00:36:00+05:30,29280.75,29293,29273.5,29278.75,4010
2026-08-21T00:42:00+05:30,29279.5,29294.25,29276,29276.5,3171
2026-08-21T00:48:00+05:30,29276.25,29295.5,29267.75,29294.25,3367
2026-08-21T00:54:00+05:30,29294.25,29307.5,29292.25,29304.5,3605
2026-08-21T01:00:00+05:30,29304.25,29310.5,29290.25,29310,4160
2026-08-21T01:06:00+05:30,29310.5,29335.25,29306.25,29329.5,4980
2026-08-21T01:12:00+05:30,29327.5,29329.5,29295,29296.25,5191
2026-08-21T01:18:00+05:30,29296.25,29331.25,29293,29319.75,6146
2026-08-21T01:24:00+05:30,29319.5,29320.5,29286.5,29306.5,17305
2026-08-21T01:30:00+05:30,29306.5,29320.5,29303.5,29305.25,4448
2026-08-21T01:36:00+05:30,29304.75,29304.75,29277.25,29295.5,2002
2026-08-21T01:42:00+05:30,29295,29297.75,29262.5,29267.75,1789
2026-08-21T01:48:00+05:30,29268,29286,29267.5,29286,791
2026-08-21T01:54:00+05:30,29286.25,29293.5,29284.5,29288.25,630
2026-08-21T02:00:00+05:30,29287.75,29302.5,29285.25,29301.25,595
2026-08-21T02:06:00+05:30,29301,29311.5,29299.5,29300,608
2026-08-21T02:12:00+05:30,29300.5,29307.25,29297.75,29304.25,450
2026-08-21T02:18:00+05:30,29303.75,29305.25,29296.25,29305.25,471
2026-08-21T02:24:00+05:30,29304.5,29319.5,29302.25,29317.25,651
2026-08-21T03:30:00+05:30,29327,29345.75,29274.25,29284.25,1403
2026-08-21T03:36:00+05:30,29283.75,29292.5,29276,29284,748
2026-08-21T03:42:00+05:30,29285.5,29290.25,29276.5,29289,210
2026-08-21T03:48:00+05:30,29289.5,29291.25,29281.5,29286.25,263
2026-08-21T03:54:00+05:30,29286,29288.25,29278.75,29285.75,197
2026-08-21T04:00:00+05:30,29286.5,29307.5,29281.75,29306.5,445
2026-08-21T04:06:00+05:30,29306.25,29309,29286,29296,449
2026-08-21T04:12:00+05:30,29297,29307,29295,29306.25,214
2026-08-21T04:18:00+05:30,29306.25,29325.5,29303.75,29322.5,683
2026-08-21T04:24:00+05:30,29321.5,29324.25,29320,29323,175
2026-08-21T04:30:00+05:30,29321.5,29323.25,29317.5,29319.75,279
2026-08-21T04:36:00+05:30,29320.75,29324.25,29315.5,29317.75,226
2026-08-21T04:42:00+05:30,29317.5,29328.5,29313.25,29326.5,255
2026-08-21T04:48:00+05:30,29326.5,29326.5,29317.75,29319.5,190
2026-08-21T04:54:00+05:30,29320,29322,29312.5,29315.5,187
2026-08-21T05:00:00+05:30,29316.5,29319.75,29295.5,29299.75,441
2026-08-21T05:06:00+05:30,29299.75,29323.75,29297,29322.5,635
2026-08-21T05:12:00+05:30,29320.75,29322.5,29296,29297.25,558
2026-08-21T05:18:00+05:30,29298,29315.25,29286.75,29305.75,747
2026-08-21T05:24:00+05:30,29305.5,29309.25,29292.25,29293,364
2026-08-21T05:30:00+05:30,29292.5,29336,29289.75,29333.25,1160
2026-08-21T05:36:00+05:30,29333.25,29347.75,29317.25,29347.75,946
2026-08-21T05:42:00+05:30,29345.25,29365.5,29323,29331.25,1645
2026-08-21T05:48:00+05:30,29329.25,29345.25,29321.5,29339.75,488
2026-08-21T05:54:00+05:30,29339.75,29342,29315,29325.5,590
2026-08-21T06:00:00+05:30,29326.75,29341.25,29311.75,29341.25,662
2026-08-21T06:06:00+05:30,29339.25,29351.75,29325.5,29337.75,618
2026-08-21T06:12:00+05:30,29336,29357.25,29330.25,29356.5,696
2026-08-21T06:18:00+05:30,29354.5,29362,29332.5,29335.75,593
2026-08-21T06:24:00+05:30,29338.25,29338.25,29319.5,29320.5,394
2026-08-21T06:30:00+05:30,29320.5,29335.25,29308.25,29311,731
2026-08-21T06:36:00+05:30,29311,29314.75,29291.75,29312.5,1085
2026-08-21T06:42:00+05:30,29313.75,29353.25,29313.25,29352.5,928
2026-08-21T06:48:00+05:30,29352,29353.5,29317.75,29324.25,576
2026-08-21T06:54:00+05:30,29325.25,29357,29323.75,29341.5,628
2026-08-21T07:00:00+05:30,29340.5,29357,29333,29337.25,453
2026-08-21T07:06:00+05:30,29335.75,29335.75,29320.25,29335.5,513
2026-08-21T07:12:00+05:30,29336.5,29356.5,29333.75,29352.5,748
2026-08-21T07:18:00+05:30,29352.5,29372.5,29345.25,29348.75,773
2026-08-21T07:24:00+05:30,29348.75,29355.75,29333.5,29354.25,396
2026-08-21T07:30:00+05:30,29353.75,29362,29343.25,29357,384
2026-08-21T07:36:00+05:30,29355.5,29366,29352.5,29357,338
2026-08-21T07:42:00+05:30,29356.75,29375.75,29356.75,29370.75,466
2026-08-21T07:48:00+05:30,29371.25,29395,29366.75,29388.25,778
2026-08-21T07:54:00+05:30,29387.5,29390,29378.75,29390,407
2026-08-21T08:00:00+05:30,29390,29395.75,29387,29393.25,420
2026-08-21T08:06:00+05:30,29392.25,29396.25,29381.75,29384.75,322
2026-08-21T08:12:00+05:30,29383.75,29390,29376,29382,515
2026-08-21T08:18:00+05:30,29383.5,29399.25,29383.25,29389.75,525
2026-08-21T08:24:00+05:30,29389.25,29392,29383.5,29384,217
2026-08-21T08:30:00+05:30,29384,29388.25,29371.75,29372.25,314
2026-08-21T08:36:00+05:30,29372.5,29373.5,29362,29362.25,580
2026-08-21T08:42:00+05:30,29362.75,29364.5,29355,29357.25,485
2026-08-21T08:48:00+05:30,29357.25,29369.5,29349,29368.25,485
2026-08-21T08:54:00+05:30,29368.75,29371.25,29358.5,29363,250
2026-08-21T09:00:00+05:30,29364.75,29376.75,29363,29367.5,389
2026-08-21T09:06:00+05:30,29368,29368.75,29354.25,29356.25,286
2026-08-21T09:12:00+05:30,29357.25,29361,29345,29353,350
2026-08-21T09:18:00+05:30,29353,29357.5,29345.5,29349,274
2026-08-21T09:24:00+05:30,29349.25,29364,29342.75,29352.25,513
2026-08-21T09:30:00+05:30,29353.75,29363,29349,29358.5,400
2026-08-21T09:36:00+05:30,29358.75,29367,29355.75,29356,378
2026-08-21T09:42:00+05:30,29358.25,29371.75,29349,29352,444
2026-08-21T09:48:00+05:30,29352.25,29357,29332.25,29335,521
2026-08-21T09:54:00+05:30,29335.5,29340,29330.5,29330.5,258
2026-08-21T10:00:00+05:30,29330,29338.75,29321.5,29324.5,480
2026-08-21T10:06:00+05:30,29325.75,29337.5,29321.25,29335.5,256
2026-08-21T10:12:00+05:30,29335,29347.5,29330.75,29347.25,285
2026-08-21T10:18:00+05:30,29346.5,29364.5,29345.5,29360.75,453
2026-08-21T10:24:00+05:30,29361.5,29362.5,29351,29356.25,245
2026-08-21T10:30:00+05:30,29358.25,29371,29352,29369,390
2026-08-21T10:36:00+05:30,29370.25,29370.25,29354.5,29363.5,224
2026-08-21T10:42:00+05:30,29364,29370,29364,29370,138
2026-08-21T10:48:00+05:30,29369,29380.75,29362.25,29367.5,347
2026-08-21T10:54:00+05:30,29366.5,29366.5,29351.5,29353.25,338
2026-08-21T11:00:00+05:30,29352.25,29371,29348.25,29370,288
2026-08-21T11:06:00+05:30,29370.75,29377.5,29351.25,29351.25,343
2026-08-21T11:12:00+05:30,29351.75,29365.75,29350.25,29350.25,310
2026-08-21T11:18:00+05:30,29350,29353.75,29340.25,29351,344
2026-08-21T11:24:00+05:30,29349.5,29367.25,29348.5,29366.25,339
2026-08-21T11:30:00+05:30,29365.5,29368.5,29354.5,29368.25,509
2026-08-21T11:36:00+05:30,29368.25,29373.5,29358,29371.75,345
2026-08-21T11:42:00+05:30,29371.75,29379,29368,29368.5,389
2026-08-21T11:48:00+05:30,29368.5,29377.75,29366.75,29371.5,194
2026-08-21T11:54:00+05:30,29371.25,29381,29368,29376.25,282
2026-08-21T12:00:00+05:30,29375.5,29401.5,29368.5,29399,730
2026-08-21T12:06:00+05:30,29398.25,29399.75,29384,29384.5,352
2026-08-21T12:12:00+05:30,29385.25,29387.5,29365.5,29370,475
2026-08-21T12:18:00+05:30,29370,29386.25,29367.5,29381,538
2026-08-21T12:24:00+05:30,29379.75,29391.5,29377.5,29386.5,321
2026-08-21T12:30:00+05:30,29386,29410.5,29380.5,29410,892
2026-08-21T12:36:00+05:30,29410.5,29419.5,29405.5,29415.75,711
2026-08-21T12:42:00+05:30,29415.75,29433.25,29406.5,29428,1024
2026-08-21T12:48:00+05:30,29427.75,29438.25,29427.5,29437.75,680
2026-08-21T12:54:00+05:30,29438.25,29458.75,29425.25,29427.5,1153
2026-08-21T13:00:00+05:30,29426,29453.5,29420.5,29436.5,1007
2026-08-21T13:06:00+05:30,29435.5,29445,29432.25,29436.5,689
2026-08-21T13:12:00+05:30,29437.5,29445.25,29421.25,29444,671
2026-08-21T13:18:00+05:30,29443.75,29445.5,29429.5,29435,451
2026-08-21T13:24:00+05:30,29434.5,29446.75,29425.25,29446,346
2026-08-21T13:30:00+05:30,29447.25,29464.25,29430.5,29431,1253
2026-08-21T13:36:00+05:30,29432,29433,29409.25,29410.75,1278
2026-08-21T13:42:00+05:30,29409.5,29421.75,29405,29420.75,558
2026-08-21T13:48:00+05:30,29420.25,29424.5,29390.5,29398.25,939
2026-08-21T13:54:00+05:30,29397.25,29423,29394.75,29421.5,565
2026-08-21T14:00:00+05:30,29421.25,29438,29418,29434,929
2026-08-21T14:06:00+05:30,29434.5,29454.5,29432.5,29450.5,827
2026-08-21T14:12:00+05:30,29450.5,29456.75,29442,29453.5,768
2026-08-21T14:18:00+05:30,29453.25,29467.5,29447.25,29454,812
2026-08-21T14:24:00+05:30,29454.5,29463,29451,29453,339
2026-08-21T14:30:00+05:30,29454,29455,29425.25,29428.25,787
2026-08-21T14:36:00+05:30,29431.25,29431.25,29411.5,29428.25,999
2026-08-21T14:42:00+05:30,29426.25,29444.5,29417.5,29444.25,904
2026-08-21T14:48:00+05:30,29444.75,29444.75,29436.75,29441.75,314
2026-08-21T14:54:00+05:30,29442.5,29444.5,29434,29435.5,279
2026-08-21T15:00:00+05:30,29435.5,29457,29429.75,29455,786
2026-08-21T15:06:00+05:30,29455.25,29473,29453,29472,1226
2026-08-21T15:12:00+05:30,29472,29482.75,29464.5,29469.75,1355
2026-08-21T15:18:00+05:30,29470.5,29495,29469.25,29481,718
2026-08-21T15:24:00+05:30,29480,29491.25,29479,29485,536
2026-08-21T15:30:00+05:30,29485.75,29514.25,29485.75,29513.25,1335
2026-08-21T15:36:00+05:30,29513.75,29518.5,29485.5,29486.5,1334
2026-08-21T15:42:00+05:30,29487.5,29489.75,29476.5,29484.25,601
2026-08-21T15:48:00+05:30,29483.5,29487,29470.25,29474,488
2026-08-21T15:54:00+05:30,29474.25,29491,29473.75,29490,426
2026-08-21T16:00:00+05:30,29489.5,29495,29475.75,29476,418
2026-08-21T16:06:00+05:30,29477.25,29484.25,29473,29482,228
2026-08-21T16:12:00+05:30,29481,29482,29474,29481.5,184
2026-08-21T16:18:00+05:30,29480.25,29486.75,29475.5,29480.5,377
2026-08-21T16:24:00+05:30,29481.75,29488.75,29471.25,29479.5,639
2026-08-21T16:30:00+05:30,29480,29486,29452.75,29482.75,1259
2026-08-21T16:36:00+05:30,29484.25,29484.25,29468,29478.25,649
2026-08-21T16:42:00+05:30,29476.5,29478.75,29460.5,29475.5,420
2026-08-21T16:48:00+05:30,29476,29509.5,29475.25,29507.5,1207
2026-08-21T16:54:00+05:30,29505.75,29525,29504,29519.25,1636
2026-08-21T17:00:00+05:30,29518.5,29529.5,29500,29529.5,1646
2026-08-21T17:06:00+05:30,29528.5,29539,29507,29514.5,1435
2026-08-21T17:12:00+05:30,29513.75,29533,29512.75,29513.75,1029
2026-08-21T17:18:00+05:30,29513.75,29515.5,29501.25,29506.5,791
2026-08-21T17:24:00+05:30,29505.25,29511.5,29498.5,29500,399
2026-08-21T17:30:00+05:30,29499.5,29503.75,29479.75,29485.25,1509
2026-08-21T17:36:00+05:30,29483.5,29500.75,29483,29493.25,649
2026-08-21T17:42:00+05:30,29492.5,29500,29484.75,29498.25,695
2026-08-21T17:48:00+05:30,29499,29503,29477.75,29486.5,828
2026-08-21T17:54:00+05:30,29488,29516.75,29487,29516.25,853
2026-08-21T18:00:00+05:30,29515.5,29523.25,29508.25,29514.25,995
2026-08-21T18:06:00+05:30,29514.25,29523.5,29509,29521,991
2026-08-21T18:12:00+05:30,29521.75,29539,29519,29526.5,1454
2026-08-21T18:18:00+05:30,29526.5,29532,29509.25,29513.25,1281
2026-08-21T18:24:00+05:30,29513.5,29514.25,29503.5,29511.5,968
2026-08-21T18:30:00+05:30,29511.75,29516,29499.75,29499.75,1041
2026-08-21T18:36:00+05:30,29500.25,29502.75,29477,29479.5,1720
2026-08-21T18:42:00+05:30,29478.25,29481.75,29451.5,29454,2496
2026-08-21T18:48:00+05:30,29453.5,29458.5,29441.25,29448,2058
2026-08-21T18:54:00+05:30,29447.75,29485.25,29418,29469.25,6980
2026-08-21T19:00:00+05:30,29469,29476,29342,29367.25,20457
2026-08-21T19:06:00+05:30,29366.75,29373.5,29319,29338.5,13765
2026-08-21T19:12:00+05:30,29338.5,29360,29307.75,29322,12225
2026-08-21T19:18:00+05:30,29321,29345.5,29277,29284.75,11894
2026-08-21T19:24:00+05:30,29285.25,29320.25,29255.75,29303.5,14103
2026-08-21T19:30:00+05:30,29303.25,29325.25,29262.25,29320.75,12561
2026-08-21T19:36:00+05:30,29321.5,29335.5,29301.25,29308.25,9291
2026-08-21T19:42:00+05:30,29308.25,29310.5,29244,29258.25,12558
2026-08-21T19:48:00+05:30,29258,29274.75,29220,29271,9905
2026-08-21T19:54:00+05:30,29271.5,29311.75,29249.75,29278.75,9936
2026-08-21T20:00:00+05:30,29280.25,29306.75,29268.75,29272,7435
2026-08-21T20:06:00+05:30,29272.25,29298,29262,29262.75,6688
2026-08-21T20:12:00+05:30,29263,29320.75,29258,29302.25,8595
2026-08-21T20:18:00+05:30,29303,29323.25,29293.5,29307.25,5389
2026-08-21T20:24:00+05:30,29307,29333.75,29288.5,29331.75,7060
2026-08-21T20:30:00+05:30,29332,29366.25,29326.75,29352.5,9385
2026-08-21T20:36:00+05:30,29352.75,29368.75,29344.25,29357.5,5049
2026-08-21T20:42:00+05:30,29358,29367,29341.25,29349.75,4283
2026-08-21T20:48:00+05:30,29350.25,29359.25,29331.5,29358.5,4271
2026-08-21T20:54:00+05:30,29358.5,29371.25,29333,29368.25,4752
2026-08-21T21:00:00+05:30,29367.75,29406.75,29364,29405,6669
2026-08-21T21:06:00+05:30,29404.75,29471.75,29400.75,29467,9774
2026-08-21T21:12:00+05:30,29466.5,29470,29440.5,29441.5,7034
2026-08-21T21:18:00+05:30,29442,29488.75,29425.5,29484.5,8628
2026-08-21T21:24:00+05:30,29485,29486,29436.25,29443,6634
2026-08-21T21:30:00+05:30,29443.5,29447.25,29413.5,29420.5,5648
2026-08-21T21:36:00+05:30,29420.5,29428.25,29390,29403,5430
2026-08-21T21:42:00+05:30,29403.25,29419.75,29390.75,29418.25,4275
2026-08-21T21:48:00+05:30,29418.5,29452.75,29388.75,29408.5,8050
2026-08-21T21:54:00+05:30,29408,29414,29397,29409.5,2957
2026-08-21T22:00:00+05:30,29410,29413.25,29393.5,29397.75,2280
2026-08-21T22:06:00+05:30,29398.25,29425.5,29397.25,29420,2636
2026-08-21T22:12:00+05:30,29419.25,29424.25,29400,29401.25,2296
2026-08-21T22:18:00+05:30,29401.75,29408.5,29380.75,29391.75,2863
2026-08-21T22:24:00+05:30,29391.5,29414.25,29382.5,29412.25,3043
2026-08-21T22:30:00+05:30,29412,29424,29403,29412.5,3113
2026-08-21T22:36:00+05:30,29412.75,29423,29398.75,29405,2872
2026-08-21T22:42:00+05:30,29404.25,29410.25,29399.25,29402.25,2665
2026-08-21T22:48:00+05:30,29401.75,29406,29376.25,29384,3275
2026-08-21T22:54:00+05:30,29383.75,29406.25,29378.5,29395.25,3045
2026-08-21T23:00:00+05:30,29396,29401.25,29384,29386.75,2358
2026-08-21T23:06:00+05:30,29387.25,29404.75,29382.75,29395,2250
2026-08-21T23:12:00+05:30,29394.75,29410,29394.25,29405.75,2063
2026-08-21T23:18:00+05:30,29405.75,29410.5,29388,29398.75,2031
2026-08-21T23:24:00+05:30,29399.5,29399.75,29381.5,29383.75,1846
2026-08-21T23:30:00+05:30,29383.25,29405.25,29378.75,29391.75,3460
2026-08-21T23:36:00+05:30,29391.5,29391.5,29373.5,29380,2923
2026-08-21T23:42:00+05:30,29379.75,29387.25,29372.25,29373.5,1826
2026-08-21T23:48:00+05:30,29373.75,29392,29367.25,29386.5,2708
2026-08-21T23:54:00+05:30,29385.75,29387.5,29362.75,29363,2198
2026-08-22T00:00:00+05:30,29363,29367.75,29353.75,29364.5,2693
2026-08-22T00:06:00+05:30,29364.25,29372.25,29357.5,29365.25,1636
2026-08-22T00:12:00+05:30,29365.5,29373.5,29362.25,29372.25,1615
2026-08-22T00:18:00+05:30,29372.5,29393.5,29372,29390,2425
2026-08-22T00:24:00+05:30,29390.25,29403.5,29385.25,29400.25,2368
2026-08-22T00:30:00+05:30,29400,29415,29388.75,29391.25,4183
2026-08-22T00:36:00+05:30,29391.25,29406.25,29388,29391.5,2867
2026-08-22T00:42:00+05:30,29391,29394,29380.25,29387.75,2528
2026-08-22T00:48:00+05:30,29388.25,29397.5,29383.75,29393.25,2433
2026-08-22T00:54:00+05:30,29393.25,29404.5,29390.5,29394.5,2830
2026-08-22T01:00:00+05:30,29393.5,29409.5,29393.5,29406,2993
2026-08-22T01:06:00+05:30,29404.75,29412.5,29397,29398.5,2322
2026-08-22T01:12:00+05:30,29398,29424.25,29398,29424,3959
2026-08-22T01:18:00+05:30,29424,29432.25,29396.5,29397.25,6396
2026-08-22T01:24:00+05:30,29397.5,29413.25,29375.25,29395.75,16136
2026-08-22T01:30:00+05:30,29396.25,29398,29377.5,29385,3718
2026-08-22T01:36:00+05:30,29385,29388,29370.25,29385.75,2139
2026-08-22T01:42:00+05:30,29386,29388.5,29376,29381.75,1359
2026-08-22T01:48:00+05:30,29381.75,29382.75,29368.5,29368.75,938
2026-08-22T01:54:00+05:30,29368.75,29374.75,29367.75,29370,803
2026-08-22T02:00:00+05:30,29370.5,29380.25,29370,29379.5,435
2026-08-22T02:06:00+05:30,29378.75,29383.25,29376.5,29381.25,561
2026-08-22T02:12:00+05:30,29381.5,29388,29378.75,29382,896
2026-08-22T02:18:00+05:30,29382,29382,29372,29377.5,890
2026-08-22T02:24:00+05:30,29376.75,29378.25,29373,29374,542
2026-08-24T03:30:00+05:30,29392.25,29409.75,29300.25,29321,2650
2026-08-24T03:36:00+05:30,29320,29331.25,29310.75,29322,438
2026-08-24T03:42:00+05:30,29322.75,29335.5,29314.5,29317,563
2026-08-24T03:48:00+05:30,29316,29341.75,29313,29337.75,585
2026-08-24T03:54:00+05:30,29339,29343,29335.75,29338.75,275
2026-08-24T04:00:00+05:30,29337.75,29346,29335,29341.25,342
2026-08-24T04:06:00+05:30,29341.75,29361.75,29337.25,29352.25,552
2026-08-24T04:12:00+05:30,29353.5,29400,29353.5,29395.75,1091
2026-08-24T04:18:00+05:30,29395.5,29397,29383.75,29386.25,353
2026-08-24T04:24:00+05:30,29386,29391.75,29383.5,29390.5,199
2026-08-24T04:30:00+05:30,29390.5,29391.5,29384,29386.75,177
2026-08-24T04:36:00+05:30,29387.75,29394,29385.5,29387,198
2026-08-24T04:42:00+05:30,29387,29399.25,29385.25,29397,176
2026-08-24T04:48:00+05:30,29397,29408.5,29394.75,29407.25,388
2026-08-24T04:54:00+05:30,29406.25,29429.5,29403,29429,602
2026-08-24T05:00:00+05:30,29427,29448,29423.5,29436.25,665
2026-08-24T05:06:00+05:30,29437.75,29443.75,29431,29432.25,422
2026-08-24T05:12:00+05:30,29431.25,29447,29418,29443.75,971
2026-08-24T05:18:00+05:30,29444.5,29480.5,29444.5,29460.25,1130
2026-08-24T05:24:00+05:30,29461.75,29475.75,29453.75,29467.75,548
2026-08-24T05:30:00+05:30,29466.5,29472.5,29430.25,29436.25,1619
2026-08-24T05:36:00+05:30,29435,29458.75,29423.5,29432.5,1310
2026-08-24T05:42:00+05:30,29434.75,29452.5,29377.75,29378.75,1810
2026-08-24T05:48:00+05:30,29378.75,29391,29352.5,29376.25,1881
2026-08-24T05:54:00+05:30,29375.5,29382,29335,29356.5,1716
2026-08-24T06:00:00+05:30,29357.25,29359,29337.25,29357,936
2026-08-24T06:06:00+05:30,29357.5,29376,29340,29366.25,896
2026-08-24T06:12:00+05:30,29366.25,29377.5,29351.5,29367.75,620
2026-08-24T06:18:00+05:30,29368.5,29388,29367.5,29379.25,811
2026-08-24T06:24:00+05:30,29378.5,29428.25,29372.5,29427.25,1457
2026-08-24T06:30:00+05:30,29425.75,29436,29393.25,29432.5,1207
2026-08-24T06:36:00+05:30,29432.5,29439.5,29406,29433.5,779
2026-08-24T06:42:00+05:30,29433.5,29445,29427.25,29438.5,529
2026-08-24T06:48:00+05:30,29439,29449,29414.75,29419.25,654
2026-08-24T06:54:00+05:30,29419.5,29433,29407.75,29410.25,678
2026-08-24T07:00:00+05:30,29409.5,29410.75,29387.75,29392.75,831
2026-08-24T07:06:00+05:30,29394.25,29404.25,29383.5,29396,595
2026-08-24T07:12:00+05:30,29397.25,29408.5,29377.25,29382.25,729
2026-08-24T07:18:00+05:30,29381.5,29404.75,29369.25,29376.5,939
2026-08-24T07:24:00+05:30,29375.75,29376.75,29321,29323.25,1294
2026-08-24T07:30:00+05:30,29321.5,29337,29303.5,29328.5,1791
2026-08-24T07:36:00+05:30,29329.75,29336.25,29301.25,29335.25,1517
2026-08-24T07:42:00+05:30,29334.75,29370.75,29324.5,29368.75,1173
2026-08-24T07:48:00+05:30,29367.75,29371.5,29353.75,29359.5,566
2026-08-24T07:54:00+05:30,29360,29373.25,29347.5,29363,694
2026-08-24T08:00:00+05:30,29363,29373.25,29356.25,29364.25,397
2026-08-24T08:06:00+05:30,29364.5,29372,29359.75,29369,330
2026-08-24T08:12:00+05:30,29368.75,29375.75,29358.75,29360.25,496
2026-08-24T08:18:00+05:30,29358.5,29364.5,29341.75,29353.25,736
2026-08-24T08:24:00+05:30,29350.75,29377.25,29342.75,29370.5,1107
2026-08-24T08:30:00+05:30,29371.25,29372.5,29337.25,29339.75,593
2026-08-24T08:36:00+05:30,29338.5,29340,29308.25,29312,683
2026-08-24T08:42:00+05:30,29313.5,29314,29292.5,29305,1171
2026-08-24T08:48:00+05:30,29303.5,29309,29289.75,29307.25,761
2026-08-24T08:54:00+05:30,29306.75,29310.5,29290.25,29295.5,458
2026-08-24T09:00:00+05:30,29295,29301.5,29283,29299.5,667
2026-08-24T09:06:00+05:30,29300,29305,29283.75,29289.75,699
2026-08-24T09:12:00+05:30,29287.75,29298.75,29278.75,29286.5,595
2026-08-24T09:18:00+05:30,29286.75,29305,29266.75,29268.5,854
2026-08-24T09:24:00+05:30,29269.5,29274.75,29261.25,29272.25,515
2026-08-24T09:30:00+05:30,29272.25,29281.25,29268.25,29277.75,417
2026-08-24T09:36:00+05:30,29277.5,29283,29271,29278,255
2026-08-24T09:42:00+05:30,29280.25,29300.75,29280.25,29294.75,632
2026-08-24T09:48:00+05:30,29295,29300,29283.25,29286,450
2026-08-24T09:54:00+05:30,29284.75,29293.25,29271.25,29292,667
2026-08-24T10:00:00+05:30,29292.25,29299.25,29276.5,29282.75,370
2026-08-24T10:06:00+05:30,29281.75,29293,29276.5,29291.75,386
2026-08-24T10:12:00+05:30,29289,29304,29283.5,29293.5,501
2026-08-24T10:18:00+05:30,29295.25,29297.25,29279.75,29279.75,279
2026-08-24T10:24:00+05:30,29279,29280.25,29263,29265.75,469
2026-08-24T10:30:00+05:30,29265.5,29291.25,29261.25,29288,578
2026-08-24T10:36:00+05:30,29287.75,29297.25,29278.25,29294.75,537
2026-08-24T10:42:00+05:30,29295,29295,29274,29279,323
2026-08-24T10:48:00+05:30,29277,29281.25,29258,29262.25,493
2026-08-24T10:54:00+05:30,29261.5,29266.5,29247,29250,614
2026-08-24T11:00:00+05:30,29248,29249.75,29207.5,29215.25,1431
2026-08-24T11:06:00+05:30,29214.5,29266.5,29210.75,29260.75,1204
2026-08-24T11:12:00+05:30,29261.75,29261.75,29226.75,29231.5,684
2026-08-24T11:18:00+05:30,29230,29235,29218,29219.75,873
2026-08-24T11:24:00+05:30,29218,29226.25,29188,29200.75,1804
2026-08-24T11:30:00+05:30,29200.25,29219.25,29143,29155.5,2121
2026-08-24T11:36:00+05:30,29157.25,29171.25,29146.5,29148,1562
2026-08-24T11:42:00+05:30,29148.75,29178.5,29142.5,29151.5,1367
2026-08-24T11:48:00+05:30,29153.5,29164.5,29120.5,29153,1350
2026-08-24T11:54:00+05:30,29154.25,29179,29153,29166.5,573
2026-08-24T12:00:00+05:30,29164.75,29179,29151,29167,600
2026-08-24T12:06:00+05:30,29168.25,29180.5,29153.75,29153.75,541
2026-08-24T12:12:00+05:30,29152.75,29154,29142,29147.25,510
2026-08-24T12:18:00+05:30,29147.25,29172.25,29147,29168.75,572
2026-08-24T12:24:00+05:30,29167.25,29177.25,29161,29164.5,475
2026-08-24T12:30:00+05:30,29164.5,29180.75,29146.5,29172.75,792
2026-08-24T12:36:00+05:30,29173,29201.5,29171.5,29200.75,964
2026-08-24T12:42:00+05:30,29200.5,29208.75,29187.75,29192.75,606
2026-08-24T12:48:00+05:30,29191.25,29205,29180.25,29186,593
2026-08-24T12:54:00+05:30,29185,29204.5,29178.5,29183.5,465
2026-08-24T13:00:00+05:30,29182.25,29212.5,29173.5,29211.5,708
2026-08-24T13:06:00+05:30,29211.25,29212.5,29166,29174.25,613
2026-08-24T13:12:00+05:30,29176.25,29180,29161.25,29167.5,529
2026-08-24T13:18:00+05:30,29168.75,29171,29130.75,29139.5,941
2026-08-24T13:24:00+05:30,29141,29152.5,29134.25,29143.75,637
2026-08-24T13:30:00+05:30,29146.25,29157.5,29116.75,29155.5,1461
2026-08-24T13:36:00+05:30,29154.75,29209,29147.5,29174.75,1599
2026-08-24T13:42:00+05:30,29173.75,29188.25,29171.75,29174.75,495
2026-08-24T13:48:00+05:30,29173.75,29210.5,29173.75,29188,848
2026-08-24T13:54:00+05:30,29187,29201.5,29174.75,29191.75,526
2026-08-24T14:00:00+05:30,29191.5,29203.5,29179.75,29196.5,358
2026-08-24T14:06:00+05:30,29197.75,29225.75,29192,29218,832
2026-08-24T14:12:00+05:30,29214,29225.25,29212,29219.75,388
2026-08-24T14:18:00+05:30,29219.25,29240,29215.25,29232.75,565
2026-08-24T14:24:00+05:30,29232.25,29233.25,29213.5,29215,401
2026-08-24T14:30:00+05:30,29215.75,29245.5,29201,29232.5,997
2026-08-24T14:36:00+05:30,29232.5,29247.75,29231.5,29236.75,404
2026-08-24T14:42:00+05:30,29235.5,29243.75,29229.5,29232.5,301
2026-08-24T14:48:00+05:30,29230.75,29233.5,29212.5,29215,356
2026-08-24T14:54:00+05:30,29215.75,29220.5,29208.25,29210.5,358
2026-08-24T15:00:00+05:30,29209.5,29233.25,29209,29230.75,568
2026-08-24T15:06:00+05:30,29231,29242.25,29223.75,29232.25,510
2026-08-24T15:12:00+05:30,29231.75,29246,29230.25,29246,321
2026-08-24T15:18:00+05:30,29246,29249.75,29229.5,29232.75,465
2026-08-24T15:24:00+05:30,29234,29238,29227,29231.5,213
2026-08-24T15:30:00+05:30,29231.75,29247,29227.5,29239.75,470
2026-08-24T15:36:00+05:30,29239.25,29245,29227.5,29231.25,438
2026-08-24T15:42:00+05:30,29231.5,29232.5,29214.25,29215.5,441
2026-08-24T15:48:00+05:30,29215.75,29221,29204.25,29220.75,457
2026-08-24T15:54:00+05:30,29221.25,29236,29208,29209.25,602
2026-08-24T16:00:00+05:30,29208.5,29240,29205,29235,614
2026-08-24T16:06:00+05:30,29235.5,29236.5,29204,29205,412
2026-08-24T16:12:00+05:30,29205,29210,29195.25,29196.25,618
2026-08-24T16:18:00+05:30,29197.25,29199.5,29179.5,29183.75,479
2026-08-24T16:24:00+05:30,29184.75,29193,29182,29184.75,285
2026-08-24T16:30:00+05:30,29185.25,29192.5,29146.5,29149.25,1193
2026-08-24T16:36:00+05:30,29149.5,29171.25,29145.75,29164.5,833
2026-08-24T16:42:00+05:30,29165,29175.75,29159,29175.75,737
2026-08-24T16:48:00+05:30,29174,29188,29166.25,29185,591
2026-08-24T16:54:00+05:30,29184.5,29203,29179.75,29183,701
2026-08-24T17:00:00+05:30,29183.5,29248.5,29183,29247.25,1755
2026-08-24T17:06:00+05:30,29247.25,29283,29238.25,29265,2451
2026-08-24T17:12:00+05:30,29265.25,29268,29237.25,29249.25,1263
2026-08-24T17:18:00+05:30,29249.25,29250.5,29231,29244.75,761
2026-08-24T17:24:00+05:30,29245.5,29256,29239.5,29245.5,781
2026-08-24T17:30:00+05:30,29245.5,29245.75,29218.5,29223.25,753
2026-08-24T17:36:00+05:30,29223,29235.75,29208.75,29212.25,871
2026-08-24T17:42:00+05:30,29212,29223,29207.5,29213.5,782
2026-08-24T17:48:00+05:30,29213,29231.25,29203.5,29223.25,781
2026-08-24T17:54:00+05:30,29223.25,29231.25,29213.75,29230,545
2026-08-24T18:00:00+05:30,29229.5,29232,29171.5,29205.75,2182
2026-08-24T18:06:00+05:30,29205.25,29240.75,29194.5,29210.75,1618
2026-08-24T18:12:00+05:30,29210.75,29217.25,29198.25,29212.75,846
2026-08-24T18:18:00+05:30,29213.25,29232.75,29213.25,29217.25,625
2026-08-24T18:24:00+05:30,29216.25,29225.5,29204.75,29206,560
2026-08-24T18:30:00+05:30,29205.75,29218.75,29203.75,29209.5,881
2026-08-24T18:36:00+05:30,29209.75,29220.25,29196.75,29216.5,863
2026-08-24T18:42:00+05:30,29216.5,29224.25,29202.5,29214.5,1150
2026-08-24T18:48:00+05:30,29214.5,29223.5,29199.5,29203.5,1066
2026-08-24T18:54:00+05:30,29203.5,29236.75,29195.75,29235,3183
2026-08-24T19:00:00+05:30,29235.5,29243,29083.25,29137.5,25491
2026-08-24T19:06:00+05:30,29138.25,29143.75,29051.75,29079.75,16027
2026-08-24T19:12:00+05:30,29078,29078.5,28953.5,29008.25,19665
2026-08-24T19:18:00+05:30,29007.5,29030.75,28946.75,28990.25,13974
2026-08-24T19:24:00+05:30,28989.75,29038,28983.5,29021.75,10656
2026-08-24T19:30:00+05:30,29022.25,29036.75,28962.75,28992,12422
2026-08-24T19:36:00+05:30,28991,28998.75,28958.5,28963.5,8065
2026-08-24T19:42:00+05:30,28963.5,29008.75,28953.5,28980.25,8516
2026-08-24T19:48:00+05:30,28980.25,29033.25,28967.5,29010.25,7352
2026-08-24T19:54:00+05:30,29010.25,29019.5,28979.25,29012.25,6855
2026-08-24T20:00:00+05:30,29011.75,29081.5,29001.5,29070,9656
2026-08-24T20:06:00+05:30,29070.25,29110.75,29068,29108,7710
2026-08-24T20:12:00+05:30,29108.75,29110,29071,29100.5,7022
2026-08-24T20:18:00+05:30,29100.5,29110.25,29081.25,29090.75,5079
2026-08-24T20:24:00+05:30,29090.5,29107,29077.5,29082.75,5829
2026-08-24T20:30:00+05:30,29083.25,29096.75,29043.25,29044.75,6315
2026-08-24T20:36:00+05:30,29044.75,29069.5,29042.25,29061,4810
2026-08-24T20:42:00+05:30,29061.5,29079.5,29045.75,29058,4433
2026-08-24T20:48:00+05:30,29058,29074.75,29038.75,29070.75,4346
2026-08-24T20:54:00+05:30,29070.5,29137,29064,29121.25,9501
2026-08-24T21:00:00+05:30,29122,29145,29111.5,29132.75,7816
2026-08-24T21:06:00+05:30,29132.5,29180.25,29132,29178.75,7401
2026-08-24T21:12:00+05:30,29179,29205.5,29166,29196.75,6862
2026-08-24T21:18:00+05:30,29197.25,29203.5,29177.5,29194.75,4918
2026-08-24T21:24:00+05:30,29194.5,29197.5,29150,29168.75,5650
2026-08-24T21:30:00+05:30,29169,29189.25,29156.75,29162.75,6706
2026-08-24T21:36:00+05:30,29162.75,29180,29157,29166,3193
2026-08-24T21:42:00+05:30,29167.25,29210.25,29161.75,29196.5,4372
2026-08-24T21:48:00+05:30,29196.75,29224.75,29193.5,29203,4449
2026-08-24T21:54:00+05:30,29202.25,29208.75,29197.25,29203.75,2434
2026-08-24T22:00:00+05:30,29204.25,29212.25,29182.25,29191.5,3568
2026-08-24T22:06:00+05:30,29192,29203.25,29179.5,29184.75,2826
2026-08-24T22:12:00+05:30,29184,29186,29173,29179.25,2538
2026-08-24T22:18:00+05:30,29179.25,29192.75,29172,29183.5,2477
2026-08-24T22:24:00+05:30,29183.75,29184.75,29170.5,29171,2375
2026-08-24T22:30:00+05:30,29171.25,29172.25,29154.75,29164.25,3546
2026-08-24T22:36:00+05:30,29164,29209.75,29162.75,29209.25,4823
2026-08-24T22:42:00+05:30,29209.25,29210.5,29167.75,29191.75,4292
2026-08-24T22:48:00+05:30,29191.75,29191.75,29137.5,29145.5,4367
2026-08-24T22:54:00+05:30,29146.25,29158,29132,29140,3713
2026-08-24T23:00:00+05:30,29139.5,29142.5,29125,29128,3194
2026-08-24T23:06:00+05:30,29127.5,29137,29120.25,29127.75,3327
2026-08-24T23:12:00+05:30,29128,29135,29117.75,29123.5,2683
2026-08-24T23:18:00+05:30,29124.25,29143,29118.5,29122.5,3935
2026-08-24T23:24:00+05:30,29122.75,29126,29116.5,29123,2001
2026-08-24T23:30:00+05:30,29123.75,29159.5,29123,29156.75,3544
2026-08-24T23:36:00+05:30,29156.5,29184.5,29156.25,29174.75,3819
2026-08-24T23:42:00+05:30,29175,29200.25,29167.75,29181.25,3923
2026-08-24T23:48:00+05:30,29180.75,29216.75,29172.75,29216.5,4704
2026-08-24T23:54:00+05:30,29215.75,29224,29212.5,29218.25,3401
2026-08-25T00:00:00+05:30,29218,29233.25,29212,29217.5,5024
2026-08-25T00:06:00+05:30,29217,29218,29180.25,29192.25,4009
2026-08-25T00:12:00+05:30,29192.25,29196.75,29174.25,29181.75,2398
2026-08-25T00:18:00+05:30,29181.75,29187.25,29164.75,29165.75,2537
2026-08-25T00:24:00+05:30,29166,29174.5,29153,29154,2708
2026-08-25T00:30:00+05:30,29153.75,29162.25,29148.75,29161.75,2843
2026-08-25T00:36:00+05:30,29161.25,29161.25,29143,29154.5,2662
2026-08-25T00:42:00+05:30,29154.5,29161.5,29142.75,29150.75,2498
2026-08-25T00:48:00+05:30,29150.5,29167,29149.5,29157.75,3305
2026-08-25T00:54:00+05:30,29157.75,29163.25,29153.25,29158.75,2029
2026-08-25T01:00:00+05:30,29158,29173,29132.5,29132.5,4351
2026-08-25T01:06:00+05:30,29133.25,29139.75,29127.5,29132.25,2954
2026-08-25T01:12:00+05:30,29131.75,29136.25,29120.75,29127.5,4113
2026-08-25T01:18:00+05:30,29128,29142,29101.5,29102.5,6770
2026-08-25T01:24:00+05:30,29103.25,29125.25,29095.5,29099.25,17060
2026-08-25T01:30:00+05:30,29099,29117,29097.25,29112,4562
2026-08-25T01:36:00+05:30,29113.25,29124.75,29107.25,29110,1535
2026-08-25T01:42:00+05:30,29109.25,29112.5,29106.25,29109,1175
2026-08-25T01:48:00+05:30,29109.25,29113,29090.75,29096.5,1049
2026-08-25T01:54:00+05:30,29096.5,29096.5,29080.75,29084,841
2026-08-25T02:00:00+05:30,29083.75,29092.5,29083.5,29089.75,512
2026-08-25T02:06:00+05:30,29089.5,29101.5,29088.25,29098,513
2026-08-25T02:12:00+05:30,29098.25,29102,29096,29100.5,456
2026-08-25T02:18:00+05:30,29100.5,29104.75,29089.25,29091,720
2026-08-25T02:24:00+05:30,29091,29136.5,29090.5,29131.25,1139
2026-08-25T03:30:00+05:30,29140.5,29152.75,29121.75,29129,983
2026-08-25T03:36:00+05:30,29130,29151,29121.5,29124.5,588
2026-08-25T03:42:00+05:30,29123.5,29128.25,29120,29125,296
2026-08-25T03:48:00+05:30,29125.5,29130,29120,29126,305
2026-08-25T03:54:00+05:30,29127,29130,29121,29126.75,140
2026-08-25T04:00:00+05:30,29123.75,29130,29113.5,29125,379
2026-08-25T04:06:00+05:30,29125.75,29128.75,29115,29119,193
2026-08-25T04:12:00+05:30,29118,29120.25,29115.25,29117.5,170
2026-08-25T04:18:00+05:30,29117.75,29121.5,29111.5,29119.75,181
2026-08-25T04:24:00+05:30,29119.75,29121.25,29111.75,29121,262
2026-08-25T04:30:00+05:30,29121,29125.5,29116.5,29120,136
2026-08-25T04:36:00+05:30,29119.75,29124.75,29118,29122,133
2026-08-25T04:42:00+05:30,29121.75,29128.25,29120.75,29122,234
2026-08-25T04:48:00+05:30,29122.75,29127.5,29112.75,29120,390
2026-08-25T04:54:00+05:30,29119,29121,29105.75,29106.75,352
2026-08-25T05:00:00+05:30,29107.25,29110,29097,29102,777
2026-08-25T05:06:00+05:30,29102,29116,29090.5,29098,966
2026-08-25T05:12:00+05:30,29096.25,29096.75,29072,29085.25,1047
2026-08-25T05:18:00+05:30,29084.75,29100,29082,29088.25,499
2026-08-25T05:24:00+05:30,29088.75,29097,29081.5,29096.25,339
2026-08-25T05:30:00+05:30,29095.75,29102.25,29062,29070.25,1425
2026-08-25T05:36:00+05:30,29070.5,29084,29042.25,29043.5,1120
2026-08-25T05:42:00+05:30,29044.25,29056.5,29018.25,29024,1678
2026-08-25T05:48:00+05:30,29023.75,29076.25,29017,29066.25,1534
2026-08-25T05:54:00+05:30,29065.25,29084.25,29040,29079.5,1529
2026-08-25T06:00:00+05:30,29079.25,29091.75,29070.75,29089.5,853
2026-08-25T06:06:00+05:30,29088,29102,29082.25,29093.5,766
2026-08-25T06:12:00+05:30,29093.75,29146,29091,29128.25,1717
2026-08-25T06:18:00+05:30,29127.75,29144,29115,29140.75,712
2026-08-25T06:24:00+05:30,29139.75,29141,29125.5,29126.5,435
2026-08-25T06:30:00+05:30,29128,29141,29115.75,29128.25,667
2026-08-25T06:36:00+05:30,29128.5,29141.5,29114,29122.5,786
2026-08-25T06:42:00+05:30,29123,29143.25,29115.25,29130.5,621
2026-08-25T06:48:00+05:30,29129.75,29136.75,29105.75,29107,640
2026-08-25T06:54:00+05:30,29106.5,29123.5,29095.5,29115,773
2026-08-25T07:00:00+05:30,29114.25,29149,29108.5,29128.5,1563
2026-08-25T07:06:00+05:30,29128.5,29155.5,29124.75,29138.5,804
2026-08-25T07:12:00+05:30,29138.5,29148,29122,29145.75,604
2026-08-25T07:18:00+05:30,29146.25,29152.25,29127.25,29143.25,536
2026-08-25T07:24:00+05:30,29143.5,29148.25,29125.5,29128.25,361
2026-08-25T07:30:00+05:30,29127,29145.5,29124.75,29127.5,726
2026-08-25T07:36:00+05:30,29128.5,29129.5,29106,29110.25,609
2026-08-25T07:42:00+05:30,29111,29119,29104,29115.5,713
2026-08-25T07:48:00+05:30,29116,29140,29115.5,29125.5,660
2026-08-25T07:54:00+05:30,29124.5,29149,29119.25,29146,935
2026-08-25T08:00:00+05:30,29145.25,29168.25,29138.5,29154.75,934
2026-08-25T08:06:00+05:30,29157.25,29160,29134.25,29147.75,421
2026-08-25T08:12:00+05:30,29148,29166.5,29118.5,29132,861
2026-08-25T08:18:00+05:30,29132.5,29134.5,29105,29115.25,668
2026-08-25T08:24:00+05:30,29114.25,29116.25,29093.5,29101.75,533
2026-08-25T08:30:00+05:30,29102.5,29131.5,29100.25,29130.5,737
2026-08-25T08:36:00+05:30,29129.75,29166.5,29126.25,29148,1212
2026-08-25T08:42:00+05:30,29148,29167.5,29148,29158,802
2026-08-25T08:48:00+05:30,29158,29176.25,29156.75,29156.75,650
2026-08-25T08:54:00+05:30,29157.5,29175.25,29151.25,29175,471
2026-08-25T09:00:00+05:30,29174.5,29190,29168.25,29183.5,872
2026-08-25T09:06:00+05:30,29183.75,29185.25,29163.5,29165.5,628
2026-08-25T09:12:00+05:30,29165.5,29176.5,29162,29163,273
2026-08-25T09:18:00+05:30,29162.75,29167,29151.75,29165,484
2026-08-25T09:24:00+05:30,29165.5,29165.5,29154.25,29164.75,378
2026-08-25T09:30:00+05:30,29164.75,29195.5,29159.25,29194.75,713
2026-08-25T09:36:00+05:30,29194.75,29199,29180,29185.75,543
2026-08-25T09:42:00+05:30,29185.25,29200,29183.25,29198,418
2026-08-25T09:48:00+05:30,29197.75,29200.25,29188,29196.75,265
2026-08-25T09:54:00+05:30,29196.75,29207.25,29194.25,29201,472
2026-08-25T10:00:00+05:30,29201.75,29217.25,29198,29204.25,428
2026-08-25T10:06:00+05:30,29206.5,29213.25,29190.75,29211.5,408
2026-08-25T10:12:00+05:30,29213,29216.5,29203.25,29212.5,380
2026-08-25T10:18:00+05:30,29213.25,29216,29189.25,29192,443
2026-08-25T10:24:00+05:30,29192,29201.5,29185,29198.75,427
2026-08-25T10:30:00+05:30,29200.25,29216,29190,29207,675
2026-08-25T10:36:00+05:30,29207,29220.5,29200,29218.75,471
2026-08-25T10:42:00+05:30,29218.5,29225,29199.75,29211.75,729
2026-08-25T10:48:00+05:30,29212,29227,29206.75,29220,491
2026-08-25T10:54:00+05:30,29219.75,29225.75,29214,29220.25,383
2026-08-25T11:00:00+05:30,29219.25,29234.75,29215,29231,686
2026-08-25T11:06:00+05:30,29232.25,29233.25,29214.75,29214.75,632
2026-08-25T11:12:00+05:30,29215,29221.25,29201,29218,764
2026-08-25T11:18:00+05:30,29218.5,29229.25,29210,29228.25,580
2026-08-25T11:24:00+05:30,29228,29241,29222.75,29232,1045
2026-08-25T11:30:00+05:30,29231.75,29252.5,29230,29251,1182
2026-08-25T11:36:00+05:30,29251.5,29263.5,29245.75,29256.25,718
2026-08-25T11:42:00+05:30,29256,29263.75,29242.5,29262,716
2026-08-25T11:48:00+05:30,29261.75,29288.5,29254.75,29286,1024
2026-08-25T11:54:00+05:30,29283.5,29285.25,29263.5,29266.25,580
2026-08-25T12:00:00+05:30,29265.25,29267.5,29254,29257,514
2026-08-25T12:06:00+05:30,29256.75,29259.25,29243.5,29250,413
2026-08-25T12:12:00+05:30,29251,29263.25,29246.25,29248.25,383
2026-08-25T12:18:00+05:30,29249,29253.5,29236.25,29240.25,426
2026-08-25T12:24:00+05:30,29241.25,29263.25,29240.25,29263.25,667
2026-08-25T12:30:00+05:30,29263.5,29290.75,29262.5,29283.25,994
2026-08-25T12:36:00+05:30,29281.5,29283.5,29253.75,29257.75,550
2026-08-25T12:42:00+05:30,29257.25,29263.5,29234,29234,745
2026-08-25T12:48:00+05:30,29235,29257.75,29226.5,29253,798
2026-08-25T12:54:00+05:30,29253.5,29254.25,29233,29248.25,671
2026-08-25T13:00:00+05:30,29246.25,29257.75,29242.5,29246.75,667
2026-08-25T13:06:00+05:30,29247,29247,29232,29238.75,512
2026-08-25T13:12:00+05:30,29239,29261.5,29239,29248,472
2026-08-25T13:18:00+05:30,29246.25,29251,29228,29228.5,386
2026-08-25T13:24:00+05:30,29229.75,29240.75,29226.25,29231.75,265
2026-08-25T13:30:00+05:30,29233.5,29254.75,29214.5,29219.5,995
2026-08-25T13:36:00+05:30,29220,29239.75,29212.5,29213,616
2026-08-25T13:42:00+05:30,29213.75,29252.25,29212.25,29242.5,714
2026-08-25T13:48:00+05:30,29245,29297.75,29233.5,29285,1495
2026-08-25T13:54:00+05:30,29285,29326,29264,29276.5,1888
2026-08-25T14:00:00+05:30,29278.25,29298.25,29264.75,29283.5,691
2026-08-25T14:06:00+05:30,29284.25,29290,29257,29267,549
2026-08-25T14:12:00+05:30,29267.5,29300.75,29266.75,29298.75,581
2026-08-25T14:18:00+05:30,29300.25,29305.5,29288.5,29290.75,536
2026-08-25T14:24:00+05:30,29291,29306.25,29283.5,29301.75,521
2026-08-25T14:30:00+05:30,29302,29312.25,29286,29312.25,653
2026-08-25T14:36:00+05:30,29311.25,29337,29310.25,29323,1219
2026-08-25T14:42:00+05:30,29323.5,29333.75,29316.75,29328.5,446
2026-08-25T14:48:00+05:30,29328.75,29334.75,29321.5,29324.75,564
2026-08-25T14:54:00+05:30,29324,29329.25,29305.75,29318,566
2026-08-25T15:00:00+05:30,29317,29366.75,29315,29351,1653
2026-08-25T15:06:00+05:30,29352.25,29374,29341.5,29372.25,1068
2026-08-25T15:12:00+05:30,29371.25,29383,29356,29372.75,1389
2026-08-25T15:18:00+05:30,29374,29403.5,29373.5,29396.5,1441
2026-08-25T15:24:00+05:30,29396.25,29425.75,29389,29392.5,1330
2026-08-25T15:30:00+05:30,29389.25,29392.5,29370,29390.25,770
2026-08-25T15:36:00+05:30,29389.75,29410.25,29383,29405,904
2026-08-25T15:42:00+05:30,29404.5,29406,29379.5,29383,793
2026-08-25T15:48:00+05:30,29383.25,29385.75,29376,29381.75,471
2026-08-25T15:54:00+05:30,29381.25,29383.5,29367.25,29370,480
2026-08-25T16:00:00+05:30,29370.75,29379.75,29360.5,29367,657
2026-08-25T16:06:00+05:30,29365.5,29369.75,29359.5,29360,565
2026-08-25T16:12:00+05:30,29360.75,29363.25,29346.25,29359.5,535
2026-08-25T16:18:00+05:30,29360.25,29369.5,29357.25,29367,486
2026-08-25T16:24:00+05:30,29366.5,29367.75,29350,29358.5,554
2026-08-25T16:30:00+05:30,29358,29362.25,29333,29335.75,1010
2026-08-25T16:36:00+05:30,29335.5,29344.5,29304,29339.25,1257
2026-08-25T16:42:00+05:30,29338,29344.5,29323.75,29326,635
2026-08-25T16:48:00+05:30,29325.25,29354.25,29320,29353.25,864
2026-08-25T16:54:00+05:30,29353.5,29355,29326,29340.5,804
2026-08-25T17:00:00+05:30,29340.75,29357,29339.5,29355,683
2026-08-25T17:06:00+05:30,29354.5,29362.25,29348.25,29358.75,853
2026-08-25T17:12:00+05:30,29359.25,29376.25,29353.5,29372.75,647
2026-08-25T17:18:00+05:30,29372.5,29390.5,29370.5,29373.25,840
2026-08-25T17:24:00+05:30,29372.5,29378.25,29365,29373,692
2026-08-25T17:30:00+05:30,29372.75,29382.75,29355.25,29374.5,857
2026-08-25T17:36:00+05:30,29372,29381.25,29368,29378,613
2026-08-25T17:42:00+05:30,29377.25,29405,29357.75,29404,1376
2026-08-25T17:48:00+05:30,29404.25,29409.5,29363.75,29374.25,2014
2026-08-25T17:54:00+05:30,29375,29382.5,29371.25,29374.25,599
2026-08-25T18:00:00+05:30,29373.25,29373.25,29329.25,29331.75,1563
2026-08-25T18:06:00+05:30,29331.25,29335,29312.5,29323.75,1538
2026-08-25T18:12:00+05:30,29324,29337.25,29321.25,29322.5,1057
2026-08-25T18:18:00+05:30,29323,29347,29320,29337,1466
2026-08-25T18:24:00+05:30,29337.25,29342.5,29332.75,29334,536
2026-08-25T18:30:00+05:30,29334,29341.75,29315.5,29317.5,1978
2026-08-25T18:36:00+05:30,29317,29341.75,29311.5,29334.5,1644
2026-08-25T18:42:00+05:30,29334.75,29344.75,29321.5,29333.75,1512
2026-08-25T18:48:00+05:30,29334,29342,29317.5,29320.5,1477
2026-08-25T18:54:00+05:30,29321,29340.75,29294.5,29296.25,3238
2026-08-25T19:00:00+05:30,29297,29376.25,29279.25,29350.5,20569
2026-08-25T19:06:00+05:30,29350.75,29374.25,29301.5,29353.25,16595
2026-08-25T19:12:00+05:30,29353.5,29391.75,29318,29377.75,14224
2026-08-25T19:18:00+05:30,29378,29414.75,29345.25,29360.5,14303
2026-08-25T19:24:00+05:30,29360.75,29365.25,29289.25,29312.75,11301
2026-08-25T19:30:00+05:30,29313.25,29315,29246.5,29265.75,14217
2026-08-25T19:36:00+05:30,29266.25,29285.25,29244,29263.75,8453
2026-08-25T19:42:00+05:30,29263.75,29275.25,29233.75,29245.75,8097
2026-08-25T19:48:00+05:30,29246.25,29266.25,29210,29213.75,9245
2026-08-25T19:54:00+05:30,29214,29252.25,29209.25,29215.25,8288
2026-08-25T20:00:00+05:30,29214.75,29249.5,29138,29219.5,14860
2026-08-25T20:06:00+05:30,29219,29268.75,29216.25,29226.5,7580
2026-08-25T20:12:00+05:30,29229,29229.75,29191,29225.5,7423
2026-08-25T20:18:00+05:30,29225,29260.25,29208.25,29254,5650
2026-08-25T20:24:00+05:30,29254.25,29256,29218.75,29232.5,5356
2026-08-25T20:30:00+05:30,29233,29235.75,29197.5,29215.25,5498
2026-08-25T20:36:00+05:30,29214.75,29229.75,29197,29228.25,4065
2026-08-25T20:42:00+05:30,29228.5,29245,29209.25,29235,3584
2026-08-25T20:48:00+05:30,29235,29261.25,29221,29235.25,5434
2026-08-25T20:54:00+05:30,29235.5,29282,29230,29276.75,4372
2026-08-25T21:00:00+05:30,29277.25,29309.75,29264.25,29281,8871
2026-08-25T21:06:00+05:30,29279.75,29286.5,29255.5,29256.75,3356
2026-08-25T21:12:00+05:30,29257,29273,29234.75,29235.75,4195
2026-08-25T21:18:00+05:30,29235.75,29257,29222.75,29257,4191
2026-08-25T21:24:00+05:30,29257.25,29274.25,29254.5,29262,4417
2026-08-25T21:30:00+05:30,29263.25,29289.5,29260.75,29274,3680
2026-08-25T21:36:00+05:30,29274,29287.25,29263.75,29272.25,2966
2026-08-25T21:42:00+05:30,29272,29286.75,29263.25,29280.75,2767
2026-08-25T21:48:00+05:30,29280.25,29293.75,29276.25,29292,2807
2026-08-25T21:54:00+05:30,29291,29298.5,29284.75,29293.75,3191
2026-08-25T22:00:00+05:30,29294.75,29299.75,29278.75,29282,2274
2026-08-25T22:06:00+05:30,29282.75,29294,29271.75,29279.75,3015
2026-08-25T22:12:00+05:30,29279.5,29283.25,29259,29266.25,4135
2026-08-25T22:18:00+05:30,29266.5,29273.25,29255,29263.75,3208
2026-08-25T22:24:00+05:30,29263.25,29282,29252.75,29274.75,3605
2026-08-25T22:30:00+05:30,29275.5,29279,29239,29241.5,3860
2026-08-25T22:36:00+05:30,29242.75,29247.25,29224,29227.5,3869
2026-08-25T22:42:00+05:30,29227.25,29251.75,29224.75,29247.25,3002
2026-08-25T22:48:00+05:30,29247.25,29258.5,29237.5,29240.75,3074
2026-08-25T22:54:00+05:30,29240.75,29242.5,29214.5,29224.5,3636
2026-08-25T23:00:00+05:30,29224.75,29232.25,29216,29225.75,2436
2026-08-25T23:06:00+05:30,29225.75,29234.5,29219,29229.25,2380
2026-08-25T23:12:00+05:30,29229.75,29231.5,29218.25,29229,1610
2026-08-25T23:18:00+05:30,29229.5,29230.5,29216.75,29225.75,1856
2026-08-25T23:24:00+05:30,29225.75,29232.25,29218.75,29227.25,1697
2026-08-25T23:30:00+05:30,29226.75,29227.5,29202.75,29209.5,3511
2026-08-25T23:36:00+05:30,29210.75,29217.5,29202,29216.25,2686
2026-08-25T23:42:00+05:30,29216.25,29221,29202.5,29207.75,2473
2026-08-25T23:48:00+05:30,29207.5,29227.5,29206.25,29220.75,2423
2026-08-25T23:54:00+05:30,29220.75,29223.75,29208,29219.75,2025
2026-08-26T00:00:00+05:30,29219.75,29245,29219,29242.5,3565
2026-08-26T00:06:00+05:30,29243.25,29252.25,29239.5,29245.25,2647
2026-08-26T00:12:00+05:30,29245.25,29274,29242,29268.75,4445
2026-08-26T00:18:00+05:30,29269,29275,29258.75,29260.25,2970
2026-08-26T00:24:00+05:30,29260.75,29264.75,29253,29255.5,2578
2026-08-26T00:30:00+05:30,29256,29266.5,29245,29251,3162
2026-08-26T00:36:00+05:30,29250.25,29252.25,29238,29238,2372
2026-08-26T00:42:00+05:30,29237.75,29240,29223.75,29225,3282
2026-08-26T00:48:00+05:30,29224.5,29229,29212.75,29220.5,2791
2026-08-26T00:54:00+05:30,29220.5,29227.75,29216.75,29226,2044
2026-08-26T01:00:00+05:30,29225.75,29237.75,29211.5,29237.5,3439
2026-08-26T01:06:00+05:30,29237.75,29254,29231.75,29252.5,2802
2026-08-26T01:12:00+05:30,29252,29257.75,29229.5,29235.75,3526
2026-08-26T01:18:00+05:30,29235.5,29279.75,29233,29278,6326
2026-08-26T01:24:00+05:30,29278,29289.5,29264,29270.25,14063
2026-08-26T01:30:00+05:30,29270.5,29284.75,29262,29276.5,5635
2026-08-26T01:36:00+05:30,29277.25,29294.75,29273,29290,1778
2026-08-26T01:42:00+05:30,29289.5,29293.5,29283.25,29288,1141
2026-08-26T01:48:00+05:30,29287.5,29306.25,29286.25,29303.5,1237
2026-08-26T01:54:00+05:30,29303.5,29313.5,29300,29302.5,1451
2026-08-26T02:00:00+05:30,29302,29308.75,29302,29303,607
2026-08-26T02:06:00+05:30,29303.25,29305.25,29287.5,29288.75,637
2026-08-26T02:12:00+05:30,29288.25,29289.5,29274,29274.5,854
2026-08-26T02:18:00+05:30,29274.25,29281.75,29268.75,29281.75,814
2026-08-26T02:24:00+05:30,29282,29287.75,29280.25,29287.5,501
2026-08-26T03:30:00+05:30,29288,29309.75,29286.5,29294.75,1064
2026-08-26T03:36:00+05:30,29294,29305.5,29291,29294.5,310
2026-08-26T03:42:00+05:30,29296.25,29296.25,29290,29293.25,245
2026-08-26T03:48:00+05:30,29292.5,29293.75,29280,29282.75,350
2026-08-26T03:54:00+05:30,29284,29293.25,29284,29291.25,299
2026-08-26T04:00:00+05:30,29291.5,29293,29287.25,29289.5,138
2026-08-26T04:06:00+05:30,29289.5,29291,29281.75,29283,183
2026-08-26T04:12:00+05:30,29282.25,29289.25,29280.75,29284.25,240
2026-08-26T04:18:00+05:30,29285.25,29285.5,29280.75,29282,103
2026-08-26T04:24:00+05:30,29282.25,29288,29281.75,29284.5,94
2026-08-26T04:30:00+05:30,29284.25,29288.5,29276.75,29279.75,286
2026-08-26T04:36:00+05:30,29279,29280.5,29273.75,29277.25,269
2026-08-26T04:42:00+05:30,29277,29278.75,29273.25,29274.75,157
2026-08-26T04:48:00+05:30,29275,29276,29254,29262.5,663
2026-08-26T04:54:00+05:30,29263.75,29264.5,29245.25,29246,482
2026-08-26T05:00:00+05:30,29246,29248.5,29231,29241,797
2026-08-26T05:06:00+05:30,29241.5,29245,29237.5,29240.75,197
2026-08-26T05:12:00+05:30,29241,29241,29221.75,29222.25,620
2026-08-26T05:18:00+05:30,29222.5,29227,29207,29222,958
2026-08-26T05:24:00+05:30,29220.5,29226.25,29209,29211.5,595
2026-08-26T05:30:00+05:30,29210.25,29223,29185,29200,2040
2026-08-26T05:36:00+05:30,29199.75,29227.75,29191.25,29226.5,1224
2026-08-26T05:42:00+05:30,29225.5,29232.5,29208,29225,912
2026-08-26T05:48:00+05:30,29224.75,29238.5,29209,29211,755
2026-08-26T05:54:00+05:30,29212.5,29213.5,29165.25,29184.25,1645
2026-08-26T06:00:00+05:30,29183.75,29188,29155,29156.75,1250
2026-08-26T06:06:00+05:30,29156.75,29166,29138,29151.25,2002
2026-08-26T06:12:00+05:30,29151.5,29160,29143.75,29157,742
2026-08-26T06:18:00+05:30,29157,29159.5,29127.75,29129,1134
2026-08-26T06:24:00+05:30,29130.25,29135.25,29110.5,29112.25,1144
2026-08-26T06:30:00+05:30,29113,29147,29106.75,29142.75,1532
2026-08-26T06:36:00+05:30,29144.25,29146.25,29117.25,29132,1096
2026-08-26T06:42:00+05:30,29132,29134,29120,29127.25,828
2026-08-26T06:48:00+05:30,29127.5,29133,29108.75,29112.5,772
2026-08-26T06:54:00+05:30,29112.25,29112.25,29099,29109.75,887
2026-08-26T07:00:00+05:30,29110.5,29117.5,29096,29114,1323
2026-08-26T07:06:00+05:30,29113.25,29129,29111.75,29124,654
2026-08-26T07:12:00+05:30,29124.75,29128,29110,29114.75,706
2026-08-26T07:18:00+05:30,29114.25,29119.25,29104.75,29119,448
2026-08-26T07:24:00+05:30,29117.5,29135,29117.5,29133.5,706
2026-08-26T07:30:00+05:30,29133.5,29143.75,29122.75,29127.25,678
2026-08-26T07:36:00+05:30,29126.25,29142.5,29119.25,29136.5,754
2026-08-26T07:42:00+05:30,29135.25,29158.75,29134.5,29156.75,836
2026-08-26T07:48:00+05:30,29156,29163.5,29146.75,29161.75,738
2026-08-26T07:54:00+05:30,29161.5,29174.75,29159.5,29172.25,798
2026-08-26T08:00:00+05:30,29172.75,29187,29171,29179,896
2026-08-26T08:06:00+05:30,29178.5,29215.75,29177.75,29211.75,1249
2026-08-26T08:12:00+05:30,29210.75,29226,29205.5,29221,961
2026-08-26T08:18:00+05:30,29220,29229.75,29216.5,29218.5,880
2026-08-26T08:24:00+05:30,29219.5,29227.25,29215.5,29220.25,338
2026-08-26T08:30:00+05:30,29221.5,29230.5,29212,29224.75,606
2026-08-26T08:36:00+05:30,29226.25,29227,29214.75,29220.25,330
2026-08-26T08:42:00+05:30,29222,29235.75,29220.5,29223,585
2026-08-26T08:48:00+05:30,29223.25,29231.75,29222.25,29223,246
2026-08-26T08:54:00+05:30,29223.5,29225.25,29213.25,29214.75,342
2026-08-26T09:00:00+05:30,29215.5,29234.5,29205,29231.5,817
2026-08-26T09:06:00+05:30,29231.5,29244,29228,29235.25,847
2026-08-26T09:12:00+05:30,29235.75,29263,29231.25,29258.25,926
2026-08-26T09:18:00+05:30,29258.25,29275.25,29257.5,29263.75,860
2026-08-26T09:24:00+05:30,29263.75,29272.5,29262.25,29264.25,770
2026-08-26T09:30:00+05:30,29265.25,29276.5,29260,29273.75,547
2026-08-26T09:36:00+05:30,29273,29279.75,29263.5,29268.25,571
2026-08-26T09:42:00+05:30,29267.75,29275,29260.5,29264.5,617
2026-08-26T09:48:00+05:30,29265.75,29277.5,29265.75,29269.25,409
2026-08-26T09:54:00+05:30,29269.25,29283.25,29266.75,29272.25,403
2026-08-26T10:00:00+05:30,29272,29275.25,29261.5,29268,442
2026-08-26T10:06:00+05:30,29267.25,29268.75,29253.5,29257.5,448
2026-08-26T10:12:00+05:30,29259.75,29259.75,29226.25,29229,866
2026-08-26T10:18:00+05:30,29229.25,29232,29217.25,29229.25,741
2026-08-26T10:24:00+05:30,29229.25,29236.75,29223,29226.75,334
2026-08-26T10:30:00+05:30,29227.75,29258.75,29226.5,29238,866
2026-08-26T10:36:00+05:30,29237.5,29259.75,29237.5,29249.5,516
2026-08-26T10:42:00+05:30,29247.25,29247.5,29229,29231.25,430
2026-08-26T10:48:00+05:30,29233,29248.75,29232.5,29243.75,378
2026-08-26T10:54:00+05:30,29241.75,29247.5,29233.75,29245,298
2026-08-26T11:00:00+05:30,29246,29262.75,29245.25,29247.75,447
2026-08-26T11:06:00+05:30,29249.5,29250.75,29241.25,29248.75,213
2026-08-26T11:12:00+05:30,29250,29251.5,29233.5,29235.5,226
2026-08-26T11:18:00+05:30,29236.25,29242.5,29229.75,29233,249
2026-08-26T11:24:00+05:30,29233.75,29244.25,29226,29243,501
2026-08-26T11:30:00+05:30,29242.25,29248.75,29216,29218.25,655
2026-08-26T11:36:00+05:30,29218.25,29231.5,29212,29226.75,521
2026-08-26T11:42:00+05:30,29226.5,29229.5,29203.5,29207.5,574
2026-08-26T11:48:00+05:30,29207.75,29214,29205.5,29207,316
2026-08-26T11:54:00+05:30,29207,29226.5,29203.75,29218.75,446
2026-08-26T12:00:00+05:30,29218.25,29239.5,29209.75,29235.75,453
2026-08-26T12:06:00+05:30,29236.5,29246.25,29229,29243.5,444
2026-08-26T12:12:00+05:30,29244.5,29269.25,29241.5,29264.75,672
2026-08-26T12:18:00+05:30,29264.75,29277.25,29236.75,29236.75,811
2026-08-26T12:24:00+05:30,29238.25,29256.75,29232.25,29252.75,453
2026-08-26T12:30:00+05:30,29252.25,29256.25,29232.75,29253.25,868
2026-08-26T12:36:00+05:30,29251,29257.75,29205.25,29210.5,664
2026-08-26T12:42:00+05:30,29211.25,29244.5,29201.25,29231,941
2026-08-26T12:48:00+05:30,29229.75,29238.25,29210.25,29217.5,564
2026-08-26T12:54:00+05:30,29218.25,29220.75,29192.25,29199,925
2026-08-26T13:00:00+05:30,29201.25,29207.75,29185.75,29206.5,626
2026-08-26T13:06:00+05:30,29207.25,29211,29193.25,29199,454
2026-08-26T13:12:00+05:30,29198.75,29209,29194.25,29208,271
2026-08-26T13:18:00+05:30,29208,29219.25,29187.25,29204.25,611
2026-08-26T13:24:00+05:30,29202.25,29215.25,29200,29212.25,286
2026-08-26T13:30:00+05:30,29213,29235.75,29198.25,29218.5,985
2026-08-26T13:36:00+05:30,29217.75,29245.25,29213.75,29237,700
2026-08-26T13:42:00+05:30,29235,29236,29200,29214,713
2026-08-26T13:48:00+05:30,29214.75,29215.25,29185,29191,785
2026-08-26T13:54:00+05:30,29192,29235.5,29192,29235.5,573
2026-08-26T14:00:00+05:30,29234.75,29242.75,29211.75,29230,562
2026-08-26T14:06:00+05:30,29231,29241.25,29230.5,29238.25,244
2026-08-26T14:12:00+05:30,29238.75,29251,29232.25,29233.5,317
2026-08-26T14:18:00+05:30,29233.75,29235.75,29228.25,29233,186
2026-08-26T14:24:00+05:30,29234,29234,29209.75,29228,383
2026-08-26T14:30:00+05:30,29227.75,29234.75,29216.25,29221,371
2026-08-26T14:36:00+05:30,29222,29223.75,29213.5,29220.75,176
2026-08-26T14:42:00+05:30,29221.5,29221.75,29207,29209.5,268
2026-08-26T14:48:00+05:30,29210.25,29219.75,29197,29199.5,407
2026-08-26T14:54:00+05:30,29200,29206.5,29191.25,29198,488
2026-08-26T15:00:00+05:30,29200,29219.25,29198.5,29205.25,427
2026-08-26T15:06:00+05:30,29204,29211.5,29204,29210,165
2026-08-26T15:12:00+05:30,29210.5,29222.75,29208.25,29217,226
2026-08-26T15:18:00+05:30,29217.75,29227.5,29217,29223.75,301
2026-08-26T15:24:00+05:30,29223.5,29236.5,29223,29234.5,296
2026-08-26T15:30:00+05:30,29234.25,29235,29212.25,29216.75,354
2026-08-26T15:36:00+05:30,29218,29222,29203.5,29205,295
2026-08-26T15:42:00+05:30,29205.75,29212,29196,29209.5,432
2026-08-26T15:48:00+05:30,29209,29212,29196.25,29209.75,380
2026-08-26T15:54:00+05:30,29209.75,29217,29200,29200.75,298
2026-08-26T16:00:00+05:30,29200,29233,29188.75,29231.75,842
2026-08-26T16:06:00+05:30,29231,29242.25,29225,29237,433
2026-08-26T16:12:00+05:30,29237.25,29237.25,29224,29230,266
2026-08-26T16:18:00+05:30,29230.75,29240.25,29224.5,29229,515
2026-08-26T16:24:00+05:30,29227.5,29239.5,29227.25,29237.5,241
2026-08-26T16:30:00+05:30,29237.5,29264.5,29235,29256,897
2026-08-26T16:36:00+05:30,29256,29256,29235.75,29242.75,422
2026-08-26T16:42:00+05:30,29243.25,29267.25,29243.25,29264.75,634
2026-08-26T16:48:00+05:30,29265.5,29278.75,29248.5,29251.5,1043
2026-08-26T16:54:00+05:30,29251.5,29253.5,29234.75,29253,508
2026-08-26T17:00:00+05:30,29252.25,29261.75,29236.75,29238.25,550
2026-08-26T17:06:00+05:30,29239.75,29240,29198,29207,1265
2026-08-26T17:12:00+05:30,29207,29214.75,29193,29200,972
2026-08-26T17:18:00+05:30,29200,29227.5,29186,29223.25,1227
2026-08-26T17:24:00+05:30,29223.5,29223.5,29212.75,29219.5,581
2026-08-26T17:30:00+05:30,29220.75,29223.5,29202.5,29213.75,806
2026-08-26T17:36:00+05:30,29214.75,29219,29200,29204.75,607
2026-08-26T17:42:00+05:30,29204.5,29221.25,29190,29197.25,1079
2026-08-26T17:48:00+05:30,29199.25,29235.75,29194.75,29232,1185
2026-08-26T17:54:00+05:30,29233,29259.5,29227.25,29257.25,1244
2026-08-26T18:00:00+05:30,29256.75,29263.25,29154,29157.25,5300
2026-08-26T18:06:00+05:30,29157.75,29179.75,29149.75,29167,2258
2026-08-26T18:12:00+05:30,29166.75,29188.5,29149.5,29169.25,2354
2026-08-26T18:18:00+05:30,29169.75,29181.5,29147,29151,1967
2026-08-26T18:24:00+05:30,29151.5,29162.75,29133.25,29152,3998
2026-08-26T18:30:00+05:30,29151.75,29164.75,29144,29152.75,2259
2026-08-26T18:36:00+05:30,29153.25,29166.5,29133.5,29144.5,1606
2026-08-26T18:42:00+05:30,29144.75,29174,29141,29164.75,1516
2026-08-26T18:48:00+05:30,29164.25,29173.5,29153.5,29159.25,1405
2026-08-26T18:54:00+05:30,29159.25,29175,29155.5,29173.75,2523
2026-08-26T19:00:00+05:30,29174.5,29283,29174.25,29218.25,21661
2026-08-26T19:06:00+05:30,29219.25,29275.5,29209.25,29248.25,13586
2026-08-26T19:12:00+05:30,29247.75,29316,29223.75,29289.25,14449
2026-08-26T19:18:00+05:30,29288.5,29306.5,29252.5,29298,9407
2026-08-26T19:24:00+05:30,29298,29332.75,29288.5,29331.25,8244
2026-08-26T19:30:00+05:30,29331.5,29332.5,29293.5,29297.5,6992
2026-08-26T19:36:00+05:30,29297.25,29310.5,29262,29263.5,5396
2026-08-26T19:42:00+05:30,29263.25,29264,29230.5,29249.5,7382
2026-08-26T19:48:00+05:30,29249.25,29262.75,29200.75,29212.5,6957
2026-08-26T19:54:00+05:30,29212.25,29215.75,29156.75,29178.25,9723
2026-08-26T20:00:00+05:30,29178.25,29204,29176,29192.5,5912
2026-08-26T20:06:00+05:30,29192.75,29238.5,29191.25,29228,6315
2026-08-26T20:12:00+05:30,29228.25,29238,29206.25,29236.75,4623
2026-08-26T20:18:00+05:30,29236.5,29268,29227.75,29248.75,5315
2026-08-26T20:24:00+05:30,29248.75,29259,29234.5,29252.25,3953
2026-08-26T20:30:00+05:30,29251.75,29272.75,29246,29267.75,4382
2026-08-26T20:36:00+05:30,29268.25,29283,29258.5,29268.75,3833
2026-08-26T20:42:00+05:30,29269,29276,29222.5,29233,4811
2026-08-26T20:48:00+05:30,29232.75,29261.25,29232.5,29242.25,3807
2026-08-26T20:54:00+05:30,29242.75,29267,29236.5,29256.5,3512
2026-08-26T21:00:00+05:30,29256.75,29260,29220.75,29243.75,4515
2026-08-26T21:06:00+05:30,29244.25,29271.5,29241.25,29268.25,3238
2026-08-26T21:12:00+05:30,29265,29289.75,29261.75,29279,4044
2026-08-26T21:18:00+05:30,29279,29291.5,29235.25,29244.5,6764
2026-08-26T21:24:00+05:30,29245.5,29250,29215.5,29217.75,3905
2026-08-26T21:30:00+05:30,29217.75,29219.25,29189,29214,5754
2026-08-26T21:36:00+05:30,29214.5,29224.25,29198.5,29204.25,3179
2026-08-26T21:42:00+05:30,29204.5,29213.75,29192.5,29196.75,2443
2026-08-26T21:48:00+05:30,29196.5,29214.75,29195.5,29210.75,2411
2026-08-26T21:54:00+05:30,29210.75,29215.75,29199.5,29207,1429
2026-08-26T22:00:00+05:30,29207.25,29220,29205.25,29215.5,1870
2026-08-26T22:06:00+05:30,29215.25,29219,29173,29191.5,3506
2026-08-26T22:12:00+05:30,29191.5,29196,29170,29194.25,3330
2026-08-26T22:18:00+05:30,29194.25,29198.5,29175.5,29183.75,2256
2026-08-26T22:24:00+05:30,29184,29224.75,29182.5,29216.75,4447
2026-08-26T22:30:00+05:30,29216,29232.5,29210.5,29222.25,2982
2026-08-26T22:36:00+05:30,29222.75,29240,29217.75,29235.25,2315
2026-08-26T22:42:00+05:30,29235.5,29262,29233.5,29253.25,3703
2026-08-26T22:48:00+05:30,29254,29268.5,29246.75,29264.25,2994
2026-08-26T22:54:00+05:30,29264.25,29270.75,29256.5,29267.25,2517
2026-08-26T23:00:00+05:30,29268,29282,29262.75,29281.25,3807
2026-08-26T23:06:00+05:30,29281.25,29291,29275.5,29290.25,2376
2026-08-26T23:12:00+05:30,29289.75,29291.75,29270.75,29277.5,2805
2026-08-26T23:18:00+05:30,29278,29284.25,29267.5,29282.5,2872
2026-08-26T23:24:00+05:30,29282.75,29293.75,29282,29284.25,2563
2026-08-26T23:30:00+05:30,29284.5,29288.5,29271.5,29280.75,2312
2026-08-26T23:36:00+05:30,29280.75,29296,29276.5,29277.5,2372
2026-08-26T23:42:00+05:30,29277.5,29279,29264.75,29275.25,2608
2026-08-26T23:48:00+05:30,29275.25,29292.25,29274.5,29281,2403
2026-08-26T23:54:00+05:30,29281,29285,29271.25,29280,2025
2026-08-27T00:00:00+05:30,29279.75,29303.5,29275.75,29297.25,3177
2026-08-27T00:06:00+05:30,29297.25,29298.25,29288.5,29293.75,1623
2026-08-27T00:12:00+05:30,29293.5,29328.75,29288,29325,4024
2026-08-27T00:18:00+05:30,29325,29327.25,29310,29322,3193
2026-08-27T00:24:00+05:30,29321.75,29329.75,29315.75,29321.75,2842
2026-08-27T00:30:00+05:30,29321.25,29368.25,29317.75,29353,6558
2026-08-27T00:36:00+05:30,29353.5,29363.75,29346,29351,2837
2026-08-27T00:42:00+05:30,29350.75,29353.5,29330.25,29352.75,3346
2026-08-27T00:48:00+05:30,29352.5,29357.25,29332.25,29342,3015
2026-08-27T00:54:00+05:30,29342,29355.25,29335.75,29338,2729
2026-08-27T01:00:00+05:30,29338,29345.5,29329.5,29341.25,3320
2026-08-27T01:06:00+05:30,29341.25,29342,29315.5,29318,3794
2026-08-27T01:12:00+05:30,29317.5,29326.25,29305.5,29325,4420
2026-08-27T01:18:00+05:30,29324.25,29341.5,29296.25,29297.25,5382
2026-08-27T01:24:00+05:30,29297.5,29310.75,29280.25,29296.75,14986
2026-08-27T01:30:00+05:30,29297.75,29367.5,29283.25,29362,6205
2026-08-27T01:36:00+05:30,29360.75,29375,29349,29355.25,1957
2026-08-27T01:42:00+05:30,29353.5,29367,29353,29357,1141
2026-08-27T01:48:00+05:30,29358,29383.75,29291,29344.25,6604
2026-08-27T01:54:00+05:30,29343.5,29362.75,29319,29342.25,3303
2026-08-27T02:00:00+05:30,29342,29346.25,29317,29333.25,1685
2026-08-27T02:06:00+05:30,29332.75,29356,29332,29344.75,1174
2026-08-27T02:12:00+05:30,29345,29352,29333.75,29352,889
2026-08-27T02:18:00+05:30,29351.75,29398.25,29351,29390.75,2025
2026-08-27T02:24:00+05:30,29390.5,29437.75,29384.25,29432.5,1394
2026-08-27T03:30:00+05:30,29499.5,29582.25,29499.25,29562.25,4033
2026-08-27T03:36:00+05:30,29561.75,29569,29550.5,29557.5,1567
2026-08-27T03:42:00+05:30,29559.25,29578.25,29553,29575,1347
2026-08-27T03:48:00+05:30,29574.25,29602,29567.5,29588.25,1645
2026-08-27T03:54:00+05:30,29587.75,29594.75,29578.5,29583.75,586
2026-08-27T04:00:00+05:30,29583.5,29618,29581,29616.25,1112
2026-08-27T04:06:00+05:30,29616.25,29617.25,29601.5,29601.5,777
2026-08-27T04:12:00+05:30,29602.5,29617.25,29597.25,29611.25,825
2026-08-27T04:18:00+05:30,29614,29628.5,29605.5,29606.25,1162
2026-08-27T04:24:00+05:30,29606.5,29611,29599.25,29606.5,393
2026-08-27T04:30:00+05:30,29605,29615.5,29602.5,29606,747
2026-08-27T04:36:00+05:30,29605.75,29608.75,29591.75,29593,718
2026-08-27T04:42:00+05:30,29593.25,29595,29585,29587.25,385
2026-08-27T04:48:00+05:30,29586.5,29605.25,29586.25,29599.25,549
2026-08-27T04:54:00+05:30,29598,29612.5,29589.5,29602.5,605
2026-08-27T05:00:00+05:30,29602.75,29606,29594.5,29601.25,239
2026-08-27T05:06:00+05:30,29601.75,29611.75,29601,29607.25,242
2026-08-27T05:12:00+05:30,29605.5,29617.5,29605,29615.5,308
2026-08-27T05:18:00+05:30,29614,29626.5,29610,29617.25,683
2026-08-27T05:24:00+05:30,29617.5,29653,29612.75,29646.5,1358
2026-08-27T05:30:00+05:30,29648.25,29654.75,29611.5,29624.5,1592
2026-08-27T05:36:00+05:30,29623.75,29634.5,29590.5,29591,1232
2026-08-27T05:42:00+05:30,29592.25,29599.25,29563.25,29564.5,1575
2026-08-27T05:48:00+05:30,29563.5,29576,29558,29571.5,960
2026-08-27T05:54:00+05:30,29571.75,29585,29562.25,29581,898
2026-08-27T06:00:00+05:30,29580.5,29581.25,29532,29535.25,1576
2026-08-27T06:06:00+05:30,29534,29537,29503.25,29509.5,2234
2026-08-27T06:12:00+05:30,29507.5,29511.5,29448.25,29449.75,2840
2026-08-27T06:18:00+05:30,29449.25,29466,29440,29448.5,1622
2026-08-27T06:24:00+05:30,29449.25,29456,29438.25,29445.75,1288
2026-08-27T06:30:00+05:30,29443.75,29469.75,29432.5,29463.75,2134
2026-08-27T06:36:00+05:30,29464.5,29490,29462,29473.75,1412
2026-08-27T06:42:00+05:30,29471.25,29475,29445.5,29459.75,1251
2026-08-27T06:48:00+05:30,29460,29498.25,29460,29494.5,933
2026-08-27T06:54:00+05:30,29493.5,29509.25,29490.75,29503.25,857
2026-08-27T07:00:00+05:30,29503,29523.5,29497,29518.25,1093
2026-08-27T07:06:00+05:30,29518.25,29535,29509.5,29511.25,1056
2026-08-27T07:12:00+05:30,29511.5,29517.25,29491.75,29509.25,996
2026-08-27T07:18:00+05:30,29510,29546.25,29510,29544.75,1012
2026-08-27T07:24:00+05:30,29545,29554.25,29525.75,29529.75,1065
2026-08-27T07:30:00+05:30,29531.75,29541,29525.75,29527.75,860
2026-08-27T07:36:00+05:30,29527.5,29540.75,29516.75,29535.25,572
2026-08-27T07:42:00+05:30,29536,29544.25,29531.5,29536.75,504
2026-08-27T07:48:00+05:30,29537.75,29541.75,29528.5,29533.25,263
2026-08-27T07:54:00+05:30,29531.75,29543.25,29525.75,29539,341
2026-08-27T08:00:00+05:30,29538.75,29555,29536.75,29545.5,597
2026-08-27T08:06:00+05:30,29547.25,29553,29538,29539,426
2026-08-27T08:12:00+05:30,29539,29547.75,29530.5,29545.25,522
2026-08-27T08:18:00+05:30,29542.25,29560.5,29538.75,29555.25,466
2026-08-27T08:24:00+05:30,29556,29557.5,29544.5,29548.75,575
2026-08-27T08:30:00+05:30,29550.5,29563,29543.25,29552.25,550
2026-08-27T08:36:00+05:30,29551.25,29552.75,29534.25,29536.75,611
2026-08-27T08:42:00+05:30,29535,29548.5,29530,29546,406
2026-08-27T08:48:00+05:30,29546.5,29561,29542.75,29561,361
2026-08-27T08:54:00+05:30,29561.75,29575.75,29561.25,29564.25,667
2026-08-27T09:00:00+05:30,29566,29572.25,29551.25,29559.25,502
2026-08-27T09:06:00+05:30,29557.75,29557.75,29544,29551.25,295
2026-08-27T09:12:00+05:30,29552,29552.5,29535.5,29539.5,391
2026-08-27T09:18:00+05:30,29540.5,29547,29526.5,29530.5,421
2026-08-27T09:24:00+05:30,29531.5,29550.25,29530,29538.75,467
2026-08-27T09:30:00+05:30,29538,29547.25,29528.25,29530.25,248
2026-08-27T09:36:00+05:30,29530.25,29537.5,29529,29535.25,174
2026-08-27T09:42:00+05:30,29534.5,29545,29530,29543,268
2026-08-27T09:48:00+05:30,29543.75,29550.25,29537.5,29545.25,295
2026-08-27T09:54:00+05:30,29546.25,29551.75,29528.5,29528.5,295
2026-08-27T10:00:00+05:30,29528.5,29530.25,29518,29522.25,449
2026-08-27T10:06:00+05:30,29522.5,29522.5,29498.25,29511,566
2026-08-27T10:12:00+05:30,29510.5,29520.75,29503,29519.5,596
2026-08-27T10:18:00+05:30,29519.75,29519.75,29494.75,29497.5,501
2026-08-27T10:24:00+05:30,29497,29502.75,29493,29497.25,381
2026-08-27T10:30:00+05:30,29501.5,29504.25,29474.75,29486,968
2026-08-27T10:36:00+05:30,29487.25,29493.25,29474,29475.5,565
2026-08-27T10:42:00+05:30,29474.25,29491,29460.5,29460.5,631
2026-08-27T10:48:00+05:30,29461.25,29474.75,29448,29472,950
2026-08-27T10:54:00+05:30,29472.5,29478.75,29461,29468,686
2026-08-27T11:00:00+05:30,29466.25,29467.75,29445.25,29448.25,588
2026-08-27T11:06:00+05:30,29450,29472.75,29447,29454.25,811
2026-08-27T11:12:00+05:30,29454.5,29459.75,29437.75,29454.75,750
2026-08-27T11:18:00+05:30,29456.25,29465,29438,29443.75,731
2026-08-27T11:24:00+05:30,29442.25,29444,29428.5,29438.75,733
2026-08-27T11:30:00+05:30,29437.5,29437.5,29418.5,29423,1438
2026-08-27T11:36:00+05:30,29422.25,29426.75,29403.25,29409.25,951
2026-08-27T11:42:00+05:30,29410.5,29449.25,29401.75,29436.25,1320
2026-08-27T11:48:00+05:30,29435,29448,29433.25,29437.5,540
2026-08-27T11:54:00+05:30,29438.75,29451,29432,29450.75,648
2026-08-27T12:00:00+05:30,29451.5,29470.5,29449,29468.5,701
2026-08-27T12:06:00+05:30,29466.25,29480.5,29457.5,29479,604
2026-08-27T12:12:00+05:30,29478.5,29497,29474.25,29487.5,788
2026-08-27T12:18:00+05:30,29490.25,29492,29478,29483.75,430
2026-08-27T12:24:00+05:30,29483.75,29500,29478.5,29499.5,687
2026-08-27T12:30:00+05:30,29498.75,29519.75,29477.25,29518.25,1497
2026-08-27T12:36:00+05:30,29516.5,29525.5,29508,29519.5,1006
2026-08-27T12:42:00+05:30,29520.75,29542,29518.5,29534,953
2026-08-27T12:48:00+05:30,29535,29542.25,29524.25,29528.75,728
2026-08-27T12:54:00+05:30,29529.25,29548.75,29524,29548.25,844
2026-08-27T13:00:00+05:30,29547.75,29549.75,29533,29539.5,970
2026-08-27T13:06:00+05:30,29539.75,29539.75,29502.75,29512,1066
2026-08-27T13:12:00+05:30,29511,29514.25,29499,29502.25,498
2026-08-27T13:18:00+05:30,29504.25,29534,29503.25,29532.25,661
2026-08-27T13:24:00+05:30,29532.5,29548.25,29531.25,29539.5,594
2026-08-27T13:30:00+05:30,29538.75,29585,29537,29576.25,1675
2026-08-27T13:36:00+05:30,29576.75,29604.25,29572.25,29602.25,1080
2026-08-27T13:42:00+05:30,29603.25,29624,29600.5,29605.5,1576
2026-08-27T13:48:00+05:30,29605.25,29615,29596.75,29613.75,962
2026-08-27T13:54:00+05:30,29612.75,29659.75,29610,29656.5,1965
2026-08-27T14:00:00+05:30,29656.75,29658,29624,29628.25,1033
2026-08-27T14:06:00+05:30,29628,29634.75,29617.75,29619.75,1022
2026-08-27T14:12:00+05:30,29620,29650.25,29610.25,29648.5,1283
2026-08-27T14:18:00+05:30,29649,29662,29637,29640.5,1229
2026-08-27T14:24:00+05:30,29640.25,29640.5,29622,29623.75,813
2026-08-27T14:30:00+05:30,29624.75,29634.25,29581.25,29590.25,1877
2026-08-27T14:36:00+05:30,29589.75,29612.5,29587.25,29609,1018
2026-08-27T14:42:00+05:30,29609.75,29610,29568,29576.5,840
2026-08-27T14:48:00+05:30,29576.25,29598.25,29571,29596.5,672
2026-08-27T14:54:00+05:30,29596.25,29615,29594.5,29598,861
2026-08-27T15:00:00+05:30,29597.75,29625.5,29596.75,29613.75,1442
2026-08-27T15:06:00+05:30,29611.25,29619.75,29609.25,29615.75,863
2026-08-27T15:12:00+05:30,29616,29634.5,29611.25,29625.5,901
2026-08-27T15:18:00+05:30,29625.5,29630.75,29605.75,29625.5,675
2026-08-27T15:24:00+05:30,29625.5,29626.75,29599.5,29602,706
2026-08-27T15:30:00+05:30,29602.25,29602.75,29582.25,29598,628
2026-08-27T15:36:00+05:30,29598,29606.25,29593,29593,470
2026-08-27T15:42:00+05:30,29593,29603.75,29586.5,29597.75,379
2026-08-27T15:48:00+05:30,29597.25,29602,29579,29584.5,453
2026-08-27T15:54:00+05:30,29585,29588,29577,29579.75,395
2026-08-27T16:00:00+05:30,29580.75,29585.75,29573.25,29575.25,441
2026-08-27T16:06:00+05:30,29574.5,29589,29570,29587.25,656
2026-08-27T16:12:00+05:30,29587,29602.75,29585.75,29596,476
2026-08-27T16:18:00+05:30,29594,29601,29568.25,29588.25,640
2026-08-27T16:24:00+05:30,29589,29602.25,29588.5,29597.5,398
2026-08-27T16:30:00+05:30,29599,29615.75,29577,29614.25,1039
2026-08-27T16:36:00+05:30,29613.5,29615.75,29588.25,29607,763
2026-08-27T16:42:00+05:30,29605.25,29630,29605.25,29610.75,854
2026-08-27T16:48:00+05:30,29610.75,29612.75,29585.75,29588.25,834
2026-08-27T16:54:00+05:30,29589,29596.5,29569.5,29569.5,707
2026-08-27T17:00:00+05:30,29570.25,29588,29551,29561.5,1573
2026-08-27T17:06:00+05:30,29563,29566.75,29546.25,29556.5,790
2026-08-27T17:12:00+05:30,29556.5,29567,29530,29530,1059
2026-08-27T17:18:00+05:30,29531,29534.5,29514.75,29534.25,937
2026-08-27T17:24:00+05:30,29533,29560.25,29530.5,29558.5,751
2026-08-27T17:30:00+05:30,29557.75,29568.25,29551,29559,1013
2026-08-27T17:36:00+05:30,29558.25,29585.5,29556.75,29584.5,1334
2026-08-27T17:42:00+05:30,29583.5,29589,29567.75,29580.75,706
2026-08-27T17:48:00+05:30,29580.5,29584.5,29565.75,29584.25,747
2026-08-27T17:54:00+05:30,29584,29590.5,29572.25,29579.25,854
2026-08-27T18:00:00+05:30,29579,29581.25,29562,29568.25,1434
2026-08-27T18:06:00+05:30,29569.5,29573.25,29549,29558.25,1258
2026-08-27T18:12:00+05:30,29558.5,29563.75,29526.5,29534.25,1273
2026-08-27T18:18:00+05:30,29534,29541,29515.5,29524,1493
2026-08-27T18:24:00+05:30,29523.25,29538,29519,29522.5,1045
2026-08-27T18:30:00+05:30,29522,29550,29518.5,29548.5,1731
2026-08-27T18:36:00+05:30,29548.5,29559.5,29545.5,29552,1132
2026-08-27T18:42:00+05:30,29551.75,29570.25,29547,29557,1655
2026-08-27T18:48:00+05:30,29556.5,29556.5,29536.25,29542,1907
2026-08-27T18:54:00+05:30,29542.75,29562.5,29523.25,29524.5,3595
2026-08-27T19:00:00+05:30,29524.25,29588.75,29443,29472.5,27176
2026-08-27T19:06:00+05:30,29473.5,29545.75,29447.25,29503.75,16102
2026-08-27T19:12:00+05:30,29503.75,29605,29481,29494.75,21949
2026-08-27T19:18:00+05:30,29496.25,29561,29451.75,29555.75,16151
2026-08-27T19:24:00+05:30,29556.25,29567.25,29423.75,29483,15402
2026-08-27T19:30:00+05:30,29484,29557.5,29478.5,29548.25,12813
2026-08-27T19:36:00+05:30,29547.75,29572,29502,29560.75,9528
2026-08-27T19:42:00+05:30,29561.5,29588.5,29554.25,29587.25,8045
2026-08-27T19:48:00+05:30,29586.75,29601.5,29571,29583.25,7447
2026-08-27T19:54:00+05:30,29583.75,29623.5,29572.25,29606.75,7693
2026-08-27T20:00:00+05:30,29606.5,29610.25,29563.5,29585.75,8398
2026-08-27T20:06:00+05:30,29586,29605,29542.25,29555.5,6423
2026-08-27T20:12:00+05:30,29555,29566.5,29532,29545.75,5384
2026-08-27T20:18:00+05:30,29545.75,29605.25,29541.75,29577.25,8587
2026-08-27T20:24:00+05:30,29576.5,29602.25,29552.25,29601.5,5611
2026-08-27T20:30:00+05:30,29601.75,29615.5,29588.25,29613.75,5032
2026-08-27T20:36:00+05:30,29613,29626.75,29606.75,29619,4383
2026-08-27T20:42:00+05:30,29618.75,29635,29608,29625,4421
2026-08-27T20:48:00+05:30,29625.25,29632,29605,29612.75,4005
2026-08-27T20:54:00+05:30,29612.5,29614,29573,29578.5,4577
2026-08-27T21:00:00+05:30,29578.25,29597.25,29564.5,29570.75,5391
2026-08-27T21:06:00+05:30,29570.5,29572.75,29547.75,29571.5,5058
2026-08-27T21:12:00+05:30,29571.25,29574,29511.5,29522.25,7111
2026-08-27T21:18:00+05:30,29521.5,29596.25,29512.75,29587.25,7465
2026-08-27T21:24:00+05:30,29587.75,29610,29586.75,29598,5792
2026-08-27T21:30:00+05:30,29597.25,29623.75,29594.75,29606.25,4369
2026-08-27T21:36:00+05:30,29606.75,29613.5,29582.25,29586,4107
2026-08-27T21:42:00+05:30,29586,29603,29580.75,29585.25,3122
2026-08-27T21:48:00+05:30,29585.5,29592,29570,29580,2977
2026-08-27T21:54:00+05:30,29579.5,29608,29572.25,29603,3338
2026-08-27T22:00:00+05:30,29603.5,29619.25,29599,29616.5,2313
2026-08-27T22:06:00+05:30,29615.75,29647.5,29615.25,29643.5,4227
2026-08-27T22:12:00+05:30,29643.75,29659.5,29641.25,29643.25,4435
2026-08-27T22:18:00+05:30,29643,29654.25,29637,29653.75,3088
2026-08-27T22:24:00+05:30,29654,29656,29642.25,29651.75,3400
2026-08-27T22:30:00+05:30,29652,29667.25,29650.25,29657,3844
2026-08-27T22:36:00+05:30,29657,29676,29648,29668.75,4452
2026-08-27T22:42:00+05:30,29669,29673.75,29663.75,29665.25,2480
2026-08-27T22:48:00+05:30,29664.5,29678.5,29659.5,29673,2759
2026-08-27T22:54:00+05:30,29672.75,29674.5,29638,29641.5,4071
2026-08-27T23:00:00+05:30,29641.25,29658.5,29634.25,29642,4407
2026-08-27T23:06:00+05:30,29642.25,29646.5,29631.25,29638.75,2231
2026-08-27T23:12:00+05:30,29639,29648,29617.75,29619.5,3692
2026-08-27T23:18:00+05:30,29620.25,29621,29610,29618,3106
2026-08-27T23:24:00+05:30,29618.5,29629.25,29607,29611.5,3304
2026-08-27T23:30:00+05:30,29612,29622,29573.25,29585.75,6075
2026-08-27T23:36:00+05:30,29586,29591.75,29571.25,29584,3447
2026-08-27T23:42:00+05:30,29583.25,29584.5,29561.75,29573.75,4660
2026-08-27T23:48:00+05:30,29574.25,29589.75,29564.5,29565.5,3607
2026-08-27T23:54:00+05:30,29566.5,29569,29526.5,29538.25,6031
2026-08-28T00:00:00+05:30,29538.25,29571.5,29537,29551,5715
2026-08-28T00:06:00+05:30,29550.75,29581.25,29547.75,29568.5,4175
2026-08-28T00:12:00+05:30,29569.25,29578.5,29565.5,29578.5,2591
2026-08-28T00:18:00+05:30,29578.75,29582.25,29546.75,29557.75,3915
2026-08-28T00:24:00+05:30,29557.5,29577.5,29544.75,29571.25,3317
2026-08-28T00:30:00+05:30,29571.5,29604,29567,29581.5,4546
2026-08-28T00:36:00+05:30,29581.75,29597.5,29572.25,29595.75,3590
2026-08-28T00:42:00+05:30,29595.75,29610.25,29592.5,29599.25,3563
2026-08-28T00:48:00+05:30,29599,29612.25,29593,29608,2956
2026-08-28T00:54:00+05:30,29608.25,29613,29595,29602.25,3205
2026-08-28T01:00:00+05:30,29602.75,29629.75,29595,29626.25,4219
2026-08-28T01:06:00+05:30,29625.75,29631.75,29621.25,29628.25,2784
2026-08-28T01:12:00+05:30,29628.5,29646,29622.25,29640.25,3874
2026-08-28T01:18:00+05:30,29639.75,29669,29629,29666.25,7285
2026-08-28T01:24:00+05:30,29666.75,29704.5,29662,29691.75,21443
2026-08-28T01:30:00+05:30,29691.75,29708,29655.5,29677,8436
2026-08-28T01:36:00+05:30,29676,29678.25,29653,29653,2301
2026-08-28T01:42:00+05:30,29653,29660.25,29646.75,29649.75,1258
2026-08-28T01:48:00+05:30,29650.5,29654.75,29644.75,29646.25,639
2026-08-28T01:54:00+05:30,29646.75,29647.25,29634.25,29638.5,770
2026-08-28T02:00:00+05:30,29639.25,29644.75,29637,29637.75,460
2026-08-28T02:06:00+05:30,29637,29642.25,29634.75,29638,538
2026-08-28T02:12:00+05:30,29638.25,29643.75,29635.25,29638.75,801
2026-08-28T02:18:00+05:30,29639.25,29641,29620.5,29627.25,1070
2026-08-28T02:24:00+05:30,29627.25,29639,29623.75,29635.25,600
2026-08-28T03:30:00+05:30,29635.5,29644.75,29600,29616.25,1574
2026-08-28T03:36:00+05:30,29614,29627.5,29611.5,29617.75,328
2026-08-28T03:42:00+05:30,29618.25,29626.75,29616.25,29623.25,192
2026-08-28T03:48:00+05:30,29622.75,29637.5,29621.75,29632,417
2026-08-28T03:54:00+05:30,29631.5,29639.5,29622,29637.25,405
2026-08-28T04:00:00+05:30,29637,29640.75,29630.75,29638,337
2026-08-28T04:06:00+05:30,29637.75,29638.25,29632.25,29635.25,177
2026-08-28T04:12:00+05:30,29635,29638,29630,29636,180
2026-08-28T04:18:00+05:30,29634.25,29637,29631.75,29632.5,121
2026-08-28T04:24:00+05:30,29632,29639.5,29630.75,29634.75,171
2026-08-28T04:30:00+05:30,29633.5,29637.25,29623.75,29626.25,287
2026-08-28T04:36:00+05:30,29627,29637.5,29612.75,29615.75,601
2026-08-28T04:42:00+05:30,29614.75,29618.75,29604,29611.5,452
2026-08-28T04:48:00+05:30,29611.25,29613,29608.75,29610.25,108
2026-08-28T04:54:00+05:30,29610,29614,29604.5,29608.25,222
2026-08-28T05:00:00+05:30,29610,29612.75,29602.5,29605.75,226
2026-08-28T05:06:00+05:30,29608,29611.75,29604.75,29608.25,130
2026-08-28T05:12:00+05:30,29608.25,29608.75,29596.5,29597.75,517
2026-08-28T05:18:00+05:30,29597.5,29599,29592.25,29595.25,577
2026-08-28T05:24:00+05:30,29596.25,29604,29592,29600.75,726
2026-08-28T05:30:00+05:30,29601.75,29625.25,29594.25,29605,1499
2026-08-28T05:36:00+05:30,29602.25,29641,29595.75,29637.25,1546
2026-08-28T05:42:00+05:30,29637,29656,29625.5,29638.75,1651
2026-08-28T05:48:00+05:30,29639,29655.75,29631.5,29646.25,780
2026-08-28T05:54:00+05:30,29647.75,29654.5,29637.5,29653,651
2026-08-28T06:00:00+05:30,29651.25,29654,29642,29645,398
2026-08-28T06:06:00+05:30,29646,29648.25,29633.5,29646.5,469
2026-08-28T06:12:00+05:30,29646,29658,29643.25,29652.75,586
2026-08-28T06:18:00+05:30,29653,29667.25,29652.75,29660,629
2026-08-28T06:24:00+05:30,29658,29658,29642,29645,488
2026-08-28T06:30:00+05:30,29645.75,29662.75,29642.75,29660.75,625
2026-08-28T06:36:00+05:30,29660.5,29670.25,29651.25,29664.5,649
2026-08-28T06:42:00+05:30,29664.5,29669,29658.5,29663.25,362
2026-08-28T06:48:00+05:30,29664.5,29672.75,29653.75,29655,543
2026-08-28T06:54:00+05:30,29656,29659.5,29643.5,29648.75,472
2026-08-28T07:00:00+05:30,29648.5,29671.75,29643.75,29667.75,854
2026-08-28T07:06:00+05:30,29669.25,29672.25,29641.75,29644.75,847
2026-08-28T07:12:00+05:30,29646.75,29658.75,29642.75,29651.75,570
2026-08-28T07:18:00+05:30,29651.75,29668.75,29650,29661,465
2026-08-28T07:24:00+05:30,29660,29679.75,29659,29677.75,654
2026-08-28T07:30:00+05:30,29678.75,29692.75,29678.75,29691.25,773
2026-08-28T07:36:00+05:30,29692,29699.5,29688.75,29689,520
2026-08-28T07:42:00+05:30,29689.5,29699.25,29689.25,29698,264
2026-08-28T07:48:00+05:30,29698.25,29703,29686.25,29695,674
2026-08-28T07:54:00+05:30,29694.75,29698.75,29689,29692.75,285
2026-08-28T08:00:00+05:30,29691,29691,29672,29672.5,660
2026-08-28T08:06:00+05:30,29672,29673.25,29660.25,29663.25,593
2026-08-28T08:12:00+05:30,29664.25,29664.25,29644.75,29649.5,608
2026-08-28T08:18:00+05:30,29647.75,29668.5,29645,29665.25,636
2026-08-28T08:24:00+05:30,29664,29670.25,29662,29663.75,222
2026-08-28T08:30:00+05:30,29664.75,29686.5,29660.5,29685,522
2026-08-28T08:36:00+05:30,29685.75,29691.5,29676.75,29688,417
2026-08-28T08:42:00+05:30,29689.25,29702,29686.75,29694.75,541
2026-08-28T08:48:00+05:30,29695,29701,29694,29696.75,270
2026-08-28T08:54:00+05:30,29698.25,29707,29697,29700.25,519
2026-08-28T09:00:00+05:30,29700.5,29704.25,29681,29681,621
2026-08-28T09:06:00+05:30,29682.25,29685.5,29660.5,29664.25,707
2026-08-28T09:12:00+05:30,29664.5,29665.75,29640.25,29662,1102
2026-08-28T09:18:00+05:30,29661,29674,29658.75,29669,517
2026-08-28T09:24:00+05:30,29667,29676.5,29666.5,29668.25,323
2026-08-28T09:30:00+05:30,29668,29670.5,29647.25,29649.75,587
2026-08-28T09:36:00+05:30,29647.5,29656.5,29643.75,29654.5,341
2026-08-28T09:42:00+05:30,29654.25,29669.75,29654,29659.25,482
2026-08-28T09:48:00+05:30,29659.25,29665.75,29657.25,29660,203
2026-08-28T09:54:00+05:30,29659.25,29664.25,29657,29659.5,178
2026-08-28T10:00:00+05:30,29658.5,29660.75,29644.25,29646.5,305
2026-08-28T10:06:00+05:30,29645.75,29652,29639,29643.5,417
2026-08-28T10:12:00+05:30,29643.25,29650,29641.25,29644.5,276
2026-08-28T10:18:00+05:30,29645.5,29647.25,29640.75,29644.25,165
2026-08-28T10:24:00+05:30,29645,29646,29636.25,29641.75,246
2026-08-28T10:30:00+05:30,29642,29643.75,29628.75,29632,602
2026-08-28T10:36:00+05:30,29630.5,29631.75,29620.75,29624,586
2026-08-28T10:42:00+05:30,29625.25,29627.5,29619,29621.75,220
2026-08-28T10:48:00+05:30,29621.5,29623.75,29612,29613.5,402
2026-08-28T10:54:00+05:30,29614,29628.25,29611.5,29622.75,537
2026-08-28T11:00:00+05:30,29623,29624.5,29611,29616.75,366
2026-08-28T11:06:00+05:30,29616.5,29616.75,29603.5,29607.5,662
2026-08-28T11:12:00+05:30,29608.25,29613.75,29602.75,29606.5,299
2026-08-28T11:18:00+05:30,29605.5,29607.5,29598.25,29604,433
2026-08-28T11:24:00+05:30,29604.5,29612.25,29597.25,29598.25,393
2026-08-28T11:30:00+05:30,29599,29613.25,29594.5,29604,772
2026-08-28T11:36:00+05:30,29603.75,29616.75,29602.75,29616.75,403
2026-08-28T11:42:00+05:30,29616.25,29618.5,29601.5,29616.75,440
2026-08-28T11:48:00+05:30,29616.25,29623.75,29609.25,29613.5,449
2026-08-28T11:54:00+05:30,29616.25,29617,29594.5,29596,516
2026-08-28T12:00:00+05:30,29597.5,29620.75,29596,29620,936
2026-08-28T12:06:00+05:30,29619.25,29619.25,29597,29606.25,462
2026-08-28T12:12:00+05:30,29606.25,29625.75,29601,29617,602
2026-08-28T12:18:00+05:30,29617.25,29627.75,29617.25,29625.25,252
2026-08-28T12:24:00+05:30,29626,29645.25,29624,29645.25,523
2026-08-28T12:30:00+05:30,29645.25,29653.5,29624,29625,1147
2026-08-28T12:36:00+05:30,29625.5,29627,29605,29614.5,982
2026-08-28T12:42:00+05:30,29613.25,29619,29606,29613.25,530
2026-08-28T12:48:00+05:30,29615.75,29616.75,29599.75,29611.5,600
2026-08-28T12:54:00+05:30,29612.75,29624,29611.5,29613.75,486
2026-08-28T13:00:00+05:30,29613.5,29620,29607.25,29615.25,359
2026-08-28T13:06:00+05:30,29615,29620.25,29601.25,29602.5,355
2026-08-28T13:12:00+05:30,29603.75,29609.75,29593,29605,754
2026-08-28T13:18:00+05:30,29606,29625.75,29599.5,29605.25,560
2026-08-28T13:24:00+05:30,29606,29614.25,29600,29607,267
2026-08-28T13:30:00+05:30,29607,29620.5,29583,29583,1740
2026-08-28T13:36:00+05:30,29583.5,29591,29578.25,29583.25,779
2026-08-28T13:42:00+05:30,29585,29606,29581.75,29590.25,747
2026-08-28T13:48:00+05:30,29588.75,29596.5,29582.5,29592,412
2026-08-28T13:54:00+05:30,29592.75,29605.5,29591,29598.25,477
2026-08-28T14:00:00+05:30,29598.5,29632.75,29596.25,29628,736
2026-08-28T14:06:00+05:30,29628,29633.5,29624.25,29625.75,332
2026-08-28T14:12:00+05:30,29625.75,29629,29607,29613.25,596
2026-08-28T14:18:00+05:30,29613.75,29621.75,29608,29617.75,347
2026-08-28T14:24:00+05:30,29617.25,29624,29603,29619.75,516
2026-08-28T14:30:00+05:30,29619,29620,29604.5,29609,457
2026-08-28T14:36:00+05:30,29608,29617.5,29604,29615,239
2026-08-28T14:42:00+05:30,29616.25,29617.5,29603,29610,353
2026-08-28T14:48:00+05:30,29609.5,29614.5,29595.75,29612.25,447
2026-08-28T14:54:00+05:30,29612.5,29620.5,29607,29615.75,324
2026-08-28T15:00:00+05:30,29615.5,29618.5,29606,29615.75,188
2026-08-28T15:06:00+05:30,29615.75,29617,29603,29606.5,243
2026-08-28T15:12:00+05:30,29608,29611.75,29599,29601.75,247
2026-08-28T15:18:00+05:30,29603,29620.25,29600.75,29611.5,317
2026-08-28T15:24:00+05:30,29612,29614.75,29604.5,29605.5,220
2026-08-28T15:30:00+05:30,29606,29609,29597,29607.25,373
2026-08-28T15:36:00+05:30,29607,29610,29593.25,29609,444
2026-08-28T15:42:00+05:30,29609.25,29609.75,29593.5,29604,355
2026-08-28T15:48:00+05:30,29606,29613.75,29597.5,29613.5,238
2026-08-28T15:54:00+05:30,29613.25,29617.25,29606.25,29611.5,256
2026-08-28T16:00:00+05:30,29611.25,29623,29606,29606,332
2026-08-28T16:06:00+05:30,29606.75,29621,29606.75,29611,237
2026-08-28T16:12:00+05:30,29612.25,29616.75,29600,29606.25,414
2026-08-28T16:18:00+05:30,29606.5,29611,29598,29602.25,377
2026-08-28T16:24:00+05:30,29604.25,29625,29601.5,29622,396
2026-08-28T16:30:00+05:30,29622.25,29634.75,29603.75,29616.25,959
2026-08-28T16:36:00+05:30,29616,29616,29598.25,29600.75,529
2026-08-28T16:42:00+05:30,29601,29621.5,29600,29617.5,432
2026-08-28T16:48:00+05:30,29617.25,29635.25,29616,29632,581
2026-08-28T16:54:00+05:30,29632.5,29636.5,29629.25,29633.5,363
2026-08-28T17:00:00+05:30,29635,29640,29615.5,29616.5,415
2026-08-28T17:06:00+05:30,29617.25,29623.5,29613.5,29623,304
2026-08-28T17:12:00+05:30,29622.75,29623.75,29607,29613.25,328
2026-08-28T17:18:00+05:30,29612.25,29614.5,29604,29609.5,347
2026-08-28T17:24:00+05:30,29608.25,29613.25,29597.5,29603.5,427
2026-08-28T17:30:00+05:30,29601.5,29618.75,29597.5,29617,666
2026-08-28T17:36:00+05:30,29618.25,29629.5,29615.25,29619.75,749
2026-08-28T17:42:00+05:30,29618,29636.5,29614.75,29633.75,976
2026-08-28T17:48:00+05:30,29633.25,29659.25,29632.75,29658.75,1110
2026-08-28T17:54:00+05:30,29658.5,29663,29648.75,29661.5,955
2026-08-28T18:00:00+05:30,29661.25,29661.75,29615.25,29619.5,1209
2026-08-28T18:06:00+05:30,29617.75,29638.5,29615,29637,695
2026-08-28T18:12:00+05:30,29637.25,29662.75,29637.25,29650.5,1168
2026-08-28T18:18:00+05:30,29650.75,29664,29650.5,29657.75,969
2026-08-28T18:24:00+05:30,29657.25,29665,29652.75,29659,703
2026-08-28T18:30:00+05:30,29659,29681.75,29650.25,29659.75,2512
2026-08-28T18:36:00+05:30,29659,29667.75,29651,29658.75,1224
2026-08-28T18:42:00+05:30,29659.25,29662.75,29652.5,29655,686
2026-08-28T18:48:00+05:30,29655.25,29660.25,29643.5,29647,1195
2026-08-28T18:54:00+05:30,29646.5,29650,29622,29628,3224
2026-08-28T19:00:00+05:30,29628.5,29637,29562.75,29600,20299
2026-08-28T19:06:00+05:30,29599.75,29699,29592,29697.75,13626
2026-08-28T19:12:00+05:30,29698.75,29701.75,29660,29683,9781
2026-08-28T19:18:00+05:30,29683.75,29703.25,29625,29645.5,10953
2026-08-28T19:24:00+05:30,29646,29668,29625.75,29629,6708
2026-08-28T19:30:00+05:30,29632,29706,29588.75,29591.5,16538
2026-08-28T19:36:00+05:30,29592,29617.25,29542.75,29560.75,16573
2026-08-28T19:42:00+05:30,29560.5,29595,29505,29593.25,14881
2026-08-28T19:48:00+05:30,29593.75,29675.75,29588.75,29644.75,13105
2026-08-28T19:54:00+05:30,29645.75,29654,29604,29653.5,12321
2026-08-28T20:00:00+05:30,29653.5,29695.25,29632,29682.5,11396
2026-08-28T20:06:00+05:30,29683,29713,29673.25,29689.75,9696
2026-08-28T20:12:00+05:30,29689.75,29755,29688,29738,11241
2026-08-28T20:18:00+05:30,29737.75,29776,29734.5,29772,7843
2026-08-28T20:24:00+05:30,29772.5,29799,29767,29796.5,9587
2026-08-28T20:30:00+05:30,29796.5,29811.5,29778.5,29797.75,9627
2026-08-28T20:36:00+05:30,29798.75,29803.75,29744.5,29754.75,7472
2026-08-28T20:42:00+05:30,29753.5,29775,29735.25,29758.5,6660
2026-08-28T20:48:00+05:30,29757.75,29770.25,29738,29767.75,5535
2026-08-28T20:54:00+05:30,29767,29791.25,29764.25,29782.75,4788
2026-08-28T21:00:00+05:30,29783.25,29785.5,29758.75,29762.25,4317
2026-08-28T21:06:00+05:30,29762.5,29769,29663,29698,10062
2026-08-28T21:12:00+05:30,29698,29699.25,29650,29651.75,8448
2026-08-28T21:18:00+05:30,29652,29654.25,29585.5,29594.25,11909
2026-08-28T21:24:00+05:30,29594.5,29620.25,29544.25,29552.5,12210
2026-08-28T21:30:00+05:30,29553,29566.5,29509.75,29551.75,12267
2026-08-28T21:36:00+05:30,29551.5,29593,29533.75,29558.25,8562
2026-08-28T21:42:00+05:30,29558.75,29574,29518.75,29523.75,7079
2026-08-28T21:48:00+05:30,29525,29529.5,29478,29490,10879
2026-08-28T21:54:00+05:30,29490.75,29504.5,29464.5,29489,7845
2026-08-28T22:00:00+05:30,29488.5,29526,29475.75,29510.75,7541
2026-08-28T22:06:00+05:30,29510.5,29529.25,29478,29485.75,5795
2026-08-28T22:12:00+05:30,29486,29539,29475,29533.25,5870
2026-08-28T22:18:00+05:30,29534.25,29549,29518.25,29523.25,5320
2026-08-28T22:24:00+05:30,29523.25,29535.5,29499.75,29501.25,4306
2026-08-28T22:30:00+05:30,29502,29503,29446,29455.25,9484
2026-08-28T22:36:00+05:30,29455.75,29467.25,29436.25,29460,5490
2026-08-28T22:42:00+05:30,29459.5,29489.75,29459.5,29489.25,4728
2026-08-28T22:48:00+05:30,29488.25,29489.25,29452.25,29454.5,3923
2026-08-28T22:54:00+05:30,29455,29495.25,29453.75,29470,3691
2026-08-28T23:00:00+05:30,29470,29504.5,29464.75,29500.75,3517
2026-08-28T23:06:00+05:30,29499.5,29504.5,29461.25,29478.25,3648
2026-08-28T23:12:00+05:30,29478,29513.25,29473.75,29502.25,3601
2026-08-28T23:18:00+05:30,29503.25,29529.25,29502.5,29519.75,3236
2026-08-28T23:24:00+05:30,29519.75,29524,29494.25,29514.75,3812
2026-08-28T23:30:00+05:30,29515.75,29521.5,29496,29503.5,3476
2026-08-28T23:36:00+05:30,29501.75,29518.75,29495,29515.25,2426
2026-08-28T23:42:00+05:30,29514.75,29518.25,29482.75,29491.25,3738
2026-08-28T23:48:00+05:30,29492,29505,29471.25,29473.5,2588
2026-08-28T23:54:00+05:30,29474.25,29496.5,29473,29483.75,2992
2026-08-29T00:00:00+05:30,29483.25,29507,29479,29496.75,3044
2026-08-29T00:06:00+05:30,29496.25,29499,29479.25,29488.75,2870
2026-08-29T00:12:00+05:30,29489.5,29493.75,29476,29482.25,1998
2026-08-29T00:18:00+05:30,29481,29482,29441,29460.5,4639
2026-08-29T00:24:00+05:30,29460.5,29462.5,29443.25,29455.5,2935
2026-08-29T00:30:00+05:30,29456,29477.25,29443.5,29473.5,4231
2026-08-29T00:36:00+05:30,29473.5,29492.25,29454.5,29478.25,4708
2026-08-29T00:42:00+05:30,29478.25,29484,29465,29469,2598
2026-08-29T00:48:00+05:30,29469,29496.75,29464.5,29478.5,3014
2026-08-29T00:54:00+05:30,29479,29502,29476.5,29498.25,2627
2026-08-29T01:00:00+05:30,29498.5,29503.75,29484.75,29493,3473
2026-08-29T01:06:00+05:30,29492.75,29513.75,29482.25,29507.5,3797
2026-08-29T01:12:00+05:30,29507.25,29511.25,29474.25,29476.5,4937
2026-08-29T01:18:00+05:30,29477.25,29521.5,29473.5,29486.75,7464
2026-08-29T01:24:00+05:30,29486.75,29513.75,29482.5,29496.5,17388
2026-08-29T01:30:00+05:30,29496.5,29507.75,29486.5,29488.25,4191
2026-08-29T01:36:00+05:30,29488,29489,29478.25,29484,1497
2026-08-29T01:42:00+05:30,29484.25,29492.25,29481,29487.5,935
2026-08-29T01:48:00+05:30,29486.75,29492,29485.25,29488.75,482
2026-08-29T01:54:00+05:30,29489,29493.25,29486.5,29492,507
2026-08-29T02:00:00+05:30,29492,29493.5,29485,29491,1011
2026-08-29T02:06:00+05:30,29491,29498.75,29489.5,29493.25,673
2026-08-29T02:12:00+05:30,29493.5,29519.25,29493.5,29516.25,966
2026-08-29T02:18:00+05:30,29516.25,29517.5,29506.75,29514,913
2026-08-29T02:24:00+05:30,29514.25,29517.5,29509.5,29509.5,642
2026-08-31T03:30:00+05:30,29540,29546.25,29455.75,29466.25,2923
2026-08-31T03:36:00+05:30,29465.5,29470,29448,29450,926
2026-08-31T03:42:00+05:30,29451.25,29477.5,29446.75,29473.75,683
2026-08-31T03:48:00+05:30,29473.5,29495,29469.5,29488.5,677
2026-08-31T03:54:00+05:30,29488,29489.25,29470.5,29473,425
2026-08-31T04:00:00+05:30,29474.75,29476.5,29451.5,29452.75,679
2026-08-31T04:06:00+05:30,29452.75,29454,29432.5,29443.25,1352
2026-08-31T04:12:00+05:30,29443.25,29453.5,29428,29446.75,876
2026-08-31T04:18:00+05:30,29446.75,29447,29438,29446.25,330
2026-08-31T04:24:00+05:30,29445.5,29447.5,29437,29442.5,224
2026-08-31T04:30:00+05:30,29442.5,29443.75,29428.75,29433.5,515
2026-08-31T04:36:00+05:30,29434,29449.25,29426.5,29430.5,718
2026-08-31T04:42:00+05:30,29430.5,29433.5,29405.75,29413.25,1277
2026-08-31T04:48:00+05:30,29415,29416,29371.25,29372.75,1537
2026-08-31T04:54:00+05:30,29373.5,29389.75,29369,29371.75,1161
2026-08-31T05:00:00+05:30,29372,29372.75,29348,29367.25,1463
2026-08-31T05:06:00+05:30,29367.5,29375.5,29321.25,29343.5,1492
2026-08-31T05:12:00+05:30,29343,29356.25,29303.5,29319.5,1464
2026-08-31T05:18:00+05:30,29319.25,29330.5,29301.25,29320,1169
2026-08-31T05:24:00+05:30,29318.75,29324.75,29289,29289.75,1618
2026-08-31T05:30:00+05:30,29291,29302,29273.5,29285.75,1807
2026-08-31T05:36:00+05:30,29286,29322.75,29274.25,29321.25,1625
2026-08-31T05:42:00+05:30,29323.25,29367,29312.75,29359.5,1966
2026-08-31T05:48:00+05:30,29360.25,29374.75,29341.5,29372.5,1037
2026-08-31T05:54:00+05:30,29372,29378.25,29354,29372,820
2026-08-31T06:00:00+05:30,29370.25,29398,29366.75,29397,1190
2026-08-31T06:06:00+05:30,29398,29398.5,29378.75,29387.5,789
2026-08-31T06:12:00+05:30,29387.25,29398.5,29369,29377.75,973
2026-08-31T06:18:00+05:30,29377.5,29393,29368,29384.25,747
2026-08-31T06:24:00+05:30,29384.75,29387.75,29350.5,29357,1004
2026-08-31T06:30:00+05:30,29358.25,29358.25,29304.75,29325,2238
2026-08-31T06:36:00+05:30,29325.25,29341,29292.5,29298.75,1261
2026-08-31T06:42:00+05:30,29299.5,29332.5,29292.75,29316.25,1308
2026-08-31T06:48:00+05:30,29319.25,29340.25,29304,29305,1177
2026-08-31T06:54:00+05:30,29305.75,29339.5,29304,29331.75,757
2026-08-31T07:00:00+05:30,29330.25,29336.75,29308.5,29310.75,956
2026-08-31T07:06:00+05:30,29310.5,29334.25,29306.5,29326,842
2026-08-31T07:12:00+05:30,29326.25,29338,29302.75,29310,877
2026-08-31T07:18:00+05:30,29311,29321.25,29302.25,29317.25,836
2026-08-31T07:24:00+05:30,29315.5,29331.5,29304,29327,612
2026-08-31T07:30:00+05:30,29325.75,29343.25,29308.5,29342,1077
2026-08-31T07:36:00+05:30,29344,29362.75,29336,29350.25,861
2026-08-31T07:42:00+05:30,29350,29361.75,29338.25,29346.25,646
2026-08-31T07:48:00+05:30,29346,29347,29315,29324,1488
2026-08-31T07:54:00+05:30,29323,29340.25,29304.5,29331.5,989
2026-08-31T08:00:00+05:30,29327,29335.25,29288.75,29292.5,1017
2026-08-31T08:06:00+05:30,29292,29308,29287,29290.25,799
2026-08-31T08:12:00+05:30,29289.25,29325.5,29288,29324.5,838
2026-08-31T08:18:00+05:30,29323.5,29326,29287.75,29307.25,893
2026-08-31T08:24:00+05:30,29308.75,29346.5,29304.25,29344.25,763
2026-08-31T08:30:00+05:30,29346,29359.75,29336.75,29349.5,829
2026-08-31T08:36:00+05:30,29349.75,29367.25,29346.75,29362,486
2026-08-31T08:42:00+05:30,29360.5,29363,29348.25,29353.25,495
2026-08-31T08:48:00+05:30,29352.5,29356,29346,29352.75,310
2026-08-31T08:54:00+05:30,29352.5,29358,29343,29344,456
2026-08-31T09:00:00+05:30,29345.75,29351,29339.25,29348.75,417
2026-08-31T09:06:00+05:30,29348.5,29351,29337.75,29345.75,314
2026-08-31T09:12:00+05:30,29346.25,29351,29338.75,29342,203
2026-08-31T09:18:00+05:30,29342.75,29349,29339.25,29341.25,203
2026-08-31T09:24:00+05:30,29341.25,29353.5,29341.25,29352.25,207
2026-08-31T09:30:00+05:30,29352.5,29354.75,29341.5,29346.75,280
2026-08-31T09:36:00+05:30,29348,29351.25,29344.5,29347.25,118
2026-08-31T09:42:00+05:30,29347,29354.75,29342.25,29351.25,228
2026-08-31T09:48:00+05:30,29351.5,29357,29346,29346,347
2026-08-31T09:54:00+05:30,29345.75,29353.75,29343.5,29347.25,106
2026-08-31T10:00:00+05:30,29348,29351.25,29333.75,29348.25,386
2026-08-31T10:06:00+05:30,29349.75,29384.75,29349.75,29380,1074
2026-08-31T10:12:00+05:30,29379.5,29383,29369.75,29378.5,214
2026-08-31T10:18:00+05:30,29378.75,29395.5,29365.5,29394.5,627
2026-08-31T10:24:00+05:30,29393.5,29423.75,29392,29414.75,1192
2026-08-31T10:30:00+05:30,29415,29437.75,29407.75,29426.75,803
2026-08-31T10:36:00+05:30,29427.25,29430,29417.75,29423,484
2026-08-31T10:42:00+05:30,29424,29457.5,29422.75,29455.75,780
2026-08-31T10:48:00+05:30,29455.75,29477,29454.75,29462.75,1158
2026-08-31T10:54:00+05:30,29463.5,29477.25,29461.25,29470,450
2026-08-31T11:00:00+05:30,29470,29474.25,29443.75,29448,829
2026-08-31T11:06:00+05:30,29449.25,29452,29426.25,29431.25,699
2026-08-31T11:12:00+05:30,29431.75,29456.25,29431,29441.25,705
2026-08-31T11:18:00+05:30,29439,29446,29432,29440.5,388
2026-08-31T11:24:00+05:30,29441.25,29462.5,29440.75,29462.25,554
2026-08-31T11:30:00+05:30,29462,29475.5,29448.75,29474.25,726
2026-08-31T11:36:00+05:30,29474.5,29492.25,29470,29489.25,990
2026-08-31T11:42:00+05:30,29488.5,29514.25,29485.75,29511.5,1145
2026-08-31T11:48:00+05:30,29511.5,29518.5,29505.25,29510.25,982
2026-08-31T11:54:00+05:30,29510.25,29515,29501.25,29512.5,631
2026-08-31T12:00:00+05:30,29512.5,29514.25,29495.75,29502,718
2026-08-31T12:06:00+05:30,29502.5,29518.75,29501.5,29511,494
2026-08-31T12:12:00+05:30,29510.25,29528.5,29505,29519,641
2026-08-31T12:18:00+05:30,29518.75,29519.75,29503.5,29515,411
2026-08-31T12:24:00+05:30,29513.25,29520,29512.25,29517.75,241
2026-08-31T12:30:00+05:30,29516.25,29518.75,29503.75,29509,552
2026-08-31T12:36:00+05:30,29510,29521,29500.75,29507.25,365
2026-08-31T12:42:00+05:30,29507.5,29514.5,29502,29505.75,318
2026-08-31T12:48:00+05:30,29504.5,29514.5,29500,29510.25,245
2026-08-31T12:54:00+05:30,29510.25,29521.25,29503.5,29509.75,347
2026-08-31T13:00:00+05:30,29508.25,29517.25,29503.75,29516.25,239
2026-08-31T13:06:00+05:30,29518,29522.75,29501,29505.25,416
2026-08-31T13:12:00+05:30,29505,29508.25,29502.5,29505.5,259
2026-08-31T13:18:00+05:30,29504,29505.5,29493.5,29500.25,295
2026-08-31T13:24:00+05:30,29500,29510.75,29498,29508.25,275
2026-08-31T13:30:00+05:30,29508.5,29534.75,29487.25,29500.5,1651
2026-08-31T13:36:00+05:30,29498,29535,29485,29531,975
2026-08-31T13:42:00+05:30,29531.25,29534,29501.75,29501.75,638
2026-08-31T13:48:00+05:30,29505,29505.5,29485.5,29500.25,641
2026-08-31T13:54:00+05:30,29500.5,29505.75,29492.5,29500.75,303
2026-08-31T14:00:00+05:30,29500.25,29502.25,29490.25,29494.5,309
2026-08-31T14:06:00+05:30,29494,29499.75,29482.75,29484,529
2026-08-31T14:12:00+05:30,29484.25,29490.5,29475,29487,586
2026-08-31T14:18:00+05:30,29485.5,29497,29482.75,29496,337
2026-08-31T14:24:00+05:30,29497.25,29498.5,29480.25,29485,314
2026-08-31T14:30:00+05:30,29485.25,29489,29470.75,29474.75,339
2026-08-31T14:36:00+05:30,29474.25,29496.75,29471.25,29490.75,567
2026-08-31T14:42:00+05:30,29490,29509.25,29488.75,29497,580
2026-08-31T14:48:00+05:30,29498,29509,29490,29491,503
2026-08-31T14:54:00+05:30,29491.25,29499.75,29490.5,29491.25,119
2026-08-31T15:00:00+05:30,29491.75,29492.5,29480,29481.25,339
2026-08-31T15:06:00+05:30,29482,29483.75,29467,29469,345
2026-08-31T15:12:00+05:30,29470.25,29473.25,29458.25,29459.25,350
2026-08-31T15:18:00+05:30,29458.5,29461.25,29447.25,29450.5,599
2026-08-31T15:24:00+05:30,29450.75,29454,29445.5,29450.5,273
2026-08-31T15:30:00+05:30,29451.5,29455.75,29440.5,29452.5,768
2026-08-31T15:36:00+05:30,29451.75,29460,29447.5,29449.5,500
2026-08-31T15:42:00+05:30,29449.5,29460,29445.75,29452.75,563
2026-08-31T15:48:00+05:30,29452,29466.25,29445.75,29463.5,559
2026-08-31T15:54:00+05:30,29465,29467.75,29450,29461,398
2026-08-31T16:00:00+05:30,29460.75,29461,29450,29454.5,249
2026-08-31T16:06:00+05:30,29455,29460.25,29452,29456.5,133
2026-08-31T16:12:00+05:30,29457,29459,29450,29457,158
2026-08-31T16:18:00+05:30,29457.75,29471.5,29450.5,29465.75,384
2026-08-31T16:24:00+05:30,29466,29466,29456.75,29458.75,315
2026-08-31T16:30:00+05:30,29458.25,29463.5,29436.75,29439.25,848
2026-08-31T16:36:00+05:30,29438.5,29460.25,29438.25,29455.25,457
2026-08-31T16:42:00+05:30,29455.5,29458.5,29435.5,29449.75,533
2026-08-31T16:48:00+05:30,29448.25,29461.5,29446.75,29453.25,515
2026-08-31T16:54:00+05:30,29452.5,29471,29452,29465,476
2026-08-31T17:00:00+05:30,29465.5,29466.75,29437.5,29439.75,741
2026-08-31T17:06:00+05:30,29439,29459.75,29434,29443,529
2026-08-31T17:12:00+05:30,29442,29442,29425.75,29428.25,749
2026-08-31T17:18:00+05:30,29428.25,29439.75,29425.25,29427.75,493
2026-08-31T17:24:00+05:30,29428.5,29435.25,29427.25,29429.75,263
2026-08-31T17:30:00+05:30,29429.75,29451,29427.75,29450.75,801
2026-08-31T17:36:00+05:30,29449,29470,29398.5,29439.25,2103
2026-08-31T17:42:00+05:30,29438,29464.25,29435.75,29464,571
2026-08-31T17:48:00+05:30,29464.25,29486,29438.75,29442,1001
2026-08-31T17:54:00+05:30,29441,29445.25,29397,29415.75,2029
2026-08-31T18:00:00+05:30,29415.75,29435.75,29403.25,29434,1144
2026-08-31T18:06:00+05:30,29433.75,29442.25,29393.25,29396.25,1790
2026-08-31T18:12:00+05:30,29396.5,29407.5,29389.75,29397.75,1138
2026-08-31T18:18:00+05:30,29396.75,29404,29390.5,29391,854
2026-08-31T18:24:00+05:30,29390.75,29393.5,29380,29389,1313
2026-08-31T18:30:00+05:30,29389.5,29398,29377.5,29391.5,1864
2026-08-31T18:36:00+05:30,29391.25,29400.25,29384.5,29392.75,1035
2026-08-31T18:42:00+05:30,29392.75,29423,29392.5,29419.75,1318
2026-08-31T18:48:00+05:30,29420.25,29425,29414.5,29419.25,1003
2026-08-31T18:54:00+05:30,29419.75,29445.25,29411,29438.5,3416
2026-08-31T19:00:00+05:30,29437.75,29516.75,29408,29409.25,19381
2026-08-31T19:06:00+05:30,29410.25,29438.5,29390.25,29411.25,13860
2026-08-31T19:12:00+05:30,29410.75,29475.5,29387.75,29470,13693
2026-08-31T19:18:00+05:30,29469,29474.5,29412.75,29462,11568
2026-08-31T19:24:00+05:30,29461.75,29479,29431.25,29438.75,7940
2026-08-31T19:30:00+05:30,29439.25,29447.75,29394.5,29415.5,8028
2026-08-31T19:36:00+05:30,29415,29419,29373.25,29388.5,8598
2026-08-31T19:42:00+05:30,29387.5,29419.75,29371,29414.75,7048
2026-08-31T19:48:00+05:30,29415.75,29431.5,29378,29386.75,7074
2026-08-31T19:54:00+05:30,29386.75,29387.5,29355,29376.25,6499
2026-08-31T20:00:00+05:30,29374.25,29404.5,29364.5,29401.75,5209
2026-08-31T20:06:00+05:30,29402,29429.5,29400.5,29416.75,5670
2026-08-31T20:12:00+05:30,29417,29434.75,29399.25,29410.75,6141
2026-08-31T20:18:00+05:30,29411,29417.5,29384.25,29389.25,4133
2026-08-31T20:24:00+05:30,29389.5,29444.25,29388.5,29416,6609
2026-08-31T20:30:00+05:30,29415.25,29442.5,29395.5,29421.5,6698
2026-08-31T20:36:00+05:30,29421.5,29436.25,29403,29407.5,4622
2026-08-31T20:42:00+05:30,29408,29431,29399.25,29401.5,3932
2026-08-31T20:48:00+05:30,29401.75,29442.5,29396.5,29425.75,4948
2026-08-31T20:54:00+05:30,29426.25,29445.75,29415.75,29421,4502
2026-08-31T21:00:00+05:30,29420.5,29424.75,29386.25,29395.75,5309
2026-08-31T21:06:00+05:30,29395.75,29404.5,29383,29392.5,3249
2026-08-31T21:12:00+05:30,29392.25,29418.5,29386.25,29402.25,4100
2026-08-31T21:18:00+05:30,29402.25,29432.75,29401.5,29422.25,3707
2026-08-31T21:24:00+05:30,29422.5,29424.5,29384.5,29388.75,4474
2026-08-31T21:30:00+05:30,29389.25,29390.5,29365,29368.25,4558
2026-08-31T21:36:00+05:30,29367.75,29408,29362.5,29406.5,4857
2026-08-31T21:42:00+05:30,29406,29412.75,29381.5,29389.75,3845
2026-08-31T21:48:00+05:30,29390.25,29407.25,29385,29392.5,2947
2026-08-31T21:54:00+05:30,29392.5,29426.5,29391.5,29425,3474
2026-08-31T22:00:00+05:30,29425,29426.75,29408,29419.5,3921
2026-08-31T22:06:00+05:30,29419,29424,29394.25,29423.25,3072
2026-08-31T22:12:00+05:30,29423.75,29430.75,29409.5,29413.5,2656
2026-08-31T22:18:00+05:30,29413.25,29439.75,29412,29433.25,3192
2026-08-31T22:24:00+05:30,29433.25,29443.25,29428.25,29440.5,2415
2026-08-31T22:30:00+05:30,29440,29441,29423,29428,2369
2026-08-31T22:36:00+05:30,29428,29430.5,29415.25,29420,1891
2026-08-31T22:42:00+05:30,29419.75,29434,29416,29421.75,2242
2026-08-31T22:48:00+05:30,29422.5,29425.5,29411.25,29424.25,2015
2026-08-31T22:54:00+05:30,29424,29424,29393.25,29396.75,2393
2026-08-31T23:00:00+05:30,29396.75,29405,29388,29397.25,3230
2026-08-31T23:06:00+05:30,29397.5,29432.5,29394,29432.5,3167
2026-08-31T23:12:00+05:30,29432,29443.75,29422.25,29439.25,3122
2026-08-31T23:18:00+05:30,29439.75,29457.5,29436,29452.75,3078
2026-08-31T23:24:00+05:30,29453,29456.25,29432.5,29442,2527
2026-08-31T23:30:00+05:30,29442,29453.75,29422.25,29444,3958
2026-08-31T23:36:00+05:30,29444,29458.75,29443.25,29447.75,2206
2026-08-31T23:42:00+05:30,29447.5,29457.75,29442.25,29451,1771
2026-08-31T23:48:00+05:30,29450.5,29464.25,29444.5,29455.25,2067
2026-08-31T23:54:00+05:30,29455.25,29460.25,29437.25,29438.25,2415
2026-09-01T00:00:00+05:30,29438,29443.25,29409.75,29411.5,3236
2026-09-01T00:06:00+05:30,29411.5,29415.75,29390,29390.75,4173
2026-09-01T00:12:00+05:30,29390.75,29402.75,29382.5,29394.5,3144
2026-09-01T00:18:00+05:30,29394.25,29415,29390.5,29410.25,2912
2026-09-01T00:24:00+05:30,29410.5,29420.25,29400.25,29403.75,2508
2026-09-01T00:30:00+05:30,29404.5,29425.5,29404.5,29410.75,2625
2026-09-01T00:36:00+05:30,29410.75,29428.25,29403.5,29421.75,2468
2026-09-01T00:42:00+05:30,29421.75,29429.75,29414.75,29423.25,2289
2026-09-01T00:48:00+05:30,29423.25,29441.75,29417.25,29432.25,2819
2026-09-01T00:54:00+05:30,29432.75,29453.5,29427.75,29448.25,3205
2026-09-01T01:00:00+05:30,29447.75,29449.5,29430.5,29448.25,3029
2026-09-01T01:06:00+05:30,29448.25,29457.5,29445.25,29456.75,2664
2026-09-01T01:12:00+05:30,29456.75,29485.75,29456,29463.75,6337
2026-09-01T01:18:00+05:30,29464,29534.5,29458.5,29519,10728
2026-09-01T01:24:00+05:30,29519.25,29538.25,29498,29506.5,21403
2026-09-01T01:30:00+05:30,29506.25,29527.5,29503.75,29519.5,5579
2026-09-01T01:36:00+05:30,29519.25,29527.25,29514,29520.75,1391
2026-09-01T01:42:00+05:30,29520.75,29521.75,29508,29513,1244
2026-09-01T01:48:00+05:30,29513.75,29515,29507,29508.5,497
2026-09-01T01:54:00+05:30,29508.75,29516.75,29508,29513.75,472
2026-09-01T02:00:00+05:30,29513,29516,29510,29516,371
2026-09-01T02:06:00+05:30,29516.5,29518.5,29513.25,29518.5,291
2026-09-01T02:12:00+05:30,29518.75,29520.5,29511.75,29512.25,513
2026-09-01T02:18:00+05:30,29512,29517.5,29507,29516.75,428
2026-09-01T02:24:00+05:30,29516.5,29521.25,29513.75,29521,499
2026-09-01T03:30:00+05:30,29518.25,29522.5,29501.5,29509,858
2026-09-01T03:36:00+05:30,29509.25,29510.75,29501.25,29505.75,372
2026-09-01T03:42:00+05:30,29507.5,29509.75,29498.5,29502.5,254
2026-09-01T03:48:00+05:30,29501.5,29503.25,29498.75,29500.5,117
2026-09-01T03:54:00+05:30,29500.25,29505.75,29500,29501.75,139
2026-09-01T04:00:00+05:30,29502.5,29506.5,29501.75,29503.5,195
2026-09-01T04:06:00+05:30,29503.5,29508.25,29503,29504.5,123
2026-09-01T04:12:00+05:30,29504,29506.75,29500.75,29501,149
2026-09-01T04:18:00+05:30,29501.25,29501.25,29491,29491.75,393
2026-09-01T04:24:00+05:30,29491.75,29497,29491.75,29493.5,181
2026-09-01T04:30:00+05:30,29493.25,29505,29490,29494,371
2026-09-01T04:36:00+05:30,29493.5,29499.5,29491,29494.5,277
2026-09-01T04:42:00+05:30,29495.25,29498.75,29490,29494.25,158
2026-09-01T04:48:00+05:30,29494.25,29495.75,29486,29488.25,233
2026-09-01T04:54:00+05:30,29488,29499.5,29487,29497,227
2026-09-01T05:00:00+05:30,29495.5,29514.25,29494.5,29513,633
2026-09-01T05:06:00+05:30,29513.5,29515,29493.5,29505.75,508
2026-09-01T05:12:00+05:30,29506.25,29519.5,29501.5,29503.5,507
2026-09-01T05:18:00+05:30,29505.25,29511,29503,29508.75,193
2026-09-01T05:24:00+05:30,29508,29508.75,29496.5,29501.25,350
2026-09-01T05:30:00+05:30,29503.25,29518.75,29480.5,29510.25,1568
2026-09-01T05:36:00+05:30,29509.75,29521.75,29497.75,29507.5,771
2026-09-01T05:42:00+05:30,29507.75,29509.25,29478.25,29496.25,1127
2026-09-01T05:48:00+05:30,29497.5,29518.75,29496.75,29510.5,672
2026-09-01T05:54:00+05:30,29509.5,29514.5,29495.75,29501,696
2026-09-01T06:00:00+05:30,29501,29520.5,29484.25,29488.25,935
2026-09-01T06:06:00+05:30,29488.75,29504.25,29485.75,29499,457
2026-09-01T06:12:00+05:30,29500,29507.75,29492.5,29500.75,583
2026-09-01T06:18:00+05:30,29501.75,29508.5,29494.25,29502,339
2026-09-01T06:24:00+05:30,29501,29508,29491.75,29506,261
2026-09-01T06:30:00+05:30,29506,29514.25,29501.5,29510.25,654
2026-09-01T06:36:00+05:30,29509.75,29513.25,29491.5,29501,621
2026-09-01T06:42:00+05:30,29502.25,29515.5,29498.75,29512.75,503
2026-09-01T06:48:00+05:30,29511.75,29516.25,29504,29510.25,350
2026-09-01T06:54:00+05:30,29510.25,29512,29477,29484,1279
2026-09-01T07:00:00+05:30,29483,29508.25,29475,29508,1005
2026-09-01T07:06:00+05:30,29506.25,29515.5,29491.75,29496,889
2026-09-01T07:12:00+05:30,29496.5,29511,29495.5,29507.5,561
2026-09-01T07:18:00+05:30,29506,29507,29501.25,29501.25,210
2026-09-01T07:24:00+05:30,29501.5,29505,29490.5,29499.75,410
2026-09-01T07:30:00+05:30,29498,29502.75,29487.5,29488.75,377
2026-09-01T07:36:00+05:30,29487.75,29492,29476.75,29478.75,692
2026-09-01T07:42:00+05:30,29478.5,29485,29475,29480,390
2026-09-01T07:48:00+05:30,29480.75,29486.5,29473,29475,369
2026-09-01T07:54:00+05:30,29474.25,29479.5,29452.75,29459.75,974
2026-09-01T08:00:00+05:30,29460,29472.5,29448.5,29451.25,822
2026-09-01T08:06:00+05:30,29452,29454.25,29437.5,29442,789
2026-09-01T08:12:00+05:30,29441,29452.25,29434.75,29448.75,664
2026-09-01T08:18:00+05:30,29447.75,29458.25,29447.75,29454.75,464
2026-09-01T08:24:00+05:30,29455.75,29493.25,29454.25,29492,1137
2026-09-01T08:30:00+05:30,29491.5,29493.75,29471.25,29476.5,823
2026-09-01T08:36:00+05:30,29477,29478.75,29468,29471.75,348
2026-09-01T08:42:00+05:30,29471.5,29476.5,29466.75,29470.25,239
2026-09-01T08:48:00+05:30,29471,29476,29464.75,29468.25,244
2026-09-01T08:54:00+05:30,29468,29474,29459.25,29464.25,584
2026-09-01T09:00:00+05:30,29465.5,29475,29461.25,29472.5,240
2026-09-01T09:06:00+05:30,29471,29483.25,29470.25,29480.25,403
2026-09-01T09:12:00+05:30,29479.75,29484.5,29474.75,29481.25,269
2026-09-01T09:18:00+05:30,29481,29488.5,29480,29484,295
2026-09-01T09:24:00+05:30,29483.5,29485.75,29479.25,29485.75,173
2026-09-01T09:30:00+05:30,29487.25,29497.25,29482.75,29487,478
2026-09-01T09:36:00+05:30,29486.5,29490.75,29481,29490.75,217
2026-09-01T09:42:00+05:30,29486.25,29499,29484.25,29497.25,301
2026-09-01T09:48:00+05:30,29497,29500.5,29492.75,29494.75,260
2026-09-01T09:54:00+05:30,29495.75,29501.5,29485.5,29492.75,621
2026-09-01T10:00:00+05:30,29493.75,29503,29489.5,29493.75,350
2026-09-01T10:06:00+05:30,29494,29499.75,29481,29482.5,300
2026-09-01T10:12:00+05:30,29482.75,29494,29467,29491,808
2026-09-01T10:18:00+05:30,29490.25,29493,29474,29476.25,438
2026-09-01T10:24:00+05:30,29476.5,29477.75,29466,29473.75,606
2026-09-01T10:30:00+05:30,29473.25,29474.5,29460,29471.75,480
2026-09-01T10:36:00+05:30,29471.5,29475.75,29467.25,29468,220
2026-09-01T10:42:00+05:30,29470,29470.25,29462.25,29462.25,209
2026-09-01T10:48:00+05:30,29464,29464,29447.25,29450.25,511
2026-09-01T10:54:00+05:30,29450.25,29487.75,29447.75,29486,851
2026-09-01T11:00:00+05:30,29485,29503.25,29482.25,29495,914
2026-09-01T11:06:00+05:30,29496,29523,29496,29520,1742
2026-09-01T11:12:00+05:30,29520.25,29537.5,29517.75,29531.5,1180
2026-09-01T11:18:00+05:30,29531.75,29539.25,29521.75,29537,544
2026-09-01T11:24:00+05:30,29537.25,29571.25,29535.5,29561.5,1619
2026-09-01T11:30:00+05:30,29561.75,29568,29531,29546,1189
2026-09-01T11:36:00+05:30,29544.5,29558,29538.5,29551.25,691
2026-09-01T11:42:00+05:30,29552.25,29552.25,29529.25,29542.5,649
2026-09-01T11:48:00+05:30,29542.5,29545.25,29526,29529.25,560
2026-09-01T11:54:00+05:30,29529,29536.75,29514.75,29517.5,669
2026-09-01T12:00:00+05:30,29516.5,29535,29513.75,29526.5,524
2026-09-01T12:06:00+05:30,29525.75,29538,29514.5,29534.25,443
2026-09-01T12:12:00+05:30,29535,29545,29524.25,29527,535
2026-09-01T12:18:00+05:30,29527,29531.5,29524,29527.75,272
2026-09-01T12:24:00+05:30,29528,29531.75,29514.5,29515.75,478
2026-09-01T12:30:00+05:30,29515.5,29554.5,29512.25,29548,1142
2026-09-01T12:36:00+05:30,29548,29553.5,29515.25,29523.75,1178
2026-09-01T12:42:00+05:30,29523.75,29556.75,29520.75,29541.5,853
2026-09-01T12:48:00+05:30,29540.75,29549.5,29528.25,29542.75,389
2026-09-01T12:54:00+05:30,29542.5,29554.75,29539,29545,376
2026-09-01T13:00:00+05:30,29546.75,29547,29502,29507,1126
2026-09-01T13:06:00+05:30,29508,29508.5,29464.75,29470,1615
2026-09-01T13:12:00+05:30,29470.5,29471.5,29439,29464.25,1260
2026-09-01T13:18:00+05:30,29464.25,29478.75,29457.25,29458.5,878
2026-09-01T13:24:00+05:30,29457.25,29468.5,29430,29436.25,1120
2026-09-01T13:30:00+05:30,29436.25,29449,29411.75,29413.25,1838
2026-09-01T13:36:00+05:30,29412,29419.25,29327,29348.5,4770
2026-09-01T13:42:00+05:30,29348.75,29361.25,29320.75,29326.5,1481
2026-09-01T13:48:00+05:30,29327.25,29335.25,29309.25,29311.5,1488
2026-09-01T13:54:00+05:30,29311.5,29319.25,29279,29285.5,2667
2026-09-01T14:00:00+05:30,29286,29312,29281.25,29294,1095
2026-09-01T14:06:00+05:30,29295.75,29305.25,29256.5,29262,2091
2026-09-01T14:12:00+05:30,29261.25,29273,29246.75,29266.75,1297
2026-09-01T14:18:00+05:30,29267,29274.75,29248.25,29264.5,973
2026-09-01T14:24:00+05:30,29263.75,29279.75,29231,29235.25,1387
2026-09-01T14:30:00+05:30,29235.75,29243.25,29211.5,29226.25,1915
2026-09-01T14:36:00+05:30,29226.75,29226.75,29201.75,29211.75,1212
2026-09-01T14:42:00+05:30,29213.5,29220,29195.75,29210.5,1064
2026-09-01T14:48:00+05:30,29211.25,29216.5,29185.5,29201.25,1319
2026-09-01T14:54:00+05:30,29200.25,29201.75,29189.25,29197,580
2026-09-01T15:00:00+05:30,29199,29208,29193.75,29197.5,868
2026-09-01T15:06:00+05:30,29197,29206,29184.25,29203,854
2026-09-01T15:12:00+05:30,29202.25,29228,29200.75,29226.25,1059
2026-09-01T15:18:00+05:30,29226.25,29226.75,29213.75,29221,582
2026-09-01T15:24:00+05:30,29221,29224.75,29211.5,29212.5,508
2026-09-01T15:30:00+05:30,29212.5,29227.25,29201.25,29215.5,782
2026-09-01T15:36:00+05:30,29216,29221.75,29205,29218,403
2026-09-01T15:42:00+05:30,29217.75,29229.25,29217.75,29224.5,538
2026-09-01T15:48:00+05:30,29225.25,29248.25,29211.75,29244.75,945
2026-09-01T15:54:00+05:30,29245.5,29248.75,29233,29237.5,645
2026-09-01T16:00:00+05:30,29237.75,29257.25,29235.75,29250,600
2026-09-01T16:06:00+05:30,29251.25,29257.75,29237.25,29238.75,438
2026-09-01T16:12:00+05:30,29240.5,29244,29220,29235.75,1314
2026-09-01T16:18:00+05:30,29235.5,29236.25,29197.25,29205.75,1246
2026-09-01T16:24:00+05:30,29207,29216,29207,29210,495
2026-09-01T16:30:00+05:30,29209.25,29213.25,29178,29186,1793
2026-09-01T16:36:00+05:30,29186.5,29203,29184.5,29199,902
2026-09-01T16:42:00+05:30,29200.25,29210.75,29194.25,29207.75,711
2026-09-01T16:48:00+05:30,29207.5,29216.75,29196.75,29206.25,709
2026-09-01T16:54:00+05:30,29205.75,29212,29196.25,29208.75,660
2026-09-01T17:00:00+05:30,29207.75,29225.75,29205.75,29212.5,1120
2026-09-01T17:06:00+05:30,29212.75,29237.75,29212.75,29237.75,771
2026-09-01T17:12:00+05:30,29236.25,29238,29210,29211.75,695
2026-09-01T17:18:00+05:30,29212.5,29218.75,29204.5,29215.75,926
2026-09-01T17:24:00+05:30,29215.5,29217,29167.75,29172.5,1726
2026-09-01T17:30:00+05:30,29171.5,29179.5,29157.5,29161.5,1742
2026-09-01T17:36:00+05:30,29161.5,29172.5,29153.75,29157.25,1444
2026-09-01T17:42:00+05:30,29156.75,29173,29156,29169.75,1277
2026-09-01T17:48:00+05:30,29168.75,29169.5,29137.5,29158,2367
2026-09-01T17:54:00+05:30,29158.75,29171.5,29150.75,29170.5,1222
2026-09-01T18:00:00+05:30,29169.75,29170.5,29138,29139.75,1919
2026-09-01T18:06:00+05:30,29139.75,29154.5,29126.25,29139,2138
2026-09-01T18:12:00+05:30,29138.75,29153,29123.25,29149.5,1925
2026-09-01T18:18:00+05:30,29149.5,29149.75,29123.75,29129,1775
2026-09-01T18:24:00+05:30,29129.75,29134.5,29122.25,29125.75,1188
2026-09-01T18:30:00+05:30,29125.75,29126.25,29095,29101.5,3914
2026-09-01T18:36:00+05:30,29102.25,29104.5,29087,29093.25,2790
2026-09-01T18:42:00+05:30,29093.25,29102.75,29085.75,29092,2150
2026-09-01T18:48:00+05:30,29092,29114.5,29084.25,29112.25,2269
2026-09-01T18:54:00+05:30,29111.75,29122.75,29100,29112,3977
2026-09-01T19:00:00+05:30,29111.75,29140.5,29062.75,29117.25,22801
2026-09-01T19:06:00+05:30,29117.75,29126.75,29040.25,29051.5,15844
2026-09-01T19:12:00+05:30,29051.25,29143,29044.25,29125.25,13581
2026-09-01T19:18:00+05:30,29125.25,29158,29109.75,29120.5,10340
2026-09-01T19:24:00+05:30,29120.5,29130,29092,29105,7368
2026-09-01T19:30:00+05:30,29106,29138.25,29085.25,29122.25,10070
2026-09-01T19:36:00+05:30,29122.25,29161.75,29119.75,29130.25,8190
2026-09-01T19:42:00+05:30,29131,29174.25,29116,29151,9353
2026-09-01T19:48:00+05:30,29151.25,29179.5,29135.5,29159.25,6590
2026-09-01T19:54:00+05:30,29159,29178,29152.5,29165.25,5007
2026-09-01T20:00:00+05:30,29165.25,29215,29162.25,29207,7923
2026-09-01T20:06:00+05:30,29207.25,29223.5,29196.5,29213,6108
2026-09-01T20:12:00+05:30,29213.5,29253,29209.5,29251.75,6601
2026-09-01T20:18:00+05:30,29252,29268,29220.25,29230,8504
2026-09-01T20:24:00+05:30,29230.5,29234.25,29207,29228,5979
2026-09-01T20:30:00+05:30,29228.5,29241.5,29200.5,29211.75,5914
2026-09-01T20:36:00+05:30,29212.25,29212.75,29180.5,29182.75,5583
2026-09-01T20:42:00+05:30,29183,29200,29178.25,29187.5,4499
2026-09-01T20:48:00+05:30,29186.5,29212,29185.25,29210.75,4216
2026-09-01T20:54:00+05:30,29210,29233.25,29207.5,29232.5,3925
2026-09-01T21:00:00+05:30,29232.25,29245.25,29224.25,29236.5,5223
2026-09-01T21:06:00+05:30,29236.5,29282.75,29234.5,29276.25,6702
2026-09-01T21:12:00+05:30,29276.25,29313.75,29267.25,29309,7309
2026-09-01T21:18:00+05:30,29308.25,29317.75,29295.25,29311,5484
2026-09-01T21:24:00+05:30,29311.25,29312.25,29289,29296.25,3987
2026-09-01T21:30:00+05:30,29295.5,29300.75,29273.25,29279,4445
2026-09-01T21:36:00+05:30,29278.75,29280.75,29244.75,29255.75,5087
2026-09-01T21:42:00+05:30,29255,29265.75,29215,29217.25,5674
2026-09-01T21:48:00+05:30,29217,29222.5,29170.5,29200,9568
2026-09-01T21:54:00+05:30,29200.5,29202.5,29162.75,29176.75,7327
2026-09-01T22:00:00+05:30,29177,29184.5,29131.25,29142.75,7559
2026-09-01T22:06:00+05:30,29143.5,29168.75,29135.25,29166,5740
2026-09-01T22:12:00+05:30,29166.25,29167.25,29133,29145.5,4334
2026-09-01T22:18:00+05:30,29146,29167.25,29144.75,29156.5,3162
2026-09-01T22:24:00+05:30,29156.75,29197.25,29155,29191.75,4506
2026-09-01T22:30:00+05:30,29191.25,29191.75,29149.25,29151.75,4171
2026-09-01T22:36:00+05:30,29151.75,29157.25,29138.75,29154,3539
2026-09-01T22:42:00+05:30,29154.5,29165.5,29133.75,29136.75,3865
2026-09-01T22:48:00+05:30,29136.5,29150.25,29131.75,29134,2903
2026-09-01T22:54:00+05:30,29134.25,29146.25,29100.5,29141.75,5800
2026-09-01T23:00:00+05:30,29143,29161.75,29137.75,29158.5,3459
2026-09-01T23:06:00+05:30,29158,29158.75,29140.5,29151,2379
2026-09-01T23:12:00+05:30,29150.75,29157.25,29125.5,29137.25,2223
2026-09-01T23:18:00+05:30,29137.25,29138.75,29121,29122.75,3575
2026-09-01T23:24:00+05:30,29123,29142.75,29117.75,29140.75,2425
2026-09-01T23:30:00+05:30,29139.75,29151.5,29114.75,29118.5,3373
2026-09-01T23:36:00+05:30,29118.25,29126,29111.5,29115.25,2426
2026-09-01T23:42:00+05:30,29115.5,29121.75,29090.25,29111.75,4642
2026-09-01T23:48:00+05:30,29111.25,29117.25,29104.75,29111,2565
2026-09-01T23:54:00+05:30,29111.25,29118.5,29085.25,29094.25,3565
2026-09-02T00:00:00+05:30,29094.5,29097.25,29067.75,29077.5,4674
2026-09-02T00:06:00+05:30,29077.25,29080,29043,29043.25,4299
2026-09-02T00:12:00+05:30,29043.25,29046.25,29002,29028.75,8561
2026-09-02T00:18:00+05:30,29028.75,29051.5,29013.75,29046,5568
2026-09-02T00:24:00+05:30,29047,29081.25,29043,29076,4912
2026-09-02T00:30:00+05:30,29075.5,29104.75,29070.5,29096,4827
2026-09-02T00:36:00+05:30,29095.75,29118.5,29089,29108.75,3908
2026-09-02T00:42:00+05:30,29108,29125.5,29100.5,29112.75,4056
2026-09-02T00:48:00+05:30,29112.75,29124.75,29103.75,29119.5,3195
2026-09-02T00:54:00+05:30,29119.5,29129.25,29110.5,29127.25,3127
2026-09-02T01:00:00+05:30,29126.75,29128.25,29093,29122.75,4724
2026-09-02T01:06:00+05:30,29122.25,29123.25,29098.25,29119.5,2800
2026-09-02T01:12:00+05:30,29119.75,29133.25,29103.25,29132,4237
2026-09-02T01:18:00+05:30,29132.25,29141,29086,29090.75,7736
2026-09-02T01:24:00+05:30,29090.5,29131.25,29088.75,29126.75,18612
2026-09-02T01:30:00+05:30,29126.75,29158,29117.75,29122.25,7633
2026-09-02T01:36:00+05:30,29122.25,29145,29113.5,29131.75,2943
2026-09-02T01:42:00+05:30,29131.75,29155,29125,29150,1442
2026-09-02T01:48:00+05:30,29150,29159,29145,29150,1001
2026-09-02T01:54:00+05:30,29150,29154,29136.5,29136.75,590
2026-09-02T02:00:00+05:30,29136,29143.5,29133.5,29139,512
2026-09-02T02:06:00+05:30,29139.25,29140.5,29130.25,29133.75,341
2026-09-02T02:12:00+05:30,29134,29155.25,29134,29139.5,788
2026-09-02T02:18:00+05:30,29139.75,29146.25,29134.75,29138.25,477
2026-09-02T02:24:00+05:30,29138,29142.25,29130.75,29139,631
2026-09-02T03:30:00+05:30,29136.5,29149,29111.5,29116.75,1066
2026-09-02T03:36:00+05:30,29116.25,29121.5,29107.75,29112.75,399
2026-09-02T03:42:00+05:30,29111.5,29114.5,29107.25,29111,294
2026-09-02T03:48:00+05:30,29110.75,29111.5,29102.25,29107.75,212
2026-09-02T03:54:00+05:30,29106.25,29126,29106,29113.75,546
2026-09-02T04:00:00+05:30,29114.75,29121,29111,29115.25,241
2026-09-02T04:06:00+05:30,29116.75,29121,29112.5,29115.25,214
2026-09-02T04:12:00+05:30,29115.5,29125.25,29111.75,29123.25,249
2026-09-02T04:18:00+05:30,29123.25,29139,29122.5,29133,551
2026-09-02T04:24:00+05:30,29132.5,29138,29126.25,29132,259
2026-09-02T04:30:00+05:30,29129.75,29135.5,29128.5,29131.75,157
2026-09-02T04:36:00+05:30,29131.75,29133.5,29128.75,29132.5,137
2026-09-02T04:42:00+05:30,29133.25,29133.25,29127,29130.25,125
2026-09-02T04:48:00+05:30,29130.5,29131.75,29119,29122.75,262
2026-09-02T04:54:00+05:30,29123.5,29139,29123.5,29136.5,476
2026-09-02T05:00:00+05:30,29137.5,29144.75,29133.25,29135.75,320
2026-09-02T05:06:00+05:30,29136.25,29141,29133,29136,214
2026-09-02T05:12:00+05:30,29137.25,29148.25,29134,29142.75,464
2026-09-02T05:18:00+05:30,29141.5,29143.75,29136,29141,225
2026-09-02T05:24:00+05:30,29139.5,29141.25,29131.25,29134.5,222
2026-09-02T05:30:00+05:30,29135.75,29144.75,29115.25,29121.5,1010
2026-09-02T05:36:00+05:30,29122.75,29136.5,29106,29120.75,986
2026-09-02T05:42:00+05:30,29120,29153.25,29118.75,29147,1040
2026-09-02T05:48:00+05:30,29146.25,29170,29129.75,29153,1627
2026-09-02T05:54:00+05:30,29151.25,29153,29123.25,29126,797
2026-09-02T06:00:00+05:30,29127.75,29148.75,29119,29134.75,885
2026-09-02T06:06:00+05:30,29135.5,29140.25,29114.5,29127.25,674
2026-09-02T06:12:00+05:30,29126.75,29145,29125.5,29138.25,631
2026-09-02T06:18:00+05:30,29138,29139.25,29120.5,29122.25,430
2026-09-02T06:24:00+05:30,29122.5,29126.75,29102,29104,690
2026-09-02T06:30:00+05:30,29103.25,29127.25,29097.25,29109.75,1379
2026-09-02T06:36:00+05:30,29109,29112,29099,29102.25,836
2026-09-02T06:42:00+05:30,29101.75,29117.25,29086.75,29111.75,1043
2026-09-02T06:48:00+05:30,29113.25,29120.5,29099.5,29120,736
2026-09-02T06:54:00+05:30,29119.5,29129.5,29108.5,29115,707
2026-09-02T07:00:00+05:30,29115.75,29122.75,29105,29111.75,586
2026-09-02T07:06:00+05:30,29110,29111,29072,29083.75,1317
2026-09-02T07:12:00+05:30,29083.25,29091.5,29065.75,29070.25,957
2026-09-02T07:18:00+05:30,29070.75,29070.75,29047.75,29054.25,1338
2026-09-02T07:24:00+05:30,29055,29078,29053.75,29075.5,810
2026-09-02T07:30:00+05:30,29075.5,29077,29048.5,29053.25,790
2026-09-02T07:36:00+05:30,29054.25,29060.75,29044.5,29053.75,663
2026-09-02T07:42:00+05:30,29053.75,29077,29052.5,29076.25,650
2026-09-02T07:48:00+05:30,29075.5,29100,29074.25,29085,963
2026-09-02T07:54:00+05:30,29085.75,29098,29083.75,29085.5,430
2026-09-02T08:00:00+05:30,29084.5,29084.75,29069.5,29076,571
2026-09-02T08:06:00+05:30,29075.5,29078.5,29061.75,29075.25,468
2026-09-02T08:12:00+05:30,29074.5,29091,29073.75,29084.5,491
2026-09-02T08:18:00+05:30,29086,29092.25,29077.5,29078.25,325
2026-09-02T08:24:00+05:30,29078.5,29085.25,29074.5,29084.25,351
2026-09-02T08:30:00+05:30,29086.5,29089.25,29065,29067.25,517
2026-09-02T08:36:00+05:30,29066.75,29089.5,29058.75,29083.75,673
2026-09-02T08:42:00+05:30,29083,29088.5,29070,29072.5,304
2026-09-02T08:48:00+05:30,29072.25,29078.75,29068,29070.5,239
2026-09-02T08:54:00+05:30,29070,29079.5,29068.75,29069,206
2026-09-02T09:00:00+05:30,29070.25,29071.25,29053.75,29064,455
2026-09-02T09:06:00+05:30,29063.75,29073,29059.5,29062.75,447
2026-09-02T09:12:00+05:30,29061.75,29065,29055,29058,291
2026-09-02T09:18:00+05:30,29058.5,29059.25,29046.25,29050,347
2026-09-02T09:24:00+05:30,29050.5,29056.75,29046,29047.25,415
2026-09-02T09:30:00+05:30,29047.75,29052.75,29042.25,29051.5,394
2026-09-02T09:36:00+05:30,29051.75,29055,29035.5,29038.75,472
2026-09-02T09:42:00+05:30,29038.5,29062.75,29038.25,29059.25,385
2026-09-02T09:48:00+05:30,29059.25,29062,29046.25,29048.75,262
2026-09-02T09:54:00+05:30,29050,29058.75,29048,29051,273
2026-09-02T10:00:00+05:30,29051.25,29062.5,29048,29052.75,352
2026-09-02T10:06:00+05:30,29052.75,29056.25,29047.75,29051.75,221
2026-09-02T10:12:00+05:30,29049.5,29061.5,29049.25,29055.75,315
2026-09-02T10:18:00+05:30,29054.75,29065,29051,29060,302
2026-09-02T10:24:00+05:30,29059.5,29062.5,29054.5,29058.25,221
2026-09-02T10:30:00+05:30,29059,29061,29040.5,29046.25,430
2026-09-02T10:36:00+05:30,29047.75,29060,29037.5,29056.75,355
2026-09-02T10:42:00+05:30,29056.75,29084.5,29056.75,29084.5,579
2026-09-02T10:48:00+05:30,29083.5,29088.25,29068.75,29078.25,920
2026-09-02T10:54:00+05:30,29076.5,29092,29076,29091.25,432
2026-09-02T11:00:00+05:30,29092,29104.25,29082,29085,736
2026-09-02T11:06:00+05:30,29085.5,29086,29070.5,29084,496
2026-09-02T11:12:00+05:30,29086.25,29101.5,29086.25,29098.5,353
2026-09-02T11:18:00+05:30,29098,29100.25,29074.25,29075.25,416
2026-09-02T11:24:00+05:30,29074.5,29078,29062.5,29073,517
2026-09-02T11:30:00+05:30,29072.25,29080.5,29042.5,29045.75,1018
2026-09-02T11:36:00+05:30,29046,29054,29040.25,29044.25,437
2026-09-02T11:42:00+05:30,29045.75,29057,29029.5,29029.75,650
2026-09-02T11:48:00+05:30,29030,29031.25,29025.25,29029.5,454
2026-09-02T11:54:00+05:30,29029,29055,29020.5,29023.5,872
2026-09-02T12:00:00+05:30,29023,29044.5,29016.5,29043,793
2026-09-02T12:06:00+05:30,29043,29087,29029.25,29086.25,1112
2026-09-02T12:12:00+05:30,29085.25,29098.25,29061.25,29070.25,758
2026-09-02T12:18:00+05:30,29072.25,29072.5,29055,29056,449
2026-09-02T12:24:00+05:30,29055,29080,29051,29077.25,525
2026-09-02T12:30:00+05:30,29077,29105.75,29065.5,29097.25,1132
2026-09-02T12:36:00+05:30,29098.75,29120.75,29096.75,29108.25,755
2026-09-02T12:42:00+05:30,29108.5,29115.75,29099.75,29111.25,657
2026-09-02T12:48:00+05:30,29112,29117,29097.25,29104.25,437
2026-09-02T12:54:00+05:30,29105.25,29105.25,29075.75,29094.5,947
2026-09-02T13:00:00+05:30,29094.25,29101,29077.25,29083.25,710
2026-09-02T13:06:00+05:30,29083,29087,29064.75,29077,451
2026-09-02T13:12:00+05:30,29077.75,29085.25,29060.75,29069.75,435
2026-09-02T13:18:00+05:30,29068.25,29074.5,29050,29054.75,478
2026-09-02T13:24:00+05:30,29055.25,29078.25,29054.25,29061.75,561
2026-09-02T13:30:00+05:30,29062.25,29097.25,29052.5,29086.5,1195
2026-09-02T13:36:00+05:30,29086.5,29087.25,29066.25,29072.5,457
2026-09-02T13:42:00+05:30,29073.75,29088,29068.75,29075.75,446
2026-09-02T13:48:00+05:30,29075.5,29076.5,29039.75,29050,722
2026-09-02T13:54:00+05:30,29050.25,29060.75,29041.25,29053.5,396
2026-09-02T14:00:00+05:30,29052.75,29068.75,29035.5,29046.5,677
2026-09-02T14:06:00+05:30,29046.5,29057.25,29042.75,29046.5,480
2026-09-02T14:12:00+05:30,29045,29045.75,29024,29024.25,564
2026-09-02T14:18:00+05:30,29024.5,29025,28966.25,28966.75,1824
2026-09-02T14:24:00+05:30,28967,28983.75,28954.5,28977.75,1362
2026-09-02T14:30:00+05:30,28977.25,29025.5,28973.75,29024.75,1359
2026-09-02T14:36:00+05:30,29025,29027.5,28997,28997.5,773
2026-09-02T14:42:00+05:30,29000,29002,28968.75,28981.25,681
2026-09-02T14:48:00+05:30,28980.25,28995,28955,28958.75,1061
2026-09-02T14:54:00+05:30,28958.75,28981.75,28957,28978.25,626
2026-09-02T15:00:00+05:30,28978.25,28981.5,28946.25,28949.75,1320
2026-09-02T15:06:00+05:30,28949.75,28958,28940.5,28957,744
2026-09-02T15:12:00+05:30,28957.25,28960.75,28946,28953.25,517
2026-09-02T15:18:00+05:30,28954,28966,28953.25,28964.5,314
2026-09-02T15:24:00+05:30,28963.75,28974.5,28956.25,28973.25,622
2026-09-02T15:30:00+05:30,28972.75,28979.5,28947.25,28951.25,811
2026-09-02T15:36:00+05:30,28952.25,28964.75,28948.25,28960.5,552
2026-09-02T15:42:00+05:30,28959.25,28983,28953.25,28980.5,616
2026-09-02T15:48:00+05:30,28979,28985.75,28973.25,28973.25,328
2026-09-02T15:54:00+05:30,28975.25,28996,28971.5,28985.75,785
2026-09-02T16:00:00+05:30,28985.5,28989.25,28964.25,28977.75,657
2026-09-02T16:06:00+05:30,28978,28980.75,28961,28962.25,464
2026-09-02T16:12:00+05:30,28962,28970.75,28962,28968.5,394
2026-09-02T16:18:00+05:30,28966.75,28978.25,28958,28968.5,444
2026-09-02T16:24:00+05:30,28968.75,28988.75,28968.75,28988,514
2026-09-02T16:30:00+05:30,28987.75,28989.5,28927.25,28936.25,2292
2026-09-02T16:36:00+05:30,28936.25,28992.75,28927.5,28982.5,2190
2026-09-02T16:42:00+05:30,28982.25,29025,28980.25,29007,2001
2026-09-02T16:48:00+05:30,29007,29017.25,28992.5,29015.25,1076
2026-09-02T16:54:00+05:30,29014.5,29035.75,29011.5,29023,1004
2026-09-02T17:00:00+05:30,29025.25,29058.5,29019,29057.75,1100
2026-09-02T17:06:00+05:30,29056.5,29059.5,29034,29035.25,884
2026-09-02T17:12:00+05:30,29035,29040.5,29022.75,29030.25,978
2026-09-02T17:18:00+05:30,29031,29036.5,29022.5,29033,588
2026-09-02T17:24:00+05:30,29032.75,29084.5,29029.25,29084.5,1709
2026-09-02T17:30:00+05:30,29083.75,29106,29074.5,29104,1611
2026-09-02T17:36:00+05:30,29104.5,29108.5,29081.25,29092.25,1954
2026-09-02T17:42:00+05:30,29092.75,29124.25,29087,29102,1680
2026-09-02T17:48:00+05:30,29101.5,29149.5,29095,29116.75,2807
2026-09-02T17:54:00+05:30,29117.75,29135.75,29102.25,29108,1564
2026-09-02T18:00:00+05:30,29107,29110.25,29079.75,29086.5,1672
2026-09-02T18:06:00+05:30,29086.75,29091,29067.25,29081.5,1329
2026-09-02T18:12:00+05:30,29080.75,29081,29056.75,29066.5,964
2026-09-02T18:18:00+05:30,29067.5,29067.75,29039.25,29043.5,1129
2026-09-02T18:24:00+05:30,29043.5,29046.5,29032.75,29040,1402
2026-09-02T18:30:00+05:30,29040.25,29060.5,29037.75,29058.25,2044
2026-09-02T18:36:00+05:30,29058.75,29070,29055,29064.25,1129
2026-09-02T18:42:00+05:30,29063,29074.25,29059.25,29071.25,798
2026-09-02T18:48:00+05:30,29072.5,29092.5,29071.75,29089.5,1514
2026-09-02T18:54:00+05:30,29089.75,29115.25,29078.25,29098.5,3723
2026-09-02T19:00:00+05:30,29098.75,29102.75,29042.75,29065.5,17800
2026-09-02T19:06:00+05:30,29065,29112.5,29036.5,29106.75,12242
2026-09-02T19:12:00+05:30,29107.75,29119,29049.75,29079,10177
2026-09-02T19:18:00+05:30,29078.75,29082.5,29035,29040.5,8749
2026-09-02T19:24:00+05:30,29041.5,29067.75,29017.25,29062.25,9974
2026-09-02T19:30:00+05:30,29061.75,29100.5,29032.25,29089.75,10005
2026-09-02T19:36:00+05:30,29089.25,29125,29079.75,29111.5,8012
2026-09-02T19:42:00+05:30,29111.75,29148.75,29088,29147.25,9687
2026-09-02T19:48:00+05:30,29147,29188.5,29140.25,29186,9804
2026-09-02T19:54:00+05:30,29185.5,29193,29160.25,29187.25,6742
2026-09-02T20:00:00+05:30,29187,29213,29172.25,29199.5,7873
2026-09-02T20:06:00+05:30,29199,29204.25,29168.5,29182.5,5910
2026-09-02T20:12:00+05:30,29181.75,29203,29171.25,29173.5,4916
2026-09-02T20:18:00+05:30,29173,29175.5,29128.5,29132.25,7195
2026-09-02T20:24:00+05:30,29132.75,29140.75,29111.25,29120.25,5500
2026-09-02T20:30:00+05:30,29119.5,29147.75,29106.25,29137.75,7336
2026-09-02T20:36:00+05:30,29138,29165,29135.5,29163.5,5362
2026-09-02T20:42:00+05:30,29164.5,29176.25,29140.5,29174,5465
2026-09-02T20:48:00+05:30,29174,29189.25,29167.25,29170.75,4233
2026-09-02T20:54:00+05:30,29170.25,29208.5,29168.5,29205.25,4194
2026-09-02T21:00:00+05:30,29205,29208.5,29179.5,29187.25,5178
2026-09-02T21:06:00+05:30,29187,29202.5,29171.5,29183.25,4357
2026-09-02T21:12:00+05:30,29181.75,29187.5,29156,29160.25,4108
2026-09-02T21:18:00+05:30,29160.25,29166,29136,29149.25,4642
2026-09-02T21:24:00+05:30,29149.25,29190.75,29141,29185.25,4191
2026-09-02T21:30:00+05:30,29184.5,29198,29173.5,29189.5,3490
2026-09-02T21:36:00+05:30,29188.75,29198.5,29184,29186.25,2200
2026-09-02T21:42:00+05:30,29186,29194.5,29161.75,29162.5,2615
2026-09-02T21:48:00+05:30,29162,29176.25,29159.25,29160.75,2601
2026-09-02T21:54:00+05:30,29161.5,29167.75,29142.25,29151.75,2840
2026-09-02T22:00:00+05:30,29151.5,29175.25,29149.25,29165.5,3387
2026-09-02T22:06:00+05:30,29166,29173.25,29149.25,29152.25,2264
2026-09-02T22:12:00+05:30,29152.75,29154,29138.25,29141.25,2488
2026-09-02T22:18:00+05:30,29140.75,29160.5,29137,29159.75,2349
2026-09-02T22:24:00+05:30,29160,29168.25,29148.5,29155,2520
2026-09-02T22:30:00+05:30,29154.75,29182.5,29154.75,29171.5,2752
2026-09-02T22:36:00+05:30,29171.75,29172.75,29127,29135,3974
2026-09-02T22:42:00+05:30,29134.75,29153,29130.5,29131.5,2854
2026-09-02T22:48:00+05:30,29132,29151.5,29125.25,29150.25,3120
2026-09-02T22:54:00+05:30,29149.75,29154.5,29141,29150.75,2215
2026-09-02T23:00:00+05:30,29150.5,29155.25,29132.75,29135.25,2565
2026-09-02T23:06:00+05:30,29135.25,29140.5,29127.5,29130.25,1958
2026-09-02T23:12:00+05:30,29130.25,29173.75,29129.5,29170.25,4858
2026-09-02T23:18:00+05:30,29169.5,29172.25,29151,29155.25,2270
2026-09-02T23:24:00+05:30,29155,29168.75,29142.5,29158.75,2786
2026-09-02T23:30:00+05:30,29159.5,29166,29135.75,29161.75,3366
2026-09-02T23:36:00+05:30,29162,29165.75,29140.75,29143.75,2421
2026-09-02T23:42:00+05:30,29143.25,29153,29137.75,29152.25,2366
2026-09-02T23:48:00+05:30,29151.25,29199.75,29149.75,29164.25,6102
2026-09-02T23:54:00+05:30,29164.5,29174,29155,29159.25,2248
2026-09-03T00:00:00+05:30,29159.25,29175,29156.5,29156.5,2610
2026-09-03T00:06:00+05:30,29157.25,29160,29131.5,29135,3014
2026-09-03T00:12:00+05:30,29134.75,29142.75,29130.25,29134,2250
2026-09-03T00:18:00+05:30,29134,29154.25,29133,29144.5,2845
2026-09-03T00:24:00+05:30,29144.25,29153,29138,29145.5,1918
2026-09-03T00:30:00+05:30,29145.75,29158.5,29139,29155,2561
2026-09-03T00:36:00+05:30,29155,29168.75,29150.5,29162.75,2128
2026-09-03T00:42:00+05:30,29162.75,29172,29157,29160.25,2299
2026-09-03T00:48:00+05:30,29160.75,29170.5,29151.25,29161,2297
2026-09-03T00:54:00+05:30,29160.75,29170.75,29150,29167.25,2130
2026-09-03T01:00:00+05:30,29167,29175,29160.25,29165,2996
2026-09-03T01:06:00+05:30,29165.5,29170,29155.25,29163.75,2210
2026-09-03T01:12:00+05:30,29163.5,29183.75,29160.25,29178.25,3004
2026-09-03T01:18:00+05:30,29178.75,29191.75,29170.5,29177.5,4480
2026-09-03T01:24:00+05:30,29177.25,29197.25,29171,29190.5,11662
2026-09-03T01:30:00+05:30,29190.25,29202.75,29187.75,29201,3888
2026-09-03T01:36:00+05:30,29201,29212,29193.25,29194.25,1469
2026-09-03T01:42:00+05:30,29194.5,29205.5,29147.5,29156,3297
2026-09-03T01:48:00+05:30,29155.75,29159.75,29139.75,29159.5,1453
2026-09-03T01:54:00+05:30,29159.25,29166.75,29154,29156.25,754
2026-09-03T02:00:00+05:30,29156,29160.5,29150.75,29156.25,433
2026-09-03T02:06:00+05:30,29155.25,29162,29152.5,29158.5,507
2026-09-03T02:12:00+05:30,29159.75,29163.25,29146.5,29160,818
2026-09-03T02:18:00+05:30,29159.75,29163.5,29155,29161.25,369
2026-09-03T02:24:00+05:30,29161.75,29164,29139.25,29141,726
2026-09-03T03:30:00+05:30,29177,29183.75,29148,29156.5,895
2026-09-03T03:36:00+05:30,29157.25,29173,29152,29172,374
2026-09-03T03:42:00+05:30,29173,29188.75,29171.25,29188,574
2026-09-03T03:48:00+05:30,29187.25,29208.75,29182.75,29204,767
2026-09-03T03:54:00+05:30,29203.5,29206.5,29192.5,29196,373
2026-09-03T04:00:00+05:30,29196,29199.25,29192,29194,276
2026-09-03T04:06:00+05:30,29194.5,29203,29194,29202,254
2026-09-03T04:12:00+05:30,29202,29202,29184,29188,414
2026-09-03T04:18:00+05:30,29186.5,29188,29178.25,29180.25,291
2026-09-03T04:24:00+05:30,29180.5,29185.75,29180,29180.5,158
2026-09-03T04:30:00+05:30,29180.75,29188.75,29180.75,29182,378
2026-09-03T04:36:00+05:30,29182.25,29187,29178.25,29180.75,317
2026-09-03T04:42:00+05:30,29180,29181.25,29168.25,29169.75,394
2026-09-03T04:48:00+05:30,29169.75,29173,29167.5,29170.75,373
2026-09-03T04:54:00+05:30,29171.25,29180,29171.25,29179,312
2026-09-03T05:00:00+05:30,29180,29186,29175.25,29179.25,273
2026-09-03T05:06:00+05:30,29177.5,29187.25,29175,29184.75,244
2026-09-03T05:12:00+05:30,29185.5,29213,29184.25,29210.5,1146
2026-09-03T05:18:00+05:30,29210,29211.75,29202.25,29205.75,452
2026-09-03T05:24:00+05:30,29205.75,29208.25,29200.25,29201.25,336
2026-09-03T05:30:00+05:30,29200.75,29201.75,29182.25,29191.5,862
2026-09-03T05:36:00+05:30,29189.75,29194.75,29172.25,29187,817
2026-09-03T05:42:00+05:30,29185.25,29186,29147.5,29150.25,1244
2026-09-03T05:48:00+05:30,29150.25,29156.5,29141,29154,619
2026-09-03T05:54:00+05:30,29154,29164,29151,29156.25,636
2026-09-03T06:00:00+05:30,29155.75,29161.75,29146,29152.75,455
2026-09-03T06:06:00+05:30,29152.75,29162,29148.75,29156.25,317
2026-09-03T06:12:00+05:30,29156.5,29159.5,29150,29155,267
2026-09-03T06:18:00+05:30,29155,29161.75,29149.5,29156,257
2026-09-03T06:24:00+05:30,29157.25,29159.75,29146.75,29151,305
2026-09-03T06:30:00+05:30,29150.75,29186.25,29147.75,29181.25,888
2026-09-03T06:36:00+05:30,29181,29186.75,29163.25,29178.25,749
2026-09-03T06:42:00+05:30,29178.25,29197.75,29173,29194.75,678
2026-09-03T06:48:00+05:30,29193.75,29200.75,29183,29184.25,655
2026-09-03T06:54:00+05:30,29184,29184.5,29156.5,29174.75,1054
2026-09-03T07:00:00+05:30,29176.75,29199.25,29171,29188,1084
2026-09-03T07:06:00+05:30,29189,29191.5,29175.5,29176.75,418
2026-09-03T07:12:00+05:30,29176.25,29180,29156.5,29159.5,608
2026-09-03T07:18:00+05:30,29159.25,29175.75,29157,29160.5,604
2026-09-03T07:24:00+05:30,29159.75,29159.75,29136.25,29137.5,860
2026-09-03T07:30:00+05:30,29136.75,29153.5,29132.75,29153.25,667
2026-09-03T07:36:00+05:30,29154,29185.75,29151.5,29184.25,920
2026-09-03T07:42:00+05:30,29186,29188,29174,29182.5,583
2026-09-03T07:48:00+05:30,29182.75,29195,29176.5,29176.5,679
2026-09-03T07:54:00+05:30,29177.25,29190.5,29173,29188.5,594
2026-09-03T08:00:00+05:30,29186.5,29199,29183.25,29184.75,450
2026-09-03T08:06:00+05:30,29185,29187.75,29180,29181.5,322
2026-09-03T08:12:00+05:30,29181,29183.25,29167.5,29177,468
2026-09-03T08:18:00+05:30,29175.75,29188.5,29173.5,29181.5,410
2026-09-03T08:24:00+05:30,29181.5,29186.5,29178.75,29180.75,169
2026-09-03T08:30:00+05:30,29182.25,29197,29179.5,29192.5,353
2026-09-03T08:36:00+05:30,29191.5,29200,29188,29198,452
2026-09-03T08:42:00+05:30,29197.5,29211.75,29195.5,29211.5,636
2026-09-03T08:48:00+05:30,29211,29234,29210.75,29215.75,1390
2026-09-03T08:54:00+05:30,29215.75,29229.25,29212.25,29219.75,518
2026-09-03T09:00:00+05:30,29220.75,29233,29217.75,29223.5,404
2026-09-03T09:06:00+05:30,29223.5,29233.75,29221.25,29228.5,315
2026-09-03T09:12:00+05:30,29229.75,29232.25,29220.25,29222.5,264
2026-09-03T09:18:00+05:30,29222.75,29236,29221.5,29232,451
2026-09-03T09:24:00+05:30,29232,29243,29231,29236.5,364
2026-09-03T09:30:00+05:30,29236.5,29239,29228.75,29234.25,276
2026-09-03T09:36:00+05:30,29233.75,29255,29232,29249.25,732
2026-09-03T09:42:00+05:30,29249.5,29249.5,29237.75,29245,367
2026-09-03T09:48:00+05:30,29245.5,29249.25,29233.75,29242.75,337
2026-09-03T09:54:00+05:30,29242.75,29246.75,29227.25,29227.75,286
2026-09-03T10:00:00+05:30,29227.75,29236.25,29226.5,29230.5,366
2026-09-03T10:06:00+05:30,29231,29231.75,29216.75,29217.75,588
2026-09-03T10:12:00+05:30,29217.75,29229,29214.75,29225,348
2026-09-03T10:18:00+05:30,29225,29225,29216.5,29217.5,208
2026-09-03T10:24:00+05:30,29218.75,29220.25,29204.5,29207.5,398
2026-09-03T10:30:00+05:30,29207.25,29208.5,29171.5,29177.75,1072
2026-09-03T10:36:00+05:30,29176.75,29177.25,29153.25,29156.5,1008
2026-09-03T10:42:00+05:30,29156.75,29161.25,29121.75,29125,1769
2026-09-03T10:48:00+05:30,29126.5,29132.25,29075,29090.5,2850
2026-09-03T10:54:00+05:30,29090,29110,29076.25,29104,1702
2026-09-03T11:00:00+05:30,29102.75,29142.5,29098.25,29129,1970
2026-09-03T11:06:00+05:30,29130,29148,29118.5,29139.25,1259
2026-09-03T11:12:00+05:30,29139.5,29152.75,29127.5,29152.75,892
2026-09-03T11:18:00+05:30,29151.5,29188.5,29148.25,29186.5,1403
2026-09-03T11:24:00+05:30,29186,29188.75,29168.25,29188.75,690
2026-09-03T11:30:00+05:30,29188.5,29197.75,29175,29196.75,1181
2026-09-03T11:36:00+05:30,29197.5,29203.25,29163.5,29163.5,939
2026-09-03T11:42:00+05:30,29164.75,29177.5,29162.75,29172.25,544
2026-09-03T11:48:00+05:30,29174.5,29180.25,29167.25,29173.25,458
2026-09-03T11:54:00+05:30,29174.25,29179.75,29161,29177.25,638
2026-09-03T12:00:00+05:30,29177,29187.5,29165.5,29183.75,711
2026-09-03T12:06:00+05:30,29182,29186.5,29164,29179.5,584
2026-09-03T12:12:00+05:30,29178.5,29183.5,29170.75,29172.75,352
2026-09-03T12:18:00+05:30,29172.25,29175.75,29166,29168.5,252
2026-09-03T12:24:00+05:30,29169.25,29176.5,29159.5,29174.25,456
2026-09-03T12:30:00+05:30,29173.25,29233,29160,29224.25,1624
2026-09-03T12:36:00+05:30,29223.25,29223.75,29189.5,29199.25,908
2026-09-03T12:42:00+05:30,29199.25,29207,29191.25,29197,432
2026-09-03T12:48:00+05:30,29197.75,29210.5,29195,29210.5,368
2026-09-03T12:54:00+05:30,29210.5,29211.5,29178.5,29203.25,869
2026-09-03T13:00:00+05:30,29202.5,29221,29192,29203,692
2026-09-03T13:06:00+05:30,29203.75,29240.75,29201.75,29240.25,888
2026-09-03T13:12:00+05:30,29241.25,29245.5,29207,29209.25,816
2026-09-03T13:18:00+05:30,29208.5,29211.75,29182.75,29210,949
2026-09-03T13:24:00+05:30,29208.25,29223.75,29208.25,29220.25,410
2026-09-03T13:30:00+05:30,29220.25,29282.25,29213.25,29264.25,3467
2026-09-03T13:36:00+05:30,29264.25,29292.75,29240.5,29259.25,2304
2026-09-03T13:42:00+05:30,29259.25,29261.25,29238.5,29242.25,1378
2026-09-03T13:48:00+05:30,29242.25,29253.25,29232.75,29237.5,810
2026-09-03T13:54:00+05:30,29238,29264,29235.75,29256,979
2026-09-03T14:00:00+05:30,29257.25,29257.25,29239,29246,768
2026-09-03T14:06:00+05:30,29245.25,29250.75,29227,29236,635
2026-09-03T14:12:00+05:30,29237,29237.5,29226.75,29232.5,358
2026-09-03T14:18:00+05:30,29232,29233,29215,29224.5,541
2026-09-03T14:24:00+05:30,29224,29229.5,29215,29216.25,429
2026-09-03T14:30:00+05:30,29218.5,29224.75,29212.75,29218.25,494
2026-09-03T14:36:00+05:30,29216,29222.25,29211,29221.5,333
2026-09-03T14:42:00+05:30,29221.25,29225.75,29212,29223.5,377
2026-09-03T14:48:00+05:30,29221,29222.5,29194.25,29200,669
2026-09-03T14:54:00+05:30,29198.75,29206,29187.75,29187.75,429
2026-09-03T15:00:00+05:30,29187.25,29198,29179.75,29188,608
2026-09-03T15:06:00+05:30,29186.75,29186.75,29169.25,29174.75,430
2026-09-03T15:12:00+05:30,29177,29177,29161.5,29161.5,595
2026-09-03T15:18:00+05:30,29162.75,29170.5,29149.25,29152.75,933
2026-09-03T15:24:00+05:30,29150.75,29155.75,29126.5,29137.75,874
2026-09-03T15:30:00+05:30,29138,29158.5,29135,29153.5,895
2026-09-03T15:36:00+05:30,29153.25,29155,29136.25,29138,617
2026-09-03T15:42:00+05:30,29137.25,29143,29120.25,29128.25,956
2026-09-03T15:48:00+05:30,29128,29134.25,29122.25,29127,356
2026-09-03T15:54:00+05:30,29128.25,29133.25,29119.25,29127.5,1005
2026-09-03T16:00:00+05:30,29127,29140,29117.25,29119.25,634
2026-09-03T16:06:00+05:30,29119.5,29131.25,29105.5,29127.75,734
2026-09-03T16:12:00+05:30,29128.25,29134.25,29119.75,29126.25,528
2026-09-03T16:18:00+05:30,29126.25,29129.5,29108,29123.75,507
2026-09-03T16:24:00+05:30,29123.25,29129.75,29114,29128,406
2026-09-03T16:30:00+05:30,29129,29151,29106.25,29150,1380
2026-09-03T16:36:00+05:30,29149.75,29170.75,29145.5,29155,1215
2026-09-03T16:42:00+05:30,29154.75,29175,29154.5,29168,697
2026-09-03T16:48:00+05:30,29167,29186.75,29156.5,29159.25,858
2026-09-03T16:54:00+05:30,29160,29178.25,29159.5,29166.75,522
2026-09-03T17:00:00+05:30,29167,29173.5,29111.25,29163.75,1655
2026-09-03T17:06:00+05:30,29164.25,29166.25,29135.75,29139,700
2026-09-03T17:12:00+05:30,29140.25,29151.5,29126.75,29126.75,517
2026-09-03T17:18:00+05:30,29125.5,29125.75,29103.25,29106.25,1739
2026-09-03T17:24:00+05:30,29106.75,29114.25,29101,29105.5,799
2026-09-03T17:30:00+05:30,29105.5,29132,29104,29127.25,1259
2026-09-03T17:36:00+05:30,29126.75,29147.25,29124.5,29138,794
2026-09-03T17:42:00+05:30,29138.25,29139.5,29116.5,29122.5,970
2026-09-03T17:48:00+05:30,29122.75,29132,29105.75,29128.5,1235
2026-09-03T17:54:00+05:30,29129,29151,29127.5,29145.75,1185
2026-09-03T18:00:00+05:30,29144.75,29244,29144,29180,5649
2026-09-03T18:06:00+05:30,29180.25,29205.25,29179,29188.5,2251
2026-09-03T18:12:00+05:30,29188,29201,29182,29185,1363
2026-09-03T18:18:00+05:30,29185,29239.75,29185,29234.75,2034
2026-09-03T18:24:00+05:30,29234.25,29258.75,29232,29244.5,2921
2026-09-03T18:30:00+05:30,29243.75,29245.5,29202.5,29215,3110
2026-09-03T18:36:00+05:30,29215.25,29229.75,29194.25,29229.25,1880
2026-09-03T18:42:00+05:30,29229.25,29246,29226,29229,1670
2026-09-03T18:48:00+05:30,29229.25,29230.25,29200.5,29210.25,2295
2026-09-03T18:54:00+05:30,29210.25,29253.75,29209.25,29249,3063
2026-09-03T19:00:00+05:30,29249.5,29285,29222.25,29250.5,23059
2026-09-03T19:06:00+05:30,29250.5,29359.5,29199.5,29353.5,21043
2026-09-03T19:12:00+05:30,29353.25,29357.75,29317,29342.5,12392
2026-09-03T19:18:00+05:30,29343,29375.5,29327.5,29333.25,12086
2026-09-03T19:24:00+05:30,29333.5,29354.25,29296.75,29333,10159
2026-09-03T19:30:00+05:30,29331.75,29333.25,29250.25,29282.75,13875
2026-09-03T19:36:00+05:30,29282.5,29287.5,29241.75,29287,9478
2026-09-03T19:42:00+05:30,29287.25,29329.25,29273.25,29326.5,11129
2026-09-03T19:48:00+05:30,29327,29364.5,29314.25,29354.5,8610
2026-09-03T19:54:00+05:30,29354.75,29364.25,29327,29343,6798
2026-09-03T20:00:00+05:30,29343,29360.5,29284,29313,9578
2026-09-03T20:06:00+05:30,29313.5,29319,29273.25,29297,6697
2026-09-03T20:12:00+05:30,29297.5,29311.5,29275.5,29293.25,6671
2026-09-03T20:18:00+05:30,29292.5,29313,29282,29292.5,5543
2026-09-03T20:24:00+05:30,29293.75,29368,29246.5,29363.5,10710
2026-09-03T20:30:00+05:30,29363.25,29443.5,29362.25,29438.75,15008
2026-09-03T20:36:00+05:30,29439.5,29466.25,29422.25,29461.5,9506
2026-09-03T20:42:00+05:30,29461.75,29480,29449.75,29477.25,8355
2026-09-03T20:48:00+05:30,29477.5,29496,29453.75,29492,8165
2026-09-03T20:54:00+05:30,29491.5,29539.5,29479,29536.5,9872
2026-09-03T21:00:00+05:30,29536,29542.5,29517.75,29533,7942
2026-09-03T21:06:00+05:30,29533.5,29537.25,29503.5,29510.75,5571
2026-09-03T21:12:00+05:30,29510.75,29525,29504.25,29510,4392
2026-09-03T21:18:00+05:30,29509.5,29531.25,29504,29520.25,3912
2026-09-03T21:24:00+05:30,29520,29539.25,29515.5,29538,3346
2026-09-03T21:30:00+05:30,29538.75,29539.75,29511,29512.75,5279
2026-09-03T21:36:00+05:30,29513,29521.75,29503,29507.25,3712
2026-09-03T21:42:00+05:30,29507.75,29526,29505,29519.75,3392
2026-09-03T21:48:00+05:30,29519.75,29529.5,29507.5,29512.25,2539
2026-09-03T21:54:00+05:30,29512,29513,29489.25,29497,3877
2026-09-03T22:00:00+05:30,29497,29501,29483,29485.25,2952
2026-09-03T22:06:00+05:30,29485.75,29534.5,29484.75,29532.5,4310
2026-09-03T22:12:00+05:30,29532.25,29533.75,29521,29524.25,2603
2026-09-03T22:18:00+05:30,29523.5,29533,29516.5,29518.25,2432
2026-09-03T22:24:00+05:30,29517,29544,29516.5,29528,3837
2026-09-03T22:30:00+05:30,29528.25,29534,29509,29517.5,2686
2026-09-03T22:36:00+05:30,29517.75,29519,29490.25,29498.5,2851
2026-09-03T22:42:00+05:30,29499,29499.5,29486.75,29497.75,2300
2026-09-03T22:48:00+05:30,29497.75,29501.25,29476,29484.5,3289
2026-09-03T22:54:00+05:30,29484,29508,29479.5,29502.5,2575
2026-09-03T23:00:00+05:30,29502.75,29520.75,29502.25,29519.75,2894
2026-09-03T23:06:00+05:30,29520.25,29531,29514,29528.5,3024
2026-09-03T23:12:00+05:30,29528.25,29535,29523.5,29530.5,3037
2026-09-03T23:18:00+05:30,29530.5,29552.5,29521.75,29546.25,4313
2026-09-03T23:24:00+05:30,29545.5,29552.5,29540,29543.75,2823
2026-09-03T23:30:00+05:30,29543.5,29578.5,29543,29572.75,6207
2026-09-03T23:36:00+05:30,29573.25,29579.5,29565.25,29573.75,3385
2026-09-03T23:42:00+05:30,29573.25,29584.25,29569.5,29583,3489
2026-09-03T23:48:00+05:30,29583,29583.5,29565,29565,2760
2026-09-03T23:54:00+05:30,29565,29578.75,29564.75,29570.5,2424
2026-09-04T00:00:00+05:30,29571,29580,29564,29574.75,2502
2026-09-04T00:06:00+05:30,29574,29578.5,29567,29567.5,1599
2026-09-04T00:12:00+05:30,29568.25,29572,29559.5,29570.75,2642
2026-09-04T00:18:00+05:30,29570.5,29581,29564.5,29569.75,2511
2026-09-04T00:24:00+05:30,29569.5,29571.5,29560.5,29568.25,2487
2026-09-04T00:30:00+05:30,29568.25,29570.5,29552,29556.5,2774
2026-09-04T00:36:00+05:30,29556.5,29558,29543.5,29544.25,2267
2026-09-04T00:42:00+05:30,29544.25,29546.25,29530.5,29535.5,3751
2026-09-04T00:48:00+05:30,29535.5,29543.5,29530.75,29534.75,3605
2026-09-04T00:54:00+05:30,29535,29537,29526,29533.25,3149
2026-09-04T01:00:00+05:30,29533.25,29539.5,29523.75,29528.75,3789
2026-09-04T01:06:00+05:30,29529.25,29540,29526.5,29526.5,3043
2026-09-04T01:12:00+05:30,29526.25,29536,29521.75,29523,3401
2026-09-04T01:18:00+05:30,29523.5,29527,29509.75,29511.75,5397
2026-09-04T01:24:00+05:30,29511.5,29536.25,29509.25,29530.75,18119
2026-09-04T01:30:00+05:30,29531,29536.25,29507,29511.5,5174
2026-09-04T01:36:00+05:30,29511.75,29523.25,29510.5,29514.25,1246
2026-09-04T01:42:00+05:30,29514.25,29522,29514.25,29516.75,923
2026-09-04T01:48:00+05:30,29517.5,29518,29508,29509,672
2026-09-04T01:54:00+05:30,29509.5,29512,29505,29510.25,488
2026-09-04T02:00:00+05:30,29510.25,29516,29508,29515.25,376
2026-09-04T02:06:00+05:30,29515,29516.75,29510.25,29511.5,357
2026-09-04T02:12:00+05:30,29511.75,29513.5,29507.5,29510,449
2026-09-04T02:18:00+05:30,29509.25,29510.5,29499.5,29502.5,627
2026-09-04T02:24:00+05:30,29502.75,29507.75,29499.25,29502.25,522
2026-09-04T03:30:00+05:30,29505,29509,29484,29494.75,841
2026-09-04T03:36:00+05:30,29493.25,29495.75,29482,29486.75,353
2026-09-04T03:42:00+05:30,29487.75,29496,29484.75,29494.5,338
2026-09-04T03:48:00+05:30,29494.25,29495.5,29488.25,29494,171
2026-09-04T03:54:00+05:30,29493.25,29493.25,29485.5,29490,255
2026-09-04T04:00:00+05:30,29491,29498.5,29490,29497.5,210
2026-09-04T04:06:00+05:30,29497.25,29497.25,29491.5,29491.5,167
2026-09-04T04:12:00+05:30,29492.25,29499.5,29490.75,29497.25,231
2026-09-04T04:18:00+05:30,29496,29502.75,29495,29500,194
2026-09-04T04:24:00+05:30,29499.75,29512.75,29499,29508.75,440
2026-09-04T04:30:00+05:30,29508.25,29511.5,29502.25,29508.5,335
2026-09-04T04:36:00+05:30,29508.25,29511,29501.25,29506.25,170
2026-09-04T04:42:00+05:30,29507,29509,29498.25,29501.75,237
2026-09-04T04:48:00+05:30,29502.75,29507,29502.25,29503.75,179
2026-09-04T04:54:00+05:30,29503.75,29509.5,29501.75,29507.25,126
2026-09-04T05:00:00+05:30,29507,29507.75,29501.25,29503.25,129
2026-09-04T05:06:00+05:30,29504.25,29508,29502.75,29506.25,81
2026-09-04T05:12:00+05:30,29508,29516.75,29504.75,29507.75,433
2026-09-04T05:18:00+05:30,29507,29515,29503.5,29503.5,219
2026-09-04T05:24:00+05:30,29506.25,29513,29502.25,29504,219
2026-09-04T05:30:00+05:30,29503.75,29513.25,29495,29510.25,656
2026-09-04T05:36:00+05:30,29509,29520.5,29508.25,29516,627
2026-09-04T05:42:00+05:30,29515.5,29520.5,29505,29515.25,518
2026-09-04T05:48:00+05:30,29515.75,29527.75,29509.5,29525.5,614
2026-09-04T05:54:00+05:30,29525.25,29529,29514.5,29527.5,628
2026-09-04T06:00:00+05:30,29527.75,29531.75,29519.25,29520.5,599
2026-09-04T06:06:00+05:30,29521.5,29531.25,29521.5,29529.75,332
2026-09-04T06:12:00+05:30,29529.5,29538.75,29528.5,29534.75,526
2026-09-04T06:18:00+05:30,29534.5,29542.25,29533.25,29537.5,405
2026-09-04T06:24:00+05:30,29539,29540.25,29530,29530.75,337
2026-09-04T06:30:00+05:30,29530,29532.75,29517.75,29528.5,703
2026-09-04T06:36:00+05:30,29528.25,29532,29521.5,29527,308
2026-09-04T06:42:00+05:30,29525,29529.25,29516.25,29524.75,433
2026-09-04T06:48:00+05:30,29524.5,29542.5,29523.25,29540,618
2026-09-04T06:54:00+05:30,29540.25,29542.75,29532.25,29540.75,612
2026-09-04T07:00:00+05:30,29539.5,29545.25,29537,29538.5,311
2026-09-04T07:06:00+05:30,29538.75,29547.75,29536.5,29538.75,456
2026-09-04T07:12:00+05:30,29539.25,29546.5,29534.5,29538.25,378
2026-09-04T07:18:00+05:30,29537.25,29538,29526.25,29535,607
2026-09-04T07:24:00+05:30,29534,29548.75,29523.25,29548,663
2026-09-04T07:30:00+05:30,29547.75,29548.25,29537.25,29545.5,310
2026-09-04T07:36:00+05:30,29544.5,29550,29541.75,29548.5,249
2026-09-04T07:42:00+05:30,29549.25,29553.25,29546,29550.75,330
2026-09-04T07:48:00+05:30,29551,29553.75,29547,29552.25,194
2026-09-04T07:54:00+05:30,29553.5,29556.25,29552.75,29555,281
2026-09-04T08:00:00+05:30,29555.75,29566.5,29544,29548.5,856
2026-09-04T08:06:00+05:30,29550.5,29554.25,29548.5,29554,343
2026-09-04T08:12:00+05:30,29554.5,29556.25,29545.25,29553.75,328
2026-09-04T08:18:00+05:30,29554,29565.25,29554,29564,456
2026-09-04T08:24:00+05:30,29564.75,29568,29561.5,29564.5,296
2026-09-04T08:30:00+05:30,29563.25,29566.5,29560,29563,197
2026-09-04T08:36:00+05:30,29564,29565,29557.25,29558,193
2026-09-04T08:42:00+05:30,29557.5,29568.75,29557.5,29566.75,278
2026-09-04T08:48:00+05:30,29566.5,29578.25,29566.5,29571.75,637
2026-09-04T08:54:00+05:30,29571,29571,29563,29569,345
2026-09-04T09:00:00+05:30,29569.5,29578.25,29568.5,29578.25,328
2026-09-04T09:06:00+05:30,29576.75,29578.75,29574,29574.75,204
2026-09-04T09:12:00+05:30,29574.75,29575,29563.75,29565.5,288
2026-09-04T09:18:00+05:30,29564.5,29572.75,29564,29571.5,240
2026-09-04T09:24:00+05:30,29571.5,29573.25,29569.5,29570.5,82
2026-09-04T09:30:00+05:30,29570.75,29572.75,29556.5,29561.25,468
2026-09-04T09:36:00+05:30,29561.75,29568.75,29557.25,29566,244
2026-09-04T09:42:00+05:30,29566.25,29577.75,29566,29569.25,332
2026-09-04T09:48:00+05:30,29569.5,29577.5,29567.5,29576.5,182
2026-09-04T09:54:00+05:30,29575.75,29595,29575,29593,946
2026-09-04T10:00:00+05:30,29592.25,29601.25,29591,29596,512
2026-09-04T10:06:00+05:30,29596,29599.25,29585.5,29588.75,332
2026-09-04T10:12:00+05:30,29588,29590.5,29585,29585.25,194
2026-09-04T10:18:00+05:30,29585.5,29588,29583.25,29586.5,178
2026-09-04T10:24:00+05:30,29588.25,29599.75,29586.25,29598.25,330
2026-09-04T10:30:00+05:30,29597.5,29603,29593.75,29601.5,502
2026-09-04T10:36:00+05:30,29602.25,29616,29601.75,29613.5,713
2026-09-04T10:42:00+05:30,29614,29632.25,29614,29631.75,798
2026-09-04T10:48:00+05:30,29631.75,29643,29630.5,29633.75,928
2026-09-04T10:54:00+05:30,29633.5,29639,29620.25,29622.75,449
2026-09-04T11:00:00+05:30,29622,29625.25,29617.25,29618.75,387
2026-09-04T11:06:00+05:30,29620,29621,29612,29612,546
2026-09-04T11:12:00+05:30,29611.5,29613,29605.5,29606,372
2026-09-04T11:18:00+05:30,29606.75,29607.25,29591.5,29595.5,610
2026-09-04T11:24:00+05:30,29596.25,29622,29596.25,29620.75,854
2026-09-04T11:30:00+05:30,29620.25,29634.5,29617,29623.5,935
2026-09-04T11:36:00+05:30,29624.25,29640.25,29623.5,29640.25,660
2026-09-04T11:42:00+05:30,29640.5,29643.75,29622.5,29623.5,592
2026-09-04T11:48:00+05:30,29623.75,29642.25,29623,29634.25,604
2026-09-04T11:54:00+05:30,29634.25,29640,29629,29631.25,434
2026-09-04T12:00:00+05:30,29631.5,29633,29599.5,29600.5,622
2026-09-04T12:06:00+05:30,29600.75,29606.75,29595.75,29605.25,583
2026-09-04T12:12:00+05:30,29605.25,29612.75,29592.5,29596,502
2026-09-04T12:18:00+05:30,29595.5,29596.5,29579,29581.25,557
2026-09-04T12:24:00+05:30,29580.25,29584.75,29574,29576.75,477
2026-09-04T12:30:00+05:30,29577.75,29598.5,29575.25,29593.75,773
2026-09-04T12:36:00+05:30,29592.5,29617,29589.5,29616,663
2026-09-04T12:42:00+05:30,29616,29623.75,29607.25,29616.25,741
2026-09-04T12:48:00+05:30,29616.75,29623,29612.75,29615.25,319
2026-09-04T12:54:00+05:30,29615.25,29637.25,29609.25,29636.25,463
2026-09-04T13:00:00+05:30,29635.75,29646.75,29634,29640.5,878
2026-09-04T13:06:00+05:30,29640,29644,29628,29643.25,459
2026-09-04T13:12:00+05:30,29643.5,29658,29642.5,29656.25,755
2026-09-04T13:18:00+05:30,29655.75,29658.25,29651.25,29655.5,420
2026-09-04T13:24:00+05:30,29655.25,29655.25,29641.25,29652.25,372
2026-09-04T13:30:00+05:30,29653.75,29663,29635.5,29657.25,1315
2026-09-04T13:36:00+05:30,29656,29669.25,29654.25,29663.5,814
2026-09-04T13:42:00+05:30,29663.5,29667.5,29647,29649.25,551
2026-09-04T13:48:00+05:30,29650,29664.75,29646.75,29652,414
2026-09-04T13:54:00+05:30,29652,29672,29645,29668.5,581
2026-09-04T14:00:00+05:30,29670,29673,29652.25,29652.25,424
2026-09-04T14:06:00+05:30,29652.5,29657.5,29643.75,29652.25,436
2026-09-04T14:12:00+05:30,29652,29661.25,29649.75,29651.5,395
2026-09-04T14:18:00+05:30,29652,29657.5,29647,29653.75,305
2026-09-04T14:24:00+05:30,29655,29664.75,29654,29658.5,400
2026-09-04T14:30:00+05:30,29657.5,29658.25,29645.25,29648.25,325
2026-09-04T14:36:00+05:30,29647,29653.25,29636.25,29636.5,524
2026-09-04T14:42:00+05:30,29637.25,29641.75,29625.25,29634,541
2026-09-04T14:48:00+05:30,29634,29642.5,29616.5,29624.25,625
2026-09-04T14:54:00+05:30,29623.75,29628,29617,29624.5,284
2026-09-04T15:00:00+05:30,29625.75,29635.25,29618.5,29631.5,384
2026-09-04T15:06:00+05:30,29631,29645,29630.25,29639.25,293
2026-09-04T15:12:00+05:30,29639.5,29650.75,29639,29647.5,333
2026-09-04T15:18:00+05:30,29646.75,29656.25,29643.75,29656,322
2026-09-04T15:24:00+05:30,29656.75,29661.75,29649.25,29657.25,459
2026-09-04T15:30:00+05:30,29656.75,29668.75,29655,29663,536
2026-09-04T15:36:00+05:30,29661.75,29665.5,29653.25,29664,299
2026-09-04T15:42:00+05:30,29663.25,29665.5,29654.75,29662.25,254
2026-09-04T15:48:00+05:30,29662.5,29667.25,29658.5,29663.25,182
2026-09-04T15:54:00+05:30,29663,29686,29661,29678.5,958
2026-09-04T16:00:00+05:30,29676.5,29680.75,29668.5,29671,372
2026-09-04T16:06:00+05:30,29672.5,29682.75,29672.25,29675.75,336
2026-09-04T16:12:00+05:30,29676,29704.5,29675.75,29694,885
2026-09-04T16:18:00+05:30,29693,29694,29675.75,29679.25,374
2026-09-04T16:24:00+05:30,29679.75,29684.25,29677.5,29680,256
2026-09-04T16:30:00+05:30,29681.5,29686,29650.75,29659.75,939
2026-09-04T16:36:00+05:30,29660.75,29661.75,29651,29653,373
2026-09-04T16:42:00+05:30,29654,29664,29654,29661.5,296
2026-09-04T16:48:00+05:30,29661.5,29667.5,29655.5,29661.25,372
2026-09-04T16:54:00+05:30,29661.25,29676.75,29659.25,29662.5,456
2026-09-04T17:00:00+05:30,29663.75,29676,29661,29672.25,397
2026-09-04T17:06:00+05:30,29671.75,29676.25,29667.75,29671.5,447
2026-09-04T17:12:00+05:30,29672.25,29677.5,29666,29677,400
2026-09-04T17:18:00+05:30,29677.5,29685.25,29675,29683,408
2026-09-04T17:24:00+05:30,29682.75,29690,29677.25,29683.25,604
2026-09-04T17:30:00+05:30,29682,29686.25,29640,29640.5,1355
2026-09-04T17:36:00+05:30,29640,29665.75,29627,29643,1731
2026-09-04T17:42:00+05:30,29643.5,29647,29631.75,29636.5,961
2026-09-04T17:48:00+05:30,29637.5,29667,29633.75,29658.25,885
2026-09-04T17:54:00+05:30,29657.75,29694,29657.5,29675.75,1346
2026-09-04T18:00:00+05:30,29674.25,29693.75,29531.25,29566.75,8678
2026-09-04T18:06:00+05:30,29568.25,29585,29540,29575.25,4263
2026-09-04T18:12:00+05:30,29576,29587,29503.75,29507,4224
2026-09-04T18:18:00+05:30,29508.25,29546.75,29502,29546.5,3981
2026-09-04T18:24:00+05:30,29545.5,29550.25,29518,29546.5,2380
2026-09-04T18:30:00+05:30,29547,29556.75,29523,29553,3330
2026-09-04T18:36:00+05:30,29552.25,29555,29527.75,29534,1725
2026-09-04T18:42:00+05:30,29532.75,29564.25,29532,29555.75,1725
2026-09-04T18:48:00+05:30,29555.75,29579.75,29553,29578.5,2281
2026-09-04T18:54:00+05:30,29578.75,29591,29572.5,29589,3719
2026-09-04T19:00:00+05:30,29588.25,29637,29554.5,29633.5,19425
2026-09-04T19:06:00+05:30,29633.25,29644.5,29602,29614.25,12597
2026-09-04T19:12:00+05:30,29614.25,29647,29577.5,29628.25,13554
2026-09-04T19:18:00+05:30,29627.5,29654.25,29609.75,29650.5,9010
2026-09-04T19:24:00+05:30,29650.5,29691.75,29649.5,29691,9091
2026-09-04T19:30:00+05:30,29690.5,29691,29653.75,29662.5,8508
2026-09-04T19:36:00+05:30,29662.5,29674.5,29623.75,29626.25,8502
2026-09-04T19:42:00+05:30,29626.25,29651.5,29594,29618,10780
2026-09-04T19:48:00+05:30,29617.75,29630.75,29579,29609.25,9424
2026-09-04T19:54:00+05:30,29608.75,29609.5,29564.75,29595.5,8989
2026-09-04T20:00:00+05:30,29596.25,29598.25,29554,29572,8059
2026-09-04T20:06:00+05:30,29571.5,29589.25,29562.25,29572.75,6145
2026-09-04T20:12:00+05:30,29572.75,29574.5,29525.25,29534,8882
2026-09-04T20:18:00+05:30,29533.5,29539.75,29509.5,29520.75,7893
2026-09-04T20:24:00+05:30,29520.75,29530,29498.75,29521,7261
2026-09-04T20:30:00+05:30,29520,29529,29497.25,29511,6730
2026-09-04T20:36:00+05:30,29511,29531.5,29507.5,29524.5,5730
2026-09-04T20:42:00+05:30,29524.5,29543,29516,29519.75,5942
2026-09-04T20:48:00+05:30,29519.5,29520,29484.25,29501,7477
2026-09-04T20:54:00+05:30,29501,29512.75,29495,29506.75,4224
2026-09-04T21:00:00+05:30,29506.75,29510.75,29478,29499.25,6482
2026-09-04T21:06:00+05:30,29498.75,29512,29492.25,29511.5,2913
2026-09-04T21:12:00+05:30,29511.5,29524.5,29492.5,29495,4725
2026-09-04T21:18:00+05:30,29494.75,29516.25,29487,29503,4260
2026-09-04T21:24:00+05:30,29502.5,29519,29497.5,29515,3291
2026-09-04T21:30:00+05:30,29514.75,29523.75,29505,29520.5,3124
2026-09-04T21:36:00+05:30,29521,29542.25,29507.25,29541,4191
2026-09-04T21:42:00+05:30,29541,29554.25,29536,29541.75,4126
2026-09-04T21:48:00+05:30,29541.5,29565.25,29537.25,29552.75,3616
2026-09-04T21:54:00+05:30,29552.5,29560.75,29546,29554,2947
2026-09-04T22:00:00+05:30,29554.5,29574,29548.75,29571,3744
2026-09-04T22:06:00+05:30,29570.75,29570.75,29557,29563,2691
2026-09-04T22:12:00+05:30,29562.5,29580.75,29558,29579.5,3368
2026-09-04T22:18:00+05:30,29579.25,29595.75,29573.5,29586,4116
2026-09-04T22:24:00+05:30,29586,29589.5,29575.5,29576,3302
2026-09-04T22:30:00+05:30,29576.25,29580.5,29544.75,29557,4802
2026-09-04T22:36:00+05:30,29557.5,29558,29532.5,29532.75,2759
2026-09-04T22:42:00+05:30,29532.25,29543.5,29529.75,29540.5,2937
2026-09-04T22:48:00+05:30,29540.75,29541.5,29520,29524.25,3045
2026-09-04T22:54:00+05:30,29524.75,29527.5,29504.25,29508,3179
2026-09-04T23:00:00+05:30,29508,29508.5,29485,29496.75,4292
2026-09-04T23:06:00+05:30,29497,29500.25,29480,29481.25,2942
2026-09-04T23:12:00+05:30,29481.5,29492.5,29468,29484.5,5308
2026-09-04T23:18:00+05:30,29484.5,29496,29479.75,29487.5,3400
2026-09-04T23:24:00+05:30,29487.25,29498.25,29480.5,29491.75,2777
2026-09-04T23:30:00+05:30,29491.5,29497.75,29471.5,29479.25,3575
2026-09-04T23:36:00+05:30,29479.25,29497.25,29471.25,29490,3121
2026-09-04T23:42:00+05:30,29490.25,29495.25,29484.5,29492.5,2434
2026-09-04T23:48:00+05:30,29492.5,29514.5,29492,29509.75,3392
2026-09-04T23:54:00+05:30,29510,29512.75,29502,29511,2559
2026-09-05T00:00:00+05:30,29511,29519.5,29510.75,29513,2971
2026-09-05T00:06:00+05:30,29512.75,29515.75,29504,29508.5,2942
2026-09-05T00:12:00+05:30,29509,29528,29509,29526.25,2826
2026-09-05T00:18:00+05:30,29526.75,29530.25,29521.25,29526.75,1753
2026-09-05T00:24:00+05:30,29527,29542.5,29525.5,29538.75,2783
2026-09-05T00:30:00+05:30,29538.75,29544,29510.75,29518.25,4295
2026-09-05T00:36:00+05:30,29518.25,29518.25,29506.75,29516.75,2131
2026-09-05T00:42:00+05:30,29515.5,29522,29510,29517.25,1878
2026-09-05T00:48:00+05:30,29516.75,29522.75,29512.5,29520.25,1769
2026-09-05T00:54:00+05:30,29519.75,29531.25,29519,29526.5,2518
2026-09-05T01:00:00+05:30,29526.5,29544,29519.25,29542,3332
2026-09-05T01:06:00+05:30,29542,29547.5,29526.75,29534.5,3227
2026-09-05T01:12:00+05:30,29534.75,29550.5,29531.75,29550,3166
2026-09-05T01:18:00+05:30,29550.25,29578.5,29544.5,29566.75,6898
2026-09-05T01:24:00+05:30,29567,29586.5,29558.5,29568.75,16034
2026-09-05T01:30:00+05:30,29568.25,29569,29532.5,29533.25,5266
2026-09-05T01:36:00+05:30,29533,29542,29529.5,29538.5,1683
2026-09-05T01:42:00+05:30,29538.25,29546.75,29537.5,29539.5,1149
2026-09-05T01:48:00+05:30,29540,29540.5,29531,29533.25,405
2026-09-05T01:54:00+05:30,29532.25,29534.25,29529.75,29531.5,403
2026-09-05T02:00:00+05:30,29531.75,29532,29514.5,29520.5,1171
2026-09-05T02:06:00+05:30,29520.5,29529.75,29518.75,29525.75,724
2026-09-05T02:12:00+05:30,29525.5,29532.5,29525.5,29530.75,565
2026-09-05T02:18:00+05:30,29530.75,29531,29524,29529,884
2026-09-05T02:24:00+05:30,29528.25,29529.75,29519.5,29523,749
2026-09-07T03:30:00+05:30,29535.25,29595.25,29534.75,29575.75,1577
2026-09-07T03:36:00+05:30,29574.25,29587,29572.25,29580.5,465
2026-09-07T03:42:00+05:30,29581.25,29584.25,29576.5,29581.5,184
2026-09-07T03:48:00+05:30,29580.75,29582.25,29574.5,29579.5,250
2026-09-07T03:54:00+05:30,29577.75,29583.5,29577,29579.75,100
2026-09-07T04:00:00+05:30,29578.75,29584.75,29577.5,29580,245
2026-09-07T04:06:00+05:30,29578.5,29583.25,29577.25,29582,116
2026-09-07T04:12:00+05:30,29581.75,29583,29579.25,29581.25,72
2026-09-07T04:18:00+05:30,29581.25,29583.5,29580,29581,74
2026-09-07T04:24:00+05:30,29580.25,29581.5,29576.75,29576.75,62
2026-09-07T04:30:00+05:30,29576.5,29579.75,29573.5,29578,179
2026-09-07T04:36:00+05:30,29578.25,29578.25,29566.5,29568.5,287
2026-09-07T04:42:00+05:30,29568.75,29578,29561,29569.75,362
2026-09-07T04:48:00+05:30,29569.75,29574.5,29553,29553,365
2026-09-07T04:54:00+05:30,29554,29556.5,29542.75,29544,450
2026-09-07T05:00:00+05:30,29543,29558,29541,29556.25,491
2026-09-07T05:06:00+05:30,29556.25,29580.25,29555.5,29567.75,794
2026-09-07T05:12:00+05:30,29567.75,29582.75,29565.75,29579.25,433
2026-09-07T05:18:00+05:30,29579,29579.25,29565.75,29566,175
2026-09-07T05:24:00+05:30,29565.75,29567,29547,29557.5,515
2026-09-07T05:30:00+05:30,29557.5,29567.5,29545,29565,602
2026-09-07T05:36:00+05:30,29565.5,29583,29561.25,29572.5,828
2026-09-07T05:42:00+05:30,29572.25,29583,29567.25,29568.75,427
2026-09-07T05:48:00+05:30,29569,29577,29556.25,29556.25,509
2026-09-07T05:54:00+05:30,29558.5,29578.5,29558,29563.5,356
2026-09-07T06:00:00+05:30,29564.25,29568.75,29556.25,29563.25,397
2026-09-07T06:06:00+05:30,29564.5,29565.5,29545.25,29554.75,446
2026-09-07T06:12:00+05:30,29556,29574,29553.25,29568.25,442
2026-09-07T06:18:00+05:30,29568,29569.25,29548.25,29554.5,447
2026-09-07T06:24:00+05:30,29554.25,29559.25,29536,29537.25,574
2026-09-07T06:30:00+05:30,29538.5,29571.75,29530.5,29560,1115
2026-09-07T06:36:00+05:30,29560.5,29561,29539.25,29557.25,658
2026-09-07T06:42:00+05:30,29557.5,29561.25,29547.5,29556,427
2026-09-07T06:48:00+05:30,29556,29560,29544.5,29558.25,312
2026-09-07T06:54:00+05:30,29558.5,29580,29556,29579,660
2026-09-07T07:00:00+05:30,29578.75,29595.75,29568.75,29583,997
2026-09-07T07:06:00+05:30,29586.25,29594,29581.25,29585,349
2026-09-07T07:12:00+05:30,29585.25,29589.25,29579.25,29581,307
2026-09-07T07:18:00+05:30,29581.25,29590,29577.5,29588.75,248
2026-09-07T07:24:00+05:30,29587.75,29594.75,29583.25,29593.5,434
2026-09-07T07:30:00+05:30,29595,29596,29577.25,29578.75,397
2026-09-07T07:36:00+05:30,29580.5,29585,29576.5,29581.5,194
2026-09-07T07:42:00+05:30,29581.25,29591.25,29577.25,29584,227
2026-09-07T07:48:00+05:30,29583.75,29587,29571.75,29576.75,197
2026-09-07T07:54:00+05:30,29575.75,29591.5,29574.75,29588.25,225
2026-09-07T08:00:00+05:30,29586.75,29608.25,29586.75,29608,568
2026-09-07T08:06:00+05:30,29606.25,29621.75,29605.25,29620.75,438
2026-09-07T08:12:00+05:30,29620.25,29620.25,29601.25,29605.25,340
2026-09-07T08:18:00+05:30,29604.25,29607.75,29589.5,29590.25,353
2026-09-07T08:24:00+05:30,29591.25,29593.75,29575.25,29583.25,547
2026-09-07T08:30:00+05:30,29583.5,29584.75,29574,29577,472
2026-09-07T08:36:00+05:30,29577.25,29581.5,29572,29575.75,284
2026-09-07T08:42:00+05:30,29575,29584,29574.75,29577.5,204
2026-09-07T08:48:00+05:30,29579,29595,29577.5,29595,455
2026-09-07T08:54:00+05:30,29595.5,29604.5,29586.75,29601,382
2026-09-07T09:00:00+05:30,29600.25,29622.75,29595.75,29617.25,784
2026-09-07T09:06:00+05:30,29616,29618.75,29605,29607.5,268
2026-09-07T09:12:00+05:30,29607.25,29607.75,29587,29597.5,464
2026-09-07T09:18:00+05:30,29597.75,29602.75,29589.75,29592.75,307
2026-09-07T09:24:00+05:30,29592.25,29595,29584.25,29586,314
2026-09-07T09:30:00+05:30,29587,29587.25,29575.75,29581,367
2026-09-07T09:36:00+05:30,29581.5,29594,29580.75,29588.75,332
2026-09-07T09:42:00+05:30,29586.75,29596.75,29579.5,29583.5,407
2026-09-07T09:48:00+05:30,29585,29585.5,29574.25,29574.75,171
2026-09-07T09:54:00+05:30,29575,29584.5,29574.25,29584,208
2026-09-07T10:00:00+05:30,29585,29587.75,29572,29573,310
2026-09-07T10:06:00+05:30,29573.25,29581.75,29569.75,29578.75,290
2026-09-07T10:12:00+05:30,29580.75,29584,29575.25,29580.5,125
2026-09-07T10:18:00+05:30,29580.5,29586.25,29578.5,29582.5,153
2026-09-07T10:24:00+05:30,29582,29600.25,29581.75,29597.25,391
2026-09-07T10:30:00+05:30,29597.75,29602.5,29591.5,29596.25,414
2026-09-07T10:36:00+05:30,29596,29600.5,29584.5,29585,362
2026-09-07T10:42:00+05:30,29586.25,29591.75,29578,29589,421
2026-09-07T10:48:00+05:30,29590,29603,29590,29601.75,505
2026-09-07T10:54:00+05:30,29602,29615.25,29600.75,29611.75,402
2026-09-07T11:00:00+05:30,29611.75,29621.75,29609.25,29621.75,414
2026-09-07T11:06:00+05:30,29620.75,29620.75,29608.75,29619,302
2026-09-07T11:12:00+05:30,29618,29639,29614,29633.25,788
2026-09-07T11:18:00+05:30,29633.5,29637.75,29617.25,29625.25,416
2026-09-07T11:24:00+05:30,29625,29626.25,29606,29610.5,463
2026-09-07T11:30:00+05:30,29610.75,29629.25,29609,29627.75,617
2026-09-07T11:36:00+05:30,29626.75,29636.5,29611.5,29634.5,547
2026-09-07T11:42:00+05:30,29636.5,29643,29632.5,29638.5,373
2026-09-07T11:48:00+05:30,29639.5,29653.5,29636,29650.5,602
2026-09-07T11:54:00+05:30,29651.75,29655,29642,29651.75,816
2026-09-07T12:00:00+05:30,29653,29673.25,29648.5,29668.5,649
2026-09-07T12:06:00+05:30,29668,29682.25,29663,29676.25,658
2026-09-07T12:12:00+05:30,29675.75,29676,29649.25,29657.75,667
2026-09-07T12:18:00+05:30,29658,29662.5,29645.75,29662.5,532
2026-09-07T12:24:00+05:30,29661.5,29665.75,29654.5,29663.5,309
2026-09-07T12:30:00+05:30,29663.75,29681,29656.5,29680.25,652
2026-09-07T12:36:00+05:30,29680.25,29683.5,29664.5,29669,504
2026-09-07T12:42:00+05:30,29668.75,29670.75,29655.25,29660.75,411
2026-09-07T12:48:00+05:30,29659.25,29659.75,29649.25,29653.5,291
2026-09-07T12:54:00+05:30,29654,29659.75,29636.75,29637.25,510
2026-09-07T13:00:00+05:30,29639,29644.75,29631.75,29642.5,409
2026-09-07T13:06:00+05:30,29642.25,29649.25,29627.25,29629,416
2026-09-07T13:12:00+05:30,29627.75,29634.5,29617.25,29629.5,606
2026-09-07T13:18:00+05:30,29628.75,29659.5,29628.25,29643.75,632
2026-09-07T13:24:00+05:30,29644.25,29661,29638.25,29657.75,500
2026-09-07T13:30:00+05:30,29658,29662.5,29645,29659.25,483
2026-09-07T13:36:00+05:30,29659.5,29664.5,29647.75,29647.75,304
2026-09-07T13:42:00+05:30,29649,29657.5,29638,29649.75,648
2026-09-07T13:48:00+05:30,29650.25,29662,29647,29651.5,301
2026-09-07T13:54:00+05:30,29650,29656.75,29647,29654.75,191
2026-09-07T14:00:00+05:30,29655.75,29663.5,29649.25,29659.5,531
2026-09-07T14:06:00+05:30,29661.25,29662,29647,29647.75,222
2026-09-07T14:12:00+05:30,29647.5,29650.25,29636,29645,405
2026-09-07T14:18:00+05:30,29643.25,29652.75,29643.25,29650,187
2026-09-07T14:24:00+05:30,29651,29654.25,29643,29644.5,155
2026-09-07T14:30:00+05:30,29644.75,29655.25,29644.5,29649.75,175
2026-09-07T14:36:00+05:30,29649.25,29649.25,29642.5,29647,180
2026-09-07T14:42:00+05:30,29646.5,29646.5,29628.25,29629.25,354
2026-09-07T14:48:00+05:30,29628.25,29628.75,29614.25,29617.25,367
2026-09-07T14:54:00+05:30,29616.75,29622,29614.75,29617,293
2026-09-07T15:00:00+05:30,29617,29620.25,29601.25,29606.75,382
2026-09-07T15:06:00+05:30,29607.5,29625.25,29607.5,29620.75,319
2026-09-07T15:12:00+05:30,29619.75,29622.75,29617,29620.5,181
2026-09-07T15:18:00+05:30,29622,29622.5,29610.75,29614.25,221
2026-09-07T15:24:00+05:30,29614.75,29619.75,29603,29607.25,243
2026-09-07T15:30:00+05:30,29608,29618.5,29607.5,29617,228
2026-09-07T15:36:00+05:30,29615.5,29616,29604.75,29614,202
2026-09-07T15:42:00+05:30,29614,29619.5,29611,29619.5,211
2026-09-07T15:48:00+05:30,29619,29621.75,29613,29613.75,142
2026-09-07T15:54:00+05:30,29613,29617.75,29611,29613.25,93
2026-09-07T16:00:00+05:30,29613.5,29618,29608,29611.5,140
2026-09-07T16:06:00+05:30,29611,29616,29603.5,29612.25,172
2026-09-07T16:12:00+05:30,29612,29612.75,29595.5,29597.25,412
2026-09-07T16:18:00+05:30,29597.25,29599.75,29588.5,29599.5,414
2026-09-07T16:24:00+05:30,29599.5,29600.25,29569.25,29575.75,893
2026-09-07T16:30:00+05:30,29574.5,29579.5,29553,29577.5,983
2026-09-07T16:36:00+05:30,29577,29577.75,29547.75,29559.25,703
2026-09-07T16:42:00+05:30,29560,29572,29556,29561,379
2026-09-07T16:48:00+05:30,29561,29566,29535,29539.25,492
2026-09-07T16:54:00+05:30,29539,29547.75,29535,29545.75,343
2026-09-07T17:00:00+05:30,29546.25,29563,29543.75,29549.5,416
2026-09-07T17:06:00+05:30,29548.25,29566.75,29541,29565.25,303
2026-09-07T17:12:00+05:30,29565.75,29565.75,29554.25,29556.75,172
2026-09-07T17:18:00+05:30,29557.5,29560.25,29552,29557,148
2026-09-07T17:24:00+05:30,29556.5,29557.75,29543.75,29545,208
2026-09-07T17:30:00+05:30,29545.25,29554.25,29543,29553.75,193
2026-09-07T17:36:00+05:30,29552.75,29567.25,29542.5,29542.75,476
2026-09-07T17:42:00+05:30,29542.5,29549,29538.25,29539.5,298
2026-09-07T17:48:00+05:30,29539.25,29545.25,29535.5,29543.5,227
2026-09-07T17:54:00+05:30,29543,29551.75,29543,29550,252
2026-09-07T18:00:00+05:30,29548.5,29560,29547.5,29550.5,393
2026-09-07T18:06:00+05:30,29549.75,29565,29547.75,29561.5,355
2026-09-07T18:12:00+05:30,29561,29566.75,29553.25,29565.25,310
2026-09-07T18:18:00+05:30,29565.25,29580,29564,29580,604
2026-09-07T18:24:00+05:30,29580.25,29589.75,29579,29588.5,686
2026-09-07T18:30:00+05:30,29588.75,29595.25,29576.5,29594.75,497
2026-09-07T18:36:00+05:30,29594.75,29603.5,29587.75,29602.5,548
2026-09-07T18:42:00+05:30,29602,29614,29596.5,29598.75,780
2026-09-07T18:48:00+05:30,29599,29618,29599,29617.25,556
2026-09-07T18:54:00+05:30,29615.75,29624.75,29607.75,29614.75,764
2026-09-07T19:00:00+05:30,29614.75,29645.25,29611,29614,2248
2026-09-07T19:06:00+05:30,29613.75,29614.5,29604,29613.5,1114
2026-09-07T19:12:00+05:30,29614,29630,29612.25,29629.25,1252
2026-09-07T19:18:00+05:30,29629.75,29631.5,29618.5,29628.75,681
2026-09-07T19:24:00+05:30,29628.25,29629.5,29613.25,29618.5,935
2026-09-07T19:30:00+05:30,29618.5,29635,29608,29612.5,1412
2026-09-07T19:36:00+05:30,29613.75,29624,29603.75,29607,779
2026-09-07T19:42:00+05:30,29608,29617,29607,29611.25,725
2026-09-07T19:48:00+05:30,29611,29613.75,29601.25,29607.5,758
2026-09-07T19:54:00+05:30,29607.25,29612.5,29602.5,29611,443
2026-09-07T20:00:00+05:30,29612,29612.75,29600,29604.5,537
2026-09-07T20:06:00+05:30,29604,29627,29602.25,29617.25,1100
2026-09-07T20:12:00+05:30,29616.25,29632.75,29615.25,29623.75,521
2026-09-07T20:18:00+05:30,29624,29626,29617.5,29621.25,517
2026-09-07T20:24:00+05:30,29621.5,29624.25,29589.25,29592.25,1188
2026-09-07T20:30:00+05:30,29591.75,29609.75,29590.75,29594,1134
2026-09-07T20:36:00+05:30,29594.75,29596.25,29583.25,29585.25,780
2026-09-07T20:42:00+05:30,29586,29592.25,29582.25,29586.25,515
2026-09-07T20:48:00+05:30,29586.25,29590.5,29570,29570.25,716
2026-09-07T20:54:00+05:30,29571,29584.75,29563.5,29577.5,958
2026-09-07T21:00:00+05:30,29578.25,29592.75,29575.75,29589,885
2026-09-07T21:06:00+05:30,29588.5,29594.75,29577,29583,627
2026-09-07T21:12:00+05:30,29582.25,29587.5,29577.25,29584.75,362
2026-09-07T21:18:00+05:30,29585.25,29590.5,29583.25,29585.5,385
2026-09-07T21:24:00+05:30,29585.25,29592.25,29581.75,29592.25,366
2026-09-07T21:30:00+05:30,29593,29604.5,29589.75,29599,598
2026-09-07T21:36:00+05:30,29598.5,29600,29593,29599.75,277
2026-09-07T21:42:00+05:30,29600.5,29610.25,29599.5,29609.25,504
2026-09-07T21:48:00+05:30,29609.25,29611,29603.75,29605.25,225
2026-09-07T21:54:00+05:30,29604,29604,29590.25,29595.25,426
2026-09-07T22:00:00+05:30,29595.25,29609.75,29592,29608.5,398
2026-09-07T22:06:00+05:30,29609.25,29612.25,29603,29609.5,307
2026-09-07T22:12:00+05:30,29609.25,29611.25,29603.75,29604.75,329
2026-09-07T22:18:00+05:30,29604.5,29610.5,29601.5,29609.75,326
2026-09-07T22:24:00+05:30,29610,29613.5,29594.5,29603.5,524
2026-09-08T03:30:00+05:30,29611.5,29622,29571.25,29580.75,977
2026-09-08T03:36:00+05:30,29582.25,29594,29582,29587.75,422
2026-09-08T03:42:00+05:30,29585.75,29587.75,29573.5,29576.75,362
2026-09-08T03:48:00+05:30,29577.25,29578.5,29569.25,29569.25,310
2026-09-08T03:54:00+05:30,29569.25,29572.25,29555,29557.75,525
2026-09-08T04:00:00+05:30,29556.5,29556.75,29546.75,29548.25,517
2026-09-08T04:06:00+05:30,29549.75,29557,29540,29549.75,636
2026-09-08T04:12:00+05:30,29550.75,29561.75,29544.5,29548.75,478
2026-09-08T04:18:00+05:30,29549,29555.75,29547.25,29552.25,258
2026-09-08T04:24:00+05:30,29554.5,29562,29553.75,29558.5,323
2026-09-08T04:30:00+05:30,29556.5,29558,29543,29544.5,328
2026-09-08T04:36:00+05:30,29544.5,29554.25,29541.25,29549.5,351
2026-09-08T04:42:00+05:30,29549.25,29551.25,29525,29532.75,838
2026-09-08T04:48:00+05:30,29533.75,29546.25,29525,29536.25,705
2026-09-08T04:54:00+05:30,29536,29545.75,29534.25,29542.25,256
2026-09-08T05:00:00+05:30,29541,29554.75,29533.5,29551.25,418
2026-09-08T05:06:00+05:30,29551,29576.5,29550.75,29569.5,1071
2026-09-08T05:12:00+05:30,29569.75,29598.25,29569.75,29597.5,852
2026-09-08T05:18:00+05:30,29597.25,29599,29581,29593.75,641
2026-09-08T05:24:00+05:30,29594,29594.5,29577,29584.5,435
2026-09-08T05:30:00+05:30,29583.5,29605.25,29575,29593.75,1463
2026-09-08T05:36:00+05:30,29594.75,29605.75,29589.25,29594.5,883
2026-09-08T05:42:00+05:30,29595.5,29602.5,29577.75,29594.5,1173
2026-09-08T05:48:00+05:30,29595.5,29617.5,29581.5,29587.25,1642
2026-09-08T05:54:00+05:30,29587,29629.5,29583.25,29627.5,1399
2026-09-08T06:00:00+05:30,29628.25,29640.5,29621.25,29638,813
2026-09-08T06:06:00+05:30,29637,29637.75,29627,29632.25,523
2026-09-08T06:12:00+05:30,29633,29639.5,29625.25,29637.25,354
2026-09-08T06:18:00+05:30,29634.25,29642,29632.75,29637,379
2026-09-08T06:24:00+05:30,29636.5,29641.25,29630.75,29631.5,559
2026-09-08T06:30:00+05:30,29632.75,29638.75,29611.75,29619,1401
2026-09-08T06:36:00+05:30,29617,29661.75,29612.75,29646.5,1648
2026-09-08T06:42:00+05:30,29648.25,29658.75,29643,29652.25,515
2026-09-08T06:48:00+05:30,29653,29662,29649.25,29660,494
2026-09-08T06:54:00+05:30,29660.75,29661,29645.75,29651.75,435
2026-09-08T07:00:00+05:30,29652.75,29662.75,29645.25,29660,610
2026-09-08T07:06:00+05:30,29660,29688.5,29656.25,29676,1418
2026-09-08T07:12:00+05:30,29676.25,29679,29671.5,29676.75,420
2026-09-08T07:18:00+05:30,29678.25,29697.25,29677,29696,778
2026-09-08T07:24:00+05:30,29695.75,29709.5,29690,29706,1223
2026-09-08T07:30:00+05:30,29706.25,29711.5,29689,29691,785
2026-09-08T07:36:00+05:30,29691.5,29704,29689.75,29700.25,654
2026-09-08T07:42:00+05:30,29699,29715.5,29699,29709.5,925
2026-09-08T07:48:00+05:30,29710.25,29714.75,29701.5,29713.75,490
2026-09-08T07:54:00+05:30,29715.5,29722.75,29708.75,29713.5,688
2026-09-08T08:00:00+05:30,29714.5,29714.75,29702.25,29703,426
2026-09-08T08:06:00+05:30,29702.75,29709,29694.75,29696.75,506
2026-09-08T08:12:00+05:30,29694.25,29695.75,29686.25,29693,598
2026-09-08T08:18:00+05:30,29694.75,29697.25,29664.75,29666,994
2026-09-08T08:24:00+05:30,29666,29671.75,29660.25,29660.5,634
2026-09-08T08:30:00+05:30,29661.5,29674.25,29660.75,29664,768
2026-09-08T08:36:00+05:30,29665.25,29688.25,29663.75,29684.5,616
2026-09-08T08:42:00+05:30,29686,29696.25,29683,29693.75,420
2026-09-08T08:48:00+05:30,29693.75,29705.5,29693.25,29694.75,651
2026-09-08T08:54:00+05:30,29694.75,29734.75,29693,29733,1148
2026-09-08T09:00:00+05:30,29732.5,29738.25,29722,29725.5,1313
2026-09-08T09:06:00+05:30,29727,29739.75,29727,29734.5,481
2026-09-08T09:12:00+05:30,29735.75,29740,29726.75,29728,515
2026-09-08T09:18:00+05:30,29729.25,29737.75,29726.5,29727.5,486
2026-09-08T09:24:00+05:30,29727.5,29747,29726.5,29743.75,636
2026-09-08T09:30:00+05:30,29742.75,29745,29730.5,29743.25,451
2026-09-08T09:36:00+05:30,29743,29749.75,29740.75,29746.25,511
2026-09-08T09:42:00+05:30,29746.75,29747,29734,29742.75,474
2026-09-08T09:48:00+05:30,29743,29750.5,29738.5,29745.25,309
2026-09-08T09:54:00+05:30,29745.75,29752,29740.75,29745.5,422
2026-09-08T10:00:00+05:30,29746.25,29750.5,29732.25,29732.5,572
2026-09-08T10:06:00+05:30,29733.5,29764,29728.25,29754.75,1136
2026-09-08T10:12:00+05:30,29754,29764.75,29750.75,29753,525
2026-09-08T10:18:00+05:30,29752.75,29754.5,29741,29743.5,788
2026-09-08T10:24:00+05:30,29743,29749.25,29731,29737.25,556
2026-09-08T10:30:00+05:30,29738.5,29739.75,29726,29727.5,788
2026-09-08T10:36:00+05:30,29726,29726.75,29680,29684.75,1722
2026-09-08T10:42:00+05:30,29686,29704.5,29675,29700.5,1106
2026-09-08T10:48:00+05:30,29700.5,29733.25,29698.75,29711.75,1166
2026-09-08T10:54:00+05:30,29714,29719,29678.5,29678.75,1012
2026-09-08T11:00:00+05:30,29679.5,29680,29645,29651.25,1812
2026-09-08T11:06:00+05:30,29653,29685.25,29650,29658.25,1344
2026-09-08T11:12:00+05:30,29658,29658,29631.75,29639.5,1346
2026-09-08T11:18:00+05:30,29640,29647.5,29614.25,29621.75,1302
2026-09-08T11:24:00+05:30,29622.5,29624.5,29610,29612.25,938
2026-09-08T11:30:00+05:30,29612.25,29622.25,29587.5,29596.25,1952
2026-09-08T11:36:00+05:30,29596.25,29610.75,29583.75,29585.75,1277
2026-09-08T11:42:00+05:30,29586.5,29598.5,29571,29576.75,1306
2026-09-08T11:48:00+05:30,29574.5,29584.5,29545.5,29572.25,1710
2026-09-08T11:54:00+05:30,29571.75,29586.75,29566.75,29576.25,960
2026-09-08T12:00:00+05:30,29576.25,29588,29562.5,29564.75,1176
2026-09-08T12:06:00+05:30,29564.75,29613.5,29558.25,29607.25,1637
2026-09-08T12:12:00+05:30,29607.25,29620.25,29600.5,29614.5,999
2026-09-08T12:18:00+05:30,29614.25,29615.25,29582,29585.25,1019
2026-09-08T12:24:00+05:30,29586.25,29602.75,29580.5,29600.25,758
2026-09-08T12:30:00+05:30,29601,29629,29586.5,29629,1364
2026-09-08T12:36:00+05:30,29629.5,29638.75,29598,29610,1203
2026-09-08T12:42:00+05:30,29610,29619.75,29595.5,29600.75,893
2026-09-08T12:48:00+05:30,29601,29622,29596.75,29615.5,998
2026-09-08T12:54:00+05:30,29615.25,29628.75,29615.25,29623.75,654
2026-09-08T13:00:00+05:30,29622.75,29624.5,29584,29588,1089
2026-09-08T13:06:00+05:30,29587.5,29595.25,29560.75,29561.5,963
2026-09-08T13:12:00+05:30,29562.5,29573.5,29550,29560.5,878
2026-09-08T13:18:00+05:30,29558.5,29566.25,29540.5,29546.5,832
2026-09-08T13:24:00+05:30,29545.25,29553.25,29529.75,29535.5,870
2026-09-08T13:30:00+05:30,29534.5,29541.25,29481.75,29503.5,3315
2026-09-08T13:36:00+05:30,29502.75,29534.5,29484.5,29487.25,1773
2026-09-08T13:42:00+05:30,29487,29530.25,29477.75,29521.5,1305
2026-09-08T13:48:00+05:30,29520.25,29527,29496,29508.5,1098
2026-09-08T13:54:00+05:30,29507,29526.5,29498.5,29499.75,801
2026-09-08T14:00:00+05:30,29499.5,29525.75,29490.5,29516.75,993
2026-09-08T14:06:00+05:30,29518.75,29520,29493.25,29506.25,537
2026-09-08T14:12:00+05:30,29505.5,29533,29489.5,29511.5,1282
2026-09-08T14:18:00+05:30,29511,29513.5,29490,29496,665
2026-09-08T14:24:00+05:30,29495.75,29509.25,29494,29507,562
2026-09-08T14:30:00+05:30,29507,29517.75,29484.5,29517.75,805
2026-09-08T14:36:00+05:30,29517.75,29538.25,29516.75,29536.75,707
2026-09-08T14:42:00+05:30,29538,29546.5,29534.75,29538,572
2026-09-08T14:48:00+05:30,29538.25,29540.25,29528.75,29537.75,348
2026-09-08T14:54:00+05:30,29537.25,29549.25,29535,29547.75,503
2026-09-08T15:00:00+05:30,29549.25,29566.25,29542.75,29565.5,663
2026-09-08T15:06:00+05:30,29563,29587,29557.75,29574.75,1601
2026-09-08T15:12:00+05:30,29575,29581,29563,29577.25,603
2026-09-08T15:18:00+05:30,29577.5,29591.5,29574.25,29585,529
2026-09-08T15:24:00+05:30,29586,29600.5,29582,29599.75,525
2026-09-08T15:30:00+05:30,29600,29600,29583.75,29585.75,579
2026-09-08T15:36:00+05:30,29585.75,29590.25,29577.25,29578.5,410
2026-09-08T15:42:00+05:30,29578.75,29592.75,29572.75,29589.5,439
2026-09-08T15:48:00+05:30,29590,29649,29588,29609.75,2322
2026-09-08T15:54:00+05:30,29610.25,29612,29601.25,29607.75,566
2026-09-08T16:00:00+05:30,29607.75,29608.25,29581.75,29589.75,661
2026-09-08T16:06:00+05:30,29589.5,29597.5,29587.25,29593,345
2026-09-08T16:12:00+05:30,29594,29596.25,29571.25,29572.5,808
2026-09-08T16:18:00+05:30,29572.5,29576.75,29546.5,29554,1278
2026-09-08T16:24:00+05:30,29554,29577,29552.5,29568,678
2026-09-08T16:30:00+05:30,29568.5,29580,29560.25,29568.25,737
2026-09-08T16:36:00+05:30,29567.75,29583.75,29538.5,29542,1564
2026-09-08T16:42:00+05:30,29541,29569.75,29533.5,29568.5,890
2026-09-08T16:48:00+05:30,29569,29576.5,29555.75,29566.75,684
2026-09-08T16:54:00+05:30,29566.25,29572.5,29559,29562.25,383
2026-09-08T17:00:00+05:30,29563,29575.5,29557,29568.5,591
2026-09-08T17:06:00+05:30,29568.5,29572.5,29550.75,29553.25,530
2026-09-08T17:12:00+05:30,29554,29556.5,29538.5,29544.5,581
2026-09-08T17:18:00+05:30,29544.75,29571.5,29540,29571.25,853
2026-09-08T17:24:00+05:30,29570.75,29601.75,29566.75,29601,1361
2026-09-08T17:30:00+05:30,29601,29601,29573.5,29579.5,999
2026-09-08T17:36:00+05:30,29579.5,29590,29565,29566.25,852
2026-09-08T17:42:00+05:30,29567.5,29570,29548,29556.5,899
2026-09-08T17:48:00+05:30,29561,29585,29556.5,29571.5,934
2026-09-08T17:54:00+05:30,29573.25,29595.5,29573.25,29595.5,859
2026-09-08T18:00:00+05:30,29595.25,29626,29591,29617.25,1596
2026-09-08T18:06:00+05:30,29618,29627,29605.5,29613.5,1159
2026-09-08T18:12:00+05:30,29613.25,29618,29604.75,29610.25,929
2026-09-08T18:18:00+05:30,29610.25,29635,29604.25,29631.25,1337
2026-09-08T18:24:00+05:30,29631.5,29654.75,29630,29654,1557
2026-09-08T18:30:00+05:30,29653.75,29655,29634.5,29651.75,1975
2026-09-08T18:36:00+05:30,29652,29660,29640.5,29658.25,1364
2026-09-08T18:42:00+05:30,29658,29662.75,29651.25,29652.5,1114
2026-09-08T18:48:00+05:30,29654,29668.25,29652.75,29660.5,1368
2026-09-08T18:54:00+05:30,29661.75,29662.75,29635.75,29644.75,3693
2026-09-08T19:00:00+05:30,29645,29686.5,29566.75,29578,22496
2026-09-08T19:06:00+05:30,29578,29613.25,29532,29533,13980
2026-09-08T19:12:00+05:30,29533.5,29535.5,29467,29493.5,16899
2026-09-08T19:18:00+05:30,29493,29527.75,29455.25,29465.75,11457
2026-09-08T19:24:00+05:30,29466.5,29538.5,29463.25,29502.75,11723
2026-09-08T19:30:00+05:30,29503.25,29512.5,29436.25,29475,13900
2026-09-08T19:36:00+05:30,29475.25,29484.25,29424.75,29429,9750
2026-09-08T19:42:00+05:30,29429.25,29493.75,29428.75,29473,9612
2026-09-08T19:48:00+05:30,29473.5,29519,29460.25,29515.25,7183
2026-09-08T19:54:00+05:30,29517,29524.75,29484,29516.75,5892
2026-09-08T20:00:00+05:30,29516,29525.25,29490,29513.75,6123
2026-09-08T20:06:00+05:30,29513.5,29527.5,29496.5,29523.75,4452
2026-09-08T20:12:00+05:30,29523,29538,29511.75,29522,5953
2026-09-08T20:18:00+05:30,29522.75,29551.5,29514.75,29551.25,5936
2026-09-08T20:24:00+05:30,29551.5,29563.5,29540,29563,5029
2026-09-08T20:30:00+05:30,29563,29568.5,29549.5,29563.75,4834
2026-09-08T20:36:00+05:30,29563.75,29586,29545.5,29580.25,4635
2026-09-08T20:42:00+05:30,29580.5,29616.5,29574.5,29614,6974
2026-09-08T20:48:00+05:30,29614,29624.5,29581,29601.5,6472
2026-09-08T20:54:00+05:30,29602.25,29639.5,29601.25,29609,6917
2026-09-08T21:00:00+05:30,29609.25,29621.25,29596.5,29598.5,4056
2026-09-08T21:06:00+05:30,29599.25,29638.5,29595.5,29637.5,3993
2026-09-08T21:12:00+05:30,29637,29645.25,29614.75,29616.5,5233
2026-09-08T21:18:00+05:30,29616.25,29626.5,29606.5,29615.75,4119
2026-09-08T21:24:00+05:30,29615.25,29621.5,29599,29604.25,3499
2026-09-08T21:30:00+05:30,29604.25,29622,29596.75,29622,3814
2026-09-08T21:36:00+05:30,29621.5,29621.75,29577.5,29579.25,3830
2026-09-08T21:42:00+05:30,29579.5,29595,29570,29575.75,3287
2026-09-08T21:48:00+05:30,29575.5,29587.75,29562.5,29586.25,3506
2026-09-08T21:54:00+05:30,29587.25,29604.5,29565.75,29567.75,3944
2026-09-08T22:00:00+05:30,29568.5,29583.75,29561.75,29580,3615
2026-09-08T22:06:00+05:30,29579,29584.5,29570,29577.25,2609
2026-09-08T22:12:00+05:30,29577.75,29590,29568,29588.5,2643
2026-09-08T22:18:00+05:30,29588,29609.25,29582.75,29604,4419
2026-09-08T22:24:00+05:30,29604.25,29606,29549.5,29573.5,5881
2026-09-08T22:30:00+05:30,29572.75,29631.5,29572,29629.25,4883
2026-09-08T22:36:00+05:30,29629.25,29641.5,29616.5,29623,3415
2026-09-08T22:42:00+05:30,29623,29633.5,29620.75,29628.75,2361
2026-09-08T22:48:00+05:30,29627.75,29631.25,29612,29623,2438
2026-09-08T22:54:00+05:30,29622.75,29629.25,29606.25,29615.75,2395
2026-09-08T23:00:00+05:30,29616.5,29632.5,29614.75,29628.5,2392
2026-09-08T23:06:00+05:30,29628.5,29631.75,29602,29605,2413
2026-09-08T23:12:00+05:30,29605.75,29612.75,29598,29606.75,2155
2026-09-08T23:18:00+05:30,29606.75,29613.25,29595.75,29612.75,2186
2026-09-08T23:24:00+05:30,29612.25,29612.25,29588.75,29590,2304
2026-09-08T23:30:00+05:30,29590.5,29607,29587,29606.75,3037
2026-09-08T23:36:00+05:30,29607.5,29613.5,29603.5,29609.75,2170
2026-09-08T23:42:00+05:30,29609.5,29615.5,29600,29609.25,2460
2026-09-08T23:48:00+05:30,29609,29614,29594.5,29596.25,2552
2026-09-08T23:54:00+05:30,29596,29600.25,29588.5,29597,2141
2026-09-09T00:00:00+05:30,29597.25,29600.5,29579.75,29583.5,2152
2026-09-09T00:06:00+05:30,29582.75,29596.5,29578,29583.5,2917
2026-09-09T00:12:00+05:30,29583.75,29611,29581.5,29583.25,4206
2026-09-09T00:18:00+05:30,29583.75,29586,29519.75,29571.75,11323
2026-09-09T00:24:00+05:30,29571.75,29586,29567,29576.25,4224
2026-09-09T00:30:00+05:30,29576.25,29586.25,29560.25,29572.75,3131
2026-09-09T00:36:00+05:30,29573,29583.5,29566.25,29577,3439
2026-09-09T00:42:00+05:30,29577.25,29579.5,29563.75,29570.5,2022
2026-09-09T00:48:00+05:30,29570.25,29571,29554,29557,2354
2026-09-09T00:54:00+05:30,29557.25,29568.5,29544.75,29564,2812
2026-09-09T01:00:00+05:30,29564.5,29566.25,29547.75,29551.25,2941
2026-09-09T01:06:00+05:30,29551.25,29560,29549,29556,2066
2026-09-09T01:12:00+05:30,29555.75,29556,29529.75,29534,4282
2026-09-09T01:18:00+05:30,29533.75,29551.75,29509.25,29514.5,9375
2026-09-09T01:24:00+05:30,29514.75,29549.5,29496,29543.5,18768
2026-09-09T01:30:00+05:30,29543,29550.75,29506,29509.25,5960
2026-09-09T01:36:00+05:30,29510,29527.5,29509.75,29526.25,1637
2026-09-09T01:42:00+05:30,29526.25,29528.25,29514.5,29524.5,1279
2026-09-09T01:48:00+05:30,29524.5,29526.75,29518,29522.75,435
2026-09-09T01:54:00+05:30,29523.25,29527.5,29506.5,29507.75,1645
2026-09-09T02:00:00+05:30,29507.5,29512.5,29503.5,29512.25,730
2026-09-09T02:06:00+05:30,29512,29519.5,29512,29518.5,428
2026-09-09T02:12:00+05:30,29518.5,29524.75,29514,29519.25,528
2026-09-09T02:18:00+05:30,29519,29526.5,29518.5,29526.5,256
2026-09-09T02:24:00+05:30,29526.25,29527.25,29520.25,29525.75,476
2026-09-09T03:30:00+05:30,29526.5,29539.25,29503,29532.75,1274
2026-09-09T03:36:00+05:30,29532,29535,29522,29526,398
2026-09-09T03:42:00+05:30,29526,29527.75,29518.25,29525,274
2026-09-09T03:48:00+05:30,29524.25,29527,29508,29515.25,586
2026-09-09T03:54:00+05:30,29515.5,29529,29514.75,29521.5,317
2026-09-09T04:00:00+05:30,29522.25,29524.5,29516,29520,274
2026-09-09T04:06:00+05:30,29521.75,29530,29521.75,29527.75,202
2026-09-09T04:12:00+05:30,29528.5,29531.75,29526.5,29529.25,196
2026-09-09T04:18:00+05:30,29530,29537.25,29529.75,29534,261
2026-09-09T04:24:00+05:30,29533,29547,29531.75,29544.75,467
2026-09-09T04:30:00+05:30,29544.5,29546.5,29532.25,29536.25,255
2026-09-09T04:36:00+05:30,29535.75,29538,29529.5,29531,314
2026-09-09T04:42:00+05:30,29531.25,29533.75,29526.75,29528,261
2026-09-09T04:48:00+05:30,29527,29527.5,29517,29524,449
2026-09-09T04:54:00+05:30,29523.5,29528,29513,29516.75,445
2026-09-09T05:00:00+05:30,29515.75,29519.25,29509,29510.5,299
2026-09-09T05:06:00+05:30,29509.75,29512.5,29501.5,29509.75,487
2026-09-09T05:12:00+05:30,29509.75,29512,29501.5,29507.25,367
2026-09-09T05:18:00+05:30,29506.75,29509.5,29491.25,29496.5,741
2026-09-09T05:24:00+05:30,29496,29504,29489.75,29498.5,862
2026-09-09T05:30:00+05:30,29500.75,29558.25,29499.5,29555.5,1929
2026-09-09T05:36:00+05:30,29555,29561.75,29533,29547.5,1367
2026-09-09T05:42:00+05:30,29545.25,29550.5,29517,29524.5,1230
2026-09-09T05:48:00+05:30,29524.75,29537.5,29522.5,29532.5,649
2026-09-09T05:54:00+05:30,29529.5,29533,29516,29525.25,736
2026-09-09T06:00:00+05:30,29523.75,29529,29509,29516.5,748
2026-09-09T06:06:00+05:30,29517.5,29532,29511.5,29524,690
2026-09-09T06:12:00+05:30,29524.5,29543.5,29519.75,29536.5,736
2026-09-09T06:18:00+05:30,29536.75,29560,29532.25,29558.25,960
2026-09-09T06:24:00+05:30,29558.25,29564,29551.75,29559.75,701
2026-09-09T06:30:00+05:30,29559.75,29573.5,29555.75,29559,1330
2026-09-09T06:36:00+05:30,29560.75,29581,29560.25,29578.25,897
2026-09-09T06:42:00+05:30,29576.5,29578.5,29569.5,29573,492
2026-09-09T06:48:00+05:30,29573,29585,29570.25,29583.5,1032
2026-09-09T06:54:00+05:30,29583.25,29599.5,29581.5,29590,1475
2026-09-09T07:00:00+05:30,29589.75,29604.25,29577.5,29603.5,1031
2026-09-09T07:06:00+05:30,29602.5,29607.5,29590.75,29591.5,883
2026-09-09T07:12:00+05:30,29591.25,29608.5,29589.5,29604.5,655
2026-09-09T07:18:00+05:30,29604.5,29604.5,29581.5,29592.25,752
2026-09-09T07:24:00+05:30,29593.5,29597.25,29585.5,29593.25,351
2026-09-09T07:30:00+05:30,29593.5,29612.5,29591,29599.75,773
2026-09-09T07:36:00+05:30,29598.75,29610.5,29597,29607.75,458
2026-09-09T07:42:00+05:30,29607,29612.25,29583.25,29587.25,820
2026-09-09T07:48:00+05:30,29586.5,29602,29586,29600,418
2026-09-09T07:54:00+05:30,29599.75,29604.25,29597.5,29601,460
2026-09-09T08:00:00+05:30,29601.5,29606,29596.75,29603.5,590
2026-09-09T08:06:00+05:30,29602.25,29615.5,29597.25,29611.5,580
2026-09-09T08:12:00+05:30,29610.5,29624.75,29610.5,29622.5,1009
2026-09-09T08:18:00+05:30,29621.75,29625.5,29613,29613.75,371
2026-09-09T08:24:00+05:30,29614,29616.75,29606.25,29611,362
2026-09-09T08:30:00+05:30,29611.5,29613.75,29591.25,29592,722
2026-09-09T08:36:00+05:30,29593.75,29600.5,29583.75,29598.25,663
2026-09-09T08:42:00+05:30,29598.5,29603.5,29584.75,29599.75,753
2026-09-09T08:48:00+05:30,29600.75,29601.5,29589,29593.25,424
2026-09-09T08:54:00+05:30,29592.25,29602.75,29590,29596.5,345
2026-09-09T09:00:00+05:30,29597.75,29604.25,29588.25,29596.5,485
2026-09-09T09:06:00+05:30,29597,29598.75,29589.75,29594,277
2026-09-09T09:12:00+05:30,29594.25,29595.5,29579,29589.75,555
2026-09-09T09:18:00+05:30,29589.75,29590,29567,29568.25,753
2026-09-09T09:24:00+05:30,29568,29572,29560.5,29562,686
2026-09-09T09:30:00+05:30,29562.75,29586.5,29560.75,29583.5,956
2026-09-09T09:36:00+05:30,29583.25,29583.25,29549,29562.75,1080
2026-09-09T09:42:00+05:30,29562,29563.5,29552.75,29560.75,636
2026-09-09T09:48:00+05:30,29559.75,29583,29553.5,29583,565
2026-09-09T09:54:00+05:30,29582.5,29593,29578.5,29581.25,721
2026-09-09T10:00:00+05:30,29580.25,29602.75,29573,29602,622
2026-09-09T10:06:00+05:30,29602.25,29606.5,29595.5,29598.25,384
2026-09-09T10:12:00+05:30,29600.5,29607,29598.5,29602.5,257
2026-09-09T10:18:00+05:30,29602,29610,29601,29609,454
2026-09-09T10:24:00+05:30,29608.5,29620.25,29608.5,29614,576
2026-09-09T10:30:00+05:30,29614.5,29616.25,29597,29598.25,630
2026-09-09T10:36:00+05:30,29599,29613.75,29599,29606.75,323
2026-09-09T10:42:00+05:30,29606.75,29606.75,29589,29590,357
2026-09-09T10:48:00+05:30,29589.5,29589.75,29565.75,29573,918
2026-09-09T10:54:00+05:30,29573.75,29589.25,29572.25,29580.25,703
2026-09-09T11:00:00+05:30,29580.75,29592,29562,29579.75,796
2026-09-09T11:06:00+05:30,29578.75,29588.5,29573.25,29584,434
2026-09-09T11:12:00+05:30,29584.25,29590.25,29573.75,29574,337
2026-09-09T11:18:00+05:30,29576.25,29605.5,29576.25,29599.5,547
2026-09-09T11:24:00+05:30,29600.75,29621.5,29600.25,29621.25,693
2026-09-09T11:30:00+05:30,29621.75,29628.5,29616,29622,1030
2026-09-09T11:36:00+05:30,29621.5,29623.25,29604.25,29620.75,796
2026-09-09T11:42:00+05:30,29620.5,29633.75,29615.25,29632.25,536
2026-09-09T11:48:00+05:30,29631.5,29633.75,29612,29622.25,507
2026-09-09T11:54:00+05:30,29623,29626,29586.5,29593.75,729
2026-09-09T12:00:00+05:30,29592.75,29614,29588,29610.5,701
2026-09-09T12:06:00+05:30,29610.75,29612.25,29602.75,29608,449
2026-09-09T12:12:00+05:30,29607.75,29613,29596.25,29600.5,542
2026-09-09T12:18:00+05:30,29600.25,29604.5,29586.75,29588.25,667
2026-09-09T12:24:00+05:30,29587.5,29590,29578,29579.5,510
2026-09-09T12:30:00+05:30,29581.5,29600,29561.25,29596,1346
2026-09-09T12:36:00+05:30,29595.5,29609.25,29591.5,29607.5,649
2026-09-09T12:42:00+05:30,29607.75,29611.5,29558,29563.75,1221
2026-09-09T12:48:00+05:30,29564.75,29600,29561.5,29595.5,1116
2026-09-09T12:54:00+05:30,29596.5,29613,29590,29612.25,762
2026-09-09T13:00:00+05:30,29611.75,29614,29598.25,29608,557
2026-09-09T13:06:00+05:30,29608.5,29611.25,29591.5,29594.25,528
2026-09-09T13:12:00+05:30,29594.5,29600,29587,29589.25,438
2026-09-09T13:18:00+05:30,29589.5,29592.5,29565.25,29570.75,686
2026-09-09T13:24:00+05:30,29573,29591,29571,29588,530
2026-09-09T13:30:00+05:30,29589.5,29609,29576,29594.75,1239
2026-09-09T13:36:00+05:30,29596,29602,29585.5,29594.5,664
2026-09-09T13:42:00+05:30,29594,29600.25,29579.75,29584.75,401
2026-09-09T13:48:00+05:30,29584.75,29591.5,29570.5,29571.25,470
2026-09-09T13:54:00+05:30,29571.5,29594.25,29566.75,29587.75,677
2026-09-09T14:00:00+05:30,29585.75,29592.75,29569.75,29572.75,585
2026-09-09T14:06:00+05:30,29574.75,29576.25,29547.5,29562.5,1061
2026-09-09T14:12:00+05:30,29563,29570.75,29538.75,29549.5,1122
2026-09-09T14:18:00+05:30,29549.25,29569.25,29543.5,29565.75,587
2026-09-09T14:24:00+05:30,29567,29571.75,29560.5,29564.75,348
2026-09-09T14:30:00+05:30,29565,29575,29544,29550,756
2026-09-09T14:36:00+05:30,29549.25,29549.25,29532.5,29537.25,569
2026-09-09T14:42:00+05:30,29537.75,29557,29537.5,29545.75,534
2026-09-09T14:48:00+05:30,29546.5,29549,29523.5,29529.5,601
2026-09-09T14:54:00+05:30,29530.5,29532.25,29514.5,29528.5,747
2026-09-09T15:00:00+05:30,29528.5,29539.25,29489.75,29490,1262
2026-09-09T15:06:00+05:30,29491,29500,29474,29476.5,1046
2026-09-09T15:12:00+05:30,29477,29485.5,29467.75,29468.25,926
2026-09-09T15:18:00+05:30,29467.75,29473.75,29432,29433.5,1760
2026-09-09T15:24:00+05:30,29433.25,29433.5,29388.75,29400.5,2926
2026-09-09T15:30:00+05:30,29401,29424.75,29371.75,29417.25,2765
2026-09-09T15:36:00+05:30,29417.25,29419.75,29385.25,29407,1470
2026-09-09T15:42:00+05:30,29407,29413.75,29381.75,29407.25,1508
2026-09-09T15:48:00+05:30,29408.25,29432.25,29407.75,29411.25,1439
2026-09-09T15:54:00+05:30,29411.5,29423.5,29403.75,29419,664
2026-09-09T16:00:00+05:30,29417.75,29429.5,29410.25,29424.5,841
2026-09-09T16:06:00+05:30,29424.25,29432,29399,29401.75,960
2026-09-09T16:12:00+05:30,29402.75,29406,29387.5,29394.5,799
2026-09-09T16:18:00+05:30,29395,29402.5,29368.25,29378,1549
2026-09-09T16:24:00+05:30,29378,29405,29378,29391.5,1300
2026-09-09T16:30:00+05:30,29392,29405.5,29378,29395,1475
2026-09-09T16:36:00+05:30,29392.25,29428.5,29386.5,29425.25,1050
2026-09-09T16:42:00+05:30,29427,29430.25,29388,29392,1002
2026-09-09T16:48:00+05:30,29391.25,29413.5,29377.75,29413.5,1142
2026-09-09T16:54:00+05:30,29413.25,29430.5,29412.75,29418.5,905
2026-09-09T17:00:00+05:30,29418,29419.25,29389,29390.75,825
2026-09-09T17:06:00+05:30,29390.25,29403.25,29386.5,29387.5,801
2026-09-09T17:12:00+05:30,29387.5,29399,29376.5,29394.75,1193
2026-09-09T17:18:00+05:30,29395.75,29452,29391.25,29421,3617
2026-09-09T17:24:00+05:30,29421.75,29425.25,29392,29396.75,967
2026-09-09T17:30:00+05:30,29397,29400.5,29362.75,29365.75,1839
2026-09-09T17:36:00+05:30,29364.5,29372,29355.5,29357.25,1767
2026-09-09T17:42:00+05:30,29358.25,29360.75,29333,29340,2524
2026-09-09T17:48:00+05:30,29340.5,29366.5,29338.5,29363,1324
2026-09-09T17:54:00+05:30,29362.75,29366.5,29351.5,29351.75,999
2026-09-09T18:00:00+05:30,29351.75,29382,29343.5,29379.5,1717
2026-09-09T18:06:00+05:30,29379.5,29384.25,29370.5,29373.5,1092
2026-09-09T18:12:00+05:30,29374,29394,29371.5,29391.75,1178
2026-09-09T18:18:00+05:30,29391.5,29404,29384,29387.75,1513
2026-09-09T18:24:00+05:30,29387.5,29400,29384.25,29390.5,939
2026-09-09T18:30:00+05:30,29390.75,29408,29382.5,29401.25,1691
2026-09-09T18:36:00+05:30,29400.5,29406.75,29394.5,29399.25,1159
2026-09-09T18:42:00+05:30,29398.5,29409.25,29397,29400.25,1195
2026-09-09T18:48:00+05:30,29401.25,29419.25,29400.5,29412.75,1356
2026-09-09T18:54:00+05:30,29412.75,29458.5,29410.5,29455,4301
2026-09-09T19:00:00+05:30,29455.25,29498.75,29418.25,29487,20915
2026-09-09T19:06:00+05:30,29487.25,29503.75,29467.25,29494.75,11059
2026-09-09T19:12:00+05:30,29495,29497,29456.5,29471.75,10844
2026-09-09T19:18:00+05:30,29473,29518,29466.75,29513.75,10429
2026-09-09T19:24:00+05:30,29514.5,29567.25,29510.75,29558.5,10426
2026-09-09T19:30:00+05:30,29558.25,29593.75,29531.25,29587.75,10740
2026-09-09T19:36:00+05:30,29587,29590.5,29546,29548.75,7671
2026-09-09T19:42:00+05:30,29547.75,29568.5,29506,29518.75,9182
2026-09-09T19:48:00+05:30,29518.75,29519,29465.75,29474,9476
2026-09-09T19:54:00+05:30,29473.25,29537.75,29459.5,29535.5,11165
2026-09-09T20:00:00+05:30,29535,29537,29500,29516.25,6354
2026-09-09T20:06:00+05:30,29516,29534,29494.25,29528.25,5468
2026-09-09T20:12:00+05:30,29528.5,29543.5,29513.75,29534,4453
2026-09-09T20:18:00+05:30,29533.75,29541.75,29500,29504,5378
2026-09-09T20:24:00+05:30,29504.5,29538.25,29502.75,29528.25,4276
2026-09-09T20:30:00+05:30,29528.75,29562.25,29478.75,29480,11393
2026-09-09T20:36:00+05:30,29479.5,29483,29393.75,29395.25,11631
2026-09-09T20:42:00+05:30,29394.75,29435,29386.25,29427.25,11355
2026-09-09T20:48:00+05:30,29428.25,29454.5,29370,29373.5,8972
2026-09-09T20:54:00+05:30,29373,29394.25,29358,29390.5,8048
2026-09-09T21:00:00+05:30,29390.25,29442.25,29388,29431.5,7737
2026-09-09T21:06:00+05:30,29432.5,29482.5,29405.75,29428.5,10722
2026-09-09T21:12:00+05:30,29429,29441.75,29424.25,29431.75,3683
2026-09-09T21:18:00+05:30,29431.5,29464,29425.25,29459.5,3957
2026-09-09T21:24:00+05:30,29459.25,29467,29427.25,29448,4395
2026-09-09T21:30:00+05:30,29448.25,29462,29441,29459.5,2922
2026-09-09T21:36:00+05:30,29458.25,29458.25,29410.75,29420.25,4474
2026-09-09T21:42:00+05:30,29420.5,29434.75,29399.25,29402.75,3606
2026-09-09T21:48:00+05:30,29402.5,29409.5,29394.5,29402.75,2675
2026-09-09T21:54:00+05:30,29403,29416.75,29386.75,29399.5,4153
2026-09-09T22:00:00+05:30,29399.75,29436.5,29397.75,29431.5,4026
2026-09-09T22:06:00+05:30,29432.25,29447.75,29422.75,29445,3241
2026-09-09T22:12:00+05:30,29445.5,29458.25,29436,29458,3554
2026-09-09T22:18:00+05:30,29458.25,29478,29452,29466,4518
2026-09-09T22:24:00+05:30,29466.5,29470.5,29455.25,29458,3092
2026-09-09T22:30:00+05:30,29457.5,29482.5,29446,29465.25,5273
2026-09-09T22:36:00+05:30,29464.5,29468.25,29453.25,29463.75,2249
2026-09-09T22:42:00+05:30,29464.75,29483.75,29458,29475,3201
2026-09-09T22:48:00+05:30,29475,29477,29454.5,29466,2553
2026-09-09T22:54:00+05:30,29466.25,29470.75,29449.5,29450.25,2018
2026-09-09T23:00:00+05:30,29450.75,29462,29441.5,29451,2945
2026-09-09T23:06:00+05:30,29451.5,29453.5,29428.25,29443.5,2404
2026-09-09T23:12:00+05:30,29444.25,29473.25,29440.75,29467.25,2580
2026-09-09T23:18:00+05:30,29466.75,29480,29460.75,29480,1756
2026-09-09T23:24:00+05:30,29479.5,29483.5,29467.75,29468.75,2523
2026-09-09T23:30:00+05:30,29468.25,29471.75,29461.5,29461.5,1590
2026-09-09T23:36:00+05:30,29461.25,29463.25,29446.5,29447.75,2060
2026-09-09T23:42:00+05:30,29447.5,29453,29436.75,29446,2419
2026-09-09T23:48:00+05:30,29445.5,29460.5,29439.25,29458,3012
2026-09-09T23:54:00+05:30,29457.75,29462.25,29446.25,29453.5,1884
2026-09-10T00:00:00+05:30,29453.5,29463.5,29445.75,29460.25,2305
2026-09-10T00:06:00+05:30,29460,29468.5,29453.25,29466.5,1850
2026-09-10T00:12:00+05:30,29466.5,29469.5,29462.5,29463.75,1755
2026-09-10T00:18:00+05:30,29464.25,29473.75,29457,29471.5,2095
2026-09-10T00:24:00+05:30,29472,29474,29446.25,29447.5,2955
2026-09-10T00:30:00+05:30,29448,29451.75,29430.5,29436.25,3111
2026-09-10T00:36:00+05:30,29436,29455,29433.5,29453.25,2244
2026-09-10T00:42:00+05:30,29453.75,29465,29447.5,29458.75,1737
2026-09-10T00:48:00+05:30,29458.25,29471.25,29458.25,29468,1863
2026-09-10T00:54:00+05:30,29468,29469.5,29451.5,29451.5,1606
2026-09-10T01:00:00+05:30,29452.25,29457.5,29445.5,29448.5,1794
2026-09-10T01:06:00+05:30,29448.75,29451.75,29438.75,29438.75,2355
2026-09-10T01:12:00+05:30,29438.75,29450.75,29436.75,29440.5,3005
2026-09-10T01:18:00+05:30,29440,29452.25,29432.75,29439.25,4777
2026-09-10T01:24:00+05:30,29439,29458.5,29423.25,29454.5,14348
2026-09-10T01:30:00+05:30,29455,29459.25,29428.75,29443.75,5445
2026-09-10T01:36:00+05:30,29443.75,29452.25,29440.25,29451.75,1363
2026-09-10T01:42:00+05:30,29451.5,29456.5,29448.25,29450.5,1562
2026-09-10T01:48:00+05:30,29450.5,29454.5,29448.5,29453.25,572
2026-09-10T01:54:00+05:30,29453.25,29454.75,29449.25,29450,397
2026-09-10T02:00:00+05:30,29449.75,29456.25,29447.25,29455,449
2026-09-10T02:06:00+05:30,29454.5,29458.75,29454.25,29457.25,377
2026-09-10T02:12:00+05:30,29457.5,29459,29451.75,29456,481
2026-09-10T02:18:00+05:30,29455.25,29455.25,29449,29452.25,456
2026-09-10T02:24:00+05:30,29452.75,29460,29450.25,29460,511
2026-09-10T03:30:00+05:30,29458.5,29472.75,29429,29432.5,1464
2026-09-10T03:36:00+05:30,29433.25,29441.5,29426,29431.5,467
2026-09-10T03:42:00+05:30,29432.5,29436.5,29423.75,29425.75,432
2026-09-10T03:48:00+05:30,29425.25,29433,29424.5,29429.5,244
2026-09-10T03:54:00+05:30,29429.25,29434,29426.5,29429,193
2026-09-10T04:00:00+05:30,29429.5,29437,29428.75,29432,158
2026-09-10T04:06:00+05:30,29433,29437.5,29432,29434,109
2026-09-10T04:12:00+05:30,29434,29438,29432.75,29434.25,111
2026-09-10T04:18:00+05:30,29434.75,29434.75,29428,29429.75,181
2026-09-10T04:24:00+05:30,29427.5,29432,29425.75,29431.5,98
2026-09-10T04:30:00+05:30,29430.5,29432.75,29425.25,29427.75,168
2026-09-10T04:36:00+05:30,29428.25,29428.5,29420,29422.75,244
2026-09-10T04:42:00+05:30,29421.75,29432.5,29416.25,29427.25,439
2026-09-10T04:48:00+05:30,29426.75,29435,29423.75,29425.25,254
2026-09-10T04:54:00+05:30,29425.5,29428,29420.5,29427.5,211
2026-09-10T05:00:00+05:30,29428.75,29431,29426,29426.25,142
2026-09-10T05:06:00+05:30,29428,29429,29425,29426.25,66
2026-09-10T05:12:00+05:30,29425.5,29435.5,29425,29433.5,288
2026-09-10T05:18:00+05:30,29433.5,29453.25,29430.75,29453.25,625
2026-09-10T05:24:00+05:30,29453,29470.75,29451.75,29463.5,929
2026-09-10T05:30:00+05:30,29464.5,29476.5,29453.25,29472.75,933
2026-09-10T05:36:00+05:30,29473.25,29480.25,29463,29469,756
2026-09-10T05:42:00+05:30,29469.25,29470,29440.75,29468.25,1357
2026-09-10T05:48:00+05:30,29469,29475,29459.25,29466.25,631
2026-09-10T05:54:00+05:30,29468.25,29477.75,29454.5,29473.75,680
2026-09-10T06:00:00+05:30,29474,29475.75,29453.75,29456.25,574
2026-09-10T06:06:00+05:30,29455.5,29464,29444.25,29446,574
2026-09-10T06:12:00+05:30,29445.5,29458.75,29435,29444,1118
2026-09-10T06:18:00+05:30,29443.75,29447.75,29422.5,29430.5,906
2026-09-10T06:24:00+05:30,29431.25,29433,29408,29412,1025
2026-09-10T06:30:00+05:30,29413.5,29426.25,29404.75,29413.25,1065
2026-09-10T06:36:00+05:30,29413,29420.75,29403,29405.25,916
2026-09-10T06:42:00+05:30,29405.5,29410.75,29389,29399,1253
2026-09-10T06:48:00+05:30,29399,29415.25,29381.25,29390,1432
2026-09-10T06:54:00+05:30,29390.25,29393,29372.5,29375.75,921
2026-09-10T07:00:00+05:30,29374.25,29384,29365.5,29366,847
2026-09-10T07:06:00+05:30,29367.25,29396.75,29364,29395,1033
2026-09-10T07:12:00+05:30,29394.75,29416.25,29386,29415,1243
2026-09-10T07:18:00+05:30,29415.75,29417.25,29390.5,29391.75,717
2026-09-10T07:24:00+05:30,29391,29413.25,29385,29410.5,743
2026-09-10T07:30:00+05:30,29411,29412,29396.25,29410,600
2026-09-10T07:36:00+05:30,29411.75,29412,29376.25,29382.5,819
2026-09-10T07:42:00+05:30,29384.25,29397.75,29374.25,29378.75,718
2026-09-10T07:48:00+05:30,29377.5,29390.5,29375.5,29386.75,423
2026-09-10T07:54:00+05:30,29388.25,29392.75,29373,29378.5,411
2026-09-10T08:00:00+05:30,29379,29401.5,29376,29399,486
2026-09-10T08:06:00+05:30,29398.5,29416.5,29394.25,29411.5,692
2026-09-10T08:12:00+05:30,29413,29422.25,29411,29413.75,579
2026-09-10T08:18:00+05:30,29413,29423.25,29406.25,29421.25,558
2026-09-10T08:24:00+05:30,29420.25,29421.75,29410.75,29418.25,257
2026-09-10T08:30:00+05:30,29418.75,29434.75,29416.75,29428,644
2026-09-10T08:36:00+05:30,29430.5,29437,29423.5,29430,378
2026-09-10T08:42:00+05:30,29429.75,29429.75,29417.75,29421,417
2026-09-10T08:48:00+05:30,29420,29428.75,29399.25,29401.75,802
2026-09-10T08:54:00+05:30,29402,29407.5,29388.25,29405.25,585
2026-09-10T09:00:00+05:30,29404.75,29413.25,29398.25,29401.5,484
2026-09-10T09:06:00+05:30,29402.25,29413.25,29392.25,29412.25,404
2026-09-10T09:12:00+05:30,29412.5,29429.75,29411,29425.5,422
2026-09-10T09:18:00+05:30,29425.25,29431,29415.25,29418.75,448
2026-09-10T09:24:00+05:30,29420,29431,29418.5,29427.75,363
2026-09-10T09:30:00+05:30,29428,29434,29422.5,29433.5,503
2026-09-10T09:36:00+05:30,29435,29436.25,29423,29426,331
2026-09-10T09:42:00+05:30,29425.75,29432.75,29424.5,29430,317
2026-09-10T09:48:00+05:30,29428.25,29433.75,29423.5,29430.75,265
2026-09-10T09:54:00+05:30,29431.5,29437.5,29427.5,29434.5,248
2026-09-10T10:00:00+05:30,29433.75,29438.75,29431,29432.75,254
2026-09-10T10:06:00+05:30,29434.75,29447.25,29433.25,29444.5,435
2026-09-10T10:12:00+05:30,29443.75,29445.5,29432.25,29445.25,451
2026-09-10T10:18:00+05:30,29445.5,29457.25,29440.5,29456,507
2026-09-10T10:24:00+05:30,29456,29462.5,29448.5,29458.75,469
2026-09-10T10:30:00+05:30,29459.5,29469.75,29448.5,29454.75,628
2026-09-10T10:36:00+05:30,29455.5,29458,29448.5,29453,379
2026-09-10T10:42:00+05:30,29453,29462.5,29449.75,29457.75,289
2026-09-10T10:48:00+05:30,29457.25,29465.5,29455.5,29464,333
2026-09-10T10:54:00+05:30,29464.25,29493.5,29462,29490.25,1245
2026-09-10T11:00:00+05:30,29491,29498.5,29481.25,29495,643
2026-09-10T11:06:00+05:30,29496.5,29497.75,29481,29489.25,355
2026-09-10T11:12:00+05:30,29487.5,29508.25,29485,29498.5,502
2026-09-10T11:18:00+05:30,29499.25,29500,29473,29477,545
2026-09-10T11:24:00+05:30,29476.25,29487.5,29465,29484.75,597
2026-09-10T11:30:00+05:30,29484,29492.5,29469.25,29470,771
2026-09-10T11:36:00+05:30,29469.25,29469.75,29458.25,29459.75,718
2026-09-10T11:42:00+05:30,29463.5,29464,29449.75,29451.25,564
2026-09-10T11:48:00+05:30,29451.75,29453.75,29435.25,29444.25,889
2026-09-10T11:54:00+05:30,29444,29473,29443.5,29472,937
2026-09-10T12:00:00+05:30,29473.5,29484.25,29468.5,29472,634
2026-09-10T12:06:00+05:30,29471.25,29488.75,29469,29482.5,366
2026-09-10T12:12:00+05:30,29482,29486.75,29476.75,29484.25,347
2026-09-10T12:18:00+05:30,29483.5,29491.25,29472.75,29475,503
2026-09-10T12:24:00+05:30,29474.75,29476.75,29466.75,29476.25,461
2026-09-10T12:30:00+05:30,29476.75,29478.25,29452.75,29458.75,685
2026-09-10T12:36:00+05:30,29459.5,29474,29450.75,29474,504
2026-09-10T12:42:00+05:30,29473.75,29476.25,29459.5,29462.5,339
2026-09-10T12:48:00+05:30,29463.5,29471.5,29459.25,29467.25,379
2026-09-10T12:54:00+05:30,29465.75,29466.25,29433,29435.25,635
2026-09-10T13:00:00+05:30,29434.75,29438.75,29417.25,29426.5,892
2026-09-10T13:06:00+05:30,29426,29438.75,29421,29432.25,529
2026-09-10T13:12:00+05:30,29432.25,29450,29427.25,29448.25,489
2026-09-10T13:18:00+05:30,29447.5,29455.5,29436.5,29446,609
2026-09-10T13:24:00+05:30,29446.25,29455.25,29444.5,29445,283
2026-09-10T13:30:00+05:30,29443.75,29460.25,29437,29450,1040
2026-09-10T13:36:00+05:30,29447.75,29458,29438.75,29444.75,466
2026-09-10T13:42:00+05:30,29444.25,29447.75,29425.75,29429.75,441
2026-09-10T13:48:00+05:30,29428.5,29451.75,29424.5,29443.75,619
2026-09-10T13:54:00+05:30,29444.25,29453.25,29437.75,29449.5,322
2026-09-10T14:00:00+05:30,29449,29457,29427.5,29439.25,663
2026-09-10T14:06:00+05:30,29438.75,29448,29430.25,29430.25,469
2026-09-10T14:12:00+05:30,29430.25,29430.25,29413,29425.5,682
2026-09-10T14:18:00+05:30,29424.5,29424.5,29406,29410.75,585
2026-09-10T14:24:00+05:30,29412.25,29415.75,29405.25,29414,291
2026-09-10T14:30:00+05:30,29412.5,29431,29406.75,29423.75,553
2026-09-10T14:36:00+05:30,29423,29428.25,29409,29417.5,292
2026-09-10T14:42:00+05:30,29416,29423.25,29407.75,29410.75,262
2026-09-10T14:48:00+05:30,29412,29419.75,29412,29415.25,252
2026-09-10T14:54:00+05:30,29416.75,29416.75,29392.5,29397,623
2026-09-10T15:00:00+05:30,29395.5,29396,29373,29381.5,836
2026-09-10T15:06:00+05:30,29380.75,29385.75,29361.25,29363.25,802
2026-09-10T15:12:00+05:30,29363.5,29405.5,29359.25,29403.25,917
2026-09-10T15:18:00+05:30,29404.25,29413,29397,29408.25,572
2026-09-10T15:24:00+05:30,29410.25,29420,29400.5,29406.5,500
2026-09-10T15:30:00+05:30,29405.75,29418,29394.5,29410.75,551
2026-09-10T15:36:00+05:30,29410.75,29412.5,29388.75,29397,491
2026-09-10T15:42:00+05:30,29398,29402.25,29394,29398,207
2026-09-10T15:48:00+05:30,29398,29402,29389,29397.75,499
2026-09-10T15:54:00+05:30,29395.25,29409.75,29385.25,29391,464
2026-09-10T16:00:00+05:30,29391,29391.75,29363.5,29371.75,722
2026-09-10T16:06:00+05:30,29372.25,29404.5,29370.5,29399.25,706
2026-09-10T16:12:00+05:30,29397.75,29400.75,29380.5,29389.75,336
2026-09-10T16:18:00+05:30,29387.25,29393.25,29374.5,29376.25,362
2026-09-10T16:24:00+05:30,29375.75,29423.75,29363.75,29376,2144
2026-09-10T16:30:00+05:30,29375,29376,29326.75,29343.25,1941
2026-09-10T16:36:00+05:30,29343.25,29346.75,29327.75,29334.75,1052
2026-09-10T16:42:00+05:30,29335.25,29349.25,29329,29341.75,687
2026-09-10T16:48:00+05:30,29340.75,29346.25,29331.5,29344.75,631
2026-09-10T16:54:00+05:30,29344.75,29345.5,29335,29336,410
2026-09-10T17:00:00+05:30,29337.5,29364,29335.75,29361.5,780
2026-09-10T17:06:00+05:30,29361.25,29362,29350,29350,479
2026-09-10T17:12:00+05:30,29350.75,29357,29324.25,29326.75,805
2026-09-10T17:18:00+05:30,29327.5,29327.5,29290,29293.75,2115
2026-09-10T17:24:00+05:30,29293.75,29302.75,29262.75,29264.5,2251
2026-09-10T17:30:00+05:30,29264.25,29278.25,29242.25,29253.5,2658
2026-09-10T17:36:00+05:30,29253.5,29254.75,29232.75,29236,1698
2026-09-10T17:42:00+05:30,29236.5,29264.25,29227.5,29237,1888
2026-09-10T17:48:00+05:30,29238.25,29255,29216.75,29225.5,2057
2026-09-10T17:54:00+05:30,29227.5,29250,29211,29237.5,1710
2026-09-10T18:00:00+05:30,29229,29251.75,29106.75,29131.25,9199
2026-09-10T18:06:00+05:30,29131.5,29140.75,29092.25,29095.25,6011
2026-09-10T18:12:00+05:30,29095,29106,29082,29087.75,5241
2026-09-10T18:18:00+05:30,29087.5,29105,29067,29072.25,5013
2026-09-10T18:24:00+05:30,29072.5,29083.75,29043.25,29056.5,4404
2026-09-10T18:30:00+05:30,29058,29098.25,29054.75,29082.5,4647
2026-09-10T18:36:00+05:30,29082.75,29091,29058.5,29088.25,3487
2026-09-10T18:42:00+05:30,29087.75,29088.5,29052.25,29054.75,3084
2026-09-10T18:48:00+05:30,29054.5,29074.75,29054,29072,2410
2026-09-10T18:54:00+05:30,29071.5,29090.25,29043.75,29089,5530
2026-09-10T19:00:00+05:30,29089.5,29132.5,29057.5,29112.75,24553
2026-09-10T19:06:00+05:30,29113,29200,29105,29157.75,19781
2026-09-10T19:12:00+05:30,29157.75,29186.25,29131.75,29173.75,13756
2026-09-10T19:18:00+05:30,29174.25,29203.25,29104,29118.25,13822
2026-09-10T19:24:00+05:30,29118,29136.5,29088.5,29099.75,10434
2026-09-10T19:30:00+05:30,29099.5,29178.75,29097.25,29136.75,11171
2026-09-10T19:36:00+05:30,29136.5,29153.75,29106.75,29143,9234
2026-09-10T19:42:00+05:30,29143,29169.75,29111,29118.25,9552
2026-09-10T19:48:00+05:30,29117.5,29194,29117.25,29185,9531
2026-09-10T19:54:00+05:30,29184.75,29263,29177.75,29205.75,18561
2026-09-10T20:00:00+05:30,29206.25,29254.5,29204.75,29249.75,8456
2026-09-10T20:06:00+05:30,29249.5,29275,29243.25,29254.75,7619
2026-09-10T20:12:00+05:30,29254.75,29260.75,29214,29214.5,7208
2026-09-10T20:18:00+05:30,29214.25,29246.5,29210,29241,6936
2026-09-10T20:24:00+05:30,29240.5,29264.75,29229.75,29263.25,5790
2026-09-10T20:30:00+05:30,29263.25,29265,29214,29249.25,7736
2026-09-10T20:36:00+05:30,29248.75,29258,29221.75,29245.5,4484
2026-09-10T20:42:00+05:30,29245.5,29260.5,29222.5,29232.75,5669
2026-09-10T20:48:00+05:30,29232.25,29234,29197.5,29215.75,5655
2026-09-10T20:54:00+05:30,29217.25,29256,29216.75,29236,5037
2026-09-10T21:00:00+05:30,29236.75,29249.75,29217.25,29246.25,4822
2026-09-10T21:06:00+05:30,29247,29272.75,29227.5,29246,5363
2026-09-10T21:12:00+05:30,29245.5,29256.75,29214.5,29219.25,3984
2026-09-10T21:18:00+05:30,29218.25,29240,29208,29211.25,4965
2026-09-10T21:24:00+05:30,29211,29214.5,29186,29205,5331
2026-09-10T21:30:00+05:30,29205,29231.5,29197.5,29208,4385
2026-09-10T21:36:00+05:30,29208,29211.75,29165.75,29172.5,4446
2026-09-10T21:42:00+05:30,29172.25,29202,29170.25,29174.75,4658
2026-09-10T21:48:00+05:30,29175.75,29191,29169.5,29182.75,3003
2026-09-10T21:54:00+05:30,29182.25,29184.25,29161.75,29177,3021
2026-09-10T22:00:00+05:30,29176.75,29194.25,29133.75,29146,7883
2026-09-10T22:06:00+05:30,29146.25,29192.25,29146.25,29190,4672
2026-09-10T22:12:00+05:30,29190,29241,29184.75,29224.75,6340
2026-09-10T22:18:00+05:30,29225,29229.75,29204.5,29229,4059
2026-09-10T22:24:00+05:30,29228.75,29242.75,29224.25,29232.5,3712
2026-09-10T22:30:00+05:30,29232.75,29267.5,29212.75,29230.75,5272
2026-09-10T22:36:00+05:30,29230.5,29248,29219.75,29241.5,3404
2026-09-10T22:42:00+05:30,29240.75,29245.75,29221.5,29228,2553
2026-09-10T22:48:00+05:30,29227.75,29230.5,29209.5,29210,2774
2026-09-10T22:54:00+05:30,29210.5,29213.25,29199.5,29209.25,2583
2026-09-10T23:00:00+05:30,29209,29214.75,29197.5,29213,2600
2026-09-10T23:06:00+05:30,29213.5,29214,29175.5,29190.25,3854
2026-09-10T23:12:00+05:30,29190,29205.25,29187,29189,2506
2026-09-10T23:18:00+05:30,29188.75,29204.25,29183.25,29193.75,2481
2026-09-10T23:24:00+05:30,29193.5,29199.75,29183.25,29186,2189
2026-09-10T23:30:00+05:30,29186.25,29199.75,29158.75,29164.5,4436
2026-09-10T23:36:00+05:30,29164,29179.25,29148.25,29157.75,3621
2026-09-10T23:42:00+05:30,29158,29168.5,29148.75,29153,2772
2026-09-10T23:48:00+05:30,29153,29180.25,29149.5,29172.5,3219
2026-09-10T23:54:00+05:30,29172,29174.25,29153.5,29158.5,2510
2026-09-11T00:00:00+05:30,29157.75,29167.5,29146.25,29167,2784
2026-09-11T00:06:00+05:30,29166.75,29176.25,29160.5,29170.75,2118
2026-09-11T00:12:00+05:30,29170.75,29176,29163,29163.75,1748
2026-09-11T00:18:00+05:30,29163.75,29199,29151,29190.25,5431
2026-09-11T00:24:00+05:30,29191,29194,29167.25,29174.25,2452
2026-09-11T00:30:00+05:30,29174.25,29176,29151,29153.75,3605
2026-09-11T00:36:00+05:30,29152.5,29169,29141,29145.25,4931
2026-09-11T00:42:00+05:30,29145.5,29164.5,29141.75,29143.5,2765
2026-09-11T00:48:00+05:30,29143.25,29151,29136,29139.75,2535
2026-09-11T00:54:00+05:30,29139.75,29163,29139.75,29160,2328
2026-09-11T01:00:00+05:30,29158.75,29166.25,29144.25,29151.5,3071
2026-09-11T01:06:00+05:30,29151,29166.25,29145.25,29159.25,2769
2026-09-11T01:12:00+05:30,29159.5,29169.25,29146.5,29153.75,3334
2026-09-11T01:18:00+05:30,29153.5,29168.5,29123.25,29138,6442
2026-09-11T01:24:00+05:30,29137.75,29147.5,29125.5,29138,16658
2026-09-11T01:30:00+05:30,29138.25,29148.75,29123,29138.25,4470
2026-09-11T01:36:00+05:30,29138.25,29153,29134.75,29146.5,1682
2026-09-11T01:42:00+05:30,29145.75,29156.75,29145.25,29150.75,1229
2026-09-11T01:48:00+05:30,29151,29153.75,29149,29149.75,687
2026-09-11T01:54:00+05:30,29150,29154.5,29142.25,29144.5,765
2026-09-11T02:00:00+05:30,29145.5,29152,29144.25,29150.25,536
2026-09-11T02:06:00+05:30,29150,29153,29146.5,29152.25,426
2026-09-11T02:12:00+05:30,29152.5,29154.5,29144.5,29145.5,505
2026-09-11T02:18:00+05:30,29145.75,29152.75,29145.75,29152,281
2026-09-11T02:24:00+05:30,29152.5,29154.5,29128,29143.25,670
2026-09-11T03:30:00+05:30,29141,29156.75,29139.5,29148.5,732
2026-09-11T03:36:00+05:30,29147,29151.75,29134.5,29147.25,480
2026-09-11T03:42:00+05:30,29148.5,29149.5,29139.5,29144,287
2026-09-11T03:48:00+05:30,29143.25,29157.5,29142.25,29148.75,446
2026-09-11T03:54:00+05:30,29148.5,29149.25,29117.25,29118,787
2026-09-11T04:00:00+05:30,29117.25,29122.75,29113,29116.5,616
2026-09-11T04:06:00+05:30,29116.75,29119.25,29104.25,29108.5,507
2026-09-11T04:12:00+05:30,29109,29112.25,29098.75,29106.5,447
2026-09-11T04:18:00+05:30,29106.25,29116.25,29105,29107.75,474
2026-09-11T04:24:00+05:30,29106.75,29111,29102.25,29107.5,363
2026-09-11T04:30:00+05:30,29106.25,29115,29100,29104.75,406
2026-09-11T04:36:00+05:30,29108.25,29110,29103,29106.25,188
2026-09-11T04:42:00+05:30,29106,29111.25,29104,29110.5,261
2026-09-11T04:48:00+05:30,29110.25,29111.5,29102,29104.25,183
2026-09-11T04:54:00+05:30,29103.25,29110.25,29096.75,29102.75,335
2026-09-11T05:00:00+05:30,29103,29111.5,29101,29103,194
2026-09-11T05:06:00+05:30,29103,29108.25,29097.75,29099.75,217
2026-09-11T05:12:00+05:30,29100,29107.25,29097,29099,552
2026-09-11T05:18:00+05:30,29099,29102.75,29086,29087.75,666
2026-09-11T05:24:00+05:30,29088.25,29088.5,29062.5,29064.75,1200
2026-09-11T05:30:00+05:30,29065,29102,29063.25,29094.75,1582
2026-09-11T05:36:00+05:30,29095,29127.75,29093.75,29106.75,1548
2026-09-11T05:42:00+05:30,29108,29121.75,29106.75,29116.25,630
2026-09-11T05:48:00+05:30,29115.5,29129,29095,29127.75,1045
2026-09-11T05:54:00+05:30,29126,29144.75,29115.25,29138.5,986
2026-09-11T06:00:00+05:30,29138.25,29143,29118,29140,814
2026-09-11T06:06:00+05:30,29139,29166.25,29128.5,29129.25,1555
2026-09-11T06:12:00+05:30,29129.5,29136.75,29118.75,29136.75,1005
2026-09-11T06:18:00+05:30,29135.5,29152,29131.75,29151.75,434
2026-09-11T06:24:00+05:30,29151.5,29163.5,29147.5,29161,561
2026-09-11T06:30:00+05:30,29159.75,29171.5,29153.5,29158.25,953
2026-09-11T06:36:00+05:30,29157.5,29161,29148.25,29159.5,704
2026-09-11T06:42:00+05:30,29159.5,29165.25,29139,29142.5,684
2026-09-11T06:48:00+05:30,29142.25,29147.5,29124.75,29129.5,638
2026-09-11T06:54:00+05:30,29129,29139.75,29125,29125.5,656
2026-09-11T07:00:00+05:30,29126.5,29138.25,29122.75,29137.5,646
2026-09-11T07:06:00+05:30,29137,29138.25,29109,29112.25,719
2026-09-11T07:12:00+05:30,29112.75,29120.25,29105,29106.75,664
2026-09-11T07:18:00+05:30,29107.75,29115.25,29103.5,29109.5,434
2026-09-11T07:24:00+05:30,29108.75,29130,29108,29128.75,570
2026-09-11T07:30:00+05:30,29129.5,29138.5,29122.5,29126,857
2026-09-11T07:36:00+05:30,29126.25,29132.5,29120.75,29126.75,379
2026-09-11T07:42:00+05:30,29128.75,29135.5,29113.25,29114.75,605
2026-09-11T07:48:00+05:30,29116,29126.5,29113.5,29115.75,448
2026-09-11T07:54:00+05:30,29115.75,29116.5,29098.5,29107.25,920
2026-09-11T08:00:00+05:30,29107.25,29109.25,29082.5,29090.75,958
2026-09-11T08:06:00+05:30,29090.25,29106.5,29089.75,29100.25,533
2026-09-11T08:12:00+05:30,29102.25,29102.25,29082.25,29094.5,643
2026-09-11T08:18:00+05:30,29094.75,29111.5,29091,29093.75,622
2026-09-11T08:24:00+05:30,29093,29095.25,29083.25,29093.25,408
2026-09-11T08:30:00+05:30,29092,29096.75,29078.5,29080,679
2026-09-11T08:36:00+05:30,29079,29082,29065.5,29066.5,508
2026-09-11T08:42:00+05:30,29067,29084,29061.75,29078.25,692
2026-09-11T08:48:00+05:30,29076.75,29082.5,29062.75,29066,540
2026-09-11T08:54:00+05:30,29065,29081.25,29065,29071.25,405
2026-09-11T09:00:00+05:30,29071.5,29072,29048.5,29057.5,1033
2026-09-11T09:06:00+05:30,29057.5,29080,29057.5,29075.25,727
2026-09-11T09:12:00+05:30,29076.25,29089.5,29062,29063.75,871
2026-09-11T09:18:00+05:30,29064.25,29068.25,29050.75,29066,700
2026-09-11T09:24:00+05:30,29066,29071.25,29057,29059.5,437
2026-09-11T09:30:00+05:30,29058.75,29078,29040.5,29077.75,1641
2026-09-11T09:36:00+05:30,29078.5,29087.5,29055.25,29057,1019
2026-09-11T09:42:00+05:30,29057,29094.75,29055.25,29077,1117
2026-09-11T09:48:00+05:30,29077,29100,29075.75,29092,664
2026-09-11T09:54:00+05:30,29092.25,29126.5,29091.75,29123.75,849
2026-09-11T10:00:00+05:30,29124.25,29131.75,29116.75,29123,602
2026-09-11T10:06:00+05:30,29122.5,29136.25,29122,29130.25,476
2026-09-11T10:12:00+05:30,29129,29140.25,29128.75,29133.5,630
2026-09-11T10:18:00+05:30,29132.25,29151.5,29131.25,29134.75,715
2026-09-11T10:24:00+05:30,29134.5,29141,29120.75,29125,430
2026-09-11T10:30:00+05:30,29124.5,29142.25,29119.5,29138.25,690
2026-09-11T10:36:00+05:30,29137.25,29154.5,29132.25,29152.25,727
2026-09-11T10:42:00+05:30,29150,29165,29139.25,29147.25,692
2026-09-11T10:48:00+05:30,29148,29158,29136.75,29149.75,517
2026-09-11T10:54:00+05:30,29149,29150.25,29130,29134,412
2026-09-11T11:00:00+05:30,29134,29163.25,29133.75,29161.5,719
2026-09-11T11:06:00+05:30,29161.5,29176.25,29159,29173,815
2026-09-11T11:12:00+05:30,29173,29200,29170.75,29195,955
2026-09-11T11:18:00+05:30,29196.75,29223,29192,29219,1063
2026-09-11T11:24:00+05:30,29221.25,29242.75,29219.5,29233.25,1406
2026-09-11T11:30:00+05:30,29233,29237.25,29216,29219,917
2026-09-11T11:36:00+05:30,29219.5,29245.75,29219.5,29234.5,882
2026-09-11T11:42:00+05:30,29235,29252,29225.25,29243.5,990
2026-09-11T11:48:00+05:30,29242.75,29244.5,29224,29226.5,614
2026-09-11T11:54:00+05:30,29225.75,29231.25,29222.25,29224.5,474
2026-09-11T12:00:00+05:30,29225.25,29235.75,29215.5,29226.5,1066
2026-09-11T12:06:00+05:30,29225.75,29239,29224,29226.75,382
2026-09-11T12:12:00+05:30,29227,29257.5,29218.25,29254.75,747
2026-09-11T12:18:00+05:30,29255.25,29261.5,29246,29251.25,653
2026-09-11T12:24:00+05:30,29249,29259.5,29244,29255,487
2026-09-11T12:30:00+05:30,29254.25,29267.25,29249.25,29260.5,635
2026-09-11T12:36:00+05:30,29261.75,29268.75,29252.5,29259.25,713
2026-09-11T12:42:00+05:30,29258,29265.25,29248.5,29262.5,560
2026-09-11T12:48:00+05:30,29263,29264,29245,29257.5,484
2026-09-11T12:54:00+05:30,29258,29259.5,29235.75,29235.75,568
2026-09-11T13:00:00+05:30,29235.75,29247.5,29229,29231.25,488
2026-09-11T13:06:00+05:30,29233,29242,29229.5,29241.75,450
2026-09-11T13:12:00+05:30,29240.5,29243.25,29229.5,29237.25,323
2026-09-11T13:18:00+05:30,29237.25,29241,29225,29239.75,562
2026-09-11T13:24:00+05:30,29239,29245.75,29236.5,29242.5,266
2026-09-11T13:30:00+05:30,29242.5,29272,29237,29241.5,1151
2026-09-11T13:36:00+05:30,29242,29249.5,29224.5,29230.5,1038
2026-09-11T13:42:00+05:30,29229.75,29263.75,29229.75,29260,749
2026-09-11T13:48:00+05:30,29260,29267.25,29251,29262.25,510
2026-09-11T13:54:00+05:30,29262.5,29318,29261,29269.75,2641
2026-09-11T14:00:00+05:30,29271,29313.75,29270.75,29299.75,842
2026-09-11T14:06:00+05:30,29299.25,29305.5,29291,29298,561
2026-09-11T14:12:00+05:30,29298.25,29306.25,29287,29299.5,434
2026-09-11T14:18:00+05:30,29298.75,29322.75,29298.75,29320.25,700
2026-09-11T14:24:00+05:30,29320,29326,29307,29322.75,607
2026-09-11T14:30:00+05:30,29324.25,29334,29311,29312.75,1083
2026-09-11T14:36:00+05:30,29312.25,29322,29292.5,29298.25,745
2026-09-11T14:42:00+05:30,29299,29305,29289.5,29299.25,431
2026-09-11T14:48:00+05:30,29299.25,29315.25,29297.75,29305.75,656
2026-09-11T14:54:00+05:30,29306,29306.75,29298.25,29304,292
2026-09-11T15:00:00+05:30,29304.75,29312,29301.75,29307,207
2026-09-11T15:06:00+05:30,29308.25,29315.5,29304.25,29309.75,268
2026-09-11T15:12:00+05:30,29310.5,29315.5,29303.75,29309.75,239
2026-09-11T15:18:00+05:30,29309.75,29313,29306.5,29309,176
2026-09-11T15:24:00+05:30,29309.75,29326.5,29308,29319,407
2026-09-11T15:30:00+05:30,29319.25,29339.75,29285.25,29326.25,1481
2026-09-11T15:36:00+05:30,29326.5,29335,29323,29325.5,422
2026-09-11T15:42:00+05:30,29325.75,29329,29319.25,29326.75,380
2026-09-11T15:48:00+05:30,29326.5,29329.75,29314,29317.25,507
2026-09-11T15:54:00+05:30,29317.5,29322,29307.75,29314.25,441
2026-09-11T16:00:00+05:30,29314.25,29328.75,29309.5,29323.75,448
2026-09-11T16:06:00+05:30,29322.25,29323.75,29312.75,29316.5,228
2026-09-11T16:12:00+05:30,29318.75,29321,29305.5,29307,367
2026-09-11T16:18:00+05:30,29306.75,29318.25,29306.75,29311.5,306
2026-09-11T16:24:00+05:30,29310.75,29316,29307,29309.25,373
2026-09-11T16:30:00+05:30,29310.5,29315,29299.75,29301.5,610
2026-09-11T16:36:00+05:30,29301.25,29301.5,29289.5,29294,627
2026-09-11T16:42:00+05:30,29294.25,29300.75,29290.25,29297.5,398
2026-09-11T16:48:00+05:30,29297.75,29309.25,29294.75,29303.5,532
2026-09-11T16:54:00+05:30,29303.25,29324.75,29302.75,29312.75,654
2026-09-11T17:00:00+05:30,29313,29321.75,29296.75,29301.25,793
2026-09-11T17:06:00+05:30,29301.25,29323,29298,29318.5,568
2026-09-11T17:12:00+05:30,29318,29335,29317.75,29319.75,656
2026-09-11T17:18:00+05:30,29320.75,29337.5,29319.5,29330,502
2026-09-11T17:24:00+05:30,29329,29334.25,29321.25,29323.25,384
2026-09-11T17:30:00+05:30,29324.25,29326.75,29307,29315.75,720
2026-09-11T17:36:00+05:30,29313,29327.5,29304,29326.25,1115
2026-09-11T17:42:00+05:30,29325.75,29342.25,29313.75,29341.5,1156
2026-09-11T17:48:00+05:30,29341.5,29348.75,29331,29339,897
2026-09-11T17:54:00+05:30,29338.25,29399,29325.75,29389.75,2913
2026-09-11T18:00:00+05:30,29385,29399.5,29204,29342.25,10888
2026-09-11T18:06:00+05:30,29341,29379.5,29335.25,29360.75,5352
2026-09-11T18:12:00+05:30,29360,29380.75,29342.75,29377.5,3204
2026-09-11T18:18:00+05:30,29378,29438.5,29374.5,29438.25,4583
2026-09-11T18:24:00+05:30,29437.5,29475.75,29433.5,29469.5,4195
2026-09-11T18:30:00+05:30,29468.75,29500.25,29461.25,29475.25,5301
2026-09-11T18:36:00+05:30,29476.5,29483.75,29445,29447,3550
2026-09-11T18:42:00+05:30,29446.5,29450.25,29427.75,29430,2795
2026-09-11T18:48:00+05:30,29429.75,29442.75,29424,29430.25,1822
2026-09-11T18:54:00+05:30,29430.25,29452.25,29414.75,29418,4425
2026-09-11T19:00:00+05:30,29417.5,29431.75,29347.25,29408.75,23197
2026-09-11T19:06:00+05:30,29407.5,29440,29353.75,29421.25,18630
2026-09-11T19:12:00+05:30,29420.5,29472,29392.75,29435.25,15886
2026-09-11T19:18:00+05:30,29434.25,29445.5,29379.25,29409.75,11832
2026-09-11T19:24:00+05:30,29410.25,29480.75,29403,29472.75,8980
2026-09-11T19:30:00+05:30,29473,29473.25,29386.5,29389,13283
2026-09-11T19:36:00+05:30,29388.75,29424.25,29365,29405.25,11796
2026-09-11T19:42:00+05:30,29405.25,29407.75,29373.25,29382.25,9586
2026-09-11T19:48:00+05:30,29380.5,29461.75,29374,29447.75,7778
2026-09-11T19:54:00+05:30,29447.5,29467.5,29438.5,29451,5670
2026-09-11T20:00:00+05:30,29451.25,29455.25,29398,29404.25,8325
2026-09-11T20:06:00+05:30,29404,29410,29369.25,29390.5,8541
2026-09-11T20:12:00+05:30,29390.25,29397.75,29337.75,29344,8516
2026-09-11T20:18:00+05:30,29344.75,29401,29334,29373.25,12074
2026-09-11T20:24:00+05:30,29373.25,29377.5,29349.25,29369.75,6188
2026-09-11T20:30:00+05:30,29370.75,29419.75,29361,29416.75,6316
2026-09-11T20:36:00+05:30,29417,29432.5,29405.75,29410.5,5512
2026-09-11T20:42:00+05:30,29410.75,29445.5,29375.25,29438.25,6122
2026-09-11T20:48:00+05:30,29437.75,29452.25,29434.25,29441.75,4511
2026-09-11T20:54:00+05:30,29442.25,29493.25,29441.75,29485,7298
2026-09-11T21:00:00+05:30,29485.25,29499.75,29471.25,29476.75,5892
2026-09-11T21:06:00+05:30,29476.5,29483,29462.75,29472.25,3805
2026-09-11T21:12:00+05:30,29471.75,29484.25,29464.25,29468.75,3460
2026-09-11T21:18:00+05:30,29467.75,29476.75,29448,29449,3698
2026-09-11T21:24:00+05:30,29448.75,29461.5,29441.25,29450,4048
2026-09-11T21:30:00+05:30,29450.25,29485.25,29450.25,29481.75,3759
2026-09-11T21:36:00+05:30,29482.25,29484.25,29460.5,29464.75,2524
2026-09-11T21:42:00+05:30,29465.5,29465.75,29436.5,29438.25,3411
2026-09-11T21:48:00+05:30,29438.75,29444.5,29421.5,29426,3105
2026-09-11T21:54:00+05:30,29426,29436,29397.75,29402.75,5932
2026-09-11T22:00:00+05:30,29402,29441.5,29395.25,29419,5917
2026-09-11T22:06:00+05:30,29419,29421.25,29392,29415.75,3748
2026-09-11T22:12:00+05:30,29415.5,29435.5,29408.5,29428.25,2872
2026-09-11T22:18:00+05:30,29428.5,29430.75,29413.25,29426.5,2196
2026-09-11T22:24:00+05:30,29426,29437.75,29426,29436.75,1940
2026-09-11T22:30:00+05:30,29437,29449,29435.75,29444,2713
2026-09-11T22:36:00+05:30,29444.75,29464.75,29442.25,29445,4322
2026-09-11T22:42:00+05:30,29445,29459.75,29435.75,29459.5,2472
2026-09-11T22:48:00+05:30,29459.25,29471,29453,29469,2517
2026-09-11T22:54:00+05:30,29469,29479,29462.5,29463.5,2828
2026-09-11T23:00:00+05:30,29463.25,29478,29461,29463,2678
2026-09-11T23:06:00+05:30,29464,29469,29457.5,29460.75,1798
2026-09-11T23:12:00+05:30,29460.25,29470.5,29458,29462.5,1825
2026-09-11T23:18:00+05:30,29462,29468.5,29455,29466.25,1432
2026-09-11T23:24:00+05:30,29465.5,29467,29447.75,29452.5,1664
2026-09-11T23:30:00+05:30,29452.25,29460.5,29447.5,29448.25,1746
2026-09-11T23:36:00+05:30,29447.75,29451.75,29439.5,29442,1799
2026-09-11T23:42:00+05:30,29441.75,29444,29434,29441.5,1885
2026-09-11T23:48:00+05:30,29441.5,29446.5,29417,29425.75,5324
2026-09-11T23:54:00+05:30,29426.25,29446.75,29425,29441.5,2912
2026-09-12T00:00:00+05:30,29442,29456.75,29432,29452.75,2470
2026-09-12T00:06:00+05:30,29452.75,29459,29443,29448.75,1666
2026-09-12T00:12:00+05:30,29448.5,29449,29430.5,29440,2678
2026-09-12T00:18:00+05:30,29439.75,29442.75,29429,29431.25,1918
2026-09-12T00:24:00+05:30,29431,29438.25,29425.75,29429.5,2292
2026-09-12T00:30:00+05:30,29429.5,29433.25,29422,29427.25,2056
2026-09-12T00:36:00+05:30,29427.75,29431.5,29405.25,29412.75,3283
2026-09-12T00:42:00+05:30,29412.5,29422.25,29409.5,29419.75,2969
2026-09-12T00:48:00+05:30,29419.5,29425.75,29413.25,29418.75,2188
2026-09-12T00:54:00+05:30,29418.5,29427.5,29412.25,29415,2584
2026-09-12T01:00:00+05:30,29414.25,29421,29411.5,29416.25,2618
2026-09-12T01:06:00+05:30,29415.75,29423,29412.5,29420.75,1753
2026-09-12T01:12:00+05:30,29420.75,29428.5,29412.25,29417,3386
2026-09-12T01:18:00+05:30,29417,29420.25,29394.5,29401,6438
2026-09-12T01:24:00+05:30,29401.75,29417.75,29378.75,29386.75,15902
2026-09-12T01:30:00+05:30,29386.25,29391,29380.5,29386.5,4812
2026-09-12T01:36:00+05:30,29386.5,29393,29380.5,29383,1479
2026-09-12T01:42:00+05:30,29383.25,29384.25,29376.25,29380.25,839
2026-09-12T01:48:00+05:30,29380,29387.25,29376.5,29385,504
2026-09-12T01:54:00+05:30,29385.25,29386.5,29380.25,29384.5,235
2026-09-12T02:00:00+05:30,29384.75,29394,29384.25,29391.25,615
2026-09-12T02:06:00+05:30,29390.75,29396.5,29389,29390,630
2026-09-12T02:12:00+05:30,29390.5,29392,29383.25,29386,434
2026-09-12T02:18:00+05:30,29387,29390.75,29385,29389.75,311
2026-09-12T02:24:00+05:30,29389.75,29397.5,29389.5,29391.75,549