time,open,high,low,close,Volume
2026-06-26T21:30:00+05:30,29620.75,29626.5,29518.75,29555.25,10532
2026-06-26T21:45:00+05:30,29555,29584.5,29493.75,29557.25,12113
2026-06-26T22:00:00+05:30,29559.25,29642.75,29559,29598.75,9539
2026-06-26T22:15:00+05:30,29599.25,29645.5,29585.75,29612.25,7638
2026-06-26T22:30:00+05:30,29612,29700,29595,29651.75,8687
2026-06-26T22:45:00+05:30,29652,29655.5,29575.25,29635.25,9414
2026-06-26T23:00:00+05:30,29634.5,29676.5,29558.25,29597.75,8698
2026-06-26T23:15:00+05:30,29596.75,29612.5,29535.75,29544,6547
2026-06-26T23:30:00+05:30,29545.25,29582,29524.75,29538.75,6731
2026-06-26T23:45:00+05:30,29539,29550.75,29456.5,29461.5,8760
2026-06-27T00:00:00+05:30,29462.75,29512.25,29454,29474.5,7836
2026-06-27T00:15:00+05:30,29475.5,29475.5,29388.75,29415.5,9820
2026-06-27T00:30:00+05:30,29417,29505,29395.25,29502,11268
2026-06-27T00:45:00+05:30,29501.5,29503.75,29420,29452.25,9379
2026-06-27T01:00:00+05:30,29451.25,29544,29429.25,29537.75,8835
2026-06-27T01:15:00+05:30,29538.5,29569.5,29283.75,29316,29471
2026-06-27T01:30:00+05:30,29318,29410,29266.25,29350.75,18426
2026-06-27T01:45:00+05:30,29352.5,29383.75,29339.75,29341.25,5558
2026-06-27T02:00:00+05:30,29341.25,29348.25,29256.75,29271.25,6005
2026-06-27T02:15:00+05:30,29271.25,29307.25,29255,29283,3002
2026-06-29T03:30:00+05:30,29282.5,29552.75,29280.25,29545,6291
2026-06-29T03:45:00+05:30,29546,29592.25,29498,29561,3134
2026-06-29T04:00:00+05:30,29560.75,29598.75,29560.75,29584.75,1685
2026-06-29T04:15:00+05:30,29584.5,29595,29556,29560.5,1108
2026-06-29T04:30:00+05:30,29558.25,29656.75,29548.75,29641,3338
2026-06-29T04:45:00+05:30,29639,29667.75,29626,29649.5,1537
2026-06-29T05:00:00+05:30,29650.75,29681.5,29650.5,29668.5,1341
2026-06-29T05:15:00+05:30,29667.75,29683.25,29612.5,29617,2346
2026-06-29T05:30:00+05:30,29621,29622,29494.5,29514.75,5816
2026-06-29T05:45:00+05:30,29514,29530.25,29375.75,29379,5178
2026-06-29T06:00:00+05:30,29380,29461.25,29363.25,29456.75,4213
2026-06-29T06:15:00+05:30,29455.75,29505.25,29378,29494,3369
2026-06-29T06:30:00+05:30,29494,29522.25,29452,29500.5,2511
2026-06-29T06:45:00+05:30,29499.75,29506.5,29434.5,29440.25,2347
2026-06-29T07:00:00+05:30,29441.75,29558.25,29420.25,29545.5,2923
2026-06-29T07:15:00+05:30,29546.25,29554.25,29509,29516.25,1701
2026-06-29T07:30:00+05:30,29518.5,29525.75,29393.75,29398,2538
2026-06-29T07:45:00+05:30,29397.75,29532,29389,29525,2407
2026-06-29T08:00:00+05:30,29524.5,29538.5,29503,29532,1156
2026-06-29T08:15:00+05:30,29534.75,29544.25,29512.5,29523.25,1017
2026-06-29T08:30:00+05:30,29525.75,29579,29525.75,29544.75,1714
2026-06-29T08:45:00+05:30,29543.75,29567.75,29536,29555.25,865
2026-06-29T09:00:00+05:30,29556.5,29568.25,29482.25,29500.5,1756
2026-06-29T09:15:00+05:30,29496,29605.75,29492,29593,2296
2026-06-29T09:30:00+05:30,29592,29593.25,29553.5,29562,1262
2026-06-29T09:45:00+05:30,29560.25,29575.75,29523.75,29539.5,1884
2026-06-29T10:00:00+05:30,29541.75,29553.75,29505,29521.25,1182
2026-06-29T10:15:00+05:30,29524,29555,29505,29518,1236
2026-06-29T10:30:00+05:30,29520,29538.25,29491.5,29537.75,1487
2026-06-29T10:45:00+05:30,29535.5,29557.5,29509.25,29533,1175
2026-06-29T11:00:00+05:30,29534.5,29629.75,29525.5,29621.25,1690
2026-06-29T11:15:00+05:30,29620.25,29672.25,29602.25,29670.75,2717
2026-06-29T11:30:00+05:30,29670.25,29676.75,29590,29613.25,2167
2026-06-29T11:45:00+05:30,29614.75,29661.25,29614.75,29647.75,1424
2026-06-29T12:00:00+05:30,29651,29684.75,29646.75,29666.75,2043
2026-06-29T12:15:00+05:30,29666,29670.25,29616.5,29631.5,1348
2026-06-29T12:30:00+05:30,29631.5,29633.75,29575.75,29616,2086
2026-06-29T12:45:00+05:30,29617.5,29655.75,29615.75,29643.75,1517
2026-06-29T13:00:00+05:30,29644.5,29679,29627,29666.5,1059
2026-06-29T13:15:00+05:30,29665.25,29698.5,29654.75,29664.25,1634
2026-06-29T13:30:00+05:30,29663.5,29714.25,29657,29686.25,1987
2026-06-29T13:45:00+05:30,29685.5,29732.75,29678.25,29694.75,1999
2026-06-29T14:00:00+05:30,29694.25,29720.75,29676,29685.75,1624
2026-06-29T14:15:00+05:30,29685,29706.75,29652.75,29660.25,1160
2026-06-29T14:30:00+05:30,29658.75,29671.75,29640.5,29658,990
2026-06-29T14:45:00+05:30,29654.5,29688.25,29646.75,29677.75,980
2026-06-29T15:00:00+05:30,29680,29686.5,29645,29657.75,1212
2026-06-29T15:15:00+05:30,29657.5,29673.25,29620,29664,1987
2026-06-29T15:30:00+05:30,29666.25,29722.5,29666.25,29688,1633
2026-06-29T15:45:00+05:30,29686,29717.5,29668.75,29717.5,1163
2026-06-29T16:00:00+05:30,29716.75,29744,29707.25,29728,1774
2026-06-29T16:15:00+05:30,29726.25,29746,29699.5,29740.5,1648
2026-06-29T16:30:00+05:30,29742.25,29758,29708.5,29711.75,2135
2026-06-29T16:45:00+05:30,29712.25,29720.5,29683.5,29710.25,1734
2026-06-29T17:00:00+05:30,29709.75,29759.75,29697,29708.75,2477
2026-06-29T17:15:00+05:30,29709,29730,29698.5,29705.5,1100
2026-06-29T17:30:00+05:30,29705.25,29733.75,29691.75,29728.25,1546
2026-06-29T17:45:00+05:30,29727.25,29739.25,29707.5,29716.75,1198
2026-06-29T18:00:00+05:30,29717.5,29730.75,29650.25,29674.5,2789
2026-06-29T18:15:00+05:30,29675,29705.5,29664,29705,1899
2026-06-29T18:30:00+05:30,29705.75,29733.25,29699.5,29727.25,1848
2026-06-29T18:45:00+05:30,29726.75,29733,29628,29643.25,4408
2026-06-29T19:00:00+05:30,29643,29795,29557,29786.75,30654
2026-06-29T19:15:00+05:30,29786,29840,29578,29617.75,26405
2026-06-29T19:30:00+05:30,29618.75,29631.5,29328,29329.75,31456
2026-06-29T19:45:00+05:30,29329.25,29551,29273.75,29546,31821
2026-06-29T20:00:00+05:30,29544.25,29652.5,29525.75,29580.25,21280
2026-06-29T20:15:00+05:30,29578,29716.5,29497.25,29713.75,19365
2026-06-29T20:30:00+05:30,29714.25,29735,29663.75,29724.5,15451
2026-06-29T20:45:00+05:30,29725.5,29775.25,29659.25,29771,14292
2026-06-29T21:00:00+05:30,29770,29823,29734.75,29819.5,13878
2026-06-29T21:15:00+05:30,29818.75,29847.25,29778,29838.75,11450
2026-06-29T21:30:00+05:30,29839.75,29879.25,29834.25,29848.5,10470
2026-06-29T21:45:00+05:30,29849.25,29907.5,29848,29871.25,10502
2026-06-29T22:00:00+05:30,29871,29910.5,29843.25,29906.5,8941
2026-06-29T22:15:00+05:30,29906.5,29932.5,29892.75,29915.5,8686
2026-06-29T22:30:00+05:30,29916,30001,29915.75,29988,9513
2026-06-29T22:45:00+05:30,29988.75,30014.5,29950,30011,11085
2026-06-29T23:00:00+05:30,30012.25,30038.25,29987,30005.25,8039
2026-06-29T23:15:00+05:30,30005.25,30029.75,29989.75,30003.5,6542
2026-06-29T23:30:00+05:30,30004,30024.25,29993,30021,6555
2026-06-29T23:45:00+05:30,30020.5,30024.75,29986.5,29992.25,6647
2026-06-30T00:00:00+05:30,29992.25,30057,29988.75,30053.75,8226
2026-06-30T00:15:00+05:30,30054.25,30069.5,30025.75,30032.25,7789
2026-06-30T00:30:00+05:30,30032.75,30045,29997,30013.75,10387
2026-06-30T00:45:00+05:30,30013.5,30058.5,30006.25,30025,8732
2026-06-30T01:00:00+05:30,30025.5,30047.25,30004.25,30020.75,8495
2026-06-30T01:15:00+05:30,30020,30069,29973.75,30046.25,25356
2026-06-30T01:30:00+05:30,30046.75,30051.75,29995.5,30025.75,11545
2026-06-30T01:45:00+05:30,30025.5,30037,30016,30020.5,1913
2026-06-30T02:00:00+05:30,30021,30021.5,29995.25,30004,1410
2026-06-30T02:15:00+05:30,30005,30014.5,29991.25,29995,1343
2026-06-30T03:30:00+05:30,30007.25,30033.25,29970.25,30012.5,2789
2026-06-30T03:45:00+05:30,30012.5,30035.5,30003.5,30010.75,990
2026-06-30T04:00:00+05:30,30012,30029.25,29991.5,30021,1166
2026-06-30T04:15:00+05:30,30022.75,30024.25,30003,30012.25,658
2026-06-30T04:30:00+05:30,30011.25,30045.75,30006,30030,1296
2026-06-30T04:45:00+05:30,30031,30043,30023.75,30035.75,804
2026-06-30T05:00:00+05:30,30035,30054,30026,30044,854
2026-06-30T05:15:00+05:30,30044.25,30050.5,30018,30041,1262
2026-06-30T05:30:00+05:30,30040,30085,30010.5,30066.5,2625
2026-06-30T05:45:00+05:30,30065,30086,29986.5,29997.75,2293
2026-06-30T06:00:00+05:30,29997.25,30003.5,29936.25,29942.25,3649
2026-06-30T06:15:00+05:30,29942.25,30015.5,29934.75,30009.5,2721
2026-06-30T06:30:00+05:30,30010.75,30020,29951,29968,2441
2026-06-30T06:45:00+05:30,29968,30064.75,29960,30064.25,2243
2026-06-30T07:00:00+05:30,30066.25,30079.25,30014,30048.75,2735
2026-06-30T07:15:00+05:30,30048.75,30056.5,30015,30053.25,1356
2026-06-30T07:30:00+05:30,30054.5,30056.75,30000.5,30006.25,1234
2026-06-30T07:45:00+05:30,30008.25,30040.25,29977.5,30029.5,1533
2026-06-30T08:00:00+05:30,30028.25,30052,30016.75,30022.25,1186
2026-06-30T08:15:00+05:30,30023.25,30042.75,30016.75,30020.25,854
2026-06-30T08:30:00+05:30,30021.5,30045.25,30011,30032.5,832
2026-06-30T08:45:00+05:30,30033.25,30065.5,30033.25,30062,898
2026-06-30T09:00:00+05:30,30062,30129.5,30057,30117.25,2131
2026-06-30T09:15:00+05:30,30116,30130.75,30091,30095,1418
2026-06-30T09:30:00+05:30,30095.5,30150.75,30094.75,30138.25,1627
2026-06-30T09:45:00+05:30,30139.25,30170,30131.25,30169.25,1216
2026-06-30T10:00:00+05:30,30169.25,30202.75,30162.5,30201.5,1963
2026-06-30T10:15:00+05:30,30200.5,30209.5,30183.75,30186.5,1604
2026-06-30T10:30:00+05:30,30187.75,30217,30182.5,30194,1577
2026-06-30T10:45:00+05:30,30191.5,30195.5,30155,30160.75,1956
2026-06-30T11:00:00+05:30,30163,30164.5,30117,30145.75,2437
2026-06-30T11:15:00+05:30,30146.75,30170.25,30142.5,30167,1192
2026-06-30T11:30:00+05:30,30167.75,30173.25,30146.25,30151.25,1803
2026-06-30T11:45:00+05:30,30152.5,30154,30118.25,30144.5,1819
2026-06-30T12:00:00+05:30,30142.75,30148.5,30098,30106.75,1902
2026-06-30T12:15:00+05:30,30104.25,30134,30102.5,30132.5,1093
2026-06-30T12:30:00+05:30,30133.25,30151.25,30106.5,30112,1711
2026-06-30T12:45:00+05:30,30113.25,30134.75,30110,30117,845
2026-06-30T13:00:00+05:30,30117.5,30131,30103,30106.25,914
2026-06-30T13:15:00+05:30,30106.25,30106.75,30069.25,30081.25,1787
2026-06-30T13:30:00+05:30,30081,30127.75,30067,30089,2377
2026-06-30T13:45:00+05:30,30089.5,30127.25,30069.25,30125.75,1577
2026-06-30T14:00:00+05:30,30124,30135,30018.75,30046.5,2561
2026-06-30T14:15:00+05:30,30047.75,30073.75,30022.25,30069.25,1377
2026-06-30T14:30:00+05:30,30071.25,30083.25,30059,30075.25,1125
2026-06-30T14:45:00+05:30,30074.5,30088,30059.25,30059.25,1042
2026-06-30T15:00:00+05:30,30060,30079.25,30034.5,30072,1223
2026-06-30T15:15:00+05:30,30071,30093.75,30071,30082.5,1125
2026-06-30T15:30:00+05:30,30083,30103,30068.25,30101.75,1611
2026-06-30T15:45:00+05:30,30101,30118.25,30099.5,30116.25,1705
2026-06-30T16:00:00+05:30,30115.25,30117,30086.5,30101.25,1225
2026-06-30T16:15:00+05:30,30102.75,30151.5,30091,30139.75,2122
2026-06-30T16:30:00+05:30,30141.25,30170,30129,30164.5,2220
2026-06-30T16:45:00+05:30,30164.5,30168.5,30114.25,30134.25,2177
2026-06-30T17:00:00+05:30,30134.75,30155.5,30120.25,30149.25,1282
2026-06-30T17:15:00+05:30,30149,30175.5,30136,30137,2026
2026-06-30T17:30:00+05:30,30139,30142.75,30083.75,30090,3213
2026-06-30T17:45:00+05:30,30090.5,30096,30036.75,30039.5,3173
2026-06-30T18:00:00+05:30,30037.5,30059.5,30004.75,30048.5,3671
2026-06-30T18:15:00+05:30,30047.25,30054.25,30008.25,30013.5,2989
2026-06-30T18:30:00+05:30,30014.25,30045.75,30006,30029.5,3955
2026-06-30T18:45:00+05:30,30029.75,30052.25,29997,30047,6566
2026-06-30T19:00:00+05:30,30047.5,30264,30033,30215.75,38753
2026-06-30T19:15:00+05:30,30212.75,30366.75,30190.75,30366.75,25456
2026-06-30T19:30:00+05:30,30366.75,30393.75,30274.5,30354.5,24718
2026-06-30T19:45:00+05:30,30352.75,30424.5,30332.75,30410.25,17039
2026-06-30T20:00:00+05:30,30410.75,30442.5,30369.5,30411.75,16025
2026-06-30T20:15:00+05:30,30412.75,30412.75,30282.25,30305.25,17212
2026-06-30T20:30:00+05:30,30305.25,30410,30299.75,30401.5,13368
2026-06-30T20:45:00+05:30,30400.5,30416,30369,30410.75,8247
2026-06-30T21:00:00+05:30,30410.25,30433.5,30393.75,30415.5,9557
2026-06-30T21:15:00+05:30,30415.75,30482,30415,30459.75,12190
2026-06-30T21:30:00+05:30,30460.5,30496,30452.5,30487.75,8546
2026-06-30T21:45:00+05:30,30487.75,30509,30482.25,30494.25,8360
2026-06-30T22:00:00+05:30,30495,30514,30477.5,30511.75,6787
2026-06-30T22:15:00+05:30,30511.75,30546.5,30509.5,30528,9034
2026-06-30T22:30:00+05:30,30528.25,30562.75,30525.75,30535,7880
2026-06-30T22:45:00+05:30,30536.25,30554.25,30524.75,30530,8003
2026-06-30T23:00:00+05:30,30530.75,30545.25,30515.75,30543.25,6928
2026-06-30T23:15:00+05:30,30543,30545.75,30515.75,30524.5,5770
2026-06-30T23:30:00+05:30,30524.75,30540.25,30498.75,30525.5,6819
2026-06-30T23:45:00+05:30,30525.25,30549,30519,30533.75,5644
2026-07-01T00:00:00+05:30,30533.5,30557.75,30523,30554,5784
2026-07-01T00:15:00+05:30,30554,30575.25,30542.5,30554.5,8351
2026-07-01T00:30:00+05:30,30554,30593,30552,30591.5,7947
2026-07-01T00:45:00+05:30,30591,30599.75,30567.75,30575.5,8400
2026-07-01T01:00:00+05:30,30575.25,30583.5,30548.75,30577.25,10576
2026-07-01T01:15:00+05:30,30577.5,30594,30510,30513.5,35701
2026-07-01T01:30:00+05:30,30513.75,30543,30503.75,30505.75,14096
2026-07-01T01:45:00+05:30,30505.5,30513.25,30494,30504.25,4064
2026-07-01T02:00:00+05:30,30504,30510.5,30491.75,30496,1758
2026-07-01T02:15:00+05:30,30495.75,30503,30484.75,30500.75,1723
2026-07-01T03:30:00+05:30,30505.75,30528.5,30492.25,30516.25,2389
2026-07-01T03:45:00+05:30,30515,30536,30514.5,30532.75,848
2026-07-01T04:00:00+05:30,30531.25,30531.5,30506.5,30517,1007
2026-07-01T04:15:00+05:30,30515.25,30516.25,30497.5,30510,869
2026-07-01T04:30:00+05:30,30511.5,30540.25,30509.75,30522.5,1262
2026-07-01T04:45:00+05:30,30523.5,30540,30517.5,30526,832
2026-07-01T05:00:00+05:30,30525.25,30543.5,30522,30528.5,830
2026-07-01T05:15:00+05:30,30529.5,30543.25,30516.25,30534,1068
2026-07-01T05:30:00+05:30,30535.25,30553.75,30514.75,30528.25,2945
2026-07-01T05:45:00+05:30,30531,30540.75,30507,30536.5,1977
2026-07-01T06:00:00+05:30,30536.75,30549.25,30527.5,30538,1357
2026-07-01T06:15:00+05:30,30539.75,30547,30523.75,30524,897
2026-07-01T06:30:00+05:30,30523.75,30530.25,30471.75,30497.25,2726
2026-07-01T06:45:00+05:30,30500,30506.75,30466.75,30486,2698
2026-07-01T07:00:00+05:30,30486.5,30504,30468,30474.75,1944
2026-07-01T07:15:00+05:30,30474.75,30483,30450.5,30453.5,1844
2026-07-01T07:30:00+05:30,30453.5,30456.25,30386.5,30392.5,2758
2026-07-01T07:45:00+05:30,30391.25,30423,30367.75,30421,2371
2026-07-01T08:00:00+05:30,30421.25,30446,30408.25,30440,1590
2026-07-01T08:15:00+05:30,30440.75,30442.5,30424.75,30438.5,827
2026-07-01T08:30:00+05:30,30438.5,30465,30432.75,30462.25,1158
2026-07-01T08:45:00+05:30,30461.75,30466,30429.5,30437.25,1268
2026-07-01T09:00:00+05:30,30439.5,30468,30431.75,30448.75,1127
2026-07-01T09:15:00+05:30,30450.25,30477.75,30449.75,30467,809
2026-07-01T09:30:00+05:30,30467.25,30467.5,30433.25,30437,1024
2026-07-01T09:45:00+05:30,30436.5,30456,30429,30451,997
2026-07-01T10:00:00+05:30,30452.25,30460.75,30432.75,30451.25,684
2026-07-01T10:15:00+05:30,30454.25,30474.5,30441.5,30443.5,882
2026-07-01T10:30:00+05:30,30445.75,30463,30435.5,30446.5,675
2026-07-01T10:45:00+05:30,30444.25,30450.75,30429.25,30436.75,867
2026-07-01T11:00:00+05:30,30436,30452.25,30422.25,30436.5,1007
2026-07-01T11:15:00+05:30,30435.5,30445.25,30424,30429.5,599
2026-07-01T11:30:00+05:30,30430,30444,30405,30408.25,2052
2026-07-01T11:45:00+05:30,30408,30416.5,30364.5,30395,2952
2026-07-01T12:00:00+05:30,30396,30410,30383.5,30407.25,1637
2026-07-01T12:15:00+05:30,30407.25,30419.75,30381,30391.5,1755
2026-07-01T12:30:00+05:30,30391.75,30394.75,30328,30334.25,3518
2026-07-01T12:45:00+05:30,30334,30358.5,30299,30350,3335
2026-07-01T13:00:00+05:30,30350,30369.25,30345,30356,1510
2026-07-01T13:15:00+05:30,30357.25,30383.75,30348,30374,1608
2026-07-01T13:30:00+05:30,30374.75,30376.75,30333.75,30358.5,2382
2026-07-01T13:45:00+05:30,30357,30367.25,30321.75,30331,1548
2026-07-01T14:00:00+05:30,30330.25,30366.25,30317.5,30359,1342
2026-07-01T14:15:00+05:30,30358,30378,30345.5,30377,768
2026-07-01T14:30:00+05:30,30376.25,30377.75,30338.75,30349.5,1181
2026-07-01T14:45:00+05:30,30349.25,30363.75,30344,30354.5,682
2026-07-01T15:00:00+05:30,30354.5,30365,30347.5,30359,359
2026-07-01T15:15:00+05:30,30359.25,30386.25,30359,30385,822
2026-07-01T15:30:00+05:30,30384.75,30389.75,30351.75,30361.25,1363
2026-07-01T15:45:00+05:30,30363.5,30397.5,30360,30395,1213
2026-07-01T16:00:00+05:30,30394.5,30401,30364.25,30387.25,1563
2026-07-01T16:15:00+05:30,30386.75,30414.5,30384,30407.75,1233
2026-07-01T16:30:00+05:30,30406.75,30435.25,30406.75,30413,1916
2026-07-01T16:45:00+05:30,30414.25,30419.75,30396.25,30398.75,1338
2026-07-01T17:00:00+05:30,30399,30402,30373.75,30396.75,1821
2026-07-01T17:15:00+05:30,30395.75,30396.75,30355,30362.75,1831
2026-07-01T17:30:00+05:30,30363,30373.75,30332.5,30358.25,2331
2026-07-01T17:45:00+05:30,30359.75,30387.75,30359.75,30369.5,2226
2026-07-01T18:00:00+05:30,30368.5,30395,30243.75,30271.5,12346
2026-07-01T18:15:00+05:30,30271.5,30287.25,30233.25,30268.75,8266
2026-07-01T18:30:00+05:30,30267.75,30307,30240,30254.25,6070
2026-07-01T18:45:00+05:30,30254.5,30314.5,30213,30235.5,9895
2026-07-01T19:00:00+05:30,30235.75,30260,30087.75,30141.25,49146
2026-07-01T19:15:00+05:30,30141.75,30285,30111.75,30283.75,27946
2026-07-01T19:30:00+05:30,30280,30327.25,30244.25,30287.5,20562
2026-07-01T19:45:00+05:30,30287,30314.75,30250.75,30284.75,14329
2026-07-01T20:00:00+05:30,30284.5,30289.25,30202,30202,19889
2026-07-01T20:15:00+05:30,30201.75,30242.25,30137.25,30192.25,20038
2026-07-01T20:30:00+05:30,30193,30271,30186,30261.75,16110
2026-07-01T20:45:00+05:30,30262.25,30346,30262.25,30343.25,14875
2026-07-01T21:00:00+05:30,30342.5,30356.5,30278.25,30291.25,12004
2026-07-01T21:15:00+05:30,30291.5,30296.5,30228,30254.75,11371
2026-07-01T21:30:00+05:30,30255,30278.25,30223.25,30242.25,8720
2026-07-01T21:45:00+05:30,30241.25,30284.25,30217.25,30245.75,7934
2026-07-01T22:00:00+05:30,30245.75,30263,30201.75,30223.75,7290
2026-07-01T22:15:00+05:30,30223.25,30241.5,30172.75,30190.25,8744
2026-07-01T22:30:00+05:30,30190,30217.5,30152.25,30198,9772
2026-07-01T22:45:00+05:30,30197.5,30240.5,30188.25,30210,7257
2026-07-01T23:00:00+05:30,30209.25,30223.5,30184.5,30188.25,6224
2026-07-01T23:15:00+05:30,30189.25,30207.5,30157.5,30163.75,7154
2026-07-01T23:30:00+05:30,30164.25,30190,30153.5,30155.5,6345
2026-07-01T23:45:00+05:30,30155,30182.25,30137.75,30159.5,7175
2026-07-02T00:00:00+05:30,30158.75,30174.75,30132.5,30145.25,6424
2026-07-02T00:15:00+05:30,30145.25,30145.5,30099,30132.75,9303
2026-07-02T00:30:00+05:30,30132.75,30217,30127.25,30186.75,10947
2026-07-02T00:45:00+05:30,30187.25,30210.75,30168,30190,7690
2026-07-02T01:00:00+05:30,30190,30231.5,30134.25,30143.25,10746
2026-07-02T01:15:00+05:30,30143.5,30161.75,30054,30080.75,29802
2026-07-02T01:30:00+05:30,30080.75,30086.25,30008.5,30060.75,16896
2026-07-02T01:45:00+05:30,30060.25,30065.25,30026.25,30052.5,3254
2026-07-02T02:00:00+05:30,30052.5,30057.75,30020.5,30051.75,2473
2026-07-02T02:15:00+05:30,30052.75,30075,30041.5,30064.25,1772
2026-07-02T03:30:00+05:30,30089.75,30109.75,30052.25,30052.25,2167
2026-07-02T03:45:00+05:30,30054.5,30102.5,30051.5,30094.75,1300
2026-07-02T04:00:00+05:30,30095,30113,30091.75,30102.75,1151
2026-07-02T04:15:00+05:30,30104.75,30118,30081.25,30107.25,1127
2026-07-02T04:30:00+05:30,30108.25,30111,30060.75,30063.5,1367
2026-07-02T04:45:00+05:30,30063,30069,30054,30067.25,1011
2026-07-02T05:00:00+05:30,30068.75,30075.25,30041.5,30071.75,1236
2026-07-02T05:15:00+05:30,30073.75,30073.75,30010.25,30042.75,1823
2026-07-02T05:30:00+05:30,30046,30046,29952.5,29998.75,4263
2026-07-02T05:45:00+05:30,30002,30068,29975.75,30062.5,2370
2026-07-02T06:00:00+05:30,30063.25,30080.75,30011,30013,2080
2026-07-02T06:15:00+05:30,30012.25,30117.25,30006.5,30110.25,2588
2026-07-02T06:30:00+05:30,30110.5,30191,30098,30186.75,2834
2026-07-02T06:45:00+05:30,30186.5,30205.25,30166.25,30194.25,1962
2026-07-02T07:00:00+05:30,30195.25,30229,30189.25,30215,1855
2026-07-02T07:15:00+05:30,30214,30226.75,30197,30203.75,1246
2026-07-02T07:30:00+05:30,30203.75,30230.25,30190,30228.5,1509
2026-07-02T07:45:00+05:30,30230,30239.5,30185.5,30191,1524
2026-07-02T08:00:00+05:30,30193.25,30218,30180.75,30208.25,1336
2026-07-02T08:15:00+05:30,30209.25,30230,30191.25,30207.5,1334
2026-07-02T08:30:00+05:30,30208.25,30212.75,30158.25,30178,1370
2026-07-02T08:45:00+05:30,30177.75,30185,30134.5,30151,1336
2026-07-02T09:00:00+05:30,30151.25,30197,30145,30158,1590
2026-07-02T09:15:00+05:30,30157.75,30185,30138.25,30172,1131
2026-07-02T09:30:00+05:30,30173.5,30188.25,30127.25,30127.5,997
2026-07-02T09:45:00+05:30,30127.5,30141.75,30102.75,30135.5,1276
2026-07-02T10:00:00+05:30,30134.5,30135.75,30064.25,30068.75,1707
2026-07-02T10:15:00+05:30,30066,30122.25,30050,30111.25,1670
2026-07-02T10:30:00+05:30,30114,30154.25,30094.25,30145.5,1691
2026-07-02T10:45:00+05:30,30145.5,30159.75,30112.75,30115.5,1320
2026-07-02T11:00:00+05:30,30115.75,30116.75,30047,30053.5,2197
2026-07-02T11:15:00+05:30,30053.75,30073,30037.25,30051,1756
2026-07-02T11:30:00+05:30,30052,30066,29954.5,29954.5,2986
2026-07-02T11:45:00+05:30,29954,29995,29947,29952.75,2429
2026-07-02T12:00:00+05:30,29953.75,30007.5,29953.75,29971.75,1604
2026-07-02T12:15:00+05:30,29975,29978,29895,29919.75,3875
2026-07-02T12:30:00+05:30,29921.25,29937.5,29832.25,29833,3603
2026-07-02T12:45:00+05:30,29836.75,29872.75,29826.25,29863.75,2460
2026-07-02T13:00:00+05:30,29866,29943.5,29858.75,29939.5,2739
2026-07-02T13:15:00+05:30,29939.75,29944.5,29884.5,29891.25,1888
2026-07-02T13:30:00+05:30,29893.5,29927,29827.25,29841,2702
2026-07-02T13:45:00+05:30,29844.25,29941.75,29839.25,29926.25,1774
2026-07-02T14:00:00+05:30,29924.5,30014.5,29916.25,29980.75,3189
2026-07-02T14:15:00+05:30,29982,30038.25,29970.25,30033,2065
2026-07-02T14:30:00+05:30,30032.75,30033.5,29961,29984,1852
2026-07-02T14:45:00+05:30,29984.5,29987.25,29943.5,29983.25,1705
2026-07-02T15:00:00+05:30,29982.5,30015,29978,29998.75,1776
2026-07-02T15:15:00+05:30,29998.25,29998.25,29952,29957.75,1062
2026-07-02T15:30:00+05:30,29959.5,29959.75,29920,29934.5,1628
2026-07-02T15:45:00+05:30,29932,29961.25,29924.25,29948,1001
2026-07-02T16:00:00+05:30,29948,30005.5,29948,29978.5,2139
2026-07-02T16:15:00+05:30,29979.25,30008.5,29972,30005.75,1103
2026-07-02T16:30:00+05:30,30005.25,30021.5,29967.5,30007,2735
2026-07-02T16:45:00+05:30,30005.75,30014,29967,30005.75,1624
2026-07-02T17:00:00+05:30,30006,30064.75,29990.75,30057.5,2477
2026-07-02T17:15:00+05:30,30058,30079,30034,30034.25,2808
2026-07-02T17:30:00+05:30,30035.25,30140.75,30022.25,30131.25,3467
2026-07-02T17:45:00+05:30,30131.75,30190.25,30127.25,30182.75,3763
2026-07-02T18:00:00+05:30,30183,30320,30175,30241.5,12714
2026-07-02T18:15:00+05:30,30242.5,30265.25,30155,30182.75,6588
2026-07-02T18:30:00+05:30,30185,30215,30118,30142,7467
2026-07-02T18:45:00+05:30,30141.5,30184,30073.5,30076.25,7531
2026-07-02T19:00:00+05:30,30076.25,30188.75,30007.75,30124.25,38183
2026-07-02T19:15:00+05:30,30127,30263,30102,30257.75,24267
2026-07-02T19:30:00+05:30,30258,30293.5,30131.5,30215.5,21047
2026-07-02T19:45:00+05:30,30216.25,30226.5,29910.75,29935,30097
2026-07-02T20:00:00+05:30,29935,30006.25,29777,29809.5,33576
2026-07-02T20:15:00+05:30,29810,29868.25,29730.75,29840.25,23680
2026-07-02T20:30:00+05:30,29840.25,29852,29629,29716.5,23102
2026-07-02T20:45:00+05:30,29718.75,29748.25,29610.75,29672.5,19645
2026-07-02T21:00:00+05:30,29671,29817.25,29667.75,29711.75,15804
2026-07-02T21:15:00+05:30,29710,29747.75,29636.25,29676,14103
2026-07-02T21:30:00+05:30,29676.75,29688.25,29585,29646.75,15343
2026-07-02T21:45:00+05:30,29649.25,29653.25,29548,29558.75,13269
2026-07-02T22:00:00+05:30,29559,29563.25,29453.25,29539,20048
2026-07-02T22:15:00+05:30,29537,29542.5,29434,29462.25,13035
2026-07-02T22:30:00+05:30,29461,29482.5,29387.5,29454,15991
2026-07-02T22:45:00+05:30,29453.75,29482.75,29421.75,29447.5,9916
2026-07-02T23:00:00+05:30,29447.75,29473.25,29355.75,29404.75,11781
2026-07-02T23:15:00+05:30,29405.5,29408.5,29328.5,29338.5,10450
2026-07-02T23:30:00+05:30,29339.5,29503.25,29330.5,29459.25,15320
2026-07-02T23:45:00+05:30,29460.75,29489.25,29409.75,29488,10663
2026-07-03T00:00:00+05:30,29487.75,29525,29464.25,29481,9728
2026-07-03T00:15:00+05:30,29480.75,29528,29439.25,29489,11262
2026-07-03T00:30:00+05:30,29488.75,29503.25,29381.5,29413,12087
2026-07-03T00:45:00+05:30,29412.5,29445,29349.5,29421.75,10075
2026-07-03T01:00:00+05:30,29422.5,29475.5,29412,29454.25,11149
2026-07-03T01:15:00+05:30,29454.5,29588,29432,29538.25,29607
2026-07-03T01:30:00+05:30,29538,29553,29514,29545.5,11793
2026-07-03T01:45:00+05:30,29546.25,29561.75,29533,29548,3317
2026-07-03T02:00:00+05:30,29549.5,29564.75,29537.75,29541.75,2017
2026-07-03T02:15:00+05:30,29542.25,29558.75,29536.25,29551.75,1837
2026-07-03T03:30:00+05:30,29566,29591.5,29559.25,29580.25,1156
2026-07-03T03:45:00+05:30,29581,29598,29576.75,29578.5,767
2026-07-03T04:00:00+05:30,29578.25,29621.5,29568,29620.5,1196
2026-07-03T04:15:00+05:30,29620.5,29622.25,29609.5,29618.75,444
2026-07-03T04:30:00+05:30,29615.75,29617.25,29553.75,29558.5,1376
2026-07-03T04:45:00+05:30,29560.5,29608,29552,29602,1516
2026-07-03T05:00:00+05:30,29600,29618.75,29571.25,29571.25,1189
2026-07-03T05:15:00+05:30,29573,29610.5,29565.5,29600.5,855
2026-07-03T05:30:00+05:30,29598.75,29638.75,29541,29617,2575
2026-07-03T05:45:00+05:30,29615,29621.25,29558,29561.5,1442
2026-07-03T06:00:00+05:30,29561.25,29601.5,29534,29554.5,1463
2026-07-03T06:15:00+05:30,29552.75,29572.25,29522,29536.5,1220
2026-07-03T06:30:00+05:30,29539.5,29697.5,29535.25,29673,2968
2026-07-03T06:45:00+05:30,29673.5,29680.5,29646.5,29655,1108
2026-07-03T07:00:00+05:30,29655,29683.25,29643.25,29675,1124
2026-07-03T07:15:00+05:30,29675.75,29699.5,29659.75,29682.5,1640
2026-07-03T07:30:00+05:30,29684.75,29716.5,29680.5,29695,1207
2026-07-03T07:45:00+05:30,29695.5,29732,29693.5,29729.75,903
2026-07-03T08:00:00+05:30,29728,29732,29706.25,29723.75,880
2026-07-03T08:15:00+05:30,29725.5,29755.75,29724.75,29750.75,1058
2026-07-03T08:30:00+05:30,29749.75,29755.25,29730.75,29746.25,920
2026-07-03T08:45:00+05:30,29746.75,29761.75,29742,29761,574
2026-07-03T09:00:00+05:30,29760.75,29775.25,29720,29723,1148
2026-07-03T09:15:00+05:30,29722.5,29769.75,29717.75,29767.5,1027
2026-07-03T09:30:00+05:30,29769.25,29786.75,29764,29785.5,822
2026-07-03T09:45:00+05:30,29785.75,29803.25,29782.5,29802,1216
2026-07-03T10:00:00+05:30,29804,29814.25,29786.75,29806.25,1063
2026-07-03T10:15:00+05:30,29807,29820,29791.5,29802.25,963
2026-07-03T10:30:00+05:30,29803.75,29834.25,29789.25,29822.25,2166
2026-07-03T10:45:00+05:30,29823,29826.5,29794.5,29809.75,1089
2026-07-03T11:00:00+05:30,29808.75,29841.5,29804.75,29819.75,1187
2026-07-03T11:15:00+05:30,29820.75,29828.25,29807.5,29825.25,903
2026-07-03T11:30:00+05:30,29826.25,29888,29821,29872,3792
2026-07-03T11:45:00+05:30,29871,29878,29843.25,29868.5,1256
2026-07-03T12:00:00+05:30,29867.75,29873.75,29851.25,29856.25,1471
2026-07-03T12:15:00+05:30,29855.5,29859.25,29833.5,29840.75,956
2026-07-03T12:30:00+05:30,29842,29854.25,29825.75,29836.75,1169
2026-07-03T12:45:00+05:30,29835.75,29867.5,29834.25,29860,1058
2026-07-03T13:00:00+05:30,29860.25,29869,29836.75,29837.5,927
2026-07-03T13:15:00+05:30,29837.75,29858.75,29835.5,29846,501
2026-07-03T13:30:00+05:30,29845.25,29861,29832.75,29840.75,742
2026-07-03T13:45:00+05:30,29838.5,29854.25,29836.5,29846,647
2026-07-03T14:00:00+05:30,29844,29873.25,29834.25,29870,836
2026-07-03T14:15:00+05:30,29870.5,29870.5,29831.25,29848.5,909
2026-07-03T14:30:00+05:30,29848.75,29878,29827.75,29877.25,843
2026-07-03T14:45:00+05:30,29878,29893,29866.5,29887.25,1328
2026-07-03T15:00:00+05:30,29887.25,29900.25,29870,29895.75,848
2026-07-03T15:15:00+05:30,29895.75,29899,29867.75,29870.5,711
2026-07-03T15:30:00+05:30,29869.75,29883.25,29856,29879,475
2026-07-03T15:45:00+05:30,29879.25,29880.5,29864.5,29876.5,249
2026-07-03T16:00:00+05:30,29878.75,29892.5,29865,29892.5,1104
2026-07-03T16:15:00+05:30,29893.25,29894.5,29879,29879.5,364
2026-07-03T16:30:00+05:30,29880.75,29890.75,29868,29886,478
2026-07-03T16:45:00+05:30,29888,29889.5,29866.75,29873.25,401
2026-07-03T17:00:00+05:30,29873.5,29890,29870,29875.5,604
2026-07-03T17:15:00+05:30,29874.75,29908,29874.75,29903.25,845
2026-07-03T17:30:00+05:30,29902.75,29924.25,29881,29887.25,1773
2026-07-03T17:45:00+05:30,29885,29896,29875.5,29885.5,454
2026-07-03T18:00:00+05:30,29885.25,29894.5,29877.75,29884.25,451
2026-07-03T18:15:00+05:30,29885,29904.5,29884.5,29903,660
2026-07-03T18:30:00+05:30,29902.5,29918.5,29886.75,29889.25,1365
2026-07-03T18:45:00+05:30,29890.25,29924.25,29888.5,29920,1518
2026-07-03T19:00:00+05:30,29921,29955.25,29903.5,29929,5241
2026-07-03T19:15:00+05:30,29930.5,29944,29913.75,29940,2291
2026-07-03T19:30:00+05:30,29940,29946.25,29898.5,29901,2277
2026-07-03T19:45:00+05:30,29901.25,29924.25,29888.5,29907.5,2550
2026-07-03T20:00:00+05:30,29907.75,29928,29899.5,29905.25,1743
2026-07-03T20:15:00+05:30,29905.5,29929,29900.25,29918.5,1199
2026-07-03T20:30:00+05:30,29919,29922.5,29902,29911.25,1379
2026-07-03T20:45:00+05:30,29911,29925,29897.75,29899.25,1060
2026-07-03T21:00:00+05:30,29900,29904.75,29884.5,29895,1439
2026-07-03T21:15:00+05:30,29895.75,29913,29892,29906,893
2026-07-03T21:30:00+05:30,29907.25,29907.75,29894.5,29894.5,606
2026-07-03T21:45:00+05:30,29896.25,29915.5,29895.25,29900.5,838
2026-07-03T22:00:00+05:30,29901.5,29925,29890.75,29922,937
2026-07-03T22:15:00+05:30,29921.5,29923.5,29896.75,29901.75,1304
2026-07-06T03:30:00+05:30,29930.25,29979.5,29860.75,29901.5,3406
2026-07-06T03:45:00+05:30,29899.5,29948.75,29890,29936,2022
2026-07-06T04:00:00+05:30,29936.75,29973.25,29934,29971,1830
2026-07-06T04:15:00+05:30,29969.75,29979,29941.5,29946,1388
2026-07-06T04:30:00+05:30,29946.5,30008.25,29926.5,29990.25,2635
2026-07-06T04:45:00+05:30,29988,30003.75,29975.75,29985.25,1088
2026-07-06T05:00:00+05:30,29983.5,30011.25,29970.75,29976,1358
2026-07-06T05:15:00+05:30,29974.5,30005.75,29963.75,29983.75,1621
2026-07-06T05:30:00+05:30,29987.75,29988.75,29900,29982.75,3493
2026-07-06T05:45:00+05:30,29982.5,30004.75,29879.75,29882.75,2766
2026-07-06T06:00:00+05:30,29882.25,29944.5,29845,29933.75,3177
2026-07-06T06:15:00+05:30,29937.5,29969.75,29914.5,29928.25,2216
2026-07-06T06:30:00+05:30,29926.5,29932,29867.25,29880,2437
2026-07-06T06:45:00+05:30,29879.75,29893.5,29773.75,29814.25,3735
2026-07-06T07:00:00+05:30,29813.25,29855.25,29807,29817.25,2115
2026-07-06T07:15:00+05:30,29816.25,29816.25,29750,29792.75,3072
2026-07-06T07:30:00+05:30,29793.25,29818.75,29754.5,29759.5,2811
2026-07-06T07:45:00+05:30,29761.25,29791.75,29735,29736.25,2673
2026-07-06T08:00:00+05:30,29737,29747.5,29693.5,29699.25,2497
2026-07-06T08:15:00+05:30,29700.5,29732,29683,29725.25,2072
2026-07-06T08:30:00+05:30,29726.5,29785.5,29716.75,29771,2506
2026-07-06T08:45:00+05:30,29772,29790.5,29748,29788,1370
2026-07-06T09:00:00+05:30,29789.5,29806.5,29738,29740.5,2177
2026-07-06T09:15:00+05:30,29740.25,29748.5,29693.25,29730.25,2555
2026-07-06T09:30:00+05:30,29730.25,29778,29703,29774.75,1992
2026-07-06T09:45:00+05:30,29771.5,29801,29769,29794.75,1474
2026-07-06T10:00:00+05:30,29795.5,29836,29788.5,29828.5,1453
2026-07-06T10:15:00+05:30,29826.75,29840.5,29813,29828.25,977
2026-07-06T10:30:00+05:30,29829.5,29830.5,29792.75,29807.25,984
2026-07-06T10:45:00+05:30,29809.25,29818.5,29767.75,29769.5,1044
2026-07-06T11:00:00+05:30,29770,29799,29752.5,29788.25,1189
2026-07-06T11:15:00+05:30,29789.5,29801.5,29766.25,29790.5,805
2026-07-06T11:30:00+05:30,29791.5,29807.5,29754.75,29759.75,1089
2026-07-06T11:45:00+05:30,29760.75,29797,29755.25,29790.5,871
2026-07-06T12:00:00+05:30,29789,29858.25,29784.5,29854.5,2167
2026-07-06T12:15:00+05:30,29855,29855.5,29832.5,29847.25,1030
2026-07-06T12:30:00+05:30,29846.25,29862.75,29829.75,29848,1206
2026-07-06T12:45:00+05:30,29850.5,29863.75,29817.75,29820.25,924
2026-07-06T13:00:00+05:30,29822,29876.25,29816.25,29872.75,846
2026-07-06T13:15:00+05:30,29870.5,29875.25,29851.25,29852.5,606
2026-07-06T13:30:00+05:30,29852.75,29884,29803.5,29821.75,1863
2026-07-06T13:45:00+05:30,29824.25,29833.25,29780,29833.25,1140
2026-07-06T14:00:00+05:30,29831,29853,29807.75,29843.25,939
2026-07-06T14:15:00+05:30,29845.75,29870.75,29838.5,29867,725
2026-07-06T14:30:00+05:30,29869.75,29875,29844,29853.75,952
2026-07-06T14:45:00+05:30,29853.75,29869.75,29850,29863.5,606
2026-07-06T15:00:00+05:30,29864.75,29867,29839,29849.75,591
2026-07-06T15:15:00+05:30,29849.75,29888.5,29827.5,29877,1293
2026-07-06T15:30:00+05:30,29878,29891.5,29852.25,29878.5,998
2026-07-06T15:45:00+05:30,29878.5,29884.75,29860.75,29864.75,628
2026-07-06T16:00:00+05:30,29864,29885,29854.25,29857,721
2026-07-06T16:15:00+05:30,29856,29884.5,29847.25,29884.5,744
2026-07-06T16:30:00+05:30,29884.25,29896,29841.75,29857.75,1437
2026-07-06T16:45:00+05:30,29858.25,29891.75,29854.75,29880.75,1223
2026-07-06T17:00:00+05:30,29879.5,29897.5,29871,29882.75,1246
2026-07-06T17:15:00+05:30,29883.25,29915,29876.25,29877.75,1937
2026-07-06T17:30:00+05:30,29879,29936,29865.5,29931.5,2931
2026-07-06T17:45:00+05:30,29932.25,29936,29876.25,29893.25,2494
2026-07-06T18:00:00+05:30,29893.5,29924.5,29886.75,29900.5,2166
2026-07-06T18:15:00+05:30,29900.5,29935,29898.75,29934,1673
2026-07-06T18:30:00+05:30,29934.75,29938,29855.25,29858,3908
2026-07-06T18:45:00+05:30,29859.25,29865,29820.25,29834.75,6325
2026-07-06T19:00:00+05:30,29835.75,29939.25,29776.25,29921.5,32732
2026-07-06T19:15:00+05:30,29917,30009,29896,29932.5,26457
2026-07-06T19:30:00+05:30,29935.5,30027.75,29903.25,30021.75,19539
2026-07-06T19:45:00+05:30,30021.75,30042.5,29986.75,30012.75,15550
2026-07-06T20:00:00+05:30,30013.25,30057.25,29988,30037.75,14286
2026-07-06T20:15:00+05:30,30037.5,30067.5,29986.75,30025.25,13110
2026-07-06T20:30:00+05:30,30025.75,30044,29959,29984,12377
2026-07-06T20:45:00+05:30,29984,30062.75,29941.25,30061.25,13325
2026-07-06T21:00:00+05:30,30061,30079,30031.5,30070,11247
2026-07-06T21:15:00+05:30,30070.25,30083.75,30049.25,30074.25,7626
2026-07-06T21:30:00+05:30,30074,30094,30053.5,30070.5,7860
2026-07-06T21:45:00+05:30,30071.25,30078.25,30024.75,30032.25,7580
2026-07-06T22:00:00+05:30,30033.75,30044.25,30002.75,30016.5,7965
2026-07-06T22:15:00+05:30,30017.25,30038.5,29981,29990,8037
2026-07-06T22:30:00+05:30,29989,30036.75,29975.25,30019,8159
2026-07-06T22:45:00+05:30,30019.25,30032,29948,29954.75,8717
2026-07-06T23:00:00+05:30,29955.5,29960.5,29882.25,29904.75,12975
2026-07-06T23:15:00+05:30,29904.5,29936,29882.75,29896.75,9596
2026-07-06T23:30:00+05:30,29896.25,29967.5,29895.5,29949.25,9976
2026-07-06T23:45:00+05:30,29950,30000,29950,29971.75,8890
2026-07-07T00:00:00+05:30,29971.75,29984.25,29948.5,29978,7200
2026-07-07T00:15:00+05:30,29978,30004,29973.75,29990,6053
2026-07-07T00:30:00+05:30,29990.75,30025,29980.75,30011.25,7610
2026-07-07T00:45:00+05:30,30011.5,30052,30004.5,30035.5,7638
2026-07-07T01:00:00+05:30,30035.75,30038,29996.25,30024,9646
2026-07-07T01:15:00+05:30,30023.75,30036.25,29931.5,29951.75,26277
2026-07-07T01:30:00+05:30,29951.25,29972.75,29933,29964,9040
2026-07-07T01:45:00+05:30,29963.25,29970,29950.5,29959.5,1999
2026-07-07T02:00:00+05:30,29960,29965.5,29952.5,29955.75,1332
2026-07-07T02:15:00+05:30,29955.25,29959.25,29931.25,29947.75,1868
2026-07-07T03:30:00+05:30,29960,29970,29940.25,29964.25,1422
2026-07-07T03:45:00+05:30,29966.5,29973.75,29950.75,29951.75,839
2026-07-07T04:00:00+05:30,29951.25,29970,29942.75,29950,1143
2026-07-07T04:15:00+05:30,29949.75,29950.25,29889,29894.75,1878
2026-07-07T04:30:00+05:30,29893.5,29928.75,29891.75,29907,1199
2026-07-07T04:45:00+05:30,29906,29906.5,29872.75,29897.5,1531
2026-07-07T05:00:00+05:30,29897.25,29906,29864.75,29874.75,1388
2026-07-07T05:15:00+05:30,29874.75,29875.5,29839.25,29852.25,2309
2026-07-07T05:30:00+05:30,29851,29881,29825.75,29826.5,2434
2026-07-07T05:45:00+05:30,29829,29914.25,29816.25,29878.75,3259
2026-07-07T06:00:00+05:30,29879.5,29886.75,29808.25,29831.75,2666
2026-07-07T06:15:00+05:30,29831.25,29856.75,29808.25,29816.75,2138
2026-07-07T06:30:00+05:30,29819.75,29835.75,29800,29802.5,1950
2026-07-07T06:45:00+05:30,29805.75,29814.25,29726.5,29740,3282
2026-07-07T07:00:00+05:30,29739.25,29789.75,29716.5,29788.5,2782
2026-07-07T07:15:00+05:30,29789.25,29822,29768.5,29773,2166
2026-07-07T07:30:00+05:30,29774.25,29816.5,29767.25,29806.5,1457
2026-07-07T07:45:00+05:30,29806.25,29819.25,29769.75,29772.75,1228
2026-07-07T08:00:00+05:30,29771.5,29780.25,29738.75,29779.5,1962
2026-07-07T08:15:00+05:30,29780,29780,29744.25,29748,1531
2026-07-07T08:30:00+05:30,29748,29784.75,29741.5,29758,1342
2026-07-07T08:45:00+05:30,29757.5,29761,29680,29684.25,3631
2026-07-07T09:00:00+05:30,29685.25,29709,29662,29664.75,2727
2026-07-07T09:15:00+05:30,29663.75,29675.5,29628.25,29668.25,2896
2026-07-07T09:30:00+05:30,29670,29680,29638,29638.5,1917
2026-07-07T09:45:00+05:30,29639,29646.25,29616,29639,1471
2026-07-07T10:00:00+05:30,29640,29656.75,29621.5,29633.75,1259
2026-07-07T10:15:00+05:30,29633.75,29639.5,29607.5,29625.5,1188
2026-07-07T10:30:00+05:30,29626.25,29627,29585.25,29587.5,1447
2026-07-07T10:45:00+05:30,29585.5,29607.5,29558.5,29590,2480
2026-07-07T11:00:00+05:30,29591.75,29665,29591.75,29660.75,2571
2026-07-07T11:15:00+05:30,29659.5,29704.5,29646,29689.75,2285
2026-07-07T11:30:00+05:30,29688.75,29701.25,29631.25,29641.5,2075
2026-07-07T11:45:00+05:30,29643,29674,29641.5,29663,1578
2026-07-07T12:00:00+05:30,29662,29684,29647,29684,1385
2026-07-07T12:15:00+05:30,29683.5,29693.25,29663.25,29688.75,1144
2026-07-07T12:30:00+05:30,29689,29724,29667.75,29718,2772
2026-07-07T12:45:00+05:30,29717.5,29744,29711.75,29717,2057
2026-07-07T13:00:00+05:30,29715.5,29723,29693,29693.25,1130
2026-07-07T13:15:00+05:30,29693.25,29700,29644,29645.5,2306
2026-07-07T13:30:00+05:30,29646.75,29695.75,29641.25,29687.75,2186
2026-07-07T13:45:00+05:30,29687.75,29709.25,29682,29691.75,1240
2026-07-07T14:00:00+05:30,29692.25,29705,29671.75,29682.5,1069
2026-07-07T14:15:00+05:30,29683,29696.25,29658.5,29660.25,994
2026-07-07T14:30:00+05:30,29660.75,29690.5,29642.5,29687,1649
2026-07-07T14:45:00+05:30,29688.25,29693.5,29655.25,29655.5,569
2026-07-07T15:00:00+05:30,29658.25,29660.75,29628.25,29650,2279
2026-07-07T15:15:00+05:30,29649.75,29665.5,29622.5,29662.25,1033
2026-07-07T15:30:00+05:30,29663.25,29689.5,29639.5,29647.75,3326
2026-07-07T15:45:00+05:30,29649,29689.25,29646.5,29673.5,2906
2026-07-07T16:00:00+05:30,29673.25,29673.5,29643.75,29647,1290
2026-07-07T16:15:00+05:30,29648.25,29659.25,29625.25,29659.25,1494
2026-07-07T16:30:00+05:30,29660.5,29661.75,29602.5,29614.25,2045
2026-07-07T16:45:00+05:30,29613,29651.25,29612,29632,1279
2026-07-07T17:00:00+05:30,29632.5,29632.5,29591.25,29623,1841
2026-07-07T17:15:00+05:30,29621.25,29645.75,29601,29642.5,1769
2026-07-07T17:30:00+05:30,29640.75,29716,29639.25,29704,4404
2026-07-07T17:45:00+05:30,29702.75,29705.75,29658.5,29688,2169
2026-07-07T18:00:00+05:30,29686.5,29708,29664,29686.5,2093
2026-07-07T18:15:00+05:30,29685.25,29687.5,29622,29642.25,3408
2026-07-07T18:30:00+05:30,29642.25,29655.75,29610.5,29641.5,4551
2026-07-07T18:45:00+05:30,29641.25,29652.75,29580,29592.25,6360
2026-07-07T19:00:00+05:30,29593,29685.75,29491.25,29595,44848
2026-07-07T19:15:00+05:30,29594,29596.75,29420.25,29469,31486
2026-07-07T19:30:00+05:30,29468.75,29505.75,29332,29343,30046
2026-07-07T19:45:00+05:30,29342,29378.25,29259.75,29303.25,27463
2026-07-07T20:00:00+05:30,29303.5,29327.75,29210,29239.5,22040
2026-07-07T20:15:00+05:30,29239,29325.75,29232.5,29302.5,20306
2026-07-07T20:30:00+05:30,29302.25,29358,29271.25,29318.25,15927
2026-07-07T20:45:00+05:30,29317,29322.5,29271.75,29314,12551
2026-07-07T21:00:00+05:30,29315,29330,29248.25,29329,12340
2026-07-07T21:15:00+05:30,29329.25,29389.25,29325.25,29386.75,13267
2026-07-07T21:30:00+05:30,29388,29473.75,29377,29466.25,15733
2026-07-07T21:45:00+05:30,29467.25,29548,29450.5,29532,17028
2026-07-07T22:00:00+05:30,29532.25,29558.25,29486.25,29527.75,13296
2026-07-07T22:15:00+05:30,29527.25,29557.75,29502.5,29540,10100
2026-07-07T22:30:00+05:30,29539.5,29580.75,29530,29534.5,11514
2026-07-07T22:45:00+05:30,29533.25,29573.5,29510,29533.75,9191
2026-07-07T23:00:00+05:30,29533.5,29570,29532.5,29561.75,7805
2026-07-07T23:15:00+05:30,29561.25,29568,29528.25,29567.25,6682
2026-07-07T23:30:00+05:30,29567.5,29574.25,29531.25,29547.25,7274
2026-07-07T23:45:00+05:30,29547.5,29561,29509.75,29517,7320
2026-07-08T00:00:00+05:30,29517.5,29531.5,29452.75,29472.75,10730
2026-07-08T00:15:00+05:30,29472.25,29485,29385.25,29391,14674
2026-07-08T00:30:00+05:30,29390.25,29410,29318.5,29333.75,13824
2026-07-08T00:45:00+05:30,29333.75,29335.75,29271,29321.25,13654
2026-07-08T01:00:00+05:30,29320.75,29371.75,29303.75,29310,13229
2026-07-08T01:15:00+05:30,29309.75,29400,29306.5,29395,24752
2026-07-08T01:30:00+05:30,29395.5,29437.25,29387.75,29417.25,11646
2026-07-08T01:45:00+05:30,29417.75,29423.75,29393.25,29415.75,2852
2026-07-08T02:00:00+05:30,29416,29424.75,29413.75,29416.25,1214
2026-07-08T02:15:00+05:30,29416,29423.25,29412.5,29419.5,1438
2026-07-08T03:30:00+05:30,29373.75,29375.75,29319.5,29374.25,2445
2026-07-08T03:45:00+05:30,29376.25,29388,29364.5,29372.75,1110
2026-07-08T04:00:00+05:30,29374,29400,29363.75,29383.25,1335
2026-07-08T04:15:00+05:30,29384.25,29395,29371.75,29382.75,821
2026-07-08T04:30:00+05:30,29382.5,29395,29356,29376,1544
2026-07-08T04:45:00+05:30,29376.75,29406,29373.75,29396.25,1047
2026-07-08T05:00:00+05:30,29396.25,29407,29339,29343.75,1619
2026-07-08T05:15:00+05:30,29345.5,29359.75,29292.5,29300.5,2070
2026-07-08T05:30:00+05:30,29300,29426.5,29266,29414.5,5370
2026-07-08T05:45:00+05:30,29417.75,29477.5,29391.25,29454.5,4166
2026-07-08T06:00:00+05:30,29452.75,29515.75,29407.25,29515.25,3877
2026-07-08T06:15:00+05:30,29517,29547,29512,29543.5,2997
2026-07-08T06:30:00+05:30,29543.75,29558.75,29495,29550,3168
2026-07-08T06:45:00+05:30,29554.75,29554.75,29481.5,29485.25,2525
2026-07-08T07:00:00+05:30,29489,29495.25,29427,29457.75,3058
2026-07-08T07:15:00+05:30,29459.75,29485.25,29427.5,29438,1824
2026-07-08T07:30:00+05:30,29437.75,29443.25,29388,29397.5,2395
2026-07-08T07:45:00+05:30,29397.25,29458.75,29391.5,29421.5,2157
2026-07-08T08:00:00+05:30,29422.25,29456.75,29399.75,29456.25,1638
2026-07-08T08:15:00+05:30,29457,29475,29445.25,29461.25,1296
2026-07-08T08:30:00+05:30,29461.5,29496,29461.25,29487.5,1389
2026-07-08T08:45:00+05:30,29488.5,29519.75,29475.5,29517.5,1446
2026-07-08T09:00:00+05:30,29517.25,29532.25,29481.25,29487.5,1667
2026-07-08T09:15:00+05:30,29487.5,29493.25,29465,29467,924
2026-07-08T09:30:00+05:30,29470,29473.5,29433.25,29442.75,1410
2026-07-08T09:45:00+05:30,29443.75,29464,29428,29442.5,1798
2026-07-08T10:00:00+05:30,29442.75,29446,29391.25,29413.75,1807
2026-07-08T10:15:00+05:30,29408,29422.5,29376.75,29415,1774
2026-07-08T10:30:00+05:30,29417,29447.25,29399.25,29407.5,1308
2026-07-08T10:45:00+05:30,29409,29432,29378.75,29384.5,1128
2026-07-08T11:00:00+05:30,29384,29385.75,29345.75,29353,2226
2026-07-08T11:15:00+05:30,29351.75,29363,29311.75,29347.5,2221
2026-07-08T11:30:00+05:30,29346.75,29363.5,29329.5,29345,2216
2026-07-08T11:45:00+05:30,29343.25,29358.75,29320.25,29324.75,1864
2026-07-08T12:00:00+05:30,29320.25,29332.75,29285,29289.75,1920
2026-07-08T12:15:00+05:30,29288.25,29352.5,29282.25,29329.25,1704
2026-07-08T12:30:00+05:30,29328.25,29335.25,29281.75,29302.5,2157
2026-07-08T12:45:00+05:30,29303,29355,29281,29353,2123
2026-07-08T13:00:00+05:30,29351,29409.5,29346.25,29394.75,2476
2026-07-08T13:15:00+05:30,29395,29404.25,29369,29381,1555
2026-07-08T13:30:00+05:30,29383,29413,29341.25,29411.25,2100
2026-07-08T13:45:00+05:30,29409.25,29414.75,29063.5,29079.75,10275
2026-07-08T14:00:00+05:30,29080,29103.5,28957.25,29019.5,8820
2026-07-08T14:15:00+05:30,29021.75,29099,29002,29009.5,5571
2026-07-08T14:30:00+05:30,29010.75,29034,28912.75,28914.75,5901
2026-07-08T14:45:00+05:30,28914.75,28971.25,28909.75,28961.25,3123
2026-07-08T15:00:00+05:30,28959.25,29011,28954.5,28987.25,3150
2026-07-08T15:15:00+05:30,28988.25,29004.5,28947.25,28957.75,2076
2026-07-08T15:30:00+05:30,28960.75,28986.5,28922.75,28958.25,2680
2026-07-08T15:45:00+05:30,28958.75,29021.75,28948,29020.25,2214
2026-07-08T16:00:00+05:30,29018,29055,28996,29049.5,3003
2026-07-08T16:15:00+05:30,29047.5,29063,29010.5,29018.75,1789
2026-07-08T16:30:00+05:30,29020.75,29028.5,28977,29003,3195
2026-07-08T16:45:00+05:30,29003.25,29012.75,28975.5,28987.25,1354
2026-07-08T17:00:00+05:30,28984.75,29124.75,28973,29085.25,4285
2026-07-08T17:15:00+05:30,29084.25,29114.75,29053,29089.25,3806
2026-07-08T17:30:00+05:30,29088,29184.25,29054.25,29149.5,5617
2026-07-08T17:45:00+05:30,29150.75,29180,29124.75,29177.25,2691
2026-07-08T18:00:00+05:30,29176.75,29192.25,29145.75,29184.25,3264
2026-07-08T18:15:00+05:30,29183.5,29239.5,29151.75,29155,5489
2026-07-08T18:30:00+05:30,29154.75,29221.75,29148,29212.5,5050
2026-07-08T18:45:00+05:30,29212,29230,29154,29202.25,8044
2026-07-08T19:00:00+05:30,29202.75,29385,29201,29347.75,36979
2026-07-08T19:15:00+05:30,29349.5,29399,29287.75,29367.5,22530
2026-07-08T19:30:00+05:30,29366.25,29389.25,29245.75,29271.25,19361
2026-07-08T19:45:00+05:30,29271.75,29373,29235.25,29292.5,19050
2026-07-08T20:00:00+05:30,29292.75,29335.25,29209.25,29252.5,18064
2026-07-08T20:15:00+05:30,29252.25,29297.5,29151,29212,20803
2026-07-08T20:30:00+05:30,29212.25,29224.25,29131,29136.75,11919
2026-07-08T20:45:00+05:30,29138.25,29161.75,29034.5,29057.75,17168
2026-07-08T21:00:00+05:30,29058,29153,29034,29114,15028
2026-07-08T21:15:00+05:30,29113.75,29131,29051.25,29096.25,10847
2026-07-08T21:30:00+05:30,29097.25,29222.25,29092.75,29214.5,13033
2026-07-08T21:45:00+05:30,29216,29303.25,29194.5,29277,13977
2026-07-08T22:00:00+05:30,29275.5,29350,29245.5,29331,16222
2026-07-08T22:15:00+05:30,29331.5,29377,29309.75,29373.25,9902
2026-07-08T22:30:00+05:30,29372.25,29389.75,29335.5,29336.25,9573
2026-07-08T22:45:00+05:30,29336.75,29445.25,29334.75,29440.25,10732
2026-07-08T23:00:00+05:30,29441.5,29457.75,29382.5,29388.5,8511
2026-07-08T23:15:00+05:30,29387.75,29390,29324.25,29352.5,10028
2026-07-08T23:30:00+05:30,29352.25,29429.25,29330,29406,9129
2026-07-08T23:45:00+05:30,29407.25,29418,29369,29372.75,6083
2026-07-09T00:00:00+05:30,29371.75,29417.75,29347.5,29400.75,7755
2026-07-09T00:15:00+05:30,29401.25,29424.25,29380.25,29405.75,6581
2026-07-09T00:30:00+05:30,29405.75,29437.25,29375.75,29395.75,7523
2026-07-09T00:45:00+05:30,29396.25,29438.75,29380,29425.25,6655
2026-07-09T01:00:00+05:30,29425,29433.25,29388.5,29418.25,6681
2026-07-09T01:15:00+05:30,29417,29500,29381,29457.5,22001
2026-07-09T01:30:00+05:30,29457,29468.5,29403.75,29424,8335
2026-07-09T01:45:00+05:30,29424.75,29425,29386.5,29394.25,2762
2026-07-09T02:00:00+05:30,29394.75,29398.25,29353.25,29386.25,3165
2026-07-09T02:15:00+05:30,29385.25,29407.25,29374,29391.25,1881
2026-07-09T03:30:00+05:30,29412,29446,29402.75,29434.75,1872
2026-07-09T03:45:00+05:30,29432.5,29449.25,29404.25,29424.25,975
2026-07-09T04:00:00+05:30,29424.5,29439.5,29407.5,29409,764
2026-07-09T04:15:00+05:30,29409.25,29428.75,29405.5,29425.5,438
2026-07-09T04:30:00+05:30,29424,29457.5,29422.25,29444.75,975
2026-07-09T04:45:00+05:30,29444.25,29444.25,29395,29424.75,1252
2026-07-09T05:00:00+05:30,29421,29487,29400.75,29479.75,2063
2026-07-09T05:15:00+05:30,29479.5,29503.25,29468.25,29491.25,1573
2026-07-09T05:30:00+05:30,29491,29564.5,29491,29562.75,3772
2026-07-09T05:45:00+05:30,29562.5,29567.75,29518.25,29561.75,2694
2026-07-09T06:00:00+05:30,29563.25,29583,29512.5,29519.5,2282
2026-07-09T06:15:00+05:30,29515.75,29562.75,29486.25,29503.5,2522
2026-07-09T06:30:00+05:30,29504.5,29538.25,29462.75,29513.25,2748
2026-07-09T06:45:00+05:30,29514.5,29555.25,29500.5,29529,1685
2026-07-09T07:00:00+05:30,29531.75,29541.25,29506.75,29531,1204
2026-07-09T07:15:00+05:30,29531.5,29537.5,29444.5,29449,2670
2026-07-09T07:30:00+05:30,29450.5,29529.5,29426,29527.5,3046
2026-07-09T07:45:00+05:30,29525.75,29579,29517.25,29533.75,2725
2026-07-09T08:00:00+05:30,29534,29544.25,29460,29462.5,2004
2026-07-09T08:15:00+05:30,29462.25,29467.75,29419,29429.5,2610
2026-07-09T08:30:00+05:30,29430.75,29449.75,29405,29423.25,1930
2026-07-09T08:45:00+05:30,29424,29481.5,29396.5,29480,1571
2026-07-09T09:00:00+05:30,29480.75,29514.5,29474.25,29512.25,1440
2026-07-09T09:15:00+05:30,29510.25,29518,29497,29506.75,773
2026-07-09T09:30:00+05:30,29507.5,29518,29495,29500.5,763
2026-07-09T09:45:00+05:30,29499.75,29518.5,29462.5,29474.5,1056
2026-07-09T10:00:00+05:30,29475,29539,29475,29536.25,1679
2026-07-09T10:15:00+05:30,29536.25,29558.5,29521.5,29554,964
2026-07-09T10:30:00+05:30,29554.75,29597,29508.75,29566.75,2525
2026-07-09T10:45:00+05:30,29567.5,29577.75,29512.5,29515,1642
2026-07-09T11:00:00+05:30,29513.75,29539.5,29474.75,29536.5,1622
2026-07-09T11:15:00+05:30,29537.25,29610,29532.5,29607.75,2093
2026-07-09T11:30:00+05:30,29606.5,29616.5,29572.25,29606.25,2228
2026-07-09T11:45:00+05:30,29603.5,29644.25,29602.5,29628.5,2034
2026-07-09T12:00:00+05:30,29628.5,29637,29597.75,29628.5,1833
2026-07-09T12:15:00+05:30,29627,29632.25,29601.5,29612,1145
2026-07-09T12:30:00+05:30,29613.25,29655.75,29603.75,29654.5,2753
2026-07-09T12:45:00+05:30,29655.75,29667.75,29639.75,29651.75,2077
2026-07-09T13:00:00+05:30,29653.25,29683.25,29640.5,29681.5,1443
2026-07-09T13:15:00+05:30,29682.5,29706.75,29671.25,29686.25,2596
2026-07-09T13:30:00+05:30,29684.75,29734.25,29664,29705.5,2457
2026-07-09T13:45:00+05:30,29705.75,29735.75,29694,29699.25,1596
2026-07-09T14:00:00+05:30,29697,29705.25,29660,29677.5,1778
2026-07-09T14:15:00+05:30,29676.75,29681.5,29643,29661.25,1362
2026-07-09T14:30:00+05:30,29663.5,29669,29629,29639.5,976
2026-07-09T14:45:00+05:30,29641.25,29663.25,29633.5,29650,1023
2026-07-09T15:00:00+05:30,29647.75,29661,29613.75,29621.25,1268
2026-07-09T15:15:00+05:30,29622,29649,29618.25,29644,888
2026-07-09T15:30:00+05:30,29645.5,29656.5,29633.25,29647.75,775
2026-07-09T15:45:00+05:30,29650,29669,29632.25,29650.5,1033
2026-07-09T16:00:00+05:30,29649.5,29660.75,29629,29640.25,962
2026-07-09T16:15:00+05:30,29641.25,29645,29564.5,29600.25,2847
2026-07-09T16:30:00+05:30,29601.75,29626,29579,29610.5,1677
2026-07-09T16:45:00+05:30,29611.25,29643.75,29593.75,29641,2139
2026-07-09T17:00:00+05:30,29641,29690,29626.75,29683.25,2387
2026-07-09T17:15:00+05:30,29684.75,29721.75,29674.25,29696,3597
2026-07-09T17:30:00+05:30,29696.75,29732.75,29681,29715.75,2903
2026-07-09T17:45:00+05:30,29716.25,29755,29704.25,29749.25,2900
2026-07-09T18:00:00+05:30,29748,29786.5,29740,29748.5,4815
2026-07-09T18:15:00+05:30,29748.25,29748.5,29715.25,29736,3464
2026-07-09T18:30:00+05:30,29735.25,29759.5,29725.25,29757.25,2992
2026-07-09T18:45:00+05:30,29757.25,29758.75,29726.75,29745.25,5737
2026-07-09T19:00:00+05:30,29746.75,29871.25,29672,29858.5,33384
2026-07-09T19:15:00+05:30,29859.25,29931.25,29808.5,29909.5,26079
2026-07-09T19:30:00+05:30,29910,29922.75,29785.25,29802.75,21154
2026-07-09T19:45:00+05:30,29803.5,29803.5,29614.5,29763.75,32690
2026-07-09T20:00:00+05:30,29763.25,29799,29694.25,29758.5,14965
2026-07-09T20:15:00+05:30,29760,29821.25,29723.5,29787.75,14842
2026-07-09T20:30:00+05:30,29788.25,29864.25,29779.5,29854.75,11475
2026-07-09T20:45:00+05:30,29853.5,29886.25,29830,29873.5,11328
2026-07-09T21:00:00+05:30,29874.25,29899.75,29856.25,29882,7675
2026-07-09T21:15:00+05:30,29883,29905.25,29878.5,29886.25,9279
2026-07-09T21:30:00+05:30,29886.5,29924.25,29886.5,29900.25,7856
2026-07-09T21:45:00+05:30,29900.25,29917,29880.75,29890.75,6935
2026-07-09T22:00:00+05:30,29890.5,29916.5,29864,29909,9483
2026-07-09T22:15:00+05:30,29908.5,29913.25,29885.25,29897.25,5244
2026-07-09T22:30:00+05:30,29897,29969.5,29893.5,29954.25,12062
2026-07-09T22:45:00+05:30,29954.25,29991,29954,29988,7349
2026-07-09T23:00:00+05:30,29988.75,29993.5,29962,29974.5,6287
2026-07-09T23:15:00+05:30,29974.75,29992.25,29950.75,29973.75,6125
2026-07-09T23:30:00+05:30,29974.75,29985,29960.75,29975.5,5792
2026-07-09T23:45:00+05:30,29976.5,29981,29942,29956.75,6902
2026-07-10T00:00:00+05:30,29957.25,29968.25,29939.5,29958.25,6146
2026-07-10T00:15:00+05:30,29957.25,29965,29929.5,29939.25,6420
2026-07-10T00:30:00+05:30,29939.75,29941.5,29905.25,29916,8700
2026-07-10T00:45:00+05:30,29916.5,29958.25,29902.75,29932.25,8529
2026-07-10T01:00:00+05:30,29932,29945.5,29909,29943.25,8456
2026-07-10T01:15:00+05:30,29943.5,29954.75,29896.75,29948.75,23311
2026-07-10T01:30:00+05:30,29948.75,29973.75,29942.75,29966.5,8673
2026-07-10T01:45:00+05:30,29967,29970.25,29937,29940,2036
2026-07-10T02:00:00+05:30,29939.5,29949.25,29932,29934.75,1522
2026-07-10T02:15:00+05:30,29935,29939.5,29926.25,29931.25,2107
2026-07-10T03:30:00+05:30,29937.75,29961,29923.5,29936.75,1929
2026-07-10T03:45:00+05:30,29938,29945.25,29904,29907.75,1404
2026-07-10T04:00:00+05:30,29908.75,29922.5,29905.5,29920.25,630
2026-07-10T04:15:00+05:30,29921.75,29927.5,29913.25,29922,564
2026-07-10T04:30:00+05:30,29921.5,29942,29907,29939.75,1128
2026-07-10T04:45:00+05:30,29937.75,29964.25,29929.5,29956,1245
2026-07-10T05:00:00+05:30,29958.75,29959,29938.5,29942,790
2026-07-10T05:15:00+05:30,29941,29958,29926,29932.5,1339
2026-07-10T05:30:00+05:30,29933.25,29952,29858,29894,3955
2026-07-10T05:45:00+05:30,29895.25,29903.5,29820.75,29837,3095
2026-07-10T06:00:00+05:30,29838,29845,29804.25,29828,2775
2026-07-10T06:15:00+05:30,29827.5,29870,29808,29866.5,3342
2026-07-10T06:30:00+05:30,29866.5,29870.75,29817.5,29845.5,2587
2026-07-10T06:45:00+05:30,29843.5,29877.25,29836.75,29866.25,1571
2026-07-10T07:00:00+05:30,29867.25,29902.5,29854.75,29885.25,1853
2026-07-10T07:15:00+05:30,29885.75,29922.75,29881.5,29891.5,1723
2026-07-10T07:30:00+05:30,29895,29901.25,29865.25,29880.75,1568
2026-07-10T07:45:00+05:30,29881.25,29884.75,29854.25,29882.5,1876
2026-07-10T08:00:00+05:30,29883.25,29916.25,29874,29908.25,1507
2026-07-10T08:15:00+05:30,29908.5,29952.5,29902,29952,1797
2026-07-10T08:30:00+05:30,29952,29963.5,29940.25,29947.25,1048
2026-07-10T08:45:00+05:30,29947.5,29950.5,29922,29923.5,865
2026-07-10T09:00:00+05:30,29925.25,29932.75,29917,29925,695
2026-07-10T09:15:00+05:30,29922.75,29933.75,29912.5,29932.25,822
2026-07-10T09:30:00+05:30,29933,29948.75,29923,29947.75,852
2026-07-10T09:45:00+05:30,29946,29947.5,29917.25,29927.5,739
2026-07-10T10:00:00+05:30,29928,29929.25,29906.25,29915.25,1082
2026-07-10T10:15:00+05:30,29915.5,29917.5,29875.25,29881.75,1546
2026-07-10T10:30:00+05:30,29883.75,29886.5,29865.75,29882.5,1241
2026-07-10T10:45:00+05:30,29883.25,29897,29870.25,29876.5,1150
2026-07-10T11:00:00+05:30,29877.25,29881.25,29852,29875,1553
2026-07-10T11:15:00+05:30,29875.75,29875.75,29840,29845.5,1184
2026-07-10T11:30:00+05:30,29847.25,29856.75,29820,29826.25,2340
2026-07-10T11:45:00+05:30,29824.75,29830.75,29775.25,29789.5,3346
2026-07-10T12:00:00+05:30,29788.75,29831.25,29785.5,29814.75,2485
2026-07-10T12:15:00+05:30,29814,29832.5,29809.5,29819.5,1116
2026-07-10T12:30:00+05:30,29819.25,29827.75,29796,29813.25,1352
2026-07-10T12:45:00+05:30,29813,29825.25,29790.5,29816,1286
2026-07-10T13:00:00+05:30,29816,29819,29793.75,29796.75,471
2026-07-10T13:15:00+05:30,29796.5,29799,29761.75,29774,1613
2026-07-10T13:30:00+05:30,29773.75,29799.5,29743.75,29796.75,2288
2026-07-10T13:45:00+05:30,29797,29803.75,29755.5,29768.75,1427
2026-07-10T14:00:00+05:30,29768.25,29785.25,29754,29785.25,1197
2026-07-10T14:15:00+05:30,29785.25,29799,29772,29773.25,1155
2026-07-10T14:30:00+05:30,29776.75,29800.75,29717.25,29795.5,2860
2026-07-10T14:45:00+05:30,29797,29817.5,29796.75,29813.5,1190
2026-07-10T15:00:00+05:30,29810,29827.75,29806,29815.5,989
2026-07-10T15:15:00+05:30,29818,29827.25,29800.75,29814.75,1106
2026-07-10T15:30:00+05:30,29820.75,29841.75,29818,29833,868
2026-07-10T15:45:00+05:30,29834,29839.75,29805.5,29839.5,1365
2026-07-10T16:00:00+05:30,29838,29862,29838,29862,1390
2026-07-10T16:15:00+05:30,29861.5,29862.25,29834.75,29850.75,967
2026-07-10T16:30:00+05:30,29850,29878,29849,29874.5,1796
2026-07-10T16:45:00+05:30,29875.25,29887.75,29850.5,29851.75,1555
2026-07-10T17:00:00+05:30,29851.5,29852,29811.5,29836.25,2013
2026-07-10T17:15:00+05:30,29837.25,29843,29806.75,29816,1647
2026-07-10T17:30:00+05:30,29816.75,29878.75,29771.25,29845.75,5267
2026-07-10T17:45:00+05:30,29843.75,29856.5,29825,29851.75,2197
2026-07-10T18:00:00+05:30,29852,29860.75,29819.5,29824.5,2593
2026-07-10T18:15:00+05:30,29825.75,29841.5,29800,29800,2437
2026-07-10T18:30:00+05:30,29800.5,29826.5,29790.5,29811.25,3412
2026-07-10T18:45:00+05:30,29811.5,29851,29801.5,29835,4469
2026-07-10T19:00:00+05:30,29834.75,29936.75,29798,29856,30418
2026-07-10T19:15:00+05:30,29855.5,29968.5,29852.75,29923,22648
2026-07-10T19:30:00+05:30,29922.75,29966,29906.5,29940.25,16237
2026-07-10T19:45:00+05:30,29940.5,29951.5,29844.75,29907,19863
2026-07-10T20:00:00+05:30,29907.5,29957.25,29675,29891.25,22697
2026-07-10T20:15:00+05:30,29890.75,29913,29808.75,29818.25,13123
2026-07-10T20:30:00+05:30,29818.5,29884.5,29780,29874,14391
2026-07-10T20:45:00+05:30,29874,29987.5,29872.75,29979,14256
2026-07-10T21:00:00+05:30,29980,29991.5,29834,29873.75,17425
2026-07-10T21:15:00+05:30,29875.25,29948.5,29847.75,29944.25,11456
2026-07-10T21:30:00+05:30,29944.25,29990,29943.75,29981.25,9653
2026-07-10T21:45:00+05:30,29981.5,30029,29981.5,30013.5,12144
2026-07-10T22:00:00+05:30,30013.25,30034,30004,30016.5,6816
2026-07-10T22:15:00+05:30,30015.75,30043.25,30012,30026.75,6466
2026-07-10T22:30:00+05:30,30026.5,30033.5,29996.5,30016,5497
2026-07-10T22:45:00+05:30,30015.25,30051.5,30008.5,30049.75,5569
2026-07-10T23:00:00+05:30,30049.75,30071,30038,30064.75,6790
2026-07-10T23:15:00+05:30,30065,30072.25,30031.25,30038,4836
2026-07-10T23:30:00+05:30,30039,30071,30034.25,30049.75,7672
2026-07-10T23:45:00+05:30,30049.25,30065.5,30021.5,30046,7747
2026-07-11T00:00:00+05:30,30045.25,30057.75,30031.25,30039.5,4274
2026-07-11T00:15:00+05:30,30039,30047.5,30028.25,30038.25,4677
2026-07-11T00:30:00+05:30,30038.5,30077.75,30033,30059,6832
2026-07-11T00:45:00+05:30,30058.5,30059.75,30036.5,30046,4947
2026-07-11T01:00:00+05:30,30046.25,30068,30044.75,30053.25,5516
2026-07-11T01:15:00+05:30,30053.25,30066.5,30024.75,30037.5,19163
2026-07-11T01:30:00+05:30,30037.75,30062,30031.75,30048.5,6417
2026-07-11T01:45:00+05:30,30047.75,30059.5,30046.25,30055.5,1284
2026-07-11T02:00:00+05:30,30054.5,30061.5,30051.5,30058.5,934
2026-07-11T02:15:00+05:30,30058.25,30073.75,30056.5,30068.5,1875
2026-07-13T03:30:00+05:30,29952,29979.5,29855,29864.25,6837
2026-07-13T03:45:00+05:30,29866.25,29897.5,29862.25,29887.25,2186
2026-07-13T04:00:00+05:30,29887.25,29904.25,29871.75,29893.5,1887
2026-07-13T04:15:00+05:30,29894,29915,29871.75,29910.25,1500
2026-07-13T04:30:00+05:30,29909.75,29910.5,29880.5,29891.25,1266
2026-07-13T04:45:00+05:30,29890.25,29894.25,29869.5,29890.25,1446
2026-07-13T05:00:00+05:30,29888.25,29898.25,29875.5,29888.75,868
2026-07-13T05:15:00+05:30,29889.25,29895.5,29845,29893.25,2461
2026-07-13T05:30:00+05:30,29892,30041,29871.5,30019,6048
2026-07-13T05:45:00+05:30,30018,30032.25,29958,29967.25,3090
2026-07-13T06:00:00+05:30,29968,29971.75,29850,29881.75,3710
2026-07-13T06:15:00+05:30,29883.75,29905.25,29807.5,29832.5,4455
2026-07-13T06:30:00+05:30,29836.75,29851.25,29788.75,29812.25,3384
2026-07-13T06:45:00+05:30,29812.75,29849,29789,29809,2421
2026-07-13T07:00:00+05:30,29808.75,29843.25,29789.5,29812,2124
2026-07-13T07:15:00+05:30,29812.25,29812.75,29737.25,29761.25,4736
2026-07-13T07:30:00+05:30,29762.75,29772,29727,29752.75,3370
2026-07-13T07:45:00+05:30,29753,29808.75,29745,29797.25,2222
2026-07-13T08:00:00+05:30,29798.5,29800,29746.5,29766,2117
2026-07-13T08:15:00+05:30,29766.25,29773.75,29714.5,29717,1659
2026-07-13T08:30:00+05:30,29717.5,29721.25,29684.75,29694,2285
2026-07-13T08:45:00+05:30,29694,29717.75,29682,29710,1673
2026-07-13T09:00:00+05:30,29709,29727.25,29683.75,29697.25,2146
2026-07-13T09:15:00+05:30,29697.25,29725.25,29683,29688,1360
2026-07-13T09:30:00+05:30,29689.75,29690,29650,29666.75,2353
2026-07-13T09:45:00+05:30,29666.5,29677.75,29638.75,29651.5,1616
2026-07-13T10:00:00+05:30,29651.5,29655.75,29622.75,29626.5,1436
2026-07-13T10:15:00+05:30,29624,29637,29612.75,29627,1298
2026-07-13T10:30:00+05:30,29627.75,29693.75,29606.5,29688.5,2981
2026-07-13T10:45:00+05:30,29684,29686.25,29577,29584,2640
2026-07-13T11:00:00+05:30,29585,29670.75,29542.75,29637,3552
2026-07-13T11:15:00+05:30,29637.5,29666.75,29614.75,29649,1782
2026-07-13T11:30:00+05:30,29650.5,29666,29585.5,29593,2143
2026-07-13T11:45:00+05:30,29592,29635.25,29588.75,29630,1819
2026-07-13T12:00:00+05:30,29630.25,29650.5,29598.5,29643.75,1706
2026-07-13T12:15:00+05:30,29641.75,29652,29611.25,29632.5,1598
2026-07-13T12:30:00+05:30,29631.5,29675.5,29607,29670.75,1907
2026-07-13T12:45:00+05:30,29671.5,29690.25,29642.25,29674.5,1928
2026-07-13T13:00:00+05:30,29670.75,29671.25,29636,29660.5,1279
2026-07-13T13:15:00+05:30,29660.75,29663,29636.75,29652.75,813
2026-07-13T13:30:00+05:30,29654.25,29707,29647.5,29703.75,2394
2026-07-13T13:45:00+05:30,29705,29741.5,29704.25,29725.75,2546
2026-07-13T14:00:00+05:30,29728,29735,29700,29726.5,1091
2026-07-13T14:15:00+05:30,29727.25,29754,29721.75,29747.5,1434
2026-07-13T14:30:00+05:30,29747.5,29751.25,29718,29732.75,1010
2026-07-13T14:45:00+05:30,29733.75,29766.25,29729.75,29763.25,1027
2026-07-13T15:00:00+05:30,29763,29776.5,29754.5,29773.75,762
2026-07-13T15:15:00+05:30,29773.25,29773.75,29752,29770.75,858
2026-07-13T15:30:00+05:30,29772,29778,29739,29747,1449
2026-07-13T15:45:00+05:30,29747,29765.5,29738.75,29741.25,874
2026-07-13T16:00:00+05:30,29741,29757.25,29736.5,29739.25,847
2026-07-13T16:15:00+05:30,29738.5,29764,29735.75,29756.75,938
2026-07-13T16:30:00+05:30,29755.75,29799.75,29751.25,29768.25,2379
2026-07-13T16:45:00+05:30,29767.75,29782.75,29741.5,29774.75,1431
2026-07-13T17:00:00+05:30,29773,29793.5,29765,29768,1127
2026-07-13T17:15:00+05:30,29767.75,29768,29728.75,29741,1507
2026-07-13T17:30:00+05:30,29742,29757.25,29693.75,29728.75,3804
2026-07-13T17:45:00+05:30,29730,29735.75,29682.75,29684,2547
2026-07-13T18:00:00+05:30,29684.5,29694.5,29655.5,29689.5,3154
2026-07-13T18:15:00+05:30,29688.75,29725,29687.25,29719,2264
2026-07-13T18:30:00+05:30,29719.25,29748,29711,29719.25,2561
2026-07-13T18:45:00+05:30,29718.5,29721.25,29683.25,29710.75,4436
2026-07-13T19:00:00+05:30,29710,29737.25,29552.25,29596,33210
2026-07-13T19:15:00+05:30,29596.25,29640,29518,29630,29390
2026-07-13T19:30:00+05:30,29631,29662.5,29560.75,29650.75,21310
2026-07-13T19:45:00+05:30,29651.75,29703,29488.5,29701.5,23587
2026-07-13T20:00:00+05:30,29701.25,29724,29624.25,29637.75,15886
2026-07-13T20:15:00+05:30,29638.25,29720.75,29603.5,29717.75,15136
2026-07-13T20:30:00+05:30,29718,29752.5,29671,29682.25,13242
2026-07-13T20:45:00+05:30,29681.75,29729.5,29662,29707.25,8553
2026-07-13T21:00:00+05:30,29709,29724.5,29648.25,29654.25,8444
2026-07-13T21:15:00+05:30,29654,29656.5,29596.75,29612.25,8883
2026-07-13T21:30:00+05:30,29611.25,29638.5,29584.25,29613.5,9704
2026-07-13T21:45:00+05:30,29613.25,29616,29535,29558,11809
2026-07-13T22:00:00+05:30,29557.75,29557.75,29460.75,29537.25,17997
2026-07-13T22:15:00+05:30,29537,29556.25,29463.75,29525.75,10922
2026-07-13T22:30:00+05:30,29526.5,29580.75,29516.5,29541,7951
2026-07-13T22:45:00+05:30,29541.5,29551.5,29498.25,29518.25,6966
2026-07-13T23:00:00+05:30,29518.75,29533.25,29485.25,29513.25,6602
2026-07-13T23:15:00+05:30,29512.75,29526.25,29468,29479.5,7516
2026-07-13T23:30:00+05:30,29480,29539.5,29476,29515.25,7919
2026-07-13T23:45:00+05:30,29515.25,29521.75,29467.5,29474,6856
2026-07-14T00:00:00+05:30,29475,29517.25,29454.5,29500.75,7861
2026-07-14T00:15:00+05:30,29501.75,29521.5,29483.5,29493.5,6045
2026-07-14T00:30:00+05:30,29493.5,29525.75,29451,29464,8313
2026-07-14T00:45:00+05:30,29463.75,29468.5,29402.5,29418.5,17016
2026-07-14T01:00:00+05:30,29419.75,29455.75,29393.25,29451,14495
2026-07-14T01:15:00+05:30,29450.75,29504.25,29434.25,29467,27017
2026-07-14T01:30:00+05:30,29466.75,29474,29436.25,29454.5,8030
2026-07-14T01:45:00+05:30,29454.5,29454.75,29386.5,29437.75,4510
2026-07-14T02:00:00+05:30,29437,29440,29424.5,29435.25,1547
2026-07-14T02:15:00+05:30,29434.25,29444.25,29420,29428.75,1863
2026-07-14T03:30:00+05:30,29446,29479.5,29437.75,29452.25,1696
2026-07-14T03:45:00+05:30,29452,29467.75,29432,29434.25,853
2026-07-14T04:00:00+05:30,29433.25,29443.75,29426.25,29441,660
2026-07-14T04:15:00+05:30,29442.25,29458.75,29393.75,29399.5,1812
2026-07-14T04:30:00+05:30,29399.5,29405,29366.75,29381,1520
2026-07-14T04:45:00+05:30,29382,29399.25,29361.75,29366.75,1341
2026-07-14T05:00:00+05:30,29368,29379.5,29329,29333.75,2264
2026-07-14T05:15:00+05:30,29332.5,29423.75,29327.25,29420.75,2573
2026-07-14T05:30:00+05:30,29422.5,29468.75,29325.75,29463.25,5511
2026-07-14T05:45:00+05:30,29465.5,29475.75,29369,29420.75,3872
2026-07-14T06:00:00+05:30,29420.25,29488,29399.5,29417.75,3169
2026-07-14T06:15:00+05:30,29418,29535,29412.5,29521,3109
2026-07-14T06:30:00+05:30,29521,29541.25,29480,29492.25,2536
2026-07-14T06:45:00+05:30,29489.5,29528.5,29481,29504.75,2269
2026-07-14T07:00:00+05:30,29507,29516.5,29441,29472.75,2669
2026-07-14T07:15:00+05:30,29475.5,29504.75,29437,29445,1918
2026-07-14T07:30:00+05:30,29447.25,29489,29424,29424,2114
2026-07-14T07:45:00+05:30,29425,29435.25,29373,29401,2362
2026-07-14T08:00:00+05:30,29403.25,29456,29365.25,29444.5,2373
2026-07-14T08:15:00+05:30,29445.5,29453.25,29384,29389,1393
2026-07-14T08:30:00+05:30,29390.75,29391.5,29328.5,29335,2025
2026-07-14T08:45:00+05:30,29334,29377.75,29303.5,29376.75,3017
2026-07-14T09:00:00+05:30,29376.5,29405,29334.25,29359.25,3095
2026-07-14T09:15:00+05:30,29358.5,29428,29353.25,29423,1846
2026-07-14T09:30:00+05:30,29425.25,29445,29371.25,29391,1695
2026-07-14T09:45:00+05:30,29391,29452.75,29381,29450,1194
2026-07-14T10:00:00+05:30,29450.5,29488,29442.5,29474.25,1305
2026-07-14T10:15:00+05:30,29473.75,29516.5,29472.5,29508.5,1203
2026-07-14T10:30:00+05:30,29509.75,29548.5,29490,29545.5,1563
2026-07-14T10:45:00+05:30,29546.25,29610,29534.75,29604.5,2991
2026-07-14T11:00:00+05:30,29605,29631.25,29577.75,29594,2275
2026-07-14T11:15:00+05:30,29596.5,29606,29582.75,29593,1172
2026-07-14T11:30:00+05:30,29592,29634.75,29586.25,29629.75,1682
2026-07-14T11:45:00+05:30,29629,29649.75,29595,29606.25,2380
2026-07-14T12:00:00+05:30,29606.25,29634.25,29593,29598,1454
2026-07-14T12:15:00+05:30,29596,29598,29562.75,29564.25,985
2026-07-14T12:30:00+05:30,29564,29602.25,29545.5,29600.5,1992
2026-07-14T12:45:00+05:30,29599.25,29621.25,29576.75,29604.5,1301
2026-07-14T13:00:00+05:30,29606,29608.25,29567.25,29572.25,885
2026-07-14T13:15:00+05:30,29576,29609.75,29557.25,29574.5,1217
2026-07-14T13:30:00+05:30,29575,29602,29547.75,29580.5,2069
2026-07-14T13:45:00+05:30,29582,29632,29582,29618.25,1558
2026-07-14T14:00:00+05:30,29617.75,29636.25,29606.5,29613.5,1189
2026-07-14T14:15:00+05:30,29613.25,29613.25,29570.75,29573,803
2026-07-14T14:30:00+05:30,29573,29626.5,29557.75,29624.5,1199
2026-07-14T14:45:00+05:30,29623.5,29629.5,29572.25,29574.75,1096
2026-07-14T15:00:00+05:30,29573.5,29609.75,29573.25,29599.5,789
2026-07-14T15:15:00+05:30,29598.5,29623.75,29596.75,29602.25,667
2026-07-14T15:30:00+05:30,29603.25,29620.25,29594.75,29605,498
2026-07-14T15:45:00+05:30,29607.25,29608.5,29585.5,29598.75,415
2026-07-14T16:00:00+05:30,29595.75,29633,29578.75,29607.25,1327
2026-07-14T16:15:00+05:30,29603.25,29620.5,29589.25,29607.25,700
2026-07-14T16:30:00+05:30,29606.75,29621.25,29555,29608,3710
2026-07-14T16:45:00+05:30,29607.25,29670.5,29605.5,29640.5,3708
2026-07-14T17:00:00+05:30,29640.75,29668.25,29613.75,29620.5,1810
2026-07-14T17:15:00+05:30,29619,29658.5,29617.75,29632,1559
2026-07-14T17:30:00+05:30,29635,29637.75,29570,29590.25,2303
2026-07-14T17:45:00+05:30,29591.75,29694,29577.5,29694,3818
2026-07-14T18:00:00+05:30,29694,29921.75,29677,29821.5,17320
2026-07-14T18:15:00+05:30,29822.75,29838.75,29754,29772.5,6343
2026-07-14T18:30:00+05:30,29773.75,29809,29764.5,29782.25,4510
2026-07-14T18:45:00+05:30,29782.75,29832,29742.5,29811.75,6982
2026-07-14T19:00:00+05:30,29811,29815.75,29685,29754.25,27754
2026-07-14T19:15:00+05:30,29752.75,29808.5,29714,29781.25,17659
2026-07-14T19:30:00+05:30,29780.25,29804.75,29637,29665.25,21570
2026-07-14T19:45:00+05:30,29662.75,29733,29567.5,29684.5,22436
2026-07-14T20:00:00+05:30,29683.75,29839.75,29658.25,29729,20421
2026-07-14T20:15:00+05:30,29727.25,29784.5,29659.5,29772.5,12807
2026-07-14T20:30:00+05:30,29773.5,29865.5,29753.75,29848.75,18354
2026-07-14T20:45:00+05:30,29847.5,29889,29825.25,29884.5,12394
2026-07-14T21:00:00+05:30,29885,29895.75,29799,29835.75,13578
2026-07-14T21:15:00+05:30,29834,29852,29760,29785.5,10557
2026-07-14T21:30:00+05:30,29786,29791.25,29711,29738,12041
2026-07-14T21:45:00+05:30,29739.75,29784,29704.5,29779.25,9016
2026-07-14T22:00:00+05:30,29778.5,29824.25,29750.25,29809.5,8205
2026-07-14T22:15:00+05:30,29809.75,29830,29783.5,29826.75,6868
2026-07-14T22:30:00+05:30,29826.75,29851,29814.5,29822.5,7120
2026-07-14T22:45:00+05:30,29822.25,29867,29807,29850,7438
2026-07-14T23:00:00+05:30,29849.5,29861.5,29818.75,29846,4995
2026-07-14T23:15:00+05:30,29846,29865.5,29829,29863.25,4675
2026-07-14T23:30:00+05:30,29863,29871.75,29842.5,29869.25,5371
2026-07-14T23:45:00+05:30,29868.75,29878.25,29847.5,29853.75,4338
2026-07-15T00:00:00+05:30,29854,29869.5,29810.5,29824.75,7888
2026-07-15T00:15:00+05:30,29825.75,29843.5,29813,29824,5291
2026-07-15T00:30:00+05:30,29824.5,29832.5,29780,29816,8083
2026-07-15T00:45:00+05:30,29816,29837.75,29796.5,29796.75,6646
2026-07-15T01:00:00+05:30,29797.25,29817.25,29771,29811.5,8565
2026-07-15T01:15:00+05:30,29811.25,29836,29779,29786,18104
2026-07-15T01:30:00+05:30,29785.75,29810,29772.5,29788.25,9182
2026-07-15T01:45:00+05:30,29787.5,29792.25,29767.75,29775,1593
2026-07-15T02:00:00+05:30,29774.5,29799.25,29772.75,29796,1575
2026-07-15T02:15:00+05:30,29796.25,29801.5,29785.75,29793.5,1107
2026-07-15T03:30:00+05:30,29805,29806.25,29745.5,29753,1506
2026-07-15T03:45:00+05:30,29755.75,29797.25,29752,29786.25,1083
2026-07-15T04:00:00+05:30,29788.5,29796,29774.75,29779.75,701
2026-07-15T04:15:00+05:30,29779.75,29783.25,29764.25,29773.25,854
2026-07-15T04:30:00+05:30,29772.75,29799.75,29758,29794.75,1112
2026-07-15T04:45:00+05:30,29793.75,29873,29785,29866.75,2028
2026-07-15T05:00:00+05:30,29866.25,29881.5,29847.5,29849.25,1253
2026-07-15T05:15:00+05:30,29848.5,29900,29844.5,29889.25,1638
2026-07-15T05:30:00+05:30,29889,29902.75,29837.5,29893,2472
2026-07-15T05:45:00+05:30,29888.75,29938,29882,29918,2109
2026-07-15T06:00:00+05:30,29920.25,29928.5,29841,29858.25,2316
2026-07-15T06:15:00+05:30,29858.25,29929.5,29849,29918,1592
2026-07-15T06:30:00+05:30,29920,29927,29860,29886.25,1893
2026-07-15T06:45:00+05:30,29885,29942.75,29885,29922.75,1598
2026-07-15T07:00:00+05:30,29924.25,29944,29891.5,29892.75,1637
2026-07-15T07:15:00+05:30,29894.25,29959.25,29891.75,29957.25,1477
2026-07-15T07:30:00+05:30,29958.75,29981,29949.25,29963.5,1480
2026-07-15T07:45:00+05:30,29966.5,29981.75,29958.5,29966.75,1300
2026-07-15T08:00:00+05:30,29970,29985.75,29966.5,29983,941
2026-07-15T08:15:00+05:30,29984,29987.25,29959,29960.75,913
2026-07-15T08:30:00+05:30,29961,29967.75,29947.25,29960,1002
2026-07-15T08:45:00+05:30,29959.5,29985,29955,29978.5,1099
2026-07-15T09:00:00+05:30,29979,30002,29977.25,29987.25,1235
2026-07-15T09:15:00+05:30,29987.75,30019.25,29986,30012.5,809
2026-07-15T09:30:00+05:30,30012.75,30016.5,29995.75,30000.25,774
2026-07-15T09:45:00+05:30,30000.25,30013,29989.25,29990.25,620
2026-07-15T10:00:00+05:30,29990.75,30011.5,29983.25,30005,968
2026-07-15T10:15:00+05:30,30006,30025,30003.75,30021.75,790
2026-07-15T10:30:00+05:30,30022.5,30058.25,29992.5,29999.25,4023
2026-07-15T10:45:00+05:30,30000,30025,29976.75,29981.75,1287
2026-07-15T11:00:00+05:30,29980.75,30009.5,29967.75,29992.25,1565
2026-07-15T11:15:00+05:30,29990.5,30032,29984.25,30032,1183
2026-07-15T11:30:00+05:30,30031.75,30050,30027.75,30042.5,1870
2026-07-15T11:45:00+05:30,30040.5,30045.25,30023,30039.25,739
2026-07-15T12:00:00+05:30,30041.75,30045.25,30009.75,30018.75,1073
2026-07-15T12:15:00+05:30,30018.5,30038,30012.25,30030,1279
2026-07-15T12:30:00+05:30,30030.5,30062.5,30007.5,30036.25,2077
2026-07-15T12:45:00+05:30,30035.75,30035.75,29928,29969,2871
2026-07-15T13:00:00+05:30,29968,29989.75,29945.25,29979,2011
2026-07-15T13:15:00+05:30,29979,30005.25,29971,29996.25,1027
2026-07-15T13:30:00+05:30,29997.25,29998.75,29909,29918.25,2647
2026-07-15T13:45:00+05:30,29918.25,29924.75,29872,29913.25,1928
2026-07-15T14:00:00+05:30,29912.75,29926.25,29897.75,29925.5,1241
2026-07-15T14:15:00+05:30,29925,29943.5,29911.75,29936.5,1006
2026-07-15T14:30:00+05:30,29937.75,29958,29937.75,29954,810
2026-07-15T14:45:00+05:30,29953.25,29963.5,29943.25,29950.25,559
2026-07-15T15:00:00+05:30,29947.75,29959.75,29928.25,29951,752
2026-07-15T15:15:00+05:30,29952,29952,29914.25,29924.75,664
2026-07-15T15:30:00+05:30,29926,29944,29916.25,29942.25,520
2026-07-15T15:45:00+05:30,29942.25,29947.25,29886,29896,1283
2026-07-15T16:00:00+05:30,29897.75,29921.25,29890,29901.75,926
2026-07-15T16:15:00+05:30,29902,29934.25,29899.75,29927.25,686
2026-07-15T16:30:00+05:30,29926,29953,29919.5,29925,1007
2026-07-15T16:45:00+05:30,29925.25,29942.5,29915.25,29921.5,746
2026-07-15T17:00:00+05:30,29922.75,29942,29911.5,29928.25,743
2026-07-15T17:15:00+05:30,29928,29928,29904.5,29912.5,1040
2026-07-15T17:30:00+05:30,29914.5,29919.5,29873.75,29881,1423
2026-07-15T17:45:00+05:30,29882.25,29892.75,29856.25,29875.5,1477
2026-07-15T18:00:00+05:30,29875.25,29973.75,29856.5,29951.5,6653
2026-07-15T18:15:00+05:30,29952,29995.25,29941.75,29980,3763
2026-07-15T18:30:00+05:30,29980,29999.75,29939.25,29946.5,3272
2026-07-15T18:45:00+05:30,29948,29966.75,29936.25,29955.25,3741
2026-07-15T19:00:00+05:30,29955.5,29977.5,29831,29833.25,28022
2026-07-15T19:15:00+05:30,29834.25,29847.25,29754.5,29823.5,27605
2026-07-15T19:30:00+05:30,29822.75,29892.5,29806,29806.5,18389
2026-07-15T19:45:00+05:30,29806.75,29830.75,29639.25,29724,28239
2026-07-15T20:00:00+05:30,29723.75,29736.75,29536.75,29600.5,27456
2026-07-15T20:15:00+05:30,29600.5,29644,29562.5,29630.75,17909
2026-07-15T20:30:00+05:30,29632,29661.75,29579.5,29592.25,12159
2026-07-15T20:45:00+05:30,29591,29642,29526.5,29641,16868
2026-07-15T21:00:00+05:30,29640.75,29656.25,29586.25,29615.75,11767
2026-07-15T21:15:00+05:30,29616.5,29618,29560,29582,9592
2026-07-15T21:30:00+05:30,29580.25,29599.5,29471.25,29476.25,15058
2026-07-15T21:45:00+05:30,29475.5,29496.75,29431.25,29462,13164
2026-07-15T22:00:00+05:30,29462,29483.25,29397,29445,12460
2026-07-15T22:15:00+05:30,29445.75,29540.25,29433.75,29512.75,14362
2026-07-15T22:30:00+05:30,29512.75,29561.75,29504.75,29532.25,9449
2026-07-15T22:45:00+05:30,29531.25,29608.25,29526.75,29604,9371
2026-07-15T23:00:00+05:30,29604.75,29637.5,29604.5,29634,9764
2026-07-15T23:15:00+05:30,29633.25,29705.75,29625.25,29686.5,13584
2026-07-15T23:30:00+05:30,29686.75,29730,29681.75,29716.25,10636
2026-07-15T23:45:00+05:30,29716.25,29742.75,29684.75,29724.5,10805
2026-07-16T00:00:00+05:30,29724.5,29735,29658,29662.75,8732
2026-07-16T00:15:00+05:30,29662.25,29665.75,29595,29613.25,11835
2026-07-16T00:30:00+05:30,29613,29668.75,29604.75,29643,10341
2026-07-16T00:45:00+05:30,29644,29649,29589,29643.25,8387
2026-07-16T01:00:00+05:30,29643.25,29695.5,29608.5,29683.75,13556
2026-07-16T01:15:00+05:30,29684.25,29707,29648.5,29701,17355
2026-07-16T01:30:00+05:30,29701.25,29737,29664,29702,9202
2026-07-16T01:45:00+05:30,29702.5,29720.5,29696,29718.75,1447
2026-07-16T02:00:00+05:30,29718.5,29719.25,29700,29716.25,917
2026-07-16T02:15:00+05:30,29716.5,29720.5,29705.75,29707.5,891
2026-07-16T03:30:00+05:30,29709,29749,29700,29727.25,1394
2026-07-16T03:45:00+05:30,29727.25,29730,29709.75,29716.25,715
2026-07-16T04:00:00+05:30,29716.5,29724,29684.25,29685,1269
2026-07-16T04:15:00+05:30,29684.25,29722.25,29677,29716.25,1843
2026-07-16T04:30:00+05:30,29716,29736.25,29710.75,29720,738
2026-07-16T04:45:00+05:30,29719.25,29725,29695.5,29718.5,1325
2026-07-16T05:00:00+05:30,29717.25,29734,29700.25,29722,920
2026-07-16T05:15:00+05:30,29720.5,29727.25,29682,29690,832
2026-07-16T05:30:00+05:30,29690,29758,29682.25,29755.25,1883
2026-07-16T05:45:00+05:30,29753,29763.25,29662.5,29669.5,2801
2026-07-16T06:00:00+05:30,29670,29695.75,29626.75,29626.75,2479
2026-07-16T06:15:00+05:30,29626,29679.25,29622.25,29651.25,1779
2026-07-16T06:30:00+05:30,29653.75,29668,29615.5,29626,1656
2026-07-16T06:45:00+05:30,29625.5,29629,29601.5,29605.25,1462
2026-07-16T07:00:00+05:30,29604.5,29646,29593.5,29615.25,1604
2026-07-16T07:15:00+05:30,29614,29685.75,29612.5,29651,2015
2026-07-16T07:30:00+05:30,29651.25,29652.75,29620,29640,1332
2026-07-16T07:45:00+05:30,29640.25,29706,29634,29696.75,1803
2026-07-16T08:00:00+05:30,29695.5,29707,29670,29680,1347
2026-07-16T08:15:00+05:30,29680,29736,29676.5,29727,1942
2026-07-16T08:30:00+05:30,29728,29751.75,29721.25,29748.75,1174
2026-07-16T08:45:00+05:30,29749.25,29751.75,29710.5,29716.5,899
2026-07-16T09:00:00+05:30,29716.75,29747,29713.5,29719.5,862
2026-07-16T09:15:00+05:30,29720.75,29743.5,29701.75,29743,713
2026-07-16T09:30:00+05:30,29744.25,29756,29722.25,29754.5,840
2026-07-16T09:45:00+05:30,29754.5,29756.25,29710,29716,909
2026-07-16T10:00:00+05:30,29715,29721.25,29691.25,29706.5,620
2026-07-16T10:15:00+05:30,29703.25,29717,29699.25,29708,467
2026-07-16T10:30:00+05:30,29709,29748,29697,29748,1011
2026-07-16T10:45:00+05:30,29747.75,29775.5,29739.25,29765.75,1328
2026-07-16T11:00:00+05:30,29765.75,29797,29666.5,29702.5,3014
2026-07-16T11:15:00+05:30,29704.5,29711,29678.5,29686.5,834
2026-07-16T11:30:00+05:30,29687.75,29739.25,29646.5,29731.75,4204
2026-07-16T11:45:00+05:30,29729.25,29749.75,29684,29686,1614
2026-07-16T12:00:00+05:30,29682,29697.25,29641.25,29673.5,1381
2026-07-16T12:15:00+05:30,29672.25,29694,29657,29683.75,681
2026-07-16T12:30:00+05:30,29684.75,29686.5,29620.75,29621.5,1433
2026-07-16T12:45:00+05:30,29622.25,29649.5,29611.75,29622.5,1647
2026-07-16T13:00:00+05:30,29623.5,29629.25,29568.5,29570,1657
2026-07-16T13:15:00+05:30,29571.25,29583.75,29548.5,29562.25,1527
2026-07-16T13:30:00+05:30,29563.5,29572.75,29488,29490.5,2581
2026-07-16T13:45:00+05:30,29493.75,29561.75,29478.75,29538.5,1940
2026-07-16T14:00:00+05:30,29539.5,29576.75,29528.25,29551,1287
2026-07-16T14:15:00+05:30,29550.5,29595.5,29550.5,29591.5,1138
2026-07-16T14:30:00+05:30,29593.25,29635,29592,29625.25,1521
2026-07-16T14:45:00+05:30,29626.25,29645.25,29611,29613.25,1113
2026-07-16T15:00:00+05:30,29614.75,29631,29583.75,29585.25,887
2026-07-16T15:15:00+05:30,29584.25,29585.75,29528,29531.25,1982
2026-07-16T15:30:00+05:30,29530.25,29561.25,29514.5,29550.75,1423
2026-07-16T15:45:00+05:30,29550.75,29550.75,29512.25,29537.5,801
2026-07-16T16:00:00+05:30,29537.25,29555.75,29507.75,29521.25,1302
2026-07-16T16:15:00+05:30,29521.25,29537.75,29502.5,29531,1013
2026-07-16T16:30:00+05:30,29528.75,29532,29459.75,29488,2019
2026-07-16T16:45:00+05:30,29488.25,29502,29446.25,29472,2035
2026-07-16T17:00:00+05:30,29472.75,29472.75,29428,29439.5,2283
2026-07-16T17:15:00+05:30,29438.75,29456,29361,29446.75,3955
2026-07-16T17:30:00+05:30,29445.75,29457.25,29392.75,29423.5,2620
2026-07-16T17:45:00+05:30,29422.25,29440.25,29378,29408,3237
2026-07-16T18:00:00+05:30,29407.75,29427.75,29365.5,29375,3424
2026-07-16T18:15:00+05:30,29374.75,29415,29363.5,29392.25,2622
2026-07-16T18:30:00+05:30,29393.25,29457.25,29387.75,29452,4309
2026-07-16T18:45:00+05:30,29451.5,29488.5,29441.75,29465.75,5287
2026-07-16T19:00:00+05:30,29466,29532,29308.5,29317.75,32076
2026-07-16T19:15:00+05:30,29316.5,29363.75,29255.5,29347.5,28049
2026-07-16T19:30:00+05:30,29346.5,29495.75,29315.25,29468.5,22587
2026-07-16T19:45:00+05:30,29467.5,29501,29397.75,29482.5,18547
2026-07-16T20:00:00+05:30,29483.25,29513.5,29426.5,29464.5,12098
2026-07-16T20:15:00+05:30,29464.5,29479,29362,29433.75,15514
2026-07-16T20:30:00+05:30,29435.5,29458.75,29336,29358.5,14426
2026-07-16T20:45:00+05:30,29359,29451.5,29336.75,29406.75,15296
2026-07-16T21:00:00+05:30,29406.5,29468,29370,29397.75,11972
2026-07-16T21:15:00+05:30,29397.5,29435,29354.5,29392.5,10722
2026-07-16T21:30:00+05:30,29392.5,29395.25,29289.25,29293.25,12309
2026-07-16T21:45:00+05:30,29293.5,29315,29260.75,29299.25,12858
2026-07-16T22:00:00+05:30,29300.5,29339.5,29286,29292.75,8827
2026-07-16T22:15:00+05:30,29294.75,29352.5,29270.75,29338.25,9062
2026-07-16T22:30:00+05:30,29339,29342,29284.5,29288,7275
2026-07-16T22:45:00+05:30,29288.5,29343,29275,29333,8158
2026-07-16T23:00:00+05:30,29334,29345,29230,29243.75,10938
2026-07-16T23:15:00+05:30,29244.25,29269,29219,29244.5,9316
2026-07-16T23:30:00+05:30,29244.25,29279.5,29223.5,29233,9373
2026-07-16T23:45:00+05:30,29232.75,29304,29217.25,29269.75,10126
2026-07-17T00:00:00+05:30,29269,29269.25,29198.5,29237.75,8952
2026-07-17T00:15:00+05:30,29237.5,29253.25,29200.25,29210.5,7172
2026-07-17T00:30:00+05:30,29210,29242,29176,29183.75,10715
2026-07-17T00:45:00+05:30,29183.25,29186.25,29119,29148.5,12708
2026-07-17T01:00:00+05:30,29147.5,29170.25,29117.25,29121.5,13256
2026-07-17T01:15:00+05:30,29121.25,29238.25,29078.5,29217,31580
2026-07-17T01:30:00+05:30,29216.75,29231.25,29166,29167.75,12085
2026-07-17T01:45:00+05:30,29167.5,29200,29162.75,29181,2704
2026-07-17T02:00:00+05:30,29180.25,29189.75,29164,29174.5,2082
2026-07-17T02:15:00+05:30,29172.75,29183.25,29167.5,29179,1372
2026-07-17T03:30:00+05:30,29191,29220,29166.25,29186.5,1468
2026-07-17T03:45:00+05:30,29186.75,29188.25,29136.5,29139.75,1433
2026-07-17T04:00:00+05:30,29139,29159.25,29130.75,29149.5,1299
2026-07-17T04:15:00+05:30,29149.5,29151.25,29115.25,29136.5,1306
2026-07-17T04:30:00+05:30,29134.75,29144.75,29106.25,29130.75,1315
2026-07-17T04:45:00+05:30,29133,29134.25,29075.75,29093,1556
2026-07-17T05:00:00+05:30,29092.5,29129.75,29060,29109.25,1864
2026-07-17T05:15:00+05:30,29110.25,29118,29082.75,29096.5,1000
2026-07-17T05:30:00+05:30,29095.5,29124.25,29031.5,29043.5,2981
2026-07-17T05:45:00+05:30,29041.25,29076,29011,29018.5,2786
2026-07-17T06:00:00+05:30,29017.75,29030.5,28993.5,29024.75,3107
2026-07-17T06:15:00+05:30,29024.5,29082,29017.75,29057,2741
2026-07-17T06:30:00+05:30,29059.75,29105.5,29024.25,29029.25,2930
2026-07-17T06:45:00+05:30,29031.75,29046,29010.5,29039.5,1538
2026-07-17T07:00:00+05:30,29040.75,29044,28964.5,28975,3199
2026-07-17T07:15:00+05:30,28972.25,28990.75,28945.75,28972,2563
2026-07-17T07:30:00+05:30,28970.75,28985.75,28950,28956.75,1429
2026-07-17T07:45:00+05:30,28957.5,28961.25,28917.25,28928.75,1895
2026-07-17T08:00:00+05:30,28927.25,28940.75,28903.25,28932.5,2296
2026-07-17T08:15:00+05:30,28934,28940,28902.25,28925,1587
2026-07-17T08:30:00+05:30,28926.25,28960.75,28915,28953.75,1357
2026-07-17T08:45:00+05:30,28954.25,29026,28954.25,29015.25,2519
2026-07-17T09:00:00+05:30,29013.5,29016.75,28943.5,28954.5,2352
2026-07-17T09:15:00+05:30,28957,28960,28910,28911,1773
2026-07-17T09:30:00+05:30,28911,28912.75,28840,28850,3690
2026-07-17T09:45:00+05:30,28851.25,28859.5,28803,28809.5,2806
2026-07-17T10:00:00+05:30,28808,28826,28774.5,28809.5,3258
2026-07-17T10:15:00+05:30,28809.5,28841.25,28804.75,28804.75,2163
2026-07-17T10:30:00+05:30,28806,28820.25,28787.75,28804.75,1904
2026-07-17T10:45:00+05:30,28803.5,28823,28783.5,28791,1711
2026-07-17T11:00:00+05:30,28792.5,28811.75,28725,28759.75,3210
2026-07-17T11:15:00+05:30,28758.5,28774,28733.25,28756.25,1949
2026-07-17T11:30:00+05:30,28755,28774,28722.5,28756.75,2963
2026-07-17T11:45:00+05:30,28757.5,28824.5,28745.5,28815.25,2915
2026-07-17T12:00:00+05:30,28814.25,28825,28762,28776.5,1936
2026-07-17T12:15:00+05:30,28774.25,28774.5,28730.5,28743,1868
2026-07-17T12:30:00+05:30,28744.25,28767.5,28720.5,28751.5,2848
2026-07-17T12:45:00+05:30,28752.25,28765.75,28713.5,28748,2107
2026-07-17T13:00:00+05:30,28750,28759.5,28702.5,28715.75,1768
2026-07-17T13:15:00+05:30,28715.25,28722.25,28682.5,28688,1994
2026-07-17T13:30:00+05:30,28687.5,28735,28667.5,28678,3210
2026-07-17T13:45:00+05:30,28677.75,28678.5,28577.25,28609.75,6429
2026-07-17T14:00:00+05:30,28609.5,28617.75,28550,28585.75,3037
2026-07-17T14:15:00+05:30,28584.25,28662,28581.25,28630,3115
2026-07-17T14:30:00+05:30,28628.75,28675.5,28618.75,28673.5,2240
2026-07-17T14:45:00+05:30,28671.5,28690.5,28630,28690,2165
2026-07-17T15:00:00+05:30,28691,28716,28661.75,28686,1923
2026-07-17T15:15:00+05:30,28685,28728,28683.75,28711.5,2088
2026-07-17T15:30:00+05:30,28711.75,28772.25,28691.5,28766.25,3532
2026-07-17T15:45:00+05:30,28767,28787.25,28722,28773.5,3250
2026-07-17T16:00:00+05:30,28772.25,28825.5,28763,28801.25,3543
2026-07-17T16:15:00+05:30,28799.25,28815,28777,28785,2039
2026-07-17T16:30:00+05:30,28786.75,28808.25,28750,28757.25,3333
2026-07-17T16:45:00+05:30,28759.25,28775,28728.25,28763.25,2596
2026-07-17T17:00:00+05:30,28764,28765,28713.5,28729.75,1696
2026-07-17T17:15:00+05:30,28727.5,28764.25,28718,28741.5,1760
2026-07-17T17:30:00+05:30,28740,28744.75,28675,28683.75,3218
2026-07-17T17:45:00+05:30,28683.25,28696.75,28662,28674.75,2434
2026-07-17T18:00:00+05:30,28674.25,28683.75,28650.75,28674.5,2928
2026-07-17T18:15:00+05:30,28675.25,28690.75,28645.5,28664.5,3226
2026-07-17T18:30:00+05:30,28664.75,28665.75,28619.75,28621.5,4225
2026-07-17T18:45:00+05:30,28621,28648.25,28581,28606,9519
2026-07-17T19:00:00+05:30,28607.75,28686,28408.25,28420,41708
2026-07-17T19:15:00+05:30,28419.5,28681.75,28412,28676,30981
2026-07-17T19:30:00+05:30,28676,28862.25,28665.25,28803.5,34986
2026-07-17T19:45:00+05:30,28804,28887.5,28779.75,28832,24517
2026-07-17T20:00:00+05:30,28832,28896,28760.25,28825.5,25600
2026-07-17T20:15:00+05:30,28824.5,28857.75,28721,28727,18561
2026-07-17T20:30:00+05:30,28727,28755.75,28676.75,28706.5,16275
2026-07-17T20:45:00+05:30,28707.25,28760,28672.25,28753.5,14632
2026-07-17T21:00:00+05:30,28753.25,28843.5,28718,28799,17867
2026-07-17T21:15:00+05:30,28797,28948.5,28781.5,28933.5,15784
2026-07-17T21:30:00+05:30,28934,28955.75,28846,28939,18267
2026-07-17T21:45:00+05:30,28939.75,28956,28858,28913.5,14099
2026-07-17T22:00:00+05:30,28914.25,28972.25,28885.75,28971,10116
2026-07-17T22:15:00+05:30,28971,29028,28960.5,28974.25,14103
2026-07-17T22:30:00+05:30,28974.75,29050.25,28966.25,28995.75,11591
2026-07-17T22:45:00+05:30,28995.5,29042.75,28979.25,29035.5,11104
2026-07-17T23:00:00+05:30,29035.75,29042.25,28943,28950.25,10088
2026-07-17T23:15:00+05:30,28949.75,28969.75,28883.75,28895.75,9012
2026-07-17T23:30:00+05:30,28896.25,28937,28856.25,28862.25,9723
2026-07-17T23:45:00+05:30,28863.25,28870.75,28822.5,28851.75,10243
2026-07-18T00:00:00+05:30,28852,28891.75,28797,28808.75,11704
2026-07-18T00:15:00+05:30,28808.25,28886,28797,28861.25,10276
2026-07-18T00:30:00+05:30,28861,28869.25,28757.75,28760,9838
2026-07-18T00:45:00+05:30,28759.25,28807,28718.5,28795.5,11622
2026-07-18T01:00:00+05:30,28795.75,28846.5,28753.75,28795.5,14161
2026-07-18T01:15:00+05:30,28795.5,28853.5,28756,28764.25,23612
2026-07-18T01:30:00+05:30,28764.5,28768,28712.5,28738.5,12456
2026-07-18T01:45:00+05:30,28738.75,28754.5,28733.5,28749.75,2605
2026-07-18T02:00:00+05:30,28749.5,28768.75,28749.25,28767.25,2811
2026-07-18T02:15:00+05:30,28767.5,28779.75,28754.5,28768.25,1690
2026-07-20T03:30:00+05:30,28747.75,28813.25,28709.75,28715.75,4155
2026-07-20T03:45:00+05:30,28715.25,28818.75,28714.25,28766.5,3174
2026-07-20T04:00:00+05:30,28763.75,28851,28757.75,28838.25,2348
2026-07-20T04:15:00+05:30,28839,28848.25,28810,28814.5,1317
2026-07-20T04:30:00+05:30,28818,28836.25,28785,28812.5,1513
2026-07-20T04:45:00+05:30,28814,28824.75,28781,28805.25,1058
2026-07-20T05:00:00+05:30,28805.5,28868.5,28793.75,28864.5,1678
2026-07-20T05:15:00+05:30,28866.75,28880.25,28815,28868.25,1953
2026-07-20T05:30:00+05:30,28870,28956.5,28806,28940.25,4507
2026-07-20T05:45:00+05:30,28940.25,28963.5,28926.5,28935,2547
2026-07-20T06:00:00+05:30,28935.75,28938.25,28873,28886.25,2672
2026-07-20T06:15:00+05:30,28888,28900.25,28850,28859.25,2009
2026-07-20T06:30:00+05:30,28861.75,28917.5,28846.5,28853,2118
2026-07-20T06:45:00+05:30,28853,28885,28811.5,28815.5,2862
2026-07-20T07:00:00+05:30,28815,28834.75,28776.5,28796.5,2488
2026-07-20T07:15:00+05:30,28796.25,28819.5,28762.75,28795.75,2037
2026-07-20T07:30:00+05:30,28798.5,28889,28795.75,28838.25,2612
2026-07-20T07:45:00+05:30,28839.5,28846.5,28793,28811.25,1634
2026-07-20T08:00:00+05:30,28811,28917.75,28809.5,28899.25,2088
2026-07-20T08:15:00+05:30,28901.25,28948,28883.75,28886,1955
2026-07-20T08:30:00+05:30,28888,28913,28856,28884.75,1176
2026-07-20T08:45:00+05:30,28883.75,28913.75,28863,28876.5,1253
2026-07-20T09:00:00+05:30,28876.5,28903.25,28851,28898.5,1300
2026-07-20T09:15:00+05:30,28900,28937.75,28881,28897.25,1574
2026-07-20T09:30:00+05:30,28900,28918.75,28863,28867.25,1245
2026-07-20T09:45:00+05:30,28867.25,28902.75,28844.5,28900.5,1148
2026-07-20T10:00:00+05:30,28900.25,28940.25,28888.25,28933.5,1712
2026-07-20T10:15:00+05:30,28934.75,28942,28892.75,28897.75,976
2026-07-20T10:30:00+05:30,28898,28901.75,28812.75,28862.25,2274
2026-07-20T10:45:00+05:30,28862.5,28862.5,28826.25,28832.75,832
2026-07-20T11:00:00+05:30,28831.25,28839,28809,28813,1237
2026-07-20T11:15:00+05:30,28813.25,28832.25,28789,28807.25,1277
2026-07-20T11:30:00+05:30,28808,28823.75,28781.75,28785.5,1256
2026-07-20T11:45:00+05:30,28783.5,28815.25,28768.75,28785,1281
2026-07-20T12:00:00+05:30,28786.5,28813.5,28766,28804.25,1193
2026-07-20T12:15:00+05:30,28802.5,28811.5,28778.5,28803.5,1028
2026-07-20T12:30:00+05:30,28805.75,28833.75,28804.5,28819.25,1583
2026-07-20T12:45:00+05:30,28820.75,28885.75,28797.75,28880.25,1782
2026-07-20T13:00:00+05:30,28880,28926,28878.25,28905.5,2309
2026-07-20T13:15:00+05:30,28905.5,28923,28879,28911,1369
2026-07-20T13:30:00+05:30,28908.25,28934.25,28889.5,28926.75,1668
2026-07-20T13:45:00+05:30,28928.25,28939.75,28895.5,28902.5,1379
2026-07-20T14:00:00+05:30,28902.25,28907.25,28860,28863.25,1161
2026-07-20T14:15:00+05:30,28864.75,28890,28860.75,28882,712
2026-07-20T14:30:00+05:30,28879.25,28888.5,28854,28878,811
2026-07-20T14:45:00+05:30,28878,28915.75,28878,28904.75,877
2026-07-20T15:00:00+05:30,28904.25,28941.5,28898,28940.75,1082
2026-07-20T15:15:00+05:30,28941,28998.25,28940,28952.5,3055
2026-07-20T15:30:00+05:30,28952.75,28957.5,28926.5,28933.25,1054
2026-07-20T15:45:00+05:30,28932.75,28962.25,28920.5,28956.75,1582
2026-07-20T16:00:00+05:30,28955,28976,28947.25,28967.25,1379
2026-07-20T16:15:00+05:30,28967.5,28980,28961.5,28969,801
2026-07-20T16:30:00+05:30,28970.75,29026.5,28963.75,29012.5,2366
2026-07-20T16:45:00+05:30,29012.25,29018,28987.75,28998.75,1626
2026-07-20T17:00:00+05:30,28997.75,29109.5,28995.5,29087.25,6795
2026-07-20T17:15:00+05:30,29088.75,29096.75,29048.25,29072.5,2950
2026-07-20T17:30:00+05:30,29072.5,29075.5,28981.75,29004.75,4402
2026-07-20T17:45:00+05:30,29003,29036.75,28991.5,29034.75,1685
2026-07-20T18:00:00+05:30,29036,29046,29001,29005.5,2081
2026-07-20T18:15:00+05:30,29005.25,29044,29004,29025,2600
2026-07-20T18:30:00+05:30,29025,29058.25,29016.75,29024,3578
2026-07-20T18:45:00+05:30,29025,29060,29021.25,29045,4216
2026-07-20T19:00:00+05:30,29045,29181.75,29025.75,29178.25,30166
2026-07-20T19:15:00+05:30,29177.75,29192.5,28979.75,28994.75,30373
2026-07-20T19:30:00+05:30,28996,29049,28938,28973.5,24445
2026-07-20T19:45:00+05:30,28971.75,29032.75,28908,29030.75,18695
2026-07-20T20:00:00+05:30,29030.75,29053.75,28952.75,28964.5,14091
2026-07-20T20:15:00+05:30,28965.5,29004.25,28874,28891.5,18178
2026-07-20T20:30:00+05:30,28891.75,28989.5,28873.25,28945,18212
2026-07-20T20:45:00+05:30,28946,29024.5,28928.75,29015.5,11616
2026-07-20T21:00:00+05:30,29015.75,29034.75,28986.25,29027.5,10093
2026-07-20T21:15:00+05:30,29028.5,29066.75,28974,29050.75,10688
2026-07-20T21:30:00+05:30,29050.75,29119,29028.75,29107,12188
2026-07-20T21:45:00+05:30,29107,29112.75,29069.75,29084.5,8236
2026-07-20T22:00:00+05:30,29085,29101.25,28962,29004.25,13003
2026-07-20T22:15:00+05:30,29005,29051.75,28956,28983.75,12668
2026-07-20T22:30:00+05:30,28983,28999.75,28922,28926.5,9438
2026-07-20T22:45:00+05:30,28926.25,28975.75,28910.25,28957.25,8454
2026-07-20T23:00:00+05:30,28958.25,28973.25,28900.75,28910,7534
2026-07-20T23:15:00+05:30,28910.75,28982.75,28908.75,28956.5,7260
2026-07-20T23:30:00+05:30,28957,29002,28956.5,28992.5,6737
2026-07-20T23:45:00+05:30,28993,29009.75,28932,28949,8374
2026-07-21T00:00:00+05:30,28949,28949,28858.75,28859.25,10149
2026-07-21T00:15:00+05:30,28860.5,28901.25,28855.75,28870,9808
2026-07-21T00:30:00+05:30,28871,28896,28807.75,28807.75,12054
2026-07-21T00:45:00+05:30,28808.5,28869,28796.5,28855.5,11362
2026-07-21T01:00:00+05:30,28855.75,28894.25,28834.25,28866.5,11559
2026-07-21T01:15:00+05:30,28866.5,28880,28767.75,28785.25,23262
2026-07-21T01:30:00+05:30,28785,28831.5,28767,28773,8389
2026-07-21T01:45:00+05:30,28772.75,28774.75,28750.5,28759.25,2508
2026-07-21T02:00:00+05:30,28759,28780.75,28757.75,28771.25,1525
2026-07-21T02:15:00+05:30,28771.75,28785.75,28767.75,28777,1032
2026-07-21T03:30:00+05:30,28778.25,28803.5,28705,28720.25,2303
2026-07-21T03:45:00+05:30,28720,28732,28710,28719.75,823
2026-07-21T04:00:00+05:30,28721.5,28734.25,28701,28720.75,1135
2026-07-21T04:15:00+05:30,28725,28734.25,28705.75,28717.75,609
2026-07-21T04:30:00+05:30,28717.75,28778.5,28711.25,28768.25,1525
2026-07-21T04:45:00+05:30,28769,28822,28765.5,28819,1866
2026-07-21T05:00:00+05:30,28818.75,28824.5,28805.75,28811.75,877
2026-07-21T05:15:00+05:30,28810.5,28832.5,28757.75,28779.25,2563
2026-07-21T05:30:00+05:30,28777.5,28777.75,28707.25,28736,3547
2026-07-21T05:45:00+05:30,28740,28834.5,28709,28816.5,3466
2026-07-21T06:00:00+05:30,28818.25,28880,28813.75,28866.25,2141
2026-07-21T06:15:00+05:30,28866.75,28897,28853.5,28856.25,2744
2026-07-21T06:30:00+05:30,28859.75,28910.75,28837.5,28903.25,2531
2026-07-21T06:45:00+05:30,28904.5,28912.5,28872.75,28891,1695
2026-07-21T07:00:00+05:30,28891.75,28920.5,28866.5,28873.25,1578
2026-07-21T07:15:00+05:30,28875.5,28911.75,28870,28885.25,1594
2026-07-21T07:30:00+05:30,28885.25,28937.75,28877.75,28885.5,1733
2026-07-21T07:45:00+05:30,28885.25,28920.25,28859,28894.5,1479
2026-07-21T08:00:00+05:30,28894.5,28955.25,28894.25,28949,1730
2026-07-21T08:15:00+05:30,28948.75,28956.75,28928.25,28955,828
2026-07-21T08:30:00+05:30,28954,28981.75,28951.25,28976,1109
2026-07-21T08:45:00+05:30,28973.75,28997.5,28971,28996.25,1169
2026-07-21T09:00:00+05:30,28996.25,29049.25,28992,29034.5,2576
2026-07-21T09:15:00+05:30,29034,29078,29033.75,29072.5,2774
2026-07-21T09:30:00+05:30,29073,29089.5,29057.75,29066.5,1892
2026-07-21T09:45:00+05:30,29066.5,29077.25,29055.75,29064,1231
2026-07-21T10:00:00+05:30,29065.25,29076.75,29056.25,29064.25,1038
2026-07-21T10:15:00+05:30,29061.5,29076.75,29048,29054,947
2026-07-21T10:30:00+05:30,29055.75,29061,29033.75,29036,960
2026-07-21T10:45:00+05:30,29035.75,29071.25,29016.5,29066.75,1609
2026-07-21T11:00:00+05:30,29066,29093.5,29039.75,29086.5,1666
2026-07-21T11:15:00+05:30,29086.25,29105,29071.5,29098.25,1422
2026-07-21T11:30:00+05:30,29096.25,29143.5,29096.25,29132.5,2458
2026-07-21T11:45:00+05:30,29133,29141.5,29109,29112.25,1886
2026-07-21T12:00:00+05:30,29113.25,29155,29113.25,29153,1742
2026-07-21T12:15:00+05:30,29153.5,29155.5,29130.25,29146.5,816
2026-07-21T12:30:00+05:30,29147.75,29162,29118,29131.5,1657
2026-07-21T12:45:00+05:30,29130.75,29130.75,29092.5,29103,1807
2026-07-21T13:00:00+05:30,29102,29127,29088,29112,1368
2026-07-21T13:15:00+05:30,29112.75,29120.75,29091,29117.25,1171
2026-07-21T13:30:00+05:30,29118,29154,29104,29151.5,1937
2026-07-21T13:45:00+05:30,29151,29168,29140.25,29168,1570
2026-07-21T14:00:00+05:30,29167.5,29176.75,29156,29167.5,1714
2026-07-21T14:15:00+05:30,29166.75,29175,29149.75,29167,1085
2026-07-21T14:30:00+05:30,29168,29181,29162.5,29172,962
2026-07-21T14:45:00+05:30,29172.25,29195.25,29163.5,29166.75,1818
2026-07-21T15:00:00+05:30,29165.5,29179.25,29151.25,29164.75,1253
2026-07-21T15:15:00+05:30,29164.5,29185.5,29153.5,29155,1060
2026-07-21T15:30:00+05:30,29155.25,29198.5,29154.75,29172.75,1653
2026-07-21T15:45:00+05:30,29171.25,29187.25,29164.75,29173.25,899
2026-07-21T16:00:00+05:30,29174.25,29207,29164,29173,1922
2026-07-21T16:15:00+05:30,29172,29186.25,29155.5,29166.25,1211
2026-07-21T16:30:00+05:30,29167.75,29184,29133.25,29158,2003
2026-07-21T16:45:00+05:30,29158.25,29158.5,29119.5,29129.75,2455
2026-07-21T17:00:00+05:30,29129,29173.25,29126,29166,2646
2026-07-21T17:15:00+05:30,29167.5,29182,29145.25,29154.25,1567
2026-07-21T17:30:00+05:30,29153.5,29195.25,29146,29179,2721
2026-07-21T17:45:00+05:30,29178.75,29179.25,29133.25,29134.25,2411
2026-07-21T18:00:00+05:30,29133,29143,29111.5,29135,2932
2026-07-21T18:15:00+05:30,29135.25,29186.75,29134.5,29171.5,3469
2026-07-21T18:30:00+05:30,29173.5,29183,29156.25,29162.25,2307
2026-07-21T18:45:00+05:30,29163,29225,29155.75,29221.5,5379
2026-07-21T19:00:00+05:30,29222.5,29246.25,29129.5,29144.5,37050
2026-07-21T19:15:00+05:30,29144.5,29178,29092.5,29152.75,23486
2026-07-21T19:30:00+05:30,29153.5,29188.5,29064.25,29131.5,22350
2026-07-21T19:45:00+05:30,29129.5,29218.25,29067,29207.25,19760
2026-07-21T20:00:00+05:30,29207.25,29236,29162,29224.5,15830
2026-07-21T20:15:00+05:30,29224.75,29256.5,29209.75,29237.5,13916
2026-07-21T20:30:00+05:30,29237.25,29297.5,29181,29291.75,16060
2026-07-21T20:45:00+05:30,29292,29320,29271.75,29307.5,12405
2026-07-21T21:00:00+05:30,29307,29308.5,29257,29261.5,12138
2026-07-21T21:15:00+05:30,29260.5,29301.25,29256.25,29259.25,7881
2026-07-21T21:30:00+05:30,29259.25,29324.75,29254.25,29301.75,9338
2026-07-21T21:45:00+05:30,29302,29337.75,29301.25,29312.5,8840
2026-07-21T22:00:00+05:30,29313,29336,29302,29318.75,6960
2026-07-21T22:15:00+05:30,29318.5,29352.5,29311.25,29331.75,7696
2026-07-21T22:30:00+05:30,29331.5,29355.5,29330.75,29334.75,6701
2026-07-21T22:45:00+05:30,29335,29345.75,29323,29333,5347
2026-07-21T23:00:00+05:30,29333.25,29351.5,29327.25,29341.5,6171
2026-07-21T23:15:00+05:30,29341.75,29364.75,29332.25,29341.25,6172
2026-07-21T23:30:00+05:30,29341.5,29361.75,29337.5,29337.75,5971
2026-07-21T23:45:00+05:30,29338,29344.75,29318.5,29325,5266
2026-07-22T00:00:00+05:30,29325.25,29349,29310.5,29347.25,6576
2026-07-22T00:15:00+05:30,29347.75,29355.75,29316.75,29328.5,6312
2026-07-22T00:30:00+05:30,29328.25,29335.5,29304.25,29309.25,7476
2026-07-22T00:45:00+05:30,29308.5,29320.5,29290.75,29293.75,7378
2026-07-22T01:00:00+05:30,29293.25,29340.5,29290.75,29337.75,9331
2026-07-22T01:15:00+05:30,29337.75,29352,29300.25,29310.75,27783
2026-07-22T01:30:00+05:30,29312,29316.75,29285.25,29306.5,9730
2026-07-22T01:45:00+05:30,29306,29306,29283.75,29292.5,2122
2026-07-22T02:00:00+05:30,29292.5,29304.25,29290,29292.5,1558
2026-07-22T02:15:00+05:30,29293.25,29294.5,29279,29289.75,2054
2026-07-22T03:30:00+05:30,29310.75,29310.75,29280.5,29296.5,1236
2026-07-22T03:45:00+05:30,29297,29302.25,29265,29271,945
2026-07-22T04:00:00+05:30,29270,29284,29257.25,29270.25,744
2026-07-22T04:15:00+05:30,29269.25,29276,29253,29273.75,787
2026-07-22T04:30:00+05:30,29273.5,29289.25,29261,29281.75,828
2026-07-22T04:45:00+05:30,29283,29304.75,29272,29297.25,914
2026-07-22T05:00:00+05:30,29296.25,29304.5,29270.25,29281.5,873
2026-07-22T05:15:00+05:30,29279.5,29303,29268,29298.5,1264
2026-07-22T05:30:00+05:30,29298.5,29337,29286,29327.75,2708
2026-07-22T05:45:00+05:30,29329.5,29330.5,29290.25,29299,1681
2026-07-22T06:00:00+05:30,29300.25,29305.5,29272.5,29285.5,1440
2026-07-22T06:15:00+05:30,29282.75,29293,29258.25,29288,1859
2026-07-22T06:30:00+05:30,29289.75,29293.75,29234.5,29257,2047
2026-07-22T06:45:00+05:30,29259,29272,29239.5,29246,1340
2026-07-22T07:00:00+05:30,29243,29260.75,29232,29255.25,1240
2026-07-22T07:15:00+05:30,29253,29307,29251.25,29277.25,1920
2026-07-22T07:30:00+05:30,29277.25,29284,29238.25,29260.75,1690
2026-07-22T07:45:00+05:30,29260,29284.5,29250.5,29276,975
2026-07-22T08:00:00+05:30,29275.5,29277.25,29243,29253.75,1116
2026-07-22T08:15:00+05:30,29252.25,29263.75,29228,29238.25,1143
2026-07-22T08:30:00+05:30,29239.25,29245,29210,29214.25,1495
2026-07-22T08:45:00+05:30,29213.25,29262,29212,29262,1487
2026-07-22T09:00:00+05:30,29260.25,29267.25,29217,29222.5,1167
2026-07-22T09:15:00+05:30,29224.25,29241.5,29190.25,29200,1767
2026-07-22T09:30:00+05:30,29199,29225,29187.75,29213.25,1271
2026-07-22T09:45:00+05:30,29216,29238.5,29216,29234,792
2026-07-22T10:00:00+05:30,29231.75,29232.5,29208.75,29217.5,1032
2026-07-22T10:15:00+05:30,29216.75,29222.75,29193.75,29221.5,827
2026-07-22T10:30:00+05:30,29222.25,29225.25,29179.5,29186.5,1144
2026-07-22T10:45:00+05:30,29187.75,29196.25,29166,29166,1215
2026-07-22T11:00:00+05:30,29165.5,29183.75,29145.5,29146,1635
2026-07-22T11:15:00+05:30,29148,29177.75,29140.25,29172.75,1432
2026-07-22T11:30:00+05:30,29171.25,29173,29126,29133.25,2005
2026-07-22T11:45:00+05:30,29131.75,29131.75,29060,29079.5,2982
2026-07-22T12:00:00+05:30,29077.75,29115.5,29068,29102.75,1835
2026-07-22T12:15:00+05:30,29101.75,29103,29062.25,29092.75,1923
2026-07-22T12:30:00+05:30,29091.75,29102.25,29051,29097,2340
2026-07-22T12:45:00+05:30,29098,29124.5,29084.25,29119.25,1805
2026-07-22T13:00:00+05:30,29117.5,29123.75,29025.75,29065,2656
2026-07-22T13:15:00+05:30,29064.25,29077,29040,29056,1939
2026-07-22T13:30:00+05:30,29059.75,29107,29038.75,29067,2486
2026-07-22T13:45:00+05:30,29066,29105,29061.5,29100.25,1580
2026-07-22T14:00:00+05:30,29101.25,29115.5,29079,29086.75,987
2026-07-22T14:15:00+05:30,29086.75,29117.75,29086,29110,829
2026-07-22T14:30:00+05:30,29110.25,29150,29106.25,29132,1818
2026-07-22T14:45:00+05:30,29132.25,29146.75,29123.5,29126.25,843
2026-07-22T15:00:00+05:30,29125,29126.5,29096,29116.25,1257
2026-07-22T15:15:00+05:30,29115,29128.5,29089.25,29127,1106
2026-07-22T15:30:00+05:30,29128.25,29159.75,29119.25,29121,1467
2026-07-22T15:45:00+05:30,29120,29168.5,29113,29161.25,2028
2026-07-22T16:00:00+05:30,29162.25,29169.75,29134.75,29136.25,1028
2026-07-22T16:15:00+05:30,29133.75,29173,29133,29153,1436
2026-07-22T16:30:00+05:30,29154,29164.75,29122.5,29124.25,1678
2026-07-22T16:45:00+05:30,29123,29135.75,29099.25,29101.75,2066
2026-07-22T17:00:00+05:30,29102,29114.5,29017.5,29041.75,3791
2026-07-22T17:15:00+05:30,29041.75,29079,29035.75,29054,2359
2026-07-22T17:30:00+05:30,29056.5,29071,29026,29045.25,3398
2026-07-22T17:45:00+05:30,29045.25,29048.25,28995,29027,3391
2026-07-22T18:00:00+05:30,29028,29068.75,29028,29056.5,4421
2026-07-22T18:15:00+05:30,29056,29056.5,28952,29017.25,6716
2026-07-22T18:30:00+05:30,29017.5,29063.5,29017.5,29056.75,2654
2026-07-22T18:45:00+05:30,29057,29099,29054.25,29089.75,5403
2026-07-22T19:00:00+05:30,29090.5,29186,29090,29178.75,30974
2026-07-22T19:15:00+05:30,29178.5,29277.25,29153,29276.75,25234
2026-07-22T19:30:00+05:30,29277,29283.75,29216.75,29236.25,19812
2026-07-22T19:45:00+05:30,29236.5,29273.75,29196,29220,18770
2026-07-22T20:00:00+05:30,29219.25,29260.25,29172.75,29185.25,15181
2026-07-22T20:15:00+05:30,29186.25,29245,29173.5,29241,14261
2026-07-22T20:30:00+05:30,29241.25,29314,29240.25,29306.5,13839
2026-07-22T20:45:00+05:30,29306.5,29342.25,29291.75,29324.5,11315
2026-07-22T21:00:00+05:30,29324.25,29335.5,29274.25,29289,10828
2026-07-22T21:15:00+05:30,29289,29332.75,29289,29329.5,8373
2026-07-22T21:30:00+05:30,29330.25,29333.75,29312.75,29328.5,5953
2026-07-22T21:45:00+05:30,29328.25,29335,29300.25,29311,6313
2026-07-22T22:00:00+05:30,29311,29328.25,29283.75,29290.5,5792
2026-07-22T22:15:00+05:30,29290.75,29321.75,29276.75,29310.5,7067
2026-07-22T22:30:00+05:30,29310.5,29331.25,29303,29309.75,6202
2026-07-22T22:45:00+05:30,29310.25,29319.25,29295,29306,6366
2026-07-22T23:00:00+05:30,29304,29320,29280.75,29293.75,6817
2026-07-22T23:15:00+05:30,29294.75,29298.25,29234.25,29244.25,8299
2026-07-22T23:30:00+05:30,29244,29271.25,29223.75,29224.5,9415
2026-07-22T23:45:00+05:30,29224.5,29255.75,29222.25,29239,7534
2026-07-23T00:00:00+05:30,29239,29240,29207.75,29228.5,7922
2026-07-23T00:15:00+05:30,29228.5,29259,29224.25,29245.25,6461
2026-07-23T00:30:00+05:30,29245.75,29258,29215.5,29225,7209
2026-07-23T00:45:00+05:30,29224.75,29260,29217.25,29253,6731
2026-07-23T01:00:00+05:30,29253.5,29254.25,29192.5,29212.25,9418
2026-07-23T01:15:00+05:30,29212.5,29246,29158.25,29160.5,20928
2026-07-23T01:30:00+05:30,29161,29251,29119,29249,17984
2026-07-23T01:45:00+05:30,29249,29260,29203.25,29217.5,5383
2026-07-23T02:00:00+05:30,29216.25,29225.75,29182.5,29185,2464
2026-07-23T02:15:00+05:30,29183.5,29212.5,29165,29165,1819
2026-07-23T03:30:00+05:30,29100,29142.5,29060.5,29085.5,3537
2026-07-23T03:45:00+05:30,29086,29107,29070,29080.5,1911
2026-07-23T04:00:00+05:30,29081.25,29091.25,29041,29046.25,1785
2026-07-23T04:15:00+05:30,29047.25,29086.5,29039.25,29072.75,1415
2026-07-23T04:30:00+05:30,29073.5,29081.25,29021.75,29064.5,1970
2026-07-23T04:45:00+05:30,29062.25,29066.75,29035.5,29058.75,929
2026-07-23T05:00:00+05:30,29059,29098.25,29058.75,29097.75,1255
2026-07-23T05:15:00+05:30,29095.75,29145.5,29089.75,29142.25,2473
2026-07-23T05:30:00+05:30,29143.75,29173,29132.5,29166.75,2699
2026-07-23T05:45:00+05:30,29166.5,29255.5,29157.25,29226.5,3785
2026-07-23T06:00:00+05:30,29226.75,29249.5,29218.25,29234,1962
2026-07-23T06:15:00+05:30,29233.75,29282.5,29228.75,29255,2523
2026-07-23T06:30:00+05:30,29256.25,29272,29236,29267.75,1851
2026-07-23T06:45:00+05:30,29270,29273.5,29232.5,29240.25,1572
2026-07-23T07:00:00+05:30,29242,29260.5,29181,29182,3032
2026-07-23T07:15:00+05:30,29183,29218,29175.5,29176,2076
2026-07-23T07:30:00+05:30,29176,29201,29147.75,29148.5,1955
2026-07-23T07:45:00+05:30,29148,29155.5,29092,29105,2173
2026-07-23T08:00:00+05:30,29104.5,29126.75,29057,29069.5,2682
2026-07-23T08:15:00+05:30,29069.5,29096.75,29063,29089,1761
2026-07-23T08:30:00+05:30,29093.5,29096.75,29029.5,29053.5,2306
2026-07-23T08:45:00+05:30,29054.25,29084.25,29039,29084.25,2056
2026-07-23T09:00:00+05:30,29083.25,29116.5,29072.25,29116.25,1929
2026-07-23T09:15:00+05:30,29116,29128,29102.75,29111.75,1184
2026-07-23T09:30:00+05:30,29112,29136.75,29068.5,29136.75,1762
2026-07-23T09:45:00+05:30,29135.25,29163,29111.75,29151.5,1990
2026-07-23T10:00:00+05:30,29153.5,29165.25,29137.75,29141.5,1217
2026-07-23T10:15:00+05:30,29141.25,29158.25,29112.5,29125.25,1210
2026-07-23T10:30:00+05:30,29126,29129,29100,29118.75,1042
2026-07-23T10:45:00+05:30,29116.5,29170.75,29098.5,29170.75,1702
2026-07-23T11:00:00+05:30,29170.25,29183.25,29137.5,29148.75,1404
2026-07-23T11:15:00+05:30,29148.75,29148.75,29079.25,29088,1629
2026-07-23T11:30:00+05:30,29088,29116.5,29077.25,29097.5,1357
2026-07-23T11:45:00+05:30,29099.75,29112.25,29079.25,29108.75,1269
2026-07-23T12:00:00+05:30,29108,29114,29081.5,29081.75,1092
2026-07-23T12:15:00+05:30,29082.75,29119.25,29074,29084,1468
2026-07-23T12:30:00+05:30,29083.75,29086.75,28954,28996.25,4893
2026-07-23T12:45:00+05:30,28996.75,29038.75,28993.5,29015.5,2574
2026-07-23T13:00:00+05:30,29015.75,29019.75,28937.5,28940.5,2620
2026-07-23T13:15:00+05:30,28940,28989.25,28922.25,28987.5,2462
2026-07-23T13:30:00+05:30,28988.75,29042,28958.25,29034.75,2621
2026-07-23T13:45:00+05:30,29035.5,29061.25,29017,29051,2603
2026-07-23T14:00:00+05:30,29049.25,29061.5,29030.75,29037.75,1294
2026-07-23T14:15:00+05:30,29036.5,29111,29033.75,29103,1758
2026-07-23T14:30:00+05:30,29103.5,29137.75,29079.75,29082.25,2410
2026-07-23T14:45:00+05:30,29080.75,29103,29078,29091,1053
2026-07-23T15:00:00+05:30,29092,29092,29067.25,29074.25,1064
2026-07-23T15:15:00+05:30,29076.75,29087.25,29045,29055.25,1305
2026-07-23T15:30:00+05:30,29054.25,29067,29038,29043,1267
2026-07-23T15:45:00+05:30,29042.25,29063.5,29036,29053,1198
2026-07-23T16:00:00+05:30,29051.75,29122.25,29045.25,29101.25,2567
2026-07-23T16:15:00+05:30,29100.5,29108,29094,29103,936
2026-07-23T16:30:00+05:30,29103,29106.5,29033.75,29058.75,1930
2026-07-23T16:45:00+05:30,29056,29072.5,28992.5,28993.75,2894
2026-07-23T17:00:00+05:30,28994.75,29002.25,28913,28925.25,4746
2026-07-23T17:15:00+05:30,28927,28985,28913.5,28965,3906
2026-07-23T17:30:00+05:30,28964,28967.75,28914.75,28916.75,2619
2026-07-23T17:45:00+05:30,28915.25,28938.5,28854.5,28864.5,5656
2026-07-23T18:00:00+05:30,28864.5,28875,28768,28789.25,8587
2026-07-23T18:15:00+05:30,28790,28806.5,28754.75,28787.5,6677
2026-07-23T18:30:00+05:30,28786.5,28804.5,28715.75,28727,11037
2026-07-23T18:45:00+05:30,28726.5,28731.5,28697,28719.25,10981
2026-07-23T19:00:00+05:30,28718.25,28883,28657,28857,42936
2026-07-23T19:15:00+05:30,28855.25,28868,28696,28707.75,35745
2026-07-23T19:30:00+05:30,28709.25,28801.25,28678.25,28704.75,30434
2026-07-23T19:45:00+05:30,28704.75,28780.25,28686.5,28731.5,20921
2026-07-23T20:00:00+05:30,28731,28773.25,28625.5,28645,26360
2026-07-23T20:15:00+05:30,28644.5,28670.5,28577.25,28596.75,21773
2026-07-23T20:30:00+05:30,28597.25,28604.5,28483,28494.25,24945
2026-07-23T20:45:00+05:30,28494,28569,28447.75,28467.25,25374
2026-07-23T21:00:00+05:30,28467.75,28551,28432.5,28494.5,19342
2026-07-23T21:15:00+05:30,28493.5,28590,28478.25,28588.5,14353
2026-07-23T21:30:00+05:30,28588.5,28644.25,28573.25,28629.75,14945
2026-07-23T21:45:00+05:30,28630,28715,28609.5,28707.25,13292
2026-07-23T22:00:00+05:30,28707.5,28738.25,28682.25,28687.75,13671
2026-07-23T22:15:00+05:30,28687.5,28687.5,28609.5,28640.75,14859
2026-07-23T22:30:00+05:30,28641.25,28663.25,28588,28642.5,13071
2026-07-23T22:45:00+05:30,28642,28676.75,28614.75,28652.5,10847
2026-07-23T23:00:00+05:30,28653,28657,28570.5,28594.5,9861
2026-07-23T23:15:00+05:30,28594.25,28629.25,28565.5,28568,8868
2026-07-23T23:30:00+05:30,28568.25,28582.25,28542.5,28560,9103
2026-07-23T23:45:00+05:30,28560.25,28584.25,28545.25,28575,9110
2026-07-24T00:00:00+05:30,28574.75,28603.5,28545,28550.5,8928
2026-07-24T00:15:00+05:30,28549.75,28578.5,28525.25,28550,8671
2026-07-24T00:30:00+05:30,28550,28566.75,28501,28505.75,8641
2026-07-24T00:45:00+05:30,28506.5,28595.25,28504.5,28583,12094
2026-07-24T01:00:00+05:30,28583.5,28595.5,28501.5,28502.25,11311
2026-07-24T01:15:00+05:30,28502,28633.5,28486.25,28615,31823
2026-07-24T01:30:00+05:30,28615.25,28747.5,28610.5,28726.75,18076
2026-07-24T01:45:00+05:30,28727.5,28777.25,28718.5,28769.5,4439
2026-07-24T02:00:00+05:30,28768.5,28782,28728,28736,3194
2026-07-24T02:15:00+05:30,28735.5,28747,28725.25,28739.25,2285
2026-07-24T03:30:00+05:30,28700.25,28709.25,28632,28642,2264
2026-07-24T03:45:00+05:30,28641.25,28676.75,28624,28662.25,1766
2026-07-24T04:00:00+05:30,28662.5,28692.25,28662.5,28684.75,1369
2026-07-24T04:15:00+05:30,28683.75,28732.75,28683,28731.25,1626
2026-07-24T04:30:00+05:30,28729.5,28736,28687.5,28696.75,1753
2026-07-24T04:45:00+05:30,28698,28708.5,28689,28698.5,1014
2026-07-24T05:00:00+05:30,28698,28700.75,28661.25,28687,1513
2026-07-24T05:15:00+05:30,28687.25,28708.25,28658.25,28679,1958
2026-07-24T05:30:00+05:30,28680.25,28724,28619,28643.25,4258
2026-07-24T05:45:00+05:30,28643.75,28684.25,28615.75,28643,2742
2026-07-24T06:00:00+05:30,28646,28677.5,28618,28655.75,2156
2026-07-24T06:15:00+05:30,28656.75,28680,28627,28672,1991
2026-07-24T06:30:00+05:30,28672.25,28701.5,28656.5,28661.25,1828
2026-07-24T06:45:00+05:30,28662.5,28693,28641.25,28656.25,1913
2026-07-24T07:00:00+05:30,28655.5,28685.5,28646.25,28664,1693
2026-07-24T07:15:00+05:30,28663,28673.25,28607,28614.25,1570
2026-07-24T07:30:00+05:30,28612.75,28632,28593.75,28616.75,1474
2026-07-24T07:45:00+05:30,28617.5,28625,28587,28594.75,1605
2026-07-24T08:00:00+05:30,28595.25,28598.25,28547.75,28548,2280
2026-07-24T08:15:00+05:30,28548,28552.5,28515,28519.25,2081
2026-07-24T08:30:00+05:30,28520,28546.5,28517.75,28539.5,1493
2026-07-24T08:45:00+05:30,28539.5,28560.75,28521.25,28545.5,2065
2026-07-24T09:00:00+05:30,28544.25,28555.75,28499.75,28505,2215
2026-07-24T09:15:00+05:30,28503.5,28520,28481,28485,2134
2026-07-24T09:30:00+05:30,28486.5,28515.75,28465.5,28485,1967
2026-07-24T09:45:00+05:30,28485.25,28556.75,28483,28551.75,1713
2026-07-24T10:00:00+05:30,28550.5,28558,28512.25,28529.25,1134
2026-07-24T10:15:00+05:30,28528.75,28571.5,28520,28565.25,1528
2026-07-24T10:30:00+05:30,28564.5,28600.25,28548.25,28593.25,1400
2026-07-24T10:45:00+05:30,28590.75,28602,28569.5,28582.25,1408
2026-07-24T11:00:00+05:30,28583,28595,28566.5,28590.25,1294
2026-07-24T11:15:00+05:30,28589.75,28607,28544,28545,1530
2026-07-24T11:30:00+05:30,28546.75,28550,28503,28508.75,1694
2026-07-24T11:45:00+05:30,28512,28576.25,28507.75,28534.5,2314
2026-07-24T12:00:00+05:30,28536.5,28561.5,28505,28507,1387
2026-07-24T12:15:00+05:30,28507.75,28548,28481,28543.75,1983
2026-07-24T12:30:00+05:30,28544,28637.75,28539.25,28636.5,3602
2026-07-24T12:45:00+05:30,28637,28663,28623.5,28654,2233
2026-07-24T13:00:00+05:30,28653.75,28658,28609,28626.25,1495
2026-07-24T13:15:00+05:30,28625.5,28633,28611.25,28614.25,1001
2026-07-24T13:30:00+05:30,28615.75,28619,28556.5,28573.5,2401
2026-07-24T13:45:00+05:30,28573.5,28622.25,28571.25,28621.75,1587
2026-07-24T14:00:00+05:30,28621.75,28649.5,28614.75,28631,1611
2026-07-24T14:15:00+05:30,28630,28635,28609,28622,833
2026-07-24T14:30:00+05:30,28623.5,28681.25,28612,28643.25,1972
2026-07-24T14:45:00+05:30,28642,28677,28632,28672.75,1554
2026-07-24T15:00:00+05:30,28674.75,28702,28663.25,28695.25,1918
2026-07-24T15:15:00+05:30,28695.5,28704.25,28680.25,28700.5,999
2026-07-24T15:30:00+05:30,28700.25,28706.25,28658.5,28664,1488
2026-07-24T15:45:00+05:30,28663.5,28679.25,28654.25,28667.5,1407
2026-07-24T16:00:00+05:30,28668.25,28686.5,28637.75,28646.5,1406
2026-07-24T16:15:00+05:30,28646.5,28657.25,28633.25,28640.5,1234
2026-07-24T16:30:00+05:30,28640,28666.75,28632,28656,1685
2026-07-24T16:45:00+05:30,28656.75,28663.75,28637,28644.25,1228
2026-07-24T17:00:00+05:30,28641,28649,28616.25,28616.25,1855
2026-07-24T17:15:00+05:30,28618.5,28700,28601.5,28680.5,3960
2026-07-24T17:30:00+05:30,28678.5,28695.5,28624.25,28690,3713
2026-07-24T17:45:00+05:30,28689.25,28698.5,28650,28686.5,2950
2026-07-24T18:00:00+05:30,28686,28689,28624.25,28629.75,2718
2026-07-24T18:15:00+05:30,28628.75,28635.75,28587.25,28592,3462
2026-07-24T18:30:00+05:30,28591.25,28602.5,28571.75,28591.75,3777
2026-07-24T18:45:00+05:30,28590.75,28616,28538,28540.25,6011
2026-07-24T19:00:00+05:30,28540,28622,28458.25,28485,35785
2026-07-24T19:15:00+05:30,28483.25,28511.75,28313.5,28322.25,32493
2026-07-24T19:30:00+05:30,28323,28451.25,28304.25,28420.75,30195
2026-07-24T19:45:00+05:30,28421,28432.25,28299,28391,23925
2026-07-24T20:00:00+05:30,28391.75,28396,28262.75,28287.25,20277
2026-07-24T20:15:00+05:30,28287,28461.5,28254.5,28449.25,23473
2026-07-24T20:30:00+05:30,28449,28510,28355,28493.25,25655
2026-07-24T20:45:00+05:30,28494.25,28557.25,28453.5,28499.75,21874
2026-07-24T21:00:00+05:30,28500.75,28577.5,28484.5,28506,17500
2026-07-24T21:15:00+05:30,28507,28583.75,28491.75,28576,13846
2026-07-24T21:30:00+05:30,28576.75,28630.75,28549.5,28574.25,14436
2026-07-24T21:45:00+05:30,28574.5,28594,28552.5,28565.75,9360
2026-07-24T22:00:00+05:30,28566,28569,28495,28499.75,12607
2026-07-24T22:15:00+05:30,28499.25,28511,28460.25,28495.75,9553
2026-07-24T22:30:00+05:30,28494.75,28502.5,28427,28459.25,13344
2026-07-24T22:45:00+05:30,28458,28521.75,28441,28514.5,9620
2026-07-24T23:00:00+05:30,28515.25,28544,28463,28464.75,9235
2026-07-24T23:15:00+05:30,28464.75,28501.75,28452,28466,7146
2026-07-24T23:30:00+05:30,28467,28486,28420.25,28428.25,7191
2026-07-24T23:45:00+05:30,28428.25,28431,28333,28336.25,11101
2026-07-25T00:00:00+05:30,28337.75,28346.75,28259,28276.5,16587
2026-07-25T00:15:00+05:30,28275.25,28328.5,28269.75,28302.5,10391
2026-07-25T00:30:00+05:30,28301.75,28328.5,28219.75,28221.75,13703
2026-07-25T00:45:00+05:30,28220.75,28266.5,28212.5,28253.5,10298
2026-07-25T01:00:00+05:30,28253,28304.75,28238.75,28274,15320
2026-07-25T01:15:00+05:30,28274.25,28295,28224.5,28283.25,26612
2026-07-25T01:30:00+05:30,28283.5,28303.25,28259.25,28291.25,9535
2026-07-25T01:45:00+05:30,28292.25,28329.5,28292.25,28305,2453
2026-07-25T02:00:00+05:30,28303.5,28307.25,28283.75,28305.5,1904
2026-07-25T02:15:00+05:30,28305.75,28313.5,28289.25,28306.5,1403
2026-07-27T03:30:00+05:30,28500,28682.25,28500,28614,5538
2026-07-27T03:45:00+05:30,28614.5,28647,28594.5,28623.25,2224
2026-07-27T04:00:00+05:30,28623.5,28641.5,28618.75,28626,1092
2026-07-27T04:15:00+05:30,28625.25,28636.25,28604,28609.5,1062
2026-07-27T04:30:00+05:30,28612.25,28638.75,28597.75,28630.75,1269
2026-07-27T04:45:00+05:30,28631.5,28637,28610.25,28616.75,868
2026-07-27T05:00:00+05:30,28617,28669.75,28610.5,28653.75,1354
2026-07-27T05:15:00+05:30,28654.75,28731,28638,28727.5,3385
2026-07-27T05:30:00+05:30,28728.25,28733.75,28615,28663.5,4951
2026-07-27T05:45:00+05:30,28661.75,28662.5,28581.75,28619.25,3476
2026-07-27T06:00:00+05:30,28618.25,28656,28597.25,28598.25,2116
2026-07-27T06:15:00+05:30,28600,28655.25,28595.25,28598.25,1916
2026-07-27T06:30:00+05:30,28599.75,28634.5,28565.75,28572.75,2278
2026-07-27T06:45:00+05:30,28572.25,28582,28525,28538,3183
2026-07-27T07:00:00+05:30,28542.75,28621.25,28536,28590.25,2925
2026-07-27T07:15:00+05:30,28589.5,28614,28571.75,28614,1575
2026-07-27T07:30:00+05:30,28614.75,28627.75,28587,28608.5,1594
2026-07-27T07:45:00+05:30,28606.75,28652.75,28605.5,28638.5,1633
2026-07-27T08:00:00+05:30,28639,28657.25,28606.25,28648.25,1325
2026-07-27T08:15:00+05:30,28650.25,28658.5,28611.5,28615.5,910
2026-07-27T08:30:00+05:30,28615.5,28646,28606,28644.25,1386
2026-07-27T08:45:00+05:30,28644,28650.75,28618.25,28619.25,832
2026-07-27T09:00:00+05:30,28620.5,28637,28599.75,28619.75,993
2026-07-27T09:15:00+05:30,28619,28627,28592.75,28614,849
2026-07-27T09:30:00+05:30,28614,28626.5,28597.75,28621,664
2026-07-27T09:45:00+05:30,28621.25,28647,28606.75,28620.75,989
2026-07-27T10:00:00+05:30,28620.75,28653.75,28609.25,28648.75,814
2026-07-27T10:15:00+05:30,28648.75,28663,28637.75,28644,1068
2026-07-27T10:30:00+05:30,28646.25,28674.75,28638,28671.5,906
2026-07-27T10:45:00+05:30,28669,28684,28665.25,28679.75,972
2026-07-27T11:00:00+05:30,28680,28703.75,28673.75,28686.5,1578
2026-07-27T11:15:00+05:30,28685.75,28704.25,28681.25,28694.5,867
2026-07-27T11:30:00+05:30,28694.5,28728.5,28693.75,28717.25,1747
2026-07-27T11:45:00+05:30,28716.75,28723,28693.75,28697.75,1217
2026-07-27T12:00:00+05:30,28697.25,28715.5,28694,28696,1334
2026-07-27T12:15:00+05:30,28697.25,28702.75,28680,28695,1301
2026-07-27T12:30:00+05:30,28692.75,28729,28689,28727.5,1779
2026-07-27T12:45:00+05:30,28728.25,28732,28702.5,28705.25,997
2026-07-27T13:00:00+05:30,28703.25,28704,28672,28695.5,1700
2026-07-27T13:15:00+05:30,28695.5,28701.75,28661.25,28661.75,1179
2026-07-27T13:30:00+05:30,28661,28701.25,28658.5,28693.25,1696
2026-07-27T13:45:00+05:30,28692,28724.25,28677,28719,983
2026-07-27T14:00:00+05:30,28720.75,28744,28703.25,28733.75,1546
2026-07-27T14:15:00+05:30,28736.5,28749.5,28724.5,28736,1048
2026-07-27T14:30:00+05:30,28737,28738.75,28719.75,28725.5,1016
2026-07-27T14:45:00+05:30,28725.25,28738.75,28723.25,28726.25,878
2026-07-27T15:00:00+05:30,28727,28748.25,28718.25,28746.75,1520
2026-07-27T15:15:00+05:30,28746,28763.25,28742.5,28744.75,1480
2026-07-27T15:30:00+05:30,28744,28753.5,28726.25,28737.75,1395
2026-07-27T15:45:00+05:30,28738.75,28748,28730.25,28738,832
2026-07-27T16:00:00+05:30,28740,28750.5,28733.75,28748,744
2026-07-27T16:15:00+05:30,28746,28758,28739.75,28740.75,837
2026-07-27T16:30:00+05:30,28742,28743.5,28708.25,28712.5,1572
2026-07-27T16:45:00+05:30,28711.5,28720,28648.5,28652.75,2241
2026-07-27T17:00:00+05:30,28653.25,28685,28645.5,28667.75,3156
2026-07-27T17:15:00+05:30,28667.25,28677,28659.25,28673,1310
2026-07-27T17:30:00+05:30,28673.25,28697.75,28633.25,28635,2954
2026-07-27T17:45:00+05:30,28637,28653.25,28629.25,28650.75,1896
2026-07-27T18:00:00+05:30,28650.5,28671,28631.75,28669,2092
2026-07-27T18:15:00+05:30,28669.25,28692.5,28666.25,28690.25,2913
2026-07-27T18:30:00+05:30,28692,28700,28647.75,28662.25,3532
2026-07-27T18:45:00+05:30,28662.75,28676,28588,28590.5,6073
2026-07-27T19:00:00+05:30,28590.5,28615.75,28428,28455,39608
2026-07-27T19:15:00+05:30,28455,28504,28341.25,28347.75,28923
2026-07-27T19:30:00+05:30,28347.75,28372.75,28230.75,28252,32963
2026-07-27T19:45:00+05:30,28253.25,28299,28075.25,28086.25,27996
2026-07-27T20:00:00+05:30,28086.5,28105.25,27939,27959,34509
2026-07-27T20:15:00+05:30,27958.5,28180.25,27957.25,28169.25,31449
2026-07-27T20:30:00+05:30,28171,28198.5,28121.75,28124.75,22870
2026-07-27T20:45:00+05:30,28125.25,28151.5,28046,28072.25,20750
2026-07-27T21:00:00+05:30,28074.25,28085.75,27980.25,28039.75,16708
2026-07-27T21:15:00+05:30,28039,28074,27995.25,28062.5,12778
2026-07-27T21:30:00+05:30,28062.75,28154.25,28057.75,28078.75,14335
2026-07-27T21:45:00+05:30,28078.75,28204.5,28043.5,28153.75,19239
2026-07-27T22:00:00+05:30,28154.25,28196.75,28112.5,28132.75,12860
2026-07-27T22:15:00+05:30,28134.25,28156,28027.75,28048.5,12557
2026-07-27T22:30:00+05:30,28047,28056.25,27993.75,28033.75,11942
2026-07-27T22:45:00+05:30,28034,28043.25,27986,27998.75,8465
2026-07-27T23:00:00+05:30,27998.5,28065,27997.5,28036.25,8760
2026-07-27T23:15:00+05:30,28036,28106.25,28013.75,28104.75,8599
2026-07-27T23:30:00+05:30,28104.75,28121.25,28085.5,28100.5,8467
2026-07-27T23:45:00+05:30,28100.5,28105.25,28049.75,28082,8070
2026-07-28T00:00:00+05:30,28082.25,28088.25,28019.25,28083.5,10626
2026-07-28T00:15:00+05:30,28083.25,28191,28069.5,28188.25,12362
2026-07-28T00:30:00+05:30,28188.75,28232.25,28165.25,28201.25,11513
2026-07-28T00:45:00+05:30,28200.75,28247.5,28195.5,28243,9087
2026-07-28T01:00:00+05:30,28243.75,28255.75,28172.5,28175.75,10439
2026-07-28T01:15:00+05:30,28176,28205,28155.25,28192.25,21676
2026-07-28T01:30:00+05:30,28192.5,28219.5,28169.25,28190.75,8697
2026-07-28T01:45:00+05:30,28190.5,28194.5,28174.25,28194.5,1556
2026-07-28T02:00:00+05:30,28194.5,28230,28186.75,28207.5,1704
2026-07-28T02:15:00+05:30,28208.25,28212,28186.75,28210,1672
2026-07-28T03:30:00+05:30,28210.5,28228,28156,28158.5,1505
2026-07-28T03:45:00+05:30,28159,28167.75,28125.5,28129.5,1704
2026-07-28T04:00:00+05:30,28128.25,28156.5,28124.5,28133.5,1194
2026-07-28T04:15:00+05:30,28134.75,28149,28123.5,28132.5,1039
2026-07-28T04:30:00+05:30,28131.75,28151.75,28105.25,28129,1498
2026-07-28T04:45:00+05:30,28129.25,28163.25,28118,28162.25,1224
2026-07-28T05:00:00+05:30,28160.75,28161.5,28130,28132,787
2026-07-28T05:15:00+05:30,28134.5,28179.25,28121.25,28163.5,2148
2026-07-28T05:30:00+05:30,28164.75,28195,28094.75,28111,3326
2026-07-28T05:45:00+05:30,28111,28132,28068.25,28104.5,2648
2026-07-28T06:00:00+05:30,28103.75,28139.75,28059.75,28121,2282
2026-07-28T06:15:00+05:30,28118.75,28119.5,28052.75,28072,2073
2026-07-28T06:30:00+05:30,28072,28078,27969,27992.75,4255
2026-07-28T06:45:00+05:30,27993.25,28078.25,27986,28062.25,3262
2026-07-28T07:00:00+05:30,28059.75,28097,28046.75,28080.75,1987
2026-07-28T07:15:00+05:30,28078.75,28094.75,28008.75,28022,1836
2026-07-28T07:30:00+05:30,28021.75,28024.25,27984.25,27996.25,1950
2026-07-28T07:45:00+05:30,27992.75,28030.25,27972.25,27987.75,2181
2026-07-28T08:00:00+05:30,27987,27989.5,27951.5,27972,2284
2026-07-28T08:15:00+05:30,27972.5,28006.75,27955,27993,1929
2026-07-28T08:30:00+05:30,27993,27998,27932.5,27968.75,2325
2026-07-28T08:45:00+05:30,27967.5,28047.25,27964,27987.5,3023
2026-07-28T09:00:00+05:30,27984.5,28063.25,27951.5,28056.75,3052
2026-07-28T09:15:00+05:30,28057.25,28070.5,28026.5,28049.25,1435
2026-07-28T09:30:00+05:30,28049,28049.25,27978,27986.75,1363
2026-07-28T09:45:00+05:30,27986,28017,27970,27972.75,1557
2026-07-28T10:00:00+05:30,27972.75,27984,27960,27974.25,1083
2026-07-28T10:15:00+05:30,27974.25,28003,27951,27954.75,1284
2026-07-28T10:30:00+05:30,27957,27983,27942.75,27948,1310
2026-07-28T10:45:00+05:30,27947.5,27955.75,27914,27919.5,1611
2026-07-28T11:00:00+05:30,27921,27923.5,27876,27897.25,3134
2026-07-28T11:15:00+05:30,27896.5,27924,27870.75,27880,1832
2026-07-28T11:30:00+05:30,27882.25,27902.25,27839.5,27844.25,3487
2026-07-28T11:45:00+05:30,27847.25,27907,27845.5,27902.5,3356
2026-07-28T12:00:00+05:30,27902.75,27936,27892,27919.25,2114
2026-07-28T12:15:00+05:30,27917,27958.25,27902.5,27947.25,2059
2026-07-28T12:30:00+05:30,27945.5,27980.75,27934,27972.25,2557
2026-07-28T12:45:00+05:30,27973,27989,27939,27943.25,1825
2026-07-28T13:00:00+05:30,27944,27962.5,27927,27939.75,1815
2026-07-28T13:15:00+05:30,27939,27954.75,27908,27933.5,2039
2026-07-28T13:30:00+05:30,27934.25,27947.75,27880,27888.75,2711
2026-07-28T13:45:00+05:30,27890.75,28007.25,27884.75,27999.5,3477
2026-07-28T14:00:00+05:30,28003,28046.5,27975,28037,3085
2026-07-28T14:15:00+05:30,28037.5,28052,27986.75,27994.25,2338
2026-07-28T14:30:00+05:30,27992.25,28015.25,27982.5,27988.75,1525
2026-07-28T14:45:00+05:30,27990.25,28016.5,27985.25,28012,1141
2026-07-28T15:00:00+05:30,28009.75,28010.25,27967.25,27972.5,1481
2026-07-28T15:15:00+05:30,27973.75,27981.25,27941.5,27956,1404
2026-07-28T15:30:00+05:30,27956,27966,27947.5,27952,1026
2026-07-28T15:45:00+05:30,27951.5,27969.5,27933.5,27967.25,1374
2026-07-28T16:00:00+05:30,27968.5,27980.5,27904.25,27933,3430
2026-07-28T16:15:00+05:30,27932,27951.5,27926.5,27942.75,1891
2026-07-28T16:30:00+05:30,27945.75,27952.25,27864.75,27869.5,3620
2026-07-28T16:45:00+05:30,27869.25,27958,27869.25,27883,4420
2026-07-28T17:00:00+05:30,27882,27929.25,27848.25,27863.75,3605
2026-07-28T17:15:00+05:30,27862.5,27975,27859.75,27963.75,3601
2026-07-28T17:30:00+05:30,27962.5,28001.75,27949.25,27963,3133
2026-07-28T17:45:00+05:30,27967,28018.5,27949.5,28010,3070
2026-07-28T18:00:00+05:30,28010.75,28027.75,27956.25,28009.5,5635
2026-07-28T18:15:00+05:30,28010.5,28032.75,27977.5,27993.25,4287
2026-07-28T18:30:00+05:30,27993.75,28027.75,27974,28001.25,4484
2026-07-28T18:45:00+05:30,28003,28028.5,27938,27949,6202
2026-07-28T19:00:00+05:30,27950,27992,27728.5,27749.75,47792
2026-07-28T19:15:00+05:30,27749.25,27799,27641.75,27665.25,44072
2026-07-28T19:30:00+05:30,27665.5,27793.5,27608.75,27630.25,33887
2026-07-28T19:45:00+05:30,27631.75,27717.5,27603.5,27706.5,30809
2026-07-28T20:00:00+05:30,27706.5,27793,27669,27772.25,24491
2026-07-28T20:15:00+05:30,27770.75,27890,27745.5,27801.75,28668
2026-07-28T20:30:00+05:30,27803,27882,27768,27854.25,23623
2026-07-28T20:45:00+05:30,27853.75,28010,27836.5,27965,24755
2026-07-28T21:00:00+05:30,27965.75,28036,27948.75,28031.5,16649
2026-07-28T21:15:00+05:30,28032,28062.5,28010.5,28048,15959
2026-07-28T21:30:00+05:30,28047.75,28068.75,27996.75,28007.5,15841
2026-07-28T21:45:00+05:30,28007.75,28045.25,27984.75,27995.25,11639
2026-07-28T22:00:00+05:30,27995.5,28043.75,27953.5,28032.75,12867
2026-07-28T22:15:00+05:30,28032,28080,27993,28057.5,11783
2026-07-28T22:30:00+05:30,28057.5,28066.5,27969,27988,13844
2026-07-28T22:45:00+05:30,27988,28045.75,27973.5,27996.5,10995
2026-07-28T23:00:00+05:30,27996,28043.5,27949,27954.5,9478
2026-07-28T23:15:00+05:30,27954.25,27987,27925,27972.5,10190
2026-07-28T23:30:00+05:30,27974,27999.5,27915,27917,10647
2026-07-28T23:45:00+05:30,27917.25,27947.75,27912.5,27925.25,8155
2026-07-29T00:00:00+05:30,27926.75,27963.75,27920.5,27937.75,8165
2026-07-29T00:15:00+05:30,27937.5,27979.5,27929,27972.75,8033
2026-07-29T00:30:00+05:30,27972.25,28021.75,27972,27987.25,10347
2026-07-29T00:45:00+05:30,27986.5,28021.25,27965.25,28017.75,9563
2026-07-29T01:00:00+05:30,28018,28023.75,27941.5,27954.25,11919
2026-07-29T01:15:00+05:30,27954.25,27988.25,27911,27918.5,23009
2026-07-29T01:30:00+05:30,27919.5,27967.75,27884.25,27918.5,12287
2026-07-29T01:45:00+05:30,27920.5,27991.25,27910.75,27977.75,3888
2026-07-29T02:00:00+05:30,27977,27983.25,27937.5,27947.75,3031
2026-07-29T02:15:00+05:30,27947.75,27962.75,27935.75,27960.5,1573
2026-07-29T03:30:00+05:30,27962,28013.25,27955.75,27972,2550
2026-07-29T03:45:00+05:30,27973,27979,27906.5,27939.25,2433
2026-07-29T04:00:00+05:30,27939,27943.25,27855.25,27861,2621
2026-07-29T04:15:00+05:30,27863.25,27863.5,27756.25,27756.75,5090
2026-07-29T04:30:00+05:30,27758.25,27857.75,27728.5,27842.75,5578
2026-07-29T04:45:00+05:30,27842.5,27890.5,27809.25,27889.25,3157
2026-07-29T05:00:00+05:30,27888.5,28025,27884.5,28014,3549
2026-07-29T05:15:00+05:30,28012.25,28104.5,27989.75,28102.5,6308
2026-07-29T05:30:00+05:30,28102.75,28178.25,28077.25,28141.25,5352
2026-07-29T05:45:00+05:30,28139.75,28161.5,28052,28073.75,4120
2026-07-29T06:00:00+05:30,28075,28080,28018,28068.75,3077
2026-07-29T06:15:00+05:30,28068,28085,28000.25,28013.25,2029
2026-07-29T06:30:00+05:30,28011.75,28041.25,27911.5,27922,3098
2026-07-29T06:45:00+05:30,27920.25,28007,27896.25,27971.75,3740
2026-07-29T07:00:00+05:30,27972,27982.25,27878,27880,2858
2026-07-29T07:15:00+05:30,27879.5,27892,27784,27785.25,4159
2026-07-29T07:30:00+05:30,27785,27868,27770.25,27845.25,4562
2026-07-29T07:45:00+05:30,27842.75,27896.5,27796,27896.5,2776
2026-07-29T08:00:00+05:30,27894.5,27912.75,27858.25,27887.75,2266
2026-07-29T08:15:00+05:30,27887.75,27891,27823,27839.5,1797
2026-07-29T08:30:00+05:30,27839,27882.5,27788,27828.5,2987
2026-07-29T08:45:00+05:30,27831,27839.75,27775.5,27777.75,1633
2026-07-29T09:00:00+05:30,27776.75,27792.5,27742.25,27772.75,2594
2026-07-29T09:15:00+05:30,27773.5,27786,27702,27716,2521
2026-07-29T09:30:00+05:30,27719,27723.25,27676.75,27691.5,2561
2026-07-29T09:45:00+05:30,27691.5,27715.75,27648,27684.75,2907
2026-07-29T10:00:00+05:30,27682.25,27720,27648.75,27649.75,2052
2026-07-29T10:15:00+05:30,27651.25,27759,27640,27756,2743
2026-07-29T10:30:00+05:30,27758.75,27834.75,27735.75,27832.5,3148
2026-07-29T10:45:00+05:30,27833.75,27834.25,27773.25,27815.25,2379
2026-07-29T11:00:00+05:30,27815.25,27852.75,27787,27826.75,2673
2026-07-29T11:15:00+05:30,27828,27841.75,27790,27794,1719
2026-07-29T11:30:00+05:30,27794,27797.25,27736.25,27764.5,2167
2026-07-29T11:45:00+05:30,27766.5,27811.25,27755.25,27811,2264
2026-07-29T12:00:00+05:30,27811.5,27913.5,27811.5,27910.25,3051
2026-07-29T12:15:00+05:30,27907.5,27942.25,27895,27928.75,2289
2026-07-29T12:30:00+05:30,27928.75,27945.5,27895.75,27923,2447
2026-07-29T12:45:00+05:30,27923,27953,27905.75,27946.25,2156
2026-07-29T13:00:00+05:30,27945.75,27962.75,27920.25,27920.25,1825
2026-07-29T13:15:00+05:30,27922,27923.25,27891.25,27906,1517
2026-07-29T13:30:00+05:30,27906.25,27924.75,27857.5,27861,2468
2026-07-29T13:45:00+05:30,27860,27885,27820,27841.5,2043
2026-07-29T14:00:00+05:30,27842,27930.5,27830.75,27923.25,2029
2026-07-29T14:15:00+05:30,27924.5,27939.25,27896,27904,1438
2026-07-29T14:30:00+05:30,27904.5,27978.5,27901,27978,2111
2026-07-29T14:45:00+05:30,27977.25,27986,27951.5,27977.5,1799
2026-07-29T15:00:00+05:30,27976.5,28012.5,27957.75,27999.75,1521
2026-07-29T15:15:00+05:30,28002.25,28060,27999,28019.75,3101
2026-07-29T15:30:00+05:30,28018.25,28046,28003.75,28010.25,1846
2026-07-29T15:45:00+05:30,28010.75,28024.5,27986.25,28017.25,1949
2026-07-29T16:00:00+05:30,28017.5,28023,27953.25,27968.25,1850
2026-07-29T16:15:00+05:30,27968,27970.25,27931.5,27948,2176
2026-07-29T16:30:00+05:30,27950.25,28003.75,27934.5,27992.25,2439
2026-07-29T16:45:00+05:30,27991.25,28023.75,27983.25,28000.75,2106
2026-07-29T17:00:00+05:30,27999.25,28008,27959.5,27965.75,1749
2026-07-29T17:15:00+05:30,27965.25,28004.25,27956.75,28002.75,2090
2026-07-29T17:30:00+05:30,28002,28007.75,27933.75,27940,2418
2026-07-29T17:45:00+05:30,27940,27947.5,27852.75,27867.25,5425
2026-07-29T18:00:00+05:30,27867,27918.5,27844.25,27911.75,2997
2026-07-29T18:15:00+05:30,27912,27933.25,27903.5,27907.75,2675
2026-07-29T18:30:00+05:30,27909,27917,27869.5,27872.75,3594
2026-07-29T18:45:00+05:30,27872,27942.5,27856,27914,6492
2026-07-29T19:00:00+05:30,27914.5,27996,27836.5,27916.5,35417
2026-07-29T19:15:00+05:30,27916.25,27948,27667.75,27733.75,31069
2026-07-29T19:30:00+05:30,27735.25,27826.5,27635.75,27648,32251
2026-07-29T19:45:00+05:30,27648.75,27695.75,27538.75,27573.25,28284
2026-07-29T20:00:00+05:30,27571,27652.25,27510,27537.75,25092
2026-07-29T20:15:00+05:30,27537,27615.75,27518.25,27600,21657
2026-07-29T20:30:00+05:30,27600.5,27657.5,27565.75,27577.75,23139
2026-07-29T20:45:00+05:30,27577.5,27625,27547,27555.75,16486
2026-07-29T21:00:00+05:30,27556.25,27596.75,27518,27535.25,13059
2026-07-29T21:15:00+05:30,27533.75,27566.5,27464.5,27517,15057
2026-07-29T21:30:00+05:30,27518.25,27542,27419.5,27419.75,15294
2026-07-29T21:45:00+05:30,27420.25,27556.5,27409.25,27551,14934
2026-07-29T22:00:00+05:30,27551.25,27586,27485.25,27504,14143
2026-07-29T22:15:00+05:30,27502.5,27603.5,27489.5,27603.25,12487
2026-07-29T22:30:00+05:30,27603.75,27737.25,27595.25,27736.5,15511
2026-07-29T22:45:00+05:30,27736.5,27750,27650.75,27650.75,13759
2026-07-29T23:00:00+05:30,27650.75,27695,27629.5,27681,10625
2026-07-29T23:15:00+05:30,27681.25,27727.75,27656,27721.75,8475
2026-07-29T23:30:00+05:30,27723,27888.5,27714.75,27798.5,31751
2026-07-29T23:45:00+05:30,27800,27843.5,27727.5,27776.5,16997
2026-07-30T00:00:00+05:30,27777,27987.5,27709,27975.5,26572
2026-07-30T00:15:00+05:30,27974.5,28096.75,27961.25,28056.75,24110
2026-07-30T00:30:00+05:30,28057.5,28099.5,27839.5,27905,28057
2026-07-30T00:45:00+05:30,27905,27938,27640.75,27712.25,29521
2026-07-30T01:00:00+05:30,27711.25,27744,27458.75,27473.5,31278
2026-07-30T01:15:00+05:30,27473.25,27512.25,27317.5,27335,44657
2026-07-30T01:30:00+05:30,27338,27364,27201.5,27300.5,27674
2026-07-30T01:45:00+05:30,27300,27338.75,27209.5,27242.25,6502
2026-07-30T02:00:00+05:30,27244,27331.25,27207,27312,4849
2026-07-30T02:15:00+05:30,27312.25,27322.25,27256.5,27259.25,2821
2026-07-30T03:30:00+05:30,27202,27489.5,27202,27434.75,8448
2026-07-30T03:45:00+05:30,27437.25,27484,27395.5,27435,4220
2026-07-30T04:00:00+05:30,27435.75,27465.5,27412,27459.75,2444
2026-07-30T04:15:00+05:30,27460,27479.5,27418.75,27451.5,2307
2026-07-30T04:30:00+05:30,27449.5,27524.25,27446.25,27476.5,3633
2026-07-30T04:45:00+05:30,27482.25,27541,27469.25,27532.75,2767
2026-07-30T05:00:00+05:30,27534.25,27559.25,27500,27523.75,2612
2026-07-30T05:15:00+05:30,27520,27555.5,27495.25,27520.75,3568
2026-07-30T05:30:00+05:30,27521.75,27608,27472.25,27578.75,5464
2026-07-30T05:45:00+05:30,27579,27602.75,27550.5,27593.5,3710
2026-07-30T06:00:00+05:30,27594.75,27611,27489.75,27505.75,3697
2026-07-30T06:15:00+05:30,27506,27548.75,27490.25,27547.25,3439
2026-07-30T06:30:00+05:30,27547.25,27664.25,27535.25,27570.75,5171
2026-07-30T06:45:00+05:30,27569.5,27648,27565,27637.75,2428
2026-07-30T07:00:00+05:30,27637.75,27694.5,27635.25,27678,3189
2026-07-30T07:15:00+05:30,27677.5,27696.75,27648.25,27653,2560
2026-07-30T07:30:00+05:30,27652,27687.5,27629.25,27636,2747
2026-07-30T07:45:00+05:30,27636,27653.25,27603.25,27610.5,1944
2026-07-30T08:00:00+05:30,27613.25,27613.25,27559.5,27610,2659
2026-07-30T08:15:00+05:30,27610.75,27631,27539,27541.75,2395
2026-07-30T08:30:00+05:30,27542,27576.25,27485,27497,2600
2026-07-30T08:45:00+05:30,27498.75,27523.25,27471.25,27515.5,2371
2026-07-30T09:00:00+05:30,27516.5,27556.75,27480.25,27532.5,2610
2026-07-30T09:15:00+05:30,27529.5,27563.5,27517.75,27533.5,1489
2026-07-30T09:30:00+05:30,27532.5,27544.25,27481.75,27485.25,1565
2026-07-30T09:45:00+05:30,27485,27541.75,27459.5,27535,1953
2026-07-30T10:00:00+05:30,27534,27543.75,27461.75,27471,1636
2026-07-30T10:15:00+05:30,27469.25,27512,27434.75,27447.75,1680
2026-07-30T10:30:00+05:30,27446.25,27457.25,27421,27456.5,1586
2026-07-30T10:45:00+05:30,27458.25,27499.5,27453.25,27478.25,1805
2026-07-30T11:00:00+05:30,27476.5,27526.5,27465,27521,1530
2026-07-30T11:15:00+05:30,27521.75,27546.25,27463.5,27487.75,2155
2026-07-30T11:30:00+05:30,27487,27507,27457,27468.5,1449
2026-07-30T11:45:00+05:30,27467.75,27498,27447.5,27479.5,1408
2026-07-30T12:00:00+05:30,27481.5,27484.5,27434.75,27436.75,1429
2026-07-30T12:15:00+05:30,27435.25,27463,27415,27434.25,1487
2026-07-30T12:30:00+05:30,27433.75,27521.75,27416.25,27475.75,4474
2026-07-30T12:45:00+05:30,27478.75,27482.25,27392.75,27408,2715
2026-07-30T13:00:00+05:30,27413,27447.5,27351.25,27434,2888
2026-07-30T13:15:00+05:30,27431.5,27441.75,27389.5,27395.25,1951
2026-07-30T13:30:00+05:30,27394.5,27456,27337.5,27437.75,3981
2026-07-30T13:45:00+05:30,27437.75,27522.5,27425.75,27506.5,3071
2026-07-30T14:00:00+05:30,27510.5,27527.25,27489,27493.75,1442
2026-07-30T14:15:00+05:30,27493.25,27508.75,27460.5,27485.25,1100
2026-07-30T14:30:00+05:30,27486,27555,27469.75,27534.5,1821
2026-07-30T14:45:00+05:30,27536.75,27574.75,27525.25,27554.5,2543
2026-07-30T15:00:00+05:30,27553.5,27586,27538.25,27543.5,1649
2026-07-30T15:15:00+05:30,27544.25,27555.75,27508,27514.75,1432
2026-07-30T15:30:00+05:30,27515.5,27564.5,27488.25,27541.5,2523
2026-07-30T15:45:00+05:30,27543.25,27627.25,27541.25,27617.75,2668
2026-07-30T16:00:00+05:30,27616.5,27648,27606.5,27631,2599
2026-07-30T16:15:00+05:30,27631,27647.75,27611,27618.5,1899
2026-07-30T16:30:00+05:30,27619,27686.5,27613,27665.75,3426
2026-07-30T16:45:00+05:30,27666,27730,27661.5,27715,3109
2026-07-30T17:00:00+05:30,27715.5,27727.25,27673,27699.75,3581
2026-07-30T17:15:00+05:30,27700.75,27745.25,27700.5,27725,2560
2026-07-30T17:30:00+05:30,27723.5,27765.5,27695.75,27763,4007
2026-07-30T17:45:00+05:30,27763.75,27766.25,27714,27740.25,3547
2026-07-30T18:00:00+05:30,27740.25,27808.75,27715.25,27777,7637
2026-07-30T18:15:00+05:30,27777,27821.75,27763,27805.5,4611
2026-07-30T18:30:00+05:30,27807,27876.25,27793,27840,12671
2026-07-30T18:45:00+05:30,27839.75,27883.25,27831.25,27876.25,7809
2026-07-30T19:00:00+05:30,27877.25,27996.5,27813.25,27976.25,46950
2026-07-30T19:15:00+05:30,27976.75,28162.25,27973.25,28151.75,39504
2026-07-30T19:30:00+05:30,28150.5,28183.75,28066.75,28107.5,37077
2026-07-30T19:45:00+05:30,28107.25,28240,28080.25,28226,29955
2026-07-30T20:00:00+05:30,28226.5,28246.5,28160.25,28175.5,23678
2026-07-30T20:15:00+05:30,28175.5,28196,28022.5,28070.75,27611
2026-07-30T20:30:00+05:30,28071.5,28137.75,28012.75,28023.75,26377
2026-07-30T20:45:00+05:30,28024.5,28099.5,27996.25,28010.5,20187
2026-07-30T21:00:00+05:30,28010.5,28108.5,28001,28089.5,17125
2026-07-30T21:15:00+05:30,28090,28133.75,28049.25,28079.5,15677
2026-07-30T21:30:00+05:30,28078.75,28190,28059,28186,16108
2026-07-30T21:45:00+05:30,28185.25,28192.75,28140.5,28143.75,11064
2026-07-30T22:00:00+05:30,28143.5,28150.5,28054.5,28068.75,12386
2026-07-30T22:15:00+05:30,28068.25,28136.5,28066.25,28126.75,11762
2026-07-30T22:30:00+05:30,28127,28183.75,28126,28159.25,11183
2026-07-30T22:45:00+05:30,28158.25,28207.75,28156.25,28169,8752
2026-07-30T23:00:00+05:30,28169.5,28197.75,28139.5,28188.25,9987
2026-07-30T23:15:00+05:30,28188.5,28208.5,28165.5,28177.5,7850
2026-07-30T23:30:00+05:30,28177.5,28205,28167,28200.5,6707
2026-07-30T23:45:00+05:30,28200.5,28203.75,28162.25,28183,6787
2026-07-31T00:00:00+05:30,28183,28199,28148.5,28167.5,7867
2026-07-31T00:15:00+05:30,28167,28189.5,28154.75,28180.75,7487
2026-07-31T00:30:00+05:30,28181,28296.5,28179.75,28274.75,18362
2026-07-31T00:45:00+05:30,28274.25,28297.75,28242,28244.5,12295
2026-07-31T01:00:00+05:30,28243.75,28257.25,28219.75,28232.25,11916
2026-07-31T01:15:00+05:30,28232.75,28262.5,28202.5,28229,35911
2026-07-31T01:30:00+05:30,28228.75,28367,28205.5,28324.75,17154
2026-07-31T01:45:00+05:30,28324.25,28372.25,28322.75,28366.25,5252
2026-07-31T02:00:00+05:30,28366.5,28414.5,28311,28361.25,7092
2026-07-31T02:15:00+05:30,28360,28363,28322.5,28333.5,2455
2026-07-31T03:30:00+05:30,28317,28413.75,28300,28384.75,3800
2026-07-31T03:45:00+05:30,28382.5,28407,28350.5,28354,2192
2026-07-31T04:00:00+05:30,28352,28406,28331,28403,2046
2026-07-31T04:15:00+05:30,28402.75,28409.75,28390,28395,1320
2026-07-31T04:30:00+05:30,28394.25,28426.5,28377,28384.75,1815
2026-07-31T04:45:00+05:30,28386,28392.5,28364,28378,1232
2026-07-31T05:00:00+05:30,28378.25,28416.5,28362.25,28406.75,1379
2026-07-31T05:15:00+05:30,28406.75,28445,28391.5,28422.75,2243
2026-07-31T05:30:00+05:30,28424,28476.5,28397.25,28466.75,3936
2026-07-31T05:45:00+05:30,28467,28488,28447.25,28483.25,2729
2026-07-31T06:00:00+05:30,28481,28509.75,28480.5,28497.25,2283
2026-07-31T06:15:00+05:30,28500,28524.5,28468.75,28521.75,2065
2026-07-31T06:30:00+05:30,28523,28569.5,28522.75,28561.25,2884
2026-07-31T06:45:00+05:30,28560,28572,28543.75,28551,1993
2026-07-31T07:00:00+05:30,28549,28558.25,28489,28497,2671
2026-07-31T07:15:00+05:30,28496.5,28500,28455.5,28478,2254
2026-07-31T07:30:00+05:30,28478,28499.5,28433.25,28438,2438
2026-07-31T07:45:00+05:30,28438.25,28438.75,28401,28423.5,2467
2026-07-31T08:00:00+05:30,28422.5,28432,28389.5,28421.25,1485
2026-07-31T08:15:00+05:30,28421,28438,28397.75,28431.25,1832
2026-07-31T08:30:00+05:30,28431.5,28436,28398,28418.25,1513
2026-07-31T08:45:00+05:30,28417.75,28476.5,28417,28462.75,1901
2026-07-31T09:00:00+05:30,28464.5,28478.25,28452.25,28463.75,1136
2026-07-31T09:15:00+05:30,28461.25,28470.5,28428.25,28459.5,1341
2026-07-31T09:30:00+05:30,28458.25,28468,28423,28463.5,1138
2026-07-31T09:45:00+05:30,28463.5,28512,28451.5,28511.25,1380
2026-07-31T10:00:00+05:30,28512,28552.5,28507.75,28551.5,1479
2026-07-31T10:15:00+05:30,28551.25,28557,28534.5,28549,1117
2026-07-31T10:30:00+05:30,28548.75,28570,28538.5,28557.75,1508
2026-07-31T10:45:00+05:30,28558.5,28581,28552.5,28573,1225
2026-07-31T11:00:00+05:30,28573.5,28585.75,28541,28552.75,1734
2026-07-31T11:15:00+05:30,28551.75,28590.75,28548.75,28585,1668
2026-07-31T11:30:00+05:30,28585.5,28611.75,28577,28606.75,2036
2026-07-31T11:45:00+05:30,28605.75,28611,28580.75,28590.25,1381
2026-07-31T12:00:00+05:30,28589.5,28593,28457.5,28484,4203
2026-07-31T12:15:00+05:30,28484.75,28509.75,28450,28488.25,2899
2026-07-31T12:30:00+05:30,28484.25,28543.25,28455,28535.75,3596
2026-07-31T12:45:00+05:30,28535,28574.5,28507,28546,2379
2026-07-31T13:00:00+05:30,28547.25,28574,28534.5,28566.5,1843
2026-07-31T13:15:00+05:30,28566.25,28584.25,28542.5,28575,1789
2026-07-31T13:30:00+05:30,28572.75,28590.75,28524.75,28576.75,2917
2026-07-31T13:45:00+05:30,28576.75,28610,28564.25,28600,2168
2026-07-31T14:00:00+05:30,28595.25,28611,28561.5,28567.25,1491
2026-07-31T14:15:00+05:30,28568.75,28607.25,28564.25,28602.75,1341
2026-07-31T14:30:00+05:30,28603.25,28640.75,28598.25,28629.25,2561
2026-07-31T14:45:00+05:30,28627.5,28631.25,28584.75,28589.25,1618
2026-07-31T15:00:00+05:30,28588.75,28591.5,28530,28552.5,2762
2026-07-31T15:15:00+05:30,28552.25,28569.75,28528.5,28533,1257
2026-07-31T15:30:00+05:30,28531.75,28564.75,28519.5,28555.75,2042
2026-07-31T15:45:00+05:30,28555,28579.25,28546.5,28572,1187
2026-07-31T16:00:00+05:30,28572.25,28583,28561.75,28578.25,1130
2026-07-31T16:15:00+05:30,28579.25,28591.25,28552,28565.5,1436
2026-07-31T16:30:00+05:30,28563.25,28626,28563,28594.75,1995
2026-07-31T16:45:00+05:30,28596.25,28599.5,28548.5,28553.25,2302
2026-07-31T17:00:00+05:30,28555.75,28560.75,28523,28538.25,2149
2026-07-31T17:15:00+05:30,28540,28560.75,28532,28553.5,1521
2026-07-31T17:30:00+05:30,28554.75,28555.25,28477,28481,3160
2026-07-31T17:45:00+05:30,28480.25,28506,28448,28496.5,4160
2026-07-31T18:00:00+05:30,28496.75,28502.75,28432.25,28453,4618
2026-07-31T18:15:00+05:30,28452.75,28490.5,28437.75,28468.25,3539
2026-07-31T18:30:00+05:30,28468.5,28531,28457.75,28530,4978
2026-07-31T18:45:00+05:30,28529.25,28584,28529,28576,7263
2026-07-31T19:00:00+05:30,28576.75,28725.75,28415.75,28419,52267
2026-07-31T19:15:00+05:30,28420,28472.75,28295.5,28360.5,46587
2026-07-31T19:30:00+05:30,28356.75,28393,28100.5,28137.5,44324
2026-07-31T19:45:00+05:30,28137,28258.75,28079.75,28249.75,37587
2026-07-31T20:00:00+05:30,28249.5,28296,28211.75,28268.75,22964
2026-07-31T20:15:00+05:30,28268.25,28345.5,28237,28307.5,24641
2026-07-31T20:30:00+05:30,28308.75,28342.25,28214.75,28269.25,19724
2026-07-31T20:45:00+05:30,28270.5,28339.25,28122.25,28151.25,21196
2026-07-31T21:00:00+05:30,28152,28261,28115.5,28215,22070
2026-07-31T21:15:00+05:30,28215.25,28295,28164,28274,17172
2026-07-31T21:30:00+05:30,28274,28308.5,28243.75,28300.5,14087
2026-07-31T21:45:00+05:30,28301.5,28364.25,28256,28363.75,12777
2026-07-31T22:00:00+05:30,28363.75,28388.75,28313.75,28321.5,12533
2026-07-31T22:15:00+05:30,28321.5,28390,28308.5,28366.75,10612
2026-07-31T22:30:00+05:30,28367.25,28411.25,28360,28402,9539
2026-07-31T22:45:00+05:30,28403,28477.5,28396,28461.5,11207
2026-07-31T23:00:00+05:30,28462.5,28503,28443.25,28457.5,12445
2026-07-31T23:15:00+05:30,28456.25,28475.75,28415.75,28429,10559
2026-07-31T23:30:00+05:30,28429,28459.75,28395.25,28403.75,10105
2026-07-31T23:45:00+05:30,28402.75,28446,28398.5,28422,7673
2026-08-01T00:00:00+05:30,28422,28448,28415.5,28432.5,5948
2026-08-01T00:15:00+05:30,28432.5,28462,28416.5,28433.75,7051
2026-08-01T00:30:00+05:30,28433.5,28458.75,28405.5,28433,7981
2026-08-01T00:45:00+05:30,28433.5,28498,28426.25,28475.25,10672
2026-08-01T01:00:00+05:30,28474.5,28483.5,28434.5,28476.75,10795
2026-08-01T01:15:00+05:30,28477,28524,28380,28402.75,34019
2026-08-01T01:30:00+05:30,28402.5,28434.25,28340.5,28393.75,14975
2026-08-01T01:45:00+05:30,28394,28395.25,28362.25,28372.5,3294
2026-08-01T02:00:00+05:30,28369.75,28395.5,28356,28382,2575
2026-08-01T02:15:00+05:30,28381,28386.25,28258.25,28287,4934
2026-08-03T03:30:00+05:30,28565,28641.25,28549.25,28623,5332
2026-08-03T03:45:00+05:30,28624,28632.5,28582,28613.5,2692
2026-08-03T04:00:00+05:30,28615.25,28623.75,28594.25,28600.25,1325
2026-08-03T04:15:00+05:30,28599.5,28605,28560.25,28570.25,1276
2026-08-03T04:30:00+05:30,28568.75,28591,28545,28556.75,1859
2026-08-03T04:45:00+05:30,28556.25,28596,28553,28585.25,1662
2026-08-03T05:00:00+05:30,28585.5,28610,28574.5,28606,1647
2026-08-03T05:15:00+05:30,28603.5,28637.5,28571.25,28614,3344
2026-08-03T05:30:00+05:30,28611,28615.25,28554.5,28610.5,3432
2026-08-03T05:45:00+05:30,28610.75,28630.5,28537.5,28556.75,3244
2026-08-03T06:00:00+05:30,28554.25,28611,28542.5,28583.75,3364
2026-08-03T06:15:00+05:30,28582.25,28626,28572.5,28622,2394
2026-08-03T06:30:00+05:30,28622.25,28635,28584.75,28592,2813
2026-08-03T06:45:00+05:30,28590.75,28614.75,28564.25,28609,2126
2026-08-03T07:00:00+05:30,28607.5,28630,28578,28630,1849
2026-08-03T07:15:00+05:30,28630,28650,28618.5,28644,1976
2026-08-03T07:30:00+05:30,28644.75,28668.75,28631,28662.75,1806
2026-08-03T07:45:00+05:30,28661.5,28681.5,28634.5,28640.25,1923
2026-08-03T08:00:00+05:30,28640.5,28669.75,28633.75,28644.5,1474
2026-08-03T08:15:00+05:30,28646.5,28666.5,28639.25,28660.5,785
2026-08-03T08:30:00+05:30,28662.5,28675.75,28657.5,28664,1030
2026-08-03T08:45:00+05:30,28665,28676.5,28641.25,28645.75,1001
2026-08-03T09:00:00+05:30,28647,28674,28640,28671.75,847
2026-08-03T09:15:00+05:30,28672.75,28698.25,28665.25,28670,1263
2026-08-03T09:30:00+05:30,28669,28672,28652.5,28661.75,742
2026-08-03T09:45:00+05:30,28662.75,28688.5,28662.75,28683.25,742
2026-08-03T10:00:00+05:30,28682.75,28686,28666.5,28674.25,629
2026-08-03T10:15:00+05:30,28673.75,28688.25,28648.5,28651,825
2026-08-03T10:30:00+05:30,28650.75,28666.25,28634,28638.5,1227
2026-08-03T10:45:00+05:30,28638.75,28648.75,28622.5,28638.25,1137
2026-08-03T11:00:00+05:30,28636.75,28649.75,28628.25,28634.5,721
2026-08-03T11:15:00+05:30,28634.5,28645.25,28617,28641.25,923
2026-08-03T11:30:00+05:30,28642,28661,28631.5,28642.25,1675
2026-08-03T11:45:00+05:30,28641,28652,28618.5,28625.75,1255
2026-08-03T12:00:00+05:30,28627,28645,28609,28609,1236
2026-08-03T12:15:00+05:30,28609.75,28618.75,28575.75,28593.25,1801
2026-08-03T12:30:00+05:30,28594.25,28634.5,28563.75,28617.5,2440
2026-08-03T12:45:00+05:30,28618.75,28631,28569.25,28604,2582
2026-08-03T13:00:00+05:30,28604.5,28615.5,28560.25,28564.25,1336
2026-08-03T13:15:00+05:30,28563,28589.5,28558.5,28588.25,1106
2026-08-03T13:30:00+05:30,28588,28591,28518.5,28561.25,2642
2026-08-03T13:45:00+05:30,28560,28564.25,28473.25,28488,2431
2026-08-03T14:00:00+05:30,28487.25,28555,28471.75,28537.25,2060
2026-08-03T14:15:00+05:30,28536.25,28595,28527,28594,2408
2026-08-03T14:30:00+05:30,28594.75,28601,28543,28558.75,1929
2026-08-03T14:45:00+05:30,28559,28582.25,28547.25,28556.75,1164
2026-08-03T15:00:00+05:30,28556.75,28576.5,28543.5,28545.75,1223
2026-08-03T15:15:00+05:30,28546.25,28563.25,28521,28559,1461
2026-08-03T15:30:00+05:30,28559.25,28565.25,28526,28527.25,1294
2026-08-03T15:45:00+05:30,28525.5,28540,28488.5,28508,1960
2026-08-03T16:00:00+05:30,28508,28531.5,28490,28527.75,1182
2026-08-03T16:15:00+05:30,28526.75,28546.5,28514.25,28541,1210
2026-08-03T16:30:00+05:30,28541.25,28547,28465.25,28487.25,2598
2026-08-03T16:45:00+05:30,28487.5,28513,28468.75,28468.75,1684
2026-08-03T17:00:00+05:30,28468.75,28512.5,28450.5,28474.5,2446
2026-08-03T17:15:00+05:30,28475.25,28477,28403.5,28420.25,3430
2026-08-03T17:30:00+05:30,28420.25,28435.75,28383.5,28434.75,4040
2026-08-03T17:45:00+05:30,28435.5,28461.75,28421.75,28449,3662
2026-08-03T18:00:00+05:30,28450,28487.75,28437.75,28487.25,3523
2026-08-03T18:15:00+05:30,28487.5,28491.5,28442,28459.25,2546
2026-08-03T18:30:00+05:30,28459.25,28477.5,28440,28460,3450
2026-08-03T18:45:00+05:30,28460.25,28494.25,28396.5,28417.75,7394
2026-08-03T19:00:00+05:30,28419,28540,28313.5,28494,47316
2026-08-03T19:15:00+05:30,28495,28628,28443.25,28626.25,29585
2026-08-03T19:30:00+05:30,28623.75,28626.5,28529.5,28572.25,27000
2026-08-03T19:45:00+05:30,28571.25,28684,28558.75,28678.5,21787
2026-08-03T20:00:00+05:30,28677.5,28735,28661.5,28708,18482
2026-08-03T20:15:00+05:30,28708,28803.75,28699.75,28801.75,22299
2026-08-03T20:30:00+05:30,28801,28802.25,28747.5,28758.25,14192
2026-08-03T20:45:00+05:30,28757,28798.75,28722,28734.25,14275
2026-08-03T21:00:00+05:30,28734.25,28788.5,28731.75,28782.5,12679
2026-08-03T21:15:00+05:30,28781.75,28814.5,28775,28792.5,10413
2026-08-03T21:30:00+05:30,28792.5,28821.25,28790,28815.5,10554
2026-08-03T21:45:00+05:30,28814.25,28847.25,28812.5,28837,10189
2026-08-03T22:00:00+05:30,28837,28844.75,28811.75,28833.75,8126
2026-08-03T22:15:00+05:30,28834.25,28843.75,28819,28822.5,6239
2026-08-03T22:30:00+05:30,28822.75,28863.75,28813,28857.5,7868
2026-08-03T22:45:00+05:30,28857.75,28890.5,28855.75,28885.75,8926
2026-08-03T23:00:00+05:30,28885.5,28894,28874.5,28885.5,7493
2026-08-03T23:15:00+05:30,28885.75,28921.75,28884.75,28917.5,9477
2026-08-03T23:30:00+05:30,28917.5,28964.25,28917.5,28940,13780
2026-08-03T23:45:00+05:30,28940.5,28958.75,28890.25,28892,10676
2026-08-04T00:00:00+05:30,28892,28914.25,28882.75,28913,8932
2026-08-04T00:15:00+05:30,28913.25,28926,28892.25,28907,8052
2026-08-04T00:30:00+05:30,28907.5,28943.75,28895,28900,9952
2026-08-04T00:45:00+05:30,28899.5,28926.5,28898.5,28912.75,8733
2026-08-04T01:00:00+05:30,28912.75,28926,28899.5,28914.75,9505
2026-08-04T01:15:00+05:30,28915.25,28935.5,28865.25,28901.25,28281
2026-08-04T01:30:00+05:30,28901.5,28917.25,28878.25,28911,8145
2026-08-04T01:45:00+05:30,28910.75,28945,28910.5,28913.75,2758
2026-08-04T02:00:00+05:30,28913.25,28931.75,28909.75,28929.5,1770
2026-08-04T02:15:00+05:30,28929.75,28931.5,28914.5,28929.25,1265
2026-08-04T03:30:00+05:30,28930,28950.75,28919,28927.75,1914
2026-08-04T03:45:00+05:30,28927.75,28948.5,28927.75,28944,692
2026-08-04T04:00:00+05:30,28941.5,28962.25,28932.25,28957.75,1359
2026-08-04T04:15:00+05:30,28956.5,28956.75,28941.25,28945.75,961
2026-08-04T04:30:00+05:30,28944,28947.75,28930.25,28938.5,947
2026-08-04T04:45:00+05:30,28938.25,28958.75,28938.25,28948.75,895
2026-08-04T05:00:00+05:30,28947.75,28959.75,28934,28941.75,869
2026-08-04T05:15:00+05:30,28941.75,28972.25,28939.5,28971,1553
2026-08-04T05:30:00+05:30,28971.25,28976.25,28927.25,28930.75,3050
2026-08-04T05:45:00+05:30,28932.25,28932.75,28900.5,28905.75,2481
2026-08-04T06:00:00+05:30,28905.5,28907.75,28864.25,28891.25,3269
2026-08-04T06:15:00+05:30,28892.25,28908.25,28868,28876.75,2660
2026-08-04T06:30:00+05:30,28876,28877.25,28831.75,28858.5,3483
2026-08-04T06:45:00+05:30,28859.75,28902.5,28851.5,28901.5,2366
2026-08-04T07:00:00+05:30,28901,28943.5,28899.25,28942.75,2618
2026-08-04T07:15:00+05:30,28943,29048,28941.75,29041.25,4800
2026-08-04T07:30:00+05:30,29041.75,29044.75,28967.5,28971,3454
2026-08-04T07:45:00+05:30,28970,28978,28942.5,28949.5,2282
2026-08-04T08:00:00+05:30,28948.5,28994.5,28948.5,28985.75,2195
2026-08-04T08:15:00+05:30,28985.75,28992,28960,28972.75,1454
2026-08-04T08:30:00+05:30,28972.5,28992,28932.75,28941.25,1793
2026-08-04T08:45:00+05:30,28942.75,28986,28931.75,28976.75,1881
2026-08-04T09:00:00+05:30,28977.25,29004.5,28958.25,28968.75,1577
2026-08-04T09:15:00+05:30,28967,29005.5,28957.75,28995.5,1201
2026-08-04T09:30:00+05:30,28995.5,29006.25,28968.5,28974.5,1051
2026-08-04T09:45:00+05:30,28977.25,29015.25,28976.25,29007.5,884
2026-08-04T10:00:00+05:30,29009.25,29014.5,28995.75,28999.5,556
2026-08-04T10:15:00+05:30,28997.5,29023.25,28994.75,29015.5,599
2026-08-04T10:30:00+05:30,29016.25,29022.25,28978.25,28987.75,1233
2026-08-04T10:45:00+05:30,28987.75,29032.25,28983,29026.5,1301
2026-08-04T11:00:00+05:30,29025.25,29074.75,29025,29058.5,1968
2026-08-04T11:15:00+05:30,29056.25,29074.25,29042.5,29072.25,937
2026-08-04T11:30:00+05:30,29073.5,29092.5,29067.25,29089,1756
2026-08-04T11:45:00+05:30,29089,29098.75,29076.5,29081.5,1504
2026-08-04T12:00:00+05:30,29081.25,29090,29042.5,29054.75,1444
2026-08-04T12:15:00+05:30,29055,29074,29051.75,29073.75,874
2026-08-04T12:30:00+05:30,29072,29100.25,29036.5,29069,3623
2026-08-04T12:45:00+05:30,29069.75,29109,29062.25,29099,2191
2026-08-04T13:00:00+05:30,29099.75,29119.25,29074.25,29081.5,1885
2026-08-04T13:15:00+05:30,29080.25,29109.75,29065.25,29071.25,1394
2026-08-04T13:30:00+05:30,29072,29124,29068,29108,2214
2026-08-04T13:45:00+05:30,29106,29131.5,29096.75,29112,1633
2026-08-04T14:00:00+05:30,29111.5,29111.5,29060,29069.5,1741
2026-08-04T14:15:00+05:30,29067.5,29077.5,29039,29068.75,2216
2026-08-04T14:30:00+05:30,29069,29069,29011.75,29032.75,1839
2026-08-04T14:45:00+05:30,29033,29045.25,29007.5,29044,1638
2026-08-04T15:00:00+05:30,29046,29080.75,29042,29076.75,1435
2026-08-04T15:15:00+05:30,29076.75,29089.25,29057.5,29077.75,1436
2026-08-04T15:30:00+05:30,29078.5,29111.75,29067.25,29106.75,1284
2026-08-04T15:45:00+05:30,29106.5,29115.25,29085.75,29096.75,1670
2026-08-04T16:00:00+05:30,29096.25,29130.75,29074,29120.75,2530
2026-08-04T16:15:00+05:30,29120.25,29145,29103.25,29115.5,3016
2026-08-04T16:30:00+05:30,29116.75,29149.75,29114.25,29144.5,2249
2026-08-04T16:45:00+05:30,29144.5,29171.5,29139.5,29170.5,2336
2026-08-04T17:00:00+05:30,29170.75,29212.5,29150.25,29204.75,3579
2026-08-04T17:15:00+05:30,29203,29245.75,29189.75,29237.5,5004
2026-08-04T17:30:00+05:30,29238,29238,29202.5,29206.25,2758
2026-08-04T17:45:00+05:30,29205.5,29234.25,29204,29221.5,2435
2026-08-04T18:00:00+05:30,29223,29225.75,29199,29219.5,2484
2026-08-04T18:15:00+05:30,29219,29221.5,29188,29202.75,2649
2026-08-04T18:30:00+05:30,29203.25,29235.25,29191.25,29231,3277
2026-08-04T18:45:00+05:30,29232,29282.25,29218.5,29233.75,8512
2026-08-04T19:00:00+05:30,29234.75,29452.75,29208.25,29411.5,48076
2026-08-04T19:15:00+05:30,29410.75,29503.75,29409.75,29466,31654
2026-08-04T19:30:00+05:30,29465.25,29544.25,29432,29541,26373
2026-08-04T19:45:00+05:30,29540.25,29568.5,29484,29559,24833
2026-08-04T20:00:00+05:30,29558.5,29572.75,29517.25,29557,22165
2026-08-04T20:15:00+05:30,29557,29561.5,29523.5,29549.75,13824
2026-08-04T20:30:00+05:30,29549.75,29624.75,29544,29618.75,18136
2026-08-04T20:45:00+05:30,29619,29663.5,29613.25,29639.5,17271
2026-08-04T21:00:00+05:30,29639,29682.5,29622,29677,15007
2026-08-04T21:15:00+05:30,29677.75,29696.75,29667.5,29671,12141
2026-08-04T21:30:00+05:30,29671,29700,29661.25,29674.5,10319
2026-08-04T21:45:00+05:30,29674.5,29719.75,29673.75,29706.5,9954
2026-08-04T22:00:00+05:30,29706.5,29731.75,29695,29726.25,11109
2026-08-04T22:15:00+05:30,29726.75,29744.5,29726.25,29742.75,9478
2026-08-04T22:30:00+05:30,29742.75,29799.75,29739.25,29797.25,14050
2026-08-04T22:45:00+05:30,29797,29825.75,29780.5,29819,11522
2026-08-04T23:00:00+05:30,29819.25,29865.5,29803.5,29865.25,11621
2026-08-04T23:15:00+05:30,29865.75,29898.75,29833.5,29834.75,15114
2026-08-04T23:30:00+05:30,29835.25,29860.25,29808,29859,13556
2026-08-04T23:45:00+05:30,29859.5,29884.25,29855,29879.75,8783
2026-08-05T00:00:00+05:30,29880,29893,29839.75,29854.5,8936
2026-08-05T00:15:00+05:30,29855,29895.5,29855,29881.5,8774
2026-08-05T00:30:00+05:30,29881.75,29939.25,29878.25,29926.5,13717
2026-08-05T00:45:00+05:30,29926.25,29945.25,29888.75,29900.5,11578
2026-08-05T01:00:00+05:30,29901,29951,29889,29949.75,12047
2026-08-05T01:15:00+05:30,29949.5,29956.5,29847.5,29877.75,40486
2026-08-05T01:30:00+05:30,29877,29949.75,29851.5,29915.75,14921
2026-08-05T01:45:00+05:30,29913.75,29913.75,29761.25,29791.75,11034
2026-08-05T02:00:00+05:30,29790.5,29817.25,29764.5,29797.5,4278
2026-08-05T02:15:00+05:30,29797,29826,29786,29818.25,2599
2026-08-05T03:30:00+05:30,29777.25,29838.5,29776.5,29834.75,2373
2026-08-05T03:45:00+05:30,29834.75,29844.25,29810.25,29833,1455
2026-08-05T04:00:00+05:30,29835,29841.75,29794.75,29799.5,1988
2026-08-05T04:15:00+05:30,29800.75,29828,29792.25,29827.5,1119
2026-08-05T04:30:00+05:30,29825.75,29846.75,29809.75,29838.5,1424
2026-08-05T04:45:00+05:30,29838.75,29845.5,29817.75,29825,889
2026-08-05T05:00:00+05:30,29824,29844.25,29802,29843,1741
2026-08-05T05:15:00+05:30,29843.25,29857.25,29826,29834.75,1999
2026-08-05T05:30:00+05:30,29835.5,29865,29818.75,29858.5,2674
2026-08-05T05:45:00+05:30,29858,29864.5,29833.5,29863,1886
2026-08-05T06:00:00+05:30,29862.75,29877,29835.5,29838.75,2260
2026-08-05T06:15:00+05:30,29838,29862.5,29810,29848.75,2598
2026-08-05T06:30:00+05:30,29849.25,29861.5,29817,29840,1951
2026-08-05T06:45:00+05:30,29840.75,29842.75,29797,29817.75,2117
2026-08-05T07:00:00+05:30,29819,29844.75,29813,29834,1939
2026-08-05T07:15:00+05:30,29834.5,29887.5,29833.75,29869,2714
2026-08-05T07:30:00+05:30,29870,29889.25,29864,29871,1718
2026-08-05T07:45:00+05:30,29871.75,29876.25,29850.25,29853,1048
2026-08-05T08:00:00+05:30,29854.5,29863,29842.25,29858.75,1254
2026-08-05T08:15:00+05:30,29857.75,29875,29855.25,29860.75,963
2026-08-05T08:30:00+05:30,29859,29890,29855.75,29884.25,1060
2026-08-05T08:45:00+05:30,29883.5,29892,29863.25,29863.25,1129
2026-08-05T09:00:00+05:30,29864.75,29892,29858.25,29885.5,1035
2026-08-05T09:15:00+05:30,29886.5,29893.75,29867.5,29888.5,1142
2026-08-05T09:30:00+05:30,29889,29898.25,29882.25,29884.25,969
2026-08-05T09:45:00+05:30,29883.5,29883.75,29859.75,29871.25,841
2026-08-05T10:00:00+05:30,29872,29909.25,29869.25,29905.75,1408
2026-08-05T10:15:00+05:30,29904.5,29917,29883.5,29902.75,1233
2026-08-05T10:30:00+05:30,29902.5,29939.75,29895,29937.25,1521
2026-08-05T10:45:00+05:30,29937.5,29949,29934,29937,1009
2026-08-05T11:00:00+05:30,29936.75,29944.5,29919.75,29941.5,1675
2026-08-05T11:15:00+05:30,29942,29985.25,29940.75,29980.5,2732
2026-08-05T11:30:00+05:30,29980,29990,29961,29981,1630
2026-08-05T11:45:00+05:30,29980.25,29982.75,29925.5,29929.25,2019
2026-08-05T12:00:00+05:30,29929.5,29965,29925.75,29938.25,1483
2026-08-05T12:15:00+05:30,29941,29970.75,29936.75,29969.75,963
2026-08-05T12:30:00+05:30,29969,29987,29936.25,29950.75,2277
2026-08-05T12:45:00+05:30,29950.25,29953.25,29900.25,29907.5,2105
2026-08-05T13:00:00+05:30,29908.25,29919.5,29885.25,29886.25,1713
2026-08-05T13:15:00+05:30,29887.75,29913.5,29885,29903.25,1101
2026-08-05T13:30:00+05:30,29905,29926,29853.75,29863.75,3056
2026-08-05T13:45:00+05:30,29865,29873.75,29819.5,29833.75,2515
2026-08-05T14:00:00+05:30,29836.5,29844.25,29798.5,29811.75,2802
2026-08-05T14:15:00+05:30,29812.25,29843,29797.75,29836.5,1873
2026-08-05T14:30:00+05:30,29837.75,29853.75,29822,29833.75,1616
2026-08-05T14:45:00+05:30,29833.5,29864.25,29814.25,29861.25,2516
2026-08-05T15:00:00+05:30,29862.25,29888.75,29860,29883.25,2135
2026-08-05T15:15:00+05:30,29883,29893.5,29853.25,29857.5,1546
2026-08-05T15:30:00+05:30,29857.25,29871.75,29833.75,29840.5,1680
2026-08-05T15:45:00+05:30,29839.5,29866,29836.25,29858.75,976
2026-08-05T16:00:00+05:30,29857.5,29871.25,29850,29857.25,860
2026-08-05T16:15:00+05:30,29857.75,29871,29834.5,29862.25,1635
2026-08-05T16:30:00+05:30,29865.5,29921,29865.5,29904.5,3456
2026-08-05T16:45:00+05:30,29904.5,29923,29897.5,29900.5,1444
2026-08-05T17:00:00+05:30,29900.5,29931.25,29890.5,29916,2200
2026-08-05T17:15:00+05:30,29914.5,29943.5,29903.5,29919.5,2592
2026-08-05T17:30:00+05:30,29919.5,29925.75,29891.25,29920,2786
2026-08-05T17:45:00+05:30,29920,29939.75,29897.5,29935.25,3029
2026-08-05T18:00:00+05:30,29935.5,29950,29892.75,29941,3630
2026-08-05T18:15:00+05:30,29941.5,29946.5,29908.25,29915,2175
2026-08-05T18:30:00+05:30,29917.25,29949.5,29916.75,29929.5,2694
2026-08-05T18:45:00+05:30,29928.75,29978.5,29894.75,29975.25,6801
2026-08-05T19:00:00+05:30,29975,30059,29910.25,30052,46052
2026-08-05T19:15:00+05:30,30053.5,30074,29967.75,30048.75,30212
2026-08-05T19:30:00+05:30,30048.5,30048.5,29918.5,29998.5,26984
2026-08-05T19:45:00+05:30,29997.5,30026,29901.25,29915,23141
2026-08-05T20:00:00+05:30,29915,29918.75,29824.75,29862.25,30015
2026-08-05T20:15:00+05:30,29862.25,29905.5,29788,29848.25,26691
2026-08-05T20:30:00+05:30,29849,29890.75,29826,29839.5,18021
2026-08-05T20:45:00+05:30,29839,29849.5,29763.5,29809.5,21787
2026-08-05T21:00:00+05:30,29808.5,29860.75,29805.5,29819.25,11136
2026-08-05T21:15:00+05:30,29820,29820.75,29713.25,29738.25,16828
2026-08-05T21:30:00+05:30,29738.25,29766,29702,29731.25,14578
2026-08-05T21:45:00+05:30,29730.75,29835.25,29720,29829.25,15332
2026-08-05T22:00:00+05:30,29829.75,29839.75,29770,29788.5,11139
2026-08-05T22:15:00+05:30,29789.25,29826.25,29778.5,29808.25,7538
2026-08-05T22:30:00+05:30,29809.75,29819.75,29744.25,29767.25,8991
2026-08-05T22:45:00+05:30,29766.75,29782,29740.5,29754.5,7449
2026-08-05T23:00:00+05:30,29754.25,29779.25,29738.75,29757.5,6429
2026-08-05T23:15:00+05:30,29756.5,29774.75,29734.25,29757,6345
2026-08-05T23:30:00+05:30,29756.75,29788.5,29752.25,29762.5,7524
2026-08-05T23:45:00+05:30,29763,29781.75,29755.25,29776,5335
2026-08-06T00:00:00+05:30,29776.25,29776.5,29727.25,29741.75,7661
2026-08-06T00:15:00+05:30,29742,29765,29722.75,29725.75,6357
2026-08-06T00:30:00+05:30,29726.75,29778.25,29718.5,29774.25,8486
2026-08-06T00:45:00+05:30,29774.25,29779.25,29753.75,29756.5,6585
2026-08-06T01:00:00+05:30,29757,29763.25,29706,29711,9489
2026-08-06T01:15:00+05:30,29711.5,29735,29592.75,29606.75,27821
2026-08-06T01:30:00+05:30,29607,29618.25,29530.75,29604.75,20803
2026-08-06T01:45:00+05:30,29605.5,29618,29561.75,29569.75,4643
2026-08-06T02:00:00+05:30,29571.25,29603,29566.25,29598.5,2377
2026-08-06T02:15:00+05:30,29598,29607.75,29576,29600.25,1934
2026-08-06T03:30:00+05:30,29569.5,29596.5,29563.5,29573.5,1931
2026-08-06T03:45:00+05:30,29573,29638,29571.75,29627.75,1746
2026-08-06T04:00:00+05:30,29628,29670.5,29623.5,29654.75,2099
2026-08-06T04:15:00+05:30,29655,29679.5,29615.75,29623.25,2464
2026-08-06T04:30:00+05:30,29622.75,29636,29612.25,29631,866
2026-08-06T04:45:00+05:30,29631,29649.5,29618.5,29629.25,1099
2026-08-06T05:00:00+05:30,29629.25,29636.75,29575.25,29589.5,2481
2026-08-06T05:15:00+05:30,29586,29589,29566,29583.5,1688
2026-08-06T05:30:00+05:30,29584.25,29601.75,29546.75,29581,3185
2026-08-06T05:45:00+05:30,29580.5,29608,29553,29560.5,2360
2026-08-06T06:00:00+05:30,29561.5,29588,29547.75,29560.5,2122
2026-08-06T06:15:00+05:30,29560.25,29579.25,29535.25,29537.5,1807
2026-08-06T06:30:00+05:30,29539.25,29540.75,29501.25,29521.5,2729
2026-08-06T06:45:00+05:30,29523.25,29523.25,29454.25,29473.25,3219
2026-08-06T07:00:00+05:30,29472.75,29508.75,29469.5,29475,2638
2026-08-06T07:15:00+05:30,29475.5,29519,29473.25,29498,1826
2026-08-06T07:30:00+05:30,29497.75,29557.25,29490.75,29541.75,2626
2026-08-06T07:45:00+05:30,29543,29578.75,29537.25,29548.75,1807
2026-08-06T08:00:00+05:30,29546.5,29618.5,29529.25,29617.25,2459
2026-08-06T08:15:00+05:30,29616.25,29621,29585.75,29593,1808
2026-08-06T08:30:00+05:30,29593.75,29608.5,29574.5,29579.25,1458
2026-08-06T08:45:00+05:30,29579,29585.75,29535,29543,1601
2026-08-06T09:00:00+05:30,29543.5,29563.25,29525,29552.75,1570
2026-08-06T09:15:00+05:30,29553,29583.75,29541.25,29580.75,1505
2026-08-06T09:30:00+05:30,29582.25,29584.25,29535.5,29560.25,1327
2026-08-06T09:45:00+05:30,29556.75,29599.75,29556.5,29585,1072
2026-08-06T10:00:00+05:30,29585.75,29600,29541.75,29555,1178
2026-08-06T10:15:00+05:30,29555.25,29575.5,29545,29574.75,801
2026-08-06T10:30:00+05:30,29575.25,29596.25,29558,29580.5,1137
2026-08-06T10:45:00+05:30,29582.5,29593.75,29565.5,29580,703
2026-08-06T11:00:00+05:30,29579.75,29583,29550,29581.75,1113
2026-08-06T11:15:00+05:30,29583.25,29583.75,29544.25,29580.75,1219
2026-08-06T11:30:00+05:30,29580,29581.75,29499,29506.75,2161
2026-08-06T11:45:00+05:30,29505.75,29548.75,29485,29547.25,2515
2026-08-06T12:00:00+05:30,29546.5,29548.75,29495.75,29504.5,1556
2026-08-06T12:15:00+05:30,29505.5,29527.75,29486.25,29523,1254
2026-08-06T12:30:00+05:30,29520.25,29563,29506.75,29552,1914
2026-08-06T12:45:00+05:30,29551,29562.5,29523.5,29536.5,1384
2026-08-06T13:00:00+05:30,29536.5,29541,29501.25,29517.75,1137
2026-08-06T13:15:00+05:30,29516.75,29538.25,29500.75,29507.25,1230
2026-08-06T13:30:00+05:30,29507.25,29525.75,29443.75,29460,3058
2026-08-06T13:45:00+05:30,29460.75,29511.5,29447.75,29508.25,1973
2026-08-06T14:00:00+05:30,29509.5,29532.5,29500.5,29502.75,1571
2026-08-06T14:15:00+05:30,29504.75,29524.5,29490.25,29517.25,1393
2026-08-06T14:30:00+05:30,29517.25,29517.25,29437.5,29447.75,1799
2026-08-06T14:45:00+05:30,29448.25,29493.75,29446.5,29482.5,1222
2026-08-06T15:00:00+05:30,29482,29498.75,29475.75,29489.25,713
2026-08-06T15:15:00+05:30,29489.75,29531,29489.5,29526.75,1263
2026-08-06T15:30:00+05:30,29526.75,29533.75,29496.25,29503.25,1058
2026-08-06T15:45:00+05:30,29503.25,29525.75,29494.25,29517,959
2026-08-06T16:00:00+05:30,29517.5,29519.5,29473.5,29480.25,1218
2026-08-06T16:15:00+05:30,29479.75,29492.75,29468,29484.5,1494
2026-08-06T16:30:00+05:30,29484.5,29488.5,29364.75,29417.25,5795
2026-08-06T16:45:00+05:30,29419.75,29474.75,29417.25,29469.25,2607
2026-08-06T17:00:00+05:30,29469.5,29516.5,29469.25,29495.5,3521
2026-08-06T17:15:00+05:30,29494.25,29512,29438,29467.25,3748
2026-08-06T17:30:00+05:30,29466,29476.5,29406.25,29411.25,3534
2026-08-06T17:45:00+05:30,29413.5,29450.75,29387.5,29432.5,3959
2026-08-06T18:00:00+05:30,29430,29463.5,29413.75,29432.25,3124
2026-08-06T18:15:00+05:30,29432,29439.5,29389.5,29399.5,3113
2026-08-06T18:30:00+05:30,29400.25,29404.5,29350.25,29351.5,4811
2026-08-06T18:45:00+05:30,29351,29367,29326.25,29334.5,8302
2026-08-06T19:00:00+05:30,29335,29474.25,29241.25,29458.75,49061
2026-08-06T19:15:00+05:30,29458,29551,29447.5,29528.25,30926
2026-08-06T19:30:00+05:30,29528.75,29619,29488,29608.5,26300
2026-08-06T19:45:00+05:30,29608.75,29667,29564.75,29587,24071
2026-08-06T20:00:00+05:30,29589,29650.75,29545.25,29583.5,22779
2026-08-06T20:15:00+05:30,29582.5,29659.25,29533.75,29656.75,18215
2026-08-06T20:30:00+05:30,29656.5,29686.25,29598.75,29646.5,18302
2026-08-06T20:45:00+05:30,29646.25,29663.25,29564.25,29608.5,16380
2026-08-06T21:00:00+05:30,29608.25,29628,29533,29534,14923
2026-08-06T21:15:00+05:30,29535,29624.5,29506,29516.25,19903
2026-08-06T21:30:00+05:30,29515.75,29542.75,29478.25,29488.25,15998
2026-08-06T21:45:00+05:30,29488.5,29504.5,29448.5,29471.5,14251
2026-08-06T22:00:00+05:30,29472.25,29527.25,29462.25,29478.25,11297
2026-08-06T22:15:00+05:30,29478.5,29558.5,29468.5,29556.5,9841
2026-08-06T22:30:00+05:30,29557.25,29574.25,29518,29523.75,9568
2026-08-06T22:45:00+05:30,29524,29551.5,29512.25,29527.75,7339
2026-08-06T23:00:00+05:30,29526.75,29543,29493.75,29510,6738
2026-08-06T23:15:00+05:30,29510.25,29533.5,29494.25,29529,6999
2026-08-06T23:30:00+05:30,29529,29546.75,29507.25,29542.75,6602
2026-08-06T23:45:00+05:30,29542.75,29575.5,29498.5,29556.5,10264
2026-08-07T00:00:00+05:30,29556.5,29561,29500.5,29520,6601
2026-08-07T00:15:00+05:30,29521.25,29537,29506,29515.5,6322
2026-08-07T00:30:00+05:30,29515.75,29570.25,29510.25,29536.25,8515
2026-08-07T00:45:00+05:30,29535.5,29551.25,29496.5,29509,8193
2026-08-07T01:00:00+05:30,29508,29545.5,29489.25,29504,8037
2026-08-07T01:15:00+05:30,29504,29536.25,29475,29496.75,22884
2026-08-07T01:30:00+05:30,29496.75,29552,29496,29537,8444
2026-08-07T01:45:00+05:30,29536.75,29548.75,29482.75,29492.5,4013
2026-08-07T02:00:00+05:30,29492.5,29504.75,29480.25,29494,1671
2026-08-07T02:15:00+05:30,29494.75,29506.25,29489,29504.25,1228
2026-08-07T03:30:00+05:30,29514.25,29579,29494.5,29573.25,1850
2026-08-07T03:45:00+05:30,29571.75,29581.75,29543.25,29550,1393
2026-08-07T04:00:00+05:30,29549,29562,29529.25,29553.75,966
2026-08-07T04:15:00+05:30,29554.25,29568.25,29547.25,29566,560
2026-08-07T04:30:00+05:30,29564.75,29572.25,29554.25,29558,653
2026-08-07T04:45:00+05:30,29559.25,29597,29559.25,29573,1324
2026-08-07T05:00:00+05:30,29572.5,29589.25,29563.25,29583,894
2026-08-07T05:15:00+05:30,29583,29603.5,29575,29593.25,1143
2026-08-07T05:30:00+05:30,29595.25,29618.75,29562,29575.5,2281
2026-08-07T05:45:00+05:30,29575.25,29575.25,29497.25,29513.5,3462
2026-08-07T06:00:00+05:30,29513,29575,29500.75,29539.75,3305
2026-08-07T06:15:00+05:30,29541.75,29573,29503.75,29561.25,2642
2026-08-07T06:30:00+05:30,29561.75,29582,29515,29524,2379
2026-08-07T06:45:00+05:30,29526,29536,29482.5,29531.25,2633
2026-08-07T07:00:00+05:30,29529.5,29581.25,29493.75,29521.75,3131
2026-08-07T07:15:00+05:30,29522,29540,29502.25,29526.25,1647
2026-08-07T07:30:00+05:30,29527,29548,29489.5,29530.75,2710
2026-08-07T07:45:00+05:30,29530,29542,29514.5,29525.5,844
2026-08-07T08:00:00+05:30,29526.5,29527.25,29475.5,29500.25,1965
2026-08-07T08:15:00+05:30,29498.75,29535.5,29494,29527,965
2026-08-07T08:30:00+05:30,29526,29548,29526,29529.5,1041
2026-08-07T08:45:00+05:30,29531.5,29535,29491.25,29505,1326
2026-08-07T09:00:00+05:30,29503,29522.25,29496.25,29505.25,730
2026-08-07T09:15:00+05:30,29507,29512.75,29485.25,29488.5,649
2026-08-07T09:30:00+05:30,29488.75,29500.75,29475,29479,1149
2026-08-07T09:45:00+05:30,29478.5,29516.75,29453.5,29508.25,2620
2026-08-07T10:00:00+05:30,29508.25,29526,29492,29495.5,1233
2026-08-07T10:15:00+05:30,29494.5,29513.5,29489.25,29511.5,828
2026-08-07T10:30:00+05:30,29510.75,29556.75,29507.5,29539.5,2310
2026-08-07T10:45:00+05:30,29539.5,29554.75,29538,29549.25,611
2026-08-07T11:00:00+05:30,29547.75,29550,29519.75,29534,767
2026-08-07T11:15:00+05:30,29534,29538.75,29522.75,29523.5,513
2026-08-07T11:30:00+05:30,29523.5,29564.5,29520,29559.75,1551
2026-08-07T11:45:00+05:30,29557.5,29583.5,29543.25,29580.5,2319
2026-08-07T12:00:00+05:30,29580.25,29583.5,29539,29546.5,1222
2026-08-07T12:15:00+05:30,29544.25,29555,29537.75,29553,1075
2026-08-07T12:30:00+05:30,29552,29591.75,29533,29591.5,2209
2026-08-07T12:45:00+05:30,29591.5,29592.5,29574,29587.75,1024
2026-08-07T13:00:00+05:30,29588.75,29591,29570.25,29583,875
2026-08-07T13:15:00+05:30,29582.5,29589.25,29561.25,29583.75,981
2026-08-07T13:30:00+05:30,29584.25,29626.5,29584,29624,2343
2026-08-07T13:45:00+05:30,29625,29629.75,29599.25,29623.75,1368
2026-08-07T14:00:00+05:30,29623.5,29647.25,29609.25,29625.75,1873
2026-08-07T14:15:00+05:30,29625.75,29637.75,29615,29632.5,1939
2026-08-07T14:30:00+05:30,29633.5,29649,29625.25,29641.75,1146
2026-08-07T14:45:00+05:30,29642,29649,29624.75,29634.5,904
2026-08-07T15:00:00+05:30,29634.5,29647,29621.25,29629,715
2026-08-07T15:15:00+05:30,29629.5,29636,29616,29616.5,715
2026-08-07T15:30:00+05:30,29618.25,29628,29609.25,29609.75,875
2026-08-07T15:45:00+05:30,29609.25,29621.5,29591.25,29621.25,1081
2026-08-07T16:00:00+05:30,29621.5,29625.25,29609.25,29623.5,613
2026-08-07T16:15:00+05:30,29621.25,29624,29602.25,29607.25,798
2026-08-07T16:30:00+05:30,29606.5,29648.25,29606.25,29637,1584
2026-08-07T16:45:00+05:30,29637.25,29666.25,29636.75,29654,1466
2026-08-07T17:00:00+05:30,29652.25,29673.25,29647.25,29666,1231
2026-08-07T17:15:00+05:30,29664.5,29666.25,29604.25,29614,3039
2026-08-07T17:30:00+05:30,29614.5,29675.75,29604.75,29658.5,2722
2026-08-07T17:45:00+05:30,29658.75,29686,29618.5,29683.5,3165
2026-08-07T18:00:00+05:30,29676.25,29814,29643.75,29801.75,12793
2026-08-07T18:15:00+05:30,29801.5,29867.75,29801.5,29843.25,9311
2026-08-07T18:30:00+05:30,29843.75,29850.5,29734.25,29741,9682
2026-08-07T18:45:00+05:30,29741.25,29745.25,29685,29714.75,9011
2026-08-07T19:00:00+05:30,29714,29813.25,29681,29788.5,43838
2026-08-07T19:15:00+05:30,29786.75,29820,29643.75,29677.25,30408
2026-08-07T19:30:00+05:30,29679.5,29713.25,29564.5,29585,32524
2026-08-07T19:45:00+05:30,29585,29779.5,29568.5,29761.25,28652
2026-08-07T20:00:00+05:30,29761,29775,29660,29676,23813
2026-08-07T20:15:00+05:30,29676.75,29734,29667.75,29721,17985
2026-08-07T20:30:00+05:30,29720.25,29782.5,29709,29759.75,14232
2026-08-07T20:45:00+05:30,29760.25,29828.75,29746.5,29826.75,14255
2026-08-07T21:00:00+05:30,29826,29855.25,29794.25,29811.75,14858
2026-08-07T21:15:00+05:30,29812,29843.25,29796.5,29814,9732
2026-08-07T21:30:00+05:30,29814.75,29830,29795,29800.75,7837
2026-08-07T21:45:00+05:30,29800.5,29819,29688.75,29714,15056
2026-08-07T22:00:00+05:30,29714,29761.25,29668.75,29754.25,15011
2026-08-07T22:15:00+05:30,29754.5,29780.75,29738.75,29739.5,9693
2026-08-07T22:30:00+05:30,29739.75,29768,29726.75,29736,7463
2026-08-07T22:45:00+05:30,29735.25,29764.5,29726.25,29747.5,6249
2026-08-07T23:00:00+05:30,29747.5,29764.25,29727,29745.25,5795
2026-08-07T23:15:00+05:30,29746,29759.25,29735.5,29743.25,4279
2026-08-07T23:30:00+05:30,29743.5,29754.75,29712.5,29721.5,5527
2026-08-07T23:45:00+05:30,29722,29734.25,29702.75,29705.75,5381
2026-08-08T00:00:00+05:30,29705.5,29724.25,29678.75,29681.25,6157
2026-08-08T00:15:00+05:30,29681.5,29729,29676.5,29725,6348
2026-08-08T00:30:00+05:30,29725.25,29810.75,29723,29800,11911
2026-08-08T00:45:00+05:30,29800.25,29823,29791.75,29811,8636
2026-08-08T01:00:00+05:30,29811.25,29812,29772.25,29779.25,8476
2026-08-08T01:15:00+05:30,29778.75,29860.25,29778,29833.25,25048
2026-08-08T01:30:00+05:30,29834,29850.75,29805.25,29820.25,8932
2026-08-08T01:45:00+05:30,29820.5,29829,29803.75,29805,1490
2026-08-08T02:00:00+05:30,29805.5,29823.75,29802.5,29814.25,1684
2026-08-08T02:15:00+05:30,29814.25,29845,29813,29839.5,1786
2026-08-10T03:30:00+05:30,29851.25,29896.75,29820,29826.25,3645
2026-08-10T03:45:00+05:30,29828.5,29854.5,29805.25,29838,2092
2026-08-10T04:00:00+05:30,29838.5,29853.5,29814.5,29837.5,1274
2026-08-10T04:15:00+05:30,29837.5,29851,29831.5,29844.25,744
2026-08-10T04:30:00+05:30,29845.25,29877,29833.5,29862.75,1192
2026-08-10T04:45:00+05:30,29860.5,29882.25,29856.25,29864.25,1076
2026-08-10T05:00:00+05:30,29865.25,29865.75,29834.75,29862.25,1312
2026-08-10T05:15:00+05:30,29862,29872,29828.25,29829.5,1098
2026-08-10T05:30:00+05:30,29830.25,29906.5,29796.25,29893,3564
2026-08-10T05:45:00+05:30,29891.5,29899.5,29840,29845.75,2047
2026-08-10T06:00:00+05:30,29847,29865.25,29799.75,29804.5,2085
2026-08-10T06:15:00+05:30,29806.25,29830.5,29788.5,29802,1918
2026-08-10T06:30:00+05:30,29803.25,29855,29791,29853,1972
2026-08-10T06:45:00+05:30,29851.75,29882.5,29845.75,29865.25,1792
2026-08-10T07:00:00+05:30,29864,29881.5,29840.75,29875.5,1504
2026-08-10T07:15:00+05:30,29876.5,29895,29871.75,29885,883
2026-08-10T07:30:00+05:30,29886,29892.25,29869.25,29871.25,915
2026-08-10T07:45:00+05:30,29873.25,29874.5,29852.75,29870,1095
2026-08-10T08:00:00+05:30,29870,29890.75,29848.25,29890.25,855
2026-08-10T08:15:00+05:30,29889,29899.5,29880.25,29880.25,747
2026-08-10T08:30:00+05:30,29881.25,29892,29869.25,29876.25,596
2026-08-10T08:45:00+05:30,29876,29891.25,29871.25,29882.5,629
2026-08-10T09:00:00+05:30,29880,29898,29872.75,29896.5,705
2026-08-10T09:15:00+05:30,29896.5,29899,29871.25,29878,695
2026-08-10T09:30:00+05:30,29878.25,29897.75,29873,29895.5,631
2026-08-10T09:45:00+05:30,29894.25,29904,29891,29899.25,579
2026-08-10T10:00:00+05:30,29898.25,29899.75,29863,29887.25,889
2026-08-10T10:15:00+05:30,29887.25,29902.25,29873.75,29882.75,742
2026-08-10T10:30:00+05:30,29882.25,29918.25,29881,29916.25,1179
2026-08-10T10:45:00+05:30,29916.75,29924.5,29909,29910.75,847
2026-08-10T11:00:00+05:30,29912,29919,29903.5,29905.5,761
2026-08-10T11:15:00+05:30,29905.25,29930.5,29899.5,29930.5,928
2026-08-10T11:30:00+05:30,29930,29962,29927.5,29956.25,1883
2026-08-10T11:45:00+05:30,29956,29962.75,29907.5,29914.25,1907
2026-08-10T12:00:00+05:30,29914.25,29925.25,29907,29917.25,966
2026-08-10T12:15:00+05:30,29917.5,29923.5,29906,29908.5,787
2026-08-10T12:30:00+05:30,29909.25,29923,29886.25,29914,1468
2026-08-10T12:45:00+05:30,29914,29952.5,29911.25,29952.25,1651
2026-08-10T13:00:00+05:30,29950.75,29970,29948,29965.5,1164
2026-08-10T13:15:00+05:30,29965.75,29984,29935.75,29951.5,1305
2026-08-10T13:30:00+05:30,29952.5,29981,29947,29963,1421
2026-08-10T13:45:00+05:30,29961.75,29973,29939.5,29953.5,925
2026-08-10T14:00:00+05:30,29952,29972,29944,29955.5,735
2026-08-10T14:15:00+05:30,29954.75,29975,29949,29971.5,718
2026-08-10T14:30:00+05:30,29971.5,29983.75,29966,29976,873
2026-08-10T14:45:00+05:30,29974.75,29981.75,29963.5,29967.75,584
2026-08-10T15:00:00+05:30,29968.5,29972,29936.5,29945,978
2026-08-10T15:15:00+05:30,29943.75,29952,29936,29938.75,511
2026-08-10T15:30:00+05:30,29939.25,29959,29916,29917.75,1109
2026-08-10T15:45:00+05:30,29917.75,29952.25,29916.5,29946.75,952
2026-08-10T16:00:00+05:30,29943.5,29945.5,29910,29919.5,941
2026-08-10T16:15:00+05:30,29918.75,29938.25,29909.25,29912.25,1017
2026-08-10T16:30:00+05:30,29912.75,29926,29851.5,29876.5,2354
2026-08-10T16:45:00+05:30,29877.25,29913,29864.25,29909,1805
2026-08-10T17:00:00+05:30,29909.25,29919.75,29872,29874.75,1960
2026-08-10T17:15:00+05:30,29874.25,29884.25,29846,29871,2313
2026-08-10T17:30:00+05:30,29870.25,29883.75,29843.75,29845,1445
2026-08-10T17:45:00+05:30,29845.75,29846.5,29810.25,29821,1953
2026-08-10T18:00:00+05:30,29823.25,29827.5,29782.25,29804,3398
2026-08-10T18:15:00+05:30,29803.75,29810,29771.75,29777,2379
2026-08-10T18:30:00+05:30,29778.5,29816,29772.25,29805,3400
2026-08-10T18:45:00+05:30,29804.5,29823.75,29789.5,29805.5,4588
2026-08-10T19:00:00+05:30,29805.5,29841.75,29718.75,29776,37349
2026-08-10T19:15:00+05:30,29775.75,29832.75,29754.5,29806.75,23983
2026-08-10T19:30:00+05:30,29807,29892,29788.25,29881.5,19208
2026-08-10T19:45:00+05:30,29882,29900,29814.75,29857.75,18027
2026-08-10T20:00:00+05:30,29858.25,29892.25,29846.75,29866.75,13098
2026-08-10T20:15:00+05:30,29866.5,29886,29777.75,29779.75,14550
2026-08-10T20:30:00+05:30,29780,29822.5,29766,29793.25,14567
2026-08-10T20:45:00+05:30,29793.25,29817.25,29753.5,29777.75,10800
2026-08-10T21:00:00+05:30,29777,29809,29740.75,29808.25,10171
2026-08-10T21:15:00+05:30,29808.25,29854.5,29786.25,29844,10033
2026-08-10T21:30:00+05:30,29844.5,29858.75,29811.75,29822,7408
2026-08-10T21:45:00+05:30,29822,29843.5,29804.75,29809.75,7222
2026-08-10T22:00:00+05:30,29809.5,29817,29729.5,29742.25,12885
2026-08-10T22:15:00+05:30,29742.75,29781,29733,29780,8479
2026-08-10T22:30:00+05:30,29780.25,29809,29760.75,29800.75,7604
2026-08-10T22:45:00+05:30,29800.75,29811.25,29776.25,29787.5,5259
2026-08-10T23:00:00+05:30,29786.75,29796.5,29756,29759.5,5300
2026-08-10T23:15:00+05:30,29760,29765.25,29744.25,29759.75,5438
2026-08-10T23:30:00+05:30,29759,29772.75,29748.5,29751.25,4342
2026-08-10T23:45:00+05:30,29751.75,29756.5,29742.5,29747.75,4084
2026-08-11T00:00:00+05:30,29747.5,29773.5,29741.5,29771.75,5683
2026-08-11T00:15:00+05:30,29772,29784.5,29759.75,29782,4509
2026-08-11T00:30:00+05:30,29782.75,29795,29775.5,29789.5,5168
2026-08-11T00:45:00+05:30,29789.75,29796,29779.75,29781.75,4870
2026-08-11T01:00:00+05:30,29782.25,29793,29770.25,29776.25,5795
2026-08-11T01:15:00+05:30,29776,29784.25,29722.5,29744,23398
2026-08-11T01:30:00+05:30,29744.25,29754.75,29740,29745,6445
2026-08-11T01:45:00+05:30,29745,29754.5,29737,29751.75,1625
2026-08-11T02:00:00+05:30,29751.75,29760,29743.25,29757.5,1237
2026-08-11T02:15:00+05:30,29758,29770,29755.75,29764.25,1244
2026-08-11T03:30:00+05:30,29764.5,29788.5,29752,29761.5,1391
2026-08-11T03:45:00+05:30,29761.75,29762.75,29733,29746.25,1056
2026-08-11T04:00:00+05:30,29746,29746.25,29722.25,29725.25,1037
2026-08-11T04:15:00+05:30,29724.5,29736.75,29724.5,29732.5,383
2026-08-11T04:30:00+05:30,29732.5,29735.5,29720.75,29731.25,519
2026-08-11T04:45:00+05:30,29731.5,29732,29701.25,29708.5,1306
2026-08-11T05:00:00+05:30,29708.5,29715.5,29702.5,29714.25,570
2026-08-11T05:15:00+05:30,29713.75,29726.75,29677.5,29704.5,2012
2026-08-11T05:30:00+05:30,29703.75,29753.5,29666,29748.75,4022
2026-08-11T05:45:00+05:30,29746.75,29765,29725,29762.75,2476
2026-08-11T06:00:00+05:30,29764,29784,29756,29778.25,1657
2026-08-11T06:15:00+05:30,29779.25,29793.75,29777,29785,1316
2026-08-11T06:30:00+05:30,29784.75,29826,29764.5,29826,3104
2026-08-11T06:45:00+05:30,29825.25,29839.5,29808.75,29821.75,1742
2026-08-11T07:00:00+05:30,29819.25,29827.5,29810,29822.5,970
2026-08-11T07:15:00+05:30,29820.75,29842.5,29817,29818.25,1352
2026-08-11T07:30:00+05:30,29818,29830.5,29812,29819.5,869
2026-08-11T07:45:00+05:30,29821.25,29827.25,29813,29825,599
2026-08-11T08:00:00+05:30,29824,29839,29824,29838.75,896
2026-08-11T08:15:00+05:30,29839.5,29844.5,29815,29818.25,904
2026-08-11T08:30:00+05:30,29817.75,29832.75,29815,29821.5,691
2026-08-11T08:45:00+05:30,29822.5,29847.5,29817.5,29840.75,943
2026-08-11T09:00:00+05:30,29842.25,29843,29826,29831.75,638
2026-08-11T09:15:00+05:30,29833.5,29842.75,29828.25,29832,452
2026-08-11T09:30:00+05:30,29832.5,29851.25,29832.5,29847.75,693
2026-08-11T09:45:00+05:30,29848.5,29854.5,29838.25,29852.75,758
2026-08-11T10:00:00+05:30,29852.5,29861.75,29835.5,29838.25,825
2026-08-11T10:15:00+05:30,29839.25,29846,29834.5,29838.75,368
2026-08-11T10:30:00+05:30,29838.75,29854.25,29830.25,29852,538
2026-08-11T10:45:00+05:30,29852.25,29853.5,29813.25,29813.75,888
2026-08-11T11:00:00+05:30,29813.25,29829.5,29798.25,29815.5,1518
2026-08-11T11:15:00+05:30,29814.5,29817,29786.75,29793.25,1086
2026-08-11T11:30:00+05:30,29792.5,29827.75,29787.25,29819.5,1117
2026-08-11T11:45:00+05:30,29820,29822,29766.25,29771.25,1886
2026-08-11T12:00:00+05:30,29770.5,29789.25,29732.5,29782,2836
2026-08-11T12:15:00+05:30,29785.25,29786.75,29738.5,29754.25,1446
2026-08-11T12:30:00+05:30,29755.75,29769.75,29733.25,29759.75,1400
2026-08-11T12:45:00+05:30,29758.25,29765,29728,29743.25,1371
2026-08-11T13:00:00+05:30,29744.25,29780.25,29743.25,29769,1058
2026-08-11T13:15:00+05:30,29767.5,29779.5,29756,29774.75,864
2026-08-11T13:30:00+05:30,29776,29804.25,29730.5,29731.25,2318
2026-08-11T13:45:00+05:30,29730.75,29747.25,29718,29733,1309
2026-08-11T14:00:00+05:30,29733.5,29754.75,29717.75,29753.75,1202
2026-08-11T14:15:00+05:30,29752.5,29763.5,29741.75,29749.5,793
2026-08-11T14:30:00+05:30,29748,29756.25,29718.75,29733,1381
2026-08-11T14:45:00+05:30,29732.25,29765.75,29731.25,29759,1133
2026-08-11T15:00:00+05:30,29759.25,29784,29754.5,29767.5,1149
2026-08-11T15:15:00+05:30,29768.25,29781.5,29764.25,29768.75,461
2026-08-11T15:30:00+05:30,29770.25,29773,29754.75,29756.25,659
2026-08-11T15:45:00+05:30,29756.25,29832.75,29750.25,29821.25,2051
2026-08-11T16:00:00+05:30,29821.75,29823.75,29801.75,29815,1020
2026-08-11T16:15:00+05:30,29814.25,29827.5,29812.25,29818,570
2026-08-11T16:30:00+05:30,29818.75,29886.75,29818.25,29872,5200
2026-08-11T16:45:00+05:30,29871,29873,29828.5,29834.25,1812
2026-08-11T17:00:00+05:30,29833.75,29837,29811,29824.5,1557
2026-08-11T17:15:00+05:30,29825.25,29835.25,29812.75,29832,931
2026-08-11T17:30:00+05:30,29832.75,29864.25,29819.5,29862.25,1825
2026-08-11T17:45:00+05:30,29861.25,29871.5,29821.5,29828.5,3139
2026-08-11T18:00:00+05:30,29829.75,29857.25,29819,29846,1652
2026-08-11T18:15:00+05:30,29847,29854,29827,29833.75,1529
2026-08-11T18:30:00+05:30,29832.5,29851.25,29820.25,29827.5,2324
2026-08-11T18:45:00+05:30,29827.75,29845.75,29813,29839,5266
2026-08-11T19:00:00+05:30,29839.25,29842.5,29679,29723.25,38972
2026-08-11T19:15:00+05:30,29723.75,29735,29631.75,29732.75,30173
2026-08-11T19:30:00+05:30,29732.5,29792.5,29718.25,29763,20101
2026-08-11T19:45:00+05:30,29762,29791.75,29737.5,29777.25,18645
2026-08-11T20:00:00+05:30,29777.75,29785.25,29728.25,29742.75,15311
2026-08-11T20:15:00+05:30,29741.75,29804.75,29740.5,29777,13773
2026-08-11T20:30:00+05:30,29776.5,29792.25,29703.25,29712.25,15518
2026-08-11T20:45:00+05:30,29711,29735.25,29697.5,29702.25,11762
2026-08-11T21:00:00+05:30,29703,29719.5,29663.75,29693,12783
2026-08-11T21:15:00+05:30,29693.25,29693.75,29658.75,29663.25,9928
2026-08-11T21:30:00+05:30,29663.75,29681.75,29647.75,29652.5,9291
2026-08-11T21:45:00+05:30,29652.75,29669.75,29622,29645.75,10254
2026-08-11T22:00:00+05:30,29645.75,29666.75,29630.75,29637,7774
2026-08-11T22:15:00+05:30,29637,29643,29614.75,29626,9658
2026-08-11T22:30:00+05:30,29626.75,29634.75,29577,29578.25,9148
2026-08-11T22:45:00+05:30,29578.25,29618,29573,29606,10100
2026-08-11T23:00:00+05:30,29606.5,29638,29598.75,29634.25,7466
2026-08-11T23:15:00+05:30,29634.5,29640.75,29622.25,29628.75,5652
2026-08-11T23:30:00+05:30,29629.25,29635.75,29602,29607.75,7660
2026-08-11T23:45:00+05:30,29608,29614,29533.5,29544.25,10377
2026-08-12T00:00:00+05:30,29545,29576.75,29540,29548.75,8603
2026-08-12T00:15:00+05:30,29548.75,29599.5,29548.25,29582.75,7147
2026-08-12T00:30:00+05:30,29582.25,29614.5,29571.5,29607.75,8020
2026-08-12T00:45:00+05:30,29608,29627,29602,29624,6247
2026-08-12T01:00:00+05:30,29624.5,29660.25,29620,29639.75,10336
2026-08-12T01:15:00+05:30,29640,29650,29607,29636,22039
2026-08-12T01:30:00+05:30,29635.75,29651.75,29614.75,29640.25,8687
2026-08-12T01:45:00+05:30,29640.5,29676.5,29639,29674.75,2613
2026-08-12T02:00:00+05:30,29674.5,29676,29664.5,29670,1281
2026-08-12T02:15:00+05:30,29670.75,29671.25,29643.5,29646.75,1485
2026-08-12T03:30:00+05:30,29657.75,29661,29626.75,29658.25,1414
2026-08-12T03:45:00+05:30,29658.75,29662,29650.5,29655,419
2026-08-12T04:00:00+05:30,29653.25,29666,29637,29639.25,796
2026-08-12T04:15:00+05:30,29639.75,29653.75,29634,29650.25,603
2026-08-12T04:30:00+05:30,29649.5,29654.25,29639.5,29641.75,431
2026-08-12T04:45:00+05:30,29641.5,29654.25,29640.75,29652.5,347
2026-08-12T05:00:00+05:30,29652.75,29653.25,29635.75,29640.75,425
2026-08-12T05:15:00+05:30,29640.75,29663,29634.25,29662.25,850
2026-08-12T05:30:00+05:30,29661.75,29669.75,29624.5,29650.5,2021
2026-08-12T05:45:00+05:30,29649.25,29676,29638.5,29665.5,1690
2026-08-12T06:00:00+05:30,29666,29680,29652,29662,1166
2026-08-12T06:15:00+05:30,29662,29672,29655.5,29665.75,610
2026-08-12T06:30:00+05:30,29662.75,29681,29660,29674.75,1020
2026-08-12T06:45:00+05:30,29675,29675.75,29639.5,29661.75,1261
2026-08-12T07:00:00+05:30,29660,29678,29646.75,29678,950
2026-08-12T07:15:00+05:30,29678.25,29683.5,29646.75,29658.25,1157
2026-08-12T07:30:00+05:30,29659,29670.75,29650,29658,887
2026-08-12T07:45:00+05:30,29658.5,29678,29654.25,29678,635
2026-08-12T08:00:00+05:30,29677.25,29694.5,29675.25,29688.25,793
2026-08-12T08:15:00+05:30,29688,29703,29688,29702.5,760
2026-08-12T08:30:00+05:30,29702.75,29710,29695.25,29705.25,913
2026-08-12T08:45:00+05:30,29705.25,29708.75,29695.25,29702.5,640
2026-08-12T09:00:00+05:30,29701.75,29704.75,29688.75,29691.25,502
2026-08-12T09:15:00+05:30,29692.75,29701.25,29684.5,29694,481
2026-08-12T09:30:00+05:30,29694.75,29702,29690,29697.5,479
2026-08-12T09:45:00+05:30,29697,29703,29691.5,29698.25,335
2026-08-12T10:00:00+05:30,29697,29699.75,29683.5,29696.5,557
2026-08-12T10:15:00+05:30,29696.5,29715.5,29692.25,29713,778
2026-08-12T10:30:00+05:30,29714,29714.5,29685,29685,645
2026-08-12T10:45:00+05:30,29684.25,29690,29668.25,29688,869
2026-08-12T11:00:00+05:30,29688.75,29708.5,29687.25,29699.75,574
2026-08-12T11:15:00+05:30,29699.75,29718,29697,29715.5,690
2026-08-12T11:30:00+05:30,29715,29724.25,29707.25,29713.75,982
2026-08-12T11:45:00+05:30,29713.75,29721.25,29698.25,29711.75,833
2026-08-12T12:00:00+05:30,29709.5,29730.25,29706,29718,692
2026-08-12T12:15:00+05:30,29719,29737.25,29718.25,29736.75,969
2026-08-12T12:30:00+05:30,29737.25,29753.75,29735.5,29741.25,2356
2026-08-12T12:45:00+05:30,29741.5,29748.75,29727.5,29739.25,675
2026-08-12T13:00:00+05:30,29738,29744,29729.75,29742.75,534
2026-08-12T13:15:00+05:30,29741.25,29751.5,29730.5,29751.5,443
2026-08-12T13:30:00+05:30,29752.25,29781.25,29748.25,29771,1770
2026-08-12T13:45:00+05:30,29772,29792.25,29764.25,29786,1109
2026-08-12T14:00:00+05:30,29785.75,29787.25,29762.75,29773.25,818
2026-08-12T14:15:00+05:30,29773,29799.5,29771.75,29793.75,898
2026-08-12T14:30:00+05:30,29794.5,29812,29793.5,29808.25,982
2026-08-12T14:45:00+05:30,29808,29848.25,29803.75,29824,1965
2026-08-12T15:00:00+05:30,29823.5,29838.75,29822.5,29829.75,968
2026-08-12T15:15:00+05:30,29830,29834.5,29802.75,29815.25,1510
2026-08-12T15:30:00+05:30,29815.5,29842.75,29814.75,29839,1238
2026-08-12T15:45:00+05:30,29839.5,29845.25,29833.75,29839.5,760
2026-08-12T16:00:00+05:30,29839.75,29844.25,29832.25,29841.5,667
2026-08-12T16:15:00+05:30,29840.75,29841.5,29785,29814.5,2688
2026-08-12T16:30:00+05:30,29816,29838,29814,29823.5,1410
2026-08-12T16:45:00+05:30,29821.25,29821.75,29805.5,29810.25,1049
2026-08-12T17:00:00+05:30,29810,29831.75,29806,29825.5,1128
2026-08-12T17:15:00+05:30,29825.75,29846.5,29819.5,29845.5,1090
2026-08-12T17:30:00+05:30,29846,29858.25,29829.25,29830,1736
2026-08-12T17:45:00+05:30,29830.5,29932.25,29820.75,29905.5,4191
2026-08-12T18:00:00+05:30,29905.25,29960,29750.25,29917.25,12012
2026-08-12T18:15:00+05:30,29918.25,29922.5,29899.75,29919.25,3348
2026-08-12T18:30:00+05:30,29920,29941.5,29916,29939,3647
2026-08-12T18:45:00+05:30,29939.75,29992.75,29935.75,29991.25,8573
2026-08-12T19:00:00+05:30,29991.75,30001.75,29853.25,29899.5,39092
2026-08-12T19:15:00+05:30,29899.5,29970.75,29860.75,29907.25,27835
2026-08-12T19:30:00+05:30,29907,29936,29847.75,29892.5,23633
2026-08-12T19:45:00+05:30,29893.25,29945.75,29864,29916.25,16755
2026-08-12T20:00:00+05:30,29916,29929,29828.25,29925,18906
2026-08-12T20:15:00+05:30,29924.75,29931.5,29848.5,29868,14263
2026-08-12T20:30:00+05:30,29868,29892,29839,29879.75,12341
2026-08-12T20:45:00+05:30,29879.75,29887,29843.5,29874.5,8744
2026-08-12T21:00:00+05:30,29874.25,29879,29818.5,29828.25,10577
2026-08-12T21:15:00+05:30,29829,29854,29819,29831.75,6812
2026-08-12T21:30:00+05:30,29832.75,29877.75,29829,29873.25,7719
2026-08-12T21:45:00+05:30,29873.5,29887.75,29857.5,29873.5,7252
2026-08-12T22:00:00+05:30,29874,29894.75,29851,29885,8835
2026-08-12T22:15:00+05:30,29885.5,29918,29879,29905.5,7530
2026-08-12T22:30:00+05:30,29906.25,29924.5,29898,29911.25,6798
2026-08-12T22:45:00+05:30,29911.5,29920,29889.25,29909.25,6835
2026-08-12T23:00:00+05:30,29910,29922.25,29901.25,29915,5600
2026-08-12T23:15:00+05:30,29915.75,29924,29901.5,29910.25,4670
2026-08-12T23:30:00+05:30,29910,29918.5,29890.25,29907.25,4733
2026-08-12T23:45:00+05:30,29907,29913.75,29890.5,29894,5255
2026-08-13T00:00:00+05:30,29893.75,29932,29893.75,29919.5,5452
2026-08-13T00:15:00+05:30,29919.5,29923.25,29885,29889.75,5535
2026-08-13T00:30:00+05:30,29890.25,29905,29879,29884.25,4986
2026-08-13T00:45:00+05:30,29884,29898.5,29856,29868.25,6602
2026-08-13T01:00:00+05:30,29867,29868,29831.75,29849.25,8751
2026-08-13T01:15:00+05:30,29849.25,29870,29825.75,29853,22363
2026-08-13T01:30:00+05:30,29852.75,29906,29831.5,29846.75,9535
2026-08-13T01:45:00+05:30,29846.5,29851.25,29814.75,29820,2814
2026-08-13T02:00:00+05:30,29820,29823.25,29809.5,29820.25,2178
2026-08-13T02:15:00+05:30,29821.25,29823,29804.5,29805.75,1022
2026-08-13T03:30:00+05:30,29825,29831.75,29800.25,29804.75,1598
2026-08-13T03:45:00+05:30,29805,29809.75,29784,29794,981
2026-08-13T04:00:00+05:30,29792.25,29795.5,29780.5,29793,1096
2026-08-13T04:15:00+05:30,29792.25,29803.5,29788.5,29797.75,540
2026-08-13T04:30:00+05:30,29797.25,29812,29797,29808.75,792
2026-08-13T04:45:00+05:30,29808.5,29812.5,29802,29807.25,513
2026-08-13T05:00:00+05:30,29805.25,29815,29793.5,29810.25,721
2026-08-13T05:15:00+05:30,29811.75,29812.25,29792,29804.5,977
2026-08-13T05:30:00+05:30,29805.25,29863.5,29796.75,29847.75,2843
2026-08-13T05:45:00+05:30,29848.25,29866.75,29838,29840.25,1742
2026-08-13T06:00:00+05:30,29839.75,29853.75,29828.5,29840.75,1436
2026-08-13T06:15:00+05:30,29840.5,29850,29829,29845.5,1075
2026-08-13T06:30:00+05:30,29846,29853,29821.5,29829.25,1529
2026-08-13T06:45:00+05:30,29831.5,29838.5,29808.25,29818.25,1405
2026-08-13T07:00:00+05:30,29816.75,29844,29814.5,29837.75,1263
2026-08-13T07:15:00+05:30,29836.75,29866,29828,29857.25,1462
2026-08-13T07:30:00+05:30,29858,29871.25,29853.75,29862.25,955
2026-08-13T07:45:00+05:30,29861.75,29869.5,29856.75,29863,870
2026-08-13T08:00:00+05:30,29861.75,29877.75,29833.5,29873.75,2041
2026-08-13T08:15:00+05:30,29873.75,29874.5,29866,29868.5,507
2026-08-13T08:30:00+05:30,29868.5,29875.75,29865.5,29874.5,483
2026-08-13T08:45:00+05:30,29873.75,29879.5,29871.25,29874,464
2026-08-13T09:00:00+05:30,29876.25,29880,29867.25,29876,483
2026-08-13T09:15:00+05:30,29876,29880,29874,29878.5,548
2026-08-13T09:30:00+05:30,29878.25,29891.75,29869.25,29869.25,994
2026-08-13T09:45:00+05:30,29869.25,29884.5,29853.75,29877,1283
2026-08-13T10:00:00+05:30,29876.5,29896,29876.5,29879,669
2026-08-13T10:15:00+05:30,29878.75,29895,29873.5,29879.25,647
2026-08-13T10:30:00+05:30,29878.5,29916.5,29874,29915,1311
2026-08-13T10:45:00+05:30,29915,29922.75,29907.75,29920.5,1050
2026-08-13T11:00:00+05:30,29921.5,29924,29897,29902.75,1350
2026-08-13T11:15:00+05:30,29901.75,29908.5,29882,29884.5,775
2026-08-13T11:30:00+05:30,29884.5,29897,29869.25,29892.75,1503
2026-08-13T11:45:00+05:30,29894,29905.5,29885,29898,701
2026-08-13T12:00:00+05:30,29896.75,29905.25,29859.75,29862.25,1254
2026-08-13T12:15:00+05:30,29862,29890.25,29858.25,29888.5,955
2026-08-13T12:30:00+05:30,29888,29893.25,29845,29854,1928
2026-08-13T12:45:00+05:30,29853.75,29872.75,29848,29872.5,983
2026-08-13T13:00:00+05:30,29869.75,29882.25,29861.25,29880.5,966
2026-08-13T13:15:00+05:30,29880.5,29881.5,29859.25,29860,936
2026-08-13T13:30:00+05:30,29859.75,29872.5,29829,29838.5,2165
2026-08-13T13:45:00+05:30,29838.25,29865,29827,29858.75,1258
2026-08-13T14:00:00+05:30,29859.5,29866,29845.5,29862.5,840
2026-08-13T14:15:00+05:30,29861.75,29875.75,29854.25,29860.75,848
2026-08-13T14:30:00+05:30,29861.5,29868.75,29833,29833,1089
2026-08-13T14:45:00+05:30,29832.25,29848.75,29821,29838.75,786
2026-08-13T15:00:00+05:30,29837.5,29861.25,29836.5,29860.75,504
2026-08-13T15:15:00+05:30,29860.5,29879.25,29857.5,29876.5,717
2026-08-13T15:30:00+05:30,29876.25,29878.25,29863.25,29874.25,797
2026-08-13T15:45:00+05:30,29875.5,29884.5,29864.5,29873,788
2026-08-13T16:00:00+05:30,29874,29880.75,29868.5,29877.75,574
2026-08-13T16:15:00+05:30,29877.75,29886.5,29875,29881.25,496
2026-08-13T16:30:00+05:30,29881.5,29892.25,29870.75,29871.75,864
2026-08-13T16:45:00+05:30,29872.25,29875.5,29855.5,29863,1017
2026-08-13T17:00:00+05:30,29860.25,29888.75,29857.5,29887.75,1148
2026-08-13T17:15:00+05:30,29888.25,29895,29867.5,29869,1004
2026-08-13T17:30:00+05:30,29869.5,29872,29832.75,29842.25,2089
2026-08-13T17:45:00+05:30,29840.25,29860,29812.25,29844.5,1878
2026-08-13T18:00:00+05:30,29849.75,29890.5,29820,29846.75,6228
2026-08-13T18:15:00+05:30,29845.75,29881.25,29841,29880.75,2487
2026-08-13T18:30:00+05:30,29880.75,29921,29878.75,29908.25,4640
2026-08-13T18:45:00+05:30,29908.5,29920,29900.25,29911,4756
2026-08-13T19:00:00+05:30,29910.25,30053.5,29863.5,30012.25,37671
2026-08-13T19:15:00+05:30,30013.5,30182.25,30005.25,30176,32355
2026-08-13T19:30:00+05:30,30175.75,30214.75,30155.75,30204.75,22990
2026-08-13T19:45:00+05:30,30206.25,30239.5,30185.25,30234.25,18463
2026-08-13T20:00:00+05:30,30233.25,30267.5,30227.5,30236.5,18060
2026-08-13T20:15:00+05:30,30236,30241.5,30198.25,30199.5,18101
2026-08-13T20:30:00+05:30,30199.25,30231.5,30193.75,30217.5,15389
2026-08-13T20:45:00+05:30,30217.5,30238.75,30179.5,30188.25,15110
2026-08-13T21:00:00+05:30,30188.75,30198.5,30128.25,30156.75,18280
2026-08-13T21:15:00+05:30,30156,30156,30104,30115.5,13302
2026-08-13T21:30:00+05:30,30117.25,30172.5,30114.25,30140.75,10106
2026-08-13T21:45:00+05:30,30140.75,30189,30133.75,30186.5,8304
2026-08-13T22:00:00+05:30,30186.75,30200,30168,30183,7705
2026-08-13T22:15:00+05:30,30183.25,30203.25,30176.5,30193.75,6342
2026-08-13T22:30:00+05:30,30193.75,30232.75,30193.25,30226.25,8681
2026-08-13T22:45:00+05:30,30226.25,30250,30224.75,30237.5,8044
2026-08-13T23:00:00+05:30,30237.75,30244.75,30214.25,30214.5,6663
2026-08-13T23:15:00+05:30,30214.5,30228,30203.75,30204.5,5908
2026-08-13T23:30:00+05:30,30205,30215.5,30189.5,30201.5,6889
2026-08-13T23:45:00+05:30,30201.5,30207.75,30181,30192,7310
2026-08-14T00:00:00+05:30,30192,30237.25,30191.5,30229,8573
2026-08-14T00:15:00+05:30,30228.5,30246,30228.25,30244.25,6352
2026-08-14T00:30:00+05:30,30244.25,30272.75,30232,30238.75,11116
2026-08-14T00:45:00+05:30,30238.25,30246,30215.25,30223.25,9018
2026-08-14T01:00:00+05:30,30222.75,30227.75,30202.75,30204.5,7999
2026-08-14T01:15:00+05:30,30204.5,30207,30173,30194.75,24159
2026-08-14T01:30:00+05:30,30194.5,30220,30144.5,30208,11643
2026-08-14T01:45:00+05:30,30208.25,30214.25,30192.5,30197.75,2162
2026-08-14T02:00:00+05:30,30198.25,30213.25,30195.5,30209.5,1446
2026-08-14T02:15:00+05:30,30209.25,30219.75,30208.75,30214.25,1175
2026-08-14T03:30:00+05:30,30210.75,30216.75,30186,30197.25,1609
2026-08-14T03:45:00+05:30,30196.25,30205.5,30190,30197,653
2026-08-14T04:00:00+05:30,30198.5,30210.25,30198.25,30206.75,550
2026-08-14T04:15:00+05:30,30206.25,30207.75,30200,30203.25,399
2026-08-14T04:30:00+05:30,30204,30224.75,30199,30224.75,663
2026-08-14T04:45:00+05:30,30225,30226,30192.25,30199.5,996
2026-08-14T05:00:00+05:30,30198.5,30203.5,30193.5,30196.25,554
2026-08-14T05:15:00+05:30,30196.75,30204,30189.5,30203.25,1019
2026-08-14T05:30:00+05:30,30203.75,30232,30195.75,30201,2500
2026-08-14T05:45:00+05:30,30201.25,30204,30176.75,30185.5,1795
2026-08-14T06:00:00+05:30,30184.5,30191.75,30174.5,30178.5,1284
2026-08-14T06:15:00+05:30,30180,30186.75,30166.25,30170,1580
2026-08-14T06:30:00+05:30,30169.25,30169.75,30124.25,30129,3090
2026-08-14T06:45:00+05:30,30128.75,30155.5,30124.5,30152.5,2004
2026-08-14T07:00:00+05:30,30153.25,30163,30140.25,30160,1196
2026-08-14T07:15:00+05:30,30160.5,30168,30149.25,30151.5,997
2026-08-14T07:30:00+05:30,30151.5,30171.75,30149.75,30166.5,1170
2026-08-14T07:45:00+05:30,30167,30170.25,30155.75,30167.25,762
2026-08-14T08:00:00+05:30,30168,30181.5,30167.25,30173.5,791
2026-08-14T08:15:00+05:30,30174.5,30178.5,30150,30154.75,848
2026-08-14T08:30:00+05:30,30153.75,30165,30150,30162.75,769
2026-08-14T08:45:00+05:30,30162.75,30180,30161.5,30180,641
2026-08-14T09:00:00+05:30,30180.75,30182.5,30155.25,30157.75,880
2026-08-14T09:15:00+05:30,30157.5,30163,30152.25,30152.25,571
2026-08-14T09:30:00+05:30,30152.25,30161.5,30144.75,30156.75,1090
2026-08-14T09:45:00+05:30,30155,30165,30150.5,30157.5,755
2026-08-14T10:00:00+05:30,30158.75,30163.75,30137.5,30154.75,1186
2026-08-14T10:15:00+05:30,30154,30154.25,30145.25,30147,508
2026-08-14T10:30:00+05:30,30148.25,30152.5,30127.75,30143,1092
2026-08-14T10:45:00+05:30,30144,30152,30138.25,30150.5,681
2026-08-14T11:00:00+05:30,30149.25,30167,30140.75,30166.5,685
2026-08-14T11:15:00+05:30,30167,30182,30164.5,30174,865
2026-08-14T11:30:00+05:30,30174.75,30177.75,30149.5,30152.5,917
2026-08-14T11:45:00+05:30,30153,30164,30147.5,30163.25,553
2026-08-14T12:00:00+05:30,30162.25,30165.5,30149.5,30159.75,608
2026-08-14T12:15:00+05:30,30160.25,30178,30160,30172.5,594
2026-08-14T12:30:00+05:30,30173.5,30194.25,30171.5,30175.25,1521
2026-08-14T12:45:00+05:30,30175.5,30181.25,30172.25,30177,483
2026-08-14T13:00:00+05:30,30177.75,30203.75,30173,30202.75,685
2026-08-14T13:15:00+05:30,30202.75,30202.75,30190.75,30194.75,807
2026-08-14T13:30:00+05:30,30194.5,30235.75,30187.75,30213.25,2236
2026-08-14T13:45:00+05:30,30215,30231.5,30206,30225.5,888
2026-08-14T14:00:00+05:30,30224.5,30240.25,30222,30227.75,1040
2026-08-14T14:15:00+05:30,30228.25,30240,30220.5,30220.75,540
2026-08-14T14:30:00+05:30,30220,30222.25,30210.25,30218.5,777
2026-08-14T14:45:00+05:30,30218.5,30232,30214.75,30226.75,607
2026-08-14T15:00:00+05:30,30225.5,30226.25,30207,30209.75,863
2026-08-14T15:15:00+05:30,30210.5,30236,30207.25,30235,861
2026-08-14T15:30:00+05:30,30234.25,30249.75,30233.5,30241.5,1061
2026-08-14T15:45:00+05:30,30239.75,30240.75,30223,30228.75,803
2026-08-14T16:00:00+05:30,30230,30237.75,30223.5,30237,726
2026-08-14T16:15:00+05:30,30236.25,30252.5,30232.75,30252,1227
2026-08-14T16:30:00+05:30,30251.75,30262,30247,30253.75,1276
2026-08-14T16:45:00+05:30,30254,30254.75,30242,30247.25,924
2026-08-14T17:00:00+05:30,30247,30258.5,30237.25,30251.5,1318
2026-08-14T17:15:00+05:30,30252,30268,30250,30263.75,1274
2026-08-14T17:30:00+05:30,30265.25,30280.25,30208.5,30237.5,3379
2026-08-14T17:45:00+05:30,30237,30256.25,30226.5,30251.5,2094
2026-08-14T18:00:00+05:30,30252.75,30279.75,30247,30266,3276
2026-08-14T18:15:00+05:30,30265.75,30279.75,30254,30268.25,2264
2026-08-14T18:30:00+05:30,30268.5,30283,30252.5,30253,2355
2026-08-14T18:45:00+05:30,30253.25,30261.5,30236.25,30241.5,4156
2026-08-14T19:00:00+05:30,30241.75,30269.5,30169.75,30261,37670
2026-08-14T19:15:00+05:30,30260.75,30280.5,30208.75,30228.25,26204
2026-08-14T19:30:00+05:30,30226,30272.25,30204.75,30221.25,18402
2026-08-14T19:45:00+05:30,30221.75,30228.5,30134.25,30160.25,21226
2026-08-14T20:00:00+05:30,30159.75,30176.5,30129,30155.5,17397
2026-08-14T20:15:00+05:30,30155.5,30166,30123,30123,9719
2026-08-14T20:30:00+05:30,30124,30143,30088,30090.5,14111
2026-08-14T20:45:00+05:30,30090.75,30110.75,30033.5,30073.25,17139
2026-08-14T21:00:00+05:30,30072.5,30075,30029.5,30049,13164
2026-08-14T21:15:00+05:30,30049.25,30072.75,30028.5,30065.75,11406
2026-08-14T21:30:00+05:30,30066.5,30084.25,30050.5,30080.25,10342
2026-08-14T21:45:00+05:30,30080.25,30107.75,30075.5,30101,8213
2026-08-14T22:00:00+05:30,30100.5,30102,30064.5,30067.25,9934
2026-08-14T22:15:00+05:30,30067,30076.75,30052.75,30059,6576
2026-08-14T22:30:00+05:30,30059.25,30079.75,30053,30069.25,6728
2026-08-14T22:45:00+05:30,30069.25,30076.5,30046.5,30059.25,6490
2026-08-14T23:00:00+05:30,30059.5,30072.25,30050.25,30058,5496
2026-08-14T23:15:00+05:30,30058.25,30084.5,30049.75,30081.5,6089
2026-08-14T23:30:00+05:30,30081.25,30091.25,30073.5,30078.75,5284
2026-08-14T23:45:00+05:30,30078.75,30092.5,30064.75,30068,5720
2026-08-15T00:00:00+05:30,30067.5,30090.25,30062.5,30087.25,5535
2026-08-15T00:15:00+05:30,30087,30104,30078,30088.5,5489
2026-08-15T00:30:00+05:30,30088.5,30094.5,30077,30083,5918
2026-08-15T00:45:00+05:30,30083.25,30104,30076,30096.75,6261
2026-08-15T01:00:00+05:30,30096.25,30115.25,30091.25,30108.5,8117
2026-08-15T01:15:00+05:30,30108.5,30148,30101.5,30144.5,22361
2026-08-15T01:30:00+05:30,30144.25,30153.25,30131,30132.75,8535
2026-08-15T01:45:00+05:30,30133.25,30135.5,30127.25,30131,1194
2026-08-15T02:00:00+05:30,30131,30145.75,30128.25,30142,1594
2026-08-15T02:15:00+05:30,30142.25,30154.75,30138,30154,1273
2026-08-17T03:30:00+05:30,30170,30202.5,30163.75,30196.5,2065
2026-08-17T03:45:00+05:30,30197.75,30200.75,30190.5,30192.75,447
2026-08-17T04:00:00+05:30,30193,30196.5,30188.5,30192.25,376
2026-08-17T04:15:00+05:30,30192.75,30211.75,30187.25,30205,1111
2026-08-17T04:30:00+05:30,30205.25,30207.25,30195.25,30197,532
2026-08-17T04:45:00+05:30,30197.25,30204.25,30191.5,30197,624
2026-08-17T05:00:00+05:30,30197.75,30206.25,30192.75,30206.25,469
2026-08-17T05:15:00+05:30,30204.75,30228,30204.5,30214.25,1312
2026-08-17T05:30:00+05:30,30215,30227.25,30209,30219.5,1558
2026-08-17T05:45:00+05:30,30218.5,30218.75,30189,30195.5,1457
2026-08-17T06:00:00+05:30,30195.5,30198.25,30185.5,30188.75,1048
2026-08-17T06:15:00+05:30,30189.25,30202,30185.5,30201.75,702
2026-08-17T06:30:00+05:30,30201,30233.25,30199.75,30214.25,1976
2026-08-17T06:45:00+05:30,30214.5,30239,30203.75,30229.75,1562
2026-08-17T07:00:00+05:30,30230.25,30232.5,30191,30199,1780
2026-08-17T07:15:00+05:30,30198.5,30203.25,30187,30192,788
2026-08-17T07:30:00+05:30,30192,30200.5,30185.25,30200.25,900
2026-08-17T07:45:00+05:30,30200.75,30222.25,30197.75,30217.25,1472
2026-08-17T08:00:00+05:30,30216.75,30225,30211.75,30222.25,625
2026-08-17T08:15:00+05:30,30220.5,30231.25,30220,30222.25,768
2026-08-17T08:30:00+05:30,30223,30235,30220.75,30226,862
2026-08-17T08:45:00+05:30,30227.5,30235.5,30226.75,30234.25,390
2026-08-17T09:00:00+05:30,30234.75,30247.25,30226,30241.5,782
2026-08-17T09:15:00+05:30,30241.25,30246.5,30238.75,30246.5,435
2026-08-17T09:30:00+05:30,30246.75,30255,30243.5,30251.25,847
2026-08-17T09:45:00+05:30,30250.5,30252.25,30240.5,30241,548
2026-08-17T10:00:00+05:30,30241,30244.75,30233.25,30243.5,586
2026-08-17T10:15:00+05:30,30244,30248.5,30233,30234.75,543
2026-08-17T10:30:00+05:30,30234.5,30247,30234.5,30241.25,547
2026-08-17T10:45:00+05:30,30243,30246.75,30230.5,30243.75,447
2026-08-17T11:00:00+05:30,30244.5,30263,30237.25,30263,1075
2026-08-17T11:15:00+05:30,30263,30274,30261.25,30272,711
2026-08-17T11:30:00+05:30,30273.25,30295,30266.75,30287.5,1903
2026-08-17T11:45:00+05:30,30287.75,30299,30272,30296.75,1369
2026-08-17T12:00:00+05:30,30297.25,30327,30294,30314.5,2807
2026-08-17T12:15:00+05:30,30315,30326,30311,30324.5,587
2026-08-17T12:30:00+05:30,30324.75,30331.5,30273.25,30275,2081
2026-08-17T12:45:00+05:30,30276,30280.5,30261,30279.75,1622
2026-08-17T13:00:00+05:30,30279.75,30324.25,30276.75,30318.25,1619
2026-08-17T13:15:00+05:30,30317.75,30322.5,30306.75,30313,1110
2026-08-17T13:30:00+05:30,30312,30328,30297,30307.25,1756
2026-08-17T13:45:00+05:30,30307.25,30319.5,30303,30315.25,685
2026-08-17T14:00:00+05:30,30314,30319,30287.5,30288.25,905
2026-08-17T14:15:00+05:30,30288.25,30305.25,30283.75,30298.25,779
2026-08-17T14:30:00+05:30,30298.25,30301.5,30288,30297,621
2026-08-17T14:45:00+05:30,30297.25,30297.25,30267.75,30274.5,849
2026-08-17T15:00:00+05:30,30274.25,30283.25,30267.75,30282.75,658
2026-08-17T15:15:00+05:30,30281.75,30291.5,30276.25,30282,628
2026-08-17T15:30:00+05:30,30282,30296.5,30276,30295.5,904
2026-08-17T15:45:00+05:30,30294.5,30343,30279,30338,1807
2026-08-17T16:00:00+05:30,30334.25,30338.5,30292.75,30310.5,1586
2026-08-17T16:15:00+05:30,30310.25,30316.5,30305,30315,662
2026-08-17T16:30:00+05:30,30313.75,30325,30296.25,30300.25,1898
2026-08-17T16:45:00+05:30,30300.25,30306.75,30286.75,30299.5,1270
2026-08-17T17:00:00+05:30,30300.25,30306,30292.5,30304.5,822
2026-08-17T17:15:00+05:30,30304.25,30310,30286,30286.75,1087
2026-08-17T17:30:00+05:30,30286.75,30288.75,30246.75,30278.25,2718
2026-08-17T17:45:00+05:30,30278.5,30281,30220.75,30236,3212
2026-08-17T18:00:00+05:30,30238.25,30250.5,30182.75,30189.5,4099
2026-08-17T18:15:00+05:30,30189.25,30213,30180,30202.5,3263
2026-08-17T18:30:00+05:30,30202.5,30225.75,30199.25,30218.5,2842
2026-08-17T18:45:00+05:30,30219.5,30238,30205.25,30218.75,5907
2026-08-17T19:00:00+05:30,30219.25,30266,30165.5,30196.5,36100
2026-08-17T19:15:00+05:30,30196.5,30254.25,30174.25,30235,19883
2026-08-17T19:30:00+05:30,30234.75,30243.25,30161,30224.25,21468
2026-08-17T19:45:00+05:30,30224.75,30226,30155.25,30197.75,15412
2026-08-17T20:00:00+05:30,30198,30217.25,30186,30204.25,10013
2026-08-17T20:15:00+05:30,30205,30246,30199.25,30244,11651
2026-08-17T20:30:00+05:30,30244,30287.5,30233.25,30257.75,15555
2026-08-17T20:45:00+05:30,30258,30278,30255,30269,9645
2026-08-17T21:00:00+05:30,30269.75,30273.5,30207.75,30227.5,14484
2026-08-17T21:15:00+05:30,30227,30249.75,30214,30239.5,8295
2026-08-17T21:30:00+05:30,30239.75,30243.25,30200,30204,8620
2026-08-17T21:45:00+05:30,30204,30218,30196.5,30207.25,6230
2026-08-17T22:00:00+05:30,30207.5,30212.75,30182,30183.5,6291
2026-08-17T22:15:00+05:30,30183.5,30192.75,30175.25,30183.5,6078
2026-08-17T22:30:00+05:30,30183.5,30187.25,30128.25,30129.5,10259
2026-08-17T22:45:00+05:30,30128.5,30143.75,30092.5,30096.75,16361
2026-08-17T23:00:00+05:30,30097,30128,30086.5,30123,12223
2026-08-17T23:15:00+05:30,30123,30127.25,30097,30102.25,6150
2026-08-17T23:30:00+05:30,30102,30114,30079.25,30100.25,9224
2026-08-17T23:45:00+05:30,30100.25,30113.75,30089.5,30103,7153
2026-08-18T00:00:00+05:30,30103.75,30120,30092.5,30117.25,5468
2026-08-18T00:15:00+05:30,30117.75,30136.5,30115.5,30122.25,5995
2026-08-18T00:30:00+05:30,30122.5,30124.75,30083.25,30084.75,6568
2026-08-18T00:45:00+05:30,30084.75,30114,30082.25,30093.5,8508
2026-08-18T01:00:00+05:30,30093.75,30111.75,30088.75,30102.25,7854
2026-08-18T01:15:00+05:30,30102.75,30123,30066.5,30091.5,19414
2026-08-18T01:30:00+05:30,30091,30098,30070.25,30078.25,7401
2026-08-18T01:45:00+05:30,30078.25,30082.25,30068.5,30078.5,1282
2026-08-18T02:00:00+05:30,30077.75,30080,30059,30064.75,1420
2026-08-18T02:15:00+05:30,30063.75,30079.75,30054.5,30078.25,1426
2026-08-18T03:30:00+05:30,30077,30091.75,30070.25,30073.5,1453
2026-08-18T03:45:00+05:30,30073,30084.75,30062.25,30076,1133
2026-08-18T04:00:00+05:30,30075,30076.75,30067,30070.75,513
2026-08-18T04:15:00+05:30,30071.75,30083.5,30070.75,30079.75,562
2026-08-18T04:30:00+05:30,30079.25,30087.25,30070,30081.25,639
2026-08-18T04:45:00+05:30,30082,30088.75,30071.75,30084,653
2026-08-18T05:00:00+05:30,30083,30103,30082.75,30096.75,969
2026-08-18T05:15:00+05:30,30095.75,30100.75,30080.5,30094.5,1378
2026-08-18T05:30:00+05:30,30094.25,30104,30083.75,30100,1481
2026-08-18T05:45:00+05:30,30101,30114.75,30091.5,30100,1458
2026-08-18T06:00:00+05:30,30101,30113.25,30097.75,30112,878
2026-08-18T06:15:00+05:30,30112,30121.25,30095,30098,1421
2026-08-18T06:30:00+05:30,30099.25,30110,30090,30109.25,1230
2026-08-18T06:45:00+05:30,30109.5,30109.75,30075,30087.5,1533
2026-08-18T07:00:00+05:30,30086.25,30090.5,30037,30049.75,2940
2026-08-18T07:15:00+05:30,30049,30055.5,29968.25,30011.5,6514
2026-08-18T07:30:00+05:30,30013,30022,29963,29966.25,3040
2026-08-18T07:45:00+05:30,29965.25,29971,29923.25,29931,4207
2026-08-18T08:00:00+05:30,29932.5,29959.75,29906.75,29909.5,3539
2026-08-18T08:15:00+05:30,29909.75,29920.75,29880.25,29908.25,4379
2026-08-18T08:30:00+05:30,29909,29915.5,29888.75,29895,1483
2026-08-18T08:45:00+05:30,29894.5,29897.25,29859.25,29879.25,2961
2026-08-18T09:00:00+05:30,29879,29897.5,29853,29895.5,2791
2026-08-18T09:15:00+05:30,29893.75,29909.75,29881.25,29893.75,2109
2026-08-18T09:30:00+05:30,29892,29898.5,29870.25,29897.75,1802
2026-08-18T09:45:00+05:30,29898.25,29920.25,29879.25,29911,2026
2026-08-18T10:00:00+05:30,29912.25,29921,29891,29900.5,1607
2026-08-18T10:15:00+05:30,29899,29927.25,29895.75,29918,1218
2026-08-18T10:30:00+05:30,29917.75,29918.5,29876,29879.25,2142
2026-08-18T10:45:00+05:30,29878.75,29888,29873.25,29876,907
2026-08-18T11:00:00+05:30,29876.5,29877,29862.25,29866,1405
2026-08-18T11:15:00+05:30,29865.25,29880.75,29835.25,29842,1893
2026-08-18T11:30:00+05:30,29841.5,29846.5,29786,29836.25,4627
2026-08-18T11:45:00+05:30,29835,29866.5,29820.5,29860,2163
2026-08-18T12:00:00+05:30,29859.5,29876.5,29852.75,29865.5,1145
2026-08-18T12:15:00+05:30,29866.25,29896,29862.75,29893,1219
2026-08-18T12:30:00+05:30,29892,29896.5,29861.25,29863,1753
2026-08-18T12:45:00+05:30,29862.75,29871.75,29845.5,29847.25,1180
2026-08-18T13:00:00+05:30,29848,29854.75,29822,29825.25,1689
2026-08-18T13:15:00+05:30,29825.25,29841,29808,29810.75,1565
2026-08-18T13:30:00+05:30,29811,29814.25,29736.5,29766.75,5757
2026-08-18T13:45:00+05:30,29767.75,29786.25,29735.75,29759.75,2297
2026-08-18T14:00:00+05:30,29759.5,29792.25,29748.25,29780.5,1692
2026-08-18T14:15:00+05:30,29782,29782.5,29742.5,29765.5,1791
2026-08-18T14:30:00+05:30,29765,29778,29743.75,29764.5,1935
2026-08-18T14:45:00+05:30,29764.25,29770.75,29723.5,29735,1874
2026-08-18T15:00:00+05:30,29736.5,29742,29698.25,29712.75,2581
2026-08-18T15:15:00+05:30,29711.75,29737,29687.25,29733,2795
2026-08-18T15:30:00+05:30,29732.25,29743.75,29715.75,29722,1582
2026-08-18T15:45:00+05:30,29722.25,29742.25,29703.75,29727.5,1516
2026-08-18T16:00:00+05:30,29726.75,29746,29720.5,29728.5,1382
2026-08-18T16:15:00+05:30,29727.75,29752.75,29721,29739,1069
2026-08-18T16:30:00+05:30,29739,29772.75,29730.25,29768,2616
2026-08-18T16:45:00+05:30,29767.25,29773.75,29753.25,29756.75,1430
2026-08-18T17:00:00+05:30,29758,29760.5,29727,29756.25,1979
2026-08-18T17:15:00+05:30,29756,29775.75,29745.5,29747.25,1633
2026-08-18T17:30:00+05:30,29748.5,29786,29726.25,29733.5,3064
2026-08-18T17:45:00+05:30,29734,29760,29711.5,29714.5,3606
2026-08-18T18:00:00+05:30,29714.25,29723,29685.25,29688.75,2867
2026-08-18T18:15:00+05:30,29688.25,29721.25,29680.5,29713,2987
2026-08-18T18:30:00+05:30,29713,29726.5,29691,29696.25,3653
2026-08-18T18:45:00+05:30,29695.75,29708.5,29678,29690.75,6400
2026-08-18T19:00:00+05:30,29690.25,29769.75,29631.25,29687.5,51040
2026-08-18T19:15:00+05:30,29687.25,29700.5,29604.75,29646.25,30210
2026-08-18T19:30:00+05:30,29647.5,29705.75,29568.5,29587.25,31206
2026-08-18T19:45:00+05:30,29587,29684.75,29578,29669.25,25851
2026-08-18T20:00:00+05:30,29668.75,29691.25,29612.5,29614,20211
2026-08-18T20:15:00+05:30,29614,29625,29536.25,29547.75,23701
2026-08-18T20:30:00+05:30,29547.5,29571,29514,29546.25,22730
2026-08-18T20:45:00+05:30,29546.75,29600,29532,29591.25,16182
2026-08-18T21:00:00+05:30,29591,29610,29566.5,29598,13716
2026-08-18T21:15:00+05:30,29598.75,29641,29598.25,29636.75,13615
2026-08-18T21:30:00+05:30,29637,29663.25,29625,29646,12617
2026-08-18T21:45:00+05:30,29647,29657.25,29609.5,29609.75,11032
2026-08-18T22:00:00+05:30,29609.75,29650,29603.25,29629.5,10763
2026-08-18T22:15:00+05:30,29629.75,29670.75,29618.5,29649.75,9167
2026-08-18T22:30:00+05:30,29649.75,29660.75,29618.5,29635.25,8659
2026-08-18T22:45:00+05:30,29635.5,29635.75,29593,29616,8058
2026-08-18T23:00:00+05:30,29615.25,29622,29591.5,29603.5,8095
2026-08-18T23:15:00+05:30,29604,29615,29565,29565.75,6925
2026-08-18T23:30:00+05:30,29566,29579,29547.25,29575.25,9399
2026-08-18T23:45:00+05:30,29574.75,29615,29571.25,29603.25,10302
2026-08-19T00:00:00+05:30,29603.5,29614,29584.25,29586,6773
2026-08-19T00:15:00+05:30,29586.5,29597.75,29565.25,29571.25,6642
2026-08-19T00:30:00+05:30,29571,29586,29564.5,29572.25,6426
2026-08-19T00:45:00+05:30,29572.25,29606.75,29564.75,29600,8457
2026-08-19T01:00:00+05:30,29600,29606,29582.75,29600.25,9006
2026-08-19T01:15:00+05:30,29600.25,29610,29559.25,29585.75,28987
2026-08-19T01:30:00+05:30,29585.5,29596.75,29566,29573.25,6811
2026-08-19T01:45:00+05:30,29573.5,29583,29561.5,29578.25,1776
2026-08-19T02:00:00+05:30,29578.5,29586,29574.5,29577.25,955
2026-08-19T02:15:00+05:30,29577.25,29578.5,29550.25,29559.5,2120
2026-08-19T03:30:00+05:30,29566.5,29582.5,29549,29574.75,1863
2026-08-19T03:45:00+05:30,29574.75,29593.5,29544.75,29546.75,1957
2026-08-19T04:00:00+05:30,29547.5,29552.75,29521,29531.75,2055
2026-08-19T04:15:00+05:30,29532.5,29536.75,29516.75,29519.5,1256
2026-08-19T04:30:00+05:30,29520,29547.75,29514.25,29533.25,1572
2026-08-19T04:45:00+05:30,29532.5,29567.25,29521,29546,1798
2026-08-19T05:00:00+05:30,29545.75,29549.75,29523,29536.75,1297
2026-08-19T05:15:00+05:30,29534,29552.75,29524.5,29528.5,1712
2026-08-19T05:30:00+05:30,29527.5,29529.25,29442,29460.25,6388
2026-08-19T05:45:00+05:30,29461,29530.75,29450,29530.75,3355
2026-08-19T06:00:00+05:30,29530.75,29575.75,29529.75,29569.5,2919
2026-08-19T06:15:00+05:30,29569.25,29586,29533.75,29539.25,3149
2026-08-19T06:30:00+05:30,29538.25,29598.25,29530.25,29586.5,4286
2026-08-19T06:45:00+05:30,29586,29609.5,29568.5,29602,3182
2026-08-19T07:00:00+05:30,29600.75,29604.5,29563.25,29577.75,2310
2026-08-19T07:15:00+05:30,29575,29584.25,29563,29577.75,1417
2026-08-19T07:30:00+05:30,29579,29583.25,29526.25,29533.25,2002
2026-08-19T07:45:00+05:30,29533,29563.25,29521,29542,2407
2026-08-19T08:00:00+05:30,29541.75,29545,29514,29523,1427
2026-08-19T08:15:00+05:30,29523.25,29544,29518.25,29532,1332
2026-08-19T08:30:00+05:30,29532,29555,29520.75,29532.25,1373
2026-08-19T08:45:00+05:30,29532,29551.5,29519.75,29535.25,1325
2026-08-19T09:00:00+05:30,29533.5,29567,29528.5,29531.75,1723
2026-08-19T09:15:00+05:30,29530,29546,29516.25,29526,1083
2026-08-19T09:30:00+05:30,29525.25,29527.25,29505,29516.25,1483
2026-08-19T09:45:00+05:30,29516.25,29543.5,29507.5,29533.75,1255
2026-08-19T10:00:00+05:30,29533.75,29540.5,29498,29498.75,1440
2026-08-19T10:15:00+05:30,29499.75,29507.25,29463.75,29506,2004
2026-08-19T10:30:00+05:30,29506.75,29535,29482.75,29487.5,1966
2026-08-19T10:45:00+05:30,29489,29510,29466.25,29509.25,1471
2026-08-19T11:00:00+05:30,29507.5,29512.25,29459,29472.75,1464
2026-08-19T11:15:00+05:30,29471.5,29477,29446,29457.5,1537
2026-08-19T11:30:00+05:30,29456.5,29466,29430.5,29436,2192
2026-08-19T11:45:00+05:30,29435.5,29504.75,29435,29482,2158
2026-08-19T12:00:00+05:30,29481.5,29494.5,29460,29490.25,1230
2026-08-19T12:15:00+05:30,29491.75,29561.5,29491.25,29559.75,3306
2026-08-19T12:30:00+05:30,29558.75,29563.5,29520.25,29559,2764
2026-08-19T12:45:00+05:30,29559,29578.25,29533.5,29578.25,1652
2026-08-19T13:00:00+05:30,29578.5,29589.25,29547.25,29571,2120
2026-08-19T13:15:00+05:30,29571.5,29606.5,29569.5,29601.25,2351
2026-08-19T13:30:00+05:30,29600.25,29640.75,29593,29624.75,3941
2026-08-19T13:45:00+05:30,29625,29639,29607.5,29622.5,2925
2026-08-19T14:00:00+05:30,29620.5,29632,29600.25,29626.25,1625
2026-08-19T14:15:00+05:30,29626.5,29633.25,29607,29609.5,1382
2026-08-19T14:30:00+05:30,29606.25,29630,29592.75,29593.5,1704
2026-08-19T14:45:00+05:30,29594.5,29598.25,29566.25,29571,1757
2026-08-19T15:00:00+05:30,29571,29587,29549.5,29552,1339
2026-08-19T15:15:00+05:30,29552,29563,29536.5,29553.75,1256
2026-08-19T15:30:00+05:30,29553.25,29557.75,29510.75,29540.75,2156
2026-08-19T15:45:00+05:30,29539.5,29541.25,29512.25,29536,1353
2026-08-19T16:00:00+05:30,29535.25,29557.75,29528.5,29555,1517
2026-08-19T16:15:00+05:30,29555.25,29558.75,29517.75,29521,1057
2026-08-19T16:30:00+05:30,29522.5,29578,29509.5,29545.75,2536
2026-08-19T16:45:00+05:30,29549,29560.25,29531.25,29538.5,1435
2026-08-19T17:00:00+05:30,29536.25,29540.25,29508,29515,1441
2026-08-19T17:15:00+05:30,29513.75,29537.5,29506.75,29536,1395
2026-08-19T17:30:00+05:30,29535,29558.5,29511.5,29553,2819
2026-08-19T17:45:00+05:30,29553,29583,29549.75,29573.25,3617
2026-08-19T18:00:00+05:30,29574,29685,29549.25,29683.25,12543
2026-08-19T18:15:00+05:30,29683.5,29757.25,29683.5,29742.75,12861
2026-08-19T18:30:00+05:30,29743,29743,29679.75,29723.75,8570
2026-08-19T18:45:00+05:30,29723.25,29748.25,29695.75,29696,7550
2026-08-19T19:00:00+05:30,29696,29742.75,29560.5,29609.75,50155
2026-08-19T19:15:00+05:30,29609.25,29635.5,29406.5,29496.5,47205
2026-08-19T19:30:00+05:30,29496.25,29514.25,29377.25,29382.5,31722
2026-08-19T19:45:00+05:30,29382.25,29485,29375.75,29482.5,30649
2026-08-19T20:00:00+05:30,29482.5,29575,29468.25,29564,22633
2026-08-19T20:15:00+05:30,29564.5,29624.5,29527,29623.25,18057
2026-08-19T20:30:00+05:30,29623,29629.75,29581,29617.25,14170
2026-08-19T20:45:00+05:30,29616.25,29631.25,29588,29613.5,11688
2026-08-19T21:00:00+05:30,29613.25,29616.5,29550.25,29596.75,11453
2026-08-19T21:15:00+05:30,29596.25,29616.25,29569.75,29606.25,10130
2026-08-19T21:30:00+05:30,29607.25,29653.75,29587.5,29637,10075
2026-08-19T21:45:00+05:30,29637.25,29667.25,29602.25,29609,9303
2026-08-19T22:00:00+05:30,29609,29621.5,29594,29610.25,6748
2026-08-19T22:15:00+05:30,29610.25,29611.25,29553,29559.5,7512
2026-08-19T22:30:00+05:30,29560,29573.25,29539.5,29548,8312
2026-08-19T22:45:00+05:30,29547.75,29556.5,29510.5,29539.5,8574
2026-08-19T23:00:00+05:30,29540,29544.25,29513.75,29537,6093
2026-08-19T23:15:00+05:30,29536.25,29561,29534.25,29544.25,5186
2026-08-19T23:30:00+05:30,29544,29592.5,29498.5,29520,13265
2026-08-19T23:45:00+05:30,29519.75,29540.5,29492,29538.75,7621
2026-08-20T00:00:00+05:30,29538.5,29578.75,29536.25,29560,8532
2026-08-20T00:15:00+05:30,29560.5,29561.25,29527.5,29535,5645
2026-08-20T00:30:00+05:30,29535.25,29559.5,29529.5,29547.25,5758
2026-08-20T00:45:00+05:30,29547.5,29579.75,29543.75,29555.75,6653
2026-08-20T01:00:00+05:30,29556.75,29590,29527.25,29530.75,8888
2026-08-20T01:15:00+05:30,29530.5,29532.75,29485.25,29522,25329
2026-08-20T01:30:00+05:30,29521.25,29542.75,29517.75,29518.25,7204
2026-08-20T01:45:00+05:30,29518.75,29529,29514.25,29525.25,1370
2026-08-20T02:00:00+05:30,29524.75,29532,29520,29529.25,1042
2026-08-20T02:15:00+05:30,29529,29562.5,29527.25,29561,1666
2026-08-20T03:30:00+05:30,29561.5,29639,29556.5,29627.25,2976
2026-08-20T03:45:00+05:30,29627.25,29632.25,29606.5,29621.5,1309
2026-08-20T04:00:00+05:30,29622,29638,29613,29630,869
2026-08-20T04:15:00+05:30,29631.25,29654.25,29628.5,29649.5,2172
2026-08-20T04:30:00+05:30,29650.75,29689.75,29632.75,29651.75,2530
2026-08-20T04:45:00+05:30,29651,29660,29641.75,29651.25,630
2026-08-20T05:00:00+05:30,29652,29666.75,29644.25,29659.75,689
2026-08-20T05:15:00+05:30,29658.75,29662.25,29626,29628.5,1610
2026-08-20T05:30:00+05:30,29629,29631.75,29581.5,29629.5,3201
2026-08-20T05:45:00+05:30,29630,29665.5,29625,29630.5,2481
2026-08-20T06:00:00+05:30,29630.75,29666,29617,29654.25,1655
2026-08-20T06:15:00+05:30,29655,29675.75,29642.25,29669.75,1394
2026-08-20T06:30:00+05:30,29670.5,29684.25,29640.5,29644.25,1877
2026-08-20T06:45:00+05:30,29645.25,29667,29624.75,29634.5,1952
2026-08-20T07:00:00+05:30,29633.75,29671.5,29623.75,29668.75,1491
2026-08-20T07:15:00+05:30,29668.75,29674.75,29630,29642.25,1641
2026-08-20T07:30:00+05:30,29641.75,29683.25,29640,29669.25,1411
2026-08-20T07:45:00+05:30,29668.25,29670,29612.75,29633.25,2041
2026-08-20T08:00:00+05:30,29631.25,29662.25,29610,29646.25,1387
2026-08-20T08:15:00+05:30,29645.5,29648,29611.25,29630.25,1099
2026-08-20T08:30:00+05:30,29632,29655.75,29606,29623,1380
2026-08-20T08:45:00+05:30,29624.25,29657.25,29621.25,29626,834
2026-08-20T09:00:00+05:30,29625,29628.75,29593.5,29618.75,1766
2026-08-20T09:15:00+05:30,29618.75,29631.25,29609.25,29620.25,907
2026-08-20T09:30:00+05:30,29617.75,29656,29610,29655.25,903
2026-08-20T09:45:00+05:30,29655.25,29656,29636,29639.25,589
2026-08-20T10:00:00+05:30,29640.25,29640.25,29608.5,29628.5,1039
2026-08-20T10:15:00+05:30,29627.75,29642,29612.25,29615,604
2026-08-20T10:30:00+05:30,29617,29623.75,29587.75,29597,907
2026-08-20T10:45:00+05:30,29597.75,29641,29594.5,29616,1365
2026-08-20T11:00:00+05:30,29617.25,29634.25,29604.75,29615.5,936
2026-08-20T11:15:00+05:30,29613.75,29618,29599.75,29605.5,711
2026-08-20T11:30:00+05:30,29607,29666.25,29602.25,29660,1703
2026-08-20T11:45:00+05:30,29659.25,29661.75,29639,29654.5,1154
2026-08-20T12:00:00+05:30,29653.5,29677.25,29647,29671.25,1220
2026-08-20T12:15:00+05:30,29673,29686.5,29666.25,29672.5,1281
2026-08-20T12:30:00+05:30,29672.75,29672.75,29632.5,29637.25,2106
2026-08-20T12:45:00+05:30,29638,29648,29604.75,29615.75,1616
2026-08-20T13:00:00+05:30,29615.5,29635,29595,29606.25,1681
2026-08-20T13:15:00+05:30,29606.25,29637,29592.75,29594.5,1137
2026-08-20T13:30:00+05:30,29595.75,29605.5,29520,29537.25,4075
2026-08-20T13:45:00+05:30,29538,29548.5,29496,29501.25,2554
2026-08-20T14:00:00+05:30,29502,29529.5,29464,29500.5,3308
2026-08-20T14:15:00+05:30,29499,29504.75,29452.75,29475.75,2599
2026-08-20T14:30:00+05:30,29477.25,29543.75,29468,29518.75,2296
2026-08-20T14:45:00+05:30,29523,29542.25,29512.5,29530.75,863
2026-08-20T15:00:00+05:30,29527,29536.5,29507.5,29536,936
2026-08-20T15:15:00+05:30,29535.25,29546.75,29512.75,29528.25,671
2026-08-20T15:30:00+05:30,29527.25,29564,29511.75,29556.5,1239
2026-08-20T15:45:00+05:30,29557.5,29559.25,29526.5,29537.75,1465
2026-08-20T16:00:00+05:30,29535.75,29547.75,29516.25,29524.25,1366
2026-08-20T16:15:00+05:30,29526,29567,29525.25,29566,969
2026-08-20T16:30:00+05:30,29566,29582.25,29464,29487,3799
2026-08-20T16:45:00+05:30,29488.5,29498.25,29422,29425,3522
2026-08-20T17:00:00+05:30,29424.5,29453.5,29418,29423.75,2968
2026-08-20T17:15:00+05:30,29423.25,29425,29348.75,29362,5809
2026-08-20T17:30:00+05:30,29361.25,29375,29262.5,29272,9397
2026-08-20T17:45:00+05:30,29272.25,29306.5,29264,29276.5,5142
2026-08-20T18:00:00+05:30,29278,29292.5,29240,29290.25,6547
2026-08-20T18:15:00+05:30,29289.25,29351,29283.75,29346,5224
2026-08-20T18:30:00+05:30,29346.75,29373.25,29332.75,29338,5415
2026-08-20T18:45:00+05:30,29338.25,29369,29324,29350.75,6015
2026-08-20T19:00:00+05:30,29351,29470.25,29338.75,29442.5,44768
2026-08-20T19:15:00+05:30,29443,29460,29308.75,29354,38528
2026-08-20T19:30:00+05:30,29354,29409,29316.5,29368,28131
2026-08-20T19:45:00+05:30,29369,29414,29305,29349.75,26629
2026-08-20T20:00:00+05:30,29350.75,29430,29329,29421.75,18745
2026-08-20T20:15:00+05:30,29421.5,29433.5,29349,29392.75,15359
2026-08-20T20:30:00+05:30,29392.5,29457.5,29324.5,29365.25,23460
2026-08-20T20:45:00+05:30,29364.5,29369.5,29301,29345,15098
2026-08-20T21:00:00+05:30,29344,29350.5,29276.5,29278.5,13797
2026-08-20T21:15:00+05:30,29278.75,29332.75,29269.25,29329.75,11567
2026-08-20T21:30:00+05:30,29329.75,29346,29302.75,29307.25,9947
2026-08-20T21:45:00+05:30,29307,29356.5,29305,29340.75,7815
2026-08-20T22:00:00+05:30,29340.25,29378,29310,29377.25,9049
2026-08-20T22:15:00+05:30,29377,29389,29356.25,29380,8803
2026-08-20T22:30:00+05:30,29380,29382,29334.75,29337,6631
2026-08-20T22:45:00+05:30,29337,29338.5,29292.5,29294.5,9861
2026-08-20T23:00:00+05:30,29294.25,29304.25,29282.75,29289.75,7082
2026-08-20T23:15:00+05:30,29290,29325.75,29287.25,29292.75,8325
2026-08-20T23:30:00+05:30,29292.5,29293,29215,29230.5,15023
2026-08-20T23:45:00+05:30,29230.25,29248.25,29202.75,29232.75,10817
2026-08-21T00:00:00+05:30,29233,29237.5,29212,29234,8615
2026-08-21T00:15:00+05:30,29234.5,29259,29227,29243.75,8188
2026-08-21T00:30:00+05:30,29243.75,29293.5,29242.25,29281,10232
2026-08-21T00:45:00+05:30,29280.5,29307.5,29267.75,29304.5,8577
2026-08-21T01:00:00+05:30,29304.25,29335.25,29290.25,29310.75,11706
2026-08-21T01:15:00+05:30,29310.75,29331.25,29286.5,29306.5,26076
2026-08-21T01:30:00+05:30,29306.5,29320.5,29277,29281.25,7472
2026-08-21T01:45:00+05:30,29281.5,29293.5,29262.5,29288.25,2188
2026-08-21T02:00:00+05:30,29287.75,29311.5,29285.25,29302.25,1437
2026-08-21T02:15:00+05:30,29302,29319.5,29296.25,29317.25,1338
2026-08-21T03:30:00+05:30,29327,29345.75,29274.25,29278.25,2244
2026-08-21T03:45:00+05:30,29277.5,29291.25,29277,29285.75,577
2026-08-21T04:00:00+05:30,29286.5,29309,29281.75,29300.75,1004
2026-08-21T04:15:00+05:30,29300.75,29325.5,29296,29323,962
2026-08-21T04:30:00+05:30,29321.5,29324.25,29313.25,29318.75,564
2026-08-21T04:45:00+05:30,29318.75,29328.5,29312.5,29315.5,573
2026-08-21T05:00:00+05:30,29316.5,29323.75,29295.5,29316.5,1257
2026-08-21T05:15:00+05:30,29317,29318,29286.75,29293,1488
2026-08-21T05:30:00+05:30,29292.5,29365.5,29289.75,29360.75,2986
2026-08-21T05:45:00+05:30,29360.5,29360.5,29315,29325.5,1843
2026-08-21T06:00:00+05:30,29326.75,29357.25,29311.75,29354.5,1647
2026-08-21T06:15:00+05:30,29353,29362,29319.5,29320.5,1316
2026-08-21T06:30:00+05:30,29320.5,29335.25,29291.75,29331.25,2265
2026-08-21T06:45:00+05:30,29330,29357,29313.25,29341.5,1683
2026-08-21T07:00:00+05:30,29340.5,29357,29320.25,29350.5,1471
2026-08-21T07:15:00+05:30,29350.25,29372.5,29333.5,29354.25,1412
2026-08-21T07:30:00+05:30,29353.75,29375.75,29343.25,29373.5,983
2026-08-21T07:45:00+05:30,29372.75,29395,29366.75,29390,1390
2026-08-21T08:00:00+05:30,29390,29396.25,29376,29380.5,1115
2026-08-21T08:15:00+05:30,29380.25,29399.25,29377,29384,884
2026-08-21T08:30:00+05:30,29384,29388.25,29355,29356.5,1172
2026-08-21T08:45:00+05:30,29356,29371.25,29349,29363,942
2026-08-21T09:00:00+05:30,29364.75,29376.75,29354.25,29357.25,796
2026-08-21T09:15:00+05:30,29356,29364,29342.75,29352.25,1016
2026-08-21T09:30:00+05:30,29353.75,29370,29349,29367.75,928
2026-08-21T09:45:00+05:30,29366.5,29371.75,29330.5,29330.5,1073
2026-08-21T10:00:00+05:30,29330,29338.75,29321.25,29334.75,853
2026-08-21T10:15:00+05:30,29334.5,29364.5,29333.25,29356.25,866
2026-08-21T10:30:00+05:30,29358.25,29371,29352,29367,686
2026-08-21T10:45:00+05:30,29366.25,29380.75,29351.5,29353.25,751
2026-08-21T11:00:00+05:30,29352.25,29377.5,29348.25,29360.75,779
2026-08-21T11:15:00+05:30,29360.5,29367.25,29340.25,29366.25,845
2026-08-21T11:30:00+05:30,29365.5,29375.75,29354.5,29374,999
2026-08-21T11:45:00+05:30,29374.25,29381,29366.75,29376.25,720
2026-08-21T12:00:00+05:30,29375.5,29401.5,29368.5,29372.75,1296
2026-08-21T12:15:00+05:30,29372.75,29391.5,29365.5,29386.5,1120
2026-08-21T12:30:00+05:30,29386,29429,29380.5,29429,1997
2026-08-21T12:45:00+05:30,29427.25,29458.75,29414.25,29427.5,2463
2026-08-21T13:00:00+05:30,29426,29453.5,29420.5,29424,2090
2026-08-21T13:15:00+05:30,29424.25,29446.75,29422.5,29446,1074
2026-08-21T13:30:00+05:30,29447.25,29464.25,29407.75,29417.5,2843
2026-08-21T13:45:00+05:30,29419.25,29424.5,29390.5,29421.5,1750
2026-08-21T14:00:00+05:30,29421.25,29456.75,29418,29454.75,2171
2026-08-21T14:15:00+05:30,29455,29467.5,29447.25,29453,1504
2026-08-21T14:30:00+05:30,29454,29455,29411.5,29438,2227
2026-08-21T14:45:00+05:30,29438.5,29444.75,29430,29435.5,1056
2026-08-21T15:00:00+05:30,29435.5,29482.75,29429.75,29474.75,2975
2026-08-21T15:15:00+05:30,29474.75,29495,29464.5,29485,1646
2026-08-21T15:30:00+05:30,29485.75,29518.5,29476.5,29485,3000
2026-08-21T15:45:00+05:30,29485.5,29491,29470.25,29490,1184
2026-08-21T16:00:00+05:30,29489.5,29495,29473,29477,725
2026-08-21T16:15:00+05:30,29478.5,29488.75,29471.25,29479.5,1121
2026-08-21T16:30:00+05:30,29480,29486,29452.75,29467.75,2126
2026-08-21T16:45:00+05:30,29468.25,29525,29466.5,29519.25,3045
2026-08-21T17:00:00+05:30,29518.5,29539,29500,29530.75,3743
2026-08-21T17:15:00+05:30,29530.75,29531,29498.5,29500,1557
2026-08-21T17:30:00+05:30,29499.5,29503.75,29479.75,29487.25,2395
2026-08-21T17:45:00+05:30,29487.5,29516.75,29477.75,29516.25,2139
2026-08-21T18:00:00+05:30,29515.5,29529.75,29508.25,29528.25,2701
2026-08-21T18:15:00+05:30,29529,29539,29503.5,29511.5,2988
2026-08-21T18:30:00+05:30,29511.75,29516,29467,29469,3776
2026-08-21T18:45:00+05:30,29469.5,29485.25,29418,29469.25,10519
2026-08-21T19:00:00+05:30,29469,29476,29312.25,29322.5,39546
2026-08-21T19:15:00+05:30,29320.25,29359.25,29255.75,29303.5,32898
2026-08-21T19:30:00+05:30,29303.25,29335.5,29246.25,29253,28652
2026-08-21T19:45:00+05:30,29253.5,29311.75,29220,29278.75,25599
2026-08-21T20:00:00+05:30,29280.25,29310,29258,29296.5,17994
2026-08-21T20:15:00+05:30,29296.25,29333.75,29288.5,29331.75,17173
2026-08-21T20:30:00+05:30,29332,29368.75,29326.75,29353,16443
2026-08-21T20:45:00+05:30,29352.5,29371.25,29331.5,29368.25,11297
2026-08-21T21:00:00+05:30,29367.75,29471.75,29364,29451.5,20470
2026-08-21T21:15:00+05:30,29452.25,29488.75,29425.5,29443,18269
2026-08-21T21:30:00+05:30,29443.5,29447.25,29390,29394.5,13085
2026-08-21T21:45:00+05:30,29393.75,29452.75,29388.75,29409.5,13275
2026-08-21T22:00:00+05:30,29410,29425.5,29393.5,29417.5,5929
2026-08-21T22:15:00+05:30,29417,29417.5,29380.75,29412.25,7189
2026-08-21T22:30:00+05:30,29412,29424,29398.75,29408,7352
2026-08-21T22:45:00+05:30,29408,29410.25,29376.25,29395.25,7618
2026-08-21T23:00:00+05:30,29396,29404.75,29382.75,29404.75,5305
2026-08-21T23:15:00+05:30,29404.75,29410.5,29381.5,29383.75,5243
2026-08-21T23:30:00+05:30,29383.25,29405.25,29372.25,29374.75,7441
2026-08-21T23:45:00+05:30,29374.25,29392,29362.75,29363,5674
2026-08-22T00:00:00+05:30,29363,29372.25,29353.75,29366.5,5164
2026-08-22T00:15:00+05:30,29366.5,29403.5,29363.5,29400.25,5573
2026-08-22T00:30:00+05:30,29400,29415,29384.25,29388.5,8105
2026-08-22T00:45:00+05:30,29388.25,29404.5,29380.25,29394.5,6736
2026-08-22T01:00:00+05:30,29393.5,29412.5,29393.5,29410.75,6813
2026-08-22T01:15:00+05:30,29410.75,29432.25,29375.25,29395.75,24993
2026-08-22T01:30:00+05:30,29396.25,29398,29370.25,29381.75,6750
2026-08-22T01:45:00+05:30,29382,29388.5,29367.75,29370,2207
2026-08-22T02:00:00+05:30,29370.5,29388,29370,29385.25,1461
2026-08-22T02:15:00+05:30,29384.75,29385,29372,29374,1863
2026-08-24T03:30:00+05:30,29392.25,29409.75,29300.25,29331.75,3248
2026-08-24T03:45:00+05:30,29330.25,29343,29313,29338.75,1263
2026-08-24T04:00:00+05:30,29337.75,29384.75,29335,29382.25,1488
2026-08-24T04:15:00+05:30,29381.25,29400,29380.75,29390.5,1049
2026-08-24T04:30:00+05:30,29390.5,29394,29384,29387,406
2026-08-24T04:45:00+05:30,29387.25,29429.5,29386.5,29429,1135
2026-08-24T05:00:00+05:30,29427,29448,29418,29420,1531
2026-08-24T05:15:00+05:30,29419.75,29480.5,29419.5,29467.75,2205
2026-08-24T05:30:00+05:30,29466.5,29472.5,29423.5,29437.25,3280
2026-08-24T05:45:00+05:30,29435.75,29437.75,29335,29356.5,5056
2026-08-24T06:00:00+05:30,29357.25,29377.5,29337.25,29354.75,2131
2026-08-24T06:15:00+05:30,29355.5,29428.25,29351.5,29427.25,2589
2026-08-24T06:30:00+05:30,29425.75,29443.5,29393.25,29435,2243
2026-08-24T06:45:00+05:30,29436.25,29449,29407.75,29410.25,1604
2026-08-24T07:00:00+05:30,29409.5,29410.75,29383.5,29394.25,1701
2026-08-24T07:15:00+05:30,29392,29404.75,29321,29323.25,2687
2026-08-24T07:30:00+05:30,29321.5,29357.5,29301.25,29353.25,3915
2026-08-24T07:45:00+05:30,29353.25,29373.25,29347.5,29363,1826
2026-08-24T08:00:00+05:30,29363,29373.25,29356.25,29370.25,1021
2026-08-24T08:15:00+05:30,29370.5,29377.25,29341.75,29370.5,2045
2026-08-24T08:30:00+05:30,29371.25,29372.5,29303.25,29304.5,1607
2026-08-24T08:45:00+05:30,29304,29314,29289.75,29295.5,2059
2026-08-24T09:00:00+05:30,29295,29305,29281.75,29284.5,1567
2026-08-24T09:15:00+05:30,29284,29305,29261.25,29272.25,1763
2026-08-24T09:30:00+05:30,29272.25,29299,29268.25,29299,1064
2026-08-24T09:45:00+05:30,29299,29300.75,29271.25,29292,1357
2026-08-24T10:00:00+05:30,29292.25,29299.5,29276.5,29299.25,949
2026-08-24T10:15:00+05:30,29299.25,29304,29263,29265.75,1056
2026-08-24T10:30:00+05:30,29265.5,29297.25,29261.25,29293.5,1269
2026-08-24T10:45:00+05:30,29293.25,29293.25,29247,29250,1276
2026-08-24T11:00:00+05:30,29248,29266.5,29207.5,29238.75,3046
2026-08-24T11:15:00+05:30,29238,29246,29188,29200.75,2950
2026-08-24T11:30:00+05:30,29200.25,29219.25,29142.5,29152.5,4200
2026-08-24T11:45:00+05:30,29152.5,29179,29120.5,29166.5,2773
2026-08-24T12:00:00+05:30,29164.75,29180.5,29144,29149.5,1443
2026-08-24T12:15:00+05:30,29151,29177.25,29142,29164.5,1255
2026-08-24T12:30:00+05:30,29164.5,29205,29146.5,29200.25,2056
2026-08-24T12:45:00+05:30,29200.5,29208.75,29178.5,29183.5,1364
2026-08-24T13:00:00+05:30,29182.25,29212.5,29161.25,29162.75,1621
2026-08-24T13:15:00+05:30,29163.25,29175.25,29130.75,29143.75,1807
2026-08-24T13:30:00+05:30,29146.25,29209,29116.75,29184.5,3287
2026-08-24T13:45:00+05:30,29183.5,29210.5,29171.75,29191.75,1642
2026-08-24T14:00:00+05:30,29191.5,29225.75,29179.75,29224.5,1377
2026-08-24T14:15:00+05:30,29224.25,29240,29213.5,29215,1167
2026-08-24T14:30:00+05:30,29215.75,29247.75,29201,29234,1566
2026-08-24T14:45:00+05:30,29233,29235.5,29208.25,29210.5,850
2026-08-24T15:00:00+05:30,29209.5,29242.25,29209,29236.5,1179
2026-08-24T15:15:00+05:30,29236,29249.75,29227,29231.5,898
2026-08-24T15:30:00+05:30,29231.75,29247,29214.75,29214.75,1200
2026-08-24T15:45:00+05:30,29216,29236,29204.25,29209.25,1208
2026-08-24T16:00:00+05:30,29208.5,29240,29197.25,29210,1385
2026-08-24T16:15:00+05:30,29208.25,29210,29179.5,29184.75,1023
2026-08-24T16:30:00+05:30,29185.25,29192.5,29145.75,29167.75,2509
2026-08-24T16:45:00+05:30,29167.75,29203,29164.5,29183,1546
2026-08-24T17:00:00+05:30,29183.5,29283,29183,29260,4615
2026-08-24T17:15:00+05:30,29260.25,29260.5,29231,29245.5,2396
2026-08-24T17:30:00+05:30,29245.5,29245.75,29207.5,29211.5,2043
2026-08-24T17:45:00+05:30,29212.25,29231.25,29203.5,29230,1689
2026-08-24T18:00:00+05:30,29229.5,29240.75,29171.5,29203.5,4316
2026-08-24T18:15:00+05:30,29206,29232.75,29199.75,29206,1515
2026-08-24T18:30:00+05:30,29205.75,29220.25,29196.75,29208.25,2234
2026-08-24T18:45:00+05:30,29208.75,29236.75,29195.75,29235,4909
2026-08-24T19:00:00+05:30,29235.5,29243,28975.5,28978.75,51640
2026-08-24T19:15:00+05:30,28978.5,29038,28946.75,29021.75,34173
2026-08-24T19:30:00+05:30,29022.25,29036.75,28953.5,28993.25,24319
2026-08-24T19:45:00+05:30,28993,29033.25,28967.5,29012.25,18891
2026-08-24T20:00:00+05:30,29011.75,29110.75,29001.5,29085.5,21084
2026-08-24T20:15:00+05:30,29086,29110.25,29077.5,29082.75,14212
2026-08-24T20:30:00+05:30,29083.25,29096.75,29042.25,29048.5,13772
2026-08-24T20:45:00+05:30,29049.25,29137,29038.75,29121.25,15633
2026-08-24T21:00:00+05:30,29122,29182,29111.5,29175.75,18364
2026-08-24T21:15:00+05:30,29176.25,29205.5,29150,29168.75,14283
2026-08-24T21:30:00+05:30,29169,29189.25,29156.75,29180.75,11038
2026-08-24T21:45:00+05:30,29181,29224.75,29178.75,29203.75,10116
2026-08-24T22:00:00+05:30,29204.25,29212.25,29174,29185.25,7621
2026-08-24T22:15:00+05:30,29185,29192.75,29170.5,29171,6163
2026-08-24T22:30:00+05:30,29171.25,29210.5,29154.75,29194.25,10550
2026-08-24T22:45:00+05:30,29194,29195.25,29132,29140,10191
2026-08-24T23:00:00+05:30,29139.5,29142.5,29118.75,29119.25,7863
2026-08-24T23:15:00+05:30,29119,29143,29116.5,29123,7277
2026-08-24T23:30:00+05:30,29123.75,29188.75,29123,29187,9125
2026-08-24T23:45:00+05:30,29187.25,29224,29172.75,29218.25,10266
2026-08-25T00:00:00+05:30,29218,29233.25,29180.25,29190,10153
2026-08-25T00:15:00+05:30,29190.25,29193.5,29153,29154,6523
2026-08-25T00:30:00+05:30,29153.75,29162.25,29143,29155.25,6702
2026-08-25T00:45:00+05:30,29154.75,29167,29142.75,29158.75,6635
2026-08-25T01:00:00+05:30,29158,29173,29125.25,29131,9123
2026-08-25T01:15:00+05:30,29131,29142,29095.5,29099.25,26125
2026-08-25T01:30:00+05:30,29099,29124.75,29097.25,29109.25,6582
2026-08-25T01:45:00+05:30,29109.5,29113,29080.75,29084,2580
2026-08-25T02:00:00+05:30,29083.75,29101.75,29083.5,29100.25,1187
2026-08-25T02:15:00+05:30,29100.5,29136.5,29089.25,29131.25,2153
2026-08-25T03:30:00+05:30,29140.5,29152.75,29120,29123.75,1731
2026-08-25T03:45:00+05:30,29124.5,29130,29120,29126.75,581
2026-08-25T04:00:00+05:30,29123.75,29130,29113.5,29117.75,651
2026-08-25T04:15:00+05:30,29119,29121.5,29111.5,29121,534
2026-08-25T04:30:00+05:30,29121,29125.5,29116.5,29124,308
2026-08-25T04:45:00+05:30,29124.75,29128.25,29105.75,29106.75,937
2026-08-25T05:00:00+05:30,29107.25,29116,29072,29084.25,2521
2026-08-25T05:15:00+05:30,29086.25,29100,29081.5,29096.25,1107
2026-08-25T05:30:00+05:30,29095.75,29102.25,29038.25,29042,3126
2026-08-25T05:45:00+05:30,29041.5,29084.25,29017,29079.5,4160
2026-08-25T06:00:00+05:30,29079.25,29131.25,29070.75,29124.5,2561
2026-08-25T06:15:00+05:30,29123.75,29146,29106,29126.5,1922
2026-08-25T06:30:00+05:30,29128,29143.25,29114,29130,1731
2026-08-25T06:45:00+05:30,29129.5,29136.75,29095.5,29115,1756
2026-08-25T07:00:00+05:30,29114.25,29155.5,29108.5,29134,2727
2026-08-25T07:15:00+05:30,29135.5,29152.25,29125.5,29128.25,1141
2026-08-25T07:30:00+05:30,29127,29145.5,29104,29117,1825
2026-08-25T07:45:00+05:30,29117,29149,29104,29146,1818
2026-08-25T08:00:00+05:30,29145.25,29168.25,29134.25,29138.75,1858
2026-08-25T08:15:00+05:30,29137,29138,29093.5,29101.75,1559
2026-08-25T08:30:00+05:30,29102.5,29166.5,29100.25,29151.25,2272
2026-08-25T08:45:00+05:30,29151.5,29176.25,29151,29175,1600
2026-08-25T09:00:00+05:30,29174.5,29190,29163.5,29167.75,1660
2026-08-25T09:15:00+05:30,29168.25,29168.25,29151.75,29164.75,975
2026-08-25T09:30:00+05:30,29164.75,29199,29159.25,29196.25,1396
2026-08-25T09:45:00+05:30,29196.75,29207.25,29188,29201,1015
2026-08-25T10:00:00+05:30,29201.75,29217.25,29190.75,29211.5,1047
2026-08-25T10:15:00+05:30,29211.25,29216.5,29185,29198.75,1039
2026-08-25T10:30:00+05:30,29200.25,29225,29190,29204.75,1554
2026-08-25T10:45:00+05:30,29206,29227,29206,29220.25,1195
2026-08-25T11:00:00+05:30,29219.25,29234.75,29201.25,29204.25,1805
2026-08-25T11:15:00+05:30,29204.25,29241,29201,29232,1902
2026-08-25T11:30:00+05:30,29231.75,29263.5,29230,29248,2214
2026-08-25T11:45:00+05:30,29248.25,29288.5,29242.5,29266.25,2006
2026-08-25T12:00:00+05:30,29265.25,29267.5,29243.5,29263.25,1099
2026-08-25T12:15:00+05:30,29262.75,29263.25,29236.25,29263.25,1304
2026-08-25T12:30:00+05:30,29263.5,29290.75,29250,29252.75,1816
2026-08-25T12:45:00+05:30,29252.75,29263.5,29226.5,29248.25,1942
2026-08-25T13:00:00+05:30,29246.25,29261.5,29232,29255.75,1487
2026-08-25T13:15:00+05:30,29258,29259,29226.25,29231.75,815
2026-08-25T13:30:00+05:30,29233.5,29254.75,29212.25,29216.75,1935
2026-08-25T13:45:00+05:30,29218.5,29326,29218.5,29276.5,3773
2026-08-25T14:00:00+05:30,29278.25,29298.25,29257,29282,1448
2026-08-25T14:15:00+05:30,29282.25,29306.25,29282,29301.75,1430
2026-08-25T14:30:00+05:30,29302,29337,29286,29323,2139
2026-08-25T14:45:00+05:30,29324.25,29334.75,29305.75,29318,1309
2026-08-25T15:00:00+05:30,29317,29374,29315,29361.25,3235
2026-08-25T15:15:00+05:30,29360.5,29425.75,29356,29392.5,3646
2026-08-25T15:30:00+05:30,29389.25,29410.25,29370,29389.75,2048
2026-08-25T15:45:00+05:30,29391.25,29392.75,29367.25,29370,1370
2026-08-25T16:00:00+05:30,29370.75,29379.75,29346.5,29347.5,1525
2026-08-25T16:15:00+05:30,29347,29369.5,29346.25,29358.5,1272
2026-08-25T16:30:00+05:30,29358,29362.25,29304,29340.25,2510
2026-08-25T16:45:00+05:30,29340.25,29355,29320,29340.5,2060
2026-08-25T17:00:00+05:30,29340.75,29362.25,29339.5,29358.25,1727
2026-08-25T17:15:00+05:30,29357.25,29390.5,29355.25,29373,1988
2026-08-25T17:30:00+05:30,29372.75,29382.75,29355.25,29380.75,1974
2026-08-25T17:45:00+05:30,29380.5,29409.5,29363.75,29374.25,3485
2026-08-25T18:00:00+05:30,29373.25,29373.25,29312.5,29328,3777
2026-08-25T18:15:00+05:30,29328,29347,29320,29334,2383
2026-08-25T18:30:00+05:30,29334,29344.75,29311.5,29329.25,4516
2026-08-25T18:45:00+05:30,29327.25,29342,29294.5,29296.25,5333
2026-08-25T19:00:00+05:30,29297,29376.25,29279.25,29349.75,43421
2026-08-25T19:15:00+05:30,29348.75,29414.75,29289.25,29312.75,33571
2026-08-25T19:30:00+05:30,29313.25,29315,29239.75,29246,26283
2026-08-25T19:45:00+05:30,29245,29269.5,29209.25,29215.25,22017
2026-08-25T20:00:00+05:30,29214.75,29268.75,29138,29219.25,26968
2026-08-25T20:15:00+05:30,29218.25,29260.25,29206,29232.5,13901
2026-08-25T20:30:00+05:30,29233,29235.75,29197,29223,11174
2026-08-25T20:45:00+05:30,29223.75,29282,29219,29276.75,11779
2026-08-25T21:00:00+05:30,29277.25,29309.75,29255.25,29267.25,13882
2026-08-25T21:15:00+05:30,29266.75,29274.25,29222.75,29262,11148
2026-08-25T21:30:00+05:30,29263.25,29289.5,29260.75,29277.75,7927
2026-08-25T21:45:00+05:30,29278,29298.5,29274.5,29293.75,7484
2026-08-25T22:00:00+05:30,29294.75,29299.75,29259,29265.25,7623
2026-08-25T22:15:00+05:30,29265.75,29283.25,29252.75,29274.75,8614
2026-08-25T22:30:00+05:30,29275.5,29279,29224,29243,9091
2026-08-25T22:45:00+05:30,29242.5,29258.5,29214.5,29224.5,8350
2026-08-25T23:00:00+05:30,29224.75,29234.5,29216,29222.25,5506
2026-08-25T23:15:00+05:30,29222.5,29232.25,29216.75,29227.25,4473
2026-08-25T23:30:00+05:30,29226.75,29227.5,29202,29206,7468
2026-08-25T23:45:00+05:30,29205.75,29227.5,29202.5,29219.75,5650
2026-08-26T00:00:00+05:30,29219.75,29259.25,29219,29257.75,7769
2026-08-26T00:15:00+05:30,29257.75,29275,29253,29255.5,8436
2026-08-26T00:30:00+05:30,29256,29266.5,29230.25,29234.75,6934
2026-08-26T00:45:00+05:30,29234.25,29238.75,29212.75,29226,6717
2026-08-26T01:00:00+05:30,29225.75,29257.75,29211.5,29239,8232
2026-08-26T01:15:00+05:30,29238.25,29289.5,29229.5,29270.25,21924
2026-08-26T01:30:00+05:30,29270.5,29294.75,29262,29288.75,8036
2026-08-26T01:45:00+05:30,29288.5,29313.5,29283.25,29302.5,3206
2026-08-26T02:00:00+05:30,29302,29308.75,29281.5,29282.25,1521
2026-08-26T02:15:00+05:30,29282.25,29287.75,29268.75,29287.5,1892
2026-08-26T03:30:00+05:30,29288,29309.75,29286.5,29293.25,1495
2026-08-26T03:45:00+05:30,29293.5,29294.25,29280,29291.25,773
2026-08-26T04:00:00+05:30,29291.5,29293,29280.75,29288.25,465
2026-08-26T04:15:00+05:30,29287.25,29288,29280.75,29284.5,293
2026-08-26T04:30:00+05:30,29284.25,29288.5,29273.75,29275.75,601
2026-08-26T04:45:00+05:30,29276.25,29278.75,29245.25,29246,1256
2026-08-26T05:00:00+05:30,29246,29248.5,29228,29234.75,1247
2026-08-26T05:15:00+05:30,29233,29235,29207,29211.5,1920
2026-08-26T05:30:00+05:30,29210.25,29227.75,29185,29208.5,3665
2026-08-26T05:45:00+05:30,29209.5,29238.5,29165.25,29184.25,2911
2026-08-26T06:00:00+05:30,29183.75,29188,29138,29151.25,3584
2026-08-26T06:15:00+05:30,29150.75,29160,29110.5,29112.25,2688
2026-08-26T06:30:00+05:30,29113,29147,29106.75,29123.75,3005
2026-08-26T06:45:00+05:30,29123.5,29134,29099,29109.75,2110
2026-08-26T07:00:00+05:30,29110.5,29129,29096,29116.25,2390
2026-08-26T07:15:00+05:30,29117.5,29135,29104.75,29133.5,1447
2026-08-26T07:30:00+05:30,29133.5,29144.5,29119.25,29143.25,1691
2026-08-26T07:45:00+05:30,29143,29174.75,29140.5,29172.25,2113
2026-08-26T08:00:00+05:30,29172.75,29217.75,29171,29217,2605
2026-08-26T08:15:00+05:30,29217.25,29229.75,29211.25,29220.25,1719
2026-08-26T08:30:00+05:30,29221.5,29235.75,29212,29231.5,1302
2026-08-26T08:45:00+05:30,29231,29232,29213.25,29214.75,807
2026-08-26T09:00:00+05:30,29215.5,29244,29205,29237,1854
2026-08-26T09:15:00+05:30,29237.5,29275.25,29235.75,29264.25,2366
2026-08-26T09:30:00+05:30,29265.25,29279.75,29260,29273,1347
2026-08-26T09:45:00+05:30,29273.25,29283.25,29262,29272.25,1200
2026-08-26T10:00:00+05:30,29272,29275.25,29247.75,29250.75,1231
2026-08-26T10:15:00+05:30,29251,29251.75,29217.25,29226.75,1600
2026-08-26T10:30:00+05:30,29227.75,29259.75,29226.5,29239.25,1600
2026-08-26T10:45:00+05:30,29238.5,29248.75,29229,29245,888
2026-08-26T11:00:00+05:30,29246,29262.75,29241.25,29248.25,718
2026-08-26T11:15:00+05:30,29247.25,29247.75,29226,29243,918
2026-08-26T11:30:00+05:30,29242.25,29248.75,29212,29217,1355
2026-08-26T11:45:00+05:30,29215,29226.5,29203.5,29218.75,1157
2026-08-26T12:00:00+05:30,29218.25,29256.75,29209.75,29255.25,1162
2026-08-26T12:15:00+05:30,29255.75,29277.25,29232.25,29252.75,1671
2026-08-26T12:30:00+05:30,29252.25,29257.75,29201.25,29236.75,2176
2026-08-26T12:45:00+05:30,29237,29244.5,29192.25,29199,1786
2026-08-26T13:00:00+05:30,29201.25,29211,29185.75,29199.25,1225
2026-08-26T13:15:00+05:30,29199.5,29219.25,29187.25,29212.25,1023
2026-08-26T13:30:00+05:30,29213,29245.25,29198.25,29205.75,2074
2026-08-26T13:45:00+05:30,29205.5,29235.5,29185,29235.5,1682
2026-08-26T14:00:00+05:30,29234.75,29251,29211.75,29242.5,1020
2026-08-26T14:15:00+05:30,29241,29241.25,29209.75,29228,672
2026-08-26T14:30:00+05:30,29227.75,29234.75,29213.5,29218.75,593
2026-08-26T14:45:00+05:30,29218.25,29221.5,29191.25,29198,1117
2026-08-26T15:00:00+05:30,29200,29219.25,29198.5,29214.75,657
2026-08-26T15:15:00+05:30,29214,29236.5,29213.75,29234.5,758
2026-08-26T15:30:00+05:30,29234.25,29235,29196,29198,856
2026-08-26T15:45:00+05:30,29197.25,29217,29196.25,29200.75,903
2026-08-26T16:00:00+05:30,29200,29242.25,29188.75,29228.5,1400
2026-08-26T16:15:00+05:30,29228.5,29240.25,29224,29237.5,897
2026-08-26T16:30:00+05:30,29237.5,29264.5,29235,29254,1532
2026-08-26T16:45:00+05:30,29253,29278.75,29234.75,29253,1972
2026-08-26T17:00:00+05:30,29252.25,29261.75,29193,29209.5,2291
2026-08-26T17:15:00+05:30,29210.25,29227.5,29186,29219.5,2304
2026-08-26T17:30:00+05:30,29220.75,29223.5,29200,29215.75,1913
2026-08-26T17:45:00+05:30,29215.5,29259.5,29190,29257.25,3008
2026-08-26T18:00:00+05:30,29256.75,29263.25,29149.75,29164.75,8647
2026-08-26T18:15:00+05:30,29165,29181.5,29133.25,29152,7230
2026-08-26T18:30:00+05:30,29151.75,29173,29133.5,29171.75,4663
2026-08-26T18:45:00+05:30,29172.25,29175,29153.5,29173.75,4646
2026-08-26T19:00:00+05:30,29174.5,29313.25,29174.25,29291,43631
2026-08-26T19:15:00+05:30,29290.75,29332.75,29252.5,29331.25,23716
2026-08-26T19:30:00+05:30,29331.5,29332.5,29235.5,29246,16665
2026-08-26T19:45:00+05:30,29246.25,29262.75,29156.75,29178.25,19785
2026-08-26T20:00:00+05:30,29178.25,29238.5,29176,29221,14374
2026-08-26T20:15:00+05:30,29221.5,29268,29206.25,29252.25,11744
2026-08-26T20:30:00+05:30,29251.75,29283,29246,29257.5,10179
2026-08-26T20:45:00+05:30,29257.25,29267,29222.5,29256.5,10166
2026-08-26T21:00:00+05:30,29256.75,29289.75,29220.75,29283,10393
2026-08-26T21:15:00+05:30,29282.25,29291.5,29215.5,29217.75,12073
2026-08-26T21:30:00+05:30,29217.75,29224.25,29189,29200,9989
2026-08-26T21:45:00+05:30,29201.25,29215.75,29192.5,29207,5227
2026-08-26T22:00:00+05:30,29207.25,29220,29170,29174.5,6977
2026-08-26T22:15:00+05:30,29174.75,29224.75,29171.75,29216.75,8432
2026-08-26T22:30:00+05:30,29216,29242.25,29210.5,29238,6405
2026-08-26T22:45:00+05:30,29238.25,29270.75,29238,29267.25,8106
2026-08-26T23:00:00+05:30,29268,29291.75,29262.75,29281.5,7696
2026-08-26T23:15:00+05:30,29281.5,29293.75,29267.5,29284.25,6727
2026-08-26T23:30:00+05:30,29284.5,29296,29266,29270,5867
2026-08-26T23:45:00+05:30,29270.75,29292.25,29264.75,29280,5853
2026-08-27T00:00:00+05:30,29279.75,29303.5,29275.75,29295,5710
2026-08-27T00:15:00+05:30,29295,29329.75,29294.75,29321.75,9149
2026-08-27T00:30:00+05:30,29321.25,29368.25,29317.75,29340.5,11350
2026-08-27T00:45:00+05:30,29340.5,29357.25,29332.25,29338,7135
2026-08-27T01:00:00+05:30,29338,29345.5,29307.5,29309.25,8942
2026-08-27T01:15:00+05:30,29309.5,29341.5,29280.25,29296.75,22960
2026-08-27T01:30:00+05:30,29297.75,29375,29283.25,29362.25,8685
2026-08-27T01:45:00+05:30,29360.75,29383.75,29291,29342.25,10525
2026-08-27T02:00:00+05:30,29342,29356,29317,29340,3279
2026-08-27T02:15:00+05:30,29339,29437.75,29336.75,29432.5,3888
2026-08-27T03:30:00+05:30,29499.5,29582.25,29499.25,29566,6246
2026-08-27T03:45:00+05:30,29565.5,29602,29554.25,29583.75,2932
2026-08-27T04:00:00+05:30,29583.5,29618,29581,29617.25,2462
2026-08-27T04:15:00+05:30,29615.75,29628.5,29599.25,29606.5,1807
2026-08-27T04:30:00+05:30,29605,29615.5,29591,29592.25,1641
2026-08-27T04:45:00+05:30,29593.25,29612.5,29585,29602.5,1363
2026-08-27T05:00:00+05:30,29602.75,29611.75,29594.5,29606.5,519
2026-08-27T05:15:00+05:30,29606.25,29653,29605,29646.5,2311
2026-08-27T05:30:00+05:30,29648.25,29654.75,29578,29590,3589
2026-08-27T05:45:00+05:30,29590,29590.5,29558,29581,2668
2026-08-27T06:00:00+05:30,29580.5,29581.25,29476.25,29478,4994
2026-08-27T06:15:00+05:30,29478,29479.5,29438.25,29445.75,4566
2026-08-27T06:30:00+05:30,29443.75,29490,29432.5,29452.75,4236
2026-08-27T06:45:00+05:30,29452,29509.25,29447.75,29503.25,2351
2026-08-27T07:00:00+05:30,29503,29535,29491.75,29492.75,2813
2026-08-27T07:15:00+05:30,29493.75,29554.25,29493.75,29529.75,2409
2026-08-27T07:30:00+05:30,29531.75,29544.25,29516.75,29539.75,1812
2026-08-27T07:45:00+05:30,29540.75,29543.25,29525.75,29539,728
2026-08-27T08:00:00+05:30,29538.75,29555,29530.5,29541.25,1317
2026-08-27T08:15:00+05:30,29541.75,29560.5,29536.75,29548.75,1269
2026-08-27T08:30:00+05:30,29550.5,29563,29530,29540.25,1402
2026-08-27T08:45:00+05:30,29541,29575.75,29540.75,29564.25,1193
2026-08-27T09:00:00+05:30,29566,29572.25,29541.75,29541.75,949
2026-08-27T09:15:00+05:30,29543.5,29552.5,29526.5,29538.75,1127
2026-08-27T09:30:00+05:30,29538,29547.25,29528.25,29534,493
2026-08-27T09:45:00+05:30,29534.75,29551.75,29528.5,29528.5,787
2026-08-27T10:00:00+05:30,29528.5,29530.25,29498.25,29504.25,1240
2026-08-27T10:15:00+05:30,29503.5,29520.75,29493,29497.25,1253
2026-08-27T10:30:00+05:30,29501.5,29504.25,29472.75,29484.5,1804
2026-08-27T10:45:00+05:30,29482.25,29482.25,29448,29468,1996
2026-08-27T11:00:00+05:30,29466.25,29472.75,29438.5,29442.5,1795
2026-08-27T11:15:00+05:30,29441.5,29465,29428.5,29438.75,1818
2026-08-27T11:30:00+05:30,29437.5,29437.5,29401.75,29432.5,3235
2026-08-27T11:45:00+05:30,29433,29451,29432,29450.75,1662
2026-08-27T12:00:00+05:30,29451.5,29490.5,29449,29489.25,1677
2026-08-27T12:15:00+05:30,29489,29500,29478,29499.5,1533
2026-08-27T12:30:00+05:30,29498.75,29538.5,29477.25,29536,2999
2026-08-27T12:45:00+05:30,29537,29548.75,29524,29548.25,2029
2026-08-27T13:00:00+05:30,29547.75,29549.75,29499,29504,2370
2026-08-27T13:15:00+05:30,29504.75,29548.25,29500.75,29539.5,1419
2026-08-27T13:30:00+05:30,29538.75,29624,29537,29622,3636
2026-08-27T13:45:00+05:30,29622.5,29659.75,29596.75,29656.5,3622
2026-08-27T14:00:00+05:30,29656.75,29658,29610.25,29629.5,2758
2026-08-27T14:15:00+05:30,29632.5,29662,29622,29623.75,2622
2026-08-27T14:30:00+05:30,29624.75,29634.25,29581.25,29584,3173
2026-08-27T14:45:00+05:30,29584.25,29615,29568,29598,2095
2026-08-27T15:00:00+05:30,29597.75,29625.5,29596.75,29615,2498
2026-08-27T15:15:00+05:30,29614.5,29634.5,29599.5,29602,2089
2026-08-27T15:30:00+05:30,29602.25,29606.25,29582.25,29598.75,1262
2026-08-27T15:45:00+05:30,29598.75,29603.75,29577,29579.75,1063
2026-08-27T16:00:00+05:30,29580.75,29602.75,29570,29600,1368
2026-08-27T16:15:00+05:30,29599.75,29602.25,29568.25,29597.5,1243
2026-08-27T16:30:00+05:30,29599,29630,29577,29616.25,2329
2026-08-27T16:45:00+05:30,29616.25,29621.25,29569.5,29569.5,1868
2026-08-27T17:00:00+05:30,29570.25,29588,29546.25,29565.5,2684
2026-08-27T17:15:00+05:30,29563.5,29563.5,29514.75,29558.5,2426
2026-08-27T17:30:00+05:30,29557.75,29589,29551,29584,2724
2026-08-27T17:45:00+05:30,29584.25,29590.5,29565.75,29579.25,1930
2026-08-27T18:00:00+05:30,29579,29581.25,29534.5,29537.5,3262
2026-08-27T18:15:00+05:30,29536.25,29541,29515.5,29522.5,3241
2026-08-27T18:30:00+05:30,29522,29561.75,29518.5,29555.75,3443
2026-08-27T18:45:00+05:30,29554.5,29570.25,29523.25,29524.5,6577
2026-08-27T19:00:00+05:30,29524.25,29588.75,29443,29575,52471
2026-08-27T19:15:00+05:30,29576,29605,29423.75,29483,44309
2026-08-27T19:30:00+05:30,29484,29588.5,29478.5,29559,26511
2026-08-27T19:45:00+05:30,29558,29623.5,29558,29606.75,19015
2026-08-27T20:00:00+05:30,29606.5,29610.25,29538,29557.25,17684
2026-08-27T20:15:00+05:30,29556.5,29605.25,29532,29601.5,16719
2026-08-27T20:30:00+05:30,29601.75,29628,29588.25,29625.5,11669
2026-08-27T20:45:00+05:30,29625.75,29635,29573,29578.5,10749
2026-08-27T21:00:00+05:30,29578.25,29597.25,29528.5,29534.5,14030
2026-08-27T21:15:00+05:30,29534.75,29610,29511.5,29598,16787
2026-08-27T21:30:00+05:30,29597.25,29623.75,29581.75,29590.5,9745
2026-08-27T21:45:00+05:30,29589.75,29608,29570,29603,8168
2026-08-27T22:00:00+05:30,29603.5,29651,29599,29645.75,8211
2026-08-27T22:15:00+05:30,29645.75,29659.5,29637,29651.75,9252
2026-08-27T22:30:00+05:30,29652,29676,29648,29669.75,9505
2026-08-27T22:45:00+05:30,29670.5,29678.5,29638,29641.5,8101
2026-08-27T23:00:00+05:30,29641.25,29658.5,29627,29628.75,8346
2026-08-27T23:15:00+05:30,29628.5,29632.25,29607,29611.5,8394
2026-08-27T23:30:00+05:30,29612,29622,29561.75,29577,12154
2026-08-27T23:45:00+05:30,29576.5,29589.75,29526.5,29538.25,11666
2026-08-28T00:00:00+05:30,29538.25,29581.25,29537,29572.5,11031
2026-08-28T00:15:00+05:30,29572.5,29582.25,29544.75,29571.25,8682
2026-08-28T00:30:00+05:30,29571.5,29606.75,29567,29592.5,9985
2026-08-28T00:45:00+05:30,29592.75,29613,29592.75,29602.25,7875
2026-08-28T01:00:00+05:30,29602.75,29633.5,29595,29633.25,8532
2026-08-28T01:15:00+05:30,29632.75,29704.5,29629,29691.75,31073
2026-08-28T01:30:00+05:30,29691.75,29708,29647.25,29648,11462
2026-08-28T01:45:00+05:30,29648.25,29656.5,29634.25,29638.5,1942
2026-08-28T02:00:00+05:30,29639.25,29644.75,29634.75,29639.75,1390
2026-08-28T02:15:00+05:30,29640.25,29642,29620.5,29635.25,2079
2026-08-28T03:30:00+05:30,29635.5,29644.75,29600,29620.5,1969
2026-08-28T03:45:00+05:30,29622.25,29639.5,29619.75,29637.25,947
2026-08-28T04:00:00+05:30,29637,29640.75,29630,29635.5,644
2026-08-28T04:15:00+05:30,29635.25,29639.5,29630.75,29634.75,342
2026-08-28T04:30:00+05:30,29633.5,29637.5,29605,29616.5,1158
2026-08-28T04:45:00+05:30,29616,29617.25,29604,29608.25,512
2026-08-28T05:00:00+05:30,29610,29612.75,29602.5,29604.5,433
2026-08-28T05:15:00+05:30,29604.5,29605.25,29592,29600.75,1743
2026-08-28T05:30:00+05:30,29601.75,29656,29594.25,29653,3823
2026-08-28T05:45:00+05:30,29652.75,29655.75,29625.5,29653,2304
2026-08-28T06:00:00+05:30,29651.25,29658,29633.5,29654.5,1265
2026-08-28T06:15:00+05:30,29653.25,29667.25,29642,29645,1305
2026-08-28T06:30:00+05:30,29645.75,29670.25,29642.75,29661,1488
2026-08-28T06:45:00+05:30,29661,29672.75,29643.5,29648.75,1163
2026-08-28T07:00:00+05:30,29648.5,29672.25,29641.75,29654.75,1982
2026-08-28T07:15:00+05:30,29654.5,29679.75,29644,29677.75,1408
2026-08-28T07:30:00+05:30,29678.75,29699.5,29678.75,29692.75,1403
2026-08-28T07:45:00+05:30,29694.75,29703,29686.25,29692.75,1113
2026-08-28T08:00:00+05:30,29691,29691,29644.75,29647.25,1646
2026-08-28T08:15:00+05:30,29647,29670.25,29645,29663.75,1073
2026-08-28T08:30:00+05:30,29664.75,29702,29660.5,29694.5,1329
2026-08-28T08:45:00+05:30,29693.75,29707,29689.5,29700.25,940
2026-08-28T09:00:00+05:30,29700.5,29704.25,29648.75,29651.75,1785
2026-08-28T09:15:00+05:30,29651.5,29676.5,29640.25,29668.25,1485
2026-08-28T09:30:00+05:30,29668,29670.5,29643.75,29661.5,1210
2026-08-28T09:45:00+05:30,29660.75,29669.75,29657,29659.5,581
2026-08-28T10:00:00+05:30,29658.5,29660.75,29639,29644.25,800
2026-08-28T10:15:00+05:30,29643.5,29650,29636.25,29641.75,609
2026-08-28T10:30:00+05:30,29642,29643.75,29620.75,29623.75,1283
2026-08-28T10:45:00+05:30,29624.75,29628.25,29611.5,29622.75,1064
2026-08-28T11:00:00+05:30,29623,29624.5,29603.5,29613.75,1155
2026-08-28T11:15:00+05:30,29612.5,29613,29597.25,29598.25,998
2026-08-28T11:30:00+05:30,29599,29618.5,29594.5,29603.25,1431
2026-08-28T11:45:00+05:30,29602.25,29623.75,29594.5,29596,1149
2026-08-28T12:00:00+05:30,29597.5,29623,29596,29620.75,1686
2026-08-28T12:15:00+05:30,29619.5,29645.25,29616,29645.25,1089
2026-08-28T12:30:00+05:30,29645.25,29653.5,29605,29612.5,2434
2026-08-28T12:45:00+05:30,29612,29624,29599.75,29613.75,1311
2026-08-28T13:00:00+05:30,29613.5,29620.25,29593,29597.5,1255
2026-08-28T13:15:00+05:30,29597,29625.75,29595,29607,1040
2026-08-28T13:30:00+05:30,29607,29620.5,29578.25,29584.75,3023
2026-08-28T13:45:00+05:30,29586,29605.5,29581.75,29598.25,1132
2026-08-28T14:00:00+05:30,29598.5,29633.5,29596.25,29623.5,1315
2026-08-28T14:15:00+05:30,29623.5,29624.25,29603,29619.75,1212
2026-08-28T14:30:00+05:30,29619,29620,29603.5,29606,910
2026-08-28T14:45:00+05:30,29605.75,29620.5,29595.75,29615.75,910
2026-08-28T15:00:00+05:30,29615.5,29618.5,29602.25,29607.5,561
2026-08-28T15:15:00+05:30,29605,29620.25,29599,29605.5,654
2026-08-28T15:30:00+05:30,29606,29610,29593.25,29603.75,1070
2026-08-28T15:45:00+05:30,29604,29617.25,29597.5,29611.5,596
2026-08-28T16:00:00+05:30,29611.25,29623,29600,29602.5,788
2026-08-28T16:15:00+05:30,29601.5,29625,29598,29622,968
2026-08-28T16:30:00+05:30,29622.25,29634.75,29598.25,29614.5,1722
2026-08-28T16:45:00+05:30,29614.5,29636.5,29614,29633.5,1142
2026-08-28T17:00:00+05:30,29635,29640,29607,29610.25,921
2026-08-28T17:15:00+05:30,29609.5,29615,29597.5,29603.5,900
2026-08-28T17:30:00+05:30,29601.5,29632.5,29597.5,29630.25,1954
2026-08-28T17:45:00+05:30,29631,29663,29627.75,29661.5,2502
2026-08-28T18:00:00+05:30,29661.25,29661.75,29615,29658.25,2511
2026-08-28T18:15:00+05:30,29658.25,29665,29649.25,29659,2233
2026-08-28T18:30:00+05:30,29659,29681.75,29650.25,29661,4090
2026-08-28T18:45:00+05:30,29661,29662.75,29622,29628,4751
2026-08-28T19:00:00+05:30,29628.5,29701.75,29562.75,29687.75,38443
2026-08-28T19:15:00+05:30,29687.25,29703.25,29625,29629,22924
2026-08-28T19:30:00+05:30,29632,29706,29505,29534.75,41160
2026-08-28T19:45:00+05:30,29536.25,29675.75,29532.25,29653.5,32258
2026-08-28T20:00:00+05:30,29653.5,29744,29632,29734.25,26752
2026-08-28T20:15:00+05:30,29734.75,29799,29725.25,29796.5,23011
2026-08-28T20:30:00+05:30,29796.5,29811.5,29735.25,29748.75,20739
2026-08-28T20:45:00+05:30,29748.75,29791.25,29738,29782.75,13343
2026-08-28T21:00:00+05:30,29783.25,29785.5,29663,29671,18517
2026-08-28T21:15:00+05:30,29671,29682.75,29544.25,29552.5,28429
2026-08-28T21:30:00+05:30,29553,29593,29509.75,29558.5,23803
2026-08-28T21:45:00+05:30,29558.25,29570.75,29464.5,29489,22829
2026-08-28T22:00:00+05:30,29488.5,29529.25,29475,29483.75,15677
2026-08-28T22:15:00+05:30,29483.5,29549,29483,29501.25,13155
2026-08-28T22:30:00+05:30,29502,29503,29436.25,29484.25,17715
2026-08-28T22:45:00+05:30,29483.5,29495.25,29452.25,29470,9601
2026-08-28T23:00:00+05:30,29470,29504.5,29461.25,29484,8487
2026-08-28T23:15:00+05:30,29482.75,29529.25,29475.75,29514.75,9327
2026-08-28T23:30:00+05:30,29515.75,29521.5,29488.25,29489.25,7771
2026-08-28T23:45:00+05:30,29489.25,29505,29471.25,29483.75,7449
2026-08-29T00:00:00+05:30,29483.25,29507,29476,29491.25,7055
2026-08-29T00:15:00+05:30,29491,29493.5,29441,29455.5,8431
2026-08-29T00:30:00+05:30,29456,29492.25,29443.5,29479.5,10164
2026-08-29T00:45:00+05:30,29479,29502,29464.5,29498.25,7014
2026-08-29T01:00:00+05:30,29498.5,29513.75,29482.25,29503,8900
2026-08-29T01:15:00+05:30,29502.25,29521.5,29473.5,29496.5,28159
2026-08-29T01:30:00+05:30,29496.5,29507.75,29478.25,29487.5,6310
2026-08-29T01:45:00+05:30,29488.5,29493.25,29485.25,29492,1302
2026-08-29T02:00:00+05:30,29492,29508,29485,29507.25,2150
2026-08-29T02:15:00+05:30,29507.5,29519.25,29506.75,29509.5,2055
2026-08-31T03:30:00+05:30,29540,29546.25,29446.75,29471,4178
2026-08-31T03:45:00+05:30,29471.25,29495,29467.25,29473,1456
2026-08-31T04:00:00+05:30,29474.75,29476.5,29428,29436.75,2535
2026-08-31T04:15:00+05:30,29436,29453.5,29435,29442.5,926
2026-08-31T04:30:00+05:30,29442.5,29449.25,29405.75,29409.75,2275
2026-08-31T04:45:00+05:30,29410,29416,29369,29371.75,2933
2026-08-31T05:00:00+05:30,29372,29375.5,29321.25,29355.5,3308
2026-08-31T05:15:00+05:30,29354,29354,29289,29289.75,3898
2026-08-31T05:30:00+05:30,29291,29346.75,29273.5,29339.75,4396
2026-08-31T05:45:00+05:30,29341,29378.25,29334.5,29372,2859
2026-08-31T06:00:00+05:30,29370.25,29398.5,29366.75,29388.75,2309
2026-08-31T06:15:00+05:30,29390.25,29393,29350.5,29357,2394
2026-08-31T06:30:00+05:30,29358.25,29358.25,29292.5,29324.75,4159
2026-08-31T06:45:00+05:30,29324.25,29340.25,29304,29331.75,2582
2026-08-31T07:00:00+05:30,29330.25,29338,29306.5,29313.5,2178
2026-08-31T07:15:00+05:30,29313.25,29331.5,29302.25,29327,1945
2026-08-31T07:30:00+05:30,29325.75,29362.75,29308.5,29355.75,2320
2026-08-31T07:45:00+05:30,29357,29357,29304.5,29331.5,2741
2026-08-31T08:00:00+05:30,29327,29335.25,29287,29296.5,2107
2026-08-31T08:15:00+05:30,29297.5,29346.5,29287.75,29344.25,2203
2026-08-31T08:30:00+05:30,29346,29367.25,29336.75,29355.5,1572
2026-08-31T08:45:00+05:30,29355.5,29358,29343,29344,1004
2026-08-31T09:00:00+05:30,29345.75,29351,29337.75,29345,827
2026-08-31T09:15:00+05:30,29346,29353.5,29338.75,29352.25,517
2026-08-31T09:30:00+05:30,29352.5,29354.75,29341.5,29354.75,533
2026-08-31T09:45:00+05:30,29353.25,29357,29342.75,29347.25,546
2026-08-31T10:00:00+05:30,29348,29384.75,29333.75,29383,1567
2026-08-31T10:15:00+05:30,29380.75,29423.75,29365.5,29414.75,1926
2026-08-31T10:30:00+05:30,29415,29445,29407.75,29443.75,1598
2026-08-31T10:45:00+05:30,29442.75,29477.25,29442.25,29470,2077
2026-08-31T11:00:00+05:30,29470,29474.25,29426.25,29442,1947
2026-08-31T11:15:00+05:30,29442.25,29462.5,29432,29462.25,1228
2026-08-31T11:30:00+05:30,29462,29503.5,29448.75,29500.5,2314
2026-08-31T11:45:00+05:30,29501.25,29518.5,29501.25,29512.5,2160
2026-08-31T12:00:00+05:30,29512.5,29518.75,29495.75,29508,1379
2026-08-31T12:15:00+05:30,29507.5,29528.5,29503.5,29517.75,1126
2026-08-31T12:30:00+05:30,29516.25,29521,29500.75,29513.75,1122
2026-08-31T12:45:00+05:30,29513.25,29521.25,29500,29509.75,705
2026-08-31T13:00:00+05:30,29508.25,29522.75,29501,29506,763
2026-08-31T13:15:00+05:30,29505.5,29510.75,29493.5,29508.25,721
2026-08-31T13:30:00+05:30,29508.5,29535,29485,29505,3071
2026-08-31T13:45:00+05:30,29504.75,29511,29485.5,29500.75,1137
2026-08-31T14:00:00+05:30,29500.25,29502.25,29475,29484.5,1232
2026-08-31T14:15:00+05:30,29484.75,29498.5,29480.25,29485,843
2026-08-31T14:30:00+05:30,29485.25,29500.75,29470.75,29492.5,1178
2026-08-31T14:45:00+05:30,29492.25,29509.25,29490,29491.25,930
2026-08-31T15:00:00+05:30,29491.75,29492.5,29467,29468,797
2026-08-31T15:15:00+05:30,29468,29469.25,29445.5,29450.5,1109
2026-08-31T15:30:00+05:30,29451.5,29460,29440.5,29458,1561
2026-08-31T15:45:00+05:30,29457.25,29467.75,29445.75,29461,1227
2026-08-31T16:00:00+05:30,29460.75,29461,29450,29455.25,477
2026-08-31T16:15:00+05:30,29454,29471.5,29450,29458.75,762
2026-08-31T16:30:00+05:30,29458.25,29463.5,29436.75,29439.5,1477
2026-08-31T16:45:00+05:30,29439.25,29471,29435.5,29465,1352
2026-08-31T17:00:00+05:30,29465.5,29466.75,29432.75,29433.5,1614
2026-08-31T17:15:00+05:30,29434,29440,29425.25,29429.75,1161
2026-08-31T17:30:00+05:30,29429.75,29470,29398.5,29449.75,3197
2026-08-31T17:45:00+05:30,29449.75,29486,29397,29415.75,3308
2026-08-31T18:00:00+05:30,29415.75,29442.25,29389.75,29399.25,3630
2026-08-31T18:15:00+05:30,29398.5,29407.5,29380,29389,2609
2026-08-31T18:30:00+05:30,29389.5,29411.25,29377.5,29408.5,3573
2026-08-31T18:45:00+05:30,29409.5,29445.25,29408.25,29438.5,5063
2026-08-31T19:00:00+05:30,29437.75,29516.75,29390.25,29407.75,38845
2026-08-31T19:15:00+05:30,29408,29479,29387.75,29438.75,27597
2026-08-31T19:30:00+05:30,29439.25,29447.75,29371,29394.5,19512
2026-08-31T19:45:00+05:30,29393.25,29431.5,29355,29376.25,17735
2026-08-31T20:00:00+05:30,29374.25,29434.75,29364.5,29425.25,14393
2026-08-31T20:15:00+05:30,29425.25,29444.25,29384.25,29416,13369
2026-08-31T20:30:00+05:30,29415.25,29442.5,29395.5,29417.25,13268
2026-08-31T20:45:00+05:30,29416.75,29445.75,29396.5,29421,11434
2026-08-31T21:00:00+05:30,29420.5,29424.75,29383,29408.5,10518
2026-08-31T21:15:00+05:30,29408.25,29432.75,29384.5,29388.75,10321
2026-08-31T21:30:00+05:30,29389.25,29412.75,29362.5,29407.25,11275
2026-08-31T21:45:00+05:30,29407.75,29426.5,29381.5,29425,8406
2026-08-31T22:00:00+05:30,29425,29430.75,29394.25,29413.5,8799
2026-08-31T22:15:00+05:30,29413.25,29443.25,29409.5,29440.5,6457
2026-08-31T22:30:00+05:30,29440,29441,29415.25,29423.5,5280
2026-08-31T22:45:00+05:30,29423.75,29434,29393.25,29396.75,5630
2026-08-31T23:00:00+05:30,29396.75,29439.75,29388,29439.5,7947
2026-08-31T23:15:00+05:30,29439.75,29457.5,29430.75,29442,7177
2026-08-31T23:30:00+05:30,29442,29458.75,29422.25,29446.75,6961
2026-08-31T23:45:00+05:30,29446.75,29464.25,29437.25,29438.25,5456
2026-09-01T00:00:00+05:30,29438,29443.25,29382.5,29399,9386
2026-09-01T00:15:00+05:30,29399.75,29420.25,29390.5,29403.75,6587
2026-09-01T00:30:00+05:30,29404.5,29429.75,29403.5,29425.5,6354
2026-09-01T00:45:00+05:30,29425.5,29453.5,29417.25,29448.25,7052
2026-09-01T01:00:00+05:30,29447.75,29483.25,29430.5,29477,9461
2026-09-01T01:15:00+05:30,29476.75,29538.25,29458.5,29506.5,34700
2026-09-01T01:30:00+05:30,29506.25,29527.5,29503.75,29511.5,7787
2026-09-01T01:45:00+05:30,29511.5,29516.75,29507,29513.75,1396
2026-09-01T02:00:00+05:30,29513,29520.5,29510,29516.75,972
2026-09-01T02:15:00+05:30,29516.75,29521.25,29507,29521,1130
2026-09-01T03:30:00+05:30,29518.25,29522.5,29501.25,29507.75,1330
2026-09-01T03:45:00+05:30,29507,29508.5,29498.5,29501.75,410
2026-09-01T04:00:00+05:30,29502.5,29508.25,29501.75,29505,350
2026-09-01T04:15:00+05:30,29505,29506.75,29491,29493.5,691
2026-09-01T04:30:00+05:30,29493.25,29505,29490,29496,739
2026-09-01T04:45:00+05:30,29495.75,29499.5,29486,29497,527
2026-09-01T05:00:00+05:30,29495.5,29515,29493.5,29510.25,1295
2026-09-01T05:15:00+05:30,29509.75,29519.5,29496.5,29501.25,896
2026-09-01T05:30:00+05:30,29503.25,29521.75,29480.5,29489.25,2694
2026-09-01T05:45:00+05:30,29489,29518.75,29478.25,29501,2140
2026-09-01T06:00:00+05:30,29501,29520.5,29484.25,29501.75,1705
2026-09-01T06:15:00+05:30,29503.5,29508.5,29491.75,29506,870
2026-09-01T06:30:00+05:30,29506,29514.25,29491.5,29512.25,1548
2026-09-01T06:45:00+05:30,29512,29516.25,29477,29484,1859
2026-09-01T07:00:00+05:30,29483,29515.5,29475,29508.25,2128
2026-09-01T07:15:00+05:30,29508.75,29511,29490.5,29499.75,947
2026-09-01T07:30:00+05:30,29498,29502.75,29475,29481,1277
2026-09-01T07:45:00+05:30,29480.5,29486.5,29452.75,29459.75,1525
2026-09-01T08:00:00+05:30,29460,29472.5,29434.75,29439,1896
2026-09-01T08:15:00+05:30,29438.75,29493.25,29436.25,29492,1980
2026-09-01T08:30:00+05:30,29491.5,29493.75,29467.5,29471.5,1316
2026-09-01T08:45:00+05:30,29471.5,29476.5,29459.25,29464.25,922
2026-09-01T09:00:00+05:30,29465.5,29483.25,29461.25,29477.75,770
2026-09-01T09:15:00+05:30,29477,29488.5,29474.75,29485.75,610
2026-09-01T09:30:00+05:30,29487.25,29497.25,29481,29489,792
2026-09-01T09:45:00+05:30,29488.25,29501.5,29485.5,29492.75,1085
2026-09-01T10:00:00+05:30,29493.75,29503,29470.25,29471.25,917
2026-09-01T10:15:00+05:30,29471.25,29494,29466,29473.75,1585
2026-09-01T10:30:00+05:30,29473.25,29475.75,29460,29464.25,792
2026-09-01T10:45:00+05:30,29464.5,29487.75,29447.25,29486,1479
2026-09-01T11:00:00+05:30,29485,29535.75,29482.25,29534,3457
2026-09-01T11:15:00+05:30,29534.25,29571.25,29521.75,29561.5,2542
2026-09-01T11:30:00+05:30,29561.75,29568,29531,29545.25,2100
2026-09-01T11:45:00+05:30,29544.5,29547,29514.75,29517.5,1658
2026-09-01T12:00:00+05:30,29516.5,29545,29513.75,29539.25,1315
2026-09-01T12:15:00+05:30,29539.75,29540.25,29514.5,29515.75,937
2026-09-01T12:30:00+05:30,29515.5,29555.5,29512.25,29553.5,2748
2026-09-01T12:45:00+05:30,29554.25,29556.75,29528.25,29545,1190
2026-09-01T13:00:00+05:30,29546.75,29547,29462,29464,3095
2026-09-01T13:15:00+05:30,29463,29478.75,29430,29436.25,2904
2026-09-01T13:30:00+05:30,29436.25,29449,29327,29348.75,7337
2026-09-01T13:45:00+05:30,29351,29358.5,29279,29285.5,4907
2026-09-01T14:00:00+05:30,29286,29312,29246.75,29257.5,4022
2026-09-01T14:15:00+05:30,29257,29279.75,29231,29235.25,2821
2026-09-01T14:30:00+05:30,29235.75,29243.25,29201.75,29207.75,3511
2026-09-01T14:45:00+05:30,29206.75,29218,29185.5,29197,2579
2026-09-01T15:00:00+05:30,29199,29216.75,29184.25,29213.25,2268
2026-09-01T15:15:00+05:30,29212.25,29228,29211.5,29212.5,1603
2026-09-01T15:30:00+05:30,29212.5,29227.25,29201.25,29221.5,1436
2026-09-01T15:45:00+05:30,29222,29248.75,29211.75,29237.5,1877
2026-09-01T16:00:00+05:30,29237.75,29257.75,29227,29227.5,1448
2026-09-01T16:15:00+05:30,29227.25,29243,29197.25,29210,2645
2026-09-01T16:30:00+05:30,29209.25,29213.25,29178,29200.75,3011
2026-09-01T16:45:00+05:30,29200.5,29216.75,29196.25,29208.75,1764
2026-09-01T17:00:00+05:30,29207.75,29238,29205.75,29226.25,2176
2026-09-01T17:15:00+05:30,29228.25,29228.5,29167.75,29172.5,3062
2026-09-01T17:30:00+05:30,29171.5,29179.5,29153.75,29165.5,3724
2026-09-01T17:45:00+05:30,29164.75,29173,29137.5,29170.5,4328
2026-09-01T18:00:00+05:30,29169.75,29170.5,29123.25,29129.5,5142
2026-09-01T18:15:00+05:30,29129.5,29153,29122.25,29125.75,3803
2026-09-01T18:30:00+05:30,29125.75,29126.25,29087,29093,7838
2026-09-01T18:45:00+05:30,29093,29122.75,29084.25,29112,7262
2026-09-01T19:00:00+05:30,29111.75,29140.5,29040.25,29083.75,44761
2026-09-01T19:15:00+05:30,29084,29158,29074.75,29105,25173
2026-09-01T19:30:00+05:30,29106,29161.75,29085.25,29133.25,22036
2026-09-01T19:45:00+05:30,29133.5,29179.5,29132,29165.25,17174
2026-09-01T20:00:00+05:30,29165.25,29235,29162.25,29234,17133
2026-09-01T20:15:00+05:30,29234,29268,29207,29228,17982
2026-09-01T20:30:00+05:30,29228.5,29241.5,29180.25,29183.75,13942
2026-09-01T20:45:00+05:30,29183,29233.25,29178.25,29232.5,10195
2026-09-01T21:00:00+05:30,29232.25,29291.25,29224.25,29287.75,14868
2026-09-01T21:15:00+05:30,29287.25,29317.75,29286,29296.25,13837
2026-09-01T21:30:00+05:30,29295.5,29300.75,29232,29232.25,11814
2026-09-01T21:45:00+05:30,29232.75,29236.25,29162.75,29176.75,20287
2026-09-01T22:00:00+05:30,29177,29184.5,29131.25,29138,15756
2026-09-01T22:15:00+05:30,29137.75,29197.25,29133,29191.75,9545
2026-09-01T22:30:00+05:30,29191.25,29191.75,29138.75,29156.25,9410
2026-09-01T22:45:00+05:30,29156.25,29163.75,29100.5,29141.75,10868
2026-09-01T23:00:00+05:30,29143,29161.75,29137.75,29151.5,6578
2026-09-01T23:15:00+05:30,29151.5,29153.25,29117.75,29140.75,7483
2026-09-01T23:30:00+05:30,29139.75,29151.5,29101.25,29102.25,7488
2026-09-01T23:45:00+05:30,29102.5,29118.5,29085.25,29094.25,9083
2026-09-02T00:00:00+05:30,29094.5,29097.25,29014.25,29014.5,13241
2026-09-02T00:15:00+05:30,29015,29081.25,29002,29076,14773
2026-09-02T00:30:00+05:30,29075.5,29121.5,29070.5,29119.75,10546
2026-09-02T00:45:00+05:30,29119.25,29129.25,29103.75,29127.25,8567
2026-09-02T01:00:00+05:30,29126.75,29128.25,29093,29117.75,9091
2026-09-02T01:15:00+05:30,29118,29141,29086,29126.75,29018
2026-09-02T01:30:00+05:30,29126.75,29158,29113.5,29135,11095
2026-09-02T01:45:00+05:30,29135,29159,29134.25,29136.75,2514
2026-09-02T02:00:00+05:30,29136,29155.25,29130.25,29147.25,1402
2026-09-02T02:15:00+05:30,29146,29147.5,29130.75,29139,1347
2026-09-02T03:30:00+05:30,29136.5,29149,29107.75,29110,1535
2026-09-02T03:45:00+05:30,29110.5,29126,29102.25,29113.75,982
2026-09-02T04:00:00+05:30,29114.75,29121,29111,29117.25,541
2026-09-02T04:15:00+05:30,29116.75,29139,29114.25,29132,973
2026-09-02T04:30:00+05:30,29129.75,29135.5,29128.5,29129,334
2026-09-02T04:45:00+05:30,29129.25,29139,29119,29136.5,823
2026-09-02T05:00:00+05:30,29137.5,29144.75,29133,29140.25,697
2026-09-02T05:15:00+05:30,29141.75,29148.25,29131.25,29134.5,748
2026-09-02T05:30:00+05:30,29135.75,29144.75,29106,29130.75,2444
2026-09-02T05:45:00+05:30,29128,29170,29123.25,29126,3016
2026-09-02T06:00:00+05:30,29127.75,29148.75,29114.5,29140.25,1810
2026-09-02T06:15:00+05:30,29139,29145,29102,29104,1500
2026-09-02T06:30:00+05:30,29103.25,29127.25,29086.75,29097.75,2741
2026-09-02T06:45:00+05:30,29097.75,29129.5,29094.75,29115,1960
2026-09-02T07:00:00+05:30,29115.75,29122.75,29070.5,29074.75,2503
2026-09-02T07:15:00+05:30,29074.25,29078.5,29047.75,29075.5,2505
2026-09-02T07:30:00+05:30,29075.5,29077,29044.5,29065,1727
2026-09-02T07:45:00+05:30,29066.5,29100,29066.5,29085.5,1769
2026-09-02T08:00:00+05:30,29084.5,29084.75,29061.75,29082.75,1231
2026-09-02T08:15:00+05:30,29083.25,29092.25,29074.5,29084.25,975
2026-09-02T08:30:00+05:30,29086.5,29089.5,29058.75,29083.25,1293
2026-09-02T08:45:00+05:30,29083,29084,29068,29069,646
2026-09-02T09:00:00+05:30,29070.25,29073,29053.75,29056,1064
2026-09-02T09:15:00+05:30,29057.75,29065,29046,29047.25,891
2026-09-02T09:30:00+05:30,29047.75,29055,29035.5,29047.25,1000
2026-09-02T09:45:00+05:30,29045.75,29062.75,29044.25,29051,786
2026-09-02T10:00:00+05:30,29051.25,29062.5,29047.75,29054,679
2026-09-02T10:15:00+05:30,29054.75,29065,29051,29058.25,732
2026-09-02T10:30:00+05:30,29059,29071.75,29037.5,29066.25,1071
2026-09-02T10:45:00+05:30,29067.25,29092,29063.75,29091.25,1645
2026-09-02T11:00:00+05:30,29092,29104.25,29070.5,29099.25,1453
2026-09-02T11:15:00+05:30,29099.75,29101.5,29062.5,29073,1065
2026-09-02T11:30:00+05:30,29072.25,29080.5,29040.25,29049.25,1689
2026-09-02T11:45:00+05:30,29050,29055,29020.5,29023.5,1742
2026-09-02T12:00:00+05:30,29023,29098.25,29016.5,29073.75,2370
2026-09-02T12:15:00+05:30,29073.5,29080,29051,29077.25,1267
2026-09-02T12:30:00+05:30,29077,29120.75,29065.5,29103.25,2280
2026-09-02T12:45:00+05:30,29103.5,29117,29075.75,29094.5,1648
2026-09-02T13:00:00+05:30,29094.25,29101,29064.75,29070.75,1361
2026-09-02T13:15:00+05:30,29070.75,29078.25,29050,29061.75,1274
2026-09-02T13:30:00+05:30,29062.25,29097.25,29052.5,29073.75,1865
2026-09-02T13:45:00+05:30,29073.75,29088,29039.75,29053.5,1351
2026-09-02T14:00:00+05:30,29052.75,29068.75,29031.5,29035.75,1473
2026-09-02T14:15:00+05:30,29036.5,29037.25,28954.5,28977.75,3434
2026-09-02T14:30:00+05:30,28977.25,29027.5,28969,28969.25,2500
2026-09-02T14:45:00+05:30,28971.25,28995,28955,28978.25,2000
2026-09-02T15:00:00+05:30,28978.25,28981.5,28940.5,28948.75,2294
2026-09-02T15:15:00+05:30,28948.75,28974.5,28947.5,28973.25,1223
2026-09-02T15:30:00+05:30,28972.75,28979.5,28947.25,28978,1688
2026-09-02T15:45:00+05:30,28978,28996,28971.5,28985.75,1404
2026-09-02T16:00:00+05:30,28985.5,28989.25,28961,28966.5,1346
2026-09-02T16:15:00+05:30,28966,28988.75,28958,28988,1127
2026-09-02T16:30:00+05:30,28987.75,29021.75,28927.25,29016.5,5538
2026-09-02T16:45:00+05:30,29014.25,29035.75,28992.5,29023,3025
2026-09-02T17:00:00+05:30,29025.25,29059.5,29019,29029.75,2634
2026-09-02T17:15:00+05:30,29029.75,29084.5,29022.5,29084.5,2625
2026-09-02T17:30:00+05:30,29083.75,29124,29074.5,29121.5,4470
2026-09-02T17:45:00+05:30,29121.5,29149.5,29094.75,29108,5146
2026-09-02T18:00:00+05:30,29107,29110.25,29067.25,29069.75,3373
2026-09-02T18:15:00+05:30,29069,29071.25,29032.75,29040,3123
2026-09-02T18:30:00+05:30,29040.25,29070.5,29037.75,29067.5,3573
2026-09-02T18:45:00+05:30,29068.5,29115.25,29064.25,29098.5,5635
2026-09-02T19:00:00+05:30,29098.75,29119,29036.5,29091,33915
2026-09-02T19:15:00+05:30,29090.25,29112.5,29017.25,29062.25,25027
2026-09-02T19:30:00+05:30,29061.75,29128.25,29032.25,29127.25,22706
2026-09-02T19:45:00+05:30,29127.75,29193,29119.25,29187.25,21544
2026-09-02T20:00:00+05:30,29187,29213,29168.5,29201.5,16522
2026-09-02T20:15:00+05:30,29201.75,29202.5,29111.25,29120.25,14872
2026-09-02T20:30:00+05:30,29119.5,29168.5,29106.25,29158.25,15634
2026-09-02T20:45:00+05:30,29158,29208.5,29151.75,29205.25,10956
2026-09-02T21:00:00+05:30,29205,29208.5,29171.5,29182.25,11059
2026-09-02T21:15:00+05:30,29182.25,29190.75,29136,29185.25,11417
2026-09-02T21:30:00+05:30,29184.5,29198.5,29173.5,29186.75,6730
2026-09-02T21:45:00+05:30,29186.5,29186.75,29142.25,29151.75,7016
2026-09-02T22:00:00+05:30,29151.5,29175.25,29138.25,29139,7043
2026-09-02T22:15:00+05:30,29138.5,29168.25,29137,29155,5965
2026-09-02T22:30:00+05:30,29154.75,29182.5,29127,29145.25,8306
2026-09-02T22:45:00+05:30,29145,29154.5,29125.25,29150.75,6609
2026-09-02T23:00:00+05:30,29150.5,29158.75,29127.5,29158.75,7142
2026-09-02T23:15:00+05:30,29159,29173.75,29142.5,29158.75,7295
2026-09-02T23:30:00+05:30,29159.5,29166,29135.75,29147,7199
2026-09-02T23:45:00+05:30,29146.75,29199.75,29143.25,29159.25,9304
2026-09-03T00:00:00+05:30,29159.25,29175,29131.5,29136.75,6755
2026-09-03T00:15:00+05:30,29136,29154.25,29130.25,29145.5,5882
2026-09-03T00:30:00+05:30,29145.75,29172,29139,29165.5,5821
2026-09-03T00:45:00+05:30,29166.25,29170.75,29150,29167.25,5594
2026-09-03T01:00:00+05:30,29167,29177.5,29155.25,29175,6473
2026-09-03T01:15:00+05:30,29175.25,29197.25,29170.5,29190.5,17879
2026-09-03T01:30:00+05:30,29190.25,29212,29187.5,29194.25,6250
2026-09-03T01:45:00+05:30,29192,29193.75,29139.75,29156.25,4611
2026-09-03T02:00:00+05:30,29156,29163.25,29147.5,29148,1419
2026-09-03T02:15:00+05:30,29147.75,29164,29139.25,29141,1434
2026-09-03T03:30:00+05:30,29177,29188.75,29148,29185.75,1632
2026-09-03T03:45:00+05:30,29184.75,29208.75,29178,29196,1351
2026-09-03T04:00:00+05:30,29196,29203,29192,29196,686
2026-09-03T04:15:00+05:30,29195.25,29195.5,29178.25,29180.5,707
2026-09-03T04:30:00+05:30,29180.75,29188.75,29170.75,29171.75,941
2026-09-03T04:45:00+05:30,29172.75,29180,29167.5,29179,833
2026-09-03T05:00:00+05:30,29180,29188.25,29175,29188.25,595
2026-09-03T05:15:00+05:30,29188,29213,29187.5,29201.25,1856
2026-09-03T05:30:00+05:30,29200.75,29201.75,29165.75,29169.25,2130
2026-09-03T05:45:00+05:30,29166.75,29168.25,29141,29156.25,2048
2026-09-03T06:00:00+05:30,29155.75,29162,29146,29156.5,906
2026-09-03T06:15:00+05:30,29155.75,29161.75,29146.75,29151,695
2026-09-03T06:30:00+05:30,29150.75,29186.75,29147.75,29183.25,1878
2026-09-03T06:45:00+05:30,29182.5,29200.75,29156.5,29174.75,2146
2026-09-03T07:00:00+05:30,29176.75,29199.25,29167.75,29169,1735
2026-09-03T07:15:00+05:30,29169,29175.75,29136.25,29137.5,1839
2026-09-03T07:30:00+05:30,29136.75,29188,29132.75,29182.5,2004
2026-09-03T07:45:00+05:30,29182.75,29195,29173,29188.5,1439
2026-09-03T08:00:00+05:30,29186.5,29199,29168.75,29173,994
2026-09-03T08:15:00+05:30,29173.25,29188.5,29167.5,29180.75,825
2026-09-03T08:30:00+05:30,29182.25,29204.5,29179.5,29203.25,1014
2026-09-03T08:45:00+05:30,29204.25,29234,29202.25,29219.75,2335
2026-09-03T09:00:00+05:30,29220.75,29233.75,29217.75,29227.5,828
2026-09-03T09:15:00+05:30,29227,29243,29220.25,29236.5,970
2026-09-03T09:30:00+05:30,29236.5,29255,29228.75,29247,1211
2026-09-03T09:45:00+05:30,29247,29249.25,29227.25,29227.75,787
2026-09-03T10:00:00+05:30,29227.75,29236.25,29214.75,29219.25,1119
2026-09-03T10:15:00+05:30,29218.75,29229,29204.5,29207.5,789
2026-09-03T10:30:00+05:30,29207.25,29208.5,29140.75,29149,2662
2026-09-03T10:45:00+05:30,29147.75,29148.5,29075,29104,5739
2026-09-03T11:00:00+05:30,29102.75,29152,29098.25,29143,3714
2026-09-03T11:15:00+05:30,29143,29188.75,29127.5,29188.75,2500
2026-09-03T11:30:00+05:30,29188.5,29203.25,29162.75,29170,2458
2026-09-03T11:45:00+05:30,29169,29180.25,29161,29177.25,1302
2026-09-03T12:00:00+05:30,29177,29187.5,29164,29181.5,1466
2026-09-03T12:15:00+05:30,29182,29182.75,29159.5,29174.25,889
2026-09-03T12:30:00+05:30,29173.25,29233,29160,29205.5,2748
2026-09-03T12:45:00+05:30,29204.75,29211.5,29178.5,29203.25,1453
2026-09-03T13:00:00+05:30,29202.5,29245.5,29192,29241.25,1961
2026-09-03T13:15:00+05:30,29240.75,29240.75,29182.75,29220.25,1794
2026-09-03T13:30:00+05:30,29220.25,29292.75,29213.25,29247.25,6531
2026-09-03T13:45:00+05:30,29247,29264,29232.75,29256,2407
2026-09-03T14:00:00+05:30,29257.25,29257.25,29226.75,29228.25,1598
2026-09-03T14:15:00+05:30,29229.5,29235,29215,29216.25,1133
2026-09-03T14:30:00+05:30,29218.5,29225.75,29211,29223.5,1073
2026-09-03T14:45:00+05:30,29223.5,29224,29187.75,29187.75,1229
2026-09-03T15:00:00+05:30,29187.25,29198,29169.25,29176.75,1331
2026-09-03T15:15:00+05:30,29176.25,29176.25,29126.5,29137.75,2109
2026-09-03T15:30:00+05:30,29138,29158.5,29120.25,29124.75,2021
2026-09-03T15:45:00+05:30,29125.5,29134.25,29119.25,29127.5,1808
2026-09-03T16:00:00+05:30,29127,29140,29105.5,29128.25,1627
2026-09-03T16:15:00+05:30,29128,29129.75,29108,29128,1182
2026-09-03T16:30:00+05:30,29129,29170.75,29106.25,29164.5,2818
2026-09-03T16:45:00+05:30,29164,29186.75,29156.5,29166.75,1854
2026-09-03T17:00:00+05:30,29167,29173.5,29111.25,29142.5,2553
2026-09-03T17:15:00+05:30,29142.25,29144.5,29101,29105.5,2857
2026-09-03T17:30:00+05:30,29105.5,29147.25,29104,29125,2596
2026-09-03T17:45:00+05:30,29125.5,29151,29105.75,29145.75,2847
2026-09-03T18:00:00+05:30,29144.75,29244,29144,29189.75,8698
2026-09-03T18:15:00+05:30,29189,29258.75,29185,29244.5,5520
2026-09-03T18:30:00+05:30,29243.75,29246,29194.25,29239.25,5886
2026-09-03T18:45:00+05:30,29239.5,29253.75,29200.5,29249,6132
2026-09-03T19:00:00+05:30,29249.5,29359.5,29199.5,29345,49998
2026-09-03T19:15:00+05:30,29344.25,29375.5,29296.75,29333,28741
2026-09-03T19:30:00+05:30,29331.75,29333.25,29241.75,29300.75,28184
2026-09-03T19:45:00+05:30,29301,29364.5,29295.75,29343,21706
2026-09-03T20:00:00+05:30,29343,29360.5,29273.25,29283,19601
2026-09-03T20:15:00+05:30,29283,29368,29246.5,29363.5,19598
2026-09-03T20:30:00+05:30,29363.25,29466.25,29362.25,29465,28031
2026-09-03T20:45:00+05:30,29464.75,29539.5,29453.75,29536.5,22875
2026-09-03T21:00:00+05:30,29536,29542.5,29503.5,29506.5,15910
2026-09-03T21:15:00+05:30,29506.75,29539.25,29504,29538,9253
2026-09-03T21:30:00+05:30,29538.75,29539.75,29503,29519,10915
2026-09-03T21:45:00+05:30,29519.5,29529.5,29489.25,29497,7884
2026-09-03T22:00:00+05:30,29497,29534.5,29483,29528,8804
2026-09-03T22:15:00+05:30,29528,29544,29516.5,29528,7330
2026-09-03T22:30:00+05:30,29528.25,29534,29486.75,29490.5,6716
2026-09-03T22:45:00+05:30,29491.25,29508,29476,29502.5,6985
2026-09-03T23:00:00+05:30,29502.75,29532,29502.25,29528.5,7290
2026-09-03T23:15:00+05:30,29529,29552.5,29521.75,29543.75,8801
2026-09-03T23:30:00+05:30,29543.5,29579.5,29543,29573.5,10988
2026-09-03T23:45:00+05:30,29573.75,29584.25,29564.75,29570.5,7277
2026-09-04T00:00:00+05:30,29571,29580,29559.5,29560.5,5623
2026-09-04T00:15:00+05:30,29560.75,29581,29559.5,29568.25,6118
2026-09-04T00:30:00+05:30,29568.25,29570.5,29532.75,29538.25,6887
2026-09-04T00:45:00+05:30,29538.25,29543.5,29526,29533.25,8659
2026-09-04T01:00:00+05:30,29533.25,29540,29521.75,29524,8385
2026-09-04T01:15:00+05:30,29524.25,29536.25,29509.25,29530.75,25364
2026-09-04T01:30:00+05:30,29531,29536.25,29507,29521.25,6968
2026-09-04T01:45:00+05:30,29521.5,29522,29505,29510.25,1535
2026-09-04T02:00:00+05:30,29510.25,29516.75,29508,29510.75,925
2026-09-04T02:15:00+05:30,29511.25,29512.75,29499.25,29502.25,1406
2026-09-04T03:30:00+05:30,29505,29509,29482,29485.25,1318
2026-09-04T03:45:00+05:30,29485.5,29496,29484.75,29490,640
2026-09-04T04:00:00+05:30,29491,29498.5,29490,29494.25,441
2026-09-04T04:15:00+05:30,29495.75,29512.75,29493.5,29508.75,801
2026-09-04T04:30:00+05:30,29508.25,29511.5,29500.5,29503.25,647
2026-09-04T04:45:00+05:30,29503,29509.5,29498.25,29507.25,400
2026-09-04T05:00:00+05:30,29507,29511,29501.25,29505,280
2026-09-04T05:15:00+05:30,29506.5,29516.75,29502.25,29504,801
2026-09-04T05:30:00+05:30,29503.75,29520.5,29495,29509.75,1496
2026-09-04T05:45:00+05:30,29510.25,29529,29505,29527.5,1547
2026-09-04T06:00:00+05:30,29527.75,29533.5,29519.25,29532.5,1157
2026-09-04T06:15:00+05:30,29532.5,29542.25,29530,29530.75,1042
2026-09-04T06:30:00+05:30,29530,29532.75,29517.75,29522.75,1197
2026-09-04T06:45:00+05:30,29523,29542.75,29516.25,29540.75,1477
2026-09-04T07:00:00+05:30,29539.5,29547.75,29534.5,29545,961
2026-09-04T07:15:00+05:30,29545.25,29548.75,29523.25,29548,1454
2026-09-04T07:30:00+05:30,29547.75,29553.25,29537.25,29550.25,829
2026-09-04T07:45:00+05:30,29549,29556.25,29547,29555,535
2026-09-04T08:00:00+05:30,29555.75,29566.5,29544,29546.5,1302
2026-09-04T08:15:00+05:30,29546.5,29568,29545.25,29564.5,977
2026-09-04T08:30:00+05:30,29563.25,29566.5,29557.25,29560.5,504
2026-09-04T08:45:00+05:30,29560.25,29578.25,29559.75,29569,1146
2026-09-04T09:00:00+05:30,29569.5,29578.75,29566.75,29568.5,683
2026-09-04T09:15:00+05:30,29567.5,29573.25,29563.75,29570.5,459
2026-09-04T09:30:00+05:30,29570.75,29577.75,29556.5,29575.5,902
2026-09-04T09:45:00+05:30,29576,29595,29567.5,29593,1270
2026-09-04T10:00:00+05:30,29592.25,29601.25,29585,29588,918
2026-09-04T10:15:00+05:30,29588.5,29599.75,29583.25,29598.25,628
2026-09-04T10:30:00+05:30,29597.5,29623.5,29593.75,29621.5,1542
2026-09-04T10:45:00+05:30,29621,29643,29620.25,29622.75,1848
2026-09-04T11:00:00+05:30,29622,29625.25,29605.5,29608.5,1162
2026-09-04T11:15:00+05:30,29609.25,29622,29591.5,29620.75,1607
2026-09-04T11:30:00+05:30,29620.25,29643.75,29617,29642.25,1892
2026-09-04T11:45:00+05:30,29641.75,29642.25,29622.5,29631.25,1333
2026-09-04T12:00:00+05:30,29631.5,29633,29595.75,29604,1550
2026-09-04T12:15:00+05:30,29603.5,29604,29574,29576.75,1191
2026-09-04T12:30:00+05:30,29577.75,29623.75,29575.25,29620,1882
2026-09-04T12:45:00+05:30,29619.5,29637.25,29607.25,29636.25,1077
2026-09-04T13:00:00+05:30,29635.75,29653,29628,29646.75,1766
2026-09-04T13:15:00+05:30,29646.5,29658.25,29641.25,29652.25,1118
2026-09-04T13:30:00+05:30,29653.75,29669.25,29635.5,29650.25,2473
2026-09-04T13:45:00+05:30,29650.75,29672,29645,29668.5,1202
2026-09-04T14:00:00+05:30,29670,29673,29643.75,29658.5,1007
2026-09-04T14:15:00+05:30,29658.25,29664.75,29647,29658.5,953
2026-09-04T14:30:00+05:30,29657.5,29658.25,29625.25,29628.5,1184
2026-09-04T14:45:00+05:30,29629.75,29642.5,29616.5,29624.5,1115
2026-09-04T15:00:00+05:30,29625.75,29647,29618.5,29643,833
2026-09-04T15:15:00+05:30,29644.5,29661.75,29643.5,29657.25,958
2026-09-04T15:30:00+05:30,29656.75,29668.75,29653.25,29661.5,977
2026-09-04T15:45:00+05:30,29660.75,29686,29658.5,29678.5,1252
2026-09-04T16:00:00+05:30,29676.5,29683.75,29668.5,29679.5,849
2026-09-04T16:15:00+05:30,29680,29704.5,29675.75,29680,1374
2026-09-04T16:30:00+05:30,29681.5,29686,29650.75,29660,1455
2026-09-04T16:45:00+05:30,29660.5,29676.75,29655.5,29662.5,981
2026-09-04T17:00:00+05:30,29663.75,29676.25,29661,29671.25,1045
2026-09-04T17:15:00+05:30,29671,29690,29666.5,29683.25,1211
2026-09-04T17:30:00+05:30,29682,29686.25,29627,29643.25,3575
2026-09-04T17:45:00+05:30,29642.25,29694,29631.75,29675.75,2703
2026-09-04T18:00:00+05:30,29674.25,29693.75,29531.25,29557.75,14629
2026-09-04T18:15:00+05:30,29557.25,29557.75,29502,29546.5,8897
2026-09-04T18:30:00+05:30,29547,29556.75,29523,29548.25,5671
2026-09-04T18:45:00+05:30,29548.25,29591,29546.75,29589,7109
2026-09-04T19:00:00+05:30,29588.25,29647,29554.5,29616.5,39281
2026-09-04T19:15:00+05:30,29616.25,29691.75,29577.5,29691,24396
2026-09-04T19:30:00+05:30,29690.5,29691,29594,29648,23326
2026-09-04T19:45:00+05:30,29648.5,29649.75,29564.75,29595.5,22877
2026-09-04T20:00:00+05:30,29596.25,29598.25,29531,29533.5,19292
2026-09-04T20:15:00+05:30,29533.25,29544.25,29498.75,29521,18948
2026-09-04T20:30:00+05:30,29520,29541.25,29497.25,29540.5,15471
2026-09-04T20:45:00+05:30,29540.75,29543,29484.25,29506.75,14632
2026-09-04T21:00:00+05:30,29506.75,29524.5,29478,29520.5,11572
2026-09-04T21:15:00+05:30,29520,29522.25,29487,29515,10099
2026-09-04T21:30:00+05:30,29514.75,29554.25,29505,29547.75,9809
2026-09-04T21:45:00+05:30,29548,29565.25,29536,29554,8195
2026-09-04T22:00:00+05:30,29554.5,29574,29548.75,29568,7898
2026-09-04T22:15:00+05:30,29568.25,29595.75,29565,29576,9323
2026-09-04T22:30:00+05:30,29576.25,29580.5,29531.75,29535.25,8904
2026-09-04T22:45:00+05:30,29534.75,29543.5,29504.25,29508,7818
2026-09-04T23:00:00+05:30,29508,29508.5,29474.75,29478.25,9535
2026-09-04T23:15:00+05:30,29479,29498.25,29468,29491.75,9184
2026-09-04T23:30:00+05:30,29491.5,29497.75,29471.25,29489,7849
2026-09-04T23:45:00+05:30,29488.25,29514.5,29484.5,29511,7232
2026-09-05T00:00:00+05:30,29511,29524.5,29504,29520.75,7234
2026-09-05T00:15:00+05:30,29521.25,29542.5,29520,29538.75,6041
2026-09-05T00:30:00+05:30,29538.75,29544,29506.75,29511.25,7328
2026-09-05T00:45:00+05:30,29511,29531.25,29510.5,29526.5,5263
2026-09-05T01:00:00+05:30,29526.5,29547.5,29519.25,29541,7595
2026-09-05T01:15:00+05:30,29540.75,29586.5,29540,29568.75,25062
2026-09-05T01:30:00+05:30,29568.25,29569,29529.5,29541.25,7713
2026-09-05T01:45:00+05:30,29541.25,29543.25,29529.75,29531.5,1193
2026-09-05T02:00:00+05:30,29531.75,29532,29514.5,29530.75,2126
2026-09-05T02:15:00+05:30,29530.5,29532.5,29519.5,29523,1967
2026-09-07T03:30:00+05:30,29535.25,29595.25,29534.75,29579.5,2127
2026-09-07T03:45:00+05:30,29578,29584.25,29574.5,29579.75,449
2026-09-07T04:00:00+05:30,29578.75,29584.75,29577.25,29580.5,378
2026-09-07T04:15:00+05:30,29580,29583.5,29576.75,29576.75,191
2026-09-07T04:30:00+05:30,29576.5,29579.75,29562.5,29564.75,604
2026-09-07T04:45:00+05:30,29564.25,29578,29542.75,29544,1039
2026-09-07T05:00:00+05:30,29543,29580.25,29541,29574,1450
2026-09-07T05:15:00+05:30,29575.25,29582.75,29547,29557.5,958
2026-09-07T05:30:00+05:30,29557.5,29583,29545,29571.5,1651
2026-09-07T05:45:00+05:30,29570,29578.5,29556.25,29563.5,1071
2026-09-07T06:00:00+05:30,29564.25,29572.5,29545.25,29564,1124
2026-09-07T06:15:00+05:30,29564,29574,29536,29537.25,1182
2026-09-07T06:30:00+05:30,29538.5,29571.75,29530.5,29556,1951
2026-09-07T06:45:00+05:30,29553.5,29580,29544.5,29579,1221
2026-09-07T07:00:00+05:30,29578.75,29595.75,29568.75,29584,1539
2026-09-07T07:15:00+05:30,29584.75,29594.75,29577.5,29593.5,796
2026-09-07T07:30:00+05:30,29595,29596,29576.5,29585.25,708
2026-09-07T07:45:00+05:30,29585.75,29591.5,29571.75,29588.25,532
2026-09-07T08:00:00+05:30,29586.75,29621.75,29586.75,29606.5,1161
2026-09-07T08:15:00+05:30,29607.5,29608.25,29575.25,29583.25,1085
2026-09-07T08:30:00+05:30,29583.5,29584.75,29572,29581.25,873
2026-09-07T08:45:00+05:30,29581.25,29604.5,29577.25,29601,924
2026-09-07T09:00:00+05:30,29600.25,29622.75,29590.25,29591,1326
2026-09-07T09:15:00+05:30,29591,29602.75,29584.25,29586,811
2026-09-07T09:30:00+05:30,29587,29596.75,29575.75,29590.5,883
2026-09-07T09:45:00+05:30,29591.5,29592.25,29574.25,29584,602
2026-09-07T10:00:00+05:30,29585,29587.75,29569.75,29578.75,672
2026-09-07T10:15:00+05:30,29579.75,29600.25,29578,29597.25,597
2026-09-07T10:30:00+05:30,29597.75,29602.5,29579,29585,966
2026-09-07T10:45:00+05:30,29585,29615.25,29578,29611.75,1138
2026-09-07T11:00:00+05:30,29611.75,29637.25,29608.75,29636.75,1192
2026-09-07T11:15:00+05:30,29636.75,29639,29606,29610.5,1191
2026-09-07T11:30:00+05:30,29610.75,29643,29609,29642.5,1368
2026-09-07T11:45:00+05:30,29641.75,29655,29632.5,29651.75,1587
2026-09-07T12:00:00+05:30,29653,29682.25,29648.5,29664,1627
2026-09-07T12:15:00+05:30,29664.5,29665.75,29645.75,29663.5,1188
2026-09-07T12:30:00+05:30,29663.75,29683.5,29656.5,29666.25,1337
2026-09-07T12:45:00+05:30,29667,29668.5,29636.75,29637.25,1031
2026-09-07T13:00:00+05:30,29639,29649.25,29617.25,29626.75,1193
2026-09-07T13:15:00+05:30,29626.75,29661,29622,29657.75,1370
2026-09-07T13:30:00+05:30,29658,29664.5,29638,29646.25,1217
2026-09-07T13:45:00+05:30,29646.5,29662,29644,29654.75,710
2026-09-07T14:00:00+05:30,29655.75,29663.5,29643,29644.5,939
2026-09-07T14:15:00+05:30,29645.25,29654.25,29636,29644.5,561
2026-09-07T14:30:00+05:30,29644.75,29655.25,29636.75,29638.25,528
2026-09-07T14:45:00+05:30,29638.25,29639.25,29614.25,29617,841
2026-09-07T15:00:00+05:30,29617,29625.25,29601.25,29619.75,769
2026-09-07T15:15:00+05:30,29619.25,29622.5,29603,29607.25,577
2026-09-07T15:30:00+05:30,29608,29618.5,29604.75,29617,568
2026-09-07T15:45:00+05:30,29616.25,29621.75,29611,29613.25,308
2026-09-07T16:00:00+05:30,29613.5,29618,29603.5,29611,403
2026-09-07T16:15:00+05:30,29610.5,29612,29569.25,29575.75,1628
2026-09-07T16:30:00+05:30,29574.5,29579.5,29547.75,29569.25,1936
2026-09-07T16:45:00+05:30,29570.5,29570.5,29535,29545.75,964
2026-09-07T17:00:00+05:30,29546.25,29566.75,29541,29556.5,792
2026-09-07T17:15:00+05:30,29556.5,29562.75,29543.75,29545,455
2026-09-07T17:30:00+05:30,29545.25,29567.25,29540.25,29541.75,806
2026-09-07T17:45:00+05:30,29541.75,29551.75,29535.5,29550,640
2026-09-07T18:00:00+05:30,29548.5,29565,29547.5,29560.5,908
2026-09-07T18:15:00+05:30,29560,29589.75,29559.5,29588.5,1440
2026-09-07T18:30:00+05:30,29588.75,29614,29576.5,29611.5,1376
2026-09-07T18:45:00+05:30,29611.5,29624.75,29596.5,29614.75,1769
2026-09-07T19:00:00+05:30,29614.75,29645.25,29604,29619.5,4101
2026-09-07T19:15:00+05:30,29620,29631.5,29613.25,29618.5,2129
2026-09-07T19:30:00+05:30,29618.5,29635,29603.75,29610,2634
2026-09-07T19:45:00+05:30,29610,29615.25,29601.25,29611,1483
2026-09-07T20:00:00+05:30,29612,29632.75,29600,29629.75,1991
2026-09-07T20:15:00+05:30,29629.25,29629.25,29589.25,29592.25,1872
2026-09-07T20:30:00+05:30,29591.75,29609.75,29583.25,29587.75,2128
2026-09-07T20:45:00+05:30,29587.75,29591.75,29563.5,29577.5,1975
2026-09-07T21:00:00+05:30,29578.25,29594.75,29575.75,29585.5,1675
2026-09-07T21:15:00+05:30,29584.75,29592.25,29577.25,29592.25,950
2026-09-07T21:30:00+05:30,29593,29605.5,29589.75,29605,1117
2026-09-07T21:45:00+05:30,29606,29611,29590.25,29595.25,913
2026-09-07T22:00:00+05:30,29595.25,29612.25,29592,29608.5,816
2026-09-07T22:15:00+05:30,29607.25,29613.5,29594.5,29603.5,1068
2026-09-08T03:30:00+05:30,29611.5,29622,29571.25,29582.25,1509
2026-09-08T03:45:00+05:30,29583,29587.75,29555,29557.75,1087
2026-09-08T04:00:00+05:30,29556.5,29561.75,29540,29556.75,1344
2026-09-08T04:15:00+05:30,29557,29562,29544.5,29558.5,868
2026-09-08T04:30:00+05:30,29556.5,29558,29541.25,29546.75,761
2026-09-08T04:45:00+05:30,29546.75,29550.5,29525,29542.25,1717
2026-09-08T05:00:00+05:30,29541,29589.5,29533.5,29586.25,1953
2026-09-08T05:15:00+05:30,29586.5,29599,29577,29584.5,1464
2026-09-08T05:30:00+05:30,29583.5,29605.75,29575,29592.5,2824
2026-09-08T05:45:00+05:30,29592.5,29629.5,29577.75,29627.5,3736
2026-09-08T06:00:00+05:30,29628.25,29640.5,29621.25,29632,1519
2026-09-08T06:15:00+05:30,29632.75,29642,29630.75,29631.5,1109
2026-09-08T06:30:00+05:30,29632.75,29661.75,29611.75,29658.25,3261
2026-09-08T06:45:00+05:30,29658.5,29662,29645.75,29651.75,1232
2026-09-08T07:00:00+05:30,29652.75,29688.5,29645.25,29675.75,2231
2026-09-08T07:15:00+05:30,29675.25,29709.5,29671.5,29706,2218
2026-09-08T07:30:00+05:30,29706.25,29715.5,29689,29707.75,2144
2026-09-08T07:45:00+05:30,29707,29722.75,29701.5,29713.5,1398
2026-09-08T08:00:00+05:30,29714.5,29714.75,29686.25,29687,1298
2026-09-08T08:15:00+05:30,29686.5,29697.25,29660.25,29660.5,1860
2026-09-08T08:30:00+05:30,29661.5,29694.25,29660.75,29690,1628
2026-09-08T08:45:00+05:30,29689,29734.75,29687.75,29733,1975
2026-09-08T09:00:00+05:30,29732.5,29740,29722,29731,2053
2026-09-08T09:15:00+05:30,29730.5,29747,29726.5,29743.75,1378
2026-09-08T09:30:00+05:30,29742.75,29749.75,29730.5,29740.25,1182
2026-09-08T09:45:00+05:30,29739.75,29752,29734,29745.5,985
2026-09-08T10:00:00+05:30,29746.25,29764,29728.25,29758.75,1945
2026-09-08T10:15:00+05:30,29758.25,29764.75,29731,29737.25,1632
2026-09-08T10:30:00+05:30,29738.5,29739.75,29680,29683.5,2964
2026-09-08T10:45:00+05:30,29685.5,29733.25,29675,29678.75,2830
2026-09-08T11:00:00+05:30,29679.5,29685.25,29631.75,29636.75,4011
2026-09-08T11:15:00+05:30,29636.5,29647.5,29610,29612.25,2731
2026-09-08T11:30:00+05:30,29612.25,29622.25,29581.75,29591,3738
2026-09-08T11:45:00+05:30,29588.75,29591.75,29545.5,29576.25,3467
2026-09-08T12:00:00+05:30,29576.25,29613.5,29558.25,29608,3333
2026-09-08T12:15:00+05:30,29608.75,29620.25,29580.5,29600.25,2256
2026-09-08T12:30:00+05:30,29601,29638.75,29586.5,29609.5,3018
2026-09-08T12:45:00+05:30,29609.5,29628.75,29595.5,29623.75,2094
2026-09-08T13:00:00+05:30,29622.75,29624.5,29550,29562.5,2733
2026-09-08T13:15:00+05:30,29564.5,29566.75,29529.75,29535.5,1899
2026-09-08T13:30:00+05:30,29534.5,29541.25,29477.75,29512.5,5809
2026-09-08T13:45:00+05:30,29512.75,29530.25,29496,29499.75,2483
2026-09-08T14:00:00+05:30,29499.5,29525.75,29490.5,29502,1791
2026-09-08T14:15:00+05:30,29502.25,29533,29489.5,29507,2248
2026-09-08T14:30:00+05:30,29507,29546.25,29484.5,29545.75,1896
2026-09-08T14:45:00+05:30,29544,29549.25,29528.75,29547.75,1039
2026-09-08T15:00:00+05:30,29549.25,29587,29542.75,29568,2555
2026-09-08T15:15:00+05:30,29568,29600.5,29566.75,29599.75,1366
2026-09-08T15:30:00+05:30,29600,29600,29572.75,29584.5,1268
2026-09-08T15:45:00+05:30,29584.25,29649,29583.25,29607.75,3048
2026-09-08T16:00:00+05:30,29607.75,29608.25,29581.75,29592.75,1312
2026-09-08T16:15:00+05:30,29591.25,29592.5,29546.5,29568,2458
2026-09-08T16:30:00+05:30,29568.5,29583.75,29533.5,29547,2780
2026-09-08T16:45:00+05:30,29546.75,29576.5,29545,29562.25,1478
2026-09-08T17:00:00+05:30,29563,29575.5,29546,29547,1297
2026-09-08T17:15:00+05:30,29547,29601.75,29538.5,29601,2619
2026-09-08T17:30:00+05:30,29601,29601,29551.25,29555,2363
2026-09-08T17:45:00+05:30,29555.75,29595.5,29548,29595.5,2180
2026-09-08T18:00:00+05:30,29595.25,29627,29591,29615,3318
2026-09-08T18:15:00+05:30,29615,29654.75,29604.25,29654,3260
2026-09-08T18:30:00+05:30,29653.75,29660,29634.5,29658.5,3759
2026-09-08T18:45:00+05:30,29659,29668.25,29635.75,29644.75,5755
2026-09-08T19:00:00+05:30,29645,29686.5,29467,29474,45062
2026-09-08T19:15:00+05:30,29474.25,29538.5,29455.25,29502.75,31493
2026-09-08T19:30:00+05:30,29503.25,29512.5,29424.75,29462.5,27946
2026-09-08T19:45:00+05:30,29462.25,29524.75,29458.5,29516.75,18391
2026-09-08T20:00:00+05:30,29516,29538,29490,29530,13134
2026-09-08T20:15:00+05:30,29530.75,29563.5,29511.75,29563,14359
2026-09-08T20:30:00+05:30,29563,29610,29545.5,29602.75,13350
2026-09-08T20:45:00+05:30,29603,29639.5,29581,29609,16482
2026-09-08T21:00:00+05:30,29609.25,29645.25,29595.5,29641.5,10702
2026-09-08T21:15:00+05:30,29641.5,29644,29599,29604.25,10198
2026-09-08T21:30:00+05:30,29604.25,29622,29577.5,29589.5,9073
2026-09-08T21:45:00+05:30,29588.75,29604.5,29562.5,29567.75,9308
2026-09-08T22:00:00+05:30,29568.5,29584.5,29561.75,29575.5,7425
2026-09-08T22:15:00+05:30,29575,29609.25,29549.5,29573.5,11742
2026-09-08T22:30:00+05:30,29572.75,29641.5,29572,29628.75,9485
2026-09-08T22:45:00+05:30,29628,29633.5,29606.25,29615.75,6007
2026-09-08T23:00:00+05:30,29616.5,29632.5,29598,29599.5,5970
2026-09-08T23:15:00+05:30,29600,29613.25,29588.75,29590,5480
2026-09-08T23:30:00+05:30,29590.5,29613.5,29587,29605.25,6455
2026-09-08T23:45:00+05:30,29605,29615.5,29588.5,29597,5905
2026-09-09T00:00:00+05:30,29597.25,29604.5,29578,29602.75,6637
2026-09-09T00:15:00+05:30,29603.25,29611,29519.75,29576.25,18185
2026-09-09T00:30:00+05:30,29576.25,29586.25,29560.25,29574.75,7629
2026-09-09T00:45:00+05:30,29575,29579.25,29544.75,29564,6129
2026-09-09T01:00:00+05:30,29564.5,29566.25,29543.5,29549,6258
2026-09-09T01:15:00+05:30,29549,29552.75,29496,29543.5,31174
2026-09-09T01:30:00+05:30,29543,29550.75,29506,29524.25,8224
2026-09-09T01:45:00+05:30,29524.25,29528.25,29506.5,29507.75,2732
2026-09-09T02:00:00+05:30,29507.5,29524.75,29503.5,29521.25,1510
2026-09-09T02:15:00+05:30,29522,29527.25,29518.5,29525.75,908
2026-09-09T03:30:00+05:30,29526.5,29539.25,29503,29521.75,1747
2026-09-09T03:45:00+05:30,29521.75,29529,29508,29521.5,1102
2026-09-09T04:00:00+05:30,29522.25,29530,29516,29527.5,592
2026-09-09T04:15:00+05:30,29527.5,29547,29526.75,29544.75,808
2026-09-09T04:30:00+05:30,29544.5,29546.5,29529.5,29531.5,673
2026-09-09T04:45:00+05:30,29531.25,29531.25,29513,29516.75,1051
2026-09-09T05:00:00+05:30,29515.75,29519.25,29501.5,29506.25,897
2026-09-09T05:15:00+05:30,29507,29512,29489.75,29498.5,1859
2026-09-09T05:30:00+05:30,29500.75,29561.75,29499.5,29539,3592
2026-09-09T05:45:00+05:30,29539.75,29539.75,29516,29525.25,2319
2026-09-09T06:00:00+05:30,29523.75,29540,29509,29537.75,1868
2026-09-09T06:15:00+05:30,29538.25,29564,29532.25,29559.75,1967
2026-09-09T06:30:00+05:30,29559.75,29581,29555.75,29574.5,2424
2026-09-09T06:45:00+05:30,29575.25,29599.5,29569.5,29590,2802
2026-09-09T07:00:00+05:30,29589.75,29607.5,29577.5,29593.25,2154
2026-09-09T07:15:00+05:30,29593.25,29608.5,29581.5,29593.25,1518
2026-09-09T07:30:00+05:30,29593.5,29612.5,29589,29594.25,1612
2026-09-09T07:45:00+05:30,29594.5,29604.25,29583.25,29601,1317
2026-09-09T08:00:00+05:30,29601.5,29624.75,29596.75,29620.75,1880
2026-09-09T08:15:00+05:30,29620.25,29625.5,29606.25,29611,1032
2026-09-09T08:30:00+05:30,29611.5,29613.75,29583.75,29591,1778
2026-09-09T08:45:00+05:30,29590.5,29603.5,29589,29596.5,1129
2026-09-09T09:00:00+05:30,29597.75,29604.25,29587,29591,930
2026-09-09T09:15:00+05:30,29589.25,29591.5,29560.5,29562,1826
2026-09-09T09:30:00+05:30,29562.75,29586.5,29549,29557,2397
2026-09-09T09:45:00+05:30,29556.5,29593,29553.5,29581.25,1561
2026-09-09T10:00:00+05:30,29580.25,29607,29573,29603.75,1168
2026-09-09T10:15:00+05:30,29604.25,29620.25,29600,29614,1125
2026-09-09T10:30:00+05:30,29614.5,29616.25,29597,29605.5,1019
2026-09-09T10:45:00+05:30,29604.75,29604.75,29565.75,29580.25,1912
2026-09-09T11:00:00+05:30,29580.75,29592,29562,29576.5,1458
2026-09-09T11:15:00+05:30,29578.75,29621.5,29573.75,29621.25,1349
2026-09-09T11:30:00+05:30,29621.75,29632.25,29604.25,29629.25,2098
2026-09-09T11:45:00+05:30,29629.25,29633.75,29586.5,29593.75,1500
2026-09-09T12:00:00+05:30,29592.75,29614,29588,29611.75,1305
2026-09-09T12:15:00+05:30,29612.25,29612.5,29578,29579.5,1564
2026-09-09T12:30:00+05:30,29581.5,29611.5,29561.25,29572.25,2537
2026-09-09T12:45:00+05:30,29572.25,29613,29558,29612.25,2557
2026-09-09T13:00:00+05:30,29611.75,29614,29590,29594.25,1270
2026-09-09T13:15:00+05:30,29596.25,29597,29565.25,29588,1469
2026-09-09T13:30:00+05:30,29589.5,29609,29576,29582.25,2092
2026-09-09T13:45:00+05:30,29583,29594.25,29566.75,29587.75,1359
2026-09-09T14:00:00+05:30,29585.75,29592.75,29540.25,29541.75,2311
2026-09-09T14:15:00+05:30,29543,29571.75,29538.75,29564.75,1392
2026-09-09T14:30:00+05:30,29565,29575,29532.5,29550.5,1678
2026-09-09T14:45:00+05:30,29550.5,29557,29514.5,29528.5,1529
2026-09-09T15:00:00+05:30,29528.5,29539.25,29471.25,29479,2722
2026-09-09T15:15:00+05:30,29479,29485.5,29388.75,29400.5,5198
2026-09-09T15:30:00+05:30,29401,29424.75,29371.75,29395.75,4920
2026-09-09T15:45:00+05:30,29395,29432.25,29381.75,29419,2926
2026-09-09T16:00:00+05:30,29417.75,29432,29396.25,29397.5,2177
2026-09-09T16:15:00+05:30,29397.5,29405,29368.25,29391.5,3272
2026-09-09T16:30:00+05:30,29392,29430.25,29378,29407.25,2969
2026-09-09T16:45:00+05:30,29409.5,29430.5,29377.75,29418.5,2605
2026-09-09T17:00:00+05:30,29418,29419.25,29376.5,29377.5,2327
2026-09-09T17:15:00+05:30,29378.5,29452,29376.75,29396.75,5076
2026-09-09T17:30:00+05:30,29397,29400.5,29334.75,29337,4988
2026-09-09T17:45:00+05:30,29337.25,29366.5,29333,29351.75,3465
2026-09-09T18:00:00+05:30,29351.75,29384.25,29343.5,29381.75,3334
2026-09-09T18:15:00+05:30,29381.25,29404,29381.25,29390.5,3105
2026-09-09T18:30:00+05:30,29390.75,29408.5,29382.5,29403.75,3445
2026-09-09T18:45:00+05:30,29403,29458.5,29398.75,29455,6257
2026-09-09T19:00:00+05:30,29455.25,29503.75,29418.25,29478.75,36772
2026-09-09T19:15:00+05:30,29479,29567.25,29456.5,29558.5,26901
2026-09-09T19:30:00+05:30,29558.25,29593.75,29531.25,29562.25,21292
2026-09-09T19:45:00+05:30,29561.25,29561.75,29459.5,29535.5,26942
2026-09-09T20:00:00+05:30,29535,29543.5,29494.25,29537.5,14231
2026-09-09T20:15:00+05:30,29537.25,29541.75,29500,29528.25,11698
2026-09-09T20:30:00+05:30,29528.75,29562.25,29386.25,29399,28944
2026-09-09T20:45:00+05:30,29398.5,29454.5,29358,29390.5,22455
2026-09-09T21:00:00+05:30,29390.25,29482.5,29388,29438,20576
2026-09-09T21:15:00+05:30,29438.75,29467,29424.25,29448,9918
2026-09-09T21:30:00+05:30,29448.25,29462,29410.75,29414.75,8855
2026-09-09T21:45:00+05:30,29414.25,29416.75,29386.75,29399.5,8975
2026-09-09T22:00:00+05:30,29399.75,29455.5,29397.75,29455,9133
2026-09-09T22:15:00+05:30,29454.75,29478,29441,29458,9298
2026-09-09T22:30:00+05:30,29457.5,29482.5,29446,29476.25,9122
2026-09-09T22:45:00+05:30,29476.5,29483.75,29449.5,29450.25,6172
2026-09-09T23:00:00+05:30,29450.75,29462,29428.25,29455.25,6452
2026-09-09T23:15:00+05:30,29455.75,29483.5,29455.75,29468.75,5756
2026-09-09T23:30:00+05:30,29468.25,29471.75,29441.25,29442.25,4611
2026-09-09T23:45:00+05:30,29441.25,29462.25,29436.75,29453.5,6354
2026-09-10T00:00:00+05:30,29453.5,29469.5,29445.75,29466.75,5118
2026-09-10T00:15:00+05:30,29466.25,29474,29446.25,29447.5,5842
2026-09-10T00:30:00+05:30,29448,29455.25,29430.5,29449,6106
2026-09-10T00:45:00+05:30,29449.5,29471.25,29449.5,29451.5,4455
2026-09-10T01:00:00+05:30,29452.25,29457.5,29436.75,29447,5647
2026-09-10T01:15:00+05:30,29447.25,29458.5,29423.25,29454.5,20632
2026-09-10T01:30:00+05:30,29455,29459.25,29428.75,29451.25,8041
2026-09-10T01:45:00+05:30,29451.5,29454.75,29448.25,29450,1298
2026-09-10T02:00:00+05:30,29449.75,29459,29447.25,29454.5,1118
2026-09-10T02:15:00+05:30,29455,29460,29449,29460,1156
2026-09-10T03:30:00+05:30,29458.5,29472.75,29425.5,29428.75,2155
2026-09-10T03:45:00+05:30,29428.75,29434,29423.75,29429,645
2026-09-10T04:00:00+05:30,29429.5,29437.5,29428.75,29433.75,303
2026-09-10T04:15:00+05:30,29434,29438,29425.75,29431.5,354
2026-09-10T04:30:00+05:30,29430.5,29432.75,29419.25,29422,557
2026-09-10T04:45:00+05:30,29421.25,29435,29416.25,29427.5,759
2026-09-10T05:00:00+05:30,29428.75,29431.5,29425,29429.75,289
2026-09-10T05:15:00+05:30,29432,29470.75,29428.25,29463.5,1761
2026-09-10T05:30:00+05:30,29464.5,29480.25,29440.75,29449.5,2376
2026-09-10T05:45:00+05:30,29449.75,29477.75,29448.5,29473.75,1981
2026-09-10T06:00:00+05:30,29474,29475.75,29441.75,29456.5,1580
2026-09-10T06:15:00+05:30,29456.25,29456.25,29408,29412,2617
2026-09-10T06:30:00+05:30,29413.5,29426.25,29389,29399.75,2756
2026-09-10T06:45:00+05:30,29400.25,29415.25,29372.5,29375.75,2831
2026-09-10T07:00:00+05:30,29374.25,29404.25,29364,29400.5,2315
2026-09-10T07:15:00+05:30,29399.75,29417.25,29385,29410.5,2268
2026-09-10T07:30:00+05:30,29411,29412,29376.25,29395.5,1766
2026-09-10T07:45:00+05:30,29395.5,29396.25,29373,29378.5,1205
2026-09-10T08:00:00+05:30,29379,29422.25,29376,29414.75,1484
2026-09-10T08:15:00+05:30,29413.75,29423.25,29406.25,29418.25,1088
2026-09-10T08:30:00+05:30,29418.75,29437,29416.75,29420.5,1285
2026-09-10T08:45:00+05:30,29420.5,29428.75,29388.25,29405.25,1541
2026-09-10T09:00:00+05:30,29404.75,29416,29392.25,29413,1006
2026-09-10T09:15:00+05:30,29415,29431,29411.75,29427.75,1115
2026-09-10T09:30:00+05:30,29428,29436.25,29422.5,29428,979
2026-09-10T09:45:00+05:30,29428.25,29437.5,29423.5,29434.5,685
2026-09-10T10:00:00+05:30,29433.75,29447.25,29431,29434.75,891
2026-09-10T10:15:00+05:30,29434.25,29462.5,29432.5,29458.75,1225
2026-09-10T10:30:00+05:30,29459.5,29469.75,29448.5,29461.75,1168
2026-09-10T10:45:00+05:30,29460.5,29493.5,29454.75,29490.25,1706
2026-09-10T11:00:00+05:30,29491,29498.5,29481,29487.5,1102
2026-09-10T11:15:00+05:30,29487.5,29508.25,29465,29484.75,1540
2026-09-10T11:30:00+05:30,29484,29492.5,29453.25,29455.5,1750
2026-09-10T11:45:00+05:30,29455.75,29473,29435.25,29472,2129
2026-09-10T12:00:00+05:30,29473.5,29488.75,29468.5,29479,1193
2026-09-10T12:15:00+05:30,29479.75,29491.25,29466.75,29476.25,1118
2026-09-10T12:30:00+05:30,29476.75,29478.25,29450.75,29470,1367
2026-09-10T12:45:00+05:30,29471,29473,29433,29435.25,1175
2026-09-10T13:00:00+05:30,29434.75,29445.5,29417.25,29444.75,1626
2026-09-10T13:15:00+05:30,29443.75,29455.5,29436.5,29445,1176
2026-09-10T13:30:00+05:30,29443.75,29460.25,29431,29432.25,1732
2026-09-10T13:45:00+05:30,29433.5,29453.25,29424.5,29449.5,1156
2026-09-10T14:00:00+05:30,29449,29457,29413,29416.75,1559
2026-09-10T14:15:00+05:30,29417.75,29428,29405.25,29414,1131
2026-09-10T14:30:00+05:30,29412.5,29431,29406.75,29415.5,1006
2026-09-10T14:45:00+05:30,29416.75,29419.75,29392.5,29397,976
2026-09-10T15:00:00+05:30,29395.5,29396,29359.25,29391.75,2124
2026-09-10T15:15:00+05:30,29390.75,29420,29390.75,29406.5,1503
2026-09-10T15:30:00+05:30,29405.75,29418,29388.75,29396.5,1142
2026-09-10T15:45:00+05:30,29394.5,29409.75,29385.25,29391,1070
2026-09-10T16:00:00+05:30,29391,29404.5,29363.5,29392.25,1557
2026-09-10T16:15:00+05:30,29392,29423.75,29363.75,29376,2713
2026-09-10T16:30:00+05:30,29375,29376,29326.75,29343.25,3295
2026-09-10T16:45:00+05:30,29343.25,29349.25,29331.5,29336,1426
2026-09-10T17:00:00+05:30,29337.5,29364,29335.75,29345.75,1643
2026-09-10T17:15:00+05:30,29345.5,29352.5,29262.75,29264.5,4787
2026-09-10T17:30:00+05:30,29264.25,29278.25,29232.75,29258.25,5212
2026-09-10T17:45:00+05:30,29260,29262.75,29211,29237.5,4799
2026-09-10T18:00:00+05:30,29229,29251.75,29082,29102.5,18283
2026-09-10T18:15:00+05:30,29103.75,29106,29043.25,29056.5,11585
2026-09-10T18:30:00+05:30,29058,29098.25,29054.75,29068.75,9418
2026-09-10T18:45:00+05:30,29069,29090.25,29043.75,29089,9740
2026-09-10T19:00:00+05:30,29089.5,29200,29057.5,29138,51294
2026-09-10T19:15:00+05:30,29138.25,29203.25,29088.5,29099.75,31052
2026-09-10T19:30:00+05:30,29099.5,29178.75,29097.25,29139.75,25173
2026-09-10T19:45:00+05:30,29139.5,29263,29111,29205.75,32876
2026-09-10T20:00:00+05:30,29206.25,29275,29204.75,29237.25,20048
2026-09-10T20:15:00+05:30,29236,29264.75,29210,29263.25,15961
2026-09-10T20:30:00+05:30,29263.25,29265,29214,29243.75,15536
2026-09-10T20:45:00+05:30,29243.25,29256,29197.5,29236,13045
2026-09-10T21:00:00+05:30,29236.75,29272.75,29217.25,29251.5,11830
2026-09-10T21:15:00+05:30,29251.25,29256.75,29186,29205,12635
2026-09-10T21:30:00+05:30,29205,29231.5,29165.75,29181.25,10812
2026-09-10T21:45:00+05:30,29180.5,29202,29161.75,29177,8701
2026-09-10T22:00:00+05:30,29176.75,29215.75,29133.75,29208,15094
2026-09-10T22:15:00+05:30,29208.25,29242.75,29204.5,29232.5,11572
2026-09-10T22:30:00+05:30,29232.75,29267.5,29212.75,29225.5,10021
2026-09-10T22:45:00+05:30,29225.75,29233,29199.5,29209.25,6565
2026-09-10T23:00:00+05:30,29209,29214.75,29175.5,29202.5,7882
2026-09-10T23:15:00+05:30,29202.5,29205.25,29183.25,29186,5748
2026-09-10T23:30:00+05:30,29186.25,29199.75,29148.25,29159.75,9280
2026-09-10T23:45:00+05:30,29159.75,29180.25,29148.75,29158.5,7278
2026-09-11T00:00:00+05:30,29157.75,29176.25,29146.25,29173.5,5686
2026-09-11T00:15:00+05:30,29173,29199,29151,29174.25,8847
2026-09-11T00:30:00+05:30,29174.25,29176,29141,29156.5,10011
2026-09-11T00:45:00+05:30,29157.25,29164.5,29136,29160,6153
2026-09-11T01:00:00+05:30,29158.75,29169.25,29144.25,29158,7394
2026-09-11T01:15:00+05:30,29158,29168.5,29123.25,29138,24880
2026-09-11T01:30:00+05:30,29138.25,29156.75,29123,29153.25,6946
2026-09-11T01:45:00+05:30,29153.75,29156,29142.25,29144.5,1887
2026-09-11T02:00:00+05:30,29145.5,29153,29144.25,29151.5,1089
2026-09-11T02:15:00+05:30,29152,29154.5,29128,29143.25,1329
2026-09-11T03:30:00+05:30,29141,29156.75,29134.5,29143.25,1346
2026-09-11T03:45:00+05:30,29144.5,29157.5,29117.25,29118,1386
2026-09-11T04:00:00+05:30,29117.25,29122.75,29104.25,29105.5,1317
2026-09-11T04:15:00+05:30,29105.75,29116.25,29098.75,29107.5,1090
2026-09-11T04:30:00+05:30,29106.25,29115,29100,29109.5,765
2026-09-11T04:45:00+05:30,29110.25,29111.5,29096.75,29102.75,608
2026-09-11T05:00:00+05:30,29103,29111.5,29097.75,29106.75,754
2026-09-11T05:15:00+05:30,29105.75,29107,29062.5,29064.75,2075
2026-09-11T05:30:00+05:30,29065,29127.75,29063.25,29108.5,3461
2026-09-11T05:45:00+05:30,29109.75,29144.75,29095,29138.5,2330
2026-09-11T06:00:00+05:30,29138.25,29166.25,29118,29123.75,3086
2026-09-11T06:15:00+05:30,29124.5,29163.5,29123.5,29161,1283
2026-09-11T06:30:00+05:30,29159.75,29171.5,29146.5,29148.25,1961
2026-09-11T06:45:00+05:30,29149.5,29150,29124.75,29125.5,1674
2026-09-11T07:00:00+05:30,29126.5,29138.25,29109,29118.5,1662
2026-09-11T07:15:00+05:30,29119.75,29130,29103.5,29128.75,1371
2026-09-11T07:30:00+05:30,29129.5,29138.5,29120.75,29131.75,1384
2026-09-11T07:45:00+05:30,29131.25,29132,29098.5,29107.25,1825
2026-09-11T08:00:00+05:30,29107.25,29109.25,29082.25,29086.5,1775
2026-09-11T08:15:00+05:30,29086.25,29111.5,29083.25,29093.25,1389
2026-09-11T08:30:00+05:30,29092,29096.75,29061.75,29076,1660
2026-09-11T08:45:00+05:30,29076.75,29084,29062.75,29071.25,1164
2026-09-11T09:00:00+05:30,29071.5,29089.5,29048.5,29085.5,2186
2026-09-11T09:15:00+05:30,29086.5,29088.25,29050.75,29059.5,1582
2026-09-11T09:30:00+05:30,29058.75,29094.75,29040.5,29093.25,3403
2026-09-11T09:45:00+05:30,29093.75,29126.5,29075.75,29123.75,1887
2026-09-11T10:00:00+05:30,29124.25,29140.25,29116.75,29137,1383
2026-09-11T10:15:00+05:30,29137.75,29151.5,29120.75,29125,1470
2026-09-11T10:30:00+05:30,29124.5,29161.25,29119.5,29158.25,1784
2026-09-11T10:45:00+05:30,29159,29165,29130,29134,1254
2026-09-11T11:00:00+05:30,29134,29195.25,29133.75,29191,2046
2026-09-11T11:15:00+05:30,29191,29242.75,29176.5,29233.25,2912
2026-09-11T11:30:00+05:30,29233,29248.5,29216,29244.25,2278
2026-09-11T11:45:00+05:30,29245,29252,29222.25,29224.5,1599
2026-09-11T12:00:00+05:30,29225.25,29239,29215.5,29228.5,1663
2026-09-11T12:15:00+05:30,29228.5,29261.5,29228.5,29255,1672
2026-09-11T12:30:00+05:30,29254.25,29268.75,29249.25,29257,1652
2026-09-11T12:45:00+05:30,29258.75,29264,29235.75,29235.75,1308
2026-09-11T13:00:00+05:30,29235.75,29247.5,29229,29235.25,1046
2026-09-11T13:15:00+05:30,29235.25,29245.75,29225,29242.5,1043
2026-09-11T13:30:00+05:30,29242.5,29272,29224.5,29244.75,2613
2026-09-11T13:45:00+05:30,29245,29318,29239.25,29269.75,3476
2026-09-11T14:00:00+05:30,29271,29313.75,29270.75,29289.75,1549
2026-09-11T14:15:00+05:30,29291.5,29326,29287,29322.75,1595
2026-09-11T14:30:00+05:30,29324.25,29334,29292.5,29294.25,1986
2026-09-11T14:45:00+05:30,29293,29315.25,29289.5,29304,1221
2026-09-11T15:00:00+05:30,29304.75,29315.5,29301.75,29308,580
2026-09-11T15:15:00+05:30,29307.75,29326.5,29303.75,29319,717
2026-09-11T15:30:00+05:30,29319.25,29339.75,29285.25,29326.25,2171
2026-09-11T15:45:00+05:30,29326.5,29329.75,29307.75,29314.25,1060
2026-09-11T16:00:00+05:30,29314.25,29328.75,29309.5,29315.75,841
2026-09-11T16:15:00+05:30,29316,29318.25,29305.5,29309.25,881
2026-09-11T16:30:00+05:30,29310.5,29315,29289.5,29293.5,1441
2026-09-11T16:45:00+05:30,29294.25,29324.75,29290.25,29312.75,1380
2026-09-11T17:00:00+05:30,29313,29332.25,29296.75,29330.25,1730
2026-09-11T17:15:00+05:30,29330.25,29337.5,29319.5,29323.25,1173
2026-09-11T17:30:00+05:30,29324.25,29336.75,29304,29323.75,2452
2026-09-11T17:45:00+05:30,29324.25,29399,29318.5,29389.75,4349
2026-09-11T18:00:00+05:30,29385,29399.5,29204,29356.5,17667
2026-09-11T18:15:00+05:30,29357.25,29475.75,29343,29469.5,10555
2026-09-11T18:30:00+05:30,29468.75,29500.25,29434.75,29443.5,10344
2026-09-11T18:45:00+05:30,29442.75,29452.25,29414.75,29418,7549
2026-09-11T19:00:00+05:30,29417.5,29440,29347.25,29433.75,48890
2026-09-11T19:15:00+05:30,29434,29480.75,29379.25,29472.75,29635
2026-09-11T19:30:00+05:30,29473,29473.25,29365,29397.75,31157
2026-09-11T19:45:00+05:30,29397,29467.5,29373.25,29451,16956
2026-09-11T20:00:00+05:30,29451.25,29455.25,29353.25,29372,20973
2026-09-11T20:15:00+05:30,29372.75,29401,29334,29369.75,22671
2026-09-11T20:30:00+05:30,29370.75,29432.5,29361,29393.5,14694
2026-09-11T20:45:00+05:30,29393.75,29493.25,29393.75,29485,15065
2026-09-11T21:00:00+05:30,29485.25,29499.75,29462.75,29478,11334
2026-09-11T21:15:00+05:30,29478.25,29478.75,29441.25,29450,9569
2026-09-11T21:30:00+05:30,29450.25,29485.25,29445,29448,7908
2026-09-11T21:45:00+05:30,29447.75,29452.25,29397.75,29402.75,10823
2026-09-11T22:00:00+05:30,29402,29441.5,29392,29432,11400
2026-09-11T22:15:00+05:30,29431.25,29437.75,29413.25,29436.75,5273
2026-09-11T22:30:00+05:30,29437,29464.75,29435.75,29437.5,8320
2026-09-11T22:45:00+05:30,29438.25,29479,29438,29463.5,6532
2026-09-11T23:00:00+05:30,29463.25,29478,29457.5,29462.25,5568
2026-09-11T23:15:00+05:30,29462.5,29468.5,29447.75,29452.5,3829
2026-09-11T23:30:00+05:30,29452.25,29460.5,29437.5,29441,4360
2026-09-11T23:45:00+05:30,29441.5,29446.75,29417,29441.5,9306
2026-09-12T00:00:00+05:30,29442,29459,29432,29437.75,5259
2026-09-12T00:15:00+05:30,29438,29444.75,29425.75,29429.5,5765
2026-09-12T00:30:00+05:30,29429.5,29433.25,29405.25,29416,6749
2026-09-12T00:45:00+05:30,29415,29427.5,29411.5,29415,6331
2026-09-12T01:00:00+05:30,29414.25,29427,29411.5,29424,5826
2026-09-12T01:15:00+05:30,29423.75,29428.5,29378.75,29386.75,24271
2026-09-12T01:30:00+05:30,29386.25,29393,29376.25,29381.25,6875
2026-09-12T01:45:00+05:30,29381.5,29387.25,29376.5,29384.5,994
2026-09-12T02:00:00+05:30,29384.75,29396.5,29384.25,29389.25,1438
2026-09-12T02:15:00+05:30,29389.25,29397.5,29383.25,29391.75,1101