time,open,high,low,close,Volume
2026-05-07T11:30:00+05:30,28720.0,28731.5,28697.0,28697.0,1448
2026-05-07T11:45:00+05:30,28696.5,28724.0,28695.0,28711.75,900
2026-05-07T12:00:00+05:30,28711.0,28748.75,28710.0,28743.5,1777
2026-05-07T12:15:00+05:30,28742.25,28743.25,28713.5,28737.5,1526
2026-05-07T12:30:00+05:30,28737.25,28800.0,28728.5,28798.25,4784
2026-05-07T12:45:00+05:30,28799.5,28805.25,28752.25,28771.0,3072
2026-05-07T13:00:00+05:30,28771.25,28798.75,28767.75,28791.25,1984
2026-05-07T13:15:00+05:30,28792.75,28792.75,28766.0,28777.5,1506
2026-05-07T13:30:00+05:30,28779.5,28814.5,28762.25,28769.0,2918
2026-05-07T13:45:00+05:30,28769.0,28771.25,28733.75,28746.5,2896
2026-05-07T14:00:00+05:30,28747.25,28764.0,28741.25,28742.0,1471
2026-05-07T14:15:00+05:30,28741.5,28753.5,28728.75,28736.75,1430
2026-05-07T14:30:00+05:30,28736.25,28743.0,28711.0,28732.75,2011
2026-05-07T14:45:00+05:30,28733.5,28762.5,28731.0,28747.5,1614
2026-05-07T15:00:00+05:30,28748.5,28754.5,28738.75,28743.0,987
2026-05-07T15:15:00+05:30,28742.5,28762.5,28721.75,28730.25,1682
2026-05-07T15:30:00+05:30,28729.75,28736.0,28690.25,28715.5,2164
2026-05-07T15:45:00+05:30,28717.25,28731.25,28704.5,28723.0,1212
2026-05-07T16:00:00+05:30,28722.5,28742.75,28717.0,28741.25,1332
2026-05-07T16:15:00+05:30,28741.25,28743.0,28724.5,28727.0,1015
2026-05-07T16:30:00+05:30,28728.0,28751.0,28720.0,28720.5,2326
2026-05-07T16:45:00+05:30,28720.5,28734.5,28710.5,28712.75,2013
2026-05-07T17:00:00+05:30,28713.75,28740.25,28705.25,28732.0,1798
2026-05-07T17:15:00+05:30,28731.0,28739.0,28712.5,28732.0,1757
2026-05-07T17:30:00+05:30,28732.25,28746.25,28717.0,28741.75,2997
2026-05-07T17:45:00+05:30,28740.25,28742.25,28718.5,28740.5,2265
2026-05-07T18:00:00+05:30,28740.0,28759.5,28729.25,28753.25,2957
2026-05-07T18:15:00+05:30,28753.75,28760.75,28738.75,28755.25,2106
2026-05-07T18:30:00+05:30,28755.25,28755.25,28727.25,28743.25,3917
2026-05-07T18:45:00+05:30,28743.0,28764.0,28740.25,28750.25,5370
2026-05-07T19:00:00+05:30,28750.0,28782.5,28720.75,28742.0,31680
2026-05-07T19:15:00+05:30,28741.5,28803.0,28708.0,28781.5,32102
2026-05-07T19:30:00+05:30,28781.5,28848.75,28779.0,28837.0,24792
2026-05-07T19:45:00+05:30,28836.75,28902.5,28822.5,28874.0,24124
2026-05-07T20:00:00+05:30,28874.25,28915.0,28860.25,28899.25,15846
2026-05-07T20:15:00+05:30,28899.25,28944.75,28870.25,28928.0,17764
2026-05-07T20:30:00+05:30,28928.5,28930.5,28847.0,28862.5,20688
2026-05-07T20:45:00+05:30,28862.75,28883.0,28823.75,28853.75,18725
2026-05-07T21:00:00+05:30,28854.5,28896.5,28850.5,28880.0,13871
2026-05-07T21:15:00+05:30,28879.5,28887.0,28772.75,28784.25,18065
2026-05-07T21:30:00+05:30,28785.5,28788.25,28692.0,28700.0,25577
2026-05-07T21:45:00+05:30,28700.5,28748.25,28637.0,28740.5,32062
2026-05-07T22:00:00+05:30,28740.5,28776.25,28706.25,28725.75,18439
2026-05-07T22:15:00+05:30,28725.75,28735.25,28661.0,28696.75,14908
2026-05-07T22:30:00+05:30,28697.5,28713.5,28653.25,28669.0,14793
2026-05-07T22:45:00+05:30,28668.0,28698.75,28552.0,28608.25,32111
2026-05-07T23:00:00+05:30,28608.5,28688.75,28590.5,28645.5,18640
2026-05-07T23:15:00+05:30,28645.5,28705.75,28605.0,28696.5,18151
2026-05-07T23:30:00+05:30,28696.75,28721.5,28654.0,28677.25,16977
2026-05-07T23:45:00+05:30,28679.25,28707.5,28642.5,28654.0,12453
2026-05-08T00:00:00+05:30,28654.25,28691.0,28594.25,28610.0,14510
2026-05-08T00:15:00+05:30,28608.5,28648.75,28582.75,28644.75,19661
2026-05-08T00:30:00+05:30,28645.0,28663.25,28616.0,28652.75,11280
2026-05-08T00:45:00+05:30,28653.25,28657.25,28586.75,28611.5,15303
2026-05-08T01:00:00+05:30,28611.75,28685.25,28608.75,28679.0,9839
2026-05-08T01:15:00+05:30,28679.5,28708.75,28648.0,28684.25,27215
2026-05-08T01:30:00+05:30,28684.25,28766.25,28652.25,28711.5,14081
2026-05-08T01:45:00+05:30,28711.5,28725.25,28703.0,28710.5,2410
2026-05-08T02:00:00+05:30,28711.0,28720.5,28636.5,28673.5,5309
2026-05-08T02:15:00+05:30,28672.75,28688.5,28633.0,28644.0,2985
2026-05-08T03:30:00+05:30,28582.0,28643.25,28541.0,28627.25,4259
2026-05-08T03:45:00+05:30,28626.75,28670.75,28616.5,28659.0,3109
2026-05-08T04:00:00+05:30,28662.0,28663.25,28606.75,28621.5,2148
2026-05-08T04:15:00+05:30,28622.75,28626.5,28602.25,28614.5,1070
2026-05-08T04:30:00+05:30,28615.25,28641.75,28607.75,28628.0,924
2026-05-08T04:45:00+05:30,28629.25,28649.0,28625.5,28644.5,577
2026-05-08T05:00:00+05:30,28646.0,28654.75,28636.25,28654.0,570
2026-05-08T05:15:00+05:30,28654.5,28679.75,28646.0,28679.5,1145
2026-05-08T05:30:00+05:30,28679.75,28731.75,28679.75,28719.5,2521
2026-05-08T05:45:00+05:30,28717.0,28725.25,28693.0,28710.75,1760
2026-05-08T06:00:00+05:30,28710.25,28741.25,28708.5,28734.75,1210
2026-05-08T06:15:00+05:30,28735.25,28747.5,28713.5,28744.75,1395
2026-05-08T06:30:00+05:30,28744.75,28770.0,28744.0,28767.75,2023
2026-05-08T06:45:00+05:30,28766.75,28782.25,28757.25,28771.75,1778
2026-05-08T07:00:00+05:30,28772.5,28777.25,28764.75,28769.0,930
2026-05-08T07:15:00+05:30,28769.75,28780.0,28758.0,28760.5,844
2026-05-08T07:30:00+05:30,28761.0,28764.0,28749.75,28754.75,980
2026-05-08T07:45:00+05:30,28754.0,28755.0,28727.75,28744.5,1611
2026-05-08T08:00:00+05:30,28744.0,28755.0,28709.5,28739.0,2224
2026-05-08T08:15:00+05:30,28738.75,28773.25,28738.5,28747.5,1291
2026-05-08T08:30:00+05:30,28748.25,28760.5,28744.0,28751.5,546
2026-05-08T08:45:00+05:30,28753.0,28759.25,28743.75,28753.0,464
2026-05-08T09:00:00+05:30,28752.5,28770.75,28748.25,28758.0,748
2026-05-08T09:15:00+05:30,28758.5,28776.75,28754.25,28773.75,704
2026-05-08T09:30:00+05:30,28773.75,28785.75,28763.75,28772.25,713
2026-05-08T09:45:00+05:30,28772.5,28780.5,28760.0,28774.25,687
2026-05-08T10:00:00+05:30,28774.5,28778.0,28758.25,28764.25,436
2026-05-08T10:15:00+05:30,28763.75,28796.0,28761.25,28779.0,892
2026-05-08T10:30:00+05:30,28780.25,28795.0,28779.25,28787.5,811
2026-05-08T10:45:00+05:30,28787.5,28800.0,28786.0,28796.5,851
2026-05-08T11:00:00+05:30,28797.0,28829.5,28797.0,28811.25,1798
2026-05-08T11:15:00+05:30,28810.25,28815.5,28802.75,28804.5,625
2026-05-08T11:30:00+05:30,28803.75,28824.0,28783.5,28813.75,1531
2026-05-08T11:45:00+05:30,28814.25,28833.0,28807.0,28826.25,1142
2026-05-08T12:00:00+05:30,28827.25,28830.5,28810.25,28827.25,1098
2026-05-08T12:15:00+05:30,28826.0,28838.5,28814.5,28836.25,933
2026-05-08T12:30:00+05:30,28835.5,28837.0,28803.5,28810.5,2041
2026-05-08T12:45:00+05:30,28811.25,28834.0,28809.25,28824.5,1454
2026-05-08T13:00:00+05:30,28824.25,28829.0,28810.75,28822.25,1107
2026-05-08T13:15:00+05:30,28823.5,28833.25,28815.0,28828.0,1293
2026-05-08T13:30:00+05:30,28827.75,28869.0,28824.25,28847.75,2714
2026-05-08T13:45:00+05:30,28847.75,28867.0,28845.75,28859.0,1528
2026-05-08T14:00:00+05:30,28858.25,28866.5,28844.25,28847.25,1199
2026-05-08T14:15:00+05:30,28846.0,28862.75,28842.75,28862.0,1246
2026-05-08T14:30:00+05:30,28863.0,28890.0,28860.5,28883.0,2067
2026-05-08T14:45:00+05:30,28882.75,28897.0,28876.75,28888.25,1531
2026-05-08T15:00:00+05:30,28888.25,28889.0,28855.75,28858.0,1735
2026-05-08T15:15:00+05:30,28858.0,28861.25,28831.5,28852.25,1882
2026-05-08T15:30:00+05:30,28851.5,28864.75,28851.25,28855.75,926
2026-05-08T15:45:00+05:30,28856.5,28879.75,28856.5,28869.25,1073
2026-05-08T16:00:00+05:30,28868.5,28890.0,28865.5,28880.0,1192
2026-05-08T16:15:00+05:30,28880.0,28880.0,28841.25,28863.5,2387
2026-05-08T16:30:00+05:30,28864.0,28885.5,28864.0,28881.75,2002
2026-05-08T16:45:00+05:30,28881.25,28895.25,28872.5,28892.25,1554
2026-05-08T17:00:00+05:30,28893.25,28900.5,28888.5,28894.75,1579
2026-05-08T17:15:00+05:30,28894.25,28915.0,28894.25,28898.5,2102
2026-05-08T17:30:00+05:30,28897.75,28903.5,28881.25,28886.5,2096
2026-05-08T17:45:00+05:30,28886.5,28906.25,28877.0,28906.25,2110
2026-05-08T18:00:00+05:30,28900.25,28976.0,28890.0,28961.0,10068
2026-05-08T18:15:00+05:30,28961.5,28962.0,28898.0,28912.25,6542
2026-05-08T18:30:00+05:30,28911.5,28928.0,28862.75,28879.0,7069
2026-05-08T18:45:00+05:30,28879.0,28893.5,28863.5,28876.75,6738
2026-05-08T19:00:00+05:30,28878.5,28998.0,28859.5,28997.0,33902
2026-05-08T19:15:00+05:30,28997.25,29111.25,28996.75,29107.25,29010
2026-05-08T19:30:00+05:30,29106.5,29129.0,29075.5,29100.75,25937
2026-05-08T19:45:00+05:30,29099.75,29166.0,29087.5,29111.25,20947
2026-05-08T20:00:00+05:30,29111.0,29138.0,29073.5,29137.5,18890
2026-05-08T20:15:00+05:30,29137.25,29175.25,29125.0,29162.0,14186
2026-05-08T20:30:00+05:30,29162.25,29187.5,29147.0,29155.5,13665
2026-05-08T20:45:00+05:30,29154.75,29185.0,29124.75,29183.75,13684
2026-05-08T21:00:00+05:30,29183.75,29216.5,29153.25,29183.75,18242
2026-05-08T21:15:00+05:30,29185.0,29217.75,29176.5,29191.5,13831
2026-05-08T21:30:00+05:30,29191.0,29227.0,29190.25,29219.0,10848
2026-05-08T21:45:00+05:30,29218.5,29244.75,29210.0,29241.75,8963
2026-05-08T22:00:00+05:30,29241.5,29243.5,29195.5,29198.0,10963
2026-05-08T22:15:00+05:30,29197.75,29247.75,29196.75,29241.0,11249
2026-05-08T22:30:00+05:30,29241.25,29296.25,29235.0,29284.0,14337
2026-05-08T22:45:00+05:30,29283.75,29316.75,29282.25,29305.75,11317
2026-05-08T23:00:00+05:30,29305.5,29317.5,29276.5,29279.5,10597
2026-05-08T23:15:00+05:30,29279.75,29298.0,29254.75,29264.25,12207
2026-05-08T23:30:00+05:30,29264.25,29305.5,29259.5,29288.75,12585
2026-05-08T23:45:00+05:30,29288.5,29294.75,29270.25,29286.75,5341
2026-05-09T00:00:00+05:30,29286.25,29292.75,29267.75,29273.75,5330
2026-05-09T00:15:00+05:30,29274.75,29280.75,29237.75,29240.5,10956
2026-05-09T00:30:00+05:30,29240.5,29304.0,29238.5,29294.25,9533
2026-05-09T00:45:00+05:30,29294.5,29306.0,29261.0,29262.0,9484
2026-05-09T01:00:00+05:30,29262.0,29303.75,29256.25,29300.5,10340
2026-05-09T01:15:00+05:30,29300.75,29341.0,29294.75,29339.75,33880
2026-05-09T01:30:00+05:30,29339.5,29386.75,29333.25,29343.75,15828
2026-05-09T01:45:00+05:30,29343.75,29352.5,29331.5,29343.75,3491
2026-05-09T02:00:00+05:30,29343.5,29346.75,29335.75,29341.0,2097
2026-05-09T02:15:00+05:30,29340.25,29348.75,29330.25,29333.75,2431
2026-05-11T03:30:00+05:30,29294.0,29320.0,29250.0,29271.25,4981
2026-05-11T03:45:00+05:30,29274.25,29276.25,29225.75,29272.75,2855
2026-05-11T04:00:00+05:30,29274.0,29277.5,29253.75,29269.5,1584
2026-05-11T04:15:00+05:30,29269.0,29299.25,29266.75,29294.5,1833
2026-05-11T04:30:00+05:30,29293.75,29342.0,29290.5,29321.5,3344
2026-05-11T04:45:00+05:30,29321.5,29346.25,29299.25,29304.0,2085
2026-05-11T05:00:00+05:30,29303.25,29314.0,29291.0,29310.0,2052
2026-05-11T05:15:00+05:30,29310.25,29317.25,29296.0,29305.0,2320
2026-05-11T05:30:00+05:30,29304.5,29373.75,29303.5,29369.25,4321
2026-05-11T05:45:00+05:30,29369.5,29395.0,29347.0,29387.75,4088
2026-05-11T06:00:00+05:30,29387.5,29399.75,29382.25,29388.0,2553
2026-05-11T06:15:00+05:30,29387.75,29389.75,29264.75,29295.75,6581
2026-05-11T06:30:00+05:30,29295.0,29305.5,29245.0,29294.75,5211
2026-05-11T06:45:00+05:30,29295.5,29340.5,29278.0,29317.5,3619
2026-05-11T07:00:00+05:30,29317.0,29337.0,29303.0,29331.25,2604
2026-05-11T07:15:00+05:30,29332.25,29353.0,29324.75,29339.25,3340
2026-05-11T07:30:00+05:30,29338.75,29358.0,29322.5,29340.0,3196
2026-05-11T07:45:00+05:30,29340.25,29353.75,29326.0,29350.0,1051
2026-05-11T08:00:00+05:30,29350.0,29361.0,29326.75,29351.25,1795
2026-05-11T08:15:00+05:30,29352.0,29357.0,29336.25,29337.25,931
2026-05-11T08:30:00+05:30,29337.5,29340.5,29310.75,29323.0,2070
2026-05-11T08:45:00+05:30,29323.0,29341.5,29315.25,29339.25,1782
2026-05-11T09:00:00+05:30,29340.25,29348.25,29322.75,29345.25,1920
2026-05-11T09:15:00+05:30,29344.25,29345.75,29322.0,29324.75,707
2026-05-11T09:30:00+05:30,29324.25,29326.25,29293.0,29309.5,1402
2026-05-11T09:45:00+05:30,29308.25,29336.5,29308.25,29330.75,943
2026-05-11T10:00:00+05:30,29332.0,29338.0,29328.0,29334.0,625
2026-05-11T10:15:00+05:30,29334.25,29344.25,29329.75,29342.25,570
2026-05-11T10:30:00+05:30,29342.25,29347.5,29331.0,29336.5,818
2026-05-11T10:45:00+05:30,29336.75,29356.25,29329.25,29342.25,1721
2026-05-11T11:00:00+05:30,29342.0,29353.25,29318.25,29322.25,1363
2026-05-11T11:15:00+05:30,29319.75,29333.0,29317.5,29321.75,979
2026-05-11T11:30:00+05:30,29321.5,29345.75,29320.5,29338.5,1053
2026-05-11T11:45:00+05:30,29338.75,29354.0,29323.25,29345.75,1474
2026-05-11T12:00:00+05:30,29343.75,29348.25,29311.25,29316.5,1468
2026-05-11T12:15:00+05:30,29315.75,29325.5,29300.25,29321.5,1644
2026-05-11T12:30:00+05:30,29322.0,29325.75,29296.0,29298.25,2045
2026-05-11T12:45:00+05:30,29299.0,29322.25,29287.5,29311.75,1660
2026-05-11T13:00:00+05:30,29312.75,29330.0,29300.0,29311.75,1541
2026-05-11T13:15:00+05:30,29312.25,29326.0,29310.5,29322.5,974
2026-05-11T13:30:00+05:30,29322.5,29330.75,29268.75,29278.25,2626
2026-05-11T13:45:00+05:30,29280.0,29314.5,29267.0,29267.0,2101
2026-05-11T14:00:00+05:30,29267.75,29293.75,29263.25,29291.75,1789
2026-05-11T14:15:00+05:30,29292.0,29315.75,29289.25,29298.0,1133
2026-05-11T14:30:00+05:30,29297.0,29331.75,29295.0,29315.25,1605
2026-05-11T14:45:00+05:30,29314.75,29336.5,29311.25,29320.25,1532
2026-05-11T15:00:00+05:30,29319.5,29342.25,29319.5,29339.0,1628
2026-05-11T15:15:00+05:30,29339.75,29366.0,29315.0,29315.5,3898
2026-05-11T15:30:00+05:30,29315.25,29333.5,29308.5,29314.5,1431
2026-05-11T15:45:00+05:30,29311.5,29318.0,29297.75,29312.75,1143
2026-05-11T16:00:00+05:30,29313.25,29315.0,29291.5,29301.5,1721
2026-05-11T16:15:00+05:30,29302.0,29312.75,29289.25,29301.25,1572
2026-05-11T16:30:00+05:30,29301.5,29343.0,29300.75,29341.5,2575
2026-05-11T16:45:00+05:30,29341.5,29377.75,29334.25,29372.25,3114
2026-05-11T17:00:00+05:30,29373.25,29389.0,29345.25,29347.0,2669
2026-05-11T17:15:00+05:30,29347.75,29350.0,29324.25,29347.75,2130
2026-05-11T17:30:00+05:30,29349.0,29353.25,29296.75,29301.0,3778
2026-05-11T17:45:00+05:30,29301.0,29317.5,29278.0,29307.75,4225
2026-05-11T18:00:00+05:30,29307.0,29315.0,29270.25,29271.0,3487
2026-05-11T18:15:00+05:30,29271.25,29298.25,29259.25,29297.75,6059
2026-05-11T18:30:00+05:30,29297.0,29313.5,29285.0,29307.25,3933
2026-05-11T18:45:00+05:30,29307.25,29309.75,29281.75,29305.25,5256
2026-05-11T19:00:00+05:30,29305.25,29434.75,29281.5,29399.25,42890
2026-05-11T19:15:00+05:30,29399.75,29414.0,29300.75,29310.25,26351
2026-05-11T19:30:00+05:30,29311.25,29405.0,29307.75,29400.5,19789
2026-05-11T19:45:00+05:30,29400.5,29417.75,29274.5,29285.0,19692
2026-05-11T20:00:00+05:30,29286.25,29374.0,29246.75,29365.0,24998
2026-05-11T20:15:00+05:30,29365.5,29412.25,29357.25,29391.5,15440
2026-05-11T20:30:00+05:30,29390.75,29408.5,29362.25,29369.0,11131
2026-05-11T20:45:00+05:30,29370.25,29429.5,29359.75,29427.0,11961
2026-05-11T21:00:00+05:30,29427.0,29443.5,29405.75,29421.25,14200
2026-05-11T21:15:00+05:30,29420.25,29475.25,29416.25,29465.25,13754
2026-05-11T21:30:00+05:30,29465.25,29480.0,29456.25,29479.25,9573
2026-05-11T21:45:00+05:30,29479.5,29479.75,29446.25,29465.0,8868
2026-05-11T22:00:00+05:30,29464.5,29477.5,29369.0,29414.5,15192
2026-05-11T22:15:00+05:30,29413.5,29431.0,29396.0,29405.0,9511
2026-05-11T22:30:00+05:30,29404.5,29432.5,29382.75,29390.25,8752
2026-05-11T22:45:00+05:30,29389.5,29441.0,29377.25,29436.75,9500
2026-05-11T23:00:00+05:30,29436.25,29474.0,29435.5,29467.5,8730
2026-05-11T23:15:00+05:30,29468.5,29476.5,29439.75,29441.5,8821
2026-05-11T23:30:00+05:30,29442.0,29475.0,29440.75,29464.25,7214
2026-05-11T23:45:00+05:30,29463.25,29475.0,29448.25,29472.0,7110
2026-05-12T00:00:00+05:30,29471.75,29471.75,29437.0,29446.5,7989
2026-05-12T00:15:00+05:30,29446.25,29452.0,29386.0,29387.75,10080
2026-05-12T00:30:00+05:30,29388.75,29434.5,29376.0,29416.0,13825
2026-05-12T00:45:00+05:30,29416.25,29419.5,29371.25,29382.0,11905
2026-05-12T01:00:00+05:30,29381.75,29408.5,29371.5,29382.25,11701
2026-05-12T01:15:00+05:30,29382.0,29431.75,29376.5,29429.25,24911
2026-05-12T01:30:00+05:30,29428.5,29430.0,29314.75,29391.0,12627
2026-05-12T01:45:00+05:30,29391.0,29404.5,29376.25,29399.25,2679
2026-05-12T02:00:00+05:30,29398.25,29413.0,29397.75,29402.0,2042
2026-05-12T02:15:00+05:30,29402.0,29406.25,29389.5,29400.0,1468
2026-05-12T03:30:00+05:30,29399.0,29430.0,29398.0,29427.5,1374
2026-05-12T03:45:00+05:30,29427.5,29438.0,29424.0,29435.5,1157
2026-05-12T04:00:00+05:30,29434.5,29452.25,29433.0,29450.25,1147
2026-05-12T04:15:00+05:30,29450.0,29455.75,29439.75,29444.5,1216
2026-05-12T04:30:00+05:30,29446.5,29449.0,29435.5,29438.5,912
2026-05-12T04:45:00+05:30,29438.5,29453.0,29422.0,29451.5,1045
2026-05-12T05:00:00+05:30,29450.0,29454.0,29440.0,29445.5,588
2026-05-12T05:15:00+05:30,29444.25,29445.0,29418.25,29428.25,1185
2026-05-12T05:30:00+05:30,29428.25,29428.25,29384.0,29393.25,2554
2026-05-12T05:45:00+05:30,29393.0,29404.25,29353.25,29378.75,2494
2026-05-12T06:00:00+05:30,29378.0,29401.5,29363.75,29375.25,2073
2026-05-12T06:15:00+05:30,29374.5,29390.75,29372.25,29378.5,1058
2026-05-12T06:30:00+05:30,29378.5,29392.0,29365.5,29367.0,1214
2026-05-12T06:45:00+05:30,29366.5,29366.5,29315.5,29316.5,2911
2026-05-12T07:00:00+05:30,29317.25,29330.75,29227.0,29270.25,6407
2026-05-12T07:15:00+05:30,29270.0,29311.25,29264.25,29270.0,5354
2026-05-12T07:30:00+05:30,29270.5,29344.25,29260.0,29340.25,4086
2026-05-12T07:45:00+05:30,29340.75,29341.75,29310.5,29333.0,2677
2026-05-12T08:00:00+05:30,29330.75,29336.0,29304.75,29322.5,1750
2026-05-12T08:15:00+05:30,29325.5,29365.25,29323.5,29361.25,2404
2026-05-12T08:30:00+05:30,29361.5,29364.0,29322.0,29339.25,1968
2026-05-12T08:45:00+05:30,29341.5,29347.0,29330.0,29337.5,769
2026-05-12T09:00:00+05:30,29339.5,29346.5,29335.0,29338.0,599
2026-05-12T09:15:00+05:30,29337.25,29342.0,29320.25,29323.5,1062
2026-05-12T09:30:00+05:30,29325.25,29335.75,29315.0,29320.0,1277
2026-05-12T09:45:00+05:30,29321.0,29337.5,29319.25,29327.5,886
2026-05-12T10:00:00+05:30,29327.25,29333.5,29318.0,29324.0,656
2026-05-12T10:15:00+05:30,29324.75,29327.0,29282.5,29282.75,1394
2026-05-12T10:30:00+05:30,29282.75,29303.0,29277.0,29280.0,1354
2026-05-12T10:45:00+05:30,29281.25,29301.75,29272.0,29297.0,1203
2026-05-12T11:00:00+05:30,29296.5,29298.75,29271.0,29274.5,1155
2026-05-12T11:15:00+05:30,29275.25,29298.25,29275.25,29282.5,931
2026-05-12T11:30:00+05:30,29282.25,29292.25,29260.75,29274.5,1517
2026-05-12T11:45:00+05:30,29275.5,29283.75,29246.25,29251.0,1407
2026-05-12T12:00:00+05:30,29253.0,29260.5,29235.0,29244.25,1309
2026-05-12T12:15:00+05:30,29244.5,29254.0,29214.0,29219.5,2041
2026-05-12T12:30:00+05:30,29219.25,29223.0,29176.0,29215.75,4056
2026-05-12T12:45:00+05:30,29217.25,29254.5,29213.0,29228.0,2827
2026-05-12T13:00:00+05:30,29229.75,29254.5,29229.75,29238.25,1639
2026-05-12T13:15:00+05:30,29239.0,29252.0,29232.75,29240.0,1212
2026-05-12T13:30:00+05:30,29240.75,29245.25,29181.75,29182.5,3030
2026-05-12T13:45:00+05:30,29181.25,29221.75,29174.0,29218.5,3002
2026-05-12T14:00:00+05:30,29219.25,29225.5,29199.0,29199.0,1797
2026-05-12T14:15:00+05:30,29198.75,29215.25,29185.0,29214.0,1990
2026-05-12T14:30:00+05:30,29213.75,29224.75,29175.25,29208.0,2601
2026-05-12T14:45:00+05:30,29208.5,29219.75,29195.25,29207.25,1468
2026-05-12T15:00:00+05:30,29208.5,29246.5,29208.5,29215.0,3520
2026-05-12T15:15:00+05:30,29217.25,29235.0,29210.0,29221.0,1131
2026-05-12T15:30:00+05:30,29221.5,29250.25,29217.25,29238.25,1878
2026-05-12T15:45:00+05:30,29238.0,29240.25,29216.0,29225.0,1132
2026-05-12T16:00:00+05:30,29225.5,29227.5,29184.5,29195.0,2107
2026-05-12T16:15:00+05:30,29194.0,29213.75,29188.0,29207.75,1707
2026-05-12T16:30:00+05:30,29207.5,29217.0,29145.0,29153.5,5717
2026-05-12T16:45:00+05:30,29153.5,29167.0,29133.0,29162.75,3083
2026-05-12T17:00:00+05:30,29163.0,29184.75,29153.5,29172.0,2740
2026-05-12T17:15:00+05:30,29172.25,29183.75,29164.75,29166.25,1594
2026-05-12T17:30:00+05:30,29165.75,29168.75,29121.25,29165.25,3710
2026-05-12T17:45:00+05:30,29166.5,29166.5,29127.0,29144.25,3080
2026-05-12T18:00:00+05:30,29159.5,29228.75,29113.0,29202.75,12017
2026-05-12T18:15:00+05:30,29204.0,29232.25,29201.75,29224.0,4279
2026-05-12T18:30:00+05:30,29222.75,29237.0,29204.75,29216.5,6118
2026-05-12T18:45:00+05:30,29216.75,29220.75,29185.0,29213.25,8152
2026-05-12T19:00:00+05:30,29213.0,29285.75,29143.0,29284.75,44419
2026-05-12T19:15:00+05:30,29285.25,29296.0,29109.75,29129.5,40522
2026-05-12T19:30:00+05:30,29129.0,29194.75,29088.25,29190.75,35653
2026-05-12T19:45:00+05:30,29191.75,29228.25,29081.0,29085.0,23839
2026-05-12T20:00:00+05:30,29085.75,29127.0,29006.5,29082.0,31566
2026-05-12T20:15:00+05:30,29083.0,29084.5,29000.0,29014.25,21143
2026-05-12T20:30:00+05:30,29013.75,29031.0,28964.25,28965.25,21307
2026-05-12T20:45:00+05:30,28966.5,28969.5,28856.5,28875.75,29447
2026-05-12T21:00:00+05:30,28875.75,28945.25,28869.0,28928.5,19988
2026-05-12T21:15:00+05:30,28929.5,28940.25,28828.5,28839.75,16084
2026-05-12T21:30:00+05:30,28840.0,28913.5,28811.0,28908.75,17920
2026-05-12T21:45:00+05:30,28908.75,28911.75,28828.0,28839.0,13530
2026-05-12T22:00:00+05:30,28839.5,28846.5,28769.5,28791.0,16360
2026-05-12T22:15:00+05:30,28791.25,28805.25,28742.0,28749.0,16801
2026-05-12T22:30:00+05:30,28749.5,28843.75,28749.0,28840.25,16294
2026-05-12T22:45:00+05:30,28839.75,28929.75,28838.25,28888.25,18300
2026-05-12T23:00:00+05:30,28888.75,28929.0,28876.75,28899.75,12462
2026-05-12T23:15:00+05:30,28900.0,28925.0,28877.75,28920.5,10213
2026-05-12T23:30:00+05:30,28920.25,28949.25,28911.25,28947.0,12956
2026-05-12T23:45:00+05:30,28946.75,29002.5,28931.5,28991.0,15177
2026-05-13T00:00:00+05:30,28990.75,29007.25,28972.5,28979.25,11535
2026-05-13T00:15:00+05:30,28979.5,29007.0,28947.5,28956.0,14221
2026-05-13T00:30:00+05:30,28956.25,29050.0,28955.75,29040.0,13010
2026-05-13T00:45:00+05:30,29040.25,29064.0,29014.5,29047.5,13046
2026-05-13T01:00:00+05:30,29047.5,29132.0,29047.0,29127.5,15767
2026-05-13T01:15:00+05:30,29127.75,29188.25,29112.25,29174.25,32331
2026-05-13T01:30:00+05:30,29174.5,29176.0,29103.0,29124.75,12866
2026-05-13T01:45:00+05:30,29125.0,29141.5,29106.25,29123.75,3677
2026-05-13T02:00:00+05:30,29124.0,29135.5,29108.0,29130.25,2430
2026-05-13T02:15:00+05:30,29129.5,29151.0,29128.0,29134.25,1613
2026-05-13T03:30:00+05:30,29143.75,29170.0,29133.5,29164.0,1882
2026-05-13T03:45:00+05:30,29163.0,29187.0,29162.0,29170.75,1254
2026-05-13T04:00:00+05:30,29169.0,29179.75,29165.25,29166.75,770
2026-05-13T04:15:00+05:30,29167.75,29176.0,29141.25,29142.5,1159
2026-05-13T04:30:00+05:30,29142.0,29158.75,29129.75,29136.75,2127
2026-05-13T04:45:00+05:30,29138.25,29143.75,29126.5,29129.5,1001
2026-05-13T05:00:00+05:30,29129.5,29129.5,29077.5,29088.25,1827
2026-05-13T05:15:00+05:30,29087.25,29112.75,29082.0,29082.0,2177
2026-05-13T05:30:00+05:30,29081.75,29115.5,29055.5,29087.0,3119
2026-05-13T05:45:00+05:30,29085.0,29157.0,29082.25,29122.25,3120
2026-05-13T06:00:00+05:30,29122.25,29145.75,29094.25,29135.5,1984
2026-05-13T06:15:00+05:30,29134.75,29148.75,29113.75,29145.25,1407
2026-05-13T06:30:00+05:30,29144.0,29187.75,29142.25,29183.25,2442
2026-05-13T06:45:00+05:30,29184.0,29197.0,29165.25,29195.75,2308
2026-05-13T07:00:00+05:30,29194.25,29203.25,29172.5,29202.5,2232
2026-05-13T07:15:00+05:30,29202.5,29260.25,29202.0,29214.75,5058
2026-05-13T07:30:00+05:30,29214.75,29240.5,29202.25,29216.75,2742
2026-05-13T07:45:00+05:30,29216.5,29237.25,29213.25,29234.25,1059
2026-05-13T08:00:00+05:30,29235.25,29240.0,29220.0,29226.5,800
2026-05-13T08:15:00+05:30,29227.25,29232.0,29211.0,29223.0,1169
2026-05-13T08:30:00+05:30,29222.25,29226.5,29203.25,29205.25,1174
2026-05-13T08:45:00+05:30,29206.5,29239.25,29205.5,29237.25,937
2026-05-13T09:00:00+05:30,29237.0,29264.75,29236.75,29262.75,1452
2026-05-13T09:15:00+05:30,29262.25,29262.25,29239.0,29249.0,1481
2026-05-13T09:30:00+05:30,29248.75,29266.0,29244.0,29262.5,1272
2026-05-13T09:45:00+05:30,29262.75,29281.25,29260.5,29276.75,1146
2026-05-13T10:00:00+05:30,29276.0,29297.75,29259.5,29278.5,1744
2026-05-13T10:15:00+05:30,29278.75,29295.25,29278.0,29287.5,1159
2026-05-13T10:30:00+05:30,29287.0,29310.0,29275.5,29295.0,2008
2026-05-13T10:45:00+05:30,29294.75,29307.5,29284.75,29298.0,1304
2026-05-13T11:00:00+05:30,29299.75,29304.0,29287.75,29292.25,908
2026-05-13T11:15:00+05:30,29292.75,29297.75,29285.0,29297.0,729
2026-05-13T11:30:00+05:30,29296.25,29323.5,29290.75,29322.75,1594
2026-05-13T11:45:00+05:30,29322.5,29352.0,29311.25,29315.75,3110
2026-05-13T12:00:00+05:30,29315.0,29327.5,29309.0,29313.75,1182
2026-05-13T12:15:00+05:30,29313.75,29313.75,29290.5,29309.0,1419
2026-05-13T12:30:00+05:30,29309.75,29322.75,29289.5,29310.25,1981
2026-05-13T12:45:00+05:30,29310.5,29322.5,29307.0,29316.5,1103
2026-05-13T13:00:00+05:30,29316.75,29363.25,29311.75,29355.5,2011
2026-05-13T13:15:00+05:30,29355.75,29371.5,29349.5,29370.25,1670
2026-05-13T13:30:00+05:30,29371.25,29432.0,29369.5,29423.25,4889
2026-05-13T13:45:00+05:30,29423.0,29447.0,29421.0,29436.25,2464
2026-05-13T14:00:00+05:30,29436.75,29447.0,29421.75,29435.0,1545
2026-05-13T14:15:00+05:30,29435.0,29438.25,29401.75,29412.75,1919
2026-05-13T14:30:00+05:30,29412.75,29412.75,29367.0,29380.0,2081
2026-05-13T14:45:00+05:30,29380.0,29392.75,29366.75,29388.0,1903
2026-05-13T15:00:00+05:30,29387.25,29418.75,29376.0,29414.0,1901
2026-05-13T15:15:00+05:30,29412.25,29426.5,29402.75,29421.0,993
2026-05-13T15:30:00+05:30,29421.0,29423.25,29390.25,29399.5,1522
2026-05-13T15:45:00+05:30,29400.5,29405.25,29381.25,29385.5,1647
2026-05-13T16:00:00+05:30,29387.5,29394.25,29367.5,29392.0,1753
2026-05-13T16:15:00+05:30,29391.5,29396.25,29380.5,29384.5,726
2026-05-13T16:30:00+05:30,29384.25,29394.5,29355.5,29366.75,2436
2026-05-13T16:45:00+05:30,29366.25,29376.5,29348.0,29359.5,1869
2026-05-13T17:00:00+05:30,29359.75,29385.0,29354.0,29371.25,2025
2026-05-13T17:15:00+05:30,29371.25,29380.0,29355.75,29370.0,1506
2026-05-13T17:30:00+05:30,29369.5,29404.75,29365.0,29374.25,2365
2026-05-13T17:45:00+05:30,29374.5,29375.0,29309.25,29360.0,4467
2026-05-13T18:00:00+05:30,29358.75,29360.75,29200.0,29248.0,15051
2026-05-13T18:15:00+05:30,29248.0,29264.5,29224.0,29236.25,7394
2026-05-13T18:30:00+05:30,29237.5,29294.75,29236.75,29288.75,5860
2026-05-13T18:45:00+05:30,29289.25,29304.75,29280.25,29288.0,5879
2026-05-13T19:00:00+05:30,29286.5,29288.5,29180.5,29210.5,41281
2026-05-13T19:15:00+05:30,29211.0,29225.75,29075.0,29169.25,42747
2026-05-13T19:30:00+05:30,29170.25,29193.0,29112.0,29172.75,25676
2026-05-13T19:45:00+05:30,29172.0,29268.5,29149.5,29237.25,23267
2026-05-13T20:00:00+05:30,29236.0,29280.5,29218.75,29265.25,19560
2026-05-13T20:15:00+05:30,29265.75,29322.0,29238.25,29317.5,15672
2026-05-13T20:30:00+05:30,29317.5,29349.5,29298.75,29322.75,14282
2026-05-13T20:45:00+05:30,29321.75,29341.25,29281.5,29311.5,11969
2026-05-13T21:00:00+05:30,29312.0,29386.75,29284.25,29378.5,13692
2026-05-13T21:15:00+05:30,29378.5,29379.5,29297.0,29310.0,12044
2026-05-13T21:30:00+05:30,29310.25,29388.25,29299.25,29385.75,10228
2026-05-13T21:45:00+05:30,29385.75,29444.75,29374.0,29436.75,15918
2026-05-13T22:00:00+05:30,29436.5,29449.0,29413.25,29433.75,10337
2026-05-13T22:15:00+05:30,29433.5,29463.5,29415.5,29447.75,12533
2026-05-13T22:30:00+05:30,29448.0,29492.75,29448.0,29488.0,11891
2026-05-13T22:45:00+05:30,29488.0,29496.25,29463.75,29487.25,8394
2026-05-13T23:00:00+05:30,29486.5,29492.0,29465.0,29480.25,7242
2026-05-13T23:15:00+05:30,29480.5,29488.75,29442.5,29444.25,6294
2026-05-13T23:30:00+05:30,29445.25,29523.5,29441.5,29521.75,12027
2026-05-13T23:45:00+05:30,29522.0,29565.5,29522.0,29550.5,15357
2026-05-14T00:00:00+05:30,29549.75,29555.75,29510.5,29513.5,10170
2026-05-14T00:15:00+05:30,29514.0,29523.5,29466.75,29472.25,10252
2026-05-14T00:30:00+05:30,29472.5,29527.5,29471.0,29525.25,10176
2026-05-14T00:45:00+05:30,29525.0,29540.0,29499.5,29525.5,8451
2026-05-14T01:00:00+05:30,29526.0,29535.75,29510.0,29532.0,7545
2026-05-14T01:15:00+05:30,29532.25,29539.5,29449.5,29476.0,25026
2026-05-14T01:30:00+05:30,29476.0,29519.0,29448.75,29511.0,10517
2026-05-14T01:45:00+05:30,29511.25,29523.75,29508.5,29518.25,2554
2026-05-14T02:00:00+05:30,29518.25,29547.0,29518.0,29539.75,2138
2026-05-14T02:15:00+05:30,29539.75,29540.75,29531.75,29536.0,1506
2026-05-14T03:30:00+05:30,29537.0,29561.75,29528.0,29558.25,2388
2026-05-14T03:45:00+05:30,29556.75,29576.5,29546.75,29558.25,2003
2026-05-14T04:00:00+05:30,29557.25,29574.0,29556.25,29573.75,677
2026-05-14T04:15:00+05:30,29573.0,29609.25,29571.0,29590.25,2984
2026-05-14T04:30:00+05:30,29590.25,29648.5,29590.25,29642.5,3901
2026-05-14T04:45:00+05:30,29642.25,29645.0,29615.75,29620.75,1824
2026-05-14T05:00:00+05:30,29619.25,29628.75,29596.75,29613.25,2017
2026-05-14T05:15:00+05:30,29613.0,29633.5,29603.5,29631.25,1555
2026-05-14T05:30:00+05:30,29631.75,29634.0,29590.5,29631.0,2905
2026-05-14T05:45:00+05:30,29631.5,29657.5,29625.75,29648.75,3828
2026-05-14T06:00:00+05:30,29649.75,29681.25,29649.75,29679.0,3606
2026-05-14T06:15:00+05:30,29678.5,29693.0,29659.0,29681.0,3240
2026-05-14T06:30:00+05:30,29680.75,29680.75,29662.75,29670.5,1894
2026-05-14T06:45:00+05:30,29668.25,29681.5,29637.25,29679.5,2638
2026-05-14T07:00:00+05:30,29678.0,29682.75,29631.0,29641.5,1701
2026-05-14T07:15:00+05:30,29642.75,29643.5,29603.0,29607.75,2642
2026-05-14T07:30:00+05:30,29609.0,29626.25,29600.0,29615.75,1339
2026-05-14T07:45:00+05:30,29616.0,29633.0,29608.5,29627.5,1185
2026-05-14T08:00:00+05:30,29625.75,29635.0,29613.75,29622.5,971
2026-05-14T08:15:00+05:30,29624.25,29625.25,29572.0,29587.25,2274
2026-05-14T08:30:00+05:30,29586.75,29608.25,29577.25,29601.25,1306
2026-05-14T08:45:00+05:30,29600.0,29610.75,29563.5,29583.0,1912
2026-05-14T09:00:00+05:30,29583.5,29586.5,29541.0,29548.0,2096
2026-05-14T09:15:00+05:30,29548.0,29555.5,29521.5,29536.0,2023
2026-05-14T09:30:00+05:30,29535.25,29553.25,29514.0,29549.5,1748
2026-05-14T09:45:00+05:30,29550.0,29573.25,29539.75,29566.25,1393
2026-05-14T10:00:00+05:30,29566.25,29590.5,29564.75,29582.25,1259
2026-05-14T10:15:00+05:30,29582.0,29598.75,29564.75,29567.5,1409
2026-05-14T10:30:00+05:30,29568.0,29583.5,29551.75,29554.0,1386
2026-05-14T10:45:00+05:30,29552.75,29569.0,29535.25,29566.25,1512
2026-05-14T11:00:00+05:30,29568.0,29575.5,29546.25,29559.25,1198
2026-05-14T11:15:00+05:30,29560.0,29613.0,29560.0,29603.25,3201
2026-05-14T11:30:00+05:30,29603.75,29634.75,29602.75,29625.75,2126
2026-05-14T11:45:00+05:30,29625.75,29640.75,29614.0,29623.75,1614
2026-05-14T12:00:00+05:30,29623.0,29637.75,29620.25,29632.5,1373
2026-05-14T12:15:00+05:30,29631.75,29633.5,29603.25,29607.25,1570
2026-05-14T12:30:00+05:30,29608.75,29620.0,29581.25,29594.75,2039
2026-05-14T12:45:00+05:30,29593.75,29611.0,29592.0,29600.75,1114
2026-05-14T13:00:00+05:30,29600.75,29633.0,29596.5,29620.5,1562
2026-05-14T13:15:00+05:30,29622.25,29631.0,29567.0,29573.5,1624
2026-05-14T13:30:00+05:30,29574.75,29601.0,29548.25,29599.5,2559
2026-05-14T13:45:00+05:30,29600.5,29629.75,29583.75,29595.0,2612
2026-05-14T14:00:00+05:30,29593.75,29614.0,29552.0,29555.25,1797
2026-05-14T14:15:00+05:30,29556.25,29580.5,29546.5,29576.0,1586
2026-05-14T14:30:00+05:30,29577.25,29589.5,29543.5,29558.5,2333
2026-05-14T14:45:00+05:30,29558.0,29566.5,29526.75,29535.75,1777
2026-05-14T15:00:00+05:30,29536.0,29545.5,29480.5,29510.5,3382
2026-05-14T15:15:00+05:30,29510.0,29543.75,29505.5,29533.25,1582
2026-05-14T15:30:00+05:30,29532.75,29593.5,29530.25,29556.75,3463
2026-05-14T15:45:00+05:30,29556.5,29579.5,29534.25,29547.75,2559
2026-05-14T16:00:00+05:30,29548.0,29555.0,29514.5,29525.25,1428
2026-05-14T16:15:00+05:30,29526.5,29567.0,29518.0,29545.0,2426
2026-05-14T16:30:00+05:30,29544.0,29577.25,29542.25,29565.75,1677
2026-05-14T16:45:00+05:30,29563.75,29568.0,29508.25,29523.75,2375
2026-05-14T17:00:00+05:30,29524.75,29551.75,29524.5,29546.0,1284
2026-05-14T17:15:00+05:30,29546.0,29565.0,29536.75,29540.0,2039
2026-05-14T17:30:00+05:30,29540.0,29565.25,29535.0,29560.75,1802
2026-05-14T17:45:00+05:30,29560.25,29575.0,29549.5,29561.0,2308
2026-05-14T18:00:00+05:30,29562.75,29564.75,29520.75,29521.0,3136
2026-05-14T18:15:00+05:30,29520.5,29529.75,29476.5,29494.5,5181
2026-05-14T18:30:00+05:30,29494.25,29500.75,29448.25,29474.0,6394
2026-05-14T18:45:00+05:30,29473.25,29496.75,29452.5,29476.25,7900
2026-05-14T19:00:00+05:30,29476.25,29628.5,29458.5,29626.0,41373
2026-05-14T19:15:00+05:30,29625.5,29684.75,29526.75,29541.75,40344
2026-05-14T19:30:00+05:30,29542.0,29616.75,29533.0,29583.75,28535
2026-05-14T19:45:00+05:30,29583.0,29666.5,29578.25,29623.0,22969
2026-05-14T20:00:00+05:30,29622.25,29686.75,29607.0,29686.25,16111
2026-05-14T20:15:00+05:30,29686.5,29730.0,29664.0,29674.25,21213
2026-05-14T20:30:00+05:30,29674.75,29734.5,29665.0,29733.0,12761
2026-05-14T20:45:00+05:30,29733.25,29773.75,29731.75,29756.75,17899
2026-05-14T21:00:00+05:30,29756.75,29770.0,29727.75,29752.0,12150
2026-05-14T21:15:00+05:30,29752.25,29769.75,29733.0,29755.25,10926
2026-05-14T21:30:00+05:30,29756.0,29782.0,29752.5,29756.0,10865
2026-05-14T21:45:00+05:30,29755.75,29782.0,29714.5,29727.25,13765
2026-05-14T22:00:00+05:30,29727.5,29743.25,29697.25,29719.0,13439
2026-05-14T22:15:00+05:30,29718.0,29739.0,29692.25,29728.0,11636
2026-05-14T22:30:00+05:30,29728.25,29754.5,29652.0,29660.0,15856
2026-05-14T22:45:00+05:30,29659.25,29670.0,29595.25,29648.0,23572
2026-05-14T23:00:00+05:30,29648.25,29702.5,29636.75,29697.5,14201
2026-05-14T23:15:00+05:30,29698.5,29752.5,29698.5,29731.0,12036
2026-05-14T23:30:00+05:30,29730.75,29730.75,29640.5,29690.0,20572
2026-05-14T23:45:00+05:30,29690.25,29708.0,29660.25,29673.5,11913
2026-05-15T00:00:00+05:30,29673.75,29698.0,29655.0,29673.0,8430
2026-05-15T00:15:00+05:30,29672.75,29717.75,29656.25,29708.5,10085
2026-05-15T00:30:00+05:30,29709.0,29732.0,29692.5,29706.0,10049
2026-05-15T00:45:00+05:30,29706.75,29735.0,29695.25,29698.75,10558
2026-05-15T01:00:00+05:30,29699.5,29735.0,29696.5,29727.25,10127
2026-05-15T01:15:00+05:30,29727.5,29731.25,29678.5,29686.75,22216
2026-05-15T01:30:00+05:30,29686.75,29737.75,29685.25,29709.5,9688
2026-05-15T01:45:00+05:30,29708.25,29711.0,29674.25,29681.75,2940
2026-05-15T02:00:00+05:30,29681.5,29691.75,29633.75,29659.25,2830
2026-05-15T02:15:00+05:30,29659.25,29688.5,29657.5,29688.5,1761
2026-05-15T03:30:00+05:30,29690.0,29718.0,29674.25,29694.25,2311
2026-05-15T03:45:00+05:30,29693.75,29700.0,29670.0,29698.75,1411
2026-05-15T04:00:00+05:30,29698.25,29711.25,29697.5,29707.75,783
2026-05-15T04:15:00+05:30,29707.5,29720.5,29704.75,29708.5,853
2026-05-15T04:30:00+05:30,29708.5,29719.0,29705.75,29718.5,713
2026-05-15T04:45:00+05:30,29717.0,29726.25,29705.75,29724.25,914
2026-05-15T05:00:00+05:30,29724.5,29734.0,29715.75,29718.0,1110
2026-05-15T05:15:00+05:30,29718.0,29718.75,29674.75,29687.5,1962
2026-05-15T05:30:00+05:30,29687.0,29700.0,29655.75,29700.0,2846
2026-05-15T05:45:00+05:30,29700.75,29727.0,29699.0,29720.75,1894
2026-05-15T06:00:00+05:30,29721.5,29721.75,29636.5,29662.0,2863
2026-05-15T06:15:00+05:30,29662.5,29688.0,29655.0,29684.0,1639
2026-05-15T06:30:00+05:30,29684.25,29691.5,29642.0,29657.0,2241
2026-05-15T06:45:00+05:30,29656.25,29661.75,29581.5,29582.25,3476
2026-05-15T07:00:00+05:30,29581.0,29604.5,29546.0,29584.25,3475
2026-05-15T07:15:00+05:30,29581.75,29584.25,29512.75,29519.0,3964
2026-05-15T07:30:00+05:30,29519.0,29540.0,29498.0,29509.75,3543
2026-05-15T07:45:00+05:30,29507.75,29555.75,29493.75,29525.5,2810
2026-05-15T08:00:00+05:30,29524.0,29556.75,29503.5,29554.5,2581
2026-05-15T08:15:00+05:30,29555.25,29600.25,29547.5,29581.0,2892
2026-05-15T08:30:00+05:30,29581.25,29593.5,29563.5,29581.5,1883
2026-05-15T08:45:00+05:30,29583.5,29587.0,29563.75,29572.25,1095
2026-05-15T09:00:00+05:30,29570.75,29585.5,29531.25,29563.5,2833
2026-05-15T09:15:00+05:30,29563.75,29574.75,29552.0,29563.25,1114
2026-05-15T09:30:00+05:30,29562.25,29563.5,29523.75,29549.25,1444
2026-05-15T09:45:00+05:30,29547.0,29555.0,29515.5,29520.5,1744
2026-05-15T10:00:00+05:30,29519.75,29537.0,29500.25,29507.5,2155
2026-05-15T10:15:00+05:30,29507.5,29516.75,29445.75,29462.5,3646
2026-05-15T10:30:00+05:30,29462.0,29464.0,29406.5,29428.0,4151
2026-05-15T10:45:00+05:30,29428.25,29446.0,29414.75,29437.0,2195
2026-05-15T11:00:00+05:30,29439.0,29439.75,29351.5,29357.0,4289
2026-05-15T11:15:00+05:30,29356.5,29360.25,29280.5,29282.5,4825
2026-05-15T11:30:00+05:30,29281.75,29349.75,29248.0,29332.75,6552
2026-05-15T11:45:00+05:30,29333.0,29355.25,29263.75,29306.5,5963
2026-05-15T12:00:00+05:30,29307.5,29404.75,29298.25,29401.75,5133
2026-05-15T12:15:00+05:30,29401.5,29414.5,29379.5,29404.5,2572
2026-05-15T12:30:00+05:30,29402.5,29462.0,29394.75,29461.5,4044
2026-05-15T12:45:00+05:30,29460.5,29469.25,29435.25,29456.0,3073
2026-05-15T13:00:00+05:30,29457.5,29459.25,29383.75,29393.75,4597
2026-05-15T13:15:00+05:30,29393.0,29407.0,29376.5,29405.75,1964
2026-05-15T13:30:00+05:30,29406.25,29413.0,29330.75,29341.75,4922
2026-05-15T13:45:00+05:30,29341.0,29342.25,29218.0,29228.0,7308
2026-05-15T14:00:00+05:30,29227.5,29300.75,29186.75,29298.0,6569
2026-05-15T14:15:00+05:30,29300.0,29301.0,29252.5,29264.25,3734
2026-05-15T14:30:00+05:30,29266.0,29289.25,29234.5,29241.0,3300
2026-05-15T14:45:00+05:30,29242.0,29255.25,29190.0,29253.5,4478
2026-05-15T15:00:00+05:30,29252.25,29262.75,29201.75,29212.25,3768
2026-05-15T15:15:00+05:30,29212.25,29255.5,29177.0,29223.25,5539
2026-05-15T15:30:00+05:30,29225.5,29283.0,29200.0,29279.5,4394
2026-05-15T15:45:00+05:30,29278.5,29317.75,29263.25,29275.75,3981
2026-05-15T16:00:00+05:30,29274.0,29306.5,29245.0,29289.75,4140
2026-05-15T16:15:00+05:30,29290.5,29375.5,29281.0,29328.25,8137
2026-05-15T16:30:00+05:30,29328.75,29355.0,29300.0,29317.75,3447
2026-05-15T16:45:00+05:30,29319.25,29331.25,29292.25,29305.25,2548
2026-05-15T17:00:00+05:30,29306.25,29318.25,29267.0,29267.75,2775
2026-05-15T17:15:00+05:30,29267.5,29315.25,29250.75,29254.5,3055
2026-05-15T17:30:00+05:30,29255.0,29255.5,29168.75,29180.75,6527
2026-05-15T17:45:00+05:30,29180.25,29243.25,29172.25,29196.75,5652
2026-05-15T18:00:00+05:30,29197.0,29199.25,29142.75,29159.25,7283
2026-05-15T18:15:00+05:30,29157.25,29203.5,29142.5,29190.0,5634
2026-05-15T18:30:00+05:30,29191.0,29191.25,29153.25,29177.0,6860
2026-05-15T18:45:00+05:30,29177.0,29288.25,29167.25,29278.25,12905
2026-05-15T19:00:00+05:30,29278.0,29291.0,29151.0,29167.25,47497
2026-05-15T19:15:00+05:30,29167.0,29288.0,29089.75,29143.25,45819
2026-05-15T19:30:00+05:30,29144.0,29304.75,29132.0,29301.0,34317
2026-05-15T19:45:00+05:30,29300.75,29382.75,29269.75,29291.5,32863
2026-05-15T20:00:00+05:30,29292.25,29360.5,29286.0,29347.0,20576
2026-05-15T20:15:00+05:30,29346.75,29354.0,29247.5,29281.25,23210
2026-05-15T20:30:00+05:30,29281.0,29325.5,29240.5,29285.75,18906
2026-05-15T20:45:00+05:30,29284.75,29361.0,29274.75,29334.0,15573
2026-05-15T21:00:00+05:30,29333.75,29382.0,29271.25,29285.25,18915
2026-05-15T21:15:00+05:30,29286.0,29301.25,29212.0,29281.25,19572
2026-05-15T21:30:00+05:30,29282.0,29313.0,29251.5,29287.25,13994
2026-05-15T21:45:00+05:30,29287.25,29336.5,29253.25,29332.25,11663
2026-05-15T22:00:00+05:30,29333.0,29348.0,29316.25,29345.25,9670
2026-05-15T22:15:00+05:30,29345.25,29351.0,29279.75,29322.75,11450
2026-05-15T22:30:00+05:30,29323.25,29363.0,29312.0,29362.5,9278
2026-05-15T22:45:00+05:30,29362.5,29430.0,29341.25,29417.75,12096
2026-05-15T23:00:00+05:30,29417.75,29446.75,29404.75,29424.25,11289
2026-05-15T23:15:00+05:30,29425.0,29453.75,29412.0,29447.25,7409
2026-05-15T23:30:00+05:30,29449.0,29486.75,29446.75,29468.75,12000
2026-05-15T23:45:00+05:30,29468.5,29472.25,29376.0,29384.75,16579
2026-05-16T00:00:00+05:30,29385.5,29389.5,29316.0,29376.0,14784
2026-05-16T00:15:00+05:30,29376.25,29407.0,29352.75,29389.75,8850
2026-05-16T00:30:00+05:30,29389.5,29398.25,29300.0,29322.0,11982
2026-05-16T00:45:00+05:30,29321.5,29322.5,29283.75,29291.25,10707
2026-05-16T01:00:00+05:30,29289.75,29340.25,29287.5,29295.75,10363
2026-05-16T01:15:00+05:30,29295.25,29307.0,29208.25,29231.25,33192
2026-05-16T01:30:00+05:30,29230.5,29233.75,29111.0,29154.75,18126
2026-05-16T01:45:00+05:30,29155.5,29193.5,29142.75,29176.0,6537
2026-05-16T02:00:00+05:30,29175.75,29180.0,29166.0,29173.5,2766
2026-05-16T02:15:00+05:30,29173.0,29198.75,29160.5,29173.0,2675
2026-05-18T03:30:00+05:30,29135.0,29283.75,29110.0,29252.0,5896
2026-05-18T03:45:00+05:30,29252.75,29263.75,29190.5,29222.25,3930
2026-05-18T04:00:00+05:30,29223.75,29274.5,29197.5,29262.75,3424
2026-05-18T04:15:00+05:30,29263.0,29268.0,29200.0,29232.75,3049
2026-05-18T04:30:00+05:30,29233.0,29248.5,29162.75,29190.75,4594
2026-05-18T04:45:00+05:30,29189.0,29195.25,29127.0,29140.0,4200
2026-05-18T05:00:00+05:30,29139.0,29165.0,29011.75,29117.0,6887
2026-05-18T05:15:00+05:30,29116.5,29158.5,29088.0,29119.0,5193
2026-05-18T05:30:00+05:30,29116.75,29145.0,28937.5,29012.75,10423
2026-05-18T05:45:00+05:30,29012.25,29043.0,28962.75,29011.75,7067
2026-05-18T06:00:00+05:30,29011.5,29030.25,28948.5,28950.5,5419
2026-05-18T06:15:00+05:30,28950.5,29039.0,28945.5,29033.75,4342
2026-05-18T06:30:00+05:30,29033.25,29051.0,28965.0,28965.75,4042
2026-05-18T06:45:00+05:30,28965.5,28989.75,28938.75,28958.25,4361
2026-05-18T07:00:00+05:30,28957.75,28992.5,28926.0,28987.25,4216
2026-05-18T07:15:00+05:30,28985.25,29049.0,28977.5,29023.25,3713
2026-05-18T07:30:00+05:30,29021.5,29047.0,28991.0,29040.5,3050
2026-05-18T07:45:00+05:30,29039.25,29093.5,29039.25,29090.0,3488
2026-05-18T08:00:00+05:30,29089.75,29092.75,29037.0,29047.0,2400
2026-05-18T08:15:00+05:30,29045.0,29052.25,28996.5,29010.75,2466
2026-05-18T08:30:00+05:30,29011.75,29062.0,29008.25,29018.25,2340
2026-05-18T08:45:00+05:30,29019.0,29044.0,29008.75,29038.75,1637
2026-05-18T09:00:00+05:30,29039.5,29071.25,29003.75,29064.0,2258
2026-05-18T09:15:00+05:30,29063.75,29068.5,29041.0,29055.5,1145
2026-05-18T09:30:00+05:30,29056.0,29110.0,29054.0,29100.0,2260
2026-05-18T09:45:00+05:30,29099.25,29116.5,29022.0,29028.25,2571
2026-05-18T10:00:00+05:30,29028.0,29079.0,29020.0,29072.25,2179
2026-05-18T10:15:00+05:30,29072.25,29086.25,29032.0,29051.0,1530
2026-05-18T10:30:00+05:30,29051.25,29097.25,29040.0,29065.0,1749
2026-05-18T10:45:00+05:30,29062.5,29067.25,29021.25,29063.25,1899
2026-05-18T11:00:00+05:30,29064.75,29087.5,29043.5,29065.75,2717
2026-05-18T11:15:00+05:30,29064.5,29081.5,29040.0,29043.25,1671
2026-05-18T11:30:00+05:30,29042.0,29055.5,29015.75,29040.0,2511
2026-05-18T11:45:00+05:30,29039.5,29057.5,29000.75,29003.0,2714
2026-05-18T12:00:00+05:30,29005.75,29066.75,28990.5,29066.5,3486
2026-05-18T12:15:00+05:30,29067.25,29113.0,29065.25,29111.5,2908
2026-05-18T12:30:00+05:30,29111.75,29143.5,29082.0,29087.0,3653
2026-05-18T12:45:00+05:30,29088.0,29154.25,29060.0,29150.75,3387
2026-05-18T13:00:00+05:30,29150.25,29175.75,29069.0,29080.25,5877
2026-05-18T13:15:00+05:30,29080.25,29128.75,29073.75,29121.0,3586
2026-05-18T13:30:00+05:30,29121.75,29190.25,29121.75,29166.75,4125
2026-05-18T13:45:00+05:30,29166.5,29225.25,29150.25,29222.0,4279
2026-05-18T14:00:00+05:30,29221.25,29241.5,29187.5,29192.25,3155
2026-05-18T14:15:00+05:30,29192.5,29242.5,29192.0,29241.0,2901
2026-05-18T14:30:00+05:30,29240.75,29249.25,29194.0,29201.0,2171
2026-05-18T14:45:00+05:30,29199.5,29219.75,29183.25,29202.75,1514
2026-05-18T15:00:00+05:30,29204.0,29208.75,29190.5,29200.5,1694
2026-05-18T15:15:00+05:30,29201.75,29213.25,29169.0,29189.0,3768
2026-05-18T15:30:00+05:30,29190.0,29195.75,29116.5,29139.5,2837
2026-05-18T15:45:00+05:30,29140.0,29150.5,29126.25,29134.5,1769
2026-05-18T16:00:00+05:30,29136.0,29141.75,29080.25,29118.75,3029
2026-05-18T16:15:00+05:30,29118.5,29144.5,29110.75,29120.0,1512
2026-05-18T16:30:00+05:30,29120.25,29127.75,29052.0,29105.5,4198
2026-05-18T16:45:00+05:30,29104.75,29130.0,29085.75,29090.25,2117
2026-05-18T17:00:00+05:30,29090.0,29274.25,29087.5,29237.75,12547
2026-05-18T17:15:00+05:30,29241.0,29242.25,29158.0,29177.5,4747
2026-05-18T17:30:00+05:30,29178.75,29238.25,29171.75,29219.5,4233
2026-05-18T17:45:00+05:30,29218.25,29222.0,29186.25,29201.5,3450
2026-05-18T18:00:00+05:30,29201.75,29324.25,29187.0,29318.5,9639
2026-05-18T18:15:00+05:30,29318.25,29419.75,29313.0,29408.0,16485
2026-05-18T18:30:00+05:30,29408.25,29419.0,29353.0,29378.75,11192
2026-05-18T18:45:00+05:30,29378.5,29381.25,29333.75,29338.0,8373
2026-05-18T19:00:00+05:30,29338.5,29356.25,29160.0,29166.5,47389
2026-05-18T19:15:00+05:30,29167.5,29308.75,29135.0,29243.75,40606
2026-05-18T19:30:00+05:30,29242.5,29272.0,29129.0,29261.5,34922
2026-05-18T19:45:00+05:30,29259.25,29299.0,29137.25,29153.25,25143
2026-05-18T20:00:00+05:30,29154.0,29175.75,28970.75,29087.75,39847
2026-05-18T20:15:00+05:30,29087.75,29109.0,29002.5,29082.5,25170
2026-05-18T20:30:00+05:30,29082.25,29126.25,29006.0,29065.75,24566
2026-05-18T20:45:00+05:30,29066.0,29069.75,28956.25,28960.75,19954
2026-05-18T21:00:00+05:30,28960.25,29065.25,28941.5,29000.75,19702
2026-05-18T21:15:00+05:30,28999.75,29046.5,28978.5,28997.25,12902
2026-05-18T21:30:00+05:30,28996.25,29030.0,28951.75,29027.5,13918
2026-05-18T21:45:00+05:30,29026.5,29074.0,28859.25,28878.5,25157
2026-05-18T22:00:00+05:30,28877.75,28961.5,28842.5,28922.75,19503
2026-05-18T22:15:00+05:30,28921.75,29045.5,28907.75,29006.0,17642
2026-05-18T22:30:00+05:30,29004.75,29038.0,28966.75,28995.75,13347
2026-05-18T22:45:00+05:30,28995.0,29017.25,28966.25,29009.5,9368
2026-05-18T23:00:00+05:30,29009.75,29029.75,28959.75,29011.25,11427
2026-05-18T23:15:00+05:30,29011.75,29023.0,28972.0,29014.0,9978
2026-05-18T23:30:00+05:30,29014.25,29020.5,28914.25,28917.0,13524
2026-05-18T23:45:00+05:30,28916.0,28918.5,28834.75,28892.5,20397
2026-05-19T00:00:00+05:30,28892.75,28915.0,28843.25,28873.75,13341
2026-05-19T00:15:00+05:30,28873.0,28882.25,28814.75,28840.0,14015
2026-05-19T00:30:00+05:30,28842.25,29070.25,28837.75,28959.5,39426
2026-05-19T00:45:00+05:30,28959.25,28973.25,28881.5,28922.5,15089
2026-05-19T01:00:00+05:30,28923.0,29055.25,28913.25,29053.5,16839
2026-05-19T01:15:00+05:30,29053.5,29114.0,29041.75,29098.75,27432
2026-05-19T01:30:00+05:30,29098.75,29110.0,29068.5,29080.0,8792
2026-05-19T01:45:00+05:30,29079.75,29091.25,29072.5,29086.25,2154
2026-05-19T02:00:00+05:30,29086.5,29094.5,29072.0,29087.25,1480
2026-05-19T02:15:00+05:30,29088.0,29091.75,29075.0,29076.0,1218
2026-05-19T03:30:00+05:30,29100.0,29159.0,29090.25,29118.0,3414
2026-05-19T03:45:00+05:30,29117.0,29164.25,29116.5,29158.0,2322
2026-05-19T04:00:00+05:30,29158.0,29173.5,29148.0,29154.25,1649
2026-05-19T04:15:00+05:30,29153.5,29158.75,29132.5,29158.0,1355
2026-05-19T04:30:00+05:30,29158.0,29185.0,29150.0,29161.5,2984
2026-05-19T04:45:00+05:30,29161.5,29169.5,29144.0,29162.5,1070
2026-05-19T05:00:00+05:30,29160.5,29164.25,29147.75,29157.75,911
2026-05-19T05:15:00+05:30,29158.75,29160.25,29114.25,29134.75,1974
2026-05-19T05:30:00+05:30,29134.5,29152.5,29086.5,29119.25,3961
2026-05-19T05:45:00+05:30,29119.5,29188.5,29092.25,29162.25,3559
2026-05-19T06:00:00+05:30,29162.5,29173.25,29114.25,29128.0,2283
2026-05-19T06:15:00+05:30,29129.0,29139.25,29076.25,29084.0,2119
2026-05-19T06:30:00+05:30,29080.75,29097.5,29043.25,29064.0,3167
2026-05-19T06:45:00+05:30,29066.0,29072.0,28989.5,29022.5,3511
2026-05-19T07:00:00+05:30,29022.5,29079.5,28997.25,29068.5,2530
2026-05-19T07:15:00+05:30,29068.5,29077.75,29011.0,29013.5,1867
2026-05-19T07:30:00+05:30,29012.5,29012.5,28929.75,28962.75,3446
2026-05-19T07:45:00+05:30,28962.25,28992.0,28935.0,28973.25,2930
2026-05-19T08:00:00+05:30,28971.5,28999.0,28964.0,28998.0,1641
2026-05-19T08:15:00+05:30,28997.5,29014.5,28964.5,28972.0,1919
2026-05-19T08:30:00+05:30,28971.5,29002.5,28944.75,28990.0,1689
2026-05-19T08:45:00+05:30,28992.25,29013.75,28979.75,29009.25,1084
2026-05-19T09:00:00+05:30,29009.0,29038.0,29009.0,29018.75,1477
2026-05-19T09:15:00+05:30,29016.75,29016.75,28981.75,28989.75,1346
2026-05-19T09:30:00+05:30,28991.0,28991.0,28932.0,28956.5,2155
2026-05-19T09:45:00+05:30,28957.25,28957.25,28905.0,28927.25,2148
2026-05-19T10:00:00+05:30,28928.25,28974.0,28923.75,28951.75,2134
2026-05-19T10:15:00+05:30,28952.25,28972.25,28926.5,28963.5,1676
2026-05-19T10:30:00+05:30,28964.25,28982.0,28929.0,28956.25,1872
2026-05-19T10:45:00+05:30,28957.75,28966.0,28885.0,28957.75,2967
2026-05-19T11:00:00+05:30,28958.75,28970.0,28920.75,28930.5,1833
2026-05-19T11:15:00+05:30,28930.75,28952.25,28920.5,28935.0,1543
2026-05-19T11:30:00+05:30,28936.25,28970.25,28905.0,28966.75,2802
2026-05-19T11:45:00+05:30,28967.25,28996.0,28946.0,28983.5,2145
2026-05-19T12:00:00+05:30,28983.25,29019.25,28965.75,29015.5,2191
2026-05-19T12:15:00+05:30,29012.75,29021.75,28987.0,29020.5,1610
2026-05-19T12:30:00+05:30,29020.75,29084.25,29005.75,29059.75,3075
2026-05-19T12:45:00+05:30,29060.5,29073.75,29043.75,29061.75,1715
2026-05-19T13:00:00+05:30,29061.75,29100.5,29042.0,29084.5,2108
2026-05-19T13:15:00+05:30,29085.25,29125.25,29081.75,29102.75,2680
2026-05-19T13:30:00+05:30,29103.25,29117.0,29020.0,29037.0,3300
2026-05-19T13:45:00+05:30,29038.5,29053.0,28973.75,28989.75,3011
2026-05-19T14:00:00+05:30,28989.0,29022.25,28983.25,29012.25,2171
2026-05-19T14:15:00+05:30,29012.25,29033.5,29003.5,29005.75,1505
2026-05-19T14:30:00+05:30,29004.75,29005.5,28969.75,28972.5,1792
2026-05-19T14:45:00+05:30,28971.5,28974.25,28893.0,28901.5,3250
2026-05-19T15:00:00+05:30,28903.5,28917.75,28836.0,28841.5,5457
2026-05-19T15:15:00+05:30,28840.5,28930.25,28839.5,28915.25,3084
2026-05-19T15:30:00+05:30,28914.5,28922.0,28875.0,28905.5,2398
2026-05-19T15:45:00+05:30,28905.75,28913.25,28884.0,28903.25,1562
2026-05-19T16:00:00+05:30,28903.75,28931.0,28840.0,28853.5,4429
2026-05-19T16:15:00+05:30,28855.75,28929.5,28840.0,28923.75,4938
2026-05-19T16:30:00+05:30,28923.25,28950.75,28908.5,28915.5,3008
2026-05-19T16:45:00+05:30,28914.0,28930.75,28894.5,28911.5,2298
2026-05-19T17:00:00+05:30,28911.5,28942.0,28890.5,28897.25,2520
2026-05-19T17:15:00+05:30,28896.0,28897.75,28853.75,28853.75,2620
2026-05-19T17:30:00+05:30,28854.5,28889.25,28831.0,28880.0,4442
2026-05-19T17:45:00+05:30,28879.5,28887.5,28842.0,28867.75,4014
2026-05-19T18:00:00+05:30,28866.75,28937.75,28857.75,28916.0,4951
2026-05-19T18:15:00+05:30,28915.5,28937.75,28908.5,28912.75,2901
2026-05-19T18:30:00+05:30,28912.25,28925.75,28835.0,28875.75,8035
2026-05-19T18:45:00+05:30,28876.25,28879.5,28802.75,28849.5,12067
2026-05-19T19:00:00+05:30,28850.25,29068.0,28850.25,28909.75,55955
2026-05-19T19:15:00+05:30,28910.25,29028.0,28868.75,28938.75,39389
2026-05-19T19:30:00+05:30,28938.0,28944.0,28730.25,28736.75,44720
2026-05-19T19:45:00+05:30,28737.25,28755.0,28663.0,28711.75,40512
2026-05-19T20:00:00+05:30,28711.5,28801.0,28684.0,28744.75,28570
2026-05-19T20:15:00+05:30,28743.5,28807.0,28675.0,28804.0,21028
2026-05-19T20:30:00+05:30,28803.75,28836.0,28755.0,28827.75,19093
2026-05-19T20:45:00+05:30,28829.25,28860.0,28726.0,28770.75,18807
2026-05-19T21:00:00+05:30,28770.5,28877.75,28757.75,28855.0,17877
2026-05-19T21:15:00+05:30,28856.75,28863.5,28779.75,28815.75,12929
2026-05-19T21:30:00+05:30,28818.0,28880.5,28791.5,28814.5,13702
2026-05-19T21:45:00+05:30,28815.5,28922.75,28814.25,28910.75,14476
2026-05-19T22:00:00+05:30,28908.0,28990.25,28902.25,28989.0,14875
2026-05-19T22:15:00+05:30,28989.0,29034.75,28967.25,29021.75,13979
2026-05-19T22:30:00+05:30,29022.5,29080.5,29011.0,29073.75,15012
2026-05-19T22:45:00+05:30,29073.75,29126.5,29061.5,29082.0,16722
2026-05-19T23:00:00+05:30,29082.25,29119.0,29078.5,29089.5,10930
2026-05-19T23:15:00+05:30,29089.75,29092.0,29007.0,29068.75,13428
2026-05-19T23:30:00+05:30,29069.25,29101.75,29063.75,29072.5,9014
2026-05-19T23:45:00+05:30,29072.25,29081.75,29006.75,29023.5,12514
2026-05-20T00:00:00+05:30,29023.75,29061.5,29000.5,29017.25,10099
2026-05-20T00:15:00+05:30,29016.75,29022.0,28941.75,28959.5,13015
2026-05-20T00:30:00+05:30,28959.75,29055.0,28957.75,29053.0,13063
2026-05-20T00:45:00+05:30,29053.25,29059.75,28924.5,28977.5,13539
2026-05-20T01:00:00+05:30,28977.25,29004.0,28926.5,28931.75,11282
2026-05-20T01:15:00+05:30,28932.0,28942.0,28867.0,28924.5,25533
2026-05-20T01:30:00+05:30,28924.5,28941.5,28897.0,28923.0,7996
2026-05-20T01:45:00+05:30,28922.5,28929.75,28902.0,28908.5,2395
2026-05-20T02:00:00+05:30,28908.5,28911.0,28896.0,28899.5,1288
2026-05-20T02:15:00+05:30,28899.75,28903.75,28887.5,28899.25,1632
2026-05-20T03:30:00+05:30,28929.75,28956.5,28914.0,28926.0,2216
2026-05-20T03:45:00+05:30,28924.5,28928.5,28863.25,28877.75,3356
2026-05-20T04:00:00+05:30,28877.0,28914.25,28869.0,28886.75,2243
2026-05-20T04:15:00+05:30,28889.25,28913.5,28870.75,28911.5,1182
2026-05-20T04:30:00+05:30,28910.5,28950.5,28904.0,28945.0,1526
2026-05-20T04:45:00+05:30,28946.5,28974.0,28939.75,28970.0,1559
2026-05-20T05:00:00+05:30,28970.0,29024.25,28969.75,28993.75,2281
2026-05-20T05:15:00+05:30,28995.0,28995.75,28945.0,28950.0,1655
2026-05-20T05:30:00+05:30,28950.0,28950.5,28815.75,28831.25,4959
2026-05-20T05:45:00+05:30,28830.25,28894.0,28797.25,28892.75,4741
2026-05-20T06:00:00+05:30,28894.25,28948.75,28891.25,28927.25,4381
2026-05-20T06:15:00+05:30,28930.0,28971.5,28922.5,28938.75,2653
2026-05-20T06:30:00+05:30,28939.5,28979.5,28900.0,28975.75,3037
2026-05-20T06:45:00+05:30,28972.75,28984.75,28901.5,28909.5,2217
2026-05-20T07:00:00+05:30,28909.5,28924.0,28858.25,28904.5,3283
2026-05-20T07:15:00+05:30,28903.5,28999.0,28899.25,28980.25,3142
2026-05-20T07:30:00+05:30,28982.0,28993.0,28965.0,28982.75,1647
2026-05-20T07:45:00+05:30,28984.0,29017.25,28957.0,28957.0,2058
2026-05-20T08:00:00+05:30,28956.25,28958.0,28884.5,28884.75,3676
2026-05-20T08:15:00+05:30,28883.5,28907.0,28866.25,28884.75,2056
2026-05-20T08:30:00+05:30,28884.75,28884.75,28839.0,28845.0,1863
2026-05-20T08:45:00+05:30,28843.75,28890.0,28840.25,28882.25,1856
2026-05-20T09:00:00+05:30,28883.0,28914.0,28858.25,28893.25,1670
2026-05-20T09:15:00+05:30,28894.0,28906.0,28879.5,28895.5,967
2026-05-20T09:30:00+05:30,28898.5,28942.25,28898.5,28940.25,1481
2026-05-20T09:45:00+05:30,28939.5,28949.5,28911.0,28928.0,880
2026-05-20T10:00:00+05:30,28929.25,28930.75,28883.5,28883.5,945
2026-05-20T10:15:00+05:30,28884.0,28898.75,28870.5,28882.25,734
2026-05-20T10:30:00+05:30,28885.0,28941.25,28885.0,28913.0,1278
2026-05-20T10:45:00+05:30,28912.0,28940.0,28888.5,28912.0,1265
2026-05-20T11:00:00+05:30,28914.0,28982.5,28914.0,28945.25,2235
2026-05-20T11:15:00+05:30,28944.75,28963.75,28914.5,28955.0,1410
2026-05-20T11:30:00+05:30,28952.5,28976.25,28950.75,28972.75,1365
2026-05-20T11:45:00+05:30,28973.5,29026.75,28973.5,29011.25,2254
2026-05-20T12:00:00+05:30,29012.5,29015.75,28981.75,28987.75,1181
2026-05-20T12:15:00+05:30,28989.0,29039.75,28987.75,29038.75,1454
2026-05-20T12:30:00+05:30,29039.5,29052.0,29023.5,29032.75,1917
2026-05-20T12:45:00+05:30,29031.5,29065.0,29030.5,29054.75,1228
2026-05-20T13:00:00+05:30,29054.0,29058.5,29020.75,29047.0,1491
2026-05-20T13:15:00+05:30,29046.0,29049.75,29014.25,29027.25,1649
2026-05-20T13:30:00+05:30,29027.5,29086.75,29024.0,29080.25,2481
2026-05-20T13:45:00+05:30,29080.0,29095.0,29060.0,29092.75,2057
2026-05-20T14:00:00+05:30,29094.75,29123.25,29087.0,29117.0,2242
2026-05-20T14:15:00+05:30,29118.0,29136.75,29096.25,29099.25,2429
2026-05-20T14:30:00+05:30,29095.75,29100.5,29070.75,29071.0,1494
2026-05-20T14:45:00+05:30,29070.0,29092.5,29066.75,29083.75,882
2026-05-20T15:00:00+05:30,29085.0,29103.75,29084.25,29099.5,851
2026-05-20T15:15:00+05:30,29100.0,29149.75,29096.5,29124.0,2380
2026-05-20T15:30:00+05:30,29124.75,29155.75,29123.0,29139.25,1751
2026-05-20T15:45:00+05:30,29140.5,29141.75,29118.0,29124.25,1244
2026-05-20T16:00:00+05:30,29125.5,29157.75,29122.25,29130.5,2175
2026-05-20T16:15:00+05:30,29131.75,29140.5,29103.5,29109.0,1544
2026-05-20T16:30:00+05:30,29110.0,29129.0,29091.25,29097.25,1779
2026-05-20T16:45:00+05:30,29096.25,29122.25,29095.25,29118.25,1075
2026-05-20T17:00:00+05:30,29119.25,29127.5,29078.25,29089.5,2124
2026-05-20T17:15:00+05:30,29089.0,29099.75,29063.5,29080.75,1871
2026-05-20T17:30:00+05:30,29081.75,29123.75,29073.25,29121.5,1982
2026-05-20T17:45:00+05:30,29120.25,29161.25,29109.75,29146.5,3695
2026-05-20T18:00:00+05:30,29147.5,29169.25,29122.75,29127.25,4167
2026-05-20T18:15:00+05:30,29127.25,29147.5,29103.0,29104.5,4740
2026-05-20T18:30:00+05:30,29103.75,29117.75,29096.5,29100.5,3558
2026-05-20T18:45:00+05:30,29099.75,29117.0,29056.5,29073.75,7973
2026-05-20T19:00:00+05:30,29073.5,29154.5,29023.25,29142.5,47588
2026-05-20T19:15:00+05:30,29142.75,29194.75,29047.25,29100.5,35424
2026-05-20T19:30:00+05:30,29100.75,29130.0,29008.5,29088.25,29549
2026-05-20T19:45:00+05:30,29087.25,29233.75,29074.5,29209.75,37130
2026-05-20T20:00:00+05:30,29208.75,29263.0,29173.0,29223.75,24722
2026-05-20T20:15:00+05:30,29224.0,29279.5,29175.25,29261.5,17412
2026-05-20T20:30:00+05:30,29261.5,29281.5,29230.75,29256.0,11849
2026-05-20T20:45:00+05:30,29255.0,29395.5,29255.0,29292.25,32537
2026-05-20T21:00:00+05:30,29293.5,29334.25,29289.0,29319.75,12457
2026-05-20T21:15:00+05:30,29320.0,29358.75,29305.75,29331.5,11546
2026-05-20T21:30:00+05:30,29331.5,29337.5,29286.25,29299.25,8284
2026-05-20T21:45:00+05:30,29299.5,29300.5,29210.0,29235.75,16362
2026-05-20T22:00:00+05:30,29236.25,29289.0,29221.0,29288.25,14830
2026-05-20T22:15:00+05:30,29287.5,29296.25,29224.5,29261.75,11702
2026-05-20T22:30:00+05:30,29263.0,29304.75,29229.0,29282.75,10940
2026-05-20T22:45:00+05:30,29282.5,29306.0,29261.0,29294.5,7939
2026-05-20T23:00:00+05:30,29295.25,29326.0,29273.75,29302.75,8574
2026-05-20T23:15:00+05:30,29304.0,29310.75,29282.25,29301.25,6672
2026-05-20T23:30:00+05:30,29302.5,29326.0,29275.25,29307.25,7377
2026-05-20T23:45:00+05:30,29307.25,29317.0,29278.25,29305.5,7748
2026-05-21T00:00:00+05:30,29306.25,29345.0,29296.0,29298.25,8750
2026-05-21T00:15:00+05:30,29297.75,29316.25,29288.25,29300.5,6364
2026-05-21T00:30:00+05:30,29301.25,29338.75,29298.25,29337.5,7230
2026-05-21T00:45:00+05:30,29337.5,29349.75,29329.75,29340.25,8907
2026-05-21T01:00:00+05:30,29340.75,29377.0,29326.75,29354.25,9890
2026-05-21T01:15:00+05:30,29353.25,29396.75,29336.25,29396.25,23501
2026-05-21T01:30:00+05:30,29396.25,29397.5,29341.0,29356.0,9223
2026-05-21T01:45:00+05:30,29357.25,29379.0,29247.25,29373.75,12528
2026-05-21T02:00:00+05:30,29373.0,29379.0,29277.25,29304.75,5893
2026-05-21T02:15:00+05:30,29306.0,29320.5,29252.25,29278.5,4143
2026-05-21T03:30:00+05:30,29253.0,29278.5,29113.0,29156.75,5739
2026-05-21T03:45:00+05:30,29160.25,29177.0,29118.5,29172.0,2075
2026-05-21T04:00:00+05:30,29169.5,29189.25,29157.25,29183.75,1562
2026-05-21T04:15:00+05:30,29183.5,29192.0,29161.75,29191.5,1120
2026-05-21T04:30:00+05:30,29191.75,29225.0,29188.0,29205.25,1546
2026-05-21T04:45:00+05:30,29206.25,29206.75,29164.0,29181.5,1551
2026-05-21T05:00:00+05:30,29180.5,29199.75,29173.5,29186.75,885
2026-05-21T05:15:00+05:30,29186.75,29209.0,29178.75,29192.25,1160
2026-05-21T05:30:00+05:30,29193.0,29213.25,29171.0,29208.5,2013
2026-05-21T05:45:00+05:30,29209.0,29220.0,29172.0,29194.75,1688
2026-05-21T06:00:00+05:30,29194.75,29219.25,29182.0,29218.25,1309
2026-05-21T06:15:00+05:30,29218.25,29232.5,29205.25,29222.0,1469
2026-05-21T06:30:00+05:30,29221.75,29281.25,29221.75,29281.0,2430
2026-05-21T06:45:00+05:30,29280.25,29295.5,29260.25,29271.0,1588
2026-05-21T07:00:00+05:30,29269.5,29320.5,29262.75,29314.5,2123
2026-05-21T07:15:00+05:30,29312.75,29320.0,29281.0,29313.25,1488
2026-05-21T07:30:00+05:30,29315.0,29340.25,29312.5,29332.0,1554
2026-05-21T07:45:00+05:30,29333.25,29377.25,29330.5,29356.0,1987
2026-05-21T08:00:00+05:30,29355.5,29358.25,29333.5,29336.75,1547
2026-05-21T08:15:00+05:30,29337.25,29342.25,29319.0,29329.0,1211
2026-05-21T08:30:00+05:30,29329.75,29356.5,29325.25,29346.75,993
2026-05-21T08:45:00+05:30,29348.0,29366.25,29335.75,29359.75,977
2026-05-21T09:00:00+05:30,29359.25,29381.5,29350.75,29380.25,1017
2026-05-21T09:15:00+05:30,29380.0,29381.0,29356.0,29360.75,933
2026-05-21T09:30:00+05:30,29362.75,29390.0,29360.0,29383.25,928
2026-05-21T09:45:00+05:30,29383.75,29414.75,29379.5,29408.25,1488
2026-05-21T10:00:00+05:30,29407.0,29409.0,29380.5,29404.0,1116
2026-05-21T10:15:00+05:30,29404.0,29428.75,29395.0,29418.25,1277
2026-05-21T10:30:00+05:30,29420.75,29439.75,29408.5,29415.0,1356
2026-05-21T10:45:00+05:30,29413.5,29427.75,29390.5,29397.0,1175
2026-05-21T11:00:00+05:30,29398.0,29398.75,29372.75,29385.25,1486
2026-05-21T11:15:00+05:30,29381.5,29386.75,29298.0,29368.0,2991
2026-05-21T11:30:00+05:30,29366.25,29393.5,29355.5,29364.25,1819
2026-05-21T11:45:00+05:30,29363.75,29389.0,29340.25,29366.5,2119
2026-05-21T12:00:00+05:30,29366.0,29376.75,29317.0,29319.25,1268
2026-05-21T12:15:00+05:30,29318.0,29321.75,29280.0,29300.25,2225
2026-05-21T12:30:00+05:30,29299.0,29305.0,29200.0,29230.75,3756
2026-05-21T12:45:00+05:30,29230.25,29267.25,29201.5,29258.0,2616
2026-05-21T13:00:00+05:30,29257.5,29289.75,29253.5,29284.5,1545
2026-05-21T13:15:00+05:30,29285.0,29333.25,29276.5,29321.25,2008
2026-05-21T13:30:00+05:30,29321.5,29433.0,29311.25,29432.0,4025
2026-05-21T13:45:00+05:30,29432.75,29464.5,29373.5,29415.5,4502
2026-05-21T14:00:00+05:30,29413.75,29416.5,29365.0,29385.25,1655
2026-05-21T14:15:00+05:30,29387.25,29389.0,29349.25,29373.25,1958
2026-05-21T14:30:00+05:30,29374.0,29419.75,29367.0,29404.25,1888
2026-05-21T14:45:00+05:30,29403.75,29429.75,29397.0,29418.75,1247
2026-05-21T15:00:00+05:30,29419.0,29429.0,29375.0,29379.0,1416
2026-05-21T15:15:00+05:30,29378.0,29395.75,29373.25,29380.25,835
2026-05-21T15:30:00+05:30,29381.5,29392.5,29355.0,29384.75,1205
2026-05-21T15:45:00+05:30,29385.5,29393.0,29242.5,29272.0,4748
2026-05-21T16:00:00+05:30,29274.0,29296.75,29212.25,29252.0,4066
2026-05-21T16:15:00+05:30,29253.25,29257.25,29192.25,29246.5,4002
2026-05-21T16:30:00+05:30,29247.25,29259.0,29204.0,29250.0,3344
2026-05-21T16:45:00+05:30,29249.0,29293.75,29247.0,29276.0,2740
2026-05-21T17:00:00+05:30,29276.0,29286.75,29239.0,29243.5,1821
2026-05-21T17:15:00+05:30,29243.0,29277.75,29243.0,29253.25,1540
2026-05-21T17:30:00+05:30,29252.75,29268.0,29224.25,29238.5,2221
2026-05-21T17:45:00+05:30,29238.0,29262.0,29219.5,29241.75,3126
2026-05-21T18:00:00+05:30,29244.25,29292.75,29221.0,29236.25,7000
2026-05-21T18:15:00+05:30,29237.0,29244.0,29185.5,29194.0,5048
2026-05-21T18:30:00+05:30,29193.5,29244.0,29188.0,29215.75,7109
2026-05-21T18:45:00+05:30,29213.5,29221.25,29180.0,29215.5,7322
2026-05-21T19:00:00+05:30,29217.25,29268.5,29174.0,29214.0,39735
2026-05-21T19:15:00+05:30,29216.25,29315.0,29188.0,29288.25,36019
2026-05-21T19:30:00+05:30,29287.5,29340.0,29251.25,29267.0,26111
2026-05-21T19:45:00+05:30,29267.0,29276.75,29127.0,29190.0,33277
2026-05-21T20:00:00+05:30,29189.25,29255.75,29175.75,29236.0,21216
2026-05-21T20:15:00+05:30,29234.5,29253.5,29166.0,29235.75,18122
2026-05-21T20:30:00+05:30,29235.5,29249.25,29139.0,29233.0,22709
2026-05-21T20:45:00+05:30,29233.0,29263.5,29219.5,29234.75,14945
2026-05-21T21:00:00+05:30,29234.5,29274.75,29175.5,29258.0,14995
2026-05-21T21:15:00+05:30,29257.5,29304.5,29257.0,29266.25,10796
2026-05-21T21:30:00+05:30,29267.0,29310.5,29263.0,29275.25,11316
2026-05-21T21:45:00+05:30,29274.75,29282.5,29215.25,29247.75,8531
2026-05-21T22:00:00+05:30,29247.25,29273.75,29232.0,29254.5,6559
2026-05-21T22:15:00+05:30,29256.25,29270.0,29207.75,29257.75,7205
2026-05-21T22:30:00+05:30,29258.75,29382.0,29258.25,29343.25,17434
2026-05-21T22:45:00+05:30,29344.5,29478.25,29335.25,29412.75,25007
2026-05-21T23:00:00+05:30,29412.5,29496.25,29407.25,29493.0,12962
2026-05-21T23:15:00+05:30,29493.75,29554.0,29470.0,29497.25,14191
2026-05-21T23:30:00+05:30,29497.0,29521.5,29445.0,29450.75,14314
2026-05-21T23:45:00+05:30,29451.75,29478.0,29428.0,29459.0,9956
2026-05-22T00:00:00+05:30,29459.75,29469.5,29435.0,29457.5,7948
2026-05-22T00:15:00+05:30,29456.25,29465.75,29293.25,29337.0,23192
2026-05-22T00:30:00+05:30,29338.5,29413.0,29335.25,29412.25,12401
2026-05-22T00:45:00+05:30,29411.75,29439.25,29405.0,29427.5,9176
2026-05-22T01:00:00+05:30,29428.0,29444.5,29403.0,29416.5,9585
2026-05-22T01:15:00+05:30,29416.75,29466.0,29399.0,29446.25,23059
2026-05-22T01:30:00+05:30,29446.25,29471.0,29433.75,29458.0,6502
2026-05-22T01:45:00+05:30,29457.25,29460.75,29439.25,29447.0,1917
2026-05-22T02:00:00+05:30,29447.75,29460.25,29445.0,29458.25,1194
2026-05-22T02:15:00+05:30,29458.25,29464.25,29451.25,29455.5,1121
2026-05-22T03:30:00+05:30,29444.0,29515.75,29444.0,29512.75,2456
2026-05-22T03:45:00+05:30,29511.5,29520.75,29486.75,29505.75,1255
2026-05-22T04:00:00+05:30,29505.25,29516.0,29486.75,29512.25,1224
2026-05-22T04:15:00+05:30,29513.5,29543.75,29513.25,29537.75,1880
2026-05-22T04:30:00+05:30,29538.5,29553.0,29534.5,29543.75,1003
2026-05-22T04:45:00+05:30,29543.75,29549.0,29535.0,29539.0,655
2026-05-22T05:00:00+05:30,29539.5,29553.75,29534.5,29543.0,1137
2026-05-22T05:15:00+05:30,29543.0,29584.75,29541.25,29550.5,2319
2026-05-22T05:30:00+05:30,29550.75,29576.75,29534.5,29555.25,2976
2026-05-22T05:45:00+05:30,29552.5,29599.5,29547.25,29572.0,2595
2026-05-22T06:00:00+05:30,29572.25,29603.5,29572.0,29574.75,2196
2026-05-22T06:15:00+05:30,29574.0,29590.75,29564.75,29566.0,1109
2026-05-22T06:30:00+05:30,29563.5,29578.75,29537.0,29574.0,2154
2026-05-22T06:45:00+05:30,29574.0,29575.75,29539.0,29545.0,1313
2026-05-22T07:00:00+05:30,29543.0,29550.25,29491.0,29525.25,2390
2026-05-22T07:15:00+05:30,29526.25,29553.5,29521.75,29529.5,1505
2026-05-22T07:30:00+05:30,29530.0,29543.0,29513.0,29532.25,1416
2026-05-22T07:45:00+05:30,29533.25,29541.75,29504.25,29512.5,1352
2026-05-22T08:00:00+05:30,29511.5,29550.0,29509.25,29538.25,1147
2026-05-22T08:15:00+05:30,29538.0,29556.75,29532.25,29549.75,883
2026-05-22T08:30:00+05:30,29548.5,29553.25,29527.75,29536.5,766
2026-05-22T08:45:00+05:30,29538.0,29548.0,29531.5,29545.0,749
2026-05-22T09:00:00+05:30,29545.25,29564.25,29545.25,29563.25,643
2026-05-22T09:15:00+05:30,29562.5,29573.25,29560.25,29572.25,626
2026-05-22T09:30:00+05:30,29572.75,29593.5,29572.75,29584.5,977
2026-05-22T09:45:00+05:30,29585.0,29593.5,29577.5,29588.5,909
2026-05-22T10:00:00+05:30,29588.75,29588.75,29564.5,29571.75,952
2026-05-22T10:15:00+05:30,29571.75,29598.0,29571.75,29592.5,794
2026-05-22T10:30:00+05:30,29592.5,29606.25,29589.5,29594.75,1059
2026-05-22T10:45:00+05:30,29595.5,29600.25,29573.25,29587.25,965
2026-05-22T11:00:00+05:30,29585.75,29592.25,29563.5,29579.25,1200
2026-05-22T11:15:00+05:30,29579.25,29595.25,29534.75,29547.0,1927
2026-05-22T11:30:00+05:30,29545.25,29565.0,29533.25,29561.25,1913
2026-05-22T11:45:00+05:30,29560.5,29574.0,29546.25,29562.0,1121
2026-05-22T12:00:00+05:30,29565.25,29593.25,29552.5,29587.75,1562
2026-05-22T12:15:00+05:30,29591.0,29592.75,29559.75,29563.75,869
2026-05-22T12:30:00+05:30,29562.25,29563.75,29528.75,29538.0,2176
2026-05-22T12:45:00+05:30,29538.5,29580.5,29538.5,29573.75,1129
2026-05-22T13:00:00+05:30,29575.25,29576.75,29532.25,29563.5,1525
2026-05-22T13:15:00+05:30,29564.25,29587.5,29553.0,29583.75,1091
2026-05-22T13:30:00+05:30,29584.0,29615.0,29582.75,29596.0,2396
2026-05-22T13:45:00+05:30,29595.5,29665.25,29595.5,29634.5,3478
2026-05-22T14:00:00+05:30,29633.0,29635.5,29580.25,29597.75,2914
2026-05-22T14:15:00+05:30,29598.0,29618.0,29562.75,29565.25,1464
2026-05-22T14:30:00+05:30,29564.25,29566.0,29505.25,29508.0,2807
2026-05-22T14:45:00+05:30,29506.75,29528.25,29486.0,29496.5,2210
2026-05-22T15:00:00+05:30,29497.5,29537.5,29477.0,29533.75,2558
2026-05-22T15:15:00+05:30,29533.25,29549.75,29518.25,29527.25,1642
2026-05-22T15:30:00+05:30,29527.0,29527.25,29485.5,29489.0,2172
2026-05-22T15:45:00+05:30,29489.75,29494.0,29449.0,29454.5,2277
2026-05-22T16:00:00+05:30,29455.0,29464.5,29436.0,29452.25,1376
2026-05-22T16:15:00+05:30,29453.0,29478.75,29450.5,29465.5,1327
2026-05-22T16:30:00+05:30,29464.75,29496.0,29461.0,29469.0,1722
2026-05-22T16:45:00+05:30,29467.75,29482.75,29452.75,29470.75,1385
2026-05-22T17:00:00+05:30,29470.0,29500.0,29462.0,29499.0,1303
2026-05-22T17:15:00+05:30,29499.0,29527.75,29492.5,29509.5,2159
2026-05-22T17:30:00+05:30,29508.25,29581.5,29495.75,29566.5,4182
2026-05-22T17:45:00+05:30,29567.5,29584.75,29529.75,29549.5,4365
2026-05-22T18:00:00+05:30,29549.75,29566.25,29545.0,29554.5,2674
2026-05-22T18:15:00+05:30,29555.5,29595.75,29555.5,29593.75,3522
2026-05-22T18:30:00+05:30,29594.25,29603.75,29556.25,29584.25,5931
2026-05-22T18:45:00+05:30,29583.75,29595.25,29548.5,29580.75,7066
2026-05-22T19:00:00+05:30,29580.0,29715.5,29551.25,29642.25,43723
2026-05-22T19:15:00+05:30,29642.0,29667.75,29587.5,29643.0,22515
2026-05-22T19:30:00+05:30,29640.5,29642.0,29515.5,29564.25,25845
2026-05-22T19:45:00+05:30,29565.0,29599.0,29490.25,29564.25,21271
2026-05-22T20:00:00+05:30,29563.75,29637.25,29553.0,29635.75,17210
2026-05-22T20:15:00+05:30,29635.5,29655.0,29607.25,29647.25,12431
2026-05-22T20:30:00+05:30,29647.0,29696.0,29644.5,29688.75,13419
2026-05-22T20:45:00+05:30,29689.0,29708.75,29668.75,29708.5,12504
2026-05-22T21:00:00+05:30,29708.0,29713.75,29678.0,29695.0,9882
2026-05-22T21:15:00+05:30,29695.25,29696.0,29660.0,29687.5,8752
2026-05-22T21:30:00+05:30,29687.0,29694.75,29665.0,29681.25,7998
2026-05-22T21:45:00+05:30,29680.25,29681.25,29640.25,29666.0,9655
2026-05-22T22:00:00+05:30,29666.5,29677.5,29632.5,29640.75,9126
2026-05-22T22:15:00+05:30,29640.75,29673.75,29639.25,29671.5,6738
2026-05-22T22:30:00+05:30,29671.75,29704.5,29671.75,29696.75,8282
2026-05-22T22:45:00+05:30,29697.75,29737.25,29645.0,29736.75,16328
2026-05-22T23:00:00+05:30,29736.5,29749.0,29684.75,29702.25,11969
2026-05-22T23:15:00+05:30,29702.25,29709.0,29661.5,29678.5,8059
2026-05-22T23:30:00+05:30,29679.25,29688.75,29646.0,29664.5,8115
2026-05-22T23:45:00+05:30,29664.5,29673.75,29650.5,29660.5,5619
2026-05-23T00:00:00+05:30,29661.0,29674.25,29624.0,29666.5,9615
2026-05-23T00:15:00+05:30,29667.25,29672.25,29641.25,29650.25,6938
2026-05-23T00:30:00+05:30,29650.5,29664.5,29588.0,29599.75,13416
2026-05-23T00:45:00+05:30,29600.25,29603.5,29543.25,29551.0,11220
2026-05-23T01:00:00+05:30,29551.5,29588.5,29533.0,29561.0,11114
2026-05-23T01:15:00+05:30,29561.25,29582.75,29532.0,29552.5,19715
2026-05-23T01:30:00+05:30,29552.5,29580.75,29541.5,29561.0,7497
2026-05-23T01:45:00+05:30,29561.25,29561.75,29540.0,29548.5,1920
2026-05-23T02:00:00+05:30,29549.0,29552.0,29502.25,29529.25,3527
2026-05-23T02:15:00+05:30,29530.25,29539.75,29519.75,29520.75,1691
2026-05-25T03:30:00+05:30,29676.25,29778.75,29676.25,29772.0,6254
2026-05-25T03:45:00+05:30,29772.5,29786.0,29756.75,29774.0,2386
2026-05-25T04:00:00+05:30,29775.5,29808.5,29774.5,29804.25,2232
2026-05-25T04:15:00+05:30,29804.75,29825.5,29802.75,29808.5,1672
2026-05-25T04:30:00+05:30,29807.5,29831.75,29807.5,29822.5,1872
2026-05-25T04:45:00+05:30,29824.0,29825.0,29805.25,29811.75,1045
2026-05-25T05:00:00+05:30,29812.0,29883.0,29812.0,29858.5,3471
2026-05-25T05:15:00+05:30,29857.5,29865.5,29838.0,29842.5,1309
2026-05-25T05:30:00+05:30,29842.25,29872.5,29826.25,29870.25,1945
2026-05-25T05:45:00+05:30,29869.75,29892.0,29860.0,29884.5,2015
2026-05-25T06:00:00+05:30,29884.5,29922.0,29883.75,29912.75,2807
2026-05-25T06:15:00+05:30,29913.25,29935.75,29904.5,29914.75,2354
2026-05-25T06:30:00+05:30,29915.25,29929.75,29906.0,29923.25,2058
2026-05-25T06:45:00+05:30,29923.25,29929.25,29915.75,29927.0,986
2026-05-25T07:00:00+05:30,29927.25,29949.0,29921.0,29933.0,1897
2026-05-25T07:15:00+05:30,29933.5,29935.25,29921.5,29924.75,734
2026-05-25T07:30:00+05:30,29925.75,29935.0,29917.75,29924.0,1008
2026-05-25T07:45:00+05:30,29925.0,29925.25,29905.0,29914.5,1225
2026-05-25T08:00:00+05:30,29915.0,29917.25,29903.0,29915.75,715
2026-05-25T08:15:00+05:30,29915.75,29960.75,29915.75,29957.0,2238
2026-05-25T08:30:00+05:30,29958.0,29988.0,29957.5,29965.25,3728
2026-05-25T08:45:00+05:30,29966.0,29983.5,29955.5,29965.5,1421
2026-05-25T09:00:00+05:30,29966.75,29975.0,29963.25,29966.75,911
2026-05-25T09:15:00+05:30,29966.0,29970.0,29957.0,29962.5,717
2026-05-25T09:30:00+05:30,29962.25,29977.0,29962.0,29966.75,795
2026-05-25T09:45:00+05:30,29966.75,29972.0,29962.25,29969.5,323
2026-05-25T10:00:00+05:30,29968.5,29972.25,29961.0,29971.5,519
2026-05-25T10:15:00+05:30,29971.25,29987.5,29971.25,29974.5,874
2026-05-25T10:30:00+05:30,29974.0,29990.0,29973.0,29986.25,891
2026-05-25T10:45:00+05:30,29986.25,29995.0,29976.0,29983.0,933
2026-05-25T11:00:00+05:30,29983.0,29993.75,29977.75,29991.75,700
2026-05-25T11:15:00+05:30,29991.5,29992.25,29968.25,29969.25,691
2026-05-25T11:30:00+05:30,29968.25,29981.0,29963.0,29970.75,916
2026-05-25T11:45:00+05:30,29969.75,29971.25,29950.0,29967.75,1361
2026-05-25T12:00:00+05:30,29968.25,29978.5,29960.0,29966.5,901
2026-05-25T12:15:00+05:30,29966.75,29985.0,29964.5,29967.5,993
2026-05-25T12:30:00+05:30,29968.25,29973.0,29940.5,29941.25,1304
2026-05-25T12:45:00+05:30,29941.0,29950.0,29889.5,29930.0,3813
2026-05-25T13:00:00+05:30,29931.0,29987.75,29927.0,29965.25,2813
2026-05-25T13:15:00+05:30,29965.25,29975.75,29956.0,29972.25,839
2026-05-25T13:30:00+05:30,29971.75,29974.5,29938.75,29940.5,1273
2026-05-25T13:45:00+05:30,29939.5,29944.5,29927.0,29933.25,1122
2026-05-25T14:00:00+05:30,29935.5,29957.0,29927.5,29952.75,667
2026-05-25T14:15:00+05:30,29955.5,29964.25,29955.5,29962.75,503
2026-05-25T14:30:00+05:30,29963.25,29976.75,29962.25,29966.75,711
2026-05-25T14:45:00+05:30,29966.5,29970.25,29957.25,29962.75,365
2026-05-25T15:00:00+05:30,29962.25,29972.25,29956.0,29962.0,461
2026-05-25T15:15:00+05:30,29961.75,29962.75,29954.25,29956.25,500
2026-05-25T15:30:00+05:30,29955.75,29963.25,29947.0,29962.25,621
2026-05-25T15:45:00+05:30,29962.0,29971.0,29956.75,29962.5,475
2026-05-25T16:00:00+05:30,29962.0,29972.5,29957.5,29970.75,363
2026-05-25T16:15:00+05:30,29971.75,29974.75,29966.25,29973.0,396
2026-05-25T16:30:00+05:30,29971.75,29980.5,29965.5,29977.0,625
2026-05-25T16:45:00+05:30,29976.5,29983.5,29975.25,29977.5,349
2026-05-25T17:00:00+05:30,29976.5,29988.0,29974.5,29980.5,918
2026-05-25T17:15:00+05:30,29981.0,29989.25,29970.0,29972.25,728
2026-05-25T17:30:00+05:30,29972.25,29985.0,29964.0,29965.0,804
2026-05-25T17:45:00+05:30,29964.0,29990.0,29960.0,29965.5,1583
2026-05-25T18:00:00+05:30,29965.0,29968.0,29949.75,29953.25,1098
2026-05-25T18:15:00+05:30,29953.75,29957.75,29936.75,29941.5,1696
2026-05-25T18:30:00+05:30,29941.25,29955.5,29939.25,29946.75,844
2026-05-25T18:45:00+05:30,29947.0,29947.0,29937.75,29940.5,1067
2026-05-25T19:00:00+05:30,29940.5,29975.75,29939.75,29975.0,3698
2026-05-25T19:15:00+05:30,29975.0,29993.75,29970.0,29993.5,3799
2026-05-25T19:30:00+05:30,29992.75,29993.75,29952.25,29953.5,4043
2026-05-25T19:45:00+05:30,29952.75,29957.5,29940.0,29942.25,3018
2026-05-25T20:00:00+05:30,29943.0,29945.5,29910.0,29912.75,3565
2026-05-25T20:15:00+05:30,29912.25,29940.5,29910.0,29929.0,3352
2026-05-25T20:30:00+05:30,29928.75,29990.75,29925.0,29967.75,6183
2026-05-25T20:45:00+05:30,29968.25,29977.5,29933.0,29934.25,4544
2026-05-25T21:00:00+05:30,29933.75,29941.0,29920.25,29926.75,2080
2026-05-25T21:15:00+05:30,29925.5,29931.0,29915.5,29922.5,1911
2026-05-25T21:30:00+05:30,29923.0,29935.0,29913.0,29932.25,1319
2026-05-25T21:45:00+05:30,29931.75,29936.25,29914.0,29924.0,1441
2026-05-25T22:00:00+05:30,29923.75,29936.25,29920.0,29934.5,1225
2026-05-25T22:15:00+05:30,29934.25,29966.75,29927.75,29962.5,2146
2026-05-26T03:30:00+05:30,29962.0,29977.0,29910.25,29925.75,3700
2026-05-26T03:45:00+05:30,29924.75,29951.5,29919.25,29939.5,1416
2026-05-26T04:00:00+05:30,29936.5,29936.5,29884.5,29906.75,3187
2026-05-26T04:15:00+05:30,29906.5,29910.0,29881.25,29891.0,1245
2026-05-26T04:30:00+05:30,29889.0,29901.0,29872.25,29878.75,1641
2026-05-26T04:45:00+05:30,29879.5,29885.75,29834.25,29840.75,2568
2026-05-26T05:00:00+05:30,29840.0,29883.5,29836.5,29881.0,1708
2026-05-26T05:15:00+05:30,29880.5,29898.75,29872.25,29879.25,1794
2026-05-26T05:30:00+05:30,29879.5,29880.5,29800.5,29828.0,4504
2026-05-26T05:45:00+05:30,29827.5,29849.0,29811.25,29844.0,2111
2026-05-26T06:00:00+05:30,29843.0,29856.25,29817.5,29823.75,1929
2026-05-26T06:15:00+05:30,29822.75,29833.75,29808.0,29821.5,1473
2026-05-26T06:30:00+05:30,29820.75,29828.5,29796.5,29823.0,2227
2026-05-26T06:45:00+05:30,29822.75,29836.0,29794.0,29802.0,1941
2026-05-26T07:00:00+05:30,29802.5,29804.0,29770.25,29789.25,3008
2026-05-26T07:15:00+05:30,29788.0,29817.25,29788.0,29811.75,1940
2026-05-26T07:30:00+05:30,29814.5,29827.0,29804.75,29820.5,969
2026-05-26T07:45:00+05:30,29819.5,29829.0,29797.0,29813.75,1232
2026-05-26T08:00:00+05:30,29814.25,29825.5,29801.25,29809.0,1157
2026-05-26T08:15:00+05:30,29810.0,29819.5,29803.25,29817.75,575
2026-05-26T08:30:00+05:30,29818.25,29823.5,29803.25,29803.5,905
2026-05-26T08:45:00+05:30,29803.5,29826.25,29802.25,29825.25,887
2026-05-26T09:00:00+05:30,29825.5,29828.5,29810.75,29812.5,612
2026-05-26T09:15:00+05:30,29811.75,29825.75,29804.0,29819.5,742
2026-05-26T09:30:00+05:30,29821.0,29827.0,29805.5,29826.25,665
2026-05-26T09:45:00+05:30,29826.0,29829.0,29813.0,29813.0,580
2026-05-26T10:00:00+05:30,29813.0,29823.0,29807.75,29811.0,631
2026-05-26T10:15:00+05:30,29810.75,29811.25,29793.0,29800.5,1026
2026-05-26T10:30:00+05:30,29800.0,29810.0,29782.5,29805.25,991
2026-05-26T10:45:00+05:30,29805.25,29812.5,29801.75,29807.25,547
2026-05-26T11:00:00+05:30,29807.0,29816.5,29798.5,29806.5,622
2026-05-26T11:15:00+05:30,29806.75,29814.25,29793.75,29806.0,705
2026-05-26T11:30:00+05:30,29807.0,29840.5,29798.75,29837.25,1390
2026-05-26T11:45:00+05:30,29837.0,29845.25,29802.0,29816.5,1899
2026-05-26T12:00:00+05:30,29817.25,29842.5,29810.0,29834.75,1257
2026-05-26T12:15:00+05:30,29835.25,29835.25,29820.0,29826.25,675
2026-05-26T12:30:00+05:30,29825.25,29830.0,29762.5,29780.75,2902
2026-05-26T12:45:00+05:30,29781.5,29787.5,29760.0,29771.5,1596
2026-05-26T13:00:00+05:30,29772.25,29784.5,29744.0,29782.75,1988
2026-05-26T13:15:00+05:30,29782.0,29796.25,29755.0,29773.0,1603
2026-05-26T13:30:00+05:30,29774.5,29786.0,29758.0,29772.0,1241
2026-05-26T13:45:00+05:30,29771.0,29793.0,29765.5,29790.25,906
2026-05-26T14:00:00+05:30,29789.5,29804.75,29773.0,29800.75,1293
2026-05-26T14:15:00+05:30,29800.75,29811.0,29784.25,29808.75,969
2026-05-26T14:30:00+05:30,29809.0,29823.5,29807.75,29809.25,830
2026-05-26T14:45:00+05:30,29808.25,29843.75,29805.0,29839.5,1757
2026-05-26T15:00:00+05:30,29839.5,29844.25,29830.25,29837.75,994
2026-05-26T15:15:00+05:30,29837.75,29850.5,29836.5,29847.0,852
2026-05-26T15:30:00+05:30,29848.25,29871.0,29844.0,29868.0,1317
2026-05-26T15:45:00+05:30,29869.75,29906.0,29862.25,29897.5,2608
2026-05-26T16:00:00+05:30,29898.0,29915.0,29869.5,29871.25,2120
2026-05-26T16:15:00+05:30,29873.0,29880.0,29854.25,29854.25,1652
2026-05-26T16:30:00+05:30,29855.75,29866.0,29840.25,29840.75,1789
2026-05-26T16:45:00+05:30,29842.0,29866.75,29840.0,29859.5,1870
2026-05-26T17:00:00+05:30,29858.5,29874.25,29818.0,29858.75,3078
2026-05-26T17:15:00+05:30,29857.75,29872.0,29852.25,29865.75,1182
2026-05-26T17:30:00+05:30,29864.0,29884.75,29851.0,29870.25,2779
2026-05-26T17:45:00+05:30,29870.0,29902.5,29864.25,29898.0,2286
2026-05-26T18:00:00+05:30,29897.75,29930.5,29891.0,29918.0,3079
2026-05-26T18:15:00+05:30,29918.75,29926.0,29910.25,29920.5,2400
2026-05-26T18:30:00+05:30,29920.0,29925.0,29901.25,29921.25,2810
2026-05-26T18:45:00+05:30,29921.25,29929.0,29888.5,29902.5,6510
2026-05-26T19:00:00+05:30,29902.0,29938.0,29826.75,29934.0,43848
2026-05-26T19:15:00+05:30,29933.5,30007.0,29914.0,30006.75,35655
2026-05-26T19:30:00+05:30,30007.0,30030.0,29976.0,30028.25,21105
2026-05-26T19:45:00+05:30,30028.75,30084.0,30008.0,30067.75,21503
2026-05-26T20:00:00+05:30,30067.5,30118.75,30060.75,30105.25,18734
2026-05-26T20:15:00+05:30,30104.75,30113.25,30053.0,30054.75,16152
2026-05-26T20:30:00+05:30,30055.5,30066.75,30003.75,30038.25,23087
2026-05-26T20:45:00+05:30,30037.75,30038.25,29992.5,29999.25,18159
2026-05-26T21:00:00+05:30,29999.0,30007.5,29960.25,29972.0,16286
2026-05-26T21:15:00+05:30,29972.25,29981.75,29886.0,29927.25,22919
2026-05-26T21:30:00+05:30,29926.75,29979.5,29921.75,29938.5,14989
2026-05-26T21:45:00+05:30,29938.5,29992.5,29928.0,29992.25,10713
2026-05-26T22:00:00+05:30,29992.0,30015.5,29961.75,29964.0,11944
2026-05-26T22:15:00+05:30,29963.5,29984.5,29948.0,29974.75,10756
2026-05-26T22:30:00+05:30,29975.5,30002.25,29968.0,29986.75,9064
2026-05-26T22:45:00+05:30,29987.0,29990.75,29954.5,29969.25,9259
2026-05-26T23:00:00+05:30,29970.0,30002.0,29958.5,29985.25,8906
2026-05-26T23:15:00+05:30,29986.0,30013.25,29985.0,29996.75,7394
2026-05-26T23:30:00+05:30,29996.5,30031.0,29982.0,30025.0,8498
2026-05-26T23:45:00+05:30,30025.5,30054.25,30022.5,30046.0,9948
2026-05-27T00:00:00+05:30,30046.0,30060.75,30030.25,30031.0,9284
2026-05-27T00:15:00+05:30,30031.0,30045.75,30008.75,30014.5,8594
2026-05-27T00:30:00+05:30,30014.0,30057.75,30005.75,30051.75,9326
2026-05-27T00:45:00+05:30,30052.0,30062.5,30044.75,30053.0,7633
2026-05-27T01:00:00+05:30,30052.75,30095.25,30051.5,30091.75,11060
2026-05-27T01:15:00+05:30,30092.0,30112.0,30067.75,30079.75,26228
2026-05-27T01:30:00+05:30,30079.5,30084.0,30055.5,30057.5,8901
2026-05-27T01:45:00+05:30,30057.25,30073.0,30055.75,30061.25,2553
2026-05-27T02:00:00+05:30,30061.5,30070.0,30059.75,30061.0,1075
2026-05-27T02:15:00+05:30,30060.75,30063.0,30031.5,30044.25,2389
2026-05-27T03:30:00+05:30,30050.0,30077.25,30030.75,30045.75,2735
2026-05-27T03:45:00+05:30,30044.5,30060.5,30035.0,30043.75,1292
2026-05-27T04:00:00+05:30,30044.5,30062.75,30044.5,30045.25,998
2026-05-27T04:15:00+05:30,30045.5,30048.5,30028.5,30039.75,1110
2026-05-27T04:30:00+05:30,30040.0,30059.0,30039.25,30044.75,1052
2026-05-27T04:45:00+05:30,30045.75,30076.5,30042.0,30075.0,1333
2026-05-27T05:00:00+05:30,30074.75,30093.0,30064.25,30092.5,1539
2026-05-27T05:15:00+05:30,30092.0,30104.25,30089.5,30099.5,1531
2026-05-27T05:30:00+05:30,30098.0,30115.0,30090.75,30105.75,2546
2026-05-27T05:45:00+05:30,30105.25,30107.0,30071.0,30097.25,2235
2026-05-27T06:00:00+05:30,30097.5,30125.0,30093.0,30114.0,2964
2026-05-27T06:15:00+05:30,30116.0,30137.0,30107.0,30129.0,2564
2026-05-27T06:30:00+05:30,30129.75,30158.0,30115.0,30146.75,2813
2026-05-27T06:45:00+05:30,30146.25,30159.25,30138.0,30150.0,1704
2026-05-27T07:00:00+05:30,30150.25,30153.75,30137.25,30139.5,1366
2026-05-27T07:15:00+05:30,30140.0,30141.0,30116.0,30122.25,1872
2026-05-27T07:30:00+05:30,30125.0,30142.5,30120.75,30139.75,1318
2026-05-27T07:45:00+05:30,30140.75,30153.25,30139.5,30146.0,1065
2026-05-27T08:00:00+05:30,30145.75,30156.0,30141.0,30149.25,1209
2026-05-27T08:15:00+05:30,30149.0,30159.0,30136.25,30138.25,1446
2026-05-27T08:30:00+05:30,30138.0,30155.0,30130.25,30132.0,1481
2026-05-27T08:45:00+05:30,30132.5,30138.0,30120.25,30127.0,1017
2026-05-27T09:00:00+05:30,30127.75,30132.0,30109.5,30122.0,1230
2026-05-27T09:15:00+05:30,30122.0,30122.0,30093.75,30097.25,1229
2026-05-27T09:30:00+05:30,30097.0,30123.75,30094.5,30109.5,1054
2026-05-27T09:45:00+05:30,30108.75,30111.5,30076.5,30079.0,1971
2026-05-27T10:00:00+05:30,30077.75,30106.0,30074.75,30105.25,980
2026-05-27T10:15:00+05:30,30105.75,30121.25,30105.0,30105.5,946
2026-05-27T10:30:00+05:30,30105.25,30120.5,30093.75,30104.0,1212
2026-05-27T10:45:00+05:30,30102.25,30103.25,30076.25,30100.75,1363
2026-05-27T11:00:00+05:30,30101.25,30103.25,30067.75,30101.5,1335
2026-05-27T11:15:00+05:30,30101.75,30109.5,30086.75,30103.5,1238
2026-05-27T11:30:00+05:30,30103.5,30110.75,30089.0,30099.25,1302
2026-05-27T11:45:00+05:30,30098.5,30104.0,30076.0,30081.5,1075
2026-05-27T12:00:00+05:30,30083.25,30088.0,30055.75,30072.75,2000
2026-05-27T12:15:00+05:30,30072.5,30086.0,30066.0,30075.75,1259
2026-05-27T12:30:00+05:30,30076.5,30115.0,30076.25,30115.0,2181
2026-05-27T12:45:00+05:30,30115.0,30130.0,30104.75,30124.75,1602
2026-05-27T13:00:00+05:30,30126.5,30138.25,30115.5,30130.0,1664
2026-05-27T13:15:00+05:30,30131.25,30144.0,30112.5,30140.25,1167
2026-05-27T13:30:00+05:30,30141.0,30168.25,30130.25,30166.25,3077
2026-05-27T13:45:00+05:30,30166.75,30217.0,30166.25,30208.5,3609
2026-05-27T14:00:00+05:30,30208.5,30217.75,30190.5,30211.75,2075
2026-05-27T14:15:00+05:30,30210.5,30211.25,30191.5,30195.5,1227
2026-05-27T14:30:00+05:30,30197.25,30199.75,30173.25,30187.25,1938
2026-05-27T14:45:00+05:30,30186.75,30197.5,30180.0,30188.5,1539
2026-05-27T15:00:00+05:30,30188.75,30209.5,30179.0,30196.0,1406
2026-05-27T15:15:00+05:30,30195.75,30213.5,30186.0,30213.25,1413
2026-05-27T15:30:00+05:30,30214.0,30247.0,30212.5,30246.5,2366
2026-05-27T15:45:00+05:30,30246.75,30248.5,30227.5,30231.75,1344
2026-05-27T16:00:00+05:30,30231.75,30232.75,30212.25,30224.0,1299
2026-05-27T16:15:00+05:30,30225.25,30240.75,30221.0,30235.5,1168
2026-05-27T16:30:00+05:30,30236.0,30273.25,30235.25,30268.5,3289
2026-05-27T16:45:00+05:30,30268.75,30291.5,30251.25,30270.25,3132
2026-05-27T17:00:00+05:30,30269.25,30297.0,30268.75,30278.0,2304
2026-05-27T17:15:00+05:30,30278.0,30293.5,30262.25,30264.75,3037
2026-05-27T17:30:00+05:30,30265.25,30279.0,30254.5,30267.75,2959
2026-05-27T17:45:00+05:30,30266.75,30379.0,30243.25,30353.75,14286
2026-05-27T18:00:00+05:30,30355.25,30357.0,30308.25,30314.75,6061
2026-05-27T18:15:00+05:30,30315.0,30315.75,30256.25,30261.25,5721
2026-05-27T18:30:00+05:30,30260.75,30271.0,30201.0,30215.5,7496
2026-05-27T18:45:00+05:30,30214.75,30224.75,30185.75,30188.25,7596
2026-05-27T19:00:00+05:30,30187.5,30192.0,29965.0,29981.75,60321
2026-05-27T19:15:00+05:30,29982.0,30077.0,29937.0,30059.75,43712
2026-05-27T19:30:00+05:30,30060.75,30099.25,29982.5,30015.5,34505
2026-05-27T19:45:00+05:30,30015.0,30057.25,29888.25,29916.0,35489
2026-05-27T20:00:00+05:30,29916.75,30024.0,29877.5,29993.75,30763
2026-05-27T20:15:00+05:30,29993.75,30024.0,29923.25,29940.75,18686
2026-05-27T20:30:00+05:30,29940.5,29977.75,29908.5,29950.5,16867
2026-05-27T20:45:00+05:30,29950.75,29952.0,29883.25,29951.5,17202
2026-05-27T21:00:00+05:30,29952.0,29981.25,29884.5,29890.5,18504
2026-05-27T21:15:00+05:30,29890.25,29943.5,29882.5,29936.0,16164
2026-05-27T21:30:00+05:30,29934.75,30001.75,29917.25,29996.0,14960
2026-05-27T21:45:00+05:30,29996.5,30017.0,29977.25,29991.75,11945
2026-05-27T22:00:00+05:30,29990.75,30039.5,29973.25,30030.0,9968
2026-05-27T22:15:00+05:30,30031.0,30048.25,29975.25,29988.0,11525
2026-05-27T22:30:00+05:30,29989.75,29997.25,29894.75,29921.5,15618
2026-05-27T22:45:00+05:30,29920.5,29976.0,29913.25,29956.25,9646
2026-05-27T23:00:00+05:30,29956.75,29990.5,29943.0,29947.75,9366
2026-05-27T23:15:00+05:30,29948.0,29994.75,29942.25,29972.5,8287
2026-05-27T23:30:00+05:30,29972.5,30005.75,29963.0,29997.25,8351
2026-05-27T23:45:00+05:30,29997.5,30054.25,29991.5,30053.5,10448
2026-05-28T00:00:00+05:30,30053.25,30060.25,30023.0,30047.5,10276
2026-05-28T00:15:00+05:30,30047.5,30055.0,30033.0,30038.75,8284
2026-05-28T00:30:00+05:30,30039.0,30062.25,30024.5,30042.0,8304
2026-05-28T00:45:00+05:30,30041.25,30053.5,30009.5,30027.25,8068
2026-05-28T01:00:00+05:30,30027.0,30072.0,30025.25,30066.0,10748
2026-05-28T01:15:00+05:30,30066.0,30066.5,30034.25,30047.25,18854
2026-05-28T01:30:00+05:30,30047.5,30071.5,30031.0,30057.5,7486
2026-05-28T01:45:00+05:30,30058.5,30114.25,30058.5,30093.5,5228
2026-05-28T02:00:00+05:30,30093.5,30116.75,30092.0,30110.75,2099
2026-05-28T02:15:00+05:30,30110.75,30129.5,30108.75,30125.25,3000
2026-05-28T03:30:00+05:30,30120.0,30136.25,30064.75,30074.75,3426
2026-05-28T03:45:00+05:30,30075.0,30094.75,30047.75,30047.75,1946
2026-05-28T04:00:00+05:30,30047.5,30063.5,30026.5,30044.75,2288
2026-05-28T04:15:00+05:30,30046.0,30068.5,30044.0,30061.5,1282
2026-05-28T04:30:00+05:30,30061.5,30075.5,30045.25,30056.5,1215
2026-05-28T04:45:00+05:30,30056.0,30080.0,30028.5,30041.5,2276
2026-05-28T05:00:00+05:30,30041.5,30041.75,30001.5,30005.0,2126
2026-05-28T05:15:00+05:30,30006.5,30006.5,29966.75,29979.0,2556
2026-05-28T05:30:00+05:30,29978.0,30018.5,29963.25,29973.0,2922
2026-05-28T05:45:00+05:30,29973.5,30016.75,29970.75,30007.75,2459
2026-05-28T06:00:00+05:30,30008.5,30025.0,29980.75,30025.0,1814
2026-05-28T06:15:00+05:30,30025.0,30090.0,30023.25,30070.5,2476
2026-05-28T06:30:00+05:30,30073.25,30080.25,30037.25,30064.25,1766
2026-05-28T06:45:00+05:30,30064.0,30072.0,30045.0,30058.25,1341
2026-05-28T07:00:00+05:30,30060.25,30076.25,30044.75,30047.75,1352
2026-05-28T07:15:00+05:30,30049.25,30077.0,30034.0,30071.0,1471
2026-05-28T07:30:00+05:30,30071.25,30079.5,30028.0,30028.0,1977
2026-05-28T07:45:00+05:30,30029.0,30033.5,30001.5,30002.5,1976
2026-05-28T08:00:00+05:30,30001.75,30015.25,29979.75,29983.5,2195
2026-05-28T08:15:00+05:30,29983.75,30000.5,29970.75,29973.25,1693
2026-05-28T08:30:00+05:30,29974.25,29985.0,29931.0,29939.5,3328
2026-05-28T08:45:00+05:30,29939.5,29956.5,29910.75,29911.75,2532
2026-05-28T09:00:00+05:30,29911.0,29911.5,29801.5,29802.75,6769
2026-05-28T09:15:00+05:30,29801.75,29836.75,29795.75,29812.0,3611
2026-05-28T09:30:00+05:30,29811.0,29825.0,29770.25,29800.0,4161
2026-05-28T09:45:00+05:30,29799.75,29806.5,29763.0,29785.0,4006
2026-05-28T10:00:00+05:30,29786.25,29822.5,29778.0,29805.25,2126
2026-05-28T10:15:00+05:30,29804.5,29809.0,29781.5,29788.25,1750
2026-05-28T10:30:00+05:30,29789.0,29817.25,29769.0,29811.25,2705
2026-05-28T10:45:00+05:30,29812.25,29841.75,29802.75,29840.75,2624
2026-05-28T11:00:00+05:30,29841.75,29886.75,29834.0,29871.75,3024
2026-05-28T11:15:00+05:30,29874.0,29911.75,29874.0,29905.0,1736
2026-05-28T11:30:00+05:30,29905.5,29933.0,29903.25,29928.0,2108
2026-05-28T11:45:00+05:30,29928.25,29938.0,29915.25,29916.5,1755
2026-05-28T12:00:00+05:30,29916.75,29923.25,29891.75,29912.0,1759
2026-05-28T12:15:00+05:30,29911.5,29913.5,29880.5,29908.25,1815
2026-05-28T12:30:00+05:30,29908.5,29965.0,29908.5,29947.0,3275
2026-05-28T12:45:00+05:30,29947.75,29960.0,29938.25,29946.75,1541
2026-05-28T13:00:00+05:30,29949.75,29959.0,29936.75,29951.0,1205
2026-05-28T13:15:00+05:30,29950.25,29963.5,29923.5,29955.75,1478
2026-05-28T13:30:00+05:30,29958.25,29990.0,29947.5,29966.0,2562
2026-05-28T13:45:00+05:30,29964.5,29995.25,29950.0,29964.0,1867
2026-05-28T14:00:00+05:30,29964.0,29988.0,29959.0,29972.25,1232
2026-05-28T14:15:00+05:30,29970.75,29985.5,29962.0,29984.25,740
2026-05-28T14:30:00+05:30,29984.25,29998.0,29963.25,29970.0,1439
2026-05-28T14:45:00+05:30,29970.0,29989.25,29967.75,29970.75,829
2026-05-28T15:00:00+05:30,29970.25,29971.0,29941.75,29949.75,1433
2026-05-28T15:15:00+05:30,29950.5,29980.5,29946.75,29975.75,1080
2026-05-28T15:30:00+05:30,29975.25,29975.5,29943.75,29946.75,971
2026-05-28T15:45:00+05:30,29945.5,29955.5,29914.25,29934.75,1756
2026-05-28T16:00:00+05:30,29934.5,29940.25,29911.0,29913.5,1224
2026-05-28T16:15:00+05:30,29914.25,29927.25,29863.5,29885.0,3427
2026-05-28T16:30:00+05:30,29884.5,29908.0,29871.25,29879.0,2681
2026-05-28T16:45:00+05:30,29878.75,29912.75,29877.0,29894.75,1762
2026-05-28T17:00:00+05:30,29894.75,29940.0,29882.75,29937.75,2336
2026-05-28T17:15:00+05:30,29937.75,29939.0,29914.0,29924.0,1245
2026-05-28T17:30:00+05:30,29923.25,29962.25,29922.0,29955.0,2251
2026-05-28T17:45:00+05:30,29955.5,29958.75,29928.25,29951.5,2227
2026-05-28T18:00:00+05:30,29952.5,30028.75,29952.25,30027.0,6353
2026-05-28T18:15:00+05:30,30026.0,30067.5,30020.0,30056.0,4751
2026-05-28T18:30:00+05:30,30056.75,30099.0,30028.25,30036.75,7018
2026-05-28T18:45:00+05:30,30036.75,30066.0,30033.0,30053.5,6054
2026-05-28T19:00:00+05:30,30053.0,30112.0,29943.25,29955.5,44198
2026-05-28T19:15:00+05:30,29954.75,29999.0,29920.25,29990.75,31110
2026-05-28T19:30:00+05:30,29992.25,30187.0,29963.25,30161.25,39370
2026-05-28T19:45:00+05:30,30161.0,30173.25,30062.5,30147.5,25949
2026-05-28T20:00:00+05:30,30148.0,30171.25,30107.5,30167.25,20395
2026-05-28T20:15:00+05:30,30168.5,30191.5,30123.25,30187.75,17325
2026-05-28T20:30:00+05:30,30188.0,30244.0,30180.75,30221.0,16155
2026-05-28T20:45:00+05:30,30221.5,30274.75,30209.25,30262.5,14162
2026-05-28T21:00:00+05:30,30262.5,30293.0,30256.75,30261.5,12313
2026-05-28T21:15:00+05:30,30261.75,30281.0,30251.0,30264.5,9674
2026-05-28T21:30:00+05:30,30264.75,30283.0,30238.5,30274.5,9661
2026-05-28T21:45:00+05:30,30274.25,30318.25,30268.0,30301.75,11327
2026-05-28T22:00:00+05:30,30302.0,30309.75,30277.5,30306.75,7688
2026-05-28T22:15:00+05:30,30306.5,30329.75,30298.75,30327.0,7360
2026-05-28T22:30:00+05:30,30326.75,30335.75,30313.75,30317.75,8349
2026-05-28T22:45:00+05:30,30318.0,30320.5,30295.25,30299.25,8840
2026-05-28T23:00:00+05:30,30299.5,30324.5,30282.5,30321.5,9577
2026-05-28T23:15:00+05:30,30322.0,30344.5,30312.0,30319.5,10346
2026-05-28T23:30:00+05:30,30319.5,30337.5,30300.75,30303.75,8915
2026-05-28T23:45:00+05:30,30304.0,30325.5,30297.5,30315.25,9205
2026-05-29T00:00:00+05:30,30315.0,30316.0,30289.5,30300.5,7125
2026-05-29T00:15:00+05:30,30300.75,30317.0,30280.5,30293.5,7392
2026-05-29T00:30:00+05:30,30292.0,30312.0,30277.5,30287.5,7589
2026-05-29T00:45:00+05:30,30287.5,30309.25,30274.25,30306.0,9236
2026-05-29T01:00:00+05:30,30305.75,30331.5,30303.25,30310.25,8921
2026-05-29T01:15:00+05:30,30309.75,30331.0,30283.25,30306.25,21662
2026-05-29T01:30:00+05:30,30306.0,30335.75,30292.0,30333.5,6631
2026-05-29T01:45:00+05:30,30333.75,30344.0,30315.25,30321.75,2977
2026-05-29T02:00:00+05:30,30322.0,30328.75,30316.0,30321.0,1421
2026-05-29T02:15:00+05:30,30320.75,30333.75,30311.25,30313.0,1907
2026-05-29T03:30:00+05:30,30328.0,30362.0,30291.0,30311.5,3944
2026-05-29T03:45:00+05:30,30311.0,30314.75,30287.25,30301.5,1621
2026-05-29T04:00:00+05:30,30301.5,30313.0,30289.75,30308.0,947
2026-05-29T04:15:00+05:30,30308.25,30314.25,30295.0,30297.5,495
2026-05-29T04:30:00+05:30,30297.0,30318.25,30297.0,30315.75,707
2026-05-29T04:45:00+05:30,30315.25,30327.5,30313.25,30318.25,714
2026-05-29T05:00:00+05:30,30314.75,30317.75,30308.0,30312.0,526
2026-05-29T05:15:00+05:30,30310.75,30310.75,30295.0,30301.5,838
2026-05-29T05:30:00+05:30,30301.25,30301.5,30272.25,30282.75,2035
2026-05-29T05:45:00+05:30,30282.25,30301.75,30278.25,30280.75,1255
2026-05-29T06:00:00+05:30,30281.25,30282.0,30244.0,30249.75,1956
2026-05-29T06:15:00+05:30,30249.5,30255.0,30234.0,30247.75,1589
2026-05-29T06:30:00+05:30,30248.25,30262.25,30216.5,30233.5,2556
2026-05-29T06:45:00+05:30,30233.0,30253.5,30226.5,30231.25,1327
2026-05-29T07:00:00+05:30,30230.0,30257.75,30222.0,30253.5,1352
2026-05-29T07:15:00+05:30,30254.25,30263.25,30232.5,30248.75,1468
2026-05-29T07:30:00+05:30,30246.75,30272.0,30239.0,30264.75,1546
2026-05-29T07:45:00+05:30,30264.25,30266.25,30227.75,30235.25,1024
2026-05-29T08:00:00+05:30,30233.25,30255.0,30228.5,30246.75,772
2026-05-29T08:15:00+05:30,30247.75,30252.5,30232.5,30237.25,764
2026-05-29T08:30:00+05:30,30241.25,30265.5,30235.75,30257.0,955
2026-05-29T08:45:00+05:30,30257.75,30266.5,30252.5,30261.0,543
2026-05-29T09:00:00+05:30,30260.5,30264.0,30250.75,30259.75,439
2026-05-29T09:15:00+05:30,30259.75,30274.5,30246.75,30260.5,1148
2026-05-29T09:30:00+05:30,30261.0,30277.0,30260.0,30271.75,802
2026-05-29T09:45:00+05:30,30271.75,30286.75,30271.5,30283.5,1091
2026-05-29T10:00:00+05:30,30283.0,30305.5,30279.5,30304.75,1502
2026-05-29T10:15:00+05:30,30304.25,30307.25,30291.25,30298.0,963
2026-05-29T10:30:00+05:30,30298.0,30317.75,30296.0,30311.75,1296
2026-05-29T10:45:00+05:30,30312.5,30317.5,30304.25,30312.25,717
2026-05-29T11:00:00+05:30,30311.75,30315.0,30292.0,30305.0,1402
2026-05-29T11:15:00+05:30,30304.5,30315.5,30294.25,30299.0,1014
2026-05-29T11:30:00+05:30,30301.0,30327.5,30299.75,30322.25,1467
2026-05-29T11:45:00+05:30,30322.0,30342.25,30313.25,30316.75,2065
2026-05-29T12:00:00+05:30,30316.25,30335.5,30312.25,30328.0,1199
2026-05-29T12:15:00+05:30,30327.75,30350.5,30326.25,30348.25,1318
2026-05-29T12:30:00+05:30,30348.25,30349.5,30322.0,30324.5,2263
2026-05-29T12:45:00+05:30,30324.25,30326.75,30293.75,30300.0,1834
2026-05-29T13:00:00+05:30,30299.25,30303.0,30265.75,30278.75,2294
2026-05-29T13:15:00+05:30,30277.5,30302.25,30276.5,30300.5,1237
2026-05-29T13:30:00+05:30,30299.5,30318.25,30287.0,30310.5,1944
2026-05-29T13:45:00+05:30,30311.25,30318.5,30292.0,30313.0,1414
2026-05-29T14:00:00+05:30,30313.0,30326.0,30306.25,30308.25,1196
2026-05-29T14:15:00+05:30,30309.25,30319.25,30289.5,30314.25,1766
2026-05-29T14:30:00+05:30,30316.25,30361.0,30309.0,30361.0,2245
2026-05-29T14:45:00+05:30,30360.25,30369.25,30337.0,30352.5,2722
2026-05-29T15:00:00+05:30,30353.25,30354.5,30328.75,30331.0,1270
2026-05-29T15:15:00+05:30,30331.0,30349.5,30328.25,30331.5,1540
2026-05-29T15:30:00+05:30,30332.0,30333.5,30301.0,30315.75,1813
2026-05-29T15:45:00+05:30,30316.0,30333.0,30303.25,30329.25,1240
2026-05-29T16:00:00+05:30,30329.75,30346.5,30322.0,30339.25,1442
2026-05-29T16:15:00+05:30,30339.5,30350.0,30334.0,30340.5,1174
2026-05-29T16:30:00+05:30,30339.75,30364.25,30338.0,30361.25,1888
2026-05-29T16:45:00+05:30,30361.75,30372.25,30332.0,30334.0,2218
2026-05-29T17:00:00+05:30,30333.5,30352.25,30309.75,30343.25,2898
2026-05-29T17:15:00+05:30,30343.0,30354.75,30298.75,30349.0,3318
2026-05-29T17:30:00+05:30,30350.0,30351.0,30314.25,30320.75,2017
2026-05-29T17:45:00+05:30,30320.25,30333.75,30312.25,30326.75,1755
2026-05-29T18:00:00+05:30,30327.5,30332.0,30297.0,30322.25,3346
2026-05-29T18:15:00+05:30,30321.75,30349.5,30310.0,30349.0,2203
2026-05-29T18:30:00+05:30,30349.5,30363.75,30341.5,30344.5,3426
2026-05-29T18:45:00+05:30,30345.25,30384.5,30336.0,30382.25,6942
2026-05-29T19:00:00+05:30,30383.0,30462.0,30364.75,30460.5,42521
2026-05-29T19:15:00+05:30,30460.5,30520.75,30452.25,30519.0,24152
2026-05-29T19:30:00+05:30,30518.0,30536.0,30444.5,30459.75,28384
2026-05-29T19:45:00+05:30,30460.0,30462.75,30346.0,30405.5,38895
2026-05-29T20:00:00+05:30,30405.25,30437.5,30289.0,30293.5,35277
2026-05-29T20:15:00+05:30,30294.0,30394.75,30270.0,30359.5,34226
2026-05-29T20:30:00+05:30,30359.75,30429.5,30335.25,30427.0,18042
2026-05-29T20:45:00+05:30,30426.25,30439.75,30359.5,30397.5,17534
2026-05-29T21:00:00+05:30,30398.0,30419.75,30362.75,30376.75,14482
2026-05-29T21:15:00+05:30,30376.75,30397.5,30352.5,30362.5,11009
2026-05-29T21:30:00+05:30,30364.0,30447.75,30357.75,30435.75,10982
2026-05-29T21:45:00+05:30,30435.0,30447.75,30400.5,30403.75,9076
2026-05-29T22:00:00+05:30,30404.0,30447.5,30385.75,30422.5,11518
2026-05-29T22:15:00+05:30,30422.75,30426.75,30375.5,30396.75,9172
2026-05-29T22:30:00+05:30,30398.0,30410.75,30381.75,30392.5,7240
2026-05-29T22:45:00+05:30,30392.5,30399.25,30355.25,30368.0,10083
2026-05-29T23:00:00+05:30,30367.0,30376.5,30340.25,30347.5,9635
2026-05-29T23:15:00+05:30,30347.0,30360.75,30296.0,30302.0,10639
2026-05-29T23:30:00+05:30,30301.75,30366.25,30291.0,30342.5,11858
2026-05-29T23:45:00+05:30,30342.75,30385.5,30328.5,30379.5,8661
2026-05-30T00:00:00+05:30,30379.5,30402.25,30367.0,30384.75,8870
2026-05-30T00:15:00+05:30,30385.25,30385.5,30316.5,30324.5,12854
2026-05-30T00:30:00+05:30,30324.0,30369.25,30315.25,30365.0,8410
2026-05-30T00:45:00+05:30,30365.5,30384.25,30344.0,30381.25,8223
2026-05-30T01:00:00+05:30,30382.25,30440.0,30381.75,30429.0,12301
2026-05-30T01:15:00+05:30,30429.75,30445.25,30393.0,30397.5,32013
2026-05-30T01:30:00+05:30,30398.0,30411.0,30389.0,30396.25,9319
2026-05-30T01:45:00+05:30,30396.0,30397.0,30379.0,30386.5,2848
2026-05-30T02:00:00+05:30,30386.25,30392.25,30376.5,30382.75,1665
2026-05-30T02:15:00+05:30,30382.5,30397.0,30380.5,30389.5,1816
2026-06-01T03:30:00+05:30,30415.5,30440.75,30361.25,30420.25,4461
2026-06-01T03:45:00+05:30,30419.75,30438.0,30396.25,30423.75,2137
2026-06-01T04:00:00+05:30,30423.75,30453.5,30423.5,30453.5,1651
2026-06-01T04:15:00+05:30,30453.75,30473.0,30452.0,30455.5,1869
2026-06-01T04:30:00+05:30,30456.0,30479.0,30450.25,30465.0,1338
2026-06-01T04:45:00+05:30,30464.5,30473.0,30450.5,30468.0,1025
2026-06-01T05:00:00+05:30,30468.25,30478.25,30459.25,30466.0,931
2026-06-01T05:15:00+05:30,30466.75,30485.0,30461.25,30477.0,1190
2026-06-01T05:30:00+05:30,30478.25,30524.5,30470.25,30513.0,3983
2026-06-01T05:45:00+05:30,30512.25,30546.5,30495.0,30543.5,2761
2026-06-01T06:00:00+05:30,30543.5,30552.25,30525.75,30544.0,1953
2026-06-01T06:15:00+05:30,30545.75,30554.75,30535.0,30539.5,2110
2026-06-01T06:30:00+05:30,30541.0,30549.0,30519.75,30530.25,2359
2026-06-01T06:45:00+05:30,30530.5,30551.5,30529.0,30533.25,1866
2026-06-01T07:00:00+05:30,30533.25,30548.75,30527.0,30539.25,1857
2026-06-01T07:15:00+05:30,30539.25,30553.0,30533.5,30548.5,1105
2026-06-01T07:30:00+05:30,30548.5,30566.75,30546.5,30564.25,2048
2026-06-01T07:45:00+05:30,30563.75,30568.75,30555.25,30562.25,1084
2026-06-01T08:00:00+05:30,30562.25,30564.5,30545.25,30550.0,1175
2026-06-01T08:15:00+05:30,30549.75,30552.25,30543.25,30549.25,992
2026-06-01T08:30:00+05:30,30549.75,30566.25,30549.75,30560.5,1211
2026-06-01T08:45:00+05:30,30561.0,30577.75,30535.5,30574.5,2395
2026-06-01T09:00:00+05:30,30574.25,30595.25,30552.25,30555.0,2318
2026-06-01T09:15:00+05:30,30554.75,30565.0,30537.25,30545.75,1787
2026-06-01T09:30:00+05:30,30546.5,30564.25,30543.75,30558.25,1197
2026-06-01T09:45:00+05:30,30558.25,30568.0,30549.5,30561.25,785
2026-06-01T10:00:00+05:30,30562.25,30581.25,30551.5,30579.0,1045
2026-06-01T10:15:00+05:30,30579.25,30580.0,30569.0,30573.75,718
2026-06-01T10:30:00+05:30,30572.75,30581.0,30556.75,30570.25,1197
2026-06-01T10:45:00+05:30,30571.0,30577.5,30551.0,30553.75,1012
2026-06-01T11:00:00+05:30,30554.5,30576.75,30552.5,30574.0,1109
2026-06-01T11:15:00+05:30,30574.0,30592.25,30570.75,30578.25,1504
2026-06-01T11:30:00+05:30,30579.5,30589.5,30568.25,30575.75,1599
2026-06-01T11:45:00+05:30,30575.25,30578.0,30554.5,30558.5,1112
2026-06-01T12:00:00+05:30,30557.75,30580.5,30556.0,30568.5,1132
2026-06-01T12:15:00+05:30,30567.75,30589.0,30567.5,30578.75,1535
2026-06-01T12:30:00+05:30,30578.75,30591.75,30565.25,30570.75,1860
2026-06-01T12:45:00+05:30,30570.5,30573.25,30512.25,30522.25,3632
2026-06-01T13:00:00+05:30,30523.25,30531.75,30486.5,30501.5,2558
2026-06-01T13:15:00+05:30,30501.5,30514.5,30492.0,30510.0,1485
2026-06-01T13:30:00+05:30,30510.5,30516.5,30472.0,30476.25,2851
2026-06-01T13:45:00+05:30,30476.0,30480.25,30454.0,30454.25,2081
2026-06-01T14:00:00+05:30,30454.75,30479.75,30443.75,30478.25,2247
2026-06-01T14:15:00+05:30,30478.75,30504.75,30459.75,30499.25,2210
2026-06-01T14:30:00+05:30,30499.75,30512.25,30481.0,30484.25,1889
2026-06-01T14:45:00+05:30,30483.25,30496.0,30470.0,30472.5,1238
2026-06-01T15:00:00+05:30,30473.0,30479.25,30462.25,30472.25,1749
2026-06-01T15:15:00+05:30,30472.5,30474.5,30453.75,30462.0,1337
2026-06-01T15:30:00+05:30,30462.5,30485.5,30453.5,30483.5,1594
2026-06-01T15:45:00+05:30,30483.5,30489.5,30467.25,30486.75,1166
2026-06-01T16:00:00+05:30,30487.75,30504.75,30487.75,30500.0,1556
2026-06-01T16:15:00+05:30,30500.75,30504.75,30490.75,30494.0,927
2026-06-01T16:30:00+05:30,30493.5,30497.25,30462.0,30470.5,1928
2026-06-01T16:45:00+05:30,30470.25,30471.5,30452.0,30461.25,2154
2026-06-01T17:00:00+05:30,30460.5,30502.25,30451.75,30484.5,3154
2026-06-01T17:15:00+05:30,30483.75,30491.25,30460.25,30462.5,1786
2026-06-01T17:30:00+05:30,30462.25,30464.25,30419.0,30422.75,3937
2026-06-01T17:45:00+05:30,30422.75,30459.0,30415.0,30450.25,3835
2026-06-01T18:00:00+05:30,30449.75,30489.0,30433.0,30484.75,3956
2026-06-01T18:15:00+05:30,30485.75,30496.25,30446.0,30449.5,3090
2026-06-01T18:30:00+05:30,30449.0,30456.0,30310.75,30347.5,12198
2026-06-01T18:45:00+05:30,30347.75,30384.5,30291.5,30343.0,14857
2026-06-01T19:00:00+05:30,30343.0,30462.25,30309.5,30413.25,41976
2026-06-01T19:15:00+05:30,30412.0,30467.25,30306.0,30321.5,27379
2026-06-01T19:30:00+05:30,30314.5,30384.0,30292.0,30352.0,30616
2026-06-01T19:45:00+05:30,30352.5,30421.75,30338.5,30381.75,22374
2026-06-01T20:00:00+05:30,30381.5,30433.0,30368.75,30420.0,16473
2026-06-01T20:15:00+05:30,30420.25,30447.25,30406.25,30436.75,12688
2026-06-01T20:30:00+05:30,30437.0,30457.25,30412.5,30446.0,13529
2026-06-01T20:45:00+05:30,30445.25,30490.0,30444.75,30479.5,12697
2026-06-01T21:00:00+05:30,30479.25,30554.25,30477.75,30537.75,23311
2026-06-01T21:15:00+05:30,30538.25,30540.75,30495.5,30502.25,10842
2026-06-01T21:30:00+05:30,30501.5,30538.5,30469.0,30482.5,12488
2026-06-01T21:45:00+05:30,30482.75,30513.0,30450.0,30510.0,11679
2026-06-01T22:00:00+05:30,30510.5,30540.5,30510.5,30523.5,10063
2026-06-01T22:15:00+05:30,30523.0,30584.25,30507.5,30580.75,14739
2026-06-01T22:30:00+05:30,30581.25,30584.5,30535.0,30550.5,10522
2026-06-01T22:45:00+05:30,30549.75,30605.0,30538.0,30600.75,9521
2026-06-01T23:00:00+05:30,30602.25,30693.0,30568.75,30651.0,23494
2026-06-01T23:15:00+05:30,30651.5,30692.25,30651.25,30670.0,14494
2026-06-01T23:30:00+05:30,30670.0,30675.75,30629.5,30634.75,8641
2026-06-01T23:45:00+05:30,30635.25,30655.5,30626.75,30646.75,7674
2026-06-02T00:00:00+05:30,30646.5,30654.5,30631.0,30642.25,5851
2026-06-02T00:15:00+05:30,30642.25,30645.25,30614.0,30623.5,7734
2026-06-02T00:30:00+05:30,30622.75,30648.75,30612.75,30630.5,8655
2026-06-02T00:45:00+05:30,30630.5,30632.75,30616.5,30625.0,6829
2026-06-02T01:00:00+05:30,30624.0,30625.0,30583.25,30588.5,9617
2026-06-02T01:15:00+05:30,30588.0,30595.5,30555.75,30571.25,24571
2026-06-02T01:30:00+05:30,30571.5,30575.0,30548.25,30556.75,7277
2026-06-02T01:45:00+05:30,30556.25,30556.25,30539.5,30546.0,2292
2026-06-02T02:00:00+05:30,30545.75,30574.0,30539.25,30554.75,3665
2026-06-02T02:15:00+05:30,30554.25,30556.5,30506.75,30522.5,5351
2026-06-02T03:30:00+05:30,30544.75,30547.25,30455.25,30477.0,4083
2026-06-02T03:45:00+05:30,30475.0,30489.0,30450.5,30455.0,2681
2026-06-02T04:00:00+05:30,30454.25,30463.5,30437.25,30444.25,1652
2026-06-02T04:15:00+05:30,30445.5,30462.0,30431.0,30458.5,1828
2026-06-02T04:30:00+05:30,30457.75,30465.75,30446.0,30455.0,1320
2026-06-02T04:45:00+05:30,30453.0,30465.25,30450.25,30457.5,605
2026-06-02T05:00:00+05:30,30458.25,30479.75,30446.5,30460.0,2064
2026-06-02T05:15:00+05:30,30459.25,30469.75,30442.0,30469.25,1214
2026-06-02T05:30:00+05:30,30469.75,30470.25,30406.0,30414.0,3995
2026-06-02T05:45:00+05:30,30413.5,30436.25,30377.75,30402.75,3683
2026-06-02T06:00:00+05:30,30402.25,30422.25,30380.0,30396.75,2898
2026-06-02T06:15:00+05:30,30396.75,30396.75,30363.25,30372.75,2191
2026-06-02T06:30:00+05:30,30372.75,30401.0,30357.5,30395.5,3129
2026-06-02T06:45:00+05:30,30395.25,30398.5,30350.75,30375.75,2222
2026-06-02T07:00:00+05:30,30376.75,30390.75,30355.0,30370.5,2287
2026-06-02T07:15:00+05:30,30369.25,30369.25,30333.0,30333.5,2649
2026-06-02T07:30:00+05:30,30333.25,30348.0,30321.75,30338.5,2268
2026-06-02T07:45:00+05:30,30337.25,30368.25,30331.5,30356.0,2007
2026-06-02T08:00:00+05:30,30357.0,30385.0,30356.75,30375.25,1593
2026-06-02T08:15:00+05:30,30376.0,30381.0,30363.0,30374.0,982
2026-06-02T08:30:00+05:30,30373.0,30383.75,30340.75,30346.5,1722
2026-06-02T08:45:00+05:30,30346.0,30355.75,30317.75,30323.75,2426
2026-06-02T09:00:00+05:30,30324.5,30353.75,30318.5,30343.5,1919
2026-06-02T09:15:00+05:30,30343.0,30365.0,30341.75,30363.5,1425
2026-06-02T09:30:00+05:30,30363.0,30392.0,30357.5,30375.25,2363
2026-06-02T09:45:00+05:30,30377.5,30412.5,30370.5,30405.25,1638
2026-06-02T10:00:00+05:30,30404.25,30414.25,30393.75,30412.5,1164
2026-06-02T10:15:00+05:30,30411.5,30445.0,30408.75,30442.75,1472
2026-06-02T10:30:00+05:30,30444.0,30469.5,30428.75,30468.5,2366
2026-06-02T10:45:00+05:30,30468.0,30475.5,30456.25,30470.5,1369
2026-06-02T11:00:00+05:30,30471.75,30495.0,30471.75,30482.0,1737
2026-06-02T11:15:00+05:30,30482.0,30484.75,30457.75,30476.25,1577
2026-06-02T11:30:00+05:30,30476.0,30492.75,30469.25,30482.0,1921
2026-06-02T11:45:00+05:30,30482.25,30503.25,30481.5,30487.5,1541
2026-06-02T12:00:00+05:30,30486.75,30509.0,30469.0,30496.5,2363
2026-06-02T12:15:00+05:30,30496.5,30515.75,30494.0,30514.5,1281
2026-06-02T12:30:00+05:30,30514.25,30543.0,30509.75,30536.0,2563
2026-06-02T12:45:00+05:30,30535.25,30547.25,30526.25,30531.0,1888
2026-06-02T13:00:00+05:30,30532.0,30539.25,30520.25,30529.75,1245
2026-06-02T13:15:00+05:30,30529.25,30531.0,30511.0,30529.5,1685
2026-06-02T13:30:00+05:30,30529.75,30569.0,30529.75,30556.0,2975
2026-06-02T13:45:00+05:30,30555.75,30567.75,30532.5,30546.0,2141
2026-06-02T14:00:00+05:30,30547.0,30566.0,30543.75,30548.5,1109
2026-06-02T14:15:00+05:30,30548.5,30564.25,30540.5,30547.75,1190
2026-06-02T14:30:00+05:30,30548.0,30549.5,30525.75,30539.75,1159
2026-06-02T14:45:00+05:30,30539.5,30553.0,30527.5,30535.75,1266
2026-06-02T15:00:00+05:30,30536.0,30584.5,30533.25,30577.25,2064
2026-06-02T15:15:00+05:30,30577.25,30586.0,30563.25,30565.5,1618
2026-06-02T15:30:00+05:30,30565.75,30571.75,30554.0,30560.0,1107
2026-06-02T15:45:00+05:30,30560.25,30567.5,30548.25,30554.75,1091
2026-06-02T16:00:00+05:30,30556.25,30557.5,30532.25,30535.75,1120
2026-06-02T16:15:00+05:30,30538.0,30544.0,30527.75,30529.25,959
2026-06-02T16:30:00+05:30,30529.75,30546.0,30502.5,30544.25,2168
2026-06-02T16:45:00+05:30,30543.25,30549.5,30523.75,30548.0,1774
2026-06-02T17:00:00+05:30,30548.25,30574.5,30547.25,30551.5,3390
2026-06-02T17:15:00+05:30,30551.75,30554.5,30530.75,30531.25,1490
2026-06-02T17:30:00+05:30,30531.5,30545.0,30527.75,30530.5,1752
2026-06-02T17:45:00+05:30,30530.75,30559.75,30523.0,30548.25,2908
2026-06-02T18:00:00+05:30,30548.5,30560.0,30526.75,30554.25,2432
2026-06-02T18:15:00+05:30,30555.5,30555.75,30526.5,30529.75,2024
2026-06-02T18:30:00+05:30,30529.75,30536.25,30481.25,30493.75,5443
2026-06-02T18:45:00+05:30,30493.25,30560.0,30488.5,30557.0,6871
2026-06-02T19:00:00+05:30,30557.0,30567.75,30423.75,30503.25,39744
2026-06-02T19:15:00+05:30,30502.5,30604.75,30497.0,30601.75,29386
2026-06-02T19:30:00+05:30,30603.0,30647.25,30570.0,30633.75,24386
2026-06-02T19:45:00+05:30,30634.0,30638.5,30537.75,30559.5,23921
2026-06-02T20:00:00+05:30,30559.25,30625.0,30555.25,30623.75,18001
2026-06-02T20:15:00+05:30,30623.5,30643.5,30600.75,30642.25,11884
2026-06-02T20:30:00+05:30,30642.5,30666.0,30611.75,30666.0,15289
2026-06-02T20:45:00+05:30,30666.0,30676.5,30651.75,30665.5,13084
2026-06-02T21:00:00+05:30,30666.0,30685.75,30650.0,30668.0,11647
2026-06-02T21:15:00+05:30,30668.25,30697.75,30657.25,30689.5,12353
2026-06-02T21:30:00+05:30,30690.0,30713.25,30668.25,30700.0,12234
2026-06-02T21:45:00+05:30,30700.25,30700.25,30651.0,30658.25,10332
2026-06-02T22:00:00+05:30,30658.75,30676.0,30640.5,30647.5,8565
2026-06-02T22:15:00+05:30,30647.25,30694.0,30642.0,30691.25,9810
2026-06-02T22:30:00+05:30,30691.0,30703.25,30677.75,30695.75,8756
2026-06-02T22:45:00+05:30,30696.0,30696.5,30632.0,30643.75,11023
2026-06-02T23:00:00+05:30,30643.0,30649.75,30608.75,30635.5,11125
2026-06-02T23:15:00+05:30,30635.0,30650.0,30625.0,30627.5,7808
2026-06-02T23:30:00+05:30,30628.5,30664.0,30614.0,30647.75,8857
2026-06-02T23:45:00+05:30,30648.25,30648.25,30629.25,30637.75,6580
2026-06-03T00:00:00+05:30,30638.25,30654.5,30598.5,30619.0,10344
2026-06-03T00:15:00+05:30,30617.75,30641.5,30614.0,30638.5,6783
2026-06-03T00:30:00+05:30,30639.0,30682.25,30637.5,30672.75,10029
2026-06-03T00:45:00+05:30,30673.25,30686.5,30662.0,30664.25,8265
2026-06-03T01:00:00+05:30,30663.75,30687.0,30662.5,30681.75,7844
2026-06-03T01:15:00+05:30,30682.0,30721.25,30678.25,30707.25,25690
2026-06-03T01:30:00+05:30,30707.25,30763.25,30697.75,30738.5,12791
2026-06-03T01:45:00+05:30,30738.75,30762.5,30737.0,30737.25,3447
2026-06-03T02:00:00+05:30,30737.75,30745.75,30737.0,30743.25,1630
2026-06-03T02:15:00+05:30,30742.0,30749.25,30736.0,30743.0,1672
2026-06-03T03:30:00+05:30,30741.75,30751.75,30715.25,30730.5,3518
2026-06-03T03:45:00+05:30,30729.5,30742.75,30722.75,30740.5,1131
2026-06-03T04:00:00+05:30,30739.25,30757.0,30734.5,30737.5,1180
2026-06-03T04:15:00+05:30,30737.75,30740.5,30698.0,30703.5,2296
2026-06-03T04:30:00+05:30,30705.0,30710.0,30667.75,30674.75,2784
2026-06-03T04:45:00+05:30,30675.0,30678.25,30561.25,30610.75,7875
2026-06-03T05:00:00+05:30,30611.25,30689.25,30595.5,30682.75,4922
2026-06-03T05:15:00+05:30,30682.25,30715.0,30667.25,30708.0,3469
2026-06-03T05:30:00+05:30,30708.25,30719.5,30676.75,30678.75,2981
2026-06-03T05:45:00+05:30,30678.0,30704.25,30671.0,30691.5,2250
2026-06-03T06:00:00+05:30,30692.75,30714.75,30686.75,30714.25,2538
2026-06-03T06:15:00+05:30,30713.5,30727.5,30707.75,30720.0,1639
2026-06-03T06:30:00+05:30,30720.5,30723.75,30675.0,30675.0,2724
2026-06-03T06:45:00+05:30,30676.0,30688.75,30671.75,30685.0,1197
2026-06-03T07:00:00+05:30,30685.0,30701.25,30658.0,30666.75,3080
2026-06-03T07:15:00+05:30,30666.75,30685.0,30653.0,30683.0,1534
2026-06-03T07:30:00+05:30,30683.75,30693.25,30671.5,30690.0,1041
2026-06-03T07:45:00+05:30,30689.75,30696.25,30662.75,30680.0,1668
2026-06-03T08:00:00+05:30,30680.25,30688.75,30670.75,30680.0,1017
2026-06-03T08:15:00+05:30,30679.0,30680.5,30667.75,30679.0,875
2026-06-03T08:30:00+05:30,30678.75,30687.5,30668.5,30687.5,997
2026-06-03T08:45:00+05:30,30688.0,30705.25,30681.75,30684.75,1440
2026-06-03T09:00:00+05:30,30685.0,30701.25,30685.0,30697.25,627
2026-06-03T09:15:00+05:30,30698.5,30710.0,30690.75,30706.75,768
2026-06-03T09:30:00+05:30,30706.0,30727.25,30705.5,30723.75,2105
2026-06-03T09:45:00+05:30,30723.5,30727.25,30712.75,30722.0,635
2026-06-03T10:00:00+05:30,30722.0,30730.5,30715.25,30724.25,737
2026-06-03T10:15:00+05:30,30722.5,30723.75,30700.5,30702.5,815
2026-06-03T10:30:00+05:30,30702.5,30718.5,30675.0,30713.75,1378
2026-06-03T10:45:00+05:30,30713.0,30723.25,30704.25,30707.0,781
2026-06-03T11:00:00+05:30,30707.25,30710.5,30685.0,30695.5,993
2026-06-03T11:15:00+05:30,30694.25,30699.25,30680.5,30689.25,861
2026-06-03T11:30:00+05:30,30689.75,30716.0,30670.25,30682.75,1826
2026-06-03T11:45:00+05:30,30682.25,30696.25,30674.75,30691.75,943
2026-06-03T12:00:00+05:30,30690.25,30718.0,30679.75,30705.0,2076
2026-06-03T12:15:00+05:30,30706.25,30707.5,30688.25,30698.0,971
2026-06-03T12:30:00+05:30,30697.75,30742.0,30687.0,30728.0,2145
2026-06-03T12:45:00+05:30,30729.75,30738.25,30704.5,30707.75,1233
2026-06-03T13:00:00+05:30,30706.75,30719.5,30687.0,30702.75,1745
2026-06-03T13:15:00+05:30,30703.75,30722.5,30698.0,30722.5,1015
2026-06-03T13:30:00+05:30,30722.75,30751.5,30700.0,30735.0,2664
2026-06-03T13:45:00+05:30,30735.25,30742.0,30702.0,30738.25,2421
2026-06-03T14:00:00+05:30,30738.25,30742.0,30708.5,30717.25,1594
2026-06-03T14:15:00+05:30,30716.75,30726.0,30707.0,30717.25,1055
2026-06-03T14:30:00+05:30,30717.0,30751.0,30711.5,30741.75,1528
2026-06-03T14:45:00+05:30,30742.5,30770.0,30735.25,30766.5,2176
2026-06-03T15:00:00+05:30,30766.75,30769.25,30748.25,30763.25,1711
2026-06-03T15:15:00+05:30,30762.5,30764.25,30731.5,30733.5,1673
2026-06-03T15:30:00+05:30,30733.75,30785.0,30716.0,30759.0,4899
2026-06-03T15:45:00+05:30,30759.25,30764.5,30738.5,30764.0,2005
2026-06-03T16:00:00+05:30,30764.5,30783.5,30743.0,30744.75,1807
2026-06-03T16:15:00+05:30,30744.75,30764.25,30744.25,30753.75,1336
2026-06-03T16:30:00+05:30,30753.5,30781.5,30753.25,30774.75,2146
2026-06-03T16:45:00+05:30,30774.25,30787.0,30764.25,30776.0,1737
2026-06-03T17:00:00+05:30,30776.5,30794.25,30767.75,30773.25,1988
2026-06-03T17:15:00+05:30,30773.25,30789.5,30766.0,30780.0,1610
2026-06-03T17:30:00+05:30,30780.5,30799.0,30772.75,30791.25,2619
2026-06-03T17:45:00+05:30,30792.0,30792.0,30754.0,30755.5,3218
2026-06-03T18:00:00+05:30,30754.0,30755.5,30703.5,30726.5,4815
2026-06-03T18:15:00+05:30,30725.75,30734.75,30700.0,30717.25,4204
2026-06-03T18:30:00+05:30,30716.75,30742.5,30712.5,30730.25,4148
2026-06-03T18:45:00+05:30,30730.5,30763.25,30728.5,30753.75,7201
2026-06-03T19:00:00+05:30,30754.75,30807.75,30622.0,30623.75,53821
2026-06-03T19:15:00+05:30,30624.25,30648.75,30496.0,30558.75,47889
2026-06-03T19:30:00+05:30,30562.0,30687.75,30547.5,30687.25,29749
2026-06-03T19:45:00+05:30,30687.25,30724.75,30663.0,30723.0,27253
2026-06-03T20:00:00+05:30,30722.75,30739.5,30667.25,30701.0,19200
2026-06-03T20:15:00+05:30,30701.25,30723.0,30644.5,30667.25,17510
2026-06-03T20:30:00+05:30,30667.75,30715.5,30664.75,30693.0,12444
2026-06-03T20:45:00+05:30,30692.75,30698.25,30615.0,30668.75,16314
2026-06-03T21:00:00+05:30,30668.5,30692.25,30599.75,30602.25,16558
2026-06-03T21:15:00+05:30,30602.0,30631.75,30568.0,30604.25,16072
2026-06-03T21:30:00+05:30,30605.0,30623.25,30579.0,30611.25,11204
2026-06-03T21:45:00+05:30,30611.25,30611.5,30531.25,30553.75,15864
2026-06-03T22:00:00+05:30,30552.75,30578.5,30505.75,30530.25,15610
2026-06-03T22:15:00+05:30,30529.75,30607.5,30529.75,30606.75,14486
2026-06-03T22:30:00+05:30,30607.25,30609.0,30534.5,30543.5,13392
2026-06-03T22:45:00+05:30,30544.0,30575.25,30516.25,30572.75,10880
2026-06-03T23:00:00+05:30,30572.75,30616.5,30543.25,30613.5,10198
2026-06-03T23:15:00+05:30,30613.75,30647.25,30604.75,30642.75,9131
2026-06-03T23:30:00+05:30,30643.25,30655.75,30612.0,30625.5,9329
2026-06-03T23:45:00+05:30,30625.75,30680.0,30608.0,30677.0,10760
2026-06-04T00:00:00+05:30,30676.5,30682.25,30635.0,30651.0,9824
2026-06-04T00:15:00+05:30,30651.75,30668.0,30636.75,30652.0,7992
2026-06-04T00:30:00+05:30,30652.0,30659.75,30615.25,30636.75,11147
2026-06-04T00:45:00+05:30,30637.25,30660.25,30611.25,30635.25,10057
2026-06-04T01:00:00+05:30,30634.5,30691.25,30627.0,30683.75,12250
2026-06-04T01:15:00+05:30,30683.75,30694.75,30625.0,30635.75,25746
2026-06-04T01:30:00+05:30,30635.75,30639.75,30597.25,30606.75,12164
2026-06-04T01:45:00+05:30,30607.25,30619.0,30544.5,30564.0,10410
2026-06-04T02:00:00+05:30,30564.25,30566.5,30498.25,30501.75,6021
2026-06-04T02:15:00+05:30,30501.5,30524.25,30478.25,30495.0,5644
2026-06-04T03:30:00+05:30,30453.0,30499.0,30432.0,30457.25,4048
2026-06-04T03:45:00+05:30,30457.25,30462.5,30405.5,30438.25,3315
2026-06-04T04:00:00+05:30,30436.5,30469.0,30425.5,30440.0,2580
2026-06-04T04:15:00+05:30,30438.75,30471.5,30368.5,30457.75,4810
2026-06-04T04:30:00+05:30,30458.75,30463.0,30406.25,30425.25,2764
2026-06-04T04:45:00+05:30,30426.75,30431.5,30390.75,30405.5,1796
2026-06-04T05:00:00+05:30,30408.5,30423.0,30378.25,30387.0,2194
2026-06-04T05:15:00+05:30,30387.5,30421.5,30370.75,30395.25,2218
2026-06-04T05:30:00+05:30,30393.0,30453.0,30377.5,30433.5,4157
2026-06-04T05:45:00+05:30,30433.75,30463.0,30412.0,30455.0,2771
2026-06-04T06:00:00+05:30,30456.5,30501.75,30454.0,30496.25,2911
2026-06-04T06:15:00+05:30,30497.0,30502.75,30472.75,30498.75,1682
2026-06-04T06:30:00+05:30,30498.0,30531.0,30496.0,30515.0,2304
2026-06-04T06:45:00+05:30,30516.0,30516.5,30473.0,30491.5,2314
2026-06-04T07:00:00+05:30,30493.5,30524.75,30474.75,30482.5,2017
2026-06-04T07:15:00+05:30,30481.5,30487.5,30438.25,30453.5,2607
2026-06-04T07:30:00+05:30,30453.75,30456.75,30390.0,30393.5,2943
2026-06-04T07:45:00+05:30,30395.25,30424.5,30352.5,30414.5,4135
2026-06-04T08:00:00+05:30,30414.0,30418.5,30387.75,30409.75,2075
2026-06-04T08:15:00+05:30,30410.0,30440.75,30409.0,30412.0,1965
2026-06-04T08:30:00+05:30,30412.25,30453.25,30409.25,30438.25,1692
2026-06-04T08:45:00+05:30,30438.0,30470.0,30438.0,30470.0,1348
2026-06-04T09:00:00+05:30,30469.25,30486.75,30450.0,30454.75,1908
2026-06-04T09:15:00+05:30,30454.5,30484.75,30446.25,30480.5,1644
2026-06-04T09:30:00+05:30,30481.0,30496.5,30466.0,30496.5,1109
2026-06-04T09:45:00+05:30,30497.0,30502.25,30485.25,30487.5,1034
2026-06-04T10:00:00+05:30,30488.75,30507.5,30483.0,30504.0,1190
2026-06-04T10:15:00+05:30,30504.25,30508.25,30489.75,30497.5,726
2026-06-04T10:30:00+05:30,30497.25,30499.75,30450.0,30475.0,1809
2026-06-04T10:45:00+05:30,30475.25,30484.0,30452.0,30461.75,1152
2026-06-04T11:00:00+05:30,30463.0,30493.25,30454.0,30492.5,1321
2026-06-04T11:15:00+05:30,30492.0,30492.75,30458.25,30484.5,1081
2026-06-04T11:30:00+05:30,30484.5,30500.75,30478.0,30485.25,1155
2026-06-04T11:45:00+05:30,30484.5,30488.75,30465.5,30488.5,1125
2026-06-04T12:00:00+05:30,30488.5,30520.0,30470.5,30519.5,1637
2026-06-04T12:15:00+05:30,30518.0,30535.0,30502.75,30528.25,1593
2026-06-04T12:30:00+05:30,30530.0,30544.5,30512.5,30533.25,1976
2026-06-04T12:45:00+05:30,30532.0,30534.25,30490.5,30518.0,2097
2026-06-04T13:00:00+05:30,30518.75,30533.0,30502.5,30505.5,1606
2026-06-04T13:15:00+05:30,30505.25,30515.0,30490.25,30500.0,1194
2026-06-04T13:30:00+05:30,30499.25,30500.25,30405.0,30405.0,3622
2026-06-04T13:45:00+05:30,30405.0,30424.0,30340.0,30371.5,5831
2026-06-04T14:00:00+05:30,30373.0,30402.0,30363.0,30367.5,3186
2026-06-04T14:15:00+05:30,30367.0,30376.5,30326.5,30344.5,3146
2026-06-04T14:30:00+05:30,30344.0,30346.25,30257.0,30260.75,5645
2026-06-04T14:45:00+05:30,30260.75,30312.75,30248.5,30303.0,4243
2026-06-04T15:00:00+05:30,30303.5,30331.5,30291.25,30298.25,2742
2026-06-04T15:15:00+05:30,30298.0,30349.0,30294.25,30336.25,3057
2026-06-04T15:30:00+05:30,30337.0,30337.0,30298.25,30309.25,2131
2026-06-04T15:45:00+05:30,30308.75,30310.25,30268.75,30271.5,2807
2026-06-04T16:00:00+05:30,30272.0,30292.0,30247.5,30253.5,2456
2026-06-04T16:15:00+05:30,30253.75,30276.0,30204.25,30245.25,5440
2026-06-04T16:30:00+05:30,30245.25,30264.75,30228.25,30246.5,4016
2026-06-04T16:45:00+05:30,30245.0,30279.5,30228.25,30270.0,4701
2026-06-04T17:00:00+05:30,30272.25,30290.0,30164.25,30196.75,8652
2026-06-04T17:15:00+05:30,30196.5,30282.75,30191.25,30280.75,6153
2026-06-04T17:30:00+05:30,30279.25,30286.0,30224.25,30237.5,6158
2026-06-04T17:45:00+05:30,30237.25,30253.75,30223.0,30248.0,3896
2026-06-04T18:00:00+05:30,30249.0,30312.25,30246.0,30309.5,5852
2026-06-04T18:15:00+05:30,30308.75,30330.0,30289.75,30309.75,5372
2026-06-04T18:30:00+05:30,30310.25,30317.0,30287.75,30301.75,4386
2026-06-04T18:45:00+05:30,30300.25,30330.75,30265.25,30268.25,8989
2026-06-04T19:00:00+05:30,30268.25,30364.5,30210.0,30227.25,56333
2026-06-04T19:15:00+05:30,30226.25,30316.0,30187.75,30248.0,40011
2026-06-04T19:30:00+05:30,30247.75,30282.5,30151.0,30279.25,40298
2026-06-04T19:45:00+05:30,30279.5,30348.5,30251.75,30341.25,24649
2026-06-04T20:00:00+05:30,30341.0,30348.25,30290.25,30301.5,19612
2026-06-04T20:15:00+05:30,30300.5,30360.0,30291.75,30356.75,16719
2026-06-04T20:30:00+05:30,30357.25,30453.25,30354.5,30450.5,21180
2026-06-04T20:45:00+05:30,30451.0,30469.5,30431.5,30442.0,16584
2026-06-04T21:00:00+05:30,30442.0,30448.75,30410.75,30419.0,11605
2026-06-04T21:15:00+05:30,30419.25,30423.0,30363.0,30413.75,18732
2026-06-04T21:30:00+05:30,30413.25,30452.0,30393.0,30440.0,10747
2026-06-04T21:45:00+05:30,30440.0,30486.25,30440.0,30480.0,11326
2026-06-04T22:00:00+05:30,30480.25,30490.0,30436.0,30482.75,12249
2026-06-04T22:15:00+05:30,30482.75,30493.25,30465.75,30479.0,9044
2026-06-04T22:30:00+05:30,30479.0,30502.25,30464.25,30494.0,10598
2026-06-04T22:45:00+05:30,30493.5,30519.75,30474.0,30513.75,9521
2026-06-04T23:00:00+05:30,30514.0,30540.25,30511.0,30540.0,12333
2026-06-04T23:15:00+05:30,30539.75,30563.25,30525.75,30559.5,9324
2026-06-04T23:30:00+05:30,30559.25,30598.5,30555.25,30592.0,13012
2026-06-04T23:45:00+05:30,30592.0,30595.5,30574.0,30586.25,10013
2026-06-05T00:00:00+05:30,30586.25,30590.75,30557.75,30572.5,10715
2026-06-05T00:15:00+05:30,30572.75,30592.25,30550.0,30558.0,9751
2026-06-05T00:30:00+05:30,30558.0,30588.75,30545.75,30555.25,10811
2026-06-05T00:45:00+05:30,30555.25,30596.0,30531.0,30594.75,12573
2026-06-05T01:00:00+05:30,30594.25,30603.25,30546.5,30548.75,11383
2026-06-05T01:15:00+05:30,30548.25,30551.5,30481.25,30485.5,29876
2026-06-05T01:30:00+05:30,30485.5,30495.0,30439.75,30451.75,13160
2026-06-05T01:45:00+05:30,30451.75,30463.25,30402.0,30413.75,5006
2026-06-05T02:00:00+05:30,30413.0,30424.0,30403.0,30411.5,2443
2026-06-05T02:15:00+05:30,30412.0,30419.0,30397.5,30399.5,2792
2026-06-05T03:30:00+05:30,30414.0,30422.0,30367.0,30371.0,2443
2026-06-05T03:45:00+05:30,30369.75,30383.5,30316.0,30341.5,2898
2026-06-05T04:00:00+05:30,30342.5,30357.75,30329.5,30336.0,1534
2026-06-05T04:15:00+05:30,30336.25,30369.0,30335.5,30366.5,1025
2026-06-05T04:30:00+05:30,30365.75,30371.25,30324.25,30328.5,1508
2026-06-05T04:45:00+05:30,30328.75,30330.75,30289.0,30310.5,2617
2026-06-05T05:00:00+05:30,30311.0,30311.5,30277.0,30281.5,1613
2026-06-05T05:15:00+05:30,30281.75,30284.5,30255.0,30264.25,2197
2026-06-05T05:30:00+05:30,30262.25,30264.0,30198.75,30199.75,4520
2026-06-05T05:45:00+05:30,30199.5,30220.5,30169.0,30193.5,4247
2026-06-05T06:00:00+05:30,30194.0,30214.75,30160.75,30167.25,3752
2026-06-05T06:15:00+05:30,30166.0,30184.75,30130.75,30142.75,4635
2026-06-05T06:30:00+05:30,30143.5,30153.75,30111.0,30123.75,3736
2026-06-05T06:45:00+05:30,30124.0,30130.25,30052.25,30085.25,6100
2026-06-05T07:00:00+05:30,30085.0,30152.5,30084.5,30146.75,4748
2026-06-05T07:15:00+05:30,30147.0,30202.0,30129.5,30195.5,3941
2026-06-05T07:30:00+05:30,30196.5,30218.75,30170.75,30211.0,3131
2026-06-05T07:45:00+05:30,30212.0,30239.75,30199.75,30234.25,2879
2026-06-05T08:00:00+05:30,30233.0,30249.0,30215.25,30221.5,2456
2026-06-05T08:15:00+05:30,30220.75,30239.0,30207.75,30214.25,1989
2026-06-05T08:30:00+05:30,30214.5,30223.5,30185.75,30211.5,2467
2026-06-05T08:45:00+05:30,30211.25,30229.5,30185.75,30188.5,1580
2026-06-05T09:00:00+05:30,30187.75,30208.25,30177.25,30181.75,1772
2026-06-05T09:15:00+05:30,30182.75,30184.75,30146.0,30163.0,2440
2026-06-05T09:30:00+05:30,30163.25,30189.0,30156.0,30184.75,1319
2026-06-05T09:45:00+05:30,30185.5,30204.25,30174.75,30177.0,1483
2026-06-05T10:00:00+05:30,30178.25,30211.25,30163.5,30202.25,1565
2026-06-05T10:15:00+05:30,30201.25,30243.0,30195.75,30229.75,1792
2026-06-05T10:30:00+05:30,30230.25,30233.25,30195.0,30198.25,1618
2026-06-05T10:45:00+05:30,30198.5,30228.25,30190.0,30202.5,1805
2026-06-05T11:00:00+05:30,30199.25,30224.75,30193.75,30195.75,1624
2026-06-05T11:15:00+05:30,30194.75,30197.0,30163.0,30170.25,1700
2026-06-05T11:30:00+05:30,30170.25,30213.75,30167.5,30171.25,2968
2026-06-05T11:45:00+05:30,30170.25,30175.0,30131.5,30142.25,2774
2026-06-05T12:00:00+05:30,30143.5,30157.5,30113.5,30119.0,2632
2026-06-05T12:15:00+05:30,30119.0,30145.0,30113.0,30123.5,1590
2026-06-05T12:30:00+05:30,30124.25,30127.0,30075.0,30081.0,3352
2026-06-05T12:45:00+05:30,30081.0,30111.75,30062.0,30106.5,3275
2026-06-05T13:00:00+05:30,30106.75,30158.25,30102.25,30127.25,3229
2026-06-05T13:15:00+05:30,30125.75,30156.75,30124.25,30150.25,1912
2026-06-05T13:30:00+05:30,30151.25,30163.5,30120.25,30141.5,2920
2026-06-05T13:45:00+05:30,30142.25,30218.0,30127.25,30216.25,3398
2026-06-05T14:00:00+05:30,30216.25,30222.5,30166.75,30168.5,3177
2026-06-05T14:15:00+05:30,30168.5,30182.75,30148.0,30158.75,2129
2026-06-05T14:30:00+05:30,30159.5,30259.0,30152.25,30219.75,4183
2026-06-05T14:45:00+05:30,30221.75,30236.5,30176.25,30182.25,2658
2026-06-05T15:00:00+05:30,30183.0,30196.25,30172.5,30181.25,1905
2026-06-05T15:15:00+05:30,30181.75,30212.75,30181.0,30198.25,1213
2026-06-05T15:30:00+05:30,30199.0,30210.0,30192.5,30207.25,1025
2026-06-05T15:45:00+05:30,30207.0,30235.75,30200.75,30231.5,1282
2026-06-05T16:00:00+05:30,30231.25,30236.0,30212.75,30227.0,1387
2026-06-05T16:15:00+05:30,30226.5,30227.0,30192.0,30195.5,1153
2026-06-05T16:30:00+05:30,30194.25,30197.0,30172.0,30184.25,1901
2026-06-05T16:45:00+05:30,30183.25,30186.0,30135.5,30184.25,2983
2026-06-05T17:00:00+05:30,30184.0,30194.25,30167.5,30177.25,1824
2026-06-05T17:15:00+05:30,30178.0,30180.5,30144.75,30147.75,1720
2026-06-05T17:30:00+05:30,30147.5,30149.0,30107.5,30112.75,3336
2026-06-05T17:45:00+05:30,30111.5,30157.5,30103.0,30115.25,3958
2026-06-05T18:00:00+05:30,30116.0,30151.75,30042.5,30121.0,12039
2026-06-05T18:15:00+05:30,30122.0,30135.5,30053.5,30054.5,7124
2026-06-05T18:30:00+05:30,30054.25,30071.5,30031.75,30039.5,6969
2026-06-05T18:45:00+05:30,30038.75,30051.5,30013.0,30036.25,9697
2026-06-05T19:00:00+05:30,30035.75,30100.5,29928.75,29932.75,56300
2026-06-05T19:15:00+05:30,29931.25,29954.0,29771.0,29773.75,49014
2026-06-05T19:30:00+05:30,29774.25,29871.0,29758.0,29871.0,45677
2026-06-05T19:45:00+05:30,29869.75,29942.5,29801.5,29824.5,30096
2026-06-05T20:00:00+05:30,29824.75,29929.25,29814.25,29843.0,26222
2026-06-05T20:15:00+05:30,29842.25,29873.25,29805.25,29853.0,22389
2026-06-05T20:30:00+05:30,29853.25,29870.0,29726.5,29727.75,24961
2026-06-05T20:45:00+05:30,29727.75,29765.25,29695.5,29717.25,24119
2026-06-05T21:00:00+05:30,29717.25,29739.75,29614.5,29645.5,24965
2026-06-05T21:15:00+05:30,29645.0,29682.5,29628.5,29658.5,19321
2026-06-05T21:30:00+05:30,29658.75,29660.25,29564.25,29593.75,24399
2026-06-05T21:45:00+05:30,29593.5,29593.5,29536.0,29543.75,23093
2026-06-05T22:00:00+05:30,29543.75,29549.0,29418.0,29433.5,31424
2026-06-05T22:15:00+05:30,29433.25,29507.75,29379.0,29490.5,33462
2026-06-05T22:30:00+05:30,29490.5,29493.0,29377.0,29410.0,24557
2026-06-05T22:45:00+05:30,29410.0,29449.0,29361.75,29440.75,22140
2026-06-05T23:00:00+05:30,29439.75,29505.0,29405.5,29418.5,24167
2026-06-05T23:15:00+05:30,29418.0,29473.75,29407.5,29471.0,14019
2026-06-05T23:30:00+05:30,29471.5,29477.0,29311.0,29317.25,23153
2026-06-05T23:45:00+05:30,29318.0,29319.75,29221.0,29243.5,28606
2026-06-06T00:00:00+05:30,29244.0,29256.75,29150.5,29181.25,25348
2026-06-06T00:15:00+05:30,29181.75,29216.0,29096.0,29191.5,35266
2026-06-06T00:30:00+05:30,29191.75,29211.0,29049.5,29071.25,28380
2026-06-06T00:45:00+05:30,29070.75,29156.25,28974.25,29155.0,29713
2026-06-06T01:00:00+05:30,29155.0,29158.0,29050.5,29095.75,27398
2026-06-06T01:15:00+05:30,29095.25,29194.75,29005.5,29015.75,50677
2026-06-06T01:30:00+05:30,29016.25,29042.25,28817.75,28832.25,26741
2026-06-06T01:45:00+05:30,28834.5,28875.5,28800.0,28866.5,9549
2026-06-06T02:00:00+05:30,28865.75,28866.25,28788.75,28818.0,6592
2026-06-06T02:15:00+05:30,28818.25,28859.5,28781.25,28829.25,7279
2026-06-08T03:30:00+05:30,28844.5,28998.0,28822.25,28995.25,11137
2026-06-08T03:45:00+05:30,28993.5,29023.0,28954.25,28967.25,6880
2026-06-08T04:00:00+05:30,28969.25,29017.75,28944.0,28974.0,4561
2026-06-08T04:15:00+05:30,28972.5,29000.0,28872.25,28893.0,5811
2026-06-08T04:30:00+05:30,28894.75,29002.75,28894.5,28994.25,3230
2026-06-08T04:45:00+05:30,28992.5,28994.75,28938.5,28979.0,2925
2026-06-08T05:00:00+05:30,28977.25,29026.5,28964.75,29024.75,2885
2026-06-08T05:15:00+05:30,29023.5,29103.5,29013.75,29087.75,5224
2026-06-08T05:30:00+05:30,29083.5,29148.25,29059.5,29146.5,6227
2026-06-08T05:45:00+05:30,29146.75,29225.75,29135.0,29223.0,5335
2026-06-08T06:00:00+05:30,29223.5,29287.5,29213.5,29253.5,7080
2026-06-08T06:15:00+05:30,29253.5,29254.0,29163.5,29216.75,7291
2026-06-08T06:30:00+05:30,29218.5,29236.75,29150.25,29151.5,5996
2026-06-08T06:45:00+05:30,29153.5,29163.0,29071.0,29074.75,7153
2026-06-08T07:00:00+05:30,29076.75,29168.0,29025.25,29158.75,6680
2026-06-08T07:15:00+05:30,29158.25,29179.25,29118.25,29158.75,3366
2026-06-08T07:30:00+05:30,29161.5,29181.75,29111.0,29152.0,3385
2026-06-08T07:45:00+05:30,29151.0,29179.0,29105.0,29173.75,3221
2026-06-08T08:00:00+05:30,29173.5,29229.0,29126.25,29229.0,4025
2026-06-08T08:15:00+05:30,29228.75,29243.5,29201.25,29211.25,3221
2026-06-08T08:30:00+05:30,29211.75,29232.0,29195.75,29208.25,1994
2026-06-08T08:45:00+05:30,29207.5,29223.0,29176.5,29218.0,2173
2026-06-08T09:00:00+05:30,29216.5,29232.25,29205.75,29212.5,1299
2026-06-08T09:15:00+05:30,29212.0,29226.0,29200.0,29211.75,1262
2026-06-08T09:30:00+05:30,29212.5,29223.25,29156.5,29176.5,3615
2026-06-08T09:45:00+05:30,29180.0,29199.75,29146.0,29171.5,2008
2026-06-08T10:00:00+05:30,29171.75,29178.75,29097.25,29101.0,2649
2026-06-08T10:15:00+05:30,29101.25,29140.75,29088.5,29092.0,2072
2026-06-08T10:30:00+05:30,29089.75,29144.0,29060.0,29063.0,2989
2026-06-08T10:45:00+05:30,29065.0,29100.75,29060.75,29092.0,2528
2026-06-08T11:00:00+05:30,29092.25,29098.0,28980.75,28990.5,4470
2026-06-08T11:15:00+05:30,28989.5,29023.5,28972.75,29017.5,3367
2026-06-08T11:30:00+05:30,29016.75,29073.25,29000.0,29030.75,3715
2026-06-08T11:45:00+05:30,29028.75,29138.0,29011.75,29130.75,3940
2026-06-08T12:00:00+05:30,29129.75,29151.0,29066.75,29097.0,4201
2026-06-08T12:15:00+05:30,29097.25,29103.75,29050.0,29101.75,2409
2026-06-08T12:30:00+05:30,29101.0,29157.0,29082.75,29142.75,3840
2026-06-08T12:45:00+05:30,29143.25,29241.0,29115.75,29228.5,5360
2026-06-08T13:00:00+05:30,29229.0,29241.5,29184.75,29225.75,3560
2026-06-08T13:15:00+05:30,29223.5,29281.0,29215.25,29257.0,4094
2026-06-08T13:30:00+05:30,29255.25,29256.5,29201.25,29210.75,4834
2026-06-08T13:45:00+05:30,29212.25,29248.5,29203.75,29223.25,3001
2026-06-08T14:00:00+05:30,29225.0,29267.75,29188.25,29206.0,3433
2026-06-08T14:15:00+05:30,29206.5,29208.0,29157.0,29176.25,3911
2026-06-08T14:30:00+05:30,29179.0,29198.5,29145.0,29188.5,2198
2026-06-08T14:45:00+05:30,29187.5,29223.0,29182.25,29193.25,2008
2026-06-08T15:00:00+05:30,29193.25,29254.5,29162.75,29219.0,4120
2026-06-08T15:15:00+05:30,29218.0,29240.5,29212.25,29240.5,2305
2026-06-08T15:30:00+05:30,29239.0,29241.0,29185.75,29221.75,2691
2026-06-08T15:45:00+05:30,29223.0,29227.25,29175.0,29194.0,2031
2026-06-08T16:00:00+05:30,29192.25,29273.5,29188.75,29246.5,3551
2026-06-08T16:15:00+05:30,29246.25,29256.0,29223.0,29240.75,2434
2026-06-08T16:30:00+05:30,29241.5,29365.5,29212.0,29361.25,5701
2026-06-08T16:45:00+05:30,29361.25,29410.0,29340.25,29407.75,8268
2026-06-08T17:00:00+05:30,29409.25,29437.75,29408.5,29410.75,5501
2026-06-08T17:15:00+05:30,29410.0,29419.5,29370.25,29375.0,3696
2026-06-08T17:30:00+05:30,29374.75,29416.5,29364.75,29414.0,6062
2026-06-08T17:45:00+05:30,29412.75,29457.75,29402.0,29457.75,4528
2026-06-08T18:00:00+05:30,29456.25,29510.5,29456.0,29493.5,7425
2026-06-08T18:15:00+05:30,29494.25,29495.75,29462.25,29486.0,4932
2026-06-08T18:30:00+05:30,29484.5,29581.5,29484.0,29574.75,10217
2026-06-08T18:45:00+05:30,29574.75,29604.25,29523.5,29525.75,13573
2026-06-08T19:00:00+05:30,29526.0,29584.0,29397.5,29515.5,53908
2026-06-08T19:15:00+05:30,29516.0,29554.0,29341.0,29349.75,37060
2026-06-08T19:30:00+05:30,29350.25,29471.75,29331.5,29441.5,33852
2026-06-08T19:45:00+05:30,29441.0,29531.0,29374.75,29517.25,24798
2026-06-08T20:00:00+05:30,29517.0,29603.75,29504.5,29549.75,26109
2026-06-08T20:15:00+05:30,29549.25,29681.0,29549.0,29676.5,24221
2026-06-08T20:30:00+05:30,29676.5,29734.0,29665.25,29715.25,19854
2026-06-08T20:45:00+05:30,29716.25,29743.0,29623.25,29630.0,22641
2026-06-08T21:00:00+05:30,29630.25,29685.25,29559.0,29685.25,23619
2026-06-08T21:15:00+05:30,29685.25,29710.75,29594.25,29610.0,18281
2026-06-08T21:30:00+05:30,29610.25,29651.25,29580.25,29635.25,15868
2026-06-08T21:45:00+05:30,29636.75,29692.25,29581.5,29584.75,15534
2026-06-08T22:00:00+05:30,29587.5,29616.75,29554.0,29586.5,14735
2026-06-08T22:15:00+05:30,29586.5,29630.5,29577.25,29580.5,10740
2026-06-08T22:30:00+05:30,29580.75,29584.25,29485.25,29531.75,18960
2026-06-08T22:45:00+05:30,29531.0,29605.5,29492.0,29602.0,14651
2026-06-08T23:00:00+05:30,29602.0,29624.25,29509.0,29512.25,17362
2026-06-08T23:15:00+05:30,29511.75,29600.0,29511.25,29558.25,13129
2026-06-08T23:30:00+05:30,29559.25,29611.75,29556.0,29564.0,12423
2026-06-08T23:45:00+05:30,29565.5,29598.25,29558.0,29590.5,8625
2026-06-09T00:00:00+05:30,29591.25,29617.75,29527.5,29530.75,13340
2026-06-09T00:15:00+05:30,29531.5,29571.0,29529.5,29542.0,8892
2026-06-09T00:30:00+05:30,29543.0,29548.0,29427.0,29429.0,16256
2026-06-09T00:45:00+05:30,29428.75,29451.25,29377.0,29436.75,19032
2026-06-09T01:00:00+05:30,29437.0,29495.0,29420.75,29437.0,16764
2026-06-09T01:15:00+05:30,29436.5,29475.0,29419.0,29453.0,30337
2026-06-09T01:30:00+05:30,29453.0,29470.0,29427.0,29444.5,9743
2026-06-09T01:45:00+05:30,29445.5,29450.5,29401.0,29432.0,4671
2026-06-09T02:00:00+05:30,29431.0,29437.75,29418.25,29429.25,2207
2026-06-09T02:15:00+05:30,29429.25,29448.75,29417.0,29435.25,1770
2026-06-09T03:30:00+05:30,29435.0,29468.75,29349.0,29358.25,4164
2026-06-09T03:45:00+05:30,29360.25,29370.25,29321.25,29328.25,3037
2026-06-09T04:00:00+05:30,29332.25,29376.75,29332.25,29370.0,1691
2026-06-09T04:15:00+05:30,29369.0,29429.0,29360.0,29425.5,1993
2026-06-09T04:30:00+05:30,29426.5,29463.25,29403.5,29454.5,1813
2026-06-09T04:45:00+05:30,29455.25,29459.25,29422.25,29433.0,1708
2026-06-09T05:00:00+05:30,29431.0,29482.0,29416.0,29444.0,2607
2026-06-09T05:15:00+05:30,29444.75,29445.0,29385.0,29425.0,2411
2026-06-09T05:30:00+05:30,29425.75,29441.0,29340.0,29361.25,4200
2026-06-09T05:45:00+05:30,29362.25,29386.0,29329.75,29368.75,2659
2026-06-09T06:00:00+05:30,29368.0,29378.0,29307.75,29347.0,2989
2026-06-09T06:15:00+05:30,29347.25,29357.75,29303.5,29337.75,2746
2026-06-09T06:30:00+05:30,29341.75,29385.0,29329.0,29371.25,3014
2026-06-09T06:45:00+05:30,29372.5,29476.5,29363.75,29456.25,4056
2026-06-09T07:00:00+05:30,29457.0,29521.5,29448.0,29502.0,2934
2026-06-09T07:15:00+05:30,29501.5,29547.75,29482.0,29492.0,3094
2026-06-09T07:30:00+05:30,29492.5,29516.25,29482.75,29498.0,1805
2026-06-09T07:45:00+05:30,29498.25,29502.0,29460.5,29490.5,1926
2026-06-09T08:00:00+05:30,29491.75,29512.0,29473.5,29508.75,1557
2026-06-09T08:15:00+05:30,29509.75,29523.75,29489.25,29514.0,1474
2026-06-09T08:30:00+05:30,29514.0,29542.25,29501.0,29534.5,1679
2026-06-09T08:45:00+05:30,29532.75,29555.0,29516.5,29539.0,1472
2026-06-09T09:00:00+05:30,29540.0,29592.5,29534.75,29584.25,1895
2026-06-09T09:15:00+05:30,29584.5,29593.0,29565.0,29580.0,1421
2026-06-09T09:30:00+05:30,29580.0,29612.25,29569.0,29602.0,2015
2026-06-09T09:45:00+05:30,29602.75,29623.5,29597.0,29611.5,1429
2026-06-09T10:00:00+05:30,29612.0,29631.25,29598.5,29617.75,1387
2026-06-09T10:15:00+05:30,29617.5,29624.5,29600.75,29603.25,1082
2026-06-09T10:30:00+05:30,29604.5,29626.0,29592.5,29607.25,1769
2026-06-09T10:45:00+05:30,29606.0,29619.25,29588.75,29592.75,1042
2026-06-09T11:00:00+05:30,29593.0,29647.0,29591.75,29628.5,2218
2026-06-09T11:15:00+05:30,29627.5,29651.5,29618.0,29633.25,1790
2026-06-09T11:30:00+05:30,29634.75,29660.0,29625.75,29656.75,2054
2026-06-09T11:45:00+05:30,29655.75,29674.75,29633.5,29635.75,2077
2026-06-09T12:00:00+05:30,29635.75,29652.0,29623.75,29636.5,1706
2026-06-09T12:15:00+05:30,29637.25,29643.5,29601.5,29622.25,1610
2026-06-09T12:30:00+05:30,29623.0,29689.25,29616.0,29647.5,3112
2026-06-09T12:45:00+05:30,29648.5,29661.5,29601.5,29612.75,2110
2026-06-09T13:00:00+05:30,29612.75,29626.75,29588.0,29625.25,1780
2026-06-09T13:15:00+05:30,29625.75,29638.5,29583.5,29593.0,1595
2026-06-09T13:30:00+05:30,29593.5,29668.5,29566.0,29665.75,3487
2026-06-09T13:45:00+05:30,29665.5,29674.25,29637.5,29663.25,1956
2026-06-09T14:00:00+05:30,29662.75,29685.5,29645.0,29678.75,1910
2026-06-09T14:15:00+05:30,29677.75,29686.25,29637.25,29641.5,1368
2026-06-09T14:30:00+05:30,29641.75,29671.75,29636.0,29666.75,1176
2026-06-09T14:45:00+05:30,29668.0,29691.25,29660.25,29685.75,1491
2026-06-09T15:00:00+05:30,29686.5,29687.0,29656.25,29679.0,1142
2026-06-09T15:15:00+05:30,29678.25,29696.25,29678.0,29678.75,1300
2026-06-09T15:30:00+05:30,29680.5,29697.5,29617.75,29677.5,4540
2026-06-09T15:45:00+05:30,29677.5,29679.0,29651.75,29672.5,1204
2026-06-09T16:00:00+05:30,29672.0,29676.5,29647.25,29657.25,886
2026-06-09T16:15:00+05:30,29657.5,29698.75,29652.5,29685.25,2291
2026-06-09T16:30:00+05:30,29686.0,29705.0,29681.0,29698.75,2033
2026-06-09T16:45:00+05:30,29699.0,29702.25,29670.75,29688.5,2090
2026-06-09T17:00:00+05:30,29690.0,29727.5,29684.5,29717.75,2562
2026-06-09T17:15:00+05:30,29717.5,29724.0,29679.25,29681.5,2166
2026-06-09T17:30:00+05:30,29681.0,29701.25,29671.0,29673.5,2299
2026-06-09T17:45:00+05:30,29673.25,29682.0,29652.25,29669.0,2453
2026-06-09T18:00:00+05:30,29670.0,29730.25,29667.5,29696.25,4546
2026-06-09T18:15:00+05:30,29695.5,29739.5,29669.75,29735.25,4145
2026-06-09T18:30:00+05:30,29735.75,29747.25,29707.25,29713.25,6167
2026-06-09T18:45:00+05:30,29713.75,29741.0,29692.25,29736.75,8748
2026-06-09T19:00:00+05:30,29737.0,29769.5,29633.25,29767.0,44582
2026-06-09T19:15:00+05:30,29766.5,29848.25,29663.25,29672.75,40137
2026-06-09T19:30:00+05:30,29672.75,29712.0,29484.5,29491.5,43988
2026-06-09T19:45:00+05:30,29491.75,29526.25,29365.0,29444.0,51141
2026-06-09T20:00:00+05:30,29444.0,29487.5,29271.25,29286.25,41840
2026-06-09T20:15:00+05:30,29287.25,29314.5,29083.75,29239.75,50488
2026-06-09T20:30:00+05:30,29242.0,29302.0,29143.5,29243.5,28007
2026-06-09T20:45:00+05:30,29243.75,29254.5,28848.5,28859.25,35669
2026-06-09T21:00:00+05:30,28861.25,28944.25,28809.75,28902.75,40643
2026-06-09T21:15:00+05:30,28903.75,28972.0,28681.5,28695.25,36387
2026-06-09T21:30:00+05:30,28696.0,28787.5,28575.0,28621.75,40697
2026-06-09T21:45:00+05:30,28621.75,28627.75,28404.25,28523.5,48627
2026-06-09T22:00:00+05:30,28522.5,28572.0,28227.75,28375.5,47687
2026-06-09T22:15:00+05:30,28375.25,28487.75,28279.0,28480.0,34330
2026-06-09T22:30:00+05:30,28480.25,28674.5,28462.5,28650.0,32602
2026-06-09T22:45:00+05:30,28650.0,28787.25,28606.25,28743.25,32204
2026-06-09T23:00:00+05:30,28743.5,28924.5,28708.0,28866.0,26982
2026-06-09T23:15:00+05:30,28867.25,28884.5,28714.25,28832.5,29143
2026-06-09T23:30:00+05:30,28831.5,28887.5,28784.75,28861.5,19973
2026-06-09T23:45:00+05:30,28860.5,28980.0,28823.0,28972.75,19898
2026-06-10T00:00:00+05:30,28973.25,29047.0,28912.25,28921.75,17567
2026-06-10T00:15:00+05:30,28922.5,29091.25,28916.0,29065.75,17352
2026-06-10T00:30:00+05:30,29066.0,29146.5,28956.0,28965.25,20801
2026-06-10T00:45:00+05:30,28965.75,28972.5,28839.0,28953.75,24065
2026-06-10T01:00:00+05:30,28952.75,28988.0,28853.25,28922.25,18369
2026-06-10T01:15:00+05:30,28922.75,29135.25,28850.5,29115.25,42759
2026-06-10T01:30:00+05:30,29115.75,29196.25,29085.75,29103.25,16698
2026-06-10T01:45:00+05:30,29104.25,29131.5,29082.25,29122.75,2925
2026-06-10T02:00:00+05:30,29118.25,29159.75,29101.25,29145.75,2396
2026-06-10T02:15:00+05:30,29146.0,29159.0,29120.75,29140.5,2041
2026-06-10T03:30:00+05:30,29094.75,29098.75,29028.5,29086.75,3383
2026-06-10T03:45:00+05:30,29088.0,29118.0,29053.0,29071.0,1622
2026-06-10T04:00:00+05:30,29070.5,29072.0,28994.0,29023.75,2921
2026-06-10T04:15:00+05:30,29023.0,29043.0,28982.0,29029.0,1883
2026-06-10T04:30:00+05:30,29029.25,29102.75,29019.5,29031.25,2477
2026-06-10T04:45:00+05:30,29028.0,29042.75,28997.75,29005.0,1202
2026-06-10T05:00:00+05:30,29005.5,29020.75,28980.25,29015.0,1646
2026-06-10T05:15:00+05:30,29018.0,29071.5,29010.75,29064.5,2163
2026-06-10T05:30:00+05:30,29065.75,29169.0,29065.75,29120.75,5328
2026-06-10T05:45:00+05:30,29119.0,29131.75,29070.5,29118.0,2340
2026-06-10T06:00:00+05:30,29118.5,29123.25,28960.0,28999.25,4154
2026-06-10T06:15:00+05:30,28996.0,29096.0,28991.25,29075.25,3925
2026-06-10T06:30:00+05:30,29077.25,29109.5,29042.25,29076.25,2734
2026-06-10T06:45:00+05:30,29078.5,29115.0,29049.75,29073.25,2031
2026-06-10T07:00:00+05:30,29073.5,29098.75,29023.0,29026.25,2349
2026-06-10T07:15:00+05:30,29027.5,29068.25,29011.25,29033.5,1829
2026-06-10T07:30:00+05:30,29035.0,29042.0,28979.25,28998.0,1973
2026-06-10T07:45:00+05:30,29000.25,29026.25,28974.75,29016.25,2000
2026-06-10T08:00:00+05:30,29015.25,29034.75,28982.25,29006.0,1330
2026-06-10T08:15:00+05:30,29005.75,29035.25,28960.25,28970.5,1845
2026-06-10T08:30:00+05:30,28972.5,29029.5,28967.25,29010.75,1410
2026-06-10T08:45:00+05:30,29013.25,29046.25,28995.5,29008.5,1180
2026-06-10T09:00:00+05:30,29009.25,29024.5,28975.0,28977.0,1033
2026-06-10T09:15:00+05:30,28978.0,29008.0,28973.75,28992.75,973
2026-06-10T09:30:00+05:30,28992.75,29001.25,28940.25,28946.5,1596
2026-06-10T09:45:00+05:30,28944.5,28977.75,28930.75,28942.0,2105
2026-06-10T10:00:00+05:30,28940.25,28940.25,28875.75,28878.25,2494
2026-06-10T10:15:00+05:30,28877.5,28946.0,28867.25,28898.5,2136
2026-06-10T10:30:00+05:30,28898.75,28951.0,28885.25,28907.5,1649
2026-06-10T10:45:00+05:30,28905.0,28939.5,28853.75,28937.5,2724
2026-06-10T11:00:00+05:30,28938.0,28945.0,28881.5,28918.25,1901
2026-06-10T11:15:00+05:30,28917.25,28968.0,28893.25,28943.25,1919
2026-06-10T11:30:00+05:30,28945.0,28998.0,28935.75,28977.25,2199
2026-06-10T11:45:00+05:30,28975.0,29001.25,28952.25,28983.25,1905
2026-06-10T12:00:00+05:30,28981.75,29014.0,28962.25,28989.5,2486
2026-06-10T12:15:00+05:30,28985.0,28989.25,28959.25,28968.5,1209
2026-06-10T12:30:00+05:30,28969.0,29001.0,28942.5,28981.25,1999
2026-06-10T12:45:00+05:30,28980.75,28994.25,28929.25,28942.5,1540
2026-06-10T13:00:00+05:30,28943.0,28984.5,28930.25,28947.25,1335
2026-06-10T13:15:00+05:30,28946.25,28973.0,28926.25,28964.25,1852
2026-06-10T13:30:00+05:30,28964.25,28965.0,28873.25,28876.25,3240
2026-06-10T13:45:00+05:30,28876.25,28894.75,28842.25,28861.0,3209
2026-06-10T14:00:00+05:30,28861.0,28888.0,28768.25,28776.25,3212
2026-06-10T14:15:00+05:30,28774.5,28819.75,28742.25,28762.0,4389
2026-06-10T14:30:00+05:30,28763.5,28797.0,28709.5,28710.75,3760
2026-06-10T14:45:00+05:30,28709.75,28783.5,28684.0,28778.25,4235
2026-06-10T15:00:00+05:30,28776.75,28830.0,28742.0,28762.75,3210
2026-06-10T15:15:00+05:30,28763.5,28788.25,28735.0,28777.75,2033
2026-06-10T15:30:00+05:30,28779.5,28786.0,28740.0,28762.75,2072
2026-06-10T15:45:00+05:30,28763.0,28772.25,28699.25,28766.75,3321
2026-06-10T16:00:00+05:30,28765.75,28827.0,28760.25,28823.5,2296
2026-06-10T16:15:00+05:30,28824.5,28844.0,28776.5,28827.5,2835
2026-06-10T16:30:00+05:30,28831.5,28845.25,28638.0,28733.5,9095
2026-06-10T16:45:00+05:30,28736.0,28766.0,28625.0,28671.5,6486
2026-06-10T17:00:00+05:30,28672.0,28684.75,28610.0,28633.75,4650
2026-06-10T17:15:00+05:30,28632.0,28703.0,28611.5,28679.5,3827
2026-06-10T17:30:00+05:30,28680.75,28732.0,28666.5,28694.75,3950
2026-06-10T17:45:00+05:30,28692.0,28755.0,28657.75,28753.75,5030
2026-06-10T18:00:00+05:30,28759.25,28992.25,28738.75,28918.75,20687
2026-06-10T18:15:00+05:30,28919.5,28948.0,28824.5,28832.0,9764
2026-06-10T18:30:00+05:30,28833.25,28889.25,28821.75,28857.0,7737
2026-06-10T18:45:00+05:30,28855.5,28891.75,28838.75,28852.25,6509
2026-06-10T19:00:00+05:30,28853.0,29092.75,28772.5,29079.5,43624
2026-06-10T19:15:00+05:30,29077.5,29163.25,28984.0,29022.0,34060
2026-06-10T19:30:00+05:30,29022.0,29166.0,28965.0,29091.5,28019
2026-06-10T19:45:00+05:30,29092.5,29231.0,29046.25,29170.75,27176
2026-06-10T20:00:00+05:30,29172.0,29250.0,29081.5,29082.25,24673
2026-06-10T20:15:00+05:30,29083.75,29125.0,28856.0,28900.25,29719
2026-06-10T20:30:00+05:30,28901.25,28985.75,28745.0,28748.75,26891
2026-06-10T20:45:00+05:30,28749.75,28877.75,28663.5,28790.5,27911
2026-06-10T21:00:00+05:30,28790.75,28875.0,28721.0,28854.0,19862
2026-06-10T21:15:00+05:30,28854.75,28874.5,28627.0,28855.25,29829
2026-06-10T21:30:00+05:30,28855.25,28896.5,28711.75,28728.75,13552
2026-06-10T21:45:00+05:30,28726.75,28773.0,28703.0,28742.25,9262
2026-06-10T22:00:00+05:30,28742.25,28851.75,28704.0,28752.0,12541
2026-06-10T22:15:00+05:30,28752.25,28761.25,28664.75,28717.5,13652
2026-06-10T22:30:00+05:30,28717.75,28781.5,28628.5,28648.25,13110
2026-06-10T22:45:00+05:30,28647.0,28699.0,28628.0,28688.5,11297
2026-06-10T23:00:00+05:30,28687.0,28693.5,28618.0,28622.5,12548
2026-06-10T23:15:00+05:30,28623.25,28793.75,28616.0,28780.0,17810
2026-06-10T23:30:00+05:30,28779.5,28832.5,28752.5,28781.5,13182
2026-06-10T23:45:00+05:30,28781.5,28810.25,28697.75,28713.0,11449
2026-06-11T00:00:00+05:30,28713.75,28717.75,28633.0,28661.25,12629
2026-06-11T00:15:00+05:30,28662.0,28664.0,28574.0,28607.5,12792
2026-06-11T00:30:00+05:30,28608.25,28669.0,28574.25,28593.5,13481
2026-06-11T00:45:00+05:30,28594.25,28597.5,28493.0,28546.75,15677
2026-06-11T01:00:00+05:30,28546.25,28664.0,28524.75,28621.25,15988
2026-06-11T01:15:00+05:30,28620.25,28663.5,28523.5,28526.0,31594
2026-06-11T01:30:00+05:30,28525.75,28536.75,28433.0,28499.5,14216
2026-06-11T01:45:00+05:30,28498.25,28524.5,28473.0,28485.5,3022
2026-06-11T02:00:00+05:30,28484.75,28499.25,28434.25,28450.75,2107
2026-06-11T02:15:00+05:30,28451.75,28486.5,28409.0,28472.0,3136
2026-06-11T03:30:00+05:30,28455.0,28470.0,28358.0,28400.75,3563
2026-06-11T03:45:00+05:30,28400.75,28420.0,28380.0,28412.0,1800
2026-06-11T04:00:00+05:30,28414.5,28469.75,28390.0,28431.75,2770
2026-06-11T04:15:00+05:30,28431.0,28455.75,28328.25,28342.5,2742
2026-06-11T04:30:00+05:30,28344.5,28376.75,28278.25,28290.0,3035
2026-06-11T04:45:00+05:30,28288.5,28405.75,28265.75,28398.25,5695
2026-06-11T05:00:00+05:30,28399.0,28446.75,28350.0,28425.0,2919
2026-06-11T05:15:00+05:30,28423.0,28425.25,28352.25,28364.0,2170
2026-06-11T05:30:00+05:30,28363.5,28416.0,28332.0,28391.25,3185
2026-06-11T05:45:00+05:30,28391.5,28571.75,28391.5,28480.5,6015
2026-06-11T06:00:00+05:30,28483.5,28517.5,28428.0,28443.75,3378
2026-06-11T06:15:00+05:30,28445.0,28565.25,28443.25,28549.5,2996
2026-06-11T06:30:00+05:30,28551.5,28717.25,28549.25,28713.75,7843
2026-06-11T06:45:00+05:30,28712.0,28765.0,28688.0,28751.25,4267
2026-06-11T07:00:00+05:30,28751.5,28757.25,28696.5,28705.75,3007
2026-06-11T07:15:00+05:30,28706.75,28716.0,28633.5,28641.25,2739
2026-06-11T07:30:00+05:30,28643.0,28696.5,28621.75,28624.25,2382
2026-06-11T07:45:00+05:30,28624.75,28646.0,28550.25,28559.0,2565
2026-06-11T08:00:00+05:30,28557.75,28603.25,28531.25,28572.0,2433
2026-06-11T08:15:00+05:30,28573.0,28648.0,28563.25,28636.75,2055
2026-06-11T08:30:00+05:30,28636.0,28677.5,28588.5,28605.0,1944
2026-06-11T08:45:00+05:30,28603.5,28626.75,28581.25,28621.5,1177
2026-06-11T09:00:00+05:30,28621.25,28688.5,28618.25,28685.25,1926
2026-06-11T09:15:00+05:30,28688.0,28745.75,28671.0,28738.75,1792
2026-06-11T09:30:00+05:30,28741.25,28744.5,28714.75,28723.25,1041
2026-06-11T09:45:00+05:30,28722.75,28758.0,28704.75,28742.0,1651
2026-06-11T10:00:00+05:30,28743.75,28803.0,28732.0,28790.5,2140
2026-06-11T10:15:00+05:30,28793.0,28802.0,28760.0,28776.5,1414
2026-06-11T10:30:00+05:30,28776.5,28782.0,28717.25,28728.75,1985
2026-06-11T10:45:00+05:30,28729.0,28750.0,28713.75,28734.0,1179
2026-06-11T11:00:00+05:30,28733.5,28751.0,28712.0,28743.75,1609
2026-06-11T11:15:00+05:30,28742.5,28756.0,28726.5,28746.5,1405
2026-06-11T11:30:00+05:30,28746.0,28762.75,28685.5,28746.0,3969
2026-06-11T11:45:00+05:30,28748.5,28774.0,28743.0,28749.5,1867
2026-06-11T12:00:00+05:30,28751.0,28778.25,28728.0,28762.75,1720
2026-06-11T12:15:00+05:30,28763.75,28797.5,28755.25,28792.0,1345
2026-06-11T12:30:00+05:30,28791.75,28819.5,28764.0,28789.25,2517
2026-06-11T12:45:00+05:30,28786.5,28868.5,28781.0,28849.75,3503
2026-06-11T13:00:00+05:30,28848.25,28867.0,28836.25,28860.75,1568
2026-06-11T13:15:00+05:30,28860.25,28865.5,28832.0,28844.25,1051
2026-06-11T13:30:00+05:30,28845.0,28927.25,28839.25,28916.25,3796
2026-06-11T13:45:00+05:30,28914.75,28933.5,28888.75,28907.25,2128
2026-06-11T14:00:00+05:30,28905.5,28936.0,28895.25,28912.5,1938
2026-06-11T14:15:00+05:30,28915.75,28920.0,28889.25,28910.75,1206
2026-06-11T14:30:00+05:30,28909.0,28922.0,28872.75,28883.0,2042
2026-06-11T14:45:00+05:30,28881.0,28890.75,28859.75,28874.5,1584
2026-06-11T15:00:00+05:30,28872.75,28894.25,28858.0,28883.25,1105
2026-06-11T15:15:00+05:30,28883.25,28907.5,28876.25,28878.25,1094
2026-06-11T15:30:00+05:30,28877.5,28917.0,28875.25,28896.5,1458
2026-06-11T15:45:00+05:30,28897.75,28903.5,28873.5,28876.5,1012
2026-06-11T16:00:00+05:30,28877.5,28914.5,28877.5,28892.25,1341
2026-06-11T16:15:00+05:30,28891.25,28905.0,28875.75,28877.75,972
2026-06-11T16:30:00+05:30,28878.0,28878.75,28812.5,28840.0,3041
2026-06-11T16:45:00+05:30,28840.5,28869.25,28821.25,28854.25,1961
2026-06-11T17:00:00+05:30,28852.75,28904.75,28848.5,28886.5,3018
2026-06-11T17:15:00+05:30,28886.5,28909.25,28880.25,28901.0,1375
2026-06-11T17:30:00+05:30,28900.25,28915.0,28885.5,28897.25,1703
2026-06-11T17:45:00+05:30,28899.75,28900.0,28716.5,28754.5,10270
2026-06-11T18:00:00+05:30,28747.0,28796.5,28637.5,28753.5,10252
2026-06-11T18:15:00+05:30,28751.0,28827.5,28735.5,28812.5,6966
2026-06-11T18:30:00+05:30,28814.5,28815.5,28756.5,28776.5,4512
2026-06-11T18:45:00+05:30,28777.0,28796.25,28738.75,28753.0,4775
2026-06-11T19:00:00+05:30,28753.25,28786.25,28650.75,28737.75,36149
2026-06-11T19:15:00+05:30,28739.0,29016.75,28706.5,28900.5,35003
2026-06-11T19:30:00+05:30,28899.5,29049.5,28827.25,28843.5,24916
2026-06-11T19:45:00+05:30,28841.75,28930.25,28752.5,28868.25,24729
2026-06-11T20:00:00+05:30,28873.5,28944.0,28798.5,28818.0,16109
2026-06-11T20:15:00+05:30,28820.0,28844.5,28607.5,28648.25,21461
2026-06-11T20:30:00+05:30,28649.5,28795.0,28577.5,28765.25,23479
2026-06-11T20:45:00+05:30,28766.75,28860.0,28749.0,28757.75,17674
2026-06-11T21:00:00+05:30,28757.75,28907.25,28741.0,28817.25,14658
2026-06-11T21:15:00+05:30,28816.5,28876.0,28775.75,28858.0,11008
2026-06-11T21:30:00+05:30,28858.5,28968.25,28827.5,28951.75,13611
2026-06-11T21:45:00+05:30,28953.0,28975.25,28841.0,28846.0,13121
2026-06-11T22:00:00+05:30,28845.5,28969.0,28821.0,28886.0,13367
2026-06-11T22:15:00+05:30,28886.0,28903.0,28763.25,28770.0,10229
2026-06-11T22:30:00+05:30,28771.5,28809.25,28713.0,28743.75,12514
2026-06-11T22:45:00+05:30,28742.75,29093.25,28678.5,29085.25,18990
2026-06-11T23:00:00+05:30,29086.75,29302.25,29086.25,29281.5,35877
2026-06-11T23:15:00+05:30,29281.5,29300.0,29117.75,29214.0,18488
2026-06-11T23:30:00+05:30,29213.5,29254.5,29068.5,29182.25,17660
2026-06-11T23:45:00+05:30,29179.5,29266.5,29150.0,29188.25,14481
2026-06-12T00:00:00+05:30,29187.5,29240.0,29172.5,29223.5,9081
2026-06-12T00:15:00+05:30,29224.0,29312.25,29217.0,29268.75,14643
2026-06-12T00:30:00+05:30,29269.0,29374.25,29229.5,29360.5,17016
2026-06-12T00:45:00+05:30,29360.5,29448.0,29346.5,29424.0,13892
2026-06-12T01:00:00+05:30,29424.25,29544.25,29421.25,29498.75,18918
2026-06-12T01:15:00+05:30,29498.75,29498.75,29404.0,29456.75,31377
2026-06-12T01:30:00+05:30,29456.75,29519.0,29416.0,29513.25,10737
2026-06-12T01:45:00+05:30,29514.25,29522.0,29459.25,29474.75,4220
2026-06-12T02:00:00+05:30,29474.25,29485.5,29413.75,29415.5,2246
2026-06-12T02:15:00+05:30,29414.25,29445.25,29408.0,29433.25,1693
2026-06-12T03:30:00+05:30,29456.75,29536.5,29443.0,29522.5,2938
2026-06-12T03:45:00+05:30,29524.25,29547.25,29510.25,29529.0,1320
2026-06-12T04:00:00+05:30,29530.5,29557.25,29517.25,29550.25,1203
2026-06-12T04:15:00+05:30,29550.75,29586.5,29550.75,29557.75,1254
2026-06-12T04:30:00+05:30,29560.0,29566.25,29523.25,29542.25,1075
2026-06-12T04:45:00+05:30,29543.75,29567.5,29480.25,29520.0,1296
2026-06-12T05:00:00+05:30,29521.25,29567.0,29521.25,29563.0,787
2026-06-12T05:15:00+05:30,29564.75,29597.5,29560.0,29577.25,1248
2026-06-12T05:30:00+05:30,29576.25,29603.0,29536.0,29579.5,2399
2026-06-12T05:45:00+05:30,29578.5,29625.0,29540.75,29611.0,1690
2026-06-12T06:00:00+05:30,29612.5,29645.5,29585.5,29591.75,1749
2026-06-12T06:15:00+05:30,29593.25,29616.75,29563.5,29588.25,1166
2026-06-12T06:30:00+05:30,29589.0,29589.5,29532.0,29562.5,1816
2026-06-12T06:45:00+05:30,29564.25,29578.25,29470.5,29483.5,2234
2026-06-12T07:00:00+05:30,29483.25,29523.75,29464.75,29492.75,1667
2026-06-12T07:15:00+05:30,29494.0,29557.5,29492.5,29553.0,1056
2026-06-12T07:30:00+05:30,29553.0,29587.0,29550.5,29568.0,1317
2026-06-12T07:45:00+05:30,29568.75,29570.0,29510.0,29512.5,1181
2026-06-12T08:00:00+05:30,29512.5,29550.75,29503.0,29544.75,1027
2026-06-12T08:15:00+05:30,29545.5,29576.0,29543.75,29562.5,784
2026-06-12T08:30:00+05:30,29562.0,29562.0,29510.0,29524.0,912
2026-06-12T08:45:00+05:30,29523.25,29530.25,29488.75,29524.5,676
2026-06-12T09:00:00+05:30,29522.0,29554.25,29516.75,29530.0,809
2026-06-12T09:15:00+05:30,29528.5,29541.5,29500.25,29528.5,753
2026-06-12T09:30:00+05:30,29531.25,29531.25,29488.0,29515.5,718
2026-06-12T09:45:00+05:30,29518.25,29540.25,29488.0,29535.25,668
2026-06-12T10:00:00+05:30,29535.0,29546.0,29520.0,29538.0,462
2026-06-12T10:15:00+05:30,29538.5,29549.0,29530.25,29543.75,618
2026-06-12T10:30:00+05:30,29546.25,29554.75,29503.25,29524.0,661
2026-06-12T10:45:00+05:30,29525.0,29541.25,29512.5,29535.0,721
2026-06-12T11:00:00+05:30,29532.75,29532.75,29456.75,29480.5,1609
2026-06-12T11:15:00+05:30,29481.5,29485.0,29375.0,29401.0,2706
2026-06-12T11:30:00+05:30,29401.75,29474.75,29390.25,29460.5,1923
2026-06-12T11:45:00+05:30,29460.0,29461.75,29416.5,29426.25,916
2026-06-12T12:00:00+05:30,29423.75,29424.5,29365.25,29385.25,1316
2026-06-12T12:15:00+05:30,29384.25,29393.75,29335.0,29361.0,1457
2026-06-12T12:30:00+05:30,29361.75,29370.0,29270.5,29272.0,2154
2026-06-12T12:45:00+05:30,29275.0,29322.0,29260.0,29298.25,1630
2026-06-12T13:00:00+05:30,29291.75,29385.75,29285.25,29379.0,1869
2026-06-12T13:15:00+05:30,29379.25,29458.5,29362.75,29430.5,2112
2026-06-12T13:30:00+05:30,29434.5,29489.0,29416.25,29465.0,2381
2026-06-12T13:45:00+05:30,29466.5,29575.0,29443.0,29530.25,2678
2026-06-12T14:00:00+05:30,29531.25,29536.75,29447.75,29467.0,1932
2026-06-12T14:15:00+05:30,29468.25,29516.75,29447.75,29478.25,1188
2026-06-12T14:30:00+05:30,29481.25,29548.5,29477.25,29548.5,1086
2026-06-12T14:45:00+05:30,29547.5,29619.5,29537.25,29611.5,2110
2026-06-12T15:00:00+05:30,29611.75,29675.0,29588.5,29639.75,2435
2026-06-12T15:15:00+05:30,29640.0,29660.25,29610.0,29623.25,1656
2026-06-12T15:30:00+05:30,29623.5,29657.5,29602.75,29623.25,1423
2026-06-12T15:45:00+05:30,29626.0,29628.0,29517.75,29530.25,2544
2026-06-12T16:00:00+05:30,29531.0,29570.5,29528.25,29561.5,1189
2026-06-12T16:15:00+05:30,29561.5,29571.5,29531.0,29551.0,760
2026-06-12T16:30:00+05:30,29553.0,29597.75,29549.0,29591.25,1217
2026-06-12T16:45:00+05:30,29589.5,29646.25,29588.0,29631.25,1356
2026-06-12T17:00:00+05:30,29631.25,29645.75,29596.25,29644.0,1275
2026-06-12T17:15:00+05:30,29643.25,29660.0,29615.0,29638.25,1287
2026-06-12T17:30:00+05:30,29637.0,29646.0,29578.5,29592.25,1964
2026-06-12T17:45:00+05:30,29590.75,29601.5,29528.25,29533.0,2453
2026-06-12T18:00:00+05:30,29532.0,29547.25,29461.75,29474.0,4333
2026-06-12T18:15:00+05:30,29475.5,29489.5,29383.25,29413.25,4139
2026-06-12T18:30:00+05:30,29412.25,29462.25,29354.0,29456.75,5598
2026-06-12T18:45:00+05:30,29455.25,29502.0,29428.0,29496.0,5833
2026-06-12T19:00:00+05:30,29494.5,29501.0,29263.5,29279.25,30031
2026-06-12T19:15:00+05:30,29282.75,29407.5,29230.0,29349.5,19470
2026-06-12T19:30:00+05:30,29354.0,29598.75,29339.0,29544.75,19946
2026-06-12T19:45:00+05:30,29543.75,29627.25,29487.0,29513.5,13815
2026-06-12T20:00:00+05:30,29512.25,29609.25,29408.5,29411.5,13900
2026-06-12T20:15:00+05:30,29411.0,29644.0,29352.5,29631.0,20624
2026-06-12T20:30:00+05:30,29634.0,29703.5,29597.25,29696.25,13591
2026-06-12T20:45:00+05:30,29696.0,29760.0,29665.0,29745.25,10232
2026-06-12T21:00:00+05:30,29745.5,29749.0,29560.0,29569.0,13818
2026-06-12T21:15:00+05:30,29569.75,29622.25,29410.0,29439.75,15511
2026-06-12T21:30:00+05:30,29440.25,29651.0,29409.0,29597.25,13875
2026-06-12T21:45:00+05:30,29595.25,29667.75,29548.5,29593.5,9565
2026-06-12T22:00:00+05:30,29593.5,29641.0,29575.0,29594.5,5475
2026-06-12T22:15:00+05:30,29595.5,29678.75,29588.25,29673.0,6575
2026-06-12T22:30:00+05:30,29674.0,29752.25,29657.0,29702.75,8607
2026-06-12T22:45:00+05:30,29703.75,29745.0,29689.5,29721.0,5633
2026-06-12T23:00:00+05:30,29722.25,29730.0,29681.0,29699.0,5708
2026-06-12T23:15:00+05:30,29700.0,29724.0,29647.75,29682.5,5144
2026-06-12T23:30:00+05:30,29684.0,29708.0,29627.75,29649.75,7610
2026-06-12T23:45:00+05:30,29650.5,29672.75,29608.5,29665.25,6538
2026-06-13T00:00:00+05:30,29664.0,29719.0,29663.75,29709.75,4955
2026-06-13T00:15:00+05:30,29710.75,29712.5,29636.25,29645.0,6429
2026-06-13T00:30:00+05:30,29643.0,29711.0,29638.75,29664.25,6002
2026-06-13T00:45:00+05:30,29665.25,29696.5,29644.0,29660.5,5227
2026-06-13T01:00:00+05:30,29660.0,29683.75,29580.5,29637.25,9951
2026-06-13T01:15:00+05:30,29636.25,29683.0,29611.0,29648.25,16785
2026-06-13T01:30:00+05:30,29648.25,29720.0,29646.0,29714.25,9790
2026-06-13T01:45:00+05:30,29716.25,29732.25,29687.25,29688.0,1836
2026-06-13T02:00:00+05:30,29688.25,29704.25,29674.0,29680.0,1979
2026-06-13T02:15:00+05:30,29679.75,29688.0,29666.75,29677.75,1278
2026-06-15T03:30:00+05:30,30191.0,30384.75,30191.0,30360.0,3944
2026-06-15T03:45:00+05:30,30360.25,30394.0,30323.75,30353.5,1930
2026-06-15T04:00:00+05:30,30348.5,30372.0,30308.5,30333.0,1388
2026-06-15T04:15:00+05:30,30332.75,30371.75,30325.25,30345.5,800
2026-06-15T04:30:00+05:30,30349.5,30370.0,30314.25,30318.25,1086
2026-06-15T04:45:00+05:30,30315.25,30341.75,30282.0,30330.75,1235
2026-06-15T05:00:00+05:30,30328.0,30359.0,30327.25,30339.0,672
2026-06-15T05:15:00+05:30,30335.75,30357.5,30312.5,30349.25,1072
2026-06-15T05:30:00+05:30,30349.5,30458.5,30339.5,30448.5,3562
2026-06-15T05:45:00+05:30,30450.0,30470.0,30427.5,30456.25,1780
2026-06-15T06:00:00+05:30,30456.5,30459.5,30425.5,30437.0,1134
2026-06-15T06:15:00+05:30,30437.75,30454.0,30427.0,30436.0,816
2026-06-15T06:30:00+05:30,30438.25,30472.5,30422.0,30462.0,1293
2026-06-15T06:45:00+05:30,30459.5,30470.0,30435.0,30456.0,1298
2026-06-15T07:00:00+05:30,30457.5,30484.25,30441.25,30481.5,1059
2026-06-15T07:15:00+05:30,30482.25,30485.0,30455.0,30466.75,834
2026-06-15T07:30:00+05:30,30466.5,30490.0,30462.5,30484.5,917
2026-06-15T07:45:00+05:30,30485.0,30507.75,30482.0,30506.5,751
2026-06-15T08:00:00+05:30,30506.25,30511.75,30487.75,30494.0,735
2026-06-15T08:15:00+05:30,30493.5,30508.5,30492.0,30502.0,537
2026-06-15T08:30:00+05:30,30502.0,30504.5,30484.25,30503.0,563
2026-06-15T08:45:00+05:30,30504.25,30518.0,30501.0,30505.25,757
2026-06-15T09:00:00+05:30,30504.75,30519.5,30491.75,30496.25,833
2026-06-15T09:15:00+05:30,30496.75,30500.5,30480.0,30487.0,527
2026-06-15T09:30:00+05:30,30488.0,30493.5,30470.0,30479.5,619
2026-06-15T09:45:00+05:30,30482.75,30515.25,30480.75,30512.25,588
2026-06-15T10:00:00+05:30,30512.25,30529.25,30506.0,30525.25,752
2026-06-15T10:15:00+05:30,30524.5,30532.25,30512.0,30529.25,434
2026-06-15T10:30:00+05:30,30529.0,30544.75,30523.5,30541.75,473
2026-06-15T10:45:00+05:30,30540.75,30546.25,30527.5,30535.5,510
2026-06-15T11:00:00+05:30,30534.75,30540.25,30505.25,30525.25,933
2026-06-15T11:15:00+05:30,30526.25,30537.25,30508.0,30536.75,557
2026-06-15T11:30:00+05:30,30537.0,30547.0,30528.0,30535.25,760
2026-06-15T11:45:00+05:30,30534.0,30558.75,30519.5,30542.5,968
2026-06-15T12:00:00+05:30,30541.25,30556.0,30522.0,30551.5,1107
2026-06-15T12:15:00+05:30,30553.5,30560.0,30538.0,30551.75,638
2026-06-15T12:30:00+05:30,30552.25,30565.0,30521.75,30532.5,1323
2026-06-15T12:45:00+05:30,30534.0,30566.75,30532.0,30554.75,1220
2026-06-15T13:00:00+05:30,30555.0,30574.25,30538.25,30556.0,957
2026-06-15T13:15:00+05:30,30555.75,30569.5,30542.25,30545.25,832
2026-06-15T13:30:00+05:30,30544.5,30589.25,30539.5,30581.75,1646
2026-06-15T13:45:00+05:30,30581.5,30610.0,30563.5,30602.5,1202
2026-06-15T14:00:00+05:30,30600.5,30617.0,30597.0,30611.5,1070
2026-06-15T14:15:00+05:30,30610.25,30628.25,30584.5,30591.75,1485
2026-06-15T14:30:00+05:30,30592.75,30604.25,30573.0,30578.0,653
2026-06-15T14:45:00+05:30,30576.25,30576.75,30534.25,30539.75,1487
2026-06-15T15:00:00+05:30,30538.25,30542.5,30520.5,30522.5,913
2026-06-15T15:15:00+05:30,30522.75,30556.75,30509.5,30550.25,903
2026-06-15T15:30:00+05:30,30549.75,30564.25,30540.5,30561.75,798
2026-06-15T15:45:00+05:30,30561.75,30571.75,30542.0,30567.75,528
2026-06-15T16:00:00+05:30,30567.75,30568.0,30530.0,30547.5,804
2026-06-15T16:15:00+05:30,30547.25,30570.0,30547.25,30561.5,741
2026-06-15T16:30:00+05:30,30562.5,30600.5,30554.25,30595.0,1349
2026-06-15T16:45:00+05:30,30595.5,30617.0,30594.75,30612.25,1539
2026-06-15T17:00:00+05:30,30614.75,30622.75,30574.0,30578.0,1791
2026-06-15T17:15:00+05:30,30578.25,30618.0,30569.75,30599.25,1512
2026-06-15T17:30:00+05:30,30599.5,30616.75,30587.25,30599.0,1698
2026-06-15T17:45:00+05:30,30596.5,30605.25,30560.5,30571.0,2531
2026-06-15T18:00:00+05:30,30571.25,30583.5,30549.0,30558.25,3000
2026-06-15T18:15:00+05:30,30557.5,30585.75,30538.5,30581.5,2250
2026-06-15T18:30:00+05:30,30581.25,30602.0,30562.5,30602.0,2192
2026-06-15T18:45:00+05:30,30601.75,30642.0,30593.0,30634.25,5268
2026-06-15T19:00:00+05:30,30633.25,30734.5,30604.75,30704.0,29741
2026-06-15T19:15:00+05:30,30704.0,30800.0,30696.5,30703.75,19277
2026-06-15T19:30:00+05:30,30703.75,30764.0,30678.75,30729.0,17527
2026-06-15T19:45:00+05:30,30728.75,30762.75,30671.25,30759.5,12386
2026-06-15T20:00:00+05:30,30760.0,30769.5,30699.0,30716.25,10388
2026-06-15T20:15:00+05:30,30716.5,30800.0,30707.25,30775.0,9984
2026-06-15T20:30:00+05:30,30776.25,30828.0,30772.5,30818.5,10199
2026-06-15T20:45:00+05:30,30819.0,30852.5,30801.0,30847.75,7927
2026-06-15T21:00:00+05:30,30847.5,30855.0,30802.25,30834.5,9306
2026-06-15T21:15:00+05:30,30835.0,30887.0,30835.0,30879.25,7276
2026-06-15T21:30:00+05:30,30879.25,30903.0,30875.0,30889.0,6448
2026-06-15T21:45:00+05:30,30888.5,30912.75,30868.0,30901.0,6884
2026-06-15T22:00:00+05:30,30900.75,30915.0,30860.75,30880.75,6684
2026-06-15T22:15:00+05:30,30879.5,30880.0,30850.5,30867.5,5588
2026-06-15T22:30:00+05:30,30868.0,30886.25,30833.0,30855.0,7508
2026-06-15T22:45:00+05:30,30854.5,30892.5,30848.5,30882.75,4966
2026-06-15T23:00:00+05:30,30883.75,30893.0,30862.0,30874.75,4368
2026-06-15T23:15:00+05:30,30875.25,30885.25,30853.75,30858.75,4346
2026-06-15T23:30:00+05:30,30858.5,30871.25,30832.75,30867.5,6261
2026-06-15T23:45:00+05:30,30868.25,30879.75,30836.75,30840.0,4703
2026-06-16T00:00:00+05:30,30840.25,30885.5,30824.0,30880.5,6426
2026-06-16T00:15:00+05:30,30880.75,30891.0,30853.75,30861.25,4496
2026-06-16T00:30:00+05:30,30861.25,30872.5,30842.0,30858.5,6386
2026-06-16T00:45:00+05:30,30858.75,30871.5,30831.25,30832.75,6233
2026-06-16T01:00:00+05:30,30832.0,30865.5,30819.75,30854.75,7443
2026-06-16T01:15:00+05:30,30855.25,30879.0,30815.0,30872.75,22746
2026-06-16T01:30:00+05:30,30872.5,30894.0,30854.5,30871.25,9534
2026-06-16T01:45:00+05:30,30870.75,30874.75,30845.0,30848.5,1902
2026-06-16T02:00:00+05:30,30848.25,30859.0,30828.0,30831.75,1571
2026-06-16T02:15:00+05:30,30832.5,30841.75,30826.25,30832.0,1909
2026-06-16T03:30:00+05:30,30838.0,30868.0,30775.0,30797.75,2995
2026-06-16T03:45:00+05:30,30797.75,30804.5,30755.0,30786.0,2176
2026-06-16T04:00:00+05:30,30784.5,30795.5,30771.75,30780.5,817
2026-06-16T04:15:00+05:30,30781.5,30819.0,30775.25,30808.0,1608
2026-06-16T04:30:00+05:30,30806.5,30818.0,30795.0,30804.75,1035
2026-06-16T04:45:00+05:30,30804.75,30832.0,30794.75,30827.25,1134
2026-06-16T05:00:00+05:30,30827.5,30829.75,30804.0,30822.5,702
2026-06-16T05:15:00+05:30,30822.75,30843.25,30811.0,30835.25,1204
2026-06-16T05:30:00+05:30,30833.5,30846.5,30796.0,30835.0,1651
2026-06-16T05:45:00+05:30,30834.25,30845.25,30800.5,30833.5,1619
2026-06-16T06:00:00+05:30,30833.25,30853.5,30805.75,30809.25,2071
2026-06-16T06:15:00+05:30,30809.5,30817.5,30767.75,30775.25,2265
2026-06-16T06:30:00+05:30,30775.25,30797.25,30755.5,30772.75,2202
2026-06-16T06:45:00+05:30,30771.75,30795.25,30768.5,30787.25,1261
2026-06-16T07:00:00+05:30,30787.75,30798.0,30774.0,30788.5,845
2026-06-16T07:15:00+05:30,30788.25,30803.75,30768.5,30784.25,1107
2026-06-16T07:30:00+05:30,30784.25,30800.0,30770.0,30778.0,1252
2026-06-16T07:45:00+05:30,30776.75,30793.0,30776.75,30780.5,574
2026-06-16T08:00:00+05:30,30780.5,30808.75,30779.0,30797.75,767
2026-06-16T08:15:00+05:30,30798.0,30802.25,30773.0,30782.5,771
2026-06-16T08:30:00+05:30,30785.0,30798.75,30779.0,30783.25,504
2026-06-16T08:45:00+05:30,30782.25,30823.75,30781.0,30815.0,1013
2026-06-16T09:00:00+05:30,30813.25,30860.0,30813.25,30846.5,1996
2026-06-16T09:15:00+05:30,30846.0,30847.25,30821.5,30831.5,966
2026-06-16T09:30:00+05:30,30832.75,30837.0,30820.5,30830.5,561
2026-06-16T09:45:00+05:30,30830.5,30834.75,30809.0,30824.0,801
2026-06-16T10:00:00+05:30,30824.25,30831.0,30815.5,30816.5,873
2026-06-16T10:15:00+05:30,30816.5,30819.0,30794.25,30814.75,761
2026-06-16T10:30:00+05:30,30815.5,30844.25,30815.5,30833.25,859
2026-06-16T10:45:00+05:30,30832.5,30846.5,30830.0,30834.0,605
2026-06-16T11:00:00+05:30,30833.25,30838.5,30796.0,30808.0,1185
2026-06-16T11:15:00+05:30,30809.75,30826.0,30802.25,30805.25,1014
2026-06-16T11:30:00+05:30,30806.5,30838.75,30797.75,30826.0,1278
2026-06-16T11:45:00+05:30,30826.0,30833.0,30812.0,30831.5,884
2026-06-16T12:00:00+05:30,30831.5,30837.0,30815.0,30815.75,1181
2026-06-16T12:15:00+05:30,30815.75,30834.25,30811.0,30828.0,945
2026-06-16T12:30:00+05:30,30827.5,30848.5,30814.5,30822.0,2150
2026-06-16T12:45:00+05:30,30821.25,30843.25,30817.25,30839.5,1521
2026-06-16T13:00:00+05:30,30839.25,30844.5,30808.75,30809.5,961
2026-06-16T13:15:00+05:30,30809.75,30841.25,30808.0,30840.5,1101
2026-06-16T13:30:00+05:30,30841.25,30886.5,30829.0,30871.0,2113
2026-06-16T13:45:00+05:30,30871.5,30903.0,30871.0,30903.0,1912
2026-06-16T14:00:00+05:30,30902.5,30906.25,30864.5,30887.5,1865
2026-06-16T14:15:00+05:30,30887.25,30944.5,30871.0,30927.25,2708
2026-06-16T14:30:00+05:30,30926.0,30931.75,30914.25,30921.25,1349
2026-06-16T14:45:00+05:30,30920.25,30924.25,30880.75,30884.75,1978
2026-06-16T15:00:00+05:30,30885.5,30908.75,30871.0,30882.25,1223
2026-06-16T15:15:00+05:30,30882.75,30888.0,30863.25,30870.25,1202
2026-06-16T15:30:00+05:30,30870.0,30898.0,30869.25,30898.0,1011
2026-06-16T15:45:00+05:30,30897.0,30915.75,30885.5,30907.75,922
2026-06-16T16:00:00+05:30,30908.75,30932.0,30896.0,30922.75,1235
2026-06-16T16:15:00+05:30,30923.5,30936.75,30913.0,30934.25,991
2026-06-16T16:30:00+05:30,30932.75,30963.5,30923.5,30958.75,2315
2026-06-16T16:45:00+05:30,30958.5,30975.5,30936.75,30950.5,1750
2026-06-16T17:00:00+05:30,30951.0,30959.25,30928.5,30956.25,1534
2026-06-16T17:15:00+05:30,30955.5,30960.75,30939.75,30940.25,1021
2026-06-16T17:30:00+05:30,30940.0,30952.75,30921.75,30922.0,1603
2026-06-16T17:45:00+05:30,30923.0,30923.0,30835.5,30861.5,5159
2026-06-16T18:00:00+05:30,30863.25,30872.0,30824.0,30831.5,5524
2026-06-16T18:15:00+05:30,30830.75,30849.25,30815.75,30826.25,3544
2026-06-16T18:30:00+05:30,30826.0,30835.0,30785.0,30820.0,4519
2026-06-16T18:45:00+05:30,30821.5,30846.0,30808.75,30811.25,4599
2026-06-16T19:00:00+05:30,30812.5,30860.5,30750.75,30819.25,31683
2026-06-16T19:15:00+05:30,30817.75,30889.0,30800.0,30806.5,20696
2026-06-16T19:30:00+05:30,30808.0,30858.5,30791.25,30816.5,17315
2026-06-16T19:45:00+05:30,30816.5,30825.5,30672.5,30681.25,26525
2026-06-16T20:00:00+05:30,30682.25,30714.75,30591.0,30681.75,23651
2026-06-16T20:15:00+05:30,30681.25,30681.25,30562.5,30602.75,16763
2026-06-16T20:30:00+05:30,30601.0,30665.25,30590.25,30623.5,12958
2026-06-16T20:45:00+05:30,30622.5,30648.5,30500.5,30536.75,15614
2026-06-16T21:00:00+05:30,30538.75,30577.75,30465.25,30474.75,13594
2026-06-16T21:15:00+05:30,30472.75,30529.5,30407.75,30467.25,19713
2026-06-16T21:30:00+05:30,30466.25,30566.75,30463.75,30532.0,11941
2026-06-16T21:45:00+05:30,30533.0,30575.0,30512.25,30536.75,9609
2026-06-16T22:00:00+05:30,30537.0,30541.0,30444.0,30500.5,11064
2026-06-16T22:15:00+05:30,30499.75,30525.0,30450.5,30496.5,9245
2026-06-16T22:30:00+05:30,30495.5,30497.5,30452.0,30478.5,7017
2026-06-16T22:45:00+05:30,30478.25,30490.5,30427.5,30458.5,7356
2026-06-16T23:00:00+05:30,30458.5,30470.0,30401.75,30449.25,9439
2026-06-16T23:15:00+05:30,30447.5,30521.0,30432.25,30477.25,8634
2026-06-16T23:30:00+05:30,30477.25,30496.5,30472.0,30474.25,5428
2026-06-16T23:45:00+05:30,30473.5,30485.25,30445.5,30471.25,6156
2026-06-17T00:00:00+05:30,30471.25,30477.5,30422.0,30463.5,7803
2026-06-17T00:15:00+05:30,30464.0,30470.0,30424.0,30443.0,5446
2026-06-17T00:30:00+05:30,30443.25,30480.75,30390.25,30401.5,11573
2026-06-17T00:45:00+05:30,30401.75,30451.5,30336.75,30446.0,13466
2026-06-17T01:00:00+05:30,30444.5,30462.0,30367.0,30413.75,11883
2026-06-17T01:15:00+05:30,30412.5,30421.0,30302.25,30310.0,26946
2026-06-17T01:30:00+05:30,30309.75,30330.5,30293.5,30308.25,10476
2026-06-17T01:45:00+05:30,30307.75,30312.0,30272.25,30302.0,4746
2026-06-17T02:00:00+05:30,30302.0,30315.0,30292.0,30312.0,1739
2026-06-17T02:15:00+05:30,30311.5,30317.25,30297.0,30300.5,2109
2026-06-17T03:30:00+05:30,30306.5,30375.0,30306.5,30363.5,2662
2026-06-17T03:45:00+05:30,30363.75,30377.0,30343.75,30366.75,1439
2026-06-17T04:00:00+05:30,30368.0,30381.25,30331.25,30364.25,1567
2026-06-17T04:15:00+05:30,30364.75,30389.25,30353.0,30378.0,1319
2026-06-17T04:30:00+05:30,30378.75,30380.0,30326.0,30350.25,1864
2026-06-17T04:45:00+05:30,30352.0,30352.5,30326.0,30333.25,639
2026-06-17T05:00:00+05:30,30332.25,30360.0,30319.75,30331.75,1380
2026-06-17T05:15:00+05:30,30331.75,30350.5,30307.0,30329.0,1683
2026-06-17T05:30:00+05:30,30330.5,30382.0,30330.5,30357.25,2556
2026-06-17T05:45:00+05:30,30356.25,30385.25,30356.25,30378.75,1480
2026-06-17T06:00:00+05:30,30379.5,30402.75,30370.25,30390.75,1147
2026-06-17T06:15:00+05:30,30391.0,30391.0,30367.25,30383.75,1056
2026-06-17T06:30:00+05:30,30384.0,30410.0,30368.25,30401.75,1705
2026-06-17T06:45:00+05:30,30400.0,30423.0,30388.75,30417.0,1490
2026-06-17T07:00:00+05:30,30418.0,30440.5,30411.0,30423.25,1570
2026-06-17T07:15:00+05:30,30423.0,30449.75,30423.0,30446.25,947
2026-06-17T07:30:00+05:30,30447.25,30456.25,30437.5,30455.0,1285
2026-06-17T07:45:00+05:30,30455.5,30463.0,30443.0,30451.5,955
2026-06-17T08:00:00+05:30,30451.75,30453.5,30433.75,30451.5,941
2026-06-17T08:15:00+05:30,30452.0,30453.25,30432.5,30440.25,710
2026-06-17T08:30:00+05:30,30441.0,30456.75,30430.25,30431.75,929
2026-06-17T08:45:00+05:30,30433.0,30436.0,30416.75,30433.5,901
2026-06-17T09:00:00+05:30,30433.5,30465.5,30428.5,30456.25,1005
2026-06-17T09:15:00+05:30,30455.25,30469.75,30453.25,30466.75,680
2026-06-17T09:30:00+05:30,30465.75,30472.5,30459.25,30464.5,565
2026-06-17T09:45:00+05:30,30463.75,30482.0,30462.75,30474.5,788
2026-06-17T10:00:00+05:30,30473.5,30478.5,30447.0,30451.75,1065
2026-06-17T10:15:00+05:30,30452.25,30487.25,30452.25,30486.75,821
2026-06-17T10:30:00+05:30,30485.75,30499.0,30481.25,30484.5,994
2026-06-17T10:45:00+05:30,30484.75,30505.0,30480.25,30491.75,1033
2026-06-17T11:00:00+05:30,30491.0,30520.5,30488.0,30511.75,1215
2026-06-17T11:15:00+05:30,30510.75,30526.5,30496.25,30500.25,1194
2026-06-17T11:30:00+05:30,30501.25,30522.75,30490.75,30511.75,1558
2026-06-17T11:45:00+05:30,30510.75,30517.5,30489.5,30492.5,1016
2026-06-17T12:00:00+05:30,30490.25,30535.25,30484.5,30534.25,1579
2026-06-17T12:15:00+05:30,30533.75,30545.75,30530.0,30544.5,975
2026-06-17T12:30:00+05:30,30544.5,30579.75,30543.5,30575.5,1876
2026-06-17T12:45:00+05:30,30575.5,30579.0,30538.5,30552.0,1381
2026-06-17T13:00:00+05:30,30552.25,30573.25,30543.25,30560.0,985
2026-06-17T13:15:00+05:30,30560.75,30566.5,30549.25,30559.25,1038
2026-06-17T13:30:00+05:30,30560.5,30584.5,30534.25,30539.75,2239
2026-06-17T13:45:00+05:30,30540.25,30551.0,30513.75,30518.75,1661
2026-06-17T14:00:00+05:30,30520.25,30525.0,30477.75,30487.25,2227
2026-06-17T14:15:00+05:30,30485.25,30514.25,30464.5,30509.75,1789
2026-06-17T14:30:00+05:30,30510.75,30526.0,30491.5,30506.5,1305
2026-06-17T14:45:00+05:30,30505.25,30519.0,30492.0,30516.0,961
2026-06-17T15:00:00+05:30,30516.0,30526.5,30485.25,30498.25,1532
2026-06-17T15:15:00+05:30,30498.25,30505.25,30448.0,30463.0,1552
2026-06-17T15:30:00+05:30,30462.75,30464.25,30418.5,30451.0,2106
2026-06-17T15:45:00+05:30,30452.0,30479.75,30436.0,30463.5,1379
2026-06-17T16:00:00+05:30,30462.0,30487.0,30448.25,30486.0,1104
2026-06-17T16:15:00+05:30,30485.0,30499.25,30455.5,30459.75,1338
2026-06-17T16:30:00+05:30,30458.75,30482.75,30442.25,30478.5,1375
2026-06-17T16:45:00+05:30,30479.0,30492.25,30462.0,30469.25,1128
2026-06-17T17:00:00+05:30,30468.5,30471.75,30433.25,30437.5,1270
2026-06-17T17:15:00+05:30,30437.5,30445.75,30387.75,30416.0,2865
2026-06-17T17:30:00+05:30,30416.75,30464.75,30415.5,30460.25,2760
2026-06-17T17:45:00+05:30,30459.75,30479.5,30440.0,30464.25,2165
2026-06-17T18:00:00+05:30,30464.0,30521.0,30461.75,30506.5,4157
2026-06-17T18:15:00+05:30,30506.25,30514.0,30482.25,30491.25,1952
2026-06-17T18:30:00+05:30,30491.25,30493.75,30465.0,30481.5,2370
2026-06-17T18:45:00+05:30,30481.5,30534.75,30480.0,30526.75,5444
2026-06-17T19:00:00+05:30,30526.0,30527.75,30398.25,30519.75,29406
2026-06-17T19:15:00+05:30,30520.75,30542.25,30346.0,30347.75,24435
2026-06-17T19:30:00+05:30,30346.0,30447.75,30320.0,30444.25,24513
2026-06-17T19:45:00+05:30,30444.75,30545.75,30434.75,30509.5,18676
2026-06-17T20:00:00+05:30,30510.0,30516.0,30374.0,30433.5,16954
2026-06-17T20:15:00+05:30,30432.0,30463.25,30284.75,30359.25,19903
2026-06-17T20:30:00+05:30,30357.5,30419.25,30346.0,30410.25,12215
2026-06-17T20:45:00+05:30,30410.25,30458.5,30392.5,30418.25,11848
2026-06-17T21:00:00+05:30,30417.0,30450.25,30400.25,30414.25,8653
2026-06-17T21:15:00+05:30,30415.0,30458.5,30412.5,30450.0,6769
2026-06-17T21:30:00+05:30,30450.0,30472.25,30422.0,30441.25,6167
2026-06-17T21:45:00+05:30,30441.0,30472.0,30426.75,30456.75,4782
2026-06-17T22:00:00+05:30,30457.25,30471.0,30418.0,30429.75,5753
2026-06-17T22:15:00+05:30,30430.25,30431.25,30396.25,30410.25,5416
2026-06-17T22:30:00+05:30,30408.25,30410.25,30326.5,30377.0,8563
2026-06-17T22:45:00+05:30,30376.25,30425.25,30352.5,30418.75,5865
2026-06-17T23:00:00+05:30,30418.25,30419.75,30381.75,30394.0,4951
2026-06-17T23:15:00+05:30,30393.75,30484.75,30384.5,30466.75,6275
2026-06-17T23:30:00+05:30,30465.5,30471.75,30070.25,30257.75,30375
2026-06-17T23:45:00+05:30,30255.25,30341.5,30178.75,30241.75,18510
2026-06-18T00:00:00+05:30,30242.25,30520.0,30209.5,30505.5,26037
2026-06-18T00:15:00+05:30,30505.25,30508.0,30220.5,30274.75,21508
2026-06-18T00:30:00+05:30,30274.5,30370.0,30200.25,30352.25,19763
2026-06-18T00:45:00+05:30,30354.5,30361.75,30101.0,30129.0,20610
2026-06-18T01:00:00+05:30,30128.0,30163.0,29931.5,29960.25,24795
2026-06-18T01:15:00+05:30,29963.75,30055.0,29923.0,29994.75,32207
2026-06-18T01:30:00+05:30,29995.0,30089.0,29993.0,30027.75,11336
2026-06-18T01:45:00+05:30,30027.75,30133.25,30015.0,30123.5,5210
2026-06-18T02:00:00+05:30,30124.0,30159.5,30111.0,30134.0,3094
2026-06-18T02:15:00+05:30,30132.75,30141.75,30110.0,30141.75,2277
2026-06-18T03:30:00+05:30,30142.5,30206.0,30096.0,30189.25,3554
2026-06-18T03:45:00+05:30,30189.5,30259.0,30182.0,30228.75,3253
2026-06-18T04:00:00+05:30,30225.5,30248.0,30219.25,30229.5,1377
2026-06-18T04:15:00+05:30,30230.75,30259.0,30230.0,30236.5,1194
2026-06-18T04:30:00+05:30,30236.25,30267.0,30225.0,30262.5,1564
2026-06-18T04:45:00+05:30,30262.0,30300.0,30259.5,30290.75,1784
2026-06-18T05:00:00+05:30,30291.0,30304.0,30268.75,30275.5,1748
2026-06-18T05:15:00+05:30,30275.25,30312.25,30269.25,30312.25,1625
2026-06-18T05:30:00+05:30,30313.5,30424.0,30306.5,30417.25,5695
2026-06-18T05:45:00+05:30,30420.5,30432.25,30356.0,30383.25,3817
2026-06-18T06:00:00+05:30,30381.75,30415.75,30378.0,30409.25,2941
2026-06-18T06:15:00+05:30,30409.5,30414.5,30352.75,30368.25,2727
2026-06-18T06:30:00+05:30,30367.75,30438.25,30363.25,30430.0,3056
2026-06-18T06:45:00+05:30,30429.75,30434.0,30395.75,30407.5,2121
2026-06-18T07:00:00+05:30,30408.25,30425.25,30390.75,30400.0,1440
2026-06-18T07:15:00+05:30,30397.0,30400.25,30368.0,30380.0,2015
2026-06-18T07:30:00+05:30,30382.5,30430.75,30373.5,30417.5,1590
2026-06-18T07:45:00+05:30,30419.0,30420.25,30395.0,30403.75,879
2026-06-18T08:00:00+05:30,30400.75,30410.5,30382.0,30405.0,746
2026-06-18T08:15:00+05:30,30407.0,30414.0,30392.5,30400.25,812
2026-06-18T08:30:00+05:30,30401.5,30412.0,30376.75,30381.0,856
2026-06-18T08:45:00+05:30,30379.75,30410.25,30378.0,30403.5,912
2026-06-18T09:00:00+05:30,30405.0,30419.75,30370.0,30379.0,1346
2026-06-18T09:15:00+05:30,30378.25,30409.0,30378.25,30399.0,841
2026-06-18T09:30:00+05:30,30400.5,30405.5,30353.5,30357.25,1694
2026-06-18T09:45:00+05:30,30358.5,30370.75,30321.5,30332.0,1506
2026-06-18T10:00:00+05:30,30330.5,30335.25,30294.25,30296.25,1755
2026-06-18T10:15:00+05:30,30296.75,30348.0,30284.0,30342.0,2148
2026-06-18T10:30:00+05:30,30341.0,30362.75,30325.0,30340.0,1310
2026-06-18T10:45:00+05:30,30339.25,30372.25,30336.0,30362.25,1007
2026-06-18T11:00:00+05:30,30363.25,30378.25,30338.0,30354.25,1444
2026-06-18T11:15:00+05:30,30352.25,30356.75,30336.75,30354.0,1051
2026-06-18T11:30:00+05:30,30353.75,30369.0,30320.0,30343.0,2159
2026-06-18T11:45:00+05:30,30344.25,30385.75,30323.0,30380.5,2058
2026-06-18T12:00:00+05:30,30380.25,30381.0,30335.0,30350.5,1155
2026-06-18T12:15:00+05:30,30350.5,30434.5,30350.25,30419.5,2398
2026-06-18T12:30:00+05:30,30419.5,30438.5,30387.75,30394.25,1946
2026-06-18T12:45:00+05:30,30394.75,30433.0,30382.5,30429.5,1419
2026-06-18T13:00:00+05:30,30428.25,30428.5,30400.75,30424.75,1288
2026-06-18T13:15:00+05:30,30424.25,30447.25,30408.0,30444.5,1412
2026-06-18T13:30:00+05:30,30445.25,30500.0,30440.25,30482.5,3687
2026-06-18T13:45:00+05:30,30482.0,30485.75,30418.75,30430.0,2241
2026-06-18T14:00:00+05:30,30429.25,30469.0,30422.0,30451.5,2306
2026-06-18T14:15:00+05:30,30452.25,30456.0,30387.0,30396.25,2283
2026-06-18T14:30:00+05:30,30397.5,30433.5,30387.5,30427.75,1602
2026-06-18T14:45:00+05:30,30429.75,30449.75,30423.25,30435.25,1274
2026-06-18T15:00:00+05:30,30434.75,30463.75,30424.5,30459.5,1219
2026-06-18T15:15:00+05:30,30459.0,30495.0,30459.0,30488.5,1587
2026-06-18T15:30:00+05:30,30490.25,30491.5,30462.5,30483.25,1386
2026-06-18T15:45:00+05:30,30483.25,30494.75,30469.5,30475.0,1347
2026-06-18T16:00:00+05:30,30475.25,30486.0,30427.25,30429.75,1924
2026-06-18T16:15:00+05:30,30429.25,30443.75,30421.0,30434.75,1437
2026-06-18T16:30:00+05:30,30435.75,30457.0,30383.75,30407.75,3115
2026-06-18T16:45:00+05:30,30410.0,30413.5,30368.0,30403.75,3251
2026-06-18T17:00:00+05:30,30402.0,30418.0,30355.0,30392.75,2623
2026-06-18T17:15:00+05:30,30393.25,30423.5,30385.5,30423.5,1650
2026-06-18T17:30:00+05:30,30423.75,30440.25,30397.0,30432.25,2662
2026-06-18T17:45:00+05:30,30433.5,30473.75,30420.0,30470.25,3724
2026-06-18T18:00:00+05:30,30470.75,30492.5,30458.0,30477.5,3169
2026-06-18T18:15:00+05:30,30476.5,30538.0,30474.0,30514.75,4377
2026-06-18T18:30:00+05:30,30514.0,30523.5,30467.5,30516.0,6172
2026-06-18T18:45:00+05:30,30516.0,30619.75,30513.25,30594.25,11722
2026-06-18T19:00:00+05:30,30594.5,30615.5,30391.0,30402.5,46520
2026-06-18T19:15:00+05:30,30403.75,30540.5,30402.25,30468.75,30677
2026-06-18T19:30:00+05:30,30469.25,30591.5,30449.5,30523.0,24751
2026-06-18T19:45:00+05:30,30522.5,30644.0,30500.5,30520.75,25002
2026-06-18T20:00:00+05:30,30520.25,30610.25,30463.5,30573.25,18455
2026-06-18T20:15:00+05:30,30573.25,30660.75,30571.25,30623.5,15698
2026-06-18T20:30:00+05:30,30623.75,30675.75,30584.25,30628.25,13664
2026-06-18T20:45:00+05:30,30629.25,30646.5,30566.75,30583.5,13938
2026-06-18T21:00:00+05:30,30582.5,30616.5,30498.25,30537.25,16480
2026-06-18T21:15:00+05:30,30537.0,30652.0,30496.25,30640.75,15368
2026-06-18T21:30:00+05:30,30641.0,30675.0,30628.75,30652.75,13513
2026-06-18T21:45:00+05:30,30653.5,30690.75,30630.0,30682.25,10773
2026-06-18T22:00:00+05:30,30683.25,30707.75,30663.5,30691.75,9575
2026-06-18T22:15:00+05:30,30691.75,30698.25,30650.0,30684.75,9228
2026-06-18T22:30:00+05:30,30685.5,30725.25,30656.25,30712.5,9457
2026-06-18T22:45:00+05:30,30712.25,30734.75,30692.5,30709.5,8667
2026-06-18T23:00:00+05:30,30710.0,30736.75,30706.0,30723.75,6944
2026-06-18T23:15:00+05:30,30724.25,30733.75,30702.25,30708.5,5227
2026-06-18T23:30:00+05:30,30708.75,30718.75,30690.25,30698.5,6677
2026-06-18T23:45:00+05:30,30698.0,30710.0,30680.75,30693.5,6840
2026-06-19T00:00:00+05:30,30694.25,30694.25,30666.0,30676.75,7050
2026-06-19T00:15:00+05:30,30676.5,30718.5,30672.5,30690.75,6946
2026-06-19T00:30:00+05:30,30690.75,30702.5,30645.25,30653.5,8668
2026-06-19T00:45:00+05:30,30652.25,30699.25,30647.75,30688.0,7804
2026-06-19T01:00:00+05:30,30687.75,30749.25,30659.5,30747.0,10003
2026-06-19T01:15:00+05:30,30747.0,30783.25,30692.75,30692.75,36294
2026-06-19T01:30:00+05:30,30693.5,30727.0,30683.0,30714.0,14321
2026-06-19T01:45:00+05:30,30715.0,30744.25,30705.5,30730.5,3841
2026-06-19T02:00:00+05:30,30730.0,30748.0,30714.0,30719.0,2115
2026-06-19T02:15:00+05:30,30719.75,30727.75,30706.5,30726.5,1745
2026-06-19T03:30:00+05:30,30740.0,30770.75,30712.0,30727.25,2036
2026-06-19T03:45:00+05:30,30725.0,30725.75,30674.75,30687.0,1469
2026-06-19T04:00:00+05:30,30687.75,30687.75,30651.5,30661.75,1167
2026-06-19T04:15:00+05:30,30661.75,30679.5,30650.0,30662.75,930
2026-06-19T04:30:00+05:30,30661.25,30689.75,30656.75,30668.75,1125
2026-06-19T04:45:00+05:30,30667.75,30700.0,30667.25,30683.5,865
2026-06-19T05:00:00+05:30,30682.75,30698.25,30670.25,30686.25,791
2026-06-19T05:15:00+05:30,30685.75,30703.25,30679.25,30692.5,794
2026-06-19T05:30:00+05:30,30690.0,30694.25,30635.0,30644.75,2327
2026-06-19T05:45:00+05:30,30645.5,30662.75,30628.0,30645.75,1811
2026-06-19T06:00:00+05:30,30646.75,30662.25,30637.0,30647.25,1140
2026-06-19T06:15:00+05:30,30645.5,30659.5,30638.5,30642.75,749
2026-06-19T06:30:00+05:30,30644.0,30664.75,30611.75,30621.5,2199
2026-06-19T06:45:00+05:30,30621.75,30637.25,30621.75,30630.75,820
2026-06-19T07:00:00+05:30,30629.0,30629.0,30601.25,30610.0,975
2026-06-19T07:15:00+05:30,30610.25,30617.0,30592.0,30594.5,724
2026-06-19T07:30:00+05:30,30594.25,30598.5,30578.0,30588.25,919
2026-06-19T07:45:00+05:30,30587.0,30609.5,30575.0,30605.5,1194
2026-06-19T08:00:00+05:30,30605.5,30619.5,30600.25,30617.5,492
2026-06-19T08:15:00+05:30,30618.5,30618.5,30585.5,30593.75,600
2026-06-19T08:30:00+05:30,30593.0,30606.5,30577.0,30577.0,497
2026-06-19T08:45:00+05:30,30577.75,30580.25,30535.5,30539.0,1514
2026-06-19T09:00:00+05:30,30540.5,30546.75,30510.25,30528.25,1605
2026-06-19T09:15:00+05:30,30527.5,30536.25,30505.5,30518.5,984
2026-06-19T09:30:00+05:30,30520.25,30526.25,30459.0,30511.75,2241
2026-06-19T09:45:00+05:30,30512.5,30519.25,30485.25,30502.5,1483
2026-06-19T10:00:00+05:30,30503.75,30504.5,30460.0,30478.25,1245
2026-06-19T10:15:00+05:30,30478.0,30478.0,30405.0,30433.75,2114
2026-06-19T10:30:00+05:30,30435.0,30452.25,30412.25,30437.75,1575
2026-06-19T10:45:00+05:30,30438.25,30449.75,30405.25,30432.5,1402
2026-06-19T11:00:00+05:30,30433.75,30442.5,30388.0,30408.25,1382
2026-06-19T11:15:00+05:30,30408.25,30483.5,30408.25,30481.0,1549
2026-06-19T11:30:00+05:30,30482.5,30519.75,30479.5,30511.25,1559
2026-06-19T11:45:00+05:30,30512.0,30535.75,30495.75,30523.25,1350
2026-06-19T12:00:00+05:30,30523.25,30532.75,30501.75,30514.25,1152
2026-06-19T12:15:00+05:30,30514.25,30565.0,30505.25,30555.0,1084
2026-06-19T12:30:00+05:30,30553.75,30586.5,30552.25,30585.25,1184
2026-06-19T12:45:00+05:30,30587.0,30606.25,30582.25,30604.75,1186
2026-06-19T13:00:00+05:30,30603.75,30628.25,30593.0,30605.5,1288
2026-06-19T13:15:00+05:30,30606.5,30633.0,30594.0,30630.0,1111
2026-06-19T13:30:00+05:30,30630.0,30644.75,30608.0,30631.0,879
2026-06-19T13:45:00+05:30,30631.0,30650.0,30625.0,30644.25,677
2026-06-19T14:00:00+05:30,30640.5,30658.5,30624.0,30649.0,741
2026-06-19T14:15:00+05:30,30650.5,30660.0,30629.25,30649.25,668
2026-06-19T14:30:00+05:30,30651.25,30666.0,30622.0,30624.25,1117
2026-06-19T14:45:00+05:30,30625.0,30640.0,30610.25,30615.5,654
2026-06-19T15:00:00+05:30,30615.5,30645.25,30613.75,30626.75,716
2026-06-19T15:15:00+05:30,30627.0,30647.0,30619.75,30626.0,724
2026-06-19T15:30:00+05:30,30628.75,30633.5,30597.75,30613.75,848
2026-06-19T15:45:00+05:30,30613.5,30617.0,30568.25,30578.0,972
2026-06-19T16:00:00+05:30,30578.0,30578.0,30539.0,30564.5,1234
2026-06-19T16:15:00+05:30,30564.5,30591.75,30551.0,30574.0,876
2026-06-19T16:30:00+05:30,30571.25,30578.5,30535.75,30560.25,1191
2026-06-19T16:45:00+05:30,30560.25,30581.5,30551.25,30560.0,947
2026-06-19T17:00:00+05:30,30559.75,30601.75,30557.25,30593.5,1161
2026-06-19T17:15:00+05:30,30595.0,30595.75,30566.5,30591.75,798
2026-06-19T17:30:00+05:30,30592.5,30594.5,30569.75,30572.25,612
2026-06-19T17:45:00+05:30,30572.75,30579.25,30561.75,30562.5,604
2026-06-19T18:00:00+05:30,30562.5,30564.0,30525.25,30558.5,1568
2026-06-19T18:15:00+05:30,30557.75,30670.0,30543.75,30653.0,3554
2026-06-19T18:30:00+05:30,30653.5,30664.0,30627.75,30642.75,1811
2026-06-19T18:45:00+05:30,30643.5,30654.5,30626.0,30646.25,1326
2026-06-19T19:00:00+05:30,30646.25,30678.25,30631.75,30650.25,4304
2026-06-19T19:15:00+05:30,30649.5,30695.75,30642.25,30682.25,3462
2026-06-19T19:30:00+05:30,30680.25,30684.75,30653.25,30664.5,3079
2026-06-19T19:45:00+05:30,30663.5,30677.75,30648.0,30668.75,1948
2026-06-19T20:00:00+05:30,30668.25,30679.5,30658.0,30676.5,1743
2026-06-19T20:15:00+05:30,30677.25,30697.25,30674.75,30691.5,1786
2026-06-19T20:30:00+05:30,30690.0,30705.0,30684.0,30694.25,1796
2026-06-19T20:45:00+05:30,30693.5,30698.0,30680.0,30697.5,1167
2026-06-19T21:00:00+05:30,30696.5,30700.75,30653.0,30659.0,3463
2026-06-19T21:15:00+05:30,30658.75,30691.75,30658.5,30684.0,1359
2026-06-19T21:30:00+05:30,30684.5,30685.5,30658.5,30669.0,1468
2026-06-19T21:45:00+05:30,30669.25,30685.5,30666.0,30683.25,1069
2026-06-19T22:00:00+05:30,30682.5,30702.0,30676.25,30689.25,1109
2026-06-19T22:15:00+05:30,30689.25,30701.25,30640.0,30647.0,1447
2026-06-22T03:30:00+05:30,30577.0,30616.75,30470.0,30503.0,5389
2026-06-22T03:45:00+05:30,30504.25,30561.5,30463.0,30553.0,2730
2026-06-22T04:00:00+05:30,30551.5,30557.75,30511.5,30551.75,1682
2026-06-22T04:15:00+05:30,30552.75,30572.0,30498.75,30522.25,1687
2026-06-22T04:30:00+05:30,30520.75,30523.25,30434.75,30454.75,4197
2026-06-22T04:45:00+05:30,30457.75,30466.0,30421.25,30439.5,2729
2026-06-22T05:00:00+05:30,30441.5,30448.5,30352.0,30381.75,3375
2026-06-22T05:15:00+05:30,30380.75,30397.75,30337.5,30355.75,2607
2026-06-22T05:30:00+05:30,30353.25,30533.5,30347.75,30498.25,6043
2026-06-22T05:45:00+05:30,30496.0,30566.25,30475.0,30565.0,3473
2026-06-22T06:00:00+05:30,30565.0,30580.5,30549.75,30578.25,1859
2026-06-22T06:15:00+05:30,30577.25,30624.5,30577.25,30616.75,3381
2026-06-22T06:30:00+05:30,30620.0,30648.75,30613.0,30629.75,3271
2026-06-22T06:45:00+05:30,30630.5,30658.75,30621.25,30651.5,2105
2026-06-22T07:00:00+05:30,30650.0,30659.0,30633.75,30649.5,1734
2026-06-22T07:15:00+05:30,30649.75,30653.75,30603.5,30606.75,2227
2026-06-22T07:30:00+05:30,30608.5,30626.0,30592.5,30594.5,1943
2026-06-22T07:45:00+05:30,30594.5,30622.0,30588.75,30588.75,1601
2026-06-22T08:00:00+05:30,30589.0,30601.0,30582.75,30597.0,1073
2026-06-22T08:15:00+05:30,30595.75,30597.75,30577.25,30583.5,899
2026-06-22T08:30:00+05:30,30585.25,30587.5,30547.75,30555.75,2140
2026-06-22T08:45:00+05:30,30557.25,30609.25,30556.25,30602.5,1919
2026-06-22T09:00:00+05:30,30604.0,30616.0,30592.75,30600.75,1097
2026-06-22T09:15:00+05:30,30601.75,30610.75,30545.0,30555.25,1887
2026-06-22T09:30:00+05:30,30556.5,30583.25,30549.0,30560.5,1298
2026-06-22T09:45:00+05:30,30560.25,30576.5,30543.0,30547.0,1285
2026-06-22T10:00:00+05:30,30546.5,30564.75,30524.0,30532.25,1680
2026-06-22T10:15:00+05:30,30533.0,30592.25,30529.5,30582.75,1962
2026-06-22T10:30:00+05:30,30582.75,30663.75,30571.25,30654.25,2255
2026-06-22T10:45:00+05:30,30654.75,30665.0,30642.5,30659.25,1299
2026-06-22T11:00:00+05:30,30659.0,30661.0,30630.0,30638.25,1022
2026-06-22T11:15:00+05:30,30638.75,30652.75,30629.0,30640.25,822
2026-06-22T11:30:00+05:30,30641.5,30684.0,30638.0,30681.0,2020
2026-06-22T11:45:00+05:30,30682.25,30738.5,30675.75,30729.25,2799
2026-06-22T12:00:00+05:30,30729.0,30735.0,30704.75,30724.0,1694
2026-06-22T12:15:00+05:30,30724.75,30742.25,30720.5,30736.75,1149
2026-06-22T12:30:00+05:30,30737.25,30775.75,30733.5,30763.25,2332
2026-06-22T12:45:00+05:30,30764.5,30781.75,30759.0,30774.25,1224
2026-06-22T13:00:00+05:30,30773.75,30779.5,30744.5,30749.5,1265
2026-06-22T13:15:00+05:30,30749.25,30767.0,30745.25,30759.0,1108
2026-06-22T13:30:00+05:30,30758.0,30765.5,30698.0,30724.75,2519
2026-06-22T13:45:00+05:30,30725.25,30730.0,30687.25,30702.25,1716
2026-06-22T14:00:00+05:30,30698.75,30739.75,30692.75,30739.75,1742
2026-06-22T14:15:00+05:30,30738.75,30741.75,30712.5,30731.25,1286
2026-06-22T14:30:00+05:30,30730.75,30758.0,30710.0,30743.75,1946
2026-06-22T14:45:00+05:30,30743.25,30746.0,30724.25,30731.75,1130
2026-06-22T15:00:00+05:30,30732.25,30734.5,30704.0,30708.25,1220
2026-06-22T15:15:00+05:30,30710.0,30716.5,30699.0,30699.0,944
2026-06-22T15:30:00+05:30,30700.5,30766.75,30700.5,30750.5,1782
2026-06-22T15:45:00+05:30,30750.0,30760.5,30735.0,30741.0,1310
2026-06-22T16:00:00+05:30,30740.25,30741.0,30702.75,30717.25,1795
2026-06-22T16:15:00+05:30,30718.0,30736.25,30715.0,30720.0,1587
2026-06-22T16:30:00+05:30,30720.25,30828.0,30710.75,30730.5,5924
2026-06-22T16:45:00+05:30,30730.5,30750.75,30722.0,30738.75,1427
2026-06-22T17:00:00+05:30,30738.0,30771.0,30736.75,30749.75,1864
2026-06-22T17:15:00+05:30,30749.0,30762.0,30727.0,30757.75,2079
2026-06-22T17:30:00+05:30,30755.75,30787.25,30752.5,30780.5,1670
2026-06-22T17:45:00+05:30,30781.0,30827.75,30771.0,30823.25,2287
2026-06-22T18:00:00+05:30,30825.0,30844.75,30805.0,30806.25,3670
2026-06-22T18:15:00+05:30,30808.0,30819.5,30796.25,30800.5,2088
2026-06-22T18:30:00+05:30,30801.0,30869.75,30801.0,30858.25,4968
2026-06-22T18:45:00+05:30,30858.5,30873.5,30815.5,30822.0,5101
2026-06-22T19:00:00+05:30,30822.75,30926.75,30756.75,30790.0,40893
2026-06-22T19:15:00+05:30,30789.25,30937.25,30787.75,30937.0,24530
2026-06-22T19:30:00+05:30,30936.25,30968.0,30897.25,30909.75,19425
2026-06-22T19:45:00+05:30,30909.75,30911.75,30744.0,30756.5,24250
2026-06-22T20:00:00+05:30,30756.75,30762.25,30612.5,30626.0,31255
2026-06-22T20:15:00+05:30,30626.25,30682.0,30545.0,30639.0,25919
2026-06-22T20:30:00+05:30,30639.75,30680.0,30603.0,30628.5,17453
2026-06-22T20:45:00+05:30,30629.75,30656.0,30583.25,30597.75,16356
2026-06-22T21:00:00+05:30,30597.5,30673.0,30575.75,30648.5,15632
2026-06-22T21:15:00+05:30,30649.0,30673.75,30541.25,30557.25,16522
2026-06-22T21:30:00+05:30,30556.75,30586.5,30503.0,30580.5,14374
2026-06-22T21:45:00+05:30,30579.75,30615.25,30552.25,30590.0,9512
2026-06-22T22:00:00+05:30,30589.5,30590.25,30526.0,30544.0,7799
2026-06-22T22:15:00+05:30,30544.25,30604.25,30522.0,30589.5,9780
2026-06-22T22:30:00+05:30,30589.25,30602.75,30532.0,30568.0,7380
2026-06-22T22:45:00+05:30,30567.75,30613.75,30567.25,30597.75,5935
2026-06-22T23:00:00+05:30,30597.25,30605.5,30559.0,30580.5,5385
2026-06-22T23:15:00+05:30,30580.75,30650.0,30573.75,30615.0,7855
2026-06-22T23:30:00+05:30,30614.5,30638.25,30601.0,30625.75,5521
2026-06-22T23:45:00+05:30,30625.5,30665.0,30615.75,30627.75,6841
2026-06-23T00:00:00+05:30,30627.75,30647.0,30580.75,30582.75,6017
2026-06-23T00:15:00+05:30,30582.75,30605.25,30550.5,30558.5,7786
2026-06-23T00:30:00+05:30,30560.5,30596.75,30534.5,30574.25,7943
2026-06-23T00:45:00+05:30,30573.5,30587.75,30549.75,30552.75,6281
2026-06-23T01:00:00+05:30,30552.5,30597.75,30552.25,30564.5,7311
2026-06-23T01:15:00+05:30,30564.75,30673.5,30561.75,30654.25,22854
2026-06-23T01:30:00+05:30,30653.25,30677.75,30639.0,30652.25,9761
2026-06-23T01:45:00+05:30,30653.0,30673.75,30644.25,30648.75,3037
2026-06-23T02:00:00+05:30,30649.25,30658.0,30647.5,30657.0,1523
2026-06-23T02:15:00+05:30,30657.25,30672.75,30648.75,30662.5,1785
2026-06-23T03:30:00+05:30,30662.75,30701.25,30645.5,30664.5,2773
2026-06-23T03:45:00+05:30,30664.25,30674.25,30634.0,30641.0,1103
2026-06-23T04:00:00+05:30,30640.0,30644.25,30568.5,30574.75,2652
2026-06-23T04:15:00+05:30,30573.0,30593.75,30566.5,30582.25,1302
2026-06-23T04:30:00+05:30,30581.5,30588.5,30556.25,30558.75,1415
2026-06-23T04:45:00+05:30,30559.75,30573.5,30545.0,30572.0,1428
2026-06-23T05:00:00+05:30,30572.0,30576.75,30559.0,30573.5,716
2026-06-23T05:15:00+05:30,30573.5,30579.0,30540.0,30575.0,1687
2026-06-23T05:30:00+05:30,30574.25,30602.25,30518.0,30520.0,3198
2026-06-23T05:45:00+05:30,30521.75,30545.0,30461.25,30495.5,4504
2026-06-23T06:00:00+05:30,30496.25,30607.25,30481.75,30604.5,3267
2026-06-23T06:15:00+05:30,30606.5,30636.0,30586.25,30602.0,3225
2026-06-23T06:30:00+05:30,30602.75,30616.25,30581.0,30584.5,2935
2026-06-23T06:45:00+05:30,30584.25,30594.0,30550.25,30566.25,2578
2026-06-23T07:00:00+05:30,30565.25,30573.0,30465.5,30472.0,4288
2026-06-23T07:15:00+05:30,30471.25,30480.75,30406.0,30459.75,4741
2026-06-23T07:30:00+05:30,30462.25,30472.75,30401.0,30434.75,3158
2026-06-23T07:45:00+05:30,30434.25,30465.0,30430.0,30456.25,2068
2026-06-23T08:00:00+05:30,30455.25,30457.25,30421.75,30434.25,1330
2026-06-23T08:15:00+05:30,30432.5,30438.5,30389.0,30405.25,2191
2026-06-23T08:30:00+05:30,30406.0,30412.5,30356.75,30367.25,2454
2026-06-23T08:45:00+05:30,30366.0,30379.25,30350.25,30366.5,2188
2026-06-23T09:00:00+05:30,30364.75,30365.25,30301.0,30331.0,3629
2026-06-23T09:15:00+05:30,30329.75,30402.0,30313.0,30400.0,2774
2026-06-23T09:30:00+05:30,30400.75,30417.25,30335.5,30354.75,2788
2026-06-23T09:45:00+05:30,30353.75,30354.75,30305.25,30330.0,1990
2026-06-23T10:00:00+05:30,30329.5,30330.5,30280.0,30295.5,2115
2026-06-23T10:15:00+05:30,30297.75,30304.25,30231.0,30242.5,3082
2026-06-23T10:30:00+05:30,30243.0,30268.75,30227.25,30230.5,2499
2026-06-23T10:45:00+05:30,30230.75,30242.5,30180.75,30186.25,3023
2026-06-23T11:00:00+05:30,30186.0,30189.5,30120.5,30162.5,5088
2026-06-23T11:15:00+05:30,30162.25,30169.5,30093.0,30108.5,3674
2026-06-23T11:30:00+05:30,30107.25,30133.25,30067.75,30086.5,5024
2026-06-23T11:45:00+05:30,30087.0,30108.75,30003.75,30020.5,6157
2026-06-23T12:00:00+05:30,30020.75,30054.25,29979.25,30003.5,5440
2026-06-23T12:15:00+05:30,30004.0,30038.25,29950.0,29969.75,4091
2026-06-23T12:30:00+05:30,29969.5,30054.25,29943.5,30046.0,5123
2026-06-23T12:45:00+05:30,30047.25,30051.5,29980.0,30010.75,3995
2026-06-23T13:00:00+05:30,30008.75,30009.25,29938.5,29949.75,4246
2026-06-23T13:15:00+05:30,29951.75,29970.25,29889.0,29909.0,5059
2026-06-23T13:30:00+05:30,29909.5,29919.25,29812.25,29852.25,7582
2026-06-23T13:45:00+05:30,29851.75,29858.0,29776.0,29799.25,6370
2026-06-23T14:00:00+05:30,29798.25,29878.0,29798.25,29853.5,5480
2026-06-23T14:15:00+05:30,29854.5,29855.0,29780.0,29827.25,4425
2026-06-23T14:30:00+05:30,29830.0,29908.5,29824.0,29900.75,4617
2026-06-23T14:45:00+05:30,29900.75,29933.75,29882.5,29917.25,4498
2026-06-23T15:00:00+05:30,29917.75,29917.75,29862.5,29863.25,2956
2026-06-23T15:15:00+05:30,29863.75,29894.25,29857.5,29886.25,2724
2026-06-23T15:30:00+05:30,29887.25,29916.25,29853.5,29863.5,3015
2026-06-23T15:45:00+05:30,29863.5,29881.0,29815.5,29825.0,3649
2026-06-23T16:00:00+05:30,29824.0,29826.0,29752.0,29781.25,5150
2026-06-23T16:15:00+05:30,29781.0,29825.0,29779.0,29818.0,3281
2026-06-23T16:30:00+05:30,29818.5,29851.75,29787.5,29848.0,4956
2026-06-23T16:45:00+05:30,29848.0,29869.0,29806.0,29814.0,5080
2026-06-23T17:00:00+05:30,29812.5,29872.75,29801.5,29867.75,3992
2026-06-23T17:15:00+05:30,29867.75,29884.0,29848.25,29873.25,3795
2026-06-23T17:30:00+05:30,29872.0,29900.75,29813.5,29821.0,4758
2026-06-23T17:45:00+05:30,29822.5,29826.5,29744.0,29775.5,5720
2026-06-23T18:00:00+05:30,29776.25,29791.75,29706.5,29740.0,7021
2026-06-23T18:15:00+05:30,29740.25,29762.5,29717.0,29735.0,4277
2026-06-23T18:30:00+05:30,29735.0,29745.5,29691.75,29735.5,6471
2026-06-23T18:45:00+05:30,29735.75,29755.25,29675.75,29718.75,10460
2026-06-23T19:00:00+05:30,29718.25,29806.0,29616.5,29749.25,48963
2026-06-23T19:15:00+05:30,29758.75,29934.75,29724.0,29926.0,33961
2026-06-23T19:30:00+05:30,29926.5,30015.5,29921.0,30001.5,32001
2026-06-23T19:45:00+05:30,30001.5,30047.0,29940.5,29983.5,25590
2026-06-23T20:00:00+05:30,29983.5,29998.25,29872.5,29884.0,24525
2026-06-23T20:15:00+05:30,29885.0,29929.0,29812.5,29854.5,23091
2026-06-23T20:30:00+05:30,29854.25,29886.25,29765.0,29792.0,18424
2026-06-23T20:45:00+05:30,29792.0,29803.75,29710.5,29727.25,15357
2026-06-23T21:00:00+05:30,29727.25,29788.0,29695.25,29734.25,17364
2026-06-23T21:15:00+05:30,29733.5,29821.25,29719.5,29797.75,13408
2026-06-23T21:30:00+05:30,29798.0,29915.0,29790.25,29905.0,13610
2026-06-23T21:45:00+05:30,29905.25,29915.75,29833.25,29876.0,12572
2026-06-23T22:00:00+05:30,29877.25,29903.75,29837.75,29900.5,8626
2026-06-23T22:15:00+05:30,29902.5,29907.25,29831.0,29864.0,9286
2026-06-23T22:30:00+05:30,29864.0,29883.0,29791.75,29850.75,10835
2026-06-23T22:45:00+05:30,29851.0,29891.75,29821.0,29866.5,8208
2026-06-23T23:00:00+05:30,29866.5,29896.5,29824.25,29829.25,8287
2026-06-23T23:15:00+05:30,29829.25,29845.0,29732.0,29733.0,10637
2026-06-23T23:30:00+05:30,29732.75,29782.5,29709.5,29746.0,10467
2026-06-23T23:45:00+05:30,29744.75,29762.75,29719.5,29734.5,7966
2026-06-24T00:00:00+05:30,29734.0,29742.0,29626.25,29629.5,10023
2026-06-24T00:15:00+05:30,29629.5,29657.5,29577.25,29630.0,16576
2026-06-24T00:30:00+05:30,29628.75,29753.0,29612.5,29673.25,16694
2026-06-24T00:45:00+05:30,29673.25,29733.5,29616.0,29710.75,13622
2026-06-24T01:00:00+05:30,29710.75,29745.0,29675.5,29696.5,13045
2026-06-24T01:15:00+05:30,29696.0,29732.75,29642.75,29650.5,34063
2026-06-24T01:30:00+05:30,29650.25,29718.25,29633.25,29708.0,10647
2026-06-24T01:45:00+05:30,29707.75,29744.0,29698.25,29735.75,2665
2026-06-24T02:00:00+05:30,29734.75,29748.25,29717.0,29730.0,1744
2026-06-24T02:15:00+05:30,29729.5,29757.5,29716.0,29752.0,2195
2026-06-24T03:30:00+05:30,29770.0,29802.25,29745.0,29781.0,2842
2026-06-24T03:45:00+05:30,29782.25,29803.5,29701.25,29706.0,2709
2026-06-24T04:00:00+05:30,29706.5,29729.0,29632.5,29642.0,3079
2026-06-24T04:15:00+05:30,29640.0,29688.75,29638.0,29680.0,1605
2026-06-24T04:30:00+05:30,29680.0,29682.25,29585.5,29651.25,2968
2026-06-24T04:45:00+05:30,29653.25,29694.25,29650.5,29681.75,1709
2026-06-24T05:00:00+05:30,29683.0,29687.0,29621.25,29657.0,1991
2026-06-24T05:15:00+05:30,29656.0,29763.5,29653.75,29748.25,3748
2026-06-24T05:30:00+05:30,29745.0,29850.5,29736.75,29823.75,5983
2026-06-24T05:45:00+05:30,29822.0,29858.5,29807.5,29847.75,3611
2026-06-24T06:00:00+05:30,29849.5,29891.75,29838.25,29879.25,3173
2026-06-24T06:15:00+05:30,29877.0,29888.25,29815.25,29846.5,2361
2026-06-24T06:30:00+05:30,29848.25,29852.25,29780.75,29819.5,3322
2026-06-24T06:45:00+05:30,29817.75,29827.25,29761.0,29816.0,2916
2026-06-24T07:00:00+05:30,29814.5,29845.25,29808.0,29832.25,2203
2026-06-24T07:15:00+05:30,29832.75,29852.0,29805.0,29826.5,2320
2026-06-24T07:30:00+05:30,29827.5,29838.5,29800.5,29819.5,2740
2026-06-24T07:45:00+05:30,29816.0,29818.5,29762.25,29795.5,2436
2026-06-24T08:00:00+05:30,29796.75,29810.5,29717.5,29722.75,2448
2026-06-24T08:15:00+05:30,29724.0,29729.5,29636.75,29637.75,3148
2026-06-24T08:30:00+05:30,29638.5,29735.5,29616.5,29726.0,4259
2026-06-24T08:45:00+05:30,29726.75,29751.0,29673.0,29749.25,2714
2026-06-24T09:00:00+05:30,29749.5,29779.0,29736.0,29743.75,2601
2026-06-24T09:15:00+05:30,29743.0,29749.0,29710.5,29745.25,1544
2026-06-24T09:30:00+05:30,29746.75,29750.5,29674.75,29687.0,1687
2026-06-24T09:45:00+05:30,29686.5,29700.0,29654.75,29665.25,1593
2026-06-24T10:00:00+05:30,29668.25,29769.0,29668.0,29753.0,1853
2026-06-24T10:15:00+05:30,29754.0,29790.0,29751.0,29784.5,1806
2026-06-24T10:30:00+05:30,29784.5,29833.75,29780.0,29814.75,2540
2026-06-24T10:45:00+05:30,29816.5,29862.25,29806.75,29834.5,2162
2026-06-24T11:00:00+05:30,29836.0,29884.25,29834.5,29845.0,1988
2026-06-24T11:15:00+05:30,29845.0,29857.5,29813.0,29819.0,1049
2026-06-24T11:30:00+05:30,29819.5,29853.0,29797.25,29842.0,1579
2026-06-24T11:45:00+05:30,29841.0,29847.0,29803.0,29813.25,1255
2026-06-24T12:00:00+05:30,29816.75,29866.0,29811.5,29834.75,1501
2026-06-24T12:15:00+05:30,29834.25,29840.5,29817.25,29822.75,1260
2026-06-24T12:30:00+05:30,29824.25,29840.75,29786.0,29813.25,2294
2026-06-24T12:45:00+05:30,29813.25,29827.75,29790.5,29794.25,1570
2026-06-24T13:00:00+05:30,29792.75,29821.75,29765.5,29816.0,1736
2026-06-24T13:15:00+05:30,29815.5,29836.0,29764.5,29770.0,1476
2026-06-24T13:30:00+05:30,29771.25,29860.0,29763.0,29858.25,2508
2026-06-24T13:45:00+05:30,29857.5,29864.5,29817.5,29837.25,1445
2026-06-24T14:00:00+05:30,29837.75,29866.25,29819.5,29836.25,1513
2026-06-24T14:15:00+05:30,29834.75,29837.25,29803.75,29820.0,1100
2026-06-24T14:30:00+05:30,29819.25,29843.75,29793.75,29836.25,1282
2026-06-24T14:45:00+05:30,29836.5,29839.5,29794.5,29807.0,1002
2026-06-24T15:00:00+05:30,29806.75,29814.5,29765.75,29765.75,1009
2026-06-24T15:15:00+05:30,29766.5,29813.0,29755.0,29808.25,1229
2026-06-24T15:30:00+05:30,29809.25,29810.0,29774.0,29809.0,1112
2026-06-24T15:45:00+05:30,29807.5,29821.25,29794.25,29815.75,897
2026-06-24T16:00:00+05:30,29817.75,29851.0,29812.0,29834.25,1939
2026-06-24T16:15:00+05:30,29833.75,29836.0,29789.5,29794.75,1437
2026-06-24T16:30:00+05:30,29794.75,29825.25,29763.0,29765.5,2087
2026-06-24T16:45:00+05:30,29765.25,29774.5,29734.0,29756.25,2375
2026-06-24T17:00:00+05:30,29755.0,29829.25,29752.5,29813.25,2570
2026-06-24T17:15:00+05:30,29815.0,29865.0,29802.0,29862.25,2641
2026-06-24T17:30:00+05:30,29861.0,29864.5,29826.0,29845.25,2598
2026-06-24T17:45:00+05:30,29846.5,29872.75,29823.25,29852.75,2577
2026-06-24T18:00:00+05:30,29851.75,29865.75,29784.25,29793.0,2368
2026-06-24T18:15:00+05:30,29792.25,29798.0,29752.5,29762.0,2256
2026-06-24T18:30:00+05:30,29764.25,29790.75,29698.75,29703.0,5879
2026-06-24T18:45:00+05:30,29705.0,29756.25,29692.5,29711.5,9005
2026-06-24T19:00:00+05:30,29711.25,29841.5,29603.0,29663.75,40371
2026-06-24T19:15:00+05:30,29662.5,29790.0,29562.25,29684.25,31142
2026-06-24T19:30:00+05:30,29686.75,29725.5,29625.75,29665.25,21800
2026-06-24T19:45:00+05:30,29664.5,29731.75,29525.0,29706.75,23507
2026-06-24T20:00:00+05:30,29705.25,29794.0,29703.5,29787.5,17485
2026-06-24T20:15:00+05:30,29786.25,29893.25,29780.0,29891.0,20095
2026-06-24T20:30:00+05:30,29891.25,29907.5,29748.5,29783.0,16555
2026-06-24T20:45:00+05:30,29781.5,29821.0,29704.0,29801.0,13180
2026-06-24T21:00:00+05:30,29800.75,29829.25,29712.75,29744.0,14043
2026-06-24T21:15:00+05:30,29744.0,29810.0,29700.0,29756.0,13665
2026-06-24T21:30:00+05:30,29757.25,29806.25,29728.75,29773.25,11389
2026-06-24T21:45:00+05:30,29773.75,29801.0,29741.0,29752.75,7968
2026-06-24T22:00:00+05:30,29753.0,29754.0,29610.5,29640.0,14042
2026-06-24T22:15:00+05:30,29640.25,29672.5,29596.25,29606.5,11619
2026-06-24T22:30:00+05:30,29606.5,29661.5,29538.5,29547.5,13061
2026-06-24T22:45:00+05:30,29548.0,29571.75,29403.0,29411.0,21815
2026-06-24T23:00:00+05:30,29411.5,29465.0,29364.75,29410.25,19199
2026-06-24T23:15:00+05:30,29411.0,29464.0,29374.0,29387.25,12779
2026-06-24T23:30:00+05:30,29389.25,29463.25,29376.5,29440.75,12777
2026-06-24T23:45:00+05:30,29442.5,29563.5,29440.75,29539.75,14269
2026-06-25T00:00:00+05:30,29540.0,29556.0,29423.75,29449.0,13507
2026-06-25T00:15:00+05:30,29447.5,29448.0,29325.0,29345.25,16879
2026-06-25T00:30:00+05:30,29346.0,29414.25,29264.75,29312.0,19745
2026-06-25T00:45:00+05:30,29311.5,29396.0,29284.25,29384.75,15690
2026-06-25T01:00:00+05:30,29384.0,29446.75,29357.5,29388.0,17002
2026-06-25T01:15:00+05:30,29387.5,29529.0,29373.25,29514.0,27439
2026-06-25T01:30:00+05:30,29514.25,29889.75,29486.75,29883.75,31419
2026-06-25T01:45:00+05:30,29884.0,30030.0,29856.25,30010.5,13140
2026-06-25T02:00:00+05:30,30009.0,30102.0,29966.0,30094.75,9303
2026-06-25T02:15:00+05:30,30094.5,30157.75,30080.0,30095.25,8220
2026-06-25T03:30:00+05:30,30089.75,30168.5,30062.25,30073.5,4623
2026-06-25T03:45:00+05:30,30074.0,30089.75,30052.25,30059.25,3039
2026-06-25T04:00:00+05:30,30059.25,30080.25,30053.25,30072.5,1643
2026-06-25T04:15:00+05:30,30073.5,30076.0,30046.25,30049.5,1313
2026-06-25T04:30:00+05:30,30050.25,30082.5,30047.25,30060.5,1369
2026-06-25T04:45:00+05:30,30061.0,30096.5,30056.25,30077.5,1072
2026-06-25T05:00:00+05:30,30078.25,30122.5,30075.0,30115.0,1311
2026-06-25T05:15:00+05:30,30113.75,30135.25,30085.0,30096.75,1827
2026-06-25T05:30:00+05:30,30097.0,30102.5,30046.0,30091.0,2792
2026-06-25T05:45:00+05:30,30093.0,30098.75,30026.5,30036.5,2049
2026-06-25T06:00:00+05:30,30035.0,30040.75,29943.0,29963.25,2909
2026-06-25T06:15:00+05:30,29963.5,29991.75,29936.0,29965.0,2460
2026-06-25T06:30:00+05:30,29967.5,29996.25,29950.25,29969.5,1942
2026-06-25T06:45:00+05:30,29971.0,29991.0,29951.25,29965.0,1962
2026-06-25T07:00:00+05:30,29966.75,30028.25,29960.75,29995.5,2469
2026-06-25T07:15:00+05:30,29995.5,30031.0,29987.5,29998.75,1480
2026-06-25T07:30:00+05:30,29997.5,30020.5,29941.0,29944.25,2370
2026-06-25T07:45:00+05:30,29946.0,29994.75,29924.5,29986.25,1815
2026-06-25T08:00:00+05:30,29983.0,29996.75,29967.0,29975.0,927
2026-06-25T08:15:00+05:30,29973.75,30003.0,29966.0,29998.0,821
2026-06-25T08:30:00+05:30,29999.25,30022.75,29992.75,30008.0,1230
2026-06-25T08:45:00+05:30,30007.5,30038.75,29981.75,30025.5,1953
2026-06-25T09:00:00+05:30,30024.25,30045.25,29998.75,30010.75,1471
2026-06-25T09:15:00+05:30,30012.25,30043.5,30003.5,30032.75,1096
2026-06-25T09:30:00+05:30,30034.75,30045.0,30028.0,30029.25,818
2026-06-25T09:45:00+05:30,30030.75,30044.25,30012.75,30017.75,1139
2026-06-25T10:00:00+05:30,30020.5,30039.0,29998.5,30038.5,1160
2026-06-25T10:15:00+05:30,30039.5,30064.75,30033.0,30041.0,1436
2026-06-25T10:30:00+05:30,30040.25,30074.75,30040.0,30068.5,1238
2026-06-25T10:45:00+05:30,30070.25,30097.5,30062.0,30094.0,1253
2026-06-25T11:00:00+05:30,30093.0,30121.25,30089.0,30106.25,1715
2026-06-25T11:15:00+05:30,30105.5,30107.0,30083.25,30089.25,1918
2026-06-25T11:30:00+05:30,30091.0,30120.5,30077.5,30112.5,2325
2026-06-25T11:45:00+05:30,30112.0,30131.75,30107.5,30110.5,1759
2026-06-25T12:00:00+05:30,30110.5,30120.25,30098.0,30104.5,1500
2026-06-25T12:15:00+05:30,30104.25,30119.5,30100.5,30105.25,1372
2026-06-25T12:30:00+05:30,30106.5,30138.5,30105.75,30126.5,1884
2026-06-25T12:45:00+05:30,30126.25,30186.5,30126.25,30171.5,2912
2026-06-25T13:00:00+05:30,30170.75,30182.0,30149.25,30176.0,1495
2026-06-25T13:15:00+05:30,30176.75,30181.75,30154.0,30181.75,1123
2026-06-25T13:30:00+05:30,30182.0,30219.0,30165.0,30182.25,3358
2026-06-25T13:45:00+05:30,30183.75,30185.5,30158.0,30172.0,1735
2026-06-25T14:00:00+05:30,30171.25,30183.75,30154.0,30154.5,1116
2026-06-25T14:15:00+05:30,30154.0,30156.5,30111.0,30119.5,1732
2026-06-25T14:30:00+05:30,30121.0,30151.0,30114.0,30137.75,1481
2026-06-25T14:45:00+05:30,30137.5,30150.75,30118.25,30137.25,1370
2026-06-25T15:00:00+05:30,30137.25,30156.75,30132.25,30150.5,1101
2026-06-25T15:15:00+05:30,30148.0,30158.0,30129.0,30131.0,792
2026-06-25T15:30:00+05:30,30131.75,30162.5,30125.75,30159.25,943
2026-06-25T15:45:00+05:30,30160.75,30169.5,30143.0,30164.25,860
2026-06-25T16:00:00+05:30,30164.75,30185.0,30147.5,30153.0,1657
2026-06-25T16:15:00+05:30,30153.0,30176.0,30140.0,30160.5,1387
2026-06-25T16:30:00+05:30,30160.25,30193.0,30151.25,30153.0,2400
2026-06-25T16:45:00+05:30,30152.0,30158.5,30108.25,30117.75,2132
2026-06-25T17:00:00+05:30,30118.75,30138.5,30099.0,30130.5,1737
2026-06-25T17:15:00+05:30,30132.0,30155.0,30114.0,30131.25,1722
2026-06-25T17:30:00+05:30,30130.25,30182.0,30121.0,30141.5,2959
2026-06-25T17:45:00+05:30,30141.75,30153.0,30117.0,30131.0,2029
2026-06-25T18:00:00+05:30,30130.75,30263.75,30126.0,30192.75,8503
2026-06-25T18:15:00+05:30,30193.75,30227.25,30187.75,30201.25,3067
2026-06-25T18:30:00+05:30,30202.75,30214.75,30143.5,30163.5,4419
2026-06-25T18:45:00+05:30,30165.0,30179.25,30130.0,30151.0,6224
2026-06-25T19:00:00+05:30,30153.25,30193.0,29747.0,29768.25,47895
2026-06-25T19:15:00+05:30,29768.25,29817.0,29295.75,29316.0,57558
2026-06-25T19:30:00+05:30,29316.75,29690.0,29306.5,29548.25,40414
2026-06-25T19:45:00+05:30,29547.25,29685.5,29477.25,29586.25,29380
2026-06-25T20:00:00+05:30,29586.0,29716.25,29564.25,29603.75,22357
2026-06-25T20:15:00+05:30,29604.0,29776.75,29562.0,29633.25,24406
2026-06-25T20:30:00+05:30,29633.25,29746.25,29509.75,29534.25,20747
2026-06-25T20:45:00+05:30,29534.0,29666.75,29462.5,29612.75,18641
2026-06-25T21:00:00+05:30,29614.5,29702.0,29605.5,29695.75,11734
2026-06-25T21:15:00+05:30,29695.5,29761.5,29652.0,29659.75,11734
2026-06-25T21:30:00+05:30,29661.75,29844.25,29643.75,29825.5,14511
2026-06-25T21:45:00+05:30,29826.5,29872.0,29732.0,29763.0,15402
2026-06-25T22:00:00+05:30,29765.0,29768.5,29638.0,29651.0,12619
2026-06-25T22:15:00+05:30,29650.0,29715.75,29586.5,29682.0,13438
2026-06-25T22:30:00+05:30,29681.5,29778.75,29671.75,29748.5,9766
2026-06-25T22:45:00+05:30,29747.75,29811.0,29674.0,29764.5,12293
2026-06-25T23:00:00+05:30,29764.75,29798.25,29720.0,29735.25,7509
2026-06-25T23:15:00+05:30,29735.5,29804.0,29681.25,29794.5,11371
2026-06-25T23:30:00+05:30,29793.75,29818.0,29678.75,29773.0,19874
2026-06-25T23:45:00+05:30,29772.5,29891.25,29747.5,29877.25,15184
2026-06-26T00:00:00+05:30,29877.25,29878.0,29739.25,29789.0,11982
2026-06-26T00:15:00+05:30,29789.25,29812.0,29703.25,29773.5,9342
2026-06-26T00:30:00+05:30,29773.75,29777.5,29661.0,29672.25,10040
2026-06-26T00:45:00+05:30,29670.25,29699.25,29626.0,29682.75,12540
2026-06-26T01:00:00+05:30,29682.75,29688.75,29620.5,29673.0,10432
2026-06-26T01:15:00+05:30,29672.75,29751.5,29616.25,29749.5,20634
2026-06-26T01:30:00+05:30,29748.75,29922.5,29747.75,29806.75,17702
2026-06-26T01:45:00+05:30,29806.5,29868.25,29804.0,29818.5,5194
2026-06-26T02:00:00+05:30,29820.5,29823.5,29770.0,29777.75,2160
2026-06-26T02:15:00+05:30,29778.75,29780.5,29750.25,29759.25,1182
2026-06-26T03:30:00+05:30,29742.0,29761.25,29624.5,29646.0,4293
2026-06-26T03:45:00+05:30,29646.0,29684.5,29614.0,29616.0,2931
2026-06-26T04:00:00+05:30,29617.75,29667.75,29605.5,29662.0,1947
2026-06-26T04:15:00+05:30,29661.75,29688.0,29640.75,29678.25,1679
2026-06-26T04:30:00+05:30,29678.75,29744.75,29668.0,29742.0,2012
2026-06-26T04:45:00+05:30,29743.0,29892.75,29733.5,29868.75,5307
2026-06-26T05:00:00+05:30,29868.5,29878.5,29763.0,29763.5,3811
2026-06-26T05:15:00+05:30,29763.5,29763.5,29666.25,29707.0,4204
2026-06-26T05:30:00+05:30,29704.25,29772.75,29683.0,29751.25,4272
2026-06-26T05:45:00+05:30,29752.25,29767.0,29650.25,29709.75,3317
2026-06-26T06:00:00+05:30,29707.75,29714.75,29644.25,29667.75,2683
2026-06-26T06:15:00+05:30,29669.0,29694.75,29615.75,29636.0,2022
2026-06-26T06:30:00+05:30,29638.0,29676.75,29565.75,29637.5,3524
2026-06-26T06:45:00+05:30,29637.0,29674.0,29603.75,29612.25,1637
2026-06-26T07:00:00+05:30,29614.75,29620.75,29505.25,29509.0,2914
2026-06-26T07:15:00+05:30,29507.0,29537.5,29461.75,29494.25,2757
2026-06-26T07:30:00+05:30,29494.0,29506.0,29443.0,29452.25,2268
2026-06-26T07:45:00+05:30,29453.75,29466.75,29393.75,29417.0,3291
2026-06-26T08:00:00+05:30,29417.0,29432.0,29330.0,29346.0,3168
2026-06-26T08:15:00+05:30,29347.0,29349.0,29230.0,29265.25,5586
2026-06-26T08:30:00+05:30,29267.25,29270.0,29215.25,29252.75,4141
2026-06-26T08:45:00+05:30,29252.0,29268.0,29228.75,29249.75,1870
2026-06-26T09:00:00+05:30,29247.5,29255.5,29160.5,29254.25,4624
2026-06-26T09:15:00+05:30,29255.5,29370.0,29239.75,29365.75,4712
2026-06-26T09:30:00+05:30,29366.75,29378.0,29326.25,29357.25,3492
2026-06-26T09:45:00+05:30,29357.5,29386.75,29277.5,29322.0,3197
2026-06-26T10:00:00+05:30,29322.5,29346.5,29278.0,29304.0,2777
2026-06-26T10:15:00+05:30,29304.75,29304.75,29252.25,29270.0,1958
2026-06-26T10:30:00+05:30,29270.75,29352.25,29255.5,29349.5,2509
2026-06-26T10:45:00+05:30,29349.25,29381.5,29314.75,29367.75,1976
2026-06-26T11:00:00+05:30,29370.25,29410.0,29312.25,29315.25,2618
2026-06-26T11:15:00+05:30,29317.5,29365.0,29300.0,29325.25,2116
2026-06-26T11:30:00+05:30,29326.5,29342.0,29289.0,29323.5,2377
2026-06-26T11:45:00+05:30,29326.0,29399.0,29322.5,29394.5,2554
2026-06-26T12:00:00+05:30,29395.5,29458.25,29380.0,29455.25,2556
2026-06-26T12:15:00+05:30,29454.0,29535.25,29447.25,29503.75,3644
2026-06-26T12:30:00+05:30,29502.25,29517.5,29435.0,29486.5,3024
2026-06-26T12:45:00+05:30,29484.75,29539.25,29478.0,29535.5,3270
2026-06-26T13:00:00+05:30,29538.5,29562.75,29506.0,29507.0,2296
2026-06-26T13:15:00+05:30,29508.0,29544.0,29495.25,29527.75,1712
2026-06-26T13:30:00+05:30,29528.25,29557.75,29457.25,29467.0,2945
2026-06-26T13:45:00+05:30,29469.25,29514.0,29456.75,29504.5,1605
2026-06-26T14:00:00+05:30,29504.5,29504.5,29444.25,29448.0,1643
2026-06-26T14:15:00+05:30,29445.75,29449.25,29364.0,29399.5,2723
2026-06-26T14:30:00+05:30,29400.75,29408.75,29364.0,29400.25,2390
2026-06-26T14:45:00+05:30,29397.5,29412.5,29344.0,29378.75,3257
2026-06-26T15:00:00+05:30,29379.25,29443.5,29355.75,29421.75,2062
2026-06-26T15:15:00+05:30,29422.0,29444.25,29365.5,29370.75,1706
2026-06-26T15:30:00+05:30,29372.5,29397.25,29317.75,29387.25,2140
2026-06-26T15:45:00+05:30,29386.5,29400.25,29344.5,29374.0,1350
2026-06-26T16:00:00+05:30,29372.25,29387.0,29340.25,29352.25,1318
2026-06-26T16:15:00+05:30,29354.25,29374.75,29342.5,29361.5,1060
2026-06-26T16:30:00+05:30,29363.25,29425.5,29351.75,29402.25,2377
2026-06-26T16:45:00+05:30,29402.25,29402.25,29357.0,29370.5,2002
2026-06-26T17:00:00+05:30,29370.5,29398.25,29360.0,29363.0,1958
2026-06-26T17:15:00+05:30,29363.5,29379.5,29304.75,29351.0,2735
2026-06-26T17:30:00+05:30,29350.0,29437.75,29336.25,29420.5,2881
2026-06-26T17:45:00+05:30,29420.5,29450.0,29373.25,29396.75,3018
2026-06-26T18:00:00+05:30,29392.0,29406.5,29320.0,29322.75,3616
2026-06-26T18:15:00+05:30,29324.25,29347.25,29298.25,29315.25,3642
2026-06-26T18:30:00+05:30,29317.25,29322.0,29249.0,29279.0,4456
2026-06-26T18:45:00+05:30,29278.25,29367.25,29211.25,29360.75,9053
2026-06-26T19:00:00+05:30,29362.5,29371.75,29181.5,29342.25,33709
2026-06-26T19:15:00+05:30,29343.5,29464.5,29235.5,29440.5,24448
2026-06-26T19:30:00+05:30,29444.0,29604.5,29414.0,29589.5,24220
2026-06-26T19:45:00+05:30,29588.25,29665.25,29520.5,29592.0,18973
2026-06-26T20:00:00+05:30,29593.5,29618.25,29455.5,29493.5,18308
2026-06-26T20:15:00+05:30,29493.75,29580.0,29466.0,29501.75,13163
2026-06-26T20:30:00+05:30,29505.25,29553.25,29438.0,29444.5,11064
2026-06-26T20:45:00+05:30,29446.5,29594.25,29408.75,29592.5,15189
2026-06-26T21:00:00+05:30,29591.75,29716.0,29567.0,29697.5,17106
2026-06-26T21:15:00+05:30,29696.75,29705.25,29531.0,29621.25,17686
2026-06-26T21:30:00+05:30,29620.75,29626.5,29518.75,29555.25,10532
2026-06-26T21:45:00+05:30,29555.0,29584.5,29493.75,29557.25,12113
2026-06-26T22:00:00+05:30,29559.25,29642.75,29559.0,29598.75,9539
2026-06-26T22:15:00+05:30,29599.25,29645.5,29585.75,29612.25,7638
2026-06-26T22:30:00+05:30,29612.0,29700.0,29595.0,29651.75,8687
2026-06-26T22:45:00+05:30,29652.0,29655.5,29575.25,29635.25,9414
2026-06-26T23:00:00+05:30,29634.5,29676.5,29558.25,29597.75,8698
2026-06-26T23:15:00+05:30,29596.75,29612.5,29535.75,29544.0,6547
2026-06-26T23:30:00+05:30,29545.25,29582.0,29524.75,29538.75,6731
2026-06-26T23:45:00+05:30,29539.0,29550.75,29456.5,29461.5,8760
2026-06-27T00:00:00+05:30,29462.75,29512.25,29454.0,29474.5,7836
2026-06-27T00:15:00+05:30,29475.5,29475.5,29388.75,29415.5,9820
2026-06-27T00:30:00+05:30,29417.0,29505.0,29395.25,29502.0,11268
2026-06-27T00:45:00+05:30,29501.5,29503.75,29420.0,29452.25,9379
2026-06-27T01:00:00+05:30,29451.25,29544.0,29429.25,29537.75,8835
2026-06-27T01:15:00+05:30,29538.5,29569.5,29283.75,29316.0,29471
2026-06-27T01:30:00+05:30,29318.0,29410.0,29266.25,29350.75,18426
2026-06-27T01:45:00+05:30,29352.5,29383.75,29339.75,29341.25,5558
2026-06-27T02:00:00+05:30,29341.25,29348.25,29256.75,29271.25,6005
2026-06-27T02:15:00+05:30,29271.25,29307.25,29255.0,29283.0,3002
2026-06-29T03:30:00+05:30,29282.5,29552.75,29280.25,29545.0,6291
2026-06-29T03:45:00+05:30,29546.0,29592.25,29498.0,29561.0,3134
2026-06-29T04:00:00+05:30,29560.75,29598.75,29560.75,29584.75,1685
2026-06-29T04:15:00+05:30,29584.5,29595.0,29556.0,29560.5,1108
2026-06-29T04:30:00+05:30,29558.25,29656.75,29548.75,29641.0,3338
2026-06-29T04:45:00+05:30,29639.0,29667.75,29626.0,29649.5,1537
2026-06-29T05:00:00+05:30,29650.75,29681.5,29650.5,29668.5,1341
2026-06-29T05:15:00+05:30,29667.75,29683.25,29612.5,29617.0,2346
2026-06-29T05:30:00+05:30,29621.0,29622.0,29494.5,29514.75,5816
2026-06-29T05:45:00+05:30,29514.0,29530.25,29375.75,29379.0,5178
2026-06-29T06:00:00+05:30,29380.0,29461.25,29363.25,29456.75,4213
2026-06-29T06:15:00+05:30,29455.75,29505.25,29378.0,29494.0,3369
2026-06-29T06:30:00+05:30,29494.0,29522.25,29452.0,29500.5,2511
2026-06-29T06:45:00+05:30,29499.75,29506.5,29434.5,29440.25,2347
2026-06-29T07:00:00+05:30,29441.75,29558.25,29420.25,29545.5,2923
2026-06-29T07:15:00+05:30,29546.25,29554.25,29509.0,29516.25,1701
2026-06-29T07:30:00+05:30,29518.5,29525.75,29393.75,29398.0,2538
2026-06-29T07:45:00+05:30,29397.75,29532.0,29389.0,29525.0,2407
2026-06-29T08:00:00+05:30,29524.5,29538.5,29503.0,29532.0,1156
2026-06-29T08:15:00+05:30,29534.75,29544.25,29512.5,29523.25,1017
2026-06-29T08:30:00+05:30,29525.75,29579.0,29525.75,29544.75,1714
2026-06-29T08:45:00+05:30,29543.75,29567.75,29536.0,29555.25,865
2026-06-29T09:00:00+05:30,29556.5,29568.25,29482.25,29500.5,1756
2026-06-29T09:15:00+05:30,29496.0,29605.75,29492.0,29593.0,2296
2026-06-29T09:30:00+05:30,29592.0,29593.25,29553.5,29562.0,1262
2026-06-29T09:45:00+05:30,29560.25,29575.75,29523.75,29539.5,1884
2026-06-29T10:00:00+05:30,29541.75,29553.75,29505.0,29521.25,1182
2026-06-29T10:15:00+05:30,29524.0,29555.0,29505.0,29518.0,1236
2026-06-29T10:30:00+05:30,29520.0,29538.25,29491.5,29537.75,1487
2026-06-29T10:45:00+05:30,29535.5,29557.5,29509.25,29533.0,1175
2026-06-29T11:00:00+05:30,29534.5,29629.75,29525.5,29621.25,1690
2026-06-29T11:15:00+05:30,29620.25,29672.25,29602.25,29670.75,2717
2026-06-29T11:30:00+05:30,29670.25,29676.75,29590.0,29613.25,2167
2026-06-29T11:45:00+05:30,29614.75,29661.25,29614.75,29647.75,1424
2026-06-29T12:00:00+05:30,29651.0,29684.75,29646.75,29666.75,2043
2026-06-29T12:15:00+05:30,29666.0,29670.25,29616.5,29631.5,1348
2026-06-29T12:30:00+05:30,29631.5,29633.75,29575.75,29616.0,2086
2026-06-29T12:45:00+05:30,29617.5,29655.75,29615.75,29643.75,1517
2026-06-29T13:00:00+05:30,29644.5,29679.0,29627.0,29666.5,1059
2026-06-29T13:15:00+05:30,29665.25,29698.5,29654.75,29664.25,1634
2026-06-29T13:30:00+05:30,29663.5,29714.25,29657.0,29686.25,1987
2026-06-29T13:45:00+05:30,29685.5,29732.75,29678.25,29694.75,1999
2026-06-29T14:00:00+05:30,29694.25,29720.75,29676.0,29685.75,1624
2026-06-29T14:15:00+05:30,29685.0,29706.75,29652.75,29660.25,1160
2026-06-29T14:30:00+05:30,29658.75,29671.75,29640.5,29658.0,990
2026-06-29T14:45:00+05:30,29654.5,29688.25,29646.75,29677.75,980
2026-06-29T15:00:00+05:30,29680.0,29686.5,29645.0,29657.75,1212
2026-06-29T15:15:00+05:30,29657.5,29673.25,29620.0,29664.0,1987
2026-06-29T15:30:00+05:30,29666.25,29722.5,29666.25,29688.0,1633
2026-06-29T15:45:00+05:30,29686.0,29717.5,29668.75,29717.5,1163
2026-06-29T16:00:00+05:30,29716.75,29744.0,29707.25,29728.0,1774
2026-06-29T16:15:00+05:30,29726.25,29746.0,29699.5,29740.5,1648
2026-06-29T16:30:00+05:30,29742.25,29758.0,29708.5,29711.75,2135
2026-06-29T16:45:00+05:30,29712.25,29720.5,29683.5,29710.25,1734
2026-06-29T17:00:00+05:30,29709.75,29759.75,29697.0,29708.75,2477
2026-06-29T17:15:00+05:30,29709.0,29730.0,29698.5,29705.5,1100
2026-06-29T17:30:00+05:30,29705.25,29733.75,29691.75,29728.25,1546
2026-06-29T17:45:00+05:30,29727.25,29739.25,29707.5,29716.75,1198
2026-06-29T18:00:00+05:30,29717.5,29730.75,29650.25,29674.5,2789
2026-06-29T18:15:00+05:30,29675.0,29705.5,29664.0,29705.0,1899
2026-06-29T18:30:00+05:30,29705.75,29733.25,29699.5,29727.25,1848
2026-06-29T18:45:00+05:30,29726.75,29733.0,29628.0,29643.25,4408
2026-06-29T19:00:00+05:30,29643.0,29795.0,29557.0,29786.75,30654
2026-06-29T19:15:00+05:30,29786.0,29840.0,29578.0,29617.75,26405
2026-06-29T19:30:00+05:30,29618.75,29631.5,29328.0,29329.75,31456
2026-06-29T19:45:00+05:30,29329.25,29551.0,29273.75,29546.0,31821
2026-06-29T20:00:00+05:30,29544.25,29652.5,29525.75,29580.25,21280
2026-06-29T20:15:00+05:30,29578.0,29716.5,29497.25,29713.75,19365
2026-06-29T20:30:00+05:30,29714.25,29735.0,29663.75,29724.5,15451
2026-06-29T20:45:00+05:30,29725.5,29775.25,29659.25,29771.0,14292
2026-06-29T21:00:00+05:30,29770.0,29823.0,29734.75,29819.5,13878
2026-06-29T21:15:00+05:30,29818.75,29847.25,29778.0,29838.75,11450
2026-06-29T21:30:00+05:30,29839.75,29879.25,29834.25,29848.5,10470
2026-06-29T21:45:00+05:30,29849.25,29907.5,29848.0,29871.25,10502
2026-06-29T22:00:00+05:30,29871.0,29910.5,29843.25,29906.5,8941
2026-06-29T22:15:00+05:30,29906.5,29932.5,29892.75,29915.5,8686
2026-06-29T22:30:00+05:30,29916.0,30001.0,29915.75,29988.0,9513
2026-06-29T22:45:00+05:30,29988.75,30014.5,29950.0,30011.0,11085
2026-06-29T23:00:00+05:30,30012.25,30038.25,29987.0,30005.25,8039
2026-06-29T23:15:00+05:30,30005.25,30029.75,29989.75,30003.5,6542
2026-06-29T23:30:00+05:30,30004.0,30024.25,29993.0,30021.0,6555
2026-06-29T23:45:00+05:30,30020.5,30024.75,29986.5,29992.25,6647
2026-06-30T00:00:00+05:30,29992.25,30057.0,29988.75,30053.75,8226
2026-06-30T00:15:00+05:30,30054.25,30069.5,30025.75,30032.25,7789
2026-06-30T00:30:00+05:30,30032.75,30045.0,29997.0,30013.75,10387
2026-06-30T00:45:00+05:30,30013.5,30058.5,30006.25,30025.0,8732
2026-06-30T01:00:00+05:30,30025.5,30047.25,30004.25,30020.75,8495
2026-06-30T01:15:00+05:30,30020.0,30069.0,29973.75,30046.25,25356
2026-06-30T01:30:00+05:30,30046.75,30051.75,29995.5,30025.75,11545
2026-06-30T01:45:00+05:30,30025.5,30037.0,30016.0,30020.5,1913
2026-06-30T02:00:00+05:30,30021.0,30021.5,29995.25,30004.0,1410
2026-06-30T02:15:00+05:30,30005.0,30014.5,29991.25,29995.0,1343
2026-06-30T03:30:00+05:30,30007.25,30033.25,29970.25,30012.5,2789
2026-06-30T03:45:00+05:30,30012.5,30035.5,30003.5,30010.75,990
2026-06-30T04:00:00+05:30,30012.0,30029.25,29991.5,30021.0,1166
2026-06-30T04:15:00+05:30,30022.75,30024.25,30003.0,30012.25,658
2026-06-30T04:30:00+05:30,30011.25,30045.75,30006.0,30030.0,1296
2026-06-30T04:45:00+05:30,30031.0,30043.0,30023.75,30035.75,804
2026-06-30T05:00:00+05:30,30035.0,30054.0,30026.0,30044.0,854
2026-06-30T05:15:00+05:30,30044.25,30050.5,30018.0,30041.0,1262
2026-06-30T05:30:00+05:30,30040.0,30085.0,30010.5,30066.5,2625
2026-06-30T05:45:00+05:30,30065.0,30086.0,29986.5,29997.75,2293
2026-06-30T06:00:00+05:30,29997.25,30003.5,29936.25,29942.25,3649
2026-06-30T06:15:00+05:30,29942.25,30015.5,29934.75,30009.5,2721
2026-06-30T06:30:00+05:30,30010.75,30020.0,29951.0,29968.0,2441
2026-06-30T06:45:00+05:30,29968.0,30064.75,29960.0,30064.25,2243
2026-06-30T07:00:00+05:30,30066.25,30079.25,30014.0,30048.75,2735
2026-06-30T07:15:00+05:30,30048.75,30056.5,30015.0,30053.25,1356
2026-06-30T07:30:00+05:30,30054.5,30056.75,30000.5,30006.25,1234
2026-06-30T07:45:00+05:30,30008.25,30040.25,29977.5,30029.5,1533
2026-06-30T08:00:00+05:30,30028.25,30052.0,30016.75,30022.25,1186
2026-06-30T08:15:00+05:30,30023.25,30042.75,30016.75,30020.25,854
2026-06-30T08:30:00+05:30,30021.5,30045.25,30011.0,30032.5,832
2026-06-30T08:45:00+05:30,30033.25,30065.5,30033.25,30062.0,898
2026-06-30T09:00:00+05:30,30062.0,30129.5,30057.0,30117.25,2131
2026-06-30T09:15:00+05:30,30116.0,30130.75,30091.0,30095.0,1418
2026-06-30T09:30:00+05:30,30095.5,30150.75,30094.75,30138.25,1627
2026-06-30T09:45:00+05:30,30139.25,30170.0,30131.25,30169.25,1216
2026-06-30T10:00:00+05:30,30169.25,30202.75,30162.5,30201.5,1963
2026-06-30T10:15:00+05:30,30200.5,30209.5,30183.75,30186.5,1604
2026-06-30T10:30:00+05:30,30187.75,30217.0,30182.5,30194.0,1577
2026-06-30T10:45:00+05:30,30191.5,30195.5,30155.0,30160.75,1956
2026-06-30T11:00:00+05:30,30163.0,30164.5,30117.0,30145.75,2437
2026-06-30T11:15:00+05:30,30146.75,30170.25,30142.5,30167.0,1192
2026-06-30T11:30:00+05:30,30167.75,30173.25,30146.25,30151.25,1803
2026-06-30T11:45:00+05:30,30152.5,30154.0,30118.25,30144.5,1819
2026-06-30T12:00:00+05:30,30142.75,30148.5,30098.0,30106.75,1902
2026-06-30T12:15:00+05:30,30104.25,30134.0,30102.5,30132.5,1093
2026-06-30T12:30:00+05:30,30133.25,30151.25,30106.5,30112.0,1711
2026-06-30T12:45:00+05:30,30113.25,30134.75,30110.0,30117.0,845
2026-06-30T13:00:00+05:30,30117.5,30131.0,30103.0,30106.25,914
2026-06-30T13:15:00+05:30,30106.25,30106.75,30069.25,30081.25,1787
2026-06-30T13:30:00+05:30,30081.0,30127.75,30067.0,30089.0,2377
2026-06-30T13:45:00+05:30,30089.5,30127.25,30069.25,30125.75,1577
2026-06-30T14:00:00+05:30,30124.0,30135.0,30018.75,30046.5,2561
2026-06-30T14:15:00+05:30,30047.75,30073.75,30022.25,30069.25,1377
2026-06-30T14:30:00+05:30,30071.25,30083.25,30059.0,30075.25,1125
2026-06-30T14:45:00+05:30,30074.5,30088.0,30059.25,30059.25,1042
2026-06-30T15:00:00+05:30,30060.0,30079.25,30034.5,30072.0,1223
2026-06-30T15:15:00+05:30,30071.0,30093.75,30071.0,30082.5,1125
2026-06-30T15:30:00+05:30,30083.0,30103.0,30068.25,30101.75,1611
2026-06-30T15:45:00+05:30,30101.0,30118.25,30099.5,30116.25,1705
2026-06-30T16:00:00+05:30,30115.25,30117.0,30086.5,30101.25,1225
2026-06-30T16:15:00+05:30,30102.75,30151.5,30091.0,30139.75,2122
2026-06-30T16:30:00+05:30,30141.25,30170.0,30129.0,30164.5,2220
2026-06-30T16:45:00+05:30,30164.5,30168.5,30114.25,30134.25,2177
2026-06-30T17:00:00+05:30,30134.75,30155.5,30120.25,30149.25,1282
2026-06-30T17:15:00+05:30,30149.0,30175.5,30136.0,30137.0,2026
2026-06-30T17:30:00+05:30,30139.0,30142.75,30083.75,30090.0,3213
2026-06-30T17:45:00+05:30,30090.5,30096.0,30036.75,30039.5,3173
2026-06-30T18:00:00+05:30,30037.5,30059.5,30004.75,30048.5,3671
2026-06-30T18:15:00+05:30,30047.25,30054.25,30008.25,30013.5,2989
2026-06-30T18:30:00+05:30,30014.25,30045.75,30006.0,30029.5,3955
2026-06-30T18:45:00+05:30,30029.75,30052.25,29997.0,30047.0,6566
2026-06-30T19:00:00+05:30,30047.5,30264.0,30033.0,30215.75,38753
2026-06-30T19:15:00+05:30,30212.75,30366.75,30190.75,30366.75,25456
2026-06-30T19:30:00+05:30,30366.75,30393.75,30274.5,30354.5,24718
2026-06-30T19:45:00+05:30,30352.75,30424.5,30332.75,30410.25,17039
2026-06-30T20:00:00+05:30,30410.75,30442.5,30369.5,30411.75,16025
2026-06-30T20:15:00+05:30,30412.75,30412.75,30282.25,30305.25,17212
2026-06-30T20:30:00+05:30,30305.25,30410.0,30299.75,30401.5,13368
2026-06-30T20:45:00+05:30,30400.5,30416.0,30369.0,30410.75,8247
2026-06-30T21:00:00+05:30,30410.25,30433.5,30393.75,30415.5,9557
2026-06-30T21:15:00+05:30,30415.75,30482.0,30415.0,30459.75,12190
2026-06-30T21:30:00+05:30,30460.5,30496.0,30452.5,30487.75,8546
2026-06-30T21:45:00+05:30,30487.75,30509.0,30482.25,30494.25,8360
2026-06-30T22:00:00+05:30,30495.0,30514.0,30477.5,30511.75,6787
2026-06-30T22:15:00+05:30,30511.75,30546.5,30509.5,30528.0,9034
2026-06-30T22:30:00+05:30,30528.25,30562.75,30525.75,30535.0,7880
2026-06-30T22:45:00+05:30,30536.25,30554.25,30524.75,30530.0,8003
2026-06-30T23:00:00+05:30,30530.75,30545.25,30515.75,30543.25,6928
2026-06-30T23:15:00+05:30,30543.0,30545.75,30515.75,30524.5,5770
2026-06-30T23:30:00+05:30,30524.75,30540.25,30498.75,30525.5,6819
2026-06-30T23:45:00+05:30,30525.25,30549.0,30519.0,30533.75,5644
2026-07-01T00:00:00+05:30,30533.5,30557.75,30523.0,30554.0,5784
2026-07-01T00:15:00+05:30,30554.0,30575.25,30542.5,30554.5,8351
2026-07-01T00:30:00+05:30,30554.0,30593.0,30552.0,30591.5,7947
2026-07-01T00:45:00+05:30,30591.0,30599.75,30567.75,30575.5,8400
2026-07-01T01:00:00+05:30,30575.25,30583.5,30548.75,30577.25,10576
2026-07-01T01:15:00+05:30,30577.5,30594.0,30510.0,30513.5,35701
2026-07-01T01:30:00+05:30,30513.75,30543.0,30503.75,30505.75,14096
2026-07-01T01:45:00+05:30,30505.5,30513.25,30494.0,30504.25,4064
2026-07-01T02:00:00+05:30,30504.0,30510.5,30491.75,30496.0,1758
2026-07-01T02:15:00+05:30,30495.75,30503.0,30484.75,30500.75,1723
2026-07-01T03:30:00+05:30,30505.75,30528.5,30492.25,30516.25,2389
2026-07-01T03:45:00+05:30,30515.0,30536.0,30514.5,30532.75,848
2026-07-01T04:00:00+05:30,30531.25,30531.5,30506.5,30517.0,1007
2026-07-01T04:15:00+05:30,30515.25,30516.25,30497.5,30510.0,869
2026-07-01T04:30:00+05:30,30511.5,30540.25,30509.75,30522.5,1262
2026-07-01T04:45:00+05:30,30523.5,30540.0,30517.5,30526.0,832
2026-07-01T05:00:00+05:30,30525.25,30543.5,30522.0,30528.5,830
2026-07-01T05:15:00+05:30,30529.5,30543.25,30516.25,30534.0,1068
2026-07-01T05:30:00+05:30,30535.25,30553.75,30514.75,30528.25,2945
2026-07-01T05:45:00+05:30,30531.0,30540.75,30507.0,30536.5,1977
2026-07-01T06:00:00+05:30,30536.75,30549.25,30527.5,30538.0,1357
2026-07-01T06:15:00+05:30,30539.75,30547.0,30523.75,30524.0,897
2026-07-01T06:30:00+05:30,30523.75,30530.25,30471.75,30497.25,2726
2026-07-01T06:45:00+05:30,30500.0,30506.75,30466.75,30486.0,2698
2026-07-01T07:00:00+05:30,30486.5,30504.0,30468.0,30474.75,1944
2026-07-01T07:15:00+05:30,30474.75,30483.0,30450.5,30453.5,1844
2026-07-01T07:30:00+05:30,30453.5,30456.25,30386.5,30392.5,2758
2026-07-01T07:45:00+05:30,30391.25,30423.0,30367.75,30421.0,2371
2026-07-01T08:00:00+05:30,30421.25,30446.0,30408.25,30440.0,1590
2026-07-01T08:15:00+05:30,30440.75,30442.5,30424.75,30438.5,827
2026-07-01T08:30:00+05:30,30438.5,30465.0,30432.75,30462.25,1158
2026-07-01T08:45:00+05:30,30461.75,30466.0,30429.5,30437.25,1268
2026-07-01T09:00:00+05:30,30439.5,30468.0,30431.75,30448.75,1127
2026-07-01T09:15:00+05:30,30450.25,30477.75,30449.75,30467.0,809
2026-07-01T09:30:00+05:30,30467.25,30467.5,30433.25,30437.0,1024
2026-07-01T09:45:00+05:30,30436.5,30456.0,30429.0,30451.0,997
2026-07-01T10:00:00+05:30,30452.25,30460.75,30432.75,30451.25,684
2026-07-01T10:15:00+05:30,30454.25,30474.5,30441.5,30443.5,882
2026-07-01T10:30:00+05:30,30445.75,30463.0,30435.5,30446.5,675
2026-07-01T10:45:00+05:30,30444.25,30450.75,30429.25,30436.75,867
2026-07-01T11:00:00+05:30,30436.0,30452.25,30422.25,30436.5,1007
2026-07-01T11:15:00+05:30,30435.5,30445.25,30424.0,30429.5,599
2026-07-01T11:30:00+05:30,30430.0,30444.0,30405.0,30408.25,2052
2026-07-01T11:45:00+05:30,30408.0,30416.5,30364.5,30395.0,2952
2026-07-01T12:00:00+05:30,30396.0,30410.0,30383.5,30407.25,1637
2026-07-01T12:15:00+05:30,30407.25,30419.75,30381.0,30391.5,1755
2026-07-01T12:30:00+05:30,30391.75,30394.75,30328.0,30334.25,3518
2026-07-01T12:45:00+05:30,30334.0,30358.5,30299.0,30350.0,3335
2026-07-01T13:00:00+05:30,30350.0,30369.25,30345.0,30356.0,1510
2026-07-01T13:15:00+05:30,30357.25,30383.75,30348.0,30374.0,1608
2026-07-01T13:30:00+05:30,30374.75,30376.75,30333.75,30358.5,2382
2026-07-01T13:45:00+05:30,30357.0,30367.25,30321.75,30331.0,1548
2026-07-01T14:00:00+05:30,30330.25,30366.25,30317.5,30359.0,1342
2026-07-01T14:15:00+05:30,30358.0,30378.0,30345.5,30377.0,768
2026-07-01T14:30:00+05:30,30376.25,30377.75,30338.75,30349.5,1181
2026-07-01T14:45:00+05:30,30349.25,30363.75,30344.0,30354.5,682
2026-07-01T15:00:00+05:30,30354.5,30365.0,30347.5,30359.0,359
2026-07-01T15:15:00+05:30,30359.25,30386.25,30359.0,30385.0,822
2026-07-01T15:30:00+05:30,30384.75,30389.75,30351.75,30361.25,1363
2026-07-01T15:45:00+05:30,30363.5,30397.5,30360.0,30395.0,1213
2026-07-01T16:00:00+05:30,30394.5,30401.0,30364.25,30387.25,1563
2026-07-01T16:15:00+05:30,30386.75,30414.5,30384.0,30407.75,1233
2026-07-01T16:30:00+05:30,30406.75,30435.25,30406.75,30413.0,1916
2026-07-01T16:45:00+05:30,30414.25,30419.75,30396.25,30398.75,1338
2026-07-01T17:00:00+05:30,30399.0,30402.0,30373.75,30396.75,1821
2026-07-01T17:15:00+05:30,30395.75,30396.75,30355.0,30362.75,1831
2026-07-01T17:30:00+05:30,30363.0,30373.75,30332.5,30358.25,2331
2026-07-01T17:45:00+05:30,30359.75,30387.75,30359.75,30369.5,2226
2026-07-01T18:00:00+05:30,30368.5,30395.0,30243.75,30271.5,12346
2026-07-01T18:15:00+05:30,30271.5,30287.25,30233.25,30268.75,8266
2026-07-01T18:30:00+05:30,30267.75,30307.0,30240.0,30254.25,6070
2026-07-01T18:45:00+05:30,30254.5,30314.5,30213.0,30235.5,9895
2026-07-01T19:00:00+05:30,30235.75,30260.0,30087.75,30141.25,49146
2026-07-01T19:15:00+05:30,30141.75,30285.0,30111.75,30283.75,27946
2026-07-01T19:30:00+05:30,30280.0,30327.25,30244.25,30287.5,20562
2026-07-01T19:45:00+05:30,30287.0,30314.75,30250.75,30284.75,14329
2026-07-01T20:00:00+05:30,30284.5,30289.25,30202.0,30202.0,19889
2026-07-01T20:15:00+05:30,30201.75,30242.25,30137.25,30192.25,20038
2026-07-01T20:30:00+05:30,30193.0,30271.0,30186.0,30261.75,16110
2026-07-01T20:45:00+05:30,30262.25,30346.0,30262.25,30343.25,14875
2026-07-01T21:00:00+05:30,30342.5,30356.5,30278.25,30291.25,12004
2026-07-01T21:15:00+05:30,30291.5,30296.5,30228.0,30254.75,11371
2026-07-01T21:30:00+05:30,30255.0,30278.25,30223.25,30242.25,8720
2026-07-01T21:45:00+05:30,30241.25,30284.25,30217.25,30245.75,7934
2026-07-01T22:00:00+05:30,30245.75,30263.0,30201.75,30223.75,7290
2026-07-01T22:15:00+05:30,30223.25,30241.5,30172.75,30190.25,8744
2026-07-01T22:30:00+05:30,30190.0,30217.5,30152.25,30198.0,9772
2026-07-01T22:45:00+05:30,30197.5,30240.5,30188.25,30210.0,7257
2026-07-01T23:00:00+05:30,30209.25,30223.5,30184.5,30188.25,6224
2026-07-01T23:15:00+05:30,30189.25,30207.5,30157.5,30163.75,7154
2026-07-01T23:30:00+05:30,30164.25,30190.0,30153.5,30155.5,6345
2026-07-01T23:45:00+05:30,30155.0,30182.25,30137.75,30159.5,7175
2026-07-02T00:00:00+05:30,30158.75,30174.75,30132.5,30145.25,6424
2026-07-02T00:15:00+05:30,30145.25,30145.5,30099.0,30132.75,9303
2026-07-02T00:30:00+05:30,30132.75,30217.0,30127.25,30186.75,10947
2026-07-02T00:45:00+05:30,30187.25,30210.75,30168.0,30190.0,7690
2026-07-02T01:00:00+05:30,30190.0,30231.5,30134.25,30143.25,10746
2026-07-02T01:15:00+05:30,30143.5,30161.75,30054.0,30080.75,29802
2026-07-02T01:30:00+05:30,30080.75,30086.25,30008.5,30060.75,16896
2026-07-02T01:45:00+05:30,30060.25,30065.25,30026.25,30052.5,3254
2026-07-02T02:00:00+05:30,30052.5,30057.75,30020.5,30051.75,2473
2026-07-02T02:15:00+05:30,30052.75,30075.0,30041.5,30064.25,1772
2026-07-02T03:30:00+05:30,30089.75,30109.75,30052.25,30052.25,2167
2026-07-02T03:45:00+05:30,30054.5,30102.5,30051.5,30094.75,1300
2026-07-02T04:00:00+05:30,30095.0,30113.0,30091.75,30102.75,1151
2026-07-02T04:15:00+05:30,30104.75,30118.0,30081.25,30107.25,1127
2026-07-02T04:30:00+05:30,30108.25,30111.0,30060.75,30063.5,1367
2026-07-02T04:45:00+05:30,30063.0,30069.0,30054.0,30067.25,1011
2026-07-02T05:00:00+05:30,30068.75,30075.25,30041.5,30071.75,1236
2026-07-02T05:15:00+05:30,30073.75,30073.75,30010.25,30042.75,1823
2026-07-02T05:30:00+05:30,30046.0,30046.0,29952.5,29998.75,4263
2026-07-02T05:45:00+05:30,30002.0,30068.0,29975.75,30062.5,2370
2026-07-02T06:00:00+05:30,30063.25,30080.75,30011.0,30013.0,2080
2026-07-02T06:15:00+05:30,30012.25,30117.25,30006.5,30110.25,2588
2026-07-02T06:30:00+05:30,30110.5,30191.0,30098.0,30186.75,2834
2026-07-02T06:45:00+05:30,30186.5,30205.25,30166.25,30194.25,1962
2026-07-02T07:00:00+05:30,30195.25,30229.0,30189.25,30215.0,1855
2026-07-02T07:15:00+05:30,30214.0,30226.75,30197.0,30203.75,1246
2026-07-02T07:30:00+05:30,30203.75,30230.25,30190.0,30228.5,1509
2026-07-02T07:45:00+05:30,30230.0,30239.5,30185.5,30191.0,1524
2026-07-02T08:00:00+05:30,30193.25,30218.0,30180.75,30208.25,1336
2026-07-02T08:15:00+05:30,30209.25,30230.0,30191.25,30207.5,1334
2026-07-02T08:30:00+05:30,30208.25,30212.75,30158.25,30178.0,1370
2026-07-02T08:45:00+05:30,30177.75,30185.0,30134.5,30151.0,1336
2026-07-02T09:00:00+05:30,30151.25,30197.0,30145.0,30158.0,1590
2026-07-02T09:15:00+05:30,30157.75,30185.0,30138.25,30172.0,1131
2026-07-02T09:30:00+05:30,30173.5,30188.25,30127.25,30127.5,997
2026-07-02T09:45:00+05:30,30127.5,30141.75,30102.75,30135.5,1276
2026-07-02T10:00:00+05:30,30134.5,30135.75,30064.25,30068.75,1707
2026-07-02T10:15:00+05:30,30066.0,30122.25,30050.0,30111.25,1670
2026-07-02T10:30:00+05:30,30114.0,30154.25,30094.25,30145.5,1691
2026-07-02T10:45:00+05:30,30145.5,30159.75,30112.75,30115.5,1320
2026-07-02T11:00:00+05:30,30115.75,30116.75,30047.0,30053.5,2197
2026-07-02T11:15:00+05:30,30053.75,30073.0,30037.25,30051.0,1756
2026-07-02T11:30:00+05:30,30052.0,30066.0,29954.5,29954.5,2986
2026-07-02T11:45:00+05:30,29954.0,29995.0,29947.0,29952.75,2429
2026-07-02T12:00:00+05:30,29953.75,30007.5,29953.75,29971.75,1604
2026-07-02T12:15:00+05:30,29975.0,29978.0,29895.0,29919.75,3875
2026-07-02T12:30:00+05:30,29921.25,29937.5,29832.25,29833.0,3603
2026-07-02T12:45:00+05:30,29836.75,29872.75,29826.25,29863.75,2460
2026-07-02T13:00:00+05:30,29866.0,29943.5,29858.75,29939.5,2739
2026-07-02T13:15:00+05:30,29939.75,29944.5,29884.5,29891.25,1888
2026-07-02T13:30:00+05:30,29893.5,29927.0,29827.25,29841.0,2702
2026-07-02T13:45:00+05:30,29844.25,29941.75,29839.25,29926.25,1774
2026-07-02T14:00:00+05:30,29924.5,30014.5,29916.25,29980.75,3189
2026-07-02T14:15:00+05:30,29982.0,30038.25,29970.25,30033.0,2065
2026-07-02T14:30:00+05:30,30032.75,30033.5,29961.0,29984.0,1852
2026-07-02T14:45:00+05:30,29984.5,29987.25,29943.5,29983.25,1705
2026-07-02T15:00:00+05:30,29982.5,30015.0,29978.0,29998.75,1776
2026-07-02T15:15:00+05:30,29998.25,29998.25,29952.0,29957.75,1062
2026-07-02T15:30:00+05:30,29959.5,29959.75,29920.0,29934.5,1628
2026-07-02T15:45:00+05:30,29932.0,29961.25,29924.25,29948.0,1001
2026-07-02T16:00:00+05:30,29948.0,30005.5,29948.0,29978.5,2139
2026-07-02T16:15:00+05:30,29979.25,30008.5,29972.0,30005.75,1103
2026-07-02T16:30:00+05:30,30005.25,30021.5,29967.5,30007.0,2735
2026-07-02T16:45:00+05:30,30005.75,30014.0,29967.0,30005.75,1624
2026-07-02T17:00:00+05:30,30006.0,30064.75,29990.75,30057.5,2477
2026-07-02T17:15:00+05:30,30058.0,30079.0,30034.0,30034.25,2808
2026-07-02T17:30:00+05:30,30035.25,30140.75,30022.25,30131.25,3467
2026-07-02T17:45:00+05:30,30131.75,30190.25,30127.25,30182.75,3763
2026-07-02T18:00:00+05:30,30183.0,30320.0,30175.0,30241.5,12714
2026-07-02T18:15:00+05:30,30242.5,30265.25,30155.0,30182.75,6588
2026-07-02T18:30:00+05:30,30185.0,30215.0,30118.0,30142.0,7467
2026-07-02T18:45:00+05:30,30141.5,30184.0,30073.5,30076.25,7531
2026-07-02T19:00:00+05:30,30076.25,30188.75,30007.75,30124.25,38183
2026-07-02T19:15:00+05:30,30127.0,30263.0,30102.0,30257.75,24267
2026-07-02T19:30:00+05:30,30258.0,30293.5,30131.5,30215.5,21047
2026-07-02T19:45:00+05:30,30216.25,30226.5,29910.75,29935.0,30097
2026-07-02T20:00:00+05:30,29935.0,30006.25,29777.0,29809.5,33576
2026-07-02T20:15:00+05:30,29810.0,29868.25,29730.75,29840.25,23680
2026-07-02T20:30:00+05:30,29840.25,29852.0,29629.0,29716.5,23102
2026-07-02T20:45:00+05:30,29718.75,29748.25,29610.75,29672.5,19645
2026-07-02T21:00:00+05:30,29671.0,29817.25,29667.75,29711.75,15804
2026-07-02T21:15:00+05:30,29710.0,29747.75,29636.25,29676.0,14103
2026-07-02T21:30:00+05:30,29676.75,29688.25,29585.0,29646.75,15343
2026-07-02T21:45:00+05:30,29649.25,29653.25,29548.0,29558.75,13269
2026-07-02T22:00:00+05:30,29559.0,29563.25,29453.25,29539.0,20048
2026-07-02T22:15:00+05:30,29537.0,29542.5,29434.0,29462.25,13035
2026-07-02T22:30:00+05:30,29461.0,29482.5,29387.5,29454.0,15991
2026-07-02T22:45:00+05:30,29453.75,29482.75,29421.75,29447.5,9916
2026-07-02T23:00:00+05:30,29447.75,29473.25,29355.75,29404.75,11781
2026-07-02T23:15:00+05:30,29405.5,29408.5,29328.5,29338.5,10450
2026-07-02T23:30:00+05:30,29339.5,29503.25,29330.5,29459.25,15320
2026-07-02T23:45:00+05:30,29460.75,29489.25,29409.75,29488.0,10663
2026-07-03T00:00:00+05:30,29487.75,29525.0,29464.25,29481.0,9728
2026-07-03T00:15:00+05:30,29480.75,29528.0,29439.25,29489.0,11262
2026-07-03T00:30:00+05:30,29488.75,29503.25,29381.5,29413.0,12087
2026-07-03T00:45:00+05:30,29412.5,29445.0,29349.5,29421.75,10075
2026-07-03T01:00:00+05:30,29422.5,29475.5,29412.0,29454.25,11149
2026-07-03T01:15:00+05:30,29454.5,29588.0,29432.0,29538.25,29607
2026-07-03T01:30:00+05:30,29538.0,29553.0,29514.0,29545.5,11793
2026-07-03T01:45:00+05:30,29546.25,29561.75,29533.0,29548.0,3317
2026-07-03T02:00:00+05:30,29549.5,29564.75,29537.75,29541.75,2017
2026-07-03T02:15:00+05:30,29542.25,29558.75,29536.25,29551.75,1837
2026-07-03T03:30:00+05:30,29566.0,29591.5,29559.25,29580.25,1156
2026-07-03T03:45:00+05:30,29581.0,29598.0,29576.75,29578.5,767
2026-07-03T04:00:00+05:30,29578.25,29621.5,29568.0,29620.5,1196
2026-07-03T04:15:00+05:30,29620.5,29622.25,29609.5,29618.75,444
2026-07-03T04:30:00+05:30,29615.75,29617.25,29553.75,29558.5,1376
2026-07-03T04:45:00+05:30,29560.5,29608.0,29552.0,29602.0,1516
2026-07-03T05:00:00+05:30,29600.0,29618.75,29571.25,29571.25,1189
2026-07-03T05:15:00+05:30,29573.0,29610.5,29565.5,29600.5,855
2026-07-03T05:30:00+05:30,29598.75,29638.75,29541.0,29617.0,2575
2026-07-03T05:45:00+05:30,29615.0,29621.25,29558.0,29561.5,1442
2026-07-03T06:00:00+05:30,29561.25,29601.5,29534.0,29554.5,1463
2026-07-03T06:15:00+05:30,29552.75,29572.25,29522.0,29536.5,1220
2026-07-03T06:30:00+05:30,29539.5,29697.5,29535.25,29673.0,2968
2026-07-03T06:45:00+05:30,29673.5,29680.5,29646.5,29655.0,1108
2026-07-03T07:00:00+05:30,29655.0,29683.25,29643.25,29675.0,1124
2026-07-03T07:15:00+05:30,29675.75,29699.5,29659.75,29682.5,1640
2026-07-03T07:30:00+05:30,29684.75,29716.5,29680.5,29695.0,1207
2026-07-03T07:45:00+05:30,29695.5,29732.0,29693.5,29729.75,903
2026-07-03T08:00:00+05:30,29728.0,29732.0,29706.25,29723.75,880
2026-07-03T08:15:00+05:30,29725.5,29755.75,29724.75,29750.75,1058
2026-07-03T08:30:00+05:30,29749.75,29755.25,29730.75,29746.25,920
2026-07-03T08:45:00+05:30,29746.75,29761.75,29742.0,29761.0,574
2026-07-03T09:00:00+05:30,29760.75,29775.25,29720.0,29723.0,1148
2026-07-03T09:15:00+05:30,29722.5,29769.75,29717.75,29767.5,1027
2026-07-03T09:30:00+05:30,29769.25,29786.75,29764.0,29785.5,822
2026-07-03T09:45:00+05:30,29785.75,29803.25,29782.5,29802.0,1216
2026-07-03T10:00:00+05:30,29804.0,29814.25,29786.75,29806.25,1063
2026-07-03T10:15:00+05:30,29807.0,29820.0,29791.5,29802.25,963
2026-07-03T10:30:00+05:30,29803.75,29834.25,29789.25,29822.25,2166
2026-07-03T10:45:00+05:30,29823.0,29826.5,29794.5,29809.75,1089
2026-07-03T11:00:00+05:30,29808.75,29841.5,29804.75,29819.75,1187
2026-07-03T11:15:00+05:30,29820.75,29828.25,29807.5,29825.25,903
2026-07-03T11:30:00+05:30,29826.25,29888.0,29821.0,29872.0,3792
2026-07-03T11:45:00+05:30,29871.0,29878.0,29843.25,29868.5,1256
2026-07-03T12:00:00+05:30,29867.75,29873.75,29851.25,29856.25,1471
2026-07-03T12:15:00+05:30,29855.5,29859.25,29833.5,29840.75,956
2026-07-03T12:30:00+05:30,29842.0,29854.25,29825.75,29836.75,1169
2026-07-03T12:45:00+05:30,29835.75,29867.5,29834.25,29860.0,1058
2026-07-03T13:00:00+05:30,29860.25,29869.0,29836.75,29837.5,927
2026-07-03T13:15:00+05:30,29837.75,29858.75,29835.5,29846.0,501
2026-07-03T13:30:00+05:30,29845.25,29861.0,29832.75,29840.75,742
2026-07-03T13:45:00+05:30,29838.5,29854.25,29836.5,29846.0,647
2026-07-03T14:00:00+05:30,29844.0,29873.25,29834.25,29870.0,836
2026-07-03T14:15:00+05:30,29870.5,29870.5,29831.25,29848.5,909
2026-07-03T14:30:00+05:30,29848.75,29878.0,29827.75,29877.25,843
2026-07-03T14:45:00+05:30,29878.0,29893.0,29866.5,29887.25,1328
2026-07-03T15:00:00+05:30,29887.25,29900.25,29870.0,29895.75,848
2026-07-03T15:15:00+05:30,29895.75,29899.0,29867.75,29870.5,711
2026-07-03T15:30:00+05:30,29869.75,29883.25,29856.0,29879.0,475
2026-07-03T15:45:00+05:30,29879.25,29880.5,29864.5,29876.5,249
2026-07-03T16:00:00+05:30,29878.75,29892.5,29865.0,29892.5,1104
2026-07-03T16:15:00+05:30,29893.25,29894.5,29879.0,29879.5,364
2026-07-03T16:30:00+05:30,29880.75,29890.75,29868.0,29886.0,478
2026-07-03T16:45:00+05:30,29888.0,29889.5,29866.75,29873.25,401
2026-07-03T17:00:00+05:30,29873.5,29890.0,29870.0,29875.5,604
2026-07-03T17:15:00+05:30,29874.75,29908.0,29874.75,29903.25,845
2026-07-03T17:30:00+05:30,29902.75,29924.25,29881.0,29887.25,1773
2026-07-03T17:45:00+05:30,29885.0,29896.0,29875.5,29885.5,454
2026-07-03T18:00:00+05:30,29885.25,29894.5,29877.75,29884.25,451
2026-07-03T18:15:00+05:30,29885.0,29904.5,29884.5,29903.0,660
2026-07-03T18:30:00+05:30,29902.5,29918.5,29886.75,29889.25,1365
2026-07-03T18:45:00+05:30,29890.25,29924.25,29888.5,29920.0,1518
2026-07-03T19:00:00+05:30,29921.0,29955.25,29903.5,29929.0,5241
2026-07-03T19:15:00+05:30,29930.5,29944.0,29913.75,29940.0,2291
2026-07-03T19:30:00+05:30,29940.0,29946.25,29898.5,29901.0,2277
2026-07-03T19:45:00+05:30,29901.25,29924.25,29888.5,29907.5,2550
2026-07-03T20:00:00+05:30,29907.75,29928.0,29899.5,29905.25,1743
2026-07-03T20:15:00+05:30,29905.5,29929.0,29900.25,29918.5,1199
2026-07-03T20:30:00+05:30,29919.0,29922.5,29902.0,29911.25,1379
2026-07-03T20:45:00+05:30,29911.0,29925.0,29897.75,29899.25,1060
2026-07-03T21:00:00+05:30,29900.0,29904.75,29884.5,29895.0,1439
2026-07-03T21:15:00+05:30,29895.75,29913.0,29892.0,29906.0,893
2026-07-03T21:30:00+05:30,29907.25,29907.75,29894.5,29894.5,606
2026-07-03T21:45:00+05:30,29896.25,29915.5,29895.25,29900.5,838
2026-07-03T22:00:00+05:30,29901.5,29925.0,29890.75,29922.0,937
2026-07-03T22:15:00+05:30,29921.5,29923.5,29896.75,29901.75,1304
2026-07-06T03:30:00+05:30,29930.25,29979.5,29860.75,29901.5,3406
2026-07-06T03:45:00+05:30,29899.5,29948.75,29890.0,29936.0,2022
2026-07-06T04:00:00+05:30,29936.75,29973.25,29934.0,29971.0,1830
2026-07-06T04:15:00+05:30,29969.75,29979.0,29941.5,29946.0,1388
2026-07-06T04:30:00+05:30,29946.5,30008.25,29926.5,29990.25,2635
2026-07-06T04:45:00+05:30,29988.0,30003.75,29975.75,29985.25,1088
2026-07-06T05:00:00+05:30,29983.5,30011.25,29970.75,29976.0,1358
2026-07-06T05:15:00+05:30,29974.5,30005.75,29963.75,29983.75,1621
2026-07-06T05:30:00+05:30,29987.75,29988.75,29900.0,29982.75,3493
2026-07-06T05:45:00+05:30,29982.5,30004.75,29879.75,29882.75,2766
2026-07-06T06:00:00+05:30,29882.25,29944.5,29845.0,29933.75,3177
2026-07-06T06:15:00+05:30,29937.5,29969.75,29914.5,29928.25,2216
2026-07-06T06:30:00+05:30,29926.5,29932.0,29867.25,29880.0,2437
2026-07-06T06:45:00+05:30,29879.75,29893.5,29773.75,29814.25,3735
2026-07-06T07:00:00+05:30,29813.25,29855.25,29807.0,29817.25,2115
2026-07-06T07:15:00+05:30,29816.25,29816.25,29750.0,29792.75,3072
2026-07-06T07:30:00+05:30,29793.25,29818.75,29754.5,29759.5,2811
2026-07-06T07:45:00+05:30,29761.25,29791.75,29735.0,29736.25,2673
2026-07-06T08:00:00+05:30,29737.0,29747.5,29693.5,29699.25,2497
2026-07-06T08:15:00+05:30,29700.5,29732.0,29683.0,29725.25,2072
2026-07-06T08:30:00+05:30,29726.5,29785.5,29716.75,29771.0,2506
2026-07-06T08:45:00+05:30,29772.0,29790.5,29748.0,29788.0,1370
2026-07-06T09:00:00+05:30,29789.5,29806.5,29738.0,29740.5,2177
2026-07-06T09:15:00+05:30,29740.25,29748.5,29693.25,29730.25,2555
2026-07-06T09:30:00+05:30,29730.25,29778.0,29703.0,29774.75,1992
2026-07-06T09:45:00+05:30,29771.5,29801.0,29769.0,29794.75,1474
2026-07-06T10:00:00+05:30,29795.5,29836.0,29788.5,29828.5,1453
2026-07-06T10:15:00+05:30,29826.75,29840.5,29813.0,29828.25,977
2026-07-06T10:30:00+05:30,29829.5,29830.5,29792.75,29807.25,984
2026-07-06T10:45:00+05:30,29809.25,29818.5,29767.75,29769.5,1044
2026-07-06T11:00:00+05:30,29770.0,29799.0,29752.5,29788.25,1189
2026-07-06T11:15:00+05:30,29789.5,29801.5,29766.25,29790.5,805
2026-07-06T11:30:00+05:30,29791.5,29807.5,29754.75,29759.75,1089
2026-07-06T11:45:00+05:30,29760.75,29797.0,29755.25,29790.5,871
2026-07-06T12:00:00+05:30,29789.0,29858.25,29784.5,29854.5,2167
2026-07-06T12:15:00+05:30,29855.0,29855.5,29832.5,29847.25,1030
2026-07-06T12:30:00+05:30,29846.25,29862.75,29829.75,29848.0,1206
2026-07-06T12:45:00+05:30,29850.5,29863.75,29817.75,29820.25,924
2026-07-06T13:00:00+05:30,29822.0,29876.25,29816.25,29872.75,846
2026-07-06T13:15:00+05:30,29870.5,29875.25,29851.25,29852.5,606
2026-07-06T13:30:00+05:30,29852.75,29884.0,29803.5,29821.75,1863
2026-07-06T13:45:00+05:30,29824.25,29833.25,29780.0,29833.25,1140
2026-07-06T14:00:00+05:30,29831.0,29853.0,29807.75,29843.25,939
2026-07-06T14:15:00+05:30,29845.75,29870.75,29838.5,29867.0,725
2026-07-06T14:30:00+05:30,29869.75,29875.0,29844.0,29853.75,952
2026-07-06T14:45:00+05:30,29853.75,29869.75,29850.0,29863.5,606
2026-07-06T15:00:00+05:30,29864.75,29867.0,29839.0,29849.75,591
2026-07-06T15:15:00+05:30,29849.75,29888.5,29827.5,29877.0,1293
2026-07-06T15:30:00+05:30,29878.0,29891.5,29852.25,29878.5,998
2026-07-06T15:45:00+05:30,29878.5,29884.75,29860.75,29864.75,628
2026-07-06T16:00:00+05:30,29864.0,29885.0,29854.25,29857.0,721
2026-07-06T16:15:00+05:30,29856.0,29884.5,29847.25,29884.5,744
2026-07-06T16:30:00+05:30,29884.25,29896.0,29841.75,29857.75,1437
2026-07-06T16:45:00+05:30,29858.25,29891.75,29854.75,29880.75,1223
2026-07-06T17:00:00+05:30,29879.5,29897.5,29871.0,29882.75,1246
2026-07-06T17:15:00+05:30,29883.25,29915.0,29876.25,29877.75,1937
2026-07-06T17:30:00+05:30,29879.0,29936.0,29865.5,29931.5,2931
2026-07-06T17:45:00+05:30,29932.25,29936.0,29876.25,29893.25,2494
2026-07-06T18:00:00+05:30,29893.5,29924.5,29886.75,29900.5,2166
2026-07-06T18:15:00+05:30,29900.5,29935.0,29898.75,29934.0,1673
2026-07-06T18:30:00+05:30,29934.75,29938.0,29855.25,29858.0,3908
2026-07-06T18:45:00+05:30,29859.25,29865.0,29820.25,29834.75,6325
2026-07-06T19:00:00+05:30,29835.75,29939.25,29776.25,29921.5,32732
2026-07-06T19:15:00+05:30,29917.0,30009.0,29896.0,29932.5,26457
2026-07-06T19:30:00+05:30,29935.5,30027.75,29903.25,30021.75,19539
2026-07-06T19:45:00+05:30,30021.75,30042.5,29986.75,30012.75,15550
2026-07-06T20:00:00+05:30,30013.25,30057.25,29988.0,30037.75,14286
2026-07-06T20:15:00+05:30,30037.5,30067.5,29986.75,30025.25,13110
2026-07-06T20:30:00+05:30,30025.75,30044.0,29959.0,29984.0,12377
2026-07-06T20:45:00+05:30,29984.0,30062.75,29941.25,30061.25,13325
2026-07-06T21:00:00+05:30,30061.0,30079.0,30031.5,30070.0,11247
2026-07-06T21:15:00+05:30,30070.25,30083.75,30049.25,30074.25,7626
2026-07-06T21:30:00+05:30,30074.0,30094.0,30053.5,30070.5,7860
2026-07-06T21:45:00+05:30,30071.25,30078.25,30024.75,30032.25,7580
2026-07-06T22:00:00+05:30,30033.75,30044.25,30002.75,30016.5,7965
2026-07-06T22:15:00+05:30,30017.25,30038.5,29981.0,29990.0,8037
2026-07-06T22:30:00+05:30,29989.0,30036.75,29975.25,30019.0,8159
2026-07-06T22:45:00+05:30,30019.25,30032.0,29948.0,29954.75,8717
2026-07-06T23:00:00+05:30,29955.5,29960.5,29882.25,29904.75,12975
2026-07-06T23:15:00+05:30,29904.5,29936.0,29882.75,29896.75,9596
2026-07-06T23:30:00+05:30,29896.25,29967.5,29895.5,29949.25,9976
2026-07-06T23:45:00+05:30,29950.0,30000.0,29950.0,29971.75,8890
2026-07-07T00:00:00+05:30,29971.75,29984.25,29948.5,29978.0,7200
2026-07-07T00:15:00+05:30,29978.0,30004.0,29973.75,29990.0,6053
2026-07-07T00:30:00+05:30,29990.75,30025.0,29980.75,30011.25,7610
2026-07-07T00:45:00+05:30,30011.5,30052.0,30004.5,30035.5,7638
2026-07-07T01:00:00+05:30,30035.75,30038.0,29996.25,30024.0,9646
2026-07-07T01:15:00+05:30,30023.75,30036.25,29931.5,29951.75,26277
2026-07-07T01:30:00+05:30,29951.25,29972.75,29933.0,29964.0,9040
2026-07-07T01:45:00+05:30,29963.25,29970.0,29950.5,29959.5,1999
2026-07-07T02:00:00+05:30,29960.0,29965.5,29952.5,29955.75,1332
2026-07-07T02:15:00+05:30,29955.25,29959.25,29931.25,29947.75,1868
2026-07-07T03:30:00+05:30,29960.0,29970.0,29940.25,29964.25,1422
2026-07-07T03:45:00+05:30,29966.5,29973.75,29950.75,29951.75,839
2026-07-07T04:00:00+05:30,29951.25,29970.0,29942.75,29950.0,1143
2026-07-07T04:15:00+05:30,29949.75,29950.25,29889.0,29894.75,1878
2026-07-07T04:30:00+05:30,29893.5,29928.75,29891.75,29907.0,1199
2026-07-07T04:45:00+05:30,29906.0,29906.5,29872.75,29897.5,1531
2026-07-07T05:00:00+05:30,29897.25,29906.0,29864.75,29874.75,1388
2026-07-07T05:15:00+05:30,29874.75,29875.5,29839.25,29852.25,2309
2026-07-07T05:30:00+05:30,29851.0,29881.0,29825.75,29826.5,2434
2026-07-07T05:45:00+05:30,29829.0,29914.25,29816.25,29878.75,3259
2026-07-07T06:00:00+05:30,29879.5,29886.75,29808.25,29831.75,2666
2026-07-07T06:15:00+05:30,29831.25,29856.75,29808.25,29816.75,2138
2026-07-07T06:30:00+05:30,29819.75,29835.75,29800.0,29802.5,1950
2026-07-07T06:45:00+05:30,29805.75,29814.25,29726.5,29740.0,3282
2026-07-07T07:00:00+05:30,29739.25,29789.75,29716.5,29788.5,2782
2026-07-07T07:15:00+05:30,29789.25,29822.0,29768.5,29773.0,2166
2026-07-07T07:30:00+05:30,29774.25,29816.5,29767.25,29806.5,1457
2026-07-07T07:45:00+05:30,29806.25,29819.25,29769.75,29772.75,1228
2026-07-07T08:00:00+05:30,29771.5,29780.25,29738.75,29779.5,1962
2026-07-07T08:15:00+05:30,29780.0,29780.0,29744.25,29748.0,1531
2026-07-07T08:30:00+05:30,29748.0,29784.75,29741.5,29758.0,1342
2026-07-07T08:45:00+05:30,29757.5,29761.0,29680.0,29684.25,3631
2026-07-07T09:00:00+05:30,29685.25,29709.0,29662.0,29664.75,2727
2026-07-07T09:15:00+05:30,29663.75,29675.5,29628.25,29668.25,2896
2026-07-07T09:30:00+05:30,29670.0,29680.0,29638.0,29638.5,1917
2026-07-07T09:45:00+05:30,29639.0,29646.25,29616.0,29639.0,1471
2026-07-07T10:00:00+05:30,29640.0,29656.75,29621.5,29633.75,1259
2026-07-07T10:15:00+05:30,29633.75,29639.5,29607.5,29625.5,1188
2026-07-07T10:30:00+05:30,29626.25,29627.0,29585.25,29587.5,1447
2026-07-07T10:45:00+05:30,29585.5,29607.5,29558.5,29590.0,2480
2026-07-07T11:00:00+05:30,29591.75,29665.0,29591.75,29660.75,2571
2026-07-07T11:15:00+05:30,29659.5,29704.5,29646.0,29689.75,2285
2026-07-07T11:30:00+05:30,29688.75,29701.25,29631.25,29641.5,2075
2026-07-07T11:45:00+05:30,29643.0,29674.0,29641.5,29663.0,1578
2026-07-07T12:00:00+05:30,29662.0,29684.0,29647.0,29684.0,1385
2026-07-07T12:15:00+05:30,29683.5,29693.25,29663.25,29688.75,1144
2026-07-07T12:30:00+05:30,29689.0,29724.0,29667.75,29718.0,2772
2026-07-07T12:45:00+05:30,29717.5,29744.0,29711.75,29717.0,2057
2026-07-07T13:00:00+05:30,29715.5,29723.0,29693.0,29693.25,1130
2026-07-07T13:15:00+05:30,29693.25,29700.0,29644.0,29645.5,2306
2026-07-07T13:30:00+05:30,29646.75,29695.75,29641.25,29687.75,2186
2026-07-07T13:45:00+05:30,29687.75,29709.25,29682.0,29691.75,1240
2026-07-07T14:00:00+05:30,29692.25,29705.0,29671.75,29682.5,1069
2026-07-07T14:15:00+05:30,29683.0,29696.25,29658.5,29660.25,994
2026-07-07T14:30:00+05:30,29660.75,29690.5,29642.5,29687.0,1649
2026-07-07T14:45:00+05:30,29688.25,29693.5,29655.25,29655.5,569
2026-07-07T15:00:00+05:30,29658.25,29660.75,29628.25,29650.0,2279
2026-07-07T15:15:00+05:30,29649.75,29665.5,29622.5,29662.25,1033
2026-07-07T15:30:00+05:30,29663.25,29689.5,29639.5,29647.75,3326
2026-07-07T15:45:00+05:30,29649.0,29689.25,29646.5,29673.5,2906
2026-07-07T16:00:00+05:30,29673.25,29673.5,29643.75,29647.0,1290
2026-07-07T16:15:00+05:30,29648.25,29659.25,29625.25,29659.25,1494
2026-07-07T16:30:00+05:30,29660.5,29661.75,29602.5,29614.25,2045
2026-07-07T16:45:00+05:30,29613.0,29651.25,29612.0,29632.0,1279
2026-07-07T17:00:00+05:30,29632.5,29632.5,29591.25,29623.0,1841
2026-07-07T17:15:00+05:30,29621.25,29645.75,29601.0,29642.5,1769
2026-07-07T17:30:00+05:30,29640.75,29716.0,29639.25,29704.0,4404
2026-07-07T17:45:00+05:30,29702.75,29705.75,29658.5,29688.0,2169
2026-07-07T18:00:00+05:30,29686.5,29708.0,29664.0,29686.5,2093
2026-07-07T18:15:00+05:30,29685.25,29687.5,29622.0,29642.25,3408
2026-07-07T18:30:00+05:30,29642.25,29655.75,29610.5,29641.5,4551
2026-07-07T18:45:00+05:30,29641.25,29652.75,29580.0,29592.25,6360
2026-07-07T19:00:00+05:30,29593.0,29685.75,29491.25,29595.0,44848
2026-07-07T19:15:00+05:30,29594.0,29596.75,29420.25,29469.0,31486
2026-07-07T19:30:00+05:30,29468.75,29505.75,29332.0,29343.0,30046
2026-07-07T19:45:00+05:30,29342.0,29378.25,29259.75,29303.25,27463
2026-07-07T20:00:00+05:30,29303.5,29327.75,29210.0,29239.5,22040
2026-07-07T20:15:00+05:30,29239.0,29325.75,29232.5,29302.5,20306
2026-07-07T20:30:00+05:30,29302.25,29358.0,29271.25,29318.25,15927
2026-07-07T20:45:00+05:30,29317.0,29322.5,29271.75,29314.0,12551
2026-07-07T21:00:00+05:30,29315.0,29330.0,29248.25,29329.0,12340
2026-07-07T21:15:00+05:30,29329.25,29389.25,29325.25,29386.75,13267
2026-07-07T21:30:00+05:30,29388.0,29473.75,29377.0,29466.25,15733
2026-07-07T21:45:00+05:30,29467.25,29548.0,29450.5,29532.0,17028
2026-07-07T22:00:00+05:30,29532.25,29558.25,29486.25,29527.75,13296
2026-07-07T22:15:00+05:30,29527.25,29557.75,29502.5,29540.0,10100
2026-07-07T22:30:00+05:30,29539.5,29580.75,29530.0,29534.5,11514
2026-07-07T22:45:00+05:30,29533.25,29573.5,29510.0,29533.75,9191
2026-07-07T23:00:00+05:30,29533.5,29570.0,29532.5,29561.75,7805
2026-07-07T23:15:00+05:30,29561.25,29568.0,29528.25,29567.25,6682
2026-07-07T23:30:00+05:30,29567.5,29574.25,29531.25,29547.25,7274
2026-07-07T23:45:00+05:30,29547.5,29561.0,29509.75,29517.0,7320
2026-07-08T00:00:00+05:30,29517.5,29531.5,29452.75,29472.75,10730
2026-07-08T00:15:00+05:30,29472.25,29485.0,29385.25,29391.0,14674
2026-07-08T00:30:00+05:30,29390.25,29410.0,29318.5,29333.75,13824
2026-07-08T00:45:00+05:30,29333.75,29335.75,29271.0,29321.25,13654
2026-07-08T01:00:00+05:30,29320.75,29371.75,29303.75,29310.0,13229
2026-07-08T01:15:00+05:30,29309.75,29400.0,29306.5,29395.0,24752
2026-07-08T01:30:00+05:30,29395.5,29437.25,29387.75,29417.25,11646
2026-07-08T01:45:00+05:30,29417.75,29423.75,29393.25,29415.75,2852
2026-07-08T02:00:00+05:30,29416.0,29424.75,29413.75,29416.25,1214
2026-07-08T02:15:00+05:30,29416.0,29423.25,29412.5,29419.5,1438
2026-07-08T03:30:00+05:30,29373.75,29375.75,29319.5,29374.25,2445
2026-07-08T03:45:00+05:30,29376.25,29388.0,29364.5,29372.75,1110
2026-07-08T04:00:00+05:30,29374.0,29400.0,29363.75,29383.25,1335
2026-07-08T04:15:00+05:30,29384.25,29395.0,29371.75,29382.75,821
2026-07-08T04:30:00+05:30,29382.5,29395.0,29356.0,29376.0,1544
2026-07-08T04:45:00+05:30,29376.75,29406.0,29373.75,29396.25,1047
2026-07-08T05:00:00+05:30,29396.25,29407.0,29339.0,29343.75,1619
2026-07-08T05:15:00+05:30,29345.5,29359.75,29292.5,29300.5,2070
2026-07-08T05:30:00+05:30,29300.0,29426.5,29266.0,29414.5,5370
2026-07-08T05:45:00+05:30,29417.75,29477.5,29391.25,29454.5,4166
2026-07-08T06:00:00+05:30,29452.75,29515.75,29407.25,29515.25,3877
2026-07-08T06:15:00+05:30,29517.0,29547.0,29512.0,29543.5,2997
2026-07-08T06:30:00+05:30,29543.75,29558.75,29495.0,29550.0,3168
2026-07-08T06:45:00+05:30,29554.75,29554.75,29481.5,29485.25,2525
2026-07-08T07:00:00+05:30,29489.0,29495.25,29427.0,29457.75,3058
2026-07-08T07:15:00+05:30,29459.75,29485.25,29427.5,29438.0,1824
2026-07-08T07:30:00+05:30,29437.75,29443.25,29388.0,29397.5,2395
2026-07-08T07:45:00+05:30,29397.25,29458.75,29391.5,29421.5,2157
2026-07-08T08:00:00+05:30,29422.25,29456.75,29399.75,29456.25,1638
2026-07-08T08:15:00+05:30,29457.0,29475.0,29445.25,29461.25,1296
2026-07-08T08:30:00+05:30,29461.5,29496.0,29461.25,29487.5,1389
2026-07-08T08:45:00+05:30,29488.5,29519.75,29475.5,29517.5,1446
2026-07-08T09:00:00+05:30,29517.25,29532.25,29481.25,29487.5,1667
2026-07-08T09:15:00+05:30,29487.5,29493.25,29465.0,29467.0,924
2026-07-08T09:30:00+05:30,29470.0,29473.5,29433.25,29442.75,1410
2026-07-08T09:45:00+05:30,29443.75,29464.0,29428.0,29442.5,1798
2026-07-08T10:00:00+05:30,29442.75,29446.0,29391.25,29413.75,1807
2026-07-08T10:15:00+05:30,29408.0,29422.5,29376.75,29415.0,1774
2026-07-08T10:30:00+05:30,29417.0,29447.25,29399.25,29407.5,1308
2026-07-08T10:45:00+05:30,29409.0,29432.0,29378.75,29384.5,1128
2026-07-08T11:00:00+05:30,29384.0,29385.75,29345.75,29353.0,2226
2026-07-08T11:15:00+05:30,29351.75,29363.0,29311.75,29347.5,2221
2026-07-08T11:30:00+05:30,29346.75,29363.5,29329.5,29345.0,2216
2026-07-08T11:45:00+05:30,29343.25,29358.75,29320.25,29324.75,1864
2026-07-08T12:00:00+05:30,29320.25,29332.75,29285.0,29289.75,1920
2026-07-08T12:15:00+05:30,29288.25,29352.5,29282.25,29329.25,1704
2026-07-08T12:30:00+05:30,29328.25,29335.25,29281.75,29302.5,2157
2026-07-08T12:45:00+05:30,29303.0,29355.0,29281.0,29353.0,2123
2026-07-08T13:00:00+05:30,29351.0,29409.5,29346.25,29394.75,2476
2026-07-08T13:15:00+05:30,29395.0,29404.25,29369.0,29381.0,1555
2026-07-08T13:30:00+05:30,29383.0,29413.0,29341.25,29411.25,2100
2026-07-08T13:45:00+05:30,29409.25,29414.75,29063.5,29079.75,10275
2026-07-08T14:00:00+05:30,29080.0,29103.5,28957.25,29019.5,8820
2026-07-08T14:15:00+05:30,29021.75,29099.0,29002.0,29009.5,5571
2026-07-08T14:30:00+05:30,29010.75,29034.0,28912.75,28914.75,5901
2026-07-08T14:45:00+05:30,28914.75,28971.25,28909.75,28961.25,3123
2026-07-08T15:00:00+05:30,28959.25,29011.0,28954.5,28987.25,3150
2026-07-08T15:15:00+05:30,28988.25,29004.5,28947.25,28957.75,2076
2026-07-08T15:30:00+05:30,28960.75,28986.5,28922.75,28958.25,2680
2026-07-08T15:45:00+05:30,28958.75,29021.75,28948.0,29020.25,2214
2026-07-08T16:00:00+05:30,29018.0,29055.0,28996.0,29049.5,3003
2026-07-08T16:15:00+05:30,29047.5,29063.0,29010.5,29018.75,1789
2026-07-08T16:30:00+05:30,29020.75,29028.5,28977.0,29003.0,3195
2026-07-08T16:45:00+05:30,29003.25,29012.75,28975.5,28987.25,1354
2026-07-08T17:00:00+05:30,28984.75,29124.75,28973.0,29085.25,4285
2026-07-08T17:15:00+05:30,29084.25,29114.75,29053.0,29089.25,3806
2026-07-08T17:30:00+05:30,29088.0,29184.25,29054.25,29149.5,5617
2026-07-08T17:45:00+05:30,29150.75,29180.0,29124.75,29177.25,2691
2026-07-08T18:00:00+05:30,29176.75,29192.25,29145.75,29184.25,3264
2026-07-08T18:15:00+05:30,29183.5,29239.5,29151.75,29155.0,5489
2026-07-08T18:30:00+05:30,29154.75,29221.75,29148.0,29212.5,5050
2026-07-08T18:45:00+05:30,29212.0,29230.0,29154.0,29202.25,8044
2026-07-08T19:00:00+05:30,29202.75,29385.0,29201.0,29347.75,36979
2026-07-08T19:15:00+05:30,29349.5,29399.0,29287.75,29367.5,22530
2026-07-08T19:30:00+05:30,29366.25,29389.25,29245.75,29271.25,19361
2026-07-08T19:45:00+05:30,29271.75,29373.0,29235.25,29292.5,19050
2026-07-08T20:00:00+05:30,29292.75,29335.25,29209.25,29252.5,18064
2026-07-08T20:15:00+05:30,29252.25,29297.5,29151.0,29212.0,20803
2026-07-08T20:30:00+05:30,29212.25,29224.25,29131.0,29136.75,11919
2026-07-08T20:45:00+05:30,29138.25,29161.75,29034.5,29057.75,17168
2026-07-08T21:00:00+05:30,29058.0,29153.0,29034.0,29114.0,15028
2026-07-08T21:15:00+05:30,29113.75,29131.0,29051.25,29096.25,10847
2026-07-08T21:30:00+05:30,29097.25,29222.25,29092.75,29214.5,13033
2026-07-08T21:45:00+05:30,29216.0,29303.25,29194.5,29277.0,13977
2026-07-08T22:00:00+05:30,29275.5,29350.0,29245.5,29331.0,16222
2026-07-08T22:15:00+05:30,29331.5,29377.0,29309.75,29373.25,9902
2026-07-08T22:30:00+05:30,29372.25,29389.75,29335.5,29336.25,9573
2026-07-08T22:45:00+05:30,29336.75,29445.25,29334.75,29440.25,10732
2026-07-08T23:00:00+05:30,29441.5,29457.75,29382.5,29388.5,8511
2026-07-08T23:15:00+05:30,29387.75,29390.0,29324.25,29352.5,10028
2026-07-08T23:30:00+05:30,29352.25,29429.25,29330.0,29406.0,9129
2026-07-08T23:45:00+05:30,29407.25,29418.0,29369.0,29372.75,6083
2026-07-09T00:00:00+05:30,29371.75,29417.75,29347.5,29400.75,7755
2026-07-09T00:15:00+05:30,29401.25,29424.25,29380.25,29405.75,6581
2026-07-09T00:30:00+05:30,29405.75,29437.25,29375.75,29395.75,7523
2026-07-09T00:45:00+05:30,29396.25,29438.75,29380.0,29425.25,6655
2026-07-09T01:00:00+05:30,29425.0,29433.25,29388.5,29418.25,6681
2026-07-09T01:15:00+05:30,29417.0,29500.0,29381.0,29457.5,22001
2026-07-09T01:30:00+05:30,29457.0,29468.5,29403.75,29424.0,8335
2026-07-09T01:45:00+05:30,29424.75,29425.0,29386.5,29394.25,2762
2026-07-09T02:00:00+05:30,29394.75,29398.25,29353.25,29386.25,3165
2026-07-09T02:15:00+05:30,29385.25,29407.25,29374.0,29391.25,1881
2026-07-09T03:30:00+05:30,29412.0,29446.0,29402.75,29434.75,1872
2026-07-09T03:45:00+05:30,29432.5,29449.25,29404.25,29424.25,975
2026-07-09T04:00:00+05:30,29424.5,29439.5,29407.5,29409.0,764
2026-07-09T04:15:00+05:30,29409.25,29428.75,29405.5,29425.5,438
2026-07-09T04:30:00+05:30,29424.0,29457.5,29422.25,29444.75,975
2026-07-09T04:45:00+05:30,29444.25,29444.25,29395.0,29424.75,1252
2026-07-09T05:00:00+05:30,29421.0,29487.0,29400.75,29479.75,2063
2026-07-09T05:15:00+05:30,29479.5,29503.25,29468.25,29491.25,1573
2026-07-09T05:30:00+05:30,29491.0,29564.5,29491.0,29562.75,3772
2026-07-09T05:45:00+05:30,29562.5,29567.75,29518.25,29561.75,2694
2026-07-09T06:00:00+05:30,29563.25,29583.0,29512.5,29519.5,2282
2026-07-09T06:15:00+05:30,29515.75,29562.75,29486.25,29503.5,2522
2026-07-09T06:30:00+05:30,29504.5,29538.25,29462.75,29513.25,2748
2026-07-09T06:45:00+05:30,29514.5,29555.25,29500.5,29529.0,1685
2026-07-09T07:00:00+05:30,29531.75,29541.25,29506.75,29531.0,1204
2026-07-09T07:15:00+05:30,29531.5,29537.5,29444.5,29449.0,2670
2026-07-09T07:30:00+05:30,29450.5,29529.5,29426.0,29527.5,3046
2026-07-09T07:45:00+05:30,29525.75,29579.0,29517.25,29533.75,2725
2026-07-09T08:00:00+05:30,29534.0,29544.25,29460.0,29462.5,2004
2026-07-09T08:15:00+05:30,29462.25,29467.75,29419.0,29429.5,2610
2026-07-09T08:30:00+05:30,29430.75,29449.75,29405.0,29423.25,1930
2026-07-09T08:45:00+05:30,29424.0,29481.5,29396.5,29480.0,1571
2026-07-09T09:00:00+05:30,29480.75,29514.5,29474.25,29512.25,1440
2026-07-09T09:15:00+05:30,29510.25,29518.0,29497.0,29506.75,773
2026-07-09T09:30:00+05:30,29507.5,29518.0,29495.0,29500.5,763
2026-07-09T09:45:00+05:30,29499.75,29518.5,29462.5,29474.5,1056
2026-07-09T10:00:00+05:30,29475.0,29539.0,29475.0,29536.25,1679
2026-07-09T10:15:00+05:30,29536.25,29558.5,29521.5,29554.0,964
2026-07-09T10:30:00+05:30,29554.75,29597.0,29508.75,29566.75,2525
2026-07-09T10:45:00+05:30,29567.5,29577.75,29512.5,29515.0,1642
2026-07-09T11:00:00+05:30,29513.75,29539.5,29474.75,29536.5,1622
2026-07-09T11:15:00+05:30,29537.25,29610.0,29532.5,29607.75,2093
2026-07-09T11:30:00+05:30,29606.5,29616.5,29572.25,29606.25,2228
2026-07-09T11:45:00+05:30,29603.5,29644.25,29602.5,29628.5,2034
2026-07-09T12:00:00+05:30,29628.5,29637.0,29597.75,29628.5,1833
2026-07-09T12:15:00+05:30,29627.0,29632.25,29601.5,29612.0,1145
2026-07-09T12:30:00+05:30,29613.25,29655.75,29603.75,29654.5,2753
2026-07-09T12:45:00+05:30,29655.75,29667.75,29639.75,29651.75,2077
2026-07-09T13:00:00+05:30,29653.25,29683.25,29640.5,29681.5,1443
2026-07-09T13:15:00+05:30,29682.5,29706.75,29671.25,29686.25,2596
2026-07-09T13:30:00+05:30,29684.75,29734.25,29664.0,29705.5,2457
2026-07-09T13:45:00+05:30,29705.75,29735.75,29694.0,29699.25,1596
2026-07-09T14:00:00+05:30,29697.0,29705.25,29660.0,29677.5,1778
2026-07-09T14:15:00+05:30,29676.75,29681.5,29643.0,29661.25,1362
2026-07-09T14:30:00+05:30,29663.5,29669.0,29629.0,29639.5,976
2026-07-09T14:45:00+05:30,29641.25,29663.25,29633.5,29650.0,1023
2026-07-09T15:00:00+05:30,29647.75,29661.0,29613.75,29621.25,1268
2026-07-09T15:15:00+05:30,29622.0,29649.0,29618.25,29644.0,888
2026-07-09T15:30:00+05:30,29645.5,29656.5,29633.25,29647.75,775
2026-07-09T15:45:00+05:30,29650.0,29669.0,29632.25,29650.5,1033
2026-07-09T16:00:00+05:30,29649.5,29660.75,29629.0,29640.25,962
2026-07-09T16:15:00+05:30,29641.25,29645.0,29564.5,29600.25,2847
2026-07-09T16:30:00+05:30,29601.75,29626.0,29579.0,29610.5,1677
2026-07-09T16:45:00+05:30,29611.25,29643.75,29593.75,29641.0,2139
2026-07-09T17:00:00+05:30,29641.0,29690.0,29626.75,29683.25,2387
2026-07-09T17:15:00+05:30,29684.75,29721.75,29674.25,29696.0,3597
2026-07-09T17:30:00+05:30,29696.75,29732.75,29681.0,29715.75,2903
2026-07-09T17:45:00+05:30,29716.25,29755.0,29704.25,29749.25,2900
2026-07-09T18:00:00+05:30,29748.0,29786.5,29740.0,29748.5,4815
2026-07-09T18:15:00+05:30,29748.25,29748.5,29715.25,29736.0,3464
2026-07-09T18:30:00+05:30,29735.25,29759.5,29725.25,29757.25,2992
2026-07-09T18:45:00+05:30,29757.25,29758.75,29726.75,29745.25,5737
2026-07-09T19:00:00+05:30,29746.75,29871.25,29672.0,29858.5,33384
2026-07-09T19:15:00+05:30,29859.25,29931.25,29808.5,29909.5,26079
2026-07-09T19:30:00+05:30,29910.0,29922.75,29785.25,29802.75,21154
2026-07-09T19:45:00+05:30,29803.5,29803.5,29614.5,29763.75,32690
2026-07-09T20:00:00+05:30,29763.25,29799.0,29694.25,29758.5,14965
2026-07-09T20:15:00+05:30,29760.0,29821.25,29723.5,29787.75,14842
2026-07-09T20:30:00+05:30,29788.25,29864.25,29779.5,29854.75,11475
2026-07-09T20:45:00+05:30,29853.5,29886.25,29830.0,29873.5,11328
2026-07-09T21:00:00+05:30,29874.25,29899.75,29856.25,29882.0,7675
2026-07-09T21:15:00+05:30,29883.0,29905.25,29878.5,29886.25,9279
2026-07-09T21:30:00+05:30,29886.5,29924.25,29886.5,29900.25,7856
2026-07-09T21:45:00+05:30,29900.25,29917.0,29880.75,29890.75,6935
2026-07-09T22:00:00+05:30,29890.5,29916.5,29864.0,29909.0,9483
2026-07-09T22:15:00+05:30,29908.5,29913.25,29885.25,29897.25,5244
2026-07-09T22:30:00+05:30,29897.0,29969.5,29893.5,29954.25,12062
2026-07-09T22:45:00+05:30,29954.25,29991.0,29954.0,29988.0,7349
2026-07-09T23:00:00+05:30,29988.75,29993.5,29962.0,29974.5,6287
2026-07-09T23:15:00+05:30,29974.75,29992.25,29950.75,29973.75,6125
2026-07-09T23:30:00+05:30,29974.75,29985.0,29960.75,29975.5,5792
2026-07-09T23:45:00+05:30,29976.5,29981.0,29942.0,29956.75,6902
2026-07-10T00:00:00+05:30,29957.25,29968.25,29939.5,29958.25,6146
2026-07-10T00:15:00+05:30,29957.25,29965.0,29929.5,29939.25,6420
2026-07-10T00:30:00+05:30,29939.75,29941.5,29905.25,29916.0,8700
2026-07-10T00:45:00+05:30,29916.5,29958.25,29902.75,29932.25,8529
2026-07-10T01:00:00+05:30,29932.0,29945.5,29909.0,29943.25,8456
2026-07-10T01:15:00+05:30,29943.5,29954.75,29896.75,29948.75,23311
2026-07-10T01:30:00+05:30,29948.75,29973.75,29942.75,29966.5,8673
2026-07-10T01:45:00+05:30,29967.0,29970.25,29937.0,29940.0,2036
2026-07-10T02:00:00+05:30,29939.5,29949.25,29932.0,29934.75,1522
2026-07-10T02:15:00+05:30,29935.0,29939.5,29926.25,29931.25,2107
2026-07-10T03:30:00+05:30,29937.75,29961.0,29923.5,29936.75,1929
2026-07-10T03:45:00+05:30,29938.0,29945.25,29904.0,29907.75,1404
2026-07-10T04:00:00+05:30,29908.75,29922.5,29905.5,29920.25,630
2026-07-10T04:15:00+05:30,29921.75,29927.5,29913.25,29922.0,564
2026-07-10T04:30:00+05:30,29921.5,29942.0,29907.0,29939.75,1128
2026-07-10T04:45:00+05:30,29937.75,29964.25,29929.5,29956.0,1245
2026-07-10T05:00:00+05:30,29958.75,29959.0,29938.5,29942.0,790
2026-07-10T05:15:00+05:30,29941.0,29958.0,29926.0,29932.5,1339
2026-07-10T05:30:00+05:30,29933.25,29952.0,29858.0,29894.0,3955
2026-07-10T05:45:00+05:30,29895.25,29903.5,29820.75,29837.0,3095
2026-07-10T06:00:00+05:30,29838.0,29845.0,29804.25,29828.0,2775
2026-07-10T06:15:00+05:30,29827.5,29870.0,29808.0,29866.5,3342
2026-07-10T06:30:00+05:30,29866.5,29870.75,29817.5,29845.5,2587
2026-07-10T06:45:00+05:30,29843.5,29877.25,29836.75,29866.25,1571
2026-07-10T07:00:00+05:30,29867.25,29902.5,29854.75,29885.25,1853
2026-07-10T07:15:00+05:30,29885.75,29922.75,29881.5,29891.5,1723
2026-07-10T07:30:00+05:30,29895.0,29901.25,29865.25,29880.75,1568
2026-07-10T07:45:00+05:30,29881.25,29884.75,29854.25,29882.5,1876
2026-07-10T08:00:00+05:30,29883.25,29916.25,29874.0,29908.25,1507
2026-07-10T08:15:00+05:30,29908.5,29952.5,29902.0,29952.0,1797
2026-07-10T08:30:00+05:30,29952.0,29963.5,29940.25,29947.25,1048
2026-07-10T08:45:00+05:30,29947.5,29950.5,29922.0,29923.5,865
2026-07-10T09:00:00+05:30,29925.25,29932.75,29917.0,29925.0,695
2026-07-10T09:15:00+05:30,29922.75,29933.75,29912.5,29932.25,822
2026-07-10T09:30:00+05:30,29933.0,29948.75,29923.0,29947.75,852
2026-07-10T09:45:00+05:30,29946.0,29947.5,29917.25,29927.5,739
2026-07-10T10:00:00+05:30,29928.0,29929.25,29906.25,29915.25,1082
2026-07-10T10:15:00+05:30,29915.5,29917.5,29875.25,29881.75,1546
2026-07-10T10:30:00+05:30,29883.75,29886.5,29865.75,29882.5,1241
2026-07-10T10:45:00+05:30,29883.25,29897.0,29870.25,29876.5,1150
2026-07-10T11:00:00+05:30,29877.25,29881.25,29852.0,29875.0,1553
2026-07-10T11:15:00+05:30,29875.75,29875.75,29840.0,29845.5,1184
2026-07-10T11:30:00+05:30,29847.25,29856.75,29820.0,29826.25,2340
2026-07-10T11:45:00+05:30,29824.75,29830.75,29775.25,29789.5,3346
2026-07-10T12:00:00+05:30,29788.75,29831.25,29785.5,29814.75,2485
2026-07-10T12:15:00+05:30,29814.0,29832.5,29809.5,29819.5,1116
2026-07-10T12:30:00+05:30,29819.25,29827.75,29796.0,29813.25,1352
2026-07-10T12:45:00+05:30,29813.0,29825.25,29790.5,29816.0,1286
2026-07-10T13:00:00+05:30,29816.0,29819.0,29793.75,29796.75,471
2026-07-10T13:15:00+05:30,29796.5,29799.0,29761.75,29774.0,1613
2026-07-10T13:30:00+05:30,29773.75,29799.5,29743.75,29796.75,2288
2026-07-10T13:45:00+05:30,29797.0,29803.75,29755.5,29768.75,1427
2026-07-10T14:00:00+05:30,29768.25,29785.25,29754.0,29785.25,1197
2026-07-10T14:15:00+05:30,29785.25,29799.0,29772.0,29773.25,1155
2026-07-10T14:30:00+05:30,29776.75,29800.75,29717.25,29795.5,2860
2026-07-10T14:45:00+05:30,29797.0,29817.5,29796.75,29813.5,1190
2026-07-10T15:00:00+05:30,29810.0,29827.75,29806.0,29815.5,989
2026-07-10T15:15:00+05:30,29818.0,29827.25,29800.75,29814.75,1106
2026-07-10T15:30:00+05:30,29820.75,29841.75,29818.0,29833.0,868
2026-07-10T15:45:00+05:30,29834.0,29839.75,29805.5,29839.5,1365
2026-07-10T16:00:00+05:30,29838.0,29862.0,29838.0,29862.0,1390
2026-07-10T16:15:00+05:30,29861.5,29862.25,29834.75,29850.75,967
2026-07-10T16:30:00+05:30,29850.0,29878.0,29849.0,29874.5,1796
2026-07-10T16:45:00+05:30,29875.25,29887.75,29850.5,29851.75,1555
2026-07-10T17:00:00+05:30,29851.5,29852.0,29811.5,29836.25,2013
2026-07-10T17:15:00+05:30,29837.25,29843.0,29806.75,29816.0,1647
2026-07-10T17:30:00+05:30,29816.75,29878.75,29771.25,29845.75,5267
2026-07-10T17:45:00+05:30,29843.75,29856.5,29825.0,29851.75,2197
2026-07-10T18:00:00+05:30,29852.0,29860.75,29819.5,29824.5,2593
2026-07-10T18:15:00+05:30,29825.75,29841.5,29800.0,29800.0,2437
2026-07-10T18:30:00+05:30,29800.5,29826.5,29790.5,29811.25,3412
2026-07-10T18:45:00+05:30,29811.5,29851.0,29801.5,29835.0,4469
2026-07-10T19:00:00+05:30,29834.75,29936.75,29798.0,29856.0,30418
2026-07-10T19:15:00+05:30,29855.5,29968.5,29852.75,29923.0,22648
2026-07-10T19:30:00+05:30,29922.75,29966.0,29906.5,29940.25,16237
2026-07-10T19:45:00+05:30,29940.5,29951.5,29844.75,29907.0,19863
2026-07-10T20:00:00+05:30,29907.5,29957.25,29675.0,29891.25,22697
2026-07-10T20:15:00+05:30,29890.75,29913.0,29808.75,29818.25,13123
2026-07-10T20:30:00+05:30,29818.5,29884.5,29780.0,29874.0,14391
2026-07-10T20:45:00+05:30,29874.0,29987.5,29872.75,29979.0,14256
2026-07-10T21:00:00+05:30,29980.0,29991.5,29834.0,29873.75,17425
2026-07-10T21:15:00+05:30,29875.25,29948.5,29847.75,29944.25,11456
2026-07-10T21:30:00+05:30,29944.25,29990.0,29943.75,29981.25,9653
2026-07-10T21:45:00+05:30,29981.5,30029.0,29981.5,30013.5,12144
2026-07-10T22:00:00+05:30,30013.25,30034.0,30004.0,30016.5,6816
2026-07-10T22:15:00+05:30,30015.75,30043.25,30012.0,30026.75,6466
2026-07-10T22:30:00+05:30,30026.5,30033.5,29996.5,30016.0,5497
2026-07-10T22:45:00+05:30,30015.25,30051.5,30008.5,30049.75,5569
2026-07-10T23:00:00+05:30,30049.75,30071.0,30038.0,30064.75,6790
2026-07-10T23:15:00+05:30,30065.0,30072.25,30031.25,30038.0,4836
2026-07-10T23:30:00+05:30,30039.0,30071.0,30034.25,30049.75,7672
2026-07-10T23:45:00+05:30,30049.25,30065.5,30021.5,30046.0,7747
2026-07-11T00:00:00+05:30,30045.25,30057.75,30031.25,30039.5,4274
2026-07-11T00:15:00+05:30,30039.0,30047.5,30028.25,30038.25,4677
2026-07-11T00:30:00+05:30,30038.5,30077.75,30033.0,30059.0,6832
2026-07-11T00:45:00+05:30,30058.5,30059.75,30036.5,30046.0,4947
2026-07-11T01:00:00+05:30,30046.25,30068.0,30044.75,30053.25,5516
2026-07-11T01:15:00+05:30,30053.25,30066.5,30024.75,30037.5,19163
2026-07-11T01:30:00+05:30,30037.75,30062.0,30031.75,30048.5,6417
2026-07-11T01:45:00+05:30,30047.75,30059.5,30046.25,30055.5,1284
2026-07-11T02:00:00+05:30,30054.5,30061.5,30051.5,30058.5,934
2026-07-11T02:15:00+05:30,30058.25,30073.75,30056.5,30068.5,1875
2026-07-13T03:30:00+05:30,29952.0,29979.5,29855.0,29864.25,6837
2026-07-13T03:45:00+05:30,29866.25,29897.5,29862.25,29887.25,2186
2026-07-13T04:00:00+05:30,29887.25,29904.25,29871.75,29893.5,1887
2026-07-13T04:15:00+05:30,29894.0,29915.0,29871.75,29910.25,1500
2026-07-13T04:30:00+05:30,29909.75,29910.5,29880.5,29891.25,1266
2026-07-13T04:45:00+05:30,29890.25,29894.25,29869.5,29890.25,1446
2026-07-13T05:00:00+05:30,29888.25,29898.25,29875.5,29888.75,868
2026-07-13T05:15:00+05:30,29889.25,29895.5,29845.0,29893.25,2461
2026-07-13T05:30:00+05:30,29892.0,30041.0,29871.5,30019.0,6048
2026-07-13T05:45:00+05:30,30018.0,30032.25,29958.0,29967.25,3090
2026-07-13T06:00:00+05:30,29968.0,29971.75,29850.0,29881.75,3710
2026-07-13T06:15:00+05:30,29883.75,29905.25,29807.5,29832.5,4455
2026-07-13T06:30:00+05:30,29836.75,29851.25,29788.75,29812.25,3384
2026-07-13T06:45:00+05:30,29812.75,29849.0,29789.0,29809.0,2421
2026-07-13T07:00:00+05:30,29808.75,29843.25,29789.5,29812.0,2124
2026-07-13T07:15:00+05:30,29812.25,29812.75,29737.25,29761.25,4736
2026-07-13T07:30:00+05:30,29762.75,29772.0,29727.0,29752.75,3370
2026-07-13T07:45:00+05:30,29753.0,29808.75,29745.0,29797.25,2222
2026-07-13T08:00:00+05:30,29798.5,29800.0,29746.5,29766.0,2117
2026-07-13T08:15:00+05:30,29766.25,29773.75,29714.5,29717.0,1659
2026-07-13T08:30:00+05:30,29717.5,29721.25,29684.75,29694.0,2285
2026-07-13T08:45:00+05:30,29694.0,29717.75,29682.0,29710.0,1673
2026-07-13T09:00:00+05:30,29709.0,29727.25,29683.75,29697.25,2146
2026-07-13T09:15:00+05:30,29697.25,29725.25,29683.0,29688.0,1360
2026-07-13T09:30:00+05:30,29689.75,29690.0,29650.0,29666.75,2353
2026-07-13T09:45:00+05:30,29666.5,29677.75,29638.75,29651.5,1616
2026-07-13T10:00:00+05:30,29651.5,29655.75,29622.75,29626.5,1436
2026-07-13T10:15:00+05:30,29624.0,29637.0,29612.75,29627.0,1298
2026-07-13T10:30:00+05:30,29627.75,29693.75,29606.5,29688.5,2981
2026-07-13T10:45:00+05:30,29684.0,29686.25,29577.0,29584.0,2640
2026-07-13T11:00:00+05:30,29585.0,29670.75,29542.75,29637.0,3552
2026-07-13T11:15:00+05:30,29637.5,29666.75,29614.75,29649.0,1782
2026-07-13T11:30:00+05:30,29650.5,29666.0,29585.5,29593.0,2143
2026-07-13T11:45:00+05:30,29592.0,29635.25,29588.75,29630.0,1819
2026-07-13T12:00:00+05:30,29630.25,29650.5,29598.5,29643.75,1706
2026-07-13T12:15:00+05:30,29641.75,29652.0,29611.25,29632.5,1598
2026-07-13T12:30:00+05:30,29631.5,29675.5,29607.0,29670.75,1907
2026-07-13T12:45:00+05:30,29671.5,29690.25,29642.25,29674.5,1928
2026-07-13T13:00:00+05:30,29670.75,29671.25,29636.0,29660.5,1279
2026-07-13T13:15:00+05:30,29660.75,29663.0,29636.75,29652.75,813
2026-07-13T13:30:00+05:30,29654.25,29707.0,29647.5,29703.75,2394
2026-07-13T13:45:00+05:30,29705.0,29741.5,29704.25,29725.75,2546
2026-07-13T14:00:00+05:30,29728.0,29735.0,29700.0,29726.5,1091
2026-07-13T14:15:00+05:30,29727.25,29754.0,29721.75,29747.5,1434
2026-07-13T14:30:00+05:30,29747.5,29751.25,29718.0,29732.75,1010
2026-07-13T14:45:00+05:30,29733.75,29766.25,29729.75,29763.25,1027
2026-07-13T15:00:00+05:30,29763.0,29776.5,29754.5,29773.75,762
2026-07-13T15:15:00+05:30,29773.25,29773.75,29752.0,29770.75,858
2026-07-13T15:30:00+05:30,29772.0,29778.0,29739.0,29747.0,1449
2026-07-13T15:45:00+05:30,29747.0,29765.5,29738.75,29741.25,874
2026-07-13T16:00:00+05:30,29741.0,29757.25,29736.5,29739.25,847
2026-07-13T16:15:00+05:30,29738.5,29764.0,29735.75,29756.75,938
2026-07-13T16:30:00+05:30,29755.75,29799.75,29751.25,29768.25,2379
2026-07-13T16:45:00+05:30,29767.75,29782.75,29741.5,29774.75,1431
2026-07-13T17:00:00+05:30,29773.0,29793.5,29765.0,29768.0,1127
2026-07-13T17:15:00+05:30,29767.75,29768.0,29728.75,29741.0,1507
2026-07-13T17:30:00+05:30,29742.0,29757.25,29693.75,29728.75,3804
2026-07-13T17:45:00+05:30,29730.0,29735.75,29682.75,29684.0,2547
2026-07-13T18:00:00+05:30,29684.5,29694.5,29655.5,29689.5,3154
2026-07-13T18:15:00+05:30,29688.75,29725.0,29687.25,29719.0,2264
2026-07-13T18:30:00+05:30,29719.25,29748.0,29711.0,29719.25,2561
2026-07-13T18:45:00+05:30,29718.5,29721.25,29683.25,29710.75,4436
2026-07-13T19:00:00+05:30,29710.0,29737.25,29552.25,29596.0,33210
2026-07-13T19:15:00+05:30,29596.25,29640.0,29518.0,29630.0,29390
2026-07-13T19:30:00+05:30,29631.0,29662.5,29560.75,29650.75,21310
2026-07-13T19:45:00+05:30,29651.75,29703.0,29488.5,29701.5,23587
2026-07-13T20:00:00+05:30,29701.25,29724.0,29624.25,29637.75,15886
2026-07-13T20:15:00+05:30,29638.25,29720.75,29603.5,29717.75,15136
2026-07-13T20:30:00+05:30,29718.0,29752.5,29671.0,29682.25,13242
2026-07-13T20:45:00+05:30,29681.75,29729.5,29662.0,29707.25,8553
2026-07-13T21:00:00+05:30,29709.0,29724.5,29648.25,29654.25,8444
2026-07-13T21:15:00+05:30,29654.0,29656.5,29596.75,29612.25,8883
2026-07-13T21:30:00+05:30,29611.25,29638.5,29584.25,29613.5,9704
2026-07-13T21:45:00+05:30,29613.25,29616.0,29535.0,29558.0,11809
2026-07-13T22:00:00+05:30,29557.75,29557.75,29460.75,29537.25,17997
2026-07-13T22:15:00+05:30,29537.0,29556.25,29463.75,29525.75,10922
2026-07-13T22:30:00+05:30,29526.5,29580.75,29516.5,29541.0,7951
2026-07-13T22:45:00+05:30,29541.5,29551.5,29498.25,29518.25,6966
2026-07-13T23:00:00+05:30,29518.75,29533.25,29485.25,29513.25,6602
2026-07-13T23:15:00+05:30,29512.75,29526.25,29468.0,29479.5,7516
2026-07-13T23:30:00+05:30,29480.0,29539.5,29476.0,29515.25,7919
2026-07-13T23:45:00+05:30,29515.25,29521.75,29467.5,29474.0,6856
2026-07-14T00:00:00+05:30,29475.0,29517.25,29454.5,29500.75,7861
2026-07-14T00:15:00+05:30,29501.75,29521.5,29483.5,29493.5,6045
2026-07-14T00:30:00+05:30,29493.5,29525.75,29451.0,29464.0,8313
2026-07-14T00:45:00+05:30,29463.75,29468.5,29402.5,29418.5,17016
2026-07-14T01:00:00+05:30,29419.75,29455.75,29393.25,29451.0,14495
2026-07-14T01:15:00+05:30,29450.75,29504.25,29434.25,29467.0,27017
2026-07-14T01:30:00+05:30,29466.75,29474.0,29436.25,29454.5,8030
2026-07-14T01:45:00+05:30,29454.5,29454.75,29386.5,29437.75,4510
2026-07-14T02:00:00+05:30,29437.0,29440.0,29424.5,29435.25,1547
2026-07-14T02:15:00+05:30,29434.25,29444.25,29420.0,29428.75,1863
2026-07-14T03:30:00+05:30,29446.0,29479.5,29437.75,29452.25,1696
2026-07-14T03:45:00+05:30,29452.0,29467.75,29432.0,29434.25,853
2026-07-14T04:00:00+05:30,29433.25,29443.75,29426.25,29441.0,660
2026-07-14T04:15:00+05:30,29442.25,29458.75,29393.75,29399.5,1812
2026-07-14T04:30:00+05:30,29399.5,29405.0,29366.75,29381.0,1520
2026-07-14T04:45:00+05:30,29382.0,29399.25,29361.75,29366.75,1341
2026-07-14T05:00:00+05:30,29368.0,29379.5,29329.0,29333.75,2264
2026-07-14T05:15:00+05:30,29332.5,29423.75,29327.25,29420.75,2573
2026-07-14T05:30:00+05:30,29422.5,29468.75,29325.75,29463.25,5511
2026-07-14T05:45:00+05:30,29465.5,29475.75,29369.0,29420.75,3872
2026-07-14T06:00:00+05:30,29420.25,29488.0,29399.5,29417.75,3169
2026-07-14T06:15:00+05:30,29418.0,29535.0,29412.5,29521.0,3109
2026-07-14T06:30:00+05:30,29521.0,29541.25,29480.0,29492.25,2536
2026-07-14T06:45:00+05:30,29489.5,29528.5,29481.0,29504.75,2269
2026-07-14T07:00:00+05:30,29507.0,29516.5,29441.0,29472.75,2669
2026-07-14T07:15:00+05:30,29475.5,29504.75,29437.0,29445.0,1918
2026-07-14T07:30:00+05:30,29447.25,29489.0,29424.0,29424.0,2114
2026-07-14T07:45:00+05:30,29425.0,29435.25,29373.0,29401.0,2362
2026-07-14T08:00:00+05:30,29403.25,29456.0,29365.25,29444.5,2373
2026-07-14T08:15:00+05:30,29445.5,29453.25,29384.0,29389.0,1393
2026-07-14T08:30:00+05:30,29390.75,29391.5,29328.5,29335.0,2025
2026-07-14T08:45:00+05:30,29334.0,29377.75,29303.5,29376.75,3017
2026-07-14T09:00:00+05:30,29376.5,29405.0,29334.25,29359.25,3095
2026-07-14T09:15:00+05:30,29358.5,29428.0,29353.25,29423.0,1846
2026-07-14T09:30:00+05:30,29425.25,29445.0,29371.25,29391.0,1695
2026-07-14T09:45:00+05:30,29391.0,29452.75,29381.0,29450.0,1194
2026-07-14T10:00:00+05:30,29450.5,29488.0,29442.5,29474.25,1305
2026-07-14T10:15:00+05:30,29473.75,29516.5,29472.5,29508.5,1203
2026-07-14T10:30:00+05:30,29509.75,29548.5,29490.0,29545.5,1563
2026-07-14T10:45:00+05:30,29546.25,29610.0,29534.75,29604.5,2991
2026-07-14T11:00:00+05:30,29605.0,29631.25,29577.75,29594.0,2275
2026-07-14T11:15:00+05:30,29596.5,29606.0,29582.75,29593.0,1172
2026-07-14T11:30:00+05:30,29592.0,29634.75,29586.25,29629.75,1682
2026-07-14T11:45:00+05:30,29629.0,29649.75,29595.0,29606.25,2380
2026-07-14T12:00:00+05:30,29606.25,29634.25,29593.0,29598.0,1454
2026-07-14T12:15:00+05:30,29596.0,29598.0,29562.75,29564.25,985
2026-07-14T12:30:00+05:30,29564.0,29602.25,29545.5,29600.5,1992
2026-07-14T12:45:00+05:30,29599.25,29621.25,29576.75,29604.5,1301
2026-07-14T13:00:00+05:30,29606.0,29608.25,29567.25,29572.25,885
2026-07-14T13:15:00+05:30,29576.0,29609.75,29557.25,29574.5,1217
2026-07-14T13:30:00+05:30,29575.0,29602.0,29547.75,29580.5,2069
2026-07-14T13:45:00+05:30,29582.0,29632.0,29582.0,29618.25,1558
2026-07-14T14:00:00+05:30,29617.75,29636.25,29606.5,29613.5,1189
2026-07-14T14:15:00+05:30,29613.25,29613.25,29570.75,29573.0,803
2026-07-14T14:30:00+05:30,29573.0,29626.5,29557.75,29624.5,1199
2026-07-14T14:45:00+05:30,29623.5,29629.5,29572.25,29574.75,1096
2026-07-14T15:00:00+05:30,29573.5,29609.75,29573.25,29599.5,789
2026-07-14T15:15:00+05:30,29598.5,29623.75,29596.75,29602.25,667
2026-07-14T15:30:00+05:30,29603.25,29620.25,29594.75,29605.0,498
2026-07-14T15:45:00+05:30,29607.25,29608.5,29585.5,29598.75,415
2026-07-14T16:00:00+05:30,29595.75,29633.0,29578.75,29607.25,1327
2026-07-14T16:15:00+05:30,29603.25,29620.5,29589.25,29607.25,700
2026-07-14T16:30:00+05:30,29606.75,29621.25,29555.0,29608.0,3710
2026-07-14T16:45:00+05:30,29607.25,29670.5,29605.5,29640.5,3708
2026-07-14T17:00:00+05:30,29640.75,29668.25,29613.75,29620.5,1810
2026-07-14T17:15:00+05:30,29619.0,29658.5,29617.75,29632.0,1559
2026-07-14T17:30:00+05:30,29635.0,29637.75,29570.0,29590.25,2303
2026-07-14T17:45:00+05:30,29591.75,29694.0,29577.5,29694.0,3818
2026-07-14T18:00:00+05:30,29694.0,29921.75,29677.0,29821.5,17320
2026-07-14T18:15:00+05:30,29822.75,29838.75,29754.0,29772.5,6343
2026-07-14T18:30:00+05:30,29773.75,29809.0,29764.5,29782.25,4510
2026-07-14T18:45:00+05:30,29782.75,29832.0,29742.5,29811.75,6982
2026-07-14T19:00:00+05:30,29811.0,29815.75,29685.0,29754.25,27754
2026-07-14T19:15:00+05:30,29752.75,29808.5,29714.0,29781.25,17659
2026-07-14T19:30:00+05:30,29780.25,29804.75,29637.0,29665.25,21570
2026-07-14T19:45:00+05:30,29662.75,29733.0,29567.5,29684.5,22436
2026-07-14T20:00:00+05:30,29683.75,29839.75,29658.25,29729.0,20421
2026-07-14T20:15:00+05:30,29727.25,29784.5,29659.5,29772.5,12807
2026-07-14T20:30:00+05:30,29773.5,29865.5,29753.75,29848.75,18354
2026-07-14T20:45:00+05:30,29847.5,29889.0,29825.25,29884.5,12394
2026-07-14T21:00:00+05:30,29885.0,29895.75,29799.0,29835.75,13578
2026-07-14T21:15:00+05:30,29834.0,29852.0,29760.0,29785.5,10557
2026-07-14T21:30:00+05:30,29786.0,29791.25,29711.0,29738.0,12041
2026-07-14T21:45:00+05:30,29739.75,29784.0,29704.5,29779.25,9016
2026-07-14T22:00:00+05:30,29778.5,29824.25,29750.25,29809.5,8205
2026-07-14T22:15:00+05:30,29809.75,29830.0,29783.5,29826.75,6868
2026-07-14T22:30:00+05:30,29826.75,29851.0,29814.5,29822.5,7120
2026-07-14T22:45:00+05:30,29822.25,29867.0,29807.0,29850.0,7438
2026-07-14T23:00:00+05:30,29849.5,29861.5,29818.75,29846.0,4995
2026-07-14T23:15:00+05:30,29846.0,29865.5,29829.0,29863.25,4675
2026-07-14T23:30:00+05:30,29863.0,29871.75,29842.5,29869.25,5371
2026-07-14T23:45:00+05:30,29868.75,29878.25,29847.5,29853.75,4338
2026-07-15T00:00:00+05:30,29854.0,29869.5,29810.5,29824.75,7888
2026-07-15T00:15:00+05:30,29825.75,29843.5,29813.0,29824.0,5291
2026-07-15T00:30:00+05:30,29824.5,29832.5,29780.0,29816.0,8083
2026-07-15T00:45:00+05:30,29816.0,29837.75,29796.5,29796.75,6646
2026-07-15T01:00:00+05:30,29797.25,29817.25,29771.0,29811.5,8565
2026-07-15T01:15:00+05:30,29811.25,29836.0,29779.0,29786.0,18104
2026-07-15T01:30:00+05:30,29785.75,29810.0,29772.5,29788.25,9182
2026-07-15T01:45:00+05:30,29787.5,29792.25,29767.75,29775.0,1593
2026-07-15T02:00:00+05:30,29774.5,29799.25,29772.75,29796.0,1575
2026-07-15T02:15:00+05:30,29796.25,29801.5,29785.75,29793.5,1107
2026-07-15T03:30:00+05:30,29805.0,29806.25,29745.5,29753.0,1506
2026-07-15T03:45:00+05:30,29755.75,29797.25,29752.0,29786.25,1083
2026-07-15T04:00:00+05:30,29788.5,29796.0,29774.75,29779.75,701
2026-07-15T04:15:00+05:30,29779.75,29783.25,29764.25,29773.25,854
2026-07-15T04:30:00+05:30,29772.75,29799.75,29758.0,29794.75,1112
2026-07-15T04:45:00+05:30,29793.75,29873.0,29785.0,29866.75,2028
2026-07-15T05:00:00+05:30,29866.25,29881.5,29847.5,29849.25,1253
2026-07-15T05:15:00+05:30,29848.5,29900.0,29844.5,29889.25,1638
2026-07-15T05:30:00+05:30,29889.0,29902.75,29837.5,29893.0,2472
2026-07-15T05:45:00+05:30,29888.75,29938.0,29882.0,29918.0,2109
2026-07-15T06:00:00+05:30,29920.25,29928.5,29841.0,29858.25,2316
2026-07-15T06:15:00+05:30,29858.25,29929.5,29849.0,29918.0,1592
2026-07-15T06:30:00+05:30,29920.0,29927.0,29860.0,29886.25,1893
2026-07-15T06:45:00+05:30,29885.0,29942.75,29885.0,29922.75,1598
2026-07-15T07:00:00+05:30,29924.25,29944.0,29891.5,29892.75,1637
2026-07-15T07:15:00+05:30,29894.25,29959.25,29891.75,29957.25,1477
2026-07-15T07:30:00+05:30,29958.75,29981.0,29949.25,29963.5,1480
2026-07-15T07:45:00+05:30,29966.5,29981.75,29958.5,29966.75,1300
2026-07-15T08:00:00+05:30,29970.0,29985.75,29966.5,29983.0,941
2026-07-15T08:15:00+05:30,29984.0,29987.25,29959.0,29960.75,913
2026-07-15T08:30:00+05:30,29961.0,29967.75,29947.25,29960.0,1002
2026-07-15T08:45:00+05:30,29959.5,29985.0,29955.0,29978.5,1099
2026-07-15T09:00:00+05:30,29979.0,30002.0,29977.25,29987.25,1235
2026-07-15T09:15:00+05:30,29987.75,30019.25,29986.0,30012.5,809
2026-07-15T09:30:00+05:30,30012.75,30016.5,29995.75,30000.25,774
2026-07-15T09:45:00+05:30,30000.25,30013.0,29989.25,29990.25,620
2026-07-15T10:00:00+05:30,29990.75,30011.5,29983.25,30005.0,968
2026-07-15T10:15:00+05:30,30006.0,30025.0,30003.75,30021.75,790
2026-07-15T10:30:00+05:30,30022.5,30058.25,29992.5,29999.25,4023
2026-07-15T10:45:00+05:30,30000.0,30025.0,29976.75,29981.75,1287
2026-07-15T11:00:00+05:30,29980.75,30009.5,29967.75,29992.25,1565
2026-07-15T11:15:00+05:30,29990.5,30032.0,29984.25,30032.0,1183
2026-07-15T11:30:00+05:30,30031.75,30050.0,30027.75,30042.5,1870
2026-07-15T11:45:00+05:30,30040.5,30045.25,30023.0,30039.25,739
2026-07-15T12:00:00+05:30,30041.75,30045.25,30009.75,30018.75,1073
2026-07-15T12:15:00+05:30,30018.5,30038.0,30012.25,30030.0,1279
2026-07-15T12:30:00+05:30,30030.5,30062.5,30007.5,30036.25,2077
2026-07-15T12:45:00+05:30,30035.75,30035.75,29928.0,29969.0,2871
2026-07-15T13:00:00+05:30,29968.0,29989.75,29945.25,29979.0,2011
2026-07-15T13:15:00+05:30,29979.0,30005.25,29971.0,29996.25,1027
2026-07-15T13:30:00+05:30,29997.25,29998.75,29909.0,29918.25,2647
2026-07-15T13:45:00+05:30,29918.25,29924.75,29872.0,29913.25,1928
2026-07-15T14:00:00+05:30,29912.75,29926.25,29897.75,29925.5,1241
2026-07-15T14:15:00+05:30,29925.0,29943.5,29911.75,29936.5,1006
2026-07-15T14:30:00+05:30,29937.75,29958.0,29937.75,29954.0,810
2026-07-15T14:45:00+05:30,29953.25,29963.5,29943.25,29950.25,559
2026-07-15T15:00:00+05:30,29947.75,29959.75,29928.25,29951.0,752
2026-07-15T15:15:00+05:30,29952.0,29952.0,29914.25,29924.75,664
2026-07-15T15:30:00+05:30,29926.0,29944.0,29916.25,29942.25,520
2026-07-15T15:45:00+05:30,29942.25,29947.25,29886.0,29896.0,1283
2026-07-15T16:00:00+05:30,29897.75,29921.25,29890.0,29901.75,926
2026-07-15T16:15:00+05:30,29902.0,29934.25,29899.75,29927.25,686
2026-07-15T16:30:00+05:30,29926.0,29953.0,29919.5,29925.0,1007
2026-07-15T16:45:00+05:30,29925.25,29942.5,29915.25,29921.5,746
2026-07-15T17:00:00+05:30,29922.75,29942.0,29911.5,29928.25,743
2026-07-15T17:15:00+05:30,29928.0,29928.0,29904.5,29912.5,1040
2026-07-15T17:30:00+05:30,29914.5,29919.5,29873.75,29881.0,1423
2026-07-15T17:45:00+05:30,29882.25,29892.75,29856.25,29875.5,1477
2026-07-15T18:00:00+05:30,29875.25,29973.75,29856.5,29951.5,6653
2026-07-15T18:15:00+05:30,29952.0,29995.25,29941.75,29980.0,3763
2026-07-15T18:30:00+05:30,29980.0,29999.75,29939.25,29946.5,3272
2026-07-15T18:45:00+05:30,29948.0,29966.75,29936.25,29955.25,3741
2026-07-15T19:00:00+05:30,29955.5,29977.5,29831.0,29833.25,28022
2026-07-15T19:15:00+05:30,29834.25,29847.25,29754.5,29823.5,27605
2026-07-15T19:30:00+05:30,29822.75,29892.5,29806.0,29806.5,18389
2026-07-15T19:45:00+05:30,29806.75,29830.75,29639.25,29724.0,28239
2026-07-15T20:00:00+05:30,29723.75,29736.75,29536.75,29600.5,27456
2026-07-15T20:15:00+05:30,29600.5,29644.0,29562.5,29630.75,17909
2026-07-15T20:30:00+05:30,29632.0,29661.75,29579.5,29592.25,12159
2026-07-15T20:45:00+05:30,29591.0,29642.0,29526.5,29641.0,16868
2026-07-15T21:00:00+05:30,29640.75,29656.25,29586.25,29615.75,11767
2026-07-15T21:15:00+05:30,29616.5,29618.0,29560.0,29582.0,9592
2026-07-15T21:30:00+05:30,29580.25,29599.5,29471.25,29476.25,15058
2026-07-15T21:45:00+05:30,29475.5,29496.75,29431.25,29462.0,13164
2026-07-15T22:00:00+05:30,29462.0,29483.25,29397.0,29445.0,12460
2026-07-15T22:15:00+05:30,29445.75,29540.25,29433.75,29512.75,14362
2026-07-15T22:30:00+05:30,29512.75,29561.75,29504.75,29532.25,9449
2026-07-15T22:45:00+05:30,29531.25,29608.25,29526.75,29604.0,9371
2026-07-15T23:00:00+05:30,29604.75,29637.5,29604.5,29634.0,9764
2026-07-15T23:15:00+05:30,29633.25,29705.75,29625.25,29686.5,13584
2026-07-15T23:30:00+05:30,29686.75,29730.0,29681.75,29716.25,10636
2026-07-15T23:45:00+05:30,29716.25,29742.75,29684.75,29724.5,10805
2026-07-16T00:00:00+05:30,29724.5,29735.0,29658.0,29662.75,8732
2026-07-16T00:15:00+05:30,29662.25,29665.75,29595.0,29613.25,11835
2026-07-16T00:30:00+05:30,29613.0,29668.75,29604.75,29643.0,10341
2026-07-16T00:45:00+05:30,29644.0,29649.0,29589.0,29643.25,8387
2026-07-16T01:00:00+05:30,29643.25,29695.5,29608.5,29683.75,13556
2026-07-16T01:15:00+05:30,29684.25,29707.0,29648.5,29701.0,17355
2026-07-16T01:30:00+05:30,29701.25,29737.0,29664.0,29702.0,9202
2026-07-16T01:45:00+05:30,29702.5,29720.5,29696.0,29718.75,1447
2026-07-16T02:00:00+05:30,29718.5,29719.25,29700.0,29716.25,917
2026-07-16T02:15:00+05:30,29716.5,29720.5,29705.75,29707.5,891
2026-07-16T03:30:00+05:30,29709.0,29749.0,29700.0,29727.25,1394
2026-07-16T03:45:00+05:30,29727.25,29730.0,29709.75,29716.25,715
2026-07-16T04:00:00+05:30,29716.5,29724.0,29684.25,29685.0,1269
2026-07-16T04:15:00+05:30,29684.25,29722.25,29677.0,29716.25,1843
2026-07-16T04:30:00+05:30,29716.0,29736.25,29710.75,29720.0,738
2026-07-16T04:45:00+05:30,29719.25,29725.0,29695.5,29718.5,1325
2026-07-16T05:00:00+05:30,29717.25,29734.0,29700.25,29722.0,920
2026-07-16T05:15:00+05:30,29720.5,29727.25,29682.0,29690.0,832
2026-07-16T05:30:00+05:30,29690.0,29758.0,29682.25,29755.25,1883
2026-07-16T05:45:00+05:30,29753.0,29763.25,29662.5,29669.5,2801
2026-07-16T06:00:00+05:30,29670.0,29695.75,29626.75,29626.75,2479
2026-07-16T06:15:00+05:30,29626.0,29679.25,29622.25,29651.25,1779
2026-07-16T06:30:00+05:30,29653.75,29668.0,29615.5,29626.0,1656
2026-07-16T06:45:00+05:30,29625.5,29629.0,29601.5,29605.25,1462
2026-07-16T07:00:00+05:30,29604.5,29646.0,29593.5,29615.25,1604
2026-07-16T07:15:00+05:30,29614.0,29685.75,29612.5,29651.0,2015
2026-07-16T07:30:00+05:30,29651.25,29652.75,29620.0,29640.0,1332
2026-07-16T07:45:00+05:30,29640.25,29706.0,29634.0,29696.75,1803
2026-07-16T08:00:00+05:30,29695.5,29707.0,29670.0,29680.0,1347
2026-07-16T08:15:00+05:30,29680.0,29736.0,29676.5,29727.0,1942
2026-07-16T08:30:00+05:30,29728.0,29751.75,29721.25,29748.75,1174
2026-07-16T08:45:00+05:30,29749.25,29751.75,29710.5,29716.5,899
2026-07-16T09:00:00+05:30,29716.75,29747.0,29713.5,29719.5,862
2026-07-16T09:15:00+05:30,29720.75,29743.5,29701.75,29743.0,713
2026-07-16T09:30:00+05:30,29744.25,29756.0,29722.25,29754.5,840
2026-07-16T09:45:00+05:30,29754.5,29756.25,29710.0,29716.0,909
2026-07-16T10:00:00+05:30,29715.0,29721.25,29691.25,29706.5,620
2026-07-16T10:15:00+05:30,29703.25,29717.0,29699.25,29708.0,467
2026-07-16T10:30:00+05:30,29709.0,29748.0,29697.0,29748.0,1011
2026-07-16T10:45:00+05:30,29747.75,29775.5,29739.25,29765.75,1328
2026-07-16T11:00:00+05:30,29765.75,29797.0,29666.5,29702.5,3014
2026-07-16T11:15:00+05:30,29704.5,29711.0,29678.5,29686.5,834
2026-07-16T11:30:00+05:30,29687.75,29739.25,29646.5,29731.75,4204
2026-07-16T11:45:00+05:30,29729.25,29749.75,29684.0,29686.0,1614
2026-07-16T12:00:00+05:30,29682.0,29697.25,29641.25,29673.5,1381
2026-07-16T12:15:00+05:30,29672.25,29694.0,29657.0,29683.75,681
2026-07-16T12:30:00+05:30,29684.75,29686.5,29620.75,29621.5,1433
2026-07-16T12:45:00+05:30,29622.25,29649.5,29611.75,29622.5,1647
2026-07-16T13:00:00+05:30,29623.5,29629.25,29568.5,29570.0,1657
2026-07-16T13:15:00+05:30,29571.25,29583.75,29548.5,29562.25,1527
2026-07-16T13:30:00+05:30,29563.5,29572.75,29488.0,29490.5,2581
2026-07-16T13:45:00+05:30,29493.75,29561.75,29478.75,29538.5,1940
2026-07-16T14:00:00+05:30,29539.5,29576.75,29528.25,29551.0,1287
2026-07-16T14:15:00+05:30,29550.5,29595.5,29550.5,29591.5,1138
2026-07-16T14:30:00+05:30,29593.25,29635.0,29592.0,29625.25,1521
2026-07-16T14:45:00+05:30,29626.25,29645.25,29611.0,29613.25,1113
2026-07-16T15:00:00+05:30,29614.75,29631.0,29583.75,29585.25,887
2026-07-16T15:15:00+05:30,29584.25,29585.75,29528.0,29531.25,1982
2026-07-16T15:30:00+05:30,29530.25,29561.25,29514.5,29550.75,1423
2026-07-16T15:45:00+05:30,29550.75,29550.75,29512.25,29537.5,801
2026-07-16T16:00:00+05:30,29537.25,29555.75,29507.75,29521.25,1302
2026-07-16T16:15:00+05:30,29521.25,29537.75,29502.5,29531.0,1013
2026-07-16T16:30:00+05:30,29528.75,29532.0,29459.75,29488.0,2019
2026-07-16T16:45:00+05:30,29488.25,29502.0,29446.25,29472.0,2035
2026-07-16T17:00:00+05:30,29472.75,29472.75,29428.0,29439.5,2283
2026-07-16T17:15:00+05:30,29438.75,29456.0,29361.0,29446.75,3955
2026-07-16T17:30:00+05:30,29445.75,29457.25,29392.75,29423.5,2620
2026-07-16T17:45:00+05:30,29422.25,29440.25,29378.0,29408.0,3237
2026-07-16T18:00:00+05:30,29407.75,29427.75,29365.5,29375.0,3424
2026-07-16T18:15:00+05:30,29374.75,29415.0,29363.5,29392.25,2622
2026-07-16T18:30:00+05:30,29393.25,29457.25,29387.75,29452.0,4309
2026-07-16T18:45:00+05:30,29451.5,29488.5,29441.75,29465.75,5287
2026-07-16T19:00:00+05:30,29466.0,29532.0,29308.5,29317.75,32076
2026-07-16T19:15:00+05:30,29316.5,29363.75,29255.5,29347.5,28049
2026-07-16T19:30:00+05:30,29346.5,29495.75,29315.25,29468.5,22587
2026-07-16T19:45:00+05:30,29467.5,29501.0,29397.75,29482.5,18547
2026-07-16T20:00:00+05:30,29483.25,29513.5,29426.5,29464.5,12098
2026-07-16T20:15:00+05:30,29464.5,29479.0,29362.0,29433.75,15514
2026-07-16T20:30:00+05:30,29435.5,29458.75,29336.0,29358.5,14426
2026-07-16T20:45:00+05:30,29359.0,29451.5,29336.75,29406.75,15296
2026-07-16T21:00:00+05:30,29406.5,29468.0,29370.0,29397.75,11972
2026-07-16T21:15:00+05:30,29397.5,29435.0,29354.5,29392.5,10722
2026-07-16T21:30:00+05:30,29392.5,29395.25,29289.25,29293.25,12309
2026-07-16T21:45:00+05:30,29293.5,29315.0,29260.75,29299.25,12858
2026-07-16T22:00:00+05:30,29300.5,29339.5,29286.0,29292.75,8827
2026-07-16T22:15:00+05:30,29294.75,29352.5,29270.75,29338.25,9062
2026-07-16T22:30:00+05:30,29339.0,29342.0,29284.5,29288.0,7275
2026-07-16T22:45:00+05:30,29288.5,29343.0,29275.0,29333.0,8158
2026-07-16T23:00:00+05:30,29334.0,29345.0,29230.0,29243.75,10938
2026-07-16T23:15:00+05:30,29244.25,29269.0,29219.0,29244.5,9316
2026-07-16T23:30:00+05:30,29244.25,29279.5,29223.5,29233.0,9373
2026-07-16T23:45:00+05:30,29232.75,29304.0,29217.25,29269.75,10126
2026-07-17T00:00:00+05:30,29269.0,29269.25,29198.5,29237.75,8952
2026-07-17T00:15:00+05:30,29237.5,29253.25,29200.25,29210.5,7172
2026-07-17T00:30:00+05:30,29210.0,29242.0,29176.0,29183.75,10715
2026-07-17T00:45:00+05:30,29183.25,29186.25,29119.0,29148.5,12708
2026-07-17T01:00:00+05:30,29147.5,29170.25,29117.25,29121.5,13256
2026-07-17T01:15:00+05:30,29121.25,29238.25,29078.5,29217.0,31580
2026-07-17T01:30:00+05:30,29216.75,29231.25,29166.0,29167.75,12085
2026-07-17T01:45:00+05:30,29167.5,29200.0,29162.75,29181.0,2704
2026-07-17T02:00:00+05:30,29180.25,29189.75,29164.0,29174.5,2082
2026-07-17T02:15:00+05:30,29172.75,29183.25,29167.5,29179.0,1372
2026-07-17T03:30:00+05:30,29191.0,29220.0,29166.25,29186.5,1468
2026-07-17T03:45:00+05:30,29186.75,29188.25,29136.5,29139.75,1433
2026-07-17T04:00:00+05:30,29139.0,29159.25,29130.75,29149.5,1299
2026-07-17T04:15:00+05:30,29149.5,29151.25,29115.25,29136.5,1306
2026-07-17T04:30:00+05:30,29134.75,29144.75,29106.25,29130.75,1315
2026-07-17T04:45:00+05:30,29133.0,29134.25,29075.75,29093.0,1556
2026-07-17T05:00:00+05:30,29092.5,29129.75,29060.0,29109.25,1864
2026-07-17T05:15:00+05:30,29110.25,29118.0,29082.75,29096.5,1000
2026-07-17T05:30:00+05:30,29095.5,29124.25,29031.5,29043.5,2981
2026-07-17T05:45:00+05:30,29041.25,29076.0,29011.0,29018.5,2786
2026-07-17T06:00:00+05:30,29017.75,29030.5,28993.5,29024.75,3107
2026-07-17T06:15:00+05:30,29024.5,29082.0,29017.75,29057.0,2741
2026-07-17T06:30:00+05:30,29059.75,29105.5,29024.25,29029.25,2930
2026-07-17T06:45:00+05:30,29031.75,29046.0,29010.5,29039.5,1538
2026-07-17T07:00:00+05:30,29040.75,29044.0,28964.5,28975.0,3199
2026-07-17T07:15:00+05:30,28972.25,28990.75,28945.75,28972.0,2563
2026-07-17T07:30:00+05:30,28970.75,28985.75,28950.0,28956.75,1429
2026-07-17T07:45:00+05:30,28957.5,28961.25,28917.25,28928.75,1895
2026-07-17T08:00:00+05:30,28927.25,28940.75,28903.25,28932.5,2296
2026-07-17T08:15:00+05:30,28934.0,28940.0,28902.25,28925.0,1587
2026-07-17T08:30:00+05:30,28926.25,28960.75,28915.0,28953.75,1357
2026-07-17T08:45:00+05:30,28954.25,29026.0,28954.25,29015.25,2519
2026-07-17T09:00:00+05:30,29013.5,29016.75,28943.5,28954.5,2352
2026-07-17T09:15:00+05:30,28957.0,28960.0,28910.0,28911.0,1773
2026-07-17T09:30:00+05:30,28911.0,28912.75,28840.0,28850.0,3690
2026-07-17T09:45:00+05:30,28851.25,28859.5,28803.0,28809.5,2806
2026-07-17T10:00:00+05:30,28808.0,28826.0,28774.5,28809.5,3258
2026-07-17T10:15:00+05:30,28809.5,28841.25,28804.75,28804.75,2163
2026-07-17T10:30:00+05:30,28806.0,28820.25,28787.75,28804.75,1904
2026-07-17T10:45:00+05:30,28803.5,28823.0,28783.5,28791.0,1711
2026-07-17T11:00:00+05:30,28792.5,28811.75,28725.0,28759.75,3210
2026-07-17T11:15:00+05:30,28758.5,28774.0,28733.25,28756.25,1949
2026-07-17T11:30:00+05:30,28755.0,28774.0,28722.5,28756.75,2963
2026-07-17T11:45:00+05:30,28757.5,28824.5,28745.5,28815.25,2915
2026-07-17T12:00:00+05:30,28814.25,28825.0,28762.0,28776.5,1936
2026-07-17T12:15:00+05:30,28774.25,28774.5,28730.5,28743.0,1868
2026-07-17T12:30:00+05:30,28744.25,28767.5,28720.5,28751.5,2848
2026-07-17T12:45:00+05:30,28752.25,28765.75,28713.5,28748.0,2107
2026-07-17T13:00:00+05:30,28750.0,28759.5,28702.5,28715.75,1768
2026-07-17T13:15:00+05:30,28715.25,28722.25,28682.5,28688.0,1994
2026-07-17T13:30:00+05:30,28687.5,28735.0,28667.5,28678.0,3210
2026-07-17T13:45:00+05:30,28677.75,28678.5,28577.25,28609.75,6429
2026-07-17T14:00:00+05:30,28609.5,28617.75,28550.0,28585.75,3037
2026-07-17T14:15:00+05:30,28584.25,28662.0,28581.25,28630.0,3115
2026-07-17T14:30:00+05:30,28628.75,28675.5,28618.75,28673.5,2240
2026-07-17T14:45:00+05:30,28671.5,28690.5,28630.0,28690.0,2165
2026-07-17T15:00:00+05:30,28691.0,28716.0,28661.75,28686.0,1923
2026-07-17T15:15:00+05:30,28685.0,28728.0,28683.75,28711.5,2088
2026-07-17T15:30:00+05:30,28711.75,28772.25,28691.5,28766.25,3532
2026-07-17T15:45:00+05:30,28767.0,28787.25,28722.0,28773.5,3250
2026-07-17T16:00:00+05:30,28772.25,28825.5,28763.0,28801.25,3543
2026-07-17T16:15:00+05:30,28799.25,28815.0,28777.0,28785.0,2039
2026-07-17T16:30:00+05:30,28786.75,28808.25,28750.0,28757.25,3333
2026-07-17T16:45:00+05:30,28759.25,28775.0,28728.25,28763.25,2596
2026-07-17T17:00:00+05:30,28764.0,28765.0,28713.5,28729.75,1696
2026-07-17T17:15:00+05:30,28727.5,28764.25,28718.0,28741.5,1760
2026-07-17T17:30:00+05:30,28740.0,28744.75,28675.0,28683.75,3218
2026-07-17T17:45:00+05:30,28683.25,28696.75,28662.0,28674.75,2434
2026-07-17T18:00:00+05:30,28674.25,28683.75,28650.75,28674.5,2928
2026-07-17T18:15:00+05:30,28675.25,28690.75,28645.5,28664.5,3226
2026-07-17T18:30:00+05:30,28664.75,28665.75,28619.75,28621.5,4225
2026-07-17T18:45:00+05:30,28621.0,28648.25,28581.0,28606.0,9519
2026-07-17T19:00:00+05:30,28607.75,28686.0,28408.25,28420.0,41708
2026-07-17T19:15:00+05:30,28419.5,28681.75,28412.0,28676.0,30981
2026-07-17T19:30:00+05:30,28676.0,28862.25,28665.25,28803.5,34986
2026-07-17T19:45:00+05:30,28804.0,28887.5,28779.75,28832.0,24517
2026-07-17T20:00:00+05:30,28832.0,28896.0,28760.25,28825.5,25600
2026-07-17T20:15:00+05:30,28824.5,28857.75,28721.0,28727.0,18561
2026-07-17T20:30:00+05:30,28727.0,28755.75,28676.75,28706.5,16275
2026-07-17T20:45:00+05:30,28707.25,28760.0,28672.25,28753.5,14632
2026-07-17T21:00:00+05:30,28753.25,28843.5,28718.0,28799.0,17867
2026-07-17T21:15:00+05:30,28797.0,28948.5,28781.5,28933.5,15784
2026-07-17T21:30:00+05:30,28934.0,28955.75,28846.0,28939.0,18267
2026-07-17T21:45:00+05:30,28939.75,28956.0,28858.0,28913.5,14099
2026-07-17T22:00:00+05:30,28914.25,28972.25,28885.75,28971.0,10116
2026-07-17T22:15:00+05:30,28971.0,29028.0,28960.5,28974.25,14103
2026-07-17T22:30:00+05:30,28974.75,29050.25,28966.25,28995.75,11591
2026-07-17T22:45:00+05:30,28995.5,29042.75,28979.25,29035.5,11104
2026-07-17T23:00:00+05:30,29035.75,29042.25,28943.0,28950.25,10088
2026-07-17T23:15:00+05:30,28949.75,28969.75,28883.75,28895.75,9012
2026-07-17T23:30:00+05:30,28896.25,28937.0,28856.25,28862.25,9723
2026-07-17T23:45:00+05:30,28863.25,28870.75,28822.5,28851.75,10243
2026-07-18T00:00:00+05:30,28852.0,28891.75,28797.0,28808.75,11704
2026-07-18T00:15:00+05:30,28808.25,28886.0,28797.0,28861.25,10276
2026-07-18T00:30:00+05:30,28861.0,28869.25,28757.75,28760.0,9838
2026-07-18T00:45:00+05:30,28759.25,28807.0,28718.5,28795.5,11622
2026-07-18T01:00:00+05:30,28795.75,28846.5,28753.75,28795.5,14161
2026-07-18T01:15:00+05:30,28795.5,28853.5,28756.0,28764.25,23612
2026-07-18T01:30:00+05:30,28764.5,28768.0,28712.5,28738.5,12456
2026-07-18T01:45:00+05:30,28738.75,28754.5,28733.5,28749.75,2605
2026-07-18T02:00:00+05:30,28749.5,28768.75,28749.25,28767.25,2811
2026-07-18T02:15:00+05:30,28767.5,28779.75,28754.5,28768.25,1690
2026-07-20T03:30:00+05:30,28747.75,28813.25,28709.75,28715.75,4155
2026-07-20T03:45:00+05:30,28715.25,28818.75,28714.25,28766.5,3174
2026-07-20T04:00:00+05:30,28763.75,28851.0,28757.75,28838.25,2348
2026-07-20T04:15:00+05:30,28839.0,28848.25,28810.0,28814.5,1317
2026-07-20T04:30:00+05:30,28818.0,28836.25,28785.0,28812.5,1513
2026-07-20T04:45:00+05:30,28814.0,28824.75,28781.0,28805.25,1058
2026-07-20T05:00:00+05:30,28805.5,28868.5,28793.75,28864.5,1678
2026-07-20T05:15:00+05:30,28866.75,28880.25,28815.0,28868.25,1953
2026-07-20T05:30:00+05:30,28870.0,28956.5,28806.0,28940.25,4507
2026-07-20T05:45:00+05:30,28940.25,28963.5,28926.5,28935.0,2547
2026-07-20T06:00:00+05:30,28935.75,28938.25,28873.0,28886.25,2672
2026-07-20T06:15:00+05:30,28888.0,28900.25,28850.0,28859.25,2009
2026-07-20T06:30:00+05:30,28861.75,28917.5,28846.5,28853.0,2118
2026-07-20T06:45:00+05:30,28853.0,28885.0,28811.5,28815.5,2862
2026-07-20T07:00:00+05:30,28815.0,28834.75,28776.5,28796.5,2488
2026-07-20T07:15:00+05:30,28796.25,28819.5,28762.75,28795.75,2037
2026-07-20T07:30:00+05:30,28798.5,28889.0,28795.75,28838.25,2612
2026-07-20T07:45:00+05:30,28839.5,28846.5,28793.0,28811.25,1634
2026-07-20T08:00:00+05:30,28811.0,28917.75,28809.5,28899.25,2088
2026-07-20T08:15:00+05:30,28901.25,28948.0,28883.75,28886.0,1955
2026-07-20T08:30:00+05:30,28888.0,28913.0,28856.0,28884.75,1176
2026-07-20T08:45:00+05:30,28883.75,28913.75,28863.0,28876.5,1253
2026-07-20T09:00:00+05:30,28876.5,28903.25,28851.0,28898.5,1300
2026-07-20T09:15:00+05:30,28900.0,28937.75,28881.0,28897.25,1574
2026-07-20T09:30:00+05:30,28900.0,28918.75,28863.0,28867.25,1245
2026-07-20T09:45:00+05:30,28867.25,28902.75,28844.5,28900.5,1148
2026-07-20T10:00:00+05:30,28900.25,28940.25,28888.25,28933.5,1712
2026-07-20T10:15:00+05:30,28934.75,28942.0,28892.75,28897.75,976
2026-07-20T10:30:00+05:30,28898.0,28901.75,28812.75,28862.25,2274
2026-07-20T10:45:00+05:30,28862.5,28862.5,28826.25,28832.75,832
2026-07-20T11:00:00+05:30,28831.25,28839.0,28809.0,28813.0,1237
2026-07-20T11:15:00+05:30,28813.25,28832.25,28789.0,28807.25,1277
2026-07-20T11:30:00+05:30,28808.0,28823.75,28781.75,28785.5,1256
2026-07-20T11:45:00+05:30,28783.5,28815.25,28768.75,28785.0,1281
2026-07-20T12:00:00+05:30,28786.5,28813.5,28766.0,28804.25,1193
2026-07-20T12:15:00+05:30,28802.5,28811.5,28778.5,28803.5,1028
2026-07-20T12:30:00+05:30,28805.75,28833.75,28804.5,28819.25,1583
2026-07-20T12:45:00+05:30,28820.75,28885.75,28797.75,28880.25,1782
2026-07-20T13:00:00+05:30,28880.0,28926.0,28878.25,28905.5,2309
2026-07-20T13:15:00+05:30,28905.5,28923.0,28879.0,28911.0,1369
2026-07-20T13:30:00+05:30,28908.25,28934.25,28889.5,28926.75,1668
2026-07-20T13:45:00+05:30,28928.25,28939.75,28895.5,28902.5,1379
2026-07-20T14:00:00+05:30,28902.25,28907.25,28860.0,28863.25,1161
2026-07-20T14:15:00+05:30,28864.75,28890.0,28860.75,28882.0,712
2026-07-20T14:30:00+05:30,28879.25,28888.5,28854.0,28878.0,811
2026-07-20T14:45:00+05:30,28878.0,28915.75,28878.0,28904.75,877
2026-07-20T15:00:00+05:30,28904.25,28941.5,28898.0,28940.75,1082
2026-07-20T15:15:00+05:30,28941.0,28998.25,28940.0,28952.5,3055
2026-07-20T15:30:00+05:30,28952.75,28957.5,28926.5,28933.25,1054
2026-07-20T15:45:00+05:30,28932.75,28962.25,28920.5,28956.75,1582
2026-07-20T16:00:00+05:30,28955.0,28976.0,28947.25,28967.25,1379
2026-07-20T16:15:00+05:30,28967.5,28980.0,28961.5,28969.0,801
2026-07-20T16:30:00+05:30,28970.75,29026.5,28963.75,29012.5,2366
2026-07-20T16:45:00+05:30,29012.25,29018.0,28987.75,28998.75,1626
2026-07-20T17:00:00+05:30,28997.75,29109.5,28995.5,29087.25,6795
2026-07-20T17:15:00+05:30,29088.75,29096.75,29048.25,29072.5,2950
2026-07-20T17:30:00+05:30,29072.5,29075.5,28981.75,29004.75,4402
2026-07-20T17:45:00+05:30,29003.0,29036.75,28991.5,29034.75,1685
2026-07-20T18:00:00+05:30,29036.0,29046.0,29001.0,29005.5,2081
2026-07-20T18:15:00+05:30,29005.25,29044.0,29004.0,29025.0,2600
2026-07-20T18:30:00+05:30,29025.0,29058.25,29016.75,29024.0,3578
2026-07-20T18:45:00+05:30,29025.0,29060.0,29021.25,29045.0,4216
2026-07-20T19:00:00+05:30,29045.0,29181.75,29025.75,29178.25,30166
2026-07-20T19:15:00+05:30,29177.75,29192.5,28979.75,28994.75,30373
2026-07-20T19:30:00+05:30,28996.0,29049.0,28938.0,28973.5,24445
2026-07-20T19:45:00+05:30,28971.75,29032.75,28908.0,29030.75,18695
2026-07-20T20:00:00+05:30,29030.75,29053.75,28952.75,28964.5,14091
2026-07-20T20:15:00+05:30,28965.5,29004.25,28874.0,28891.5,18178
2026-07-20T20:30:00+05:30,28891.75,28989.5,28873.25,28945.0,18212
2026-07-20T20:45:00+05:30,28946.0,29024.5,28928.75,29015.5,11616
2026-07-20T21:00:00+05:30,29015.75,29034.75,28986.25,29027.5,10093
2026-07-20T21:15:00+05:30,29028.5,29066.75,28974.0,29050.75,10688
2026-07-20T21:30:00+05:30,29050.75,29119.0,29028.75,29107.0,12188
2026-07-20T21:45:00+05:30,29107.0,29112.75,29069.75,29084.5,8236
2026-07-20T22:00:00+05:30,29085.0,29101.25,28962.0,29004.25,13003
2026-07-20T22:15:00+05:30,29005.0,29051.75,28956.0,28983.75,12668
2026-07-20T22:30:00+05:30,28983.0,28999.75,28922.0,28926.5,9438
2026-07-20T22:45:00+05:30,28926.25,28975.75,28910.25,28957.25,8454
2026-07-20T23:00:00+05:30,28958.25,28973.25,28900.75,28910.0,7534
2026-07-20T23:15:00+05:30,28910.75,28982.75,28908.75,28956.5,7260
2026-07-20T23:30:00+05:30,28957.0,29002.0,28956.5,28992.5,6737
2026-07-20T23:45:00+05:30,28993.0,29009.75,28932.0,28949.0,8374
2026-07-21T00:00:00+05:30,28949.0,28949.0,28858.75,28859.25,10149
2026-07-21T00:15:00+05:30,28860.5,28901.25,28855.75,28870.0,9808
2026-07-21T00:30:00+05:30,28871.0,28896.0,28807.75,28807.75,12054
2026-07-21T00:45:00+05:30,28808.5,28869.0,28796.5,28855.5,11362
2026-07-21T01:00:00+05:30,28855.75,28894.25,28834.25,28866.5,11559
2026-07-21T01:15:00+05:30,28866.5,28880.0,28767.75,28785.25,23262
2026-07-21T01:30:00+05:30,28785.0,28831.5,28767.0,28773.0,8389
2026-07-21T01:45:00+05:30,28772.75,28774.75,28750.5,28759.25,2508
2026-07-21T02:00:00+05:30,28759.0,28780.75,28757.75,28771.25,1525
2026-07-21T02:15:00+05:30,28771.75,28785.75,28767.75,28777.0,1032
2026-07-21T03:30:00+05:30,28778.25,28803.5,28705.0,28720.25,2303
2026-07-21T03:45:00+05:30,28720.0,28732.0,28710.0,28719.75,823
2026-07-21T04:00:00+05:30,28721.5,28734.25,28701.0,28720.75,1135
2026-07-21T04:15:00+05:30,28725.0,28734.25,28705.75,28717.75,609
2026-07-21T04:30:00+05:30,28717.75,28778.5,28711.25,28768.25,1525
2026-07-21T04:45:00+05:30,28769.0,28822.0,28765.5,28819.0,1866
2026-07-21T05:00:00+05:30,28818.75,28824.5,28805.75,28811.75,877
2026-07-21T05:15:00+05:30,28810.5,28832.5,28757.75,28779.25,2563
2026-07-21T05:30:00+05:30,28777.5,28777.75,28707.25,28736.0,3547
2026-07-21T05:45:00+05:30,28740.0,28834.5,28709.0,28816.5,3466
2026-07-21T06:00:00+05:30,28818.25,28880.0,28813.75,28866.25,2141
2026-07-21T06:15:00+05:30,28866.75,28897.0,28853.5,28856.25,2744
2026-07-21T06:30:00+05:30,28859.75,28910.75,28837.5,28903.25,2531
2026-07-21T06:45:00+05:30,28904.5,28912.5,28872.75,28891.0,1695
2026-07-21T07:00:00+05:30,28891.75,28920.5,28866.5,28873.25,1578
2026-07-21T07:15:00+05:30,28875.5,28911.75,28870.0,28885.25,1594
2026-07-21T07:30:00+05:30,28885.25,28937.75,28877.75,28885.5,1733
2026-07-21T07:45:00+05:30,28885.25,28920.25,28859.0,28894.5,1479
2026-07-21T08:00:00+05:30,28894.5,28955.25,28894.25,28949.0,1730
2026-07-21T08:15:00+05:30,28948.75,28956.75,28928.25,28955.0,828
2026-07-21T08:30:00+05:30,28954.0,28981.75,28951.25,28976.0,1109
2026-07-21T08:45:00+05:30,28973.75,28997.5,28971.0,28996.25,1169
2026-07-21T09:00:00+05:30,28996.25,29049.25,28992.0,29034.5,2576
2026-07-21T09:15:00+05:30,29034.0,29078.0,29033.75,29072.5,2774
2026-07-21T09:30:00+05:30,29073.0,29089.5,29057.75,29066.5,1892
2026-07-21T09:45:00+05:30,29066.5,29077.25,29055.75,29064.0,1231
2026-07-21T10:00:00+05:30,29065.25,29076.75,29056.25,29064.25,1038
2026-07-21T10:15:00+05:30,29061.5,29076.75,29048.0,29054.0,947
2026-07-21T10:30:00+05:30,29055.75,29061.0,29033.75,29036.0,960
2026-07-21T10:45:00+05:30,29035.75,29071.25,29016.5,29066.75,1609
2026-07-21T11:00:00+05:30,29066.0,29093.5,29039.75,29086.5,1666
2026-07-21T11:15:00+05:30,29086.25,29105.0,29071.5,29098.25,1422
2026-07-21T11:30:00+05:30,29096.25,29143.5,29096.25,29132.5,2458
2026-07-21T11:45:00+05:30,29133.0,29141.5,29109.0,29112.25,1886
2026-07-21T12:00:00+05:30,29113.25,29155.0,29113.25,29153.0,1742
2026-07-21T12:15:00+05:30,29153.5,29155.5,29130.25,29146.5,816
2026-07-21T12:30:00+05:30,29147.75,29162.0,29118.0,29131.5,1657
2026-07-21T12:45:00+05:30,29130.75,29130.75,29092.5,29103.0,1807
2026-07-21T13:00:00+05:30,29102.0,29127.0,29088.0,29112.0,1368
2026-07-21T13:15:00+05:30,29112.75,29120.75,29091.0,29117.25,1171
2026-07-21T13:30:00+05:30,29118.0,29154.0,29104.0,29151.5,1937
2026-07-21T13:45:00+05:30,29151.0,29168.0,29140.25,29168.0,1570
2026-07-21T14:00:00+05:30,29167.5,29176.75,29156.0,29167.5,1714
2026-07-21T14:15:00+05:30,29166.75,29175.0,29149.75,29167.0,1085
2026-07-21T14:30:00+05:30,29168.0,29181.0,29162.5,29172.0,962
2026-07-21T14:45:00+05:30,29172.25,29195.25,29163.5,29166.75,1818
2026-07-21T15:00:00+05:30,29165.5,29179.25,29151.25,29164.75,1253
2026-07-21T15:15:00+05:30,29164.5,29185.5,29153.5,29155.0,1060
2026-07-21T15:30:00+05:30,29155.25,29198.5,29154.75,29172.75,1653
2026-07-21T15:45:00+05:30,29171.25,29187.25,29164.75,29173.25,899
2026-07-21T16:00:00+05:30,29174.25,29207.0,29164.0,29173.0,1922
2026-07-21T16:15:00+05:30,29172.0,29186.25,29155.5,29166.25,1211
2026-07-21T16:30:00+05:30,29167.75,29184.0,29133.25,29158.0,2003
2026-07-21T16:45:00+05:30,29158.25,29158.5,29119.5,29129.75,2455
2026-07-21T17:00:00+05:30,29129.0,29173.25,29126.0,29166.0,2646
2026-07-21T17:15:00+05:30,29167.5,29182.0,29145.25,29154.25,1567
2026-07-21T17:30:00+05:30,29153.5,29195.25,29146.0,29179.0,2721
2026-07-21T17:45:00+05:30,29178.75,29179.25,29133.25,29134.25,2411
2026-07-21T18:00:00+05:30,29133.0,29143.0,29111.5,29135.0,2932
2026-07-21T18:15:00+05:30,29135.25,29186.75,29134.5,29171.5,3469
2026-07-21T18:30:00+05:30,29173.5,29183.0,29156.25,29162.25,2307
2026-07-21T18:45:00+05:30,29163.0,29225.0,29155.75,29221.5,5379
2026-07-21T19:00:00+05:30,29222.5,29246.25,29129.5,29144.5,37050
2026-07-21T19:15:00+05:30,29144.5,29178.0,29092.5,29152.75,23486
2026-07-21T19:30:00+05:30,29153.5,29188.5,29064.25,29131.5,22350
2026-07-21T19:45:00+05:30,29129.5,29218.25,29067.0,29207.25,19760
2026-07-21T20:00:00+05:30,29207.25,29236.0,29162.0,29224.5,15830
2026-07-21T20:15:00+05:30,29224.75,29256.5,29209.75,29237.5,13916
2026-07-21T20:30:00+05:30,29237.25,29297.5,29181.0,29291.75,16060
2026-07-21T20:45:00+05:30,29292.0,29320.0,29271.75,29307.5,12405
2026-07-21T21:00:00+05:30,29307.0,29308.5,29257.0,29261.5,12138
2026-07-21T21:15:00+05:30,29260.5,29301.25,29256.25,29259.25,7881
2026-07-21T21:30:00+05:30,29259.25,29324.75,29254.25,29301.75,9338
2026-07-21T21:45:00+05:30,29302.0,29337.75,29301.25,29312.5,8840
2026-07-21T22:00:00+05:30,29313.0,29336.0,29302.0,29318.75,6960
2026-07-21T22:15:00+05:30,29318.5,29352.5,29311.25,29331.75,7696
2026-07-21T22:30:00+05:30,29331.5,29355.5,29330.75,29334.75,6701
2026-07-21T22:45:00+05:30,29335.0,29345.75,29323.0,29333.0,5347
2026-07-21T23:00:00+05:30,29333.25,29351.5,29327.25,29341.5,6171
2026-07-21T23:15:00+05:30,29341.75,29364.75,29332.25,29341.25,6172
2026-07-21T23:30:00+05:30,29341.5,29361.75,29337.5,29337.75,5971
2026-07-21T23:45:00+05:30,29338.0,29344.75,29318.5,29325.0,5266
2026-07-22T00:00:00+05:30,29325.25,29349.0,29310.5,29347.25,6576
2026-07-22T00:15:00+05:30,29347.75,29355.75,29316.75,29328.5,6312
2026-07-22T00:30:00+05:30,29328.25,29335.5,29304.25,29309.25,7476
2026-07-22T00:45:00+05:30,29308.5,29320.5,29290.75,29293.75,7378
2026-07-22T01:00:00+05:30,29293.25,29340.5,29290.75,29337.75,9331
2026-07-22T01:15:00+05:30,29337.75,29352.0,29300.25,29310.75,27783
2026-07-22T01:30:00+05:30,29312.0,29316.75,29285.25,29306.5,9730
2026-07-22T01:45:00+05:30,29306.0,29306.0,29283.75,29292.5,2122
2026-07-22T02:00:00+05:30,29292.5,29304.25,29290.0,29292.5,1558
2026-07-22T02:15:00+05:30,29293.25,29294.5,29279.0,29289.75,2054
2026-07-22T03:30:00+05:30,29310.75,29310.75,29280.5,29296.5,1236
2026-07-22T03:45:00+05:30,29297.0,29302.25,29265.0,29271.0,945
2026-07-22T04:00:00+05:30,29270.0,29284.0,29257.25,29270.25,744
2026-07-22T04:15:00+05:30,29269.25,29276.0,29253.0,29273.75,787
2026-07-22T04:30:00+05:30,29273.5,29289.25,29261.0,29281.75,828
2026-07-22T04:45:00+05:30,29283.0,29304.75,29272.0,29297.25,914
2026-07-22T05:00:00+05:30,29296.25,29304.5,29270.25,29281.5,873
2026-07-22T05:15:00+05:30,29279.5,29303.0,29268.0,29298.5,1264
2026-07-22T05:30:00+05:30,29298.5,29337.0,29286.0,29327.75,2708
2026-07-22T05:45:00+05:30,29329.5,29330.5,29290.25,29299.0,1681
2026-07-22T06:00:00+05:30,29300.25,29305.5,29272.5,29285.5,1440
2026-07-22T06:15:00+05:30,29282.75,29293.0,29258.25,29288.0,1859
2026-07-22T06:30:00+05:30,29289.75,29293.75,29234.5,29257.0,2047
2026-07-22T06:45:00+05:30,29259.0,29272.0,29239.5,29246.0,1340
2026-07-22T07:00:00+05:30,29243.0,29260.75,29232.0,29255.25,1240
2026-07-22T07:15:00+05:30,29253.0,29307.0,29251.25,29277.25,1920
2026-07-22T07:30:00+05:30,29277.25,29284.0,29238.25,29260.75,1690
2026-07-22T07:45:00+05:30,29260.0,29284.5,29250.5,29276.0,975
2026-07-22T08:00:00+05:30,29275.5,29277.25,29243.0,29253.75,1116
2026-07-22T08:15:00+05:30,29252.25,29263.75,29228.0,29238.25,1143
2026-07-22T08:30:00+05:30,29239.25,29245.0,29210.0,29214.25,1495
2026-07-22T08:45:00+05:30,29213.25,29262.0,29212.0,29262.0,1487
2026-07-22T09:00:00+05:30,29260.25,29267.25,29217.0,29222.5,1167
2026-07-22T09:15:00+05:30,29224.25,29241.5,29190.25,29200.0,1767
2026-07-22T09:30:00+05:30,29199.0,29225.0,29187.75,29213.25,1271
2026-07-22T09:45:00+05:30,29216.0,29238.5,29216.0,29234.0,792
2026-07-22T10:00:00+05:30,29231.75,29232.5,29208.75,29217.5,1032
2026-07-22T10:15:00+05:30,29216.75,29222.75,29193.75,29221.5,827
2026-07-22T10:30:00+05:30,29222.25,29225.25,29179.5,29186.5,1144
2026-07-22T10:45:00+05:30,29187.75,29196.25,29166.0,29166.0,1215
2026-07-22T11:00:00+05:30,29165.5,29183.75,29145.5,29146.0,1635
2026-07-22T11:15:00+05:30,29148.0,29177.75,29140.25,29172.75,1432
2026-07-22T11:30:00+05:30,29171.25,29173.0,29126.0,29133.25,2005
2026-07-22T11:45:00+05:30,29131.75,29131.75,29060.0,29079.5,2982
2026-07-22T12:00:00+05:30,29077.75,29115.5,29068.0,29102.75,1835
2026-07-22T12:15:00+05:30,29101.75,29103.0,29062.25,29092.75,1923
2026-07-22T12:30:00+05:30,29091.75,29102.25,29051.0,29097.0,2340
2026-07-22T12:45:00+05:30,29098.0,29124.5,29084.25,29119.25,1805
2026-07-22T13:00:00+05:30,29117.5,29123.75,29025.75,29065.0,2656
2026-07-22T13:15:00+05:30,29064.25,29077.0,29040.0,29056.0,1939
2026-07-22T13:30:00+05:30,29059.75,29107.0,29038.75,29067.0,2486
2026-07-22T13:45:00+05:30,29066.0,29105.0,29061.5,29100.25,1580
2026-07-22T14:00:00+05:30,29101.25,29115.5,29079.0,29086.75,987
2026-07-22T14:15:00+05:30,29086.75,29117.75,29086.0,29110.0,829
2026-07-22T14:30:00+05:30,29110.25,29150.0,29106.25,29132.0,1818
2026-07-22T14:45:00+05:30,29132.25,29146.75,29123.5,29126.25,843
2026-07-22T15:00:00+05:30,29125.0,29126.5,29096.0,29116.25,1257
2026-07-22T15:15:00+05:30,29115.0,29128.5,29089.25,29127.0,1106
2026-07-22T15:30:00+05:30,29128.25,29159.75,29119.25,29121.0,1467
2026-07-22T15:45:00+05:30,29120.0,29168.5,29113.0,29161.25,2028
2026-07-22T16:00:00+05:30,29162.25,29169.75,29134.75,29136.25,1028
2026-07-22T16:15:00+05:30,29133.75,29173.0,29133.0,29153.0,1436
2026-07-22T16:30:00+05:30,29154.0,29164.75,29122.5,29124.25,1678
2026-07-22T16:45:00+05:30,29123.0,29135.75,29099.25,29101.75,2066
2026-07-22T17:00:00+05:30,29102.0,29114.5,29017.5,29041.75,3791
2026-07-22T17:15:00+05:30,29041.75,29079.0,29035.75,29054.0,2359
2026-07-22T17:30:00+05:30,29056.5,29071.0,29026.0,29045.25,3398
2026-07-22T17:45:00+05:30,29045.25,29048.25,28995.0,29027.0,3391
2026-07-22T18:00:00+05:30,29028.0,29068.75,29028.0,29056.5,4421
2026-07-22T18:15:00+05:30,29056.0,29056.5,28952.0,29017.25,6716
2026-07-22T18:30:00+05:30,29017.5,29063.5,29017.5,29056.75,2654
2026-07-22T18:45:00+05:30,29057.0,29099.0,29054.25,29089.75,5403
2026-07-22T19:00:00+05:30,29090.5,29186.0,29090.0,29178.75,30974
2026-07-22T19:15:00+05:30,29178.5,29277.25,29153.0,29276.75,25234
2026-07-22T19:30:00+05:30,29277.0,29283.75,29216.75,29236.25,19812
2026-07-22T19:45:00+05:30,29236.5,29273.75,29196.0,29220.0,18770
2026-07-22T20:00:00+05:30,29219.25,29260.25,29172.75,29185.25,15181
2026-07-22T20:15:00+05:30,29186.25,29245.0,29173.5,29241.0,14261
2026-07-22T20:30:00+05:30,29241.25,29314.0,29240.25,29306.5,13839
2026-07-22T20:45:00+05:30,29306.5,29342.25,29291.75,29324.5,11315
2026-07-22T21:00:00+05:30,29324.25,29335.5,29274.25,29289.0,10828
2026-07-22T21:15:00+05:30,29289.0,29332.75,29289.0,29329.5,8373
2026-07-22T21:30:00+05:30,29330.25,29333.75,29312.75,29328.5,5953
2026-07-22T21:45:00+05:30,29328.25,29335.0,29300.25,29311.0,6313
2026-07-22T22:00:00+05:30,29311.0,29328.25,29283.75,29290.5,5792
2026-07-22T22:15:00+05:30,29290.75,29321.75,29276.75,29310.5,7067
2026-07-22T22:30:00+05:30,29310.5,29331.25,29303.0,29309.75,6202
2026-07-22T22:45:00+05:30,29310.25,29319.25,29295.0,29306.0,6366
2026-07-22T23:00:00+05:30,29304.0,29320.0,29280.75,29293.75,6817
2026-07-22T23:15:00+05:30,29294.75,29298.25,29234.25,29244.25,8299
2026-07-22T23:30:00+05:30,29244.0,29271.25,29223.75,29224.5,9415
2026-07-22T23:45:00+05:30,29224.5,29255.75,29222.25,29239.0,7534
2026-07-23T00:00:00+05:30,29239.0,29240.0,29207.75,29228.5,7922
2026-07-23T00:15:00+05:30,29228.5,29259.0,29224.25,29245.25,6461
2026-07-23T00:30:00+05:30,29245.75,29258.0,29215.5,29225.0,7209
2026-07-23T00:45:00+05:30,29224.75,29260.0,29217.25,29253.0,6731
2026-07-23T01:00:00+05:30,29253.5,29254.25,29192.5,29212.25,9418
2026-07-23T01:15:00+05:30,29212.5,29246.0,29158.25,29160.5,20928
2026-07-23T01:30:00+05:30,29161.0,29251.0,29119.0,29249.0,17984
2026-07-23T01:45:00+05:30,29249.0,29260.0,29203.25,29217.5,5383
2026-07-23T02:00:00+05:30,29216.25,29225.75,29182.5,29185.0,2464
2026-07-23T02:15:00+05:30,29183.5,29212.5,29165.0,29165.0,1819
2026-07-23T03:30:00+05:30,29100.0,29142.5,29060.5,29085.5,3537
2026-07-23T03:45:00+05:30,29086.0,29107.0,29070.0,29080.5,1911
2026-07-23T04:00:00+05:30,29081.25,29091.25,29041.0,29046.25,1785
2026-07-23T04:15:00+05:30,29047.25,29086.5,29039.25,29072.75,1415
2026-07-23T04:30:00+05:30,29073.5,29081.25,29021.75,29064.5,1970
2026-07-23T04:45:00+05:30,29062.25,29066.75,29035.5,29058.75,929
2026-07-23T05:00:00+05:30,29059.0,29098.25,29058.75,29097.75,1255
2026-07-23T05:15:00+05:30,29095.75,29145.5,29089.75,29142.25,2473
2026-07-23T05:30:00+05:30,29143.75,29173.0,29132.5,29166.75,2699
2026-07-23T05:45:00+05:30,29166.5,29255.5,29157.25,29226.5,3785
2026-07-23T06:00:00+05:30,29226.75,29249.5,29218.25,29234.0,1962
2026-07-23T06:15:00+05:30,29233.75,29282.5,29228.75,29255.0,2523
2026-07-23T06:30:00+05:30,29256.25,29272.0,29236.0,29267.75,1851
2026-07-23T06:45:00+05:30,29270.0,29273.5,29232.5,29240.25,1572
2026-07-23T07:00:00+05:30,29242.0,29260.5,29181.0,29182.0,3032
2026-07-23T07:15:00+05:30,29183.0,29218.0,29175.5,29176.0,2076
2026-07-23T07:30:00+05:30,29176.0,29201.0,29147.75,29148.5,1955
2026-07-23T07:45:00+05:30,29148.0,29155.5,29092.0,29105.0,2173
2026-07-23T08:00:00+05:30,29104.5,29126.75,29057.0,29069.5,2682
2026-07-23T08:15:00+05:30,29069.5,29096.75,29063.0,29089.0,1761
2026-07-23T08:30:00+05:30,29093.5,29096.75,29029.5,29053.5,2306
2026-07-23T08:45:00+05:30,29054.25,29084.25,29039.0,29084.25,2056
2026-07-23T09:00:00+05:30,29083.25,29116.5,29072.25,29116.25,1929
2026-07-23T09:15:00+05:30,29116.0,29128.0,29102.75,29111.75,1184
2026-07-23T09:30:00+05:30,29112.0,29136.75,29068.5,29136.75,1762
2026-07-23T09:45:00+05:30,29135.25,29163.0,29111.75,29151.5,1990
2026-07-23T10:00:00+05:30,29153.5,29165.25,29137.75,29141.5,1217
2026-07-23T10:15:00+05:30,29141.25,29158.25,29112.5,29125.25,1210
2026-07-23T10:30:00+05:30,29126.0,29129.0,29100.0,29118.75,1042
2026-07-23T10:45:00+05:30,29116.5,29170.75,29098.5,29170.75,1702
2026-07-23T11:00:00+05:30,29170.25,29183.25,29137.5,29148.75,1404
2026-07-23T11:15:00+05:30,29148.75,29148.75,29079.25,29088.0,1629
2026-07-23T11:30:00+05:30,29088.0,29116.5,29077.25,29097.5,1357
2026-07-23T11:45:00+05:30,29099.75,29112.25,29079.25,29108.75,1269
2026-07-23T12:00:00+05:30,29108.0,29114.0,29081.5,29081.75,1092
2026-07-23T12:15:00+05:30,29082.75,29119.25,29074.0,29084.0,1468
2026-07-23T12:30:00+05:30,29083.75,29086.75,28954.0,28996.25,4893
2026-07-23T12:45:00+05:30,28996.75,29038.75,28993.5,29015.5,2574
2026-07-23T13:00:00+05:30,29015.75,29019.75,28937.5,28940.5,2620
2026-07-23T13:15:00+05:30,28940.0,28989.25,28922.25,28987.5,2462
2026-07-23T13:30:00+05:30,28988.75,29042.0,28958.25,29034.75,2621
2026-07-23T13:45:00+05:30,29035.5,29061.25,29017.0,29051.0,2603
2026-07-23T14:00:00+05:30,29049.25,29061.5,29030.75,29037.75,1294
2026-07-23T14:15:00+05:30,29036.5,29111.0,29033.75,29103.0,1758
2026-07-23T14:30:00+05:30,29103.5,29137.75,29079.75,29082.25,2410
2026-07-23T14:45:00+05:30,29080.75,29103.0,29078.0,29091.0,1053
2026-07-23T15:00:00+05:30,29092.0,29092.0,29067.25,29074.25,1064
2026-07-23T15:15:00+05:30,29076.75,29087.25,29045.0,29055.25,1305
2026-07-23T15:30:00+05:30,29054.25,29067.0,29038.0,29043.0,1267
2026-07-23T15:45:00+05:30,29042.25,29063.5,29036.0,29053.0,1198
2026-07-23T16:00:00+05:30,29051.75,29122.25,29045.25,29101.25,2567
2026-07-23T16:15:00+05:30,29100.5,29108.0,29094.0,29103.0,936
2026-07-23T16:30:00+05:30,29103.0,29106.5,29033.75,29058.75,1930
2026-07-23T16:45:00+05:30,29056.0,29072.5,28992.5,28993.75,2894
2026-07-23T17:00:00+05:30,28994.75,29002.25,28913.0,28925.25,4746
2026-07-23T17:15:00+05:30,28927.0,28985.0,28913.5,28965.0,3906
2026-07-23T17:30:00+05:30,28964.0,28967.75,28914.75,28916.75,2619
2026-07-23T17:45:00+05:30,28915.25,28938.5,28854.5,28864.5,5656
2026-07-23T18:00:00+05:30,28864.5,28875.0,28768.0,28789.25,8587
2026-07-23T18:15:00+05:30,28790.0,28806.5,28754.75,28787.5,6677
2026-07-23T18:30:00+05:30,28786.5,28804.5,28715.75,28727.0,11037
2026-07-23T18:45:00+05:30,28726.5,28731.5,28697.0,28719.25,10981
2026-07-23T19:00:00+05:30,28718.25,28883.0,28657.0,28857.0,42936
2026-07-23T19:15:00+05:30,28855.25,28868.0,28696.0,28707.75,35745
2026-07-23T19:30:00+05:30,28709.25,28801.25,28678.25,28704.75,30434
2026-07-23T19:45:00+05:30,28704.75,28780.25,28686.5,28731.5,20921
2026-07-23T20:00:00+05:30,28731.0,28773.25,28625.5,28645.0,26360
2026-07-23T20:15:00+05:30,28644.5,28670.5,28577.25,28596.75,21773
2026-07-23T20:30:00+05:30,28597.25,28604.5,28483.0,28494.25,24945
2026-07-23T20:45:00+05:30,28494.0,28569.0,28447.75,28467.25,25374
2026-07-23T21:00:00+05:30,28467.75,28551.0,28432.5,28494.5,19342
2026-07-23T21:15:00+05:30,28493.5,28590.0,28478.25,28588.5,14353
2026-07-23T21:30:00+05:30,28588.5,28644.25,28573.25,28629.75,14945
2026-07-23T21:45:00+05:30,28630.0,28715.0,28609.5,28707.25,13292
2026-07-23T22:00:00+05:30,28707.5,28738.25,28682.25,28687.75,13671
2026-07-23T22:15:00+05:30,28687.5,28687.5,28609.5,28640.75,14859
2026-07-23T22:30:00+05:30,28641.25,28663.25,28588.0,28642.5,13071
2026-07-23T22:45:00+05:30,28642.0,28676.75,28614.75,28652.5,10847
2026-07-23T23:00:00+05:30,28653.0,28657.0,28570.5,28594.5,9861
2026-07-23T23:15:00+05:30,28594.25,28629.25,28565.5,28568.0,8868
2026-07-23T23:30:00+05:30,28568.25,28582.25,28542.5,28560.0,9103
2026-07-23T23:45:00+05:30,28560.25,28584.25,28545.25,28575.0,9110
2026-07-24T00:00:00+05:30,28574.75,28603.5,28545.0,28550.5,8928
2026-07-24T00:15:00+05:30,28549.75,28578.5,28525.25,28550.0,8671
2026-07-24T00:30:00+05:30,28550.0,28566.75,28501.0,28505.75,8641
2026-07-24T00:45:00+05:30,28506.5,28595.25,28504.5,28583.0,12094
2026-07-24T01:00:00+05:30,28583.5,28595.5,28501.5,28502.25,11311
2026-07-24T01:15:00+05:30,28502.0,28633.5,28486.25,28615.0,31823
2026-07-24T01:30:00+05:30,28615.25,28747.5,28610.5,28726.75,18076
2026-07-24T01:45:00+05:30,28727.5,28777.25,28718.5,28769.5,4439
2026-07-24T02:00:00+05:30,28768.5,28782.0,28728.0,28736.0,3194
2026-07-24T02:15:00+05:30,28735.5,28747.0,28725.25,28739.25,2285
2026-07-24T03:30:00+05:30,28700.25,28709.25,28632.0,28642.0,2264
2026-07-24T03:45:00+05:30,28641.25,28676.75,28624.0,28662.25,1766
2026-07-24T04:00:00+05:30,28662.5,28692.25,28662.5,28684.75,1369
2026-07-24T04:15:00+05:30,28683.75,28732.75,28683.0,28731.25,1626
2026-07-24T04:30:00+05:30,28729.5,28736.0,28687.5,28696.75,1753
2026-07-24T04:45:00+05:30,28698.0,28708.5,28689.0,28698.5,1014
2026-07-24T05:00:00+05:30,28698.0,28700.75,28661.25,28687.0,1513
2026-07-24T05:15:00+05:30,28687.25,28708.25,28658.25,28679.0,1958
2026-07-24T05:30:00+05:30,28680.25,28724.0,28619.0,28643.25,4258
2026-07-24T05:45:00+05:30,28643.75,28684.25,28615.75,28643.0,2742
2026-07-24T06:00:00+05:30,28646.0,28677.5,28618.0,28655.75,2156
2026-07-24T06:15:00+05:30,28656.75,28680.0,28627.0,28672.0,1991
2026-07-24T06:30:00+05:30,28672.25,28701.5,28656.5,28661.25,1828
2026-07-24T06:45:00+05:30,28662.5,28693.0,28641.25,28656.25,1913
2026-07-24T07:00:00+05:30,28655.5,28685.5,28646.25,28664.0,1693
2026-07-24T07:15:00+05:30,28663.0,28673.25,28607.0,28614.25,1570
2026-07-24T07:30:00+05:30,28612.75,28632.0,28593.75,28616.75,1474
2026-07-24T07:45:00+05:30,28617.5,28625.0,28587.0,28594.75,1605
2026-07-24T08:00:00+05:30,28595.25,28598.25,28547.75,28548.0,2280
2026-07-24T08:15:00+05:30,28548.0,28552.5,28515.0,28519.25,2081
2026-07-24T08:30:00+05:30,28520.0,28546.5,28517.75,28539.5,1493
2026-07-24T08:45:00+05:30,28539.5,28560.75,28521.25,28545.5,2065
2026-07-24T09:00:00+05:30,28544.25,28555.75,28499.75,28505.0,2215
2026-07-24T09:15:00+05:30,28503.5,28520.0,28481.0,28485.0,2134
2026-07-24T09:30:00+05:30,28486.5,28515.75,28465.5,28485.0,1967
2026-07-24T09:45:00+05:30,28485.25,28556.75,28483.0,28551.75,1713
2026-07-24T10:00:00+05:30,28550.5,28558.0,28512.25,28529.25,1134
2026-07-24T10:15:00+05:30,28528.75,28571.5,28520.0,28565.25,1528
2026-07-24T10:30:00+05:30,28564.5,28600.25,28548.25,28593.25,1400
2026-07-24T10:45:00+05:30,28590.75,28602.0,28569.5,28582.25,1408
2026-07-24T11:00:00+05:30,28583.0,28595.0,28566.5,28590.25,1294
2026-07-24T11:15:00+05:30,28589.75,28607.0,28544.0,28545.0,1530
2026-07-24T11:30:00+05:30,28546.75,28550.0,28503.0,28508.75,1694
2026-07-24T11:45:00+05:30,28512.0,28576.25,28507.75,28534.5,2314
2026-07-24T12:00:00+05:30,28536.5,28561.5,28505.0,28507.0,1387
2026-07-24T12:15:00+05:30,28507.75,28548.0,28481.0,28543.75,1983
2026-07-24T12:30:00+05:30,28544.0,28637.75,28539.25,28636.5,3602
2026-07-24T12:45:00+05:30,28637.0,28663.0,28623.5,28654.0,2233
2026-07-24T13:00:00+05:30,28653.75,28658.0,28609.0,28626.25,1495
2026-07-24T13:15:00+05:30,28625.5,28633.0,28611.25,28614.25,1001
2026-07-24T13:30:00+05:30,28615.75,28619.0,28556.5,28573.5,2401
2026-07-24T13:45:00+05:30,28573.5,28622.25,28571.25,28621.75,1587
2026-07-24T14:00:00+05:30,28621.75,28649.5,28614.75,28631.0,1611
2026-07-24T14:15:00+05:30,28630.0,28635.0,28609.0,28622.0,833
2026-07-24T14:30:00+05:30,28623.5,28681.25,28612.0,28643.25,1972
2026-07-24T14:45:00+05:30,28642.0,28677.0,28632.0,28672.75,1554
2026-07-24T15:00:00+05:30,28674.75,28702.0,28663.25,28695.25,1918
2026-07-24T15:15:00+05:30,28695.5,28704.25,28680.25,28700.5,999
2026-07-24T15:30:00+05:30,28700.25,28706.25,28658.5,28664.0,1488
2026-07-24T15:45:00+05:30,28663.5,28679.25,28654.25,28667.5,1407
2026-07-24T16:00:00+05:30,28668.25,28686.5,28637.75,28646.5,1406
2026-07-24T16:15:00+05:30,28646.5,28657.25,28633.25,28640.5,1234
2026-07-24T16:30:00+05:30,28640.0,28666.75,28632.0,28656.0,1685
2026-07-24T16:45:00+05:30,28656.75,28663.75,28637.0,28644.25,1228
2026-07-24T17:00:00+05:30,28641.0,28649.0,28616.25,28616.25,1855
2026-07-24T17:15:00+05:30,28618.5,28700.0,28601.5,28680.5,3960
2026-07-24T17:30:00+05:30,28678.5,28695.5,28624.25,28690.0,3713
2026-07-24T17:45:00+05:30,28689.25,28698.5,28650.0,28686.5,2950
2026-07-24T18:00:00+05:30,28686.0,28689.0,28624.25,28629.75,2718
2026-07-24T18:15:00+05:30,28628.75,28635.75,28587.25,28592.0,3462
2026-07-24T18:30:00+05:30,28591.25,28602.5,28571.75,28591.75,3777
2026-07-24T18:45:00+05:30,28590.75,28616.0,28538.0,28540.25,6011
2026-07-24T19:00:00+05:30,28540.0,28622.0,28458.25,28485.0,35785
2026-07-24T19:15:00+05:30,28483.25,28511.75,28313.5,28322.25,32493
2026-07-24T19:30:00+05:30,28323.0,28451.25,28304.25,28420.75,30195
2026-07-24T19:45:00+05:30,28421.0,28432.25,28299.0,28391.0,23925
2026-07-24T20:00:00+05:30,28391.75,28396.0,28262.75,28287.25,20277
2026-07-24T20:15:00+05:30,28287.0,28461.5,28254.5,28449.25,23473
2026-07-24T20:30:00+05:30,28449.0,28510.0,28355.0,28493.25,25655
2026-07-24T20:45:00+05:30,28494.25,28557.25,28453.5,28499.75,21874
2026-07-24T21:00:00+05:30,28500.75,28577.5,28484.5,28506.0,17500
2026-07-24T21:15:00+05:30,28507.0,28583.75,28491.75,28576.0,13846
2026-07-24T21:30:00+05:30,28576.75,28630.75,28549.5,28574.25,14436
2026-07-24T21:45:00+05:30,28574.5,28594.0,28552.5,28565.75,9360
2026-07-24T22:00:00+05:30,28566.0,28569.0,28495.0,28499.75,12607
2026-07-24T22:15:00+05:30,28499.25,28511.0,28460.25,28495.75,9553
2026-07-24T22:30:00+05:30,28494.75,28502.5,28427.0,28459.25,13344
2026-07-24T22:45:00+05:30,28458.0,28521.75,28441.0,28514.5,9620
2026-07-24T23:00:00+05:30,28515.25,28544.0,28463.0,28464.75,9235
2026-07-24T23:15:00+05:30,28464.75,28501.75,28452.0,28466.0,7146
2026-07-24T23:30:00+05:30,28467.0,28486.0,28420.25,28428.25,7191
2026-07-24T23:45:00+05:30,28428.25,28431.0,28333.0,28336.25,11101
2026-07-25T00:00:00+05:30,28337.75,28346.75,28259.0,28276.5,16587
2026-07-25T00:15:00+05:30,28275.25,28328.5,28269.75,28302.5,10391
2026-07-25T00:30:00+05:30,28301.75,28328.5,28219.75,28221.75,13703
2026-07-25T00:45:00+05:30,28220.75,28266.5,28212.5,28253.5,10298
2026-07-25T01:00:00+05:30,28253.0,28304.75,28238.75,28274.0,15320
2026-07-25T01:15:00+05:30,28274.25,28295.0,28224.5,28283.25,26612
2026-07-25T01:30:00+05:30,28283.5,28303.25,28259.25,28291.25,9535
2026-07-25T01:45:00+05:30,28292.25,28329.5,28292.25,28305.0,2453
2026-07-25T02:00:00+05:30,28303.5,28307.25,28283.75,28305.5,1904
2026-07-25T02:15:00+05:30,28305.75,28313.5,28289.25,28306.5,1403
2026-07-27T03:30:00+05:30,28500.0,28682.25,28500.0,28614.0,5538
2026-07-27T03:45:00+05:30,28614.5,28647.0,28594.5,28623.25,2224
2026-07-27T04:00:00+05:30,28623.5,28641.5,28618.75,28626.0,1092
2026-07-27T04:15:00+05:30,28625.25,28636.25,28604.0,28609.5,1062
2026-07-27T04:30:00+05:30,28612.25,28638.75,28597.75,28630.75,1269
2026-07-27T04:45:00+05:30,28631.5,28637.0,28610.25,28616.75,868
2026-07-27T05:00:00+05:30,28617.0,28669.75,28610.5,28653.75,1354
2026-07-27T05:15:00+05:30,28654.75,28731.0,28638.0,28727.5,3385
2026-07-27T05:30:00+05:30,28728.25,28733.75,28615.0,28663.5,4951
2026-07-27T05:45:00+05:30,28661.75,28662.5,28581.75,28619.25,3476
2026-07-27T06:00:00+05:30,28618.25,28656.0,28597.25,28598.25,2116
2026-07-27T06:15:00+05:30,28600.0,28655.25,28595.25,28598.25,1916
2026-07-27T06:30:00+05:30,28599.75,28634.5,28565.75,28572.75,2278
2026-07-27T06:45:00+05:30,28572.25,28582.0,28525.0,28538.0,3183
2026-07-27T07:00:00+05:30,28542.75,28621.25,28536.0,28590.25,2925
2026-07-27T07:15:00+05:30,28589.5,28614.0,28571.75,28614.0,1575
2026-07-27T07:30:00+05:30,28614.75,28627.75,28587.0,28608.5,1594
2026-07-27T07:45:00+05:30,28606.75,28652.75,28605.5,28638.5,1633
2026-07-27T08:00:00+05:30,28639.0,28657.25,28606.25,28648.25,1325
2026-07-27T08:15:00+05:30,28650.25,28658.5,28611.5,28615.5,910
2026-07-27T08:30:00+05:30,28615.5,28646.0,28606.0,28644.25,1386
2026-07-27T08:45:00+05:30,28644.0,28650.75,28618.25,28619.25,832
2026-07-27T09:00:00+05:30,28620.5,28637.0,28599.75,28619.75,993
2026-07-27T09:15:00+05:30,28619.0,28627.0,28592.75,28614.0,849
2026-07-27T09:30:00+05:30,28614.0,28626.5,28597.75,28621.0,664
2026-07-27T09:45:00+05:30,28621.25,28647.0,28606.75,28620.75,989
2026-07-27T10:00:00+05:30,28620.75,28653.75,28609.25,28648.75,814
2026-07-27T10:15:00+05:30,28648.75,28663.0,28637.75,28644.0,1068
2026-07-27T10:30:00+05:30,28646.25,28674.75,28638.0,28671.5,906
2026-07-27T10:45:00+05:30,28669.0,28684.0,28665.25,28679.75,972
2026-07-27T11:00:00+05:30,28680.0,28703.75,28673.75,28686.5,1578
2026-07-27T11:15:00+05:30,28685.75,28704.25,28681.25,28694.5,867
2026-07-27T11:30:00+05:30,28694.5,28728.5,28693.75,28717.25,1747
2026-07-27T11:45:00+05:30,28716.75,28723.0,28693.75,28697.75,1217
2026-07-27T12:00:00+05:30,28697.25,28715.5,28694.0,28696.0,1334
2026-07-27T12:15:00+05:30,28697.25,28702.75,28680.0,28695.0,1301
2026-07-27T12:30:00+05:30,28692.75,28729.0,28689.0,28727.5,1779
2026-07-27T12:45:00+05:30,28728.25,28732.0,28702.5,28705.25,997
2026-07-27T13:00:00+05:30,28703.25,28704.0,28672.0,28695.5,1700
2026-07-27T13:15:00+05:30,28695.5,28701.75,28661.25,28661.75,1179
2026-07-27T13:30:00+05:30,28661.0,28701.25,28658.5,28693.25,1696
2026-07-27T13:45:00+05:30,28692.0,28724.25,28677.0,28719.0,983
2026-07-27T14:00:00+05:30,28720.75,28744.0,28703.25,28733.75,1546
2026-07-27T14:15:00+05:30,28736.5,28749.5,28724.5,28736.0,1048
2026-07-27T14:30:00+05:30,28737.0,28738.75,28719.75,28725.5,1016
2026-07-27T14:45:00+05:30,28725.25,28738.75,28723.25,28726.25,878
2026-07-27T15:00:00+05:30,28727.0,28748.25,28718.25,28746.75,1520
2026-07-27T15:15:00+05:30,28746.0,28763.25,28742.5,28744.75,1480
2026-07-27T15:30:00+05:30,28744.0,28753.5,28726.25,28737.75,1395
2026-07-27T15:45:00+05:30,28738.75,28748.0,28730.25,28738.0,832
2026-07-27T16:00:00+05:30,28740.0,28750.5,28733.75,28748.0,744
2026-07-27T16:15:00+05:30,28746.0,28758.0,28739.75,28740.75,837
2026-07-27T16:30:00+05:30,28742.0,28743.5,28708.25,28712.5,1572
2026-07-27T16:45:00+05:30,28711.5,28720.0,28648.5,28652.75,2241
2026-07-27T17:00:00+05:30,28653.25,28685.0,28645.5,28667.75,3156
2026-07-27T17:15:00+05:30,28667.25,28677.0,28659.25,28673.0,1310
2026-07-27T17:30:00+05:30,28673.25,28697.75,28633.25,28635.0,2954
2026-07-27T17:45:00+05:30,28637.0,28653.25,28629.25,28650.75,1896
2026-07-27T18:00:00+05:30,28650.5,28671.0,28631.75,28669.0,2092
2026-07-27T18:15:00+05:30,28669.25,28692.5,28666.25,28690.25,2913
2026-07-27T18:30:00+05:30,28692.0,28700.0,28647.75,28662.25,3532
2026-07-27T18:45:00+05:30,28662.75,28676.0,28588.0,28590.5,6073
2026-07-27T19:00:00+05:30,28590.5,28615.75,28428.0,28455.0,39608
2026-07-27T19:15:00+05:30,28455.0,28504.0,28341.25,28347.75,28923
2026-07-27T19:30:00+05:30,28347.75,28372.75,28230.75,28252.0,32963
2026-07-27T19:45:00+05:30,28253.25,28299.0,28075.25,28086.25,27996
2026-07-27T20:00:00+05:30,28086.5,28105.25,27939.0,27959.0,34509
2026-07-27T20:15:00+05:30,27958.5,28180.25,27957.25,28169.25,31449
2026-07-27T20:30:00+05:30,28171.0,28198.5,28121.75,28124.75,22870
2026-07-27T20:45:00+05:30,28125.25,28151.5,28046.0,28072.25,20750
2026-07-27T21:00:00+05:30,28074.25,28085.75,27980.25,28039.75,16708
2026-07-27T21:15:00+05:30,28039.0,28074.0,27995.25,28062.5,12778
2026-07-27T21:30:00+05:30,28062.75,28154.25,28057.75,28078.75,14335
2026-07-27T21:45:00+05:30,28078.75,28204.5,28043.5,28153.75,19239
2026-07-27T22:00:00+05:30,28154.25,28196.75,28112.5,28132.75,12860
2026-07-27T22:15:00+05:30,28134.25,28156.0,28027.75,28048.5,12557
2026-07-27T22:30:00+05:30,28047.0,28056.25,27993.75,28033.75,11942
2026-07-27T22:45:00+05:30,28034.0,28043.25,27986.0,27998.75,8465
2026-07-27T23:00:00+05:30,27998.5,28065.0,27997.5,28036.25,8760
2026-07-27T23:15:00+05:30,28036.0,28106.25,28013.75,28104.75,8599
2026-07-27T23:30:00+05:30,28104.75,28121.25,28085.5,28100.5,8467
2026-07-27T23:45:00+05:30,28100.5,28105.25,28049.75,28082.0,8070
2026-07-28T00:00:00+05:30,28082.25,28088.25,28019.25,28083.5,10626
2026-07-28T00:15:00+05:30,28083.25,28191.0,28069.5,28188.25,12362
2026-07-28T00:30:00+05:30,28188.75,28232.25,28165.25,28201.25,11513
2026-07-28T00:45:00+05:30,28200.75,28247.5,28195.5,28243.0,9087
2026-07-28T01:00:00+05:30,28243.75,28255.75,28172.5,28175.75,10439
2026-07-28T01:15:00+05:30,28176.0,28205.0,28155.25,28192.25,21676
2026-07-28T01:30:00+05:30,28192.5,28219.5,28169.25,28190.75,8697
2026-07-28T01:45:00+05:30,28190.5,28194.5,28174.25,28194.5,1556
2026-07-28T02:00:00+05:30,28194.5,28230.0,28186.75,28207.5,1704
2026-07-28T02:15:00+05:30,28208.25,28212.0,28186.75,28210.0,1672
2026-07-28T03:30:00+05:30,28210.5,28228.0,28156.0,28158.5,1505
2026-07-28T03:45:00+05:30,28159.0,28167.75,28125.5,28129.5,1704
2026-07-28T04:00:00+05:30,28128.25,28156.5,28124.5,28133.5,1194
2026-07-28T04:15:00+05:30,28134.75,28149.0,28123.5,28132.5,1039
2026-07-28T04:30:00+05:30,28131.75,28151.75,28105.25,28129.0,1498
2026-07-28T04:45:00+05:30,28129.25,28163.25,28118.0,28162.25,1224
2026-07-28T05:00:00+05:30,28160.75,28161.5,28130.0,28132.0,787
2026-07-28T05:15:00+05:30,28134.5,28179.25,28121.25,28163.5,2148
2026-07-28T05:30:00+05:30,28164.75,28195.0,28094.75,28111.0,3326
2026-07-28T05:45:00+05:30,28111.0,28132.0,28068.25,28104.5,2648
2026-07-28T06:00:00+05:30,28103.75,28139.75,28059.75,28121.0,2282
2026-07-28T06:15:00+05:30,28118.75,28119.5,28052.75,28072.0,2073
2026-07-28T06:30:00+05:30,28072.0,28078.0,27969.0,27992.75,4255
2026-07-28T06:45:00+05:30,27993.25,28078.25,27986.0,28062.25,3262
2026-07-28T07:00:00+05:30,28059.75,28097.0,28046.75,28080.75,1987
2026-07-28T07:15:00+05:30,28078.75,28094.75,28008.75,28022.0,1836
2026-07-28T07:30:00+05:30,28021.75,28024.25,27984.25,27996.25,1950
2026-07-28T07:45:00+05:30,27992.75,28030.25,27972.25,27987.75,2181
2026-07-28T08:00:00+05:30,27987.0,27989.5,27951.5,27972.0,2284
2026-07-28T08:15:00+05:30,27972.5,28006.75,27955.0,27993.0,1929
2026-07-28T08:30:00+05:30,27993.0,27998.0,27932.5,27968.75,2325
2026-07-28T08:45:00+05:30,27967.5,28047.25,27964.0,27987.5,3023
2026-07-28T09:00:00+05:30,27984.5,28063.25,27951.5,28056.75,3052
2026-07-28T09:15:00+05:30,28057.25,28070.5,28026.5,28049.25,1435
2026-07-28T09:30:00+05:30,28049.0,28049.25,27978.0,27986.75,1363
2026-07-28T09:45:00+05:30,27986.0,28017.0,27970.0,27972.75,1557
2026-07-28T10:00:00+05:30,27972.75,27984.0,27960.0,27974.25,1083
2026-07-28T10:15:00+05:30,27974.25,28003.0,27951.0,27954.75,1284
2026-07-28T10:30:00+05:30,27957.0,27983.0,27942.75,27948.0,1310
2026-07-28T10:45:00+05:30,27947.5,27955.75,27914.0,27919.5,1611
2026-07-28T11:00:00+05:30,27921.0,27923.5,27876.0,27897.25,3134
2026-07-28T11:15:00+05:30,27896.5,27924.0,27870.75,27880.0,1832
2026-07-28T11:30:00+05:30,27882.25,27902.25,27839.5,27844.25,3487
2026-07-28T11:45:00+05:30,27847.25,27907.0,27845.5,27902.5,3356
2026-07-28T12:00:00+05:30,27902.75,27936.0,27892.0,27919.25,2114
2026-07-28T12:15:00+05:30,27917.0,27958.25,27902.5,27947.25,2059
2026-07-28T12:30:00+05:30,27945.5,27980.75,27934.0,27972.25,2557
2026-07-28T12:45:00+05:30,27973.0,27989.0,27939.0,27943.25,1825
2026-07-28T13:00:00+05:30,27944.0,27962.5,27927.0,27939.75,1815
2026-07-28T13:15:00+05:30,27939.0,27954.75,27908.0,27933.5,2039
2026-07-28T13:30:00+05:30,27934.25,27947.75,27880.0,27888.75,2711
2026-07-28T13:45:00+05:30,27890.75,28007.25,27884.75,27999.5,3477
2026-07-28T14:00:00+05:30,28003.0,28046.5,27975.0,28037.0,3085
2026-07-28T14:15:00+05:30,28037.5,28052.0,27986.75,27994.25,2338
2026-07-28T14:30:00+05:30,27992.25,28015.25,27982.5,27988.75,1525
2026-07-28T14:45:00+05:30,27990.25,28016.5,27985.25,28012.0,1141
2026-07-28T15:00:00+05:30,28009.75,28010.25,27967.25,27972.5,1481
2026-07-28T15:15:00+05:30,27973.75,27981.25,27941.5,27956.0,1404
2026-07-28T15:30:00+05:30,27956.0,27966.0,27947.5,27952.0,1026
2026-07-28T15:45:00+05:30,27951.5,27969.5,27933.5,27967.25,1374
2026-07-28T16:00:00+05:30,27968.5,27980.5,27904.25,27933.0,3430
2026-07-28T16:15:00+05:30,27932.0,27951.5,27926.5,27942.75,1891
2026-07-28T16:30:00+05:30,27945.75,27952.25,27864.75,27869.5,3620
2026-07-28T16:45:00+05:30,27869.25,27958.0,27869.25,27883.0,4420
2026-07-28T17:00:00+05:30,27882.0,27929.25,27848.25,27863.75,3605
2026-07-28T17:15:00+05:30,27862.5,27975.0,27859.75,27963.75,3601
2026-07-28T17:30:00+05:30,27962.5,28001.75,27949.25,27963.0,3133
2026-07-28T17:45:00+05:30,27967.0,28018.5,27949.5,28010.0,3070
2026-07-28T18:00:00+05:30,28010.75,28027.75,27956.25,28009.5,5635
2026-07-28T18:15:00+05:30,28010.5,28032.75,27977.5,27993.25,4287
2026-07-28T18:30:00+05:30,27993.75,28027.75,27974.0,28001.25,4484
2026-07-28T18:45:00+05:30,28003.0,28028.5,27938.0,27949.0,6202
2026-07-28T19:00:00+05:30,27950.0,27992.0,27728.5,27749.75,47792
2026-07-28T19:15:00+05:30,27749.25,27799.0,27641.75,27665.25,44072
2026-07-28T19:30:00+05:30,27665.5,27793.5,27608.75,27630.25,33887
2026-07-28T19:45:00+05:30,27631.75,27717.5,27603.5,27706.5,30809
2026-07-28T20:00:00+05:30,27706.5,27793.0,27669.0,27772.25,24491
2026-07-28T20:15:00+05:30,27770.75,27890.0,27745.5,27801.75,28668
2026-07-28T20:30:00+05:30,27803.0,27882.0,27768.0,27854.25,23623
2026-07-28T20:45:00+05:30,27853.75,28010.0,27836.5,27965.0,24755
2026-07-28T21:00:00+05:30,27965.75,28036.0,27948.75,28031.5,16649
2026-07-28T21:15:00+05:30,28032.0,28062.5,28010.5,28048.0,15959
2026-07-28T21:30:00+05:30,28047.75,28068.75,27996.75,28007.5,15841
2026-07-28T21:45:00+05:30,28007.75,28045.25,27984.75,27995.25,11639
2026-07-28T22:00:00+05:30,27995.5,28043.75,27953.5,28032.75,12867
2026-07-28T22:15:00+05:30,28032.0,28080.0,27993.0,28057.5,11783
2026-07-28T22:30:00+05:30,28057.5,28066.5,27969.0,27988.0,13844
2026-07-28T22:45:00+05:30,27988.0,28045.75,27973.5,27996.5,10995
2026-07-28T23:00:00+05:30,27996.0,28043.5,27949.0,27954.5,9478
2026-07-28T23:15:00+05:30,27954.25,27987.0,27925.0,27972.5,10190
2026-07-28T23:30:00+05:30,27974.0,27999.5,27915.0,27917.0,10647
2026-07-28T23:45:00+05:30,27917.25,27947.75,27912.5,27925.25,8155
2026-07-29T00:00:00+05:30,27926.75,27963.75,27920.5,27937.75,8165
2026-07-29T00:15:00+05:30,27937.5,27979.5,27929.0,27972.75,8033
2026-07-29T00:30:00+05:30,27972.25,28021.75,27972.0,27987.25,10347
2026-07-29T00:45:00+05:30,27986.5,28021.25,27965.25,28017.75,9563
2026-07-29T01:00:00+05:30,28018.0,28023.75,27941.5,27954.25,11919
2026-07-29T01:15:00+05:30,27954.25,27988.25,27911.0,27918.5,23009
2026-07-29T01:30:00+05:30,27919.5,27967.75,27884.25,27918.5,12287
2026-07-29T01:45:00+05:30,27920.5,27991.25,27910.75,27977.75,3888
2026-07-29T02:00:00+05:30,27977.0,27983.25,27937.5,27947.75,3031
2026-07-29T02:15:00+05:30,27947.75,27962.75,27935.75,27960.5,1573
2026-07-29T03:30:00+05:30,27962.0,28013.25,27955.75,27972.0,2550
2026-07-29T03:45:00+05:30,27973.0,27979.0,27906.5,27939.25,2433
2026-07-29T04:00:00+05:30,27939.0,27943.25,27855.25,27861.0,2621
2026-07-29T04:15:00+05:30,27863.25,27863.5,27756.25,27756.75,5090
2026-07-29T04:30:00+05:30,27758.25,27857.75,27728.5,27842.75,5578
2026-07-29T04:45:00+05:30,27842.5,27890.5,27809.25,27889.25,3157
2026-07-29T05:00:00+05:30,27888.5,28025.0,27884.5,28014.0,3549
2026-07-29T05:15:00+05:30,28012.25,28104.5,27989.75,28102.5,6308
2026-07-29T05:30:00+05:30,28102.75,28178.25,28077.25,28141.25,5352
2026-07-29T05:45:00+05:30,28139.75,28161.5,28052.0,28073.75,4120
2026-07-29T06:00:00+05:30,28075.0,28080.0,28018.0,28068.75,3077
2026-07-29T06:15:00+05:30,28068.0,28085.0,28000.25,28013.25,2029
2026-07-29T06:30:00+05:30,28011.75,28041.25,27911.5,27922.0,3098
2026-07-29T06:45:00+05:30,27920.25,28007.0,27896.25,27971.75,3740
2026-07-29T07:00:00+05:30,27972.0,27982.25,27878.0,27880.0,2858
2026-07-29T07:15:00+05:30,27879.5,27892.0,27784.0,27785.25,4159
2026-07-29T07:30:00+05:30,27785.0,27868.0,27770.25,27845.25,4562
2026-07-29T07:45:00+05:30,27842.75,27896.5,27796.0,27896.5,2776
2026-07-29T08:00:00+05:30,27894.5,27912.75,27858.25,27887.75,2266
2026-07-29T08:15:00+05:30,27887.75,27891.0,27823.0,27839.5,1797
2026-07-29T08:30:00+05:30,27839.0,27882.5,27788.0,27828.5,2987
2026-07-29T08:45:00+05:30,27831.0,27839.75,27775.5,27777.75,1633
2026-07-29T09:00:00+05:30,27776.75,27792.5,27742.25,27772.75,2594
2026-07-29T09:15:00+05:30,27773.5,27786.0,27702.0,27716.0,2521
2026-07-29T09:30:00+05:30,27719.0,27723.25,27676.75,27691.5,2561
2026-07-29T09:45:00+05:30,27691.5,27715.75,27648.0,27684.75,2907
2026-07-29T10:00:00+05:30,27682.25,27720.0,27648.75,27649.75,2052
2026-07-29T10:15:00+05:30,27651.25,27759.0,27640.0,27756.0,2743
2026-07-29T10:30:00+05:30,27758.75,27834.75,27735.75,27832.5,3148
2026-07-29T10:45:00+05:30,27833.75,27834.25,27773.25,27815.25,2379
2026-07-29T11:00:00+05:30,27815.25,27852.75,27787.0,27826.75,2673
2026-07-29T11:15:00+05:30,27828.0,27841.75,27790.0,27794.0,1719
2026-07-29T11:30:00+05:30,27794.0,27797.25,27736.25,27764.5,2167
2026-07-29T11:45:00+05:30,27766.5,27811.25,27755.25,27811.0,2264
2026-07-29T12:00:00+05:30,27811.5,27913.5,27811.5,27910.25,3051
2026-07-29T12:15:00+05:30,27907.5,27942.25,27895.0,27928.75,2289
2026-07-29T12:30:00+05:30,27928.75,27945.5,27895.75,27923.0,2447
2026-07-29T12:45:00+05:30,27923.0,27953.0,27905.75,27946.25,2156
2026-07-29T13:00:00+05:30,27945.75,27962.75,27920.25,27920.25,1825
2026-07-29T13:15:00+05:30,27922.0,27923.25,27891.25,27906.0,1517
2026-07-29T13:30:00+05:30,27906.25,27924.75,27857.5,27861.0,2468
2026-07-29T13:45:00+05:30,27860.0,27885.0,27820.0,27841.5,2043
2026-07-29T14:00:00+05:30,27842.0,27930.5,27830.75,27923.25,2029
2026-07-29T14:15:00+05:30,27924.5,27939.25,27896.0,27904.0,1438
2026-07-29T14:30:00+05:30,27904.5,27978.5,27901.0,27978.0,2111
2026-07-29T14:45:00+05:30,27977.25,27986.0,27951.5,27977.5,1799
2026-07-29T15:00:00+05:30,27976.5,28012.5,27957.75,27999.75,1521
2026-07-29T15:15:00+05:30,28002.25,28060.0,27999.0,28019.75,3101
2026-07-29T15:30:00+05:30,28018.25,28046.0,28003.75,28010.25,1846
2026-07-29T15:45:00+05:30,28010.75,28024.5,27986.25,28017.25,1949
2026-07-29T16:00:00+05:30,28017.5,28023.0,27953.25,27968.25,1850
2026-07-29T16:15:00+05:30,27968.0,27970.25,27931.5,27948.0,2176
2026-07-29T16:30:00+05:30,27950.25,28003.75,27934.5,27992.25,2439
2026-07-29T16:45:00+05:30,27991.25,28023.75,27983.25,28000.75,2106
2026-07-29T17:00:00+05:30,27999.25,28008.0,27959.5,27965.75,1749
2026-07-29T17:15:00+05:30,27965.25,28004.25,27956.75,28002.75,2090
2026-07-29T17:30:00+05:30,28002.0,28007.75,27933.75,27940.0,2418
2026-07-29T17:45:00+05:30,27940.0,27947.5,27852.75,27867.25,5425
2026-07-29T18:00:00+05:30,27867.0,27918.5,27844.25,27911.75,2997
2026-07-29T18:15:00+05:30,27912.0,27933.25,27903.5,27907.75,2675
2026-07-29T18:30:00+05:30,27909.0,27917.0,27869.5,27872.75,3594
2026-07-29T18:45:00+05:30,27872.0,27942.5,27856.0,27914.0,6492
2026-07-29T19:00:00+05:30,27914.5,27996.0,27836.5,27916.5,35417
2026-07-29T19:15:00+05:30,27916.25,27948.0,27667.75,27733.75,31069
2026-07-29T19:30:00+05:30,27735.25,27826.5,27635.75,27648.0,32251
2026-07-29T19:45:00+05:30,27648.75,27695.75,27538.75,27573.25,28284
2026-07-29T20:00:00+05:30,27571.0,27652.25,27510.0,27537.75,25092
2026-07-29T20:15:00+05:30,27537.0,27615.75,27518.25,27600.0,21657
2026-07-29T20:30:00+05:30,27600.5,27657.5,27565.75,27577.75,23139
2026-07-29T20:45:00+05:30,27577.5,27625.0,27547.0,27555.75,16486
2026-07-29T21:00:00+05:30,27556.25,27596.75,27518.0,27535.25,13059
2026-07-29T21:15:00+05:30,27533.75,27566.5,27464.5,27517.0,15057
2026-07-29T21:30:00+05:30,27518.25,27542.0,27419.5,27419.75,15294
2026-07-29T21:45:00+05:30,27420.25,27556.5,27409.25,27551.0,14934
2026-07-29T22:00:00+05:30,27551.25,27586.0,27485.25,27504.0,14143
2026-07-29T22:15:00+05:30,27502.5,27603.5,27489.5,27603.25,12487
2026-07-29T22:30:00+05:30,27603.75,27737.25,27595.25,27736.5,15511
2026-07-29T22:45:00+05:30,27736.5,27750.0,27650.75,27650.75,13759
2026-07-29T23:00:00+05:30,27650.75,27695.0,27629.5,27681.0,10625
2026-07-29T23:15:00+05:30,27681.25,27727.75,27656.0,27721.75,8475
2026-07-29T23:30:00+05:30,27723.0,27888.5,27714.75,27798.5,31751
2026-07-29T23:45:00+05:30,27800.0,27843.5,27727.5,27776.5,16997
2026-07-30T00:00:00+05:30,27777.0,27987.5,27709.0,27975.5,26572
2026-07-30T00:15:00+05:30,27974.5,28096.75,27961.25,28056.75,24110
2026-07-30T00:30:00+05:30,28057.5,28099.5,27839.5,27905.0,28057
2026-07-30T00:45:00+05:30,27905.0,27938.0,27640.75,27712.25,29521
2026-07-30T01:00:00+05:30,27711.25,27744.0,27458.75,27473.5,31278
2026-07-30T01:15:00+05:30,27473.25,27512.25,27317.5,27335.0,44657
2026-07-30T01:30:00+05:30,27338.0,27364.0,27201.5,27300.5,27674
2026-07-30T01:45:00+05:30,27300.0,27338.75,27209.5,27242.25,6502
2026-07-30T02:00:00+05:30,27244.0,27331.25,27207.0,27312.0,4849
2026-07-30T02:15:00+05:30,27312.25,27322.25,27256.5,27259.25,2821
2026-07-30T03:30:00+05:30,27202.0,27489.5,27202.0,27434.75,8448
2026-07-30T03:45:00+05:30,27437.25,27484.0,27395.5,27435.0,4220
2026-07-30T04:00:00+05:30,27435.75,27465.5,27412.0,27459.75,2444
2026-07-30T04:15:00+05:30,27460.0,27479.5,27418.75,27451.5,2307
2026-07-30T04:30:00+05:30,27449.5,27524.25,27446.25,27476.5,3633
2026-07-30T04:45:00+05:30,27482.25,27541.0,27469.25,27532.75,2767
2026-07-30T05:00:00+05:30,27534.25,27559.25,27500.0,27523.75,2612
2026-07-30T05:15:00+05:30,27520.0,27555.5,27495.25,27520.75,3568
2026-07-30T05:30:00+05:30,27521.75,27608.0,27472.25,27578.75,5464
2026-07-30T05:45:00+05:30,27579.0,27602.75,27550.5,27593.5,3710
2026-07-30T06:00:00+05:30,27594.75,27611.0,27489.75,27505.75,3697
2026-07-30T06:15:00+05:30,27506.0,27548.75,27490.25,27547.25,3439
2026-07-30T06:30:00+05:30,27547.25,27664.25,27535.25,27570.75,5171
2026-07-30T06:45:00+05:30,27569.5,27648.0,27565.0,27637.75,2428
2026-07-30T07:00:00+05:30,27637.75,27694.5,27635.25,27678.0,3189
2026-07-30T07:15:00+05:30,27677.5,27696.75,27648.25,27653.0,2560
2026-07-30T07:30:00+05:30,27652.0,27687.5,27629.25,27636.0,2747
2026-07-30T07:45:00+05:30,27636.0,27653.25,27603.25,27610.5,1944
2026-07-30T08:00:00+05:30,27613.25,27613.25,27559.5,27610.0,2659
2026-07-30T08:15:00+05:30,27610.75,27631.0,27539.0,27541.75,2395
2026-07-30T08:30:00+05:30,27542.0,27576.25,27485.0,27497.0,2600
2026-07-30T08:45:00+05:30,27498.75,27523.25,27471.25,27515.5,2371
2026-07-30T09:00:00+05:30,27516.5,27556.75,27480.25,27532.5,2610
2026-07-30T09:15:00+05:30,27529.5,27563.5,27517.75,27533.5,1489
2026-07-30T09:30:00+05:30,27532.5,27544.25,27481.75,27485.25,1565
2026-07-30T09:45:00+05:30,27485.0,27541.75,27459.5,27535.0,1953
2026-07-30T10:00:00+05:30,27534.0,27543.75,27461.75,27471.0,1636
2026-07-30T10:15:00+05:30,27469.25,27512.0,27434.75,27447.75,1680
2026-07-30T10:30:00+05:30,27446.25,27457.25,27421.0,27456.5,1586
2026-07-30T10:45:00+05:30,27458.25,27499.5,27453.25,27478.25,1805
2026-07-30T11:00:00+05:30,27476.5,27526.5,27465.0,27521.0,1530
2026-07-30T11:15:00+05:30,27521.75,27546.25,27463.5,27487.75,2155
2026-07-30T11:30:00+05:30,27487.0,27507.0,27457.0,27468.5,1449
2026-07-30T11:45:00+05:30,27467.75,27498.0,27447.5,27479.5,1408
2026-07-30T12:00:00+05:30,27481.5,27484.5,27434.75,27436.75,1429
2026-07-30T12:15:00+05:30,27435.25,27463.0,27415.0,27434.25,1487
2026-07-30T12:30:00+05:30,27433.75,27521.75,27416.25,27475.75,4474
2026-07-30T12:45:00+05:30,27478.75,27482.25,27392.75,27408.0,2715
2026-07-30T13:00:00+05:30,27413.0,27447.5,27351.25,27434.0,2888
2026-07-30T13:15:00+05:30,27431.5,27441.75,27389.5,27395.25,1951
2026-07-30T13:30:00+05:30,27394.5,27456.0,27337.5,27437.75,3981
2026-07-30T13:45:00+05:30,27437.75,27522.5,27425.75,27506.5,3071
2026-07-30T14:00:00+05:30,27510.5,27527.25,27489.0,27493.75,1442
2026-07-30T14:15:00+05:30,27493.25,27508.75,27460.5,27485.25,1100
2026-07-30T14:30:00+05:30,27486.0,27555.0,27469.75,27534.5,1821
2026-07-30T14:45:00+05:30,27536.75,27574.75,27525.25,27554.5,2543
2026-07-30T15:00:00+05:30,27553.5,27586.0,27538.25,27543.5,1649
2026-07-30T15:15:00+05:30,27544.25,27555.75,27508.0,27514.75,1432
2026-07-30T15:30:00+05:30,27515.5,27564.5,27488.25,27541.5,2523
2026-07-30T15:45:00+05:30,27543.25,27627.25,27541.25,27617.75,2668
2026-07-30T16:00:00+05:30,27616.5,27648.0,27606.5,27631.0,2599
2026-07-30T16:15:00+05:30,27631.0,27647.75,27611.0,27618.5,1899
2026-07-30T16:30:00+05:30,27619.0,27686.5,27613.0,27665.75,3426
2026-07-30T16:45:00+05:30,27666.0,27730.0,27661.5,27715.0,3109
2026-07-30T17:00:00+05:30,27715.5,27727.25,27673.0,27699.75,3581
2026-07-30T17:15:00+05:30,27700.75,27745.25,27700.5,27725.0,2560
2026-07-30T17:30:00+05:30,27723.5,27765.5,27695.75,27763.0,4007
2026-07-30T17:45:00+05:30,27763.75,27766.25,27714.0,27740.25,3547
2026-07-30T18:00:00+05:30,27740.25,27808.75,27715.25,27777.0,7637
2026-07-30T18:15:00+05:30,27777.0,27821.75,27763.0,27805.5,4611
2026-07-30T18:30:00+05:30,27807.0,27876.25,27793.0,27840.0,12671
2026-07-30T18:45:00+05:30,27839.75,27883.25,27831.25,27876.25,7809
2026-07-30T19:00:00+05:30,27877.25,27996.5,27813.25,27976.25,46950
2026-07-30T19:15:00+05:30,27976.75,28162.25,27973.25,28151.75,39504
2026-07-30T19:30:00+05:30,28150.5,28183.75,28066.75,28107.5,37077
2026-07-30T19:45:00+05:30,28107.25,28240.0,28080.25,28226.0,29955
2026-07-30T20:00:00+05:30,28226.5,28246.5,28160.25,28175.5,23678
2026-07-30T20:15:00+05:30,28175.5,28196.0,28022.5,28070.75,27611
2026-07-30T20:30:00+05:30,28071.5,28137.75,28012.75,28023.75,26377
2026-07-30T20:45:00+05:30,28024.5,28099.5,27996.25,28010.5,20187
2026-07-30T21:00:00+05:30,28010.5,28108.5,28001.0,28089.5,17125
2026-07-30T21:15:00+05:30,28090.0,28133.75,28049.25,28079.5,15677
2026-07-30T21:30:00+05:30,28078.75,28190.0,28059.0,28186.0,16108
2026-07-30T21:45:00+05:30,28185.25,28192.75,28140.5,28143.75,11064
2026-07-30T22:00:00+05:30,28143.5,28150.5,28054.5,28068.75,12386
2026-07-30T22:15:00+05:30,28068.25,28136.5,28066.25,28126.75,11762
2026-07-30T22:30:00+05:30,28127.0,28183.75,28126.0,28159.25,11183
2026-07-30T22:45:00+05:30,28158.25,28207.75,28156.25,28169.0,8752
2026-07-30T23:00:00+05:30,28169.5,28197.75,28139.5,28188.25,9987
2026-07-30T23:15:00+05:30,28188.5,28208.5,28165.5,28177.5,7850
2026-07-30T23:30:00+05:30,28177.5,28205.0,28167.0,28200.5,6707
2026-07-30T23:45:00+05:30,28200.5,28203.75,28162.25,28183.0,6787
2026-07-31T00:00:00+05:30,28183.0,28199.0,28148.5,28167.5,7867
2026-07-31T00:15:00+05:30,28167.0,28189.5,28154.75,28180.75,7487
2026-07-31T00:30:00+05:30,28181.0,28296.5,28179.75,28274.75,18362
2026-07-31T00:45:00+05:30,28274.25,28297.75,28242.0,28244.5,12295
2026-07-31T01:00:00+05:30,28243.75,28257.25,28219.75,28232.25,11916
2026-07-31T01:15:00+05:30,28232.75,28262.5,28202.5,28229.0,35911
2026-07-31T01:30:00+05:30,28228.75,28367.0,28205.5,28324.75,17154
2026-07-31T01:45:00+05:30,28324.25,28372.25,28322.75,28366.25,5252
2026-07-31T02:00:00+05:30,28366.5,28414.5,28311.0,28361.25,7092
2026-07-31T02:15:00+05:30,28360.0,28363.0,28322.5,28333.5,2455
2026-07-31T03:30:00+05:30,28317.0,28413.75,28300.0,28384.75,3800
2026-07-31T03:45:00+05:30,28382.5,28407.0,28350.5,28354.0,2192
2026-07-31T04:00:00+05:30,28352.0,28406.0,28331.0,28403.0,2046
2026-07-31T04:15:00+05:30,28402.75,28409.75,28390.0,28395.0,1320
2026-07-31T04:30:00+05:30,28394.25,28426.5,28377.0,28384.75,1815
2026-07-31T04:45:00+05:30,28386.0,28392.5,28364.0,28378.0,1232
2026-07-31T05:00:00+05:30,28378.25,28416.5,28362.25,28406.75,1379
2026-07-31T05:15:00+05:30,28406.75,28445.0,28391.5,28422.75,2243
2026-07-31T05:30:00+05:30,28424.0,28476.5,28397.25,28466.75,3936
2026-07-31T05:45:00+05:30,28467.0,28488.0,28447.25,28483.25,2729
2026-07-31T06:00:00+05:30,28481.0,28509.75,28480.5,28497.25,2283
2026-07-31T06:15:00+05:30,28500.0,28524.5,28468.75,28521.75,2065
2026-07-31T06:30:00+05:30,28523.0,28569.5,28522.75,28561.25,2884
2026-07-31T06:45:00+05:30,28560.0,28572.0,28543.75,28551.0,1993
2026-07-31T07:00:00+05:30,28549.0,28558.25,28489.0,28497.0,2671
2026-07-31T07:15:00+05:30,28496.5,28500.0,28455.5,28478.0,2254
2026-07-31T07:30:00+05:30,28478.0,28499.5,28433.25,28438.0,2438
2026-07-31T07:45:00+05:30,28438.25,28438.75,28401.0,28423.5,2467
2026-07-31T08:00:00+05:30,28422.5,28432.0,28389.5,28421.25,1485
2026-07-31T08:15:00+05:30,28421.0,28438.0,28397.75,28431.25,1832
2026-07-31T08:30:00+05:30,28431.5,28436.0,28398.0,28418.25,1513
2026-07-31T08:45:00+05:30,28417.75,28476.5,28417.0,28462.75,1901
2026-07-31T09:00:00+05:30,28464.5,28478.25,28452.25,28463.75,1136
2026-07-31T09:15:00+05:30,28461.25,28470.5,28428.25,28459.5,1341
2026-07-31T09:30:00+05:30,28458.25,28468.0,28423.0,28463.5,1138
2026-07-31T09:45:00+05:30,28463.5,28512.0,28451.5,28511.25,1380
2026-07-31T10:00:00+05:30,28512.0,28552.5,28507.75,28551.5,1479
2026-07-31T10:15:00+05:30,28551.25,28557.0,28534.5,28549.0,1117
2026-07-31T10:30:00+05:30,28548.75,28570.0,28538.5,28557.75,1508
2026-07-31T10:45:00+05:30,28558.5,28581.0,28552.5,28573.0,1225
2026-07-31T11:00:00+05:30,28573.5,28585.75,28541.0,28552.75,1734
2026-07-31T11:15:00+05:30,28551.75,28590.75,28548.75,28585.0,1668
2026-07-31T11:30:00+05:30,28585.5,28611.75,28577.0,28606.75,2036
2026-07-31T11:45:00+05:30,28605.75,28611.0,28580.75,28590.25,1381
2026-07-31T12:00:00+05:30,28589.5,28593.0,28457.5,28484.0,4203
2026-07-31T12:15:00+05:30,28484.75,28509.75,28450.0,28488.25,2899
2026-07-31T12:30:00+05:30,28484.25,28543.25,28455.0,28535.75,3596
2026-07-31T12:45:00+05:30,28535.0,28574.5,28507.0,28546.0,2379
2026-07-31T13:00:00+05:30,28547.25,28574.0,28534.5,28566.5,1843
2026-07-31T13:15:00+05:30,28566.25,28584.25,28542.5,28575.0,1789
2026-07-31T13:30:00+05:30,28572.75,28590.75,28524.75,28576.75,2917
2026-07-31T13:45:00+05:30,28576.75,28610.0,28564.25,28600.0,2168
2026-07-31T14:00:00+05:30,28595.25,28611.0,28561.5,28567.25,1491
2026-07-31T14:15:00+05:30,28568.75,28607.25,28564.25,28602.75,1341
2026-07-31T14:30:00+05:30,28603.25,28640.75,28598.25,28629.25,2561
2026-07-31T14:45:00+05:30,28627.5,28631.25,28584.75,28589.25,1618
2026-07-31T15:00:00+05:30,28588.75,28591.5,28530.0,28552.5,2762
2026-07-31T15:15:00+05:30,28552.25,28569.75,28528.5,28533.0,1257
2026-07-31T15:30:00+05:30,28531.75,28564.75,28519.5,28555.75,2042
2026-07-31T15:45:00+05:30,28555.0,28579.25,28546.5,28572.0,1187
2026-07-31T16:00:00+05:30,28572.25,28583.0,28561.75,28578.25,1130
2026-07-31T16:15:00+05:30,28579.25,28591.25,28552.0,28565.5,1436
2026-07-31T16:30:00+05:30,28563.25,28626.0,28563.0,28594.75,1995
2026-07-31T16:45:00+05:30,28596.25,28599.5,28548.5,28553.25,2302
2026-07-31T17:00:00+05:30,28555.75,28560.75,28523.0,28538.25,2149
2026-07-31T17:15:00+05:30,28540.0,28560.75,28532.0,28553.5,1521
2026-07-31T17:30:00+05:30,28554.75,28555.25,28477.0,28481.0,3160
2026-07-31T17:45:00+05:30,28480.25,28506.0,28448.0,28496.5,4160
2026-07-31T18:00:00+05:30,28496.75,28502.75,28432.25,28453.0,4618
2026-07-31T18:15:00+05:30,28452.75,28490.5,28437.75,28468.25,3539
2026-07-31T18:30:00+05:30,28468.5,28531.0,28457.75,28530.0,4978
2026-07-31T18:45:00+05:30,28529.25,28584.0,28529.0,28576.0,7263
2026-07-31T19:00:00+05:30,28576.75,28725.75,28415.75,28419.0,52267
2026-07-31T19:15:00+05:30,28420.0,28472.75,28295.5,28360.5,46587
2026-07-31T19:30:00+05:30,28356.75,28393.0,28100.5,28137.5,44324
2026-07-31T19:45:00+05:30,28137.0,28258.75,28079.75,28249.75,37587
2026-07-31T20:00:00+05:30,28249.5,28296.0,28211.75,28268.75,22964
2026-07-31T20:15:00+05:30,28268.25,28345.5,28237.0,28307.5,24641
2026-07-31T20:30:00+05:30,28308.75,28342.25,28214.75,28269.25,19724
2026-07-31T20:45:00+05:30,28270.5,28339.25,28122.25,28151.25,21196
2026-07-31T21:00:00+05:30,28152.0,28261.0,28115.5,28215.0,22070
2026-07-31T21:15:00+05:30,28215.25,28295.0,28164.0,28274.0,17172
2026-07-31T21:30:00+05:30,28274.0,28308.5,28243.75,28300.5,14087
2026-07-31T21:45:00+05:30,28301.5,28364.25,28256.0,28363.75,12777
2026-07-31T22:00:00+05:30,28363.75,28388.75,28313.75,28321.5,12533
2026-07-31T22:15:00+05:30,28321.5,28390.0,28308.5,28366.75,10612
2026-07-31T22:30:00+05:30,28367.25,28411.25,28360.0,28402.0,9539
2026-07-31T22:45:00+05:30,28403.0,28477.5,28396.0,28461.5,11207
2026-07-31T23:00:00+05:30,28462.5,28503.0,28443.25,28457.5,12445
2026-07-31T23:15:00+05:30,28456.25,28475.75,28415.75,28429.0,10559
2026-07-31T23:30:00+05:30,28429.0,28459.75,28395.25,28403.75,10105
2026-07-31T23:45:00+05:30,28402.75,28446.0,28398.5,28422.0,7673
2026-08-01T00:00:00+05:30,28422.0,28448.0,28415.5,28432.5,5948
2026-08-01T00:15:00+05:30,28432.5,28462.0,28416.5,28433.75,7051
2026-08-01T00:30:00+05:30,28433.5,28458.75,28405.5,28433.0,7981
2026-08-01T00:45:00+05:30,28433.5,28498.0,28426.25,28475.25,10672
2026-08-01T01:00:00+05:30,28474.5,28483.5,28434.5,28476.75,10795
2026-08-01T01:15:00+05:30,28477.0,28524.0,28380.0,28402.75,34019
2026-08-01T01:30:00+05:30,28402.5,28434.25,28340.5,28393.75,14975
2026-08-01T01:45:00+05:30,28394.0,28395.25,28362.25,28372.5,3294
2026-08-01T02:00:00+05:30,28369.75,28395.5,28356.0,28382.0,2575
2026-08-01T02:15:00+05:30,28381.0,28386.25,28258.25,28287.0,4934
2026-08-03T03:30:00+05:30,28565.0,28641.25,28549.25,28623.0,5332
2026-08-03T03:45:00+05:30,28624.0,28632.5,28582.0,28613.5,2692
2026-08-03T04:00:00+05:30,28615.25,28623.75,28594.25,28600.25,1325
2026-08-03T04:15:00+05:30,28599.5,28605.0,28560.25,28570.25,1276
2026-08-03T04:30:00+05:30,28568.75,28591.0,28545.0,28556.75,1859
2026-08-03T04:45:00+05:30,28556.25,28596.0,28553.0,28585.25,1662
2026-08-03T05:00:00+05:30,28585.5,28610.0,28574.5,28606.0,1647
2026-08-03T05:15:00+05:30,28603.5,28637.5,28571.25,28614.0,3344
2026-08-03T05:30:00+05:30,28611.0,28615.25,28554.5,28610.5,3432
2026-08-03T05:45:00+05:30,28610.75,28630.5,28537.5,28556.75,3244
2026-08-03T06:00:00+05:30,28554.25,28611.0,28542.5,28583.75,3364
2026-08-03T06:15:00+05:30,28582.25,28626.0,28572.5,28622.0,2394
2026-08-03T06:30:00+05:30,28622.25,28635.0,28584.75,28592.0,2813
2026-08-03T06:45:00+05:30,28590.75,28614.75,28564.25,28609.0,2126
2026-08-03T07:00:00+05:30,28607.5,28630.0,28578.0,28630.0,1849
2026-08-03T07:15:00+05:30,28630.0,28650.0,28618.5,28644.0,1976
2026-08-03T07:30:00+05:30,28644.75,28668.75,28631.0,28662.75,1806
2026-08-03T07:45:00+05:30,28661.5,28681.5,28634.5,28640.25,1923
2026-08-03T08:00:00+05:30,28640.5,28669.75,28633.75,28644.5,1474
2026-08-03T08:15:00+05:30,28646.5,28666.5,28639.25,28660.5,785
2026-08-03T08:30:00+05:30,28662.5,28675.75,28657.5,28664.0,1030
2026-08-03T08:45:00+05:30,28665.0,28676.5,28641.25,28645.75,1001
2026-08-03T09:00:00+05:30,28647.0,28674.0,28640.0,28671.75,847
2026-08-03T09:15:00+05:30,28672.75,28698.25,28665.25,28670.0,1263
2026-08-03T09:30:00+05:30,28669.0,28672.0,28652.5,28661.75,742
2026-08-03T09:45:00+05:30,28662.75,28688.5,28662.75,28683.25,742
2026-08-03T10:00:00+05:30,28682.75,28686.0,28666.5,28674.25,629
2026-08-03T10:15:00+05:30,28673.75,28688.25,28648.5,28651.0,825
2026-08-03T10:30:00+05:30,28650.75,28666.25,28634.0,28638.5,1227
2026-08-03T10:45:00+05:30,28638.75,28648.75,28622.5,28638.25,1137
2026-08-03T11:00:00+05:30,28636.75,28649.75,28628.25,28634.5,721
2026-08-03T11:15:00+05:30,28634.5,28645.25,28617.0,28641.25,923
2026-08-03T11:30:00+05:30,28642.0,28661.0,28631.5,28642.25,1675
2026-08-03T11:45:00+05:30,28641.0,28652.0,28618.5,28625.75,1255
2026-08-03T12:00:00+05:30,28627.0,28645.0,28609.0,28609.0,1236
2026-08-03T12:15:00+05:30,28609.75,28618.75,28575.75,28593.25,1801
2026-08-03T12:30:00+05:30,28594.25,28634.5,28563.75,28617.5,2440
2026-08-03T12:45:00+05:30,28618.75,28631.0,28569.25,28604.0,2582
2026-08-03T13:00:00+05:30,28604.5,28615.5,28560.25,28564.25,1336
2026-08-03T13:15:00+05:30,28563.0,28589.5,28558.5,28588.25,1106
2026-08-03T13:30:00+05:30,28588.0,28591.0,28518.5,28561.25,2642
2026-08-03T13:45:00+05:30,28560.0,28564.25,28473.25,28488.0,2431
2026-08-03T14:00:00+05:30,28487.25,28555.0,28471.75,28537.25,2060
2026-08-03T14:15:00+05:30,28536.25,28595.0,28527.0,28594.0,2408
2026-08-03T14:30:00+05:30,28594.75,28601.0,28543.0,28558.75,1929
2026-08-03T14:45:00+05:30,28559.0,28582.25,28547.25,28556.75,1164
2026-08-03T15:00:00+05:30,28556.75,28576.5,28543.5,28545.75,1223
2026-08-03T15:15:00+05:30,28546.25,28563.25,28521.0,28559.0,1461
2026-08-03T15:30:00+05:30,28559.25,28565.25,28526.0,28527.25,1294
2026-08-03T15:45:00+05:30,28525.5,28540.0,28488.5,28508.0,1960
2026-08-03T16:00:00+05:30,28508.0,28531.5,28490.0,28527.75,1182
2026-08-03T16:15:00+05:30,28526.75,28546.5,28514.25,28541.0,1210
2026-08-03T16:30:00+05:30,28541.25,28547.0,28465.25,28487.25,2598
2026-08-03T16:45:00+05:30,28487.5,28513.0,28468.75,28468.75,1684
2026-08-03T17:00:00+05:30,28468.75,28512.5,28450.5,28474.5,2446
2026-08-03T17:15:00+05:30,28475.25,28477.0,28403.5,28420.25,3430
2026-08-03T17:30:00+05:30,28420.25,28435.75,28383.5,28434.75,4040
2026-08-03T17:45:00+05:30,28435.5,28461.75,28421.75,28449.0,3662
2026-08-03T18:00:00+05:30,28450.0,28487.75,28437.75,28487.25,3523
2026-08-03T18:15:00+05:30,28487.5,28491.5,28442.0,28459.25,2546
2026-08-03T18:30:00+05:30,28459.25,28477.5,28440.0,28460.0,3450
2026-08-03T18:45:00+05:30,28460.25,28494.25,28396.5,28417.75,7394
2026-08-03T19:00:00+05:30,28419.0,28540.0,28313.5,28494.0,47316
2026-08-03T19:15:00+05:30,28495.0,28628.0,28443.25,28626.25,29585
2026-08-03T19:30:00+05:30,28623.75,28626.5,28529.5,28572.25,27000
2026-08-03T19:45:00+05:30,28571.25,28684.0,28558.75,28678.5,21787
2026-08-03T20:00:00+05:30,28677.5,28735.0,28661.5,28708.0,18482
2026-08-03T20:15:00+05:30,28708.0,28803.75,28699.75,28801.75,22299
2026-08-03T20:30:00+05:30,28801.0,28802.25,28747.5,28758.25,14192
2026-08-03T20:45:00+05:30,28757.0,28798.75,28722.0,28734.25,14275
2026-08-03T21:00:00+05:30,28734.25,28788.5,28731.75,28782.5,12679
2026-08-03T21:15:00+05:30,28781.75,28814.5,28775.0,28792.5,10413
2026-08-03T21:30:00+05:30,28792.5,28821.25,28790.0,28815.5,10554
2026-08-03T21:45:00+05:30,28814.25,28847.25,28812.5,28837.0,10189
2026-08-03T22:00:00+05:30,28837.0,28844.75,28811.75,28833.75,8126
2026-08-03T22:15:00+05:30,28834.25,28843.75,28819.0,28822.5,6239
2026-08-03T22:30:00+05:30,28822.75,28863.75,28813.0,28857.5,7868
2026-08-03T22:45:00+05:30,28857.75,28890.5,28855.75,28885.75,8926
2026-08-03T23:00:00+05:30,28885.5,28894.0,28874.5,28885.5,7493
2026-08-03T23:15:00+05:30,28885.75,28921.75,28884.75,28917.5,9477
2026-08-03T23:30:00+05:30,28917.5,28964.25,28917.5,28940.0,13780
2026-08-03T23:45:00+05:30,28940.5,28958.75,28890.25,28892.0,10676
2026-08-04T00:00:00+05:30,28892.0,28914.25,28882.75,28913.0,8932
2026-08-04T00:15:00+05:30,28913.25,28926.0,28892.25,28907.0,8052
2026-08-04T00:30:00+05:30,28907.5,28943.75,28895.0,28900.0,9952
2026-08-04T00:45:00+05:30,28899.5,28926.5,28898.5,28912.75,8733
2026-08-04T01:00:00+05:30,28912.75,28926.0,28899.5,28914.75,9505
2026-08-04T01:15:00+05:30,28915.25,28935.5,28865.25,28901.25,28281
2026-08-04T01:30:00+05:30,28901.5,28917.25,28878.25,28911.0,8145
2026-08-04T01:45:00+05:30,28910.75,28945.0,28910.5,28913.75,2758
2026-08-04T02:00:00+05:30,28913.25,28931.75,28909.75,28929.5,1770
2026-08-04T02:15:00+05:30,28929.75,28931.5,28914.5,28929.25,1265
2026-08-04T03:30:00+05:30,28930.0,28950.75,28919.0,28927.75,1914
2026-08-04T03:45:00+05:30,28927.75,28948.5,28927.75,28944.0,692
2026-08-04T04:00:00+05:30,28941.5,28962.25,28932.25,28957.75,1359
2026-08-04T04:15:00+05:30,28956.5,28956.75,28941.25,28945.75,961
2026-08-04T04:30:00+05:30,28944.0,28947.75,28930.25,28938.5,947
2026-08-04T04:45:00+05:30,28938.25,28958.75,28938.25,28948.75,895
2026-08-04T05:00:00+05:30,28947.75,28959.75,28934.0,28941.75,869
2026-08-04T05:15:00+05:30,28941.75,28972.25,28939.5,28971.0,1553
2026-08-04T05:30:00+05:30,28971.25,28976.25,28927.25,28930.75,3050
2026-08-04T05:45:00+05:30,28932.25,28932.75,28900.5,28905.75,2481
2026-08-04T06:00:00+05:30,28905.5,28907.75,28864.25,28891.25,3269
2026-08-04T06:15:00+05:30,28892.25,28908.25,28868.0,28876.75,2660
2026-08-04T06:30:00+05:30,28876.0,28877.25,28831.75,28858.5,3483
2026-08-04T06:45:00+05:30,28859.75,28902.5,28851.5,28901.5,2366
2026-08-04T07:00:00+05:30,28901.0,28943.5,28899.25,28942.75,2618
2026-08-04T07:15:00+05:30,28943.0,29048.0,28941.75,29041.25,4800
2026-08-04T07:30:00+05:30,29041.75,29044.75,28967.5,28971.0,3454
2026-08-04T07:45:00+05:30,28970.0,28978.0,28942.5,28949.5,2282
2026-08-04T08:00:00+05:30,28948.5,28994.5,28948.5,28985.75,2195
2026-08-04T08:15:00+05:30,28985.75,28992.0,28960.0,28972.75,1454
2026-08-04T08:30:00+05:30,28972.5,28992.0,28932.75,28941.25,1793
2026-08-04T08:45:00+05:30,28942.75,28986.0,28931.75,28976.75,1881
2026-08-04T09:00:00+05:30,28977.25,29004.5,28958.25,28968.75,1577
2026-08-04T09:15:00+05:30,28967.0,29005.5,28957.75,28995.5,1201
2026-08-04T09:30:00+05:30,28995.5,29006.25,28968.5,28974.5,1051
2026-08-04T09:45:00+05:30,28977.25,29015.25,28976.25,29007.5,884
2026-08-04T10:00:00+05:30,29009.25,29014.5,28995.75,28999.5,556
2026-08-04T10:15:00+05:30,28997.5,29023.25,28994.75,29015.5,599
2026-08-04T10:30:00+05:30,29016.25,29022.25,28978.25,28987.75,1233
2026-08-04T10:45:00+05:30,28987.75,29032.25,28983.0,29026.5,1301
2026-08-04T11:00:00+05:30,29025.25,29074.75,29025.0,29058.5,1968
2026-08-04T11:15:00+05:30,29056.25,29074.25,29042.5,29072.25,937
2026-08-04T11:30:00+05:30,29073.5,29092.5,29067.25,29089.0,1756
2026-08-04T11:45:00+05:30,29089.0,29098.75,29076.5,29081.5,1504
2026-08-04T12:00:00+05:30,29081.25,29090.0,29042.5,29054.75,1444
2026-08-04T12:15:00+05:30,29055.0,29074.0,29051.75,29073.75,874
2026-08-04T12:30:00+05:30,29072.0,29100.25,29036.5,29069.0,3623
2026-08-04T12:45:00+05:30,29069.75,29109.0,29062.25,29099.0,2191
2026-08-04T13:00:00+05:30,29099.75,29119.25,29074.25,29081.5,1885
2026-08-04T13:15:00+05:30,29080.25,29109.75,29065.25,29071.25,1394
2026-08-04T13:30:00+05:30,29072.0,29124.0,29068.0,29108.0,2214
2026-08-04T13:45:00+05:30,29106.0,29131.5,29096.75,29112.0,1633
2026-08-04T14:00:00+05:30,29111.5,29111.5,29060.0,29069.5,1741
2026-08-04T14:15:00+05:30,29067.5,29077.5,29039.0,29068.75,2216
2026-08-04T14:30:00+05:30,29069.0,29069.0,29011.75,29032.75,1839
2026-08-04T14:45:00+05:30,29033.0,29045.25,29007.5,29044.0,1638
2026-08-04T15:00:00+05:30,29046.0,29080.75,29042.0,29076.75,1435
2026-08-04T15:15:00+05:30,29076.75,29089.25,29057.5,29077.75,1436
2026-08-04T15:30:00+05:30,29078.5,29111.75,29067.25,29106.75,1284
2026-08-04T15:45:00+05:30,29106.5,29115.25,29085.75,29096.75,1670
2026-08-04T16:00:00+05:30,29096.25,29130.75,29074.0,29120.75,2530
2026-08-04T16:15:00+05:30,29120.25,29145.0,29103.25,29115.5,3016
2026-08-04T16:30:00+05:30,29116.75,29149.75,29114.25,29144.5,2249
2026-08-04T16:45:00+05:30,29144.5,29171.5,29139.5,29170.5,2336
2026-08-04T17:00:00+05:30,29170.75,29212.5,29150.25,29204.75,3579
2026-08-04T17:15:00+05:30,29203.0,29245.75,29189.75,29237.5,5004
2026-08-04T17:30:00+05:30,29238.0,29238.0,29202.5,29206.25,2758
2026-08-04T17:45:00+05:30,29205.5,29234.25,29204.0,29221.5,2435
2026-08-04T18:00:00+05:30,29223.0,29225.75,29199.0,29219.5,2484
2026-08-04T18:15:00+05:30,29219.0,29221.5,29188.0,29202.75,2649
2026-08-04T18:30:00+05:30,29203.25,29235.25,29191.25,29231.0,3277
2026-08-04T18:45:00+05:30,29232.0,29282.25,29218.5,29233.75,8512
2026-08-04T19:00:00+05:30,29234.75,29452.75,29208.25,29411.5,48076
2026-08-04T19:15:00+05:30,29410.75,29503.75,29409.75,29466.0,31654
2026-08-04T19:30:00+05:30,29465.25,29544.25,29432.0,29541.0,26373
2026-08-04T19:45:00+05:30,29540.25,29568.5,29484.0,29559.0,24833
2026-08-04T20:00:00+05:30,29558.5,29572.75,29517.25,29557.0,22165
2026-08-04T20:15:00+05:30,29557.0,29561.5,29523.5,29549.75,13824
2026-08-04T20:30:00+05:30,29549.75,29624.75,29544.0,29618.75,18136
2026-08-04T20:45:00+05:30,29619.0,29663.5,29613.25,29639.5,17271
2026-08-04T21:00:00+05:30,29639.0,29682.5,29622.0,29677.0,15007
2026-08-04T21:15:00+05:30,29677.75,29696.75,29667.5,29671.0,12141
2026-08-04T21:30:00+05:30,29671.0,29700.0,29661.25,29674.5,10319
2026-08-04T21:45:00+05:30,29674.5,29719.75,29673.75,29706.5,9954
2026-08-04T22:00:00+05:30,29706.5,29731.75,29695.0,29726.25,11109
2026-08-04T22:15:00+05:30,29726.75,29744.5,29726.25,29742.75,9478
2026-08-04T22:30:00+05:30,29742.75,29799.75,29739.25,29797.25,14050
2026-08-04T22:45:00+05:30,29797.0,29825.75,29780.5,29819.0,11522
2026-08-04T23:00:00+05:30,29819.25,29865.5,29803.5,29865.25,11621
2026-08-04T23:15:00+05:30,29865.75,29898.75,29833.5,29834.75,15114
2026-08-04T23:30:00+05:30,29835.25,29860.25,29808.0,29859.0,13556
2026-08-04T23:45:00+05:30,29859.5,29884.25,29855.0,29879.75,8783
2026-08-05T00:00:00+05:30,29880.0,29893.0,29839.75,29854.5,8936
2026-08-05T00:15:00+05:30,29855.0,29895.5,29855.0,29881.5,8774
2026-08-05T00:30:00+05:30,29881.75,29939.25,29878.25,29926.5,13717
2026-08-05T00:45:00+05:30,29926.25,29945.25,29888.75,29900.5,11578
2026-08-05T01:00:00+05:30,29901.0,29951.0,29889.0,29949.75,12047
2026-08-05T01:15:00+05:30,29949.5,29956.5,29847.5,29877.75,40486
2026-08-05T01:30:00+05:30,29877.0,29949.75,29851.5,29915.75,14921
2026-08-05T01:45:00+05:30,29913.75,29913.75,29761.25,29791.75,11034
2026-08-05T02:00:00+05:30,29790.5,29817.25,29764.5,29797.5,4278
2026-08-05T02:15:00+05:30,29797.0,29826.0,29786.0,29818.25,2599
2026-08-05T03:30:00+05:30,29777.25,29838.5,29776.5,29834.75,2373
2026-08-05T03:45:00+05:30,29834.75,29844.25,29810.25,29833.0,1455
2026-08-05T04:00:00+05:30,29835.0,29841.75,29794.75,29799.5,1988
2026-08-05T04:15:00+05:30,29800.75,29828.0,29792.25,29827.5,1119
2026-08-05T04:30:00+05:30,29825.75,29846.75,29809.75,29838.5,1424
2026-08-05T04:45:00+05:30,29838.75,29845.5,29817.75,29825.0,889
2026-08-05T05:00:00+05:30,29824.0,29844.25,29802.0,29843.0,1741
2026-08-05T05:15:00+05:30,29843.25,29857.25,29826.0,29834.75,1999
2026-08-05T05:30:00+05:30,29835.5,29865.0,29818.75,29858.5,2674
2026-08-05T05:45:00+05:30,29858.0,29864.5,29833.5,29863.0,1886
2026-08-05T06:00:00+05:30,29862.75,29877.0,29835.5,29838.75,2260
2026-08-05T06:15:00+05:30,29838.0,29862.5,29810.0,29848.75,2598
2026-08-05T06:30:00+05:30,29849.25,29861.5,29817.0,29840.0,1951
2026-08-05T06:45:00+05:30,29840.75,29842.75,29797.0,29817.75,2117
2026-08-05T07:00:00+05:30,29819.0,29844.75,29813.0,29834.0,1939
2026-08-05T07:15:00+05:30,29834.5,29887.5,29833.75,29869.0,2714
2026-08-05T07:30:00+05:30,29870.0,29889.25,29864.0,29871.0,1718
2026-08-05T07:45:00+05:30,29871.75,29876.25,29850.25,29853.0,1048
2026-08-05T08:00:00+05:30,29854.5,29863.0,29842.25,29858.75,1254
2026-08-05T08:15:00+05:30,29857.75,29875.0,29855.25,29860.75,963
2026-08-05T08:30:00+05:30,29859.0,29890.0,29855.75,29884.25,1060
2026-08-05T08:45:00+05:30,29883.5,29892.0,29863.25,29863.25,1129
2026-08-05T09:00:00+05:30,29864.75,29892.0,29858.25,29885.5,1035
2026-08-05T09:15:00+05:30,29886.5,29893.75,29867.5,29888.5,1142
2026-08-05T09:30:00+05:30,29889.0,29898.25,29882.25,29884.25,969
2026-08-05T09:45:00+05:30,29883.5,29883.75,29859.75,29871.25,841
2026-08-05T10:00:00+05:30,29872.0,29909.25,29869.25,29905.75,1408
2026-08-05T10:15:00+05:30,29904.5,29917.0,29883.5,29902.75,1233
2026-08-05T10:30:00+05:30,29902.5,29939.75,29895.0,29937.25,1521
2026-08-05T10:45:00+05:30,29937.5,29949.0,29934.0,29937.0,1009
2026-08-05T11:00:00+05:30,29936.75,29944.5,29919.75,29941.5,1675
2026-08-05T11:15:00+05:30,29942.0,29985.25,29940.75,29980.5,2732
2026-08-05T11:30:00+05:30,29980.0,29990.0,29961.0,29981.0,1630
2026-08-05T11:45:00+05:30,29980.25,29982.75,29925.5,29929.25,2019
2026-08-05T12:00:00+05:30,29929.5,29965.0,29925.75,29938.25,1483
2026-08-05T12:15:00+05:30,29941.0,29970.75,29936.75,29969.75,963
2026-08-05T12:30:00+05:30,29969.0,29987.0,29936.25,29950.75,2277
2026-08-05T12:45:00+05:30,29950.25,29953.25,29900.25,29907.5,2105
2026-08-05T13:00:00+05:30,29908.25,29919.5,29885.25,29886.25,1713
2026-08-05T13:15:00+05:30,29887.75,29913.5,29885.0,29903.25,1101
2026-08-05T13:30:00+05:30,29905.0,29926.0,29853.75,29863.75,3056
2026-08-05T13:45:00+05:30,29865.0,29873.75,29819.5,29833.75,2515
2026-08-05T14:00:00+05:30,29836.5,29844.25,29798.5,29811.75,2802
2026-08-05T14:15:00+05:30,29812.25,29843.0,29797.75,29836.5,1873
2026-08-05T14:30:00+05:30,29837.75,29853.75,29822.0,29833.75,1616
2026-08-05T14:45:00+05:30,29833.5,29864.25,29814.25,29861.25,2516
2026-08-05T15:00:00+05:30,29862.25,29888.75,29860.0,29883.25,2135
2026-08-05T15:15:00+05:30,29883.0,29893.5,29853.25,29857.5,1546
2026-08-05T15:30:00+05:30,29857.25,29871.75,29833.75,29840.5,1680
2026-08-05T15:45:00+05:30,29839.5,29866.0,29836.25,29858.75,976
2026-08-05T16:00:00+05:30,29857.5,29871.25,29850.0,29857.25,860
2026-08-05T16:15:00+05:30,29857.75,29871.0,29834.5,29862.25,1635
2026-08-05T16:30:00+05:30,29865.5,29921.0,29865.5,29904.5,3456
2026-08-05T16:45:00+05:30,29904.5,29923.0,29897.5,29900.5,1444
2026-08-05T17:00:00+05:30,29900.5,29931.25,29890.5,29916.0,2200
2026-08-05T17:15:00+05:30,29914.5,29943.5,29903.5,29919.5,2592
2026-08-05T17:30:00+05:30,29919.5,29925.75,29891.25,29920.0,2786
2026-08-05T17:45:00+05:30,29920.0,29939.75,29897.5,29935.25,3029
2026-08-05T18:00:00+05:30,29935.5,29950.0,29892.75,29941.0,3630
2026-08-05T18:15:00+05:30,29941.5,29946.5,29908.25,29915.0,2175
2026-08-05T18:30:00+05:30,29917.25,29949.5,29916.75,29929.5,2694
2026-08-05T18:45:00+05:30,29928.75,29978.5,29894.75,29975.25,6801
2026-08-05T19:00:00+05:30,29975.0,30059.0,29910.25,30052.0,46052
2026-08-05T19:15:00+05:30,30053.5,30074.0,29967.75,30048.75,30212
2026-08-05T19:30:00+05:30,30048.5,30048.5,29918.5,29998.5,26984
2026-08-05T19:45:00+05:30,29997.5,30026.0,29901.25,29915.0,23141
2026-08-05T20:00:00+05:30,29915.0,29918.75,29824.75,29862.25,30015
2026-08-05T20:15:00+05:30,29862.25,29905.5,29788.0,29848.25,26691
2026-08-05T20:30:00+05:30,29849.0,29890.75,29826.0,29839.5,18021
2026-08-05T20:45:00+05:30,29839.0,29849.5,29763.5,29809.5,21787
2026-08-05T21:00:00+05:30,29808.5,29860.75,29805.5,29819.25,11136
2026-08-05T21:15:00+05:30,29820.0,29820.75,29713.25,29738.25,16828
2026-08-05T21:30:00+05:30,29738.25,29766.0,29702.0,29731.25,14578
2026-08-05T21:45:00+05:30,29730.75,29835.25,29720.0,29829.25,15332
2026-08-05T22:00:00+05:30,29829.75,29839.75,29770.0,29788.5,11139
2026-08-05T22:15:00+05:30,29789.25,29826.25,29778.5,29808.25,7538
2026-08-05T22:30:00+05:30,29809.75,29819.75,29744.25,29767.25,8991
2026-08-05T22:45:00+05:30,29766.75,29782.0,29740.5,29754.5,7449
2026-08-05T23:00:00+05:30,29754.25,29779.25,29738.75,29757.5,6429
2026-08-05T23:15:00+05:30,29756.5,29774.75,29734.25,29757.0,6345
2026-08-05T23:30:00+05:30,29756.75,29788.5,29752.25,29762.5,7524
2026-08-05T23:45:00+05:30,29763.0,29781.75,29755.25,29776.0,5335
2026-08-06T00:00:00+05:30,29776.25,29776.5,29727.25,29741.75,7661
2026-08-06T00:15:00+05:30,29742.0,29765.0,29722.75,29725.75,6357
2026-08-06T00:30:00+05:30,29726.75,29778.25,29718.5,29774.25,8486
2026-08-06T00:45:00+05:30,29774.25,29779.25,29753.75,29756.5,6585
2026-08-06T01:00:00+05:30,29757.0,29763.25,29706.0,29711.0,9489
2026-08-06T01:15:00+05:30,29711.5,29735.0,29592.75,29606.75,27821
2026-08-06T01:30:00+05:30,29607.0,29618.25,29530.75,29604.75,20803
2026-08-06T01:45:00+05:30,29605.5,29618.0,29561.75,29569.75,4643
2026-08-06T02:00:00+05:30,29571.25,29603.0,29566.25,29598.5,2377
2026-08-06T02:15:00+05:30,29598.0,29607.75,29576.0,29600.25,1934
2026-08-06T03:30:00+05:30,29569.5,29596.5,29563.5,29573.5,1931
2026-08-06T03:45:00+05:30,29573.0,29638.0,29571.75,29627.75,1746
2026-08-06T04:00:00+05:30,29628.0,29670.5,29623.5,29654.75,2099
2026-08-06T04:15:00+05:30,29655.0,29679.5,29615.75,29623.25,2464
2026-08-06T04:30:00+05:30,29622.75,29636.0,29612.25,29631.0,866
2026-08-06T04:45:00+05:30,29631.0,29649.5,29618.5,29629.25,1099
2026-08-06T05:00:00+05:30,29629.25,29636.75,29575.25,29589.5,2481
2026-08-06T05:15:00+05:30,29586.0,29589.0,29566.0,29583.5,1688
2026-08-06T05:30:00+05:30,29584.25,29601.75,29546.75,29581.0,3185
2026-08-06T05:45:00+05:30,29580.5,29608.0,29553.0,29560.5,2360
2026-08-06T06:00:00+05:30,29561.5,29588.0,29547.75,29560.5,2122
2026-08-06T06:15:00+05:30,29560.25,29579.25,29535.25,29537.5,1807
2026-08-06T06:30:00+05:30,29539.25,29540.75,29501.25,29521.5,2729
2026-08-06T06:45:00+05:30,29523.25,29523.25,29454.25,29473.25,3219
2026-08-06T07:00:00+05:30,29472.75,29508.75,29469.5,29475.0,2638
2026-08-06T07:15:00+05:30,29475.5,29519.0,29473.25,29498.0,1826
2026-08-06T07:30:00+05:30,29497.75,29557.25,29490.75,29541.75,2626
2026-08-06T07:45:00+05:30,29543.0,29578.75,29537.25,29548.75,1807
2026-08-06T08:00:00+05:30,29546.5,29618.5,29529.25,29617.25,2459
2026-08-06T08:15:00+05:30,29616.25,29621.0,29585.75,29593.0,1808
2026-08-06T08:30:00+05:30,29593.75,29608.5,29574.5,29579.25,1458
2026-08-06T08:45:00+05:30,29579.0,29585.75,29535.0,29543.0,1601
2026-08-06T09:00:00+05:30,29543.5,29563.25,29525.0,29552.75,1570
2026-08-06T09:15:00+05:30,29553.0,29583.75,29541.25,29580.75,1505
2026-08-06T09:30:00+05:30,29582.25,29584.25,29535.5,29560.25,1327
2026-08-06T09:45:00+05:30,29556.75,29599.75,29556.5,29585.0,1072
2026-08-06T10:00:00+05:30,29585.75,29600.0,29541.75,29555.0,1178
2026-08-06T10:15:00+05:30,29555.25,29575.5,29545.0,29574.75,801
2026-08-06T10:30:00+05:30,29575.25,29596.25,29558.0,29580.5,1137
2026-08-06T10:45:00+05:30,29582.5,29593.75,29565.5,29580.0,703
2026-08-06T11:00:00+05:30,29579.75,29583.0,29550.0,29581.75,1113
2026-08-06T11:15:00+05:30,29583.25,29583.75,29544.25,29580.75,1219
2026-08-06T11:30:00+05:30,29580.0,29581.75,29499.0,29506.75,2161
2026-08-06T11:45:00+05:30,29505.75,29548.75,29485.0,29547.25,2515
2026-08-06T12:00:00+05:30,29546.5,29548.75,29495.75,29504.5,1556
2026-08-06T12:15:00+05:30,29505.5,29527.75,29486.25,29523.0,1254
2026-08-06T12:30:00+05:30,29520.25,29563.0,29506.75,29552.0,1914
2026-08-06T12:45:00+05:30,29551.0,29562.5,29523.5,29536.5,1384
2026-08-06T13:00:00+05:30,29536.5,29541.0,29501.25,29517.75,1137
2026-08-06T13:15:00+05:30,29516.75,29538.25,29500.75,29507.25,1230
2026-08-06T13:30:00+05:30,29507.25,29525.75,29443.75,29460.0,3058
2026-08-06T13:45:00+05:30,29460.75,29511.5,29447.75,29508.25,1973
2026-08-06T14:00:00+05:30,29509.5,29532.5,29500.5,29502.75,1571
2026-08-06T14:15:00+05:30,29504.75,29524.5,29490.25,29517.25,1393
2026-08-06T14:30:00+05:30,29517.25,29517.25,29437.5,29447.75,1799
2026-08-06T14:45:00+05:30,29448.25,29493.75,29446.5,29482.5,1222
2026-08-06T15:00:00+05:30,29482.0,29498.75,29475.75,29489.25,713
2026-08-06T15:15:00+05:30,29489.75,29531.0,29489.5,29526.75,1263
2026-08-06T15:30:00+05:30,29526.75,29533.75,29496.25,29503.25,1058
2026-08-06T15:45:00+05:30,29503.25,29525.75,29494.25,29517.0,959
2026-08-06T16:00:00+05:30,29517.5,29519.5,29473.5,29480.25,1218
2026-08-06T16:15:00+05:30,29479.75,29492.75,29468.0,29484.5,1494
2026-08-06T16:30:00+05:30,29484.5,29488.5,29364.75,29417.25,5795
2026-08-06T16:45:00+05:30,29419.75,29474.75,29417.25,29469.25,2607
2026-08-06T17:00:00+05:30,29469.5,29516.5,29469.25,29495.5,3521
2026-08-06T17:15:00+05:30,29494.25,29512.0,29438.0,29467.25,3748
2026-08-06T17:30:00+05:30,29466.0,29476.5,29406.25,29411.25,3534
2026-08-06T17:45:00+05:30,29413.5,29450.75,29387.5,29432.5,3959
2026-08-06T18:00:00+05:30,29430.0,29463.5,29413.75,29432.25,3124
2026-08-06T18:15:00+05:30,29432.0,29439.5,29389.5,29399.5,3113
2026-08-06T18:30:00+05:30,29400.25,29404.5,29350.25,29351.5,4811
2026-08-06T18:45:00+05:30,29351.0,29367.0,29326.25,29334.5,8302
2026-08-06T19:00:00+05:30,29335.0,29474.25,29241.25,29458.75,49061
2026-08-06T19:15:00+05:30,29458.0,29551.0,29447.5,29528.25,30926
2026-08-06T19:30:00+05:30,29528.75,29619.0,29488.0,29608.5,26300
2026-08-06T19:45:00+05:30,29608.75,29667.0,29564.75,29587.0,24071
2026-08-06T20:00:00+05:30,29589.0,29650.75,29545.25,29583.5,22779
2026-08-06T20:15:00+05:30,29582.5,29659.25,29533.75,29656.75,18215
2026-08-06T20:30:00+05:30,29656.5,29686.25,29598.75,29646.5,18302
2026-08-06T20:45:00+05:30,29646.25,29663.25,29564.25,29608.5,16380
2026-08-06T21:00:00+05:30,29608.25,29628.0,29533.0,29534.0,14923
2026-08-06T21:15:00+05:30,29535.0,29624.5,29506.0,29516.25,19903
2026-08-06T21:30:00+05:30,29515.75,29542.75,29478.25,29488.25,15998
2026-08-06T21:45:00+05:30,29488.5,29504.5,29448.5,29471.5,14251
2026-08-06T22:00:00+05:30,29472.25,29527.25,29462.25,29478.25,11297
2026-08-06T22:15:00+05:30,29478.5,29558.5,29468.5,29556.5,9841
2026-08-06T22:30:00+05:30,29557.25,29574.25,29518.0,29523.75,9568
2026-08-06T22:45:00+05:30,29524.0,29551.5,29512.25,29527.75,7339
2026-08-06T23:00:00+05:30,29526.75,29543.0,29493.75,29510.0,6738
2026-08-06T23:15:00+05:30,29510.25,29533.5,29494.25,29529.0,6999
2026-08-06T23:30:00+05:30,29529.0,29546.75,29507.25,29542.75,6602
2026-08-06T23:45:00+05:30,29542.75,29575.5,29498.5,29556.5,10264
2026-08-07T00:00:00+05:30,29556.5,29561.0,29500.5,29520.0,6601
2026-08-07T00:15:00+05:30,29521.25,29537.0,29506.0,29515.5,6322
2026-08-07T00:30:00+05:30,29515.75,29570.25,29510.25,29536.25,8515
2026-08-07T00:45:00+05:30,29535.5,29551.25,29496.5,29509.0,8193
2026-08-07T01:00:00+05:30,29508.0,29545.5,29489.25,29504.0,8037
2026-08-07T01:15:00+05:30,29504.0,29536.25,29475.0,29496.75,22884
2026-08-07T01:30:00+05:30,29496.75,29552.0,29496.0,29537.0,8444
2026-08-07T01:45:00+05:30,29536.75,29548.75,29482.75,29492.5,4013
2026-08-07T02:00:00+05:30,29492.5,29504.75,29480.25,29494.0,1671
2026-08-07T02:15:00+05:30,29494.75,29506.25,29489.0,29504.25,1228
2026-08-07T03:30:00+05:30,29514.25,29579.0,29494.5,29573.25,1850
2026-08-07T03:45:00+05:30,29571.75,29581.75,29543.25,29550.0,1393
2026-08-07T04:00:00+05:30,29549.0,29562.0,29529.25,29553.75,966
2026-08-07T04:15:00+05:30,29554.25,29568.25,29547.25,29566.0,560
2026-08-07T04:30:00+05:30,29564.75,29572.25,29554.25,29558.0,653
2026-08-07T04:45:00+05:30,29559.25,29597.0,29559.25,29573.0,1324
2026-08-07T05:00:00+05:30,29572.5,29589.25,29563.25,29583.0,894
2026-08-07T05:15:00+05:30,29583.0,29603.5,29575.0,29593.25,1143
2026-08-07T05:30:00+05:30,29595.25,29618.75,29562.0,29575.5,2281
2026-08-07T05:45:00+05:30,29575.25,29575.25,29497.25,29513.5,3462
2026-08-07T06:00:00+05:30,29513.0,29575.0,29500.75,29539.75,3305
2026-08-07T06:15:00+05:30,29541.75,29573.0,29503.75,29561.25,2642
2026-08-07T06:30:00+05:30,29561.75,29582.0,29515.0,29524.0,2379
2026-08-07T06:45:00+05:30,29526.0,29536.0,29482.5,29531.25,2633
2026-08-07T07:00:00+05:30,29529.5,29581.25,29493.75,29521.75,3131
2026-08-07T07:15:00+05:30,29522.0,29540.0,29502.25,29526.25,1647
2026-08-07T07:30:00+05:30,29527.0,29548.0,29489.5,29530.75,2710
2026-08-07T07:45:00+05:30,29530.0,29542.0,29514.5,29525.5,844
2026-08-07T08:00:00+05:30,29526.5,29527.25,29475.5,29500.25,1965
2026-08-07T08:15:00+05:30,29498.75,29535.5,29494.0,29527.0,965
2026-08-07T08:30:00+05:30,29526.0,29548.0,29526.0,29529.5,1041
2026-08-07T08:45:00+05:30,29531.5,29535.0,29491.25,29505.0,1326
2026-08-07T09:00:00+05:30,29503.0,29522.25,29496.25,29505.25,730
2026-08-07T09:15:00+05:30,29507.0,29512.75,29485.25,29488.5,649
2026-08-07T09:30:00+05:30,29488.75,29500.75,29475.0,29479.0,1149
2026-08-07T09:45:00+05:30,29478.5,29516.75,29453.5,29508.25,2620
2026-08-07T10:00:00+05:30,29508.25,29526.0,29492.0,29495.5,1233
2026-08-07T10:15:00+05:30,29494.5,29513.5,29489.25,29511.5,828
2026-08-07T10:30:00+05:30,29510.75,29556.75,29507.5,29539.5,2310
2026-08-07T10:45:00+05:30,29539.5,29554.75,29538.0,29549.25,611
2026-08-07T11:00:00+05:30,29547.75,29550.0,29519.75,29534.0,767
2026-08-07T11:15:00+05:30,29534.0,29538.75,29522.75,29523.5,513
2026-08-07T11:30:00+05:30,29523.5,29564.5,29520.0,29559.75,1551
2026-08-07T11:45:00+05:30,29557.5,29583.5,29543.25,29580.5,2319
2026-08-07T12:00:00+05:30,29580.25,29583.5,29539.0,29546.5,1222
2026-08-07T12:15:00+05:30,29544.25,29555.0,29537.75,29553.0,1075
2026-08-07T12:30:00+05:30,29552.0,29591.75,29533.0,29591.5,2209
2026-08-07T12:45:00+05:30,29591.5,29592.5,29574.0,29587.75,1024
2026-08-07T13:00:00+05:30,29588.75,29591.0,29570.25,29583.0,875
2026-08-07T13:15:00+05:30,29582.5,29589.25,29561.25,29583.75,981
2026-08-07T13:30:00+05:30,29584.25,29626.5,29584.0,29624.0,2343
2026-08-07T13:45:00+05:30,29625.0,29629.75,29599.25,29623.75,1368
2026-08-07T14:00:00+05:30,29623.5,29647.25,29609.25,29625.75,1873
2026-08-07T14:15:00+05:30,29625.75,29637.75,29615.0,29632.5,1939
2026-08-07T14:30:00+05:30,29633.5,29649.0,29625.25,29641.75,1146
2026-08-07T14:45:00+05:30,29642.0,29649.0,29624.75,29634.5,904
2026-08-07T15:00:00+05:30,29634.5,29647.0,29621.25,29629.0,715
2026-08-07T15:15:00+05:30,29629.5,29636.0,29616.0,29616.5,715
2026-08-07T15:30:00+05:30,29618.25,29628.0,29609.25,29609.75,875
2026-08-07T15:45:00+05:30,29609.25,29621.5,29591.25,29621.25,1081
2026-08-07T16:00:00+05:30,29621.5,29625.25,29609.25,29623.5,613
2026-08-07T16:15:00+05:30,29621.25,29624.0,29602.25,29607.25,798
2026-08-07T16:30:00+05:30,29606.5,29648.25,29606.25,29637.0,1584
2026-08-07T16:45:00+05:30,29637.25,29666.25,29636.75,29654.0,1466
2026-08-07T17:00:00+05:30,29652.25,29673.25,29647.25,29666.0,1231
2026-08-07T17:15:00+05:30,29664.5,29666.25,29604.25,29614.0,3039
2026-08-07T17:30:00+05:30,29614.5,29675.75,29604.75,29658.5,2722
2026-08-07T17:45:00+05:30,29658.75,29686.0,29618.5,29683.5,3165
2026-08-07T18:00:00+05:30,29676.25,29814.0,29643.75,29801.75,12793
2026-08-07T18:15:00+05:30,29801.5,29867.75,29801.5,29843.25,9311
2026-08-07T18:30:00+05:30,29843.75,29850.5,29734.25,29741.0,9682
2026-08-07T18:45:00+05:30,29741.25,29745.25,29685.0,29714.75,9011
2026-08-07T19:00:00+05:30,29714.0,29813.25,29681.0,29788.5,43838
2026-08-07T19:15:00+05:30,29786.75,29820.0,29643.75,29677.25,30408
2026-08-07T19:30:00+05:30,29679.5,29713.25,29564.5,29585.0,32524
2026-08-07T19:45:00+05:30,29585.0,29779.5,29568.5,29761.25,28652
2026-08-07T20:00:00+05:30,29761.0,29775.0,29660.0,29676.0,23813
2026-08-07T20:15:00+05:30,29676.75,29734.0,29667.75,29721.0,17985
2026-08-07T20:30:00+05:30,29720.25,29782.5,29709.0,29759.75,14232
2026-08-07T20:45:00+05:30,29760.25,29828.75,29746.5,29826.75,14255
2026-08-07T21:00:00+05:30,29826.0,29855.25,29794.25,29811.75,14858
2026-08-07T21:15:00+05:30,29812.0,29843.25,29796.5,29814.0,9732
2026-08-07T21:30:00+05:30,29814.75,29830.0,29795.0,29800.75,7837
2026-08-07T21:45:00+05:30,29800.5,29819.0,29688.75,29714.0,15056
2026-08-07T22:00:00+05:30,29714.0,29761.25,29668.75,29754.25,15011
2026-08-07T22:15:00+05:30,29754.5,29780.75,29738.75,29739.5,9693
2026-08-07T22:30:00+05:30,29739.75,29768.0,29726.75,29736.0,7463
2026-08-07T22:45:00+05:30,29735.25,29764.5,29726.25,29747.5,6249
2026-08-07T23:00:00+05:30,29747.5,29764.25,29727.0,29745.25,5795
2026-08-07T23:15:00+05:30,29746.0,29759.25,29735.5,29743.25,4279
2026-08-07T23:30:00+05:30,29743.5,29754.75,29712.5,29721.5,5527
2026-08-07T23:45:00+05:30,29722.0,29734.25,29702.75,29705.75,5381
2026-08-08T00:00:00+05:30,29705.5,29724.25,29678.75,29681.25,6157
2026-08-08T00:15:00+05:30,29681.5,29729.0,29676.5,29725.0,6348
2026-08-08T00:30:00+05:30,29725.25,29810.75,29723.0,29800.0,11911
2026-08-08T00:45:00+05:30,29800.25,29823.0,29791.75,29811.0,8636
2026-08-08T01:00:00+05:30,29811.25,29812.0,29772.25,29779.25,8476
2026-08-08T01:15:00+05:30,29778.75,29860.25,29778.0,29833.25,25048
2026-08-08T01:30:00+05:30,29834.0,29850.75,29805.25,29820.25,8932
2026-08-08T01:45:00+05:30,29820.5,29829.0,29803.75,29805.0,1490
2026-08-08T02:00:00+05:30,29805.5,29823.75,29802.5,29814.25,1684
2026-08-08T02:15:00+05:30,29814.25,29845.0,29813.0,29839.5,1786
2026-08-10T03:30:00+05:30,29851.25,29896.75,29820.0,29826.25,3645
2026-08-10T03:45:00+05:30,29828.5,29854.5,29805.25,29838.0,2092
2026-08-10T04:00:00+05:30,29838.5,29853.5,29814.5,29837.5,1274
2026-08-10T04:15:00+05:30,29837.5,29851.0,29831.5,29844.25,744
2026-08-10T04:30:00+05:30,29845.25,29877.0,29833.5,29862.75,1192
2026-08-10T04:45:00+05:30,29860.5,29882.25,29856.25,29864.25,1076
2026-08-10T05:00:00+05:30,29865.25,29865.75,29834.75,29862.25,1312
2026-08-10T05:15:00+05:30,29862.0,29872.0,29828.25,29829.5,1098
2026-08-10T05:30:00+05:30,29830.25,29906.5,29796.25,29893.0,3564
2026-08-10T05:45:00+05:30,29891.5,29899.5,29840.0,29845.75,2047
2026-08-10T06:00:00+05:30,29847.0,29865.25,29799.75,29804.5,2085
2026-08-10T06:15:00+05:30,29806.25,29830.5,29788.5,29802.0,1918
2026-08-10T06:30:00+05:30,29803.25,29855.0,29791.0,29853.0,1972
2026-08-10T06:45:00+05:30,29851.75,29882.5,29845.75,29865.25,1792
2026-08-10T07:00:00+05:30,29864.0,29881.5,29840.75,29875.5,1504
2026-08-10T07:15:00+05:30,29876.5,29895.0,29871.75,29885.0,883
2026-08-10T07:30:00+05:30,29886.0,29892.25,29869.25,29871.25,915
2026-08-10T07:45:00+05:30,29873.25,29874.5,29852.75,29870.0,1095
2026-08-10T08:00:00+05:30,29870.0,29890.75,29848.25,29890.25,855
2026-08-10T08:15:00+05:30,29889.0,29899.5,29880.25,29880.25,747
2026-08-10T08:30:00+05:30,29881.25,29892.0,29869.25,29876.25,596
2026-08-10T08:45:00+05:30,29876.0,29891.25,29871.25,29882.5,629
2026-08-10T09:00:00+05:30,29880.0,29898.0,29872.75,29896.5,705
2026-08-10T09:15:00+05:30,29896.5,29899.0,29871.25,29878.0,695
2026-08-10T09:30:00+05:30,29878.25,29897.75,29873.0,29895.5,631
2026-08-10T09:45:00+05:30,29894.25,29904.0,29891.0,29899.25,579
2026-08-10T10:00:00+05:30,29898.25,29899.75,29863.0,29887.25,889
2026-08-10T10:15:00+05:30,29887.25,29902.25,29873.75,29882.75,742
2026-08-10T10:30:00+05:30,29882.25,29918.25,29881.0,29916.25,1179
2026-08-10T10:45:00+05:30,29916.75,29924.5,29909.0,29910.75,847
2026-08-10T11:00:00+05:30,29912.0,29919.0,29903.5,29905.5,761
2026-08-10T11:15:00+05:30,29905.25,29930.5,29899.5,29930.5,928
2026-08-10T11:30:00+05:30,29930.0,29962.0,29927.5,29956.25,1883
2026-08-10T11:45:00+05:30,29956.0,29962.75,29907.5,29914.25,1907
2026-08-10T12:00:00+05:30,29914.25,29925.25,29907.0,29917.25,966
2026-08-10T12:15:00+05:30,29917.5,29923.5,29906.0,29908.5,787
2026-08-10T12:30:00+05:30,29909.25,29923.0,29886.25,29914.0,1468
2026-08-10T12:45:00+05:30,29914.0,29952.5,29911.25,29952.25,1651
2026-08-10T13:00:00+05:30,29950.75,29970.0,29948.0,29965.5,1164
2026-08-10T13:15:00+05:30,29965.75,29984.0,29935.75,29951.5,1305
2026-08-10T13:30:00+05:30,29952.5,29981.0,29947.0,29963.0,1421
2026-08-10T13:45:00+05:30,29961.75,29973.0,29939.5,29953.5,925
2026-08-10T14:00:00+05:30,29952.0,29972.0,29944.0,29955.5,735
2026-08-10T14:15:00+05:30,29954.75,29975.0,29949.0,29971.5,718
2026-08-10T14:30:00+05:30,29971.5,29983.75,29966.0,29976.0,873
2026-08-10T14:45:00+05:30,29974.75,29981.75,29963.5,29967.75,584
2026-08-10T15:00:00+05:30,29968.5,29972.0,29936.5,29945.0,978
2026-08-10T15:15:00+05:30,29943.75,29952.0,29936.0,29938.75,511
2026-08-10T15:30:00+05:30,29939.25,29959.0,29916.0,29917.75,1109
2026-08-10T15:45:00+05:30,29917.75,29952.25,29916.5,29946.75,952
2026-08-10T16:00:00+05:30,29943.5,29945.5,29910.0,29919.5,941
2026-08-10T16:15:00+05:30,29918.75,29938.25,29909.25,29912.25,1017
2026-08-10T16:30:00+05:30,29912.75,29926.0,29851.5,29876.5,2354
2026-08-10T16:45:00+05:30,29877.25,29913.0,29864.25,29909.0,1805
2026-08-10T17:00:00+05:30,29909.25,29919.75,29872.0,29874.75,1960
2026-08-10T17:15:00+05:30,29874.25,29884.25,29846.0,29871.0,2313
2026-08-10T17:30:00+05:30,29870.25,29883.75,29843.75,29845.0,1445
2026-08-10T17:45:00+05:30,29845.75,29846.5,29810.25,29821.0,1953
2026-08-10T18:00:00+05:30,29823.25,29827.5,29782.25,29804.0,3398
2026-08-10T18:15:00+05:30,29803.75,29810.0,29771.75,29777.0,2379
2026-08-10T18:30:00+05:30,29778.5,29816.0,29772.25,29805.0,3400
2026-08-10T18:45:00+05:30,29804.5,29823.75,29789.5,29805.5,4588
2026-08-10T19:00:00+05:30,29805.5,29841.75,29718.75,29776.0,37349
2026-08-10T19:15:00+05:30,29775.75,29832.75,29754.5,29806.75,23983
2026-08-10T19:30:00+05:30,29807.0,29892.0,29788.25,29881.5,19208
2026-08-10T19:45:00+05:30,29882.0,29900.0,29814.75,29857.75,18027
2026-08-10T20:00:00+05:30,29858.25,29892.25,29846.75,29866.75,13098
2026-08-10T20:15:00+05:30,29866.5,29886.0,29777.75,29779.75,14550
2026-08-10T20:30:00+05:30,29780.0,29822.5,29766.0,29793.25,14567
2026-08-10T20:45:00+05:30,29793.25,29817.25,29753.5,29777.75,10800
2026-08-10T21:00:00+05:30,29777.0,29809.0,29740.75,29808.25,10171
2026-08-10T21:15:00+05:30,29808.25,29854.5,29786.25,29844.0,10033
2026-08-10T21:30:00+05:30,29844.5,29858.75,29811.75,29822.0,7408
2026-08-10T21:45:00+05:30,29822.0,29843.5,29804.75,29809.75,7222
2026-08-10T22:00:00+05:30,29809.5,29817.0,29729.5,29742.25,12885
2026-08-10T22:15:00+05:30,29742.75,29781.0,29733.0,29780.0,8479
2026-08-10T22:30:00+05:30,29780.25,29809.0,29760.75,29800.75,7604
2026-08-10T22:45:00+05:30,29800.75,29811.25,29776.25,29787.5,5259
2026-08-10T23:00:00+05:30,29786.75,29796.5,29756.0,29759.5,5300
2026-08-10T23:15:00+05:30,29760.0,29765.25,29744.25,29759.75,5438
2026-08-10T23:30:00+05:30,29759.0,29772.75,29748.5,29751.25,4342
2026-08-10T23:45:00+05:30,29751.75,29756.5,29742.5,29747.75,4084
2026-08-11T00:00:00+05:30,29747.5,29773.5,29741.5,29771.75,5683
2026-08-11T00:15:00+05:30,29772.0,29784.5,29759.75,29782.0,4509
2026-08-11T00:30:00+05:30,29782.75,29795.0,29775.5,29789.5,5168
2026-08-11T00:45:00+05:30,29789.75,29796.0,29779.75,29781.75,4870
2026-08-11T01:00:00+05:30,29782.25,29793.0,29770.25,29776.25,5795
2026-08-11T01:15:00+05:30,29776.0,29784.25,29722.5,29744.0,23398
2026-08-11T01:30:00+05:30,29744.25,29754.75,29740.0,29745.0,6445
2026-08-11T01:45:00+05:30,29745.0,29754.5,29737.0,29751.75,1625
2026-08-11T02:00:00+05:30,29751.75,29760.0,29743.25,29757.5,1237
2026-08-11T02:15:00+05:30,29758.0,29770.0,29755.75,29764.25,1244
2026-08-11T03:30:00+05:30,29764.5,29788.5,29752.0,29761.5,1391
2026-08-11T03:45:00+05:30,29761.75,29762.75,29733.0,29746.25,1056
2026-08-11T04:00:00+05:30,29746.0,29746.25,29722.25,29725.25,1037
2026-08-11T04:15:00+05:30,29724.5,29736.75,29724.5,29732.5,383
2026-08-11T04:30:00+05:30,29732.5,29735.5,29720.75,29731.25,519
2026-08-11T04:45:00+05:30,29731.5,29732.0,29701.25,29708.5,1306
2026-08-11T05:00:00+05:30,29708.5,29715.5,29702.5,29714.25,570
2026-08-11T05:15:00+05:30,29713.75,29726.75,29677.5,29704.5,2012
2026-08-11T05:30:00+05:30,29703.75,29753.5,29666.0,29748.75,4022
2026-08-11T05:45:00+05:30,29746.75,29765.0,29725.0,29762.75,2476
2026-08-11T06:00:00+05:30,29764.0,29784.0,29756.0,29778.25,1657
2026-08-11T06:15:00+05:30,29779.25,29793.75,29777.0,29785.0,1316
2026-08-11T06:30:00+05:30,29784.75,29826.0,29764.5,29826.0,3104
2026-08-11T06:45:00+05:30,29825.25,29839.5,29808.75,29821.75,1742
2026-08-11T07:00:00+05:30,29819.25,29827.5,29810.0,29822.5,970
2026-08-11T07:15:00+05:30,29820.75,29842.5,29817.0,29818.25,1352
2026-08-11T07:30:00+05:30,29818.0,29830.5,29812.0,29819.5,869
2026-08-11T07:45:00+05:30,29821.25,29827.25,29813.0,29825.0,599
2026-08-11T08:00:00+05:30,29824.0,29839.0,29824.0,29838.75,896
2026-08-11T08:15:00+05:30,29839.5,29844.5,29815.0,29818.25,904
2026-08-11T08:30:00+05:30,29817.75,29832.75,29815.0,29821.5,691
2026-08-11T08:45:00+05:30,29822.5,29847.5,29817.5,29840.75,943
2026-08-11T09:00:00+05:30,29842.25,29843.0,29826.0,29831.75,638
2026-08-11T09:15:00+05:30,29833.5,29842.75,29828.25,29832.0,452
2026-08-11T09:30:00+05:30,29832.5,29851.25,29832.5,29847.75,693
2026-08-11T09:45:00+05:30,29848.5,29854.5,29838.25,29852.75,758
2026-08-11T10:00:00+05:30,29852.5,29861.75,29835.5,29838.25,825
2026-08-11T10:15:00+05:30,29839.25,29846.0,29834.5,29838.75,368
2026-08-11T10:30:00+05:30,29838.75,29854.25,29830.25,29852.0,538
2026-08-11T10:45:00+05:30,29852.25,29853.5,29813.25,29813.75,888
2026-08-11T11:00:00+05:30,29813.25,29829.5,29798.25,29815.5,1518
2026-08-11T11:15:00+05:30,29814.5,29817.0,29786.75,29793.25,1086
2026-08-11T11:30:00+05:30,29792.5,29827.75,29787.25,29819.5,1117
2026-08-11T11:45:00+05:30,29820.0,29822.0,29766.25,29771.25,1886
2026-08-11T12:00:00+05:30,29770.5,29789.25,29732.5,29782.0,2836
2026-08-11T12:15:00+05:30,29785.25,29786.75,29738.5,29754.25,1446
2026-08-11T12:30:00+05:30,29755.75,29769.75,29733.25,29759.75,1400
2026-08-11T12:45:00+05:30,29758.25,29765.0,29728.0,29743.25,1371
2026-08-11T13:00:00+05:30,29744.25,29780.25,29743.25,29769.0,1058
2026-08-11T13:15:00+05:30,29767.5,29779.5,29756.0,29774.75,864
2026-08-11T13:30:00+05:30,29776.0,29804.25,29730.5,29731.25,2318
2026-08-11T13:45:00+05:30,29730.75,29747.25,29718.0,29733.0,1309
2026-08-11T14:00:00+05:30,29733.5,29754.75,29717.75,29753.75,1202
2026-08-11T14:15:00+05:30,29752.5,29763.5,29741.75,29749.5,793
2026-08-11T14:30:00+05:30,29748.0,29756.25,29718.75,29733.0,1381
2026-08-11T14:45:00+05:30,29732.25,29765.75,29731.25,29759.0,1133
2026-08-11T15:00:00+05:30,29759.25,29784.0,29754.5,29767.5,1149
2026-08-11T15:15:00+05:30,29768.25,29781.5,29764.25,29768.75,461
2026-08-11T15:30:00+05:30,29770.25,29773.0,29754.75,29756.25,659
2026-08-11T15:45:00+05:30,29756.25,29832.75,29750.25,29821.25,2051
2026-08-11T16:00:00+05:30,29821.75,29823.75,29801.75,29815.0,1020
2026-08-11T16:15:00+05:30,29814.25,29827.5,29812.25,29818.0,570
2026-08-11T16:30:00+05:30,29818.75,29886.75,29818.25,29872.0,5200
2026-08-11T16:45:00+05:30,29871.0,29873.0,29828.5,29834.25,1812
2026-08-11T17:00:00+05:30,29833.75,29837.0,29811.0,29824.5,1557
2026-08-11T17:15:00+05:30,29825.25,29835.25,29812.75,29832.0,931
2026-08-11T17:30:00+05:30,29832.75,29864.25,29819.5,29862.25,1825
2026-08-11T17:45:00+05:30,29861.25,29871.5,29821.5,29828.5,3139
2026-08-11T18:00:00+05:30,29829.75,29857.25,29819.0,29846.0,1652
2026-08-11T18:15:00+05:30,29847.0,29854.0,29827.0,29833.75,1529
2026-08-11T18:30:00+05:30,29832.5,29851.25,29820.25,29827.5,2324
2026-08-11T18:45:00+05:30,29827.75,29845.75,29813.0,29839.0,5266
2026-08-11T19:00:00+05:30,29839.25,29842.5,29679.0,29723.25,38972
2026-08-11T19:15:00+05:30,29723.75,29735.0,29631.75,29732.75,30173
2026-08-11T19:30:00+05:30,29732.5,29792.5,29718.25,29763.0,20101
2026-08-11T19:45:00+05:30,29762.0,29791.75,29737.5,29777.25,18645
2026-08-11T20:00:00+05:30,29777.75,29785.25,29728.25,29742.75,15311
2026-08-11T20:15:00+05:30,29741.75,29804.75,29740.5,29777.0,13773
2026-08-11T20:30:00+05:30,29776.5,29792.25,29703.25,29712.25,15518
2026-08-11T20:45:00+05:30,29711.0,29735.25,29697.5,29702.25,11762
2026-08-11T21:00:00+05:30,29703.0,29719.5,29663.75,29693.0,12783
2026-08-11T21:15:00+05:30,29693.25,29693.75,29658.75,29663.25,9928
2026-08-11T21:30:00+05:30,29663.75,29681.75,29647.75,29652.5,9291
2026-08-11T21:45:00+05:30,29652.75,29669.75,29622.0,29645.75,10254
2026-08-11T22:00:00+05:30,29645.75,29666.75,29630.75,29637.0,7774
2026-08-11T22:15:00+05:30,29637.0,29643.0,29614.75,29626.0,9658
2026-08-11T22:30:00+05:30,29626.75,29634.75,29577.0,29578.25,9148
2026-08-11T22:45:00+05:30,29578.25,29618.0,29573.0,29606.0,10100
2026-08-11T23:00:00+05:30,29606.5,29638.0,29598.75,29634.25,7466
2026-08-11T23:15:00+05:30,29634.5,29640.75,29622.25,29628.75,5652
2026-08-11T23:30:00+05:30,29629.25,29635.75,29602.0,29607.75,7660
2026-08-11T23:45:00+05:30,29608.0,29614.0,29533.5,29544.25,10377
2026-08-12T00:00:00+05:30,29545.0,29576.75,29540.0,29548.75,8603
2026-08-12T00:15:00+05:30,29548.75,29599.5,29548.25,29582.75,7147
2026-08-12T00:30:00+05:30,29582.25,29614.5,29571.5,29607.75,8020
2026-08-12T00:45:00+05:30,29608.0,29627.0,29602.0,29624.0,6247
2026-08-12T01:00:00+05:30,29624.5,29660.25,29620.0,29639.75,10336
2026-08-12T01:15:00+05:30,29640.0,29650.0,29607.0,29636.0,22039
2026-08-12T01:30:00+05:30,29635.75,29651.75,29614.75,29640.25,8687
2026-08-12T01:45:00+05:30,29640.5,29676.5,29639.0,29674.75,2613
2026-08-12T02:00:00+05:30,29674.5,29676.0,29664.5,29670.0,1281
2026-08-12T02:15:00+05:30,29670.75,29671.25,29643.5,29646.75,1485
2026-08-12T03:30:00+05:30,29657.75,29661.0,29626.75,29658.25,1414
2026-08-12T03:45:00+05:30,29658.75,29662.0,29650.5,29655.0,419
2026-08-12T04:00:00+05:30,29653.25,29666.0,29637.0,29639.25,796
2026-08-12T04:15:00+05:30,29639.75,29653.75,29634.0,29650.25,603
2026-08-12T04:30:00+05:30,29649.5,29654.25,29639.5,29641.75,431
2026-08-12T04:45:00+05:30,29641.5,29654.25,29640.75,29652.5,347
2026-08-12T05:00:00+05:30,29652.75,29653.25,29635.75,29640.75,425
2026-08-12T05:15:00+05:30,29640.75,29663.0,29634.25,29662.25,850
2026-08-12T05:30:00+05:30,29661.75,29669.75,29624.5,29650.5,2021
2026-08-12T05:45:00+05:30,29649.25,29676.0,29638.5,29665.5,1690
2026-08-12T06:00:00+05:30,29666.0,29680.0,29652.0,29662.0,1166
2026-08-12T06:15:00+05:30,29662.0,29672.0,29655.5,29665.75,610
2026-08-12T06:30:00+05:30,29662.75,29681.0,29660.0,29674.75,1020
2026-08-12T06:45:00+05:30,29675.0,29675.75,29639.5,29661.75,1261
2026-08-12T07:00:00+05:30,29660.0,29678.0,29646.75,29678.0,950
2026-08-12T07:15:00+05:30,29678.25,29683.5,29646.75,29658.25,1157
2026-08-12T07:30:00+05:30,29659.0,29670.75,29650.0,29658.0,887
2026-08-12T07:45:00+05:30,29658.5,29678.0,29654.25,29678.0,635
2026-08-12T08:00:00+05:30,29677.25,29694.5,29675.25,29688.25,793
2026-08-12T08:15:00+05:30,29688.0,29703.0,29688.0,29702.5,760
2026-08-12T08:30:00+05:30,29702.75,29710.0,29695.25,29705.25,913
2026-08-12T08:45:00+05:30,29705.25,29708.75,29695.25,29702.5,640
2026-08-12T09:00:00+05:30,29701.75,29704.75,29688.75,29691.25,502
2026-08-12T09:15:00+05:30,29692.75,29701.25,29684.5,29694.0,481
2026-08-12T09:30:00+05:30,29694.75,29702.0,29690.0,29697.5,479
2026-08-12T09:45:00+05:30,29697.0,29703.0,29691.5,29698.25,335
2026-08-12T10:00:00+05:30,29697.0,29699.75,29683.5,29696.5,557
2026-08-12T10:15:00+05:30,29696.5,29715.5,29692.25,29713.0,778
2026-08-12T10:30:00+05:30,29714.0,29714.5,29685.0,29685.0,645
2026-08-12T10:45:00+05:30,29684.25,29690.0,29668.25,29688.0,869
2026-08-12T11:00:00+05:30,29688.75,29708.5,29687.25,29699.75,574
2026-08-12T11:15:00+05:30,29699.75,29718.0,29697.0,29715.5,690
2026-08-12T11:30:00+05:30,29715.0,29724.25,29707.25,29713.75,982
2026-08-12T11:45:00+05:30,29713.75,29721.25,29698.25,29711.75,833
2026-08-12T12:00:00+05:30,29709.5,29730.25,29706.0,29718.0,692
2026-08-12T12:15:00+05:30,29719.0,29737.25,29718.25,29736.75,969
2026-08-12T12:30:00+05:30,29737.25,29753.75,29735.5,29741.25,2356
2026-08-12T12:45:00+05:30,29741.5,29748.75,29727.5,29739.25,675
2026-08-12T13:00:00+05:30,29738.0,29744.0,29729.75,29742.75,534
2026-08-12T13:15:00+05:30,29741.25,29751.5,29730.5,29751.5,443
2026-08-12T13:30:00+05:30,29752.25,29781.25,29748.25,29771.0,1770
2026-08-12T13:45:00+05:30,29772.0,29792.25,29764.25,29786.0,1109
2026-08-12T14:00:00+05:30,29785.75,29787.25,29762.75,29773.25,818
2026-08-12T14:15:00+05:30,29773.0,29799.5,29771.75,29793.75,898
2026-08-12T14:30:00+05:30,29794.5,29812.0,29793.5,29808.25,982
2026-08-12T14:45:00+05:30,29808.0,29848.25,29803.75,29824.0,1965
2026-08-12T15:00:00+05:30,29823.5,29838.75,29822.5,29829.75,968
2026-08-12T15:15:00+05:30,29830.0,29834.5,29802.75,29815.25,1510
2026-08-12T15:30:00+05:30,29815.5,29842.75,29814.75,29839.0,1238
2026-08-12T15:45:00+05:30,29839.5,29845.25,29833.75,29839.5,760
2026-08-12T16:00:00+05:30,29839.75,29844.25,29832.25,29841.5,667
2026-08-12T16:15:00+05:30,29840.75,29841.5,29785.0,29814.5,2688
2026-08-12T16:30:00+05:30,29816.0,29838.0,29814.0,29823.5,1410
2026-08-12T16:45:00+05:30,29821.25,29821.75,29805.5,29810.25,1049
2026-08-12T17:00:00+05:30,29810.0,29831.75,29806.0,29825.5,1128
2026-08-12T17:15:00+05:30,29825.75,29846.5,29819.5,29845.5,1090
2026-08-12T17:30:00+05:30,29846.0,29858.25,29829.25,29830.0,1736
2026-08-12T17:45:00+05:30,29830.5,29932.25,29820.75,29905.5,4191
2026-08-12T18:00:00+05:30,29905.25,29960.0,29750.25,29917.25,12012
2026-08-12T18:15:00+05:30,29918.25,29922.5,29899.75,29919.25,3348
2026-08-12T18:30:00+05:30,29920.0,29941.5,29916.0,29939.0,3647
2026-08-12T18:45:00+05:30,29939.75,29992.75,29935.75,29991.25,8573
2026-08-12T19:00:00+05:30,29991.75,30001.75,29853.25,29899.5,39092
2026-08-12T19:15:00+05:30,29899.5,29970.75,29860.75,29907.25,27835
2026-08-12T19:30:00+05:30,29907.0,29936.0,29847.75,29892.5,23633
2026-08-12T19:45:00+05:30,29893.25,29945.75,29864.0,29916.25,16755
2026-08-12T20:00:00+05:30,29916.0,29929.0,29828.25,29925.0,18906
2026-08-12T20:15:00+05:30,29924.75,29931.5,29848.5,29868.0,14263
2026-08-12T20:30:00+05:30,29868.0,29892.0,29839.0,29879.75,12341
2026-08-12T20:45:00+05:30,29879.75,29887.0,29843.5,29874.5,8744
2026-08-12T21:00:00+05:30,29874.25,29879.0,29818.5,29828.25,10577
2026-08-12T21:15:00+05:30,29829.0,29854.0,29819.0,29831.75,6812
2026-08-12T21:30:00+05:30,29832.75,29877.75,29829.0,29873.25,7719
2026-08-12T21:45:00+05:30,29873.5,29887.75,29857.5,29873.5,7252
2026-08-12T22:00:00+05:30,29874.0,29894.75,29851.0,29885.0,8835
2026-08-12T22:15:00+05:30,29885.5,29918.0,29879.0,29905.5,7530
2026-08-12T22:30:00+05:30,29906.25,29924.5,29898.0,29911.25,6798
2026-08-12T22:45:00+05:30,29911.5,29920.0,29889.25,29909.25,6835
2026-08-12T23:00:00+05:30,29910.0,29922.25,29901.25,29915.0,5600
2026-08-12T23:15:00+05:30,29915.75,29924.0,29901.5,29910.25,4670
2026-08-12T23:30:00+05:30,29910.0,29918.5,29890.25,29907.25,4733
2026-08-12T23:45:00+05:30,29907.0,29913.75,29890.5,29894.0,5255
2026-08-13T00:00:00+05:30,29893.75,29932.0,29893.75,29919.5,5452
2026-08-13T00:15:00+05:30,29919.5,29923.25,29885.0,29889.75,5535
2026-08-13T00:30:00+05:30,29890.25,29905.0,29879.0,29884.25,4986
2026-08-13T00:45:00+05:30,29884.0,29898.5,29856.0,29868.25,6602
2026-08-13T01:00:00+05:30,29867.0,29868.0,29831.75,29849.25,8751
2026-08-13T01:15:00+05:30,29849.25,29870.0,29825.75,29853.0,22363
2026-08-13T01:30:00+05:30,29852.75,29906.0,29831.5,29846.75,9535
2026-08-13T01:45:00+05:30,29846.5,29851.25,29814.75,29820.0,2814
2026-08-13T02:00:00+05:30,29820.0,29823.25,29809.5,29820.25,2178
2026-08-13T02:15:00+05:30,29821.25,29823.0,29804.5,29805.75,1022
2026-08-13T03:30:00+05:30,29825.0,29831.75,29800.25,29804.75,1598
2026-08-13T03:45:00+05:30,29805.0,29809.75,29784.0,29794.0,981
2026-08-13T04:00:00+05:30,29792.25,29795.5,29780.5,29793.0,1096
2026-08-13T04:15:00+05:30,29792.25,29803.5,29788.5,29797.75,540
2026-08-13T04:30:00+05:30,29797.25,29812.0,29797.0,29808.75,792
2026-08-13T04:45:00+05:30,29808.5,29812.5,29802.0,29807.25,513
2026-08-13T05:00:00+05:30,29805.25,29815.0,29793.5,29810.25,721
2026-08-13T05:15:00+05:30,29811.75,29812.25,29792.0,29804.5,977
2026-08-13T05:30:00+05:30,29805.25,29863.5,29796.75,29847.75,2843
2026-08-13T05:45:00+05:30,29848.25,29866.75,29838.0,29840.25,1742
2026-08-13T06:00:00+05:30,29839.75,29853.75,29828.5,29840.75,1436
2026-08-13T06:15:00+05:30,29840.5,29850.0,29829.0,29845.5,1075
2026-08-13T06:30:00+05:30,29846.0,29853.0,29821.5,29829.25,1529
2026-08-13T06:45:00+05:30,29831.5,29838.5,29808.25,29818.25,1405
2026-08-13T07:00:00+05:30,29816.75,29844.0,29814.5,29837.75,1263
2026-08-13T07:15:00+05:30,29836.75,29866.0,29828.0,29857.25,1462
2026-08-13T07:30:00+05:30,29858.0,29871.25,29853.75,29862.25,955
2026-08-13T07:45:00+05:30,29861.75,29869.5,29856.75,29863.0,870
2026-08-13T08:00:00+05:30,29861.75,29877.75,29833.5,29873.75,2041
2026-08-13T08:15:00+05:30,29873.75,29874.5,29866.0,29868.5,507
2026-08-13T08:30:00+05:30,29868.5,29875.75,29865.5,29874.5,483
2026-08-13T08:45:00+05:30,29873.75,29879.5,29871.25,29874.0,464
2026-08-13T09:00:00+05:30,29876.25,29880.0,29867.25,29876.0,483
2026-08-13T09:15:00+05:30,29876.0,29880.0,29874.0,29878.5,548
2026-08-13T09:30:00+05:30,29878.25,29891.75,29869.25,29869.25,994
2026-08-13T09:45:00+05:30,29869.25,29884.5,29853.75,29877.0,1283
2026-08-13T10:00:00+05:30,29876.5,29896.0,29876.5,29879.0,669
2026-08-13T10:15:00+05:30,29878.75,29895.0,29873.5,29879.25,647
2026-08-13T10:30:00+05:30,29878.5,29916.5,29874.0,29915.0,1311
2026-08-13T10:45:00+05:30,29915.0,29922.75,29907.75,29920.5,1050
2026-08-13T11:00:00+05:30,29921.5,29924.0,29897.0,29902.75,1350
2026-08-13T11:15:00+05:30,29901.75,29908.5,29882.0,29884.5,775
2026-08-13T11:30:00+05:30,29884.5,29897.0,29869.25,29892.75,1503
2026-08-13T11:45:00+05:30,29894.0,29905.5,29885.0,29898.0,701
2026-08-13T12:00:00+05:30,29896.75,29905.25,29859.75,29862.25,1254
2026-08-13T12:15:00+05:30,29862.0,29890.25,29858.25,29888.5,955
2026-08-13T12:30:00+05:30,29888.0,29893.25,29845.0,29854.0,1928
2026-08-13T12:45:00+05:30,29853.75,29872.75,29848.0,29872.5,983
2026-08-13T13:00:00+05:30,29869.75,29882.25,29861.25,29880.5,966
2026-08-13T13:15:00+05:30,29880.5,29881.5,29859.25,29860.0,936
2026-08-13T13:30:00+05:30,29859.75,29872.5,29829.0,29838.5,2165
2026-08-13T13:45:00+05:30,29838.25,29865.0,29827.0,29858.75,1258
2026-08-13T14:00:00+05:30,29859.5,29866.0,29845.5,29862.5,840
2026-08-13T14:15:00+05:30,29861.75,29875.75,29854.25,29860.75,848
2026-08-13T14:30:00+05:30,29861.5,29868.75,29833.0,29833.0,1089
2026-08-13T14:45:00+05:30,29832.25,29848.75,29821.0,29838.75,786
2026-08-13T15:00:00+05:30,29837.5,29861.25,29836.5,29860.75,504
2026-08-13T15:15:00+05:30,29860.5,29879.25,29857.5,29876.5,717
2026-08-13T15:30:00+05:30,29876.25,29878.25,29863.25,29874.25,797
2026-08-13T15:45:00+05:30,29875.5,29884.5,29864.5,29873.0,788
2026-08-13T16:00:00+05:30,29874.0,29880.75,29868.5,29877.75,574
2026-08-13T16:15:00+05:30,29877.75,29886.5,29875.0,29881.25,496
2026-08-13T16:30:00+05:30,29881.5,29892.25,29870.75,29871.75,864
2026-08-13T16:45:00+05:30,29872.25,29875.5,29855.5,29863.0,1017
2026-08-13T17:00:00+05:30,29860.25,29888.75,29857.5,29887.75,1148
2026-08-13T17:15:00+05:30,29888.25,29895.0,29867.5,29869.0,1004
2026-08-13T17:30:00+05:30,29869.5,29872.0,29832.75,29842.25,2089
2026-08-13T17:45:00+05:30,29840.25,29860.0,29812.25,29844.5,1878
2026-08-13T18:00:00+05:30,29849.75,29890.5,29820.0,29846.75,6228
2026-08-13T18:15:00+05:30,29845.75,29881.25,29841.0,29880.75,2487
2026-08-13T18:30:00+05:30,29880.75,29921.0,29878.75,29908.25,4640
2026-08-13T18:45:00+05:30,29908.5,29920.0,29900.25,29911.0,4756
2026-08-13T19:00:00+05:30,29910.25,30053.5,29863.5,30012.25,37671
2026-08-13T19:15:00+05:30,30013.5,30182.25,30005.25,30176.0,32355
2026-08-13T19:30:00+05:30,30175.75,30214.75,30155.75,30204.75,22990
2026-08-13T19:45:00+05:30,30206.25,30239.5,30185.25,30234.25,18463
2026-08-13T20:00:00+05:30,30233.25,30267.5,30227.5,30236.5,18060
2026-08-13T20:15:00+05:30,30236.0,30241.5,30198.25,30199.5,18101
2026-08-13T20:30:00+05:30,30199.25,30231.5,30193.75,30217.5,15389
2026-08-13T20:45:00+05:30,30217.5,30238.75,30179.5,30188.25,15110
2026-08-13T21:00:00+05:30,30188.75,30198.5,30128.25,30156.75,18280
2026-08-13T21:15:00+05:30,30156.0,30156.0,30104.0,30115.5,13302
2026-08-13T21:30:00+05:30,30117.25,30172.5,30114.25,30140.75,10106
2026-08-13T21:45:00+05:30,30140.75,30189.0,30133.75,30186.5,8304
2026-08-13T22:00:00+05:30,30186.75,30200.0,30168.0,30183.0,7705
2026-08-13T22:15:00+05:30,30183.25,30203.25,30176.5,30193.75,6342
2026-08-13T22:30:00+05:30,30193.75,30232.75,30193.25,30226.25,8681
2026-08-13T22:45:00+05:30,30226.25,30250.0,30224.75,30237.5,8044
2026-08-13T23:00:00+05:30,30237.75,30244.75,30214.25,30214.5,6663
2026-08-13T23:15:00+05:30,30214.5,30228.0,30203.75,30204.5,5908
2026-08-13T23:30:00+05:30,30205.0,30215.5,30189.5,30201.5,6889
2026-08-13T23:45:00+05:30,30201.5,30207.75,30181.0,30192.0,7310
2026-08-14T00:00:00+05:30,30192.0,30237.25,30191.5,30229.0,8573
2026-08-14T00:15:00+05:30,30228.5,30246.0,30228.25,30244.25,6352
2026-08-14T00:30:00+05:30,30244.25,30272.75,30232.0,30238.75,11116
2026-08-14T00:45:00+05:30,30238.25,30246.0,30215.25,30223.25,9018
2026-08-14T01:00:00+05:30,30222.75,30227.75,30202.75,30204.5,7999
2026-08-14T01:15:00+05:30,30204.5,30207.0,30173.0,30194.75,24159
2026-08-14T01:30:00+05:30,30194.5,30220.0,30144.5,30208.0,11643
2026-08-14T01:45:00+05:30,30208.25,30214.25,30192.5,30197.75,2162
2026-08-14T02:00:00+05:30,30198.25,30213.25,30195.5,30209.5,1446
2026-08-14T02:15:00+05:30,30209.25,30219.75,30208.75,30214.25,1175
2026-08-14T03:30:00+05:30,30210.75,30216.75,30186.0,30197.25,1609
2026-08-14T03:45:00+05:30,30196.25,30205.5,30190.0,30197.0,653
2026-08-14T04:00:00+05:30,30198.5,30210.25,30198.25,30206.75,550
2026-08-14T04:15:00+05:30,30206.25,30207.75,30200.0,30203.25,399
2026-08-14T04:30:00+05:30,30204.0,30224.75,30199.0,30224.75,663
2026-08-14T04:45:00+05:30,30225.0,30226.0,30192.25,30199.5,996
2026-08-14T05:00:00+05:30,30198.5,30203.5,30193.5,30196.25,554
2026-08-14T05:15:00+05:30,30196.75,30204.0,30189.5,30203.25,1019
2026-08-14T05:30:00+05:30,30203.75,30232.0,30195.75,30201.0,2500
2026-08-14T05:45:00+05:30,30201.25,30204.0,30176.75,30185.5,1795
2026-08-14T06:00:00+05:30,30184.5,30191.75,30174.5,30178.5,1284
2026-08-14T06:15:00+05:30,30180.0,30186.75,30166.25,30170.0,1580
2026-08-14T06:30:00+05:30,30169.25,30169.75,30124.25,30129.0,3090
2026-08-14T06:45:00+05:30,30128.75,30155.5,30124.5,30152.5,2004
2026-08-14T07:00:00+05:30,30153.25,30163.0,30140.25,30160.0,1196
2026-08-14T07:15:00+05:30,30160.5,30168.0,30149.25,30151.5,997
2026-08-14T07:30:00+05:30,30151.5,30171.75,30149.75,30166.5,1170
2026-08-14T07:45:00+05:30,30167.0,30170.25,30155.75,30167.25,762
2026-08-14T08:00:00+05:30,30168.0,30181.5,30167.25,30173.5,791
2026-08-14T08:15:00+05:30,30174.5,30178.5,30150.0,30154.75,848
2026-08-14T08:30:00+05:30,30153.75,30165.0,30150.0,30162.75,769
2026-08-14T08:45:00+05:30,30162.75,30180.0,30161.5,30180.0,641
2026-08-14T09:00:00+05:30,30180.75,30182.5,30155.25,30157.75,880
2026-08-14T09:15:00+05:30,30157.5,30163.0,30152.25,30152.25,571
2026-08-14T09:30:00+05:30,30152.25,30161.5,30144.75,30156.75,1090
2026-08-14T09:45:00+05:30,30155.0,30165.0,30150.5,30157.5,755
2026-08-14T10:00:00+05:30,30158.75,30163.75,30137.5,30154.75,1186
2026-08-14T10:15:00+05:30,30154.0,30154.25,30145.25,30147.0,508
2026-08-14T10:30:00+05:30,30148.25,30152.5,30127.75,30143.0,1092
2026-08-14T10:45:00+05:30,30144.0,30152.0,30138.25,30150.5,681
2026-08-14T11:00:00+05:30,30149.25,30167.0,30140.75,30166.5,685
2026-08-14T11:15:00+05:30,30167.0,30182.0,30164.5,30174.0,865
2026-08-14T11:30:00+05:30,30174.75,30177.75,30149.5,30152.5,917
2026-08-14T11:45:00+05:30,30153.0,30164.0,30147.5,30163.25,553
2026-08-14T12:00:00+05:30,30162.25,30165.5,30149.5,30159.75,608
2026-08-14T12:15:00+05:30,30160.25,30178.0,30160.0,30172.5,594
2026-08-14T12:30:00+05:30,30173.5,30194.25,30171.5,30175.25,1521
2026-08-14T12:45:00+05:30,30175.5,30181.25,30172.25,30177.0,483
2026-08-14T13:00:00+05:30,30177.75,30203.75,30173.0,30202.75,685
2026-08-14T13:15:00+05:30,30202.75,30202.75,30190.75,30194.75,807
2026-08-14T13:30:00+05:30,30194.5,30235.75,30187.75,30213.25,2236
2026-08-14T13:45:00+05:30,30215.0,30231.5,30206.0,30225.5,888
2026-08-14T14:00:00+05:30,30224.5,30240.25,30222.0,30227.75,1040
2026-08-14T14:15:00+05:30,30228.25,30240.0,30220.5,30220.75,540
2026-08-14T14:30:00+05:30,30220.0,30222.25,30210.25,30218.5,777
2026-08-14T14:45:00+05:30,30218.5,30232.0,30214.75,30226.75,607
2026-08-14T15:00:00+05:30,30225.5,30226.25,30207.0,30209.75,863
2026-08-14T15:15:00+05:30,30210.5,30236.0,30207.25,30235.0,861
2026-08-14T15:30:00+05:30,30234.25,30249.75,30233.5,30241.5,1061
2026-08-14T15:45:00+05:30,30239.75,30240.75,30223.0,30228.75,803
2026-08-14T16:00:00+05:30,30230.0,30237.75,30223.5,30237.0,726
2026-08-14T16:15:00+05:30,30236.25,30252.5,30232.75,30252.0,1227
2026-08-14T16:30:00+05:30,30251.75,30262.0,30247.0,30253.75,1276
2026-08-14T16:45:00+05:30,30254.0,30254.75,30242.0,30247.25,924
2026-08-14T17:00:00+05:30,30247.0,30258.5,30237.25,30251.5,1318
2026-08-14T17:15:00+05:30,30252.0,30268.0,30250.0,30263.75,1274
2026-08-14T17:30:00+05:30,30265.25,30280.25,30208.5,30237.5,3379
2026-08-14T17:45:00+05:30,30237.0,30256.25,30226.5,30251.5,2094
2026-08-14T18:00:00+05:30,30252.75,30279.75,30247.0,30266.0,3276
2026-08-14T18:15:00+05:30,30265.75,30279.75,30254.0,30268.25,2264
2026-08-14T18:30:00+05:30,30268.5,30283.0,30252.5,30253.0,2355
2026-08-14T18:45:00+05:30,30253.25,30261.5,30236.25,30241.5,4156
2026-08-14T19:00:00+05:30,30241.75,30269.5,30169.75,30261.0,37670
2026-08-14T19:15:00+05:30,30260.75,30280.5,30208.75,30228.25,26204
2026-08-14T19:30:00+05:30,30226.0,30272.25,30204.75,30221.25,18402
2026-08-14T19:45:00+05:30,30221.75,30228.5,30134.25,30160.25,21226
2026-08-14T20:00:00+05:30,30159.75,30176.5,30129.0,30155.5,17397
2026-08-14T20:15:00+05:30,30155.5,30166.0,30123.0,30123.0,9719
2026-08-14T20:30:00+05:30,30124.0,30143.0,30088.0,30090.5,14111
2026-08-14T20:45:00+05:30,30090.75,30110.75,30033.5,30073.25,17139
2026-08-14T21:00:00+05:30,30072.5,30075.0,30029.5,30049.0,13164
2026-08-14T21:15:00+05:30,30049.25,30072.75,30028.5,30065.75,11406
2026-08-14T21:30:00+05:30,30066.5,30084.25,30050.5,30080.25,10342
2026-08-14T21:45:00+05:30,30080.25,30107.75,30075.5,30101.0,8213
2026-08-14T22:00:00+05:30,30100.5,30102.0,30064.5,30067.25,9934
2026-08-14T22:15:00+05:30,30067.0,30076.75,30052.75,30059.0,6576
2026-08-14T22:30:00+05:30,30059.25,30079.75,30053.0,30069.25,6728
2026-08-14T22:45:00+05:30,30069.25,30076.5,30046.5,30059.25,6490
2026-08-14T23:00:00+05:30,30059.5,30072.25,30050.25,30058.0,5496
2026-08-14T23:15:00+05:30,30058.25,30084.5,30049.75,30081.5,6089
2026-08-14T23:30:00+05:30,30081.25,30091.25,30073.5,30078.75,5284
2026-08-14T23:45:00+05:30,30078.75,30092.5,30064.75,30068.0,5720
2026-08-15T00:00:00+05:30,30067.5,30090.25,30062.5,30087.25,5535
2026-08-15T00:15:00+05:30,30087.0,30104.0,30078.0,30088.5,5489
2026-08-15T00:30:00+05:30,30088.5,30094.5,30077.0,30083.0,5918
2026-08-15T00:45:00+05:30,30083.25,30104.0,30076.0,30096.75,6261
2026-08-15T01:00:00+05:30,30096.25,30115.25,30091.25,30108.5,8117
2026-08-15T01:15:00+05:30,30108.5,30148.0,30101.5,30144.5,22361
2026-08-15T01:30:00+05:30,30144.25,30153.25,30131.0,30132.75,8535
2026-08-15T01:45:00+05:30,30133.25,30135.5,30127.25,30131.0,1194
2026-08-15T02:00:00+05:30,30131.0,30145.75,30128.25,30142.0,1594
2026-08-15T02:15:00+05:30,30142.25,30154.75,30138.0,30154.0,1273
2026-08-17T03:30:00+05:30,30170.0,30202.5,30163.75,30196.5,2065
2026-08-17T03:45:00+05:30,30197.75,30200.75,30190.5,30192.75,447
2026-08-17T04:00:00+05:30,30193.0,30196.5,30188.5,30192.25,376
2026-08-17T04:15:00+05:30,30192.75,30211.75,30187.25,30205.0,1111
2026-08-17T04:30:00+05:30,30205.25,30207.25,30195.25,30197.0,532
2026-08-17T04:45:00+05:30,30197.25,30204.25,30191.5,30197.0,624
2026-08-17T05:00:00+05:30,30197.75,30206.25,30192.75,30206.25,469
2026-08-17T05:15:00+05:30,30204.75,30228.0,30204.5,30214.25,1312
2026-08-17T05:30:00+05:30,30215.0,30227.25,30209.0,30219.5,1558
2026-08-17T05:45:00+05:30,30218.5,30218.75,30189.0,30195.5,1457
2026-08-17T06:00:00+05:30,30195.5,30198.25,30185.5,30188.75,1048
2026-08-17T06:15:00+05:30,30189.25,30202.0,30185.5,30201.75,702
2026-08-17T06:30:00+05:30,30201.0,30233.25,30199.75,30214.25,1976
2026-08-17T06:45:00+05:30,30214.5,30239.0,30203.75,30229.75,1562
2026-08-17T07:00:00+05:30,30230.25,30232.5,30191.0,30199.0,1780
2026-08-17T07:15:00+05:30,30198.5,30203.25,30187.0,30192.0,788
2026-08-17T07:30:00+05:30,30192.0,30200.5,30185.25,30200.25,900
2026-08-17T07:45:00+05:30,30200.75,30222.25,30197.75,30217.25,1472
2026-08-17T08:00:00+05:30,30216.75,30225.0,30211.75,30222.25,625
2026-08-17T08:15:00+05:30,30220.5,30231.25,30220.0,30222.25,768
2026-08-17T08:30:00+05:30,30223.0,30235.0,30220.75,30226.0,862
2026-08-17T08:45:00+05:30,30227.5,30235.5,30226.75,30234.25,390
2026-08-17T09:00:00+05:30,30234.75,30247.25,30226.0,30241.5,782
2026-08-17T09:15:00+05:30,30241.25,30246.5,30238.75,30246.5,435
2026-08-17T09:30:00+05:30,30246.75,30255.0,30243.5,30251.25,847
2026-08-17T09:45:00+05:30,30250.5,30252.25,30240.5,30241.0,548
2026-08-17T10:00:00+05:30,30241.0,30244.75,30233.25,30243.5,586
2026-08-17T10:15:00+05:30,30244.0,30248.5,30233.0,30234.75,543
2026-08-17T10:30:00+05:30,30234.5,30247.0,30234.5,30241.25,547
2026-08-17T10:45:00+05:30,30243.0,30246.75,30230.5,30243.75,447
2026-08-17T11:00:00+05:30,30244.5,30263.0,30237.25,30263.0,1075
2026-08-17T11:15:00+05:30,30263.0,30274.0,30261.25,30272.0,711
2026-08-17T11:30:00+05:30,30273.25,30295.0,30266.75,30287.5,1903
2026-08-17T11:45:00+05:30,30287.75,30299.0,30272.0,30296.75,1369
2026-08-17T12:00:00+05:30,30297.25,30327.0,30294.0,30314.5,2807
2026-08-17T12:15:00+05:30,30315.0,30326.0,30311.0,30324.5,587
2026-08-17T12:30:00+05:30,30324.75,30331.5,30273.25,30275.0,2081
2026-08-17T12:45:00+05:30,30276.0,30280.5,30261.0,30279.75,1622
2026-08-17T13:00:00+05:30,30279.75,30324.25,30276.75,30318.25,1619
2026-08-17T13:15:00+05:30,30317.75,30322.5,30306.75,30313.0,1110
2026-08-17T13:30:00+05:30,30312.0,30328.0,30297.0,30307.25,1756
2026-08-17T13:45:00+05:30,30307.25,30319.5,30303.0,30315.25,685
2026-08-17T14:00:00+05:30,30314.0,30319.0,30287.5,30288.25,905
2026-08-17T14:15:00+05:30,30288.25,30305.25,30283.75,30298.25,779
2026-08-17T14:30:00+05:30,30298.25,30301.5,30288.0,30297.0,621
2026-08-17T14:45:00+05:30,30297.25,30297.25,30267.75,30274.5,849
2026-08-17T15:00:00+05:30,30274.25,30283.25,30267.75,30282.75,658
2026-08-17T15:15:00+05:30,30281.75,30291.5,30276.25,30282.0,628
2026-08-17T15:30:00+05:30,30282.0,30296.5,30276.0,30295.5,904
2026-08-17T15:45:00+05:30,30294.5,30343.0,30279.0,30338.0,1807
2026-08-17T16:00:00+05:30,30334.25,30338.5,30292.75,30310.5,1586
2026-08-17T16:15:00+05:30,30310.25,30316.5,30305.0,30315.0,662
2026-08-17T16:30:00+05:30,30313.75,30325.0,30296.25,30300.25,1898
2026-08-17T16:45:00+05:30,30300.25,30306.75,30286.75,30299.5,1270
2026-08-17T17:00:00+05:30,30300.25,30306.0,30292.5,30304.5,822
2026-08-17T17:15:00+05:30,30304.25,30310.0,30286.0,30286.75,1087
2026-08-17T17:30:00+05:30,30286.75,30288.75,30246.75,30278.25,2718
2026-08-17T17:45:00+05:30,30278.5,30281.0,30220.75,30236.0,3212
2026-08-17T18:00:00+05:30,30238.25,30250.5,30182.75,30189.5,4099
2026-08-17T18:15:00+05:30,30189.25,30213.0,30180.0,30202.5,3263
2026-08-17T18:30:00+05:30,30202.5,30225.75,30199.25,30218.5,2842
2026-08-17T18:45:00+05:30,30219.5,30238.0,30205.25,30218.75,5907
2026-08-17T19:00:00+05:30,30219.25,30266.0,30165.5,30196.5,36100
2026-08-17T19:15:00+05:30,30196.5,30254.25,30174.25,30235.0,19883
2026-08-17T19:30:00+05:30,30234.75,30243.25,30161.0,30224.25,21468
2026-08-17T19:45:00+05:30,30224.75,30226.0,30155.25,30197.75,15412
2026-08-17T20:00:00+05:30,30198.0,30217.25,30186.0,30204.25,10013
2026-08-17T20:15:00+05:30,30205.0,30246.0,30199.25,30244.0,11651
2026-08-17T20:30:00+05:30,30244.0,30287.5,30233.25,30257.75,15555
2026-08-17T20:45:00+05:30,30258.0,30278.0,30255.0,30269.0,9645
2026-08-17T21:00:00+05:30,30269.75,30273.5,30207.75,30227.5,14484
2026-08-17T21:15:00+05:30,30227.0,30249.75,30214.0,30239.5,8295
2026-08-17T21:30:00+05:30,30239.75,30243.25,30200.0,30204.0,8620
2026-08-17T21:45:00+05:30,30204.0,30218.0,30196.5,30207.25,6230
2026-08-17T22:00:00+05:30,30207.5,30212.75,30182.0,30183.5,6291
2026-08-17T22:15:00+05:30,30183.5,30192.75,30175.25,30183.5,6078
2026-08-17T22:30:00+05:30,30183.5,30187.25,30128.25,30129.5,10259
2026-08-17T22:45:00+05:30,30128.5,30143.75,30092.5,30096.75,16361
2026-08-17T23:00:00+05:30,30097.0,30128.0,30086.5,30123.0,12223
2026-08-17T23:15:00+05:30,30123.0,30127.25,30097.0,30102.25,6150
2026-08-17T23:30:00+05:30,30102.0,30114.0,30079.25,30100.25,9224
2026-08-17T23:45:00+05:30,30100.25,30113.75,30089.5,30103.0,7153
2026-08-18T00:00:00+05:30,30103.75,30120.0,30092.5,30117.25,5468
2026-08-18T00:15:00+05:30,30117.75,30136.5,30115.5,30122.25,5995
2026-08-18T00:30:00+05:30,30122.5,30124.75,30083.25,30084.75,6568
2026-08-18T00:45:00+05:30,30084.75,30114.0,30082.25,30093.5,8508
2026-08-18T01:00:00+05:30,30093.75,30111.75,30088.75,30102.25,7854
2026-08-18T01:15:00+05:30,30102.75,30123.0,30066.5,30091.5,19414
2026-08-18T01:30:00+05:30,30091.0,30098.0,30070.25,30078.25,7401
2026-08-18T01:45:00+05:30,30078.25,30082.25,30068.5,30078.5,1282
2026-08-18T02:00:00+05:30,30077.75,30080.0,30059.0,30064.75,1420
2026-08-18T02:15:00+05:30,30063.75,30079.75,30054.5,30078.25,1426
2026-08-18T03:30:00+05:30,30077.0,30091.75,30070.25,30073.5,1453
2026-08-18T03:45:00+05:30,30073.0,30084.75,30062.25,30076.0,1133
2026-08-18T04:00:00+05:30,30075.0,30076.75,30067.0,30070.75,513
2026-08-18T04:15:00+05:30,30071.75,30083.5,30070.75,30079.75,562
2026-08-18T04:30:00+05:30,30079.25,30087.25,30070.0,30081.25,639
2026-08-18T04:45:00+05:30,30082.0,30088.75,30071.75,30084.0,653
2026-08-18T05:00:00+05:30,30083.0,30103.0,30082.75,30096.75,969
2026-08-18T05:15:00+05:30,30095.75,30100.75,30080.5,30094.5,1378
2026-08-18T05:30:00+05:30,30094.25,30104.0,30083.75,30100.0,1481
2026-08-18T05:45:00+05:30,30101.0,30114.75,30091.5,30100.0,1458
2026-08-18T06:00:00+05:30,30101.0,30113.25,30097.75,30112.0,878
2026-08-18T06:15:00+05:30,30112.0,30121.25,30095.0,30098.0,1421
2026-08-18T06:30:00+05:30,30099.25,30110.0,30090.0,30109.25,1230
2026-08-18T06:45:00+05:30,30109.5,30109.75,30075.0,30087.5,1533
2026-08-18T07:00:00+05:30,30086.25,30090.5,30037.0,30049.75,2940
2026-08-18T07:15:00+05:30,30049.0,30055.5,29968.25,30011.5,6514
2026-08-18T07:30:00+05:30,30013.0,30022.0,29963.0,29966.25,3040
2026-08-18T07:45:00+05:30,29965.25,29971.0,29923.25,29931.0,4207
2026-08-18T08:00:00+05:30,29932.5,29959.75,29906.75,29909.5,3539
2026-08-18T08:15:00+05:30,29909.75,29920.75,29880.25,29908.25,4379
2026-08-18T08:30:00+05:30,29909.0,29915.5,29888.75,29895.0,1483
2026-08-18T08:45:00+05:30,29894.5,29897.25,29859.25,29879.25,2961
2026-08-18T09:00:00+05:30,29879.0,29897.5,29853.0,29895.5,2791
2026-08-18T09:15:00+05:30,29893.75,29909.75,29881.25,29893.75,2109
2026-08-18T09:30:00+05:30,29892.0,29898.5,29870.25,29897.75,1802
2026-08-18T09:45:00+05:30,29898.25,29920.25,29879.25,29911.0,2026
2026-08-18T10:00:00+05:30,29912.25,29921.0,29891.0,29900.5,1607
2026-08-18T10:15:00+05:30,29899.0,29927.25,29895.75,29918.0,1218
2026-08-18T10:30:00+05:30,29917.75,29918.5,29876.0,29879.25,2142
2026-08-18T10:45:00+05:30,29878.75,29888.0,29873.25,29876.0,907
2026-08-18T11:00:00+05:30,29876.5,29877.0,29862.25,29866.0,1405
2026-08-18T11:15:00+05:30,29865.25,29880.75,29835.25,29842.0,1893
2026-08-18T11:30:00+05:30,29841.5,29846.5,29786.0,29836.25,4627
2026-08-18T11:45:00+05:30,29835.0,29866.5,29820.5,29860.0,2163
2026-08-18T12:00:00+05:30,29859.5,29876.5,29852.75,29865.5,1145
2026-08-18T12:15:00+05:30,29866.25,29896.0,29862.75,29893.0,1219
2026-08-18T12:30:00+05:30,29892.0,29896.5,29861.25,29863.0,1753
2026-08-18T12:45:00+05:30,29862.75,29871.75,29845.5,29847.25,1180
2026-08-18T13:00:00+05:30,29848.0,29854.75,29822.0,29825.25,1689
2026-08-18T13:15:00+05:30,29825.25,29841.0,29808.0,29810.75,1565
2026-08-18T13:30:00+05:30,29811.0,29814.25,29736.5,29766.75,5757
2026-08-18T13:45:00+05:30,29767.75,29786.25,29735.75,29759.75,2297
2026-08-18T14:00:00+05:30,29759.5,29792.25,29748.25,29780.5,1692
2026-08-18T14:15:00+05:30,29782.0,29782.5,29742.5,29765.5,1791
2026-08-18T14:30:00+05:30,29765.0,29778.0,29743.75,29764.5,1935
2026-08-18T14:45:00+05:30,29764.25,29770.75,29723.5,29735.0,1874
2026-08-18T15:00:00+05:30,29736.5,29742.0,29698.25,29712.75,2581
2026-08-18T15:15:00+05:30,29711.75,29737.0,29687.25,29733.0,2795
2026-08-18T15:30:00+05:30,29732.25,29743.75,29715.75,29722.0,1582
2026-08-18T15:45:00+05:30,29722.25,29742.25,29703.75,29727.5,1516
2026-08-18T16:00:00+05:30,29726.75,29746.0,29720.5,29728.5,1382
2026-08-18T16:15:00+05:30,29727.75,29752.75,29721.0,29739.0,1069
2026-08-18T16:30:00+05:30,29739.0,29772.75,29730.25,29768.0,2616
2026-08-18T16:45:00+05:30,29767.25,29773.75,29753.25,29756.75,1430
2026-08-18T17:00:00+05:30,29758.0,29760.5,29727.0,29756.25,1979
2026-08-18T17:15:00+05:30,29756.0,29775.75,29745.5,29747.25,1633
2026-08-18T17:30:00+05:30,29748.5,29786.0,29726.25,29733.5,3064
2026-08-18T17:45:00+05:30,29734.0,29760.0,29711.5,29714.5,3606
2026-08-18T18:00:00+05:30,29714.25,29723.0,29685.25,29688.75,2867
2026-08-18T18:15:00+05:30,29688.25,29721.25,29680.5,29713.0,2987
2026-08-18T18:30:00+05:30,29713.0,29726.5,29691.0,29696.25,3653
2026-08-18T18:45:00+05:30,29695.75,29708.5,29678.0,29690.75,6400
2026-08-18T19:00:00+05:30,29690.25,29769.75,29631.25,29687.5,51040
2026-08-18T19:15:00+05:30,29687.25,29700.5,29604.75,29646.25,30210
2026-08-18T19:30:00+05:30,29647.5,29705.75,29568.5,29587.25,31206
2026-08-18T19:45:00+05:30,29587.0,29684.75,29578.0,29669.25,25851
2026-08-18T20:00:00+05:30,29668.75,29691.25,29612.5,29614.0,20211
2026-08-18T20:15:00+05:30,29614.0,29625.0,29536.25,29547.75,23701
2026-08-18T20:30:00+05:30,29547.5,29571.0,29514.0,29546.25,22730
2026-08-18T20:45:00+05:30,29546.75,29600.0,29532.0,29591.25,16182
2026-08-18T21:00:00+05:30,29591.0,29610.0,29566.5,29598.0,13716
2026-08-18T21:15:00+05:30,29598.75,29641.0,29598.25,29636.75,13615
2026-08-18T21:30:00+05:30,29637.0,29663.25,29625.0,29646.0,12617
2026-08-18T21:45:00+05:30,29647.0,29657.25,29609.5,29609.75,11032
2026-08-18T22:00:00+05:30,29609.75,29650.0,29603.25,29629.5,10763
2026-08-18T22:15:00+05:30,29629.75,29670.75,29618.5,29649.75,9167
2026-08-18T22:30:00+05:30,29649.75,29660.75,29618.5,29635.25,8659
2026-08-18T22:45:00+05:30,29635.5,29635.75,29593.0,29616.0,8058
2026-08-18T23:00:00+05:30,29615.25,29622.0,29591.5,29603.5,8095
2026-08-18T23:15:00+05:30,29604.0,29615.0,29565.0,29565.75,6925
2026-08-18T23:30:00+05:30,29566.0,29579.0,29547.25,29575.25,9399
2026-08-18T23:45:00+05:30,29574.75,29615.0,29571.25,29603.25,10302
2026-08-19T00:00:00+05:30,29603.5,29614.0,29584.25,29586.0,6773
2026-08-19T00:15:00+05:30,29586.5,29597.75,29565.25,29571.25,6642
2026-08-19T00:30:00+05:30,29571.0,29586.0,29564.5,29572.25,6426
2026-08-19T00:45:00+05:30,29572.25,29606.75,29564.75,29600.0,8457
2026-08-19T01:00:00+05:30,29600.0,29606.0,29582.75,29600.25,9006
2026-08-19T01:15:00+05:30,29600.25,29610.0,29559.25,29585.75,28987
2026-08-19T01:30:00+05:30,29585.5,29596.75,29566.0,29573.25,6811
2026-08-19T01:45:00+05:30,29573.5,29583.0,29561.5,29578.25,1776
2026-08-19T02:00:00+05:30,29578.5,29586.0,29574.5,29577.25,955
2026-08-19T02:15:00+05:30,29577.25,29578.5,29550.25,29559.5,2120
2026-08-19T03:30:00+05:30,29566.5,29582.5,29549.0,29574.75,1863
2026-08-19T03:45:00+05:30,29574.75,29593.5,29544.75,29546.75,1957
2026-08-19T04:00:00+05:30,29547.5,29552.75,29521.0,29531.75,2055
2026-08-19T04:15:00+05:30,29532.5,29536.75,29516.75,29519.5,1256
2026-08-19T04:30:00+05:30,29520.0,29547.75,29514.25,29533.25,1572
2026-08-19T04:45:00+05:30,29532.5,29567.25,29521.0,29546.0,1798
2026-08-19T05:00:00+05:30,29545.75,29549.75,29523.0,29536.75,1297
2026-08-19T05:15:00+05:30,29534.0,29552.75,29524.5,29528.5,1712
2026-08-19T05:30:00+05:30,29527.5,29529.25,29442.0,29460.25,6388
2026-08-19T05:45:00+05:30,29461.0,29530.75,29450.0,29530.75,3355
2026-08-19T06:00:00+05:30,29530.75,29575.75,29529.75,29569.5,2919
2026-08-19T06:15:00+05:30,29569.25,29586.0,29533.75,29539.25,3149
2026-08-19T06:30:00+05:30,29538.25,29598.25,29530.25,29586.5,4286
2026-08-19T06:45:00+05:30,29586.0,29609.5,29568.5,29602.0,3182
2026-08-19T07:00:00+05:30,29600.75,29604.5,29563.25,29577.75,2310
2026-08-19T07:15:00+05:30,29575.0,29584.25,29563.0,29577.75,1417
2026-08-19T07:30:00+05:30,29579.0,29583.25,29526.25,29533.25,2002
2026-08-19T07:45:00+05:30,29533.0,29563.25,29521.0,29542.0,2407
2026-08-19T08:00:00+05:30,29541.75,29545.0,29514.0,29523.0,1427
2026-08-19T08:15:00+05:30,29523.25,29544.0,29518.25,29532.0,1332
2026-08-19T08:30:00+05:30,29532.0,29555.0,29520.75,29532.25,1373
2026-08-19T08:45:00+05:30,29532.0,29551.5,29519.75,29535.25,1325
2026-08-19T09:00:00+05:30,29533.5,29567.0,29528.5,29531.75,1723
2026-08-19T09:15:00+05:30,29530.0,29546.0,29516.25,29526.0,1083
2026-08-19T09:30:00+05:30,29525.25,29527.25,29505.0,29516.25,1483
2026-08-19T09:45:00+05:30,29516.25,29543.5,29507.5,29533.75,1255
2026-08-19T10:00:00+05:30,29533.75,29540.5,29498.0,29498.75,1440
2026-08-19T10:15:00+05:30,29499.75,29507.25,29463.75,29506.0,2004
2026-08-19T10:30:00+05:30,29506.75,29535.0,29482.75,29487.5,1966
2026-08-19T10:45:00+05:30,29489.0,29510.0,29466.25,29509.25,1471
2026-08-19T11:00:00+05:30,29507.5,29512.25,29459.0,29472.75,1464
2026-08-19T11:15:00+05:30,29471.5,29477.0,29446.0,29457.5,1537
2026-08-19T11:30:00+05:30,29456.5,29466.0,29430.5,29436.0,2192
2026-08-19T11:45:00+05:30,29435.5,29504.75,29435.0,29482.0,2158
2026-08-19T12:00:00+05:30,29481.5,29494.5,29460.0,29490.25,1230
2026-08-19T12:15:00+05:30,29491.75,29561.5,29491.25,29559.75,3306
2026-08-19T12:30:00+05:30,29558.75,29563.5,29520.25,29559.0,2764
2026-08-19T12:45:00+05:30,29559.0,29578.25,29533.5,29578.25,1652
2026-08-19T13:00:00+05:30,29578.5,29589.25,29547.25,29571.0,2120
2026-08-19T13:15:00+05:30,29571.5,29606.5,29569.5,29601.25,2351
2026-08-19T13:30:00+05:30,29600.25,29640.75,29593.0,29624.75,3941
2026-08-19T13:45:00+05:30,29625.0,29639.0,29607.5,29622.5,2925
2026-08-19T14:00:00+05:30,29620.5,29632.0,29600.25,29626.25,1625
2026-08-19T14:15:00+05:30,29626.5,29633.25,29607.0,29609.5,1382
2026-08-19T14:30:00+05:30,29606.25,29630.0,29592.75,29593.5,1704
2026-08-19T14:45:00+05:30,29594.5,29598.25,29566.25,29571.0,1757
2026-08-19T15:00:00+05:30,29571.0,29587.0,29549.5,29552.0,1339
2026-08-19T15:15:00+05:30,29552.0,29563.0,29536.5,29553.75,1256
2026-08-19T15:30:00+05:30,29553.25,29557.75,29510.75,29540.75,2156
2026-08-19T15:45:00+05:30,29539.5,29541.25,29512.25,29536.0,1353
2026-08-19T16:00:00+05:30,29535.25,29557.75,29528.5,29555.0,1517
2026-08-19T16:15:00+05:30,29555.25,29558.75,29517.75,29521.0,1057
2026-08-19T16:30:00+05:30,29522.5,29578.0,29509.5,29545.75,2536
2026-08-19T16:45:00+05:30,29549.0,29560.25,29531.25,29538.5,1435
2026-08-19T17:00:00+05:30,29536.25,29540.25,29508.0,29515.0,1441
2026-08-19T17:15:00+05:30,29513.75,29537.5,29506.75,29536.0,1395
2026-08-19T17:30:00+05:30,29535.0,29558.5,29511.5,29553.0,2819
2026-08-19T17:45:00+05:30,29553.0,29583.0,29549.75,29573.25,3617
2026-08-19T18:00:00+05:30,29574.0,29685.0,29549.25,29683.25,12543
2026-08-19T18:15:00+05:30,29683.5,29757.25,29683.5,29742.75,12861
2026-08-19T18:30:00+05:30,29743.0,29743.0,29679.75,29723.75,8570
2026-08-19T18:45:00+05:30,29723.25,29748.25,29695.75,29696.0,7550
2026-08-19T19:00:00+05:30,29696.0,29742.75,29560.5,29609.75,50155
2026-08-19T19:15:00+05:30,29609.25,29635.5,29406.5,29496.5,47205
2026-08-19T19:30:00+05:30,29496.25,29514.25,29377.25,29382.5,31722
2026-08-19T19:45:00+05:30,29382.25,29485.0,29375.75,29482.5,30649
2026-08-19T20:00:00+05:30,29482.5,29575.0,29468.25,29564.0,22633
2026-08-19T20:15:00+05:30,29564.5,29624.5,29527.0,29623.25,18057
2026-08-19T20:30:00+05:30,29623.0,29629.75,29581.0,29617.25,14170
2026-08-19T20:45:00+05:30,29616.25,29631.25,29588.0,29613.5,11688
2026-08-19T21:00:00+05:30,29613.25,29616.5,29550.25,29596.75,11453
2026-08-19T21:15:00+05:30,29596.25,29616.25,29569.75,29606.25,10130
2026-08-19T21:30:00+05:30,29607.25,29653.75,29587.5,29637.0,10075
2026-08-19T21:45:00+05:30,29637.25,29667.25,29602.25,29609.0,9303
2026-08-19T22:00:00+05:30,29609.0,29621.5,29594.0,29610.25,6748
2026-08-19T22:15:00+05:30,29610.25,29611.25,29553.0,29559.5,7512
2026-08-19T22:30:00+05:30,29560.0,29573.25,29539.5,29548.0,8312
2026-08-19T22:45:00+05:30,29547.75,29556.5,29510.5,29539.5,8574
2026-08-19T23:00:00+05:30,29540.0,29544.25,29513.75,29537.0,6093
2026-08-19T23:15:00+05:30,29536.25,29561.0,29534.25,29544.25,5186
2026-08-19T23:30:00+05:30,29544.0,29592.5,29498.5,29520.0,13265
2026-08-19T23:45:00+05:30,29519.75,29540.5,29492.0,29538.75,7621
2026-08-20T00:00:00+05:30,29538.5,29578.75,29536.25,29560.0,8532
2026-08-20T00:15:00+05:30,29560.5,29561.25,29527.5,29535.0,5645
2026-08-20T00:30:00+05:30,29535.25,29559.5,29529.5,29547.25,5758
2026-08-20T00:45:00+05:30,29547.5,29579.75,29543.75,29555.75,6653
2026-08-20T01:00:00+05:30,29556.75,29590.0,29527.25,29530.75,8888
2026-08-20T01:15:00+05:30,29530.5,29532.75,29485.25,29522.0,25329
2026-08-20T01:30:00+05:30,29521.25,29542.75,29517.75,29518.25,7204
2026-08-20T01:45:00+05:30,29518.75,29529.0,29514.25,29525.25,1370
2026-08-20T02:00:00+05:30,29524.75,29532.0,29520.0,29529.25,1042
2026-08-20T02:15:00+05:30,29529.0,29562.5,29527.25,29561.0,1666
2026-08-20T03:30:00+05:30,29561.5,29639.0,29556.5,29627.25,2976
2026-08-20T03:45:00+05:30,29627.25,29632.25,29606.5,29621.5,1309
2026-08-20T04:00:00+05:30,29622.0,29638.0,29613.0,29630.0,869
2026-08-20T04:15:00+05:30,29631.25,29654.25,29628.5,29649.5,2172
2026-08-20T04:30:00+05:30,29650.75,29689.75,29632.75,29651.75,2530
2026-08-20T04:45:00+05:30,29651.0,29660.0,29641.75,29651.25,630
2026-08-20T05:00:00+05:30,29652.0,29666.75,29644.25,29659.75,689
2026-08-20T05:15:00+05:30,29658.75,29662.25,29626.0,29628.5,1610
2026-08-20T05:30:00+05:30,29629.0,29631.75,29581.5,29629.5,3201
2026-08-20T05:45:00+05:30,29630.0,29665.5,29625.0,29630.5,2481
2026-08-20T06:00:00+05:30,29630.75,29666.0,29617.0,29654.25,1655
2026-08-20T06:15:00+05:30,29655.0,29675.75,29642.25,29669.75,1394
2026-08-20T06:30:00+05:30,29670.5,29684.25,29640.5,29644.25,1877
2026-08-20T06:45:00+05:30,29645.25,29667.0,29624.75,29634.5,1952
2026-08-20T07:00:00+05:30,29633.75,29671.5,29623.75,29668.75,1491
2026-08-20T07:15:00+05:30,29668.75,29674.75,29630.0,29642.25,1641
2026-08-20T07:30:00+05:30,29641.75,29683.25,29640.0,29669.25,1411
2026-08-20T07:45:00+05:30,29668.25,29670.0,29612.75,29633.25,2041
2026-08-20T08:00:00+05:30,29631.25,29662.25,29610.0,29646.25,1387
2026-08-20T08:15:00+05:30,29645.5,29648.0,29611.25,29630.25,1099
2026-08-20T08:30:00+05:30,29632.0,29655.75,29606.0,29623.0,1380
2026-08-20T08:45:00+05:30,29624.25,29657.25,29621.25,29626.0,834
2026-08-20T09:00:00+05:30,29625.0,29628.75,29593.5,29618.75,1766
2026-08-20T09:15:00+05:30,29618.75,29631.25,29609.25,29620.25,907
2026-08-20T09:30:00+05:30,29617.75,29656.0,29610.0,29655.25,903
2026-08-20T09:45:00+05:30,29655.25,29656.0,29636.0,29639.25,589
2026-08-20T10:00:00+05:30,29640.25,29640.25,29608.5,29628.5,1039
2026-08-20T10:15:00+05:30,29627.75,29642.0,29612.25,29615.0,604
2026-08-20T10:30:00+05:30,29617.0,29623.75,29587.75,29597.0,907
2026-08-20T10:45:00+05:30,29597.75,29641.0,29594.5,29616.0,1365
2026-08-20T11:00:00+05:30,29617.25,29634.25,29604.75,29615.5,936
2026-08-20T11:15:00+05:30,29613.75,29618.0,29599.75,29605.5,711
2026-08-20T11:30:00+05:30,29607.0,29666.25,29602.25,29660.0,1703
2026-08-20T11:45:00+05:30,29659.25,29661.75,29639.0,29654.5,1154
2026-08-20T12:00:00+05:30,29653.5,29677.25,29647.0,29671.25,1220
2026-08-20T12:15:00+05:30,29673.0,29686.5,29666.25,29672.5,1281
2026-08-20T12:30:00+05:30,29672.75,29672.75,29632.5,29637.25,2106
2026-08-20T12:45:00+05:30,29638.0,29648.0,29604.75,29615.75,1616
2026-08-20T13:00:00+05:30,29615.5,29635.0,29595.0,29606.25,1681
2026-08-20T13:15:00+05:30,29606.25,29637.0,29592.75,29594.5,1137
2026-08-20T13:30:00+05:30,29595.75,29605.5,29520.0,29537.25,4075
2026-08-20T13:45:00+05:30,29538.0,29548.5,29496.0,29501.25,2554
2026-08-20T14:00:00+05:30,29502.0,29529.5,29464.0,29500.5,3308
2026-08-20T14:15:00+05:30,29499.0,29504.75,29452.75,29475.75,2599
2026-08-20T14:30:00+05:30,29477.25,29543.75,29468.0,29518.75,2296
2026-08-20T14:45:00+05:30,29523.0,29542.25,29512.5,29530.75,863
2026-08-20T15:00:00+05:30,29527.0,29536.5,29507.5,29536.0,936
2026-08-20T15:15:00+05:30,29535.25,29546.75,29512.75,29528.25,671
2026-08-20T15:30:00+05:30,29527.25,29564.0,29511.75,29556.5,1239
2026-08-20T15:45:00+05:30,29557.5,29559.25,29526.5,29537.75,1465
2026-08-20T16:00:00+05:30,29535.75,29547.75,29516.25,29524.25,1366
2026-08-20T16:15:00+05:30,29526.0,29567.0,29525.25,29566.0,969
2026-08-20T16:30:00+05:30,29566.0,29582.25,29464.0,29487.0,3799
2026-08-20T16:45:00+05:30,29488.5,29498.25,29422.0,29425.0,3522
2026-08-20T17:00:00+05:30,29424.5,29453.5,29418.0,29423.75,2968
2026-08-20T17:15:00+05:30,29423.25,29425.0,29348.75,29362.0,5809
2026-08-20T17:30:00+05:30,29361.25,29375.0,29262.5,29272.0,9397
2026-08-20T17:45:00+05:30,29272.25,29306.5,29264.0,29276.5,5142
2026-08-20T18:00:00+05:30,29278.0,29292.5,29240.0,29290.25,6547
2026-08-20T18:15:00+05:30,29289.25,29351.0,29283.75,29346.0,5224
2026-08-20T18:30:00+05:30,29346.75,29373.25,29332.75,29338.0,5415
2026-08-20T18:45:00+05:30,29338.25,29369.0,29324.0,29350.75,6015
2026-08-20T19:00:00+05:30,29351.0,29470.25,29338.75,29442.5,44768
2026-08-20T19:15:00+05:30,29443.0,29460.0,29308.75,29354.0,38528
2026-08-20T19:30:00+05:30,29354.0,29409.0,29316.5,29368.0,28131
2026-08-20T19:45:00+05:30,29369.0,29414.0,29305.0,29349.75,26629
2026-08-20T20:00:00+05:30,29350.75,29430.0,29329.0,29421.75,18745
2026-08-20T20:15:00+05:30,29421.5,29433.5,29349.0,29392.75,15359
2026-08-20T20:30:00+05:30,29392.5,29457.5,29324.5,29365.25,23460
2026-08-20T20:45:00+05:30,29364.5,29369.5,29301.0,29345.0,15098
2026-08-20T21:00:00+05:30,29344.0,29350.5,29276.5,29278.5,13797
2026-08-20T21:15:00+05:30,29278.75,29332.75,29269.25,29329.75,11567
2026-08-20T21:30:00+05:30,29329.75,29346.0,29302.75,29307.25,9947
2026-08-20T21:45:00+05:30,29307.0,29356.5,29305.0,29340.75,7815
2026-08-20T22:00:00+05:30,29340.25,29378.0,29310.0,29377.25,9049
2026-08-20T22:15:00+05:30,29377.0,29389.0,29356.25,29380.0,8803
2026-08-20T22:30:00+05:30,29380.0,29382.0,29334.75,29337.0,6631
2026-08-20T22:45:00+05:30,29337.0,29338.5,29292.5,29294.5,9861
2026-08-20T23:00:00+05:30,29294.25,29304.25,29282.75,29289.75,7082
2026-08-20T23:15:00+05:30,29290.0,29325.75,29287.25,29292.75,8325
2026-08-20T23:30:00+05:30,29292.5,29293.0,29215.0,29230.5,15023
2026-08-20T23:45:00+05:30,29230.25,29248.25,29202.75,29232.75,10817
2026-08-21T00:00:00+05:30,29233.0,29237.5,29212.0,29234.0,8615
2026-08-21T00:15:00+05:30,29234.5,29259.0,29227.0,29243.75,8188
2026-08-21T00:30:00+05:30,29243.75,29293.5,29242.25,29281.0,10232
2026-08-21T00:45:00+05:30,29280.5,29307.5,29267.75,29304.5,8577
2026-08-21T01:00:00+05:30,29304.25,29335.25,29290.25,29310.75,11706
2026-08-21T01:15:00+05:30,29310.75,29331.25,29286.5,29306.5,26076
2026-08-21T01:30:00+05:30,29306.5,29320.5,29277.0,29281.25,7472
2026-08-21T01:45:00+05:30,29281.5,29293.5,29262.5,29288.25,2188
2026-08-21T02:00:00+05:30,29287.75,29311.5,29285.25,29302.25,1437
2026-08-21T02:15:00+05:30,29302.0,29319.5,29296.25,29317.25,1338
2026-08-21T03:30:00+05:30,29327.0,29345.75,29274.25,29278.25,2244
2026-08-21T03:45:00+05:30,29277.5,29291.25,29277.0,29285.75,577
2026-08-21T04:00:00+05:30,29286.5,29309.0,29281.75,29300.75,1004
2026-08-21T04:15:00+05:30,29300.75,29325.5,29296.0,29323.0,962
2026-08-21T04:30:00+05:30,29321.5,29324.25,29313.25,29318.75,564
2026-08-21T04:45:00+05:30,29318.75,29328.5,29312.5,29315.5,573
2026-08-21T05:00:00+05:30,29316.5,29323.75,29295.5,29316.5,1257
2026-08-21T05:15:00+05:30,29317.0,29318.0,29286.75,29293.0,1488
2026-08-21T05:30:00+05:30,29292.5,29365.5,29289.75,29360.75,2986
2026-08-21T05:45:00+05:30,29360.5,29360.5,29315.0,29325.5,1843
2026-08-21T06:00:00+05:30,29326.75,29357.25,29311.75,29354.5,1647
2026-08-21T06:15:00+05:30,29353.0,29362.0,29319.5,29320.5,1316
2026-08-21T06:30:00+05:30,29320.5,29335.25,29291.75,29331.25,2265
2026-08-21T06:45:00+05:30,29330.0,29357.0,29313.25,29341.5,1683
2026-08-21T07:00:00+05:30,29340.5,29357.0,29320.25,29350.5,1471
2026-08-21T07:15:00+05:30,29350.25,29372.5,29333.5,29354.25,1412
2026-08-21T07:30:00+05:30,29353.75,29375.75,29343.25,29373.5,983
2026-08-21T07:45:00+05:30,29372.75,29395.0,29366.75,29390.0,1390
2026-08-21T08:00:00+05:30,29390.0,29396.25,29376.0,29380.5,1115
2026-08-21T08:15:00+05:30,29380.25,29399.25,29377.0,29384.0,884
2026-08-21T08:30:00+05:30,29384.0,29388.25,29355.0,29356.5,1172
2026-08-21T08:45:00+05:30,29356.0,29371.25,29349.0,29363.0,942
2026-08-21T09:00:00+05:30,29364.75,29376.75,29354.25,29357.25,796
2026-08-21T09:15:00+05:30,29356.0,29364.0,29342.75,29352.25,1016
2026-08-21T09:30:00+05:30,29353.75,29370.0,29349.0,29367.75,928
2026-08-21T09:45:00+05:30,29366.5,29371.75,29330.5,29330.5,1073
2026-08-21T10:00:00+05:30,29330.0,29338.75,29321.25,29334.75,853
2026-08-21T10:15:00+05:30,29334.5,29364.5,29333.25,29356.25,866
2026-08-21T10:30:00+05:30,29358.25,29371.0,29352.0,29367.0,686
2026-08-21T10:45:00+05:30,29366.25,29380.75,29351.5,29353.25,751
2026-08-21T11:00:00+05:30,29352.25,29377.5,29348.25,29360.75,779
2026-08-21T11:15:00+05:30,29360.5,29367.25,29340.25,29366.25,845
2026-08-21T11:30:00+05:30,29365.5,29375.75,29354.5,29374.0,999
2026-08-21T11:45:00+05:30,29374.25,29381.0,29366.75,29376.25,720
2026-08-21T12:00:00+05:30,29375.5,29401.5,29368.5,29372.75,1296
2026-08-21T12:15:00+05:30,29372.75,29391.5,29365.5,29386.5,1120
2026-08-21T12:30:00+05:30,29386.0,29429.0,29380.5,29429.0,1997
2026-08-21T12:45:00+05:30,29427.25,29458.75,29414.25,29427.5,2463
2026-08-21T13:00:00+05:30,29426.0,29453.5,29420.5,29424.0,2090
2026-08-21T13:15:00+05:30,29424.25,29446.75,29422.5,29446.0,1074
2026-08-21T13:30:00+05:30,29447.25,29464.25,29407.75,29417.5,2843
2026-08-21T13:45:00+05:30,29419.25,29424.5,29390.5,29421.5,1750
2026-08-21T14:00:00+05:30,29421.25,29456.75,29418.0,29454.75,2171
2026-08-21T14:15:00+05:30,29455.0,29467.5,29447.25,29453.0,1504
2026-08-21T14:30:00+05:30,29454.0,29455.0,29411.5,29438.0,2227
2026-08-21T14:45:00+05:30,29438.5,29444.75,29430.0,29435.5,1056
2026-08-21T15:00:00+05:30,29435.5,29482.75,29429.75,29474.75,2975
2026-08-21T15:15:00+05:30,29474.75,29495.0,29464.5,29485.0,1646
2026-08-21T15:30:00+05:30,29485.75,29518.5,29476.5,29485.0,3000
2026-08-21T15:45:00+05:30,29485.5,29491.0,29470.25,29490.0,1184
2026-08-21T16:00:00+05:30,29489.5,29495.0,29473.0,29477.0,725
2026-08-21T16:15:00+05:30,29478.5,29488.75,29471.25,29479.5,1121
2026-08-21T16:30:00+05:30,29480.0,29486.0,29452.75,29467.75,2126
2026-08-21T16:45:00+05:30,29468.25,29525.0,29466.5,29519.25,3045
2026-08-21T17:00:00+05:30,29518.5,29539.0,29500.0,29530.75,3743
2026-08-21T17:15:00+05:30,29530.75,29531.0,29498.5,29500.0,1557
2026-08-21T17:30:00+05:30,29499.5,29503.75,29479.75,29487.25,2395
2026-08-21T17:45:00+05:30,29487.5,29516.75,29477.75,29516.25,2139
2026-08-21T18:00:00+05:30,29515.5,29529.75,29508.25,29528.25,2701
2026-08-21T18:15:00+05:30,29529.0,29539.0,29503.5,29511.5,2988
2026-08-21T18:30:00+05:30,29511.75,29516.0,29467.0,29469.0,3776
2026-08-21T18:45:00+05:30,29469.5,29485.25,29418.0,29469.25,10519
2026-08-21T19:00:00+05:30,29469.0,29476.0,29312.25,29322.5,39546
2026-08-21T19:15:00+05:30,29320.25,29359.25,29255.75,29303.5,32898
2026-08-21T19:30:00+05:30,29303.25,29335.5,29246.25,29253.0,28652
2026-08-21T19:45:00+05:30,29253.5,29311.75,29220.0,29278.75,25599
2026-08-21T20:00:00+05:30,29280.25,29310.0,29258.0,29296.5,17994
2026-08-21T20:15:00+05:30,29296.25,29333.75,29288.5,29331.75,17173
2026-08-21T20:30:00+05:30,29332.0,29368.75,29326.75,29353.0,16443
2026-08-21T20:45:00+05:30,29352.5,29371.25,29331.5,29368.25,11297
2026-08-21T21:00:00+05:30,29367.75,29471.75,29364.0,29451.5,20470
2026-08-21T21:15:00+05:30,29452.25,29488.75,29425.5,29443.0,18269
2026-08-21T21:30:00+05:30,29443.5,29447.25,29390.0,29394.5,13085
2026-08-21T21:45:00+05:30,29393.75,29452.75,29388.75,29409.5,13275
2026-08-21T22:00:00+05:30,29410.0,29425.5,29393.5,29417.5,5929
2026-08-21T22:15:00+05:30,29417.0,29417.5,29380.75,29412.25,7189
2026-08-21T22:30:00+05:30,29412.0,29424.0,29398.75,29408.0,7352
2026-08-21T22:45:00+05:30,29408.0,29410.25,29376.25,29395.25,7618
2026-08-21T23:00:00+05:30,29396.0,29404.75,29382.75,29404.75,5305
2026-08-21T23:15:00+05:30,29404.75,29410.5,29381.5,29383.75,5243
2026-08-21T23:30:00+05:30,29383.25,29405.25,29372.25,29374.75,7441
2026-08-21T23:45:00+05:30,29374.25,29392.0,29362.75,29363.0,5674
2026-08-22T00:00:00+05:30,29363.0,29372.25,29353.75,29366.5,5164
2026-08-22T00:15:00+05:30,29366.5,29403.5,29363.5,29400.25,5573
2026-08-22T00:30:00+05:30,29400.0,29415.0,29384.25,29388.5,8105
2026-08-22T00:45:00+05:30,29388.25,29404.5,29380.25,29394.5,6736
2026-08-22T01:00:00+05:30,29393.5,29412.5,29393.5,29410.75,6813
2026-08-22T01:15:00+05:30,29410.75,29432.25,29375.25,29395.75,24993
2026-08-22T01:30:00+05:30,29396.25,29398.0,29370.25,29381.75,6750
2026-08-22T01:45:00+05:30,29382.0,29388.5,29367.75,29370.0,2207
2026-08-22T02:00:00+05:30,29370.5,29388.0,29370.0,29385.25,1461
2026-08-22T02:15:00+05:30,29384.75,29385.0,29372.0,29374.0,1863
2026-08-24T03:30:00+05:30,29392.25,29409.75,29300.25,29331.75,3248
2026-08-24T03:45:00+05:30,29330.25,29343.0,29313.0,29338.75,1263
2026-08-24T04:00:00+05:30,29337.75,29384.75,29335.0,29382.25,1488
2026-08-24T04:15:00+05:30,29381.25,29400.0,29380.75,29390.5,1049
2026-08-24T04:30:00+05:30,29390.5,29394.0,29384.0,29387.0,406
2026-08-24T04:45:00+05:30,29387.25,29429.5,29386.5,29429.0,1135
2026-08-24T05:00:00+05:30,29427.0,29448.0,29418.0,29420.0,1531
2026-08-24T05:15:00+05:30,29419.75,29480.5,29419.5,29467.75,2205
2026-08-24T05:30:00+05:30,29466.5,29472.5,29423.5,29437.25,3280
2026-08-24T05:45:00+05:30,29435.75,29437.75,29335.0,29356.5,5056
2026-08-24T06:00:00+05:30,29357.25,29377.5,29337.25,29354.75,2131
2026-08-24T06:15:00+05:30,29355.5,29428.25,29351.5,29427.25,2589
2026-08-24T06:30:00+05:30,29425.75,29443.5,29393.25,29435.0,2243
2026-08-24T06:45:00+05:30,29436.25,29449.0,29407.75,29410.25,1604
2026-08-24T07:00:00+05:30,29409.5,29410.75,29383.5,29394.25,1701
2026-08-24T07:15:00+05:30,29392.0,29404.75,29321.0,29323.25,2687
2026-08-24T07:30:00+05:30,29321.5,29357.5,29301.25,29353.25,3915
2026-08-24T07:45:00+05:30,29353.25,29373.25,29347.5,29363.0,1826
2026-08-24T08:00:00+05:30,29363.0,29373.25,29356.25,29370.25,1021
2026-08-24T08:15:00+05:30,29370.5,29377.25,29341.75,29370.5,2045
2026-08-24T08:30:00+05:30,29371.25,29372.5,29303.25,29304.5,1607
2026-08-24T08:45:00+05:30,29304.0,29314.0,29289.75,29295.5,2059
2026-08-24T09:00:00+05:30,29295.0,29305.0,29281.75,29284.5,1567
2026-08-24T09:15:00+05:30,29284.0,29305.0,29261.25,29272.25,1763
2026-08-24T09:30:00+05:30,29272.25,29299.0,29268.25,29299.0,1064
2026-08-24T09:45:00+05:30,29299.0,29300.75,29271.25,29292.0,1357
2026-08-24T10:00:00+05:30,29292.25,29299.5,29276.5,29299.25,949
2026-08-24T10:15:00+05:30,29299.25,29304.0,29263.0,29265.75,1056
2026-08-24T10:30:00+05:30,29265.5,29297.25,29261.25,29293.5,1269
2026-08-24T10:45:00+05:30,29293.25,29293.25,29247.0,29250.0,1276
2026-08-24T11:00:00+05:30,29248.0,29266.5,29207.5,29238.75,3046
2026-08-24T11:15:00+05:30,29238.0,29246.0,29188.0,29200.75,2950
2026-08-24T11:30:00+05:30,29200.25,29219.25,29142.5,29152.5,4200
2026-08-24T11:45:00+05:30,29152.5,29179.0,29120.5,29166.5,2773
2026-08-24T12:00:00+05:30,29164.75,29180.5,29144.0,29149.5,1443
2026-08-24T12:15:00+05:30,29151.0,29177.25,29142.0,29164.5,1255
2026-08-24T12:30:00+05:30,29164.5,29205.0,29146.5,29200.25,2056
2026-08-24T12:45:00+05:30,29200.5,29208.75,29178.5,29183.5,1364
2026-08-24T13:00:00+05:30,29182.25,29212.5,29161.25,29162.75,1621
2026-08-24T13:15:00+05:30,29163.25,29175.25,29130.75,29143.75,1807
2026-08-24T13:30:00+05:30,29146.25,29209.0,29116.75,29184.5,3287
2026-08-24T13:45:00+05:30,29183.5,29210.5,29171.75,29191.75,1642
2026-08-24T14:00:00+05:30,29191.5,29225.75,29179.75,29224.5,1377
2026-08-24T14:15:00+05:30,29224.25,29240.0,29213.5,29215.0,1167
2026-08-24T14:30:00+05:30,29215.75,29247.75,29201.0,29234.0,1566
2026-08-24T14:45:00+05:30,29233.0,29235.5,29208.25,29210.5,850
2026-08-24T15:00:00+05:30,29209.5,29242.25,29209.0,29236.5,1179
2026-08-24T15:15:00+05:30,29236.0,29249.75,29227.0,29231.5,898
2026-08-24T15:30:00+05:30,29231.75,29247.0,29214.75,29214.75,1200
2026-08-24T15:45:00+05:30,29216.0,29236.0,29204.25,29209.25,1208
2026-08-24T16:00:00+05:30,29208.5,29240.0,29197.25,29210.0,1385
2026-08-24T16:15:00+05:30,29208.25,29210.0,29179.5,29184.75,1023
2026-08-24T16:30:00+05:30,29185.25,29192.5,29145.75,29167.75,2509
2026-08-24T16:45:00+05:30,29167.75,29203.0,29164.5,29183.0,1546
2026-08-24T17:00:00+05:30,29183.5,29283.0,29183.0,29260.0,4615
2026-08-24T17:15:00+05:30,29260.25,29260.5,29231.0,29245.5,2396
2026-08-24T17:30:00+05:30,29245.5,29245.75,29207.5,29211.5,2043
2026-08-24T17:45:00+05:30,29212.25,29231.25,29203.5,29230.0,1689
2026-08-24T18:00:00+05:30,29229.5,29240.75,29171.5,29203.5,4316
2026-08-24T18:15:00+05:30,29206.0,29232.75,29199.75,29206.0,1515
2026-08-24T18:30:00+05:30,29205.75,29220.25,29196.75,29208.25,2234
2026-08-24T18:45:00+05:30,29208.75,29236.75,29195.75,29235.0,4909
2026-08-24T19:00:00+05:30,29235.5,29243.0,28975.5,28978.75,51640
2026-08-24T19:15:00+05:30,28978.5,29038.0,28946.75,29021.75,34173
2026-08-24T19:30:00+05:30,29022.25,29036.75,28953.5,28993.25,24319
2026-08-24T19:45:00+05:30,28993.0,29033.25,28967.5,29012.25,18891
2026-08-24T20:00:00+05:30,29011.75,29110.75,29001.5,29085.5,21084
2026-08-24T20:15:00+05:30,29086.0,29110.25,29077.5,29082.75,14212
2026-08-24T20:30:00+05:30,29083.25,29096.75,29042.25,29048.5,13772
2026-08-24T20:45:00+05:30,29049.25,29137.0,29038.75,29121.25,15633
2026-08-24T21:00:00+05:30,29122.0,29182.0,29111.5,29175.75,18364
2026-08-24T21:15:00+05:30,29176.25,29205.5,29150.0,29168.75,14283
2026-08-24T21:30:00+05:30,29169.0,29189.25,29156.75,29180.75,11038
2026-08-24T21:45:00+05:30,29181.0,29224.75,29178.75,29203.75,10116
2026-08-24T22:00:00+05:30,29204.25,29212.25,29174.0,29185.25,7621
2026-08-24T22:15:00+05:30,29185.0,29192.75,29170.5,29171.0,6163
2026-08-24T22:30:00+05:30,29171.25,29210.5,29154.75,29194.25,10550
2026-08-24T22:45:00+05:30,29194.0,29195.25,29132.0,29140.0,10191
2026-08-24T23:00:00+05:30,29139.5,29142.5,29118.75,29119.25,7863
2026-08-24T23:15:00+05:30,29119.0,29143.0,29116.5,29123.0,7277
2026-08-24T23:30:00+05:30,29123.75,29188.75,29123.0,29187.0,9125
2026-08-24T23:45:00+05:30,29187.25,29224.0,29172.75,29218.25,10266
2026-08-25T00:00:00+05:30,29218.0,29233.25,29180.25,29190.0,10153
2026-08-25T00:15:00+05:30,29190.25,29193.5,29153.0,29154.0,6523
2026-08-25T00:30:00+05:30,29153.75,29162.25,29143.0,29155.25,6702
2026-08-25T00:45:00+05:30,29154.75,29167.0,29142.75,29158.75,6635
2026-08-25T01:00:00+05:30,29158.0,29173.0,29125.25,29131.0,9123
2026-08-25T01:15:00+05:30,29131.0,29142.0,29095.5,29099.25,26125
2026-08-25T01:30:00+05:30,29099.0,29124.75,29097.25,29109.25,6582
2026-08-25T01:45:00+05:30,29109.5,29113.0,29080.75,29084.0,2580
2026-08-25T02:00:00+05:30,29083.75,29101.75,29083.5,29100.25,1187
2026-08-25T02:15:00+05:30,29100.5,29136.5,29089.25,29131.25,2153
2026-08-25T03:30:00+05:30,29140.5,29152.75,29120.0,29123.75,1731
2026-08-25T03:45:00+05:30,29124.5,29130.0,29120.0,29126.75,581
2026-08-25T04:00:00+05:30,29123.75,29130.0,29113.5,29117.75,651
2026-08-25T04:15:00+05:30,29119.0,29121.5,29111.5,29121.0,534
2026-08-25T04:30:00+05:30,29121.0,29125.5,29116.5,29124.0,308
2026-08-25T04:45:00+05:30,29124.75,29128.25,29105.75,29106.75,937
2026-08-25T05:00:00+05:30,29107.25,29116.0,29072.0,29084.25,2521
2026-08-25T05:15:00+05:30,29086.25,29100.0,29081.5,29096.25,1107
2026-08-25T05:30:00+05:30,29095.75,29102.25,29038.25,29042.0,3126
2026-08-25T05:45:00+05:30,29041.5,29084.25,29017.0,29079.5,4160
2026-08-25T06:00:00+05:30,29079.25,29131.25,29070.75,29124.5,2561
2026-08-25T06:15:00+05:30,29123.75,29146.0,29106.0,29126.5,1922
2026-08-25T06:30:00+05:30,29128.0,29143.25,29114.0,29130.0,1731
2026-08-25T06:45:00+05:30,29129.5,29136.75,29095.5,29115.0,1756
2026-08-25T07:00:00+05:30,29114.25,29155.5,29108.5,29134.0,2727
2026-08-25T07:15:00+05:30,29135.5,29152.25,29125.5,29128.25,1141
2026-08-25T07:30:00+05:30,29127.0,29145.5,29104.0,29117.0,1825
2026-08-25T07:45:00+05:30,29117.0,29149.0,29104.0,29146.0,1818
2026-08-25T08:00:00+05:30,29145.25,29168.25,29134.25,29138.75,1858
2026-08-25T08:15:00+05:30,29137.0,29138.0,29093.5,29101.75,1559
2026-08-25T08:30:00+05:30,29102.5,29166.5,29100.25,29151.25,2272
2026-08-25T08:45:00+05:30,29151.5,29176.25,29151.0,29175.0,1600
2026-08-25T09:00:00+05:30,29174.5,29190.0,29163.5,29167.75,1660
2026-08-25T09:15:00+05:30,29168.25,29168.25,29151.75,29164.75,975
2026-08-25T09:30:00+05:30,29164.75,29199.0,29159.25,29196.25,1396
2026-08-25T09:45:00+05:30,29196.75,29207.25,29188.0,29201.0,1015
2026-08-25T10:00:00+05:30,29201.75,29217.25,29190.75,29211.5,1047
2026-08-25T10:15:00+05:30,29211.25,29216.5,29185.0,29198.75,1039
2026-08-25T10:30:00+05:30,29200.25,29225.0,29190.0,29204.75,1554
2026-08-25T10:45:00+05:30,29206.0,29227.0,29206.0,29220.25,1195
2026-08-25T11:00:00+05:30,29219.25,29234.75,29201.25,29204.25,1805
2026-08-25T11:15:00+05:30,29204.25,29241.0,29201.0,29232.0,1902
2026-08-25T11:30:00+05:30,29231.75,29263.5,29230.0,29248.0,2214
2026-08-25T11:45:00+05:30,29248.25,29288.5,29242.5,29266.25,2006
2026-08-25T12:00:00+05:30,29265.25,29267.5,29243.5,29263.25,1099
2026-08-25T12:15:00+05:30,29262.75,29263.25,29236.25,29263.25,1304
2026-08-25T12:30:00+05:30,29263.5,29290.75,29250.0,29252.75,1816
2026-08-25T12:45:00+05:30,29252.75,29263.5,29226.5,29248.25,1942
2026-08-25T13:00:00+05:30,29246.25,29261.5,29232.0,29255.75,1487
2026-08-25T13:15:00+05:30,29258.0,29259.0,29226.25,29231.75,815
2026-08-25T13:30:00+05:30,29233.5,29254.75,29212.25,29216.75,1935
2026-08-25T13:45:00+05:30,29218.5,29326.0,29218.5,29276.5,3773
2026-08-25T14:00:00+05:30,29278.25,29298.25,29257.0,29282.0,1448
2026-08-25T14:15:00+05:30,29282.25,29306.25,29282.0,29301.75,1430
2026-08-25T14:30:00+05:30,29302.0,29337.0,29286.0,29323.0,2139
2026-08-25T14:45:00+05:30,29324.25,29334.75,29305.75,29318.0,1309
2026-08-25T15:00:00+05:30,29317.0,29374.0,29315.0,29361.25,3235
2026-08-25T15:15:00+05:30,29360.5,29425.75,29356.0,29392.5,3646
2026-08-25T15:30:00+05:30,29389.25,29410.25,29370.0,29389.75,2048
2026-08-25T15:45:00+05:30,29391.25,29392.75,29367.25,29370.0,1370
2026-08-25T16:00:00+05:30,29370.75,29379.75,29346.5,29347.5,1525
2026-08-25T16:15:00+05:30,29347.0,29369.5,29346.25,29358.5,1272
2026-08-25T16:30:00+05:30,29358.0,29362.25,29304.0,29340.25,2510
2026-08-25T16:45:00+05:30,29340.25,29355.0,29320.0,29340.5,2060
2026-08-25T17:00:00+05:30,29340.75,29362.25,29339.5,29358.25,1727
2026-08-25T17:15:00+05:30,29357.25,29390.5,29355.25,29373.0,1988
2026-08-25T17:30:00+05:30,29372.75,29382.75,29355.25,29380.75,1974
2026-08-25T17:45:00+05:30,29380.5,29409.5,29363.75,29374.25,3485
2026-08-25T18:00:00+05:30,29373.25,29373.25,29312.5,29328.0,3777
2026-08-25T18:15:00+05:30,29328.0,29347.0,29320.0,29334.0,2383
2026-08-25T18:30:00+05:30,29334.0,29344.75,29311.5,29329.25,4516
2026-08-25T18:45:00+05:30,29327.25,29342.0,29294.5,29296.25,5333
2026-08-25T19:00:00+05:30,29297.0,29376.25,29279.25,29349.75,43421
2026-08-25T19:15:00+05:30,29348.75,29414.75,29289.25,29312.75,33571
2026-08-25T19:30:00+05:30,29313.25,29315.0,29239.75,29246.0,26283
2026-08-25T19:45:00+05:30,29245.0,29269.5,29209.25,29215.25,22017
2026-08-25T20:00:00+05:30,29214.75,29268.75,29138.0,29219.25,26968
2026-08-25T20:15:00+05:30,29218.25,29260.25,29206.0,29232.5,13901
2026-08-25T20:30:00+05:30,29233.0,29235.75,29197.0,29223.0,11174
2026-08-25T20:45:00+05:30,29223.75,29282.0,29219.0,29276.75,11779
2026-08-25T21:00:00+05:30,29277.25,29309.75,29255.25,29267.25,13882
2026-08-25T21:15:00+05:30,29266.75,29274.25,29222.75,29262.0,11148
2026-08-25T21:30:00+05:30,29263.25,29289.5,29260.75,29277.75,7927
2026-08-25T21:45:00+05:30,29278.0,29298.5,29274.5,29293.75,7484
2026-08-25T22:00:00+05:30,29294.75,29299.75,29259.0,29265.25,7623
2026-08-25T22:15:00+05:30,29265.75,29283.25,29252.75,29274.75,8614
2026-08-25T22:30:00+05:30,29275.5,29279.0,29224.0,29243.0,9091
2026-08-25T22:45:00+05:30,29242.5,29258.5,29214.5,29224.5,8350
2026-08-25T23:00:00+05:30,29224.75,29234.5,29216.0,29222.25,5506
2026-08-25T23:15:00+05:30,29222.5,29232.25,29216.75,29227.25,4473
2026-08-25T23:30:00+05:30,29226.75,29227.5,29202.0,29206.0,7468
2026-08-25T23:45:00+05:30,29205.75,29227.5,29202.5,29219.75,5650
2026-08-26T00:00:00+05:30,29219.75,29259.25,29219.0,29257.75,7769
2026-08-26T00:15:00+05:30,29257.75,29275.0,29253.0,29255.5,8436
2026-08-26T00:30:00+05:30,29256.0,29266.5,29230.25,29234.75,6934
2026-08-26T00:45:00+05:30,29234.25,29238.75,29212.75,29226.0,6717
2026-08-26T01:00:00+05:30,29225.75,29257.75,29211.5,29239.0,8232
2026-08-26T01:15:00+05:30,29238.25,29289.5,29229.5,29270.25,21924
2026-08-26T01:30:00+05:30,29270.5,29294.75,29262.0,29288.75,8036
2026-08-26T01:45:00+05:30,29288.5,29313.5,29283.25,29302.5,3206
2026-08-26T02:00:00+05:30,29302.0,29308.75,29281.5,29282.25,1521
2026-08-26T02:15:00+05:30,29282.25,29287.75,29268.75,29287.5,1892
2026-08-26T03:30:00+05:30,29288.0,29309.75,29286.5,29293.25,1495
2026-08-26T03:45:00+05:30,29293.5,29294.25,29280.0,29291.25,773
2026-08-26T04:00:00+05:30,29291.5,29293.0,29280.75,29288.25,465
2026-08-26T04:15:00+05:30,29287.25,29288.0,29280.75,29284.5,293
2026-08-26T04:30:00+05:30,29284.25,29288.5,29273.75,29275.75,601
2026-08-26T04:45:00+05:30,29276.25,29278.75,29245.25,29246.0,1256
2026-08-26T05:00:00+05:30,29246.0,29248.5,29228.0,29234.75,1247
2026-08-26T05:15:00+05:30,29233.0,29235.0,29207.0,29211.5,1920
2026-08-26T05:30:00+05:30,29210.25,29227.75,29185.0,29208.5,3665
2026-08-26T05:45:00+05:30,29209.5,29238.5,29165.25,29184.25,2911
2026-08-26T06:00:00+05:30,29183.75,29188.0,29138.0,29151.25,3584
2026-08-26T06:15:00+05:30,29150.75,29160.0,29110.5,29112.25,2688
2026-08-26T06:30:00+05:30,29113.0,29147.0,29106.75,29123.75,3005
2026-08-26T06:45:00+05:30,29123.5,29134.0,29099.0,29109.75,2110
2026-08-26T07:00:00+05:30,29110.5,29129.0,29096.0,29116.25,2390
2026-08-26T07:15:00+05:30,29117.5,29135.0,29104.75,29133.5,1447
2026-08-26T07:30:00+05:30,29133.5,29144.5,29119.25,29143.25,1691
2026-08-26T07:45:00+05:30,29143.0,29174.75,29140.5,29172.25,2113
2026-08-26T08:00:00+05:30,29172.75,29217.75,29171.0,29217.0,2605
2026-08-26T08:15:00+05:30,29217.25,29229.75,29211.25,29220.25,1719
2026-08-26T08:30:00+05:30,29221.5,29235.75,29212.0,29231.5,1302
2026-08-26T08:45:00+05:30,29231.0,29232.0,29213.25,29214.75,807
2026-08-26T09:00:00+05:30,29215.5,29244.0,29205.0,29237.0,1854
2026-08-26T09:15:00+05:30,29237.5,29275.25,29235.75,29264.25,2366
2026-08-26T09:30:00+05:30,29265.25,29279.75,29260.0,29273.0,1347
2026-08-26T09:45:00+05:30,29273.25,29283.25,29262.0,29272.25,1200
2026-08-26T10:00:00+05:30,29272.0,29275.25,29247.75,29250.75,1231
2026-08-26T10:15:00+05:30,29251.0,29251.75,29217.25,29226.75,1600
2026-08-26T10:30:00+05:30,29227.75,29259.75,29226.5,29239.25,1600
2026-08-26T10:45:00+05:30,29238.5,29248.75,29229.0,29245.0,888
2026-08-26T11:00:00+05:30,29246.0,29262.75,29241.25,29248.25,718
2026-08-26T11:15:00+05:30,29247.25,29247.75,29226.0,29243.0,918
2026-08-26T11:30:00+05:30,29242.25,29248.75,29212.0,29217.0,1355
2026-08-26T11:45:00+05:30,29215.0,29226.5,29203.5,29218.75,1157
2026-08-26T12:00:00+05:30,29218.25,29256.75,29209.75,29255.25,1162
2026-08-26T12:15:00+05:30,29255.75,29277.25,29232.25,29252.75,1671
2026-08-26T12:30:00+05:30,29252.25,29257.75,29201.25,29236.75,2176
2026-08-26T12:45:00+05:30,29237.0,29244.5,29192.25,29199.0,1786
2026-08-26T13:00:00+05:30,29201.25,29211.0,29185.75,29199.25,1225
2026-08-26T13:15:00+05:30,29199.5,29219.25,29187.25,29212.25,1023
2026-08-26T13:30:00+05:30,29213.0,29245.25,29198.25,29205.75,2074
2026-08-26T13:45:00+05:30,29205.5,29235.5,29185.0,29235.5,1682
2026-08-26T14:00:00+05:30,29234.75,29251.0,29211.75,29242.5,1020
2026-08-26T14:15:00+05:30,29241.0,29241.25,29209.75,29228.0,672
2026-08-26T14:30:00+05:30,29227.75,29234.75,29213.5,29218.75,593
2026-08-26T14:45:00+05:30,29218.25,29221.5,29191.25,29198.0,1117
2026-08-26T15:00:00+05:30,29200.0,29219.25,29198.5,29214.75,657
2026-08-26T15:15:00+05:30,29214.0,29236.5,29213.75,29234.5,758
2026-08-26T15:30:00+05:30,29234.25,29235.0,29196.0,29198.0,856
2026-08-26T15:45:00+05:30,29197.25,29217.0,29196.25,29200.75,903
2026-08-26T16:00:00+05:30,29200.0,29242.25,29188.75,29228.5,1400
2026-08-26T16:15:00+05:30,29228.5,29240.25,29224.0,29237.5,897
2026-08-26T16:30:00+05:30,29237.5,29264.5,29235.0,29254.0,1532
2026-08-26T16:45:00+05:30,29253.0,29278.75,29234.75,29253.0,1972
2026-08-26T17:00:00+05:30,29252.25,29261.75,29193.0,29209.5,2291
2026-08-26T17:15:00+05:30,29210.25,29227.5,29186.0,29219.5,2304
2026-08-26T17:30:00+05:30,29220.75,29223.5,29200.0,29215.75,1913
2026-08-26T17:45:00+05:30,29215.5,29259.5,29190.0,29257.25,3008
2026-08-26T18:00:00+05:30,29256.75,29263.25,29149.75,29164.75,8647
2026-08-26T18:15:00+05:30,29165.0,29181.5,29133.25,29152.0,7230
2026-08-26T18:30:00+05:30,29151.75,29173.0,29133.5,29171.75,4663
2026-08-26T18:45:00+05:30,29172.25,29175.0,29153.5,29173.75,4646
2026-08-26T19:00:00+05:30,29174.5,29313.25,29174.25,29291.0,43631
2026-08-26T19:15:00+05:30,29290.75,29332.75,29252.5,29331.25,23716
2026-08-26T19:30:00+05:30,29331.5,29332.5,29235.5,29246.0,16665
2026-08-26T19:45:00+05:30,29246.25,29262.75,29156.75,29178.25,19785
2026-08-26T20:00:00+05:30,29178.25,29238.5,29176.0,29221.0,14374
2026-08-26T20:15:00+05:30,29221.5,29268.0,29206.25,29252.25,11744
2026-08-26T20:30:00+05:30,29251.75,29283.0,29246.0,29257.5,10179
2026-08-26T20:45:00+05:30,29257.25,29267.0,29222.5,29256.5,10166
2026-08-26T21:00:00+05:30,29256.75,29289.75,29220.75,29283.0,10393
2026-08-26T21:15:00+05:30,29282.25,29291.5,29215.5,29217.75,12073
2026-08-26T21:30:00+05:30,29217.75,29224.25,29189.0,29200.0,9989
2026-08-26T21:45:00+05:30,29201.25,29215.75,29192.5,29207.0,5227
2026-08-26T22:00:00+05:30,29207.25,29220.0,29170.0,29174.5,6977
2026-08-26T22:15:00+05:30,29174.75,29224.75,29171.75,29216.75,8432
2026-08-26T22:30:00+05:30,29216.0,29242.25,29210.5,29238.0,6405
2026-08-26T22:45:00+05:30,29238.25,29270.75,29238.0,29267.25,8106
2026-08-26T23:00:00+05:30,29268.0,29291.75,29262.75,29281.5,7696
2026-08-26T23:15:00+05:30,29281.5,29293.75,29267.5,29284.25,6727
2026-08-26T23:30:00+05:30,29284.5,29296.0,29266.0,29270.0,5867
2026-08-26T23:45:00+05:30,29270.75,29292.25,29264.75,29280.0,5853
2026-08-27T00:00:00+05:30,29279.75,29303.5,29275.75,29295.0,5710
2026-08-27T00:15:00+05:30,29295.0,29329.75,29294.75,29321.75,9149
2026-08-27T00:30:00+05:30,29321.25,29368.25,29317.75,29340.5,11350
2026-08-27T00:45:00+05:30,29340.5,29357.25,29332.25,29338.0,7135
2026-08-27T01:00:00+05:30,29338.0,29345.5,29307.5,29309.25,8942
2026-08-27T01:15:00+05:30,29309.5,29341.5,29280.25,29296.75,22960
2026-08-27T01:30:00+05:30,29297.75,29375.0,29283.25,29362.25,8685
2026-08-27T01:45:00+05:30,29360.75,29383.75,29291.0,29342.25,10525
2026-08-27T02:00:00+05:30,29342.0,29356.0,29317.0,29340.0,3279
2026-08-27T02:15:00+05:30,29339.0,29437.75,29336.75,29432.5,3888
2026-08-27T03:30:00+05:30,29499.5,29582.25,29499.25,29566.0,6246
2026-08-27T03:45:00+05:30,29565.5,29602.0,29554.25,29583.75,2932
2026-08-27T04:00:00+05:30,29583.5,29618.0,29581.0,29617.25,2462
2026-08-27T04:15:00+05:30,29615.75,29628.5,29599.25,29606.5,1807
2026-08-27T04:30:00+05:30,29605.0,29615.5,29591.0,29592.25,1641
2026-08-27T04:45:00+05:30,29593.25,29612.5,29585.0,29602.5,1363
2026-08-27T05:00:00+05:30,29602.75,29611.75,29594.5,29606.5,519
2026-08-27T05:15:00+05:30,29606.25,29653.0,29605.0,29646.5,2311
2026-08-27T05:30:00+05:30,29648.25,29654.75,29578.0,29590.0,3589
2026-08-27T05:45:00+05:30,29590.0,29590.5,29558.0,29581.0,2668
2026-08-27T06:00:00+05:30,29580.5,29581.25,29476.25,29478.0,4994
2026-08-27T06:15:00+05:30,29478.0,29479.5,29438.25,29445.75,4566
2026-08-27T06:30:00+05:30,29443.75,29490.0,29432.5,29452.75,4236
2026-08-27T06:45:00+05:30,29452.0,29509.25,29447.75,29503.25,2351
2026-08-27T07:00:00+05:30,29503.0,29535.0,29491.75,29492.75,2813
2026-08-27T07:15:00+05:30,29493.75,29554.25,29493.75,29529.75,2409
2026-08-27T07:30:00+05:30,29531.75,29544.25,29516.75,29539.75,1812
2026-08-27T07:45:00+05:30,29540.75,29543.25,29525.75,29539.0,728
2026-08-27T08:00:00+05:30,29538.75,29555.0,29530.5,29541.25,1317
2026-08-27T08:15:00+05:30,29541.75,29560.5,29536.75,29548.75,1269
2026-08-27T08:30:00+05:30,29550.5,29563.0,29530.0,29540.25,1402
2026-08-27T08:45:00+05:30,29541.0,29575.75,29540.75,29564.25,1193
2026-08-27T09:00:00+05:30,29566.0,29572.25,29541.75,29541.75,949
2026-08-27T09:15:00+05:30,29543.5,29552.5,29526.5,29538.75,1127
2026-08-27T09:30:00+05:30,29538.0,29547.25,29528.25,29534.0,493
2026-08-27T09:45:00+05:30,29534.75,29551.75,29528.5,29528.5,787
2026-08-27T10:00:00+05:30,29528.5,29530.25,29498.25,29504.25,1240
2026-08-27T10:15:00+05:30,29503.5,29520.75,29493.0,29497.25,1253
2026-08-27T10:30:00+05:30,29501.5,29504.25,29472.75,29484.5,1804
2026-08-27T10:45:00+05:30,29482.25,29482.25,29448.0,29468.0,1996
2026-08-27T11:00:00+05:30,29466.25,29472.75,29438.5,29442.5,1795
2026-08-27T11:15:00+05:30,29441.5,29465.0,29428.5,29438.75,1818
2026-08-27T11:30:00+05:30,29437.5,29437.5,29401.75,29432.5,3235
2026-08-27T11:45:00+05:30,29433.0,29451.0,29432.0,29450.75,1662
2026-08-27T12:00:00+05:30,29451.5,29490.5,29449.0,29489.25,1677
2026-08-27T12:15:00+05:30,29489.0,29500.0,29478.0,29499.5,1533
2026-08-27T12:30:00+05:30,29498.75,29538.5,29477.25,29536.0,2999
2026-08-27T12:45:00+05:30,29537.0,29548.75,29524.0,29548.25,2029
2026-08-27T13:00:00+05:30,29547.75,29549.75,29499.0,29504.0,2370
2026-08-27T13:15:00+05:30,29504.75,29548.25,29500.75,29539.5,1419
2026-08-27T13:30:00+05:30,29538.75,29624.0,29537.0,29622.0,3636
2026-08-27T13:45:00+05:30,29622.5,29659.75,29596.75,29656.5,3622
2026-08-27T14:00:00+05:30,29656.75,29658.0,29610.25,29629.5,2758
2026-08-27T14:15:00+05:30,29632.5,29662.0,29622.0,29623.75,2622
2026-08-27T14:30:00+05:30,29624.75,29634.25,29581.25,29584.0,3173
2026-08-27T14:45:00+05:30,29584.25,29615.0,29568.0,29598.0,2095
2026-08-27T15:00:00+05:30,29597.75,29625.5,29596.75,29615.0,2498
2026-08-27T15:15:00+05:30,29614.5,29634.5,29599.5,29602.0,2089
2026-08-27T15:30:00+05:30,29602.25,29606.25,29582.25,29598.75,1262
2026-08-27T15:45:00+05:30,29598.75,29603.75,29577.0,29579.75,1063
2026-08-27T16:00:00+05:30,29580.75,29602.75,29570.0,29600.0,1368
2026-08-27T16:15:00+05:30,29599.75,29602.25,29568.25,29597.5,1243
2026-08-27T16:30:00+05:30,29599.0,29630.0,29577.0,29616.25,2329
2026-08-27T16:45:00+05:30,29616.25,29621.25,29569.5,29569.5,1868
2026-08-27T17:00:00+05:30,29570.25,29588.0,29546.25,29565.5,2684
2026-08-27T17:15:00+05:30,29563.5,29563.5,29514.75,29558.5,2426
2026-08-27T17:30:00+05:30,29557.75,29589.0,29551.0,29584.0,2724
2026-08-27T17:45:00+05:30,29584.25,29590.5,29565.75,29579.25,1930
2026-08-27T18:00:00+05:30,29579.0,29581.25,29534.5,29537.5,3262
2026-08-27T18:15:00+05:30,29536.25,29541.0,29515.5,29522.5,3241
2026-08-27T18:30:00+05:30,29522.0,29561.75,29518.5,29555.75,3443
2026-08-27T18:45:00+05:30,29554.5,29570.25,29523.25,29524.5,6577
2026-08-27T19:00:00+05:30,29524.25,29588.75,29443.0,29575.0,52471
2026-08-27T19:15:00+05:30,29576.0,29605.0,29423.75,29483.0,44309
2026-08-27T19:30:00+05:30,29484.0,29588.5,29478.5,29559.0,26511
2026-08-27T19:45:00+05:30,29558.0,29623.5,29558.0,29606.75,19015
2026-08-27T20:00:00+05:30,29606.5,29610.25,29538.0,29557.25,17684
2026-08-27T20:15:00+05:30,29556.5,29605.25,29532.0,29601.5,16719
2026-08-27T20:30:00+05:30,29601.75,29628.0,29588.25,29625.5,11669
2026-08-27T20:45:00+05:30,29625.75,29635.0,29573.0,29578.5,10749
2026-08-27T21:00:00+05:30,29578.25,29597.25,29528.5,29534.5,14030
2026-08-27T21:15:00+05:30,29534.75,29610.0,29511.5,29598.0,16787
2026-08-27T21:30:00+05:30,29597.25,29623.75,29581.75,29590.5,9745
2026-08-27T21:45:00+05:30,29589.75,29608.0,29570.0,29603.0,8168
2026-08-27T22:00:00+05:30,29603.5,29651.0,29599.0,29645.75,8211
2026-08-27T22:15:00+05:30,29645.75,29659.5,29637.0,29651.75,9252
2026-08-27T22:30:00+05:30,29652.0,29676.0,29648.0,29669.75,9505
2026-08-27T22:45:00+05:30,29670.5,29678.5,29638.0,29641.5,8101
2026-08-27T23:00:00+05:30,29641.25,29658.5,29627.0,29628.75,8346
2026-08-27T23:15:00+05:30,29628.5,29632.25,29607.0,29611.5,8394
2026-08-27T23:30:00+05:30,29612.0,29622.0,29561.75,29577.0,12154
2026-08-27T23:45:00+05:30,29576.5,29589.75,29526.5,29538.25,11666
2026-08-28T00:00:00+05:30,29538.25,29581.25,29537.0,29572.5,11031
2026-08-28T00:15:00+05:30,29572.5,29582.25,29544.75,29571.25,8682
2026-08-28T00:30:00+05:30,29571.5,29606.75,29567.0,29592.5,9985
2026-08-28T00:45:00+05:30,29592.75,29613.0,29592.75,29602.25,7875
2026-08-28T01:00:00+05:30,29602.75,29633.5,29595.0,29633.25,8532
2026-08-28T01:15:00+05:30,29632.75,29704.5,29629.0,29691.75,31073
2026-08-28T01:30:00+05:30,29691.75,29708.0,29647.25,29648.0,11462
2026-08-28T01:45:00+05:30,29648.25,29656.5,29634.25,29638.5,1942
2026-08-28T02:00:00+05:30,29639.25,29644.75,29634.75,29639.75,1390
2026-08-28T02:15:00+05:30,29640.25,29642.0,29620.5,29635.25,2079
2026-08-28T03:30:00+05:30,29635.5,29644.75,29600.0,29620.5,1969
2026-08-28T03:45:00+05:30,29622.25,29639.5,29619.75,29637.25,947
2026-08-28T04:00:00+05:30,29637.0,29640.75,29630.0,29635.5,644
2026-08-28T04:15:00+05:30,29635.25,29639.5,29630.75,29634.75,342
2026-08-28T04:30:00+05:30,29633.5,29637.5,29605.0,29616.5,1158
2026-08-28T04:45:00+05:30,29616.0,29617.25,29604.0,29608.25,512
2026-08-28T05:00:00+05:30,29610.0,29612.75,29602.5,29604.5,433
2026-08-28T05:15:00+05:30,29604.5,29605.25,29592.0,29600.75,1743
2026-08-28T05:30:00+05:30,29601.75,29656.0,29594.25,29653.0,3823
2026-08-28T05:45:00+05:30,29652.75,29655.75,29625.5,29653.0,2304
2026-08-28T06:00:00+05:30,29651.25,29658.0,29633.5,29654.5,1265
2026-08-28T06:15:00+05:30,29653.25,29667.25,29642.0,29645.0,1305
2026-08-28T06:30:00+05:30,29645.75,29670.25,29642.75,29661.0,1488
2026-08-28T06:45:00+05:30,29661.0,29672.75,29643.5,29648.75,1163
2026-08-28T07:00:00+05:30,29648.5,29672.25,29641.75,29654.75,1982
2026-08-28T07:15:00+05:30,29654.5,29679.75,29644.0,29677.75,1408
2026-08-28T07:30:00+05:30,29678.75,29699.5,29678.75,29692.75,1403
2026-08-28T07:45:00+05:30,29694.75,29703.0,29686.25,29692.75,1113
2026-08-28T08:00:00+05:30,29691.0,29691.0,29644.75,29647.25,1646
2026-08-28T08:15:00+05:30,29647.0,29670.25,29645.0,29663.75,1073
2026-08-28T08:30:00+05:30,29664.75,29702.0,29660.5,29694.5,1329
2026-08-28T08:45:00+05:30,29693.75,29707.0,29689.5,29700.25,940
2026-08-28T09:00:00+05:30,29700.5,29704.25,29648.75,29651.75,1785
2026-08-28T09:15:00+05:30,29651.5,29676.5,29640.25,29668.25,1485
2026-08-28T09:30:00+05:30,29668.0,29670.5,29643.75,29661.5,1210
2026-08-28T09:45:00+05:30,29660.75,29669.75,29657.0,29659.5,581
2026-08-28T10:00:00+05:30,29658.5,29660.75,29639.0,29644.25,800
2026-08-28T10:15:00+05:30,29643.5,29650.0,29636.25,29641.75,609
2026-08-28T10:30:00+05:30,29642.0,29643.75,29620.75,29623.75,1283
2026-08-28T10:45:00+05:30,29624.75,29628.25,29611.5,29622.75,1064
2026-08-28T11:00:00+05:30,29623.0,29624.5,29603.5,29613.75,1155
2026-08-28T11:15:00+05:30,29612.5,29613.0,29597.25,29598.25,998
2026-08-28T11:30:00+05:30,29599.0,29618.5,29594.5,29603.25,1431
2026-08-28T11:45:00+05:30,29602.25,29623.75,29594.5,29596.0,1149
2026-08-28T12:00:00+05:30,29597.5,29623.0,29596.0,29620.75,1686
2026-08-28T12:15:00+05:30,29619.5,29645.25,29616.0,29645.25,1089
2026-08-28T12:30:00+05:30,29645.25,29653.5,29605.0,29612.5,2434
2026-08-28T12:45:00+05:30,29612.0,29624.0,29599.75,29613.75,1311
2026-08-28T13:00:00+05:30,29613.5,29620.25,29593.0,29597.5,1255
2026-08-28T13:15:00+05:30,29597.0,29625.75,29595.0,29607.0,1040
2026-08-28T13:30:00+05:30,29607.0,29620.5,29578.25,29584.75,3023
2026-08-28T13:45:00+05:30,29586.0,29605.5,29581.75,29598.25,1132
2026-08-28T14:00:00+05:30,29598.5,29633.5,29596.25,29623.5,1315
2026-08-28T14:15:00+05:30,29623.5,29624.25,29603.0,29619.75,1212
2026-08-28T14:30:00+05:30,29619.0,29620.0,29603.5,29606.0,910
2026-08-28T14:45:00+05:30,29605.75,29620.5,29595.75,29615.75,910
2026-08-28T15:00:00+05:30,29615.5,29618.5,29602.25,29607.5,561
2026-08-28T15:15:00+05:30,29605.0,29620.25,29599.0,29605.5,654
2026-08-28T15:30:00+05:30,29606.0,29610.0,29593.25,29603.75,1070
2026-08-28T15:45:00+05:30,29604.0,29617.25,29597.5,29611.5,596
2026-08-28T16:00:00+05:30,29611.25,29623.0,29600.0,29602.5,788
2026-08-28T16:15:00+05:30,29601.5,29625.0,29598.0,29622.0,968
2026-08-28T16:30:00+05:30,29622.25,29634.75,29598.25,29614.5,1722
2026-08-28T16:45:00+05:30,29614.5,29636.5,29614.0,29633.5,1142
2026-08-28T17:00:00+05:30,29635.0,29640.0,29607.0,29610.25,921
2026-08-28T17:15:00+05:30,29609.5,29615.0,29597.5,29603.5,900
2026-08-28T17:30:00+05:30,29601.5,29632.5,29597.5,29630.25,1954
2026-08-28T17:45:00+05:30,29631.0,29663.0,29627.75,29661.5,2502
2026-08-28T18:00:00+05:30,29661.25,29661.75,29615.0,29658.25,2511
2026-08-28T18:15:00+05:30,29658.25,29665.0,29649.25,29659.0,2233
2026-08-28T18:30:00+05:30,29659.0,29681.75,29650.25,29661.0,4090
2026-08-28T18:45:00+05:30,29661.0,29662.75,29622.0,29628.0,4751
2026-08-28T19:00:00+05:30,29628.5,29701.75,29562.75,29687.75,38443
2026-08-28T19:15:00+05:30,29687.25,29703.25,29625.0,29629.0,22924
2026-08-28T19:30:00+05:30,29632.0,29706.0,29505.0,29534.75,41160
2026-08-28T19:45:00+05:30,29536.25,29675.75,29532.25,29653.5,32258
2026-08-28T20:00:00+05:30,29653.5,29744.0,29632.0,29734.25,26752
2026-08-28T20:15:00+05:30,29734.75,29799.0,29725.25,29796.5,23011
2026-08-28T20:30:00+05:30,29796.5,29811.5,29735.25,29748.75,20739
2026-08-28T20:45:00+05:30,29748.75,29791.25,29738.0,29782.75,13343
2026-08-28T21:00:00+05:30,29783.25,29785.5,29663.0,29671.0,18517
2026-08-28T21:15:00+05:30,29671.0,29682.75,29544.25,29552.5,28429
2026-08-28T21:30:00+05:30,29553.0,29593.0,29509.75,29558.5,23803
2026-08-28T21:45:00+05:30,29558.25,29570.75,29464.5,29489.0,22829
2026-08-28T22:00:00+05:30,29488.5,29529.25,29475.0,29483.75,15677
2026-08-28T22:15:00+05:30,29483.5,29549.0,29483.0,29501.25,13155
2026-08-28T22:30:00+05:30,29502.0,29503.0,29436.25,29484.25,17715
2026-08-28T22:45:00+05:30,29483.5,29495.25,29452.25,29470.0,9601
2026-08-28T23:00:00+05:30,29470.0,29504.5,29461.25,29484.0,8487
2026-08-28T23:15:00+05:30,29482.75,29529.25,29475.75,29514.75,9327
2026-08-28T23:30:00+05:30,29515.75,29521.5,29488.25,29489.25,7771
2026-08-28T23:45:00+05:30,29489.25,29505.0,29471.25,29483.75,7449
2026-08-29T00:00:00+05:30,29483.25,29507.0,29476.0,29491.25,7055
2026-08-29T00:15:00+05:30,29491.0,29493.5,29441.0,29455.5,8431
2026-08-29T00:30:00+05:30,29456.0,29492.25,29443.5,29479.5,10164
2026-08-29T00:45:00+05:30,29479.0,29502.0,29464.5,29498.25,7014
2026-08-29T01:00:00+05:30,29498.5,29513.75,29482.25,29503.0,8900
2026-08-29T01:15:00+05:30,29502.25,29521.5,29473.5,29496.5,28159
2026-08-29T01:30:00+05:30,29496.5,29507.75,29478.25,29487.5,6310
2026-08-29T01:45:00+05:30,29488.5,29493.25,29485.25,29492.0,1302
2026-08-29T02:00:00+05:30,29492.0,29508.0,29485.0,29507.25,2150
2026-08-29T02:15:00+05:30,29507.5,29519.25,29506.75,29509.5,2055
2026-08-31T03:30:00+05:30,29540.0,29546.25,29446.75,29471.0,4178
2026-08-31T03:45:00+05:30,29471.25,29495.0,29467.25,29473.0,1456
2026-08-31T04:00:00+05:30,29474.75,29476.5,29428.0,29436.75,2535
2026-08-31T04:15:00+05:30,29436.0,29453.5,29435.0,29442.5,926
2026-08-31T04:30:00+05:30,29442.5,29449.25,29405.75,29409.75,2275
2026-08-31T04:45:00+05:30,29410.0,29416.0,29369.0,29371.75,2933
2026-08-31T05:00:00+05:30,29372.0,29375.5,29321.25,29355.5,3308
2026-08-31T05:15:00+05:30,29354.0,29354.0,29289.0,29289.75,3898
2026-08-31T05:30:00+05:30,29291.0,29346.75,29273.5,29339.75,4396
2026-08-31T05:45:00+05:30,29341.0,29378.25,29334.5,29372.0,2859
2026-08-31T06:00:00+05:30,29370.25,29398.5,29366.75,29388.75,2309
2026-08-31T06:15:00+05:30,29390.25,29393.0,29350.5,29357.0,2394
2026-08-31T06:30:00+05:30,29358.25,29358.25,29292.5,29324.75,4159
2026-08-31T06:45:00+05:30,29324.25,29340.25,29304.0,29331.75,2582
2026-08-31T07:00:00+05:30,29330.25,29338.0,29306.5,29313.5,2178
2026-08-31T07:15:00+05:30,29313.25,29331.5,29302.25,29327.0,1945
2026-08-31T07:30:00+05:30,29325.75,29362.75,29308.5,29355.75,2320
2026-08-31T07:45:00+05:30,29357.0,29357.0,29304.5,29331.5,2741
2026-08-31T08:00:00+05:30,29327.0,29335.25,29287.0,29296.5,2107
2026-08-31T08:15:00+05:30,29297.5,29346.5,29287.75,29344.25,2203
2026-08-31T08:30:00+05:30,29346.0,29367.25,29336.75,29355.5,1572
2026-08-31T08:45:00+05:30,29355.5,29358.0,29343.0,29344.0,1004
2026-08-31T09:00:00+05:30,29345.75,29351.0,29337.75,29345.0,827
2026-08-31T09:15:00+05:30,29346.0,29353.5,29338.75,29352.25,517
2026-08-31T09:30:00+05:30,29352.5,29354.75,29341.5,29354.75,533
2026-08-31T09:45:00+05:30,29353.25,29357.0,29342.75,29347.25,546
2026-08-31T10:00:00+05:30,29348.0,29384.75,29333.75,29383.0,1567
2026-08-31T10:15:00+05:30,29380.75,29423.75,29365.5,29414.75,1926
2026-08-31T10:30:00+05:30,29415.0,29445.0,29407.75,29443.75,1598
2026-08-31T10:45:00+05:30,29442.75,29477.25,29442.25,29470.0,2077
2026-08-31T11:00:00+05:30,29470.0,29474.25,29426.25,29442.0,1947
2026-08-31T11:15:00+05:30,29442.25,29462.5,29432.0,29462.25,1228
2026-08-31T11:30:00+05:30,29462.0,29503.5,29448.75,29500.5,2314
2026-08-31T11:45:00+05:30,29501.25,29518.5,29501.25,29512.5,2160
2026-08-31T12:00:00+05:30,29512.5,29518.75,29495.75,29508.0,1379
2026-08-31T12:15:00+05:30,29507.5,29528.5,29503.5,29517.75,1126
2026-08-31T12:30:00+05:30,29516.25,29521.0,29500.75,29513.75,1122
2026-08-31T12:45:00+05:30,29513.25,29521.25,29500.0,29509.75,705
2026-08-31T13:00:00+05:30,29508.25,29522.75,29501.0,29506.0,763
2026-08-31T13:15:00+05:30,29505.5,29510.75,29493.5,29508.25,721
2026-08-31T13:30:00+05:30,29508.5,29535.0,29485.0,29505.0,3071
2026-08-31T13:45:00+05:30,29504.75,29511.0,29485.5,29500.75,1137
2026-08-31T14:00:00+05:30,29500.25,29502.25,29475.0,29484.5,1232
2026-08-31T14:15:00+05:30,29484.75,29498.5,29480.25,29485.0,843
2026-08-31T14:30:00+05:30,29485.25,29500.75,29470.75,29492.5,1178
2026-08-31T14:45:00+05:30,29492.25,29509.25,29490.0,29491.25,930
2026-08-31T15:00:00+05:30,29491.75,29492.5,29467.0,29468.0,797
2026-08-31T15:15:00+05:30,29468.0,29469.25,29445.5,29450.5,1109
2026-08-31T15:30:00+05:30,29451.5,29460.0,29440.5,29458.0,1561
2026-08-31T15:45:00+05:30,29457.25,29467.75,29445.75,29461.0,1227
2026-08-31T16:00:00+05:30,29460.75,29461.0,29450.0,29455.25,477
2026-08-31T16:15:00+05:30,29454.0,29471.5,29450.0,29458.75,762
2026-08-31T16:30:00+05:30,29458.25,29463.5,29436.75,29439.5,1477
2026-08-31T16:45:00+05:30,29439.25,29471.0,29435.5,29465.0,1352
2026-08-31T17:00:00+05:30,29465.5,29466.75,29432.75,29433.5,1614
2026-08-31T17:15:00+05:30,29434.0,29440.0,29425.25,29429.75,1161
2026-08-31T17:30:00+05:30,29429.75,29470.0,29398.5,29449.75,3197
2026-08-31T17:45:00+05:30,29449.75,29486.0,29397.0,29415.75,3308
2026-08-31T18:00:00+05:30,29415.75,29442.25,29389.75,29399.25,3630
2026-08-31T18:15:00+05:30,29398.5,29407.5,29380.0,29389.0,2609
2026-08-31T18:30:00+05:30,29389.5,29411.25,29377.5,29408.5,3573
2026-08-31T18:45:00+05:30,29409.5,29445.25,29408.25,29438.5,5063
2026-08-31T19:00:00+05:30,29437.75,29516.75,29390.25,29407.75,38845
2026-08-31T19:15:00+05:30,29408.0,29479.0,29387.75,29438.75,27597
2026-08-31T19:30:00+05:30,29439.25,29447.75,29371.0,29394.5,19512
2026-08-31T19:45:00+05:30,29393.25,29431.5,29355.0,29376.25,17735
2026-08-31T20:00:00+05:30,29374.25,29434.75,29364.5,29425.25,14393
2026-08-31T20:15:00+05:30,29425.25,29444.25,29384.25,29416.0,13369
2026-08-31T20:30:00+05:30,29415.25,29442.5,29395.5,29417.25,13268
2026-08-31T20:45:00+05:30,29416.75,29445.75,29396.5,29421.0,11434
2026-08-31T21:00:00+05:30,29420.5,29424.75,29383.0,29408.5,10518
2026-08-31T21:15:00+05:30,29408.25,29432.75,29384.5,29388.75,10321
2026-08-31T21:30:00+05:30,29389.25,29412.75,29362.5,29407.25,11275
2026-08-31T21:45:00+05:30,29407.75,29426.5,29381.5,29425.0,8406
2026-08-31T22:00:00+05:30,29425.0,29430.75,29394.25,29413.5,8799
2026-08-31T22:15:00+05:30,29413.25,29443.25,29409.5,29440.5,6457
2026-08-31T22:30:00+05:30,29440.0,29441.0,29415.25,29423.5,5280
2026-08-31T22:45:00+05:30,29423.75,29434.0,29393.25,29396.75,5630
2026-08-31T23:00:00+05:30,29396.75,29439.75,29388.0,29439.5,7947
2026-08-31T23:15:00+05:30,29439.75,29457.5,29430.75,29442.0,7177
2026-08-31T23:30:00+05:30,29442.0,29458.75,29422.25,29446.75,6961
2026-08-31T23:45:00+05:30,29446.75,29464.25,29437.25,29438.25,5456
2026-09-01T00:00:00+05:30,29438.0,29443.25,29382.5,29399.0,9386
2026-09-01T00:15:00+05:30,29399.75,29420.25,29390.5,29403.75,6587
2026-09-01T00:30:00+05:30,29404.5,29429.75,29403.5,29425.5,6354
2026-09-01T00:45:00+05:30,29425.5,29453.5,29417.25,29448.25,7052
2026-09-01T01:00:00+05:30,29447.75,29483.25,29430.5,29477.0,9461
2026-09-01T01:15:00+05:30,29476.75,29538.25,29458.5,29506.5,34700
2026-09-01T01:30:00+05:30,29506.25,29527.5,29503.75,29511.5,7787
2026-09-01T01:45:00+05:30,29511.5,29516.75,29507.0,29513.75,1396
2026-09-01T02:00:00+05:30,29513.0,29520.5,29510.0,29516.75,972
2026-09-01T02:15:00+05:30,29516.75,29521.25,29507.0,29521.0,1130
2026-09-01T03:30:00+05:30,29518.25,29522.5,29501.25,29507.75,1330
2026-09-01T03:45:00+05:30,29507.0,29508.5,29498.5,29501.75,410
2026-09-01T04:00:00+05:30,29502.5,29508.25,29501.75,29505.0,350
2026-09-01T04:15:00+05:30,29505.0,29506.75,29491.0,29493.5,691
2026-09-01T04:30:00+05:30,29493.25,29505.0,29490.0,29496.0,739
2026-09-01T04:45:00+05:30,29495.75,29499.5,29486.0,29497.0,527
2026-09-01T05:00:00+05:30,29495.5,29515.0,29493.5,29510.25,1295
2026-09-01T05:15:00+05:30,29509.75,29519.5,29496.5,29501.25,896
2026-09-01T05:30:00+05:30,29503.25,29521.75,29480.5,29489.25,2694
2026-09-01T05:45:00+05:30,29489.0,29518.75,29478.25,29501.0,2140
2026-09-01T06:00:00+05:30,29501.0,29520.5,29484.25,29501.75,1705
2026-09-01T06:15:00+05:30,29503.5,29508.5,29491.75,29506.0,870
2026-09-01T06:30:00+05:30,29506.0,29514.25,29491.5,29512.25,1548
2026-09-01T06:45:00+05:30,29512.0,29516.25,29477.0,29484.0,1859
2026-09-01T07:00:00+05:30,29483.0,29515.5,29475.0,29508.25,2128
2026-09-01T07:15:00+05:30,29508.75,29511.0,29490.5,29499.75,947
2026-09-01T07:30:00+05:30,29498.0,29502.75,29475.0,29481.0,1277
2026-09-01T07:45:00+05:30,29480.5,29486.5,29452.75,29459.75,1525
2026-09-01T08:00:00+05:30,29460.0,29472.5,29434.75,29439.0,1896
2026-09-01T08:15:00+05:30,29438.75,29493.25,29436.25,29492.0,1980
2026-09-01T08:30:00+05:30,29491.5,29493.75,29467.5,29471.5,1316
2026-09-01T08:45:00+05:30,29471.5,29476.5,29459.25,29464.25,922
2026-09-01T09:00:00+05:30,29465.5,29483.25,29461.25,29477.75,770
2026-09-01T09:15:00+05:30,29477.0,29488.5,29474.75,29485.75,610
2026-09-01T09:30:00+05:30,29487.25,29497.25,29481.0,29489.0,792
2026-09-01T09:45:00+05:30,29488.25,29501.5,29485.5,29492.75,1085
2026-09-01T10:00:00+05:30,29493.75,29503.0,29470.25,29471.25,917
2026-09-01T10:15:00+05:30,29471.25,29494.0,29466.0,29473.75,1585
2026-09-01T10:30:00+05:30,29473.25,29475.75,29460.0,29464.25,792
2026-09-01T10:45:00+05:30,29464.5,29487.75,29447.25,29486.0,1479
2026-09-01T11:00:00+05:30,29485.0,29535.75,29482.25,29534.0,3457
2026-09-01T11:15:00+05:30,29534.25,29571.25,29521.75,29561.5,2542
2026-09-01T11:30:00+05:30,29561.75,29568.0,29531.0,29545.25,2100
2026-09-01T11:45:00+05:30,29544.5,29547.0,29514.75,29517.5,1658
2026-09-01T12:00:00+05:30,29516.5,29545.0,29513.75,29539.25,1315
2026-09-01T12:15:00+05:30,29539.75,29540.25,29514.5,29515.75,937
2026-09-01T12:30:00+05:30,29515.5,29555.5,29512.25,29553.5,2748
2026-09-01T12:45:00+05:30,29554.25,29556.75,29528.25,29545.0,1190
2026-09-01T13:00:00+05:30,29546.75,29547.0,29462.0,29464.0,3095
2026-09-01T13:15:00+05:30,29463.0,29478.75,29430.0,29436.25,2904
2026-09-01T13:30:00+05:30,29436.25,29449.0,29327.0,29348.75,7337
2026-09-01T13:45:00+05:30,29351.0,29358.5,29279.0,29285.5,4907
2026-09-01T14:00:00+05:30,29286.0,29312.0,29246.75,29257.5,4022
2026-09-01T14:15:00+05:30,29257.0,29279.75,29231.0,29235.25,2821
2026-09-01T14:30:00+05:30,29235.75,29243.25,29201.75,29207.75,3511
2026-09-01T14:45:00+05:30,29206.75,29218.0,29185.5,29197.0,2579
2026-09-01T15:00:00+05:30,29199.0,29216.75,29184.25,29213.25,2268
2026-09-01T15:15:00+05:30,29212.25,29228.0,29211.5,29212.5,1603
2026-09-01T15:30:00+05:30,29212.5,29227.25,29201.25,29221.5,1436
2026-09-01T15:45:00+05:30,29222.0,29248.75,29211.75,29237.5,1877
2026-09-01T16:00:00+05:30,29237.75,29257.75,29227.0,29227.5,1448
2026-09-01T16:15:00+05:30,29227.25,29243.0,29197.25,29210.0,2645
2026-09-01T16:30:00+05:30,29209.25,29213.25,29178.0,29200.75,3011
2026-09-01T16:45:00+05:30,29200.5,29216.75,29196.25,29208.75,1764
2026-09-01T17:00:00+05:30,29207.75,29238.0,29205.75,29226.25,2176
2026-09-01T17:15:00+05:30,29228.25,29228.5,29167.75,29172.5,3062
2026-09-01T17:30:00+05:30,29171.5,29179.5,29153.75,29165.5,3724
2026-09-01T17:45:00+05:30,29164.75,29173.0,29137.5,29170.5,4328
2026-09-01T18:00:00+05:30,29169.75,29170.5,29123.25,29129.5,5142
2026-09-01T18:15:00+05:30,29129.5,29153.0,29122.25,29125.75,3803
2026-09-01T18:30:00+05:30,29125.75,29126.25,29087.0,29093.0,7838
2026-09-01T18:45:00+05:30,29093.0,29122.75,29084.25,29112.0,7262
2026-09-01T19:00:00+05:30,29111.75,29140.5,29040.25,29083.75,44761
2026-09-01T19:15:00+05:30,29084.0,29158.0,29074.75,29105.0,25173
2026-09-01T19:30:00+05:30,29106.0,29161.75,29085.25,29133.25,22036
2026-09-01T19:45:00+05:30,29133.5,29179.5,29132.0,29165.25,17174
2026-09-01T20:00:00+05:30,29165.25,29235.0,29162.25,29234.0,17133
2026-09-01T20:15:00+05:30,29234.0,29268.0,29207.0,29228.0,17982
2026-09-01T20:30:00+05:30,29228.5,29241.5,29180.25,29183.75,13942
2026-09-01T20:45:00+05:30,29183.0,29233.25,29178.25,29232.5,10195
2026-09-01T21:00:00+05:30,29232.25,29291.25,29224.25,29287.75,14868
2026-09-01T21:15:00+05:30,29287.25,29317.75,29286.0,29296.25,13837
2026-09-01T21:30:00+05:30,29295.5,29300.75,29232.0,29232.25,11814
2026-09-01T21:45:00+05:30,29232.75,29236.25,29162.75,29176.75,20287
2026-09-01T22:00:00+05:30,29177.0,29184.5,29131.25,29138.0,15756
2026-09-01T22:15:00+05:30,29137.75,29197.25,29133.0,29191.75,9545
2026-09-01T22:30:00+05:30,29191.25,29191.75,29138.75,29156.25,9410
2026-09-01T22:45:00+05:30,29156.25,29163.75,29100.5,29141.75,10868
2026-09-01T23:00:00+05:30,29143.0,29161.75,29137.75,29151.5,6578
2026-09-01T23:15:00+05:30,29151.5,29153.25,29117.75,29140.75,7483
2026-09-01T23:30:00+05:30,29139.75,29151.5,29101.25,29102.25,7488
2026-09-01T23:45:00+05:30,29102.5,29118.5,29085.25,29094.25,9083
2026-09-02T00:00:00+05:30,29094.5,29097.25,29014.25,29014.5,13241
2026-09-02T00:15:00+05:30,29015.0,29081.25,29002.0,29076.0,14773
2026-09-02T00:30:00+05:30,29075.5,29121.5,29070.5,29119.75,10546
2026-09-02T00:45:00+05:30,29119.25,29129.25,29103.75,29127.25,8567
2026-09-02T01:00:00+05:30,29126.75,29128.25,29093.0,29117.75,9091
2026-09-02T01:15:00+05:30,29118.0,29141.0,29086.0,29126.75,29018
2026-09-02T01:30:00+05:30,29126.75,29158.0,29113.5,29135.0,11095
2026-09-02T01:45:00+05:30,29135.0,29159.0,29134.25,29136.75,2514
2026-09-02T02:00:00+05:30,29136.0,29155.25,29130.25,29147.25,1402
2026-09-02T02:15:00+05:30,29146.0,29147.5,29130.75,29139.0,1347
2026-09-02T03:30:00+05:30,29136.5,29149.0,29107.75,29110.0,1535
2026-09-02T03:45:00+05:30,29110.5,29126.0,29102.25,29113.75,982
2026-09-02T04:00:00+05:30,29114.75,29121.0,29111.0,29117.25,541
2026-09-02T04:15:00+05:30,29116.75,29139.0,29114.25,29132.0,973
2026-09-02T04:30:00+05:30,29129.75,29135.5,29128.5,29129.0,334
2026-09-02T04:45:00+05:30,29129.25,29139.0,29119.0,29136.5,823
2026-09-02T05:00:00+05:30,29137.5,29144.75,29133.0,29140.25,697
2026-09-02T05:15:00+05:30,29141.75,29148.25,29131.25,29134.5,748
2026-09-02T05:30:00+05:30,29135.75,29144.75,29106.0,29130.75,2444
2026-09-02T05:45:00+05:30,29128.0,29170.0,29123.25,29126.0,3016
2026-09-02T06:00:00+05:30,29127.75,29148.75,29114.5,29140.25,1810
2026-09-02T06:15:00+05:30,29139.0,29145.0,29102.0,29104.0,1500
2026-09-02T06:30:00+05:30,29103.25,29127.25,29086.75,29097.75,2741
2026-09-02T06:45:00+05:30,29097.75,29129.5,29094.75,29115.0,1960
2026-09-02T07:00:00+05:30,29115.75,29122.75,29070.5,29074.75,2503
2026-09-02T07:15:00+05:30,29074.25,29078.5,29047.75,29075.5,2505
2026-09-02T07:30:00+05:30,29075.5,29077.0,29044.5,29065.0,1727
2026-09-02T07:45:00+05:30,29066.5,29100.0,29066.5,29085.5,1769
2026-09-02T08:00:00+05:30,29084.5,29084.75,29061.75,29082.75,1231
2026-09-02T08:15:00+05:30,29083.25,29092.25,29074.5,29084.25,975
2026-09-02T08:30:00+05:30,29086.5,29089.5,29058.75,29083.25,1293
2026-09-02T08:45:00+05:30,29083.0,29084.0,29068.0,29069.0,646
2026-09-02T09:00:00+05:30,29070.25,29073.0,29053.75,29056.0,1064
2026-09-02T09:15:00+05:30,29057.75,29065.0,29046.0,29047.25,891
2026-09-02T09:30:00+05:30,29047.75,29055.0,29035.5,29047.25,1000
2026-09-02T09:45:00+05:30,29045.75,29062.75,29044.25,29051.0,786
2026-09-02T10:00:00+05:30,29051.25,29062.5,29047.75,29054.0,679
2026-09-02T10:15:00+05:30,29054.75,29065.0,29051.0,29058.25,732
2026-09-02T10:30:00+05:30,29059.0,29071.75,29037.5,29066.25,1071
2026-09-02T10:45:00+05:30,29067.25,29092.0,29063.75,29091.25,1645
2026-09-02T11:00:00+05:30,29092.0,29104.25,29070.5,29099.25,1453
2026-09-02T11:15:00+05:30,29099.75,29101.5,29062.5,29073.0,1065
2026-09-02T11:30:00+05:30,29072.25,29080.5,29040.25,29049.25,1689
2026-09-02T11:45:00+05:30,29050.0,29055.0,29020.5,29023.5,1742
2026-09-02T12:00:00+05:30,29023.0,29098.25,29016.5,29073.75,2370
2026-09-02T12:15:00+05:30,29073.5,29080.0,29051.0,29077.25,1267
2026-09-02T12:30:00+05:30,29077.0,29120.75,29065.5,29103.25,2280
2026-09-02T12:45:00+05:30,29103.5,29117.0,29075.75,29094.5,1648
2026-09-02T13:00:00+05:30,29094.25,29101.0,29064.75,29070.75,1361
2026-09-02T13:15:00+05:30,29070.75,29078.25,29050.0,29061.75,1274
2026-09-02T13:30:00+05:30,29062.25,29097.25,29052.5,29073.75,1865
2026-09-02T13:45:00+05:30,29073.75,29088.0,29039.75,29053.5,1351
2026-09-02T14:00:00+05:30,29052.75,29068.75,29031.5,29035.75,1473
2026-09-02T14:15:00+05:30,29036.5,29037.25,28954.5,28977.75,3434
2026-09-02T14:30:00+05:30,28977.25,29027.5,28969.0,28969.25,2500
2026-09-02T14:45:00+05:30,28971.25,28995.0,28955.0,28978.25,2000
2026-09-02T15:00:00+05:30,28978.25,28981.5,28940.5,28948.75,2294
2026-09-02T15:15:00+05:30,28948.75,28974.5,28947.5,28973.25,1223
2026-09-02T15:30:00+05:30,28972.75,28979.5,28947.25,28978.0,1688
2026-09-02T15:45:00+05:30,28978.0,28996.0,28971.5,28985.75,1404
2026-09-02T16:00:00+05:30,28985.5,28989.25,28961.0,28966.5,1346
2026-09-02T16:15:00+05:30,28966.0,28988.75,28958.0,28988.0,1127
2026-09-02T16:30:00+05:30,28987.75,29021.75,28927.25,29016.5,5538
2026-09-02T16:45:00+05:30,29014.25,29035.75,28992.5,29023.0,3025
2026-09-02T17:00:00+05:30,29025.25,29059.5,29019.0,29029.75,2634
2026-09-02T17:15:00+05:30,29029.75,29084.5,29022.5,29084.5,2625
2026-09-02T17:30:00+05:30,29083.75,29124.0,29074.5,29121.5,4470
2026-09-02T17:45:00+05:30,29121.5,29149.5,29094.75,29108.0,5146
2026-09-02T18:00:00+05:30,29107.0,29110.25,29067.25,29069.75,3373
2026-09-02T18:15:00+05:30,29069.0,29071.25,29032.75,29040.0,3123
2026-09-02T18:30:00+05:30,29040.25,29070.5,29037.75,29067.5,3573
2026-09-02T18:45:00+05:30,29068.5,29115.25,29064.25,29098.5,5635
2026-09-02T19:00:00+05:30,29098.75,29119.0,29036.5,29091.0,33915
2026-09-02T19:15:00+05:30,29090.25,29112.5,29017.25,29062.25,25027
2026-09-02T19:30:00+05:30,29061.75,29128.25,29032.25,29127.25,22706
2026-09-02T19:45:00+05:30,29127.75,29193.0,29119.25,29187.25,21544
2026-09-02T20:00:00+05:30,29187.0,29213.0,29168.5,29201.5,16522
2026-09-02T20:15:00+05:30,29201.75,29202.5,29111.25,29120.25,14872
2026-09-02T20:30:00+05:30,29119.5,29168.5,29106.25,29158.25,15634
2026-09-02T20:45:00+05:30,29158.0,29208.5,29151.75,29205.25,10956
2026-09-02T21:00:00+05:30,29205.0,29208.5,29171.5,29182.25,11059
2026-09-02T21:15:00+05:30,29182.25,29190.75,29136.0,29185.25,11417
2026-09-02T21:30:00+05:30,29184.5,29198.5,29173.5,29186.75,6730
2026-09-02T21:45:00+05:30,29186.5,29186.75,29142.25,29151.75,7016
2026-09-02T22:00:00+05:30,29151.5,29175.25,29138.25,29139.0,7043
2026-09-02T22:15:00+05:30,29138.5,29168.25,29137.0,29155.0,5965
2026-09-02T22:30:00+05:30,29154.75,29182.5,29127.0,29145.25,8306
2026-09-02T22:45:00+05:30,29145.0,29154.5,29125.25,29150.75,6609
2026-09-02T23:00:00+05:30,29150.5,29158.75,29127.5,29158.75,7142
2026-09-02T23:15:00+05:30,29159.0,29173.75,29142.5,29158.75,7295
2026-09-02T23:30:00+05:30,29159.5,29166.0,29135.75,29147.0,7199
2026-09-02T23:45:00+05:30,29146.75,29199.75,29143.25,29159.25,9304
2026-09-03T00:00:00+05:30,29159.25,29175.0,29131.5,29136.75,6755
2026-09-03T00:15:00+05:30,29136.0,29154.25,29130.25,29145.5,5882
2026-09-03T00:30:00+05:30,29145.75,29172.0,29139.0,29165.5,5821
2026-09-03T00:45:00+05:30,29166.25,29170.75,29150.0,29167.25,5594
2026-09-03T01:00:00+05:30,29167.0,29177.5,29155.25,29175.0,6473
2026-09-03T01:15:00+05:30,29175.25,29197.25,29170.5,29190.5,17879
2026-09-03T01:30:00+05:30,29190.25,29212.0,29187.5,29194.25,6250
2026-09-03T01:45:00+05:30,29192.0,29193.75,29139.75,29156.25,4611
2026-09-03T02:00:00+05:30,29156.0,29163.25,29147.5,29148.0,1419
2026-09-03T02:15:00+05:30,29147.75,29164.0,29139.25,29141.0,1434
2026-09-03T03:30:00+05:30,29177.0,29188.75,29148.0,29185.75,1632
2026-09-03T03:45:00+05:30,29184.75,29208.75,29178.0,29196.0,1351
2026-09-03T04:00:00+05:30,29196.0,29203.0,29192.0,29196.0,686
2026-09-03T04:15:00+05:30,29195.25,29195.5,29178.25,29180.5,707
2026-09-03T04:30:00+05:30,29180.75,29188.75,29170.75,29171.75,941
2026-09-03T04:45:00+05:30,29172.75,29180.0,29167.5,29179.0,833
2026-09-03T05:00:00+05:30,29180.0,29188.25,29175.0,29188.25,595
2026-09-03T05:15:00+05:30,29188.0,29213.0,29187.5,29201.25,1856
2026-09-03T05:30:00+05:30,29200.75,29201.75,29165.75,29169.25,2130
2026-09-03T05:45:00+05:30,29166.75,29168.25,29141.0,29156.25,2048
2026-09-03T06:00:00+05:30,29155.75,29162.0,29146.0,29156.5,906
2026-09-03T06:15:00+05:30,29155.75,29161.75,29146.75,29151.0,695
2026-09-03T06:30:00+05:30,29150.75,29186.75,29147.75,29183.25,1878
2026-09-03T06:45:00+05:30,29182.5,29200.75,29156.5,29174.75,2146
2026-09-03T07:00:00+05:30,29176.75,29199.25,29167.75,29169.0,1735
2026-09-03T07:15:00+05:30,29169.0,29175.75,29136.25,29137.5,1839
2026-09-03T07:30:00+05:30,29136.75,29188.0,29132.75,29182.5,2004
2026-09-03T07:45:00+05:30,29182.75,29195.0,29173.0,29188.5,1439
2026-09-03T08:00:00+05:30,29186.5,29199.0,29168.75,29173.0,994
2026-09-03T08:15:00+05:30,29173.25,29188.5,29167.5,29180.75,825
2026-09-03T08:30:00+05:30,29182.25,29204.5,29179.5,29203.25,1014
2026-09-03T08:45:00+05:30,29204.25,29234.0,29202.25,29219.75,2335
2026-09-03T09:00:00+05:30,29220.75,29233.75,29217.75,29227.5,828
2026-09-03T09:15:00+05:30,29227.0,29243.0,29220.25,29236.5,970
2026-09-03T09:30:00+05:30,29236.5,29255.0,29228.75,29247.0,1211
2026-09-03T09:45:00+05:30,29247.0,29249.25,29227.25,29227.75,787
2026-09-03T10:00:00+05:30,29227.75,29236.25,29214.75,29219.25,1119
2026-09-03T10:15:00+05:30,29218.75,29229.0,29204.5,29207.5,789
2026-09-03T10:30:00+05:30,29207.25,29208.5,29140.75,29149.0,2662
2026-09-03T10:45:00+05:30,29147.75,29148.5,29075.0,29104.0,5739
2026-09-03T11:00:00+05:30,29102.75,29152.0,29098.25,29143.0,3714
2026-09-03T11:15:00+05:30,29143.0,29188.75,29127.5,29188.75,2500
2026-09-03T11:30:00+05:30,29188.5,29203.25,29162.75,29170.0,2458
2026-09-03T11:45:00+05:30,29169.0,29180.25,29161.0,29177.25,1302
2026-09-03T12:00:00+05:30,29177.0,29187.5,29164.0,29181.5,1466
2026-09-03T12:15:00+05:30,29182.0,29182.75,29159.5,29174.25,889
2026-09-03T12:30:00+05:30,29173.25,29233.0,29160.0,29205.5,2748
2026-09-03T12:45:00+05:30,29204.75,29211.5,29178.5,29203.25,1453
2026-09-03T13:00:00+05:30,29202.5,29245.5,29192.0,29241.25,1961
2026-09-03T13:15:00+05:30,29240.75,29240.75,29182.75,29220.25,1794
2026-09-03T13:30:00+05:30,29220.25,29292.75,29213.25,29247.25,6531
2026-09-03T13:45:00+05:30,29247.0,29264.0,29232.75,29256.0,2407
2026-09-03T14:00:00+05:30,29257.25,29257.25,29226.75,29228.25,1598
2026-09-03T14:15:00+05:30,29229.5,29235.0,29215.0,29216.25,1133
2026-09-03T14:30:00+05:30,29218.5,29225.75,29211.0,29223.5,1073
2026-09-03T14:45:00+05:30,29223.5,29224.0,29187.75,29187.75,1229
2026-09-03T15:00:00+05:30,29187.25,29198.0,29169.25,29176.75,1331
2026-09-03T15:15:00+05:30,29176.25,29176.25,29126.5,29137.75,2109
2026-09-03T15:30:00+05:30,29138.0,29158.5,29120.25,29124.75,2021
2026-09-03T15:45:00+05:30,29125.5,29134.25,29119.25,29127.5,1808
2026-09-03T16:00:00+05:30,29127.0,29140.0,29105.5,29128.25,1627
2026-09-03T16:15:00+05:30,29128.0,29129.75,29108.0,29128.0,1182
2026-09-03T16:30:00+05:30,29129.0,29170.75,29106.25,29164.5,2818
2026-09-03T16:45:00+05:30,29164.0,29186.75,29156.5,29166.75,1854
2026-09-03T17:00:00+05:30,29167.0,29173.5,29111.25,29142.5,2553
2026-09-03T17:15:00+05:30,29142.25,29144.5,29101.0,29105.5,2857
2026-09-03T17:30:00+05:30,29105.5,29147.25,29104.0,29125.0,2596
2026-09-03T17:45:00+05:30,29125.5,29151.0,29105.75,29145.75,2847
2026-09-03T18:00:00+05:30,29144.75,29244.0,29144.0,29189.75,8698
2026-09-03T18:15:00+05:30,29189.0,29258.75,29185.0,29244.5,5520
2026-09-03T18:30:00+05:30,29243.75,29246.0,29194.25,29239.25,5886
2026-09-03T18:45:00+05:30,29239.5,29253.75,29200.5,29249.0,6132
2026-09-03T19:00:00+05:30,29249.5,29359.5,29199.5,29345.0,49998
2026-09-03T19:15:00+05:30,29344.25,29375.5,29296.75,29333.0,28741
2026-09-03T19:30:00+05:30,29331.75,29333.25,29241.75,29300.75,28184
2026-09-03T19:45:00+05:30,29301.0,29364.5,29295.75,29343.0,21706
2026-09-03T20:00:00+05:30,29343.0,29360.5,29273.25,29283.0,19601
2026-09-03T20:15:00+05:30,29283.0,29368.0,29246.5,29363.5,19598
2026-09-03T20:30:00+05:30,29363.25,29466.25,29362.25,29465.0,28031
2026-09-03T20:45:00+05:30,29464.75,29539.5,29453.75,29536.5,22875
2026-09-03T21:00:00+05:30,29536.0,29542.5,29503.5,29506.5,15910
2026-09-03T21:15:00+05:30,29506.75,29539.25,29504.0,29538.0,9253
2026-09-03T21:30:00+05:30,29538.75,29539.75,29503.0,29519.0,10915
2026-09-03T21:45:00+05:30,29519.5,29529.5,29489.25,29497.0,7884
2026-09-03T22:00:00+05:30,29497.0,29534.5,29483.0,29528.0,8804
2026-09-03T22:15:00+05:30,29528.0,29544.0,29516.5,29528.0,7330
2026-09-03T22:30:00+05:30,29528.25,29534.0,29486.75,29490.5,6716
2026-09-03T22:45:00+05:30,29491.25,29508.0,29476.0,29502.5,6985
2026-09-03T23:00:00+05:30,29502.75,29532.0,29502.25,29528.5,7290
2026-09-03T23:15:00+05:30,29529.0,29552.5,29521.75,29543.75,8801
2026-09-03T23:30:00+05:30,29543.5,29579.5,29543.0,29573.5,10988
2026-09-03T23:45:00+05:30,29573.75,29584.25,29564.75,29570.5,7277
2026-09-04T00:00:00+05:30,29571.0,29580.0,29559.5,29560.5,5623
2026-09-04T00:15:00+05:30,29560.75,29581.0,29559.5,29568.25,6118
2026-09-04T00:30:00+05:30,29568.25,29570.5,29532.75,29538.25,6887
2026-09-04T00:45:00+05:30,29538.25,29543.5,29526.0,29533.25,8659
2026-09-04T01:00:00+05:30,29533.25,29540.0,29521.75,29524.0,8385
2026-09-04T01:15:00+05:30,29524.25,29536.25,29509.25,29530.75,25364
2026-09-04T01:30:00+05:30,29531.0,29536.25,29507.0,29521.25,6968
2026-09-04T01:45:00+05:30,29521.5,29522.0,29505.0,29510.25,1535
2026-09-04T02:00:00+05:30,29510.25,29516.75,29508.0,29510.75,925
2026-09-04T02:15:00+05:30,29511.25,29512.75,29499.25,29502.25,1406
2026-09-04T03:30:00+05:30,29505.0,29509.0,29482.0,29485.25,1318
2026-09-04T03:45:00+05:30,29485.5,29496.0,29484.75,29490.0,640
2026-09-04T04:00:00+05:30,29491.0,29498.5,29490.0,29494.25,441
2026-09-04T04:15:00+05:30,29495.75,29512.75,29493.5,29508.75,801
2026-09-04T04:30:00+05:30,29508.25,29511.5,29500.5,29503.25,647
2026-09-04T04:45:00+05:30,29503.0,29509.5,29498.25,29507.25,400
2026-09-04T05:00:00+05:30,29507.0,29511.0,29501.25,29505.0,280
2026-09-04T05:15:00+05:30,29506.5,29516.75,29502.25,29504.0,801
2026-09-04T05:30:00+05:30,29503.75,29520.5,29495.0,29509.75,1496
2026-09-04T05:45:00+05:30,29510.25,29529.0,29505.0,29527.5,1547
2026-09-04T06:00:00+05:30,29527.75,29533.5,29519.25,29532.5,1157
2026-09-04T06:15:00+05:30,29532.5,29542.25,29530.0,29530.75,1042
2026-09-04T06:30:00+05:30,29530.0,29532.75,29517.75,29522.75,1197
2026-09-04T06:45:00+05:30,29523.0,29542.75,29516.25,29540.75,1477
2026-09-04T07:00:00+05:30,29539.5,29547.75,29534.5,29545.0,961
2026-09-04T07:15:00+05:30,29545.25,29548.75,29523.25,29548.0,1454
2026-09-04T07:30:00+05:30,29547.75,29553.25,29537.25,29550.25,829
2026-09-04T07:45:00+05:30,29549.0,29556.25,29547.0,29555.0,535
2026-09-04T08:00:00+05:30,29555.75,29566.5,29544.0,29546.5,1302
2026-09-04T08:15:00+05:30,29546.5,29568.0,29545.25,29564.5,977
2026-09-04T08:30:00+05:30,29563.25,29566.5,29557.25,29560.5,504
2026-09-04T08:45:00+05:30,29560.25,29578.25,29559.75,29569.0,1146
2026-09-04T09:00:00+05:30,29569.5,29578.75,29566.75,29568.5,683
2026-09-04T09:15:00+05:30,29567.5,29573.25,29563.75,29570.5,459
2026-09-04T09:30:00+05:30,29570.75,29577.75,29556.5,29575.5,902
2026-09-04T09:45:00+05:30,29576.0,29595.0,29567.5,29593.0,1270
2026-09-04T10:00:00+05:30,29592.25,29601.25,29585.0,29588.0,918
2026-09-04T10:15:00+05:30,29588.5,29599.75,29583.25,29598.25,628
2026-09-04T10:30:00+05:30,29597.5,29623.5,29593.75,29621.5,1542
2026-09-04T10:45:00+05:30,29621.0,29643.0,29620.25,29622.75,1848
2026-09-04T11:00:00+05:30,29622.0,29625.25,29605.5,29608.5,1162
2026-09-04T11:15:00+05:30,29609.25,29622.0,29591.5,29620.75,1607
2026-09-04T11:30:00+05:30,29620.25,29643.75,29617.0,29642.25,1892
2026-09-04T11:45:00+05:30,29641.75,29642.25,29622.5,29631.25,1333
2026-09-04T12:00:00+05:30,29631.5,29633.0,29595.75,29604.0,1550
2026-09-04T12:15:00+05:30,29603.5,29604.0,29574.0,29576.75,1191
2026-09-04T12:30:00+05:30,29577.75,29623.75,29575.25,29620.0,1882
2026-09-04T12:45:00+05:30,29619.5,29637.25,29607.25,29636.25,1077
2026-09-04T13:00:00+05:30,29635.75,29653.0,29628.0,29646.75,1766
2026-09-04T13:15:00+05:30,29646.5,29658.25,29641.25,29652.25,1118
2026-09-04T13:30:00+05:30,29653.75,29669.25,29635.5,29650.25,2473
2026-09-04T13:45:00+05:30,29650.75,29672.0,29645.0,29668.5,1202
2026-09-04T14:00:00+05:30,29670.0,29673.0,29643.75,29658.5,1007
2026-09-04T14:15:00+05:30,29658.25,29664.75,29647.0,29658.5,953
2026-09-04T14:30:00+05:30,29657.5,29658.25,29625.25,29628.5,1184
2026-09-04T14:45:00+05:30,29629.75,29642.5,29616.5,29624.5,1115
2026-09-04T15:00:00+05:30,29625.75,29647.0,29618.5,29643.0,833
2026-09-04T15:15:00+05:30,29644.5,29661.75,29643.5,29657.25,958
2026-09-04T15:30:00+05:30,29656.75,29668.75,29653.25,29661.5,977
2026-09-04T15:45:00+05:30,29660.75,29686.0,29658.5,29678.5,1252
2026-09-04T16:00:00+05:30,29676.5,29683.75,29668.5,29679.5,849
2026-09-04T16:15:00+05:30,29680.0,29704.5,29675.75,29680.0,1374
2026-09-04T16:30:00+05:30,29681.5,29686.0,29650.75,29660.0,1455
2026-09-04T16:45:00+05:30,29660.5,29676.75,29655.5,29662.5,981
2026-09-04T17:00:00+05:30,29663.75,29676.25,29661.0,29671.25,1045
2026-09-04T17:15:00+05:30,29671.0,29690.0,29666.5,29683.25,1211
2026-09-04T17:30:00+05:30,29682.0,29686.25,29627.0,29643.25,3575
2026-09-04T17:45:00+05:30,29642.25,29694.0,29631.75,29675.75,2703
2026-09-04T18:00:00+05:30,29674.25,29693.75,29531.25,29557.75,14629
2026-09-04T18:15:00+05:30,29557.25,29557.75,29502.0,29546.5,8897
2026-09-04T18:30:00+05:30,29547.0,29556.75,29523.0,29548.25,5671
2026-09-04T18:45:00+05:30,29548.25,29591.0,29546.75,29589.0,7109
2026-09-04T19:00:00+05:30,29588.25,29647.0,29554.5,29616.5,39281
2026-09-04T19:15:00+05:30,29616.25,29691.75,29577.5,29691.0,24396
2026-09-04T19:30:00+05:30,29690.5,29691.0,29594.0,29648.0,23326
2026-09-04T19:45:00+05:30,29648.5,29649.75,29564.75,29595.5,22877
2026-09-04T20:00:00+05:30,29596.25,29598.25,29531.0,29533.5,19292
2026-09-04T20:15:00+05:30,29533.25,29544.25,29498.75,29521.0,18948
2026-09-04T20:30:00+05:30,29520.0,29541.25,29497.25,29540.5,15471
2026-09-04T20:45:00+05:30,29540.75,29543.0,29484.25,29506.75,14632
2026-09-04T21:00:00+05:30,29506.75,29524.5,29478.0,29520.5,11572
2026-09-04T21:15:00+05:30,29520.0,29522.25,29487.0,29515.0,10099
2026-09-04T21:30:00+05:30,29514.75,29554.25,29505.0,29547.75,9809
2026-09-04T21:45:00+05:30,29548.0,29565.25,29536.0,29554.0,8195
2026-09-04T22:00:00+05:30,29554.5,29574.0,29548.75,29568.0,7898
2026-09-04T22:15:00+05:30,29568.25,29595.75,29565.0,29576.0,9323
2026-09-04T22:30:00+05:30,29576.25,29580.5,29531.75,29535.25,8904
2026-09-04T22:45:00+05:30,29534.75,29543.5,29504.25,29508.0,7818
2026-09-04T23:00:00+05:30,29508.0,29508.5,29474.75,29478.25,9535
2026-09-04T23:15:00+05:30,29479.0,29498.25,29468.0,29491.75,9184
2026-09-04T23:30:00+05:30,29491.5,29497.75,29471.25,29489.0,7849
2026-09-04T23:45:00+05:30,29488.25,29514.5,29484.5,29511.0,7232
2026-09-05T00:00:00+05:30,29511.0,29524.5,29504.0,29520.75,7234
2026-09-05T00:15:00+05:30,29521.25,29542.5,29520.0,29538.75,6041
2026-09-05T00:30:00+05:30,29538.75,29544.0,29506.75,29511.25,7328
2026-09-05T00:45:00+05:30,29511.0,29531.25,29510.5,29526.5,5263
2026-09-05T01:00:00+05:30,29526.5,29547.5,29519.25,29541.0,7595
2026-09-05T01:15:00+05:30,29540.75,29586.5,29540.0,29568.75,25062
2026-09-05T01:30:00+05:30,29568.25,29569.0,29529.5,29541.25,7713
2026-09-05T01:45:00+05:30,29541.25,29543.25,29529.75,29531.5,1193
2026-09-05T02:00:00+05:30,29531.75,29532.0,29514.5,29530.75,2126
2026-09-05T02:15:00+05:30,29530.5,29532.5,29519.5,29523.0,1967
2026-09-07T03:30:00+05:30,29535.25,29595.25,29534.75,29579.5,2127
2026-09-07T03:45:00+05:30,29578.0,29584.25,29574.5,29579.75,449
2026-09-07T04:00:00+05:30,29578.75,29584.75,29577.25,29580.5,378
2026-09-07T04:15:00+05:30,29580.0,29583.5,29576.75,29576.75,191
2026-09-07T04:30:00+05:30,29576.5,29579.75,29562.5,29564.75,604
2026-09-07T04:45:00+05:30,29564.25,29578.0,29542.75,29544.0,1039
2026-09-07T05:00:00+05:30,29543.0,29580.25,29541.0,29574.0,1450
2026-09-07T05:15:00+05:30,29575.25,29582.75,29547.0,29557.5,958
2026-09-07T05:30:00+05:30,29557.5,29583.0,29545.0,29571.5,1651
2026-09-07T05:45:00+05:30,29570.0,29578.5,29556.25,29563.5,1071
2026-09-07T06:00:00+05:30,29564.25,29572.5,29545.25,29564.0,1124
2026-09-07T06:15:00+05:30,29564.0,29574.0,29536.0,29537.25,1182
2026-09-07T06:30:00+05:30,29538.5,29571.75,29530.5,29556.0,1951
2026-09-07T06:45:00+05:30,29553.5,29580.0,29544.5,29579.0,1221
2026-09-07T07:00:00+05:30,29578.75,29595.75,29568.75,29584.0,1539
2026-09-07T07:15:00+05:30,29584.75,29594.75,29577.5,29593.5,796
2026-09-07T07:30:00+05:30,29595.0,29596.0,29576.5,29585.25,708
2026-09-07T07:45:00+05:30,29585.75,29591.5,29571.75,29588.25,532
2026-09-07T08:00:00+05:30,29586.75,29621.75,29586.75,29606.5,1161
2026-09-07T08:15:00+05:30,29607.5,29608.25,29575.25,29583.25,1085
2026-09-07T08:30:00+05:30,29583.5,29584.75,29572.0,29581.25,873
2026-09-07T08:45:00+05:30,29581.25,29604.5,29577.25,29601.0,924
2026-09-07T09:00:00+05:30,29600.25,29622.75,29590.25,29591.0,1326
2026-09-07T09:15:00+05:30,29591.0,29602.75,29584.25,29586.0,811
2026-09-07T09:30:00+05:30,29587.0,29596.75,29575.75,29590.5,883
2026-09-07T09:45:00+05:30,29591.5,29592.25,29574.25,29584.0,602
2026-09-07T10:00:00+05:30,29585.0,29587.75,29569.75,29578.75,672
2026-09-07T10:15:00+05:30,29579.75,29600.25,29578.0,29597.25,597
2026-09-07T10:30:00+05:30,29597.75,29602.5,29579.0,29585.0,966
2026-09-07T10:45:00+05:30,29585.0,29615.25,29578.0,29611.75,1138
2026-09-07T11:00:00+05:30,29611.75,29637.25,29608.75,29636.75,1192
2026-09-07T11:15:00+05:30,29636.75,29639.0,29606.0,29610.5,1191
2026-09-07T11:30:00+05:30,29610.75,29643.0,29609.0,29642.5,1368
2026-09-07T11:45:00+05:30,29641.75,29655.0,29632.5,29651.75,1587
2026-09-07T12:00:00+05:30,29653.0,29682.25,29648.5,29664.0,1627
2026-09-07T12:15:00+05:30,29664.5,29665.75,29645.75,29663.5,1188
2026-09-07T12:30:00+05:30,29663.75,29683.5,29656.5,29666.25,1337
2026-09-07T12:45:00+05:30,29667.0,29668.5,29636.75,29637.25,1031
2026-09-07T13:00:00+05:30,29639.0,29649.25,29617.25,29626.75,1193
2026-09-07T13:15:00+05:30,29626.75,29661.0,29622.0,29657.75,1370
2026-09-07T13:30:00+05:30,29658.0,29664.5,29638.0,29646.25,1217
2026-09-07T13:45:00+05:30,29646.5,29662.0,29644.0,29654.75,710
2026-09-07T14:00:00+05:30,29655.75,29663.5,29643.0,29644.5,939
2026-09-07T14:15:00+05:30,29645.25,29654.25,29636.0,29644.5,561
2026-09-07T14:30:00+05:30,29644.75,29655.25,29636.75,29638.25,528
2026-09-07T14:45:00+05:30,29638.25,29639.25,29614.25,29617.0,841
2026-09-07T15:00:00+05:30,29617.0,29625.25,29601.25,29619.75,769
2026-09-07T15:15:00+05:30,29619.25,29622.5,29603.0,29607.25,577
2026-09-07T15:30:00+05:30,29608.0,29618.5,29604.75,29617.0,568
2026-09-07T15:45:00+05:30,29616.25,29621.75,29611.0,29613.25,308
2026-09-07T16:00:00+05:30,29613.5,29618.0,29603.5,29611.0,403
2026-09-07T16:15:00+05:30,29610.5,29612.0,29569.25,29575.75,1628
2026-09-07T16:30:00+05:30,29574.5,29579.5,29547.75,29569.25,1936
2026-09-07T16:45:00+05:30,29570.5,29570.5,29535.0,29545.75,964
2026-09-07T17:00:00+05:30,29546.25,29566.75,29541.0,29556.5,792
2026-09-07T17:15:00+05:30,29556.5,29562.75,29543.75,29545.0,455
2026-09-07T17:30:00+05:30,29545.25,29567.25,29540.25,29541.75,806
2026-09-07T17:45:00+05:30,29541.75,29551.75,29535.5,29550.0,640
2026-09-07T18:00:00+05:30,29548.5,29565.0,29547.5,29560.5,908
2026-09-07T18:15:00+05:30,29560.0,29589.75,29559.5,29588.5,1440
2026-09-07T18:30:00+05:30,29588.75,29614.0,29576.5,29611.5,1376
2026-09-07T18:45:00+05:30,29611.5,29624.75,29596.5,29614.75,1769
2026-09-07T19:00:00+05:30,29614.75,29645.25,29604.0,29619.5,4101
2026-09-07T19:15:00+05:30,29620.0,29631.5,29613.25,29618.5,2129
2026-09-07T19:30:00+05:30,29618.5,29635.0,29603.75,29610.0,2634
2026-09-07T19:45:00+05:30,29610.0,29615.25,29601.25,29611.0,1483
2026-09-07T20:00:00+05:30,29612.0,29632.75,29600.0,29629.75,1991
2026-09-07T20:15:00+05:30,29629.25,29629.25,29589.25,29592.25,1872
2026-09-07T20:30:00+05:30,29591.75,29609.75,29583.25,29587.75,2128
2026-09-07T20:45:00+05:30,29587.75,29591.75,29563.5,29577.5,1975
2026-09-07T21:00:00+05:30,29578.25,29594.75,29575.75,29585.5,1675
2026-09-07T21:15:00+05:30,29584.75,29592.25,29577.25,29592.25,950
2026-09-07T21:30:00+05:30,29593.0,29605.5,29589.75,29605.0,1117
2026-09-07T21:45:00+05:30,29606.0,29611.0,29590.25,29595.25,913
2026-09-07T22:00:00+05:30,29595.25,29612.25,29592.0,29608.5,816
2026-09-07T22:15:00+05:30,29607.25,29613.5,29594.5,29603.5,1068
2026-09-08T03:30:00+05:30,29611.5,29622.0,29571.25,29582.25,1509
2026-09-08T03:45:00+05:30,29583.0,29587.75,29555.0,29557.75,1087
2026-09-08T04:00:00+05:30,29556.5,29561.75,29540.0,29556.75,1344
2026-09-08T04:15:00+05:30,29557.0,29562.0,29544.5,29558.5,868
2026-09-08T04:30:00+05:30,29556.5,29558.0,29541.25,29546.75,761
2026-09-08T04:45:00+05:30,29546.75,29550.5,29525.0,29542.25,1717
2026-09-08T05:00:00+05:30,29541.0,29589.5,29533.5,29586.25,1953
2026-09-08T05:15:00+05:30,29586.5,29599.0,29577.0,29584.5,1464
2026-09-08T05:30:00+05:30,29583.5,29605.75,29575.0,29592.5,2824
2026-09-08T05:45:00+05:30,29592.5,29629.5,29577.75,29627.5,3736
2026-09-08T06:00:00+05:30,29628.25,29640.5,29621.25,29632.0,1519
2026-09-08T06:15:00+05:30,29632.75,29642.0,29630.75,29631.5,1109
2026-09-08T06:30:00+05:30,29632.75,29661.75,29611.75,29658.25,3261
2026-09-08T06:45:00+05:30,29658.5,29662.0,29645.75,29651.75,1232
2026-09-08T07:00:00+05:30,29652.75,29688.5,29645.25,29675.75,2231
2026-09-08T07:15:00+05:30,29675.25,29709.5,29671.5,29706.0,2218
2026-09-08T07:30:00+05:30,29706.25,29715.5,29689.0,29707.75,2144
2026-09-08T07:45:00+05:30,29707.0,29722.75,29701.5,29713.5,1398
2026-09-08T08:00:00+05:30,29714.5,29714.75,29686.25,29687.0,1298
2026-09-08T08:15:00+05:30,29686.5,29697.25,29660.25,29660.5,1860
2026-09-08T08:30:00+05:30,29661.5,29694.25,29660.75,29690.0,1628
2026-09-08T08:45:00+05:30,29689.0,29734.75,29687.75,29733.0,1975
2026-09-08T09:00:00+05:30,29732.5,29740.0,29722.0,29731.0,2053
2026-09-08T09:15:00+05:30,29730.5,29747.0,29726.5,29743.75,1378
2026-09-08T09:30:00+05:30,29742.75,29749.75,29730.5,29740.25,1182
2026-09-08T09:45:00+05:30,29739.75,29752.0,29734.0,29745.5,985
2026-09-08T10:00:00+05:30,29746.25,29764.0,29728.25,29758.75,1945
2026-09-08T10:15:00+05:30,29758.25,29764.75,29731.0,29737.25,1632
2026-09-08T10:30:00+05:30,29738.5,29739.75,29680.0,29683.5,2964
2026-09-08T10:45:00+05:30,29685.5,29733.25,29675.0,29678.75,2830
2026-09-08T11:00:00+05:30,29679.5,29685.25,29631.75,29636.75,4011
2026-09-08T11:15:00+05:30,29636.5,29647.5,29610.0,29612.25,2731
2026-09-08T11:30:00+05:30,29612.25,29622.25,29581.75,29591.0,3738
2026-09-08T11:45:00+05:30,29588.75,29591.75,29545.5,29576.25,3467
2026-09-08T12:00:00+05:30,29576.25,29613.5,29558.25,29608.0,3333
2026-09-08T12:15:00+05:30,29608.75,29620.25,29580.5,29600.25,2256
2026-09-08T12:30:00+05:30,29601.0,29638.75,29586.5,29609.5,3018
2026-09-08T12:45:00+05:30,29609.5,29628.75,29595.5,29623.75,2094
2026-09-08T13:00:00+05:30,29622.75,29624.5,29550.0,29562.5,2733
2026-09-08T13:15:00+05:30,29564.5,29566.75,29529.75,29535.5,1899
2026-09-08T13:30:00+05:30,29534.5,29541.25,29477.75,29512.5,5809
2026-09-08T13:45:00+05:30,29512.75,29530.25,29496.0,29499.75,2483
2026-09-08T14:00:00+05:30,29499.5,29525.75,29490.5,29502.0,1791
2026-09-08T14:15:00+05:30,29502.25,29533.0,29489.5,29507.0,2248
2026-09-08T14:30:00+05:30,29507.0,29546.25,29484.5,29545.75,1896
2026-09-08T14:45:00+05:30,29544.0,29549.25,29528.75,29547.75,1039
2026-09-08T15:00:00+05:30,29549.25,29587.0,29542.75,29568.0,2555
2026-09-08T15:15:00+05:30,29568.0,29600.5,29566.75,29599.75,1366
2026-09-08T15:30:00+05:30,29600.0,29600.0,29572.75,29584.5,1268
2026-09-08T15:45:00+05:30,29584.25,29649.0,29583.25,29607.75,3048
2026-09-08T16:00:00+05:30,29607.75,29608.25,29581.75,29592.75,1312
2026-09-08T16:15:00+05:30,29591.25,29592.5,29546.5,29568.0,2458
2026-09-08T16:30:00+05:30,29568.5,29583.75,29533.5,29547.0,2780
2026-09-08T16:45:00+05:30,29546.75,29576.5,29545.0,29562.25,1478
2026-09-08T17:00:00+05:30,29563.0,29575.5,29546.0,29547.0,1297
2026-09-08T17:15:00+05:30,29547.0,29601.75,29538.5,29601.0,2619
2026-09-08T17:30:00+05:30,29601.0,29601.0,29551.25,29555.0,2363
2026-09-08T17:45:00+05:30,29555.75,29595.5,29548.0,29595.5,2180
2026-09-08T18:00:00+05:30,29595.25,29627.0,29591.0,29615.0,3318
2026-09-08T18:15:00+05:30,29615.0,29654.75,29604.25,29654.0,3260
2026-09-08T18:30:00+05:30,29653.75,29660.0,29634.5,29658.5,3759
2026-09-08T18:45:00+05:30,29659.0,29668.25,29635.75,29644.75,5755
2026-09-08T19:00:00+05:30,29645.0,29686.5,29467.0,29474.0,45062
2026-09-08T19:15:00+05:30,29474.25,29538.5,29455.25,29502.75,31493
2026-09-08T19:30:00+05:30,29503.25,29512.5,29424.75,29462.5,27946
2026-09-08T19:45:00+05:30,29462.25,29524.75,29458.5,29516.75,18391
2026-09-08T20:00:00+05:30,29516.0,29538.0,29490.0,29530.0,13134
2026-09-08T20:15:00+05:30,29530.75,29563.5,29511.75,29563.0,14359
2026-09-08T20:30:00+05:30,29563.0,29610.0,29545.5,29602.75,13350
2026-09-08T20:45:00+05:30,29603.0,29639.5,29581.0,29609.0,16482
2026-09-08T21:00:00+05:30,29609.25,29645.25,29595.5,29641.5,10702
2026-09-08T21:15:00+05:30,29641.5,29644.0,29599.0,29604.25,10198
2026-09-08T21:30:00+05:30,29604.25,29622.0,29577.5,29589.5,9073
2026-09-08T21:45:00+05:30,29588.75,29604.5,29562.5,29567.75,9308
2026-09-08T22:00:00+05:30,29568.5,29584.5,29561.75,29575.5,7425
2026-09-08T22:15:00+05:30,29575.0,29609.25,29549.5,29573.5,11742
2026-09-08T22:30:00+05:30,29572.75,29641.5,29572.0,29628.75,9485
2026-09-08T22:45:00+05:30,29628.0,29633.5,29606.25,29615.75,6007
2026-09-08T23:00:00+05:30,29616.5,29632.5,29598.0,29599.5,5970
2026-09-08T23:15:00+05:30,29600.0,29613.25,29588.75,29590.0,5480
2026-09-08T23:30:00+05:30,29590.5,29613.5,29587.0,29605.25,6455
2026-09-08T23:45:00+05:30,29605.0,29615.5,29588.5,29597.0,5905
2026-09-09T00:00:00+05:30,29597.25,29604.5,29578.0,29602.75,6637
2026-09-09T00:15:00+05:30,29603.25,29611.0,29519.75,29576.25,18185
2026-09-09T00:30:00+05:30,29576.25,29586.25,29560.25,29574.75,7629
2026-09-09T00:45:00+05:30,29575.0,29579.25,29544.75,29564.0,6129
2026-09-09T01:00:00+05:30,29564.5,29566.25,29543.5,29549.0,6258
2026-09-09T01:15:00+05:30,29549.0,29552.75,29496.0,29543.5,31174
2026-09-09T01:30:00+05:30,29543.0,29550.75,29506.0,29524.25,8224
2026-09-09T01:45:00+05:30,29524.25,29528.25,29506.5,29507.75,2732
2026-09-09T02:00:00+05:30,29507.5,29524.75,29503.5,29521.25,1510
2026-09-09T02:15:00+05:30,29522.0,29527.25,29518.5,29525.75,908
2026-09-09T03:30:00+05:30,29526.5,29539.25,29503.0,29521.75,1747
2026-09-09T03:45:00+05:30,29521.75,29529.0,29508.0,29521.5,1102
2026-09-09T04:00:00+05:30,29522.25,29530.0,29516.0,29527.5,592
2026-09-09T04:15:00+05:30,29527.5,29547.0,29526.75,29544.75,808
2026-09-09T04:30:00+05:30,29544.5,29546.5,29529.5,29531.5,673
2026-09-09T04:45:00+05:30,29531.25,29531.25,29513.0,29516.75,1051
2026-09-09T05:00:00+05:30,29515.75,29519.25,29501.5,29506.25,897
2026-09-09T05:15:00+05:30,29507.0,29512.0,29489.75,29498.5,1859
2026-09-09T05:30:00+05:30,29500.75,29561.75,29499.5,29539.0,3592
2026-09-09T05:45:00+05:30,29539.75,29539.75,29516.0,29525.25,2319
2026-09-09T06:00:00+05:30,29523.75,29540.0,29509.0,29537.75,1868
2026-09-09T06:15:00+05:30,29538.25,29564.0,29532.25,29559.75,1967
2026-09-09T06:30:00+05:30,29559.75,29581.0,29555.75,29574.5,2424
2026-09-09T06:45:00+05:30,29575.25,29599.5,29569.5,29590.0,2802
2026-09-09T07:00:00+05:30,29589.75,29607.5,29577.5,29593.25,2154
2026-09-09T07:15:00+05:30,29593.25,29608.5,29581.5,29593.25,1518
2026-09-09T07:30:00+05:30,29593.5,29612.5,29589.0,29594.25,1612
2026-09-09T07:45:00+05:30,29594.5,29604.25,29583.25,29601.0,1317
2026-09-09T08:00:00+05:30,29601.5,29624.75,29596.75,29620.75,1880
2026-09-09T08:15:00+05:30,29620.25,29625.5,29606.25,29611.0,1032
2026-09-09T08:30:00+05:30,29611.5,29613.75,29583.75,29591.0,1778
2026-09-09T08:45:00+05:30,29590.5,29603.5,29589.0,29596.5,1129
2026-09-09T09:00:00+05:30,29597.75,29604.25,29587.0,29591.0,930
2026-09-09T09:15:00+05:30,29589.25,29591.5,29560.5,29562.0,1826
2026-09-09T09:30:00+05:30,29562.75,29586.5,29549.0,29557.0,2397
2026-09-09T09:45:00+05:30,29556.5,29593.0,29553.5,29581.25,1561
2026-09-09T10:00:00+05:30,29580.25,29607.0,29573.0,29603.75,1168
2026-09-09T10:15:00+05:30,29604.25,29620.25,29600.0,29614.0,1125
2026-09-09T10:30:00+05:30,29614.5,29616.25,29597.0,29605.5,1019
2026-09-09T10:45:00+05:30,29604.75,29604.75,29565.75,29580.25,1912
2026-09-09T11:00:00+05:30,29580.75,29592.0,29562.0,29576.5,1458
2026-09-09T11:15:00+05:30,29578.75,29621.5,29573.75,29621.25,1349
2026-09-09T11:30:00+05:30,29621.75,29632.25,29604.25,29629.25,2098
2026-09-09T11:45:00+05:30,29629.25,29633.75,29586.5,29593.75,1500
2026-09-09T12:00:00+05:30,29592.75,29614.0,29588.0,29611.75,1305
2026-09-09T12:15:00+05:30,29612.25,29612.5,29578.0,29579.5,1564
2026-09-09T12:30:00+05:30,29581.5,29611.5,29561.25,29572.25,2537
2026-09-09T12:45:00+05:30,29572.25,29613.0,29558.0,29612.25,2557
2026-09-09T13:00:00+05:30,29611.75,29614.0,29590.0,29594.25,1270
2026-09-09T13:15:00+05:30,29596.25,29597.0,29565.25,29588.0,1469
2026-09-09T13:30:00+05:30,29589.5,29609.0,29576.0,29582.25,2092
2026-09-09T13:45:00+05:30,29583.0,29594.25,29566.75,29587.75,1359
2026-09-09T14:00:00+05:30,29585.75,29592.75,29540.25,29541.75,2311
2026-09-09T14:15:00+05:30,29543.0,29571.75,29538.75,29564.75,1392
2026-09-09T14:30:00+05:30,29565.0,29575.0,29532.5,29550.5,1678
2026-09-09T14:45:00+05:30,29550.5,29557.0,29514.5,29528.5,1529
2026-09-09T15:00:00+05:30,29528.5,29539.25,29471.25,29479.0,2722
2026-09-09T15:15:00+05:30,29479.0,29485.5,29388.75,29400.5,5198
2026-09-09T15:30:00+05:30,29401.0,29424.75,29371.75,29395.75,4920
2026-09-09T15:45:00+05:30,29395.0,29432.25,29381.75,29419.0,2926
2026-09-09T16:00:00+05:30,29417.75,29432.0,29396.25,29397.5,2177
2026-09-09T16:15:00+05:30,29397.5,29405.0,29368.25,29391.5,3272
2026-09-09T16:30:00+05:30,29392.0,29430.25,29378.0,29407.25,2969
2026-09-09T16:45:00+05:30,29409.5,29430.5,29377.75,29418.5,2605
2026-09-09T17:00:00+05:30,29418.0,29419.25,29376.5,29377.5,2327
2026-09-09T17:15:00+05:30,29378.5,29452.0,29376.75,29396.75,5076
2026-09-09T17:30:00+05:30,29397.0,29400.5,29334.75,29337.0,4988
2026-09-09T17:45:00+05:30,29337.25,29366.5,29333.0,29351.75,3465
2026-09-09T18:00:00+05:30,29351.75,29384.25,29343.5,29381.75,3334
2026-09-09T18:15:00+05:30,29381.25,29404.0,29381.25,29390.5,3105
2026-09-09T18:30:00+05:30,29390.75,29408.5,29382.5,29403.75,3445
2026-09-09T18:45:00+05:30,29403.0,29458.5,29398.75,29455.0,6257
2026-09-09T19:00:00+05:30,29455.25,29503.75,29418.25,29478.75,36772
2026-09-09T19:15:00+05:30,29479.0,29567.25,29456.5,29558.5,26901
2026-09-09T19:30:00+05:30,29558.25,29593.75,29531.25,29562.25,21292
2026-09-09T19:45:00+05:30,29561.25,29561.75,29459.5,29535.5,26942
2026-09-09T20:00:00+05:30,29535.0,29543.5,29494.25,29537.5,14231
2026-09-09T20:15:00+05:30,29537.25,29541.75,29500.0,29528.25,11698
2026-09-09T20:30:00+05:30,29528.75,29562.25,29386.25,29399.0,28944
2026-09-09T20:45:00+05:30,29398.5,29454.5,29358.0,29390.5,22455
2026-09-09T21:00:00+05:30,29390.25,29482.5,29388.0,29438.0,20576
2026-09-09T21:15:00+05:30,29438.75,29467.0,29424.25,29448.0,9918
2026-09-09T21:30:00+05:30,29448.25,29462.0,29410.75,29414.75,8855
2026-09-09T21:45:00+05:30,29414.25,29416.75,29386.75,29399.5,8975
2026-09-09T22:00:00+05:30,29399.75,29455.5,29397.75,29455.0,9133
2026-09-09T22:15:00+05:30,29454.75,29478.0,29441.0,29458.0,9298
2026-09-09T22:30:00+05:30,29457.5,29482.5,29446.0,29476.25,9122
2026-09-09T22:45:00+05:30,29476.5,29483.75,29449.5,29450.25,6172
2026-09-09T23:00:00+05:30,29450.75,29462.0,29428.25,29455.25,6452
2026-09-09T23:15:00+05:30,29455.75,29483.5,29455.75,29468.75,5756
2026-09-09T23:30:00+05:30,29468.25,29471.75,29441.25,29442.25,4611
2026-09-09T23:45:00+05:30,29441.25,29462.25,29436.75,29453.5,6354
2026-09-10T00:00:00+05:30,29453.5,29469.5,29445.75,29466.75,5118
2026-09-10T00:15:00+05:30,29466.25,29474.0,29446.25,29447.5,5842
2026-09-10T00:30:00+05:30,29448.0,29455.25,29430.5,29449.0,6106
2026-09-10T00:45:00+05:30,29449.5,29471.25,29449.5,29451.5,4455
2026-09-10T01:00:00+05:30,29452.25,29457.5,29436.75,29447.0,5647
2026-09-10T01:15:00+05:30,29447.25,29458.5,29423.25,29454.5,20632
2026-09-10T01:30:00+05:30,29455.0,29459.25,29428.75,29451.25,8041
2026-09-10T01:45:00+05:30,29451.5,29454.75,29448.25,29450.0,1298
2026-09-10T02:00:00+05:30,29449.75,29459.0,29447.25,29454.5,1118
2026-09-10T02:15:00+05:30,29455.0,29460.0,29449.0,29460.0,1156
2026-09-10T03:30:00+05:30,29458.5,29472.75,29425.5,29428.75,2155
2026-09-10T03:45:00+05:30,29428.75,29434.0,29423.75,29429.0,645
2026-09-10T04:00:00+05:30,29429.5,29437.5,29428.75,29433.75,303
2026-09-10T04:15:00+05:30,29434.0,29438.0,29425.75,29431.5,354
2026-09-10T04:30:00+05:30,29430.5,29432.75,29419.25,29422.0,557
2026-09-10T04:45:00+05:30,29421.25,29435.0,29416.25,29427.5,759
2026-09-10T05:00:00+05:30,29428.75,29431.5,29425.0,29429.75,289
2026-09-10T05:15:00+05:30,29432.0,29470.75,29428.25,29463.5,1761
2026-09-10T05:30:00+05:30,29464.5,29480.25,29440.75,29449.5,2376
2026-09-10T05:45:00+05:30,29449.75,29477.75,29448.5,29473.75,1981
2026-09-10T06:00:00+05:30,29474.0,29475.75,29441.75,29456.5,1580
2026-09-10T06:15:00+05:30,29456.25,29456.25,29408.0,29412.0,2617
2026-09-10T06:30:00+05:30,29413.5,29426.25,29389.0,29399.75,2756
2026-09-10T06:45:00+05:30,29400.25,29415.25,29372.5,29375.75,2831
2026-09-10T07:00:00+05:30,29374.25,29404.25,29364.0,29400.5,2315
2026-09-10T07:15:00+05:30,29399.75,29417.25,29385.0,29410.5,2268
2026-09-10T07:30:00+05:30,29411.0,29412.0,29376.25,29395.5,1766
2026-09-10T07:45:00+05:30,29395.5,29396.25,29373.0,29378.5,1205
2026-09-10T08:00:00+05:30,29379.0,29422.25,29376.0,29414.75,1484
2026-09-10T08:15:00+05:30,29413.75,29423.25,29406.25,29418.25,1088
2026-09-10T08:30:00+05:30,29418.75,29437.0,29416.75,29420.5,1285
2026-09-10T08:45:00+05:30,29420.5,29428.75,29388.25,29405.25,1541
2026-09-10T09:00:00+05:30,29404.75,29416.0,29392.25,29413.0,1006
2026-09-10T09:15:00+05:30,29415.0,29431.0,29411.75,29427.75,1115
2026-09-10T09:30:00+05:30,29428.0,29436.25,29422.5,29428.0,979
2026-09-10T09:45:00+05:30,29428.25,29437.5,29423.5,29434.5,685
2026-09-10T10:00:00+05:30,29433.75,29447.25,29431.0,29434.75,891
2026-09-10T10:15:00+05:30,29434.25,29462.5,29432.5,29458.75,1225
2026-09-10T10:30:00+05:30,29459.5,29469.75,29448.5,29461.75,1168
2026-09-10T10:45:00+05:30,29460.5,29493.5,29454.75,29490.25,1706
2026-09-10T11:00:00+05:30,29491.0,29498.5,29481.0,29487.5,1102
2026-09-10T11:15:00+05:30,29487.5,29508.25,29465.0,29484.75,1540
2026-09-10T11:30:00+05:30,29484.0,29492.5,29453.25,29455.5,1750
2026-09-10T11:45:00+05:30,29455.75,29473.0,29435.25,29472.0,2129
2026-09-10T12:00:00+05:30,29473.5,29488.75,29468.5,29479.0,1193
2026-09-10T12:15:00+05:30,29479.75,29491.25,29466.75,29476.25,1118
2026-09-10T12:30:00+05:30,29476.75,29478.25,29450.75,29470.0,1367
2026-09-10T12:45:00+05:30,29471.0,29473.0,29433.0,29435.25,1175
2026-09-10T13:00:00+05:30,29434.75,29445.5,29417.25,29444.75,1626
2026-09-10T13:15:00+05:30,29443.75,29455.5,29436.5,29445.0,1176
2026-09-10T13:30:00+05:30,29443.75,29460.25,29431.0,29432.25,1732
2026-09-10T13:45:00+05:30,29433.5,29453.25,29424.5,29449.5,1156
2026-09-10T14:00:00+05:30,29449.0,29457.0,29413.0,29416.75,1559
2026-09-10T14:15:00+05:30,29417.75,29428.0,29405.25,29414.0,1131
2026-09-10T14:30:00+05:30,29412.5,29431.0,29406.75,29415.5,1006
2026-09-10T14:45:00+05:30,29416.75,29419.75,29392.5,29397.0,976
2026-09-10T15:00:00+05:30,29395.5,29396.0,29359.25,29391.75,2124
2026-09-10T15:15:00+05:30,29390.75,29420.0,29390.75,29406.5,1503
2026-09-10T15:30:00+05:30,29405.75,29418.0,29388.75,29396.5,1142
2026-09-10T15:45:00+05:30,29394.5,29409.75,29385.25,29391.0,1070
2026-09-10T16:00:00+05:30,29391.0,29404.5,29363.5,29392.25,1557
2026-09-10T16:15:00+05:30,29392.0,29423.75,29363.75,29376.0,2713
2026-09-10T16:30:00+05:30,29375.0,29376.0,29326.75,29343.25,3295
2026-09-10T16:45:00+05:30,29343.25,29349.25,29331.5,29336.0,1426
2026-09-10T17:00:00+05:30,29337.5,29364.0,29335.75,29345.75,1643
2026-09-10T17:15:00+05:30,29345.5,29352.5,29262.75,29264.5,4787
2026-09-10T17:30:00+05:30,29264.25,29278.25,29232.75,29258.25,5212
2026-09-10T17:45:00+05:30,29260.0,29262.75,29211.0,29237.5,4799
2026-09-10T18:00:00+05:30,29229.0,29251.75,29082.0,29102.5,18283
2026-09-10T18:15:00+05:30,29103.75,29106.0,29043.25,29056.5,11585
2026-09-10T18:30:00+05:30,29058.0,29098.25,29054.75,29068.75,9418
2026-09-10T18:45:00+05:30,29069.0,29090.25,29043.75,29089.0,9740
2026-09-10T19:00:00+05:30,29089.5,29200.0,29057.5,29138.0,51294
2026-09-10T19:15:00+05:30,29138.25,29203.25,29088.5,29099.75,31052
2026-09-10T19:30:00+05:30,29099.5,29178.75,29097.25,29139.75,25173
2026-09-10T19:45:00+05:30,29139.5,29263.0,29111.0,29205.75,32876
2026-09-10T20:00:00+05:30,29206.25,29275.0,29204.75,29237.25,20048
2026-09-10T20:15:00+05:30,29236.0,29264.75,29210.0,29263.25,15961
2026-09-10T20:30:00+05:30,29263.25,29265.0,29214.0,29243.75,15536
2026-09-10T20:45:00+05:30,29243.25,29256.0,29197.5,29236.0,13045
2026-09-10T21:00:00+05:30,29236.75,29272.75,29217.25,29251.5,11830
2026-09-10T21:15:00+05:30,29251.25,29256.75,29186.0,29205.0,12635
2026-09-10T21:30:00+05:30,29205.0,29231.5,29165.75,29181.25,10812
2026-09-10T21:45:00+05:30,29180.5,29202.0,29161.75,29177.0,8701
2026-09-10T22:00:00+05:30,29176.75,29215.75,29133.75,29208.0,15094
2026-09-10T22:15:00+05:30,29208.25,29242.75,29204.5,29232.5,11572
2026-09-10T22:30:00+05:30,29232.75,29267.5,29212.75,29225.5,10021
2026-09-10T22:45:00+05:30,29225.75,29233.0,29199.5,29209.25,6565
2026-09-10T23:00:00+05:30,29209.0,29214.75,29175.5,29202.5,7882
2026-09-10T23:15:00+05:30,29202.5,29205.25,29183.25,29186.0,5748
2026-09-10T23:30:00+05:30,29186.25,29199.75,29148.25,29159.75,9280
2026-09-10T23:45:00+05:30,29159.75,29180.25,29148.75,29158.5,7278
2026-09-11T00:00:00+05:30,29157.75,29176.25,29146.25,29173.5,5686
2026-09-11T00:15:00+05:30,29173.0,29199.0,29151.0,29174.25,8847
2026-09-11T00:30:00+05:30,29174.25,29176.0,29141.0,29156.5,10011
2026-09-11T00:45:00+05:30,29157.25,29164.5,29136.0,29160.0,6153
2026-09-11T01:00:00+05:30,29158.75,29169.25,29144.25,29158.0,7394
2026-09-11T01:15:00+05:30,29158.0,29168.5,29123.25,29138.0,24880
2026-09-11T01:30:00+05:30,29138.25,29156.75,29123.0,29153.25,6946
2026-09-11T01:45:00+05:30,29153.75,29156.0,29142.25,29144.5,1887
2026-09-11T02:00:00+05:30,29145.5,29153.0,29144.25,29151.5,1089
2026-09-11T02:15:00+05:30,29152.0,29154.5,29128.0,29143.25,1329
2026-09-11T03:30:00+05:30,29141.0,29156.75,29134.5,29143.25,1346
2026-09-11T03:45:00+05:30,29144.5,29157.5,29117.25,29118.0,1386
2026-09-11T04:00:00+05:30,29117.25,29122.75,29104.25,29105.5,1317
2026-09-11T04:15:00+05:30,29105.75,29116.25,29098.75,29107.5,1090
2026-09-11T04:30:00+05:30,29106.25,29115.0,29100.0,29109.5,765
2026-09-11T04:45:00+05:30,29110.25,29111.5,29096.75,29102.75,608
2026-09-11T05:00:00+05:30,29103.0,29111.5,29097.75,29106.75,754
2026-09-11T05:15:00+05:30,29105.75,29107.0,29062.5,29064.75,2075
2026-09-11T05:30:00+05:30,29065.0,29127.75,29063.25,29108.5,3461
2026-09-11T05:45:00+05:30,29109.75,29144.75,29095.0,29138.5,2330
2026-09-11T06:00:00+05:30,29138.25,29166.25,29118.0,29123.75,3086
2026-09-11T06:15:00+05:30,29124.5,29163.5,29123.5,29161.0,1283
2026-09-11T06:30:00+05:30,29159.75,29171.5,29146.5,29148.25,1961
2026-09-11T06:45:00+05:30,29149.5,29150.0,29124.75,29125.5,1674
2026-09-11T07:00:00+05:30,29126.5,29138.25,29109.0,29118.5,1662
2026-09-11T07:15:00+05:30,29119.75,29130.0,29103.5,29128.75,1371
2026-09-11T07:30:00+05:30,29129.5,29138.5,29120.75,29131.75,1384
2026-09-11T07:45:00+05:30,29131.25,29132.0,29098.5,29107.25,1825
2026-09-11T08:00:00+05:30,29107.25,29109.25,29082.25,29086.5,1775
2026-09-11T08:15:00+05:30,29086.25,29111.5,29083.25,29093.25,1389
2026-09-11T08:30:00+05:30,29092.0,29096.75,29061.75,29076.0,1660
2026-09-11T08:45:00+05:30,29076.75,29084.0,29062.75,29071.25,1164
2026-09-11T09:00:00+05:30,29071.5,29089.5,29048.5,29085.5,2186
2026-09-11T09:15:00+05:30,29086.5,29088.25,29050.75,29059.5,1582
2026-09-11T09:30:00+05:30,29058.75,29094.75,29040.5,29093.25,3403
2026-09-11T09:45:00+05:30,29093.75,29126.5,29075.75,29123.75,1887
2026-09-11T10:00:00+05:30,29124.25,29140.25,29116.75,29137.0,1383
2026-09-11T10:15:00+05:30,29137.75,29151.5,29120.75,29125.0,1470
2026-09-11T10:30:00+05:30,29124.5,29161.25,29119.5,29158.25,1784
2026-09-11T10:45:00+05:30,29159.0,29165.0,29130.0,29134.0,1254
2026-09-11T11:00:00+05:30,29134.0,29195.25,29133.75,29191.0,2046
2026-09-11T11:15:00+05:30,29191.0,29242.75,29176.5,29233.25,2912
2026-09-11T11:30:00+05:30,29233.0,29248.5,29216.0,29244.25,2278
2026-09-11T11:45:00+05:30,29245.0,29252.0,29222.25,29224.5,1599
2026-09-11T12:00:00+05:30,29225.25,29239.0,29215.5,29228.5,1663
2026-09-11T12:15:00+05:30,29228.5,29261.5,29228.5,29255.0,1672
2026-09-11T12:30:00+05:30,29254.25,29268.75,29249.25,29257.0,1652
2026-09-11T12:45:00+05:30,29258.75,29264.0,29235.75,29235.75,1308
2026-09-11T13:00:00+05:30,29235.75,29247.5,29229.0,29235.25,1046
2026-09-11T13:15:00+05:30,29235.25,29245.75,29225.0,29242.5,1043
2026-09-11T13:30:00+05:30,29242.5,29272.0,29224.5,29244.75,2613
2026-09-11T13:45:00+05:30,29245.0,29318.0,29239.25,29269.75,3476
2026-09-11T14:00:00+05:30,29271.0,29313.75,29270.75,29289.75,1549
2026-09-11T14:15:00+05:30,29291.5,29326.0,29287.0,29322.75,1595
2026-09-11T14:30:00+05:30,29324.25,29334.0,29292.5,29294.25,1986
2026-09-11T14:45:00+05:30,29293.0,29315.25,29289.5,29304.0,1221
2026-09-11T15:00:00+05:30,29304.75,29315.5,29301.75,29308.0,580
2026-09-11T15:15:00+05:30,29307.75,29326.5,29303.75,29319.0,717
2026-09-11T15:30:00+05:30,29319.25,29339.75,29285.25,29326.25,2171
2026-09-11T15:45:00+05:30,29326.5,29329.75,29307.75,29314.25,1060
2026-09-11T16:00:00+05:30,29314.25,29328.75,29309.5,29315.75,841
2026-09-11T16:15:00+05:30,29316.0,29318.25,29305.5,29309.25,881
2026-09-11T16:30:00+05:30,29310.5,29315.0,29289.5,29293.5,1441
2026-09-11T16:45:00+05:30,29294.25,29324.75,29290.25,29312.75,1380
2026-09-11T17:00:00+05:30,29313.0,29332.25,29296.75,29330.25,1730
2026-09-11T17:15:00+05:30,29330.25,29337.5,29319.5,29323.25,1173
2026-09-11T17:30:00+05:30,29324.25,29336.75,29304.0,29323.75,2452
2026-09-11T17:45:00+05:30,29324.25,29399.0,29318.5,29389.75,4349
2026-09-11T18:00:00+05:30,29385.0,29399.5,29204.0,29356.5,17667
2026-09-11T18:15:00+05:30,29357.25,29475.75,29343.0,29469.5,10555
2026-09-11T18:30:00+05:30,29468.75,29500.25,29434.75,29443.5,10344
2026-09-11T18:45:00+05:30,29442.75,29452.25,29414.75,29418.0,7549
2026-09-11T19:00:00+05:30,29417.5,29440.0,29347.25,29433.75,48890
2026-09-11T19:15:00+05:30,29434.0,29480.75,29379.25,29472.75,29635
2026-09-11T19:30:00+05:30,29473.0,29473.25,29365.0,29397.75,31157
2026-09-11T19:45:00+05:30,29397.0,29467.5,29373.25,29451.0,16956
2026-09-11T20:00:00+05:30,29451.25,29455.25,29353.25,29372.0,20973
2026-09-11T20:15:00+05:30,29372.75,29401.0,29334.0,29369.75,22671
2026-09-11T20:30:00+05:30,29370.75,29432.5,29361.0,29393.5,14694
2026-09-11T20:45:00+05:30,29393.75,29493.25,29393.75,29485.0,15065
2026-09-11T21:00:00+05:30,29485.25,29499.75,29462.75,29478.0,11334
2026-09-11T21:15:00+05:30,29478.25,29478.75,29441.25,29450.0,9569
2026-09-11T21:30:00+05:30,29450.25,29485.25,29445.0,29448.0,7908
2026-09-11T21:45:00+05:30,29447.75,29452.25,29397.75,29402.75,10823
2026-09-11T22:00:00+05:30,29402.0,29441.5,29392.0,29432.0,11400
2026-09-11T22:15:00+05:30,29431.25,29437.75,29413.25,29436.75,5273
2026-09-11T22:30:00+05:30,29437.0,29464.75,29435.75,29437.5,8320
2026-09-11T22:45:00+05:30,29438.25,29479.0,29438.0,29463.5,6532
2026-09-11T23:00:00+05:30,29463.25,29478.0,29457.5,29462.25,5568
2026-09-11T23:15:00+05:30,29462.5,29468.5,29447.75,29452.5,3829
2026-09-11T23:30:00+05:30,29452.25,29460.5,29437.5,29441.0,4360
2026-09-11T23:45:00+05:30,29441.5,29446.75,29417.0,29441.5,9306
2026-09-12T00:00:00+05:30,29442.0,29459.0,29432.0,29437.75,5259
2026-09-12T00:15:00+05:30,29438.0,29444.75,29425.75,29429.5,5765
2026-09-12T00:30:00+05:30,29429.5,29433.25,29405.25,29416.0,6749
2026-09-12T00:45:00+05:30,29415.0,29427.5,29411.5,29415.0,6331
2026-09-12T01:00:00+05:30,29414.25,29427.0,29411.5,29424.0,5826
2026-09-12T01:15:00+05:30,29423.75,29428.5,29378.75,29386.75,24271
2026-09-12T01:30:00+05:30,29386.25,29393.0,29376.25,29381.25,6875
2026-09-12T01:45:00+05:30,29381.5,29387.25,29376.5,29384.5,994
2026-09-12T02:00:00+05:30,29384.75,29396.5,29384.25,29389.25,1438
2026-09-12T02:15:00+05:30,29389.25,29397.5,29383.25,29391.75,1101
2026-09-14T03:30:00+05:30,28997.75,29111.0,28981.0,29025.5,6283
2026-09-14T03:45:00+05:30,29023.5,29086.0,29013.0,29083.75,3189
2026-09-14T04:00:00+05:30,29081.0,29104.0,29073.0,29075.5,2300
2026-09-14T04:15:00+05:30,29075.75,29086.25,29065.5,29068.5,1154
2026-09-14T04:30:00+05:30,29069.0,29076.0,29055.5,29063.0,890
2026-09-14T04:45:00+05:30,29062.75,29099.5,29060.75,29096.75,891
2026-09-14T05:00:00+05:30,29096.0,29101.5,29031.0,29038.75,1553
2026-09-14T05:15:00+05:30,29038.5,29038.5,29010.0,29017.5,1487
2026-09-14T05:30:00+05:30,29016.25,29075.25,29016.25,29056.25,2545
2026-09-14T05:45:00+05:30,29056.75,29064.5,29005.0,29015.0,2868
2026-09-14T06:00:00+05:30,29013.5,29037.0,29008.75,29036.25,1183
2026-09-14T06:15:00+05:30,29036.5,29046.5,29013.75,29014.5,1380
2026-09-14T06:30:00+05:30,29015.0,29038.75,29000.25,29012.0,1600
2026-09-14T06:45:00+05:30,29011.0,29021.0,28999.25,29017.75,1093
2026-09-14T07:00:00+05:30,29018.0,29037.75,29003.25,29025.75,1220
2026-09-14T07:15:00+05:30,29027.0,29074.75,29027.0,29068.25,1575
2026-09-14T07:30:00+05:30,29068.0,29080.75,29054.0,29071.5,1405
2026-09-14T07:45:00+05:30,29070.75,29075.0,29059.5,29066.0,590
2026-09-14T08:00:00+05:30,29062.75,29074.5,29040.75,29050.0,1161
2026-09-14T08:15:00+05:30,29047.25,29070.0,29047.0,29053.5,749
2026-09-14T08:30:00+05:30,29052.75,29059.25,29028.0,29031.0,1355
2026-09-14T08:45:00+05:30,29029.75,29038.0,29008.25,29026.5,1536
2026-09-14T09:00:00+05:30,29026.5,29027.0,29010.0,29015.5,705
2026-09-14T09:15:00+05:30,29016.0,29025.5,29009.75,29016.5,529
2026-09-14T09:30:00+05:30,29016.75,29036.25,29010.0,29011.5,963
2026-09-14T09:45:00+05:30,29010.75,29022.75,29002.25,29018.0,742
2026-09-14T10:00:00+05:30,29018.0,29023.75,29001.5,29008.5,832
2026-09-14T10:15:00+05:30,29009.75,29033.75,29009.75,29015.0,739
2026-09-14T10:30:00+05:30,29015.0,29025.0,29008.5,29016.5,423
2026-09-14T10:45:00+05:30,29018.25,29019.5,29000.0,29010.5,508
2026-09-14T11:00:00+05:30,29011.5,29019.5,28986.5,28996.5,1103
2026-09-14T11:15:00+05:30,28997.75,29016.0,28989.0,29013.25,759
2026-09-14T11:30:00+05:30,29014.5,29037.5,29009.0,29028.75,1146
2026-09-14T11:45:00+05:30,29027.5,29035.0,29013.5,29032.0,848
2026-09-14T12:00:00+05:30,29031.0,29033.75,28997.75,29009.25,1035
2026-09-14T12:15:00+05:30,29011.5,29017.0,28973.5,28976.5,1283
2026-09-14T12:30:00+05:30,28977.5,28982.5,28937.5,28974.0,2265
2026-09-14T12:45:00+05:30,28973.75,28991.5,28948.5,28951.0,1109
2026-09-14T13:00:00+05:30,28950.0,28959.5,28925.0,28930.75,1038
2026-09-14T13:15:00+05:30,28929.75,28940.5,28905.0,28917.25,1639
2026-09-14T13:30:00+05:30,28920.0,28949.0,28906.25,28933.25,1832
2026-09-14T13:45:00+05:30,28934.75,28934.75,28874.75,28876.5,1575
2026-09-14T14:00:00+05:30,28874.75,28916.5,28872.5,28895.5,1495
2026-09-14T14:15:00+05:30,28895.25,28902.75,28850.0,28877.25,2032
2026-09-14T14:30:00+05:30,28877.5,28891.5,28836.0,28847.5,1607
2026-09-14T14:45:00+05:30,28848.25,28860.5,28816.25,28852.0,2246
2026-09-14T15:00:00+05:30,28851.5,28870.0,28844.0,28849.75,1651
2026-09-14T15:15:00+05:30,28850.0,28862.75,28839.0,28855.75,730
2026-09-14T15:30:00+05:30,28856.0,28883.0,28855.0,28875.0,859
2026-09-14T15:45:00+05:30,28874.75,28910.0,28861.5,28907.75,1171
2026-09-14T16:00:00+05:30,28908.5,28940.5,28902.5,28934.0,1226
2026-09-14T16:15:00+05:30,28934.0,28941.0,28916.75,28926.0,851
2026-09-14T16:30:00+05:30,28926.75,28947.75,28913.5,28937.25,1190
2026-09-14T16:45:00+05:30,28936.25,28977.5,28935.75,28972.0,1490
2026-09-14T17:00:00+05:30,28972.75,28972.75,28931.0,28948.0,1397
2026-09-14T17:15:00+05:30,28948.75,28960.75,28921.0,28928.75,1201
2026-09-14T17:30:00+05:30,28928.5,28928.5,28891.25,28912.0,2581
2026-09-14T17:45:00+05:30,28911.75,28945.5,28906.75,28918.0,2447
2026-09-14T18:00:00+05:30,28917.75,28931.0,28845.0,28900.75,5302
2026-09-14T18:15:00+05:30,28900.25,28905.0,28857.25,28879.25,2786
2026-09-14T18:30:00+05:30,28880.0,28881.25,28829.0,28876.5,4745
2026-09-14T18:45:00+05:30,28878.0,28924.25,28877.5,28905.25,4801
2026-09-14T19:00:00+05:30,28906.5,28953.5,28878.75,28951.5,20179
2026-09-14T19:15:00+05:30,28952.0,29045.75,28951.0,29003.25,16573
2026-09-14T19:30:00+05:30,29003.5,29089.0,29001.0,29073.25,11870
2026-09-14T19:45:00+05:30,29073.75,29081.0,28976.0,29007.0,11127
2026-09-14T20:00:00+05:30,29006.25,29020.25,28955.75,28991.5,10813
2026-09-14T20:15:00+05:30,28991.25,29020.5,28970.0,29012.0,9353
2026-09-14T20:30:00+05:30,29011.25,29080.5,28986.25,29023.25,9525
2026-09-14T20:45:00+05:30,29022.25,29090.0,29018.0,29078.0,7250
2026-09-14T21:00:00+05:30,29077.0,29208.5,29072.0,29200.75,18323
2026-09-14T21:15:00+05:30,29201.0,29202.5,29163.75,29175.0,7080
2026-09-14T21:30:00+05:30,29173.5,29179.0,29134.25,29161.5,6133
2026-09-14T21:45:00+05:30,29162.5,29229.75,29162.5,29192.5,7374
2026-09-14T22:00:00+05:30,29193.0,29220.25,29184.0,29220.25,4154
2026-09-14T22:15:00+05:30,29219.25,29277.25,29205.25,29259.25,8377
2026-09-14T22:30:00+05:30,29259.0,29275.5,29239.5,29254.5,4052
2026-09-14T22:45:00+05:30,29255.25,29279.0,29233.0,29279.0,3573
2026-09-14T23:00:00+05:30,29279.0,29285.0,29267.75,29280.0,3769
2026-09-14T23:15:00+05:30,29279.5,29303.0,29279.5,29280.75,5010
2026-09-14T23:30:00+05:30,29281.75,29301.25,29267.25,29282.75,4926
2026-09-14T23:45:00+05:30,29283.0,29290.0,29255.5,29262.0,3587
2026-09-15T00:00:00+05:30,29261.5,29282.25,29257.75,29270.25,3232
2026-09-15T00:15:00+05:30,29270.5,29274.25,29253.25,29258.0,2834
2026-09-15T00:30:00+05:30,29257.5,29259.25,29227.25,29233.5,4626
2026-09-15T00:45:00+05:30,29233.0,29233.25,29217.0,29224.25,3133
2026-09-15T01:00:00+05:30,29224.25,29230.75,29210.5,29215.75,3049
2026-09-15T01:15:00+05:30,29216.0,29231.5,29147.0,29151.25,14582
2026-09-15T01:30:00+05:30,29151.75,29167.25,29150.25,29163.0,3918
2026-09-15T01:45:00+05:30,29163.5,29183.25,29149.0,29180.0,1123
2026-09-15T02:00:00+05:30,29180.25,29186.0,29174.25,29182.75,854
2026-09-15T02:15:00+05:30,29182.0,29199.75,29181.25,29193.75,991
2026-09-15T03:30:00+05:30,29488.5,29490.25,29457.5,29462.25,1027
2026-09-15T03:45:00+05:30,29463.5,29467.75,29449.25,29457.0,746
2026-09-15T04:00:00+05:30,29457.75,29465.0,29454.5,29455.75,589
2026-09-15T04:15:00+05:30,29456.75,29474.25,29456.0,29458.5,694
2026-09-15T04:30:00+05:30,29459.5,29467.25,29449.75,29461.25,692
2026-09-15T04:45:00+05:30,29462.25,29463.25,29450.5,29455.75,437
2026-09-15T05:00:00+05:30,29454.75,29463.25,29453.0,29458.5,353
2026-09-15T05:15:00+05:30,29458.5,29461.25,29442.75,29457.25,935
2026-09-15T05:30:00+05:30,29457.25,29470.0,29426.75,29457.75,2351
2026-09-15T05:45:00+05:30,29457.0,29466.25,29433.75,29455.25,1671
2026-09-15T06:00:00+05:30,29453.5,29490.75,29452.75,29485.75,1328
2026-09-15T06:15:00+05:30,29484.75,29489.5,29463.0,29467.75,1255
2026-09-15T06:30:00+05:30,29467.5,29492.75,29459.5,29487.5,1391
2026-09-15T06:45:00+05:30,29487.5,29495.25,29470.5,29474.5,882
2026-09-15T07:00:00+05:30,29473.75,29477.5,29428.0,29438.5,2102
2026-09-15T07:15:00+05:30,29439.75,29470.0,29430.25,29463.5,1785
2026-09-15T07:30:00+05:30,29463.75,29475.25,29453.75,29460.75,1048
2026-09-15T07:45:00+05:30,29461.5,29468.25,29452.0,29463.25,675
2026-09-15T08:00:00+05:30,29464.0,29469.75,29452.0,29461.25,760
2026-09-15T08:15:00+05:30,29459.0,29468.75,29455.0,29460.5,776
2026-09-15T08:30:00+05:30,29460.0,29467.75,29444.5,29451.25,890
2026-09-15T08:45:00+05:30,29450.75,29454.75,29440.25,29447.5,508
2026-09-15T09:00:00+05:30,29444.0,29452.0,29440.5,29449.0,467
2026-09-15T09:15:00+05:30,29449.5,29454.75,29415.0,29416.25,1086
2026-09-15T09:30:00+05:30,29415.5,29433.0,29409.0,29414.5,901
2026-09-15T09:45:00+05:30,29415.25,29418.0,29376.75,29385.5,1729
2026-09-15T10:00:00+05:30,29386.5,29393.5,29363.5,29387.5,1204
2026-09-15T10:15:00+05:30,29387.5,29398.75,29352.0,29353.25,1452
2026-09-15T10:30:00+05:30,29352.25,29362.75,29318.0,29325.0,2112
2026-09-15T10:45:00+05:30,29325.75,29344.25,29308.5,29340.75,1591
2026-09-15T11:00:00+05:30,29340.0,29379.0,29329.25,29376.25,1660
2026-09-15T11:15:00+05:30,29377.0,29404.5,29369.25,29379.25,1693
2026-09-15T11:30:00+05:30,29378.25,29395.25,29366.75,29386.5,1675
2026-09-15T11:45:00+05:30,29384.25,29395.25,29370.5,29372.25,925
2026-09-15T12:00:00+05:30,29372.0,29373.75,29345.5,29348.25,1291
2026-09-15T12:15:00+05:30,29346.75,29361.0,29339.0,29352.25,927
2026-09-15T12:30:00+05:30,29354.5,29376.0,29323.25,29327.5,2513
2026-09-15T12:45:00+05:30,29325.75,29382.5,29325.75,29354.5,1652
2026-09-15T13:00:00+05:30,29354.5,29364.25,29312.25,29316.25,1617
2026-09-15T13:15:00+05:30,29316.25,29339.0,29298.75,29316.0,2706
2026-09-15T13:30:00+05:30,29317.75,29317.75,29231.0,29276.5,3365
2026-09-15T13:45:00+05:30,29277.5,29310.0,29275.5,29290.5,2595
2026-09-15T14:00:00+05:30,29289.25,29295.0,29269.5,29271.75,1673
2026-09-15T14:15:00+05:30,29271.0,29286.75,29264.25,29271.5,944
2026-09-15T14:30:00+05:30,29272.25,29285.0,29250.0,29260.25,1754
2026-09-15T14:45:00+05:30,29260.5,29274.75,29236.5,29269.0,1790
2026-09-15T15:00:00+05:30,29270.5,29300.0,29258.5,29295.75,1475
2026-09-15T15:15:00+05:30,29295.5,29346.25,29295.5,29339.0,1761
2026-09-15T15:30:00+05:30,29340.5,29366.75,29331.0,29348.5,1659
2026-09-15T15:45:00+05:30,29347.5,29362.5,29334.5,29361.75,1170
2026-09-15T16:00:00+05:30,29362.0,29375.75,29354.5,29367.75,1325
2026-09-15T16:15:00+05:30,29367.0,29396.0,29361.5,29393.5,1751
2026-09-15T16:30:00+05:30,29393.25,29425.0,29392.0,29415.75,2530
2026-09-15T16:45:00+05:30,29416.25,29427.25,29400.5,29405.25,1409
2026-09-15T17:00:00+05:30,29405.25,29413.0,29388.75,29406.0,1685
2026-09-15T17:15:00+05:30,29406.25,29422.25,29402.5,29416.5,1413
2026-09-15T17:30:00+05:30,29416.25,29439.75,29404.5,29434.5,2290
2026-09-15T17:45:00+05:30,29434.25,29441.0,29398.0,29423.0,2371
2026-09-15T18:00:00+05:30,29421.0,29432.5,29401.5,29420.75,2611
2026-09-15T18:15:00+05:30,29419.75,29484.5,29416.0,29435.75,7124
2026-09-15T18:30:00+05:30,29433.75,29447.0,29424.75,29429.75,3389
2026-09-15T18:45:00+05:30,29429.0,29439.25,29409.5,29421.0,4449
2026-09-15T19:00:00+05:30,29420.75,29441.25,29372.5,29435.75,29391
2026-09-15T19:15:00+05:30,29435.75,29453.5,29406.25,29429.25,14629
2026-09-15T19:30:00+05:30,29429.5,29432.0,29338.75,29342.75,16239
2026-09-15T19:45:00+05:30,29342.75,29365.0,29302.0,29326.25,17635
2026-09-15T20:00:00+05:30,29326.75,29334.25,29273.25,29287.5,15979
2026-09-15T20:15:00+05:30,29287.75,29302.0,29215.75,29239.75,20157
2026-09-15T20:30:00+05:30,29240.0,29290.25,29239.25,29273.0,14437
2026-09-15T20:45:00+05:30,29273.0,29297.25,29266.5,29291.75,9558
2026-09-15T21:00:00+05:30,29291.75,29297.25,29260.5,29287.5,9528
2026-09-15T21:15:00+05:30,29288.0,29311.5,29262.0,29277.75,10317
2026-09-15T21:30:00+05:30,29277.75,29289.75,29241.5,29244.5,6250
2026-09-15T21:45:00+05:30,29243.75,29301.75,29240.0,29285.0,8983
2026-09-15T22:00:00+05:30,29284.5,29294.0,29266.75,29277.5,6138
2026-09-15T22:15:00+05:30,29277.0,29302.5,29265.25,29279.5,6787
2026-09-15T22:30:00+05:30,29280.25,29284.0,29244.25,29253.75,7664
2026-09-15T22:45:00+05:30,29253.75,29266.75,29241.25,29253.75,4508
2026-09-15T23:00:00+05:30,29254.0,29268.25,29242.0,29255.25,5798
2026-09-15T23:15:00+05:30,29255.25,29271.5,29245.75,29263.75,4277
2026-09-15T23:30:00+05:30,29263.5,29287.75,29255.0,29280.25,5438
2026-09-15T23:45:00+05:30,29280.75,29283.0,29262.5,29281.0,4796
2026-09-16T00:00:00+05:30,29280.75,29280.75,29247.0,29250.75,5772
2026-09-16T00:15:00+05:30,29251.5,29254.0,29229.75,29252.5,5826
2026-09-16T00:30:00+05:30,29252.75,29258.75,29238.75,29241.0,4537
2026-09-16T00:45:00+05:30,29241.0,29244.0,29231.5,29238.25,4153
2026-09-16T01:00:00+05:30,29238.75,29241.25,29214.0,29227.0,6796
2026-09-16T01:15:00+05:30,29227.0,29254.25,29207.5,29252.5,22306
2026-09-16T01:30:00+05:30,29252.0,29291.0,29250.25,29287.0,8238
2026-09-16T01:45:00+05:30,29286.75,29287.5,29269.0,29270.5,2121
2026-09-16T02:00:00+05:30,29270.5,29283.0,29267.25,29278.75,1137
2026-09-16T02:15:00+05:30,29278.75,29287.0,29276.75,29277.0,798
2026-09-16T03:30:00+05:30,29263.75,29278.5,29251.25,29261.5,1222
2026-09-16T03:45:00+05:30,29261.25,29275.0,29260.0,29269.25,596
2026-09-16T04:00:00+05:30,29268.25,29286.25,29266.75,29282.75,525
2026-09-16T04:15:00+05:30,29282.25,29289.25,29280.0,29282.5,317
2026-09-16T04:30:00+05:30,29282.0,29284.5,29276.0,29278.75,493
2026-09-16T04:45:00+05:30,29278.0,29279.5,29265.75,29267.0,449
2026-09-16T05:00:00+05:30,29267.25,29286.75,29263.25,29282.25,716
2026-09-16T05:15:00+05:30,29283.0,29287.75,29274.0,29278.5,597
2026-09-16T05:30:00+05:30,29277.5,29286.0,29257.75,29278.25,1804
2026-09-16T05:45:00+05:30,29279.0,29283.5,29267.0,29274.5,935
2026-09-16T06:00:00+05:30,29275.5,29285.25,29264.75,29272.25,736
2026-09-16T06:15:00+05:30,29272.5,29285.25,29267.5,29272.5,797
2026-09-16T06:30:00+05:30,29272.25,29283.5,29240.5,29282.5,2573
2026-09-16T06:45:00+05:30,29283.0,29288.75,29269.75,29277.0,1432
2026-09-16T07:00:00+05:30,29276.75,29278.75,29244.75,29256.5,1402
2026-09-16T07:15:00+05:30,29256.5,29267.0,29226.0,29230.0,1670
2026-09-16T07:30:00+05:30,29228.75,29260.5,29228.0,29233.0,1674
2026-09-16T07:45:00+05:30,29234.5,29278.5,29233.75,29274.5,1169
2026-09-16T08:00:00+05:30,29274.75,29284.0,29254.75,29260.5,1431
2026-09-16T08:15:00+05:30,29261.0,29283.5,29259.5,29282.75,728
2026-09-16T08:30:00+05:30,29282.75,29321.25,29280.75,29320.0,1907
2026-09-16T08:45:00+05:30,29320.25,29358.5,29317.5,29320.5,2493
2026-09-16T09:00:00+05:30,29320.0,29324.5,29299.75,29321.75,1735
2026-09-16T09:15:00+05:30,29321.75,29338.75,29321.75,29329.75,1197
2026-09-16T09:30:00+05:30,29331.0,29342.25,29328.5,29332.0,911
2026-09-16T09:45:00+05:30,29331.75,29340.5,29319.0,29323.25,825
2026-09-16T10:00:00+05:30,29321.25,29322.75,29298.75,29304.25,868
2026-09-16T10:15:00+05:30,29305.25,29320.0,29303.5,29303.75,752
2026-09-16T10:30:00+05:30,29303.25,29317.0,29285.5,29312.25,1331
2026-09-16T10:45:00+05:30,29312.75,29325.75,29309.25,29322.5,980
2026-09-16T11:00:00+05:30,29321.0,29345.75,29314.75,29343.25,1465
2026-09-16T11:15:00+05:30,29343.5,29348.25,29320.5,29334.25,1255
2026-09-16T11:30:00+05:30,29334.0,29372.5,29328.75,29360.75,2703
2026-09-16T11:45:00+05:30,29360.0,29365.25,29328.75,29341.25,1518
2026-09-16T12:00:00+05:30,29341.5,29349.0,29330.75,29344.5,1176
2026-09-16T12:15:00+05:30,29344.5,29369.0,29332.75,29365.75,1161
2026-09-16T12:30:00+05:30,29365.5,29395.5,29359.0,29384.75,2726
2026-09-16T12:45:00+05:30,29384.5,29392.25,29367.25,29386.75,1343
2026-09-16T13:00:00+05:30,29386.75,29398.0,29366.75,29370.25,1163
2026-09-16T13:15:00+05:30,29371.75,29376.75,29359.5,29369.25,1128
2026-09-16T13:30:00+05:30,29369.0,29376.5,29327.5,29346.25,2276
2026-09-16T13:45:00+05:30,29345.25,29374.5,29331.25,29348.25,2918
2026-09-16T14:00:00+05:30,29347.75,29365.0,29326.0,29347.5,1769
2026-09-16T14:15:00+05:30,29347.75,29375.0,29340.75,29372.5,1000
2026-09-16T14:30:00+05:30,29372.5,29382.5,29355.5,29356.5,1267
2026-09-16T14:45:00+05:30,29357.25,29372.0,29336.75,29356.5,1489
2026-09-16T15:00:00+05:30,29356.5,29389.75,29352.25,29382.75,1203
2026-09-16T15:15:00+05:30,29382.0,29392.0,29367.0,29380.5,795
2026-09-16T15:30:00+05:30,29380.25,29386.75,29356.0,29369.5,1817
2026-09-16T15:45:00+05:30,29369.75,29377.0,29362.25,29374.75,785
2026-09-16T16:00:00+05:30,29373.5,29384.25,29369.5,29382.75,977
2026-09-16T16:15:00+05:30,29381.75,29400.5,29368.5,29397.5,947
2026-09-16T16:30:00+05:30,29398.0,29419.25,29372.5,29372.5,3153
2026-09-16T16:45:00+05:30,29373.0,29388.5,29363.5,29380.25,1387
2026-09-16T17:00:00+05:30,29380.25,29417.75,29378.25,29409.25,2388
2026-09-16T17:15:00+05:30,29410.0,29417.0,29403.0,29417.0,1214
2026-09-16T17:30:00+05:30,29415.5,29439.0,29412.0,29423.25,3061
2026-09-16T17:45:00+05:30,29422.75,29436.5,29420.5,29433.5,2814
2026-09-16T18:00:00+05:30,29432.5,29432.75,29368.0,29369.0,4182
2026-09-16T18:15:00+05:30,29368.0,29406.0,29364.0,29403.0,3554
2026-09-16T18:30:00+05:30,29401.25,29412.5,29363.75,29403.0,4092
2026-09-16T18:45:00+05:30,29403.0,29415.5,29384.75,29386.25,5844
2026-09-16T19:00:00+05:30,29386.75,29421.75,29373.25,29404.5,27234
2026-09-16T19:15:00+05:30,29404.25,29481.5,29401.5,29478.75,19861
2026-09-16T19:30:00+05:30,29479.25,29484.25,29418.0,29450.0,17751
2026-09-16T19:45:00+05:30,29449.75,29477.0,29444.5,29452.25,11793
2026-09-16T20:00:00+05:30,29452.0,29466.75,29425.75,29466.75,10576
2026-09-16T20:15:00+05:30,29466.5,29501.0,29450.25,29499.5,10213
2026-09-16T20:30:00+05:30,29499.25,29535.75,29485.0,29524.0,17400
2026-09-16T20:45:00+05:30,29523.75,29526.0,29494.75,29506.25,8189
2026-09-16T21:00:00+05:30,29506.5,29510.5,29482.25,29496.0,9055
2026-09-16T21:15:00+05:30,29496.0,29549.75,29489.0,29499.25,12883
2026-09-16T21:30:00+05:30,29499.5,29502.5,29470.5,29484.5,6113
2026-09-16T21:45:00+05:30,29484.5,29495.75,29467.5,29485.0,5093
2026-09-16T22:00:00+05:30,29484.75,29487.75,29464.25,29470.0,3698
2026-09-16T22:15:00+05:30,29470.25,29492.25,29466.25,29468.5,4409
2026-09-16T22:30:00+05:30,29469.0,29469.5,29439.75,29460.5,5025
2026-09-16T22:45:00+05:30,29460.0,29465.0,29443.75,29456.0,3540
2026-09-16T23:00:00+05:30,29457.0,29463.0,29419.25,29423.0,4824
2026-09-16T23:15:00+05:30,29422.75,29478.5,29422.75,29475.0,6283
2026-09-16T23:30:00+05:30,29478.75,29539.0,29412.25,29465.5,25842
2026-09-16T23:45:00+05:30,29464.75,29482.75,29406.5,29454.75,13209
2026-09-17T00:00:00+05:30,29455.5,29494.75,29301.0,29438.75,34193
2026-09-17T00:15:00+05:30,29439.0,29472.25,29221.5,29231.75,34590
2026-09-17T00:30:00+05:30,29231.0,29303.75,29108.0,29130.0,36832
2026-09-17T00:45:00+05:30,29129.75,29164.25,29053.0,29132.0,29916
2026-09-17T01:00:00+05:30,29132.0,29208.75,29122.5,29174.0,23938
2026-09-17T01:15:00+05:30,29174.25,29268.75,29173.25,29254.0,29884
2026-09-17T01:30:00+05:30,29254.25,29283.25,29248.0,29265.75,9581
2026-09-17T01:45:00+05:30,29265.5,29270.25,29231.0,29244.5,2698
2026-09-17T02:00:00+05:30,29243.75,29267.5,29238.0,29259.75,1274
2026-09-17T02:15:00+05:30,29260.25,29272.75,29252.0,29263.75,1130
2026-09-17T03:30:00+05:30,29271.0,29288.5,29247.75,29281.25,1768
2026-09-17T03:45:00+05:30,29284.75,29329.5,29280.0,29322.5,1390
2026-09-17T04:00:00+05:30,29323.75,29369.25,29321.25,29357.25,1849
2026-09-17T04:15:00+05:30,29357.0,29362.5,29342.0,29350.0,1321
2026-09-17T04:30:00+05:30,29350.75,29375.0,29349.25,29368.25,1205
2026-09-17T04:45:00+05:30,29370.0,29416.75,29369.75,29395.5,2320
2026-09-17T05:00:00+05:30,29396.0,29444.25,29395.5,29436.5,2834
2026-09-17T05:15:00+05:30,29435.25,29457.0,29433.5,29450.5,2674
2026-09-17T05:30:00+05:30,29451.5,29464.75,29412.75,29413.75,3424
2026-09-17T05:45:00+05:30,29414.0,29448.75,29409.5,29433.75,2514
2026-09-17T06:00:00+05:30,29433.75,29478.0,29432.0,29458.5,2276
2026-09-17T06:15:00+05:30,29458.75,29467.0,29428.75,29450.25,2175
2026-09-17T06:30:00+05:30,29451.5,29474.25,29434.0,29450.5,2152
2026-09-17T06:45:00+05:30,29451.0,29454.25,29439.25,29446.5,1137
2026-09-17T07:00:00+05:30,29447.0,29469.25,29427.75,29442.25,1980
2026-09-17T07:15:00+05:30,29441.5,29447.0,29406.25,29418.5,2016
2026-09-17T07:30:00+05:30,29419.0,29439.0,29406.25,29412.0,1882
2026-09-17T07:45:00+05:30,29413.25,29428.75,29409.5,29418.25,1081
2026-09-17T08:00:00+05:30,29418.25,29454.25,29416.75,29447.75,1219
2026-09-17T08:15:00+05:30,29448.5,29449.25,29418.0,29421.75,1335
2026-09-17T08:30:00+05:30,29423.0,29444.0,29419.0,29443.25,693
2026-09-17T08:45:00+05:30,29442.0,29449.0,29428.25,29446.5,537
2026-09-17T09:00:00+05:30,29446.0,29462.5,29440.25,29461.0,726
2026-09-17T09:15:00+05:30,29461.0,29466.5,29441.75,29459.75,849
2026-09-17T09:30:00+05:30,29460.5,29469.75,29453.25,29459.5,824
2026-09-17T09:45:00+05:30,29458.5,29461.25,29440.75,29451.25,686
2026-09-17T10:00:00+05:30,29450.5,29467.5,29438.75,29461.25,822
2026-09-17T10:15:00+05:30,29462.75,29471.5,29442.75,29450.5,665
2026-09-17T10:30:00+05:30,29450.75,29453.75,29433.5,29435.0,667
2026-09-17T10:45:00+05:30,29433.25,29441.25,29420.75,29429.75,1043
2026-09-17T11:00:00+05:30,29430.5,29432.0,29390.75,29391.75,1806
2026-09-17T11:15:00+05:30,29392.75,29405.0,29371.0,29373.75,1541
2026-09-17T11:30:00+05:30,29372.5,29413.75,29368.75,29392.0,1990
2026-09-17T11:45:00+05:30,29393.0,29444.5,29376.5,29443.75,1698
2026-09-17T12:00:00+05:30,29443.75,29469.5,29440.75,29463.25,2196
2026-09-17T12:15:00+05:30,29461.75,29473.5,29456.5,29469.5,1645
2026-09-17T12:30:00+05:30,29469.5,29523.75,29462.25,29510.0,3921
2026-09-17T12:45:00+05:30,29510.0,29550.0,29506.25,29548.75,2906
2026-09-17T13:00:00+05:30,29549.5,29567.5,29537.0,29547.5,2041
2026-09-17T13:15:00+05:30,29546.25,29547.5,29509.75,29517.75,1783
2026-09-17T13:30:00+05:30,29517.75,29533.25,29490.25,29496.75,2448
2026-09-17T13:45:00+05:30,29496.0,29520.5,29485.0,29516.25,1656
2026-09-17T14:00:00+05:30,29516.25,29537.75,29505.75,29530.5,1338
2026-09-17T14:15:00+05:30,29530.0,29561.25,29527.5,29555.5,1716
2026-09-17T14:30:00+05:30,29556.0,29592.75,29555.25,29571.5,2213
2026-09-17T14:45:00+05:30,29571.0,29575.25,29553.5,29555.75,1165
2026-09-17T15:00:00+05:30,29556.5,29573.25,29553.5,29567.0,860
2026-09-17T15:15:00+05:30,29567.0,29580.0,29545.5,29558.5,1480
2026-09-17T15:30:00+05:30,29558.5,29581.5,29557.75,29571.25,927
2026-09-17T15:45:00+05:30,29571.25,29589.25,29562.0,29578.25,1144
2026-09-17T16:00:00+05:30,29579.25,29590.75,29561.75,29566.0,1462
2026-09-17T16:15:00+05:30,29564.5,29589.0,29562.0,29586.75,830
2026-09-17T16:30:00+05:30,29586.75,29614.0,29575.5,29589.0,2518
2026-09-17T16:45:00+05:30,29589.5,29592.0,29565.0,29577.75,1271
2026-09-17T17:00:00+05:30,29577.5,29582.0,29560.0,29561.25,998
2026-09-17T17:15:00+05:30,29559.75,29624.0,29555.5,29620.0,3385
2026-09-17T17:30:00+05:30,29621.0,29680.75,29595.5,29666.25,7083
2026-09-17T17:45:00+05:30,29667.25,29727.75,29662.75,29725.25,5180
2026-09-17T18:00:00+05:30,29723.75,29753.25,29712.25,29721.75,8027
2026-09-17T18:15:00+05:30,29721.5,29732.5,29708.75,29724.0,3905
2026-09-17T18:30:00+05:30,29724.25,29750.0,29714.0,29730.75,5750
2026-09-17T18:45:00+05:30,29730.25,29743.0,29709.75,29718.25,6471
2026-09-17T19:00:00+05:30,29718.25,29737.25,29605.75,29641.0,40104
2026-09-17T19:15:00+05:30,29641.75,29694.75,29623.75,29689.0,25532
2026-09-17T19:30:00+05:30,29689.5,29718.0,29639.5,29710.75,21778
2026-09-17T19:45:00+05:30,29710.0,29742.0,29692.5,29712.5,17842
2026-09-17T20:00:00+05:30,29712.0,29748.0,29708.0,29716.0,15250
2026-09-17T20:15:00+05:30,29715.5,29718.5,29666.5,29680.0,16396
2026-09-17T20:30:00+05:30,29680.75,29691.0,29652.0,29682.5,12546
2026-09-17T20:45:00+05:30,29682.25,29714.0,29671.0,29706.5,9380
2026-09-17T21:00:00+05:30,29706.5,29741.0,29699.0,29735.25,9824
2026-09-17T21:15:00+05:30,29735.0,29745.75,29726.75,29743.5,9933
2026-09-17T21:30:00+05:30,29743.25,29746.25,29717.0,29740.25,8218
2026-09-17T21:45:00+05:30,29740.0,29753.25,29729.25,29747.5,6271
2026-09-17T22:00:00+05:30,29747.25,29750.5,29716.5,29746.75,8193
2026-09-17T22:15:00+05:30,29746.25,29749.5,29704.25,29741.5,11966
2026-09-17T22:30:00+05:30,29741.25,29762.5,29730.0,29732.25,10404
2026-09-17T22:45:00+05:30,29732.5,29743.5,29721.25,29726.0,6731
2026-09-17T23:00:00+05:30,29726.75,29738.75,29717.25,29737.5,5795
2026-09-17T23:15:00+05:30,29737.0,29747.25,29727.5,29742.5,5274
2026-09-17T23:30:00+05:30,29742.5,29747.5,29724.5,29729.75,5961
2026-09-17T23:45:00+05:30,29730.0,29740.0,29720.5,29726.25,6036
2026-09-18T00:00:00+05:30,29726.75,29734.25,29705.0,29717.0,7760
2026-09-18T00:15:00+05:30,29716.5,29728.5,29715.0,29722.0,5964
2026-09-18T00:30:00+05:30,29722.0,29751.0,29720.0,29740.0,8338
2026-09-18T00:45:00+05:30,29740.25,29746.5,29728.25,29732.0,5919
2026-09-18T01:00:00+05:30,29732.0,29770.0,29730.75,29763.25,9714
2026-09-18T01:15:00+05:30,29763.5,29793.25,29731.5,29744.5,31165
2026-09-18T01:30:00+05:30,29744.5,29748.25,29723.5,29724.75,9881
2026-09-18T01:45:00+05:30,29724.25,29728.25,29715.0,29715.0,2650
2026-09-18T02:00:00+05:30,29715.25,29722.25,29714.5,29715.5,1269
2026-09-18T02:15:00+05:30,29715.75,29725.75,29712.5,29720.5,1291
2026-09-18T03:30:00+05:30,29723.75,29728.5,29696.25,29704.25,1713
2026-09-18T03:45:00+05:30,29704.25,29705.25,29680.75,29683.25,1161
2026-09-18T04:00:00+05:30,29682.75,29687.25,29674.5,29681.25,1315
2026-09-18T04:15:00+05:30,29681.75,29689.0,29674.0,29687.5,886
2026-09-18T04:30:00+05:30,29686.75,29712.0,29686.75,29693.0,1777
2026-09-18T04:45:00+05:30,29693.0,29703.75,29686.0,29690.0,834
2026-09-18T05:00:00+05:30,29690.25,29705.0,29687.5,29698.5,569
2026-09-18T05:15:00+05:30,29697.5,29702.25,29690.0,29696.5,630
2026-09-18T05:30:00+05:30,29697.25,29708.0,29676.0,29698.25,2222
2026-09-18T05:45:00+05:30,29698.75,29701.5,29682.25,29686.75,1172
2026-09-18T06:00:00+05:30,29687.5,29697.25,29662.25,29680.75,1828
2026-09-18T06:15:00+05:30,29680.0,29683.0,29660.5,29666.5,1031
2026-09-18T06:30:00+05:30,29665.75,29682.25,29658.25,29662.0,1508
2026-09-18T06:45:00+05:30,29661.5,29664.5,29648.0,29657.5,1527
2026-09-18T07:00:00+05:30,29657.25,29677.5,29652.0,29664.5,1311
2026-09-18T07:15:00+05:30,29665.0,29683.0,29664.5,29678.0,1148
2026-09-18T07:30:00+05:30,29679.75,29684.0,29663.0,29673.75,910
2026-09-18T07:45:00+05:30,29674.5,29692.25,29671.5,29687.75,1063
2026-09-18T08:00:00+05:30,29688.0,29698.25,29683.75,29693.5,850
2026-09-18T08:15:00+05:30,29693.0,29704.0,29687.25,29692.75,1347
2026-09-18T08:30:00+05:30,29693.75,29738.0,29689.0,29737.0,3038
2026-09-18T08:45:00+05:30,29737.5,29738.5,29719.5,29733.5,1395
2026-09-18T09:00:00+05:30,29734.0,29748.25,29727.25,29747.75,1621
2026-09-18T09:15:00+05:30,29748.0,29764.75,29747.75,29755.0,1596
2026-09-18T09:30:00+05:30,29754.75,29768.75,29754.75,29768.25,1173
2026-09-18T09:45:00+05:30,29767.75,29773.5,29755.0,29772.25,1321
2026-09-18T10:00:00+05:30,29773.0,29801.0,29766.5,29795.0,2121
2026-09-18T10:15:00+05:30,29795.5,29812.75,29786.0,29810.5,1859
2026-09-18T10:30:00+05:30,29810.25,29814.75,29803.0,29810.75,1100
2026-09-18T10:45:00+05:30,29811.0,29827.25,29806.75,29814.5,1902
2026-09-18T11:00:00+05:30,29815.5,29854.0,29812.0,29854.0,2780
2026-09-18T11:15:00+05:30,29853.5,29859.25,29837.25,29846.0,2458
2026-09-18T11:30:00+05:30,29846.25,29885.5,29845.0,29882.75,2869
2026-09-18T11:45:00+05:30,29882.75,29897.25,29871.5,29885.0,2778
2026-09-18T12:00:00+05:30,29885.25,29919.0,29884.25,29905.5,3236
2026-09-18T12:15:00+05:30,29906.0,29921.5,29901.75,29916.0,1273
2026-09-18T12:30:00+05:30,29916.25,29938.5,29910.75,29921.5,2442
2026-09-18T12:45:00+05:30,29922.0,29964.25,29919.5,29960.25,2679
2026-09-18T13:00:00+05:30,29961.0,29966.75,29936.25,29940.25,2151
2026-09-18T13:15:00+05:30,29939.75,29951.75,29924.25,29929.5,2012
2026-09-18T13:30:00+05:30,29928.75,29944.0,29903.75,29913.25,3182
2026-09-18T13:45:00+05:30,29912.0,29931.5,29895.75,29897.5,2099
2026-09-18T14:00:00+05:30,29896.75,29917.5,29892.0,29912.25,1647
2026-09-18T14:15:00+05:30,29912.5,29919.75,29891.25,29892.75,1393
2026-09-18T14:30:00+05:30,29893.25,29895.5,29880.0,29884.0,1391
2026-09-18T14:45:00+05:30,29883.25,29899.0,29870.5,29873.0,1031
2026-09-18T15:00:00+05:30,29873.25,29874.0,29837.25,29837.25,2160
2026-09-18T15:15:00+05:30,29838.25,29857.5,29836.0,29839.0,1462
2026-09-18T15:30:00+05:30,29838.25,29859.75,29838.25,29858.25,1352
2026-09-18T15:45:00+05:30,29857.25,29878.25,29856.25,29877.75,1854
2026-09-18T16:00:00+05:30,29876.5,29903.25,29875.5,29892.25,2093
2026-09-18T16:15:00+05:30,29892.25,29892.5,29872.25,29877.25,1032
2026-09-18T16:30:00+05:30,29877.25,29898.75,29842.0,29856.25,3893
2026-09-18T16:45:00+05:30,29855.0,29856.25,29825.25,29829.75,2015
2026-09-18T17:00:00+05:30,29830.5,29858.75,29827.25,29831.0,1734
2026-09-18T17:15:00+05:30,29831.75,29847.0,29822.5,29838.75,1720
2026-09-18T17:30:00+05:30,29839.75,29853.5,29785.0,29787.75,4787
2026-09-18T17:45:00+05:30,29788.0,29798.25,29767.75,29775.0,3976
2026-09-18T18:00:00+05:30,29774.0,29796.25,29771.5,29790.0,3660
2026-09-18T18:15:00+05:30,29789.25,29795.5,29770.0,29776.5,2062
2026-09-18T18:30:00+05:30,29776.25,29790.75,29764.25,29786.25,3755
2026-09-18T18:45:00+05:30,29786.75,29819.5,29744.75,29814.25,13160
2026-09-18T19:00:00+05:30,29814.0,29844.75,29798.0,29816.75,34849
2026-09-18T19:15:00+05:30,29817.5,29838.25,29765.75,29776.75,21105
2026-09-18T19:30:00+05:30,29776.25,29783.75,29711.75,29719.25,27965
2026-09-18T19:45:00+05:30,29719.25,29747.75,29692.75,29728.75,20264
2026-09-18T20:00:00+05:30,29728.25,29752.25,29702.75,29714.25,15770
2026-09-18T20:15:00+05:30,29715.0,29767.25,29707.0,29758.25,15328
2026-09-18T20:30:00+05:30,29758.25,29772.5,29725.0,29729.5,12808
2026-09-18T20:45:00+05:30,29730.25,29754.5,29720.25,29749.25,9625
2026-09-18T21:00:00+05:30,29749.5,29755.5,29710.25,29723.5,12282
2026-09-18T21:15:00+05:30,29723.75,29730.5,29702.75,29708.25,8522
2026-09-18T21:30:00+05:30,29708.5,29724.25,29699.25,29709.0,7752
2026-09-18T21:45:00+05:30,29709.25,29722.75,29659.25,29699.75,14893
2026-09-18T22:00:00+05:30,29700.0,29722.5,29692.5,29716.0,10163
2026-09-18T22:15:00+05:30,29716.5,29735.0,29701.0,29727.5,7652
2026-09-18T22:30:00+05:30,29728.0,29743.25,29719.75,29741.25,7581
2026-09-18T22:45:00+05:30,29741.5,29751.5,29738.0,29741.75,6132
2026-09-18T23:00:00+05:30,29741.5,29762.5,29731.75,29762.0,6484
2026-09-18T23:15:00+05:30,29761.75,29768.0,29756.5,29763.25,5309
2026-09-18T23:30:00+05:30,29763.0,29768.75,29748.0,29753.75,5749
2026-09-18T23:45:00+05:30,29753.25,29788.0,29753.0,29780.75,8065
2026-09-19T00:00:00+05:30,29780.5,29792.5,29773.25,29790.75,5521
2026-09-19T00:15:00+05:30,29791.25,29849.5,29790.5,29832.0,13636
2026-09-19T00:30:00+05:30,29832.25,29852.25,29829.75,29835.0,8617
2026-09-19T00:45:00+05:30,29834.75,29846.0,29829.25,29831.25,6354
2026-09-19T01:00:00+05:30,29831.5,29853.25,29822.75,29852.25,8497
2026-09-19T01:15:00+05:30,29852.75,29937.75,29850.0,29916.5,39121
2026-09-19T01:30:00+05:30,29916.25,29993.25,29912.25,29970.0,16251
2026-09-19T01:45:00+05:30,29970.5,29975.25,29960.25,29967.25,3208
2026-09-19T02:00:00+05:30,29968.5,29975.75,29956.5,29974.75,2072
2026-09-19T02:15:00+05:30,29974.25,29986.5,29950.0,29955.0,2180
2026-09-21T03:30:00+05:30,29938.0,30004.5,29904.0,29996.5,4909
2026-09-21T03:45:00+05:30,29997.0,30007.75,29979.25,29990.25,2444
2026-09-21T04:00:00+05:30,29989.0,30026.75,29987.0,30007.5,2735
2026-09-21T04:15:00+05:30,30009.0,30034.0,29996.0,30025.25,1871
2026-09-21T04:30:00+05:30,30025.0,30029.25,30013.75,30019.75,913
2026-09-21T04:45:00+05:30,30020.5,30031.0,30011.25,30027.0,997
2026-09-21T05:00:00+05:30,30026.25,30040.25,30023.25,30036.0,1113
2026-09-21T05:15:00+05:30,30035.25,30039.75,30021.5,30029.5,1091
2026-09-21T05:30:00+05:30,30029.5,30065.25,30026.0,30043.25,2626
2026-09-21T05:45:00+05:30,30041.25,30079.25,30018.0,30067.0,2848
2026-09-21T06:00:00+05:30,30067.0,30091.75,30067.0,30074.75,1963
2026-09-21T06:15:00+05:30,30074.0,30097.25,30070.75,30095.5,1729
2026-09-21T06:30:00+05:30,30095.5,30130.5,30088.5,30115.25,3936
2026-09-21T06:45:00+05:30,30115.5,30128.0,30104.5,30111.0,1522
2026-09-21T07:00:00+05:30,30110.75,30120.75,30107.75,30113.75,1134
2026-09-21T07:15:00+05:30,30114.0,30114.0,30069.5,30071.0,2820
2026-09-21T07:30:00+05:30,30070.5,30084.75,30063.5,30079.75,1565
2026-09-21T07:45:00+05:30,30078.75,30089.5,30072.0,30088.75,1581
2026-09-21T08:00:00+05:30,30088.0,30088.0,30068.0,30082.75,1223
2026-09-21T08:15:00+05:30,30082.5,30105.0,30076.0,30080.0,1936
2026-09-21T08:30:00+05:30,30078.5,30100.75,30078.5,30093.5,1046
2026-09-21T08:45:00+05:30,30093.5,30104.75,30092.0,30093.75,661
2026-09-21T09:00:00+05:30,30092.75,30095.25,30082.25,30094.0,1081
2026-09-21T09:15:00+05:30,30094.5,30107.0,30086.0,30087.0,1010
2026-09-21T09:30:00+05:30,30087.25,30095.75,30071.0,30082.0,1217
2026-09-21T09:45:00+05:30,30082.75,30100.75,30082.0,30094.0,732
2026-09-21T10:00:00+05:30,30093.25,30094.5,30080.5,30088.5,535
2026-09-21T10:15:00+05:30,30087.75,30098.0,30087.5,30090.0,468
2026-09-21T10:30:00+05:30,30090.25,30090.75,30080.0,30081.75,417
2026-09-21T10:45:00+05:30,30082.0,30089.25,30075.25,30081.75,665
2026-09-21T11:00:00+05:30,30081.25,30111.75,30077.5,30098.5,1606
2026-09-21T11:15:00+05:30,30097.5,30102.5,30082.5,30090.75,833
2026-09-21T11:30:00+05:30,30090.5,30121.5,30090.5,30113.25,1853
2026-09-21T11:45:00+05:30,30112.0,30125.0,30102.75,30108.0,1529
2026-09-21T12:00:00+05:30,30108.25,30123.75,30106.5,30121.0,770
2026-09-21T12:15:00+05:30,30121.25,30144.5,30117.25,30141.5,2138
2026-09-21T12:30:00+05:30,30142.0,30162.0,30131.75,30153.0,3176
2026-09-21T12:45:00+05:30,30153.25,30155.75,30126.0,30148.0,1958
2026-09-21T13:00:00+05:30,30149.25,30157.0,30138.25,30144.75,1577
2026-09-21T13:15:00+05:30,30144.5,30188.25,30140.0,30178.75,2323
2026-09-21T13:30:00+05:30,30178.5,30215.0,30172.5,30204.5,3564
2026-09-21T13:45:00+05:30,30205.25,30214.0,30191.25,30198.75,1591
2026-09-21T14:00:00+05:30,30198.75,30237.5,30197.5,30234.25,2079
2026-09-21T14:15:00+05:30,30232.75,30237.75,30222.0,30234.5,1385
2026-09-21T14:30:00+05:30,30234.75,30249.75,30228.5,30241.0,1511
2026-09-21T14:45:00+05:30,30239.0,30262.5,30232.5,30247.75,1549
2026-09-21T15:00:00+05:30,30247.0,30260.0,30239.75,30257.75,948
2026-09-21T15:15:00+05:30,30258.0,30264.0,30233.0,30234.25,1713
2026-09-21T15:30:00+05:30,30234.0,30247.75,30232.75,30246.5,1163
2026-09-21T15:45:00+05:30,30246.75,30253.75,30239.0,30245.75,982
2026-09-21T16:00:00+05:30,30247.0,30266.75,30237.0,30252.25,1633
2026-09-21T16:15:00+05:30,30251.0,30259.0,30239.25,30241.5,846
2026-09-21T16:30:00+05:30,30241.25,30251.75,30222.75,30232.5,1821
2026-09-21T16:45:00+05:30,30232.25,30242.25,30216.0,30225.75,1166
2026-09-21T17:00:00+05:30,30225.75,30242.0,30220.75,30240.75,1710
2026-09-21T17:15:00+05:30,30241.0,30260.5,30233.0,30247.0,1587
2026-09-21T17:30:00+05:30,30247.5,30275.0,30236.0,30252.25,3534
2026-09-21T17:45:00+05:30,30251.75,30257.75,30225.25,30225.5,2249
2026-09-21T18:00:00+05:30,30226.25,30257.0,30222.25,30254.25,2945
2026-09-21T18:15:00+05:30,30254.25,30258.5,30224.25,30225.5,2190
2026-09-21T18:30:00+05:30,30224.25,30238.25,30219.5,30223.0,2426
2026-09-21T18:45:00+05:30,30224.0,30233.0,30202.25,30221.5,6261
2026-09-21T19:00:00+05:30,30222.0,30340.5,30216.5,30339.75,38513
2026-09-21T19:15:00+05:30,30340.5,30423.0,30340.0,30416.5,29745
2026-09-21T19:30:00+05:30,30416.5,30444.75,30397.0,30436.75,23385
2026-09-21T19:45:00+05:30,30437.5,30519.75,30437.5,30518.0,23619
2026-09-21T20:00:00+05:30,30518.25,30557.25,30500.5,30516.75,22021
2026-09-21T20:15:00+05:30,30517.0,30559.5,30504.0,30550.5,17740
2026-09-21T20:30:00+05:30,30551.0,30581.0,30549.0,30575.5,15855
2026-09-21T20:45:00+05:30,30575.75,30587.5,30570.5,30584.5,10525
2026-09-21T21:00:00+05:30,30585.0,30614.25,30579.5,30613.5,12840
2026-09-21T21:15:00+05:30,30613.25,30639.25,30601.5,30609.75,13926
2026-09-21T21:30:00+05:30,30610.25,30661.25,30601.5,30652.5,15301
2026-09-21T21:45:00+05:30,30653.5,30687.5,30648.0,30678.25,11530
2026-09-21T22:00:00+05:30,30677.75,30704.25,30665.75,30670.25,12587
2026-09-21T22:15:00+05:30,30670.25,30682.5,30665.0,30680.5,7149
2026-09-21T22:30:00+05:30,30680.5,30694.25,30675.75,30689.0,7287
2026-09-21T22:45:00+05:30,30689.0,30693.0,30664.25,30687.75,9217
2026-09-21T23:00:00+05:30,30688.0,30716.5,30670.75,30714.0,9214
2026-09-21T23:15:00+05:30,30714.25,30724.5,30708.25,30712.5,7706
2026-09-21T23:30:00+05:30,30712.75,30736.75,30712.5,30730.25,7989
2026-09-21T23:45:00+05:30,30730.75,30759.0,30729.5,30753.5,9449
2026-09-22T00:00:00+05:30,30753.75,30767.5,30737.0,30765.25,9922
2026-09-22T00:15:00+05:30,30765.0,30797.25,30762.0,30786.5,11417
2026-09-22T00:30:00+05:30,30786.75,30802.5,30773.0,30801.75,10266
2026-09-22T00:45:00+05:30,30801.5,30813.5,30794.75,30803.75,9776
2026-09-22T01:00:00+05:30,30803.0,30862.75,30800.25,30835.5,16731
2026-09-22T01:15:00+05:30,30835.0,30837.75,30778.0,30784.25,32856
2026-09-22T01:30:00+05:30,30784.25,30794.0,30763.25,30778.5,9745
2026-09-22T01:45:00+05:30,30778.25,30782.0,30761.75,30777.5,2767
2026-09-22T02:00:00+05:30,30777.5,30778.5,30756.5,30763.0,1947
2026-09-22T02:15:00+05:30,30762.25,30788.0,30760.5,30781.0,2184
2026-09-22T03:30:00+05:30,30780.0,30821.25,30778.5,30802.75,2475
2026-09-22T03:45:00+05:30,30803.25,30816.0,30800.5,30814.0,997
2026-09-22T04:00:00+05:30,30815.75,30828.25,30805.0,30821.75,1371
2026-09-22T04:15:00+05:30,30821.25,30833.5,30812.75,30829.5,1070
2026-09-22T04:30:00+05:30,30828.25,30852.25,30823.25,30843.75,1606
2026-09-22T04:45:00+05:30,30843.25,30847.25,30836.0,30842.75,935
2026-09-22T05:00:00+05:30,30842.25,30856.0,30836.75,30849.5,1353
2026-09-22T05:15:00+05:30,30850.0,30856.75,30846.75,30852.25,1125
2026-09-22T05:30:00+05:30,30852.25,30888.5,30850.0,30876.75,3571
2026-09-22T05:45:00+05:30,30876.75,30893.75,30862.75,30892.25,2942
2026-09-22T06:00:00+05:30,30893.0,30916.5,30872.25,30891.0,4169
2026-09-22T06:15:00+05:30,30891.75,30906.75,30886.0,30899.5,1667
2026-09-22T06:30:00+05:30,30900.0,30901.25,30877.75,30885.5,2309
2026-09-22T06:45:00+05:30,30884.75,30888.25,30867.5,30882.75,2282
2026-09-22T07:00:00+05:30,30882.0,30904.75,30873.0,30884.25,2348
2026-09-22T07:15:00+05:30,30887.25,30892.75,30873.75,30874.75,1501
2026-09-22T07:30:00+05:30,30873.0,30893.5,30870.0,30873.5,1493
2026-09-22T07:45:00+05:30,30874.25,30885.0,30871.75,30878.75,1084
2026-09-22T08:00:00+05:30,30879.75,30895.0,30866.5,30888.25,2026
2026-09-22T08:15:00+05:30,30888.75,30897.75,30884.25,30894.5,1090
2026-09-22T08:30:00+05:30,30894.5,30897.25,30883.0,30891.5,1057
2026-09-22T08:45:00+05:30,30891.25,30899.25,30886.75,30888.75,698
2026-09-22T09:00:00+05:30,30889.75,30898.75,30880.0,30881.75,1399
2026-09-22T09:15:00+05:30,30881.5,30883.75,30863.75,30873.25,1625
2026-09-22T09:30:00+05:30,30872.75,30875.75,30832.5,30854.5,2839
2026-09-22T09:45:00+05:30,30853.5,30857.0,30832.25,30836.5,2110
2026-09-22T10:00:00+05:30,30836.25,30847.75,30824.5,30829.0,1775
2026-09-22T10:15:00+05:30,30829.0,30835.0,30809.25,30813.0,1665
2026-09-22T10:30:00+05:30,30813.0,30820.75,30804.0,30809.5,1433
2026-09-22T10:45:00+05:30,30809.5,30810.5,30783.25,30792.5,3428
2026-09-22T11:00:00+05:30,30791.25,30823.5,30779.5,30818.0,2328
2026-09-22T11:15:00+05:30,30816.5,30844.75,30812.5,30814.75,2664
2026-09-22T11:30:00+05:30,30816.25,30818.75,30778.75,30784.25,2421
2026-09-22T11:45:00+05:30,30784.25,30789.0,30766.5,30786.25,2272
2026-09-22T12:00:00+05:30,30785.75,30794.25,30775.25,30780.25,1597
2026-09-22T12:15:00+05:30,30779.25,30789.5,30775.5,30779.0,946
2026-09-22T12:30:00+05:30,30779.25,30789.25,30765.5,30779.0,1615
2026-09-22T12:45:00+05:30,30778.75,30794.0,30766.75,30768.75,1644
2026-09-22T13:00:00+05:30,30769.25,30779.75,30761.0,30779.5,1810
2026-09-22T13:15:00+05:30,30780.0,30785.75,30764.75,30770.5,1229
2026-09-22T13:30:00+05:30,30770.25,30771.5,30725.0,30736.5,4096
2026-09-22T13:45:00+05:30,30736.0,30737.5,30683.0,30686.5,3623
2026-09-22T14:00:00+05:30,30686.75,30765.0,30670.0,30759.75,4678
2026-09-22T14:15:00+05:30,30759.0,30789.75,30744.0,30784.5,3814
2026-09-22T14:30:00+05:30,30782.5,30800.25,30753.0,30763.25,3155
2026-09-22T14:45:00+05:30,30763.5,30787.75,30759.0,30769.25,1334
2026-09-22T15:00:00+05:30,30770.25,30790.25,30764.0,30790.0,1659
2026-09-22T15:15:00+05:30,30789.5,30850.75,30781.5,30837.25,6433
2026-09-22T15:30:00+05:30,30839.0,30847.0,30808.75,30818.75,2861
2026-09-22T15:45:00+05:30,30818.25,30825.75,30794.0,30810.25,1229
2026-09-22T16:00:00+05:30,30809.0,30830.75,30798.0,30821.5,1441
2026-09-22T16:15:00+05:30,30821.5,30834.25,30807.75,30814.25,1707
2026-09-22T16:30:00+05:30,30814.0,30829.0,30754.5,30794.25,4485
2026-09-22T16:45:00+05:30,30795.5,30803.0,30777.5,30778.75,1536
2026-09-22T17:00:00+05:30,30779.5,30807.5,30776.25,30794.25,1436
2026-09-22T17:15:00+05:30,30794.5,30813.75,30772.25,30776.75,1538
2026-09-22T17:30:00+05:30,30776.75,30791.75,30749.0,30762.75,2073
2026-09-22T17:45:00+05:30,30760.75,30784.25,30749.0,30783.5,1796
2026-09-22T18:00:00+05:30,30783.25,30788.5,30763.0,30764.0,2394
2026-09-22T18:15:00+05:30,30764.75,30769.5,30745.5,30752.25,2095
2026-09-22T18:30:00+05:30,30753.0,30780.75,30748.75,30769.75,3629
2026-09-22T18:45:00+05:30,30769.5,30777.75,30750.5,30764.0,4948
2026-09-22T19:00:00+05:30,30764.25,30927.5,30763.5,30903.0,36390
2026-09-22T19:15:00+05:30,30903.25,30945.0,30884.25,30929.5,27562
2026-09-22T19:30:00+05:30,30929.75,30983.75,30908.5,30960.5,21178
2026-09-22T19:45:00+05:30,30961.0,30978.0,30934.25,30961.5,16403
2026-09-22T20:00:00+05:30,30961.25,30997.5,30896.25,30914.5,26546
2026-09-22T20:15:00+05:30,30914.0,30955.75,30890.5,30924.75,17203
2026-09-22T20:30:00+05:30,30925.75,30942.5,30905.25,30937.5,14265
2026-09-22T20:45:00+05:30,30937.75,30949.0,30920.25,30928.25,9039
2026-09-22T21:00:00+05:30,30928.5,30934.0,30885.75,30900.0,13232
2026-09-22T21:15:00+05:30,30899.75,30918.25,30887.25,30910.5,9447
2026-09-22T21:30:00+05:30,30911.25,30935.75,30894.5,30925.25,8933
2026-09-22T21:45:00+05:30,30924.75,30927.0,30889.25,30891.75,8428
2026-09-22T22:00:00+05:30,30891.75,30920.75,30891.25,30915.75,7892
2026-09-22T22:15:00+05:30,30915.25,30947.0,30911.25,30940.75,10002
2026-09-22T22:30:00+05:30,30941.25,30954.5,30936.0,30941.25,5554
2026-09-22T22:45:00+05:30,30941.5,30956.75,30929.0,30953.5,5481
2026-09-22T23:00:00+05:30,30953.5,30953.75,30921.75,30944.5,6542
2026-09-22T23:15:00+05:30,30944.75,30988.25,30936.5,30977.25,12703
2026-09-22T23:30:00+05:30,30977.25,30985.5,30951.25,30981.0,8470
2026-09-22T23:45:00+05:30,30980.5,31009.5,30980.5,30994.0,8452
2026-09-23T00:00:00+05:30,30994.0,30998.5,30966.0,30987.75,9632
2026-09-23T00:15:00+05:30,30988.25,30991.5,30971.5,30976.0,4356
2026-09-23T00:30:00+05:30,30976.0,31004.5,30975.25,31003.5,6975
2026-09-23T00:45:00+05:30,31002.75,31027.0,30998.25,31020.75,9802
2026-09-23T01:00:00+05:30,31020.5,31049.75,31018.5,31035.0,14152
2026-09-23T01:15:00+05:30,31034.75,31065.5,31012.75,31029.25,27617
2026-09-23T01:30:00+05:30,31029.75,31035.75,31017.0,31021.0,7320
2026-09-23T01:45:00+05:30,31021.0,31025.0,31000.0,31004.5,3011
2026-09-23T02:00:00+05:30,31004.5,31011.5,31002.0,31002.5,1126
2026-09-23T02:15:00+05:30,31002.0,31006.25,30991.0,31002.0,2039
2026-09-23T03:30:00+05:30,31008.5,31041.75,30997.5,31041.0,1865
2026-09-23T03:45:00+05:30,31040.75,31058.5,31037.5,31049.0,1029
2026-09-23T04:00:00+05:30,31050.0,31060.5,31048.5,31052.0,818
2026-09-23T04:15:00+05:30,31052.5,31052.5,31025.5,31044.25,1646
2026-09-23T04:30:00+05:30,31045.0,31054.25,31043.25,31049.25,613
2026-09-23T04:45:00+05:30,31049.25,31061.75,31047.25,31053.0,834
2026-09-23T05:00:00+05:30,31050.75,31058.0,31050.0,31052.0,539
2026-09-23T05:15:00+05:30,31052.75,31070.5,31042.75,31065.0,1935
2026-09-23T05:30:00+05:30,31064.5,31065.75,31030.25,31041.25,2944
2026-09-23T05:45:00+05:30,31040.5,31055.25,31031.75,31037.75,1783
2026-09-23T06:00:00+05:30,31037.25,31050.5,31034.0,31039.25,1155
2026-09-23T06:15:00+05:30,31040.0,31045.0,31012.0,31022.75,2211
2026-09-23T06:30:00+05:30,31023.75,31037.5,31014.75,31026.0,1485
2026-09-23T06:45:00+05:30,31025.75,31057.0,31018.75,31053.25,1676
2026-09-23T07:00:00+05:30,31052.5,31058.0,31008.25,31014.25,2400
2026-09-23T07:15:00+05:30,31016.25,31023.5,31010.25,31016.25,1142
2026-09-23T07:30:00+05:30,31016.25,31021.25,30996.75,31001.25,1588
2026-09-23T07:45:00+05:30,31001.75,31020.0,30982.75,31012.25,2434
2026-09-23T08:00:00+05:30,31012.0,31016.0,30999.75,31002.0,975
2026-09-23T08:15:00+05:30,31002.5,31013.5,31002.5,31007.75,519
2026-09-23T08:30:00+05:30,31008.0,31009.25,30997.5,31006.0,977
2026-09-23T08:45:00+05:30,31006.25,31014.75,30990.75,30999.75,1094
2026-09-23T09:00:00+05:30,30999.5,31027.0,30999.5,31019.5,977
2026-09-23T09:15:00+05:30,31019.25,31025.5,31012.0,31013.5,585
2026-09-23T09:30:00+05:30,31013.0,31034.25,31011.0,31031.75,841
2026-09-23T09:45:00+05:30,31031.0,31044.75,31029.25,31039.0,832
2026-09-23T10:00:00+05:30,31039.0,31052.25,31038.25,31049.25,833
2026-09-23T10:15:00+05:30,31047.75,31051.25,31031.25,31035.25,852
2026-09-23T10:30:00+05:30,31035.0,31039.75,31022.0,31033.0,966
2026-09-23T10:45:00+05:30,31033.25,31042.5,31019.0,31034.0,1176
2026-09-23T11:00:00+05:30,31034.0,31039.75,31021.0,31029.25,904
2026-09-23T11:15:00+05:30,31030.25,31044.5,31026.75,31028.75,878
2026-09-23T11:30:00+05:30,31029.25,31058.0,31028.25,31057.5,1513
2026-09-23T11:45:00+05:30,31058.0,31061.75,31039.5,31057.5,1287
2026-09-23T12:00:00+05:30,31057.25,31094.75,31056.0,31082.0,2462
2026-09-23T12:15:00+05:30,31080.75,31082.0,31048.0,31051.0,2057
2026-09-23T12:30:00+05:30,31049.75,31055.25,31028.0,31044.25,1873
2026-09-23T12:45:00+05:30,31045.75,31052.75,31030.0,31052.25,801
2026-09-23T13:00:00+05:30,31051.5,31061.75,31035.75,31037.25,1641
2026-09-23T13:15:00+05:30,31037.25,31049.0,31028.25,31035.25,1200
2026-09-23T13:30:00+05:30,31034.25,31046.5,31015.25,31038.5,1515
2026-09-23T13:45:00+05:30,31039.0,31051.25,31028.0,31038.0,1127
2026-09-23T14:00:00+05:30,31039.25,31045.25,31006.0,31013.75,1328
2026-09-23T14:15:00+05:30,31013.0,31021.5,31002.0,31016.5,1173
2026-09-23T14:30:00+05:30,31015.75,31027.75,31007.25,31017.25,1008
2026-09-23T14:45:00+05:30,31016.0,31034.25,31009.5,31023.75,865
2026-09-23T15:00:00+05:30,31025.5,31033.75,31018.25,31019.0,685
2026-09-23T15:15:00+05:30,31018.5,31019.25,30997.75,31012.5,1312
2026-09-23T15:30:00+05:30,31012.25,31031.75,31009.75,31030.0,812
2026-09-23T15:45:00+05:30,31030.0,31043.75,31021.0,31033.5,956
2026-09-23T16:00:00+05:30,31033.75,31035.5,31015.25,31022.75,890
2026-09-23T16:15:00+05:30,31021.25,31033.0,31011.75,31027.75,702
2026-09-23T16:30:00+05:30,31027.5,31029.25,30992.25,31003.5,1927
2026-09-23T16:45:00+05:30,31001.5,31011.5,30950.0,30952.75,3036
2026-09-23T17:00:00+05:30,30952.5,30954.5,30910.75,30925.75,3633
2026-09-23T17:15:00+05:30,30925.5,30965.25,30925.5,30959.5,2583
2026-09-23T17:30:00+05:30,30958.5,30966.0,30924.5,30930.75,3016
2026-09-23T17:45:00+05:30,30931.0,30951.5,30917.25,30947.0,2584
2026-09-23T18:00:00+05:30,30947.25,30961.25,30944.25,30949.75,2493
2026-09-23T18:15:00+05:30,30950.75,30974.25,30947.75,30968.0,2323
2026-09-23T18:30:00+05:30,30968.0,30970.75,30944.0,30962.75,2763
2026-09-23T18:45:00+05:30,30962.5,31007.25,30961.25,31006.0,6720
2026-09-23T19:00:00+05:30,31006.5,31013.0,30902.0,30910.0,33977
2026-09-23T19:15:00+05:30,30910.0,30922.25,30832.75,30846.0,29819
2026-09-23T19:30:00+05:30,30846.75,30871.0,30704.0,30718.25,34205
2026-09-23T19:45:00+05:30,30719.25,30742.5,30642.75,30678.75,37051
2026-09-23T20:00:00+05:30,30678.75,30738.75,30657.75,30718.75,24126
2026-09-23T20:15:00+05:30,30720.0,30826.25,30713.25,30822.5,27786
2026-09-23T20:30:00+05:30,30823.25,30827.75,30782.5,30787.5,14650
2026-09-23T20:45:00+05:30,30788.25,30817.75,30755.0,30773.25,15232
2026-09-23T21:00:00+05:30,30772.75,30784.0,30754.0,30780.25,11137
2026-09-23T21:15:00+05:30,30781.25,30786.0,30723.25,30746.5,14037
2026-09-23T21:30:00+05:30,30747.0,30751.0,30726.75,30744.75,6928
2026-09-23T21:45:00+05:30,30744.25,30756.25,30715.5,30723.5,8302
2026-09-23T22:00:00+05:30,30723.75,30751.5,30695.25,30695.25,9753
2026-09-23T22:15:00+05:30,30695.0,30721.0,30667.75,30686.75,14772
2026-09-23T22:30:00+05:30,30687.5,30709.25,30646.5,30670.75,14976
2026-09-23T22:45:00+05:30,30669.75,30724.75,30665.5,30681.75,11711
2026-09-23T23:00:00+05:30,30682.0,30756.25,30671.25,30748.5,13176
2026-09-23T23:15:00+05:30,30748.25,30774.5,30736.25,30771.0,9830
2026-09-23T23:30:00+05:30,30771.0,30772.0,30725.0,30745.0,8758
2026-09-23T23:45:00+05:30,30745.5,30769.0,30740.5,30755.25,7617
2026-09-24T00:00:00+05:30,30755.0,30758.0,30727.25,30747.5,6464
2026-09-24T00:15:00+05:30,30747.75,30768.5,30741.0,30762.0,6826
2026-09-24T00:30:00+05:30,30762.25,30782.5,30741.0,30762.75,8770
2026-09-24T00:45:00+05:30,30762.75,30765.5,30741.25,30753.75,6781
2026-09-24T01:00:00+05:30,30753.75,30775.25,30729.25,30747.25,9917
2026-09-24T01:15:00+05:30,30746.75,30779.5,30710.0,30770.25,32158
2026-09-24T01:30:00+05:30,30770.25,30777.25,30751.75,30753.25,6629
2026-09-24T01:45:00+05:30,30753.0,30765.0,30750.5,30764.0,1045
2026-09-24T02:00:00+05:30,30763.25,30775.0,30758.5,30774.0,1357
2026-09-24T02:15:00+05:30,30774.5,30777.0,30767.0,30776.0,1157
2026-09-24T03:30:00+05:30,30780.0,30808.75,30778.0,30804.25,2178
2026-09-24T03:45:00+05:30,30807.5,30813.0,30782.0,30785.25,1278
2026-09-24T04:00:00+05:30,30786.0,30800.25,30780.25,30796.25,1066
2026-09-24T04:15:00+05:30,30795.5,30801.75,30786.0,30793.75,569
2026-09-24T04:30:00+05:30,30793.5,30798.5,30783.5,30786.75,482
2026-09-24T04:45:00+05:30,30786.75,30792.0,30762.5,30771.25,1647
2026-09-24T05:00:00+05:30,30771.25,30776.5,30760.0,30766.25,861
2026-09-24T05:15:00+05:30,30767.75,30772.0,30746.0,30753.5,1661
2026-09-24T05:30:00+05:30,30753.5,30761.0,30720.0,30728.5,2460
2026-09-24T05:45:00+05:30,30728.0,30750.5,30725.75,30735.0,1690
2026-09-24T06:00:00+05:30,30735.5,30749.5,30718.5,30721.75,1540
2026-09-24T06:15:00+05:30,30722.0,30731.75,30704.5,30725.25,2166
2026-09-24T06:30:00+05:30,30724.5,30758.5,30723.25,30754.25,2391
2026-09-24T06:45:00+05:30,30753.5,30754.25,30732.5,30737.75,1208
2026-09-24T07:00:00+05:30,30736.5,30761.0,30733.25,30736.25,1678
2026-09-24T07:15:00+05:30,30735.0,30747.25,30713.75,30744.75,1551
2026-09-24T07:30:00+05:30,30743.0,30750.0,30708.75,30725.25,1447
2026-09-24T07:45:00+05:30,30725.0,30742.0,30723.5,30729.75,1032
2026-09-24T08:00:00+05:30,30729.0,30747.0,30726.5,30744.5,808
2026-09-24T08:15:00+05:30,30745.5,30747.0,30737.0,30741.25,825
2026-09-24T08:30:00+05:30,30740.75,30742.0,30705.0,30719.25,1369
2026-09-24T08:45:00+05:30,30719.75,30723.0,30700.25,30706.25,1184
2026-09-24T09:00:00+05:30,30706.0,30709.25,30688.25,30693.25,1326
2026-09-24T09:15:00+05:30,30692.0,30709.25,30691.0,30707.0,894
2026-09-24T09:30:00+05:30,30706.75,30706.75,30653.0,30659.0,3500
2026-09-24T09:45:00+05:30,30657.75,30677.0,30651.25,30676.0,1572
2026-09-24T10:00:00+05:30,30675.5,30700.0,30673.25,30681.75,1460
2026-09-24T10:15:00+05:30,30682.0,30689.25,30673.75,30687.0,968
2026-09-24T10:30:00+05:30,30685.75,30716.0,30685.75,30692.75,1468
2026-09-24T10:45:00+05:30,30691.0,30708.0,30679.75,30707.25,1313
2026-09-24T11:00:00+05:30,30706.5,30710.5,30669.5,30671.0,1308
2026-09-24T11:15:00+05:30,30670.25,30670.5,30607.0,30608.75,3760
2026-09-24T11:30:00+05:30,30607.75,30628.0,30564.5,30618.75,5786
2026-09-24T11:45:00+05:30,30619.75,30631.25,30583.0,30601.5,2655
2026-09-24T12:00:00+05:30,30599.75,30599.75,30562.5,30579.25,2337
2026-09-24T12:15:00+05:30,30578.25,30588.0,30535.25,30541.75,2904
2026-09-24T12:30:00+05:30,30541.5,30595.5,30512.75,30594.75,5257
2026-09-24T12:45:00+05:30,30593.75,30608.0,30574.75,30606.25,2048
2026-09-24T13:00:00+05:30,30606.75,30632.5,30601.25,30624.0,2314
2026-09-24T13:15:00+05:30,30620.25,30623.5,30559.0,30559.5,1628
2026-09-24T13:30:00+05:30,30559.25,30590.0,30479.5,30487.5,4821
2026-09-24T13:45:00+05:30,30487.0,30511.25,30453.25,30455.25,4741
2026-09-24T14:00:00+05:30,30457.5,30497.5,30430.75,30445.75,5691
2026-09-24T14:15:00+05:30,30449.25,30456.5,30407.25,30433.25,4020
2026-09-24T14:30:00+05:30,30433.5,30455.5,30417.75,30431.5,3686
2026-09-24T14:45:00+05:30,30431.25,30464.5,30422.75,30441.75,2250
2026-09-24T15:00:00+05:30,30442.0,30444.25,30370.0,30377.5,3915
2026-09-24T15:15:00+05:30,30378.0,30438.5,30371.75,30436.5,2706
2026-09-24T15:30:00+05:30,30434.75,30451.0,30415.75,30437.0,2356
2026-09-24T15:45:00+05:30,30437.25,30460.0,30415.0,30432.75,3816
2026-09-24T16:00:00+05:30,30432.5,30484.75,30420.75,30478.5,2872
2026-09-24T16:15:00+05:30,30478.25,30523.75,30471.75,30488.75,4233
2026-09-24T16:30:00+05:30,30487.75,30503.75,30456.5,30488.25,2651
2026-09-24T16:45:00+05:30,30488.75,30512.75,30471.0,30471.75,3068
2026-09-24T17:00:00+05:30,30471.5,30501.0,30441.25,30451.75,2207
2026-09-24T17:15:00+05:30,30452.0,30474.75,30428.0,30462.75,3032
2026-09-24T17:30:00+05:30,30462.5,30487.25,30420.25,30482.0,3711
2026-09-24T17:45:00+05:30,30482.0,30509.5,30454.75,30471.75,5666
2026-09-24T18:00:00+05:30,30473.0,30482.5,30420.25,30473.0,5963
2026-09-24T18:15:00+05:30,30472.5,30497.5,30458.25,30485.25,4087
2026-09-24T18:30:00+05:30,30486.5,30519.5,30484.25,30510.0,5073
2026-09-24T18:45:00+05:30,30509.5,30526.5,30499.5,30519.25,5809
2026-09-24T19:00:00+05:30,30519.0,30606.5,30493.25,30583.25,45754
2026-09-24T19:15:00+05:30,30583.5,30622.75,30531.75,30578.75,29517
2026-09-24T19:30:00+05:30,30579.0,30616.75,30565.0,30586.25,18750
2026-09-24T19:45:00+05:30,30586.0,30638.5,30562.5,30631.0,18730
2026-09-24T20:00:00+05:30,30630.0,30639.75,30572.0,30578.75,15805
2026-09-24T20:15:00+05:30,30579.75,30614.0,30532.5,30541.25,17708
2026-09-24T20:30:00+05:30,30542.25,30572.75,30504.0,30511.25,18464
2026-09-24T20:45:00+05:30,30510.75,30557.75,30505.5,30513.5,17314
2026-09-24T21:00:00+05:30,30514.25,30543.75,30502.5,30537.25,12592
2026-09-24T21:15:00+05:30,30537.75,30569.5,30506.75,30554.75,14024
2026-09-24T21:30:00+05:30,30554.0,30561.25,30506.5,30559.0,10070
2026-09-24T21:45:00+05:30,30559.75,30748.0,30556.0,30698.0,51274
2026-09-24T22:00:00+05:30,30696.75,30815.0,30661.25,30746.25,21755
2026-09-24T22:15:00+05:30,30746.75,30815.75,30725.75,30792.25,21710
2026-09-24T22:30:00+05:30,30792.25,30827.5,30757.0,30790.25,21136
2026-09-24T22:45:00+05:30,30790.0,30793.25,30700.25,30735.75,15312
2026-09-24T23:00:00+05:30,30735.0,30760.75,30672.25,30673.25,13978
2026-09-24T23:15:00+05:30,30673.25,30708.25,30665.75,30696.75,13462
2026-09-24T23:30:00+05:30,30697.5,30705.0,30622.0,30695.75,18308
2026-09-24T23:45:00+05:30,30695.5,30753.0,30689.75,30740.5,13985
2026-09-25T00:00:00+05:30,30740.25,30783.25,30703.5,30736.75,15038
2026-09-25T00:15:00+05:30,30736.5,30792.5,30736.0,30779.75,8625
2026-09-25T00:30:00+05:30,30779.5,30784.0,30724.0,30726.5,11365
2026-09-25T00:45:00+05:30,30726.75,30772.5,30726.75,30750.75,9184
2026-09-25T01:00:00+05:30,30749.75,30769.75,30747.0,30753.0,6519
2026-09-25T01:15:00+05:30,30752.75,30791.0,30746.25,30756.75,21577
2026-09-25T01:30:00+05:30,30756.75,30762.0,30696.5,30698.0,7832
2026-09-25T01:45:00+05:30,30698.0,30710.0,30662.25,30666.75,4350
2026-09-25T02:00:00+05:30,30666.25,30708.0,30664.0,30705.5,2139
2026-09-25T02:15:00+05:30,30705.5,30740.0,30705.5,30736.25,2344
2026-09-25T03:30:00+05:30,30726.5,30765.25,30708.5,30727.25,2021
2026-09-25T03:45:00+05:30,30727.0,30730.25,30704.25,30710.5,1005
2026-09-25T04:00:00+05:30,30711.5,30736.0,30709.25,30731.75,1117
2026-09-25T04:15:00+05:30,30732.75,30736.0,30723.0,30730.0,749
2026-09-25T04:30:00+05:30,30729.75,30737.75,30709.75,30716.75,905
2026-09-25T04:45:00+05:30,30717.75,30733.5,30711.75,30725.75,714
2026-09-25T05:00:00+05:30,30726.25,30732.25,30707.5,30707.5,617
2026-09-25T05:15:00+05:30,30709.5,30713.25,30683.75,30687.25,1316
2026-09-25T05:30:00+05:30,30687.0,30717.0,30684.5,30696.5,1773
2026-09-25T05:45:00+05:30,30697.5,30727.25,30679.0,30713.25,2015
2026-09-25T06:00:00+05:30,30712.75,30715.25,30682.75,30700.5,1566
2026-09-25T06:15:00+05:30,30701.0,30707.75,30685.25,30697.75,932
2026-09-25T06:30:00+05:30,30698.75,30775.0,30680.0,30764.75,3047
2026-09-25T06:45:00+05:30,30764.25,30790.0,30761.25,30776.75,2019
2026-09-25T07:00:00+05:30,30776.75,30810.0,30750.0,30798.25,2009
2026-09-25T07:15:00+05:30,30798.5,30801.25,30771.0,30790.5,1148
2026-09-25T07:30:00+05:30,30791.0,30810.5,30783.0,30797.25,1234
2026-09-25T07:45:00+05:30,30797.25,30814.5,30784.0,30786.25,1019
2026-09-25T08:00:00+05:30,30786.5,30794.75,30761.0,30787.25,1327
2026-09-25T08:15:00+05:30,30786.75,30790.75,30764.5,30790.75,785
2026-09-25T08:30:00+05:30,30790.75,30811.75,30779.75,30804.0,1076
2026-09-25T08:45:00+05:30,30803.25,30809.75,30788.0,30793.25,912
2026-09-25T09:00:00+05:30,30794.25,30813.75,30783.5,30784.75,1128
2026-09-25T09:15:00+05:30,30786.25,30795.0,30774.25,30791.0,850
2026-09-25T09:30:00+05:30,30791.75,30793.75,30767.5,30775.0,744
2026-09-25T09:45:00+05:30,30774.0,30781.5,30763.25,30775.0,698
2026-09-25T10:00:00+05:30,30776.0,30792.5,30770.0,30783.25,761
2026-09-25T10:15:00+05:30,30783.5,30791.25,30767.5,30779.25,523
2026-09-25T10:30:00+05:30,30777.0,30813.75,30776.0,30800.5,1258
2026-09-25T10:45:00+05:30,30803.75,30813.25,30788.0,30805.0,991
2026-09-25T11:00:00+05:30,30805.75,30868.0,30803.25,30865.5,2607
2026-09-25T11:15:00+05:30,30866.0,30868.75,30846.0,30850.75,1344
2026-09-25T11:30:00+05:30,30850.5,30891.25,30849.5,30887.0,2165
2026-09-25T11:45:00+05:30,30887.0,30906.0,30873.5,30879.5,2523
2026-09-25T12:00:00+05:30,30880.25,30892.0,30874.75,30881.25,1001
2026-09-25T12:15:00+05:30,30881.5,30886.0,30864.0,30867.25,1172
2026-09-25T12:30:00+05:30,30866.75,30897.75,30865.75,30894.5,1772
2026-09-25T12:45:00+05:30,30894.5,30903.75,30871.75,30902.25,2740
2026-09-25T13:00:00+05:30,30901.25,30905.0,30856.25,30861.25,1740
2026-09-25T13:15:00+05:30,30861.25,30880.75,30859.0,30868.0,1270
2026-09-25T13:30:00+05:30,30867.25,30890.75,30838.0,30878.5,2150
2026-09-25T13:45:00+05:30,30880.25,30927.5,30879.0,30923.0,2192
2026-09-25T14:00:00+05:30,30922.0,30935.0,30911.5,30934.25,1544
2026-09-25T14:15:00+05:30,30934.0,30954.25,30930.5,30947.0,1641
2026-09-25T14:30:00+05:30,30945.75,30960.0,30941.75,30953.5,1193
2026-09-25T14:45:00+05:30,30953.75,30963.25,30936.25,30939.25,1326
2026-09-25T15:00:00+05:30,30938.75,30952.25,30930.0,30936.75,1048
2026-09-25T15:15:00+05:30,30937.0,30937.0,30912.0,30916.75,1188
2026-09-25T15:30:00+05:30,30916.25,30932.5,30900.0,30927.75,1356
2026-09-25T15:45:00+05:30,30927.25,30942.0,30926.0,30929.0,1097
2026-09-25T16:00:00+05:30,30929.0,30938.5,30911.5,30921.25,992
2026-09-25T16:15:00+05:30,30920.5,30933.0,30912.0,30922.0,1142
2026-09-25T16:30:00+05:30,30922.75,30975.0,30912.75,30975.0,2366
2026-09-25T16:45:00+05:30,30974.25,30994.75,30972.75,30976.75,2317
2026-09-25T17:00:00+05:30,30977.5,30999.5,30959.25,30970.0,2008
2026-09-25T17:15:00+05:30,30971.25,30981.25,30960.25,30961.5,1295
2026-09-25T17:30:00+05:30,30960.5,30978.0,30943.0,30952.25,2505
2026-09-25T17:45:00+05:30,30953.0,30953.0,30916.75,30932.5,2353
2026-09-25T18:00:00+05:30,30933.0,30938.5,30877.75,30898.0,4549
2026-09-25T18:15:00+05:30,30896.25,30920.75,30871.5,30877.5,5660
2026-09-25T18:30:00+05:30,30878.0,30908.75,30853.75,30899.0,5410
2026-09-25T18:45:00+05:30,30897.5,30899.75,30819.5,30820.0,7718
2026-09-25T19:00:00+05:30,30819.0,30890.0,30767.5,30876.75,39664
2026-09-25T19:15:00+05:30,30877.0,30926.5,30847.5,30900.0,23596
2026-09-25T19:30:00+05:30,30900.25,30905.0,30734.75,30740.25,35467
2026-09-25T19:45:00+05:30,30741.5,30779.25,30684.0,30731.5,33688
2026-09-25T20:00:00+05:30,30731.0,30803.5,30718.75,30765.25,19755
2026-09-25T20:15:00+05:30,30766.0,30829.75,30742.75,30823.0,17244
2026-09-25T20:30:00+05:30,30823.0,30871.5,30806.0,30820.5,18507
2026-09-25T20:45:00+05:30,30821.0,30844.5,30800.5,30813.25,12748
2026-09-25T21:00:00+05:30,30813.5,30860.5,30749.5,30751.75,19355
2026-09-25T21:15:00+05:30,30751.5,30860.0,30731.25,30857.5,18587
2026-09-25T21:30:00+05:30,30856.75,30950.25,30846.5,30927.25,27485
2026-09-25T21:45:00+05:30,30927.25,30951.5,30838.0,30924.75,20927
2026-09-25T22:00:00+05:30,30925.0,30932.5,30863.5,30906.0,16717
2026-09-25T22:15:00+05:30,30904.75,30907.5,30860.5,30877.5,10056
2026-09-25T22:30:00+05:30,30878.0,30922.5,30872.75,30922.5,9181
2026-09-25T22:45:00+05:30,30922.0,30927.0,30906.5,30918.25,5605
2026-09-25T23:00:00+05:30,30917.75,30923.25,30886.25,30905.25,9281
2026-09-25T23:15:00+05:30,30905.25,30919.0,30890.75,30912.25,5346
2026-09-25T23:30:00+05:30,30912.0,30929.0,30896.5,30928.5,4832
2026-09-25T23:45:00+05:30,30928.5,30931.0,30871.25,30891.0,9415
2026-09-26T00:00:00+05:30,30891.5,30916.5,30868.5,30900.0,7733
2026-09-26T00:15:00+05:30,30900.0,30902.5,30867.25,30868.5,5735
2026-09-26T00:30:00+05:30,30869.0,30900.5,30863.0,30898.75,6869
2026-09-26T00:45:00+05:30,30898.5,30904.0,30859.25,30865.5,6016
2026-09-26T01:00:00+05:30,30865.5,30900.0,30845.0,30891.5,9284
2026-09-26T01:15:00+05:30,30891.75,30935.0,30883.75,30891.5,23189
2026-09-26T01:30:00+05:30,30891.75,30904.5,30880.5,30892.0,6086
2026-09-26T01:45:00+05:30,30891.25,30900.0,30884.0,30898.5,1452
2026-09-26T02:00:00+05:30,30898.25,30921.75,30897.5,30916.0,1456
2026-09-26T02:15:00+05:30,30915.5,30922.25,30913.0,30921.75,1460
2026-09-28T03:30:00+05:30,30870.0,30920.75,30816.0,30821.25,4147
2026-09-28T03:45:00+05:30,30820.25,30843.0,30795.75,30823.75,1958
2026-09-28T04:00:00+05:30,30822.5,30823.0,30800.25,30807.75,1368
2026-09-28T04:15:00+05:30,30806.75,30807.25,30781.5,30791.5,1361
2026-09-28T04:30:00+05:30,30792.25,30812.5,30783.25,30809.5,1160
2026-09-28T04:45:00+05:30,30810.25,30828.0,30805.0,30819.0,1134
2026-09-28T05:00:00+05:30,30819.75,30823.25,30800.5,30812.25,955
2026-09-28T05:15:00+05:30,30812.0,30849.75,30812.0,30849.5,2501
2026-09-28T05:30:00+05:30,30849.5,30897.25,30840.75,30896.5,3593
2026-09-28T05:45:00+05:30,30895.5,30898.25,30867.25,30872.5,2627
2026-09-28T06:00:00+05:30,30870.75,30874.0,30811.25,30824.75,3173
2026-09-28T06:15:00+05:30,30825.5,30857.25,30791.5,30797.25,3283
2026-09-28T06:30:00+05:30,30798.0,30825.25,30787.25,30797.75,3153
2026-09-28T06:45:00+05:30,30798.75,30812.5,30772.75,30807.0,2731
2026-09-28T07:00:00+05:30,30807.25,30823.0,30778.75,30782.75,1970
2026-09-28T07:15:00+05:30,30783.5,30789.75,30741.5,30743.0,3155
2026-09-28T07:30:00+05:30,30742.75,30759.75,30717.0,30752.25,2872
2026-09-28T07:45:00+05:30,30752.25,30752.25,30701.25,30717.0,2655
2026-09-28T08:00:00+05:30,30717.5,30727.5,30691.25,30702.0,2095
2026-09-28T08:15:00+05:30,30702.75,30705.25,30667.75,30679.25,2108
2026-09-28T08:30:00+05:30,30679.75,30704.0,30678.0,30680.0,2208
2026-09-28T08:45:00+05:30,30679.75,30688.75,30663.75,30664.5,1550
2026-09-28T09:00:00+05:30,30665.75,30669.75,30644.0,30667.25,1834
2026-09-28T09:15:00+05:30,30667.25,30681.25,30641.25,30648.75,1509
2026-09-28T09:30:00+05:30,30648.5,30688.25,30638.5,30684.75,1394
2026-09-28T09:45:00+05:30,30684.5,30697.5,30672.25,30687.5,1299
2026-09-28T10:00:00+05:30,30688.0,30689.25,30673.25,30684.25,740
2026-09-28T10:15:00+05:30,30683.75,30686.0,30668.0,30677.75,897
2026-09-28T10:30:00+05:30,30678.5,30705.5,30659.25,30669.75,1877
2026-09-28T10:45:00+05:30,30670.25,30678.5,30652.75,30665.25,1179
2026-09-28T11:00:00+05:30,30664.25,30668.75,30628.0,30641.5,1996
2026-09-28T11:15:00+05:30,30641.0,30661.75,30634.5,30650.25,1400
2026-09-28T11:30:00+05:30,30651.5,30679.0,30628.0,30633.0,3040
2026-09-28T11:45:00+05:30,30633.75,30638.0,30582.75,30590.75,3056
2026-09-28T12:00:00+05:30,30590.0,30637.25,30580.0,30611.5,2899
2026-09-28T12:15:00+05:30,30612.0,30648.75,30610.0,30646.25,1284
2026-09-28T12:30:00+05:30,30645.5,30646.5,30590.5,30595.5,2221
2026-09-28T12:45:00+05:30,30595.25,30618.0,30587.75,30595.75,1985
2026-09-28T13:00:00+05:30,30596.0,30613.25,30564.25,30578.25,2154
2026-09-28T13:15:00+05:30,30578.5,30630.25,30578.5,30609.75,2044
2026-09-28T13:30:00+05:30,30610.5,30637.25,30589.25,30633.25,2517
2026-09-28T13:45:00+05:30,30633.0,30640.0,30592.5,30622.75,1970
2026-09-28T14:00:00+05:30,30622.5,30630.25,30571.0,30588.25,1887
2026-09-28T14:15:00+05:30,30586.75,30600.5,30575.75,30580.0,1246
2026-09-28T14:30:00+05:30,30578.75,30606.5,30531.0,30543.75,4067
2026-09-28T14:45:00+05:30,30544.0,30590.25,30535.75,30587.75,2931
2026-09-28T15:00:00+05:30,30587.75,30594.5,30559.25,30594.5,1619
2026-09-28T15:15:00+05:30,30594.0,30607.25,30582.5,30591.75,1519
2026-09-28T15:30:00+05:30,30592.0,30607.0,30549.0,30568.5,2378
2026-09-28T15:45:00+05:30,30568.5,30579.25,30559.5,30576.0,1063
2026-09-28T16:00:00+05:30,30575.25,30585.5,30561.5,30576.25,982
2026-09-28T16:15:00+05:30,30575.5,30616.25,30573.75,30584.5,2177
2026-09-28T16:30:00+05:30,30585.75,30648.5,30585.75,30594.0,6147
2026-09-28T16:45:00+05:30,30593.0,30642.75,30588.75,30641.5,3420
2026-09-28T17:00:00+05:30,30641.25,30645.0,30619.5,30644.0,1785
2026-09-28T17:15:00+05:30,30643.25,30649.0,30624.25,30641.25,1540
2026-09-28T17:30:00+05:30,30639.5,30718.25,30612.5,30703.75,6562
2026-09-28T17:45:00+05:30,30702.25,30735.75,30688.25,30694.0,3993
2026-09-28T18:00:00+05:30,30694.5,30728.0,30691.75,30727.75,3888
2026-09-28T18:15:00+05:30,30728.0,30753.0,30720.5,30739.0,4147
2026-09-28T18:30:00+05:30,30739.25,30740.25,30697.0,30708.75,4642
2026-09-28T18:45:00+05:30,30709.0,30724.75,30691.0,30717.75,6161
2026-09-28T19:00:00+05:30,30718.0,30759.25,30600.75,30611.5,43108
2026-09-28T19:15:00+05:30,30612.25,30668.5,30583.0,30651.25,32255
2026-09-28T19:30:00+05:30,30651.5,30658.0,30503.0,30522.0,27893
2026-09-28T19:45:00+05:30,30521.5,30601.0,30520.5,30547.5,21237
2026-09-28T20:00:00+05:30,30547.75,30563.5,30425.25,30428.25,25573
2026-09-28T20:15:00+05:30,30428.25,30434.0,30356.75,30410.0,34647
2026-09-28T20:30:00+05:30,30410.0,30502.5,30404.75,30482.25,22212
2026-09-28T20:45:00+05:30,30482.75,30502.25,30447.75,30494.25,16647
2026-09-28T21:00:00+05:30,30494.25,30531.25,30455.75,30473.5,16663
2026-09-28T21:15:00+05:30,30474.0,30528.0,30462.75,30522.25,12037
2026-09-28T21:30:00+05:30,30522.25,30536.75,30498.5,30516.5,10271
2026-09-28T21:45:00+05:30,30515.25,30722.0,30511.0,30683.5,42630
2026-09-28T22:00:00+05:30,30683.5,30688.5,30589.25,30600.75,23393
2026-09-28T22:15:00+05:30,30600.75,30624.75,30587.5,30602.25,12887
2026-09-28T22:30:00+05:30,30602.0,30694.0,30564.25,30691.75,27706
2026-09-28T22:45:00+05:30,30691.0,30691.0,30598.5,30614.0,19060
2026-09-28T23:00:00+05:30,30613.5,30645.0,30613.25,30624.5,7792
2026-09-28T23:15:00+05:30,30624.75,30640.25,30611.25,30625.75,7280
2026-09-28T23:30:00+05:30,30625.75,30645.5,30602.25,30639.25,7628
2026-09-28T23:45:00+05:30,30639.75,30646.25,30605.0,30621.0,5764
2026-09-29T00:00:00+05:30,30621.0,30631.75,30578.75,30625.75,10319
2026-09-29T00:15:00+05:30,30625.5,30650.0,30610.0,30637.75,10344
2026-09-29T00:30:00+05:30,30639.25,30641.25,30573.5,30576.75,10714
2026-09-29T00:45:00+05:30,30576.5,30605.75,30568.75,30596.25,10558
2026-09-29T01:00:00+05:30,30595.75,30598.5,30541.0,30560.5,12325
2026-09-29T01:15:00+05:30,30561.0,30575.75,30534.75,30567.5,27329
2026-09-29T01:30:00+05:30,30567.5,30578.0,30548.25,30557.5,7106
2026-09-29T01:45:00+05:30,30557.5,30567.0,30553.0,30564.25,1846
2026-09-29T02:00:00+05:30,30564.0,30566.0,30550.5,30551.0,1624
2026-09-29T02:15:00+05:30,30551.25,30566.5,30533.0,30556.75,2270
2026-09-29T03:30:00+05:30,30560.5,30616.0,30536.25,30601.75,2893
2026-09-29T03:45:00+05:30,30602.25,30612.25,30590.75,30598.5,854
2026-09-29T04:00:00+05:30,30598.5,30601.75,30587.0,30598.5,635
2026-09-29T04:15:00+05:30,30598.25,30605.75,30591.0,30599.75,600
2026-09-29T04:30:00+05:30,30598.5,30601.0,30591.5,30593.5,292
2026-09-29T04:45:00+05:30,30595.0,30612.25,30593.75,30607.25,602
2026-09-29T05:00:00+05:30,30606.75,30612.0,30590.25,30601.75,649
2026-09-29T05:15:00+05:30,30602.75,30604.0,30568.0,30579.25,1835
2026-09-29T05:30:00+05:30,30580.0,30607.0,30569.0,30592.5,3365
2026-09-29T05:45:00+05:30,30592.75,30597.0,30521.5,30529.25,3852
2026-09-29T06:00:00+05:30,30529.75,30562.75,30513.0,30548.75,2338
2026-09-29T06:15:00+05:30,30548.75,30550.0,30494.75,30495.0,2459
2026-09-29T06:30:00+05:30,30493.5,30529.25,30471.75,30476.5,2913
2026-09-29T06:45:00+05:30,30475.5,30485.75,30430.0,30484.25,5064
2026-09-29T07:00:00+05:30,30484.5,30516.0,30475.25,30508.0,2921
2026-09-29T07:15:00+05:30,30508.0,30518.0,30487.5,30501.0,1692
2026-09-29T07:30:00+05:30,30501.25,30522.5,30478.0,30513.5,1605
2026-09-29T07:45:00+05:30,30513.5,30537.5,30498.25,30512.25,1854
2026-09-29T08:00:00+05:30,30512.0,30518.5,30470.5,30484.25,1533
2026-09-29T08:15:00+05:30,30484.0,30490.0,30440.75,30462.25,1799
2026-09-29T08:30:00+05:30,30464.0,30478.0,30409.25,30421.25,3022
2026-09-29T08:45:00+05:30,30421.5,30476.75,30420.0,30473.25,2049
2026-09-29T09:00:00+05:30,30471.5,30499.0,30457.75,30484.75,1461
2026-09-29T09:15:00+05:30,30485.5,30486.0,30433.0,30444.75,1392
2026-09-29T09:30:00+05:30,30444.0,30450.75,30427.0,30433.75,1497
2026-09-29T09:45:00+05:30,30432.75,30451.75,30427.0,30428.25,980
2026-09-29T10:00:00+05:30,30426.5,30438.25,30419.25,30427.25,1166
2026-09-29T10:15:00+05:30,30427.5,30445.0,30419.5,30431.25,735
2026-09-29T10:30:00+05:30,30432.0,30452.5,30418.5,30439.5,1028
2026-09-29T10:45:00+05:30,30440.0,30457.75,30419.25,30424.25,1070
2026-09-29T11:00:00+05:30,30424.0,30425.75,30372.25,30404.5,3548
2026-09-29T11:15:00+05:30,30403.75,30432.0,30390.5,30431.0,2009
2026-09-29T11:30:00+05:30,30432.5,30505.5,30425.5,30497.0,3257
2026-09-29T11:45:00+05:30,30498.0,30527.75,30469.5,30524.5,2246
2026-09-29T12:00:00+05:30,30524.75,30556.5,30524.75,30555.75,2143
2026-09-29T12:15:00+05:30,30555.75,30558.0,30536.75,30548.25,1395
2026-09-29T12:30:00+05:30,30548.75,30564.75,30527.75,30559.75,2167
2026-09-29T12:45:00+05:30,30560.5,30596.0,30550.0,30577.25,1663
2026-09-29T13:00:00+05:30,30578.5,30626.5,30575.25,30588.25,2819
2026-09-29T13:15:00+05:30,30589.5,30596.0,30578.75,30581.25,927
2026-09-29T13:30:00+05:30,30580.75,30610.5,30569.75,30582.25,2163
2026-09-29T13:45:00+05:30,30583.25,30635.25,30583.25,30605.0,1909
2026-09-29T14:00:00+05:30,30606.25,30626.5,30594.0,30626.5,1155
2026-09-29T14:15:00+05:30,30626.0,30628.0,30581.0,30600.0,1630
2026-09-29T14:30:00+05:30,30599.75,30607.5,30572.75,30575.5,1307
2026-09-29T14:45:00+05:30,30575.75,30577.25,30545.75,30550.0,1452
2026-09-29T15:00:00+05:30,30550.25,30580.25,30537.75,30580.25,1478
2026-09-29T15:15:00+05:30,30580.5,30597.5,30558.0,30568.25,2064
2026-09-29T15:30:00+05:30,30567.5,30616.25,30565.25,30605.0,1905
2026-09-29T15:45:00+05:30,30605.75,30609.75,30584.5,30609.5,1264
2026-09-29T16:00:00+05:30,30610.0,30619.5,30590.25,30615.0,1233
2026-09-29T16:15:00+05:30,30615.0,30643.25,30608.25,30642.0,1896
2026-09-29T16:30:00+05:30,30642.25,30669.0,30629.0,30638.75,2642
2026-09-29T16:45:00+05:30,30639.5,30654.5,30634.5,30645.0,1571
2026-09-29T17:00:00+05:30,30646.25,30666.5,30638.5,30659.25,1679
2026-09-29T17:15:00+05:30,30659.25,30707.0,30636.5,30682.0,4853
2026-09-29T17:30:00+05:30,30681.25,30708.75,30678.5,30699.5,2556
2026-09-29T17:45:00+05:30,30699.25,30717.75,30655.25,30675.5,3719
2026-09-29T18:00:00+05:30,30674.25,30680.5,30644.0,30652.25,3649
2026-09-29T18:15:00+05:30,30652.75,30653.0,30629.0,30632.0,2480
2026-09-29T18:30:00+05:30,30631.25,30666.25,30629.75,30665.5,4241
2026-09-29T18:45:00+05:30,30666.0,30709.75,30655.0,30708.75,6281
2026-09-29T19:00:00+05:30,30708.75,30725.5,30545.5,30566.5,47406
2026-09-29T19:15:00+05:30,30567.0,30656.25,30558.75,30608.25,28705
2026-09-29T19:30:00+05:30,30608.25,30659.25,30589.25,30627.75,24910
2026-09-29T19:45:00+05:30,30628.0,30698.5,30598.25,30670.0,28819
2026-09-29T20:00:00+05:30,30670.25,30700.0,30657.25,30669.75,18014
2026-09-29T20:15:00+05:30,30669.5,30706.25,30641.25,30663.25,16672
2026-09-29T20:30:00+05:30,30663.0,30665.75,30593.5,30637.25,18813
2026-09-29T20:45:00+05:30,30637.75,30648.75,30531.25,30555.0,21064
2026-09-29T21:00:00+05:30,30555.25,30613.25,30543.75,30577.5,17276
2026-09-29T21:15:00+05:30,30578.0,30612.0,30552.5,30587.75,20931
2026-09-29T21:30:00+05:30,30588.0,30594.0,30551.5,30559.0,10781
2026-09-29T21:45:00+05:30,30559.25,30591.0,30550.5,30583.5,9550
2026-09-29T22:00:00+05:30,30584.0,30584.75,30518.0,30518.75,12004
2026-09-29T22:15:00+05:30,30518.75,30567.75,30504.5,30538.0,13667
2026-09-29T22:30:00+05:30,30537.5,30548.5,30513.25,30543.25,9786
2026-09-29T22:45:00+05:30,30542.5,30581.25,30521.25,30568.25,9238
2026-09-29T23:00:00+05:30,30567.75,30584.75,30538.75,30559.0,8232
2026-09-29T23:15:00+05:30,30559.5,30570.0,30508.25,30521.25,9831
2026-09-29T23:30:00+05:30,30522.75,30597.75,30522.5,30589.0,20902
2026-09-29T23:45:00+05:30,30588.5,30621.75,30584.5,30602.75,12055
2026-09-30T00:00:00+05:30,30602.5,30660.75,30580.75,30639.5,14131
2026-09-30T00:15:00+05:30,30639.0,30655.0,30624.5,30646.5,8681
2026-09-30T00:30:00+05:30,30647.0,30656.5,30615.5,30623.0,8138
2026-09-30T00:45:00+05:30,30623.25,30643.0,30617.5,30625.25,7580
2026-09-30T01:00:00+05:30,30625.5,30639.75,30599.75,30601.25,7917
2026-09-30T01:15:00+05:30,30602.0,30648.0,30592.25,30617.5,25231
2026-09-30T01:30:00+05:30,30617.5,30645.0,30613.75,30629.5,6707
2026-09-30T01:45:00+05:30,30629.75,30657.75,30626.75,30655.25,2249
2026-09-30T02:00:00+05:30,30654.5,30677.25,30648.5,30674.75,2013
2026-09-30T02:15:00+05:30,30674.5,30676.0,30648.25,30652.75,1508
2026-09-30T03:30:00+05:30,30657.25,30703.25,30655.0,30688.5,1961
2026-09-30T03:45:00+05:30,30688.25,30708.75,30677.0,30680.25,1741
2026-09-30T04:00:00+05:30,30681.0,30685.25,30661.0,30669.5,1679
2026-09-30T04:15:00+05:30,30668.75,30673.5,30661.25,30669.0,581
2026-09-30T04:30:00+05:30,30669.0,30684.5,30663.5,30681.0,831
2026-09-30T04:45:00+05:30,30680.75,30688.5,30670.5,30678.75,801
2026-09-30T05:00:00+05:30,30679.25,30703.25,30670.75,30695.25,1361
2026-09-30T05:15:00+05:30,30695.75,30714.0,30693.0,30713.5,1206
2026-09-30T05:30:00+05:30,30712.0,30737.0,30705.25,30730.0,3239
2026-09-30T05:45:00+05:30,30728.25,30735.25,30691.75,30697.5,3197
2026-09-30T06:00:00+05:30,30697.25,30713.25,30676.25,30678.25,2304
2026-09-30T06:15:00+05:30,30678.25,30679.0,30643.5,30653.5,2548
2026-09-30T06:30:00+05:30,30655.0,30669.5,30633.5,30641.75,2639
2026-09-30T06:45:00+05:30,30642.0,30651.25,30630.0,30631.75,1407
2026-09-30T07:00:00+05:30,30632.75,30655.0,30624.75,30641.0,1932
2026-09-30T07:15:00+05:30,30643.75,30650.0,30631.0,30647.5,967
2026-09-30T07:30:00+05:30,30647.0,30657.75,30597.25,30610.25,2853
2026-09-30T07:45:00+05:30,30610.75,30630.75,30600.75,30607.5,1520
2026-09-30T08:00:00+05:30,30606.5,30609.75,30571.0,30591.0,2018
2026-09-30T08:15:00+05:30,30590.75,30621.5,30586.25,30597.0,1569
2026-09-30T08:30:00+05:30,30596.25,30610.75,30595.0,30602.25,925
2026-09-30T08:45:00+05:30,30602.5,30612.25,30590.75,30609.25,866
2026-09-30T09:00:00+05:30,30609.25,30648.75,30604.5,30637.75,1877
2026-09-30T09:15:00+05:30,30638.5,30644.25,30628.75,30640.0,671
2026-09-30T09:30:00+05:30,30639.0,30657.0,30631.25,30656.25,1006
2026-09-30T09:45:00+05:30,30657.0,30660.5,30644.25,30654.0,866
2026-09-30T10:00:00+05:30,30654.5,30676.5,30649.5,30670.0,1323
2026-09-30T10:15:00+05:30,30670.75,30672.5,30637.75,30648.25,1019
2026-09-30T10:30:00+05:30,30647.75,30661.5,30598.75,30598.75,1748
2026-09-30T10:45:00+05:30,30598.75,30618.25,30580.0,30610.75,2107
2026-09-30T11:00:00+05:30,30612.0,30648.75,30609.75,30618.75,2070
2026-09-30T11:15:00+05:30,30619.25,30637.75,30583.0,30614.5,2198
2026-09-30T11:30:00+05:30,30612.5,30630.75,30592.25,30592.25,2160
2026-09-30T11:45:00+05:30,30591.25,30612.0,30589.75,30597.5,1424
2026-09-30T12:00:00+05:30,30596.75,30601.25,30549.75,30568.75,2819
2026-09-30T12:15:00+05:30,30568.0,30609.5,30539.75,30588.25,2468
2026-09-30T12:30:00+05:30,30586.5,30635.0,30582.0,30630.75,2857
2026-09-30T12:45:00+05:30,30629.25,30684.75,30628.25,30657.75,3480
2026-09-30T13:00:00+05:30,30657.0,30693.25,30652.5,30679.0,1864
2026-09-30T13:15:00+05:30,30680.0,30691.75,30676.0,30691.25,1044
2026-09-30T13:30:00+05:30,30689.25,30707.25,30655.25,30656.75,2405
2026-09-30T13:45:00+05:30,30657.5,30672.25,30650.0,30664.0,1188
2026-09-30T14:00:00+05:30,30665.0,30671.25,30636.25,30639.25,1473
2026-09-30T14:15:00+05:30,30637.5,30656.5,30620.0,30621.0,1371
2026-09-30T14:30:00+05:30,30620.25,30631.5,30588.25,30631.0,2500
2026-09-30T14:45:00+05:30,30630.75,30634.75,30608.5,30617.0,1255
2026-09-30T15:00:00+05:30,30615.75,30641.5,30593.75,30605.0,1203
2026-09-30T15:15:00+05:30,30605.25,30617.25,30604.0,30614.25,695
2026-09-30T15:30:00+05:30,30614.25,30614.25,30581.0,30581.5,1277
2026-09-30T15:45:00+05:30,30581.25,30605.0,30572.0,30590.0,2097
2026-09-30T16:00:00+05:30,30589.75,30600.5,30578.0,30591.75,1020
2026-09-30T16:15:00+05:30,30591.25,30607.25,30585.0,30590.25,973
2026-09-30T16:30:00+05:30,30590.25,30590.25,30525.0,30538.0,2860
2026-09-30T16:45:00+05:30,30539.0,30586.5,30512.25,30576.0,3098
2026-09-30T17:00:00+05:30,30575.5,30606.0,30568.5,30592.75,2041
2026-09-30T17:15:00+05:30,30591.75,30599.0,30550.0,30590.25,2784
2026-09-30T17:30:00+05:30,30589.0,30600.0,30553.75,30577.0,3014
2026-09-30T17:45:00+05:30,30574.0,30623.0,30535.5,30623.0,3730
2026-09-30T18:00:00+05:30,30623.25,30779.5,30607.5,30718.75,19215
2026-09-30T18:15:00+05:30,30718.5,30743.75,30672.75,30714.25,8990
2026-09-30T18:30:00+05:30,30715.0,30767.5,30712.0,30738.75,8686
2026-09-30T18:45:00+05:30,30739.25,30746.25,30688.0,30699.25,9247
2026-09-30T19:00:00+05:30,30699.5,30809.75,30683.0,30768.0,46216
2026-09-30T19:15:00+05:30,30768.75,30843.75,30717.75,30841.25,34097
2026-09-30T19:30:00+05:30,30840.75,30894.75,30804.75,30830.5,27295
2026-09-30T19:45:00+05:30,30831.0,30866.75,30802.0,30827.25,20453
2026-09-30T20:00:00+05:30,30827.5,30845.5,30780.25,30797.0,22269
2026-09-30T20:15:00+05:30,30797.5,30882.5,30792.5,30843.5,17283
2026-09-30T20:30:00+05:30,30843.75,30854.0,30813.25,30827.75,17047
2026-09-30T20:45:00+05:30,30827.25,30857.5,30806.0,30856.0,12197
2026-09-30T21:00:00+05:30,30855.75,30877.75,30825.25,30833.75,14307
2026-09-30T21:15:00+05:30,30832.25,30906.0,30826.5,30879.25,15382
2026-09-30T21:30:00+05:30,30878.75,30896.75,30866.0,30890.25,9860
2026-09-30T21:45:00+05:30,30890.75,30893.0,30845.25,30846.5,8043
2026-09-30T22:00:00+05:30,30846.75,30866.5,30819.75,30861.5,10636
2026-09-30T22:15:00+05:30,30861.25,30863.0,30834.0,30861.25,6806
2026-09-30T22:30:00+05:30,30860.75,30871.0,30831.5,30835.5,7096
2026-09-30T22:45:00+05:30,30835.0,30835.5,30760.5,30788.75,14434
2026-09-30T23:00:00+05:30,30789.0,30837.5,30788.25,30826.25,9471
2026-09-30T23:15:00+05:30,30826.5,30863.75,30816.0,30856.5,10009
2026-09-30T23:30:00+05:30,30856.5,30864.75,30819.25,30857.0,10360
2026-09-30T23:45:00+05:30,30857.0,30859.25,30807.75,30832.5,9919
2026-10-01T00:00:00+05:30,30832.0,30837.5,30794.5,30825.75,10416
2026-10-01T00:15:00+05:30,30825.5,30828.0,30790.5,30812.0,8181
2026-10-01T00:30:00+05:30,30812.75,30855.0,30811.25,30848.75,9394
2026-10-01T00:45:00+05:30,30849.0,30849.5,30825.75,30833.25,7605
2026-10-01T01:00:00+05:30,30833.25,30858.25,30813.5,30826.75,11570
2026-10-01T01:15:00+05:30,30827.25,30842.25,30680.75,30693.75,42932
2026-10-01T01:30:00+05:30,30692.5,30728.25,30636.5,30714.25,22330
2026-10-01T01:45:00+05:30,30714.0,30746.75,30691.25,30740.5,5778
2026-10-01T02:00:00+05:30,30740.25,30751.5,30726.25,30735.5,2640
2026-10-01T02:15:00+05:30,30735.5,30736.5,30712.0,30725.75,2308
2026-10-01T03:30:00+05:30,30707.0,30740.5,30684.5,30734.0,2530
2026-10-01T03:45:00+05:30,30734.25,30754.25,30730.75,30752.75,1246
2026-10-01T04:00:00+05:30,30753.25,30794.75,30749.0,30777.75,1638
2026-10-01T04:15:00+05:30,30777.25,30779.25,30767.75,30771.5,839
2026-10-01T04:30:00+05:30,30771.75,30783.5,30754.25,30762.75,973
2026-10-01T04:45:00+05:30,30763.0,30793.25,30762.0,30782.5,1074
2026-10-01T05:00:00+05:30,30785.25,30834.25,30785.0,30828.0,2036
2026-10-01T05:15:00+05:30,30828.75,30829.75,30816.25,30819.0,920
2026-10-01T05:30:00+05:30,30819.25,30825.0,30782.0,30800.25,2581
2026-10-01T05:45:00+05:30,30799.75,30802.75,30752.25,30757.75,2802
2026-10-01T06:00:00+05:30,30757.75,30787.75,30724.75,30783.0,3029
2026-10-01T06:15:00+05:30,30783.0,30793.75,30755.0,30787.75,1929
2026-10-01T06:30:00+05:30,30788.25,30838.5,30783.0,30817.75,3015
2026-10-01T06:45:00+05:30,30818.0,30841.0,30804.25,30824.0,1770
2026-10-01T07:00:00+05:30,30825.75,30845.5,30817.0,30826.25,1586
2026-10-01T07:15:00+05:30,30828.0,30830.5,30807.0,30821.0,1295
2026-10-01T07:30:00+05:30,30821.75,30845.75,30815.0,30830.75,1639
2026-10-01T07:45:00+05:30,30829.75,30857.75,30820.5,30856.75,1978
2026-10-01T08:00:00+05:30,30856.5,30869.5,30850.25,30863.5,1308
2026-10-01T08:15:00+05:30,30862.0,30867.5,30849.5,30866.0,1315
2026-10-01T08:30:00+05:30,30865.25,30887.5,30863.75,30878.5,1494
2026-10-01T08:45:00+05:30,30878.75,30886.0,30867.75,30875.75,865
2026-10-01T09:00:00+05:30,30877.25,30883.0,30860.0,30882.5,1017
2026-10-01T09:15:00+05:30,30882.25,30933.0,30878.0,30929.25,2852
2026-10-01T09:30:00+05:30,30929.75,30953.75,30927.5,30948.0,2561
2026-10-01T09:45:00+05:30,30947.75,30947.75,30921.0,30935.25,1411
2026-10-01T10:00:00+05:30,30934.75,30961.0,30930.5,30951.0,1925
2026-10-01T10:15:00+05:30,30950.25,30987.5,30948.5,30984.5,2899
2026-10-01T10:30:00+05:30,30984.5,31024.75,30983.5,31019.25,2888
2026-10-01T10:45:00+05:30,31020.25,31067.5,31016.25,31063.75,3250
2026-10-01T11:00:00+05:30,31063.25,31076.75,31052.5,31060.0,2923
2026-10-01T11:15:00+05:30,31061.0,31095.25,31041.25,31094.75,3398
2026-10-01T11:30:00+05:30,31095.0,31151.5,31092.75,31140.0,5280
2026-10-01T11:45:00+05:30,31138.75,31139.0,31109.25,31133.5,3055
2026-10-01T12:00:00+05:30,31132.0,31141.0,31037.0,31047.5,4560
2026-10-01T12:15:00+05:30,31047.0,31069.75,31025.0,31025.0,3033
2026-10-01T12:30:00+05:30,31024.25,31043.25,30953.75,30957.25,4999
2026-10-01T12:45:00+05:30,30958.25,30968.0,30796.5,30803.75,9071
2026-10-01T13:00:00+05:30,30803.25,30879.75,30802.0,30842.25,6853
2026-10-01T13:15:00+05:30,30841.75,30899.5,30818.25,30850.25,4271
2026-10-01T13:30:00+05:30,30852.5,30906.75,30816.75,30827.75,4815
2026-10-01T13:45:00+05:30,30829.5,30837.0,30784.5,30785.75,3931
2026-10-01T14:00:00+05:30,30785.75,30836.0,30757.75,30807.75,5527
2026-10-01T14:15:00+05:30,30807.5,30849.0,30786.75,30843.5,4119
2026-10-01T14:30:00+05:30,30844.0,30887.25,30840.0,30878.5,2459
2026-10-01T14:45:00+05:30,30879.75,30901.5,30863.0,30897.5,2214
2026-10-01T15:00:00+05:30,30897.5,30904.0,30852.75,30860.75,1629
2026-10-01T15:15:00+05:30,30859.5,30884.25,30837.0,30853.5,1562
2026-10-01T15:30:00+05:30,30853.25,30867.75,30784.25,30847.75,3373
2026-10-01T15:45:00+05:30,30848.0,30887.5,30832.75,30877.0,2584
2026-10-01T16:00:00+05:30,30876.5,30930.0,30876.0,30923.25,3066
2026-10-01T16:15:00+05:30,30924.25,30949.75,30922.0,30938.75,2843
2026-10-01T16:30:00+05:30,30938.25,30941.5,30861.25,30863.25,3613
2026-10-01T16:45:00+05:30,30863.5,30864.5,30814.75,30838.5,2904
2026-10-01T17:00:00+05:30,30837.75,30886.75,30833.25,30879.0,2578
2026-10-01T17:15:00+05:30,30879.25,30908.75,30877.0,30881.0,2299
2026-10-01T17:30:00+05:30,30881.0,30889.75,30850.0,30852.5,2743
2026-10-01T17:45:00+05:30,30852.0,30870.75,30830.0,30858.75,3814
2026-10-01T18:00:00+05:30,30856.75,30878.5,30844.75,30846.75,3696
2026-10-01T18:15:00+05:30,30846.0,30859.0,30813.25,30816.5,4082
2026-10-01T18:30:00+05:30,30817.25,30858.0,30808.0,30832.25,4932
2026-10-01T18:45:00+05:30,30832.25,30834.25,30790.0,30797.0,6316
2026-10-01T19:00:00+05:30,30796.5,30856.0,30734.25,30759.75,60008
2026-10-01T19:15:00+05:30,30759.75,30800.75,30700.5,30746.0,35281
2026-10-01T19:30:00+05:30,30748.5,30754.0,30590.0,30657.5,48279
2026-10-01T19:45:00+05:30,30657.0,30670.5,30560.75,30619.75,34306
2026-10-01T20:00:00+05:30,30618.5,30726.5,30601.75,30677.75,30587
2026-10-01T20:15:00+05:30,30680.0,30712.75,30609.0,30636.0,29474
2026-10-01T20:30:00+05:30,30635.75,30638.5,30529.25,30618.25,27427
2026-10-01T20:45:00+05:30,30617.75,30680.5,30601.75,30634.0,22638
2026-10-01T21:00:00+05:30,30634.75,30637.25,30544.25,30568.25,26379
2026-10-01T21:15:00+05:30,30568.0,30633.5,30543.5,30611.5,22230
2026-10-01T21:30:00+05:30,30612.5,30641.5,30580.0,30598.5,16317
2026-10-01T21:45:00+05:30,30599.0,30644.0,30593.0,30611.5,11249
2026-10-01T22:00:00+05:30,30610.75,30673.75,30606.75,30640.25,12223
2026-10-01T22:15:00+05:30,30639.5,30660.75,30555.75,30595.25,13529
2026-10-01T22:30:00+05:30,30595.25,30684.0,30589.0,30663.0,13573
2026-10-01T22:45:00+05:30,30662.75,30807.25,30659.25,30799.0,23043
2026-10-01T23:00:00+05:30,30798.5,30866.5,30798.0,30849.5,26911
2026-10-01T23:15:00+05:30,30849.5,30883.5,30775.0,30794.75,25349
2026-10-01T23:30:00+05:30,30794.75,30803.75,30705.0,30741.0,23961
2026-10-01T23:45:00+05:30,30741.5,30809.0,30732.75,30800.5,17277
2026-10-02T00:00:00+05:30,30800.75,30841.75,30778.75,30806.5,12597
2026-10-02T00:15:00+05:30,30807.0,30841.25,30801.0,30839.75,9313
2026-10-02T00:30:00+05:30,30840.5,30850.75,30794.75,30800.0,9499
2026-10-02T00:45:00+05:30,30800.0,30811.75,30786.75,30804.0,6003
2026-10-02T01:00:00+05:30,30804.25,30826.0,30788.0,30810.0,8573
2026-10-02T01:15:00+05:30,30809.5,30856.5,30747.75,30772.75,28792
2026-10-02T01:30:00+05:30,30772.75,30814.0,30769.0,30809.25,8002
2026-10-02T01:45:00+05:30,30809.25,30815.75,30795.5,30799.75,1668
2026-10-02T02:00:00+05:30,30799.5,30801.75,30779.0,30781.25,1797
2026-10-02T02:15:00+05:30,30781.25,30788.5,30762.0,30771.25,1780
2026-10-02T03:30:00+05:30,30771.25,30810.25,30760.25,30791.75,1955
2026-10-02T03:45:00+05:30,30791.25,30793.5,30776.75,30788.75,657
2026-10-02T04:00:00+05:30,30790.0,30808.0,30788.75,30800.0,781
2026-10-02T04:15:00+05:30,30800.0,30835.75,30795.75,30830.5,1657
2026-10-02T04:30:00+05:30,30829.75,30852.25,30818.25,30849.75,1519
2026-10-02T04:45:00+05:30,30849.5,30854.75,30833.5,30836.5,764
2026-10-02T05:00:00+05:30,30838.75,30839.75,30797.75,30817.75,1393
2026-10-02T05:15:00+05:30,30816.5,30844.25,30803.25,30840.25,1298
2026-10-02T05:30:00+05:30,30839.0,30860.75,30810.0,30848.5,2917
2026-10-02T05:45:00+05:30,30848.5,30920.0,30841.75,30844.5,5321
2026-10-02T06:00:00+05:30,30843.75,30866.75,30824.75,30838.75,2298
2026-10-02T06:15:00+05:30,30840.0,30864.0,30834.25,30844.75,1459
2026-10-02T06:30:00+05:30,30845.0,30854.25,30823.0,30841.75,1442
2026-10-02T06:45:00+05:30,30842.0,30847.75,30804.0,30821.0,1845
2026-10-02T07:00:00+05:30,30821.5,30828.5,30791.5,30809.5,1552
2026-10-02T07:15:00+05:30,30809.0,30866.0,30805.75,30864.5,2044
2026-10-02T07:30:00+05:30,30864.75,30869.0,30842.75,30863.25,1284
2026-10-02T07:45:00+05:30,30862.25,30884.75,30848.25,30864.0,1658
2026-10-02T08:00:00+05:30,30865.5,30872.0,30855.75,30867.5,618
2026-10-02T08:15:00+05:30,30871.0,30893.5,30868.75,30889.75,1600
2026-10-02T08:30:00+05:30,30892.0,30900.0,30866.75,30883.75,1176
2026-10-02T08:45:00+05:30,30882.75,30890.0,30875.5,30878.5,738
2026-10-02T09:00:00+05:30,30877.5,30886.25,30867.75,30879.5,741
2026-10-02T09:15:00+05:30,30880.0,30889.5,30862.75,30882.0,940
2026-10-02T09:30:00+05:30,30882.75,30903.5,30882.75,30895.75,1390
2026-10-02T09:45:00+05:30,30896.25,30906.5,30891.0,30898.5,940
2026-10-02T10:00:00+05:30,30898.75,30902.0,30886.5,30891.75,598
2026-10-02T10:15:00+05:30,30892.75,30920.0,30883.25,30919.25,1199
2026-10-02T10:30:00+05:30,30919.25,30935.75,30896.5,30907.0,1642
2026-10-02T10:45:00+05:30,30906.0,30909.5,30884.5,30887.0,1279
2026-10-02T11:00:00+05:30,30886.75,30894.0,30871.75,30885.0,1164
2026-10-02T11:15:00+05:30,30885.5,30886.5,30864.25,30874.5,938
2026-10-02T11:30:00+05:30,30874.0,30902.75,30871.0,30882.0,1918
2026-10-02T11:45:00+05:30,30881.5,30882.75,30853.5,30864.0,1760
2026-10-02T12:00:00+05:30,30864.5,30879.75,30856.5,30863.5,1973
2026-10-02T12:15:00+05:30,30862.75,30880.5,30839.5,30877.5,1836
2026-10-02T12:30:00+05:30,30876.5,30934.5,30866.75,30932.0,2886
2026-10-02T12:45:00+05:30,30932.25,30937.25,30875.25,30886.0,2256
2026-10-02T13:00:00+05:30,30886.5,30928.5,30876.5,30923.5,1475
2026-10-02T13:15:00+05:30,30924.5,30990.0,30920.25,30973.25,3479
2026-10-02T13:30:00+05:30,30974.0,31026.5,30953.0,31007.5,4073
2026-10-02T13:45:00+05:30,31007.75,31013.25,30977.0,30994.25,2956
2026-10-02T14:00:00+05:30,30994.5,31017.5,30979.5,30987.75,2023
2026-10-02T14:15:00+05:30,30988.5,31029.5,30988.5,31015.75,1524
2026-10-02T14:30:00+05:30,31017.0,31023.0,30984.0,31013.5,1516
2026-10-02T14:45:00+05:30,31010.0,31027.0,31004.25,31014.5,1662
2026-10-02T15:00:00+05:30,31013.5,31019.25,30994.5,31008.5,1341
2026-10-02T15:15:00+05:30,31008.5,31035.5,30994.75,31005.75,2547
2026-10-02T15:30:00+05:30,31005.75,31008.5,30960.0,30969.0,1953
2026-10-02T15:45:00+05:30,30969.0,30979.0,30940.0,30978.25,2334
2026-10-02T16:00:00+05:30,30977.75,30998.75,30966.75,30989.75,1561
2026-10-02T16:15:00+05:30,30990.75,30995.5,30978.0,30986.5,1026
2026-10-02T16:30:00+05:30,30986.5,31000.0,30951.0,30968.0,2489
2026-10-02T16:45:00+05:30,30968.25,30994.5,30953.75,30984.25,1926
2026-10-02T17:00:00+05:30,30983.75,30987.0,30938.25,30951.25,2188
2026-10-02T17:15:00+05:30,30952.75,30953.5,30913.25,30935.75,2875
2026-10-02T17:30:00+05:30,30934.75,30958.0,30918.0,30945.25,2874
2026-10-02T17:45:00+05:30,30944.25,30999.0,30934.5,30990.0,3643
2026-10-02T18:00:00+05:30,30989.75,31146.75,30986.0,31103.25,17602
2026-10-02T18:15:00+05:30,31104.25,31179.0,31089.25,31169.0,7965
2026-10-02T18:30:00+05:30,31169.0,31222.25,31154.5,31165.75,14360
2026-10-02T18:45:00+05:30,31165.0,31182.5,31146.0,31148.5,7592
2026-10-02T19:00:00+05:30,31147.75,31181.75,31056.25,31177.75,45239
2026-10-02T19:15:00+05:30,31177.25,31201.5,31106.5,31185.0,35391
2026-10-02T19:30:00+05:30,31185.25,31259.5,31157.0,31226.5,28878
2026-10-02T19:45:00+05:30,31226.5,31282.5,31217.75,31265.5,19524
2026-10-02T20:00:00+05:30,31265.25,31273.5,31225.0,31240.5,19562
2026-10-02T20:15:00+05:30,31240.75,31253.25,31155.75,31166.5,20844
2026-10-02T20:30:00+05:30,31166.0,31181.25,31037.0,31074.0,29451
2026-10-02T20:45:00+05:30,31073.75,31095.25,30988.0,31063.25,26261
2026-10-02T21:00:00+05:30,31063.0,31094.25,31027.5,31078.25,15841
2026-10-02T21:15:00+05:30,31078.25,31109.75,31055.0,31101.25,16973
2026-10-02T21:30:00+05:30,31102.0,31129.25,31087.25,31117.0,12325
2026-10-02T21:45:00+05:30,31116.0,31130.25,31067.5,31071.25,10668
2026-10-02T22:00:00+05:30,31071.0,31109.25,31044.0,31056.5,9441
2026-10-02T22:15:00+05:30,31057.5,31083.75,31042.0,31071.5,8721
2026-10-02T22:30:00+05:30,31071.75,31108.5,31045.5,31057.5,9009
2026-10-02T22:45:00+05:30,31057.25,31076.75,31001.75,31007.75,11439
2026-10-02T23:00:00+05:30,31007.25,31045.0,30994.75,31030.5,9595
2026-10-02T23:15:00+05:30,31030.75,31061.25,31020.25,31047.75,8815
2026-10-02T23:30:00+05:30,31048.0,31057.5,31028.5,31050.0,5087
2026-10-02T23:45:00+05:30,31050.25,31050.5,31011.25,31036.0,6938
2026-10-03T00:00:00+05:30,31036.0,31046.75,31017.0,31041.75,5936
2026-10-03T00:15:00+05:30,31041.5,31055.5,31036.0,31043.0,4720
2026-10-03T00:30:00+05:30,31043.75,31054.0,31026.75,31040.0,6870
2026-10-03T00:45:00+05:30,31040.25,31061.5,31032.25,31050.5,10178
2026-10-03T01:00:00+05:30,31050.5,31090.75,31049.25,31069.0,9483
2026-10-03T01:15:00+05:30,31069.0,31090.0,31039.5,31070.0,22586
2026-10-03T01:30:00+05:30,31070.25,31094.0,31063.5,31086.5,7186
2026-10-03T01:45:00+05:30,31086.0,31090.0,31069.0,31072.75,1326
2026-10-03T02:00:00+05:30,31073.0,31076.0,31054.0,31058.25,1442
2026-10-03T02:15:00+05:30,31059.0,31060.0,31043.75,31049.0,1141
