time,open,high,low,close,Volume
2026-05-06T02:00:00+05:30,102.64,102.71,102.38,102.55,833
2026-05-06T02:15:00+05:30,102.52,102.75,102.36,102.68,644
2026-05-06T03:30:00+05:30,102.7,102.7,102.45,102.52,219
2026-05-06T03:45:00+05:30,102.56,102.67,102.42,102.45,774
2026-05-06T04:00:00+05:30,102.48,102.53,102.3,102.37,215
2026-05-06T04:15:00+05:30,102.4,102.48,99.12,101.03,4885
2026-05-06T04:30:00+05:30,101.03,101.15,99.19,99.88,3007
2026-05-06T04:45:00+05:30,99.87,100.35,99.61,100.07,1452
2026-05-06T05:00:00+05:30,100.1,100.28,99.76,100.24,907
2026-05-06T05:15:00+05:30,100.23,100.28,99.66,99.8,1104
2026-05-06T05:30:00+05:30,99.8,101.06,99.61,100.88,2810
2026-05-06T05:45:00+05:30,100.9,101.41,100.82,101.25,1549
2026-05-06T06:00:00+05:30,101.25,101.35,100.96,101.06,824
2026-05-06T06:15:00+05:30,101.05,101.29,100.87,100.91,1085
2026-05-06T06:30:00+05:30,100.89,101.29,100.35,101.2,1879
2026-05-06T06:45:00+05:30,101.2,101.24,100.96,100.96,464
2026-05-06T07:00:00+05:30,100.95,100.98,100.11,100.3,1313
2026-05-06T07:15:00+05:30,100.31,100.61,100.28,100.56,660
2026-05-06T07:30:00+05:30,100.57,100.73,100.54,100.62,426
2026-05-06T07:45:00+05:30,100.63,100.71,100.45,100.61,443
2026-05-06T08:00:00+05:30,100.63,100.74,100.57,100.7,276
2026-05-06T08:15:00+05:30,100.71,100.79,100.56,100.64,354
2026-05-06T08:30:00+05:30,100.66,100.94,100.58,100.9,305
2026-05-06T08:45:00+05:30,100.9,100.98,100.8,100.93,272
2026-05-06T09:00:00+05:30,100.93,100.94,100.33,100.4,542
2026-05-06T09:15:00+05:30,100.4,100.59,100.32,100.58,282
2026-05-06T09:30:00+05:30,100.6,100.74,100.57,100.68,176
2026-05-06T09:45:00+05:30,100.67,100.67,100.33,100.36,272
2026-05-06T10:00:00+05:30,100.37,100.43,100.21,100.31,245
2026-05-06T10:15:00+05:30,100.32,100.41,100.27,100.39,304
2026-05-06T10:30:00+05:30,100.39,100.77,100.36,100.76,330
2026-05-06T10:45:00+05:30,100.77,101.37,100.77,100.95,1303
2026-05-06T11:00:00+05:30,100.94,101.08,100.87,100.93,338
2026-05-06T11:15:00+05:30,100.93,101,100.19,100.29,928
2026-05-06T11:30:00+05:30,100.3,100.33,99.74,100.27,1731
2026-05-06T11:45:00+05:30,100.28,100.72,100.22,100.41,731
2026-05-06T12:00:00+05:30,100.44,101.3,100.22,100.82,1593
2026-05-06T12:15:00+05:30,100.83,100.96,100.66,100.85,817
2026-05-06T12:30:00+05:30,100.86,101.19,100.66,100.71,1084
2026-05-06T12:45:00+05:30,100.71,100.74,100.25,100.35,1065
2026-05-06T13:00:00+05:30,100.34,100.75,99.89,99.94,1710
2026-05-06T13:15:00+05:30,99.94,99.94,97.7,97.8,7459
2026-05-06T13:30:00+05:30,97.76,98.67,97.59,98.41,4433
2026-05-06T13:45:00+05:30,98.43,99.09,98.4,99.02,2431
2026-05-06T14:00:00+05:30,99.04,99.07,98.41,98.62,1571
2026-05-06T14:15:00+05:30,98.59,98.93,95.19,95.45,11384
2026-05-06T14:30:00+05:30,95.45,96.33,94.6,95.68,7176
2026-05-06T14:45:00+05:30,95.69,95.78,94.32,95.38,5091
2026-05-06T15:00:00+05:30,95.38,95.58,93.96,94.54,6761
2026-05-06T15:15:00+05:30,94.52,94.65,93.31,93.35,6740
2026-05-06T15:30:00+05:30,93.35,93.39,92.49,93.05,8055
2026-05-06T15:45:00+05:30,93.05,93.18,92.1,93.01,5207
2026-05-06T16:00:00+05:30,93,93.01,91.11,91.53,8735
2026-05-06T16:15:00+05:30,91.52,92.19,89.53,89.81,12539
2026-05-06T16:30:00+05:30,89.79,90.29,88.66,90.05,12757
2026-05-06T16:45:00+05:30,90.03,90.94,89.8,90.51,6183
2026-05-06T17:00:00+05:30,90.49,91.68,90.26,91.56,6128
2026-05-06T17:15:00+05:30,91.56,92.63,91.48,92.56,7804
2026-05-06T17:30:00+05:30,92.56,95.09,92.47,94.88,11195
2026-05-06T17:45:00+05:30,94.77,96.1,94.09,94.14,11120
2026-05-06T18:00:00+05:30,94.13,94.99,94.02,94.71,4929
2026-05-06T18:15:00+05:30,94.71,95.67,94.4,95.42,4956
2026-05-06T18:30:00+05:30,95.42,96.8,95.12,96.08,10540
2026-05-06T18:45:00+05:30,96.06,96.63,95.79,96.28,4521
2026-05-06T19:00:00+05:30,96.28,96.63,95.43,96.34,8004
2026-05-06T19:15:00+05:30,96.34,96.59,95.83,96.04,4998
2026-05-06T19:30:00+05:30,96.03,97.33,94.91,95.14,10117
2026-05-06T19:45:00+05:30,95.14,95.63,94.87,95.63,5708
2026-05-06T20:00:00+05:30,95.63,95.87,94.48,94.77,6151
2026-05-06T20:15:00+05:30,94.77,95.66,94.56,94.78,4798
2026-05-06T20:30:00+05:30,94.77,96.11,94.77,95.53,5300
2026-05-06T20:45:00+05:30,95.52,95.69,94.81,95,4157
2026-05-06T21:00:00+05:30,95,95.54,94.62,95.15,6008
2026-05-06T21:15:00+05:30,95.17,95.56,95.08,95.33,2522
2026-05-06T21:30:00+05:30,95.33,95.72,95.26,95.32,3137
2026-05-06T21:45:00+05:30,95.35,95.41,94.76,94.85,3022
2026-05-06T22:00:00+05:30,94.86,95.1,94.57,95.1,2536
2026-05-06T22:15:00+05:30,95.08,96.35,95.01,95.87,4674
2026-05-06T22:30:00+05:30,95.86,95.95,95.14,95.57,3030
2026-05-06T22:45:00+05:30,95.58,95.72,95.21,95.24,1929
2026-05-06T23:00:00+05:30,95.27,95.69,94.99,95.44,2401
2026-05-06T23:15:00+05:30,95.44,95.52,95.16,95.24,1790
2026-05-06T23:30:00+05:30,95.25,95.31,94.42,94.63,3928
2026-05-06T23:45:00+05:30,94.66,95.26,94.33,95.22,8519
2026-05-07T00:00:00+05:30,95.22,95.24,94.82,95.15,3151
2026-05-07T00:15:00+05:30,95.14,95.29,94.99,95.21,1019
2026-05-07T00:30:00+05:30,95.22,95.24,94.87,95.1,1508
2026-05-07T00:45:00+05:30,95.09,95.19,94.83,95.19,952
2026-05-07T01:00:00+05:30,95.2,95.57,95.16,95.19,1313
2026-05-07T01:15:00+05:30,95.21,95.37,94.9,95.37,1173
2026-05-07T01:30:00+05:30,95.35,95.63,95.06,95.5,915
2026-05-07T01:45:00+05:30,95.53,95.68,95.45,95.57,785
2026-05-07T02:00:00+05:30,95.57,96.34,95.42,96.07,1150
2026-05-07T02:15:00+05:30,96.08,96.37,96.04,96.21,816
2026-05-07T03:30:00+05:30,96.3,96.33,95.62,95.83,544
2026-05-07T03:45:00+05:30,95.86,95.91,95.64,95.86,228
2026-05-07T04:00:00+05:30,95.85,96.24,95.8,96.05,376
2026-05-07T04:15:00+05:30,96.08,96.14,95.82,95.86,206
2026-05-07T04:30:00+05:30,95.85,95.96,95.72,95.89,224
2026-05-07T04:45:00+05:30,95.91,96.02,95.87,95.95,149
2026-05-07T05:00:00+05:30,95.95,96.06,95.91,96.05,206
2026-05-07T05:15:00+05:30,96.03,96.05,95.85,95.89,172
2026-05-07T05:30:00+05:30,95.9,96.48,95.74,95.92,1102
2026-05-07T05:45:00+05:30,95.96,96.35,95.94,96.22,440
2026-05-07T06:00:00+05:30,96.24,96.43,96.1,96.31,389
2026-05-07T06:15:00+05:30,96.31,96.38,96.04,96.15,476
2026-05-07T06:30:00+05:30,96.18,96.45,95.68,95.95,1227
2026-05-07T06:45:00+05:30,95.97,96.11,95.6,95.64,628
2026-05-07T07:00:00+05:30,95.66,95.78,95.51,95.6,374
2026-05-07T07:15:00+05:30,95.58,95.83,95.38,95.43,831
2026-05-07T07:30:00+05:30,95.41,95.46,94.83,95.3,1519
2026-05-07T07:45:00+05:30,95.28,95.73,95.23,95.62,439
2026-05-07T08:00:00+05:30,95.63,95.78,95.47,95.64,407
2026-05-07T08:15:00+05:30,95.63,95.74,95.6,95.7,150
2026-05-07T08:30:00+05:30,95.69,95.87,95.69,95.7,295
2026-05-07T08:45:00+05:30,95.72,95.95,95.69,95.87,225
2026-05-07T09:00:00+05:30,95.9,95.93,95.35,95.61,419
2026-05-07T09:15:00+05:30,95.63,95.88,95.58,95.81,182
2026-05-07T09:30:00+05:30,95.82,95.84,95.69,95.75,95
2026-05-07T09:45:00+05:30,95.75,95.76,95.65,95.72,89
2026-05-07T10:00:00+05:30,95.72,95.83,95.69,95.71,161
2026-05-07T10:15:00+05:30,95.71,95.76,95.5,95.55,383
2026-05-07T10:30:00+05:30,95.55,95.73,95.51,95.62,259
2026-05-07T10:45:00+05:30,95.64,95.77,95.57,95.67,233
2026-05-07T11:00:00+05:30,95.66,95.68,95.4,95.59,279
2026-05-07T11:15:00+05:30,95.58,95.61,95.26,95.36,424
2026-05-07T11:30:00+05:30,95.38,95.56,94.98,95.56,786
2026-05-07T11:45:00+05:30,95.58,95.67,95.43,95.49,499
2026-05-07T12:00:00+05:30,95.49,95.55,94.18,94.26,1751
2026-05-07T12:15:00+05:30,94.28,95.01,94.17,94.63,1853
2026-05-07T12:30:00+05:30,94.66,94.74,92.19,92.24,6929
2026-05-07T12:45:00+05:30,92.25,93.03,91.92,92.8,5776
2026-05-07T13:00:00+05:30,92.79,93.33,92.66,93.18,2388
2026-05-07T13:15:00+05:30,93.17,93.73,93.14,93.33,1957
2026-05-07T13:30:00+05:30,93.33,93.94,92.95,93.56,2280
2026-05-07T13:45:00+05:30,93.59,94.59,93.48,93.9,3783
2026-05-07T14:00:00+05:30,93.91,93.93,93.06,93.38,2208
2026-05-07T14:15:00+05:30,93.37,93.48,92.73,92.88,1101
2026-05-07T14:30:00+05:30,92.88,93.2,92.8,93.12,1066
2026-05-07T14:45:00+05:30,93.11,93.18,92.46,92.47,1216
2026-05-07T15:00:00+05:30,92.5,92.71,92.14,92.41,1402
2026-05-07T15:15:00+05:30,92.38,93.1,92.18,92.87,2106
2026-05-07T15:30:00+05:30,92.89,93.05,92.67,92.7,1276
2026-05-07T15:45:00+05:30,92.71,93,92.24,92.7,1699
2026-05-07T16:00:00+05:30,92.68,93.33,92.65,92.81,1550
2026-05-07T16:15:00+05:30,92.78,93.2,92.68,92.86,1241
2026-05-07T16:30:00+05:30,92.81,92.96,92.27,92.38,1432
2026-05-07T16:45:00+05:30,92.39,92.53,91.33,91.71,4387
2026-05-07T17:00:00+05:30,91.68,91.92,91.5,91.69,1859
2026-05-07T17:15:00+05:30,91.72,92.16,91.7,91.82,1485
2026-05-07T17:30:00+05:30,91.8,92.07,91.24,91.47,3242
2026-05-07T17:45:00+05:30,91.48,91.61,90.53,90.62,5337
2026-05-07T18:00:00+05:30,90.61,90.78,90.31,90.47,3536
2026-05-07T18:15:00+05:30,90.45,90.77,89.85,90.69,5315
2026-05-07T18:30:00+05:30,90.7,91.79,90.68,91.71,7467
2026-05-07T18:45:00+05:30,91.71,91.72,91.01,91.28,4212
2026-05-07T19:00:00+05:30,91.3,91.41,91.06,91.4,2719
2026-05-07T19:15:00+05:30,91.38,92.69,91.13,91.16,8449
2026-05-07T19:30:00+05:30,91.17,91.28,90.33,90.36,4559
2026-05-07T19:45:00+05:30,90.38,91.04,90.3,90.96,4962
2026-05-07T20:00:00+05:30,91,91.58,90.84,91.49,5468
2026-05-07T20:15:00+05:30,91.47,91.55,91.04,91.2,2663
2026-05-07T20:30:00+05:30,91.17,91.83,91.16,91.69,4171
2026-05-07T20:45:00+05:30,91.7,92.7,91.55,92.17,8382
2026-05-07T21:00:00+05:30,92.13,92.22,91.69,92.1,3675
2026-05-07T21:15:00+05:30,92.1,93.43,92.03,93.31,5994
2026-05-07T21:30:00+05:30,93.31,94.3,93.27,94.14,7265
2026-05-07T21:45:00+05:30,94.14,95.08,93.7,94.03,9395
2026-05-07T22:00:00+05:30,94.03,95.33,93.94,95.09,6957
2026-05-07T22:15:00+05:30,95.09,95.89,95.09,95.64,6227
2026-05-07T22:30:00+05:30,95.63,95.93,95.35,95.58,5600
2026-05-07T22:45:00+05:30,95.58,97.46,95.16,97,13207
2026-05-07T23:00:00+05:30,96.99,97.18,95.81,96.08,8177
2026-05-07T23:15:00+05:30,96.1,96.2,94.56,94.88,7666
2026-05-07T23:30:00+05:30,94.88,95.32,94.66,95.13,4996
2026-05-07T23:45:00+05:30,95.12,95.19,94.57,94.89,8049
2026-05-08T00:00:00+05:30,94.89,96.52,94.84,96.22,6098
2026-05-08T00:15:00+05:30,96.21,96.6,95.51,95.61,7167
2026-05-08T00:30:00+05:30,95.64,96.05,95.48,95.79,2566
2026-05-08T00:45:00+05:30,95.77,97.23,95.49,96.66,5767
2026-05-08T01:00:00+05:30,96.69,96.84,95.7,96.32,2573
2026-05-08T01:15:00+05:30,96.3,97.3,95.92,96.36,4341
2026-05-08T01:30:00+05:30,96.37,96.4,94.72,95.61,4510
2026-05-08T01:45:00+05:30,95.58,96.21,95.58,96,1317
2026-05-08T02:00:00+05:30,95.99,97.49,95.85,97.12,3281
2026-05-08T02:15:00+05:30,97.15,97.99,96.9,97.66,2855
2026-05-08T03:30:00+05:30,98.25,98.64,96.94,97.26,2136
2026-05-08T03:45:00+05:30,97.24,97.41,96.12,96.9,1988
2026-05-08T04:00:00+05:30,96.88,97.74,96.7,97.4,1719
2026-05-08T04:15:00+05:30,97.39,97.47,97.06,97.27,705
2026-05-08T04:30:00+05:30,97.25,97.26,96.93,97.14,318
2026-05-08T04:45:00+05:30,97.1,97.14,96.88,96.93,376
2026-05-08T05:00:00+05:30,96.96,97.24,96.93,97,327
2026-05-08T05:15:00+05:30,97.02,97.08,96.69,96.98,302
2026-05-08T05:30:00+05:30,96.99,97.08,96.4,96.64,807
2026-05-08T05:45:00+05:30,96.69,97.3,96.59,97.09,665
2026-05-08T06:00:00+05:30,97.1,97.1,96.81,96.89,214
2026-05-08T06:15:00+05:30,96.88,96.97,96.56,96.59,275
2026-05-08T06:30:00+05:30,96.58,96.59,95.52,96.06,2103
2026-05-08T06:45:00+05:30,96.06,96.11,95.7,95.78,927
2026-05-08T07:00:00+05:30,95.76,96.12,95.74,95.93,798
2026-05-08T07:15:00+05:30,95.92,96.05,95.72,96.03,558
2026-05-08T07:30:00+05:30,96.04,96.04,95.72,95.85,473
2026-05-08T07:45:00+05:30,95.85,95.95,95.73,95.91,437
2026-05-08T08:00:00+05:30,95.92,96.47,95.8,96.3,1157
2026-05-08T08:15:00+05:30,96.29,96.3,95.08,95.75,1314
2026-05-08T08:30:00+05:30,95.7,95.74,95.56,95.65,333
2026-05-08T08:45:00+05:30,95.62,95.72,95.6,95.68,217
2026-05-08T09:00:00+05:30,95.67,95.81,95.36,95.55,423
2026-05-08T09:15:00+05:30,95.58,95.78,95.55,95.71,212
2026-05-08T09:30:00+05:30,95.7,96.03,95.67,96.03,422
2026-05-08T09:45:00+05:30,96.01,96.48,96.01,96.28,641
2026-05-08T10:00:00+05:30,96.28,96.35,96.06,96.24,394
2026-05-08T10:15:00+05:30,96.23,96.3,95.65,95.8,501
2026-05-08T10:30:00+05:30,95.77,95.91,95.31,95.84,881
2026-05-08T10:45:00+05:30,95.8,95.89,95.69,95.79,267
2026-05-08T11:00:00+05:30,95.8,95.83,95.35,95.64,519
2026-05-08T11:15:00+05:30,95.64,95.65,95.36,95.42,260
2026-05-08T11:30:00+05:30,95.43,95.79,94.86,95.2,1182
2026-05-08T11:45:00+05:30,95.21,95.22,94.15,94.62,1809
2026-05-08T12:00:00+05:30,94.62,95.15,94.51,94.86,1550
2026-05-08T12:15:00+05:30,94.87,95.54,94.83,95.14,1325
2026-05-08T12:30:00+05:30,95.12,95.26,94.78,95.22,1119
2026-05-08T12:45:00+05:30,95.23,95.91,95.06,95.47,1862
2026-05-08T13:00:00+05:30,95.48,95.62,95.1,95.26,804
2026-05-08T13:15:00+05:30,95.23,95.56,95.01,95.26,989
2026-05-08T13:30:00+05:30,95.26,95.53,95.13,95.31,1032
2026-05-08T13:45:00+05:30,95.28,95.28,94.38,94.45,1816
2026-05-08T14:00:00+05:30,94.44,94.79,94.17,94.53,1969
2026-05-08T14:15:00+05:30,94.55,94.78,94.17,94.6,1623
2026-05-08T14:30:00+05:30,94.6,94.72,94.05,94.37,1529
2026-05-08T14:45:00+05:30,94.34,94.47,93.82,94.15,1359
2026-05-08T15:00:00+05:30,94.14,94.69,94.07,94.55,926
2026-05-08T15:15:00+05:30,94.59,95.39,94.57,95.15,1844
2026-05-08T15:30:00+05:30,95.16,95.3,94.67,95.2,1241
2026-05-08T15:45:00+05:30,95.18,95.23,94.53,94.67,1278
2026-05-08T16:00:00+05:30,94.67,94.74,94.45,94.69,814
2026-05-08T16:15:00+05:30,94.71,95.3,94.56,94.89,1793
2026-05-08T16:30:00+05:30,94.93,94.94,94.21,94.83,1714
2026-05-08T16:45:00+05:30,94.81,94.92,94.53,94.61,802
2026-05-08T17:00:00+05:30,94.6,95.03,94.6,95.01,827
2026-05-08T17:15:00+05:30,95.03,95.26,94.8,94.97,1253
2026-05-08T17:30:00+05:30,94.98,95.34,94.61,95.12,2330
2026-05-08T17:45:00+05:30,95.13,95.34,94.9,95.08,1015
2026-05-08T18:00:00+05:30,95.16,95.21,94.63,94.9,1481
2026-05-08T18:15:00+05:30,94.91,95.63,94.85,95.35,2513
2026-05-08T18:30:00+05:30,95.35,95.4,94.56,94.92,5565
2026-05-08T18:45:00+05:30,94.88,95.04,93.91,94.16,4150
2026-05-08T19:00:00+05:30,94.11,94.86,94.01,94.47,4397
2026-05-08T19:15:00+05:30,94.45,94.45,94.09,94.31,2780
2026-05-08T19:30:00+05:30,94.34,95.46,94.32,95.18,3905
2026-05-08T19:45:00+05:30,95.17,95.59,95.13,95.55,3806
2026-05-08T20:00:00+05:30,95.56,95.85,94.75,94.94,4475
2026-05-08T20:15:00+05:30,94.93,95.48,94.85,95.41,3089
2026-05-08T20:30:00+05:30,95.42,95.75,95.1,95.57,3492
2026-05-08T20:45:00+05:30,95.55,96.12,95.5,95.62,4625
2026-05-08T21:00:00+05:30,95.61,96.11,95.2,95.97,5145
2026-05-08T21:15:00+05:30,95.97,96.12,95.6,95.81,4199
2026-05-08T21:30:00+05:30,95.81,96.1,95.45,95.91,4091
2026-05-08T21:45:00+05:30,95.94,96,95.54,95.63,1973
2026-05-08T22:00:00+05:30,95.61,96.18,95.56,96.12,2320
2026-05-08T22:15:00+05:30,96.13,96.16,95.79,96.13,1972
2026-05-08T22:30:00+05:30,96.13,96.16,95.78,95.84,1736
2026-05-08T22:45:00+05:30,95.82,95.9,95.31,95.43,2322
2026-05-08T23:00:00+05:30,95.43,95.69,95.35,95.67,1803
2026-05-08T23:15:00+05:30,95.68,95.78,95.36,95.49,1875
2026-05-08T23:30:00+05:30,95.49,95.62,94.59,95.22,4463
2026-05-08T23:45:00+05:30,95.23,95.6,95.01,95.39,7822
2026-05-09T00:00:00+05:30,95.39,95.45,94.83,95.32,3041
2026-05-09T00:15:00+05:30,95.31,95.81,95.2,95.56,1798
2026-05-09T00:30:00+05:30,95.56,95.65,95.34,95.43,866
2026-05-09T00:45:00+05:30,95.43,95.48,95.3,95.38,551
2026-05-09T01:00:00+05:30,95.39,95.47,94.69,94.88,1977
2026-05-09T01:15:00+05:30,94.86,95,94.73,94.91,1124
2026-05-09T01:30:00+05:30,94.92,95.05,94.62,94.94,929
2026-05-09T01:45:00+05:30,94.93,94.95,94.78,94.85,285
2026-05-09T02:00:00+05:30,94.87,94.88,94.52,94.57,407
2026-05-09T02:15:00+05:30,94.57,94.76,94.41,94.68,790
2026-05-11T03:30:00+05:30,98.19,98.85,97.65,97.76,4806
2026-05-11T03:45:00+05:30,97.8,98.18,97.71,97.91,1107
2026-05-11T04:00:00+05:30,97.89,98.1,97.84,98.06,762
2026-05-11T04:15:00+05:30,98.05,98.42,97.99,98.29,1128
2026-05-11T04:30:00+05:30,98.31,98.47,98.21,98.32,576
2026-05-11T04:45:00+05:30,98.32,98.36,98.19,98.35,477
2026-05-11T05:00:00+05:30,98.35,98.55,98.32,98.4,718
2026-05-11T05:15:00+05:30,98.37,98.92,98.26,98.87,1019
2026-05-11T05:30:00+05:30,98.86,98.91,98.54,98.66,976
2026-05-11T05:45:00+05:30,98.66,98.67,98.5,98.61,560
2026-05-11T06:00:00+05:30,98.62,99.19,98.62,99.14,725
2026-05-11T06:15:00+05:30,99.14,99.91,99.03,99.25,3330
2026-05-11T06:30:00+05:30,99.23,99.31,98.84,98.96,2386
2026-05-11T06:45:00+05:30,98.96,99.06,98.84,99.02,682
2026-05-11T07:00:00+05:30,99.04,99.37,99.04,99.16,996
2026-05-11T07:15:00+05:30,99.18,99.19,98.94,98.98,570
2026-05-11T07:30:00+05:30,99.02,99.12,98.88,98.99,553
2026-05-11T07:45:00+05:30,99.01,99.12,98.95,99.11,357
2026-05-11T08:00:00+05:30,99.1,99.49,99.05,99.44,785
2026-05-11T08:15:00+05:30,99.43,99.87,99.4,99.81,1431
2026-05-11T08:30:00+05:30,99.81,100.31,99.79,99.85,1800
2026-05-11T08:45:00+05:30,99.82,99.97,99.7,99.84,590
2026-05-11T09:00:00+05:30,99.85,99.86,99.69,99.79,372
2026-05-11T09:15:00+05:30,99.79,99.99,99.68,99.95,535
2026-05-11T09:30:00+05:30,99.95,100.28,99.94,100.18,710
2026-05-11T09:45:00+05:30,100.18,100.2,100.05,100.1,318
2026-05-11T10:00:00+05:30,100.1,100.19,100.05,100.16,236
2026-05-11T10:15:00+05:30,100.18,100.37,100.09,100.3,366
2026-05-11T10:30:00+05:30,100.29,100.34,99.84,99.94,915
2026-05-11T10:45:00+05:30,99.92,100.2,99.91,100,459
2026-05-11T11:00:00+05:30,100.01,100.14,99.76,99.82,511
2026-05-11T11:15:00+05:30,99.82,99.95,99.62,99.77,551
2026-05-11T11:30:00+05:30,99.77,99.89,99.7,99.89,604
2026-05-11T11:45:00+05:30,99.88,100.13,99.78,99.85,782
2026-05-11T12:00:00+05:30,99.84,99.85,98.9,99.05,1553
2026-05-11T12:15:00+05:30,99.03,99.2,98.9,99.03,1458
2026-05-11T12:30:00+05:30,99.01,99.32,98.71,99.19,1763
2026-05-11T12:45:00+05:30,99.14,99.15,98.88,98.97,758
2026-05-11T13:00:00+05:30,98.96,99.11,98.65,98.78,1065
2026-05-11T13:15:00+05:30,98.77,98.97,98.24,98.3,1218
2026-05-11T13:30:00+05:30,98.28,98.44,97.1,97.37,3302
2026-05-11T13:45:00+05:30,97.35,97.61,96.92,97.55,3264
2026-05-11T14:00:00+05:30,97.55,97.7,97.34,97.6,1558
2026-05-11T14:15:00+05:30,97.61,97.67,97.4,97.59,934
2026-05-11T14:30:00+05:30,97.62,97.87,97.41,97.56,1056
2026-05-11T14:45:00+05:30,97.56,97.67,97.37,97.67,626
2026-05-11T15:00:00+05:30,97.66,97.72,97.47,97.63,658
2026-05-11T15:15:00+05:30,97.63,98.11,97.56,98.09,1080
2026-05-11T15:30:00+05:30,98.08,98.11,97.34,97.58,1553
2026-05-11T15:45:00+05:30,97.58,97.69,97.28,97.69,956
2026-05-11T16:00:00+05:30,97.68,97.84,97.48,97.77,592
2026-05-11T16:15:00+05:30,97.77,98.03,97.63,98.02,605
2026-05-11T16:30:00+05:30,98.03,98.06,97.83,97.88,625
2026-05-11T16:45:00+05:30,97.89,98.06,97.87,97.91,487
2026-05-11T17:00:00+05:30,97.94,97.94,97.71,97.9,617
2026-05-11T17:15:00+05:30,97.88,98.58,97.87,98.32,1483
2026-05-11T17:30:00+05:30,98.32,98.7,98.32,98.56,1046
2026-05-11T17:45:00+05:30,98.54,98.6,97.48,97.54,2583
2026-05-11T18:00:00+05:30,97.56,97.85,96.59,97.82,3795
2026-05-11T18:15:00+05:30,97.83,98.68,97.61,98.08,4267
2026-05-11T18:30:00+05:30,98.08,98.12,96.59,96.79,5634
2026-05-11T18:45:00+05:30,96.8,97.02,96.4,96.85,2917
2026-05-11T19:00:00+05:30,96.84,97.28,96.45,96.52,4359
2026-05-11T19:15:00+05:30,96.54,96.66,96.13,96.62,5227
2026-05-11T19:30:00+05:30,96.64,97.15,96.56,96.99,2458
2026-05-11T19:45:00+05:30,96.97,97.32,96.74,97.28,2543
2026-05-11T20:00:00+05:30,97.28,97.96,97.12,97.22,5424
2026-05-11T20:15:00+05:30,97.22,97.75,97.14,97.69,3131
2026-05-11T20:30:00+05:30,97.67,97.79,97.41,97.75,2765
2026-05-11T20:45:00+05:30,97.74,97.92,97.21,97.5,2552
2026-05-11T21:00:00+05:30,97.5,98.17,97.19,98,4220
2026-05-11T21:15:00+05:30,97.98,98.3,97.61,97.87,4084
2026-05-11T21:30:00+05:30,97.88,98.41,97.85,98.35,2666
2026-05-11T21:45:00+05:30,98.35,98.8,98.32,98.72,3205
2026-05-11T22:00:00+05:30,98.73,99.84,98.63,99.7,5699
2026-05-11T22:15:00+05:30,99.7,99.77,99.25,99.26,3303
2026-05-11T22:30:00+05:30,99.26,99.26,98.82,98.96,2221
2026-05-11T22:45:00+05:30,98.95,99.03,98.4,98.64,2439
2026-05-11T23:00:00+05:30,98.63,98.68,98.11,98.18,2119
2026-05-11T23:15:00+05:30,98.17,98.51,98.12,98.34,1678
2026-05-11T23:30:00+05:30,98.36,98.68,97.82,98.55,4034
2026-05-11T23:45:00+05:30,98.54,98.9,97.98,98.07,9435
2026-05-12T00:00:00+05:30,98.08,98.29,97.93,98.18,1948
2026-05-12T00:15:00+05:30,98.18,98.25,97.89,98.13,1318
2026-05-12T00:30:00+05:30,98.12,98.16,97.84,97.92,919
2026-05-12T00:45:00+05:30,97.93,98.04,97.84,98.03,549
2026-05-12T01:00:00+05:30,98.03,98.2,97.92,98.02,876
2026-05-12T01:15:00+05:30,98.02,98.5,98.02,98.33,1428
2026-05-12T01:30:00+05:30,98.31,98.98,98.17,98.68,2377
2026-05-12T01:45:00+05:30,98.68,98.68,98.23,98.26,789
2026-05-12T02:00:00+05:30,98.29,98.33,98.19,98.32,390
2026-05-12T02:15:00+05:30,98.31,98.51,98.25,98.25,792
2026-05-12T03:30:00+05:30,98.39,98.45,98.02,98.13,302
2026-05-12T03:45:00+05:30,98.09,98.18,98.08,98.14,69
2026-05-12T04:00:00+05:30,98.15,98.27,98.04,98.16,409
2026-05-12T04:15:00+05:30,98.17,98.24,98.12,98.24,64
2026-05-12T04:30:00+05:30,98.24,98.28,98.15,98.19,94
2026-05-12T04:45:00+05:30,98.19,98.24,98.17,98.2,54
2026-05-12T05:00:00+05:30,98.18,98.19,98.1,98.12,119
2026-05-12T05:15:00+05:30,98.1,98.13,98,98.11,188
2026-05-12T05:30:00+05:30,98.12,98.43,98.12,98.2,742
2026-05-12T05:45:00+05:30,98.22,98.48,98.1,98.45,533
2026-05-12T06:00:00+05:30,98.44,98.71,98.32,98.69,589
2026-05-12T06:15:00+05:30,98.68,98.79,98.56,98.73,679
2026-05-12T06:30:00+05:30,98.71,98.73,98.36,98.63,527
2026-05-12T06:45:00+05:30,98.64,98.9,98.61,98.8,382
2026-05-12T07:00:00+05:30,98.83,99.14,98.72,99.08,684
2026-05-12T07:15:00+05:30,99.06,99.08,98.8,99.04,626
2026-05-12T07:30:00+05:30,99.05,99.24,98.93,98.94,671
2026-05-12T07:45:00+05:30,98.93,99.28,98.93,99.12,474
2026-05-12T08:00:00+05:30,99.13,99.22,99.1,99.17,302
2026-05-12T08:15:00+05:30,99.16,99.16,98.95,98.97,346
2026-05-12T08:30:00+05:30,99,99.09,98.95,99.05,257
2026-05-12T08:45:00+05:30,99.03,99.06,98.98,99.05,155
2026-05-12T09:00:00+05:30,99.04,99.04,98.83,98.92,493
2026-05-12T09:15:00+05:30,98.93,99.21,98.93,99.15,228
2026-05-12T09:30:00+05:30,99.14,99.17,99.04,99.09,127
2026-05-12T09:45:00+05:30,99.09,99.09,98.67,98.96,545
2026-05-12T10:00:00+05:30,98.96,98.99,98.76,98.85,127
2026-05-12T10:15:00+05:30,98.85,99.03,98.84,99.02,128
2026-05-12T10:30:00+05:30,99.04,99.04,98.82,98.97,157
2026-05-12T10:45:00+05:30,99,99.04,98.9,98.96,109
2026-05-12T11:00:00+05:30,98.96,99.22,98.83,99.2,295
2026-05-12T11:15:00+05:30,99.2,99.52,99.11,99.2,821
2026-05-12T11:30:00+05:30,99.22,99.79,99.19,99.64,1976
2026-05-12T11:45:00+05:30,99.64,99.64,99.39,99.46,794
2026-05-12T12:00:00+05:30,99.47,100.16,99.41,99.9,1640
2026-05-12T12:15:00+05:30,99.89,100.71,99.88,100.52,2301
2026-05-12T12:30:00+05:30,100.54,100.68,100.25,100.53,1409
2026-05-12T12:45:00+05:30,100.56,100.65,100.31,100.37,861
2026-05-12T13:00:00+05:30,100.35,100.57,100.3,100.5,722
2026-05-12T13:15:00+05:30,100.48,100.71,100.4,100.67,835
2026-05-12T13:30:00+05:30,100.66,101.24,100.6,101.19,1870
2026-05-12T13:45:00+05:30,101.2,101.47,100.79,101.18,2276
2026-05-12T14:00:00+05:30,101.18,101.31,100.92,101.16,981
2026-05-12T14:15:00+05:30,101.16,101.16,100.81,100.9,686
2026-05-12T14:30:00+05:30,100.92,101.45,100.86,101.32,1462
2026-05-12T14:45:00+05:30,101.28,101.76,101.26,101.47,1296
2026-05-12T15:00:00+05:30,101.48,101.48,100.97,101.3,1407
2026-05-12T15:15:00+05:30,101.31,101.31,101.03,101.09,976
2026-05-12T15:30:00+05:30,101.08,101.18,100.82,101,1258
2026-05-12T15:45:00+05:30,100.99,101.27,100.96,101.11,854
2026-05-12T16:00:00+05:30,101.12,101.69,101.06,101.61,1315
2026-05-12T16:15:00+05:30,101.61,101.97,101.58,101.67,1606
2026-05-12T16:30:00+05:30,101.66,102.05,101.15,101.43,2270
2026-05-12T16:45:00+05:30,101.43,101.45,101.21,101.24,839
2026-05-12T17:00:00+05:30,101.25,101.5,101.15,101.28,918
2026-05-12T17:15:00+05:30,101.28,101.47,101.26,101.27,1010
2026-05-12T17:30:00+05:30,101.28,101.67,101.16,101.46,1948
2026-05-12T17:45:00+05:30,101.47,101.76,101.34,101.54,1660
2026-05-12T18:00:00+05:30,101.56,101.61,101.08,101.27,1541
2026-05-12T18:15:00+05:30,101.27,101.27,100.6,100.77,3443
2026-05-12T18:30:00+05:30,100.76,101.49,100.67,101.26,3597
2026-05-12T18:45:00+05:30,101.29,101.68,101.2,101.65,1652
2026-05-12T19:00:00+05:30,101.67,102.13,101.29,101.51,4003
2026-05-12T19:15:00+05:30,101.52,101.84,101.39,101.77,1732
2026-05-12T19:30:00+05:30,101.77,101.81,101.38,101.46,2230
2026-05-12T19:45:00+05:30,101.47,101.98,101.38,101.97,2834
2026-05-12T20:00:00+05:30,101.94,102.18,101.5,101.55,3188
2026-05-12T20:15:00+05:30,101.55,102.07,101.5,101.94,2582
2026-05-12T20:30:00+05:30,101.94,102.19,101.59,101.8,2889
2026-05-12T20:45:00+05:30,101.82,102.24,101.73,101.92,2699
2026-05-12T21:00:00+05:30,101.91,101.95,101.21,101.28,3270
2026-05-12T21:15:00+05:30,101.28,101.65,101.16,101.5,1899
2026-05-12T21:30:00+05:30,101.48,101.68,101.25,101.28,1685
2026-05-12T21:45:00+05:30,101.29,101.75,101.22,101.71,1663
2026-05-12T22:00:00+05:30,101.7,101.97,101.65,101.9,2108
2026-05-12T22:15:00+05:30,101.9,101.94,101.61,101.64,2132
2026-05-12T22:30:00+05:30,101.63,101.63,101.35,101.56,1655
2026-05-12T22:45:00+05:30,101.56,101.56,101.24,101.36,1584
2026-05-12T23:00:00+05:30,101.35,101.54,101.23,101.49,1412
2026-05-12T23:15:00+05:30,101.48,101.72,101.38,101.69,2084
2026-05-12T23:30:00+05:30,101.69,102.66,101.53,102.3,4581
2026-05-12T23:45:00+05:30,102.3,102.35,101.95,102.3,9399
2026-05-13T00:00:00+05:30,102.29,102.57,102.23,102.44,2394
2026-05-13T00:15:00+05:30,102.43,102.72,102.43,102.54,1331
2026-05-13T00:30:00+05:30,102.55,102.56,102.23,102.27,878
2026-05-13T00:45:00+05:30,102.27,102.45,102.21,102.26,932
2026-05-13T01:00:00+05:30,102.28,102.46,102.22,102.34,981
2026-05-13T01:15:00+05:30,102.34,102.5,102.25,102.38,993
2026-05-13T01:30:00+05:30,102.37,102.47,102.33,102.45,483
2026-05-13T01:45:00+05:30,102.45,102.46,102.23,102.28,356
2026-05-13T02:00:00+05:30,102.26,102.35,102.13,102.18,425
2026-05-13T02:15:00+05:30,102.18,102.18,101.91,102.05,647
2026-05-13T03:30:00+05:30,102.16,102.27,102,102,226
2026-05-13T03:45:00+05:30,102.02,102.02,101.7,101.83,542
2026-05-13T04:00:00+05:30,101.83,101.9,101.78,101.85,136
2026-05-13T04:15:00+05:30,101.85,101.95,101.82,101.93,166
2026-05-13T04:30:00+05:30,101.93,102.05,101.93,102.03,159
2026-05-13T04:45:00+05:30,102.03,102.06,101.92,101.95,118
2026-05-13T05:00:00+05:30,101.98,102.06,101.96,102.02,76
2026-05-13T05:15:00+05:30,102.05,102.13,102.04,102.07,118
2026-05-13T05:30:00+05:30,102.06,102.08,101.64,101.85,1151
2026-05-13T05:45:00+05:30,101.87,101.95,101.44,101.53,794
2026-05-13T06:00:00+05:30,101.52,101.7,100.93,101.36,1186
2026-05-13T06:15:00+05:30,101.4,101.6,101.39,101.46,616
2026-05-13T06:30:00+05:30,101.47,101.53,101.26,101.43,409
2026-05-13T06:45:00+05:30,101.44,101.52,101.35,101.48,226
2026-05-13T07:00:00+05:30,101.45,101.63,101.44,101.59,197
2026-05-13T07:15:00+05:30,101.6,101.63,101.45,101.58,198
2026-05-13T07:30:00+05:30,101.6,101.75,101.48,101.58,417
2026-05-13T07:45:00+05:30,101.58,101.61,101.51,101.56,136
2026-05-13T08:00:00+05:30,101.56,101.65,101.52,101.55,95
2026-05-13T08:15:00+05:30,101.53,101.55,100.77,101.07,930
2026-05-13T08:30:00+05:30,101.06,101.2,100.86,100.92,427
2026-05-13T08:45:00+05:30,100.94,101.08,100.9,101.05,258
2026-05-13T09:00:00+05:30,101.06,101.18,100.84,100.97,305
2026-05-13T09:15:00+05:30,100.97,101.16,100.94,101.06,170
2026-05-13T09:30:00+05:30,101.05,101.05,100.9,100.93,154
2026-05-13T09:45:00+05:30,100.94,101.01,100.85,100.87,137
2026-05-13T10:00:00+05:30,100.89,101,100.88,100.89,136
2026-05-13T10:15:00+05:30,100.9,100.92,100.58,100.75,535
2026-05-13T10:30:00+05:30,100.74,100.9,100.66,100.87,216
2026-05-13T10:45:00+05:30,100.88,100.89,100.63,100.75,237
2026-05-13T11:00:00+05:30,100.74,100.77,100.61,100.74,240
2026-05-13T11:15:00+05:30,100.73,100.73,100.56,100.67,291
2026-05-13T11:30:00+05:30,100.66,101.06,100.6,100.94,601
2026-05-13T11:45:00+05:30,100.92,100.94,100.57,100.77,706
2026-05-13T12:00:00+05:30,100.74,100.99,100.74,100.91,377
2026-05-13T12:15:00+05:30,100.89,101.12,100.89,100.98,502
2026-05-13T12:30:00+05:30,100.98,101.35,100.81,101.08,1127
2026-05-13T12:45:00+05:30,101.06,101.1,100.65,100.77,632
2026-05-13T13:00:00+05:30,100.78,101.11,100.72,101.06,695
2026-05-13T13:15:00+05:30,101.03,101.32,100.98,101.23,622
2026-05-13T13:30:00+05:30,101.23,101.43,101.05,101.12,1139
2026-05-13T13:45:00+05:30,101.1,101.42,101.09,101.2,1030
2026-05-13T14:00:00+05:30,101.19,101.79,101.12,101.75,1196
2026-05-13T14:15:00+05:30,101.75,101.81,101.47,101.57,819
2026-05-13T14:30:00+05:30,101.56,101.98,101.49,101.9,812
2026-05-13T14:45:00+05:30,101.89,101.89,101.37,101.48,588
2026-05-13T15:00:00+05:30,101.5,101.69,101.41,101.59,520
2026-05-13T15:15:00+05:30,101.59,101.63,101.19,101.3,755
2026-05-13T15:30:00+05:30,101.33,101.64,101.32,101.61,638
2026-05-13T15:45:00+05:30,101.6,102.07,101.58,102.02,1289
2026-05-13T16:00:00+05:30,102.03,102.31,102,102.06,1471
2026-05-13T16:15:00+05:30,102.05,102.39,101.94,102.3,928
2026-05-13T16:30:00+05:30,102.31,102.36,102.08,102.12,886
2026-05-13T16:45:00+05:30,102.12,102.19,101.96,102.07,523
2026-05-13T17:00:00+05:30,102.08,102.12,101.67,101.8,1137
2026-05-13T17:15:00+05:30,101.81,101.99,101.75,101.85,903
2026-05-13T17:30:00+05:30,101.86,101.95,101.76,101.87,980
2026-05-13T17:45:00+05:30,101.87,102.27,101.83,102.2,1418
2026-05-13T18:00:00+05:30,102.19,102.75,102.16,102.56,2274
2026-05-13T18:15:00+05:30,102.56,102.61,102.22,102.33,1279
2026-05-13T18:30:00+05:30,102.33,102.34,102.03,102.32,2274
2026-05-13T18:45:00+05:30,102.33,102.64,102.3,102.57,2084
2026-05-13T19:00:00+05:30,102.58,102.63,102.28,102.35,2875
2026-05-13T19:15:00+05:30,102.37,102.89,102.36,102.87,2899
2026-05-13T19:30:00+05:30,102.87,103.67,102.87,103.4,5203
2026-05-13T19:45:00+05:30,103.39,103.58,103.24,103.54,2086
2026-05-13T20:00:00+05:30,103.53,103.67,102.99,103.02,3485
2026-05-13T20:15:00+05:30,103.03,103.16,102.69,103.14,3357
2026-05-13T20:30:00+05:30,103.14,103.24,102.65,102.85,2643
2026-05-13T20:45:00+05:30,102.84,103,102.55,102.6,2028
2026-05-13T21:00:00+05:30,102.59,102.78,102.02,102.27,4179
2026-05-13T21:15:00+05:30,102.28,102.52,102.15,102.22,1924
2026-05-13T21:30:00+05:30,102.23,102.37,101.74,101.92,2872
2026-05-13T21:45:00+05:30,101.91,101.92,100.85,101.27,5965
2026-05-13T22:00:00+05:30,101.28,101.93,101.14,101.85,3991
2026-05-13T22:15:00+05:30,101.85,102.22,101.85,102.1,2499
2026-05-13T22:30:00+05:30,102.08,102.18,101.74,101.82,2093
2026-05-13T22:45:00+05:30,101.81,101.95,101.69,101.71,1146
2026-05-13T23:00:00+05:30,101.7,101.72,101.47,101.66,1447
2026-05-13T23:15:00+05:30,101.64,101.64,101.22,101.33,2204
2026-05-13T23:30:00+05:30,101.32,101.4,101.02,101.16,2373
2026-05-13T23:45:00+05:30,101.15,101.33,100.93,101.01,6629
2026-05-14T00:00:00+05:30,101.02,101.12,100.8,100.9,1913
2026-05-14T00:15:00+05:30,100.89,101.06,100.69,101.01,2069
2026-05-14T00:30:00+05:30,101.03,101.11,100.95,101.04,586
2026-05-14T00:45:00+05:30,101.07,101.19,101.02,101.15,466
2026-05-14T01:00:00+05:30,101.15,101.41,101.1,101.19,909
2026-05-14T01:15:00+05:30,101.2,101.38,101.17,101.36,522
2026-05-14T01:30:00+05:30,101.37,101.58,101.22,101.23,964
2026-05-14T01:45:00+05:30,101.23,101.32,101.18,101.24,243
2026-05-14T02:00:00+05:30,101.23,101.25,100.75,100.76,698
2026-05-14T02:15:00+05:30,100.75,101.05,100.7,101,614
2026-05-14T03:30:00+05:30,101.02,101.26,100.88,100.88,288
2026-05-14T03:45:00+05:30,100.88,100.91,100.72,100.85,265
2026-05-14T04:00:00+05:30,100.83,100.91,100.78,100.83,92
2026-05-14T04:15:00+05:30,100.8,100.96,100.79,100.87,93
2026-05-14T04:30:00+05:30,100.84,101.07,100.8,101.04,69
2026-05-14T04:45:00+05:30,101.07,101.07,100.93,100.99,112
2026-05-14T05:00:00+05:30,101.01,101.05,100.97,101,86
2026-05-14T05:15:00+05:30,101,101.07,100.93,101.02,74
2026-05-14T05:30:00+05:30,101.05,101.23,100.89,101.18,405
2026-05-14T05:45:00+05:30,101.17,101.28,101.05,101.1,203
2026-05-14T06:00:00+05:30,101.1,101.29,101.03,101.18,104
2026-05-14T06:15:00+05:30,101.17,101.19,101.04,101.15,171
2026-05-14T06:30:00+05:30,101.14,101.41,100.87,100.95,534
2026-05-14T06:45:00+05:30,100.95,101.19,100.92,101.08,243
2026-05-14T07:00:00+05:30,101.09,101.12,100.74,100.76,449
2026-05-14T07:15:00+05:30,100.77,101.13,100.73,101.08,394
2026-05-14T07:30:00+05:30,101.05,101.11,100.93,101.06,244
2026-05-14T07:45:00+05:30,101.07,101.24,101.07,101.15,92
2026-05-14T08:00:00+05:30,101.17,101.33,101.15,101.28,190
2026-05-14T08:15:00+05:30,101.26,101.52,101.25,101.49,395
2026-05-14T08:30:00+05:30,101.46,101.49,101.28,101.36,275
2026-05-14T08:45:00+05:30,101.32,101.32,101.16,101.23,149
2026-05-14T09:00:00+05:30,101.24,101.56,101.24,101.53,399
2026-05-14T09:15:00+05:30,101.54,101.74,101.33,101.4,658
2026-05-14T09:30:00+05:30,101.38,101.54,101.36,101.53,186
2026-05-14T09:45:00+05:30,101.56,101.58,101.42,101.45,135
2026-05-14T10:00:00+05:30,101.49,101.57,101.48,101.51,104
2026-05-14T10:15:00+05:30,101.5,101.54,101.41,101.46,149
2026-05-14T10:30:00+05:30,101.48,101.72,101.48,101.56,482
2026-05-14T10:45:00+05:30,101.56,101.66,101.53,101.61,161
2026-05-14T11:00:00+05:30,101.62,101.82,101.61,101.64,343
2026-05-14T11:15:00+05:30,101.63,101.63,101.36,101.46,341
2026-05-14T11:30:00+05:30,101.45,101.46,101.12,101.35,555
2026-05-14T11:45:00+05:30,101.35,101.4,101.09,101.24,279
2026-05-14T12:00:00+05:30,101.24,101.24,99.97,99.99,2233
2026-05-14T12:15:00+05:30,99.99,101.06,99.6,101.06,2983
2026-05-14T12:30:00+05:30,101.07,101.56,100.92,101.32,1515
2026-05-14T12:45:00+05:30,101.32,101.44,101.05,101.27,661
2026-05-14T13:00:00+05:30,101.29,101.39,101.01,101.22,543
2026-05-14T13:15:00+05:30,101.21,102.1,101.21,101.94,1545
2026-05-14T13:30:00+05:30,101.95,102.35,101.67,101.98,1658
2026-05-14T13:45:00+05:30,101.96,101.98,101.31,101.55,2063
2026-05-14T14:00:00+05:30,101.56,101.64,101,101.48,1746
2026-05-14T14:15:00+05:30,101.46,101.46,101.13,101.34,798
2026-05-14T14:30:00+05:30,101.31,102.1,101.22,101.66,1901
2026-05-14T14:45:00+05:30,101.67,101.85,101.56,101.77,609
2026-05-14T15:00:00+05:30,101.8,101.81,101.39,101.44,776
2026-05-14T15:15:00+05:30,101.42,101.43,100.81,101.07,900
2026-05-14T15:30:00+05:30,101.08,101.14,100.11,100.8,2489
2026-05-14T15:45:00+05:30,100.78,100.89,100.31,100.73,1653
2026-05-14T16:00:00+05:30,100.75,101.45,100.69,101.37,1060
2026-05-14T16:15:00+05:30,101.36,101.72,100.82,101.07,2338
2026-05-14T16:30:00+05:30,101.11,101.31,100.73,101.03,1098
2026-05-14T16:45:00+05:30,101.03,101.21,100.77,100.84,885
2026-05-14T17:00:00+05:30,100.83,101,100.69,100.82,838
2026-05-14T17:15:00+05:30,100.82,100.85,100.04,100.27,1994
2026-05-14T17:30:00+05:30,100.28,100.38,99.53,99.72,2497
2026-05-14T17:45:00+05:30,99.7,100.51,99.39,100.49,2526
2026-05-14T18:00:00+05:30,100.45,100.61,100.17,100.6,1465
2026-05-14T18:15:00+05:30,100.61,100.94,100.33,100.36,1751
2026-05-14T18:30:00+05:30,100.38,100.75,100.33,100.5,2247
2026-05-14T18:45:00+05:30,100.51,100.57,100.17,100.35,1096
2026-05-14T19:00:00+05:30,100.36,101.05,100.32,100.88,2207
2026-05-14T19:15:00+05:30,100.87,101.1,100.23,100.89,3508
2026-05-14T19:30:00+05:30,100.91,101.25,100.75,101.14,1570
2026-05-14T19:45:00+05:30,101.14,101.76,100.99,101.32,3218
2026-05-14T20:00:00+05:30,101.32,101.53,101.14,101.32,1988
2026-05-14T20:15:00+05:30,101.31,101.31,100.33,100.59,3410
2026-05-14T20:30:00+05:30,100.59,100.98,100.39,100.87,2299
2026-05-14T20:45:00+05:30,100.86,100.96,100.52,100.73,1773
2026-05-14T21:00:00+05:30,100.73,100.94,100.59,100.72,1343
2026-05-14T21:15:00+05:30,100.71,101.08,100.64,100.97,1456
2026-05-14T21:30:00+05:30,100.98,101.07,100.49,100.54,1463
2026-05-14T21:45:00+05:30,100.52,100.95,100.25,100.88,2251
2026-05-14T22:00:00+05:30,100.87,101.18,100.78,100.99,2227
2026-05-14T22:15:00+05:30,101,101.07,100.87,101.06,1588
2026-05-14T22:30:00+05:30,101.07,101.48,100.91,101.41,2434
2026-05-14T22:45:00+05:30,101.4,101.67,101.34,101.52,1847
2026-05-14T23:00:00+05:30,101.53,101.83,101.51,101.65,1540
2026-05-14T23:15:00+05:30,101.64,102.07,101.64,101.74,2550
2026-05-14T23:30:00+05:30,101.73,102,101.41,101.41,2531
2026-05-14T23:45:00+05:30,101.43,101.56,101.08,101.16,5437
2026-05-15T00:00:00+05:30,101.16,101.66,101.07,101.53,1647
2026-05-15T00:15:00+05:30,101.53,101.55,101.34,101.43,382
2026-05-15T00:30:00+05:30,101.43,101.66,101.35,101.61,579
2026-05-15T00:45:00+05:30,101.61,101.75,101.52,101.61,447
2026-05-15T01:00:00+05:30,101.62,101.83,101.62,101.77,360
2026-05-15T01:15:00+05:30,101.78,102.01,101.74,102,534
2026-05-15T01:30:00+05:30,102.01,102.14,101.82,102.09,615
2026-05-15T01:45:00+05:30,102.1,102.18,101.9,101.92,537
2026-05-15T02:00:00+05:30,101.91,102.14,101.9,102.09,381
2026-05-15T02:15:00+05:30,102.08,102.09,102,102.02,274
2026-05-15T03:30:00+05:30,97.71,97.84,97.26,97.29,419
2026-05-15T03:45:00+05:30,97.29,97.44,97.23,97.34,350
2026-05-15T04:00:00+05:30,97.35,97.42,97.35,97.41,77
2026-05-15T04:15:00+05:30,97.41,97.75,97.23,97.72,316
2026-05-15T04:30:00+05:30,97.71,97.74,97.5,97.64,162
2026-05-15T04:45:00+05:30,97.65,97.88,97.6,97.75,254
2026-05-15T05:00:00+05:30,97.75,97.83,97.7,97.83,92
2026-05-15T05:15:00+05:30,97.84,97.86,97.71,97.74,165
2026-05-15T05:30:00+05:30,97.73,97.81,97.5,97.67,364
2026-05-15T05:45:00+05:30,97.63,97.66,97.43,97.58,256
2026-05-15T06:00:00+05:30,97.6,97.78,97.57,97.74,251
2026-05-15T06:15:00+05:30,97.75,97.84,97.62,97.67,227
2026-05-15T06:30:00+05:30,97.64,97.96,97.5,97.87,426
2026-05-15T06:45:00+05:30,97.9,98.43,97.85,98.36,810
2026-05-15T07:00:00+05:30,98.35,98.72,98.06,98.08,1336
2026-05-15T07:15:00+05:30,98.1,98.29,97.97,98.24,900
2026-05-15T07:30:00+05:30,98.25,98.36,98.14,98.31,364
2026-05-15T07:45:00+05:30,98.29,98.55,98.25,98.52,380
2026-05-15T08:00:00+05:30,98.55,98.73,98.43,98.56,455
2026-05-15T08:15:00+05:30,98.55,98.57,97.83,98.45,1019
2026-05-15T08:30:00+05:30,98.44,98.53,98.25,98.25,311
2026-05-15T08:45:00+05:30,98.3,98.41,98.26,98.37,185
2026-05-15T09:00:00+05:30,98.37,98.45,98.25,98.25,267
2026-05-15T09:15:00+05:30,98.26,98.3,98.16,98.17,219
2026-05-15T09:30:00+05:30,98.18,98.4,98.18,98.37,181
2026-05-15T09:45:00+05:30,98.36,98.41,98.27,98.32,174
2026-05-15T10:00:00+05:30,98.32,98.37,98.21,98.36,173
2026-05-15T10:15:00+05:30,98.36,98.38,98.22,98.24,113
2026-05-15T10:30:00+05:30,98.24,98.47,98.24,98.35,199
2026-05-15T10:45:00+05:30,98.35,98.4,98.23,98.33,314
2026-05-15T11:00:00+05:30,98.34,98.87,98.34,98.75,647
2026-05-15T11:15:00+05:30,98.75,99.4,98.75,98.97,1366
2026-05-15T11:30:00+05:30,98.99,99.29,98.85,99.05,717
2026-05-15T11:45:00+05:30,99.05,99.08,98.83,99.03,654
2026-05-15T12:00:00+05:30,99.03,99.08,98.76,98.86,597
2026-05-15T12:15:00+05:30,98.86,99.02,98.77,98.89,395
2026-05-15T12:30:00+05:30,98.89,99.12,98.73,98.77,673
2026-05-15T12:45:00+05:30,98.77,98.84,98.39,98.64,961
2026-05-15T13:00:00+05:30,98.64,98.81,98.55,98.72,482
2026-05-15T13:15:00+05:30,98.73,99.25,98.7,99.21,823
2026-05-15T13:30:00+05:30,99.21,99.69,99.06,99.61,1783
2026-05-15T13:45:00+05:30,99.61,100.58,99.61,100.51,3550
2026-05-15T14:00:00+05:30,100.53,100.76,100.24,100.4,2009
2026-05-15T14:15:00+05:30,100.4,100.59,100.34,100.41,1270
2026-05-15T14:30:00+05:30,100.42,100.54,100.07,100.33,1032
2026-05-15T14:45:00+05:30,100.3,100.62,100.3,100.36,821
2026-05-15T15:00:00+05:30,100.39,100.63,100.28,100.53,728
2026-05-15T15:15:00+05:30,100.52,100.94,100.44,100.81,2999
2026-05-15T15:30:00+05:30,100.8,100.84,100.04,100.19,2057
2026-05-15T15:45:00+05:30,100.22,100.4,99.88,100.1,1656
2026-05-15T16:00:00+05:30,100.07,100.38,99.61,99.64,1734
2026-05-15T16:15:00+05:30,99.64,99.86,98.65,99.06,5884
2026-05-15T16:30:00+05:30,99.06,99.84,98.88,99.49,2053
2026-05-15T16:45:00+05:30,99.47,99.68,99.3,99.66,826
2026-05-15T17:00:00+05:30,99.65,99.97,99.56,99.83,1350
2026-05-15T17:15:00+05:30,99.83,100.16,99.69,100.04,874
2026-05-15T17:30:00+05:30,100.05,100.18,99.93,99.97,1229
2026-05-15T17:45:00+05:30,99.96,100.03,99.51,99.87,1945
2026-05-15T18:00:00+05:30,99.88,100.05,99.84,99.98,966
2026-05-15T18:15:00+05:30,99.98,100.01,99.8,99.84,1201
2026-05-15T18:30:00+05:30,99.83,99.89,99.36,99.49,2512
2026-05-15T18:45:00+05:30,99.49,99.61,99.3,99.48,1979
2026-05-15T19:00:00+05:30,99.49,99.6,99.18,99.57,3103
2026-05-15T19:15:00+05:30,99.58,99.9,99.53,99.89,2279
2026-05-15T19:30:00+05:30,99.89,100.04,99.36,99.4,2706
2026-05-15T19:45:00+05:30,99.39,99.98,99.21,99.78,2605
2026-05-15T20:00:00+05:30,99.77,100.25,99.71,100.16,2788
2026-05-15T20:15:00+05:30,100.16,100.56,100.12,100.28,2967
2026-05-15T20:30:00+05:30,100.29,100.4,99.99,100.24,2550
2026-05-15T20:45:00+05:30,100.25,100.41,100.1,100.1,2197
2026-05-15T21:00:00+05:30,100.09,100.59,99.91,100.53,2943
2026-05-15T21:15:00+05:30,100.52,101.19,100.51,100.93,3541
2026-05-15T21:30:00+05:30,100.92,101.23,100.68,100.8,3545
2026-05-15T21:45:00+05:30,100.81,100.93,100.59,100.65,1739
2026-05-15T22:00:00+05:30,100.65,100.8,100.57,100.75,1504
2026-05-15T22:15:00+05:30,100.75,100.81,100.59,100.73,1540
2026-05-15T22:30:00+05:30,100.73,100.77,100.35,100.38,1703
2026-05-15T22:45:00+05:30,100.38,100.62,100.31,100.59,1347
2026-05-15T23:00:00+05:30,100.59,100.74,100.55,100.65,1348
2026-05-15T23:15:00+05:30,100.66,100.9,100.57,100.67,1802
2026-05-15T23:30:00+05:30,100.66,101.09,100.62,100.9,1915
2026-05-15T23:45:00+05:30,100.9,101.13,100.82,101.13,6868
2026-05-16T00:00:00+05:30,101.12,101.39,101.07,101.09,2446
2026-05-16T00:15:00+05:30,101.09,101.18,100.96,100.98,1839
2026-05-16T00:30:00+05:30,100.98,101.07,100.9,100.98,845
2026-05-16T00:45:00+05:30,100.98,101.24,100.97,101.1,1036
2026-05-16T01:00:00+05:30,101.08,101.15,100.93,101.03,867
2026-05-16T01:15:00+05:30,101.02,101.38,100.98,101.21,1552
2026-05-16T01:30:00+05:30,101.24,101.57,101.21,101.49,1103
2026-05-16T01:45:00+05:30,101.47,101.47,101.23,101.27,529
2026-05-16T02:00:00+05:30,101.28,101.35,101.05,101.07,479
2026-05-16T02:15:00+05:30,101.07,101.24,100.98,101.16,628
2026-05-18T03:30:00+05:30,101.74,103.09,101.57,102.26,2651
2026-05-18T03:45:00+05:30,102.24,102.56,102.19,102.54,822
2026-05-18T04:00:00+05:30,102.53,102.56,102.27,102.31,441
2026-05-18T04:15:00+05:30,102.32,102.47,102.25,102.25,252
2026-05-18T04:30:00+05:30,102.26,102.48,102.25,102.43,283
2026-05-18T04:45:00+05:30,102.42,102.67,102.41,102.64,385
2026-05-18T05:00:00+05:30,102.65,102.7,102.52,102.62,301
2026-05-18T05:15:00+05:30,102.61,102.64,102.35,102.48,363
2026-05-18T05:30:00+05:30,102.45,102.45,102,102.26,1049
2026-05-18T05:45:00+05:30,102.24,102.4,102.17,102.32,643
2026-05-18T06:00:00+05:30,102.3,102.87,102.3,102.84,864
2026-05-18T06:15:00+05:30,102.85,103.23,102.81,102.98,1265
2026-05-18T06:30:00+05:30,102.97,103.59,102.65,103.56,1900
2026-05-18T06:45:00+05:30,103.59,104.37,103.44,104.03,3221
2026-05-18T07:00:00+05:30,103.96,104,103.64,103.71,1151
2026-05-18T07:15:00+05:30,103.69,103.7,103.1,103.32,973
2026-05-18T07:30:00+05:30,103.33,103.73,103.26,103.4,894
2026-05-18T07:45:00+05:30,103.35,103.4,103.21,103.3,295
2026-05-18T08:00:00+05:30,103.34,103.41,103.14,103.26,519
2026-05-18T08:15:00+05:30,103.29,103.35,103.14,103.27,333
2026-05-18T08:30:00+05:30,103.26,103.33,103.18,103.3,234
2026-05-18T08:45:00+05:30,103.29,103.31,103.08,103.22,319
2026-05-18T09:00:00+05:30,103.21,103.4,103.11,103.16,291
2026-05-18T09:15:00+05:30,103.16,103.31,103.15,103.17,242
2026-05-18T09:30:00+05:30,103.19,103.21,103.04,103.15,359
2026-05-18T09:45:00+05:30,103.16,103.34,103.1,103.32,297
2026-05-18T10:00:00+05:30,103.32,103.33,103.02,103.04,358
2026-05-18T10:15:00+05:30,103.03,103.28,103,103.17,325
2026-05-18T10:30:00+05:30,103.15,103.18,102.87,103.12,461
2026-05-18T10:45:00+05:30,103.1,103.31,103.05,103.17,328
2026-05-18T11:00:00+05:30,103.12,103.25,102.7,102.79,656
2026-05-18T11:15:00+05:30,102.85,102.89,102.56,102.88,433
2026-05-18T11:30:00+05:30,102.88,103.14,102.81,103.05,754
2026-05-18T11:45:00+05:30,103.06,103.32,102.97,103.26,685
2026-05-18T12:00:00+05:30,103.26,103.45,103.18,103.2,713
2026-05-18T12:15:00+05:30,103.18,103.21,102.8,102.87,876
2026-05-18T12:30:00+05:30,102.84,102.93,102.57,102.91,805
2026-05-18T12:45:00+05:30,102.89,102.92,102.02,102.12,1640
2026-05-18T13:00:00+05:30,102.11,102.11,101.6,101.95,2947
2026-05-18T13:15:00+05:30,101.93,102.28,101.83,102.18,2002
2026-05-18T13:30:00+05:30,102.18,102.19,101.63,102.16,1697
2026-05-18T13:45:00+05:30,102.15,102.43,101.96,102.11,1755
2026-05-18T14:00:00+05:30,102.11,102.17,101.76,102,1345
2026-05-18T14:15:00+05:30,101.99,101.99,101.71,101.81,988
2026-05-18T14:30:00+05:30,101.8,102.19,101.7,102.08,934
2026-05-18T14:45:00+05:30,102.08,102.56,102.04,102.22,1286
2026-05-18T15:00:00+05:30,102.22,102.23,101.86,102.08,1279
2026-05-18T15:15:00+05:30,102.07,102.31,101.98,102.21,642
2026-05-18T15:30:00+05:30,102.2,102.4,102.1,102.27,625
2026-05-18T15:45:00+05:30,102.28,102.33,102.12,102.12,468
2026-05-18T16:00:00+05:30,102.12,102.52,102.06,102.25,691
2026-05-18T16:15:00+05:30,102.24,102.51,102.15,102.43,592
2026-05-18T16:30:00+05:30,102.46,103.26,102.32,102.58,4945
2026-05-18T16:45:00+05:30,102.59,102.64,102.26,102.39,1125
2026-05-18T17:00:00+05:30,102.4,102.46,100.16,100.39,8639
2026-05-18T17:15:00+05:30,100.37,101.1,100.34,100.89,3976
2026-05-18T17:30:00+05:30,100.91,101.38,100.75,101.33,2799
2026-05-18T17:45:00+05:30,101.32,101.61,101.03,101.12,2260
2026-05-18T18:00:00+05:30,101.09,101.1,99.24,99.25,8347
2026-05-18T18:15:00+05:30,99.23,99.5,98.6,99.04,8100
2026-05-18T18:30:00+05:30,99.07,100,98.95,99.57,7786
2026-05-18T18:45:00+05:30,99.55,99.79,99.41,99.61,3103
2026-05-18T19:00:00+05:30,99.63,100.24,99.5,100.04,5276
2026-05-18T19:15:00+05:30,100.02,100.07,99.04,99.59,4694
2026-05-18T19:30:00+05:30,99.58,101.07,99.55,100.76,8045
2026-05-18T19:45:00+05:30,100.77,101.41,100.5,101.37,4860
2026-05-18T20:00:00+05:30,101.36,102.21,101.25,102.06,5714
2026-05-18T20:15:00+05:30,102.07,102.37,101.93,102.22,3820
2026-05-18T20:30:00+05:30,102.21,103.06,102.03,102.68,9391
2026-05-18T20:45:00+05:30,102.68,103.02,102.6,102.99,5158
2026-05-18T21:00:00+05:30,102.98,103.13,102.6,102.92,4409
2026-05-18T21:15:00+05:30,102.92,102.93,102.68,102.85,2104
2026-05-18T21:30:00+05:30,102.84,103.14,102.79,102.96,2809
2026-05-18T21:45:00+05:30,102.97,103.64,102.72,103.33,4974
2026-05-18T22:00:00+05:30,103.34,103.47,102.89,103.11,2708
2026-05-18T22:15:00+05:30,103.11,103.18,102.71,102.91,2453
2026-05-18T22:30:00+05:30,102.91,103.06,102.24,102.52,4056
2026-05-18T22:45:00+05:30,102.51,102.66,102.19,102.61,1791
2026-05-18T23:00:00+05:30,102.59,103.07,102.58,102.97,2243
2026-05-18T23:15:00+05:30,102.98,103.12,102.86,103.03,1678
2026-05-18T23:30:00+05:30,103.02,103.71,103.01,103.7,3078
2026-05-18T23:45:00+05:30,103.68,105.21,103.67,104.42,16651
2026-05-19T00:00:00+05:30,104.42,104.55,104.16,104.2,3392
2026-05-19T00:15:00+05:30,104.2,104.7,104.16,104.65,2379
2026-05-19T00:30:00+05:30,104.66,104.8,101.92,102.52,11225
2026-05-19T00:45:00+05:30,102.5,102.87,101.97,102.39,2942
2026-05-19T01:00:00+05:30,102.41,102.45,101.56,101.8,2072
2026-05-19T01:15:00+05:30,101.82,102.03,101.41,101.96,2130
2026-05-19T01:30:00+05:30,101.96,102.06,101.37,101.39,1422
2026-05-19T01:45:00+05:30,101.43,101.74,101.1,101.7,1150
2026-05-19T02:00:00+05:30,101.72,102.02,101.68,101.91,655
2026-05-19T02:15:00+05:30,101.92,102.6,101.87,102.49,1270
2026-05-19T03:30:00+05:30,102.58,102.74,102.12,102.46,709
2026-05-19T03:45:00+05:30,102.44,102.68,102.3,102.4,337
2026-05-19T04:00:00+05:30,102.38,102.51,102.33,102.45,953
2026-05-19T04:15:00+05:30,102.44,102.55,102.41,102.45,168
2026-05-19T04:30:00+05:30,102.45,102.52,102.45,102.45,125
2026-05-19T04:45:00+05:30,102.45,102.48,102.32,102.44,152
2026-05-19T05:00:00+05:30,102.43,102.48,102.36,102.36,82
2026-05-19T05:15:00+05:30,102.39,102.52,102.26,102.3,190
2026-05-19T05:30:00+05:30,102.3,102.75,102.22,102.47,636
2026-05-19T05:45:00+05:30,102.47,102.7,102.43,102.54,298
2026-05-19T06:00:00+05:30,102.54,102.55,102.34,102.36,391
2026-05-19T06:15:00+05:30,102.36,102.56,102.24,102.51,565
2026-05-19T06:30:00+05:30,102.47,102.93,102.46,102.91,957
2026-05-19T06:45:00+05:30,102.9,103,102.72,102.78,444
2026-05-19T07:00:00+05:30,102.77,102.8,102.24,102.4,780
2026-05-19T07:15:00+05:30,102.4,102.67,102.37,102.53,452
2026-05-19T07:30:00+05:30,102.5,102.69,102.42,102.58,250
2026-05-19T07:45:00+05:30,102.58,102.82,102.51,102.59,368
2026-05-19T08:00:00+05:30,102.63,103.1,102.59,102.86,371
2026-05-19T08:15:00+05:30,102.87,102.94,102.8,102.91,233
2026-05-19T08:30:00+05:30,102.93,103.13,102.9,102.94,319
2026-05-19T08:45:00+05:30,102.92,102.93,102.79,102.81,175
2026-05-19T09:00:00+05:30,102.81,102.81,102.67,102.73,275
2026-05-19T09:15:00+05:30,102.75,102.91,102.74,102.83,192
2026-05-19T09:30:00+05:30,102.84,102.91,102.64,102.75,190
2026-05-19T09:45:00+05:30,102.74,102.82,102.7,102.73,127
2026-05-19T10:00:00+05:30,102.73,102.92,102.69,102.84,212
2026-05-19T10:15:00+05:30,102.85,102.91,102.59,102.65,142
2026-05-19T10:30:00+05:30,102.64,102.73,102.58,102.64,236
2026-05-19T10:45:00+05:30,102.63,103.38,102.63,103.01,879
2026-05-19T11:00:00+05:30,103.05,103.45,103.04,103.29,468
2026-05-19T11:15:00+05:30,103.28,103.32,103.09,103.16,299
2026-05-19T11:30:00+05:30,103.16,103.7,102.74,102.91,2299
2026-05-19T11:45:00+05:30,102.9,103.52,102.87,103.43,923
2026-05-19T12:00:00+05:30,103.45,103.64,103.36,103.52,1305
2026-05-19T12:15:00+05:30,103.52,103.85,103.5,103.72,828
2026-05-19T12:30:00+05:30,103.71,104,103.49,103.53,1278
2026-05-19T12:45:00+05:30,103.56,103.7,103.49,103.55,676
2026-05-19T13:00:00+05:30,103.54,103.77,103.48,103.55,667
2026-05-19T13:15:00+05:30,103.55,103.58,103.02,103.15,1466
2026-05-19T13:30:00+05:30,103.17,103.86,103.03,103.69,1293
2026-05-19T13:45:00+05:30,103.7,103.7,103.32,103.44,986
2026-05-19T14:00:00+05:30,103.46,103.52,103.12,103.23,1036
2026-05-19T14:15:00+05:30,103.23,103.26,103.03,103.24,632
2026-05-19T14:30:00+05:30,103.25,103.41,103.16,103.34,527
2026-05-19T14:45:00+05:30,103.35,103.58,103.08,103.34,820
2026-05-19T15:00:00+05:30,103.33,103.43,103.22,103.26,397
2026-05-19T15:15:00+05:30,103.27,103.35,102.56,102.79,1716
2026-05-19T15:30:00+05:30,102.79,103.05,102.73,103.05,585
2026-05-19T15:45:00+05:30,103.03,103.23,103,103.05,640
2026-05-19T16:00:00+05:30,103.01,103.96,102.97,103.78,2746
2026-05-19T16:15:00+05:30,103.76,104.18,103.28,103.42,3582
2026-05-19T16:30:00+05:30,103.45,104.04,103.41,104,1532
2026-05-19T16:45:00+05:30,103.99,104.1,103.67,103.84,1161
2026-05-19T17:00:00+05:30,103.86,103.94,103.69,103.76,433
2026-05-19T17:15:00+05:30,103.77,104,103.71,103.97,689
2026-05-19T17:30:00+05:30,103.98,104.01,103.56,103.58,1459
2026-05-19T17:45:00+05:30,103.59,103.77,103.28,103.48,1497
2026-05-19T18:00:00+05:30,103.48,103.54,103.23,103.34,925
2026-05-19T18:15:00+05:30,103.36,103.62,103.31,103.51,990
2026-05-19T18:30:00+05:30,103.5,103.65,103.14,103.52,2659
2026-05-19T18:45:00+05:30,103.51,104.64,103.48,104.42,4719
2026-05-19T19:00:00+05:30,104.42,104.71,103.95,104.11,5151
2026-05-19T19:15:00+05:30,104.09,104.22,103.2,103.46,6957
2026-05-19T19:30:00+05:30,103.48,103.75,102.61,103.7,7677
2026-05-19T19:45:00+05:30,103.71,103.79,103.06,103.14,2345
2026-05-19T20:00:00+05:30,103.14,103.5,102.81,103.29,4833
2026-05-19T20:15:00+05:30,103.3,103.75,103.2,103.49,2352
2026-05-19T20:30:00+05:30,103.48,103.5,102.96,103.44,2987
2026-05-19T20:45:00+05:30,103.45,103.71,103.08,103.49,3128
2026-05-19T21:00:00+05:30,103.5,103.63,103.21,103.55,1548
2026-05-19T21:15:00+05:30,103.57,103.91,103.56,103.83,2248
2026-05-19T21:30:00+05:30,103.82,104.05,103.76,103.97,1921
2026-05-19T21:45:00+05:30,103.96,104.03,103.66,103.82,1573
2026-05-19T22:00:00+05:30,103.83,104.15,103.65,103.96,2105
2026-05-19T22:15:00+05:30,103.96,103.97,103.51,103.71,2195
2026-05-19T22:30:00+05:30,103.71,104.09,103.68,103.93,1744
2026-05-19T22:45:00+05:30,103.92,104.06,103.84,103.91,1057
2026-05-19T23:00:00+05:30,103.91,103.91,103.27,103.47,3417
2026-05-19T23:15:00+05:30,103.46,103.84,103.41,103.44,3317
2026-05-19T23:30:00+05:30,103.43,103.51,103.09,103.17,3908
2026-05-19T23:45:00+05:30,103.17,104.46,103.14,104.41,13926
2026-05-20T00:00:00+05:30,104.4,104.66,104.22,104.43,3830
2026-05-20T00:15:00+05:30,104.44,104.86,104.41,104.65,2249
2026-05-20T00:30:00+05:30,104.66,104.66,104.16,104.2,1515
2026-05-20T00:45:00+05:30,104.21,104.58,104.12,104.44,1212
2026-05-20T01:00:00+05:30,104.45,104.5,104.34,104.42,519
2026-05-20T01:15:00+05:30,104.43,104.49,104.21,104.48,830
2026-05-20T01:30:00+05:30,104.49,104.59,104.39,104.44,431
2026-05-20T01:45:00+05:30,104.44,104.45,104.16,104.22,719
2026-05-20T02:00:00+05:30,104.21,104.23,103.95,104.05,880
2026-05-20T02:15:00+05:30,104.06,104.18,103.98,104.03,554
2026-05-20T03:30:00+05:30,104.12,104.36,104.03,104.31,368
2026-05-20T03:45:00+05:30,104.34,104.34,104.18,104.23,176
2026-05-20T04:00:00+05:30,104.23,104.25,104.1,104.17,187
2026-05-20T04:15:00+05:30,104.16,104.23,104.16,104.21,61
2026-05-20T04:30:00+05:30,104.21,104.29,104.14,104.15,146
2026-05-20T04:45:00+05:30,104.17,104.25,104.02,104.05,186
2026-05-20T05:00:00+05:30,104.07,104.09,103.76,103.86,523
2026-05-20T05:15:00+05:30,103.88,104.01,103.8,103.92,179
2026-05-20T05:30:00+05:30,103.92,104.02,103.77,103.83,474
2026-05-20T05:45:00+05:30,103.83,104,103.71,103.82,330
2026-05-20T06:00:00+05:30,103.8,103.89,103.71,103.79,203
2026-05-20T06:15:00+05:30,103.81,103.91,103.79,103.87,188
2026-05-20T06:30:00+05:30,103.85,104.45,103.85,104.22,927
2026-05-20T06:45:00+05:30,104.24,104.25,103.93,104.15,390
2026-05-20T07:00:00+05:30,104.14,104.38,104.08,104.1,475
2026-05-20T07:15:00+05:30,104.08,104.1,103.12,103.61,1950
2026-05-20T07:30:00+05:30,103.58,103.74,103.41,103.63,483
2026-05-20T07:45:00+05:30,103.6,103.95,103.6,103.91,440
2026-05-20T08:00:00+05:30,103.92,104.45,103.89,104.15,1115
2026-05-20T08:15:00+05:30,104.13,104.23,104.07,104.2,310
2026-05-20T08:30:00+05:30,104.2,104.33,104.17,104.3,243
2026-05-20T08:45:00+05:30,104.27,104.33,104.01,104.04,304
2026-05-20T09:00:00+05:30,104.05,104.08,103.72,103.82,429
2026-05-20T09:15:00+05:30,103.81,103.91,103.57,103.68,558
2026-05-20T09:30:00+05:30,103.68,103.68,103.32,103.49,667
2026-05-20T09:45:00+05:30,103.5,103.62,103.49,103.53,161
2026-05-20T10:00:00+05:30,103.53,103.8,103.51,103.76,293
2026-05-20T10:15:00+05:30,103.74,103.97,103.7,103.9,186
2026-05-20T10:30:00+05:30,103.88,103.88,103.57,103.71,170
2026-05-20T10:45:00+05:30,103.72,103.85,103.66,103.77,205
2026-05-20T11:00:00+05:30,103.76,103.85,103.59,103.73,273
2026-05-20T11:15:00+05:30,103.75,103.94,103.75,103.84,375
2026-05-20T11:30:00+05:30,103.86,104.01,103.63,103.86,543
2026-05-20T11:45:00+05:30,103.85,103.86,102.92,103.04,1886
2026-05-20T12:00:00+05:30,103.03,103.35,102.87,103.09,1181
2026-05-20T12:15:00+05:30,103.05,103.09,102.65,102.79,1164
2026-05-20T12:30:00+05:30,102.75,103.17,102.68,103.07,1159
2026-05-20T12:45:00+05:30,103.07,103.15,102.5,102.67,1034
2026-05-20T13:00:00+05:30,102.7,103.17,102.68,102.97,1240
2026-05-20T13:15:00+05:30,102.99,103.15,102.93,103.04,689
2026-05-20T13:30:00+05:30,103.05,103.08,102.51,102.95,1205
2026-05-20T13:45:00+05:30,102.98,103.12,102.77,102.77,1331
2026-05-20T14:00:00+05:30,102.76,102.85,102.2,102.35,2248
2026-05-20T14:15:00+05:30,102.36,102.38,101.82,102.06,2920
2026-05-20T14:30:00+05:30,102.09,102.56,101.64,102.52,2001
2026-05-20T14:45:00+05:30,102.52,102.67,102.33,102.5,809
2026-05-20T15:00:00+05:30,102.48,102.61,102.28,102.57,1085
2026-05-20T15:15:00+05:30,102.57,102.72,102.3,102.35,945
2026-05-20T15:30:00+05:30,102.34,102.51,102.14,102.17,883
2026-05-20T15:45:00+05:30,102.18,102.34,102.09,102.16,1232
2026-05-20T16:00:00+05:30,102.15,102.16,100.98,101.26,4482
2026-05-20T16:15:00+05:30,101.23,101.56,100.87,101.48,2348
2026-05-20T16:30:00+05:30,101.48,102.01,101.42,101.96,1277
2026-05-20T16:45:00+05:30,101.96,102.28,101.83,102.08,1884
2026-05-20T17:00:00+05:30,102.06,102.51,102.04,102.37,1802
2026-05-20T17:15:00+05:30,102.38,102.77,102.24,102.52,2554
2026-05-20T17:30:00+05:30,102.53,102.65,101.9,101.91,2187
2026-05-20T17:45:00+05:30,101.9,101.9,101.21,101.27,4539
2026-05-20T18:00:00+05:30,101.28,101.43,100.75,101.28,4122
2026-05-20T18:15:00+05:30,101.29,101.8,101.24,101.66,2690
2026-05-20T18:30:00+05:30,101.68,102,101.33,101.33,4920
2026-05-20T18:45:00+05:30,101.35,102.11,101.29,102.04,3616
2026-05-20T19:00:00+05:30,102.05,102.17,101.85,101.96,3380
2026-05-20T19:15:00+05:30,101.97,102.33,101.64,102.27,3351
2026-05-20T19:30:00+05:30,102.26,102.8,101.45,101.73,8144
2026-05-20T19:45:00+05:30,101.74,101.8,99.45,100.39,21610
2026-05-20T20:00:00+05:30,100.42,101,99.45,100.45,9443
2026-05-20T20:15:00+05:30,100.46,100.99,100.22,100.49,4063
2026-05-20T20:30:00+05:30,100.5,100.67,100,100.58,3569
2026-05-20T20:45:00+05:30,100.57,100.57,97,99.72,21441
2026-05-20T21:00:00+05:30,99.7,99.78,98.81,99.04,6083
2026-05-20T21:15:00+05:30,99.04,99.7,98.72,99.26,5308
2026-05-20T21:30:00+05:30,99.23,99.3,98.35,98.54,3378
2026-05-20T21:45:00+05:30,98.55,99.64,98.55,99.42,4533
2026-05-20T22:00:00+05:30,99.42,99.51,97.94,98.05,4806
2026-05-20T22:15:00+05:30,98.03,98.18,97.6,97.89,5236
2026-05-20T22:30:00+05:30,97.84,98.08,97.01,97.46,5804
2026-05-20T22:45:00+05:30,97.5,97.8,96.94,97.46,6358
2026-05-20T23:00:00+05:30,97.45,97.8,97.12,97.73,4803
2026-05-20T23:15:00+05:30,97.72,98.35,97.52,98.32,4573
2026-05-20T23:30:00+05:30,98.3,98.5,97.95,98.4,4293
2026-05-20T23:45:00+05:30,98.4,98.71,98.06,98.19,9061
2026-05-21T00:00:00+05:30,98.18,98.28,97.76,98.26,3601
2026-05-21T00:15:00+05:30,98.27,98.28,97.88,97.95,1604
2026-05-21T00:30:00+05:30,97.94,98.12,97.77,98.07,1323
2026-05-21T00:45:00+05:30,98.08,98.28,98.06,98.23,823
2026-05-21T01:00:00+05:30,98.22,98.39,97.82,98.17,2103
2026-05-21T01:15:00+05:30,98.18,98.58,98.18,98.53,1430
2026-05-21T01:30:00+05:30,98.52,98.58,98.33,98.45,926
2026-05-21T01:45:00+05:30,98.45,98.58,98.34,98.44,509
2026-05-21T02:00:00+05:30,98.44,98.69,98.34,98.66,692
2026-05-21T02:15:00+05:30,98.67,99.11,98.66,99.08,1302
2026-05-21T03:30:00+05:30,98.95,99.07,98.75,98.85,512
2026-05-21T03:45:00+05:30,98.87,99.2,98.82,99.2,480
2026-05-21T04:00:00+05:30,99.2,99.22,98.89,98.98,407
2026-05-21T04:15:00+05:30,98.99,99.06,98.87,98.99,144
2026-05-21T04:30:00+05:30,98.96,99.14,98.95,99.11,282
2026-05-21T04:45:00+05:30,99.11,99.14,99.06,99.11,167
2026-05-21T05:00:00+05:30,99.11,99.21,98.96,98.97,263
2026-05-21T05:15:00+05:30,98.97,98.99,98.75,98.88,325
2026-05-21T05:30:00+05:30,98.87,99.28,98.79,99.13,912
2026-05-21T05:45:00+05:30,99.14,100.11,99.12,99.55,1900
2026-05-21T06:00:00+05:30,99.52,99.62,99.13,99.35,481
2026-05-21T06:15:00+05:30,99.34,99.37,99.07,99.12,443
2026-05-21T06:30:00+05:30,99.12,99.16,98.64,98.68,1533
2026-05-21T06:45:00+05:30,98.69,98.88,98.6,98.79,933
2026-05-21T07:00:00+05:30,98.81,98.9,98.7,98.72,551
2026-05-21T07:15:00+05:30,98.73,98.85,98.5,98.6,603
2026-05-21T07:30:00+05:30,98.59,98.79,98.52,98.77,363
2026-05-21T07:45:00+05:30,98.76,98.87,98.62,98.68,215
2026-05-21T08:00:00+05:30,98.67,98.87,98.65,98.83,269
2026-05-21T08:15:00+05:30,98.85,99.25,98.85,99.15,509
2026-05-21T08:30:00+05:30,99.16,99.19,99.03,99.12,233
2026-05-21T08:45:00+05:30,99.14,99.27,99.03,99.05,285
2026-05-21T09:00:00+05:30,99.07,99.14,98.94,98.95,199
2026-05-21T09:15:00+05:30,98.98,99.19,98.98,99.12,160
2026-05-21T09:30:00+05:30,99.1,99.27,99.06,99.18,172
2026-05-21T09:45:00+05:30,99.18,99.26,99.14,99.24,107
2026-05-21T10:00:00+05:30,99.26,99.29,98.99,99.02,224
2026-05-21T10:15:00+05:30,99.01,99.18,98.79,98.84,286
2026-05-21T10:30:00+05:30,98.84,98.98,98.82,98.95,244
2026-05-21T10:45:00+05:30,98.94,99.24,98.86,99.21,270
2026-05-21T11:00:00+05:30,99.24,99.4,99.12,99.35,563
2026-05-21T11:15:00+05:30,99.34,100.06,99.26,99.42,1278
2026-05-21T11:30:00+05:30,99.45,99.48,99,99.44,871
2026-05-21T11:45:00+05:30,99.42,99.82,98.8,99.29,2244
2026-05-21T12:00:00+05:30,99.28,99.68,99.24,99.66,566
2026-05-21T12:15:00+05:30,99.66,99.85,99.51,99.55,667
2026-05-21T12:30:00+05:30,99.58,99.93,99.54,99.78,614
2026-05-21T12:45:00+05:30,99.76,99.88,99.62,99.64,533
2026-05-21T13:00:00+05:30,99.63,99.66,99.28,99.41,640
2026-05-21T13:15:00+05:30,99.43,99.47,99.24,99.28,789
2026-05-21T13:30:00+05:30,99.28,99.33,98.04,98.27,2274
2026-05-21T13:45:00+05:30,98.26,99.19,98.1,98.73,2239
2026-05-21T14:00:00+05:30,98.72,99.55,98.72,99.4,1580
2026-05-21T14:15:00+05:30,99.39,99.58,98.32,98.47,2036
2026-05-21T14:30:00+05:30,98.5,98.5,97.76,98.16,1894
2026-05-21T14:45:00+05:30,98.18,98.38,97.58,97.65,1191
2026-05-21T15:00:00+05:30,97.61,97.82,97.25,97.82,1857
2026-05-21T15:15:00+05:30,97.81,97.89,97.55,97.59,1114
2026-05-21T15:30:00+05:30,97.6,97.77,97.48,97.59,821
2026-05-21T15:45:00+05:30,97.58,99.8,97.57,99.63,5444
2026-05-21T16:00:00+05:30,99.6,101,99.59,100.66,8708
2026-05-21T16:15:00+05:30,100.67,101.34,100.56,101.06,5236
2026-05-21T16:30:00+05:30,101.08,101.08,100.52,100.67,3631
2026-05-21T16:45:00+05:30,100.69,100.84,100.15,100.38,2843
2026-05-21T17:00:00+05:30,100.4,100.65,100.33,100.62,1830
2026-05-21T17:15:00+05:30,100.6,100.71,100.38,100.59,1334
2026-05-21T17:30:00+05:30,100.57,100.88,100.48,100.87,1302
2026-05-21T17:45:00+05:30,100.87,101.2,100.76,101.18,3166
2026-05-21T18:00:00+05:30,101.18,101.29,100.44,100.75,5675
2026-05-21T18:15:00+05:30,100.73,101.21,100.58,101.09,2868
2026-05-21T18:30:00+05:30,101.09,101.99,100.74,101.8,6178
2026-05-21T18:45:00+05:30,101.81,102.19,101.69,101.93,4937
2026-05-21T19:00:00+05:30,101.93,102.66,101.85,102.25,6850
2026-05-21T19:15:00+05:30,102.27,102.32,100.29,100.53,12831
2026-05-21T19:30:00+05:30,100.53,101.34,100.27,101.24,6711
2026-05-21T19:45:00+05:30,101.21,101.56,100.43,100.59,6040
2026-05-21T20:00:00+05:30,100.6,101.2,100.37,101.08,2959
2026-05-21T20:15:00+05:30,101.08,101.45,100.95,101.35,3950
2026-05-21T20:30:00+05:30,101.36,102.14,101.17,101.43,6216
2026-05-21T20:45:00+05:30,101.43,102,101.31,101.77,3759
2026-05-21T21:00:00+05:30,101.78,101.8,101.33,101.39,2583
2026-05-21T21:15:00+05:30,101.39,101.4,100.72,100.73,3172
2026-05-21T21:30:00+05:30,100.72,100.72,99.79,100.32,7191
2026-05-21T21:45:00+05:30,100.31,100.78,100.25,100.42,2766
2026-05-21T22:00:00+05:30,100.41,100.52,100.17,100.2,1454
2026-05-21T22:15:00+05:30,100.19,100.43,100,100.01,1737
2026-05-21T22:30:00+05:30,100,100.43,98.84,99.24,9558
2026-05-21T22:45:00+05:30,99.25,99.31,97.59,98.48,16615
2026-05-21T23:00:00+05:30,98.49,98.88,97.16,97.29,8366
2026-05-21T23:15:00+05:30,97.28,97.46,95.76,96.33,13250
2026-05-21T23:30:00+05:30,96.34,97.26,96,96.76,11839
2026-05-21T23:45:00+05:30,96.74,97.05,96.21,96.28,9424
2026-05-22T00:00:00+05:30,96.28,96.78,96.19,96.52,3864
2026-05-22T00:15:00+05:30,96.51,98.3,96.43,98.01,12941
2026-05-22T00:30:00+05:30,98.01,98.09,97.37,97.43,4377
2026-05-22T00:45:00+05:30,97.44,97.61,97.18,97.44,2217
2026-05-22T01:00:00+05:30,97.46,97.57,97.06,97.5,1638
2026-05-22T01:15:00+05:30,97.51,98.21,97.11,97.32,4123
2026-05-22T01:30:00+05:30,97.35,97.66,97.21,97.57,1232
2026-05-22T01:45:00+05:30,97.56,97.89,97.53,97.86,654
2026-05-22T02:00:00+05:30,97.86,98.13,97.82,98.07,651
2026-05-22T02:15:00+05:30,98.06,98.18,97.96,98,606
2026-05-22T03:30:00+05:30,98,98,97.29,97.58,639
2026-05-22T03:45:00+05:30,97.56,97.79,97.48,97.53,305
2026-05-22T04:00:00+05:30,97.53,97.86,97.53,97.79,441
2026-05-22T04:15:00+05:30,97.79,97.82,97.66,97.73,354
2026-05-22T04:30:00+05:30,97.73,97.9,97.72,97.75,201
2026-05-22T04:45:00+05:30,97.78,97.91,97.6,97.62,252
2026-05-22T05:00:00+05:30,97.61,97.7,97.51,97.66,262
2026-05-22T05:15:00+05:30,97.66,97.78,97.64,97.74,193
2026-05-22T05:30:00+05:30,97.74,97.98,97.63,97.73,924
2026-05-22T05:45:00+05:30,97.7,98.15,97.6,98.07,681
2026-05-22T06:00:00+05:30,98.08,98.14,98.03,98.08,252
2026-05-22T06:15:00+05:30,98.05,98.08,97.74,97.93,605
2026-05-22T06:30:00+05:30,97.92,98.24,97.78,98.2,773
2026-05-22T06:45:00+05:30,98.2,98.35,98.03,98.09,578
2026-05-22T07:00:00+05:30,98.08,98.14,97.85,97.88,488
2026-05-22T07:15:00+05:30,97.87,97.93,97.62,97.69,545
2026-05-22T07:30:00+05:30,97.66,97.92,97.66,97.88,280
2026-05-22T07:45:00+05:30,97.89,97.97,97.68,97.81,264
2026-05-22T08:00:00+05:30,97.82,97.82,97.42,97.5,437
2026-05-22T08:15:00+05:30,97.49,97.56,97.33,97.47,431
2026-05-22T08:30:00+05:30,97.44,97.46,97.24,97.37,452
2026-05-22T08:45:00+05:30,97.37,97.57,97.35,97.55,516
2026-05-22T09:00:00+05:30,97.53,97.54,97.42,97.48,175
2026-05-22T09:15:00+05:30,97.47,97.53,97.43,97.46,158
2026-05-22T09:30:00+05:30,97.48,97.48,97.18,97.22,455
2026-05-22T09:45:00+05:30,97.2,97.28,96.92,97.25,738
2026-05-22T10:00:00+05:30,97.27,97.33,97.21,97.28,244
2026-05-22T10:15:00+05:30,97.31,97.43,97.21,97.35,209
2026-05-22T10:30:00+05:30,97.34,97.73,97.34,97.71,459
2026-05-22T10:45:00+05:30,97.71,97.75,97.62,97.7,256
2026-05-22T11:00:00+05:30,97.68,97.9,97.66,97.78,285
2026-05-22T11:15:00+05:30,97.76,98.55,97.72,98.38,992
2026-05-22T11:30:00+05:30,98.38,98.73,98.18,98.22,1046
2026-05-22T11:45:00+05:30,98.23,98.28,97.97,97.99,637
2026-05-22T12:00:00+05:30,97.98,98.11,97.92,98.05,446
2026-05-22T12:15:00+05:30,98.05,98.35,97.95,98,1143
2026-05-22T12:30:00+05:30,97.98,98.53,97.95,98.52,1385
2026-05-22T12:45:00+05:30,98.51,98.56,97.99,98.16,1583
2026-05-22T13:00:00+05:30,98.17,98.87,98.17,98.63,1702
2026-05-22T13:15:00+05:30,98.62,98.93,98.43,98.46,1446
2026-05-22T13:30:00+05:30,98.46,98.69,98.26,98.56,1443
2026-05-22T13:45:00+05:30,98.54,98.74,98.09,98.38,2886
2026-05-22T14:00:00+05:30,98.39,99.43,98.33,98.88,4017
2026-05-22T14:15:00+05:30,98.86,98.87,98.27,98.7,1674
2026-05-22T14:30:00+05:30,98.72,99.07,98.72,98.99,1023
2026-05-22T14:45:00+05:30,99,99.07,98.78,98.8,788
2026-05-22T15:00:00+05:30,98.81,98.85,97.89,98.39,1721
2026-05-22T15:15:00+05:30,98.4,98.67,98.33,98.52,991
2026-05-22T15:30:00+05:30,98.5,98.5,97.66,98.06,1199
2026-05-22T15:45:00+05:30,98.06,98.53,98.04,98.5,912
2026-05-22T16:00:00+05:30,98.49,98.8,98.23,98.28,1431
2026-05-22T16:15:00+05:30,98.3,98.39,98.08,98.31,941
2026-05-22T16:30:00+05:30,98.32,98.52,98.13,98.49,1093
2026-05-22T16:45:00+05:30,98.5,98.63,98.42,98.58,849
2026-05-22T17:00:00+05:30,98.57,98.66,97.66,97.7,1172
2026-05-22T17:15:00+05:30,97.72,97.91,97.16,97.52,2399
2026-05-22T17:30:00+05:30,97.55,97.77,96.04,96.15,6467
2026-05-22T17:45:00+05:30,96.16,96.88,95.65,96.61,8127
2026-05-22T18:00:00+05:30,96.6,96.95,96.34,96.72,2167
2026-05-22T18:15:00+05:30,96.73,96.81,96.17,96.22,2289
2026-05-22T18:30:00+05:30,96.2,96.88,95.46,96.16,7632
2026-05-22T18:45:00+05:30,96.16,96.6,95.86,96.57,4231
2026-05-22T19:00:00+05:30,96.59,97.65,96.38,97.25,8797
2026-05-22T19:15:00+05:30,97.27,98.11,97.16,97.77,4952
2026-05-22T19:30:00+05:30,97.78,98.17,97.66,97.87,3348
2026-05-22T19:45:00+05:30,97.86,97.86,97.47,97.54,2618
2026-05-22T20:00:00+05:30,97.56,97.78,97.29,97.55,2144
2026-05-22T20:15:00+05:30,97.55,97.63,97.34,97.57,2035
2026-05-22T20:30:00+05:30,97.57,97.96,97.41,97.72,2969
2026-05-22T20:45:00+05:30,97.73,97.84,97.43,97.45,2392
2026-05-22T21:00:00+05:30,97.44,97.47,96.91,96.93,3627
2026-05-22T21:15:00+05:30,96.92,97.1,96.8,97.06,2141
2026-05-22T21:30:00+05:30,97.06,97.41,96.92,97.02,3950
2026-05-22T21:45:00+05:30,97.03,97.33,96.85,96.9,2589
2026-05-22T22:00:00+05:30,96.89,96.99,96.52,96.86,2570
2026-05-22T22:15:00+05:30,96.86,97.21,96.63,96.86,2981
2026-05-22T22:30:00+05:30,96.83,96.83,96.27,96.57,3570
2026-05-22T22:45:00+05:30,96.54,97.24,94.73,95,13058
2026-05-22T23:00:00+05:30,94.98,96,94.8,95.69,7223
2026-05-22T23:15:00+05:30,95.69,96.27,95.59,96.07,4338
2026-05-22T23:30:00+05:30,96.07,96.7,96,96.46,4680
2026-05-22T23:45:00+05:30,96.47,96.75,96.18,96.75,6807
2026-05-23T00:00:00+05:30,96.76,96.77,96.15,96.33,3354
2026-05-23T00:15:00+05:30,96.32,96.5,96,96.25,1604
2026-05-23T00:30:00+05:30,96.23,96.95,96.2,96.8,2985
2026-05-23T00:45:00+05:30,96.8,96.86,96.59,96.82,833
2026-05-23T01:00:00+05:30,96.82,96.94,96.54,96.59,1182
2026-05-23T01:15:00+05:30,96.59,96.71,96.08,96.28,1927
2026-05-23T01:30:00+05:30,96.23,96.48,96.14,96.23,886
2026-05-23T01:45:00+05:30,96.23,96.29,95.97,96.18,893
2026-05-23T02:00:00+05:30,96.18,97.27,96.07,97.15,3049
2026-05-23T02:15:00+05:30,97.17,97.18,96.7,97,1164
2026-05-25T03:30:00+05:30,93.88,93.9,91.36,92,6197
2026-05-25T03:45:00+05:30,92,92.14,91.85,92.11,1033
2026-05-25T04:00:00+05:30,92.11,92.21,91.58,91.61,1764
2026-05-25T04:15:00+05:30,91.61,91.62,91.25,91.54,1158
2026-05-25T04:30:00+05:30,91.52,91.69,91.3,91.64,764
2026-05-25T04:45:00+05:30,91.66,91.82,91.58,91.78,435
2026-05-25T05:00:00+05:30,91.77,91.82,91.42,91.68,461
2026-05-25T05:15:00+05:30,91.68,92.18,91.67,92.14,704
2026-05-25T05:30:00+05:30,92.12,92.29,91.95,92.17,846
2026-05-25T05:45:00+05:30,92.19,92.21,91.86,92.03,559
2026-05-25T06:00:00+05:30,92.01,92.2,91.87,92.09,536
2026-05-25T06:15:00+05:30,92.1,92.11,90.87,91.9,2036
2026-05-25T06:30:00+05:30,91.92,92.36,91.7,92.27,1905
2026-05-25T06:45:00+05:30,92.27,92.36,92.1,92.3,920
2026-05-25T07:00:00+05:30,92.26,92.52,92.23,92.46,722
2026-05-25T07:15:00+05:30,92.45,92.52,92.26,92.41,622
2026-05-25T07:30:00+05:30,92.42,92.55,92.11,92.12,660
2026-05-25T07:45:00+05:30,92.13,92.27,92.04,92.11,300
2026-05-25T08:00:00+05:30,92.11,92.15,91.86,91.9,633
2026-05-25T08:15:00+05:30,91.91,92.05,91.71,91.74,643
2026-05-25T08:30:00+05:30,91.72,91.78,91.21,91.38,1307
2026-05-25T08:45:00+05:30,91.39,91.41,90.68,90.81,2779
2026-05-25T09:00:00+05:30,90.81,91.02,90.32,90.95,2504
2026-05-25T09:15:00+05:30,90.96,91.21,90.84,90.94,1120
2026-05-25T09:30:00+05:30,91.01,91.29,90.95,91.25,607
2026-05-25T09:45:00+05:30,91.23,91.3,90.99,91.03,493
2026-05-25T10:00:00+05:30,91.02,91.14,91,91.06,327
2026-05-25T10:15:00+05:30,91.05,91.15,90.87,90.98,427
2026-05-25T10:30:00+05:30,90.97,91.05,90.62,90.77,526
2026-05-25T10:45:00+05:30,90.77,90.89,90.58,90.89,495
2026-05-25T11:00:00+05:30,90.89,91.01,90.76,90.9,544
2026-05-25T11:15:00+05:30,90.91,91.04,90.79,90.98,492
2026-05-25T11:30:00+05:30,91,91.29,90.87,91.24,806
2026-05-25T11:45:00+05:30,91.25,91.38,91.19,91.25,462
2026-05-25T12:00:00+05:30,91.25,91.58,91.25,91.49,791
2026-05-25T12:15:00+05:30,91.51,91.61,91.37,91.4,728
2026-05-25T12:30:00+05:30,91.4,91.91,91.25,91.91,1115
2026-05-25T12:45:00+05:30,91.9,92.7,91.82,92.4,3863
2026-05-25T13:00:00+05:30,92.4,92.56,91.62,91.93,2334
2026-05-25T13:15:00+05:30,91.93,92.07,91.59,91.76,743
2026-05-25T13:30:00+05:30,91.76,91.97,91.63,91.92,643
2026-05-25T13:45:00+05:30,91.93,92.47,91.93,92.44,1168
2026-05-25T14:00:00+05:30,92.42,92.52,91.98,92.11,1062
2026-05-25T14:15:00+05:30,92.1,92.11,91.68,91.75,835
2026-05-25T14:30:00+05:30,91.74,91.77,91.46,91.52,822
2026-05-25T14:45:00+05:30,91.56,91.85,91.51,91.82,503
2026-05-25T15:00:00+05:30,91.83,91.83,91.14,91.19,1083
2026-05-25T15:15:00+05:30,91.2,91.29,91.01,91.23,810
2026-05-25T15:30:00+05:30,91.23,91.35,91.05,91.1,787
2026-05-25T15:45:00+05:30,91.1,91.24,90.71,91.17,1244
2026-05-25T16:00:00+05:30,91.18,91.28,90.86,90.91,582
2026-05-25T16:15:00+05:30,90.89,91.03,90.79,90.91,540
2026-05-25T16:30:00+05:30,90.91,91.42,90.78,90.89,1096
2026-05-25T16:45:00+05:30,90.89,91.34,90.67,91.25,1164
2026-05-25T17:00:00+05:30,91.24,91.24,90.75,90.78,1281
2026-05-25T17:15:00+05:30,90.79,90.99,90.54,90.89,1288
2026-05-25T17:30:00+05:30,90.91,91.07,90.64,90.75,916
2026-05-25T17:45:00+05:30,90.78,91.01,90.34,90.92,1786
2026-05-25T18:00:00+05:30,90.92,91.25,90.85,91.13,671
2026-05-25T18:15:00+05:30,91.12,91.55,91.11,91.47,1976
2026-05-25T18:30:00+05:30,91.5,91.87,91.44,91.67,1489
2026-05-25T18:45:00+05:30,91.65,91.83,91.63,91.73,1057
2026-05-25T19:00:00+05:30,91.73,91.79,91.44,91.67,940
2026-05-25T19:15:00+05:30,91.67,91.88,91.31,91.39,1259
2026-05-25T19:30:00+05:30,91.39,91.51,91.22,91.49,1034
2026-05-25T19:45:00+05:30,91.49,91.5,90.89,90.99,1716
2026-05-25T20:00:00+05:30,90.98,91.41,90.96,91.3,794
2026-05-25T20:15:00+05:30,91.3,91.52,91.06,91.43,1936
2026-05-25T20:30:00+05:30,91.46,91.82,90.42,90.88,4976
2026-05-25T20:45:00+05:30,90.87,91.15,90.61,90.91,2984
2026-05-25T21:00:00+05:30,90.92,91.07,90.82,91.01,1478
2026-05-25T21:15:00+05:30,91.02,91.11,90.89,91.09,582
2026-05-25T21:30:00+05:30,91.1,91.6,91.09,91.15,1222
2026-05-25T21:45:00+05:30,91.15,91.42,91.12,91.26,614
2026-05-25T22:00:00+05:30,91.28,91.31,90.76,90.8,713
2026-05-25T22:15:00+05:30,90.81,90.82,89.75,89.85,3709
2026-05-25T22:30:00+05:30,89.86,90.07,89.41,89.99,2011
2026-05-25T22:45:00+05:30,90.01,90.03,89.63,89.85,1043
2026-05-25T23:00:00+05:30,89.92,90.26,89.87,90.14,711
2026-05-25T23:15:00+05:30,90.15,90.45,90.14,90.33,742
2026-05-25T23:30:00+05:30,90.33,90.44,90.14,90.29,411
2026-05-25T23:45:00+05:30,90.27,90.42,90.22,90.3,433
2026-05-26T03:30:00+05:30,91,91.23,90.35,90.62,2635
2026-05-26T03:45:00+05:30,90.6,90.67,90.37,90.53,309
2026-05-26T04:00:00+05:30,90.56,90.58,90.38,90.4,331
2026-05-26T04:15:00+05:30,90.44,90.77,90.44,90.77,638
2026-05-26T04:30:00+05:30,90.75,91.03,90.6,90.83,665
2026-05-26T04:45:00+05:30,90.83,90.98,90.82,90.91,360
2026-05-26T05:00:00+05:30,90.91,91.12,90.9,91.07,421
2026-05-26T05:15:00+05:30,91.07,91.07,90.86,90.93,654
2026-05-26T05:30:00+05:30,90.94,91.6,90.9,91.34,2750
2026-05-26T05:45:00+05:30,91.35,91.48,91.17,91.28,1539
2026-05-26T06:00:00+05:30,91.28,91.32,91.04,91.24,968
2026-05-26T06:15:00+05:30,91.26,91.59,91.21,91.48,843
2026-05-26T06:30:00+05:30,91.5,91.88,91.38,91.76,1591
2026-05-26T06:45:00+05:30,91.75,91.98,91.73,91.89,658
2026-05-26T07:00:00+05:30,91.92,92.04,91.9,91.98,756
2026-05-26T07:15:00+05:30,91.97,92.04,91.77,91.85,642
2026-05-26T07:30:00+05:30,91.85,91.94,91.66,91.77,424
2026-05-26T07:45:00+05:30,91.77,91.79,91.69,91.72,380
2026-05-26T08:00:00+05:30,91.72,91.76,91.39,91.7,867
2026-05-26T08:15:00+05:30,91.68,91.68,91.5,91.58,384
2026-05-26T08:30:00+05:30,91.58,91.61,91.44,91.58,445
2026-05-26T08:45:00+05:30,91.58,91.63,91.4,91.47,503
2026-05-26T09:00:00+05:30,91.49,91.54,91.43,91.51,230
2026-05-26T09:15:00+05:30,91.52,91.72,91.52,91.66,251
2026-05-26T09:30:00+05:30,91.66,91.85,91.58,91.74,400
2026-05-26T09:45:00+05:30,91.74,91.9,91.74,91.82,260
2026-05-26T10:00:00+05:30,91.84,91.88,91.69,91.85,343
2026-05-26T10:15:00+05:30,91.87,92.12,91.87,92.02,576
2026-05-26T10:30:00+05:30,92.01,92.55,92,92.48,1334
2026-05-26T10:45:00+05:30,92.47,92.47,92.01,92.05,451
2026-05-26T11:00:00+05:30,92.06,92.11,91.79,92,611
2026-05-26T11:15:00+05:30,92,92.19,91.88,91.89,510
2026-05-26T11:30:00+05:30,91.9,91.95,91.61,91.71,716
2026-05-26T11:45:00+05:30,91.71,92.31,91.58,91.96,1769
2026-05-26T12:00:00+05:30,91.94,92.18,91.61,91.7,1155
2026-05-26T12:15:00+05:30,91.67,91.79,91.4,91.67,767
2026-05-26T12:30:00+05:30,91.66,92.6,91.53,92.43,2852
2026-05-26T12:45:00+05:30,92.44,92.75,92.24,92.31,1686
2026-05-26T13:00:00+05:30,92.31,92.96,92.27,92.63,2204
2026-05-26T13:15:00+05:30,92.65,92.79,92.38,92.47,1925
2026-05-26T13:30:00+05:30,92.47,92.73,92.33,92.72,1622
2026-05-26T13:45:00+05:30,92.71,92.85,92.56,92.77,1556
2026-05-26T14:00:00+05:30,92.77,93.36,92.68,93.33,2238
2026-05-26T14:15:00+05:30,93.35,93.64,93.17,93.2,1744
2026-05-26T14:30:00+05:30,93.21,93.28,92.79,93.08,1402
2026-05-26T14:45:00+05:30,93.08,93.26,92.7,93.02,1679
2026-05-26T15:00:00+05:30,93.03,93.08,92.79,93.05,884
2026-05-26T15:15:00+05:30,93.06,93.12,92.51,92.61,1516
2026-05-26T15:30:00+05:30,92.61,92.73,92.19,92.2,1885
2026-05-26T15:45:00+05:30,92.22,92.42,91.78,91.84,1911
2026-05-26T16:00:00+05:30,91.85,92.09,91.5,91.91,2546
2026-05-26T16:15:00+05:30,91.92,92.08,91.84,92.02,829
2026-05-26T16:30:00+05:30,92.02,92.41,91.98,92.41,1225
2026-05-26T16:45:00+05:30,92.41,92.5,92.19,92.43,1596
2026-05-26T17:00:00+05:30,92.44,92.9,92.17,92.6,2953
2026-05-26T17:15:00+05:30,92.61,92.78,92.5,92.72,938
2026-05-26T17:30:00+05:30,92.72,93.36,92.55,92.64,4484
2026-05-26T17:45:00+05:30,92.66,92.79,92.42,92.75,1319
2026-05-26T18:00:00+05:30,92.72,93.02,92.72,92.95,1391
2026-05-26T18:15:00+05:30,92.94,92.94,92.48,92.8,1487
2026-05-26T18:30:00+05:30,92.81,92.96,92.54,92.81,2546
2026-05-26T18:45:00+05:30,92.8,93.06,92.68,93.04,1770
2026-05-26T19:00:00+05:30,93.06,93.22,92.8,93.14,2892
2026-05-26T19:15:00+05:30,93.13,94.51,93.04,94.2,9501
2026-05-26T19:30:00+05:30,94.16,94.43,93.52,93.83,4854
2026-05-26T19:45:00+05:30,93.83,94.1,93.71,93.82,2641
2026-05-26T20:00:00+05:30,93.8,93.86,93.17,93.75,5829
2026-05-26T20:15:00+05:30,93.74,94.4,93.52,94.19,4408
2026-05-26T20:30:00+05:30,94.19,94.48,94.13,94.28,4360
2026-05-26T20:45:00+05:30,94.27,94.7,94.12,94.64,3237
2026-05-26T21:00:00+05:30,94.62,94.63,94.03,94.07,3763
2026-05-26T21:15:00+05:30,94.09,94.09,93.81,93.9,2916
2026-05-26T21:30:00+05:30,93.89,94.33,93.85,94.3,2768
2026-05-26T21:45:00+05:30,94.3,94.36,93.95,94.07,2010
2026-05-26T22:00:00+05:30,94.07,94.17,93.71,94.15,3175
2026-05-26T22:15:00+05:30,94.15,94.31,94.02,94.03,1551
2026-05-26T22:30:00+05:30,94.04,94.09,93.85,93.96,1909
2026-05-26T22:45:00+05:30,93.95,94.16,93.82,94.05,2125
2026-05-26T23:00:00+05:30,94.05,94.14,93.58,93.62,2086
2026-05-26T23:15:00+05:30,93.61,93.95,93.56,93.76,2206
2026-05-26T23:30:00+05:30,93.76,94.09,93.72,93.8,3239
2026-05-26T23:45:00+05:30,93.8,94,93.55,93.89,6860
2026-05-27T00:00:00+05:30,93.88,94.07,93.73,93.86,2577
2026-05-27T00:15:00+05:30,93.84,93.88,93.41,93.68,2105
2026-05-27T00:30:00+05:30,93.69,94.04,93.68,93.95,1475
2026-05-27T00:45:00+05:30,93.96,94.06,93.87,93.96,870
2026-05-27T01:00:00+05:30,93.96,94.02,93.67,93.87,914
2026-05-27T01:15:00+05:30,93.88,93.93,93.51,93.53,1350
2026-05-27T01:30:00+05:30,93.51,93.72,93.2,93.65,1252
2026-05-27T01:45:00+05:30,93.66,93.73,93.54,93.7,259
2026-05-27T02:00:00+05:30,93.7,93.87,93.63,93.63,553
2026-05-27T02:15:00+05:30,93.63,93.65,93.48,93.57,638
2026-05-27T03:30:00+05:30,93.39,93.61,93.3,93.48,466
2026-05-27T03:45:00+05:30,93.47,93.69,93.38,93.67,428
2026-05-27T04:00:00+05:30,93.67,93.67,93.55,93.57,191
2026-05-27T04:15:00+05:30,93.58,93.68,93.55,93.58,94
2026-05-27T04:30:00+05:30,93.57,93.61,93.55,93.61,143
2026-05-27T04:45:00+05:30,93.6,93.62,93.29,93.32,570
2026-05-27T05:00:00+05:30,93.33,93.4,93.2,93.21,269
2026-05-27T05:15:00+05:30,93.2,93.35,93.1,93.31,262
2026-05-27T05:30:00+05:30,93.33,93.43,92.81,93.11,1231
2026-05-27T05:45:00+05:30,93.11,93.2,93.01,93.14,344
2026-05-27T06:00:00+05:30,93.16,93.24,93.07,93.08,318
2026-05-27T06:15:00+05:30,93.07,93.08,92.81,92.96,715
2026-05-27T06:30:00+05:30,92.97,93.22,92.55,92.81,1494
2026-05-27T06:45:00+05:30,92.81,92.96,92.81,92.89,352
2026-05-27T07:00:00+05:30,92.9,92.98,92.73,92.88,304
2026-05-27T07:15:00+05:30,92.9,92.97,92.74,92.85,298
2026-05-27T07:30:00+05:30,92.84,92.84,92.62,92.76,424
2026-05-27T07:45:00+05:30,92.76,92.82,92.41,92.63,634
2026-05-27T08:00:00+05:30,92.63,92.75,92.51,92.69,338
2026-05-27T08:15:00+05:30,92.69,92.69,92.16,92.4,1245
2026-05-27T08:30:00+05:30,92.38,92.39,91.87,92.07,1276
2026-05-27T08:45:00+05:30,92.1,92.1,91.94,92.03,533
2026-05-27T09:00:00+05:30,92.04,92.31,92.01,92.21,638
2026-05-27T09:15:00+05:30,92.23,92.26,92.07,92.11,197
2026-05-27T09:30:00+05:30,92.11,92.15,91.91,92.06,350
2026-05-27T09:45:00+05:30,92.06,92.07,91.81,91.97,274
2026-05-27T10:00:00+05:30,91.98,92.06,91.87,91.99,444
2026-05-27T10:15:00+05:30,91.99,92.05,91.91,91.94,294
2026-05-27T10:30:00+05:30,91.95,92.1,91.82,91.89,428
2026-05-27T10:45:00+05:30,91.89,91.97,91.73,91.94,488
2026-05-27T11:00:00+05:30,91.92,92.22,91.86,91.95,744
2026-05-27T11:15:00+05:30,91.93,92.08,91.74,91.85,643
2026-05-27T11:30:00+05:30,91.84,92.04,91.52,91.83,1392
2026-05-27T11:45:00+05:30,91.84,92.02,91.78,91.9,607
2026-05-27T12:00:00+05:30,91.91,92.04,91.64,91.83,713
2026-05-27T12:15:00+05:30,91.83,91.85,91.41,91.54,1542
2026-05-27T12:30:00+05:30,91.54,91.65,91.12,91.33,2116
2026-05-27T12:45:00+05:30,91.33,91.39,91,91.17,1263
2026-05-27T13:00:00+05:30,91.16,91.22,90.85,91.05,1851
2026-05-27T13:15:00+05:30,91.05,91.49,91.01,91.12,1559
2026-05-27T13:30:00+05:30,91.1,91.26,90.56,90.96,2233
2026-05-27T13:45:00+05:30,90.97,91.05,90.37,90.58,2142
2026-05-27T14:00:00+05:30,90.57,90.82,90.13,90.17,1916
2026-05-27T14:15:00+05:30,90.18,90.23,89.69,90.17,3097
2026-05-27T14:30:00+05:30,90.16,90.53,90.01,90.06,2352
2026-05-27T14:45:00+05:30,90.08,90.08,89.64,90,1983
2026-05-27T15:00:00+05:30,89.99,90.45,89.98,90.35,1741
2026-05-27T15:15:00+05:30,90.36,90.39,89.78,89.87,1846
2026-05-27T15:30:00+05:30,89.86,90.25,89.83,90.01,1167
2026-05-27T15:45:00+05:30,90.01,90.36,89.94,90.33,1011
2026-05-27T16:00:00+05:30,90.33,90.51,90.13,90.18,1634
2026-05-27T16:15:00+05:30,90.18,90.41,90.09,90.21,972
2026-05-27T16:30:00+05:30,90.2,90.83,90.07,90.37,2594
2026-05-27T16:45:00+05:30,90.37,90.71,89.96,90.69,2745
2026-05-27T17:00:00+05:30,90.69,90.85,90.37,90.54,2010
2026-05-27T17:15:00+05:30,90.55,90.75,90.52,90.54,1304
2026-05-27T17:30:00+05:30,90.55,90.77,90.27,90.33,1792
2026-05-27T17:45:00+05:30,90.33,90.42,88.25,88.52,15439
2026-05-27T18:00:00+05:30,88.51,88.76,87.77,88.71,10466
2026-05-27T18:15:00+05:30,88.74,89.02,88.53,88.84,4759
2026-05-27T18:30:00+05:30,88.85,89.68,88.76,89.34,7070
2026-05-27T18:45:00+05:30,89.34,89.76,89.25,89.71,3258
2026-05-27T19:00:00+05:30,89.72,89.88,89.43,89.68,3602
2026-05-27T19:15:00+05:30,89.69,90.02,89.35,89.8,5082
2026-05-27T19:30:00+05:30,89.79,90.01,89.54,89.92,3676
2026-05-27T19:45:00+05:30,89.92,90.29,89.46,89.57,6479
2026-05-27T20:00:00+05:30,89.58,90.79,89.48,90.72,8840
2026-05-27T20:15:00+05:30,90.73,91.01,90.42,90.81,4823
2026-05-27T20:30:00+05:30,90.82,91.19,90.47,90.79,5624
2026-05-27T20:45:00+05:30,90.8,90.97,90.62,90.62,2895
2026-05-27T21:00:00+05:30,90.61,90.75,89.93,90.59,8025
2026-05-27T21:15:00+05:30,90.58,90.83,89.94,90.01,4386
2026-05-27T21:30:00+05:30,90.02,90.4,89.87,90.27,3908
2026-05-27T21:45:00+05:30,90.27,90.31,89.66,89.88,3328
2026-05-27T22:00:00+05:30,89.88,90.08,89.42,89.61,2600
2026-05-27T22:15:00+05:30,89.61,89.94,89.53,89.88,2408
2026-05-27T22:30:00+05:30,89.88,90.1,89.83,89.83,2933
2026-05-27T22:45:00+05:30,89.82,89.88,89.51,89.66,1601
2026-05-27T23:00:00+05:30,89.65,89.76,89.37,89.7,1876
2026-05-27T23:15:00+05:30,89.7,89.74,89.16,89.52,2573
2026-05-27T23:30:00+05:30,89.53,89.6,89.31,89.35,2792
2026-05-27T23:45:00+05:30,89.34,89.37,88.57,88.6,10497
2026-05-28T00:00:00+05:30,88.61,89,88.48,88.99,3434
2026-05-28T00:15:00+05:30,88.99,89.06,88.84,88.94,1421
2026-05-28T00:30:00+05:30,88.94,89.2,88.83,89.16,935
2026-05-28T00:45:00+05:30,89.17,89.43,89.14,89.35,1082
2026-05-28T01:00:00+05:30,89.35,89.49,89.12,89.4,1944
2026-05-28T01:15:00+05:30,89.4,89.58,89.34,89.44,1401
2026-05-28T01:30:00+05:30,89.44,89.45,89.3,89.41,452
2026-05-28T01:45:00+05:30,89.41,89.6,89.36,89.5,465
2026-05-28T02:00:00+05:30,89.52,89.57,89.34,89.44,473
2026-05-28T02:15:00+05:30,89.47,89.55,89.38,89.41,437
2026-05-28T03:30:00+05:30,89.11,89.59,89.11,89.54,447
2026-05-28T03:45:00+05:30,89.49,89.87,89.48,89.84,488
2026-05-28T04:00:00+05:30,89.83,90.08,89.41,89.62,973
2026-05-28T04:15:00+05:30,89.63,89.75,89.52,89.7,164
2026-05-28T04:30:00+05:30,89.75,89.79,89.7,89.79,118
2026-05-28T04:45:00+05:30,89.79,90.17,89.61,89.99,919
2026-05-28T05:00:00+05:30,89.99,90.13,89.89,89.98,567
2026-05-28T05:15:00+05:30,90,90.4,90,90.2,850
2026-05-28T05:30:00+05:30,90.21,90.5,90.18,90.39,1165
2026-05-28T05:45:00+05:30,90.4,90.69,90.26,90.29,1108
2026-05-28T06:00:00+05:30,90.31,90.66,90.31,90.57,518
2026-05-28T06:15:00+05:30,90.59,90.62,90.36,90.48,774
2026-05-28T06:30:00+05:30,90.46,90.48,90.15,90.29,1053
2026-05-28T06:45:00+05:30,90.29,90.3,90.05,90.1,751
2026-05-28T07:00:00+05:30,90.11,90.35,89.97,90.26,584
2026-05-28T07:15:00+05:30,90.26,90.42,90.16,90.18,522
2026-05-28T07:30:00+05:30,90.17,90.29,90.04,90.05,369
2026-05-28T07:45:00+05:30,90.09,90.23,90.07,90.19,239
2026-05-28T08:00:00+05:30,90.21,90.66,89.93,90.6,969
2026-05-28T08:15:00+05:30,90.59,90.97,90.55,90.94,1315
2026-05-28T08:30:00+05:30,90.94,91.56,90.86,91.5,2118
2026-05-28T08:45:00+05:30,91.5,91.91,91.38,91.44,1991
2026-05-28T09:00:00+05:30,91.42,92.13,91.42,92.02,1589
2026-05-28T09:15:00+05:30,92.04,92.23,91.96,92.18,1161
2026-05-28T09:30:00+05:30,92.2,92.41,91.99,92.18,1070
2026-05-28T09:45:00+05:30,92.2,92.52,92.16,92.42,984
2026-05-28T10:00:00+05:30,92.41,92.42,92.08,92.22,677
2026-05-28T10:15:00+05:30,92.22,92.22,92.01,92.17,537
2026-05-28T10:30:00+05:30,92.14,92.23,91.92,92.01,723
2026-05-28T10:45:00+05:30,92.01,92.09,91.93,92.02,697
2026-05-28T11:00:00+05:30,92.01,92.01,91.41,91.7,1704
2026-05-28T11:15:00+05:30,91.68,91.7,91.45,91.58,432
2026-05-28T11:30:00+05:30,91.57,91.62,91.22,91.36,859
2026-05-28T11:45:00+05:30,91.36,91.44,91.15,91.28,768
2026-05-28T12:00:00+05:30,91.29,91.32,90.9,90.93,1169
2026-05-28T12:15:00+05:30,90.92,91.16,90.75,91.15,1074
2026-05-28T12:30:00+05:30,91.15,91.17,90.81,91.04,1126
2026-05-28T12:45:00+05:30,91.07,91.31,90.98,91.21,1144
2026-05-28T13:00:00+05:30,91.2,91.24,90.81,91.03,1274
2026-05-28T13:15:00+05:30,91.04,91.42,90.85,90.93,1070
2026-05-28T13:30:00+05:30,90.93,91.01,90.65,90.8,1663
2026-05-28T13:45:00+05:30,90.86,91.03,90.56,90.81,1554
2026-05-28T14:00:00+05:30,90.83,91.02,90.68,90.92,820
2026-05-28T14:15:00+05:30,90.91,90.94,90.48,90.56,1143
2026-05-28T14:30:00+05:30,90.56,90.66,90.16,90.44,1296
2026-05-28T14:45:00+05:30,90.44,90.65,90.37,90.44,894
2026-05-28T15:00:00+05:30,90.46,90.78,90.42,90.53,753
2026-05-28T15:15:00+05:30,90.51,90.56,89.87,90.25,1492
2026-05-28T15:30:00+05:30,90.26,90.37,90.05,90.07,662
2026-05-28T15:45:00+05:30,90.07,90.38,90,90.23,994
2026-05-28T16:00:00+05:30,90.23,90.79,90.23,90.78,1041
2026-05-28T16:15:00+05:30,90.77,91.37,90.67,91.01,3056
2026-05-28T16:30:00+05:30,91,91.39,90.74,91.25,1905
2026-05-28T16:45:00+05:30,91.25,91.33,91.05,91.24,1114
2026-05-28T17:00:00+05:30,91.25,91.46,91.2,91.31,1603
2026-05-28T17:15:00+05:30,91.31,91.57,91.28,91.3,1341
2026-05-28T17:30:00+05:30,91.31,91.45,91,91.08,1925
2026-05-28T17:45:00+05:30,91.1,91.37,91.02,91.05,1479
2026-05-28T18:00:00+05:30,91.05,91.09,90.5,90.72,3032
2026-05-28T18:15:00+05:30,90.74,90.75,90.4,90.54,2303
2026-05-28T18:30:00+05:30,90.54,90.93,90.3,90.86,3299
2026-05-28T18:45:00+05:30,90.87,91.01,90.75,90.99,1640
2026-05-28T19:00:00+05:30,91,91.35,90.8,90.95,3136
2026-05-28T19:15:00+05:30,90.94,90.94,90.54,90.83,2639
2026-05-28T19:30:00+05:30,90.83,91.14,87.11,88.44,5381
2026-05-28T19:45:00+05:30,88.44,89.66,88,89.14,7570
2026-05-28T20:00:00+05:30,89.15,89.98,88.89,89.14,5409
2026-05-28T20:15:00+05:30,89.14,90,88.88,89.49,5171
2026-05-28T20:30:00+05:30,89.51,89.8,88.98,89.69,4064
2026-05-28T20:45:00+05:30,89.7,90.16,89.55,89.78,3968
2026-05-28T21:00:00+05:30,89.77,89.99,89.4,89.98,3321
2026-05-28T21:15:00+05:30,89.98,90.05,89.78,89.78,2773
2026-05-28T21:30:00+05:30,89.77,90.25,89.58,89.6,2812
2026-05-28T21:45:00+05:30,89.58,89.82,88.8,89.17,4556
2026-05-28T22:00:00+05:30,89.17,89.28,88.5,88.55,2782
2026-05-28T22:15:00+05:30,88.54,88.54,88.02,88.24,3958
2026-05-28T22:30:00+05:30,88.26,89.01,88.2,88.98,3503
2026-05-28T22:45:00+05:30,88.97,89.16,88.81,89.04,2441
2026-05-28T23:00:00+05:30,89.03,89.06,88.79,88.91,1513
2026-05-28T23:15:00+05:30,88.91,89,88.65,88.85,2105
2026-05-28T23:30:00+05:30,88.86,89.35,88.59,88.96,2846
2026-05-28T23:45:00+05:30,88.94,89.25,88.59,88.92,7174
2026-05-29T00:00:00+05:30,88.93,89.54,88.87,89.35,2354
2026-05-29T00:15:00+05:30,89.36,89.39,89.1,89.25,735
2026-05-29T00:30:00+05:30,89.24,89.32,89.11,89.14,494
2026-05-29T00:45:00+05:30,89.16,89.31,89.13,89.29,540
2026-05-29T01:00:00+05:30,89.32,89.34,89.01,89.25,899
2026-05-29T01:15:00+05:30,89.25,89.49,89.23,89.48,1134
2026-05-29T01:30:00+05:30,89.47,89.64,89.32,89.35,1531
2026-05-29T01:45:00+05:30,89.33,89.35,88.7,88.79,1305
2026-05-29T02:00:00+05:30,88.79,88.96,88.67,88.81,622
2026-05-29T02:15:00+05:30,88.83,88.89,88.53,88.53,871
2026-05-29T03:30:00+05:30,88.55,88.8,88.26,88.58,709
2026-05-29T03:45:00+05:30,88.56,88.92,88.48,88.79,369
2026-05-29T04:00:00+05:30,88.77,88.8,88.47,88.54,195
2026-05-29T04:15:00+05:30,88.52,88.65,88.51,88.51,75
2026-05-29T04:30:00+05:30,88.54,88.59,88.2,88.46,405
2026-05-29T04:45:00+05:30,88.45,88.59,88.37,88.47,376
2026-05-29T05:00:00+05:30,88.48,88.57,88.33,88.42,211
2026-05-29T05:15:00+05:30,88.43,88.67,88.41,88.53,213
2026-05-29T05:30:00+05:30,88.53,88.53,88.23,88.3,680
2026-05-29T05:45:00+05:30,88.31,88.36,87.63,87.92,1498
2026-05-29T06:00:00+05:30,87.93,88.15,87.88,88.12,363
2026-05-29T06:15:00+05:30,88.12,88.45,88.09,88.36,374
2026-05-29T06:30:00+05:30,88.35,88.36,87.67,87.89,1146
2026-05-29T06:45:00+05:30,87.89,88.44,87.87,88.32,750
2026-05-29T07:00:00+05:30,88.3,88.44,88.25,88.26,317
2026-05-29T07:15:00+05:30,88.24,88.24,87.86,87.89,464
2026-05-29T07:30:00+05:30,87.9,87.9,87.57,87.82,1069
2026-05-29T07:45:00+05:30,87.8,88.03,87.8,87.89,284
2026-05-29T08:00:00+05:30,87.9,88.05,87.74,87.86,276
2026-05-29T08:15:00+05:30,87.85,87.96,87.73,87.77,347
2026-05-29T08:30:00+05:30,87.81,87.86,87.37,87.47,888
2026-05-29T08:45:00+05:30,87.5,87.7,87.48,87.64,417
2026-05-29T09:00:00+05:30,87.63,87.83,87.63,87.76,435
2026-05-29T09:15:00+05:30,87.77,88.29,87.76,88.2,952
2026-05-29T09:30:00+05:30,88.18,88.25,87.77,87.83,548
2026-05-29T09:45:00+05:30,87.84,87.84,87.47,87.72,1432
2026-05-29T10:00:00+05:30,87.7,87.99,87.56,87.76,679
2026-05-29T10:15:00+05:30,87.78,87.83,87.64,87.71,304
2026-05-29T10:30:00+05:30,87.72,87.82,87.7,87.82,301
2026-05-29T10:45:00+05:30,87.82,87.82,87.7,87.77,182
2026-05-29T11:00:00+05:30,87.8,88,87.67,87.89,550
2026-05-29T11:15:00+05:30,87.9,88.13,87.84,88.02,522
2026-05-29T11:30:00+05:30,88.01,88.04,87.8,87.82,411
2026-05-29T11:45:00+05:30,87.82,87.91,87.37,87.4,999
2026-05-29T12:00:00+05:30,87.42,87.61,87.17,87.56,1085
2026-05-29T12:15:00+05:30,87.58,87.69,87.43,87.48,658
2026-05-29T12:30:00+05:30,87.48,87.7,87.34,87.61,748
2026-05-29T12:45:00+05:30,87.62,88.17,87.61,88.05,1306
2026-05-29T13:00:00+05:30,88.03,89.01,88.03,88.78,2059
2026-05-29T13:15:00+05:30,88.79,88.81,88.5,88.72,1087
2026-05-29T13:30:00+05:30,88.72,89.02,88.59,88.92,941
2026-05-29T13:45:00+05:30,88.9,88.96,88.58,88.76,1127
2026-05-29T14:00:00+05:30,88.74,88.98,88.71,88.86,740
2026-05-29T14:15:00+05:30,88.87,88.96,88.52,88.68,854
2026-05-29T14:30:00+05:30,88.69,88.72,87.69,87.7,2775
2026-05-29T14:45:00+05:30,87.69,87.77,86.86,87.09,4635
2026-05-29T15:00:00+05:30,87.07,87.45,87.02,87.32,1459
2026-05-29T15:15:00+05:30,87.31,87.53,86.96,87.5,1853
2026-05-29T15:30:00+05:30,87.5,87.65,87.36,87.42,863
2026-05-29T15:45:00+05:30,87.41,87.82,87.39,87.7,789
2026-05-29T16:00:00+05:30,87.71,87.75,87,87.07,1150
2026-05-29T16:15:00+05:30,87.07,87.44,86.71,87.35,1344
2026-05-29T16:30:00+05:30,87.34,87.48,87.19,87.24,840
2026-05-29T16:45:00+05:30,87.23,87.5,87.16,87.28,1003
2026-05-29T17:00:00+05:30,87.29,87.72,87.29,87.65,1158
2026-05-29T17:15:00+05:30,87.65,88.31,87.54,87.61,2622
2026-05-29T17:30:00+05:30,87.62,88,87.52,87.91,1359
2026-05-29T17:45:00+05:30,87.9,87.93,87.6,87.68,1104
2026-05-29T18:00:00+05:30,87.67,88.16,87.46,87.82,2984
2026-05-29T18:15:00+05:30,87.82,87.93,87.21,87.33,2009
2026-05-29T18:30:00+05:30,87.32,87.52,86.73,87.47,4560
2026-05-29T18:45:00+05:30,87.46,87.87,87.43,87.53,3508
2026-05-29T19:00:00+05:30,87.54,87.7,87.2,87.24,3431
2026-05-29T19:15:00+05:30,87.23,87.85,87.22,87.69,2916
2026-05-29T19:30:00+05:30,87.68,88.38,87.67,88.21,5608
2026-05-29T19:45:00+05:30,88.21,88.55,88.06,88.44,3324
2026-05-29T20:00:00+05:30,88.45,88.89,88.28,88.67,3572
2026-05-29T20:15:00+05:30,88.67,88.95,87.46,87.96,10801
2026-05-29T20:30:00+05:30,87.97,88.01,86.35,86.51,11196
2026-05-29T20:45:00+05:30,86.51,87.27,86.47,87.25,7014
2026-05-29T21:00:00+05:30,87.25,87.67,86.92,87.48,7125
2026-05-29T21:15:00+05:30,87.5,87.8,87.41,87.6,3187
2026-05-29T21:30:00+05:30,87.6,87.97,87.57,87.83,2861
2026-05-29T21:45:00+05:30,87.82,87.86,87.39,87.48,1893
2026-05-29T22:00:00+05:30,87.44,87.45,86.43,86.56,7033
2026-05-29T22:15:00+05:30,86.58,86.8,86.52,86.58,2379
2026-05-29T22:30:00+05:30,86.59,86.99,86.57,86.9,1894
2026-05-29T22:45:00+05:30,86.9,87.32,86.73,87.1,4969
2026-05-29T23:00:00+05:30,87.1,87.12,86.62,86.64,2879
2026-05-29T23:15:00+05:30,86.63,87.27,86.56,87.19,3264
2026-05-29T23:30:00+05:30,87.18,87.33,87.04,87.29,2941
2026-05-29T23:45:00+05:30,87.29,87.55,87,87.42,9635
2026-05-30T00:00:00+05:30,87.42,87.43,87.12,87.18,1930
2026-05-30T00:15:00+05:30,87.19,88,87.18,87.64,5272
2026-05-30T00:30:00+05:30,87.66,87.74,87.5,87.58,869
2026-05-30T00:45:00+05:30,87.56,87.77,87.51,87.63,1154
2026-05-30T01:00:00+05:30,87.63,88.15,87.6,88.07,1277
2026-05-30T01:15:00+05:30,88.09,88.17,87.84,88.08,1316
2026-05-30T01:30:00+05:30,88.08,88.14,87.71,87.72,836
2026-05-30T01:45:00+05:30,87.72,87.98,87.72,87.87,405
2026-05-30T02:00:00+05:30,87.85,87.98,87.67,87.69,509
2026-05-30T02:15:00+05:30,87.7,87.89,87.62,87.76,824
2026-06-01T03:30:00+05:30,88.5,90.08,88.45,89.61,3905
2026-06-01T03:45:00+05:30,89.63,89.8,89.62,89.65,1115
2026-06-01T04:00:00+05:30,89.67,89.67,89.34,89.39,817
2026-06-01T04:15:00+05:30,89.39,89.63,89.37,89.59,524
2026-06-01T04:30:00+05:30,89.6,89.63,89.42,89.5,318
2026-06-01T04:45:00+05:30,89.51,89.6,89.21,89.37,563
2026-06-01T05:00:00+05:30,89.33,89.65,89.11,89.44,900
2026-06-01T05:15:00+05:30,89.43,89.48,89.35,89.42,257
2026-06-01T05:30:00+05:30,89.43,89.65,89.41,89.63,458
2026-06-01T05:45:00+05:30,89.61,89.89,89.57,89.7,656
2026-06-01T06:00:00+05:30,89.7,89.95,89.61,89.69,579
2026-06-01T06:15:00+05:30,89.67,89.69,89.25,89.33,657
2026-06-01T06:30:00+05:30,89.33,89.77,89.03,89.7,1073
2026-06-01T06:45:00+05:30,89.7,89.8,89.64,89.73,380
2026-06-01T07:00:00+05:30,89.74,90.02,89.7,89.76,1025
2026-06-01T07:15:00+05:30,89.75,90.2,89.73,89.88,995
2026-06-01T07:30:00+05:30,89.89,90,89.8,89.95,474
2026-06-01T07:45:00+05:30,89.94,89.94,89.72,89.86,325
2026-06-01T08:00:00+05:30,89.84,89.94,89.55,89.62,522
2026-06-01T08:15:00+05:30,89.64,89.72,89.51,89.61,428
2026-06-01T08:30:00+05:30,89.59,89.87,89.45,89.69,686
2026-06-01T08:45:00+05:30,89.7,90.04,89.59,89.64,1084
2026-06-01T09:00:00+05:30,89.65,89.69,89.16,89.67,1022
2026-06-01T09:15:00+05:30,89.68,89.8,89.56,89.74,435
2026-06-01T09:30:00+05:30,89.73,89.94,89.69,89.87,235
2026-06-01T09:45:00+05:30,89.84,89.87,89.69,89.72,228
2026-06-01T10:00:00+05:30,89.72,89.73,89.26,89.39,654
2026-06-01T10:15:00+05:30,89.41,89.67,89.4,89.65,203
2026-06-01T10:30:00+05:30,89.66,89.71,89.48,89.63,222
2026-06-01T10:45:00+05:30,89.6,89.79,89.6,89.73,169
2026-06-01T11:00:00+05:30,89.73,90,89.7,89.8,723
2026-06-01T11:15:00+05:30,89.81,89.96,89.7,89.75,379
2026-06-01T11:30:00+05:30,89.73,90.05,89.71,90.02,614
2026-06-01T11:45:00+05:30,90.02,90.13,89.99,90.02,457
2026-06-01T12:00:00+05:30,90.02,90.3,89.91,90.26,892
2026-06-01T12:15:00+05:30,90.29,90.76,90.13,90.16,2177
2026-06-01T12:30:00+05:30,90.15,90.35,90.08,90.19,938
2026-06-01T12:45:00+05:30,90.19,90.51,90.17,90.41,998
2026-06-01T13:00:00+05:30,90.4,90.71,90.26,90.52,951
2026-06-01T13:15:00+05:30,90.52,90.7,90.34,90.37,1141
2026-06-01T13:30:00+05:30,90.39,90.68,90.21,90.61,1114
2026-06-01T13:45:00+05:30,90.6,90.92,90.6,90.85,1469
2026-06-01T14:00:00+05:30,90.86,91.18,90.81,90.98,1590
2026-06-01T14:15:00+05:30,90.98,91.26,90.72,90.82,1676
2026-06-01T14:30:00+05:30,90.82,91.07,90.55,90.96,1113
2026-06-01T14:45:00+05:30,90.95,91.25,90.95,91.03,727
2026-06-01T15:00:00+05:30,91.04,91.06,90.72,90.81,555
2026-06-01T15:15:00+05:30,90.81,90.93,90.75,90.8,633
2026-06-01T15:30:00+05:30,90.78,90.93,90.48,90.56,1394
2026-06-01T15:45:00+05:30,90.56,90.71,90.47,90.57,914
2026-06-01T16:00:00+05:30,90.57,90.81,90.52,90.69,471
2026-06-01T16:15:00+05:30,90.68,90.78,90.58,90.64,534
2026-06-01T16:30:00+05:30,90.64,90.79,90.39,90.65,1022
2026-06-01T16:45:00+05:30,90.65,90.69,90.36,90.52,774
2026-06-01T17:00:00+05:30,90.54,90.56,90.23,90.34,1005
2026-06-01T17:15:00+05:30,90.34,90.56,90.17,90.25,1081
2026-06-01T17:30:00+05:30,90.25,90.47,90.17,90.42,1105
2026-06-01T17:45:00+05:30,90.41,90.41,89.71,89.93,3522
2026-06-01T18:00:00+05:30,89.95,90.01,89.27,89.41,2711
2026-06-01T18:15:00+05:30,89.39,89.88,89.27,89.66,2696
2026-06-01T18:30:00+05:30,89.65,91.7,89.45,91.18,10164
2026-06-01T18:45:00+05:30,91.17,92.73,90.85,92.56,12253
2026-06-01T19:00:00+05:30,92.57,93.14,92.11,93.09,9433
2026-06-01T19:15:00+05:30,93.1,94.2,92.87,94.14,8250
2026-06-01T19:30:00+05:30,94.17,94.3,93.46,93.47,8452
2026-06-01T19:45:00+05:30,93.48,94.38,92.92,94.19,8699
2026-06-01T20:00:00+05:30,94.17,94.42,93.77,94.17,4659
2026-06-01T20:15:00+05:30,94.17,94.71,94.16,94.52,4497
2026-06-01T20:30:00+05:30,94.52,94.78,94.03,94.18,5800
2026-06-01T20:45:00+05:30,94.19,94.24,93.59,93.73,4398
2026-06-01T21:00:00+05:30,93.74,93.83,92.2,93.6,11765
2026-06-01T21:15:00+05:30,93.59,93.96,93.52,93.78,3396
2026-06-01T21:30:00+05:30,93.77,94.44,93.48,94.2,5752
2026-06-01T21:45:00+05:30,94.24,94.38,94.04,94.17,2903
2026-06-01T22:00:00+05:30,94.17,94.45,93.92,94.22,4632
2026-06-01T22:15:00+05:30,94.22,94.29,92.74,92.82,7736
2026-06-01T22:30:00+05:30,92.81,93.21,92.64,92.73,5823
2026-06-01T22:45:00+05:30,92.73,92.88,91.31,91.52,5959
2026-06-01T23:00:00+05:30,91.51,92.07,90.8,91.5,10962
2026-06-01T23:15:00+05:30,91.49,91.84,91.41,91.79,4213
2026-06-01T23:30:00+05:30,91.78,91.99,91.43,91.91,3233
2026-06-01T23:45:00+05:30,91.9,92.28,91.77,92.19,7852
2026-06-02T00:00:00+05:30,92.2,92.47,92.11,92.36,2972
2026-06-02T00:15:00+05:30,92.38,92.65,92.37,92.52,1289
2026-06-02T00:30:00+05:30,92.51,92.65,92.17,92.3,1746
2026-06-02T00:45:00+05:30,92.29,92.34,92.1,92.21,819
2026-06-02T01:00:00+05:30,92.19,92.58,92.1,92.5,1532
2026-06-02T01:15:00+05:30,92.5,92.63,92.38,92.44,1074
2026-06-02T01:30:00+05:30,92.46,92.54,92.27,92.34,584
2026-06-02T01:45:00+05:30,92.32,92.33,92.14,92.28,480
2026-06-02T02:00:00+05:30,92.27,92.41,92.08,92.21,538
2026-06-02T02:15:00+05:30,92.22,92.55,92.21,92.47,690
2026-06-02T03:30:00+05:30,92.45,92.61,92.33,92.38,569
2026-06-02T03:45:00+05:30,92.37,92.39,92.14,92.21,304
2026-06-02T04:00:00+05:30,92.21,92.41,92.18,92.4,168
2026-06-02T04:15:00+05:30,92.38,92.44,92.29,92.3,89
2026-06-02T04:30:00+05:30,92.31,92.36,92.26,92.3,161
2026-06-02T04:45:00+05:30,92.31,92.34,92.23,92.34,76
2026-06-02T05:00:00+05:30,92.35,92.37,91.69,92.04,907
2026-06-02T05:15:00+05:30,92.04,92.06,91.89,91.93,517
2026-06-02T05:30:00+05:30,91.91,92.11,91.8,91.9,861
2026-06-02T05:45:00+05:30,91.91,91.95,91.65,91.87,945
2026-06-02T06:00:00+05:30,91.85,92.24,91.81,92.17,435
2026-06-02T06:15:00+05:30,92.18,92.49,92.18,92.4,655
2026-06-02T06:30:00+05:30,92.39,92.65,91.59,91.81,2348
2026-06-02T06:45:00+05:30,91.82,92.18,91.71,92.02,726
2026-06-02T07:00:00+05:30,92.03,92.03,91.5,91.72,890
2026-06-02T07:15:00+05:30,91.7,91.94,91.63,91.68,498
2026-06-02T07:30:00+05:30,91.67,91.67,91.46,91.62,708
2026-06-02T07:45:00+05:30,91.62,91.83,91.62,91.78,318
2026-06-02T08:00:00+05:30,91.77,91.83,91.57,91.78,662
2026-06-02T08:15:00+05:30,91.77,91.88,91.72,91.77,333
2026-06-02T08:30:00+05:30,91.78,91.81,91.68,91.76,190
2026-06-02T08:45:00+05:30,91.76,91.8,91.55,91.64,622
2026-06-02T09:00:00+05:30,91.66,91.74,91.4,91.5,589
2026-06-02T09:15:00+05:30,91.5,91.5,91.26,91.45,401
2026-06-02T09:30:00+05:30,91.44,91.51,91.33,91.36,167
2026-06-02T09:45:00+05:30,91.35,91.36,91.18,91.29,452
2026-06-02T10:00:00+05:30,91.29,91.44,91.27,91.36,238
2026-06-02T10:15:00+05:30,91.36,91.36,91.15,91.21,309
2026-06-02T10:30:00+05:30,91.23,91.4,91.11,91.28,229
2026-06-02T10:45:00+05:30,91.28,91.36,91.19,91.36,211
2026-06-02T11:00:00+05:30,91.37,91.37,91,91.02,835
2026-06-02T11:15:00+05:30,91.01,91.47,91,91.37,509
2026-06-02T11:30:00+05:30,91.39,91.49,91.1,91.23,598
2026-06-02T11:45:00+05:30,91.23,91.28,91.1,91.15,501
2026-06-02T12:00:00+05:30,91.15,91.44,90.99,91.44,729
2026-06-02T12:15:00+05:30,91.46,91.7,91.4,91.55,1209
2026-06-02T12:30:00+05:30,91.54,91.74,91.29,91.32,1257
2026-06-02T12:45:00+05:30,91.33,91.5,91.03,91.44,1678
2026-06-02T13:00:00+05:30,91.44,91.67,90.93,90.99,1214
2026-06-02T13:15:00+05:30,90.98,91.04,90.56,90.82,1824
2026-06-02T13:30:00+05:30,90.81,90.98,90.6,90.96,1096
2026-06-02T13:45:00+05:30,90.97,91.23,90.49,91.13,3206
2026-06-02T14:00:00+05:30,91.12,91.12,90.4,90.53,1645
2026-06-02T14:15:00+05:30,90.51,90.66,90.15,90.65,1719
2026-06-02T14:30:00+05:30,90.65,90.7,90.32,90.54,801
2026-06-02T14:45:00+05:30,90.52,90.65,90.12,90.64,1183
2026-06-02T15:00:00+05:30,90.65,91.02,90.6,90.82,1537
2026-06-02T15:15:00+05:30,90.82,91.08,90.64,91.01,1610
2026-06-02T15:30:00+05:30,91.01,91.27,90.93,91.11,891
2026-06-02T15:45:00+05:30,91.1,91.52,91.09,91.26,2012
2026-06-02T16:00:00+05:30,91.27,91.32,91.09,91.24,627
2026-06-02T16:15:00+05:30,91.22,91.26,91.01,91.17,796
2026-06-02T16:30:00+05:30,91.16,91.18,90.74,90.91,1174
2026-06-02T16:45:00+05:30,90.9,91.16,90.85,91.07,949
2026-06-02T17:00:00+05:30,91.05,91.25,90.92,91.05,690
2026-06-02T17:15:00+05:30,91.06,91.21,91,91.02,655
2026-06-02T17:30:00+05:30,91.03,91.05,90.71,90.76,1043
2026-06-02T17:45:00+05:30,90.76,91.1,90.58,90.79,2052
2026-06-02T18:00:00+05:30,90.8,91.6,90.78,91.23,3520
2026-06-02T18:15:00+05:30,91.23,91.28,91.02,91.14,1452
2026-06-02T18:30:00+05:30,91.13,92.06,91.09,91.73,6676
2026-06-02T18:45:00+05:30,91.75,92.2,91.64,92.16,3647
2026-06-02T19:00:00+05:30,92.17,92.41,91.94,92.24,4782
2026-06-02T19:15:00+05:30,92.23,92.45,92.08,92.28,2602
2026-06-02T19:30:00+05:30,92.28,92.43,91.99,92.03,2748
2026-06-02T19:45:00+05:30,92.02,92.5,91.82,92.15,4685
2026-06-02T20:00:00+05:30,92.14,92.15,91.68,91.89,3022
2026-06-02T20:15:00+05:30,91.89,92.15,91.74,91.92,1647
2026-06-02T20:30:00+05:30,91.91,91.94,91.44,91.77,2420
2026-06-02T20:45:00+05:30,91.76,91.97,91.52,91.8,2303
2026-06-02T21:00:00+05:30,91.8,92.43,91.79,92.38,2755
2026-06-02T21:15:00+05:30,92.39,93.1,92.32,92.86,5265
2026-06-02T21:30:00+05:30,92.86,93.06,92.46,92.76,4068
2026-06-02T21:45:00+05:30,92.74,93.24,92.73,93.19,3497
2026-06-02T22:00:00+05:30,93.2,93.41,93.13,93.31,2863
2026-06-02T22:15:00+05:30,93.3,93.31,93.05,93.12,1995
2026-06-02T22:30:00+05:30,93.11,93.44,92.9,93.28,4121
2026-06-02T22:45:00+05:30,93.27,93.8,93.24,93.65,2500
2026-06-02T23:00:00+05:30,93.65,93.8,93.53,93.54,2169
2026-06-02T23:15:00+05:30,93.54,93.95,93.5,93.84,3648
2026-06-02T23:30:00+05:30,93.84,93.85,93.2,93.6,3850
2026-06-02T23:45:00+05:30,93.6,93.88,93.43,93.73,7149
2026-06-03T00:00:00+05:30,93.73,94,93.71,93.87,2710
2026-06-03T00:15:00+05:30,93.88,93.93,93.82,93.9,614
2026-06-03T00:30:00+05:30,93.89,93.9,93.76,93.8,970
2026-06-03T00:45:00+05:30,93.8,93.8,93.54,93.58,1832
2026-06-03T01:00:00+05:30,93.58,93.67,93.45,93.46,1054
2026-06-03T01:15:00+05:30,93.46,93.76,93.45,93.69,1430
2026-06-03T01:30:00+05:30,93.66,93.72,93.47,93.58,879
2026-06-03T01:45:00+05:30,93.58,93.62,93.48,93.51,492
2026-06-03T02:00:00+05:30,93.51,93.52,93.34,93.48,822
2026-06-03T02:15:00+05:30,93.49,93.52,93.37,93.39,513
2026-06-03T03:30:00+05:30,93.45,94.07,93.45,93.97,866
2026-06-03T03:45:00+05:30,93.96,94.09,93.82,93.84,653
2026-06-03T04:00:00+05:30,93.85,93.97,93.8,93.92,279
2026-06-03T04:15:00+05:30,93.94,94.5,93.88,94.25,1486
2026-06-03T04:30:00+05:30,94.26,94.92,94.12,94.84,1936
2026-06-03T04:45:00+05:30,94.83,96.08,94.79,95.6,3904
2026-06-03T05:00:00+05:30,95.6,95.79,94.86,94.87,1747
2026-06-03T05:15:00+05:30,94.86,95.04,94.56,94.61,1365
2026-06-03T05:30:00+05:30,94.59,94.86,94.24,94.74,1812
2026-06-03T05:45:00+05:30,94.77,94.89,94.48,94.61,779
2026-06-03T06:00:00+05:30,94.6,94.7,94.53,94.55,476
2026-06-03T06:15:00+05:30,94.53,94.62,94.32,94.38,496
2026-06-03T06:30:00+05:30,94.41,95.04,94.2,94.92,2403
2026-06-03T06:45:00+05:30,94.92,95.1,94.78,94.82,728
2026-06-03T07:00:00+05:30,94.84,94.97,94.76,94.96,530
2026-06-03T07:15:00+05:30,94.93,94.97,94.81,94.85,281
2026-06-03T07:30:00+05:30,94.83,94.89,94.61,94.64,416
2026-06-03T07:45:00+05:30,94.66,94.74,94.58,94.64,348
2026-06-03T08:00:00+05:30,94.64,94.67,94.52,94.56,259
2026-06-03T08:15:00+05:30,94.59,94.81,94.59,94.72,289
2026-06-03T08:30:00+05:30,94.74,94.74,94.53,94.57,336
2026-06-03T08:45:00+05:30,94.57,94.69,94.57,94.67,267
2026-06-03T09:00:00+05:30,94.66,94.72,94.53,94.7,297
2026-06-03T09:15:00+05:30,94.7,94.8,94.64,94.71,328
2026-06-03T09:30:00+05:30,94.72,94.95,94.71,94.89,282
2026-06-03T09:45:00+05:30,94.88,94.94,94.85,94.89,183
2026-06-03T10:00:00+05:30,94.9,95.03,94.88,95.03,222
2026-06-03T10:15:00+05:30,95.03,95.19,94.9,94.9,433
2026-06-03T10:30:00+05:30,94.92,94.96,94.79,94.84,203
2026-06-03T10:45:00+05:30,94.86,94.98,94.85,94.96,185
2026-06-03T11:00:00+05:30,94.94,95.24,94.88,95.23,575
2026-06-03T11:15:00+05:30,95.23,95.59,95.23,95.56,878
2026-06-03T11:30:00+05:30,95.58,95.61,95.14,95.42,1373
2026-06-03T11:45:00+05:30,95.42,95.49,95.24,95.3,516
2026-06-03T12:00:00+05:30,95.29,95.84,95.29,95.52,1229
2026-06-03T12:15:00+05:30,95.53,95.84,95.51,95.75,1118
2026-06-03T12:30:00+05:30,95.73,95.92,95.5,95.52,1523
2026-06-03T12:45:00+05:30,95.51,95.83,95.51,95.81,750
2026-06-03T13:00:00+05:30,95.82,96.02,95.67,95.91,1508
2026-06-03T13:15:00+05:30,95.9,96.02,95.73,95.88,856
2026-06-03T13:30:00+05:30,95.87,96.05,95.68,95.7,1805
2026-06-03T13:45:00+05:30,95.7,96.56,95.61,96.01,3530
2026-06-03T14:00:00+05:30,96,96.32,95.93,96.21,1534
2026-06-03T14:15:00+05:30,96.21,96.43,96,96.34,924
2026-06-03T14:30:00+05:30,96.36,96.49,95.89,96.16,1091
2026-06-03T14:45:00+05:30,96.16,96.54,96.15,96.28,1581
2026-06-03T15:00:00+05:30,96.29,96.48,96.15,96.36,972
2026-06-03T15:15:00+05:30,96.36,96.98,96.36,96.87,3151
2026-06-03T15:30:00+05:30,96.87,97,95.63,96.19,6918
2026-06-03T15:45:00+05:30,96.18,96.49,96.16,96.3,2208
2026-06-03T16:00:00+05:30,96.31,96.52,96.09,96.43,1546
2026-06-03T16:15:00+05:30,96.42,96.45,95.86,95.99,1169
2026-06-03T16:30:00+05:30,95.98,96.05,95.68,95.79,1536
2026-06-03T16:45:00+05:30,95.79,95.94,95.58,95.71,1195
2026-06-03T17:00:00+05:30,95.7,95.84,95.55,95.74,956
2026-06-03T17:15:00+05:30,95.74,95.98,95.53,95.71,1420
2026-06-03T17:30:00+05:30,95.71,95.95,95.31,95.95,1669
2026-06-03T17:45:00+05:30,95.95,96.4,95.95,96.34,2483
2026-06-03T18:00:00+05:30,96.34,96.5,96.12,96.15,2091
2026-06-03T18:15:00+05:30,96.16,96.35,95.98,96.02,2354
2026-06-03T18:30:00+05:30,96.01,96.15,95.06,95.2,5364
2026-06-03T18:45:00+05:30,95.19,95.3,94.95,95.11,3227
2026-06-03T19:00:00+05:30,95.11,95.16,94.75,95.03,4944
2026-06-03T19:15:00+05:30,95.01,95.15,94.44,94.48,4885
2026-06-03T19:30:00+05:30,94.48,94.72,94.34,94.66,3042
2026-06-03T19:45:00+05:30,94.65,95.39,94.6,95.16,6076
2026-06-03T20:00:00+05:30,95.19,95.58,94.97,95.55,4629
2026-06-03T20:15:00+05:30,95.53,95.65,95.2,95.25,2586
2026-06-03T20:30:00+05:30,95.24,95.85,95.06,95.68,4021
2026-06-03T20:45:00+05:30,95.68,95.84,95.09,95.46,4182
2026-06-03T21:00:00+05:30,95.45,96.31,95.45,95.88,4803
2026-06-03T21:15:00+05:30,95.88,96.03,95.82,95.9,2245
2026-06-03T21:30:00+05:30,95.89,96.19,95.69,96.13,2973
2026-06-03T21:45:00+05:30,96.13,96.32,95.86,96.17,3308
2026-06-03T22:00:00+05:30,96.18,96.19,95.84,95.88,2216
2026-06-03T22:15:00+05:30,95.86,96.04,95.64,95.67,3937
2026-06-03T22:30:00+05:30,95.66,96.23,95.25,96.16,4416
2026-06-03T22:45:00+05:30,96.16,96.32,96.04,96.16,1948
2026-06-03T23:00:00+05:30,96.15,96.48,96.15,96.38,1764
2026-06-03T23:15:00+05:30,96.39,96.44,96.08,96.24,1595
2026-06-03T23:30:00+05:30,96.22,96.27,95.93,96.13,2327
2026-06-03T23:45:00+05:30,96.11,96.39,95.85,96.03,5710
2026-06-04T00:00:00+05:30,96.02,96.57,95.99,96.33,3109
2026-06-04T00:15:00+05:30,96.34,96.35,96.03,96.06,805
2026-06-04T00:30:00+05:30,96.05,96.13,95.96,96,794
2026-06-04T00:45:00+05:30,96,96.17,95.67,96.14,1544
2026-06-04T01:00:00+05:30,96.15,96.17,95.97,96.03,572
2026-06-04T01:15:00+05:30,96.03,96.23,95.91,96.22,1315
2026-06-04T01:30:00+05:30,96.22,96.47,96.17,96.44,1406
2026-06-04T01:45:00+05:30,96.45,96.46,96.2,96.25,417
2026-06-04T02:00:00+05:30,96.25,96.49,96.01,96.42,842
2026-06-04T02:15:00+05:30,96.41,96.47,96.01,96.2,1024
2026-06-04T03:30:00+05:30,95.75,95.91,95.47,95.62,534
2026-06-04T03:45:00+05:30,95.62,95.89,95.62,95.86,214
2026-06-04T04:00:00+05:30,95.86,95.86,95,95.64,1189
2026-06-04T04:15:00+05:30,95.65,95.65,95,95.24,839
2026-06-04T04:30:00+05:30,95.23,95.45,95.16,95.35,460
2026-06-04T04:45:00+05:30,95.33,95.5,95.32,95.38,185
2026-06-04T05:00:00+05:30,95.38,95.38,95.25,95.36,155
2026-06-04T05:15:00+05:30,95.37,95.47,95.3,95.39,150
2026-06-04T05:30:00+05:30,95.39,95.58,95.23,95.38,977
2026-06-04T05:45:00+05:30,95.4,95.77,95.4,95.66,572
2026-06-04T06:00:00+05:30,95.67,95.68,95.39,95.5,389
2026-06-04T06:15:00+05:30,95.47,95.57,95.29,95.32,356
2026-06-04T06:30:00+05:30,95.32,95.5,95.07,95.23,1245
2026-06-04T06:45:00+05:30,95.22,95.34,95.07,95.09,411
2026-06-04T07:00:00+05:30,95.09,95.09,94.84,95.04,855
2026-06-04T07:15:00+05:30,95.05,95.18,94.92,95.01,313
2026-06-04T07:30:00+05:30,94.99,95.1,94.91,94.99,336
2026-06-04T07:45:00+05:30,94.98,95.07,94.79,94.94,585
2026-06-04T08:00:00+05:30,94.92,94.98,94.87,94.91,195
2026-06-04T08:15:00+05:30,94.89,94.92,94.81,94.84,293
2026-06-04T08:30:00+05:30,94.84,94.93,94.76,94.82,203
2026-06-04T08:45:00+05:30,94.83,94.94,94.83,94.93,244
2026-06-04T09:00:00+05:30,94.95,95.52,94.95,95.47,1029
2026-06-04T09:15:00+05:30,95.48,95.52,95.08,95.12,470
2026-06-04T09:30:00+05:30,95.11,95.25,95.05,95.16,216
2026-06-04T09:45:00+05:30,95.16,95.35,95.13,95.2,299
2026-06-04T10:00:00+05:30,95.21,95.33,95.11,95.21,305
2026-06-04T10:15:00+05:30,95.22,95.31,95.21,95.21,113
2026-06-04T10:30:00+05:30,95.2,95.37,95.2,95.33,123
2026-06-04T10:45:00+05:30,95.33,95.6,95.33,95.59,385
2026-06-04T11:00:00+05:30,95.57,95.59,95.18,95.2,423
2026-06-04T11:15:00+05:30,95.2,95.47,95.16,95.18,274
2026-06-04T11:30:00+05:30,95.16,95.31,94.98,95.28,524
2026-06-04T11:45:00+05:30,95.25,95.46,95.15,95.19,430
2026-06-04T12:00:00+05:30,95.22,95.23,94.92,95.17,439
2026-06-04T12:15:00+05:30,95.16,95.31,95.07,95.21,535
2026-06-04T12:30:00+05:30,95.21,95.32,95.01,95.12,866
2026-06-04T12:45:00+05:30,95.1,95.43,94.9,95.31,843
2026-06-04T13:00:00+05:30,95.31,95.52,95.07,95.43,906
2026-06-04T13:15:00+05:30,95.45,95.62,95.32,95.42,939
2026-06-04T13:30:00+05:30,95.46,95.69,95,95.39,1581
2026-06-04T13:45:00+05:30,95.39,95.51,94.78,94.78,2361
2026-06-04T14:00:00+05:30,94.78,95.4,94.38,95.08,3337
2026-06-04T14:15:00+05:30,95.07,95.08,94.82,94.88,982
2026-06-04T14:30:00+05:30,94.88,95.05,94.46,94.8,1532
2026-06-04T14:45:00+05:30,94.77,94.92,94.67,94.83,827
2026-06-04T15:00:00+05:30,94.81,94.98,94.2,94.37,1412
2026-06-04T15:15:00+05:30,94.37,94.57,94.06,94.51,1971
2026-06-04T15:30:00+05:30,94.51,95.14,94.5,94.94,1581
2026-06-04T15:45:00+05:30,94.96,95.24,94.9,95.09,1298
2026-06-04T16:00:00+05:30,95.09,95.28,94.83,95.07,979
2026-06-04T16:15:00+05:30,95.06,95.3,94.87,94.91,763
2026-06-04T16:30:00+05:30,94.89,94.93,94.56,94.59,1119
2026-06-04T16:45:00+05:30,94.6,94.62,93.64,93.79,4655
2026-06-04T17:00:00+05:30,93.78,94.13,93.28,93.41,3353
2026-06-04T17:15:00+05:30,93.44,93.45,92.34,92.45,5930
2026-06-04T17:30:00+05:30,92.47,92.68,91.91,92.35,6681
2026-06-04T17:45:00+05:30,92.35,92.96,92.17,92.76,4297
2026-06-04T18:00:00+05:30,92.76,93,92.59,92.9,1888
2026-06-04T18:15:00+05:30,92.88,93,92.32,92.66,2784
2026-06-04T18:30:00+05:30,92.68,93.03,92.36,92.92,4519
2026-06-04T18:45:00+05:30,92.91,93.13,92.67,93.09,2282
2026-06-04T19:00:00+05:30,93.1,93.15,92.71,92.86,3242
2026-06-04T19:15:00+05:30,92.85,92.91,92.13,92.36,3170
2026-06-04T19:30:00+05:30,92.38,92.54,92.2,92.33,2707
2026-06-04T19:45:00+05:30,92.34,92.71,92.01,92.62,3370
2026-06-04T20:00:00+05:30,92.62,92.97,92.6,92.77,2166
2026-06-04T20:15:00+05:30,92.76,93.12,92.67,93.06,1970
2026-06-04T20:30:00+05:30,93.06,93.26,92.8,92.83,3055
2026-06-04T20:45:00+05:30,92.82,92.96,92.63,92.74,2432
2026-06-04T21:00:00+05:30,92.73,93.18,92.65,92.99,2560
2026-06-04T21:15:00+05:30,93,93.13,92.79,93,1669
2026-06-04T21:30:00+05:30,93,93.09,92.74,93,1660
2026-06-04T21:45:00+05:30,93,93.15,92.87,92.97,1243
2026-06-04T22:00:00+05:30,92.96,93.03,92.28,92.65,2363
2026-06-04T22:15:00+05:30,92.64,92.72,92.3,92.39,1668
2026-06-04T22:30:00+05:30,92.4,92.5,92.23,92.29,1390
2026-06-04T22:45:00+05:30,92.31,92.61,92.14,92.18,1802
2026-06-04T23:00:00+05:30,92.19,92.36,91.94,92.22,2256
2026-06-04T23:15:00+05:30,92.22,92.39,92.19,92.33,1221
2026-06-04T23:30:00+05:30,92.33,92.63,91.96,92.05,3746
2026-06-04T23:45:00+05:30,92.06,93.24,91.95,93.09,8885
2026-06-05T00:00:00+05:30,93.09,93.46,93.05,93.35,4426
2026-06-05T00:15:00+05:30,93.35,93.44,93.16,93.33,1376
2026-06-05T00:30:00+05:30,93.34,93.36,93.1,93.23,761
2026-06-05T00:45:00+05:30,93.23,93.27,93.08,93.12,665
2026-06-05T01:00:00+05:30,93.13,93.17,92.98,93.14,813
2026-06-05T01:15:00+05:30,93.14,93.25,93.05,93.17,1168
2026-06-05T01:30:00+05:30,93.15,93.21,93.01,93.07,427
2026-06-05T01:45:00+05:30,93.07,93.13,92.96,93.01,508
2026-06-05T02:00:00+05:30,93.01,93.08,92.97,93.01,156
2026-06-05T02:15:00+05:30,93.01,93.04,92.85,92.91,609
2026-06-05T03:30:00+05:30,92.82,92.94,92.52,92.66,239
2026-06-05T03:45:00+05:30,92.67,92.84,92.63,92.78,171
2026-06-05T04:00:00+05:30,92.81,92.87,92.78,92.83,62
2026-06-05T04:15:00+05:30,92.87,92.9,92.84,92.9,38
2026-06-05T04:30:00+05:30,92.88,92.89,92.82,92.88,76
2026-06-05T04:45:00+05:30,92.85,92.9,92.85,92.87,51
2026-06-05T05:00:00+05:30,92.85,92.96,92.84,92.94,86
2026-06-05T05:15:00+05:30,92.94,93.03,92.9,92.97,162
2026-06-05T05:30:00+05:30,92.97,93.02,92.87,93,543
2026-06-05T05:45:00+05:30,92.99,93.02,92.7,92.71,296
2026-06-05T06:00:00+05:30,92.71,92.78,92.64,92.73,248
2026-06-05T06:15:00+05:30,92.74,92.93,92.62,92.69,311
2026-06-05T06:30:00+05:30,92.68,92.76,92.52,92.69,418
2026-06-05T06:45:00+05:30,92.7,93.14,92.69,93.1,664
2026-06-05T07:00:00+05:30,93.09,93.14,92.93,93.11,326
2026-06-05T07:15:00+05:30,93.09,93.19,93.05,93.14,330
2026-06-05T07:30:00+05:30,93.13,93.29,93.1,93.18,538
2026-06-05T07:45:00+05:30,93.16,93.5,93.1,93.38,921
2026-06-05T08:00:00+05:30,93.39,93.5,93.36,93.44,431
2026-06-05T08:15:00+05:30,93.43,93.54,93.4,93.42,327
2026-06-05T08:30:00+05:30,93.4,93.48,93.21,93.26,537
2026-06-05T08:45:00+05:30,93.25,93.27,93.08,93.23,376
2026-06-05T09:00:00+05:30,93.22,93.22,93,93.2,333
2026-06-05T09:15:00+05:30,93.19,93.22,93.06,93.18,160
2026-06-05T09:30:00+05:30,93.18,93.2,92.95,93.08,314
2026-06-05T09:45:00+05:30,93.09,93.13,93.02,93.12,148
2026-06-05T10:00:00+05:30,93.12,93.16,93.05,93.09,68
2026-06-05T10:15:00+05:30,93.1,93.18,92.96,93.03,296
2026-06-05T10:30:00+05:30,93.03,93.19,93.02,93.1,290
2026-06-05T10:45:00+05:30,93.09,93.19,93.02,93.02,167
2026-06-05T11:00:00+05:30,93.02,93.22,92.94,93.14,485
2026-06-05T11:15:00+05:30,93.11,93.13,92.94,92.94,259
2026-06-05T11:30:00+05:30,92.96,93.13,92.58,92.7,851
2026-06-05T11:45:00+05:30,92.7,93,92.7,92.82,562
2026-06-05T12:00:00+05:30,92.82,92.86,92.66,92.77,463
2026-06-05T12:15:00+05:30,92.78,92.93,92.72,92.76,626
2026-06-05T12:30:00+05:30,92.76,92.85,92.36,92.39,1087
2026-06-05T12:45:00+05:30,92.4,92.45,92.07,92.09,1181
2026-06-05T13:00:00+05:30,92.12,92.56,92.02,92.49,1170
2026-06-05T13:15:00+05:30,92.49,92.79,92.2,92.69,684
2026-06-05T13:30:00+05:30,92.7,92.89,92.46,92.68,1233
2026-06-05T13:45:00+05:30,92.66,92.7,91.5,91.53,2984
2026-06-05T14:00:00+05:30,91.55,92.24,91.55,92.13,2181
2026-06-05T14:15:00+05:30,92.13,92.99,92.13,92.84,1661
2026-06-05T14:30:00+05:30,92.84,93.15,92.1,92.45,3626
2026-06-05T14:45:00+05:30,92.44,92.73,91.94,92.48,3047
2026-06-05T15:00:00+05:30,92.46,92.9,92.38,92.87,1434
2026-06-05T15:15:00+05:30,92.85,92.97,92.58,92.85,694
2026-06-05T15:30:00+05:30,92.84,92.93,92.64,92.8,984
2026-06-05T15:45:00+05:30,92.79,92.87,92.47,92.62,687
2026-06-05T16:00:00+05:30,92.62,92.97,92.51,92.85,842
2026-06-05T16:15:00+05:30,92.85,93.14,92.8,92.86,957
2026-06-05T16:30:00+05:30,92.87,93.18,92.84,92.98,1156
2026-06-05T16:45:00+05:30,92.98,93.63,92.96,92.98,2867
2026-06-05T17:00:00+05:30,93,93.07,92.6,92.72,1706
2026-06-05T17:15:00+05:30,92.73,92.94,92.59,92.89,955
2026-06-05T17:30:00+05:30,92.91,93.15,92.67,92.68,1475
2026-06-05T17:45:00+05:30,92.66,92.94,92.52,92.85,825
2026-06-05T18:00:00+05:30,92.85,93.04,92.63,92.63,1554
2026-06-05T18:15:00+05:30,92.63,92.7,92.34,92.39,1730
2026-06-05T18:30:00+05:30,92.4,92.59,91.51,91.92,4674
2026-06-05T18:45:00+05:30,91.92,92.19,91.7,91.87,3764
2026-06-05T19:00:00+05:30,91.87,91.94,91.33,91.53,4062
2026-06-05T19:15:00+05:30,91.52,91.82,91.26,91.48,4454
2026-06-05T19:30:00+05:30,91.48,91.57,90.55,91.03,9124
2026-06-05T19:45:00+05:30,91.02,91.67,91.01,91.32,3657
2026-06-05T20:00:00+05:30,91.32,91.66,91.14,91.34,2488
2026-06-05T20:15:00+05:30,91.35,91.37,91.03,91.31,2200
2026-06-05T20:30:00+05:30,91.32,91.39,90.96,91.16,2065
2026-06-05T20:45:00+05:30,91.17,91.51,90.89,91.1,3665
2026-06-05T21:00:00+05:30,91.1,91.18,90.5,90.56,4077
2026-06-05T21:15:00+05:30,90.55,90.83,90.47,90.77,2640
2026-06-05T21:30:00+05:30,90.77,91.02,90.4,90.46,3479
2026-06-05T21:45:00+05:30,90.47,90.56,89.94,90.1,3809
2026-06-05T22:00:00+05:30,90.11,90.18,89.77,89.95,3102
2026-06-05T22:15:00+05:30,89.96,90.09,89.68,90.08,2453
2026-06-05T22:30:00+05:30,90.08,90.23,89.92,90.03,2219
2026-06-05T22:45:00+05:30,90.02,90.19,89.96,90.11,1932
2026-06-05T23:00:00+05:30,90.11,90.34,90,90.15,2003
2026-06-05T23:15:00+05:30,90.15,90.36,89.95,90.03,2752
2026-06-05T23:30:00+05:30,90.02,90.26,89.9,90.23,2792
2026-06-05T23:45:00+05:30,90.23,90.65,89.97,90.57,10073
2026-06-06T00:00:00+05:30,90.57,90.72,90.41,90.67,3360
2026-06-06T00:15:00+05:30,90.66,90.71,90.04,90.3,2495
2026-06-06T00:30:00+05:30,90.31,90.37,90.04,90.13,1228
2026-06-06T00:45:00+05:30,90.15,90.28,90,90.15,1136
2026-06-06T01:00:00+05:30,90.17,90.35,90.09,90.32,939
2026-06-06T01:15:00+05:30,90.33,90.42,90.19,90.24,903
2026-06-06T01:30:00+05:30,90.23,90.44,90.19,90.39,640
2026-06-06T01:45:00+05:30,90.38,90.39,90.21,90.37,474
2026-06-06T02:00:00+05:30,90.37,90.38,90.23,90.26,362
2026-06-06T02:15:00+05:30,90.26,90.31,90.17,90.25,635
2026-06-08T03:30:00+05:30,93,93.9,92.77,92.84,6103
2026-06-08T03:45:00+05:30,92.85,93.03,92.61,92.96,1890
2026-06-08T04:00:00+05:30,92.96,93.26,92.81,92.96,695
2026-06-08T04:15:00+05:30,92.97,93.07,92.51,92.87,1279
2026-06-08T04:30:00+05:30,92.88,92.95,92.69,92.69,319
2026-06-08T04:45:00+05:30,92.7,92.78,92.51,92.56,802
2026-06-08T05:00:00+05:30,92.55,92.85,92.36,92.72,630
2026-06-08T05:15:00+05:30,92.72,92.75,92.62,92.74,249
2026-06-08T05:30:00+05:30,92.76,92.85,92.51,92.67,450
2026-06-08T05:45:00+05:30,92.68,92.7,92.43,92.54,360
2026-06-08T06:00:00+05:30,92.55,92.66,92.51,92.58,401
2026-06-08T06:15:00+05:30,92.57,92.6,92.28,92.41,489
2026-06-08T06:30:00+05:30,92.39,93.66,92.2,93.54,2534
2026-06-08T06:45:00+05:30,93.53,94.48,93.45,94.39,4622
2026-06-08T07:00:00+05:30,94.4,94.8,93.47,93.62,3346
2026-06-08T07:15:00+05:30,93.63,93.65,93.19,93.29,1602
2026-06-08T07:30:00+05:30,93.29,93.78,93.23,93.71,749
2026-06-08T07:45:00+05:30,93.71,94.17,93.58,93.95,1017
2026-06-08T08:00:00+05:30,93.96,94.37,93.36,93.39,2693
2026-06-08T08:15:00+05:30,93.38,93.94,93.28,93.64,1429
2026-06-08T08:30:00+05:30,93.63,94.02,93.57,93.78,711
2026-06-08T08:45:00+05:30,93.81,93.91,93.61,93.66,436
2026-06-08T09:00:00+05:30,93.67,93.67,93.36,93.48,1032
2026-06-08T09:15:00+05:30,93.48,93.62,93.4,93.53,419
2026-06-08T09:30:00+05:30,93.54,93.89,93.53,93.79,617
2026-06-08T09:45:00+05:30,93.78,94.08,93.7,93.97,690
2026-06-08T10:00:00+05:30,93.98,94.56,93.92,94.41,1359
2026-06-08T10:15:00+05:30,94.41,94.6,94.27,94.47,774
2026-06-08T10:30:00+05:30,94.46,94.63,94.2,94.52,637
2026-06-08T10:45:00+05:30,94.52,94.52,94.12,94.21,533
2026-06-08T11:00:00+05:30,94.21,94.85,94.08,94.66,1389
2026-06-08T11:15:00+05:30,94.67,94.77,94.47,94.48,821
2026-06-08T11:30:00+05:30,94.46,94.68,94.25,94.32,1732
2026-06-08T11:45:00+05:30,94.33,94.67,93.95,94.19,1265
2026-06-08T12:00:00+05:30,94.19,94.84,94.19,94.5,1404
2026-06-08T12:15:00+05:30,94.54,94.79,94.42,94.62,1012
2026-06-08T12:30:00+05:30,94.61,94.93,94.45,94.63,1641
2026-06-08T12:45:00+05:30,94.61,94.8,94.2,94.39,1103
2026-06-08T13:00:00+05:30,94.37,94.58,94.01,94.38,1774
2026-06-08T13:15:00+05:30,94.38,94.73,94.27,94.61,900
2026-06-08T13:30:00+05:30,94.6,95.25,94.56,95.07,2294
2026-06-08T13:45:00+05:30,95.08,95.13,94.44,94.47,2204
2026-06-08T14:00:00+05:30,94.48,94.88,94.21,94.79,1707
2026-06-08T14:15:00+05:30,94.8,95.08,94.66,94.66,1500
2026-06-08T14:30:00+05:30,94.66,94.76,94.42,94.44,883
2026-06-08T14:45:00+05:30,94.42,94.77,94.4,94.77,631
2026-06-08T15:00:00+05:30,94.76,94.84,94.24,94.44,1849
2026-06-08T15:15:00+05:30,94.46,94.91,94.41,94.67,1969
2026-06-08T15:30:00+05:30,94.67,95.47,94.18,94.51,3689
2026-06-08T15:45:00+05:30,94.49,94.72,94.48,94.54,669
2026-06-08T16:00:00+05:30,94.55,94.62,93.49,94,3751
2026-06-08T16:15:00+05:30,93.98,94.2,93.72,93.76,1707
2026-06-08T16:30:00+05:30,93.76,94.07,92.24,92.51,3990
2026-06-08T16:45:00+05:30,92.49,92.68,91.86,91.86,5457
2026-06-08T17:00:00+05:30,91.85,92.26,91.41,91.5,3464
2026-06-08T17:15:00+05:30,91.52,91.71,91.05,91.22,2939
2026-06-08T17:30:00+05:30,91.21,92,91.01,91.96,3368
2026-06-08T17:45:00+05:30,91.96,92.12,91.52,91.61,1889
2026-06-08T18:00:00+05:30,91.59,92.15,91.4,91.52,2382
2026-06-08T18:15:00+05:30,91.52,91.96,91.48,91.91,1548
2026-06-08T18:30:00+05:30,91.92,91.96,91.46,91.84,2600
2026-06-08T18:45:00+05:30,91.83,92.08,90.95,91.22,3046
2026-06-08T19:00:00+05:30,91.22,91.25,90.39,90.74,4828
2026-06-08T19:15:00+05:30,90.73,91.26,90.7,91.06,2217
2026-06-08T19:30:00+05:30,91.05,91.6,90.98,91.29,3325
2026-06-08T19:45:00+05:30,91.3,91.49,91.22,91.42,1736
2026-06-08T20:00:00+05:30,91.44,92.24,91.42,91.67,3876
2026-06-08T20:15:00+05:30,91.66,91.92,91.26,91.77,2272
2026-06-08T20:30:00+05:30,91.77,92.32,91.66,92.29,2583
2026-06-08T20:45:00+05:30,92.29,92.38,91.4,91.86,4096
2026-06-08T21:00:00+05:30,91.85,91.88,91.45,91.5,2318
2026-06-08T21:15:00+05:30,91.5,91.65,91.39,91.61,1250
2026-06-08T21:30:00+05:30,91.61,91.75,91.24,91.24,1893
2026-06-08T21:45:00+05:30,91.24,91.79,91.13,91.75,2010
2026-06-08T22:00:00+05:30,91.76,91.76,91.05,91.06,1622
2026-06-08T22:15:00+05:30,91.08,91.41,91.08,91.41,1119
2026-06-08T22:30:00+05:30,91.41,91.45,91.17,91.42,1183
2026-06-08T22:45:00+05:30,91.41,91.41,90.94,90.98,2489
2026-06-08T23:00:00+05:30,90.98,91.17,90.82,91.02,2339
2026-06-08T23:15:00+05:30,91.01,91.13,90.76,91.12,1692
2026-06-08T23:30:00+05:30,91.12,91.49,91.12,91.36,2243
2026-06-08T23:45:00+05:30,91.34,91.49,91.08,91.26,6440
2026-06-09T00:00:00+05:30,91.27,91.31,90.91,91.12,1772
2026-06-09T00:15:00+05:30,91.12,91.22,91.08,91.14,411
2026-06-09T00:30:00+05:30,91.14,91.23,91.01,91.18,593
2026-06-09T00:45:00+05:30,91.17,91.34,91.09,91.33,661
2026-06-09T01:00:00+05:30,91.34,91.5,91.33,91.42,893
2026-06-09T01:15:00+05:30,91.4,91.44,91.13,91.25,673
2026-06-09T01:30:00+05:30,91.24,91.48,91.2,91.37,630
2026-06-09T01:45:00+05:30,91.38,91.56,91.22,91.24,568
2026-06-09T02:00:00+05:30,91.23,91.32,91.1,91.16,351
2026-06-09T02:15:00+05:30,91.15,91.35,91.15,91.28,467
2026-06-09T03:30:00+05:30,91.28,91.55,91.25,91.4,279
2026-06-09T03:45:00+05:30,91.39,91.48,91.35,91.43,76
2026-06-09T04:00:00+05:30,91.43,91.43,91.27,91.3,85
2026-06-09T04:15:00+05:30,91.31,91.44,91.27,91.37,93
2026-06-09T04:30:00+05:30,91.39,91.42,91.31,91.34,548
2026-06-09T04:45:00+05:30,91.35,91.42,91.34,91.37,94
2026-06-09T05:00:00+05:30,91.38,91.41,91.3,91.4,76
2026-06-09T05:15:00+05:30,91.4,91.43,91.34,91.38,986
2026-06-09T05:30:00+05:30,91.34,91.47,91.03,91.1,822
2026-06-09T05:45:00+05:30,91.11,91.2,90.87,90.91,509
2026-06-09T06:00:00+05:30,90.92,91,90.71,90.76,349
2026-06-09T06:15:00+05:30,90.76,91.38,90.76,91.03,670
2026-06-09T06:30:00+05:30,91.05,91.15,90.85,91.01,532
2026-06-09T06:45:00+05:30,91,91.1,90.82,90.85,343
2026-06-09T07:00:00+05:30,90.81,90.96,90.77,90.88,297
2026-06-09T07:15:00+05:30,90.87,91.07,90.59,90.95,511
2026-06-09T07:30:00+05:30,90.93,91,90.48,90.75,663
2026-06-09T07:45:00+05:30,90.78,90.95,90.78,90.92,282
2026-06-09T08:00:00+05:30,90.91,90.91,90.49,90.65,395
2026-06-09T08:15:00+05:30,90.64,90.72,90.58,90.63,141
2026-06-09T08:30:00+05:30,90.66,90.69,90.31,90.41,766
2026-06-09T08:45:00+05:30,90.43,90.46,90.3,90.4,374
2026-06-09T09:00:00+05:30,90.35,90.39,89.95,89.99,882
2026-06-09T09:15:00+05:30,89.98,90.19,89.85,90.15,561
2026-06-09T09:30:00+05:30,90.14,90.2,90.04,90.18,339
2026-06-09T09:45:00+05:30,90.21,90.29,90.12,90.25,238
2026-06-09T10:00:00+05:30,90.24,90.38,90.01,90.07,391
2026-06-09T10:15:00+05:30,90.09,90.27,90.07,90.27,215
2026-06-09T10:30:00+05:30,90.28,90.36,90.12,90.18,363
2026-06-09T10:45:00+05:30,90.19,90.21,89.89,90.05,355
2026-06-09T11:00:00+05:30,90.02,90.14,89.81,89.92,626
2026-06-09T11:15:00+05:30,89.92,90.18,89.85,90.14,333
2026-06-09T11:30:00+05:30,90.14,90.16,89.75,89.99,786
2026-06-09T11:45:00+05:30,89.99,89.99,89.6,89.9,1027
2026-06-09T12:00:00+05:30,89.9,90.13,89.73,89.85,744
2026-06-09T12:15:00+05:30,89.86,90.13,89.74,89.93,787
2026-06-09T12:30:00+05:30,89.92,90.11,89.64,90.03,1235
2026-06-09T12:45:00+05:30,90.04,90.1,89.69,89.72,907
2026-06-09T13:00:00+05:30,89.73,89.77,89.35,89.41,1814
2026-06-09T13:15:00+05:30,89.4,89.87,89.33,89.7,1016
2026-06-09T13:30:00+05:30,89.7,89.91,89.24,89.42,1430
2026-06-09T13:45:00+05:30,89.43,89.48,89.04,89.22,1772
2026-06-09T14:00:00+05:30,89.23,89.4,88.8,89.01,2103
2026-06-09T14:15:00+05:30,89.01,89.43,88.98,89.25,1259
2026-06-09T14:30:00+05:30,89.25,89.36,88.88,88.96,1090
2026-06-09T14:45:00+05:30,88.96,89.1,88.83,88.9,901
2026-06-09T15:00:00+05:30,88.87,89.11,88.8,89.1,1541
2026-06-09T15:15:00+05:30,89.1,89.22,88.82,89.16,1116
2026-06-09T15:30:00+05:30,89.15,89.46,89.08,89.33,1004
2026-06-09T15:45:00+05:30,89.33,89.38,89.12,89.25,1348
2026-06-09T16:00:00+05:30,89.23,89.36,89.17,89.3,448
2026-06-09T16:15:00+05:30,89.29,89.32,88.7,89.01,1842
2026-06-09T16:30:00+05:30,88.99,89.31,88.97,89.24,833
2026-06-09T16:45:00+05:30,89.23,89.62,89.19,89.38,1693
2026-06-09T17:00:00+05:30,89.38,89.7,89.3,89.66,1233
2026-06-09T17:15:00+05:30,89.65,89.79,89.52,89.56,1438
2026-06-09T17:30:00+05:30,89.56,89.56,89.21,89.49,1323
2026-06-09T17:45:00+05:30,89.45,89.64,89.3,89.6,1098
2026-06-09T18:00:00+05:30,89.61,89.67,89.06,89.39,1714
2026-06-09T18:15:00+05:30,89.4,89.46,88.84,89.04,3146
2026-06-09T18:30:00+05:30,89.05,89.54,88.9,89.03,5473
2026-06-09T18:45:00+05:30,89.03,89.05,88.66,88.75,3730
2026-06-09T19:00:00+05:30,88.75,88.78,88.36,88.4,4825
2026-06-09T19:15:00+05:30,88.4,88.42,87.47,87.84,10554
2026-06-09T19:30:00+05:30,87.84,88,87.45,87.98,5444
2026-06-09T19:45:00+05:30,87.97,88.22,87.5,87.51,4282
2026-06-09T20:00:00+05:30,87.51,88.06,87.37,88.05,4286
2026-06-09T20:15:00+05:30,88.04,88.11,87.65,87.78,2865
2026-06-09T20:30:00+05:30,87.77,87.88,87.46,87.56,2082
2026-06-09T20:45:00+05:30,87.56,87.91,87.39,87.76,3112
2026-06-09T21:00:00+05:30,87.76,87.83,87.48,87.56,3579
2026-06-09T21:15:00+05:30,87.55,87.58,86.7,86.7,5615
2026-06-09T21:30:00+05:30,86.7,86.71,85.95,86.15,8493
2026-06-09T21:45:00+05:30,86.15,86.61,86.13,86.55,3984
2026-06-09T22:00:00+05:30,86.54,89.49,86.29,87.97,16875
2026-06-09T22:15:00+05:30,87.97,88.45,87.52,87.87,8937
2026-06-09T22:30:00+05:30,87.87,88.41,87.62,88.03,6133
2026-06-09T22:45:00+05:30,88.06,88.17,87.12,87.56,6239
2026-06-09T23:00:00+05:30,87.57,88.35,87.5,88.28,4115
2026-06-09T23:15:00+05:30,88.27,88.5,88.12,88.15,3240
2026-06-09T23:30:00+05:30,88.15,88.55,87.95,88.37,4006
2026-06-09T23:45:00+05:30,88.38,88.63,88.07,88.16,8163
2026-06-10T00:00:00+05:30,88.16,88.37,87.99,88.14,1869
2026-06-10T00:15:00+05:30,88.12,88.27,87.98,88.05,1683
2026-06-10T00:30:00+05:30,88.07,88.23,87.93,88.14,816
2026-06-10T00:45:00+05:30,88.16,88.17,88,88.14,895
2026-06-10T01:00:00+05:30,88.15,88.31,88.05,88.27,814
2026-06-10T01:15:00+05:30,88.27,88.61,88.22,88.3,2254
2026-06-10T01:30:00+05:30,88.31,88.56,88.23,88.52,1996
2026-06-10T01:45:00+05:30,88.52,88.58,88.4,88.46,684
2026-06-10T02:00:00+05:30,88.46,88.69,88.33,88.65,904
2026-06-10T02:15:00+05:30,88.63,88.78,88.62,88.7,1119
2026-06-10T03:30:00+05:30,89.4,89.91,88.75,88.96,2678
2026-06-10T03:45:00+05:30,88.97,89.07,88.65,88.85,517
2026-06-10T04:00:00+05:30,88.87,89.13,88.86,89.01,624
2026-06-10T04:15:00+05:30,89.02,89.27,89.01,89.12,319
2026-06-10T04:30:00+05:30,89.11,89.15,88.85,89,436
2026-06-10T04:45:00+05:30,88.97,89.26,88.94,89.18,546
2026-06-10T05:00:00+05:30,89.14,89.17,88.96,88.99,97
2026-06-10T05:15:00+05:30,89.01,89.34,89.01,89.18,305
2026-06-10T05:30:00+05:30,89.19,89.42,88.85,89.28,1224
2026-06-10T05:45:00+05:30,89.3,89.82,89.29,89.64,762
2026-06-10T06:00:00+05:30,89.63,90,89.6,89.78,812
2026-06-10T06:15:00+05:30,89.78,89.78,88.76,88.86,1802
2026-06-10T06:30:00+05:30,88.85,89.11,88.53,88.7,1352
2026-06-10T06:45:00+05:30,88.71,88.83,88.28,88.71,1290
2026-06-10T07:00:00+05:30,88.68,89.02,88.64,89.02,699
2026-06-10T07:15:00+05:30,89.01,89.36,88.96,89.27,777
2026-06-10T07:30:00+05:30,89.26,89.4,89.04,89.05,588
2026-06-10T07:45:00+05:30,89.05,89.11,88.76,88.94,493
2026-06-10T08:00:00+05:30,88.95,89.05,88.81,88.82,290
2026-06-10T08:15:00+05:30,88.81,89.01,88.73,88.96,438
2026-06-10T08:30:00+05:30,88.96,89.15,88.84,88.99,369
2026-06-10T08:45:00+05:30,89,89.16,88.92,89.02,305
2026-06-10T09:00:00+05:30,89.02,89.04,88.73,88.92,449
2026-06-10T09:15:00+05:30,88.92,88.92,88.57,88.64,332
2026-06-10T09:30:00+05:30,88.61,88.82,88.61,88.72,166
2026-06-10T09:45:00+05:30,88.71,88.88,88.68,88.87,141
2026-06-10T10:00:00+05:30,88.88,88.93,88.65,88.71,195
2026-06-10T10:15:00+05:30,88.72,88.79,88.64,88.66,107
2026-06-10T10:30:00+05:30,88.68,88.77,88.43,88.59,433
2026-06-10T10:45:00+05:30,88.58,88.62,88.07,88.2,777
2026-06-10T11:00:00+05:30,88.17,88.26,87.88,88.15,807
2026-06-10T11:15:00+05:30,88.15,88.26,87.95,88.07,396
2026-06-10T11:30:00+05:30,88.07,88.16,87.83,87.97,852
2026-06-10T11:45:00+05:30,87.96,88.03,87.61,87.91,945
2026-06-10T12:00:00+05:30,87.92,88.15,87.81,87.97,686
2026-06-10T12:15:00+05:30,87.98,88.29,87.98,88.26,543
2026-06-10T12:30:00+05:30,88.26,88.28,87.78,87.83,831
2026-06-10T12:45:00+05:30,87.82,88.25,87.69,88.21,906
2026-06-10T13:00:00+05:30,88.19,88.67,88.19,88.38,1379
2026-06-10T13:15:00+05:30,88.38,88.55,88.01,88.02,1112
2026-06-10T13:30:00+05:30,88,88.6,87.96,88.55,1021
2026-06-10T13:45:00+05:30,88.53,88.85,88.41,88.62,1784
2026-06-10T14:00:00+05:30,88.6,88.72,87.99,88.06,1349
2026-06-10T14:15:00+05:30,88.06,88.06,87.39,87.68,1593
2026-06-10T14:30:00+05:30,87.69,87.76,87.4,87.73,812
2026-06-10T14:45:00+05:30,87.75,87.83,87.44,87.77,930
2026-06-10T15:00:00+05:30,87.75,88.51,87.58,88.39,1391
2026-06-10T15:15:00+05:30,88.37,88.37,87.87,87.92,648
2026-06-10T15:30:00+05:30,87.9,88.3,87.87,88.3,583
2026-06-10T15:45:00+05:30,88.29,88.47,88.12,88.15,683
2026-06-10T16:00:00+05:30,88.15,88.27,87.83,87.84,854
2026-06-10T16:15:00+05:30,87.83,88.1,87.75,88.03,1177
2026-06-10T16:30:00+05:30,88,89.94,87.76,89.38,8801
2026-06-10T16:45:00+05:30,89.38,90.42,88.95,89.88,8051
2026-06-10T17:00:00+05:30,89.88,90.27,89.64,90.05,4076
2026-06-10T17:15:00+05:30,90.04,90.13,89.76,90.05,2147
2026-06-10T17:30:00+05:30,90.04,90.1,89.55,89.82,4475
2026-06-10T17:45:00+05:30,89.84,89.93,89.57,89.71,2507
2026-06-10T18:00:00+05:30,89.75,89.84,89.02,89.22,3268
2026-06-10T18:15:00+05:30,89.22,89.23,88.71,89.08,3143
2026-06-10T18:30:00+05:30,89.07,89.62,88.9,89.53,3831
2026-06-10T18:45:00+05:30,89.54,89.56,89.25,89.35,1643
2026-06-10T19:00:00+05:30,89.36,89.59,89.15,89.3,2596
2026-06-10T19:15:00+05:30,89.29,89.9,89.2,89.79,2590
2026-06-10T19:30:00+05:30,89.78,90,89.65,89.78,2187
2026-06-10T19:45:00+05:30,89.78,89.92,89.48,89.73,3502
2026-06-10T20:00:00+05:30,89.73,90.27,89.65,90.25,3980
2026-06-10T20:15:00+05:30,90.23,90.38,89.91,90.26,3326
2026-06-10T20:30:00+05:30,90.27,90.29,89.6,89.74,2787
2026-06-10T20:45:00+05:30,89.76,89.9,89.41,89.54,2221
2026-06-10T21:00:00+05:30,89.55,90.06,89.36,90,2515
2026-06-10T21:15:00+05:30,90.01,91.47,89.91,90.63,14262
2026-06-10T21:30:00+05:30,90.62,91.25,90.53,91.03,4699
2026-06-10T21:45:00+05:30,91.04,91.1,90.66,90.93,2374
2026-06-10T22:00:00+05:30,90.92,91.11,90.89,91,1825
2026-06-10T22:15:00+05:30,90.99,91.28,90.96,91.05,2185
2026-06-10T22:30:00+05:30,91.04,91.26,90.83,91.19,1866
2026-06-10T22:45:00+05:30,91.2,91.46,91.2,91.43,2538
2026-06-10T23:00:00+05:30,91.43,91.73,91.43,91.61,2398
2026-06-10T23:15:00+05:30,91.6,91.84,90.85,90.89,4761
2026-06-10T23:30:00+05:30,90.9,90.91,90.4,90.49,4277
2026-06-10T23:45:00+05:30,90.5,90.88,89.81,89.93,9284
2026-06-11T00:00:00+05:30,89.92,90.5,89.91,90.18,3807
2026-06-11T00:15:00+05:30,90.19,90.33,90.12,90.19,1260
2026-06-11T00:30:00+05:30,90.18,90.57,90.12,90.35,1357
2026-06-11T00:45:00+05:30,90.34,90.49,90.31,90.37,512
2026-06-11T01:00:00+05:30,90.37,90.59,90.36,90.51,958
2026-06-11T01:15:00+05:30,90.5,90.61,90.4,90.42,852
2026-06-11T01:30:00+05:30,90.4,90.94,90.27,90.93,1790
2026-06-11T01:45:00+05:30,90.94,91.15,90.81,91.04,1133
2026-06-11T02:00:00+05:30,91.04,91.57,91.01,91.44,1560
2026-06-11T02:15:00+05:30,91.43,91.87,91.41,91.85,1548
2026-06-11T03:30:00+05:30,92.25,92.45,91.9,92.25,1723
2026-06-11T03:45:00+05:30,92.23,92.43,92.13,92.33,696
2026-06-11T04:00:00+05:30,92.32,92.57,92.02,92.41,896
2026-06-11T04:15:00+05:30,92.42,93.36,92.31,93.35,2461
2026-06-11T04:30:00+05:30,93.35,93.6,93.04,93.54,1256
2026-06-11T04:45:00+05:30,93.5,93.64,92.5,92.66,4310
2026-06-11T05:00:00+05:30,92.64,93.12,92.56,92.84,1403
2026-06-11T05:15:00+05:30,92.83,93.05,92.45,92.47,832
2026-06-11T05:30:00+05:30,92.53,92.75,92.25,92.56,2151
2026-06-11T05:45:00+05:30,92.56,92.58,91.91,92.37,1974
2026-06-11T06:00:00+05:30,92.38,92.62,92.17,92.39,799
2026-06-11T06:15:00+05:30,92.38,92.43,92.13,92.35,491
2026-06-11T06:30:00+05:30,92.36,92.38,91.52,91.76,2552
2026-06-11T06:45:00+05:30,91.77,91.84,91.5,91.56,1076
2026-06-11T07:00:00+05:30,91.58,91.68,91.2,91.4,1003
2026-06-11T07:15:00+05:30,91.39,91.7,91.39,91.65,609
2026-06-11T07:30:00+05:30,91.64,91.7,91.44,91.7,427
2026-06-11T07:45:00+05:30,91.7,91.99,91.66,91.86,574
2026-06-11T08:00:00+05:30,91.85,91.9,91.56,91.77,382
2026-06-11T08:15:00+05:30,91.78,91.85,91.46,91.57,290
2026-06-11T08:30:00+05:30,91.56,91.74,91.54,91.72,173
2026-06-11T08:45:00+05:30,91.71,91.95,91.61,91.87,551
2026-06-11T09:00:00+05:30,91.87,92.11,91.76,92.03,400
2026-06-11T09:15:00+05:30,92.03,92.03,91.7,91.81,355
2026-06-11T09:30:00+05:30,91.82,91.95,91.77,91.83,236
2026-06-11T09:45:00+05:30,91.84,91.84,91.59,91.61,399
2026-06-11T10:00:00+05:30,91.62,91.7,91.12,91.24,948
2026-06-11T10:15:00+05:30,91.23,91.26,91,91.11,766
2026-06-11T10:30:00+05:30,91.1,91.19,90.92,91.09,494
2026-06-11T10:45:00+05:30,91.08,91.13,90.77,90.97,456
2026-06-11T11:00:00+05:30,90.94,90.94,90.58,90.64,949
2026-06-11T11:15:00+05:30,90.65,90.7,90.34,90.6,863
2026-06-11T11:30:00+05:30,90.64,90.96,90.6,90.76,875
2026-06-11T11:45:00+05:30,90.74,90.84,90.45,90.48,512
2026-06-11T12:00:00+05:30,90.49,90.69,90.39,90.58,601
2026-06-11T12:15:00+05:30,90.56,90.67,90.4,90.47,581
2026-06-11T12:30:00+05:30,90.47,90.55,90.09,90.35,2089
2026-06-11T12:45:00+05:30,90.34,90.42,89.82,89.87,1941
2026-06-11T13:00:00+05:30,89.85,89.88,89.36,89.6,2064
2026-06-11T13:15:00+05:30,89.6,89.84,89.53,89.83,980
2026-06-11T13:30:00+05:30,89.84,89.91,89.39,89.43,1278
2026-06-11T13:45:00+05:30,89.42,89.56,89.03,89.5,1915
2026-06-11T14:00:00+05:30,89.46,89.56,88.77,88.9,2537
2026-06-11T14:15:00+05:30,88.9,89.19,88.8,89.1,1095
2026-06-11T14:30:00+05:30,89.11,89.64,89.11,89.55,1503
2026-06-11T14:45:00+05:30,89.54,89.61,89.33,89.39,627
2026-06-11T15:00:00+05:30,89.4,89.8,89.38,89.64,811
2026-06-11T15:15:00+05:30,89.65,89.74,89.07,89.31,1058
2026-06-11T15:30:00+05:30,89.3,89.52,89.11,89.34,673
2026-06-11T15:45:00+05:30,89.32,89.49,89.01,89.3,1029
2026-06-11T16:00:00+05:30,89.26,89.29,88.75,89.18,2063
2026-06-11T16:15:00+05:30,89.17,89.37,88.96,88.96,849
2026-06-11T16:30:00+05:30,88.96,89.27,88.87,89.18,1107
2026-06-11T16:45:00+05:30,89.18,89.37,88.93,89.14,1827
2026-06-11T17:00:00+05:30,89.14,89.26,88.63,88.83,2616
2026-06-11T17:15:00+05:30,88.82,89.09,88.79,89.04,899
2026-06-11T17:30:00+05:30,89.05,89.13,88.95,89.04,695
2026-06-11T17:45:00+05:30,89.02,91.48,89.01,90.62,10130
2026-06-11T18:00:00+05:30,90.65,91.25,90.34,90.78,6776
2026-06-11T18:15:00+05:30,90.79,90.97,89.88,90.06,8262
2026-06-11T18:30:00+05:30,90.06,90.5,89.99,90.41,3183
2026-06-11T18:45:00+05:30,90.41,90.66,90.07,90.2,2318
2026-06-11T19:00:00+05:30,90.2,90.24,89.42,89.68,5293
2026-06-11T19:15:00+05:30,89.66,89.73,89.05,89.34,5713
2026-06-11T19:30:00+05:30,89.36,90.08,89.35,89.83,3259
2026-06-11T19:45:00+05:30,89.83,90.23,89.72,90.15,2452
2026-06-11T20:00:00+05:30,90.14,90.4,90.04,90.23,2353
2026-06-11T20:15:00+05:30,90.24,90.29,89.88,90.07,2058
2026-06-11T20:30:00+05:30,90.08,90.5,89.97,90.48,3461
2026-06-11T20:45:00+05:30,90.48,90.55,90.19,90.47,1984
2026-06-11T21:00:00+05:30,90.48,91.21,90.37,91.05,3474
2026-06-11T21:15:00+05:30,91.05,91.17,90.8,90.84,2615
2026-06-11T21:30:00+05:30,90.84,91.02,90.65,90.99,1751
2026-06-11T21:45:00+05:30,90.98,91.5,90.87,91.18,2662
2026-06-11T22:00:00+05:30,91.18,91.42,91.04,91.05,1930
2026-06-11T22:15:00+05:30,91.04,91.05,90.67,90.84,2220
2026-06-11T22:30:00+05:30,90.85,90.92,90.32,90.36,4164
2026-06-11T22:45:00+05:30,90.37,90.41,88.28,88.36,6215
2026-06-11T23:00:00+05:30,88.38,88.41,86.54,86.73,17913
2026-06-11T23:15:00+05:30,86.73,87.5,86.61,87.39,7824
2026-06-11T23:30:00+05:30,87.39,88.29,87.35,87.56,6511
2026-06-11T23:45:00+05:30,87.56,87.86,87.11,87.81,10227
2026-06-12T00:00:00+05:30,87.81,88.32,87.77,88.06,2885
2026-06-12T00:15:00+05:30,88.09,88.16,87.77,87.8,2114
2026-06-12T00:30:00+05:30,87.78,87.85,87.14,87.63,3660
2026-06-12T00:45:00+05:30,87.62,87.62,86.69,86.73,3921
2026-06-12T01:00:00+05:30,86.74,86.75,85.81,86.28,6787
2026-06-12T01:15:00+05:30,86.28,86.63,86.23,86.53,2434
2026-06-12T01:30:00+05:30,86.54,86.59,86.07,86.23,1845
2026-06-12T01:45:00+05:30,86.23,86.37,85.74,86,1119
2026-06-12T02:00:00+05:30,85.99,86.57,85.9,86.37,1143
2026-06-12T02:15:00+05:30,86.36,86.59,86.27,86.42,940
2026-06-12T03:30:00+05:30,86.64,86.64,85.13,85.75,2592
2026-06-12T03:45:00+05:30,85.75,86.08,85.64,86.08,520
2026-06-12T04:00:00+05:30,86.05,86.1,85.66,85.8,617
2026-06-12T04:15:00+05:30,85.8,85.97,85.7,85.95,298
2026-06-12T04:30:00+05:30,85.94,85.95,85.69,85.83,894
2026-06-12T04:45:00+05:30,85.84,85.91,85.78,85.84,142
2026-06-12T05:00:00+05:30,85.86,86.1,85.86,86.01,282
2026-06-12T05:15:00+05:30,86.01,86.2,86,86.06,270
2026-06-12T05:30:00+05:30,86.07,86.44,86.04,86.25,928
2026-06-12T05:45:00+05:30,86.27,86.35,86.18,86.29,395
2026-06-12T06:00:00+05:30,86.3,86.6,86.24,86.43,529
2026-06-12T06:15:00+05:30,86.42,86.74,86.33,86.64,458
2026-06-12T06:30:00+05:30,86.63,86.92,86.61,86.75,1029
2026-06-12T06:45:00+05:30,86.78,86.85,86.66,86.69,285
2026-06-12T07:00:00+05:30,86.7,86.89,86.56,86.88,755
2026-06-12T07:15:00+05:30,86.86,86.88,86.69,86.81,492
2026-06-12T07:30:00+05:30,86.8,86.86,86.68,86.77,255
2026-06-12T07:45:00+05:30,86.78,86.9,86.78,86.89,217
2026-06-12T08:00:00+05:30,86.88,86.88,86.74,86.76,315
2026-06-12T08:15:00+05:30,86.73,86.78,86.5,86.74,460
2026-06-12T08:30:00+05:30,86.73,86.98,86.72,86.9,377
2026-06-12T08:45:00+05:30,86.86,86.98,86.69,86.71,246
2026-06-12T09:00:00+05:30,86.72,86.76,86.44,86.59,492
2026-06-12T09:15:00+05:30,86.6,86.62,86.21,86.26,719
2026-06-12T09:30:00+05:30,86.25,86.35,86.07,86.11,397
2026-06-12T09:45:00+05:30,86.11,86.27,86.1,86.16,239
2026-06-12T10:00:00+05:30,86.17,86.3,86.1,86.23,156
2026-06-12T10:15:00+05:30,86.24,86.36,86.07,86.08,247
2026-06-12T10:30:00+05:30,86.08,86.09,85.88,86,444
2026-06-12T10:45:00+05:30,86.02,86.13,85.9,85.93,404
2026-06-12T11:00:00+05:30,85.94,86.16,85.67,85.8,801
2026-06-12T11:15:00+05:30,85.75,86.07,85.72,86.06,356
2026-06-12T11:30:00+05:30,86.06,86.07,85.83,86.04,554
2026-06-12T11:45:00+05:30,86.06,86.15,85.82,85.95,543
2026-06-12T12:00:00+05:30,85.97,86.05,85.74,86,526
2026-06-12T12:15:00+05:30,85.97,86.15,85.87,86.1,669
2026-06-12T12:30:00+05:30,86.08,86.35,85.98,86.34,850
2026-06-12T12:45:00+05:30,86.35,86.4,86,86.06,869
2026-06-12T13:00:00+05:30,86.04,86.19,85.44,85.66,2110
2026-06-12T13:15:00+05:30,85.65,85.74,84.92,85.2,2624
2026-06-12T13:30:00+05:30,85.18,85.23,84.29,84.38,3910
2026-06-12T13:45:00+05:30,84.39,84.63,83.4,83.43,5210
2026-06-12T14:00:00+05:30,83.42,83.98,83.2,83.75,3017
2026-06-12T14:15:00+05:30,83.76,84,83.7,83.87,1821
2026-06-12T14:30:00+05:30,83.88,83.98,83.62,83.77,1321
2026-06-12T14:45:00+05:30,83.76,84.08,83.47,83.81,1772
2026-06-12T15:00:00+05:30,83.81,83.96,83.58,83.85,882
2026-06-12T15:15:00+05:30,83.87,84.22,83.85,84.16,1419
2026-06-12T15:30:00+05:30,84.16,84.34,84.01,84.2,1656
2026-06-12T15:45:00+05:30,84.2,85.05,84.18,84.92,2546
2026-06-12T16:00:00+05:30,84.93,85.28,84.69,84.75,2676
2026-06-12T16:15:00+05:30,84.76,84.89,84.48,84.7,1597
2026-06-12T16:30:00+05:30,84.69,84.77,84.35,84.39,1054
2026-06-12T16:45:00+05:30,84.4,84.45,84.04,84.28,1793
2026-06-12T17:00:00+05:30,84.28,84.67,84.19,84.44,1663
2026-06-12T17:15:00+05:30,84.44,85.2,84.44,84.9,2086
2026-06-12T17:30:00+05:30,84.88,85.11,84.72,84.91,1466
2026-06-12T17:45:00+05:30,84.9,85.24,84.89,85.24,1464
2026-06-12T18:00:00+05:30,85.25,85.7,85.23,85.45,2724
2026-06-12T18:15:00+05:30,85.44,85.62,85.09,85.09,3033
2026-06-12T18:30:00+05:30,85.09,85.6,84.96,85.39,2319
2026-06-12T18:45:00+05:30,85.39,85.51,85.15,85.33,1889
2026-06-12T19:00:00+05:30,85.35,86.88,85.31,86.24,7985
2026-06-12T19:15:00+05:30,86.24,87.04,86.06,87.02,5993
2026-06-12T19:30:00+05:30,87.03,87.23,86.39,86.43,5883
2026-06-12T19:45:00+05:30,86.44,86.77,86.14,86.46,2599
2026-06-12T20:00:00+05:30,86.48,86.64,86.1,86.44,2979
2026-06-12T20:15:00+05:30,86.45,86.68,84.74,84.96,7973
2026-06-12T20:30:00+05:30,84.97,85.04,84.41,84.61,5877
2026-06-12T20:45:00+05:30,84.6,84.75,84.23,84.46,3408
2026-06-12T21:00:00+05:30,84.44,84.75,84.24,84.49,3705
2026-06-12T21:15:00+05:30,84.48,84.6,84.13,84.41,2477
2026-06-12T21:30:00+05:30,84.42,84.8,84.17,84.48,4077
2026-06-12T21:45:00+05:30,84.48,84.84,84.23,84.79,2196
2026-06-12T22:00:00+05:30,84.81,84.85,84.58,84.75,1617
2026-06-12T22:15:00+05:30,84.75,85,84.46,84.84,2198
2026-06-12T22:30:00+05:30,84.85,84.97,84.45,84.82,2701
2026-06-12T22:45:00+05:30,84.82,84.96,84.5,84.55,1687
2026-06-12T23:00:00+05:30,84.54,84.8,84.54,84.78,1312
2026-06-12T23:15:00+05:30,84.77,85.04,84.63,84.91,1926
2026-06-12T23:30:00+05:30,84.9,85.09,84.71,84.93,2219
2026-06-12T23:45:00+05:30,84.94,85.04,84.77,84.88,6074
2026-06-13T00:00:00+05:30,84.88,84.89,84.34,84.36,1942
2026-06-13T00:15:00+05:30,84.36,84.47,84.32,84.45,1007
2026-06-13T00:30:00+05:30,84.46,84.62,84.33,84.52,1413
2026-06-13T00:45:00+05:30,84.52,84.56,84.42,84.45,913
2026-06-13T01:00:00+05:30,84.44,84.66,84.29,84.56,1743
2026-06-13T01:15:00+05:30,84.55,84.58,84.24,84.3,1233
2026-06-13T01:30:00+05:30,84.3,84.46,84.28,84.39,413
2026-06-13T01:45:00+05:30,84.37,84.41,84.21,84.25,341
2026-06-13T02:00:00+05:30,84.27,84.3,84.21,84.29,515
2026-06-13T02:15:00+05:30,84.27,84.3,84.18,84.29,743
2026-06-15T03:30:00+05:30,81.4,82.42,80.25,80.96,7909
2026-06-15T03:45:00+05:30,80.96,81.5,80.83,81.35,2123
2026-06-15T04:00:00+05:30,81.36,81.69,81.3,81.57,1079
2026-06-15T04:15:00+05:30,81.56,81.59,81.08,81.27,986
2026-06-15T04:30:00+05:30,81.28,81.34,80.89,80.91,732
2026-06-15T04:45:00+05:30,80.93,81.23,80.91,81.12,564
2026-06-15T05:00:00+05:30,81.12,81.15,81.02,81.06,217
2026-06-15T05:15:00+05:30,81.07,81.12,80.86,81,339
2026-06-15T05:30:00+05:30,81,81.01,80.43,80.61,1219
2026-06-15T05:45:00+05:30,80.62,80.88,80.6,80.85,418
2026-06-15T06:00:00+05:30,80.86,81.17,80.78,81.12,509
2026-06-15T06:15:00+05:30,81.13,81.23,80.89,80.97,548
2026-06-15T06:30:00+05:30,80.97,81.21,80.71,80.85,955
2026-06-15T06:45:00+05:30,80.88,80.93,80.5,80.6,720
2026-06-15T07:00:00+05:30,80.63,80.82,80.49,80.77,476
2026-06-15T07:15:00+05:30,80.78,80.96,80.75,80.91,409
2026-06-15T07:30:00+05:30,80.9,80.9,80.52,80.58,429
2026-06-15T07:45:00+05:30,80.6,80.64,80.32,80.34,456
2026-06-15T08:00:00+05:30,80.35,80.35,80.05,80.2,924
2026-06-15T08:15:00+05:30,80.2,80.23,80,80.09,1146
2026-06-15T08:30:00+05:30,80.09,80.28,80,80.09,818
2026-06-15T08:45:00+05:30,80.09,80.19,80,80.13,582
2026-06-15T09:00:00+05:30,80.14,80.66,80.14,80.56,2058
2026-06-15T09:15:00+05:30,80.56,80.65,80.43,80.53,705
2026-06-15T09:30:00+05:30,80.52,80.63,80.46,80.53,283
2026-06-15T09:45:00+05:30,80.53,80.64,80.51,80.59,227
2026-06-15T10:00:00+05:30,80.61,80.71,80.5,80.59,293
2026-06-15T10:15:00+05:30,80.59,80.63,80.51,80.53,346
2026-06-15T10:30:00+05:30,80.55,80.86,80.5,80.8,696
2026-06-15T10:45:00+05:30,80.79,80.93,80.69,80.82,595
2026-06-15T11:00:00+05:30,80.81,80.93,80.69,80.88,916
2026-06-15T11:15:00+05:30,80.87,81.03,80.65,80.79,791
2026-06-15T11:30:00+05:30,80.79,81.12,80.79,80.9,911
2026-06-15T11:45:00+05:30,80.91,80.92,80.45,80.73,1052
2026-06-15T12:00:00+05:30,80.74,80.88,80.44,80.6,959
2026-06-15T12:15:00+05:30,80.55,80.72,80.47,80.5,589
2026-06-15T12:30:00+05:30,80.51,80.68,80.33,80.35,898
2026-06-15T12:45:00+05:30,80.37,80.38,79.8,79.85,3100
2026-06-15T13:00:00+05:30,79.86,80.2,79.7,80.09,3188
2026-06-15T13:15:00+05:30,80.1,80.55,80.09,80.49,2240
2026-06-15T13:30:00+05:30,80.51,80.86,80.37,80.71,1796
2026-06-15T13:45:00+05:30,80.7,80.81,80.26,80.3,1833
2026-06-15T14:00:00+05:30,80.3,80.53,80.16,80.32,1658
2026-06-15T14:15:00+05:30,80.32,80.53,80.17,80.42,1172
2026-06-15T14:30:00+05:30,80.4,80.42,79.96,80.35,3364
2026-06-15T14:45:00+05:30,80.34,80.41,80.08,80.12,1016
2026-06-15T15:00:00+05:30,80.1,80.35,80.01,80.35,919
2026-06-15T15:15:00+05:30,80.35,80.5,80.06,80.25,1331
2026-06-15T15:30:00+05:30,80.25,80.31,80.12,80.22,747
2026-06-15T15:45:00+05:30,80.23,80.4,80.05,80.36,1041
2026-06-15T16:00:00+05:30,80.35,80.55,80.32,80.48,877
2026-06-15T16:15:00+05:30,80.47,80.69,80.36,80.59,942
2026-06-15T16:30:00+05:30,80.59,80.61,80.13,80.2,1062
2026-06-15T16:45:00+05:30,80.21,80.38,80.13,80.16,738
2026-06-15T17:00:00+05:30,80.15,80.49,80.06,80.44,886
2026-06-15T17:15:00+05:30,80.44,80.48,80.23,80.42,908
2026-06-15T17:30:00+05:30,80.41,80.61,80.21,80.3,1290
2026-06-15T17:45:00+05:30,80.29,80.46,80.13,80.23,1697
2026-06-15T18:00:00+05:30,80.21,80.24,79.97,80.03,1942
2026-06-15T18:15:00+05:30,80.03,80.42,80.03,80.34,1348
2026-06-15T18:30:00+05:30,80.34,80.48,80.26,80.44,1561
2026-06-15T18:45:00+05:30,80.44,80.65,80.36,80.51,2054
2026-06-15T19:00:00+05:30,80.51,80.67,80.3,80.5,2453
2026-06-15T19:15:00+05:30,80.51,80.63,80.21,80.24,1891
2026-06-15T19:30:00+05:30,80.23,80.35,80.03,80.27,2525
2026-06-15T19:45:00+05:30,80.28,80.33,79.82,79.91,3070
2026-06-15T20:00:00+05:30,79.92,79.98,79.8,79.92,2130
2026-06-15T20:15:00+05:30,79.92,80.5,79.88,80.47,3451
2026-06-15T20:30:00+05:30,80.48,80.87,80.41,80.63,3405
2026-06-15T20:45:00+05:30,80.63,80.67,80.34,80.63,1957
2026-06-15T21:00:00+05:30,80.62,80.8,80.32,80.5,2212
2026-06-15T21:15:00+05:30,80.48,80.5,80.15,80.27,1654
2026-06-15T21:30:00+05:30,80.25,80.37,80.12,80.17,1500
2026-06-15T21:45:00+05:30,80.16,80.23,80.02,80.11,1167
2026-06-15T22:00:00+05:30,80.08,80.47,80.08,80.4,1255
2026-06-15T22:15:00+05:30,80.43,80.51,80.33,80.51,1560
2026-06-15T22:30:00+05:30,80.51,80.74,80.51,80.58,2088
2026-06-15T22:45:00+05:30,80.58,80.64,80.37,80.56,1650
2026-06-15T23:00:00+05:30,80.56,80.59,80.28,80.45,1448
2026-06-15T23:15:00+05:30,80.45,80.64,80.41,80.58,1629
2026-06-15T23:30:00+05:30,80.59,80.66,80.38,80.42,1840
2026-06-15T23:45:00+05:30,80.41,80.94,80.36,80.9,5829
2026-06-16T00:00:00+05:30,80.89,81.01,80.79,80.98,1704
2026-06-16T00:15:00+05:30,80.97,81.04,80.84,80.88,1891
2026-06-16T00:30:00+05:30,80.88,80.99,80.87,80.93,832
2026-06-16T00:45:00+05:30,80.94,81.19,80.94,81.09,1165
2026-06-16T01:00:00+05:30,81.09,81.47,81.05,81.37,1091
2026-06-16T01:15:00+05:30,81.36,81.47,81.31,81.32,1135
2026-06-16T01:30:00+05:30,81.31,81.61,81.3,81.44,881
2026-06-16T01:45:00+05:30,81.42,81.46,81.28,81.31,302
2026-06-16T02:00:00+05:30,81.33,81.38,81.17,81.2,302
2026-06-16T02:15:00+05:30,81.18,81.3,81.11,81.16,461
2026-06-16T03:30:00+05:30,81.1,81.41,80.92,81.12,229
2026-06-16T03:45:00+05:30,81.13,81.47,81.12,81.3,242
2026-06-16T04:00:00+05:30,81.3,81.45,81.25,81.39,139
2026-06-16T04:15:00+05:30,81.36,81.49,81.32,81.4,93
2026-06-16T04:30:00+05:30,81.4,81.44,81.3,81.41,58
2026-06-16T04:45:00+05:30,81.42,81.47,81.41,81.42,22
2026-06-16T05:00:00+05:30,81.38,81.58,81.38,81.51,86
2026-06-16T05:15:00+05:30,81.47,81.54,81.44,81.53,107
2026-06-16T05:30:00+05:30,81.51,81.52,81.2,81.29,298
2026-06-16T05:45:00+05:30,81.32,81.46,81.29,81.35,238
2026-06-16T06:00:00+05:30,81.33,81.34,81.22,81.3,156
2026-06-16T06:15:00+05:30,81.32,81.41,81.28,81.31,161
2026-06-16T06:30:00+05:30,81.32,81.38,80.93,81.22,886
2026-06-16T06:45:00+05:30,81.21,81.22,80.98,81.02,200
2026-06-16T07:00:00+05:30,81.01,81.17,80.94,80.95,145
2026-06-16T07:15:00+05:30,80.95,81.1,80.84,80.92,240
2026-06-16T07:30:00+05:30,80.9,80.98,80.77,80.84,236
2026-06-16T07:45:00+05:30,80.84,80.98,80.75,80.95,179
2026-06-16T08:00:00+05:30,80.91,81,80.8,80.89,111
2026-06-16T08:15:00+05:30,80.86,80.86,80.57,80.72,632
2026-06-16T08:30:00+05:30,80.7,80.73,80.59,80.66,145
2026-06-16T08:45:00+05:30,80.66,80.73,80.6,80.68,168
2026-06-16T09:00:00+05:30,80.68,80.71,80.61,80.62,141
2026-06-16T09:15:00+05:30,80.62,80.7,80.57,80.69,157
2026-06-16T09:30:00+05:30,80.67,80.82,80.67,80.69,202
2026-06-16T09:45:00+05:30,80.66,80.72,80.61,80.69,70
2026-06-16T10:00:00+05:30,80.68,80.72,80.64,80.68,64
2026-06-16T10:15:00+05:30,80.67,80.75,80.57,80.58,101
2026-06-16T10:30:00+05:30,80.6,80.63,80.54,80.6,109
2026-06-16T10:45:00+05:30,80.59,80.59,80.38,80.4,201
2026-06-16T11:00:00+05:30,80.41,80.51,80.28,80.46,521
2026-06-16T11:15:00+05:30,80.46,80.5,80.32,80.48,226
2026-06-16T11:30:00+05:30,80.47,80.51,80.38,80.43,171
2026-06-16T11:45:00+05:30,80.42,80.53,80.38,80.44,163
2026-06-16T12:00:00+05:30,80.45,80.6,80.39,80.55,265
2026-06-16T12:15:00+05:30,80.55,80.8,80.53,80.55,556
2026-06-16T12:30:00+05:30,80.55,80.56,80.07,80.17,1247
2026-06-16T12:45:00+05:30,80.18,80.25,79.96,79.99,774
2026-06-16T13:00:00+05:30,79.98,80.02,79.42,79.65,2805
2026-06-16T13:15:00+05:30,79.65,79.69,79.32,79.36,1234
2026-06-16T13:30:00+05:30,79.38,79.59,78.64,78.74,3309
2026-06-16T13:45:00+05:30,78.74,78.93,78.47,78.59,2412
2026-06-16T14:00:00+05:30,78.58,78.91,78.52,78.69,1104
2026-06-16T14:15:00+05:30,78.69,78.74,78.41,78.66,1426
2026-06-16T14:30:00+05:30,78.68,78.95,78.67,78.81,876
2026-06-16T14:45:00+05:30,78.81,78.9,78.68,78.87,535
2026-06-16T15:00:00+05:30,78.86,79.1,78.75,79.01,648
2026-06-16T15:15:00+05:30,79.01,79.26,78.84,78.91,988
2026-06-16T15:30:00+05:30,78.92,78.96,78.63,78.74,877
2026-06-16T15:45:00+05:30,78.75,78.79,78.5,78.63,1193
2026-06-16T16:00:00+05:30,78.6,78.69,78.29,78.3,1132
2026-06-16T16:15:00+05:30,78.29,78.56,78.27,78.43,882
2026-06-16T16:30:00+05:30,78.41,78.42,78.2,78.3,1075
2026-06-16T16:45:00+05:30,78.3,78.41,78.16,78.26,1006
2026-06-16T17:00:00+05:30,78.24,78.56,78.14,78.47,1376
2026-06-16T17:15:00+05:30,78.47,78.5,78.26,78.41,1058
2026-06-16T17:30:00+05:30,78.42,78.44,77.77,77.83,3070
2026-06-16T17:45:00+05:30,77.83,77.89,77.56,77.57,3115
2026-06-16T18:00:00+05:30,77.57,77.59,76.88,77.12,5696
2026-06-16T18:15:00+05:30,77.12,77.36,77.02,77.33,3377
2026-06-16T18:30:00+05:30,77.34,77.72,77.26,77.58,4148
2026-06-16T18:45:00+05:30,77.57,77.77,77.53,77.61,2695
2026-06-16T19:00:00+05:30,77.62,77.99,77.55,77.96,2768
2026-06-16T19:15:00+05:30,77.95,78.06,77.74,77.78,1691
2026-06-16T19:30:00+05:30,77.78,77.85,77.56,77.81,2071
2026-06-16T19:45:00+05:30,77.81,77.87,77.35,77.44,2001
2026-06-16T20:00:00+05:30,77.45,77.48,76.86,77,2584
2026-06-16T20:15:00+05:30,76.99,77.13,76.84,77.08,2740
2026-06-16T20:30:00+05:30,77.1,77.28,77.03,77.19,2019
2026-06-16T20:45:00+05:30,77.17,77.27,76.91,76.99,1821
2026-06-16T21:00:00+05:30,77,77.06,76.56,76.64,2878
2026-06-16T21:15:00+05:30,76.65,76.78,75.66,76.01,7884
2026-06-16T21:30:00+05:30,76.01,76.18,75.85,75.97,4157
2026-06-16T21:45:00+05:30,75.98,76.16,75.84,75.86,2067
2026-06-16T22:00:00+05:30,75.86,75.89,75.59,75.66,3044
2026-06-16T22:15:00+05:30,75.66,76.04,75.52,75.77,3233
2026-06-16T22:30:00+05:30,75.78,76.13,75.76,76.09,2832
2026-06-16T22:45:00+05:30,76.09,76.17,75.73,75.79,2148
2026-06-16T23:00:00+05:30,75.79,75.94,75.62,75.69,1591
2026-06-16T23:15:00+05:30,75.69,75.93,75.63,75.87,1657
2026-06-16T23:30:00+05:30,75.88,76,75.73,75.77,1318
2026-06-16T23:45:00+05:30,75.79,76.12,75.77,76.06,3952
2026-06-17T00:00:00+05:30,76.06,76.5,75.96,76.47,2340
2026-06-17T00:15:00+05:30,76.47,76.49,76.32,76.44,858
2026-06-17T00:30:00+05:30,76.45,76.74,76.4,76.71,1073
2026-06-17T00:45:00+05:30,76.71,77.09,76.71,77.06,1263
2026-06-17T01:00:00+05:30,77.05,77.17,76.89,77,870
2026-06-17T01:15:00+05:30,77,77.08,76.83,76.87,1257
2026-06-17T01:30:00+05:30,76.88,76.93,76.52,76.64,1136
2026-06-17T01:45:00+05:30,76.64,76.75,76.54,76.58,376
2026-06-17T02:00:00+05:30,76.54,76.72,76.53,76.68,216
2026-06-17T02:15:00+05:30,76.67,76.74,76.5,76.62,382
2026-06-17T03:30:00+05:30,75.72,76,75.51,76,902
2026-06-17T03:45:00+05:30,75.99,76.06,75.92,76,187
2026-06-17T04:00:00+05:30,76,76.04,75.81,75.82,108
2026-06-17T04:15:00+05:30,75.81,75.95,75.81,75.93,88
2026-06-17T04:30:00+05:30,75.93,75.98,75.78,75.94,146
2026-06-17T04:45:00+05:30,75.97,75.97,75.8,75.8,124
2026-06-17T05:00:00+05:30,75.8,75.84,75.72,75.79,193
2026-06-17T05:15:00+05:30,75.8,75.89,75.79,75.86,105
2026-06-17T05:30:00+05:30,75.88,75.89,75.66,75.87,757
2026-06-17T05:45:00+05:30,75.86,75.88,75.79,75.84,165
2026-06-17T06:00:00+05:30,75.87,75.87,75.72,75.85,242
2026-06-17T06:15:00+05:30,75.86,75.9,75.84,75.86,207
2026-06-17T06:30:00+05:30,75.85,75.9,75.52,75.73,1153
2026-06-17T06:45:00+05:30,75.74,75.78,75.53,75.56,467
2026-06-17T07:00:00+05:30,75.55,75.57,75.42,75.57,518
2026-06-17T07:15:00+05:30,75.55,75.7,75.33,75.43,521
2026-06-17T07:30:00+05:30,75.44,75.46,75.31,75.4,366
2026-06-17T07:45:00+05:30,75.41,75.53,75.35,75.38,248
2026-06-17T08:00:00+05:30,75.39,75.46,75.28,75.36,354
2026-06-17T08:15:00+05:30,75.37,75.46,75.29,75.35,352
2026-06-17T08:30:00+05:30,75.35,75.37,75.12,75.19,523
2026-06-17T08:45:00+05:30,75.2,75.22,75.01,75.04,651
2026-06-17T09:00:00+05:30,75.04,75.19,75.04,75.09,446
2026-06-17T09:15:00+05:30,75.1,75.1,74.72,74.79,663
2026-06-17T09:30:00+05:30,74.81,75.04,74.8,75.03,436
2026-06-17T09:45:00+05:30,75.02,75.16,74.96,75.08,242
2026-06-17T10:00:00+05:30,75.08,75.14,74.96,74.99,266
2026-06-17T10:15:00+05:30,74.98,74.99,74.78,74.89,367
2026-06-17T10:30:00+05:30,74.88,74.93,74.72,74.8,446
2026-06-17T10:45:00+05:30,74.81,74.81,74.5,74.53,1263
2026-06-17T11:00:00+05:30,74.55,74.95,74.46,74.94,905
2026-06-17T11:15:00+05:30,74.92,75.66,74.9,75.46,1334
2026-06-17T11:30:00+05:30,75.45,75.58,75.24,75.47,747
2026-06-17T11:45:00+05:30,75.48,75.61,75.24,75.27,833
2026-06-17T12:00:00+05:30,75.27,75.34,74.7,74.76,1353
2026-06-17T12:15:00+05:30,74.74,74.93,74.49,74.79,1933
2026-06-17T12:30:00+05:30,74.78,74.82,74.09,74.28,2514
2026-06-17T12:45:00+05:30,74.29,75.1,74.25,75.06,1507
2026-06-17T13:00:00+05:30,75.06,75.1,74.47,74.69,1408
2026-06-17T13:15:00+05:30,74.69,75.02,74.64,74.99,797
2026-06-17T13:30:00+05:30,75,75.41,74.8,75.38,1833
2026-06-17T13:45:00+05:30,75.36,75.57,75.18,75.45,1800
2026-06-17T14:00:00+05:30,75.46,75.8,75.41,75.67,1862
2026-06-17T14:15:00+05:30,75.66,75.76,75.26,75.39,1047
2026-06-17T14:30:00+05:30,75.4,75.64,75.35,75.42,899
2026-06-17T14:45:00+05:30,75.42,75.5,75.03,75.17,1325
2026-06-17T15:00:00+05:30,75.16,75.4,74.85,75.25,1218
2026-06-17T15:15:00+05:30,75.24,75.36,75.06,75.35,590
2026-06-17T15:30:00+05:30,75.33,75.74,75.32,75.59,1082
2026-06-17T15:45:00+05:30,75.58,75.63,75.48,75.62,837
2026-06-17T16:00:00+05:30,75.61,75.61,75.27,75.3,971
2026-06-17T16:15:00+05:30,75.28,75.83,75.13,75.7,1717
2026-06-17T16:30:00+05:30,75.69,75.87,75.56,75.86,1246
2026-06-17T16:45:00+05:30,75.87,75.92,75.64,75.66,1252
2026-06-17T17:00:00+05:30,75.66,75.99,75.66,75.92,1139
2026-06-17T17:15:00+05:30,75.92,76.27,75.8,76.02,1807
2026-06-17T17:30:00+05:30,76.02,76.03,75.64,75.78,1802
2026-06-17T17:45:00+05:30,75.78,76.06,75.77,75.91,1405
2026-06-17T18:00:00+05:30,75.92,76,75.78,75.8,1473
2026-06-17T18:15:00+05:30,75.8,75.89,75.76,75.84,1209
2026-06-17T18:30:00+05:30,75.83,76.13,75.78,75.96,3121
2026-06-17T18:45:00+05:30,75.96,76.15,75.79,76.13,2381
2026-06-17T19:00:00+05:30,76.14,76.48,76.07,76.31,3782
2026-06-17T19:15:00+05:30,76.31,76.49,76.27,76.37,2336
2026-06-17T19:30:00+05:30,76.37,76.95,76.14,76.84,5277
2026-06-17T19:45:00+05:30,76.85,77.08,76.38,76.55,5931
2026-06-17T20:00:00+05:30,76.56,77.02,76.55,76.78,6021
2026-06-17T20:15:00+05:30,76.78,79.18,76.73,77,13759
2026-06-17T20:30:00+05:30,77.01,77.2,76.69,76.86,3714
2026-06-17T20:45:00+05:30,76.86,76.96,75.93,76.1,6556
2026-06-17T21:00:00+05:30,76.11,76.31,76.05,76.21,2092
2026-06-17T21:15:00+05:30,76.2,76.21,75.75,75.86,2320
2026-06-17T21:30:00+05:30,75.87,76.06,75.76,75.92,1550
2026-06-17T21:45:00+05:30,75.92,76.26,75.86,76.01,1695
2026-06-17T22:00:00+05:30,76.02,76.12,75.9,75.99,1348
2026-06-17T22:15:00+05:30,75.98,76.14,75.59,75.64,1784
2026-06-17T22:30:00+05:30,75.67,76.32,75.63,75.73,2887
2026-06-17T22:45:00+05:30,75.73,75.8,75.39,75.49,1873
2026-06-17T23:00:00+05:30,75.48,75.68,75.41,75.47,1445
2026-06-17T23:15:00+05:30,75.47,75.74,75.41,75.66,1181
2026-06-17T23:30:00+05:30,75.66,75.94,75.54,75.88,1891
2026-06-17T23:45:00+05:30,75.89,76.13,75.7,76.09,3786
2026-06-18T00:00:00+05:30,76.09,76.26,75.81,75.88,2928
2026-06-18T00:15:00+05:30,75.9,75.91,75.7,75.74,1239
2026-06-18T00:30:00+05:30,75.74,75.85,75.55,75.57,911
2026-06-18T00:45:00+05:30,75.56,75.6,75.3,75.4,1058
2026-06-18T01:00:00+05:30,75.38,75.41,75.24,75.36,929
2026-06-18T01:15:00+05:30,75.37,75.58,75.29,75.31,1623
2026-06-18T01:30:00+05:30,75.31,75.39,75.21,75.27,650
2026-06-18T01:45:00+05:30,75.28,75.3,75.17,75.21,530
2026-06-18T02:00:00+05:30,75.22,75.24,74.93,75.03,590
2026-06-18T02:15:00+05:30,75.03,75.07,74.95,75.01,594
2026-06-18T03:30:00+05:30,74.88,75.65,74.88,75.62,910
2026-06-18T03:45:00+05:30,75.63,75.75,75.49,75.53,708
2026-06-18T04:00:00+05:30,75.53,75.61,75.27,75.37,386
2026-06-18T04:15:00+05:30,75.38,75.49,75.31,75.38,154
2026-06-18T04:30:00+05:30,75.36,75.39,75.2,75.24,272
2026-06-18T04:45:00+05:30,75.24,75.29,75.15,75.26,139
2026-06-18T05:00:00+05:30,75.27,75.42,75.23,75.28,244
2026-06-18T05:15:00+05:30,75.27,75.34,75.22,75.32,202
2026-06-18T05:30:00+05:30,75.3,75.36,75,75.2,889
2026-06-18T05:45:00+05:30,75.18,75.25,75.01,75.09,429
2026-06-18T06:00:00+05:30,75.08,75.22,75.01,75.09,258
2026-06-18T06:15:00+05:30,75.1,75.35,75.03,75.3,610
2026-06-18T06:30:00+05:30,75.3,75.44,75.05,75.1,681
2026-06-18T06:45:00+05:30,75.09,75.13,74.71,74.8,902
2026-06-18T07:00:00+05:30,74.79,74.87,74.64,74.71,637
2026-06-18T07:15:00+05:30,74.73,74.95,74.73,74.8,324
2026-06-18T07:30:00+05:30,74.79,74.86,74.69,74.7,276
2026-06-18T07:45:00+05:30,74.71,74.76,74.57,74.71,769
2026-06-18T08:00:00+05:30,74.7,75.01,74.69,74.86,505
2026-06-18T08:15:00+05:30,74.86,74.93,74.78,74.8,221
2026-06-18T08:30:00+05:30,74.81,74.83,74.64,74.64,229
2026-06-18T08:45:00+05:30,74.65,74.71,74.55,74.57,497
2026-06-18T09:00:00+05:30,74.57,74.69,74.48,74.58,476
2026-06-18T09:15:00+05:30,74.57,74.61,74.48,74.52,206
2026-06-18T09:30:00+05:30,74.51,74.59,74.41,74.43,204
2026-06-18T09:45:00+05:30,74.43,74.43,74.16,74.18,625
2026-06-18T10:00:00+05:30,74.18,74.26,74.06,74.1,650
2026-06-18T10:15:00+05:30,74.1,74.18,74.04,74.12,422
2026-06-18T10:30:00+05:30,74.13,74.24,74.08,74.19,484
2026-06-18T10:45:00+05:30,74.19,74.2,73.78,73.81,1228
2026-06-18T11:00:00+05:30,73.8,74.19,73.75,74.17,829
2026-06-18T11:15:00+05:30,74.16,74.17,74.01,74.04,343
2026-06-18T11:30:00+05:30,74.04,74.04,73.42,73.66,1900
2026-06-18T11:45:00+05:30,73.65,73.77,73.48,73.55,895
2026-06-18T12:00:00+05:30,73.56,74.28,73.47,74.08,1638
2026-06-18T12:15:00+05:30,74.07,74.34,73.98,74.2,1434
2026-06-18T12:30:00+05:30,74.19,74.34,73.96,74.33,1248
2026-06-18T12:45:00+05:30,74.33,74.75,74.33,74.36,2180
2026-06-18T13:00:00+05:30,74.38,74.48,74.14,74.19,1006
2026-06-18T13:15:00+05:30,74.18,74.5,74.17,74.34,1158
2026-06-18T13:30:00+05:30,74.33,74.4,74.04,74.37,1317
2026-06-18T13:45:00+05:30,74.35,74.4,74.04,74.32,1758
2026-06-18T14:00:00+05:30,74.32,74.51,73.94,73.98,1728
2026-06-18T14:15:00+05:30,73.98,74.09,73.82,73.98,1064
2026-06-18T14:30:00+05:30,73.99,74.28,73.87,74.06,1004
2026-06-18T14:45:00+05:30,74.04,74.16,73.72,74.09,1198
2026-06-18T15:00:00+05:30,74.11,74.26,73.98,74.17,786
2026-06-18T15:15:00+05:30,74.17,74.17,73.69,73.74,1183
2026-06-18T15:30:00+05:30,73.74,74.07,73.72,73.96,1047
2026-06-18T15:45:00+05:30,73.95,74.34,73.94,74.23,874
2026-06-18T16:00:00+05:30,74.22,74.86,74.21,74.85,2018
2026-06-18T16:15:00+05:30,74.86,75.05,74.58,74.63,2048
2026-06-18T16:30:00+05:30,74.62,74.74,74.42,74.64,1191
2026-06-18T16:45:00+05:30,74.64,74.84,74.51,74.82,952
2026-06-18T17:00:00+05:30,74.82,74.91,74.57,74.6,1207
2026-06-18T17:15:00+05:30,74.59,74.78,74.41,74.72,1299
2026-06-18T17:30:00+05:30,74.72,74.79,74.27,74.35,1339
2026-06-18T17:45:00+05:30,74.37,74.56,74.27,74.56,1089
2026-06-18T18:00:00+05:30,74.56,74.66,74.37,74.58,999
2026-06-18T18:15:00+05:30,74.56,74.56,74.3,74.44,1104
2026-06-18T18:30:00+05:30,74.44,74.58,73.72,74.04,6170
2026-06-18T18:45:00+05:30,74.03,74.23,73.95,74.16,3132
2026-06-18T19:00:00+05:30,74.17,74.18,73.3,73.41,6009
2026-06-18T19:15:00+05:30,73.41,73.55,73.04,73.2,5833
2026-06-18T19:30:00+05:30,73.21,73.46,72.96,73.06,4525
2026-06-18T19:45:00+05:30,73.06,73.23,72.92,73.14,3325
2026-06-18T20:00:00+05:30,73.16,73.55,73.13,73.49,4201
2026-06-18T20:15:00+05:30,73.5,73.52,73.22,73.3,1932
2026-06-18T20:30:00+05:30,73.31,73.43,73.17,73.22,2062
2026-06-18T20:45:00+05:30,73.23,73.61,72.83,73.5,4874
2026-06-18T21:00:00+05:30,73.5,73.89,73.5,73.8,5173
2026-06-18T21:15:00+05:30,73.8,73.99,73.68,73.92,3466
2026-06-18T21:30:00+05:30,73.93,74.18,73.8,74.03,4642
2026-06-18T21:45:00+05:30,74.03,74.27,73.81,73.89,2900
2026-06-18T22:00:00+05:30,73.87,73.93,73.68,73.91,3274
2026-06-18T22:15:00+05:30,73.91,74.42,73.87,74.28,2582
2026-06-18T22:30:00+05:30,74.28,74.46,74.23,74.35,1600
2026-06-18T22:45:00+05:30,74.35,74.43,74.05,74.41,2818
2026-06-18T23:00:00+05:30,74.41,74.63,74.23,74.45,3372
2026-06-18T23:15:00+05:30,74.45,74.65,74.35,74.52,3276
2026-06-18T23:30:00+05:30,74.52,75.22,74.51,75.11,4762
2026-06-18T23:45:00+05:30,75.12,76.06,75.11,75.84,15005
2026-06-19T00:00:00+05:30,75.84,76.02,75.59,75.69,4946
2026-06-19T00:15:00+05:30,75.69,75.72,75.55,75.63,2144
2026-06-19T00:30:00+05:30,75.63,75.83,75.63,75.69,1539
2026-06-19T00:45:00+05:30,75.69,75.8,75.58,75.66,1920
2026-06-19T01:00:00+05:30,75.65,75.66,75.46,75.62,1466
2026-06-19T01:15:00+05:30,75.63,75.73,75.56,75.73,1121
2026-06-19T01:30:00+05:30,75.72,75.87,75.56,75.6,1142
2026-06-19T01:45:00+05:30,75.59,75.63,75.36,75.45,773
2026-06-19T02:00:00+05:30,75.45,75.47,75.33,75.41,376
2026-06-19T02:15:00+05:30,75.42,75.55,75.32,75.52,374
2026-06-19T03:30:00+05:30,75.4,75.6,75.34,75.44,404
2026-06-19T03:45:00+05:30,75.43,75.73,75.42,75.57,180
2026-06-19T04:00:00+05:30,75.57,75.57,75.39,75.42,139
2026-06-19T04:15:00+05:30,75.43,75.46,75.28,75.38,233
2026-06-19T04:30:00+05:30,75.39,75.46,75.25,75.3,281
2026-06-19T04:45:00+05:30,75.3,75.3,75.13,75.17,425
2026-06-19T05:00:00+05:30,75.16,75.32,75.11,75.29,173
2026-06-19T05:15:00+05:30,75.29,75.43,75.28,75.38,167
2026-06-19T05:30:00+05:30,75.41,75.41,75,75.08,842
2026-06-19T05:45:00+05:30,75.09,75.25,75.02,75.12,264
2026-06-19T06:00:00+05:30,75.12,75.21,75.12,75.15,73
2026-06-19T06:15:00+05:30,75.14,75.21,75.06,75.06,98
2026-06-19T06:30:00+05:30,75.07,75.39,74.98,75.31,519
2026-06-19T06:45:00+05:30,75.3,75.44,75.27,75.38,473
2026-06-19T07:00:00+05:30,75.38,75.62,75.37,75.44,493
2026-06-19T07:15:00+05:30,75.44,75.71,75.4,75.65,564
2026-06-19T07:30:00+05:30,75.66,75.83,75.56,75.75,572
2026-06-19T07:45:00+05:30,75.74,75.82,75.57,75.59,344
2026-06-19T08:00:00+05:30,75.6,75.61,75.52,75.52,131
2026-06-19T08:15:00+05:30,75.54,75.67,75.53,75.61,197
2026-06-19T08:30:00+05:30,75.61,75.72,75.6,75.67,202
2026-06-19T08:45:00+05:30,75.67,75.68,75.51,75.55,129
2026-06-19T09:00:00+05:30,75.56,75.58,75.22,75.24,575
2026-06-19T09:15:00+05:30,75.25,75.31,75.19,75.24,305
2026-06-19T09:30:00+05:30,75.24,75.3,75.18,75.3,340
2026-06-19T09:45:00+05:30,75.3,75.53,75.3,75.49,507
2026-06-19T10:00:00+05:30,75.47,75.87,75.45,75.71,899
2026-06-19T10:15:00+05:30,75.72,75.9,75.63,75.63,438
2026-06-19T10:30:00+05:30,75.65,76.21,75.62,75.9,1214
2026-06-19T10:45:00+05:30,75.89,76.12,75.89,75.95,619
2026-06-19T11:00:00+05:30,75.96,76.37,75.95,76.31,1162
2026-06-19T11:15:00+05:30,76.3,76.49,76.03,76.22,1108
2026-06-19T11:30:00+05:30,76.23,76.71,76.23,76.61,1846
2026-06-19T11:45:00+05:30,76.62,76.64,76.31,76.36,1048
2026-06-19T12:00:00+05:30,76.36,76.78,76.36,76.45,1239
2026-06-19T12:15:00+05:30,76.45,76.45,76.07,76.18,962
2026-06-19T12:30:00+05:30,76.18,76.28,75.96,76.17,1030
2026-06-19T12:45:00+05:30,76.17,76.36,76.13,76.21,772
2026-06-19T13:00:00+05:30,76.2,76.57,76.18,76.5,695
2026-06-19T13:15:00+05:30,76.51,76.61,76.11,76.25,839
2026-06-19T13:30:00+05:30,76.25,76.5,75.85,76.14,1254
2026-06-19T13:45:00+05:30,76.14,76.19,75.7,75.78,1998
2026-06-19T14:00:00+05:30,75.78,76.1,75.5,76.04,1745
2026-06-19T14:15:00+05:30,76.04,76.04,75.67,75.85,1072
2026-06-19T14:30:00+05:30,75.86,75.89,75.49,75.74,1136
2026-06-19T14:45:00+05:30,75.72,75.82,75.59,75.77,896
2026-06-19T15:00:00+05:30,75.76,75.86,75.51,75.84,837
2026-06-19T15:15:00+05:30,75.84,75.85,75.41,75.64,874
2026-06-19T15:30:00+05:30,75.63,75.82,75.62,75.76,685
2026-06-19T15:45:00+05:30,75.77,75.95,75.66,75.73,962
2026-06-19T16:00:00+05:30,75.76,76.21,75.74,76.05,1479
2026-06-19T16:15:00+05:30,76.05,76.23,75.67,75.86,1823
2026-06-19T16:30:00+05:30,75.88,76.53,75.85,76,1804
2026-06-19T16:45:00+05:30,75.99,76.1,75.73,76.1,964
2026-06-19T17:00:00+05:30,76.08,76.08,75.75,75.82,566
2026-06-19T17:15:00+05:30,75.81,76.28,75.74,76.01,1182
2026-06-19T17:30:00+05:30,75.98,76.3,75.96,76.09,821
2026-06-19T17:45:00+05:30,76.09,76.35,76.03,76.3,955
2026-06-19T18:00:00+05:30,76.29,76.74,76.27,76.4,2956
2026-06-19T18:15:00+05:30,76.39,76.51,75.25,75.3,4611
2026-06-19T18:30:00+05:30,75.32,75.61,75.06,75.56,3497
2026-06-19T18:45:00+05:30,75.54,75.83,75.43,75.7,1877
2026-06-19T19:00:00+05:30,75.69,75.98,75.66,75.88,1747
2026-06-19T19:15:00+05:30,75.88,76.03,75.55,76,2009
2026-06-19T19:30:00+05:30,76.01,76.2,75.93,76.06,1203
2026-06-19T19:45:00+05:30,76.04,76.15,75.88,76.08,790
2026-06-19T20:00:00+05:30,76.08,76.19,75.93,76.05,757
2026-06-19T20:15:00+05:30,76.04,76.25,75.99,76.19,1075
2026-06-19T20:30:00+05:30,76.2,76.35,76.13,76.28,843
2026-06-19T20:45:00+05:30,76.29,76.43,76.21,76.41,1581
2026-06-19T21:00:00+05:30,76.42,76.66,76.38,76.44,1990
2026-06-19T21:15:00+05:30,76.42,76.6,76.29,76.5,1288
2026-06-19T21:30:00+05:30,76.5,76.68,76.47,76.64,723
2026-06-19T21:45:00+05:30,76.65,76.76,76.44,76.52,844
2026-06-19T22:00:00+05:30,76.49,76.75,76.47,76.75,650
2026-06-19T22:15:00+05:30,76.74,76.77,76.43,76.54,972
2026-06-22T03:30:00+05:30,78,78.14,77.32,77.71,4086
2026-06-22T03:45:00+05:30,77.7,77.81,77.57,77.64,603
2026-06-22T04:00:00+05:30,77.64,77.66,77.34,77.36,552
2026-06-22T04:15:00+05:30,77.35,77.55,77.21,77.46,772
2026-06-22T04:30:00+05:30,77.46,77.69,77.45,77.6,1126
2026-06-22T04:45:00+05:30,77.61,77.75,77.58,77.73,539
2026-06-22T05:00:00+05:30,77.75,77.86,77.61,77.65,640
2026-06-22T05:15:00+05:30,77.65,77.83,77.61,77.68,491
2026-06-22T05:30:00+05:30,77.69,77.82,77.52,77.59,758
2026-06-22T05:45:00+05:30,77.58,77.64,77.13,77.26,923
2026-06-22T06:00:00+05:30,77.25,77.46,77.23,77.36,418
2026-06-22T06:15:00+05:30,77.37,77.69,76.93,77,1372
2026-06-22T06:30:00+05:30,77.02,77.02,76.11,76.41,3113
2026-06-22T06:45:00+05:30,76.41,76.46,75.65,75.73,1755
2026-06-22T07:00:00+05:30,75.74,75.83,75.52,75.56,940
2026-06-22T07:15:00+05:30,75.56,75.78,75.5,75.76,795
2026-06-22T07:30:00+05:30,75.78,75.78,75.41,75.57,819
2026-06-22T07:45:00+05:30,75.54,75.63,75.44,75.49,377
2026-06-22T08:00:00+05:30,75.47,75.47,75.1,75.13,985
2026-06-22T08:15:00+05:30,75.12,75.36,75.01,75.33,806
2026-06-22T08:30:00+05:30,75.35,75.71,75.3,75.71,1055
2026-06-22T08:45:00+05:30,75.69,75.78,75.61,75.76,363
2026-06-22T09:00:00+05:30,75.78,75.85,75.7,75.74,485
2026-06-22T09:15:00+05:30,75.73,75.74,75.56,75.64,407
2026-06-22T09:30:00+05:30,75.65,75.65,75.5,75.58,226
2026-06-22T09:45:00+05:30,75.59,75.71,75.56,75.6,213
2026-06-22T10:00:00+05:30,75.59,75.6,75.45,75.47,280
2026-06-22T10:15:00+05:30,75.47,75.56,75.41,75.41,300
2026-06-22T10:30:00+05:30,75.42,75.42,75.31,75.33,300
2026-06-22T10:45:00+05:30,75.32,75.33,75.08,75.09,464
2026-06-22T11:00:00+05:30,75.07,75.39,75.03,75.36,915
2026-06-22T11:15:00+05:30,75.36,75.41,75.2,75.3,535
2026-06-22T11:30:00+05:30,75.32,75.38,75.12,75.21,595
2026-06-22T11:45:00+05:30,75.22,75.29,74.9,75.15,1084
2026-06-22T12:00:00+05:30,75.15,75.43,75.11,75.35,760
2026-06-22T12:15:00+05:30,75.34,75.48,75.25,75.33,654
2026-06-22T12:30:00+05:30,75.32,75.55,75.2,75.53,1003
2026-06-22T12:45:00+05:30,75.52,75.55,75.36,75.47,544
2026-06-22T13:00:00+05:30,75.45,75.86,75.38,75.81,1386
2026-06-22T13:15:00+05:30,75.82,76.01,75.63,75.64,1110
2026-06-22T13:30:00+05:30,75.63,76.19,75.59,76.04,1439
2026-06-22T13:45:00+05:30,76.06,76.17,75.37,75.41,2516
2026-06-22T14:00:00+05:30,75.41,75.68,75.19,75.28,1417
2026-06-22T14:15:00+05:30,75.27,75.4,75.09,75.23,877
2026-06-22T14:30:00+05:30,75.23,75.48,75.1,75.36,1064
2026-06-22T14:45:00+05:30,75.35,75.43,75.15,75.3,504
2026-06-22T15:00:00+05:30,75.29,75.48,75.11,75.32,796
2026-06-22T15:15:00+05:30,75.32,75.36,75.12,75.35,696
2026-06-22T15:30:00+05:30,75.36,75.43,75.2,75.27,651
2026-06-22T15:45:00+05:30,75.25,75.4,75.19,75.38,578
2026-06-22T16:00:00+05:30,75.37,75.47,75.28,75.37,644
2026-06-22T16:15:00+05:30,75.36,75.37,75.26,75.34,636
2026-06-22T16:30:00+05:30,75.34,75.44,74.63,75.3,3121
2026-06-22T16:45:00+05:30,75.31,75.47,75.27,75.42,935
2026-06-22T17:00:00+05:30,75.43,75.45,75.08,75.12,1078
2026-06-22T17:15:00+05:30,75.13,75.25,74.92,75.01,1450
2026-06-22T17:30:00+05:30,75,75.08,74.83,74.89,1230
2026-06-22T17:45:00+05:30,74.9,74.92,74.5,74.61,2780
2026-06-22T18:00:00+05:30,74.61,74.66,74.43,74.53,1842
2026-06-22T18:15:00+05:30,74.52,74.82,74.48,74.52,2260
2026-06-22T18:30:00+05:30,74.53,75.05,74.3,74.39,5236
2026-06-22T18:45:00+05:30,74.41,74.53,74.13,74.23,3507
2026-06-22T19:00:00+05:30,74.23,74.3,73.8,73.86,6356
2026-06-22T19:15:00+05:30,73.86,73.89,73.5,73.76,5578
2026-06-22T19:30:00+05:30,73.77,73.98,73.57,73.59,3771
2026-06-22T19:45:00+05:30,73.59,73.94,73.51,73.86,3428
2026-06-22T20:00:00+05:30,73.87,74.31,73.86,74.21,3863
2026-06-22T20:15:00+05:30,74.21,74.24,73.84,74.02,2211
2026-06-22T20:30:00+05:30,74.02,74.03,73.37,73.4,4568
2026-06-22T20:45:00+05:30,73.4,73.66,73.27,73.63,5087
2026-06-22T21:00:00+05:30,73.62,73.72,73.24,73.32,3196
2026-06-22T21:15:00+05:30,73.32,73.76,73.3,73.41,2947
2026-06-22T21:30:00+05:30,73.41,73.67,73.37,73.53,2178
2026-06-22T21:45:00+05:30,73.54,73.7,73.54,73.66,1437
2026-06-22T22:00:00+05:30,73.65,73.83,73.64,73.71,1973
2026-06-22T22:15:00+05:30,73.72,73.77,73.54,73.58,2024
2026-06-22T22:30:00+05:30,73.57,73.71,73.51,73.54,1230
2026-06-22T22:45:00+05:30,73.55,73.62,73.45,73.53,1229
2026-06-22T23:00:00+05:30,73.53,73.75,73.39,73.4,2069
2026-06-22T23:15:00+05:30,73.4,73.48,73.29,73.33,2311
2026-06-22T23:30:00+05:30,73.32,73.7,73.32,73.64,3730
2026-06-22T23:45:00+05:30,73.64,73.93,73.57,73.9,9765
2026-06-23T00:00:00+05:30,73.9,73.91,73.68,73.76,2628
2026-06-23T00:15:00+05:30,73.75,74.06,73.74,74.01,1355
2026-06-23T00:30:00+05:30,74.01,74.16,74,74.09,734
2026-06-23T00:45:00+05:30,74.09,74.23,74.06,74.2,949
2026-06-23T01:00:00+05:30,74.2,74.35,74.16,74.29,1181
2026-06-23T01:15:00+05:30,74.29,74.36,74.25,74.27,797
2026-06-23T01:30:00+05:30,74.27,74.3,74.17,74.22,620
2026-06-23T01:45:00+05:30,74.22,74.25,73.99,74.04,593
2026-06-23T02:00:00+05:30,74.03,74.09,73.97,74.04,477
2026-06-23T02:15:00+05:30,74.03,74.11,74,74.08,431
2026-06-23T03:30:00+05:30,74.14,74.25,74.04,74.14,355
2026-06-23T03:45:00+05:30,74.14,74.25,74.1,74.23,180
2026-06-23T04:00:00+05:30,74.24,74.45,74.21,74.32,385
2026-06-23T04:15:00+05:30,74.32,74.33,74.29,74.33,25
2026-06-23T04:30:00+05:30,74.31,74.32,74.13,74.17,237
2026-06-23T04:45:00+05:30,74.16,74.19,74.11,74.16,121
2026-06-23T05:00:00+05:30,74.17,74.2,74.1,74.1,63
2026-06-23T05:15:00+05:30,74.11,74.22,74.1,74.16,83
2026-06-23T05:30:00+05:30,74.18,74.28,74.05,74.17,572
2026-06-23T05:45:00+05:30,74.17,74.23,74.09,74.14,170
2026-06-23T06:00:00+05:30,74.14,74.19,74.05,74.06,224
2026-06-23T06:15:00+05:30,74.05,74.25,74,74.2,298
2026-06-23T06:30:00+05:30,74.21,74.27,73.79,74.02,908
2026-06-23T06:45:00+05:30,74.01,74.24,73.99,74.18,861
2026-06-23T07:00:00+05:30,74.18,74.25,74.11,74.12,213
2026-06-23T07:15:00+05:30,74.13,74.13,73.91,73.92,673
2026-06-23T07:30:00+05:30,73.92,74.07,73.77,74.01,698
2026-06-23T07:45:00+05:30,74,74.08,73.98,74.05,168
2026-06-23T08:00:00+05:30,74.05,74.31,74.03,74.2,513
2026-06-23T08:15:00+05:30,74.21,74.27,73.92,73.92,491
2026-06-23T08:30:00+05:30,73.92,73.92,73.7,73.77,724
2026-06-23T08:45:00+05:30,73.77,73.81,73.59,73.61,703
2026-06-23T09:00:00+05:30,73.63,73.75,73.57,73.64,245
2026-06-23T09:15:00+05:30,73.65,73.66,73.61,73.62,181
2026-06-23T09:30:00+05:30,73.64,73.73,73.62,73.73,95
2026-06-23T09:45:00+05:30,73.73,73.75,73.6,73.62,234
2026-06-23T10:00:00+05:30,73.62,73.77,73.58,73.75,297
2026-06-23T10:15:00+05:30,73.74,73.78,73.61,73.75,266
2026-06-23T10:30:00+05:30,73.73,73.79,73.67,73.68,132
2026-06-23T10:45:00+05:30,73.72,73.76,73.54,73.59,331
2026-06-23T11:00:00+05:30,73.57,73.6,73.28,73.3,868
2026-06-23T11:15:00+05:30,73.29,73.34,73.02,73.1,1236
2026-06-23T11:30:00+05:30,73.08,73.19,72.88,73.14,1961
2026-06-23T11:45:00+05:30,73.12,73.13,72.85,72.87,1206
2026-06-23T12:00:00+05:30,72.88,72.94,72.56,72.75,1646
2026-06-23T12:15:00+05:30,72.75,73.14,72.68,72.92,1064
2026-06-23T12:30:00+05:30,72.94,72.99,72.63,72.81,1131
2026-06-23T12:45:00+05:30,72.81,72.87,72.48,72.53,1057
2026-06-23T13:00:00+05:30,72.55,73.17,72.5,73.08,1214
2026-06-23T13:15:00+05:30,73.07,73.23,73.02,73.17,1470
2026-06-23T13:30:00+05:30,73.17,73.62,73.16,73.48,2041
2026-06-23T13:45:00+05:30,73.48,73.7,73.36,73.64,1704
2026-06-23T14:00:00+05:30,73.64,73.87,73.55,73.56,1379
2026-06-23T14:15:00+05:30,73.57,73.71,73.41,73.45,1013
2026-06-23T14:30:00+05:30,73.44,73.59,73.27,73.42,772
2026-06-23T14:45:00+05:30,73.42,73.67,73.22,73.22,828
2026-06-23T15:00:00+05:30,73.21,73.49,73.17,73.45,692
2026-06-23T15:15:00+05:30,73.47,73.6,73.37,73.51,780
2026-06-23T15:30:00+05:30,73.52,73.6,73.37,73.52,563
2026-06-23T15:45:00+05:30,73.52,73.76,73.44,73.72,918
2026-06-23T16:00:00+05:30,73.72,73.96,73.59,73.77,1226
2026-06-23T16:15:00+05:30,73.79,73.93,73.66,73.9,680
2026-06-23T16:30:00+05:30,73.89,74,73.79,73.81,719
2026-06-23T16:45:00+05:30,73.8,73.98,73.5,73.8,1570
2026-06-23T17:00:00+05:30,73.81,74.07,73.8,73.96,1474
2026-06-23T17:15:00+05:30,73.94,74.03,73.64,73.86,766
2026-06-23T17:30:00+05:30,73.86,73.9,73.44,73.54,1370
2026-06-23T17:45:00+05:30,73.53,73.6,73.22,73.32,1203
2026-06-23T18:00:00+05:30,73.3,73.44,73.21,73.44,969
2026-06-23T18:15:00+05:30,73.42,73.64,73.4,73.61,1376
2026-06-23T18:30:00+05:30,73.62,73.73,73.48,73.49,2400
2026-06-23T18:45:00+05:30,73.49,73.52,72.99,73.08,2544
2026-06-23T19:00:00+05:30,73.07,73.25,72.87,73.21,3272
2026-06-23T19:15:00+05:30,73.21,73.31,72.91,72.98,2948
2026-06-23T19:30:00+05:30,72.98,73,72.6,72.72,4423
2026-06-23T19:45:00+05:30,72.73,72.76,72.52,72.6,3325
2026-06-23T20:00:00+05:30,72.61,73.28,72.61,73.23,7038
2026-06-23T20:15:00+05:30,73.22,73.39,72.89,73.17,3108
2026-06-23T20:30:00+05:30,73.16,73.48,73.16,73.21,2514
2026-06-23T20:45:00+05:30,73.2,73.38,73.02,73.12,2251
2026-06-23T21:00:00+05:30,73.11,73.12,72.72,73.06,2877
2026-06-23T21:15:00+05:30,73.05,73.22,72.86,73,1059
2026-06-23T21:30:00+05:30,72.99,73.17,72.99,73.01,1116
2026-06-23T21:45:00+05:30,73.01,73.26,73.01,73.09,1558
2026-06-23T22:00:00+05:30,73.08,73.1,72.84,72.93,1633
2026-06-23T22:15:00+05:30,72.93,73.08,72.83,72.97,1322
2026-06-23T22:30:00+05:30,72.98,73.3,72.98,73.23,2179
2026-06-23T22:45:00+05:30,73.22,73.3,73.15,73.25,1377
2026-06-23T23:00:00+05:30,73.25,73.32,73.02,73.04,2324
2026-06-23T23:15:00+05:30,73.05,73.23,72.99,73.04,2381
2026-06-23T23:30:00+05:30,73.04,73.43,73.04,73.23,3585
2026-06-23T23:45:00+05:30,73.24,73.29,73.04,73.28,6226
2026-06-24T00:00:00+05:30,73.28,73.34,73.17,73.2,1450
2026-06-24T00:15:00+05:30,73.2,73.41,73.19,73.36,987
2026-06-24T00:30:00+05:30,73.36,73.37,73.23,73.24,562
2026-06-24T00:45:00+05:30,73.24,73.42,73.23,73.36,567
2026-06-24T01:00:00+05:30,73.37,73.42,73.32,73.37,355
2026-06-24T01:15:00+05:30,73.37,73.4,73.27,73.32,669
2026-06-24T01:30:00+05:30,73.32,73.51,73.3,73.35,657
2026-06-24T01:45:00+05:30,73.35,73.42,73.29,73.31,223
2026-06-24T02:00:00+05:30,73.3,73.35,73.16,73.16,337
2026-06-24T02:15:00+05:30,73.16,73.18,73.02,73.05,791
2026-06-24T03:30:00+05:30,73.13,73.18,73.05,73.1,241
2026-06-24T03:45:00+05:30,73.1,73.14,73.09,73.13,39
2026-06-24T04:00:00+05:30,73.12,73.13,73,73.04,99
2026-06-24T04:15:00+05:30,73.02,73.04,72.88,72.95,172
2026-06-24T04:30:00+05:30,72.96,72.97,72.85,72.91,231
2026-06-24T04:45:00+05:30,72.91,72.95,72.85,72.88,134
2026-06-24T05:00:00+05:30,72.88,72.89,72.67,72.75,547
2026-06-24T05:15:00+05:30,72.76,72.78,72.63,72.69,245
2026-06-24T05:30:00+05:30,72.7,72.87,72.66,72.82,854
2026-06-24T05:45:00+05:30,72.82,72.96,72.79,72.89,283
2026-06-24T06:00:00+05:30,72.88,72.89,72.75,72.84,217
2026-06-24T06:15:00+05:30,72.84,72.89,72.75,72.82,257
2026-06-24T06:30:00+05:30,72.82,72.87,72.34,72.48,1627
2026-06-24T06:45:00+05:30,72.48,73.02,72.48,73.02,1005
2026-06-24T07:00:00+05:30,73.01,73.07,72.82,72.9,605
2026-06-24T07:15:00+05:30,72.89,72.96,72.59,72.67,561
2026-06-24T07:30:00+05:30,72.68,72.91,72.66,72.82,441
2026-06-24T07:45:00+05:30,72.82,72.88,72.75,72.76,130
2026-06-24T08:00:00+05:30,72.75,72.75,72.38,72.51,1256
2026-06-24T08:15:00+05:30,72.53,72.59,72.16,72.17,842
2026-06-24T08:30:00+05:30,72.19,72.44,72.07,72.42,905
2026-06-24T08:45:00+05:30,72.42,72.43,72.31,72.38,264
2026-06-24T09:00:00+05:30,72.38,72.45,72.33,72.4,285
2026-06-24T09:15:00+05:30,72.39,72.48,72.39,72.43,149
2026-06-24T09:30:00+05:30,72.43,72.62,72.42,72.59,269
2026-06-24T09:45:00+05:30,72.6,72.77,72.57,72.68,390
2026-06-24T10:00:00+05:30,72.67,72.71,72.61,72.66,98
2026-06-24T10:15:00+05:30,72.66,72.67,72.59,72.66,78
2026-06-24T10:30:00+05:30,72.66,72.78,72.59,72.62,203
2026-06-24T10:45:00+05:30,72.66,72.7,72.6,72.67,103
2026-06-24T11:00:00+05:30,72.67,72.73,72.54,72.61,299
2026-06-24T11:15:00+05:30,72.6,72.62,72.43,72.5,317
2026-06-24T11:30:00+05:30,72.5,73.17,72.49,72.84,1926
2026-06-24T11:45:00+05:30,72.83,72.84,72.53,72.66,714
2026-06-24T12:00:00+05:30,72.66,72.67,72.46,72.61,824
2026-06-24T12:15:00+05:30,72.62,72.67,72.49,72.61,548
2026-06-24T12:30:00+05:30,72.6,72.62,72.12,72.3,1549
2026-06-24T12:45:00+05:30,72.3,72.4,72.09,72.2,962
2026-06-24T13:00:00+05:30,72.21,72.35,72.03,72.15,1099
2026-06-24T13:15:00+05:30,72.16,72.33,71.92,71.96,1460
2026-06-24T13:30:00+05:30,71.96,72.06,71.8,71.92,1819
2026-06-24T13:45:00+05:30,71.92,71.99,71.75,71.78,1958
2026-06-24T14:00:00+05:30,71.76,72.05,71.69,71.91,1506
2026-06-24T14:15:00+05:30,71.92,72.13,71.9,72.04,814
2026-06-24T14:30:00+05:30,72.06,72.09,71.63,71.72,1821
2026-06-24T14:45:00+05:30,71.72,71.83,71.55,71.71,1260
2026-06-24T15:00:00+05:30,71.71,71.95,71.69,71.88,847
2026-06-24T15:15:00+05:30,71.88,72.14,71.8,71.99,1315
2026-06-24T15:30:00+05:30,72,72.28,71.89,71.93,890
2026-06-24T15:45:00+05:30,71.94,72.2,71.87,72.01,717
2026-06-24T16:00:00+05:30,72,72.15,71.72,71.76,1093
2026-06-24T16:15:00+05:30,71.76,71.85,71.72,71.82,577
2026-06-24T16:30:00+05:30,71.83,71.89,71.7,71.84,626
2026-06-24T16:45:00+05:30,71.83,71.87,71.39,71.47,1736
2026-06-24T17:00:00+05:30,71.45,71.74,71.38,71.45,2012
2026-06-24T17:15:00+05:30,71.44,71.45,70.92,70.94,4491
2026-06-24T17:30:00+05:30,70.95,71.13,70.91,71.12,1958
2026-06-24T17:45:00+05:30,71.12,71.16,70.84,71.11,2647
2026-06-24T18:00:00+05:30,71.09,71.16,70.93,71.03,1546
2026-06-24T18:15:00+05:30,71.02,71.21,71.01,71.03,1761
2026-06-24T18:30:00+05:30,71.04,71.07,70.36,70.51,7592
2026-06-24T18:45:00+05:30,70.51,70.51,70.02,70.05,7042
2026-06-24T19:00:00+05:30,70.05,70.21,69.84,70.02,8939
2026-06-24T19:15:00+05:30,70.01,70.28,69.67,69.77,5609
2026-06-24T19:30:00+05:30,69.76,70.1,69.63,69.99,5380
2026-06-24T19:45:00+05:30,69.98,70.38,69.98,70.17,3988
2026-06-24T20:00:00+05:30,70.19,70.25,69.98,69.98,3000
2026-06-24T20:15:00+05:30,69.98,70.04,69.72,69.87,3011
2026-06-24T20:30:00+05:30,69.87,69.94,69.68,69.75,2626
2026-06-24T20:45:00+05:30,69.75,70.07,69.72,70.02,4238
2026-06-24T21:00:00+05:30,70.01,70.5,69.9,70.29,4001
2026-06-24T21:15:00+05:30,70.3,70.58,70.28,70.49,4068
2026-06-24T21:30:00+05:30,70.49,70.59,70.28,70.39,2648
2026-06-24T21:45:00+05:30,70.39,70.71,70.37,70.64,2241
2026-06-24T22:00:00+05:30,70.63,70.96,70.6,70.66,2761
2026-06-24T22:15:00+05:30,70.66,70.72,70.45,70.52,1999
2026-06-24T22:30:00+05:30,70.53,70.66,70.42,70.42,1724
2026-06-24T22:45:00+05:30,70.43,70.45,70.14,70.22,2971
2026-06-24T23:00:00+05:30,70.21,70.5,70.05,70.43,3090
2026-06-24T23:15:00+05:30,70.42,70.51,70.34,70.48,1542
2026-06-24T23:30:00+05:30,70.48,70.52,70.16,70.33,2963
2026-06-24T23:45:00+05:30,70.33,70.44,70.12,70.42,8104
2026-06-25T00:00:00+05:30,70.42,70.44,70.08,70.19,2919
2026-06-25T00:15:00+05:30,70.19,70.2,69.91,69.95,1742
2026-06-25T00:30:00+05:30,69.95,70.01,69.9,69.98,932
2026-06-25T00:45:00+05:30,69.98,70.1,69.91,70.08,1006
2026-06-25T01:00:00+05:30,70.09,70.13,69.96,70.13,1083
2026-06-25T01:15:00+05:30,70.12,70.12,70,70.04,1073
2026-06-25T01:30:00+05:30,70.04,70.04,69.78,69.79,973
2026-06-25T01:45:00+05:30,69.8,69.87,69.76,69.86,400
2026-06-25T02:00:00+05:30,69.87,69.9,69.8,69.89,436
2026-06-25T02:15:00+05:30,69.89,69.9,69.79,69.87,530
2026-06-25T03:30:00+05:30,69.95,70.03,69.66,69.86,411
2026-06-25T03:45:00+05:30,69.87,69.89,69.83,69.84,97
2026-06-25T04:00:00+05:30,69.83,69.94,69.79,69.9,143
2026-06-25T04:15:00+05:30,69.9,69.9,69.84,69.88,71
2026-06-25T04:30:00+05:30,69.87,69.94,69.86,69.89,131
2026-06-25T04:45:00+05:30,69.87,69.98,69.86,69.95,62
2026-06-25T05:00:00+05:30,69.96,70,69.89,69.89,98
2026-06-25T05:15:00+05:30,69.9,70.02,69.9,70,180
2026-06-25T05:30:00+05:30,70,70.12,69.95,70.1,606
2026-06-25T05:45:00+05:30,70.12,70.15,70.02,70.12,205
2026-06-25T06:00:00+05:30,70.1,70.21,70.1,70.12,265
2026-06-25T06:15:00+05:30,70.1,70.1,69.94,69.98,422
2026-06-25T06:30:00+05:30,70,70.07,69.33,69.47,2551
2026-06-25T06:45:00+05:30,69.46,69.83,69.42,69.43,806
2026-06-25T07:00:00+05:30,69.41,69.45,69.2,69.23,866
2026-06-25T07:15:00+05:30,69.23,69.36,69.11,69.34,494
2026-06-25T07:30:00+05:30,69.34,69.38,69.05,69.2,703
2026-06-25T07:45:00+05:30,69.2,69.27,69.11,69.16,524
2026-06-25T08:00:00+05:30,69.16,69.42,69.12,69.37,599
2026-06-25T08:15:00+05:30,69.39,69.5,69.33,69.37,336
2026-06-25T08:30:00+05:30,69.4,69.42,69.06,69.17,657
2026-06-25T08:45:00+05:30,69.18,69.39,69.07,69.18,985
2026-06-25T09:00:00+05:30,69.16,69.33,69.16,69.25,276
2026-06-25T09:15:00+05:30,69.25,69.33,69.23,69.33,147
2026-06-25T09:30:00+05:30,69.32,69.43,69.26,69.33,346
2026-06-25T09:45:00+05:30,69.34,69.42,69.31,69.36,129
2026-06-25T10:00:00+05:30,69.36,69.51,69.33,69.42,300
2026-06-25T10:15:00+05:30,69.42,69.56,69.42,69.49,237
2026-06-25T10:30:00+05:30,69.49,69.49,69.36,69.48,243
2026-06-25T10:45:00+05:30,69.48,69.51,69.43,69.49,246
2026-06-25T11:00:00+05:30,69.49,69.61,69.37,69.37,636
2026-06-25T11:15:00+05:30,69.39,69.45,69.21,69.38,635
2026-06-25T11:30:00+05:30,69.36,69.64,69.24,69.63,637
2026-06-25T11:45:00+05:30,69.63,69.76,69.45,69.73,944
2026-06-25T12:00:00+05:30,69.74,69.82,69.48,69.49,949
2026-06-25T12:15:00+05:30,69.48,69.66,69.41,69.59,501
2026-06-25T12:30:00+05:30,69.57,69.9,69.42,69.88,900
2026-06-25T12:45:00+05:30,69.86,70.01,69.66,69.7,1554
2026-06-25T13:00:00+05:30,69.71,69.8,69.58,69.71,982
2026-06-25T13:15:00+05:30,69.7,70.06,69.69,69.97,1856
2026-06-25T13:30:00+05:30,69.96,70.06,69.67,69.93,1371
2026-06-25T13:45:00+05:30,69.93,69.95,69.43,69.5,2296
2026-06-25T14:00:00+05:30,69.49,69.7,69.04,69.25,2353
2026-06-25T14:15:00+05:30,69.25,69.45,69.16,69.21,1170
2026-06-25T14:30:00+05:30,69.21,69.4,68.9,69.05,1908
2026-06-25T14:45:00+05:30,69.07,69.65,68.92,69.38,1892
2026-06-25T15:00:00+05:30,69.38,69.6,69.34,69.48,909
2026-06-25T15:15:00+05:30,69.47,69.6,69.4,69.58,874
2026-06-25T15:30:00+05:30,69.57,69.66,69.47,69.59,626
2026-06-25T15:45:00+05:30,69.6,69.63,69.43,69.53,724
2026-06-25T16:00:00+05:30,69.52,69.6,69.48,69.59,624
2026-06-25T16:15:00+05:30,69.59,69.68,69.37,69.42,870
2026-06-25T16:30:00+05:30,69.4,69.5,69.27,69.45,1040
2026-06-25T16:45:00+05:30,69.45,69.7,69.45,69.7,1387
2026-06-25T17:00:00+05:30,69.69,69.85,69.66,69.77,1273
2026-06-25T17:15:00+05:30,69.78,69.95,69.71,69.81,1092
2026-06-25T17:30:00+05:30,69.8,69.83,69.61,69.65,1767
2026-06-25T17:45:00+05:30,69.66,69.94,69.59,69.92,1703
2026-06-25T18:00:00+05:30,69.92,69.95,69.36,69.47,2319
2026-06-25T18:15:00+05:30,69.47,69.7,69.32,69.55,2550
2026-06-25T18:30:00+05:30,69.54,70.07,69.45,70.05,4248
2026-06-25T18:45:00+05:30,70.04,70.19,69.87,69.88,3148
2026-06-25T19:00:00+05:30,69.88,70.03,69.75,70.03,2531
2026-06-25T19:15:00+05:30,70.03,70.48,69.95,70.46,3549
2026-06-25T19:30:00+05:30,70.44,70.66,70.35,70.59,5078
2026-06-25T19:45:00+05:30,70.57,70.98,70.4,70.95,3301
2026-06-25T20:00:00+05:30,70.94,70.96,70.61,70.86,4135
2026-06-25T20:15:00+05:30,70.85,70.85,70.54,70.81,3035
2026-06-25T20:30:00+05:30,70.82,71.71,70.77,71.57,8591
2026-06-25T20:45:00+05:30,71.59,71.76,71.34,71.35,4662
2026-06-25T21:00:00+05:30,71.34,71.47,71.21,71.36,3904
2026-06-25T21:15:00+05:30,71.36,71.53,71.24,71.43,2339
2026-06-25T21:30:00+05:30,71.45,71.69,71.45,71.64,2291
2026-06-25T21:45:00+05:30,71.64,71.69,71.51,71.61,1619
2026-06-25T22:00:00+05:30,71.6,71.68,71.44,71.47,2005
2026-06-25T22:15:00+05:30,71.48,71.58,71.41,71.55,1941
2026-06-25T22:30:00+05:30,71.55,71.63,71.29,71.55,1964
2026-06-25T22:45:00+05:30,71.54,71.84,71.47,71.52,2798
2026-06-25T23:00:00+05:30,71.51,71.64,71.43,71.56,1559
2026-06-25T23:15:00+05:30,71.56,71.79,71.48,71.78,2284
2026-06-25T23:30:00+05:30,71.79,72.09,71.77,71.91,3897
2026-06-25T23:45:00+05:30,71.91,71.99,71.73,71.96,6600
2026-06-26T00:00:00+05:30,71.96,72.23,71.96,72.03,3858
2026-06-26T00:15:00+05:30,72.04,72.16,72.02,72.13,1646
2026-06-26T00:30:00+05:30,72.14,72.36,72.12,72.33,1083
2026-06-26T00:45:00+05:30,72.33,72.5,72.26,72.3,1599
2026-06-26T01:00:00+05:30,72.3,72.31,72.06,72.1,1263
2026-06-26T01:15:00+05:30,72.11,72.13,71.9,72.03,1700
2026-06-26T01:30:00+05:30,72.03,72.18,71.95,72.05,470
2026-06-26T01:45:00+05:30,72.04,72.05,71.77,71.78,409
2026-06-26T02:00:00+05:30,71.78,71.81,71.59,71.64,1013
2026-06-26T02:15:00+05:30,71.62,71.62,71.38,71.47,872
2026-06-26T03:30:00+05:30,71.44,71.61,71.39,71.44,348
2026-06-26T03:45:00+05:30,71.44,71.49,71.27,71.36,336
2026-06-26T04:00:00+05:30,71.33,71.49,71.33,71.49,96
2026-06-26T04:15:00+05:30,71.45,71.51,71.45,71.5,51
2026-06-26T04:30:00+05:30,71.52,71.52,71.43,71.46,182
2026-06-26T04:45:00+05:30,71.47,71.56,71.46,71.5,155
2026-06-26T05:00:00+05:30,71.49,71.53,71.46,71.49,58
2026-06-26T05:15:00+05:30,71.5,71.56,71.5,71.52,121
2026-06-26T05:30:00+05:30,71.53,71.66,71.43,71.61,510
2026-06-26T05:45:00+05:30,71.6,71.86,71.58,71.71,728
2026-06-26T06:00:00+05:30,71.71,71.74,71.55,71.59,224
2026-06-26T06:15:00+05:30,71.58,71.82,71.58,71.8,189
2026-06-26T06:30:00+05:30,71.81,71.84,71.5,71.51,1047
2026-06-26T06:45:00+05:30,71.5,71.68,71.45,71.57,400
2026-06-26T07:00:00+05:30,71.56,71.58,71.41,71.43,365
2026-06-26T07:15:00+05:30,71.44,71.44,71.21,71.24,693
2026-06-26T07:30:00+05:30,71.24,71.29,71.14,71.25,450
2026-06-26T07:45:00+05:30,71.27,71.28,71.13,71.2,403
2026-06-26T08:00:00+05:30,71.18,71.18,71.03,71.13,524
2026-06-26T08:15:00+05:30,71.12,71.12,70.79,70.82,991
2026-06-26T08:30:00+05:30,70.81,70.82,70.6,70.69,709
2026-06-26T08:45:00+05:30,70.7,70.71,70.53,70.68,570
2026-06-26T09:00:00+05:30,70.69,70.75,70.57,70.57,334
2026-06-26T09:15:00+05:30,70.57,70.6,70.48,70.59,268
2026-06-26T09:30:00+05:30,70.6,70.65,70.42,70.52,481
2026-06-26T09:45:00+05:30,70.53,70.54,70.43,70.46,290
2026-06-26T10:00:00+05:30,70.49,70.53,70.41,70.45,237
2026-06-26T10:15:00+05:30,70.45,70.49,70.39,70.41,198
2026-06-26T10:30:00+05:30,70.4,70.44,70.34,70.41,407
2026-06-26T10:45:00+05:30,70.41,70.51,70.38,70.48,251
2026-06-26T11:00:00+05:30,70.47,70.77,70.39,70.71,721
2026-06-26T11:15:00+05:30,70.71,70.94,70.67,70.88,723
2026-06-26T11:30:00+05:30,70.88,70.91,70.63,70.64,582
2026-06-26T11:45:00+05:30,70.66,70.77,70.64,70.67,489
2026-06-26T12:00:00+05:30,70.67,70.67,70.49,70.57,761
2026-06-26T12:15:00+05:30,70.57,70.62,70.34,70.49,621
2026-06-26T12:30:00+05:30,70.48,70.53,70.29,70.32,1081
2026-06-26T12:45:00+05:30,70.31,70.39,70.21,70.21,1144
2026-06-26T13:00:00+05:30,70.2,70.4,70.09,70.15,920
2026-06-26T13:15:00+05:30,70.14,70.14,69.82,69.87,1434
2026-06-26T13:30:00+05:30,69.88,70.16,69.73,70.13,1789
2026-06-26T13:45:00+05:30,70.12,70.17,69.03,69.11,3930
2026-06-26T14:00:00+05:30,69.13,69.48,68.98,69.43,3094
2026-06-26T14:15:00+05:30,69.43,69.48,69.26,69.29,982
2026-06-26T14:30:00+05:30,69.29,69.51,69.23,69.45,775
2026-06-26T14:45:00+05:30,69.44,69.51,69.21,69.35,1352
2026-06-26T15:00:00+05:30,69.34,69.5,69.27,69.32,743
2026-06-26T15:15:00+05:30,69.31,69.36,69.02,69.08,2079
2026-06-26T15:30:00+05:30,69.07,69.24,68.96,69.23,1992
2026-06-26T15:45:00+05:30,69.23,69.42,69.16,69.3,869
2026-06-26T16:00:00+05:30,69.29,69.48,69.1,69.41,1296
2026-06-26T16:15:00+05:30,69.4,69.6,69.37,69.52,1446
2026-06-26T16:30:00+05:30,69.51,69.75,69.5,69.7,1594
2026-06-26T16:45:00+05:30,69.69,69.8,69.6,69.72,1153
2026-06-26T17:00:00+05:30,69.72,70.1,69.7,70.1,1707
2026-06-26T17:15:00+05:30,70.09,70.34,70.07,70.08,2957
2026-06-26T17:30:00+05:30,70.08,70.12,69.67,69.78,2863
2026-06-26T17:45:00+05:30,69.78,69.91,69.63,69.69,1714
2026-06-26T18:00:00+05:30,69.69,69.74,69.46,69.51,1734
2026-06-26T18:15:00+05:30,69.5,69.56,69.36,69.38,2082
2026-06-26T18:30:00+05:30,69.38,69.81,69.33,69.55,2774
2026-06-26T18:45:00+05:30,69.57,70.58,69.54,69.74,10557
2026-06-26T19:00:00+05:30,69.75,69.95,69.52,69.73,4483
2026-06-26T19:15:00+05:30,69.72,69.81,69.18,69.4,4776
2026-06-26T19:30:00+05:30,69.4,69.52,69.15,69.31,3702
2026-06-26T19:45:00+05:30,69.3,69.32,68.92,69.18,3797
2026-06-26T20:00:00+05:30,69.19,69.26,68.85,68.95,3095
2026-06-26T20:15:00+05:30,68.95,69.24,68.84,69.21,4515
2026-06-26T20:30:00+05:30,69.21,69.26,68.58,68.8,4873
2026-06-26T20:45:00+05:30,68.78,68.89,68.56,68.75,3534
2026-06-26T21:00:00+05:30,68.75,69.06,68.65,69.04,2957
2026-06-26T21:15:00+05:30,69.04,69.52,68.8,69.09,8273
2026-06-26T21:30:00+05:30,69.09,69.19,68.93,68.98,2673
2026-06-26T21:45:00+05:30,68.99,69.23,68.95,69.01,2380
2026-06-26T22:00:00+05:30,69,69.29,68.85,69.27,2919
2026-06-26T22:15:00+05:30,69.28,69.36,69.06,69.3,2477
2026-06-26T22:30:00+05:30,69.31,69.33,69.04,69.1,1621
2026-06-26T22:45:00+05:30,69.1,69.32,69.03,69.31,1456
2026-06-26T23:00:00+05:30,69.32,69.52,69.31,69.35,2291
2026-06-26T23:15:00+05:30,69.34,69.4,69.23,69.27,1518
2026-06-26T23:30:00+05:30,69.27,69.38,69.21,69.34,1746
2026-06-26T23:45:00+05:30,69.36,69.38,69.11,69.24,5689
2026-06-27T00:00:00+05:30,69.24,69.25,69.08,69.13,1774
2026-06-27T00:15:00+05:30,69.12,69.2,69.07,69.12,962
2026-06-27T00:30:00+05:30,69.12,69.12,69.01,69.1,689
2026-06-27T00:45:00+05:30,69.09,69.24,69.02,69.2,1227
2026-06-27T01:00:00+05:30,69.2,69.43,69.2,69.42,877
2026-06-27T01:15:00+05:30,69.41,69.62,69.39,69.51,1712
2026-06-27T01:30:00+05:30,69.49,69.52,69.37,69.41,1087
2026-06-27T01:45:00+05:30,69.4,69.56,69.4,69.54,400
2026-06-27T02:00:00+05:30,69.56,70.26,69.54,69.85,4694
2026-06-27T02:15:00+05:30,69.82,70.39,69.8,70.24,1501
2026-06-29T03:30:00+05:30,70.5,70.97,69.78,70.12,4238
2026-06-29T03:45:00+05:30,70.14,70.37,70.08,70.34,1111
2026-06-29T04:00:00+05:30,70.37,70.39,70.12,70.15,277
2026-06-29T04:15:00+05:30,70.15,70.16,70.02,70.04,333
2026-06-29T04:30:00+05:30,70.05,70.1,69.88,69.97,563
2026-06-29T04:45:00+05:30,69.99,70,69.84,69.86,547
2026-06-29T05:00:00+05:30,69.88,69.93,69.78,69.78,195
2026-06-29T05:15:00+05:30,69.8,69.81,69.66,69.76,494
2026-06-29T05:30:00+05:30,69.75,69.77,69.32,69.45,1177
2026-06-29T05:45:00+05:30,69.46,69.81,69.43,69.79,524
2026-06-29T06:00:00+05:30,69.79,69.97,69.74,69.92,845
2026-06-29T06:15:00+05:30,69.92,70.05,69.84,69.85,476
2026-06-29T06:30:00+05:30,69.86,70.23,69.74,70.19,1238
2026-06-29T06:45:00+05:30,70.19,70.28,70.08,70.13,675
2026-06-29T07:00:00+05:30,70.11,70.2,70.03,70.04,390
2026-06-29T07:15:00+05:30,70.04,70.11,69.95,70,525
2026-06-29T07:30:00+05:30,70,70.11,69.95,69.98,352
2026-06-29T07:45:00+05:30,70,70.08,69.97,70.04,173
2026-06-29T08:00:00+05:30,70.02,70.08,69.78,69.88,591
2026-06-29T08:15:00+05:30,69.87,69.98,69.81,69.96,366
2026-06-29T08:30:00+05:30,69.95,70.1,69.9,70.07,335
2026-06-29T08:45:00+05:30,70.06,70.08,69.92,70.01,227
2026-06-29T09:00:00+05:30,70,70.03,69.92,69.93,285
2026-06-29T09:15:00+05:30,69.93,70.09,69.92,70.05,272
2026-06-29T09:30:00+05:30,70.06,70.13,70.02,70.06,208
2026-06-29T09:45:00+05:30,70.05,70.1,70,70.04,180
2026-06-29T10:00:00+05:30,70.02,70.05,69.97,69.99,200
2026-06-29T10:15:00+05:30,69.98,70.05,69.95,69.95,135
2026-06-29T10:30:00+05:30,69.95,69.97,69.66,69.7,544
2026-06-29T10:45:00+05:30,69.7,69.88,69.7,69.77,210
2026-06-29T11:00:00+05:30,69.75,69.78,69.47,69.5,715
2026-06-29T11:15:00+05:30,69.5,69.64,69.42,69.51,414
2026-06-29T11:30:00+05:30,69.49,69.83,69.46,69.73,569
2026-06-29T11:45:00+05:30,69.73,70.08,69.66,70.07,635
2026-06-29T12:00:00+05:30,70.08,70.29,70.08,70.22,780
2026-06-29T12:15:00+05:30,70.23,70.25,69.85,69.95,974
2026-06-29T12:30:00+05:30,69.94,69.99,69.83,69.87,991
2026-06-29T12:45:00+05:30,69.87,70.01,69.76,69.95,791
2026-06-29T13:00:00+05:30,69.93,70.01,69.61,69.66,615
2026-06-29T13:15:00+05:30,69.67,69.77,69.48,69.52,836
2026-06-29T13:30:00+05:30,69.52,69.92,69.48,69.85,1088
2026-06-29T13:45:00+05:30,69.86,70.23,69.79,70.16,1634
2026-06-29T14:00:00+05:30,70.16,70.24,69.94,70.07,1405
2026-06-29T14:15:00+05:30,70.07,70.27,69.93,70.14,1516
2026-06-29T14:30:00+05:30,70.13,70.2,69.97,70.02,1061
2026-06-29T14:45:00+05:30,70.01,70.36,69.91,70.33,1239
2026-06-29T15:00:00+05:30,70.34,70.52,70.3,70.37,1184
2026-06-29T15:15:00+05:30,70.36,70.73,70.35,70.61,1488
2026-06-29T15:30:00+05:30,70.6,70.62,69.99,70.06,1670
2026-06-29T15:45:00+05:30,70.07,70.11,69.86,69.99,676
2026-06-29T16:00:00+05:30,69.99,70.11,69.86,69.9,903
2026-06-29T16:15:00+05:30,69.89,69.99,69.79,69.85,695
2026-06-29T16:30:00+05:30,69.86,69.87,69.68,69.79,1342
2026-06-29T16:45:00+05:30,69.79,70.03,69.79,70.01,1859
2026-06-29T17:00:00+05:30,70.02,70.08,69.61,69.83,2551
2026-06-29T17:15:00+05:30,69.85,69.99,69.7,69.97,1077
2026-06-29T17:30:00+05:30,69.96,70.08,69.7,69.89,1505
2026-06-29T17:45:00+05:30,69.88,70.14,69.88,70.13,1333
2026-06-29T18:00:00+05:30,70.13,70.18,69.95,69.98,1676
2026-06-29T18:15:00+05:30,69.98,70.1,69.83,70.03,1379
2026-06-29T18:30:00+05:30,70.04,70.16,69.88,70.06,2621
2026-06-29T18:45:00+05:30,70.07,70.28,69.96,70.26,1882
2026-06-29T19:00:00+05:30,70.27,70.3,69.97,70.07,2009
2026-06-29T19:15:00+05:30,70.08,70.28,70.03,70.07,1914
2026-06-29T19:30:00+05:30,70.09,70.26,69.95,70.22,2507
2026-06-29T19:45:00+05:30,70.21,70.46,70.17,70.44,3591
2026-06-29T20:00:00+05:30,70.43,70.51,70.28,70.36,2044
2026-06-29T20:15:00+05:30,70.36,70.59,70.31,70.47,1963
2026-06-29T20:30:00+05:30,70.48,70.52,70.26,70.5,2047
2026-06-29T20:45:00+05:30,70.5,70.53,70.37,70.48,1937
2026-06-29T21:00:00+05:30,70.46,70.64,70.41,70.58,2059
2026-06-29T21:15:00+05:30,70.58,70.7,70.53,70.59,2076
2026-06-29T21:30:00+05:30,70.59,70.82,70.55,70.68,1896
2026-06-29T21:45:00+05:30,70.69,70.84,70.64,70.82,1248
2026-06-29T22:00:00+05:30,70.82,71.01,70.79,70.99,2325
2026-06-29T22:15:00+05:30,70.99,71.04,70.77,70.81,2391
2026-06-29T22:30:00+05:30,70.81,70.94,70.67,70.92,2265
2026-06-29T22:45:00+05:30,70.92,71.15,70.85,70.89,2644
2026-06-29T23:00:00+05:30,70.89,71.03,70.84,70.93,1841
2026-06-29T23:15:00+05:30,70.92,70.93,70.83,70.91,1024
2026-06-29T23:30:00+05:30,70.9,71,70.8,70.82,2053
2026-06-29T23:45:00+05:30,70.84,70.92,70.48,70.82,5960
2026-06-30T00:00:00+05:30,70.81,70.84,70.6,70.61,1759
2026-06-30T00:15:00+05:30,70.6,70.62,70.45,70.46,1072
2026-06-30T00:30:00+05:30,70.47,70.55,70.46,70.51,602
2026-06-30T00:45:00+05:30,70.5,70.52,70.41,70.42,554
2026-06-30T01:00:00+05:30,70.42,70.5,70.38,70.42,474
2026-06-30T01:15:00+05:30,70.43,70.55,70.36,70.52,1207
2026-06-30T01:30:00+05:30,70.53,70.57,70.51,70.51,348
2026-06-30T01:45:00+05:30,70.5,70.55,70.47,70.48,399
2026-06-30T02:00:00+05:30,70.49,70.61,70.47,70.48,385
2026-06-30T02:15:00+05:30,70.48,70.51,70.41,70.42,416
2026-06-30T03:30:00+05:30,70.43,70.5,70.31,70.33,241
2026-06-30T03:45:00+05:30,70.3,70.41,70.25,70.38,147
2026-06-30T04:00:00+05:30,70.38,70.39,70.28,70.33,44
2026-06-30T04:15:00+05:30,70.3,70.31,70.25,70.28,49
2026-06-30T04:30:00+05:30,70.29,70.3,70.19,70.19,137
2026-06-30T04:45:00+05:30,70.21,70.32,70.19,70.31,90
2026-06-30T05:00:00+05:30,70.29,70.29,70.14,70.16,111
2026-06-30T05:15:00+05:30,70.17,70.22,70.15,70.15,110
2026-06-30T05:30:00+05:30,70.15,70.35,70.15,70.3,519
2026-06-30T05:45:00+05:30,70.3,70.4,70.27,70.35,241
2026-06-30T06:00:00+05:30,70.34,70.34,70.19,70.22,203
2026-06-30T06:15:00+05:30,70.21,70.35,70.21,70.3,392
2026-06-30T06:30:00+05:30,70.3,70.42,70.11,70.22,618
2026-06-30T06:45:00+05:30,70.24,70.28,70.16,70.22,302
2026-06-30T07:00:00+05:30,70.18,70.38,70.15,70.33,249
2026-06-30T07:15:00+05:30,70.31,70.4,70.28,70.3,139
2026-06-30T07:30:00+05:30,70.33,70.48,70.3,70.43,376
2026-06-30T07:45:00+05:30,70.45,70.45,70.35,70.43,140
2026-06-30T08:00:00+05:30,70.45,70.47,70.36,70.39,134
2026-06-30T08:15:00+05:30,70.4,70.87,70.4,70.68,1070
2026-06-30T08:30:00+05:30,70.69,70.74,70.57,70.68,275
2026-06-30T08:45:00+05:30,70.69,70.69,70.46,70.46,425
2026-06-30T09:00:00+05:30,70.48,70.6,70.36,70.37,292
2026-06-30T09:15:00+05:30,70.37,70.41,70.31,70.38,240
2026-06-30T09:30:00+05:30,70.37,70.45,70.36,70.43,136
2026-06-30T09:45:00+05:30,70.43,70.48,70.28,70.28,170
2026-06-30T10:00:00+05:30,70.27,70.32,70.23,70.24,264
2026-06-30T10:15:00+05:30,70.25,70.28,70.21,70.22,141
2026-06-30T10:30:00+05:30,70.21,70.22,69.93,70.22,967
2026-06-30T10:45:00+05:30,70.21,70.23,70.16,70.23,176
2026-06-30T11:00:00+05:30,70.22,70.34,70.08,70.33,644
2026-06-30T11:15:00+05:30,70.33,70.37,70.07,70.11,336
2026-06-30T11:30:00+05:30,70.1,70.13,69.97,70.04,759
2026-06-30T11:45:00+05:30,70.04,70.05,69.81,69.84,869
2026-06-30T12:00:00+05:30,69.85,70,69.75,69.99,820
2026-06-30T12:15:00+05:30,69.98,70.21,69.96,70.13,585
2026-06-30T12:30:00+05:30,70.12,70.41,70.1,70.35,1010
2026-06-30T12:45:00+05:30,70.36,70.43,70.22,70.33,727
2026-06-30T13:00:00+05:30,70.34,70.42,70.16,70.21,572
2026-06-30T13:15:00+05:30,70.21,70.4,70.18,70.28,601
2026-06-30T13:30:00+05:30,70.27,70.64,70.15,70.58,1212
2026-06-30T13:45:00+05:30,70.57,70.77,70.44,70.5,1364
2026-06-30T14:00:00+05:30,70.5,70.88,70.44,70.77,1635
2026-06-30T14:15:00+05:30,70.77,70.87,70.39,70.53,1283
2026-06-30T14:30:00+05:30,70.55,70.64,70.53,70.59,508
2026-06-30T14:45:00+05:30,70.59,70.79,70.46,70.71,1563
2026-06-30T15:00:00+05:30,70.7,70.92,70.68,70.81,1183
2026-06-30T15:15:00+05:30,70.8,71.04,70.77,71.02,1388
2026-06-30T15:30:00+05:30,71.02,71.18,70.94,71.03,1428
2026-06-30T15:45:00+05:30,71.02,71.07,70.67,70.71,752
2026-06-30T16:00:00+05:30,70.7,70.91,70.54,70.63,697
2026-06-30T16:15:00+05:30,70.62,70.8,70.6,70.7,614
2026-06-30T16:30:00+05:30,70.7,70.81,70.65,70.69,499
2026-06-30T16:45:00+05:30,70.69,70.78,70.53,70.76,1228
2026-06-30T17:00:00+05:30,70.75,70.93,70.72,70.9,777
2026-06-30T17:15:00+05:30,70.91,71.2,70.85,71.15,2432
2026-06-30T17:30:00+05:30,71.16,71.24,71.04,71.17,1058
2026-06-30T17:45:00+05:30,71.18,71.56,71.14,71.23,3480
2026-06-30T18:00:00+05:30,71.23,71.23,70.82,70.97,3153
2026-06-30T18:15:00+05:30,70.96,71.08,70.92,70.97,1743
2026-06-30T18:30:00+05:30,70.96,71.5,70.86,71.49,3486
2026-06-30T18:45:00+05:30,71.5,71.6,70.84,71.23,4464
2026-06-30T19:00:00+05:30,71.23,71.23,70.7,70.77,2870
2026-06-30T19:15:00+05:30,70.77,70.97,70.71,70.9,2017
2026-06-30T19:30:00+05:30,70.89,70.97,70.82,70.84,1666
2026-06-30T19:45:00+05:30,70.83,70.84,70.55,70.81,2124
2026-06-30T20:00:00+05:30,70.81,70.89,70.52,70.55,1887
2026-06-30T20:15:00+05:30,70.56,70.61,70.32,70.43,3125
2026-06-30T20:30:00+05:30,70.43,70.44,70.14,70.25,2858
2026-06-30T20:45:00+05:30,70.24,70.38,70,70.06,2716
2026-06-30T21:00:00+05:30,70.05,70.18,69.96,70.08,2531
2026-06-30T21:15:00+05:30,70.08,70.1,69.72,69.77,3341
2026-06-30T21:30:00+05:30,69.77,70.12,69.75,70.1,2362
2026-06-30T21:45:00+05:30,70.1,70.17,69.96,69.98,1227
2026-06-30T22:00:00+05:30,69.98,69.99,69.82,69.95,1379
2026-06-30T22:15:00+05:30,69.95,69.97,69.75,69.8,1543
2026-06-30T22:30:00+05:30,69.79,69.87,69.72,69.85,1209
2026-06-30T22:45:00+05:30,69.84,69.9,69.57,69.66,2145
2026-06-30T23:00:00+05:30,69.67,69.69,69.57,69.67,1830
2026-06-30T23:15:00+05:30,69.68,69.77,69.67,69.69,1606
2026-06-30T23:30:00+05:30,69.68,69.73,69.45,69.5,2017
2026-06-30T23:45:00+05:30,69.5,69.57,69.22,69.52,8052
2026-07-01T00:00:00+05:30,69.52,69.86,69.5,69.81,2684
2026-07-01T00:15:00+05:30,69.81,70.03,69.76,69.98,1198
2026-07-01T00:30:00+05:30,69.98,70.03,69.91,69.93,592
2026-07-01T00:45:00+05:30,69.95,70.08,69.94,70.02,528
2026-07-01T01:00:00+05:30,70.03,70.15,70.02,70.07,822
2026-07-01T01:15:00+05:30,70.07,70.15,70.06,70.09,1003
2026-07-01T01:30:00+05:30,70.08,70.17,70.03,70.08,599
2026-07-01T01:45:00+05:30,70.08,70.12,70.03,70.08,451
2026-07-01T02:00:00+05:30,70.09,70.11,70.01,70.06,501
2026-07-01T02:15:00+05:30,70.05,70.1,69.97,70.03,788
2026-07-01T03:30:00+05:30,69.98,70.17,69.93,69.97,366
2026-07-01T03:45:00+05:30,69.96,69.96,69.88,69.94,91
2026-07-01T04:00:00+05:30,69.94,69.99,69.92,69.94,55
2026-07-01T04:15:00+05:30,69.94,69.99,69.91,69.99,42
2026-07-01T04:30:00+05:30,69.98,70.04,69.91,70,108
2026-07-01T04:45:00+05:30,70.03,70.07,70.03,70.03,41
2026-07-01T05:00:00+05:30,70.06,70.12,69.97,69.99,216
2026-07-01T05:15:00+05:30,70,70.12,70,70.12,51
2026-07-01T05:30:00+05:30,70.11,70.19,70.06,70.11,332
2026-07-01T05:45:00+05:30,70.13,70.14,69.98,69.99,178
2026-07-01T06:00:00+05:30,70,70.11,70,70.05,89
2026-07-01T06:15:00+05:30,70.04,70.12,70,70.12,160
2026-07-01T06:30:00+05:30,70.13,70.15,69.86,69.91,664
2026-07-01T06:45:00+05:30,69.93,69.99,69.81,69.93,542
2026-07-01T07:00:00+05:30,69.93,69.98,69.79,69.85,286
2026-07-01T07:15:00+05:30,69.85,69.9,69.67,69.78,389
2026-07-01T07:30:00+05:30,69.79,69.79,69.68,69.75,393
2026-07-01T07:45:00+05:30,69.77,69.88,69.76,69.77,148
2026-07-01T08:00:00+05:30,69.78,69.88,69.74,69.81,373
2026-07-01T08:15:00+05:30,69.79,69.83,69.75,69.81,121
2026-07-01T08:30:00+05:30,69.81,69.87,69.77,69.79,189
2026-07-01T08:45:00+05:30,69.79,69.87,69.77,69.77,238
2026-07-01T09:00:00+05:30,69.76,69.87,69.76,69.83,300
2026-07-01T09:15:00+05:30,69.84,69.84,69.77,69.82,85
2026-07-01T09:30:00+05:30,69.82,69.85,69.77,69.77,97
2026-07-01T09:45:00+05:30,69.76,69.78,69.73,69.77,80
2026-07-01T10:00:00+05:30,69.76,69.78,69.7,69.74,153
2026-07-01T10:15:00+05:30,69.75,69.76,69.67,69.72,166
2026-07-01T10:30:00+05:30,69.73,69.78,69.71,69.78,124
2026-07-01T10:45:00+05:30,69.76,69.87,69.74,69.78,267
2026-07-01T11:00:00+05:30,69.76,69.79,69.63,69.69,411
2026-07-01T11:15:00+05:30,69.7,69.76,69.57,69.61,321
2026-07-01T11:30:00+05:30,69.6,69.69,69.54,69.59,463
2026-07-01T11:45:00+05:30,69.6,69.61,69.44,69.53,566
2026-07-01T12:00:00+05:30,69.52,69.64,69.44,69.57,580
2026-07-01T12:15:00+05:30,69.57,69.6,69.44,69.59,399
2026-07-01T12:30:00+05:30,69.58,69.72,69.41,69.7,1149
2026-07-01T12:45:00+05:30,69.71,69.71,69.32,69.39,900
2026-07-01T13:00:00+05:30,69.38,69.53,69.17,69.4,1124
2026-07-01T13:15:00+05:30,69.39,69.48,69.31,69.36,546
2026-07-01T13:30:00+05:30,69.36,69.45,69.18,69.31,903
2026-07-01T13:45:00+05:30,69.3,69.33,68.92,68.94,2260
2026-07-01T14:00:00+05:30,68.94,69.01,68.67,68.81,2499
2026-07-01T14:15:00+05:30,68.8,68.9,68.29,68.35,2452
2026-07-01T14:30:00+05:30,68.34,68.56,68.22,68.32,1892
2026-07-01T14:45:00+05:30,68.33,68.52,68.3,68.46,1059
2026-07-01T15:00:00+05:30,68.46,68.66,68.44,68.64,846
2026-07-01T15:15:00+05:30,68.64,68.8,68.64,68.79,1410
2026-07-01T15:30:00+05:30,68.79,69.01,68.78,68.96,1040
2026-07-01T15:45:00+05:30,68.95,68.96,68.68,68.76,1222
2026-07-01T16:00:00+05:30,68.76,68.94,68.61,68.85,1544
2026-07-01T16:15:00+05:30,68.84,68.94,68.75,68.85,528
2026-07-01T16:30:00+05:30,68.84,69.04,68.73,68.98,920
2026-07-01T16:45:00+05:30,68.96,69.05,68.85,68.98,930
2026-07-01T17:00:00+05:30,68.98,69.07,68.87,68.94,1064
2026-07-01T17:15:00+05:30,68.94,69.17,68.93,69.14,998
2026-07-01T17:30:00+05:30,69.15,69.18,68.78,68.85,1473
2026-07-01T17:45:00+05:30,68.85,69.13,68.8,68.89,1711
2026-07-01T18:00:00+05:30,68.88,68.93,68.74,68.9,1410
2026-07-01T18:15:00+05:30,68.89,68.9,68.65,68.76,1220
2026-07-01T18:30:00+05:30,68.77,69.25,68.77,69.14,4518
2026-07-01T18:45:00+05:30,69.15,69.15,68.85,68.88,2052
2026-07-01T19:00:00+05:30,68.88,68.96,68.75,68.89,3506
2026-07-01T19:15:00+05:30,68.89,69.15,68.88,69.07,1896
2026-07-01T19:30:00+05:30,69.07,69.11,68.78,68.89,2171
2026-07-01T19:45:00+05:30,68.89,68.94,68.72,68.79,1781
2026-07-01T20:00:00+05:30,68.79,68.88,68.57,68.65,2819
2026-07-01T20:15:00+05:30,68.65,68.69,68.15,68.19,4569
2026-07-01T20:30:00+05:30,68.2,68.56,68.06,68.43,4007
2026-07-01T20:45:00+05:30,68.42,68.49,68.1,68.12,2446
2026-07-01T21:00:00+05:30,68.12,68.36,68.08,68.33,3010
2026-07-01T21:15:00+05:30,68.32,68.38,68.09,68.16,1991
2026-07-01T21:30:00+05:30,68.16,68.17,68.03,68.14,2045
2026-07-01T21:45:00+05:30,68.13,68.31,68.13,68.2,1614
2026-07-01T22:00:00+05:30,68.2,68.36,68.11,68.32,1056
2026-07-01T22:15:00+05:30,68.32,68.47,68.24,68.27,2279
2026-07-01T22:30:00+05:30,68.28,68.34,68.15,68.31,1533
2026-07-01T22:45:00+05:30,68.32,68.41,68.3,68.4,1111
2026-07-01T23:00:00+05:30,68.39,68.41,68.23,68.24,1100
2026-07-01T23:15:00+05:30,68.24,68.31,68.13,68.29,1498
2026-07-01T23:30:00+05:30,68.29,68.39,68.27,68.32,1714
2026-07-01T23:45:00+05:30,68.33,68.73,68.31,68.69,5606
2026-07-02T00:00:00+05:30,68.68,68.73,68.36,68.43,2932
2026-07-02T00:15:00+05:30,68.43,68.44,68.28,68.29,1104
2026-07-02T00:30:00+05:30,68.29,68.3,68.2,68.28,971
2026-07-02T00:45:00+05:30,68.27,68.35,68.25,68.27,748
2026-07-02T01:00:00+05:30,68.27,68.27,68.01,68.17,2052
2026-07-02T01:15:00+05:30,68.17,68.17,67.92,68.02,1678
2026-07-02T01:30:00+05:30,68.03,68.07,67.96,68,865
2026-07-02T01:45:00+05:30,68,68.15,67.96,68.12,541
2026-07-02T02:00:00+05:30,68.12,68.15,68.05,68.12,373
2026-07-02T02:15:00+05:30,68.11,68.14,68.05,68.09,421
2026-07-02T03:30:00+05:30,68.03,68.17,68.03,68.07,154
2026-07-02T03:45:00+05:30,68.06,68.1,67.95,67.98,208
2026-07-02T04:00:00+05:30,67.98,68.06,67.98,68.04,89
2026-07-02T04:15:00+05:30,68.03,68.07,68,68.02,58
2026-07-02T04:30:00+05:30,68.01,68.02,67.99,68,125
2026-07-02T04:45:00+05:30,68,68.05,67.96,68.05,112
2026-07-02T05:00:00+05:30,68.05,68.06,67.96,68.04,87
2026-07-02T05:15:00+05:30,68.06,68.06,67.97,67.99,79
2026-07-02T05:30:00+05:30,68,68.14,67.72,67.95,1573
2026-07-02T05:45:00+05:30,67.95,67.96,67.8,67.86,430
2026-07-02T06:00:00+05:30,67.88,67.92,67.81,67.82,343
2026-07-02T06:15:00+05:30,67.81,67.92,67.73,67.9,409
2026-07-02T06:30:00+05:30,67.89,67.94,67.69,67.8,1053
2026-07-02T06:45:00+05:30,67.79,67.83,67.6,67.61,953
2026-07-02T07:00:00+05:30,67.63,67.74,67.59,67.72,469
2026-07-02T07:15:00+05:30,67.72,67.84,67.61,67.8,388
2026-07-02T07:30:00+05:30,67.81,67.98,67.63,67.84,772
2026-07-02T07:45:00+05:30,67.83,67.86,67.79,67.85,226
2026-07-02T08:00:00+05:30,67.84,67.89,67.73,67.76,225
2026-07-02T08:15:00+05:30,67.75,67.85,67.66,67.71,188
2026-07-02T08:30:00+05:30,67.7,67.77,67.59,67.62,278
2026-07-02T08:45:00+05:30,67.63,67.66,67.56,67.63,397
2026-07-02T09:00:00+05:30,67.64,67.75,67.64,67.73,421
2026-07-02T09:15:00+05:30,67.73,67.79,67.62,67.71,386
2026-07-02T09:30:00+05:30,67.73,67.81,67.72,67.79,71
2026-07-02T09:45:00+05:30,67.79,67.84,67.78,67.82,114
2026-07-02T10:00:00+05:30,67.82,67.92,67.81,67.91,213
2026-07-02T10:15:00+05:30,67.9,67.91,67.86,67.9,100
2026-07-02T10:30:00+05:30,67.89,67.92,67.86,67.86,114
2026-07-02T10:45:00+05:30,67.85,67.9,67.83,67.87,139
2026-07-02T11:00:00+05:30,67.87,67.91,67.71,67.81,633
2026-07-02T11:15:00+05:30,67.8,67.91,67.78,67.88,339
2026-07-02T11:30:00+05:30,67.89,67.94,67.67,67.7,807
2026-07-02T11:45:00+05:30,67.7,67.98,67.7,67.98,809
2026-07-02T12:00:00+05:30,67.98,67.99,67.71,67.75,567
2026-07-02T12:15:00+05:30,67.76,67.76,67.51,67.56,782
2026-07-02T12:30:00+05:30,67.55,67.6,67.45,67.53,1611
2026-07-02T12:45:00+05:30,67.53,68.07,67.48,67.95,1907
2026-07-02T13:00:00+05:30,67.96,68.16,67.93,68.15,1159
2026-07-02T13:15:00+05:30,68.15,68.24,67.89,67.95,1403
2026-07-02T13:30:00+05:30,67.95,68.19,67.88,68.12,1113
2026-07-02T13:45:00+05:30,68.11,68.24,68.01,68.14,1437
2026-07-02T14:00:00+05:30,68.15,68.24,67.89,67.98,1076
2026-07-02T14:15:00+05:30,67.97,68.05,67.78,67.87,622
2026-07-02T14:30:00+05:30,67.88,67.9,67.58,67.66,837
2026-07-02T14:45:00+05:30,67.67,67.76,67.49,67.49,1127
2026-07-02T15:00:00+05:30,67.48,67.58,67.31,67.58,1554
2026-07-02T15:15:00+05:30,67.57,67.66,67.46,67.51,1119
2026-07-02T15:30:00+05:30,67.51,67.64,67.46,67.58,798
2026-07-02T15:45:00+05:30,67.57,67.7,67.56,67.64,694
2026-07-02T16:00:00+05:30,67.64,67.69,67.56,67.63,515
2026-07-02T16:15:00+05:30,67.63,67.69,67.42,67.45,854
2026-07-02T16:30:00+05:30,67.45,67.62,67.41,67.5,1099
2026-07-02T16:45:00+05:30,67.49,67.51,67.24,67.3,1750
2026-07-02T17:00:00+05:30,67.3,67.3,67.04,67.28,2297
2026-07-02T17:15:00+05:30,67.28,67.32,67.16,67.18,1045
2026-07-02T17:30:00+05:30,67.18,67.34,67.12,67.21,1189
2026-07-02T17:45:00+05:30,67.21,67.36,67.11,67.34,1446
2026-07-02T18:00:00+05:30,67.33,67.41,67.25,67.25,1774
2026-07-02T18:15:00+05:30,67.27,67.68,67.27,67.57,2562
2026-07-02T18:30:00+05:30,67.56,67.75,67.47,67.51,2831
2026-07-02T18:45:00+05:30,67.51,67.75,67.48,67.72,1806
2026-07-02T19:00:00+05:30,67.72,67.89,67.64,67.85,2386
2026-07-02T19:15:00+05:30,67.85,68.09,67.72,67.77,3509
2026-07-02T19:30:00+05:30,67.76,67.84,67.62,67.65,2562
2026-07-02T19:45:00+05:30,67.65,67.75,67.53,67.61,1675
2026-07-02T20:00:00+05:30,67.61,67.77,67.57,67.7,1682
2026-07-02T20:15:00+05:30,67.7,67.84,67.63,67.74,1708
2026-07-02T20:30:00+05:30,67.74,67.82,67.47,67.59,2158
2026-07-02T20:45:00+05:30,67.59,67.89,67.59,67.71,2736
2026-07-02T21:00:00+05:30,67.71,67.74,67.53,67.55,1344
2026-07-02T21:15:00+05:30,67.55,67.74,67.43,67.73,1972
2026-07-02T21:30:00+05:30,67.74,68.13,67.68,68.1,3166
2026-07-02T21:45:00+05:30,68.1,68.21,68.06,68.11,2140
2026-07-02T22:00:00+05:30,68.12,68.14,67.99,68.06,1475
2026-07-02T22:15:00+05:30,68.06,68.28,68.05,68.13,1609
2026-07-02T22:30:00+05:30,68.13,68.31,68.08,68.3,1141
2026-07-02T22:45:00+05:30,68.3,68.35,68.2,68.34,1184
2026-07-02T23:00:00+05:30,68.33,68.5,68.29,68.48,1929
2026-07-02T23:15:00+05:30,68.49,68.52,68.42,68.48,2338
2026-07-02T23:30:00+05:30,68.47,68.53,68.35,68.51,2262
2026-07-02T23:45:00+05:30,68.5,68.8,68.47,68.68,6328
2026-07-03T00:00:00+05:30,68.67,68.72,68.56,68.63,1440
2026-07-03T00:15:00+05:30,68.64,68.67,68.43,68.45,758
2026-07-03T00:30:00+05:30,68.45,68.51,68.43,68.49,677
2026-07-03T00:45:00+05:30,68.5,68.55,68.41,68.46,552
2026-07-03T01:00:00+05:30,68.47,68.55,68.42,68.46,403
2026-07-03T01:15:00+05:30,68.46,68.5,68.43,68.47,516
2026-07-03T01:30:00+05:30,68.47,68.51,68.43,68.47,279
2026-07-03T01:45:00+05:30,68.48,68.52,68.45,68.48,289
2026-07-03T02:00:00+05:30,68.49,68.51,68.45,68.47,288
2026-07-03T02:15:00+05:30,68.48,68.49,68.44,68.46,233
2026-07-03T03:30:00+05:30,68.43,68.56,68.37,68.51,176
2026-07-03T03:45:00+05:30,68.51,68.55,68.46,68.5,42
2026-07-03T04:00:00+05:30,68.48,68.52,68.45,68.5,46
2026-07-03T04:15:00+05:30,68.49,68.51,68.47,68.48,27
2026-07-03T04:30:00+05:30,68.48,68.5,68.39,68.48,103
2026-07-03T04:45:00+05:30,68.47,68.47,68.42,68.46,68
2026-07-03T05:00:00+05:30,68.46,68.5,68.46,68.47,19
2026-07-03T05:15:00+05:30,68.47,68.47,68.38,68.4,46
2026-07-03T05:30:00+05:30,68.38,68.42,68.33,68.4,314
2026-07-03T05:45:00+05:30,68.4,68.43,68.36,68.39,139
2026-07-03T06:00:00+05:30,68.4,68.45,68.36,68.41,96
2026-07-03T06:15:00+05:30,68.39,68.53,68.38,68.44,122
2026-07-03T06:30:00+05:30,68.44,68.6,68.36,68.4,398
2026-07-03T06:45:00+05:30,68.38,68.57,68.3,68.54,388
2026-07-03T07:00:00+05:30,68.55,68.81,68.55,68.8,485
2026-07-03T07:15:00+05:30,68.79,68.93,68.74,68.9,731
2026-07-03T07:30:00+05:30,68.92,69.01,68.88,68.95,414
2026-07-03T07:45:00+05:30,68.93,68.99,68.89,68.95,206
2026-07-03T08:00:00+05:30,68.96,69.14,68.9,69.07,373
2026-07-03T08:15:00+05:30,69.08,69.08,68.82,68.89,572
2026-07-03T08:30:00+05:30,68.89,69.12,68.89,69.06,254
2026-07-03T08:45:00+05:30,69.05,69.16,69.04,69.09,248
2026-07-03T09:00:00+05:30,69.08,69.11,68.99,69,305
2026-07-03T09:15:00+05:30,68.99,69.04,68.97,69.02,128
2026-07-03T09:30:00+05:30,69.02,69.05,69,69.03,54
2026-07-03T09:45:00+05:30,69.03,69.04,68.97,69.01,190
2026-07-03T10:00:00+05:30,69.02,69.1,69,69.05,163
2026-07-03T10:15:00+05:30,69.05,69.05,68.96,68.98,103
2026-07-03T10:30:00+05:30,68.98,69.07,68.97,69.05,192
2026-07-03T10:45:00+05:30,69.04,69.09,69,69.01,88
2026-07-03T11:00:00+05:30,69.01,69.19,69,69.18,250
2026-07-03T11:15:00+05:30,69.19,69.24,69.13,69.19,545
2026-07-03T11:30:00+05:30,69.2,69.26,68.98,68.99,754
2026-07-03T11:45:00+05:30,68.99,69.01,68.9,68.93,361
2026-07-03T12:00:00+05:30,68.96,69.1,68.93,68.99,328
2026-07-03T12:15:00+05:30,68.99,69.01,68.9,68.94,401
2026-07-03T12:30:00+05:30,68.94,69.01,68.66,68.7,789
2026-07-03T12:45:00+05:30,68.69,68.82,68.55,68.58,584
2026-07-03T13:00:00+05:30,68.56,68.72,68.49,68.61,470
2026-07-03T13:15:00+05:30,68.61,68.63,68.41,68.51,507
2026-07-03T13:30:00+05:30,68.52,68.74,68.51,68.7,436
2026-07-03T13:45:00+05:30,68.69,68.69,68.14,68.26,2021
2026-07-03T14:00:00+05:30,68.27,68.51,68.17,68.44,1011
2026-07-03T14:15:00+05:30,68.44,68.79,68.39,68.79,956
2026-07-03T14:30:00+05:30,68.78,68.84,68.48,68.7,848
2026-07-03T14:45:00+05:30,68.7,68.77,68.57,68.72,407
2026-07-03T15:00:00+05:30,68.74,68.76,68.53,68.55,322
2026-07-03T15:15:00+05:30,68.56,68.76,68.55,68.67,419
2026-07-03T15:30:00+05:30,68.69,68.73,68.56,68.6,436
2026-07-03T15:45:00+05:30,68.61,68.63,68.48,68.56,521
2026-07-03T16:00:00+05:30,68.58,68.67,68.41,68.61,609
2026-07-03T16:15:00+05:30,68.61,68.68,68.57,68.62,198
2026-07-03T16:30:00+05:30,68.62,68.71,68.53,68.54,317
2026-07-03T16:45:00+05:30,68.54,68.55,68.42,68.51,420
2026-07-03T17:00:00+05:30,68.5,68.52,68.37,68.39,257
2026-07-03T17:15:00+05:30,68.38,68.49,68.36,68.4,333
2026-07-03T17:30:00+05:30,68.4,68.41,68.16,68.26,1345
2026-07-03T17:45:00+05:30,68.26,68.42,68.2,68.3,602
2026-07-03T18:00:00+05:30,68.29,68.29,68.08,68.21,686
2026-07-03T18:15:00+05:30,68.23,68.29,68.12,68.25,570
2026-07-03T18:30:00+05:30,68.25,68.64,68.22,68.6,1283
2026-07-03T18:45:00+05:30,68.6,68.68,68.51,68.63,1061
2026-07-03T19:00:00+05:30,68.61,68.7,68.55,68.57,746
2026-07-03T19:15:00+05:30,68.57,68.76,68.56,68.75,761
2026-07-03T19:30:00+05:30,68.76,68.94,68.73,68.77,1546
2026-07-03T19:45:00+05:30,68.77,68.78,68.57,68.67,816
2026-07-03T20:00:00+05:30,68.66,68.83,68.64,68.77,885
2026-07-03T20:15:00+05:30,68.76,68.81,68.58,68.63,600
2026-07-03T20:30:00+05:30,68.63,68.67,68.51,68.51,809
2026-07-03T20:45:00+05:30,68.51,68.62,68.37,68.54,1002
2026-07-03T21:00:00+05:30,68.54,68.79,68.44,68.74,796
2026-07-03T21:15:00+05:30,68.73,68.77,68.67,68.76,385
2026-07-03T21:30:00+05:30,68.77,68.8,68.62,68.68,445
2026-07-03T21:45:00+05:30,68.67,68.75,68.62,68.69,250
2026-07-03T22:00:00+05:30,68.7,68.7,68.59,68.64,311
2026-07-03T22:15:00+05:30,68.62,68.81,68.6,68.78,508
2026-07-06T03:30:00+05:30,68.68,68.78,68.32,68.33,945
2026-07-06T03:45:00+05:30,68.34,68.44,68.33,68.38,219
2026-07-06T04:00:00+05:30,68.38,68.43,68.35,68.36,147
2026-07-06T04:15:00+05:30,68.35,68.35,68.3,68.31,135
2026-07-06T04:30:00+05:30,68.32,68.44,68.3,68.34,216
2026-07-06T04:45:00+05:30,68.34,68.36,68.28,68.3,164
2026-07-06T05:00:00+05:30,68.28,68.33,68.26,68.27,156
2026-07-06T05:15:00+05:30,68.27,68.27,68.22,68.25,262
2026-07-06T05:30:00+05:30,68.25,68.61,68.22,68.51,614
2026-07-06T05:45:00+05:30,68.51,68.54,68.34,68.34,280
2026-07-06T06:00:00+05:30,68.33,68.37,68.26,68.29,277
2026-07-06T06:15:00+05:30,68.29,68.41,68.23,68.24,204
2026-07-06T06:30:00+05:30,68.23,68.67,68.16,68.65,985
2026-07-06T06:45:00+05:30,68.66,68.71,68.57,68.59,528
2026-07-06T07:00:00+05:30,68.58,68.6,68.4,68.58,425
2026-07-06T07:15:00+05:30,68.57,68.9,68.57,68.87,717
2026-07-06T07:30:00+05:30,68.88,69.16,68.84,69.04,920
2026-07-06T07:45:00+05:30,69.05,69.12,69,69.09,247
2026-07-06T08:00:00+05:30,69.09,69.11,68.85,68.85,462
2026-07-06T08:15:00+05:30,68.84,68.84,68.53,68.58,706
2026-07-06T08:30:00+05:30,68.58,68.58,68.37,68.39,559
2026-07-06T08:45:00+05:30,68.38,68.55,68.37,68.5,282
2026-07-06T09:00:00+05:30,68.5,68.55,68.37,68.41,178
2026-07-06T09:15:00+05:30,68.44,68.46,68.4,68.43,121
2026-07-06T09:30:00+05:30,68.44,68.62,68.41,68.56,283
2026-07-06T09:45:00+05:30,68.56,68.63,68.56,68.6,104
2026-07-06T10:00:00+05:30,68.6,68.64,68.57,68.64,128
2026-07-06T10:15:00+05:30,68.63,68.68,68.55,68.61,148
2026-07-06T10:30:00+05:30,68.62,68.74,68.59,68.74,240
2026-07-06T10:45:00+05:30,68.73,68.76,68.67,68.72,179
2026-07-06T11:00:00+05:30,68.72,68.82,68.69,68.8,363
2026-07-06T11:15:00+05:30,68.8,68.89,68.76,68.85,227
2026-07-06T11:30:00+05:30,68.88,69.18,68.84,69.08,1045
2026-07-06T11:45:00+05:30,69.08,69.21,68.88,68.92,890
2026-07-06T12:00:00+05:30,68.92,68.97,68.76,68.77,586
2026-07-06T12:15:00+05:30,68.76,68.88,68.71,68.76,429
2026-07-06T12:30:00+05:30,68.77,68.77,68.41,68.49,1634
2026-07-06T12:45:00+05:30,68.5,68.61,68.41,68.54,721
2026-07-06T13:00:00+05:30,68.52,68.52,68.04,68.11,1561
2026-07-06T13:15:00+05:30,68.12,68.19,67.82,67.93,2179
2026-07-06T13:30:00+05:30,67.94,68.29,67.9,68.13,1843
2026-07-06T13:45:00+05:30,68.13,68.29,68.02,68.08,1418
2026-07-06T14:00:00+05:30,68.08,68.43,68.04,68.4,1263
2026-07-06T14:15:00+05:30,68.39,68.57,68.19,68.2,1088
2026-07-06T14:30:00+05:30,68.2,68.46,68.2,68.42,1078
2026-07-06T14:45:00+05:30,68.42,68.56,68.29,68.3,779
2026-07-06T15:00:00+05:30,68.3,68.44,68.21,68.44,678
2026-07-06T15:15:00+05:30,68.44,68.53,68.11,68.31,1431
2026-07-06T15:30:00+05:30,68.32,68.44,68.17,68.17,932
2026-07-06T15:45:00+05:30,68.17,68.34,68.1,68.29,569
2026-07-06T16:00:00+05:30,68.31,68.35,68.09,68.33,869
2026-07-06T16:15:00+05:30,68.33,68.68,68.3,68.59,1717
2026-07-06T16:30:00+05:30,68.59,68.76,68.57,68.65,991
2026-07-06T16:45:00+05:30,68.64,68.71,68.53,68.58,757
2026-07-06T17:00:00+05:30,68.6,68.61,68.41,68.43,829
2026-07-06T17:15:00+05:30,68.44,68.65,68.31,68.65,866
2026-07-06T17:30:00+05:30,68.65,68.74,68.56,68.56,784
2026-07-06T17:45:00+05:30,68.56,68.61,68.14,68.19,2463
2026-07-06T18:00:00+05:30,68.2,68.37,68.19,68.35,1113
2026-07-06T18:15:00+05:30,68.36,68.39,68.24,68.29,1270
2026-07-06T18:30:00+05:30,68.28,68.52,68.07,68.5,3462
2026-07-06T18:45:00+05:30,68.5,68.86,68.41,68.83,3133
2026-07-06T19:00:00+05:30,68.83,68.95,68.53,68.58,2731
2026-07-06T19:15:00+05:30,68.59,68.75,68.47,68.71,1810
2026-07-06T19:30:00+05:30,68.7,68.83,68.62,68.64,1890
2026-07-06T19:45:00+05:30,68.64,68.96,68.44,68.9,2963
2026-07-06T20:00:00+05:30,68.9,69.12,68.82,69.02,3068
2026-07-06T20:15:00+05:30,69.02,69.03,68.7,68.76,2538
2026-07-06T20:30:00+05:30,68.76,68.88,68.58,68.7,1860
2026-07-06T20:45:00+05:30,68.7,68.93,68.66,68.88,2107
2026-07-06T21:00:00+05:30,68.88,69.04,68.7,68.74,2692
2026-07-06T21:15:00+05:30,68.74,68.84,68.69,68.74,1380
2026-07-06T21:30:00+05:30,68.74,68.81,68.64,68.71,1213
2026-07-06T21:45:00+05:30,68.71,68.71,68.35,68.36,2098
2026-07-06T22:00:00+05:30,68.36,68.39,68.28,68.33,1443
2026-07-06T22:15:00+05:30,68.34,68.41,68.22,68.31,1347
2026-07-06T22:30:00+05:30,68.3,68.37,68.2,68.28,1507
2026-07-06T22:45:00+05:30,68.28,68.5,68.26,68.42,1260
2026-07-06T23:00:00+05:30,68.41,68.52,68.38,68.52,1727
2026-07-06T23:15:00+05:30,68.52,68.58,68.4,68.53,1671
2026-07-06T23:30:00+05:30,68.53,68.59,68.49,68.56,1061
2026-07-06T23:45:00+05:30,68.55,68.62,68.44,68.55,4503
2026-07-07T00:00:00+05:30,68.55,68.59,68.36,68.54,1553
2026-07-07T00:15:00+05:30,68.53,68.59,68.53,68.54,351
2026-07-07T00:30:00+05:30,68.55,68.64,68.54,68.62,299
2026-07-07T00:45:00+05:30,68.63,68.75,68.61,68.72,491
2026-07-07T01:00:00+05:30,68.72,68.74,68.65,68.7,609
2026-07-07T01:15:00+05:30,68.7,68.77,68.66,68.69,668
2026-07-07T01:30:00+05:30,68.68,68.7,68.62,68.68,296
2026-07-07T01:45:00+05:30,68.67,68.71,68.66,68.67,157
2026-07-07T02:00:00+05:30,68.66,68.75,68.66,68.67,205
2026-07-07T02:15:00+05:30,68.67,68.68,68.59,68.6,249
2026-07-07T03:30:00+05:30,68.58,68.72,68.58,68.66,284
2026-07-07T03:45:00+05:30,68.66,68.7,68.65,68.67,52
2026-07-07T04:00:00+05:30,68.67,68.71,68.67,68.7,22
2026-07-07T04:15:00+05:30,68.71,68.75,68.69,68.75,199
2026-07-07T04:30:00+05:30,68.76,68.76,68.66,68.71,166
2026-07-07T04:45:00+05:30,68.7,68.9,68.66,68.8,360
2026-07-07T05:00:00+05:30,68.81,68.83,68.78,68.79,67
2026-07-07T05:15:00+05:30,68.79,68.81,68.74,68.76,118
2026-07-07T05:30:00+05:30,68.76,68.89,68.71,68.88,511
2026-07-07T05:45:00+05:30,68.9,68.91,68.75,68.76,408
2026-07-07T06:00:00+05:30,68.77,68.85,68.7,68.85,219
2026-07-07T06:15:00+05:30,68.84,68.9,68.77,68.88,221
2026-07-07T06:30:00+05:30,68.87,68.96,68.7,68.73,546
2026-07-07T06:45:00+05:30,68.71,68.77,68.63,68.77,255
2026-07-07T07:00:00+05:30,68.77,68.95,68.74,68.9,298
2026-07-07T07:15:00+05:30,68.9,69.1,68.87,69.07,596
2026-07-07T07:30:00+05:30,69.06,69.25,68.99,69.18,1006
2026-07-07T07:45:00+05:30,69.17,69.27,69.16,69.22,457
2026-07-07T08:00:00+05:30,69.22,69.32,69.05,69.09,544
2026-07-07T08:15:00+05:30,69.08,69.1,68.96,69,407
2026-07-07T08:30:00+05:30,69,69.22,69,69.2,350
2026-07-07T08:45:00+05:30,69.19,69.19,68.97,69.05,427
2026-07-07T09:00:00+05:30,69.06,69.07,68.91,68.92,605
2026-07-07T09:15:00+05:30,68.92,68.96,68.84,68.94,243
2026-07-07T09:30:00+05:30,68.93,68.98,68.92,68.97,155
2026-07-07T09:45:00+05:30,68.99,69.01,68.94,69,126
2026-07-07T10:00:00+05:30,68.99,69.03,68.95,69,130
2026-07-07T10:15:00+05:30,69,69.02,68.96,68.96,79
2026-07-07T10:30:00+05:30,68.98,69.09,68.96,69.08,242
2026-07-07T10:45:00+05:30,69.09,69.23,69.07,69.19,430
2026-07-07T11:00:00+05:30,69.2,69.29,69.18,69.2,577
2026-07-07T11:15:00+05:30,69.2,69.44,69.13,69.35,677
2026-07-07T11:30:00+05:30,69.37,69.43,69.22,69.28,764
2026-07-07T11:45:00+05:30,69.28,69.37,69.2,69.24,507
2026-07-07T12:00:00+05:30,69.24,69.32,69.2,69.29,438
2026-07-07T12:15:00+05:30,69.28,69.48,69.28,69.44,1116
2026-07-07T12:30:00+05:30,69.45,69.54,69.31,69.38,1328
2026-07-07T12:45:00+05:30,69.38,69.5,69.31,69.48,725
2026-07-07T13:00:00+05:30,69.47,69.61,69.3,69.41,1261
2026-07-07T13:15:00+05:30,69.4,69.63,69.34,69.34,922
2026-07-07T13:30:00+05:30,69.34,69.44,69.26,69.41,1158
2026-07-07T13:45:00+05:30,69.4,69.41,69.05,69.06,1751
2026-07-07T14:00:00+05:30,69.05,69.38,68.97,69.31,1692
2026-07-07T14:15:00+05:30,69.3,69.54,69.3,69.36,1214
2026-07-07T14:30:00+05:30,69.36,69.74,69.36,69.53,1567
2026-07-07T14:45:00+05:30,69.53,69.6,69.18,69.29,1716
2026-07-07T15:00:00+05:30,69.3,69.41,69.06,69.13,1082
2026-07-07T15:15:00+05:30,69.14,69.32,69.14,69.27,742
2026-07-07T15:30:00+05:30,69.27,69.27,69.08,69.19,647
2026-07-07T15:45:00+05:30,69.18,69.26,69.11,69.16,508
2026-07-07T16:00:00+05:30,69.18,69.26,69.06,69.23,666
2026-07-07T16:15:00+05:30,69.22,69.41,69.22,69.39,750
2026-07-07T16:30:00+05:30,69.39,69.46,69.23,69.27,835
2026-07-07T16:45:00+05:30,69.26,69.32,69.08,69.09,1175
2026-07-07T17:00:00+05:30,69.08,69.2,68.93,69.17,1162
2026-07-07T17:15:00+05:30,69.17,69.23,68.99,69.03,784
2026-07-07T17:30:00+05:30,69.02,69.11,68.88,69.02,1074
2026-07-07T17:45:00+05:30,69.02,69.1,68.96,69.03,628
2026-07-07T18:00:00+05:30,69.03,69.26,68.93,69.21,1700
2026-07-07T18:15:00+05:30,69.2,69.33,69.04,69.14,1452
2026-07-07T18:30:00+05:30,69.13,69.43,69.11,69.37,3034
2026-07-07T18:45:00+05:30,69.37,69.82,69.23,69.6,5507
2026-07-07T19:00:00+05:30,69.6,69.88,69.49,69.84,3884
2026-07-07T19:15:00+05:30,69.83,70.08,69.7,70.03,4575
2026-07-07T19:30:00+05:30,70.04,70.52,69.97,70.19,8348
2026-07-07T19:45:00+05:30,70.18,70.3,69.77,70.24,6224
2026-07-07T20:00:00+05:30,70.23,70.41,70.02,70.05,3170
2026-07-07T20:15:00+05:30,70.05,70.26,69.98,70.23,2913
2026-07-07T20:30:00+05:30,70.24,70.36,70.15,70.31,2315
2026-07-07T20:45:00+05:30,70.3,70.48,70.21,70.21,3320
2026-07-07T21:00:00+05:30,70.2,70.32,70.08,70.31,2135
2026-07-07T21:15:00+05:30,70.31,70.56,70.31,70.34,3333
2026-07-07T21:30:00+05:30,70.34,70.55,70.3,70.42,1965
2026-07-07T21:45:00+05:30,70.43,70.58,70.38,70.51,1366
2026-07-07T22:00:00+05:30,70.5,70.52,70.32,70.44,1250
2026-07-07T22:15:00+05:30,70.44,70.53,70.4,70.44,982
2026-07-07T22:30:00+05:30,70.44,70.6,70.35,70.41,1900
2026-07-07T22:45:00+05:30,70.41,70.67,70.4,70.58,1725
2026-07-07T23:00:00+05:30,70.6,70.72,70.5,70.51,1569
2026-07-07T23:15:00+05:30,70.5,70.52,70.34,70.42,2037
2026-07-07T23:30:00+05:30,70.43,70.52,70.39,70.46,1735
2026-07-07T23:45:00+05:30,70.45,70.59,70.36,70.48,5561
2026-07-08T00:00:00+05:30,70.48,70.65,70.33,70.41,2630
2026-07-08T00:15:00+05:30,70.42,71.46,70.38,71.45,7534
2026-07-08T00:30:00+05:30,71.45,72.14,71.42,72.08,5922
2026-07-08T00:45:00+05:30,72.08,72.51,71.96,72.22,6828
2026-07-08T01:00:00+05:30,72.22,72.32,71.84,71.89,3070
2026-07-08T01:15:00+05:30,71.88,72.11,71.76,71.88,2920
2026-07-08T01:30:00+05:30,71.89,72.1,71.88,72.02,929
2026-07-08T01:45:00+05:30,72.02,72.12,71.97,72.07,843
2026-07-08T02:00:00+05:30,72.07,72.3,72.06,72.14,786
2026-07-08T02:15:00+05:30,72.15,72.31,72.14,72.2,968
2026-07-08T03:30:00+05:30,72.38,72.65,72.07,72.33,1875
2026-07-08T03:45:00+05:30,72.32,72.43,72.27,72.4,462
2026-07-08T04:00:00+05:30,72.4,72.45,72.34,72.43,225
2026-07-08T04:15:00+05:30,72.41,72.49,72.38,72.45,256
2026-07-08T04:30:00+05:30,72.45,72.49,72.38,72.39,201
2026-07-08T04:45:00+05:30,72.4,72.47,72.28,72.44,397
2026-07-08T05:00:00+05:30,72.45,72.5,72.31,72.41,496
2026-07-08T05:15:00+05:30,72.43,72.45,72.26,72.42,471
2026-07-08T05:30:00+05:30,72.41,72.52,72.35,72.49,1281
2026-07-08T05:45:00+05:30,72.49,72.72,72.41,72.56,1680
2026-07-08T06:00:00+05:30,72.56,72.56,72.04,72.11,1059
2026-07-08T06:15:00+05:30,72.11,72.19,71.96,71.99,873
2026-07-08T06:30:00+05:30,71.99,72.13,71.76,71.93,1950
2026-07-08T06:45:00+05:30,71.94,72,71.75,71.81,1182
2026-07-08T07:00:00+05:30,71.81,72.13,71.79,72.1,1064
2026-07-08T07:15:00+05:30,72.09,72.16,72,72.13,574
2026-07-08T07:30:00+05:30,72.13,72.31,72,72.27,644
2026-07-08T07:45:00+05:30,72.27,72.62,72.24,72.43,1053
2026-07-08T08:00:00+05:30,72.43,72.48,72.09,72.11,839
2026-07-08T08:15:00+05:30,72.12,72.31,72.1,72.26,746
2026-07-08T08:30:00+05:30,72.26,72.4,72.21,72.32,512
2026-07-08T08:45:00+05:30,72.32,72.36,72.21,72.22,426
2026-07-08T09:00:00+05:30,72.23,72.32,72.16,72.29,625
2026-07-08T09:15:00+05:30,72.29,72.31,72.19,72.26,270
2026-07-08T09:30:00+05:30,72.26,72.39,72.24,72.36,319
2026-07-08T09:45:00+05:30,72.34,72.39,72.25,72.25,298
2026-07-08T10:00:00+05:30,72.25,72.3,72.2,72.27,401
2026-07-08T10:15:00+05:30,72.27,72.38,72.26,72.36,201
2026-07-08T10:30:00+05:30,72.37,72.6,72.35,72.47,707
2026-07-08T10:45:00+05:30,72.48,72.92,72.48,72.73,1459
2026-07-08T11:00:00+05:30,72.73,72.77,72.33,72.6,1005
2026-07-08T11:15:00+05:30,72.59,72.82,72.54,72.77,731
2026-07-08T11:30:00+05:30,72.76,72.93,72.63,72.81,961
2026-07-08T11:45:00+05:30,72.81,72.83,72.6,72.67,898
2026-07-08T12:00:00+05:30,72.67,72.84,72.6,72.68,1072
2026-07-08T12:15:00+05:30,72.68,72.74,72.55,72.57,1108
2026-07-08T12:30:00+05:30,72.55,72.85,72.44,72.51,1492
2026-07-08T12:45:00+05:30,72.5,72.51,72.01,72.02,1758
2026-07-08T13:00:00+05:30,72.03,72.04,71.81,71.87,1770
2026-07-08T13:15:00+05:30,71.87,72.1,71.83,72.06,1294
2026-07-08T13:30:00+05:30,72.07,72.26,71.93,72.03,1685
2026-07-08T13:45:00+05:30,72.03,74.26,71.97,74.02,15845
2026-07-08T14:00:00+05:30,74.03,74.91,73.97,74.68,7457
2026-07-08T14:15:00+05:30,74.69,74.91,74.26,74.85,4757
2026-07-08T14:30:00+05:30,74.85,75.11,74.8,75.11,4924
2026-07-08T14:45:00+05:30,75.12,75.3,74.77,74.86,4285
2026-07-08T15:00:00+05:30,74.86,74.89,74.44,74.59,4130
2026-07-08T15:15:00+05:30,74.57,75.07,74.46,74.9,5209
2026-07-08T15:30:00+05:30,74.9,74.97,74.59,74.65,2824
2026-07-08T15:45:00+05:30,74.64,74.7,74.19,74.21,2797
2026-07-08T16:00:00+05:30,74.21,74.23,73.82,73.95,3747
2026-07-08T16:15:00+05:30,73.96,74.15,73.86,74.15,2044
2026-07-08T16:30:00+05:30,74.15,74.32,73.96,74.18,2125
2026-07-08T16:45:00+05:30,74.18,74.42,74.18,74.3,1437
2026-07-08T17:00:00+05:30,74.31,74.58,73.48,74.05,4599
2026-07-08T17:15:00+05:30,74.05,74.12,73.84,74.08,3574
2026-07-08T17:30:00+05:30,74.08,74.34,73.87,74,3009
2026-07-08T17:45:00+05:30,74,74.01,73.42,73.45,4118
2026-07-08T18:00:00+05:30,73.47,73.56,73.2,73.34,3497
2026-07-08T18:15:00+05:30,73.33,73.88,73.13,73.84,7337
2026-07-08T18:30:00+05:30,73.83,74.15,73.62,73.77,10256
2026-07-08T18:45:00+05:30,73.76,74.29,73.71,74.24,6349
2026-07-08T19:00:00+05:30,74.23,74.31,73.53,73.56,5708
2026-07-08T19:15:00+05:30,73.55,73.82,73.31,73.75,4475
2026-07-08T19:30:00+05:30,73.76,74.39,73.74,74.33,6576
2026-07-08T19:45:00+05:30,74.33,75.51,74.33,75.51,10731
2026-07-08T20:00:00+05:30,75.5,75.79,75.27,75.33,10423
2026-07-08T20:15:00+05:30,75.32,75.53,75.1,75.3,6376
2026-07-08T20:30:00+05:30,75.3,75.78,75.24,75.67,6845
2026-07-08T20:45:00+05:30,75.68,75.84,75.25,75.28,4784
2026-07-08T21:00:00+05:30,75.28,75.82,75.26,75.66,4442
2026-07-08T21:15:00+05:30,75.67,76.08,75.64,75.84,4266
2026-07-08T21:30:00+05:30,75.84,75.98,75.03,75.29,5662
2026-07-08T21:45:00+05:30,75.31,75.43,74.87,75.06,4300
2026-07-08T22:00:00+05:30,75.05,75.34,74.58,74.64,9862
2026-07-08T22:15:00+05:30,74.64,74.83,74.37,74.57,5832
2026-07-08T22:30:00+05:30,74.58,74.63,74.17,74.3,3074
2026-07-08T22:45:00+05:30,74.29,74.32,73.81,73.85,3319
2026-07-08T23:00:00+05:30,73.84,73.98,73.65,73.74,3843
2026-07-08T23:15:00+05:30,73.74,73.89,73.54,73.78,2948
2026-07-08T23:30:00+05:30,73.77,73.81,73.51,73.61,2579
2026-07-08T23:45:00+05:30,73.61,73.78,73.43,73.53,6567
2026-07-09T00:00:00+05:30,73.53,73.85,73.35,73.76,3726
2026-07-09T00:15:00+05:30,73.76,73.79,73.56,73.59,1233
2026-07-09T00:30:00+05:30,73.61,73.72,73.59,73.6,612
2026-07-09T00:45:00+05:30,73.6,73.64,73.5,73.62,944
2026-07-09T01:00:00+05:30,73.61,74.11,73.59,74.07,1219
2026-07-09T01:15:00+05:30,74.07,74.31,73.93,74.07,2727
2026-07-09T01:30:00+05:30,74.06,74.62,74.05,74.38,1976
2026-07-09T01:45:00+05:30,74.38,74.81,74.37,74.62,1628
2026-07-09T02:00:00+05:30,74.6,75.06,74.59,74.85,1712
2026-07-09T02:15:00+05:30,74.83,74.86,74.49,74.76,1419
2026-07-09T03:30:00+05:30,74.95,75.13,74.49,74.65,624
2026-07-09T03:45:00+05:30,74.66,74.69,74.45,74.49,363
2026-07-09T04:00:00+05:30,74.5,74.59,74.22,74.5,752
2026-07-09T04:15:00+05:30,74.53,74.61,74.43,74.53,143
2026-07-09T04:30:00+05:30,74.52,74.56,74.49,74.52,148
2026-07-09T04:45:00+05:30,74.54,74.57,74.42,74.46,177
2026-07-09T05:00:00+05:30,74.45,74.49,74.41,74.43,117
2026-07-09T05:15:00+05:30,74.44,74.5,74.4,74.46,125
2026-07-09T05:30:00+05:30,74.45,74.52,74.13,74.21,888
2026-07-09T05:45:00+05:30,74.22,74.36,74.12,74.23,443
2026-07-09T06:00:00+05:30,74.22,74.38,74.09,74.24,569
2026-07-09T06:15:00+05:30,74.26,74.31,74,74.02,503
2026-07-09T06:30:00+05:30,74.02,74.5,73.88,74.47,1565
2026-07-09T06:45:00+05:30,74.48,74.62,74.38,74.4,868
2026-07-09T07:00:00+05:30,74.38,74.39,74.11,74.2,617
2026-07-09T07:15:00+05:30,74.18,74.24,74.08,74.12,275
2026-07-09T07:30:00+05:30,74.12,74.28,73.97,74.19,773
2026-07-09T07:45:00+05:30,74.2,74.33,74.16,74.24,367
2026-07-09T08:00:00+05:30,74.27,74.5,74.27,74.43,511
2026-07-09T08:15:00+05:30,74.42,74.67,74.4,74.51,538
2026-07-09T08:30:00+05:30,74.53,74.6,74.29,74.31,561
2026-07-09T08:45:00+05:30,74.32,74.45,74.26,74.41,527
2026-07-09T09:00:00+05:30,74.4,74.42,74.16,74.36,481
2026-07-09T09:15:00+05:30,74.36,74.38,74.26,74.27,225
2026-07-09T09:30:00+05:30,74.27,74.36,74.26,74.36,117
2026-07-09T09:45:00+05:30,74.36,74.41,74.31,74.39,126
2026-07-09T10:00:00+05:30,74.39,74.41,74.25,74.28,498
2026-07-09T10:15:00+05:30,74.28,74.38,74.28,74.35,163
2026-07-09T10:30:00+05:30,74.34,74.39,74,74.25,1606
2026-07-09T10:45:00+05:30,74.27,74.54,74.27,74.31,1327
2026-07-09T11:00:00+05:30,74.3,74.3,73.6,73.69,2061
2026-07-09T11:15:00+05:30,73.68,73.69,73,73.06,2515
2026-07-09T11:30:00+05:30,73.08,73.53,73.01,73.42,1623
2026-07-09T11:45:00+05:30,73.44,73.49,73.14,73.34,1196
2026-07-09T12:00:00+05:30,73.35,73.39,73.17,73.2,843
2026-07-09T12:15:00+05:30,73.2,73.39,73.19,73.31,793
2026-07-09T12:30:00+05:30,73.32,73.74,73.14,73.67,1898
2026-07-09T12:45:00+05:30,73.68,73.69,73.17,73.21,992
2026-07-09T13:00:00+05:30,73.21,73.25,72.71,72.74,2280
2026-07-09T13:15:00+05:30,72.74,72.96,72.54,72.76,2356
2026-07-09T13:30:00+05:30,72.76,72.92,72.54,72.63,1955
2026-07-09T13:45:00+05:30,72.63,72.63,72.41,72.49,1842
2026-07-09T14:00:00+05:30,72.49,73.02,72.37,72.85,1669
2026-07-09T14:15:00+05:30,72.87,73.05,72.73,73.02,1093
2026-07-09T14:30:00+05:30,73.04,73.23,72.97,73,1322
2026-07-09T14:45:00+05:30,72.98,73.23,72.97,73.2,951
2026-07-09T15:00:00+05:30,73.21,73.57,73.09,73.53,1364
2026-07-09T15:15:00+05:30,73.53,73.67,73.38,73.51,1251
2026-07-09T15:30:00+05:30,73.51,73.7,73.42,73.6,1085
2026-07-09T15:45:00+05:30,73.6,73.83,73.49,73.8,926
2026-07-09T16:00:00+05:30,73.81,73.89,73.6,73.73,1110
2026-07-09T16:15:00+05:30,73.74,74.62,73.74,74.25,4160
2026-07-09T16:30:00+05:30,74.25,74.29,73.89,73.99,2450
2026-07-09T16:45:00+05:30,74,74.24,73.98,74.07,934
2026-07-09T17:00:00+05:30,74.08,74.23,73.85,74,1766
2026-07-09T17:15:00+05:30,73.99,74.11,73.83,73.96,1665
2026-07-09T17:30:00+05:30,73.95,74.13,73.63,73.7,1705
2026-07-09T17:45:00+05:30,73.7,73.88,73.63,73.84,1441
2026-07-09T18:00:00+05:30,73.84,74.11,73.66,73.98,1931
2026-07-09T18:15:00+05:30,73.99,74.05,73.85,73.93,1400
2026-07-09T18:30:00+05:30,73.92,74.01,73.3,73.33,4713
2026-07-09T18:45:00+05:30,73.31,73.31,72.94,73.18,4377
2026-07-09T19:00:00+05:30,73.18,73.24,72.71,72.8,3999
2026-07-09T19:15:00+05:30,72.82,72.98,72.62,72.66,3475
2026-07-09T19:30:00+05:30,72.66,72.92,72.51,72.57,4361
2026-07-09T19:45:00+05:30,72.56,72.73,72.45,72.69,2642
2026-07-09T20:00:00+05:30,72.69,72.85,72.39,72.79,3261
2026-07-09T20:15:00+05:30,72.79,73.08,72.16,72.31,5298
2026-07-09T20:30:00+05:30,72.31,72.53,72.27,72.45,2429
2026-07-09T20:45:00+05:30,72.45,72.45,72.07,72.18,3435
2026-07-09T21:00:00+05:30,72.18,72.43,71.91,71.95,3261
2026-07-09T21:15:00+05:30,71.96,72.16,71.81,72.12,3816
2026-07-09T21:30:00+05:30,72.14,72.27,71.98,72.12,2518
2026-07-09T21:45:00+05:30,72.1,72.13,71.9,71.99,2015
2026-07-09T22:00:00+05:30,72,72.12,71.96,72.04,1666
2026-07-09T22:15:00+05:30,72.05,72.08,71.64,71.94,3472
2026-07-09T22:30:00+05:30,71.94,72.12,71.87,72.04,1907
2026-07-09T22:45:00+05:30,72.03,72.08,71.77,71.81,2076
2026-07-09T23:00:00+05:30,71.81,71.89,71.43,71.54,3137
2026-07-09T23:15:00+05:30,71.55,71.69,71.46,71.53,2725
2026-07-09T23:30:00+05:30,71.52,71.72,71.42,71.67,4045
2026-07-09T23:45:00+05:30,71.67,72.2,71.66,72.1,8603
2026-07-10T00:00:00+05:30,72.1,72.14,71.63,71.68,3577
2026-07-10T00:15:00+05:30,71.67,71.81,71.56,71.61,1584
2026-07-10T00:30:00+05:30,71.6,71.66,71.43,71.61,1112
2026-07-10T00:45:00+05:30,71.6,71.69,71.57,71.69,1037
2026-07-10T01:00:00+05:30,71.71,71.84,71.67,71.83,642
2026-07-10T01:15:00+05:30,71.83,71.89,71.8,71.88,588
2026-07-10T01:30:00+05:30,71.88,71.93,71.63,71.73,989
2026-07-10T01:45:00+05:30,71.73,71.84,71.73,71.83,251
2026-07-10T02:00:00+05:30,71.81,71.91,71.76,71.84,308
2026-07-10T02:15:00+05:30,71.84,71.88,71.73,71.81,472
2026-07-10T03:30:00+05:30,71.86,71.86,71.22,71.77,730
2026-07-10T03:45:00+05:30,71.77,71.86,71.71,71.73,204
2026-07-10T04:00:00+05:30,71.76,71.86,71.74,71.83,250
2026-07-10T04:15:00+05:30,71.85,71.87,71.8,71.83,57
2026-07-10T04:30:00+05:30,71.82,71.89,71.74,71.77,159
2026-07-10T04:45:00+05:30,71.77,71.88,71.76,71.87,117
2026-07-10T05:00:00+05:30,71.87,71.88,71.8,71.85,158
2026-07-10T05:15:00+05:30,71.84,71.95,71.83,71.92,142
2026-07-10T05:30:00+05:30,71.92,71.99,71.78,71.84,553
2026-07-10T05:45:00+05:30,71.84,71.9,71.78,71.84,186
2026-07-10T06:00:00+05:30,71.84,71.95,71.84,71.93,209
2026-07-10T06:15:00+05:30,71.92,72.01,71.89,71.97,212
2026-07-10T06:30:00+05:30,71.97,72.1,71.77,71.95,662
2026-07-10T06:45:00+05:30,71.95,72.18,71.95,72.1,461
2026-07-10T07:00:00+05:30,72.12,72.14,72.02,72.13,244
2026-07-10T07:15:00+05:30,72.12,72.18,72.07,72.14,277
2026-07-10T07:30:00+05:30,72.15,72.24,72.08,72.2,386
2026-07-10T07:45:00+05:30,72.18,72.29,72.12,72.27,377
2026-07-10T08:00:00+05:30,72.29,72.33,72.2,72.29,376
2026-07-10T08:15:00+05:30,72.3,72.42,72.26,72.36,293
2026-07-10T08:30:00+05:30,72.36,72.38,72.17,72.27,331
2026-07-10T08:45:00+05:30,72.28,72.35,72.25,72.28,195
2026-07-10T09:00:00+05:30,72.29,72.38,72.21,72.27,315
2026-07-10T09:15:00+05:30,72.28,72.41,72.27,72.39,171
2026-07-10T09:30:00+05:30,72.42,72.48,72.35,72.42,280
2026-07-10T09:45:00+05:30,72.42,72.56,72.41,72.46,470
2026-07-10T10:00:00+05:30,72.44,72.47,72.28,72.29,302
2026-07-10T10:15:00+05:30,72.3,72.32,72.18,72.29,299
2026-07-10T10:30:00+05:30,72.31,72.43,72.29,72.39,308
2026-07-10T10:45:00+05:30,72.4,72.41,72.28,72.3,172
2026-07-10T11:00:00+05:30,72.3,72.39,72.21,72.39,225
2026-07-10T11:15:00+05:30,72.37,72.38,71.97,72.16,749
2026-07-10T11:30:00+05:30,72.18,72.18,71.88,71.88,563
2026-07-10T11:45:00+05:30,71.89,71.98,71.75,71.89,780
2026-07-10T12:00:00+05:30,71.88,72.26,71.88,72.23,458
2026-07-10T12:15:00+05:30,72.23,72.26,72,72.04,460
2026-07-10T12:30:00+05:30,72.04,72.09,71.76,71.78,952
2026-07-10T12:45:00+05:30,71.79,71.84,71.45,71.59,1941
2026-07-10T13:00:00+05:30,71.58,71.66,71.31,71.4,1205
2026-07-10T13:15:00+05:30,71.4,71.63,71.37,71.57,893
2026-07-10T13:30:00+05:30,71.55,71.61,71.16,71.38,1948
2026-07-10T13:45:00+05:30,71.4,71.65,71.35,71.64,1212
2026-07-10T14:00:00+05:30,71.63,72.19,71.63,71.91,2063
2026-07-10T14:15:00+05:30,71.91,72.1,71.8,71.89,1110
2026-07-10T14:30:00+05:30,71.89,72.05,71.63,71.7,866
2026-07-10T14:45:00+05:30,71.7,71.78,71.51,71.65,719
2026-07-10T15:00:00+05:30,71.64,71.93,71.55,71.85,737
2026-07-10T15:15:00+05:30,71.87,71.95,71.77,71.85,484
2026-07-10T15:30:00+05:30,71.86,72.04,71.81,72.01,547
2026-07-10T15:45:00+05:30,72,72.07,71.9,71.97,1030
2026-07-10T16:00:00+05:30,71.98,72.03,71.89,71.94,430
2026-07-10T16:15:00+05:30,71.94,72.3,71.94,72.24,1333
2026-07-10T16:30:00+05:30,72.25,72.33,72.14,72.25,1227
2026-07-10T16:45:00+05:30,72.24,72.53,72.22,72.49,1512
2026-07-10T17:00:00+05:30,72.49,72.67,72.45,72.54,1541
2026-07-10T17:15:00+05:30,72.53,72.84,72.45,72.73,1872
2026-07-10T17:30:00+05:30,72.73,72.85,71.47,71.9,5615
2026-07-10T17:45:00+05:30,71.91,72.22,71.81,72.05,2332
2026-07-10T18:00:00+05:30,72.06,72.34,72.05,72.27,1141
2026-07-10T18:15:00+05:30,72.27,72.34,71.92,71.95,1576
2026-07-10T18:30:00+05:30,71.96,72.17,71.87,72.03,1921
2026-07-10T18:45:00+05:30,72.05,72.39,72.04,72.11,1686
2026-07-10T19:00:00+05:30,72.1,72.19,71.6,71.68,3774
2026-07-10T19:15:00+05:30,71.67,71.8,71.5,71.59,2722
2026-07-10T19:30:00+05:30,71.6,71.82,71.53,71.8,2687
2026-07-10T19:45:00+05:30,71.8,71.86,71.68,71.73,1502
2026-07-10T20:00:00+05:30,71.73,73.16,71.25,72,11798
2026-07-10T20:15:00+05:30,72.01,72.05,71.75,71.93,1856
2026-07-10T20:30:00+05:30,71.93,71.93,71.26,71.37,3846
2026-07-10T20:45:00+05:30,71.36,71.56,71.14,71.33,3812
2026-07-10T21:00:00+05:30,71.33,71.42,71.08,71.23,2512
2026-07-10T21:15:00+05:30,71.22,71.26,70.77,71.01,3969
2026-07-10T21:30:00+05:30,71.01,71.49,71.01,71.26,3554
2026-07-10T21:45:00+05:30,71.25,71.34,71.14,71.24,1195
2026-07-10T22:00:00+05:30,71.25,71.31,71.14,71.2,1259
2026-07-10T22:15:00+05:30,71.18,71.22,71.01,71.09,1790
2026-07-10T22:30:00+05:30,71.1,71.34,71.03,71.32,1881
2026-07-10T22:45:00+05:30,71.32,71.4,71.21,71.25,1011
2026-07-10T23:00:00+05:30,71.25,71.4,71.19,71.32,1531
2026-07-10T23:15:00+05:30,71.33,71.34,71.13,71.29,1267
2026-07-10T23:30:00+05:30,71.28,71.32,71.08,71.26,3277
2026-07-10T23:45:00+05:30,71.26,71.51,71.17,71.41,7265
2026-07-11T00:00:00+05:30,71.42,71.6,71.36,71.58,1852
2026-07-11T00:15:00+05:30,71.58,71.61,71.55,71.59,878
2026-07-11T00:30:00+05:30,71.6,71.62,71.56,71.57,1051
2026-07-11T00:45:00+05:30,71.57,71.7,71.5,71.62,1115
2026-07-11T01:00:00+05:30,71.61,71.69,71.45,71.61,1471
2026-07-11T01:15:00+05:30,71.61,71.63,71.55,71.57,537
2026-07-11T01:30:00+05:30,71.56,71.57,71.5,71.56,211
2026-07-11T01:45:00+05:30,71.56,71.6,71.53,71.57,217
2026-07-11T02:00:00+05:30,71.56,71.65,71.5,71.51,402
2026-07-11T02:15:00+05:30,71.52,71.56,71.47,71.51,744
2026-07-13T03:30:00+05:30,73.69,74.2,73.18,74.03,5356
2026-07-13T03:45:00+05:30,74.07,74.09,73.63,73.68,1155
2026-07-13T04:00:00+05:30,73.68,73.7,73.56,73.6,523
2026-07-13T04:15:00+05:30,73.64,73.77,73.62,73.69,349
2026-07-13T04:30:00+05:30,73.7,73.72,73.62,73.66,353
2026-07-13T04:45:00+05:30,73.68,73.75,73.64,73.73,316
2026-07-13T05:00:00+05:30,73.73,73.88,73.66,73.84,458
2026-07-13T05:15:00+05:30,73.83,73.84,73.67,73.77,447
2026-07-13T05:30:00+05:30,73.76,73.93,73.73,73.93,566
2026-07-13T05:45:00+05:30,73.93,74.17,73.9,73.91,855
2026-07-13T06:00:00+05:30,73.92,74.5,73.9,74.4,1668
2026-07-13T06:15:00+05:30,74.41,74.49,74.2,74.27,1228
2026-07-13T06:30:00+05:30,74.25,74.49,74.21,74.37,1623
2026-07-13T06:45:00+05:30,74.37,74.59,74.17,74.31,1386
2026-07-13T07:00:00+05:30,74.32,74.66,74.32,74.48,1118
2026-07-13T07:15:00+05:30,74.47,74.56,74.38,74.39,597
2026-07-13T07:30:00+05:30,74.39,74.5,74.26,74.41,1101
2026-07-13T07:45:00+05:30,74.41,74.59,74.4,74.5,554
2026-07-13T08:00:00+05:30,74.47,74.53,74.11,74.27,1005
2026-07-13T08:15:00+05:30,74.28,74.32,74.13,74.25,450
2026-07-13T08:30:00+05:30,74.24,74.45,74.24,74.41,619
2026-07-13T08:45:00+05:30,74.4,74.45,74.3,74.31,371
2026-07-13T09:00:00+05:30,74.3,74.38,74.12,74.33,1026
2026-07-13T09:15:00+05:30,74.33,74.33,74.17,74.29,385
2026-07-13T09:30:00+05:30,74.3,74.37,74.28,74.32,328
2026-07-13T09:45:00+05:30,74.32,74.4,74.29,74.34,347
2026-07-13T10:00:00+05:30,74.34,74.52,74.31,74.46,449
2026-07-13T10:15:00+05:30,74.46,74.55,74.46,74.53,359
2026-07-13T10:30:00+05:30,74.52,74.66,74.47,74.5,614
2026-07-13T10:45:00+05:30,74.53,74.7,74.48,74.69,542
2026-07-13T11:00:00+05:30,74.68,74.96,74.62,74.95,1092
2026-07-13T11:15:00+05:30,74.95,75.08,74.7,74.7,1598
2026-07-13T11:30:00+05:30,74.69,74.71,74.48,74.51,934
2026-07-13T11:45:00+05:30,74.52,74.52,74.25,74.33,990
2026-07-13T12:00:00+05:30,74.33,74.37,74.08,74.2,1024
2026-07-13T12:15:00+05:30,74.2,74.22,73.99,74.06,1084
2026-07-13T12:30:00+05:30,74.05,74.22,73.93,73.97,1064
2026-07-13T12:45:00+05:30,73.97,74.14,73.96,74.1,606
2026-07-13T13:00:00+05:30,74.09,74.23,73.67,73.9,1243
2026-07-13T13:15:00+05:30,73.9,74.1,73.88,74,820
2026-07-13T13:30:00+05:30,74,74.05,73.4,73.43,2064
2026-07-13T13:45:00+05:30,73.43,73.49,73.09,73.24,3875
2026-07-13T14:00:00+05:30,73.23,73.53,73.14,73.37,1383
2026-07-13T14:15:00+05:30,73.38,73.38,72.75,73.06,1866
2026-07-13T14:30:00+05:30,73.06,73.16,72.76,72.99,1362
2026-07-13T14:45:00+05:30,72.96,73.01,72.65,72.86,1691
2026-07-13T15:00:00+05:30,72.86,72.94,72.61,72.64,1195
2026-07-13T15:15:00+05:30,72.65,73.19,72.62,73.12,1956
2026-07-13T15:30:00+05:30,73.12,73.55,73.11,73.54,1675
2026-07-13T15:45:00+05:30,73.51,73.72,73.37,73.7,1660
2026-07-13T16:00:00+05:30,73.7,73.85,73.64,73.74,1389
2026-07-13T16:15:00+05:30,73.75,73.94,73.65,73.81,1549
2026-07-13T16:30:00+05:30,73.82,74.02,73.6,73.87,2929
2026-07-13T16:45:00+05:30,73.88,74.05,73.69,73.78,1248
2026-07-13T17:00:00+05:30,73.8,73.95,73.7,73.72,1141
2026-07-13T17:15:00+05:30,73.74,73.93,73.67,73.8,1214
2026-07-13T17:30:00+05:30,73.82,74.11,73.63,74.08,2811
2026-07-13T17:45:00+05:30,74.06,74.15,73.95,74.11,1338
2026-07-13T18:00:00+05:30,74.11,74.46,74.11,74.36,2181
2026-07-13T18:15:00+05:30,74.35,74.37,73.78,73.78,3045
2026-07-13T18:30:00+05:30,73.78,74.03,73.61,73.87,2473
2026-07-13T18:45:00+05:30,73.88,73.92,73.43,73.66,2061
2026-07-13T19:00:00+05:30,73.66,74.07,73.61,74.01,2849
2026-07-13T19:15:00+05:30,74.01,74.11,73.72,73.73,2928
2026-07-13T19:30:00+05:30,73.74,74.01,73.5,73.88,2607
2026-07-13T19:45:00+05:30,73.89,75.21,73.81,74.79,14822
2026-07-13T20:00:00+05:30,74.79,74.82,74.43,74.46,2843
2026-07-13T20:15:00+05:30,74.47,74.65,74.16,74.5,3810
2026-07-13T20:30:00+05:30,74.5,74.92,74.41,74.83,3015
2026-07-13T20:45:00+05:30,74.84,74.98,74.49,74.51,3061
2026-07-13T21:00:00+05:30,74.52,74.69,74.45,74.66,2060
2026-07-13T21:15:00+05:30,74.66,74.87,74.52,74.85,2432
2026-07-13T21:30:00+05:30,74.85,75.1,74.78,75.05,2567
2026-07-13T21:45:00+05:30,75.05,75.18,74.94,75.13,2365
2026-07-13T22:00:00+05:30,75.12,75.2,74.97,75.1,2667
2026-07-13T22:15:00+05:30,75.11,75.96,75.08,75.74,8159
2026-07-13T22:30:00+05:30,75.74,75.83,75.4,75.82,3260
2026-07-13T22:45:00+05:30,75.84,76.04,75.74,76,3561
2026-07-13T23:00:00+05:30,76.01,76.77,75.94,76.74,6101
2026-07-13T23:15:00+05:30,76.75,77.7,76.6,77.6,7523
2026-07-13T23:30:00+05:30,77.6,78,77.37,77.64,7542
2026-07-13T23:45:00+05:30,77.66,78.45,77.62,78.14,14457
2026-07-14T00:00:00+05:30,78.13,78.39,77.46,77.53,7625
2026-07-14T00:15:00+05:30,77.52,77.79,77.5,77.64,2752
2026-07-14T00:30:00+05:30,77.65,77.81,77.47,77.75,1579
2026-07-14T00:45:00+05:30,77.75,77.84,77.6,77.75,1514
2026-07-14T01:00:00+05:30,77.74,77.98,77.64,77.93,2006
2026-07-14T01:15:00+05:30,77.92,77.94,77.62,77.66,1487
2026-07-14T01:30:00+05:30,77.68,78.44,77.65,78.43,2598
2026-07-14T01:45:00+05:30,78.43,78.58,78.04,78.16,1998
2026-07-14T02:00:00+05:30,78.16,78.36,78.02,78.2,1184
2026-07-14T02:15:00+05:30,78.2,78.22,77.92,78,1061
2026-07-14T03:30:00+05:30,78.04,78.25,77.86,77.93,791
2026-07-14T03:45:00+05:30,77.93,78.22,77.91,78.15,588
2026-07-14T04:00:00+05:30,78.12,78.28,78.11,78.25,323
2026-07-14T04:15:00+05:30,78.22,79.09,78.22,79.04,1977
2026-07-14T04:30:00+05:30,79.04,79.14,78.59,78.84,898
2026-07-14T04:45:00+05:30,78.84,78.99,78.77,78.95,456
2026-07-14T05:00:00+05:30,78.99,79.58,78.98,79.56,1356
2026-07-14T05:15:00+05:30,79.57,79.58,78.95,78.95,1216
2026-07-14T05:30:00+05:30,78.95,79.7,78.58,79.32,2953
2026-07-14T05:45:00+05:30,79.32,80.42,79.31,80.13,3671
2026-07-14T06:00:00+05:30,80.15,80.22,79.76,79.93,1720
2026-07-14T06:15:00+05:30,79.95,79.95,79.7,79.86,1209
2026-07-14T06:30:00+05:30,79.84,79.95,79.23,79.5,3690
2026-07-14T06:45:00+05:30,79.5,79.54,79.08,79.47,2120
2026-07-14T07:00:00+05:30,79.48,79.53,79.18,79.43,819
2026-07-14T07:15:00+05:30,79.42,79.6,79.25,79.52,871
2026-07-14T07:30:00+05:30,79.54,79.57,79.12,79.14,988
2026-07-14T07:45:00+05:30,79.17,79.32,79.16,79.19,429
2026-07-14T08:00:00+05:30,79.19,79.44,78.91,79.38,1202
2026-07-14T08:15:00+05:30,79.37,79.61,79.28,79.53,803
2026-07-14T08:30:00+05:30,79.54,79.71,79.48,79.7,832
2026-07-14T08:45:00+05:30,79.71,80.04,79.7,79.8,1053
2026-07-14T09:00:00+05:30,79.81,80.06,79.58,79.7,1255
2026-07-14T09:15:00+05:30,79.7,79.7,79.43,79.61,707
2026-07-14T09:30:00+05:30,79.62,79.82,79.5,79.72,530
2026-07-14T09:45:00+05:30,79.7,79.73,79.43,79.62,702
2026-07-14T10:00:00+05:30,79.62,79.85,79.57,79.8,478
2026-07-14T10:15:00+05:30,79.81,79.91,79.73,79.78,348
2026-07-14T10:30:00+05:30,79.78,79.9,79.66,79.71,361
2026-07-14T10:45:00+05:30,79.72,79.84,79.65,79.7,351
2026-07-14T11:00:00+05:30,79.68,79.68,78.86,78.91,2272
2026-07-14T11:15:00+05:30,78.93,79.45,78.83,79.35,1144
2026-07-14T11:30:00+05:30,79.39,79.72,79.31,79.64,1184
2026-07-14T11:45:00+05:30,79.61,80.32,79.47,80.22,1745
2026-07-14T12:00:00+05:30,80.22,80.32,79.97,80.28,1733
2026-07-14T12:15:00+05:30,80.29,80.58,80.27,80.44,1721
2026-07-14T12:30:00+05:30,80.43,80.64,79.97,80.06,2148
2026-07-14T12:45:00+05:30,80.1,80.48,79.97,80.42,1991
2026-07-14T13:00:00+05:30,80.44,80.93,80.44,80.88,2463
2026-07-14T13:15:00+05:30,80.86,80.92,80.09,80.38,2694
2026-07-14T13:30:00+05:30,80.39,81.13,80.34,80.59,3641
2026-07-14T13:45:00+05:30,80.58,80.58,79.97,80.36,3561
2026-07-14T14:00:00+05:30,80.37,80.71,80.3,80.56,2156
2026-07-14T14:15:00+05:30,80.58,81.06,80.35,81.03,2132
2026-07-14T14:30:00+05:30,81.04,81.25,80.13,80.15,3276
2026-07-14T14:45:00+05:30,80.15,80.75,80.03,80.68,2201
2026-07-14T15:00:00+05:30,80.68,80.68,80.21,80.39,1101
2026-07-14T15:15:00+05:30,80.38,80.68,80.16,80.58,1963
2026-07-14T15:30:00+05:30,80.59,81.07,80.51,80.98,1819
2026-07-14T15:45:00+05:30,80.98,81.06,80.66,80.86,1390
2026-07-14T16:00:00+05:30,80.88,81.27,80.3,80.73,3084
2026-07-14T16:15:00+05:30,80.74,81.11,80.73,80.92,1639
2026-07-14T16:30:00+05:30,80.92,81.05,80.37,80.47,2018
2026-07-14T16:45:00+05:30,80.47,80.62,79.94,79.98,2591
2026-07-14T17:00:00+05:30,79.97,79.97,79.5,79.84,3334
2026-07-14T17:15:00+05:30,79.84,79.91,79.47,79.54,2732
2026-07-14T17:30:00+05:30,79.54,80.1,79.48,80.02,2415
2026-07-14T17:45:00+05:30,80,80.17,79.75,80.06,2007
2026-07-14T18:00:00+05:30,80.07,80.65,79.72,80.5,3759
2026-07-14T18:15:00+05:30,80.48,80.88,80.44,80.71,4139
2026-07-14T18:30:00+05:30,80.7,80.96,80.45,80.48,5692
2026-07-14T18:45:00+05:30,80.49,80.63,79.84,80.04,5183
2026-07-14T19:00:00+05:30,80.04,80.53,79.68,79.71,6386
2026-07-14T19:15:00+05:30,79.71,80.19,79.59,79.93,4487
2026-07-14T19:30:00+05:30,79.94,79.96,79.37,79.81,5020
2026-07-14T19:45:00+05:30,79.81,80,79.32,79.42,4278
2026-07-14T20:00:00+05:30,79.41,79.51,78.13,79.34,7828
2026-07-14T20:15:00+05:30,79.32,79.35,78.61,78.84,5610
2026-07-14T20:30:00+05:30,78.84,79.03,77.84,78.59,12574
2026-07-14T20:45:00+05:30,78.59,78.99,78.49,78.55,6741
2026-07-14T21:00:00+05:30,78.56,79.74,78.56,79.55,8489
2026-07-14T21:15:00+05:30,79.55,79.79,79.39,79.48,4652
2026-07-14T21:30:00+05:30,79.48,79.63,78.93,79.06,4830
2026-07-14T21:45:00+05:30,79.04,79.42,78.79,79.35,3184
2026-07-14T22:00:00+05:30,79.35,79.39,78.96,79.13,1833
2026-07-14T22:15:00+05:30,79.12,79.39,79.07,79.2,1912
2026-07-14T22:30:00+05:30,79.2,79.32,78.81,79.1,2394
2026-07-14T22:45:00+05:30,79.1,79.27,78.97,79.08,1853
2026-07-14T23:00:00+05:30,79.07,79.16,78.78,78.94,2554
2026-07-14T23:15:00+05:30,78.94,79.07,78.47,78.73,2969
2026-07-14T23:30:00+05:30,78.74,79.17,78.72,78.89,2976
2026-07-14T23:45:00+05:30,78.88,79.4,78.83,79.4,6140
2026-07-15T00:00:00+05:30,79.41,79.85,79.32,79.57,4498
2026-07-15T00:15:00+05:30,79.58,79.77,79.52,79.63,1632
2026-07-15T00:30:00+05:30,79.64,79.8,79.58,79.67,1178
2026-07-15T00:45:00+05:30,79.67,79.79,79.49,79.59,1668
2026-07-15T01:00:00+05:30,79.59,79.96,79.58,79.67,1757
2026-07-15T01:15:00+05:30,79.67,79.81,79.58,79.7,734
2026-07-15T01:30:00+05:30,79.68,79.92,79.67,79.86,494
2026-07-15T01:45:00+05:30,79.86,80.01,79.82,79.95,365
2026-07-15T02:00:00+05:30,79.95,80.28,79.93,80,660
2026-07-15T02:15:00+05:30,80.01,80.02,79.8,79.83,733
2026-07-15T03:30:00+05:30,79.74,80.24,79.59,80,865
2026-07-15T03:45:00+05:30,79.99,80.06,79.83,79.86,287
2026-07-15T04:00:00+05:30,79.86,80,79.83,79.97,396
2026-07-15T04:15:00+05:30,79.94,79.95,79.9,79.9,34
2026-07-15T04:30:00+05:30,79.94,79.96,79.87,79.93,99
2026-07-15T04:45:00+05:30,79.94,79.98,79.68,79.76,315
2026-07-15T05:00:00+05:30,79.77,79.9,79.75,79.89,145
2026-07-15T05:15:00+05:30,79.88,79.93,79.81,79.87,208
2026-07-15T05:30:00+05:30,79.84,80.22,79.61,80.22,1030
2026-07-15T05:45:00+05:30,80.21,80.33,80.11,80.26,460
2026-07-15T06:00:00+05:30,80.29,80.56,80.29,80.51,504
2026-07-15T06:15:00+05:30,80.54,80.59,80.2,80.2,628
2026-07-15T06:30:00+05:30,80.2,80.21,79.86,79.97,1339
2026-07-15T06:45:00+05:30,79.96,80.09,79.77,80.08,572
2026-07-15T07:00:00+05:30,80.08,80.11,79.9,80.07,321
2026-07-15T07:15:00+05:30,80,80.25,79.96,80.21,428
2026-07-15T07:30:00+05:30,80.23,80.37,80.04,80.12,511
2026-07-15T07:45:00+05:30,80.1,80.23,80.1,80.2,139
2026-07-15T08:00:00+05:30,80.19,80.29,80.15,80.23,220
2026-07-15T08:15:00+05:30,80.22,80.43,80.22,80.3,701
2026-07-15T08:30:00+05:30,80.29,80.31,80.12,80.21,211
2026-07-15T08:45:00+05:30,80.21,80.29,80.07,80.09,368
2026-07-15T09:00:00+05:30,80.1,80.24,80,80.14,638
2026-07-15T09:15:00+05:30,80.15,80.15,79.82,79.93,669
2026-07-15T09:30:00+05:30,79.95,80.07,79.95,79.97,325
2026-07-15T09:45:00+05:30,80,80.02,79.75,79.85,377
2026-07-15T10:00:00+05:30,79.86,79.9,79.71,79.82,256
2026-07-15T10:15:00+05:30,79.8,79.8,79.66,79.78,276
2026-07-15T10:30:00+05:30,79.78,79.99,79.75,79.76,435
2026-07-15T10:45:00+05:30,79.77,79.93,79.73,79.87,260
2026-07-15T11:00:00+05:30,79.88,79.9,79.48,79.83,931
2026-07-15T11:15:00+05:30,79.85,79.9,79.61,79.73,385
2026-07-15T11:30:00+05:30,79.72,79.86,79.64,79.69,425
2026-07-15T11:45:00+05:30,79.68,79.82,79.49,79.72,576
2026-07-15T12:00:00+05:30,79.7,79.79,79.57,79.64,357
2026-07-15T12:15:00+05:30,79.64,80.03,79.59,79.98,802
2026-07-15T12:30:00+05:30,79.99,80.41,79.99,80.19,1452
2026-07-15T12:45:00+05:30,80.2,80.49,80.13,80.34,675
2026-07-15T13:00:00+05:30,80.36,80.49,80.14,80.4,942
2026-07-15T13:15:00+05:30,80.39,80.63,80.21,80.52,1069
2026-07-15T13:30:00+05:30,80.55,80.93,80.52,80.81,1960
2026-07-15T13:45:00+05:30,80.8,80.8,79.82,79.85,3228
2026-07-15T14:00:00+05:30,79.84,80.02,79.66,79.78,2061
2026-07-15T14:15:00+05:30,79.78,79.85,79.34,79.4,1787
2026-07-15T14:30:00+05:30,79.4,79.64,79.3,79.58,1426
2026-07-15T14:45:00+05:30,79.59,79.98,79.58,79.94,1007
2026-07-15T15:00:00+05:30,79.95,80.02,79.72,79.78,870
2026-07-15T15:15:00+05:30,79.79,80.17,79.78,80.13,867
2026-07-15T15:30:00+05:30,80.13,80.29,79.94,80.2,851
2026-07-15T15:45:00+05:30,80.19,80.34,80.01,80.28,1155
2026-07-15T16:00:00+05:30,80.28,80.3,79.93,80.02,707
2026-07-15T16:15:00+05:30,80.02,80.13,79.85,79.87,728
2026-07-15T16:30:00+05:30,79.87,80.09,79.73,80.03,950
2026-07-15T16:45:00+05:30,80.04,80.07,79.74,79.74,812
2026-07-15T17:00:00+05:30,79.74,79.91,79.72,79.8,958
2026-07-15T17:15:00+05:30,79.79,79.79,79.36,79.56,2032
2026-07-15T17:30:00+05:30,79.56,79.78,79.56,79.62,1178
2026-07-15T17:45:00+05:30,79.64,79.94,79.54,79.85,1001
2026-07-15T18:00:00+05:30,79.86,79.9,79.65,79.71,1133
2026-07-15T18:15:00+05:30,79.73,79.85,79.6,79.78,970
2026-07-15T18:30:00+05:30,79.77,80.28,79.6,80.24,3907
2026-07-15T18:45:00+05:30,80.24,80.45,80.06,80.38,2773
2026-07-15T19:00:00+05:30,80.38,80.39,79.81,79.95,2564
2026-07-15T19:15:00+05:30,79.95,80.18,79.38,79.78,6175
2026-07-15T19:30:00+05:30,79.79,79.86,79.53,79.8,2709
2026-07-15T19:45:00+05:30,79.8,79.85,79.22,79.47,2188
2026-07-15T20:00:00+05:30,79.49,79.49,79.05,79.3,3335
2026-07-15T20:15:00+05:30,79.29,79.3,78.56,78.64,5474
2026-07-15T20:30:00+05:30,78.64,78.91,78.58,78.89,3242
2026-07-15T20:45:00+05:30,78.9,78.98,78.32,78.4,4543
2026-07-15T21:00:00+05:30,78.39,78.81,78.19,78.58,5335
2026-07-15T21:15:00+05:30,78.57,78.89,78.5,78.87,1726
2026-07-15T21:30:00+05:30,78.89,79.21,78.84,79.01,2304
2026-07-15T21:45:00+05:30,79.02,79.4,78.95,79.21,2210
2026-07-15T22:00:00+05:30,79.22,79.5,79.14,79.49,1773
2026-07-15T22:15:00+05:30,79.49,79.72,78.83,79.48,4894
2026-07-15T22:30:00+05:30,79.49,79.49,79.1,79.35,2041
2026-07-15T22:45:00+05:30,79.36,79.42,78.97,78.99,1697
2026-07-15T23:00:00+05:30,78.98,79.18,78.78,78.95,2206
2026-07-15T23:15:00+05:30,78.97,79.03,78.86,78.98,1116
2026-07-15T23:30:00+05:30,78.97,79.22,78.83,79.12,1756
2026-07-15T23:45:00+05:30,79.12,79.69,79.12,79.66,3564
2026-07-16T00:00:00+05:30,79.66,79.9,79.61,79.78,2070
2026-07-16T00:15:00+05:30,79.78,79.85,79.64,79.74,1578
2026-07-16T00:30:00+05:30,79.75,79.78,79.58,79.68,1617
2026-07-16T00:45:00+05:30,79.66,79.92,79.56,79.89,1455
2026-07-16T01:00:00+05:30,79.88,80.68,79.84,80.27,3150
2026-07-16T01:15:00+05:30,80.26,80.38,80.23,80.32,609
2026-07-16T01:30:00+05:30,80.32,80.51,80.29,80.4,840
2026-07-16T01:45:00+05:30,80.4,80.4,80.18,80.3,665
2026-07-16T02:00:00+05:30,80.3,80.46,80.29,80.41,331
2026-07-16T02:15:00+05:30,80.43,80.43,80.19,80.24,428
2026-07-16T03:30:00+05:30,80,80.27,79.6,80.22,430
2026-07-16T03:45:00+05:30,80.22,80.37,80.21,80.34,178
2026-07-16T04:00:00+05:30,80.38,80.49,80.27,80.32,403
2026-07-16T04:15:00+05:30,80.33,80.59,80.22,80.29,379
2026-07-16T04:30:00+05:30,80.29,80.34,80.24,80.31,86
2026-07-16T04:45:00+05:30,80.29,80.29,80.18,80.18,85
2026-07-16T05:00:00+05:30,80.19,80.25,80.07,80.19,186
2026-07-16T05:15:00+05:30,80.14,80.22,80.14,80.22,70
2026-07-16T05:30:00+05:30,80.17,80.19,79.96,79.97,545
2026-07-16T05:45:00+05:30,79.98,80.06,79.89,79.99,283
2026-07-16T06:00:00+05:30,80,80.21,79.96,80.14,326
2026-07-16T06:15:00+05:30,80.16,80.16,80.02,80.14,138
2026-07-16T06:30:00+05:30,80.11,80.37,80,80.28,455
2026-07-16T06:45:00+05:30,80.27,80.27,80.01,80.15,413
2026-07-16T07:00:00+05:30,80.12,80.14,79.96,80.13,490
2026-07-16T07:15:00+05:30,80.13,80.29,79.95,80.05,600
2026-07-16T07:30:00+05:30,80.06,80.16,80.04,80.13,234
2026-07-16T07:45:00+05:30,80.12,80.28,80.04,80.23,240
2026-07-16T08:00:00+05:30,80.23,80.25,80.01,80.17,266
2026-07-16T08:15:00+05:30,80.18,80.18,79.99,80.04,414
2026-07-16T08:30:00+05:30,80.02,80.08,79.87,79.91,286
2026-07-16T08:45:00+05:30,79.89,79.89,79.65,79.72,502
2026-07-16T09:00:00+05:30,79.72,79.73,79.27,79.4,1102
2026-07-16T09:15:00+05:30,79.38,79.57,79.37,79.55,391
2026-07-16T09:30:00+05:30,79.54,79.61,79.47,79.49,324
2026-07-16T09:45:00+05:30,79.52,79.57,79.44,79.49,120
2026-07-16T10:00:00+05:30,79.51,79.52,79.32,79.34,144
2026-07-16T10:15:00+05:30,79.33,79.39,79.26,79.37,209
2026-07-16T10:30:00+05:30,79.39,79.39,79.23,79.34,235
2026-07-16T10:45:00+05:30,79.34,79.42,79.26,79.29,306
2026-07-16T11:00:00+05:30,79.3,79.44,79.14,79.36,363
2026-07-16T11:15:00+05:30,79.36,79.49,79.28,79.39,275
2026-07-16T11:30:00+05:30,79.4,79.68,79.3,79.43,651
2026-07-16T11:45:00+05:30,79.43,79.67,79.32,79.56,770
2026-07-16T12:00:00+05:30,79.59,79.69,79.3,79.53,520
2026-07-16T12:15:00+05:30,79.56,79.61,79.26,79.41,441
2026-07-16T12:30:00+05:30,79.42,79.62,79.22,79.26,995
2026-07-16T12:45:00+05:30,79.27,79.74,79.25,79.7,592
2026-07-16T13:00:00+05:30,79.69,79.78,79.52,79.57,619
2026-07-16T13:15:00+05:30,79.57,79.62,79.46,79.54,767
2026-07-16T13:30:00+05:30,79.56,79.63,79.27,79.54,1179
2026-07-16T13:45:00+05:30,79.53,79.56,79.4,79.42,740
2026-07-16T14:00:00+05:30,79.42,79.67,79.33,79.58,899
2026-07-16T14:15:00+05:30,79.59,79.61,79.28,79.31,679
2026-07-16T14:30:00+05:30,79.31,79.33,78.91,78.95,1634
2026-07-16T14:45:00+05:30,78.96,79.4,78.95,79.08,1233
2026-07-16T15:00:00+05:30,79.09,79.59,79.02,79.54,1273
2026-07-16T15:15:00+05:30,79.52,79.66,79.42,79.55,1146
2026-07-16T15:30:00+05:30,79.56,79.6,79.4,79.56,538
2026-07-16T15:45:00+05:30,79.56,79.61,79.42,79.58,418
2026-07-16T16:00:00+05:30,79.59,79.69,79.54,79.6,386
2026-07-16T16:15:00+05:30,79.59,79.69,79.44,79.62,972
2026-07-16T16:30:00+05:30,79.63,79.63,79.34,79.49,610
2026-07-16T16:45:00+05:30,79.5,79.58,79.33,79.39,683
2026-07-16T17:00:00+05:30,79.37,79.55,79.36,79.46,678
2026-07-16T17:15:00+05:30,79.46,80.34,79.35,79.68,5427
2026-07-16T17:30:00+05:30,79.66,80.19,79.63,80.1,1936
2026-07-16T17:45:00+05:30,80.11,80.73,80.11,80.44,4094
2026-07-16T18:00:00+05:30,80.45,80.7,80.31,80.67,2498
2026-07-16T18:15:00+05:30,80.68,80.68,80.28,80.5,1874
2026-07-16T18:30:00+05:30,80.5,80.87,80.32,80.37,3372
2026-07-16T18:45:00+05:30,80.34,80.55,80.12,80.15,2107
2026-07-16T19:00:00+05:30,80.15,80.36,79.87,80,2693
2026-07-16T19:15:00+05:30,80,80.12,79.87,80.07,1511
2026-07-16T19:30:00+05:30,80.09,80.09,79.68,79.94,1869
2026-07-16T19:45:00+05:30,79.97,80.31,79.88,80.04,1691
2026-07-16T20:00:00+05:30,80.05,80.07,79.78,79.79,1853
2026-07-16T20:15:00+05:30,79.8,79.87,79.44,79.58,2333
2026-07-16T20:30:00+05:30,79.58,79.77,79.47,79.69,1578
2026-07-16T20:45:00+05:30,79.68,79.72,79.3,79.52,2401
2026-07-16T21:00:00+05:30,79.52,79.67,79.17,79.33,1974
2026-07-16T21:15:00+05:30,79.34,79.45,79.31,79.35,1388
2026-07-16T21:30:00+05:30,79.35,79.71,79.31,79.42,1861
2026-07-16T21:45:00+05:30,79.43,80.08,79.33,79.44,4752
2026-07-16T22:00:00+05:30,79.44,79.45,79.24,79.36,1747
2026-07-16T22:15:00+05:30,79.36,79.42,78.82,78.98,2433
2026-07-16T22:30:00+05:30,78.99,79.24,78.79,79.24,1656
2026-07-16T22:45:00+05:30,79.24,79.25,78.92,78.94,1388
2026-07-16T23:00:00+05:30,78.95,79.12,78.71,79.05,1992
2026-07-16T23:15:00+05:30,79.05,79.11,78.71,78.77,1458
2026-07-16T23:30:00+05:30,78.77,78.87,78.6,78.69,1642
2026-07-16T23:45:00+05:30,78.68,79.08,78.58,78.97,4095
2026-07-17T00:00:00+05:30,78.96,78.99,78.75,78.96,1218
2026-07-17T00:15:00+05:30,78.96,79.08,78.89,79,893
2026-07-17T00:30:00+05:30,79.02,79.1,78.94,78.98,556
2026-07-17T00:45:00+05:30,78.98,79.03,78.95,78.98,191
2026-07-17T01:00:00+05:30,78.99,79.18,78.99,79.06,559
2026-07-17T01:15:00+05:30,79.07,79.14,79.03,79.06,414
2026-07-17T01:30:00+05:30,79.07,79.1,78.86,79.08,381
2026-07-17T01:45:00+05:30,79.09,79.15,79.07,79.12,170
2026-07-17T02:00:00+05:30,79.14,79.6,79.14,79.47,751
2026-07-17T02:15:00+05:30,79.45,79.69,79.41,79.58,525
2026-07-17T03:30:00+05:30,78.86,79.03,78.81,79.03,448
2026-07-17T03:45:00+05:30,79.05,79.07,78.87,78.96,200
2026-07-17T04:00:00+05:30,78.95,79.02,78.91,78.97,211
2026-07-17T04:15:00+05:30,78.97,79.02,78.93,78.94,133
2026-07-17T04:30:00+05:30,78.93,79,78.91,78.99,72
2026-07-17T04:45:00+05:30,78.99,79.03,78.94,79,123
2026-07-17T05:00:00+05:30,79.01,79.02,78.95,78.96,205
2026-07-17T05:15:00+05:30,78.96,79.02,78.95,79.02,111
2026-07-17T05:30:00+05:30,79.01,79.01,78.79,78.82,640
2026-07-17T05:45:00+05:30,78.83,79.03,78.79,78.99,432
2026-07-17T06:00:00+05:30,78.98,79.12,78.83,79.09,313
2026-07-17T06:15:00+05:30,79.11,79.14,78.98,79.11,455
2026-07-17T06:30:00+05:30,79.11,79.4,79,79.34,896
2026-07-17T06:45:00+05:30,79.34,79.53,79.31,79.52,698
2026-07-17T07:00:00+05:30,79.52,79.58,79.16,79.26,904
2026-07-17T07:15:00+05:30,79.26,79.27,79.11,79.17,611
2026-07-17T07:30:00+05:30,79.17,79.24,79.1,79.17,333
2026-07-17T07:45:00+05:30,79.16,79.18,79.06,79.07,291
2026-07-17T08:00:00+05:30,79.07,79.08,78.85,78.97,699
2026-07-17T08:15:00+05:30,78.98,79.05,78.77,79.03,917
2026-07-17T08:30:00+05:30,79.01,79.11,78.97,79.03,262
2026-07-17T08:45:00+05:30,79.02,79.07,78.87,79.05,251
2026-07-17T09:00:00+05:30,79.06,79.14,78.94,79.1,349
2026-07-17T09:15:00+05:30,79.08,79.17,79.05,79.16,178
2026-07-17T09:30:00+05:30,79.15,79.18,79.07,79.18,298
2026-07-17T09:45:00+05:30,79.18,79.28,79.15,79.25,340
2026-07-17T10:00:00+05:30,79.25,79.28,79.16,79.17,209
2026-07-17T10:15:00+05:30,79.16,79.19,79.1,79.19,182
2026-07-17T10:30:00+05:30,79.19,79.21,79.05,79.06,270
2026-07-17T10:45:00+05:30,79.07,79.09,78.93,78.98,200
2026-07-17T11:00:00+05:30,78.98,79.11,78.13,78.34,1607
2026-07-17T11:15:00+05:30,78.35,78.5,78.15,78.38,884
2026-07-17T11:30:00+05:30,78.43,78.45,77.93,78.13,1637
2026-07-17T11:45:00+05:30,78.14,78.48,78.06,78.44,1018
2026-07-17T12:00:00+05:30,78.45,78.89,78.38,78.72,1789
2026-07-17T12:15:00+05:30,78.73,78.85,78.51,78.65,615
2026-07-17T12:30:00+05:30,78.63,78.96,78.61,78.87,1001
2026-07-17T12:45:00+05:30,78.87,79.14,78.77,79.01,1013
2026-07-17T13:00:00+05:30,79,79.06,78.88,78.93,693
2026-07-17T13:15:00+05:30,78.94,78.97,78.72,78.77,564
2026-07-17T13:30:00+05:30,78.76,78.89,78.53,78.81,937
2026-07-17T13:45:00+05:30,78.81,79.11,78.56,79.07,1348
2026-07-17T14:00:00+05:30,79.05,79.09,78.8,78.96,854
2026-07-17T14:15:00+05:30,78.97,79.32,78.95,79.29,1079
2026-07-17T14:30:00+05:30,79.32,79.62,79.29,79.45,2398
2026-07-17T14:45:00+05:30,79.45,79.83,79.4,79.77,1674
2026-07-17T15:00:00+05:30,79.78,79.93,79.65,79.73,1465
2026-07-17T15:15:00+05:30,79.72,79.91,79.66,79.77,1326
2026-07-17T15:30:00+05:30,79.77,80.03,79.56,79.98,2285
2026-07-17T15:45:00+05:30,79.98,80.09,79.84,79.84,1342
2026-07-17T16:00:00+05:30,79.85,79.9,79.74,79.79,1047
2026-07-17T16:15:00+05:30,79.8,80.04,79.8,79.98,808
2026-07-17T16:30:00+05:30,79.99,80.23,79.92,80.16,1298
2026-07-17T16:45:00+05:30,80.15,80.32,80.06,80.07,1115
2026-07-17T17:00:00+05:30,80.07,80.19,79.92,79.97,1132
2026-07-17T17:15:00+05:30,79.98,80.21,79.9,80.19,1238
2026-07-17T17:30:00+05:30,80.2,80.22,80.05,80.1,1288
2026-07-17T17:45:00+05:30,80.11,80.31,80.09,80.23,1395
2026-07-17T18:00:00+05:30,80.26,80.44,80.25,80.33,1787
2026-07-17T18:15:00+05:30,80.31,80.46,80.1,80.35,2358
2026-07-17T18:30:00+05:30,80.34,81.01,80.29,80.85,6346
2026-07-17T18:45:00+05:30,80.86,81.02,80.66,80.95,2559
2026-07-17T19:00:00+05:30,80.94,81.06,80.58,80.91,3402
2026-07-17T19:15:00+05:30,80.92,81.2,80.86,81.14,2571
2026-07-17T19:30:00+05:30,81.14,81.25,80.9,81.12,3258
2026-07-17T19:45:00+05:30,81.11,81.11,80.83,80.91,2382
2026-07-17T20:00:00+05:30,80.9,80.9,80.53,80.8,2894
2026-07-17T20:15:00+05:30,80.79,80.8,80.17,80.22,4819
2026-07-17T20:30:00+05:30,80.21,80.35,79.82,79.97,5171
2026-07-17T20:45:00+05:30,79.97,80.57,79.97,80.42,4434
2026-07-17T21:00:00+05:30,80.42,80.85,80.3,80.71,4708
2026-07-17T21:15:00+05:30,80.72,80.81,80.6,80.68,1424
2026-07-17T21:30:00+05:30,80.69,81.45,80.62,81.32,5877
2026-07-17T21:45:00+05:30,81.32,81.52,81.21,81.41,2529
2026-07-17T22:00:00+05:30,81.41,81.47,81.21,81.34,1732
2026-07-17T22:15:00+05:30,81.34,81.54,81.2,81.47,2406
2026-07-17T22:30:00+05:30,81.47,81.54,81.28,81.49,2065
2026-07-17T22:45:00+05:30,81.49,81.73,81.44,81.64,2429
2026-07-17T23:00:00+05:30,81.64,81.85,81.51,81.81,3993
2026-07-17T23:15:00+05:30,81.81,81.88,81.67,81.77,3280
2026-07-17T23:30:00+05:30,81.77,82.07,81.61,82.01,3871
2026-07-17T23:45:00+05:30,82.02,82.06,81.65,81.67,8985
2026-07-18T00:00:00+05:30,81.66,81.69,81.34,81.42,4658
2026-07-18T00:15:00+05:30,81.42,81.52,81.36,81.41,1541
2026-07-18T00:30:00+05:30,81.42,81.44,81.31,81.38,892
2026-07-18T00:45:00+05:30,81.38,81.47,81.33,81.38,1217
2026-07-18T01:00:00+05:30,81.36,81.36,81.08,81.14,1886
2026-07-18T01:15:00+05:30,81.13,81.46,81.12,81.44,1504
2026-07-18T01:30:00+05:30,81.44,81.64,81.32,81.51,786
2026-07-18T01:45:00+05:30,81.51,81.75,81.51,81.72,626
2026-07-18T02:00:00+05:30,81.72,81.86,81.61,81.86,616
2026-07-18T02:15:00+05:30,81.84,81.86,81.69,81.77,1005
2026-07-20T03:30:00+05:30,82.91,84.41,82.88,83.87,5895
2026-07-20T03:45:00+05:30,83.86,84.58,83.8,84.58,2873
2026-07-20T04:00:00+05:30,84.59,84.6,84.01,84.13,1608
2026-07-20T04:15:00+05:30,84.11,84.17,84.01,84.03,938
2026-07-20T04:30:00+05:30,84.04,84.17,83.96,84.08,864
2026-07-20T04:45:00+05:30,84.09,84.09,83.79,83.95,1010
2026-07-20T05:00:00+05:30,83.95,83.98,83.71,83.94,825
2026-07-20T05:15:00+05:30,83.94,84,83.8,83.84,518
2026-07-20T05:30:00+05:30,83.85,83.9,83.52,83.66,1527
2026-07-20T05:45:00+05:30,83.64,83.73,83.56,83.7,936
2026-07-20T06:00:00+05:30,83.72,83.78,83.53,83.68,503
2026-07-20T06:15:00+05:30,83.69,83.75,83.55,83.57,499
2026-07-20T06:30:00+05:30,83.57,83.67,83.36,83.63,1431
2026-07-20T06:45:00+05:30,83.61,83.69,83.39,83.59,682
2026-07-20T07:00:00+05:30,83.6,83.81,83.5,83.77,641
2026-07-20T07:15:00+05:30,83.79,83.86,83.6,83.7,1040
2026-07-20T07:30:00+05:30,83.7,83.85,83.42,83.8,602
2026-07-20T07:45:00+05:30,83.81,83.81,83.59,83.6,409
2026-07-20T08:00:00+05:30,83.61,83.7,83.33,83.52,1029
2026-07-20T08:15:00+05:30,83.52,83.55,83.31,83.36,719
2026-07-20T08:30:00+05:30,83.35,83.52,83.32,83.52,270
2026-07-20T08:45:00+05:30,83.52,83.63,83.43,83.52,435
2026-07-20T09:00:00+05:30,83.53,83.65,83.51,83.57,288
2026-07-20T09:15:00+05:30,83.59,83.65,83.56,83.64,115
2026-07-20T09:30:00+05:30,83.64,83.77,83.61,83.75,398
2026-07-20T09:45:00+05:30,83.74,83.77,83.67,83.69,180
2026-07-20T10:00:00+05:30,83.69,83.69,83.47,83.5,412
2026-07-20T10:15:00+05:30,83.5,83.65,83.47,83.55,448
2026-07-20T10:30:00+05:30,83.54,83.56,83.43,83.48,344
2026-07-20T10:45:00+05:30,83.48,83.7,83.47,83.69,394
2026-07-20T11:00:00+05:30,83.69,83.77,83.48,83.73,657
2026-07-20T11:15:00+05:30,83.74,83.86,83.66,83.81,575
2026-07-20T11:30:00+05:30,83.81,84.09,83.8,83.97,1385
2026-07-20T11:45:00+05:30,83.99,84.2,83.73,83.8,1836
2026-07-20T12:00:00+05:30,83.79,84.1,83.74,83.87,2112
2026-07-20T12:15:00+05:30,83.86,83.94,83.67,83.89,772
2026-07-20T12:30:00+05:30,83.88,84.17,83.64,83.98,1900
2026-07-20T12:45:00+05:30,83.97,84.02,83.13,83.2,3442
2026-07-20T13:00:00+05:30,83.19,83.25,82.23,82.23,4691
2026-07-20T13:15:00+05:30,82.24,82.62,82.11,82.22,3847
2026-07-20T13:30:00+05:30,82.21,82.23,81.65,81.75,3651
2026-07-20T13:45:00+05:30,81.75,81.82,81.39,81.62,3665
2026-07-20T14:00:00+05:30,81.62,81.68,81.31,81.67,2450
2026-07-20T14:15:00+05:30,81.65,81.68,81.27,81.57,2213
2026-07-20T14:30:00+05:30,81.57,81.74,81.45,81.5,1662
2026-07-20T14:45:00+05:30,81.49,81.49,81.11,81.34,1630
2026-07-20T15:00:00+05:30,81.34,81.34,80.95,81.19,1913
2026-07-20T15:15:00+05:30,81.19,81.33,81.12,81.17,1600
2026-07-20T15:30:00+05:30,81.18,81.5,81.15,81.41,1240
2026-07-20T15:45:00+05:30,81.41,81.46,81.24,81.45,748
2026-07-20T16:00:00+05:30,81.45,81.74,81.43,81.68,1317
2026-07-20T16:15:00+05:30,81.68,81.83,81.63,81.64,1670
2026-07-20T16:30:00+05:30,81.63,81.71,81.41,81.71,1389
2026-07-20T16:45:00+05:30,81.7,81.72,81.52,81.61,811
2026-07-20T17:00:00+05:30,81.59,81.6,79.58,79.76,13258
2026-07-20T17:15:00+05:30,79.78,80.49,79.78,80.28,5309
2026-07-20T17:30:00+05:30,80.26,81.7,80.24,81.43,10973
2026-07-20T17:45:00+05:30,81.44,81.98,81.39,81.84,3441
2026-07-20T18:00:00+05:30,81.83,82.13,81.68,82.02,5182
2026-07-20T18:15:00+05:30,82.03,82.13,81.57,81.87,4443
2026-07-20T18:30:00+05:30,81.88,81.99,81.43,81.76,5523
2026-07-20T18:45:00+05:30,81.75,81.76,81.14,81.34,4693
2026-07-20T19:00:00+05:30,81.33,81.51,81.1,81.44,3738
2026-07-20T19:15:00+05:30,81.42,81.76,81.34,81.71,2978
2026-07-20T19:30:00+05:30,81.71,81.99,81.51,81.97,3613
2026-07-20T19:45:00+05:30,81.96,82.02,81.46,81.52,2679
2026-07-20T20:00:00+05:30,81.52,81.71,81.29,81.46,2626
2026-07-20T20:15:00+05:30,81.46,82.07,81.44,82,3196
2026-07-20T20:30:00+05:30,81.99,82.08,81.11,81.44,5468
2026-07-20T20:45:00+05:30,81.45,81.77,81.36,81.4,2985
2026-07-20T21:00:00+05:30,81.4,81.64,81.27,81.49,3508
2026-07-20T21:15:00+05:30,81.49,81.63,81.41,81.56,1936
2026-07-20T21:30:00+05:30,81.57,81.58,81.18,81.39,2694
2026-07-20T21:45:00+05:30,81.39,81.62,81.24,81.61,2109
2026-07-20T22:00:00+05:30,81.6,82.45,81.6,81.87,6722
2026-07-20T22:15:00+05:30,81.86,81.98,81.56,81.89,2402
2026-07-20T22:30:00+05:30,81.9,81.95,81.67,81.78,2127
2026-07-20T22:45:00+05:30,81.78,81.98,81.72,81.75,1998
2026-07-20T23:00:00+05:30,81.76,82.23,81.76,82.04,3103
2026-07-20T23:15:00+05:30,82.04,82.29,81.95,82.16,3443
2026-07-20T23:30:00+05:30,82.17,82.2,81.82,81.93,3496
2026-07-20T23:45:00+05:30,81.93,82.61,81.93,82.59,10946
2026-07-21T00:00:00+05:30,82.57,82.93,82.56,82.91,3517
2026-07-21T00:15:00+05:30,82.91,83.17,82.77,82.86,2607
2026-07-21T00:30:00+05:30,82.87,82.99,82.74,82.79,1107
2026-07-21T00:45:00+05:30,82.79,82.83,82.4,82.54,2127
2026-07-21T01:00:00+05:30,82.52,82.6,82.16,82.43,2040
2026-07-21T01:15:00+05:30,82.42,82.53,82.35,82.42,1683
2026-07-21T01:30:00+05:30,82.43,82.48,82.36,82.41,647
2026-07-21T01:45:00+05:30,82.41,82.53,82.4,82.48,310
2026-07-21T02:00:00+05:30,82.49,82.56,82.46,82.49,313
2026-07-21T02:15:00+05:30,82.48,82.5,82.4,82.42,625
2026-07-21T03:30:00+05:30,82.42,82.69,82.4,82.52,604
2026-07-21T03:45:00+05:30,82.53,82.66,82.53,82.58,192
2026-07-21T04:00:00+05:30,82.59,82.68,82.5,82.61,222
2026-07-21T04:15:00+05:30,82.62,82.67,82.6,82.63,108
2026-07-21T04:30:00+05:30,82.63,82.74,82.55,82.6,222
2026-07-21T04:45:00+05:30,82.59,82.62,82.51,82.52,143
2026-07-21T05:00:00+05:30,82.53,82.61,82.51,82.59,105
2026-07-21T05:15:00+05:30,82.59,82.59,82.45,82.49,154
2026-07-21T05:30:00+05:30,82.47,82.54,82.32,82.42,643
2026-07-21T05:45:00+05:30,82.44,82.55,82.39,82.52,419
2026-07-21T06:00:00+05:30,82.53,82.55,82.39,82.45,241
2026-07-21T06:15:00+05:30,82.45,82.53,82.41,82.5,158
2026-07-21T06:30:00+05:30,82.51,82.56,82.01,82.13,1312
2026-07-21T06:45:00+05:30,82.12,82.2,81.92,82.16,894
2026-07-21T07:00:00+05:30,82.14,82.34,82.1,82.21,480
2026-07-21T07:15:00+05:30,82.21,82.47,82.21,82.41,439
2026-07-21T07:30:00+05:30,82.43,82.44,82.22,82.31,254
2026-07-21T07:45:00+05:30,82.34,82.4,82.23,82.36,235
2026-07-21T08:00:00+05:30,82.36,82.53,82.32,82.47,370
2026-07-21T08:15:00+05:30,82.47,82.53,82.13,82.15,380
2026-07-21T08:30:00+05:30,82.15,82.4,82.1,82.38,273
2026-07-21T08:45:00+05:30,82.38,82.38,82.23,82.27,180
2026-07-21T09:00:00+05:30,82.28,82.28,82.13,82.21,284
2026-07-21T09:15:00+05:30,82.22,82.32,82.15,82.18,266
2026-07-21T09:30:00+05:30,82.17,82.17,81.91,82.05,748
2026-07-21T09:45:00+05:30,82.06,82.2,82.04,82.14,294
2026-07-21T10:00:00+05:30,82.15,82.24,82.1,82.14,190
2026-07-21T10:15:00+05:30,82.15,82.15,82.07,82.14,193
2026-07-21T10:30:00+05:30,82.14,82.42,82.1,82.27,519
2026-07-21T10:45:00+05:30,82.29,82.34,82.25,82.33,195
2026-07-21T11:00:00+05:30,82.33,82.33,81.99,82.07,638
2026-07-21T11:15:00+05:30,82.09,82.16,81.82,82.05,802
2026-07-21T11:30:00+05:30,82.06,82.24,82.03,82.15,687
2026-07-21T11:45:00+05:30,82.16,82.16,81.93,81.94,895
2026-07-21T12:00:00+05:30,81.93,82.11,81.91,82.05,941
2026-07-21T12:15:00+05:30,82.06,82.32,82.01,82.32,889
2026-07-21T12:30:00+05:30,82.31,82.66,82.25,82.62,1667
2026-07-21T12:45:00+05:30,82.62,82.88,82.62,82.88,1502
2026-07-21T13:00:00+05:30,82.89,83.05,82.1,82.24,2494
2026-07-21T13:15:00+05:30,82.23,82.29,81.89,81.92,1627
2026-07-21T13:30:00+05:30,81.92,82,81.44,81.53,2297
2026-07-21T13:45:00+05:30,81.53,82.06,81.39,81.97,2306
2026-07-21T14:00:00+05:30,81.96,82.19,81.89,81.96,1563
2026-07-21T14:15:00+05:30,81.97,82.45,81.95,82.24,1272
2026-07-21T14:30:00+05:30,82.25,82.31,81.95,82.12,825
2026-07-21T14:45:00+05:30,82.13,82.94,82.07,82.92,1966
2026-07-21T15:00:00+05:30,82.93,83.05,82.62,82.99,2555
2026-07-21T15:15:00+05:30,82.99,83.38,82.82,83.26,2752
2026-07-21T15:30:00+05:30,83.26,83.26,82.29,82.69,3862
2026-07-21T15:45:00+05:30,82.7,83.06,82.69,82.87,1551
2026-07-21T16:00:00+05:30,82.89,82.97,82.66,82.87,1368
2026-07-21T16:15:00+05:30,82.88,83.37,82.88,83.27,2778
2026-07-21T16:30:00+05:30,83.26,83.58,83.2,83.48,1961
2026-07-21T16:45:00+05:30,83.48,83.73,83.44,83.64,2307
2026-07-21T17:00:00+05:30,83.64,83.93,83.46,83.72,2715
2026-07-21T17:15:00+05:30,83.73,84,83.7,83.84,2268
2026-07-21T17:30:00+05:30,83.85,83.87,83.33,83.59,2404
2026-07-21T17:45:00+05:30,83.56,84.15,83.55,84.12,4061
2026-07-21T18:00:00+05:30,84.12,84.43,83.94,84.1,3760
2026-07-21T18:15:00+05:30,84.11,84.21,83.93,84.12,3176
2026-07-21T18:30:00+05:30,84.14,84.56,84.07,84.38,5149
2026-07-21T18:45:00+05:30,84.37,84.66,84.2,84.6,3760
2026-07-21T19:00:00+05:30,84.61,84.95,84.28,84.83,6286
2026-07-21T19:15:00+05:30,84.83,84.91,84.31,84.38,4190
2026-07-21T19:30:00+05:30,84.38,84.59,84.19,84.48,4315
2026-07-21T19:45:00+05:30,84.47,84.68,84.19,84.62,3884
2026-07-21T20:00:00+05:30,84.63,85.03,84.54,84.57,5965
2026-07-21T20:15:00+05:30,84.56,84.74,84.07,84.7,7405
2026-07-21T20:30:00+05:30,84.73,84.85,84.18,84.2,3374
2026-07-21T20:45:00+05:30,84.21,84.6,83.69,84.56,9594
2026-07-21T21:00:00+05:30,84.56,84.76,84.33,84.72,5182
2026-07-21T21:15:00+05:30,84.72,84.79,84.48,84.51,2687
2026-07-21T21:30:00+05:30,84.51,84.55,84.1,84.27,2966
2026-07-21T21:45:00+05:30,84.27,84.45,84.16,84.33,2389
2026-07-21T22:00:00+05:30,84.34,84.49,84.18,84.47,2059
2026-07-21T22:15:00+05:30,84.47,84.57,84.34,84.39,1456
2026-07-21T22:30:00+05:30,84.4,84.5,84.03,84.11,1649
2026-07-21T22:45:00+05:30,84.1,84.29,84.09,84.2,1539
2026-07-21T23:00:00+05:30,84.19,84.49,84.19,84.42,1973
2026-07-21T23:15:00+05:30,84.42,84.5,84.26,84.36,1798
2026-07-21T23:30:00+05:30,84.35,84.36,83.97,84.19,5470
2026-07-21T23:45:00+05:30,84.19,84.4,84.1,84.38,10636
2026-07-22T00:00:00+05:30,84.37,84.57,84.11,84.14,2886
2026-07-22T00:15:00+05:30,84.15,84.53,84.14,84.51,1733
2026-07-22T00:30:00+05:30,84.52,84.69,84.45,84.66,1627
2026-07-22T00:45:00+05:30,84.65,84.68,84.52,84.64,1344
2026-07-22T01:00:00+05:30,84.62,84.72,84.53,84.65,1025
2026-07-22T01:15:00+05:30,84.65,84.76,84.63,84.67,1026
2026-07-22T01:30:00+05:30,84.66,84.74,84.49,84.51,509
2026-07-22T01:45:00+05:30,84.51,84.58,84.47,84.51,334
2026-07-22T02:00:00+05:30,84.5,84.57,84.31,84.38,592
2026-07-22T02:15:00+05:30,84.38,84.58,84.35,84.54,888
2026-07-22T03:30:00+05:30,84.69,84.75,84.56,84.65,321
2026-07-22T03:45:00+05:30,84.65,84.69,84.61,84.66,89
2026-07-22T04:00:00+05:30,84.66,84.8,84.64,84.74,409
2026-07-22T04:15:00+05:30,84.76,84.76,84.69,84.71,94
2026-07-22T04:30:00+05:30,84.7,84.72,84.66,84.72,136
2026-07-22T04:45:00+05:30,84.71,84.73,84.61,84.68,138
2026-07-22T05:00:00+05:30,84.68,84.91,84.65,84.85,452
2026-07-22T05:15:00+05:30,84.85,84.89,84.79,84.79,451
2026-07-22T05:30:00+05:30,84.78,84.78,84.54,84.68,969
2026-07-22T05:45:00+05:30,84.69,84.75,84.62,84.72,544
2026-07-22T06:00:00+05:30,84.71,84.72,84.44,84.68,745
2026-07-22T06:15:00+05:30,84.69,84.81,84.62,84.65,311
2026-07-22T06:30:00+05:30,84.64,85.3,84.57,85.26,2117
2026-07-22T06:45:00+05:30,85.26,85.75,85.18,85.47,1633
2026-07-22T07:00:00+05:30,85.49,85.73,85.44,85.65,1029
2026-07-22T07:15:00+05:30,85.66,85.74,85.49,85.61,1067
2026-07-22T07:30:00+05:30,85.59,85.66,85.25,85.27,1058
2026-07-22T07:45:00+05:30,85.28,85.31,85.16,85.29,612
2026-07-22T08:00:00+05:30,85.29,85.29,84.92,85,942
2026-07-22T08:15:00+05:30,85,85.24,84.99,85.05,451
2026-07-22T08:30:00+05:30,85.08,85.31,85.03,85.22,385
2026-07-22T08:45:00+05:30,85.2,85.27,85.09,85.18,316
2026-07-22T09:00:00+05:30,85.16,85.27,85.15,85.19,236
2026-07-22T09:15:00+05:30,85.19,85.35,85.18,85.35,166
2026-07-22T09:30:00+05:30,85.35,85.38,85.22,85.35,233
2026-07-22T09:45:00+05:30,85.35,85.42,85.26,85.26,299
2026-07-22T10:00:00+05:30,85.26,85.47,85.24,85.39,316
2026-07-22T10:15:00+05:30,85.41,85.46,85.36,85.43,243
2026-07-22T10:30:00+05:30,85.42,85.54,85.4,85.53,330
2026-07-22T10:45:00+05:30,85.53,85.56,85.34,85.38,477
2026-07-22T11:00:00+05:30,85.38,85.46,85.12,85.13,694
2026-07-22T11:15:00+05:30,85.14,85.19,85.02,85.14,628
2026-07-22T11:30:00+05:30,85.15,85.36,85.05,85.24,865
2026-07-22T11:45:00+05:30,85.25,86.14,85.25,86.03,3136
2026-07-22T12:00:00+05:30,86.03,86.14,85.88,86.01,1282
2026-07-22T12:15:00+05:30,86.01,86.39,86.01,86.13,1734
2026-07-22T12:30:00+05:30,86.13,86.71,86.11,86.47,2800
2026-07-22T12:45:00+05:30,86.46,86.8,86.37,86.75,1918
2026-07-22T13:00:00+05:30,86.76,87.83,86.68,87.55,6038
2026-07-22T13:15:00+05:30,87.55,87.86,87.43,87.71,4249
2026-07-22T13:30:00+05:30,87.71,87.72,87.19,87.43,4106
2026-07-22T13:45:00+05:30,87.41,87.49,87.14,87.36,3265
2026-07-22T14:00:00+05:30,87.36,87.66,87.15,87.6,2624
2026-07-22T14:15:00+05:30,87.6,87.79,87.47,87.62,2031
2026-07-22T14:30:00+05:30,87.64,87.94,87.34,87.89,3252
2026-07-22T14:45:00+05:30,87.89,88.1,87.85,88.01,2904
2026-07-22T15:00:00+05:30,88.01,88.25,87.8,88.01,3481
2026-07-22T15:15:00+05:30,88,88.61,87.93,88.44,4825
2026-07-22T15:30:00+05:30,88.45,88.46,87.8,87.83,3838
2026-07-22T15:45:00+05:30,87.84,87.85,86.91,87,6817
2026-07-22T16:00:00+05:30,86.99,87.42,86.92,87.32,3915
2026-07-22T16:15:00+05:30,87.35,87.43,87.02,87.18,1944
2026-07-22T16:30:00+05:30,87.18,87.45,87.18,87.24,1382
2026-07-22T16:45:00+05:30,87.25,87.51,87.25,87.42,1118
2026-07-22T17:00:00+05:30,87.39,87.86,87.02,87.64,5017
2026-07-22T17:15:00+05:30,87.65,87.69,87.13,87.35,2358
2026-07-22T17:30:00+05:30,87.34,87.56,87.02,87.02,2354
2026-07-22T17:45:00+05:30,87.02,87.15,86.73,86.78,2946
2026-07-22T18:00:00+05:30,86.78,86.83,86.54,86.71,3307
2026-07-22T18:15:00+05:30,86.72,87.77,86.69,87.22,6690
2026-07-22T18:30:00+05:30,87.23,87.38,86.97,87.06,5127
2026-07-22T18:45:00+05:30,87.07,87.12,86.15,86.35,8980
2026-07-22T19:00:00+05:30,86.34,86.84,86.17,86.82,4903
2026-07-22T19:15:00+05:30,86.82,87.01,86.48,86.96,3772
2026-07-22T19:30:00+05:30,86.96,87.14,86.73,87.11,3040
2026-07-22T19:45:00+05:30,87.11,87.18,86.89,87.06,2993
2026-07-22T20:00:00+05:30,87.11,87.14,86.5,86.57,3895
2026-07-22T20:15:00+05:30,86.57,86.94,86.41,86.7,4402
2026-07-22T20:30:00+05:30,86.71,87.32,86.64,87.03,3335
2026-07-22T20:45:00+05:30,87.04,87.09,86.57,86.79,3425
2026-07-22T21:00:00+05:30,86.81,86.87,86.16,86.22,4901
2026-07-22T21:15:00+05:30,86.22,86.27,85.78,86.02,6498
2026-07-22T21:30:00+05:30,86.01,86.34,85.92,86.27,2915
2026-07-22T21:45:00+05:30,86.26,86.42,86.1,86.4,1760
2026-07-22T22:00:00+05:30,86.41,86.55,86.36,86.4,2212
2026-07-22T22:15:00+05:30,86.4,86.4,86.12,86.31,1496
2026-07-22T22:30:00+05:30,86.32,86.7,86.32,86.67,2273
2026-07-22T22:45:00+05:30,86.67,86.92,86.62,86.72,2654
2026-07-22T23:00:00+05:30,86.72,86.95,86.67,86.8,2109
2026-07-22T23:15:00+05:30,86.79,86.92,86.72,86.81,1888
2026-07-22T23:30:00+05:30,86.82,87.01,86.63,86.77,2568
2026-07-22T23:45:00+05:30,86.77,87.08,86.76,86.85,6441
2026-07-23T00:00:00+05:30,86.85,87.1,86.84,87.06,2932
2026-07-23T00:15:00+05:30,87.06,87.08,86.89,87.06,1185
2026-07-23T00:30:00+05:30,87.07,87.17,87.04,87.15,1078
2026-07-23T00:45:00+05:30,87.15,87.17,86.86,86.88,1288
2026-07-23T01:00:00+05:30,86.88,86.91,86.66,86.7,1246
2026-07-23T01:15:00+05:30,86.69,86.7,86.46,86.51,1924
2026-07-23T01:30:00+05:30,86.52,86.53,86.21,86.42,1032
2026-07-23T01:45:00+05:30,86.43,86.48,86.38,86.4,437
2026-07-23T02:00:00+05:30,86.4,86.67,86.36,86.53,694
2026-07-23T02:15:00+05:30,86.53,86.55,86.36,86.48,548
2026-07-23T03:30:00+05:30,87.72,88.36,87.32,88.2,3479
2026-07-23T03:45:00+05:30,88.2,88.27,87.98,88.19,933
2026-07-23T04:00:00+05:30,88.17,88.4,88.03,88.09,1065
2026-07-23T04:15:00+05:30,88.08,88.1,87.81,87.95,629
2026-07-23T04:30:00+05:30,87.94,88.01,87.84,87.87,502
2026-07-23T04:45:00+05:30,87.9,87.98,87.77,87.79,326
2026-07-23T05:00:00+05:30,87.78,87.97,87.73,87.88,250
2026-07-23T05:15:00+05:30,87.85,87.88,87.74,87.81,282
2026-07-23T05:30:00+05:30,87.8,88.4,87.36,88.16,2697
2026-07-23T05:45:00+05:30,88.16,88.2,87.82,88.04,774
2026-07-23T06:00:00+05:30,88.04,88.29,87.98,88.09,748
2026-07-23T06:15:00+05:30,88.09,88.1,87.82,87.98,538
2026-07-23T06:30:00+05:30,87.96,88.13,87.82,87.95,992
2026-07-23T06:45:00+05:30,87.96,88.54,87.94,88.48,1245
2026-07-23T07:00:00+05:30,88.47,88.64,87.93,88,1796
2026-07-23T07:15:00+05:30,88.01,88.24,87.99,88.11,409
2026-07-23T07:30:00+05:30,88.12,88.24,88.05,88.09,430
2026-07-23T07:45:00+05:30,88.1,88.25,88.07,88.2,290
2026-07-23T08:00:00+05:30,88.23,88.28,88.04,88.25,429
2026-07-23T08:15:00+05:30,88.24,88.47,88.21,88.24,637
2026-07-23T08:30:00+05:30,88.24,88.56,88.2,88.55,473
2026-07-23T08:45:00+05:30,88.55,88.67,88.42,88.49,963
2026-07-23T09:00:00+05:30,88.48,88.53,88.36,88.36,477
2026-07-23T09:15:00+05:30,88.35,88.54,88.32,88.4,548
2026-07-23T09:30:00+05:30,88.46,88.47,88.29,88.38,310
2026-07-23T09:45:00+05:30,88.36,88.39,88.1,88.14,539
2026-07-23T10:00:00+05:30,88.13,88.28,87.93,88.12,607
2026-07-23T10:15:00+05:30,88.14,88.25,88.08,88.13,372
2026-07-23T10:30:00+05:30,88.12,88.41,88.12,88.26,547
2026-07-23T10:45:00+05:30,88.27,88.27,88,88,383
2026-07-23T11:00:00+05:30,88,88.07,87.66,87.99,1419
2026-07-23T11:15:00+05:30,87.98,88.38,87.97,88.3,596
2026-07-23T11:30:00+05:30,88.29,88.31,88,88.02,815
2026-07-23T11:45:00+05:30,88.04,88.3,87.93,88.26,753
2026-07-23T12:00:00+05:30,88.26,88.6,88.22,88.55,1589
2026-07-23T12:15:00+05:30,88.56,88.8,88.36,88.64,1659
2026-07-23T12:30:00+05:30,88.63,89.38,88.6,89.21,3998
2026-07-23T12:45:00+05:30,89.22,89.63,89.12,89.23,3538
2026-07-23T13:00:00+05:30,89.23,89.73,89.22,89.64,2780
2026-07-23T13:15:00+05:30,89.65,89.85,89.11,89.3,3683
2026-07-23T13:30:00+05:30,89.33,89.53,88.91,89.26,2704
2026-07-23T13:45:00+05:30,89.25,89.51,89.11,89.27,2789
2026-07-23T14:00:00+05:30,89.26,89.76,89.24,89.67,2581
2026-07-23T14:15:00+05:30,89.67,89.72,89.23,89.5,1899
2026-07-23T14:30:00+05:30,89.52,90.06,89.24,90.05,4276
2026-07-23T14:45:00+05:30,90.06,90.35,89.95,90.15,3196
2026-07-23T15:00:00+05:30,90.17,90.31,89.82,89.9,2454
2026-07-23T15:15:00+05:30,89.9,90.36,89.85,90.22,3525
2026-07-23T15:30:00+05:30,90.22,90.37,89.86,90.09,2576
2026-07-23T15:45:00+05:30,90.09,90.59,90.03,90.56,2769
2026-07-23T16:00:00+05:30,90.56,90.72,90.17,90.23,3146
2026-07-23T16:15:00+05:30,90.24,90.41,90.11,90.13,1914
2026-07-23T16:30:00+05:30,90.12,90.62,90.1,90.39,2055
2026-07-23T16:45:00+05:30,90.39,90.89,90.34,90.71,2630
2026-07-23T17:00:00+05:30,90.72,91.19,90.54,90.93,3364
2026-07-23T17:15:00+05:30,90.92,90.92,90.28,90.69,2803
2026-07-23T17:30:00+05:30,90.69,90.98,90.54,90.97,2706
2026-07-23T17:45:00+05:30,90.98,91.4,90.66,90.84,5872
2026-07-23T18:00:00+05:30,90.85,91.02,90.52,90.93,3933
2026-07-23T18:15:00+05:30,90.93,91.23,90.64,90.84,4770
2026-07-23T18:30:00+05:30,90.84,91.51,90.77,91.36,7535
2026-07-23T18:45:00+05:30,91.36,91.61,90.68,90.98,5893
2026-07-23T19:00:00+05:30,90.96,91.57,90.74,91.54,5577
2026-07-23T19:15:00+05:30,91.55,91.89,91.45,91.73,5749
2026-07-23T19:30:00+05:30,91.73,91.97,91.39,91.47,7194
2026-07-23T19:45:00+05:30,91.46,91.85,90.98,91.73,5487
2026-07-23T20:00:00+05:30,91.76,92.01,91.32,91.65,6061
2026-07-23T20:15:00+05:30,91.65,92.16,91.61,91.9,5522
2026-07-23T20:30:00+05:30,91.89,92.43,91.73,92.09,6943
2026-07-23T20:45:00+05:30,92.1,92.82,91.98,92.48,9907
2026-07-23T21:00:00+05:30,92.49,92.78,91.81,92.07,9173
2026-07-23T21:15:00+05:30,92.06,92.14,91.78,91.85,5089
2026-07-23T21:30:00+05:30,91.85,92.37,91.59,91.81,5537
2026-07-23T21:45:00+05:30,91.82,92.11,91.82,91.89,2619
2026-07-23T22:00:00+05:30,91.88,92.57,91.87,92.38,5446
2026-07-23T22:15:00+05:30,92.39,92.53,92.22,92.33,1669
2026-07-23T22:30:00+05:30,92.33,92.74,92.31,92.56,2975
2026-07-23T22:45:00+05:30,92.55,92.79,92.53,92.58,4443
2026-07-23T23:00:00+05:30,92.58,93.13,92.55,93.12,4361
2026-07-23T23:15:00+05:30,93.11,93.29,92.89,93.23,4783
2026-07-23T23:30:00+05:30,93.25,93.5,93.08,93.17,5116
2026-07-23T23:45:00+05:30,93.17,93.25,92.01,92.09,14648
2026-07-24T00:00:00+05:30,92.1,92.21,91.94,92,4386
2026-07-24T00:15:00+05:30,91.98,92.35,91.97,92.03,1948
2026-07-24T00:30:00+05:30,92.03,92.03,91.61,91.68,2579
2026-07-24T00:45:00+05:30,91.69,91.92,91.55,91.64,1524
2026-07-24T01:00:00+05:30,91.62,91.79,91.13,91.71,2667
2026-07-24T01:15:00+05:30,91.72,91.86,91.42,91.61,2440
2026-07-24T01:30:00+05:30,91.61,91.66,91.42,91.57,550
2026-07-24T01:45:00+05:30,91.58,92.09,91.54,91.93,1589
2026-07-24T02:00:00+05:30,91.93,92.33,91.79,92.21,873
2026-07-24T02:15:00+05:30,92.2,92.43,92.2,92.36,946
2026-07-24T03:30:00+05:30,92.55,92.66,92.17,92.27,1160
2026-07-24T03:45:00+05:30,92.27,92.3,92.12,92.17,341
2026-07-24T04:00:00+05:30,92.18,92.23,92.05,92.07,221
2026-07-24T04:15:00+05:30,92.06,92.15,92.05,92.09,142
2026-07-24T04:30:00+05:30,92.08,92.21,92.08,92.2,164
2026-07-24T04:45:00+05:30,92.19,92.21,92.14,92.14,156
2026-07-24T05:00:00+05:30,92.15,92.53,92.06,92.17,774
2026-07-24T05:15:00+05:30,92.18,92.32,92.06,92.29,426
2026-07-24T05:30:00+05:30,92.28,92.78,92.19,92.7,1314
2026-07-24T05:45:00+05:30,92.68,92.83,92.18,92.24,1332
2026-07-24T06:00:00+05:30,92.25,92.36,92.12,92.12,276
2026-07-24T06:15:00+05:30,92.14,92.2,91.89,91.9,892
2026-07-24T06:30:00+05:30,91.9,91.9,91.46,91.52,2297
2026-07-24T06:45:00+05:30,91.53,91.63,91.35,91.54,947
2026-07-24T07:00:00+05:30,91.54,91.7,91.16,91.31,1580
2026-07-24T07:15:00+05:30,91.33,91.67,91.23,91.65,767
2026-07-24T07:30:00+05:30,91.64,91.84,91.61,91.66,598
2026-07-24T07:45:00+05:30,91.66,91.91,91.62,91.86,569
2026-07-24T08:00:00+05:30,91.84,91.86,91.67,91.82,411
2026-07-24T08:15:00+05:30,91.84,92.05,91.76,91.92,608
2026-07-24T08:30:00+05:30,91.91,92.2,91.87,92.12,850
2026-07-24T08:45:00+05:30,92.11,92.35,91.94,92.22,1377
2026-07-24T09:00:00+05:30,92.22,92.4,92.02,92.07,716
2026-07-24T09:15:00+05:30,92.07,92.09,91.91,91.91,493
2026-07-24T09:30:00+05:30,91.91,91.99,91.64,91.78,724
2026-07-24T09:45:00+05:30,91.78,91.8,91.66,91.67,223
2026-07-24T10:00:00+05:30,91.68,91.74,91.54,91.7,297
2026-07-24T10:15:00+05:30,91.7,91.75,91.62,91.65,329
2026-07-24T10:30:00+05:30,91.65,91.79,91.59,91.76,284
2026-07-24T10:45:00+05:30,91.76,91.86,91.66,91.72,288
2026-07-24T11:00:00+05:30,91.73,91.81,91.36,91.45,807
2026-07-24T11:15:00+05:30,91.45,91.62,91.18,91.5,912
2026-07-24T11:30:00+05:30,91.5,91.65,91.19,91.26,707
2026-07-24T11:45:00+05:30,91.27,91.52,91.09,91.31,1271
2026-07-24T12:00:00+05:30,91.31,91.35,90.93,91.15,1629
2026-07-24T12:15:00+05:30,91.13,91.2,90.51,90.56,3160
2026-07-24T12:30:00+05:30,90.58,90.75,90.3,90.54,3548
2026-07-24T12:45:00+05:30,90.54,90.68,90.29,90.31,2429
2026-07-24T13:00:00+05:30,90.32,90.7,90.15,90.52,3567
2026-07-24T13:15:00+05:30,90.52,90.63,90.17,90.45,1939
2026-07-24T13:30:00+05:30,90.44,90.81,90.39,90.51,2614
2026-07-24T13:45:00+05:30,90.5,90.75,90.03,90.08,3548
2026-07-24T14:00:00+05:30,90.09,90.25,89.64,89.7,3850
2026-07-24T14:15:00+05:30,89.71,89.98,89.42,89.6,3582
2026-07-24T14:30:00+05:30,89.59,89.63,88.94,89.15,4394
2026-07-24T14:45:00+05:30,89.14,89.2,88.75,89.07,3294
2026-07-24T15:00:00+05:30,89.06,89.27,88.74,89.02,2611
2026-07-24T15:15:00+05:30,89.01,89.2,88.83,89.01,3445
2026-07-24T15:30:00+05:30,89.03,89.55,88.83,89.52,3460
2026-07-24T15:45:00+05:30,89.52,89.87,89.46,89.64,2835
2026-07-24T16:00:00+05:30,89.64,90.04,89.62,89.91,2364
2026-07-24T16:15:00+05:30,89.89,90.17,89.69,89.9,2308
2026-07-24T16:30:00+05:30,89.9,90.03,89.7,89.93,1526
2026-07-24T16:45:00+05:30,89.93,89.96,89.7,89.84,1015
2026-07-24T17:00:00+05:30,89.84,89.99,89.42,89.95,2018
2026-07-24T17:15:00+05:30,89.94,90.13,88.94,89.4,3496
2026-07-24T17:30:00+05:30,89.38,90.03,89.22,89.72,3294
2026-07-24T17:45:00+05:30,89.74,89.93,89.39,89.48,3617
2026-07-24T18:00:00+05:30,89.49,89.59,88.96,89.16,2922
2026-07-24T18:15:00+05:30,89.15,89.53,89.03,89.39,2729
2026-07-24T18:30:00+05:30,89.39,90.02,89.13,90.01,6508
2026-07-24T18:45:00+05:30,90.01,90.56,89.99,90.47,5977
2026-07-24T19:00:00+05:30,90.46,90.52,90.16,90.4,4448
2026-07-24T19:15:00+05:30,90.4,90.42,89.7,89.93,4972
2026-07-24T19:30:00+05:30,89.94,90.05,89.66,89.86,4040
2026-07-24T19:45:00+05:30,89.86,89.98,89.27,89.48,6354
2026-07-24T20:00:00+05:30,89.47,89.94,89.34,89.49,4811
2026-07-24T20:15:00+05:30,89.49,89.7,89.29,89.68,4330
2026-07-24T20:30:00+05:30,89.68,90,88.75,88.96,9895
2026-07-24T20:45:00+05:30,88.96,89.07,87.85,88.06,17130
2026-07-24T21:00:00+05:30,88.05,88.41,87.68,88.29,8281
2026-07-24T21:15:00+05:30,88.29,88.69,88.25,88.4,5484
2026-07-24T21:30:00+05:30,88.39,88.66,88.33,88.59,3408
2026-07-24T21:45:00+05:30,88.58,88.61,88.15,88.32,3342
2026-07-24T22:00:00+05:30,88.32,88.58,88.16,88.19,4196
2026-07-24T22:15:00+05:30,88.22,88.49,88.07,88.39,2591
2026-07-24T22:30:00+05:30,88.38,88.57,88.2,88.54,2931
2026-07-24T22:45:00+05:30,88.52,88.91,88.51,88.85,3408
2026-07-24T23:00:00+05:30,88.85,89.08,88.81,88.91,2423
2026-07-24T23:15:00+05:30,88.93,89.2,88.78,89.07,2737
2026-07-24T23:30:00+05:30,89.08,89.16,88.58,88.77,2789
2026-07-24T23:45:00+05:30,88.77,89.38,88.71,89.34,9408
2026-07-25T00:00:00+05:30,89.33,89.42,89,89.29,4907
2026-07-25T00:15:00+05:30,89.3,89.41,89.11,89.37,1546
2026-07-25T00:30:00+05:30,89.38,89.56,89.32,89.52,1181
2026-07-25T00:45:00+05:30,89.52,89.71,89.5,89.71,1284
2026-07-25T01:00:00+05:30,89.71,89.81,88.93,89.32,3857
2026-07-25T01:15:00+05:30,89.31,89.81,89.1,89.77,2631
2026-07-25T01:30:00+05:30,89.76,90.22,89.75,90.21,1908
2026-07-25T01:45:00+05:30,90.2,90.44,90.03,90.39,1269
2026-07-25T02:00:00+05:30,90.39,90.52,90.32,90.43,788
2026-07-25T02:15:00+05:30,90.4,90.65,90.4,90.47,1146
2026-07-27T03:30:00+05:30,86.12,86.2,83.1,84.73,9667
2026-07-27T03:45:00+05:30,84.75,84.78,83.88,84.34,3059
2026-07-27T04:00:00+05:30,84.32,84.74,84.27,84.69,1546
2026-07-27T04:15:00+05:30,84.69,84.87,84.55,84.82,899
2026-07-27T04:30:00+05:30,84.81,85.16,84.8,85.07,1466
2026-07-27T04:45:00+05:30,85.06,85.08,84.86,84.97,773
2026-07-27T05:00:00+05:30,84.96,85,84.67,84.73,870
2026-07-27T05:15:00+05:30,84.72,84.79,84.49,84.63,851
2026-07-27T05:30:00+05:30,84.61,84.95,84.36,84.39,1631
2026-07-27T05:45:00+05:30,84.4,84.57,84.04,84.48,2393
2026-07-27T06:00:00+05:30,84.49,84.64,84.41,84.56,755
2026-07-27T06:15:00+05:30,84.56,84.89,84.56,84.79,921
2026-07-27T06:30:00+05:30,84.78,85.45,84.62,85.28,2423
2026-07-27T06:45:00+05:30,85.27,85.31,85.09,85.11,676
2026-07-27T07:00:00+05:30,85.12,85.2,84.93,85.16,625
2026-07-27T07:15:00+05:30,85.16,85.36,85.14,85.28,560
2026-07-27T07:30:00+05:30,85.26,85.69,85.17,85.45,1155
2026-07-27T07:45:00+05:30,85.46,85.67,85.33,85.64,474
2026-07-27T08:00:00+05:30,85.64,85.66,85.34,85.55,631
2026-07-27T08:15:00+05:30,85.54,85.7,85.44,85.58,561
2026-07-27T08:30:00+05:30,85.58,85.59,85.25,85.43,529
2026-07-27T08:45:00+05:30,85.44,85.44,85.23,85.31,472
2026-07-27T09:00:00+05:30,85.31,85.34,85.06,85.13,1049
2026-07-27T09:15:00+05:30,85.12,85.38,85.08,85.22,295
2026-07-27T09:30:00+05:30,85.21,85.21,84.9,85.07,890
2026-07-27T09:45:00+05:30,85.1,85.14,84.8,84.85,741
2026-07-27T10:00:00+05:30,84.85,84.87,84.47,84.57,876
2026-07-27T10:15:00+05:30,84.56,84.85,84.54,84.84,351
2026-07-27T10:30:00+05:30,84.85,84.95,84.68,84.81,493
2026-07-27T10:45:00+05:30,84.79,84.96,84.58,84.66,483
2026-07-27T11:00:00+05:30,84.64,84.87,84.55,84.63,615
2026-07-27T11:15:00+05:30,84.63,84.72,84.37,84.58,912
2026-07-27T11:30:00+05:30,84.57,84.63,83.74,83.79,2935
2026-07-27T11:45:00+05:30,83.78,83.95,83.47,83.85,2861
2026-07-27T12:00:00+05:30,83.86,83.97,83.68,83.73,1769
2026-07-27T12:15:00+05:30,83.74,83.89,83.38,83.47,2327
2026-07-27T12:30:00+05:30,83.49,83.96,83.34,83.69,2269
2026-07-27T12:45:00+05:30,83.69,84.19,83.6,84.18,2119
2026-07-27T13:00:00+05:30,84.19,84.38,84.03,84.32,2503
2026-07-27T13:15:00+05:30,84.32,84.6,83.91,84.59,3471
2026-07-27T13:30:00+05:30,84.59,84.85,84.1,84.27,3396
2026-07-27T13:45:00+05:30,84.28,84.41,83.57,83.71,3307
2026-07-27T14:00:00+05:30,83.69,83.96,83.33,83.45,3080
2026-07-27T14:15:00+05:30,83.45,83.62,82.87,82.95,4235
2026-07-27T14:30:00+05:30,82.96,83.28,82.96,83.21,1800
2026-07-27T14:45:00+05:30,83.21,83.28,82.58,82.76,3413
2026-07-27T15:00:00+05:30,82.75,82.91,82.46,82.62,2851
2026-07-27T15:15:00+05:30,82.61,82.66,82.12,82.34,6392
2026-07-27T15:30:00+05:30,82.35,83.56,82.32,83.29,5858
2026-07-27T15:45:00+05:30,83.27,83.4,82.85,83.03,3641
2026-07-27T16:00:00+05:30,83.02,83.17,82.97,83.06,1071
2026-07-27T16:15:00+05:30,83.06,83.32,82.94,83.27,1677
2026-07-27T16:30:00+05:30,83.26,83.48,83.15,83.43,2670
2026-07-27T16:45:00+05:30,83.41,83.82,83.26,83.78,2243
2026-07-27T17:00:00+05:30,83.79,83.95,83.03,83.23,3843
2026-07-27T17:15:00+05:30,83.22,83.38,83.14,83.35,1610
2026-07-27T17:30:00+05:30,83.36,84.14,83.36,84.09,4565
2026-07-27T17:45:00+05:30,84.09,84.23,83.93,84.09,3231
2026-07-27T18:00:00+05:30,84.1,84.29,83.81,84.03,2725
2026-07-27T18:15:00+05:30,84.03,84.34,83.83,84.02,3905
2026-07-27T18:30:00+05:30,84.02,84.4,83.88,84.24,4848
2026-07-27T18:45:00+05:30,84.24,84.55,84.16,84.49,3196
2026-07-27T19:00:00+05:30,84.48,84.5,83.68,83.88,5847
2026-07-27T19:15:00+05:30,83.88,84.36,83.7,84.22,4082
2026-07-27T19:30:00+05:30,84.23,84.27,83.47,83.5,4466
2026-07-27T19:45:00+05:30,83.49,83.79,83.45,83.66,3326
2026-07-27T20:00:00+05:30,83.66,83.82,83.53,83.62,2832
2026-07-27T20:15:00+05:30,83.6,83.82,83.5,83.57,3279
2026-07-27T20:30:00+05:30,83.58,83.84,83.16,83.25,5620
2026-07-27T20:45:00+05:30,83.24,83.41,83.01,83.17,3773
2026-07-27T21:00:00+05:30,83.15,83.38,82.98,83.11,4153
2026-07-27T21:15:00+05:30,83.1,83.42,83.09,83.39,2288
2026-07-27T21:30:00+05:30,83.38,83.42,83.07,83.23,2522
2026-07-27T21:45:00+05:30,83.21,83.77,82.83,83.02,7506
2026-07-27T22:00:00+05:30,83.03,83.07,82.32,82.75,6694
2026-07-27T22:15:00+05:30,82.75,83.28,82.7,82.84,3246
2026-07-27T22:30:00+05:30,82.85,82.89,82.51,82.64,2527
2026-07-27T22:45:00+05:30,82.64,82.7,82.52,82.67,2489
2026-07-27T23:00:00+05:30,82.66,82.99,82.58,82.96,2787
2026-07-27T23:15:00+05:30,82.96,83,82.58,82.62,2967
2026-07-27T23:30:00+05:30,82.62,82.63,82.23,82.36,3995
2026-07-27T23:45:00+05:30,82.36,82.68,81.99,82.65,9872
2026-07-28T00:00:00+05:30,82.65,82.96,82.21,82.36,5408
2026-07-28T00:15:00+05:30,82.37,82.44,82.11,82.13,1436
2026-07-28T00:30:00+05:30,82.13,82.44,82.04,82.41,1445
2026-07-28T00:45:00+05:30,82.4,82.45,82.25,82.32,869
2026-07-28T01:00:00+05:30,82.32,82.39,82.17,82.22,1000
2026-07-28T01:15:00+05:30,82.21,82.26,81.91,81.93,1813
2026-07-28T01:30:00+05:30,81.93,82,81.69,81.73,1217
2026-07-28T01:45:00+05:30,81.71,81.96,81.65,81.87,756
2026-07-28T02:00:00+05:30,81.85,82.08,81.85,82.05,586
2026-07-28T02:15:00+05:30,82.05,82.05,81.63,81.91,1678
2026-07-28T03:30:00+05:30,82,82.11,81.68,81.91,425
2026-07-28T03:45:00+05:30,81.9,81.98,81.89,81.97,183
2026-07-28T04:00:00+05:30,81.97,81.98,81.57,81.92,444
2026-07-28T04:15:00+05:30,81.92,82.19,81.92,82.11,461
2026-07-28T04:30:00+05:30,82.12,82.16,82,82.02,209
2026-07-28T04:45:00+05:30,82.04,82.11,82.02,82.05,142
2026-07-28T05:00:00+05:30,82.03,82.15,82.03,82.13,122
2026-07-28T05:15:00+05:30,82.14,82.22,82.05,82.05,180
2026-07-28T05:30:00+05:30,82.03,82.05,81.66,81.88,1100
2026-07-28T05:45:00+05:30,81.84,81.85,81.43,81.66,1048
2026-07-28T06:00:00+05:30,81.65,81.98,81.64,81.96,700
2026-07-28T06:15:00+05:30,81.96,82.19,81.93,82.11,890
2026-07-28T06:30:00+05:30,82.11,82.24,81.59,81.69,1501
2026-07-28T06:45:00+05:30,81.71,81.9,81.46,81.54,932
2026-07-28T07:00:00+05:30,81.56,81.89,81.56,81.81,452
2026-07-28T07:15:00+05:30,81.81,82.04,81.62,81.63,1148
2026-07-28T07:30:00+05:30,81.62,81.78,81.27,81.52,1317
2026-07-28T07:45:00+05:30,81.53,81.53,81.18,81.29,1155
2026-07-28T08:00:00+05:30,81.28,81.33,80.97,81.02,1600
2026-07-28T08:15:00+05:30,81.03,81.09,80.69,80.82,1740
2026-07-28T08:30:00+05:30,80.84,80.99,80.6,80.94,1669
2026-07-28T08:45:00+05:30,80.95,81.38,80.91,81.36,1396
2026-07-28T09:00:00+05:30,81.35,81.58,81.31,81.46,1167
2026-07-28T09:15:00+05:30,81.45,81.58,81.44,81.56,322
2026-07-28T09:30:00+05:30,81.58,81.87,81.54,81.85,1042
2026-07-28T09:45:00+05:30,81.86,81.93,81.56,81.66,869
2026-07-28T10:00:00+05:30,81.66,81.76,81.58,81.68,347
2026-07-28T10:15:00+05:30,81.67,81.7,81.58,81.63,386
2026-07-28T10:30:00+05:30,81.63,81.69,81.54,81.62,367
2026-07-28T10:45:00+05:30,81.61,81.66,81.47,81.66,494
2026-07-28T11:00:00+05:30,81.67,82.43,81.67,82.11,1923
2026-07-28T11:15:00+05:30,82.11,82.3,81.95,82.15,546
2026-07-28T11:30:00+05:30,82.14,82.34,81.96,82.15,768
2026-07-28T11:45:00+05:30,82.15,82.18,81.75,81.81,1374
2026-07-28T12:00:00+05:30,81.81,81.87,80.89,81,2197
2026-07-28T12:15:00+05:30,81,81.13,80.61,80.81,2581
2026-07-28T12:30:00+05:30,80.81,81.38,80.67,81.38,2686
2026-07-28T12:45:00+05:30,81.38,81.41,80.92,81.25,1711
2026-07-28T13:00:00+05:30,81.25,81.54,81.18,81.41,1477
2026-07-28T13:15:00+05:30,81.4,81.43,80.54,80.78,2657
2026-07-28T13:30:00+05:30,80.78,80.85,80.36,80.62,2999
2026-07-28T13:45:00+05:30,80.61,80.81,80.27,80.28,3900
2026-07-28T14:00:00+05:30,80.27,80.55,80.16,80.25,3626
2026-07-28T14:15:00+05:30,80.24,80.3,79.8,80.2,4732
2026-07-28T14:30:00+05:30,80.2,81.14,80.2,81.12,3367
2026-07-28T14:45:00+05:30,81.11,81.22,80.43,80.47,2321
2026-07-28T15:00:00+05:30,80.47,80.87,80.41,80.73,1397
2026-07-28T15:15:00+05:30,80.7,80.86,80.48,80.62,1396
2026-07-28T15:30:00+05:30,80.63,80.87,80.58,80.77,1039
2026-07-28T15:45:00+05:30,80.78,81.24,80.76,81.18,1657
2026-07-28T16:00:00+05:30,81.18,81.49,80.88,81.1,2643
2026-07-28T16:15:00+05:30,81.1,81.17,80.91,81.17,1007
2026-07-28T16:30:00+05:30,81.17,81.38,80.98,81.26,1092
2026-07-28T16:45:00+05:30,81.24,81.4,80.69,81.38,2909
2026-07-28T17:00:00+05:30,81.39,81.87,81.28,81.79,3044
2026-07-28T17:15:00+05:30,81.8,81.92,81.65,81.72,1561
2026-07-28T17:30:00+05:30,81.72,81.73,81.37,81.59,1757
2026-07-28T17:45:00+05:30,81.59,81.72,81.28,81.57,1892
2026-07-28T18:00:00+05:30,81.54,81.69,81.03,81.18,3488
2026-07-28T18:15:00+05:30,81.2,81.2,80.63,80.79,2667
2026-07-28T18:30:00+05:30,80.81,81.39,80.81,81.35,3751
2026-07-28T18:45:00+05:30,81.34,81.39,80.99,81.21,2433
2026-07-28T19:00:00+05:30,81.21,81.26,80.74,81.06,3619
2026-07-28T19:15:00+05:30,81.06,81.65,81.01,81.45,4565
2026-07-28T19:30:00+05:30,81.44,81.83,81.35,81.35,4105
2026-07-28T19:45:00+05:30,81.36,81.43,81.07,81.14,3357
2026-07-28T20:00:00+05:30,81.14,81.45,80.87,81.41,4053
2026-07-28T20:15:00+05:30,81.41,81.62,81.3,81.45,2375
2026-07-28T20:30:00+05:30,81.44,81.58,80.37,80.55,8825
2026-07-28T20:45:00+05:30,80.57,80.63,79.2,79.42,18749
2026-07-28T21:00:00+05:30,79.41,79.62,78.98,79.08,9635
2026-07-28T21:15:00+05:30,79.09,79.46,78.27,78.36,9684
2026-07-28T21:30:00+05:30,78.36,78.65,78.25,78.29,7310
2026-07-28T21:45:00+05:30,78.28,78.37,78,78.24,6693
2026-07-28T22:00:00+05:30,78.25,78.41,77.78,78.18,9768
2026-07-28T22:15:00+05:30,78.18,78.84,78.11,78.66,8865
2026-07-28T22:30:00+05:30,78.66,79.11,78.37,78.95,6641
2026-07-28T22:45:00+05:30,78.96,79.2,78.33,79.16,6981
2026-07-28T23:00:00+05:30,79.15,79.35,78.98,79.3,4195
2026-07-28T23:15:00+05:30,79.29,79.66,79.1,79.44,4680
2026-07-28T23:30:00+05:30,79.44,79.45,78.82,78.95,4644
2026-07-28T23:45:00+05:30,78.94,79.37,78.81,79.32,9366
2026-07-29T00:00:00+05:30,79.32,79.5,79.2,79.29,3654
2026-07-29T00:15:00+05:30,79.28,79.32,78.95,79.21,2208
2026-07-29T00:30:00+05:30,79.21,79.24,78.95,79.09,910
2026-07-29T00:45:00+05:30,79.09,79.12,78.88,78.92,852
2026-07-29T01:00:00+05:30,78.91,79.09,78.9,79.05,1128
2026-07-29T01:15:00+05:30,79.05,79.15,78.88,79.12,1044
2026-07-29T01:30:00+05:30,79.12,79.3,79.05,79.12,1092
2026-07-29T01:45:00+05:30,79.11,79.19,78.97,79.17,475
2026-07-29T02:00:00+05:30,79.18,79.27,78.84,79.08,1215
2026-07-29T02:15:00+05:30,79.07,79.22,79.01,79.13,745
2026-07-29T03:30:00+05:30,80.04,81.27,79.92,81.22,4337
2026-07-29T03:45:00+05:30,81.21,82.87,81.1,82.67,5217
2026-07-29T04:00:00+05:30,82.68,83.25,82.4,82.7,3959
2026-07-29T04:15:00+05:30,82.69,82.96,82.41,82.63,1196
2026-07-29T04:30:00+05:30,82.63,83.3,82.58,82.75,1911
2026-07-29T04:45:00+05:30,82.75,82.87,82.42,82.51,1298
2026-07-29T05:00:00+05:30,82.53,82.75,82.06,82.07,1379
2026-07-29T05:15:00+05:30,82.09,82.44,81.81,81.89,2107
2026-07-29T05:30:00+05:30,81.87,82.3,81.73,82.02,4144
2026-07-29T05:45:00+05:30,82.01,82.09,81.62,81.83,2118
2026-07-29T06:00:00+05:30,81.85,82.6,81.85,82.37,1663
2026-07-29T06:15:00+05:30,82.38,82.59,82.29,82.46,1055
2026-07-29T06:30:00+05:30,82.45,82.86,82.31,82.86,1606
2026-07-29T06:45:00+05:30,82.85,82.92,82.39,82.44,1603
2026-07-29T07:00:00+05:30,82.43,83.05,82.43,82.93,1464
2026-07-29T07:15:00+05:30,82.95,82.98,82.62,82.76,930
2026-07-29T07:30:00+05:30,82.76,82.83,82.59,82.65,442
2026-07-29T07:45:00+05:30,82.65,82.74,82.43,82.46,549
2026-07-29T08:00:00+05:30,82.44,82.44,82.05,82.3,1416
2026-07-29T08:15:00+05:30,82.29,82.34,82.13,82.31,669
2026-07-29T08:30:00+05:30,82.31,82.56,82.31,82.5,553
2026-07-29T08:45:00+05:30,82.5,82.63,82.32,82.39,474
2026-07-29T09:00:00+05:30,82.41,82.64,82.4,82.56,548
2026-07-29T09:15:00+05:30,82.55,82.77,82.5,82.7,639
2026-07-29T09:30:00+05:30,82.69,82.69,82.55,82.62,297
2026-07-29T09:45:00+05:30,82.57,82.61,82.45,82.45,213
2026-07-29T10:00:00+05:30,82.44,82.44,82.09,82.11,568
2026-07-29T10:15:00+05:30,82.11,82.12,81.88,82.04,855
2026-07-29T10:30:00+05:30,82.04,82.14,81.85,81.89,760
2026-07-29T10:45:00+05:30,81.88,82.05,81.79,81.91,712
2026-07-29T11:00:00+05:30,81.9,82.19,81.83,81.96,735
2026-07-29T11:15:00+05:30,81.96,82.26,81.91,82.24,580
2026-07-29T11:30:00+05:30,82.24,82.43,82,82.33,923
2026-07-29T11:45:00+05:30,82.31,82.37,82.14,82.36,642
2026-07-29T12:00:00+05:30,82.35,82.4,81.8,81.81,962
2026-07-29T12:15:00+05:30,81.84,82.12,81.82,82.1,869
2026-07-29T12:30:00+05:30,82.1,82.21,81.73,81.88,1743
2026-07-29T12:45:00+05:30,81.88,82.37,81.85,82.21,1611
2026-07-29T13:00:00+05:30,82.22,82.32,81.71,81.86,1327
2026-07-29T13:15:00+05:30,81.85,82.29,81.82,82.02,1368
2026-07-29T13:30:00+05:30,82.03,82.29,81.86,81.9,1369
2026-07-29T13:45:00+05:30,81.9,82.39,81.71,82.2,2696
2026-07-29T14:00:00+05:30,82.22,82.37,81.75,81.83,1737
2026-07-29T14:15:00+05:30,81.84,81.91,81.51,81.88,2090
2026-07-29T14:30:00+05:30,81.88,82.15,81.88,81.95,1219
2026-07-29T14:45:00+05:30,81.94,82.01,81.69,81.94,793
2026-07-29T15:00:00+05:30,81.93,82.31,81.87,82.11,967
2026-07-29T15:15:00+05:30,82.09,82.31,81.98,82.11,1755
2026-07-29T15:30:00+05:30,82.12,82.67,81.98,82.64,3217
2026-07-29T15:45:00+05:30,82.64,82.83,82.53,82.72,2046
2026-07-29T16:00:00+05:30,82.73,83.05,82.58,82.89,1839
2026-07-29T16:15:00+05:30,82.89,83.28,82.84,83.18,1724
2026-07-29T16:30:00+05:30,83.18,83.34,83,83.11,1461
2026-07-29T16:45:00+05:30,83.12,83.18,82.82,82.86,1340
2026-07-29T17:00:00+05:30,82.88,83.02,82.76,82.94,1825
2026-07-29T17:15:00+05:30,82.94,83.03,82.36,82.53,4347
2026-07-29T17:30:00+05:30,82.54,83.18,82.5,83.1,3024
2026-07-29T17:45:00+05:30,83.09,84.65,83.09,84.47,11201
2026-07-29T18:00:00+05:30,84.49,84.76,84.04,84.14,4438
2026-07-29T18:15:00+05:30,84.11,84.74,84.09,84.54,3293
2026-07-29T18:30:00+05:30,84.55,84.82,84.36,84.42,4374
2026-07-29T18:45:00+05:30,84.44,84.62,84.1,84.33,3127
2026-07-29T19:00:00+05:30,84.32,84.67,84.23,84.43,3514
2026-07-29T19:15:00+05:30,84.44,84.95,84.42,84.85,4333
2026-07-29T19:30:00+05:30,84.84,84.85,84.34,84.51,3676
2026-07-29T19:45:00+05:30,84.52,85.02,84.36,85,4485
2026-07-29T20:00:00+05:30,85.01,85.18,84.86,85.1,5754
2026-07-29T20:15:00+05:30,85.09,85.48,85.04,85.36,5446
2026-07-29T20:30:00+05:30,85.36,85.57,84.86,85.05,5571
2026-07-29T20:45:00+05:30,85.03,85.28,84.79,84.85,5303
2026-07-29T21:00:00+05:30,84.85,84.88,84.36,84.5,5444
2026-07-29T21:15:00+05:30,84.49,85,84.38,84.99,4004
2026-07-29T21:30:00+05:30,84.99,85.22,84.74,84.86,4299
2026-07-29T21:45:00+05:30,84.86,84.9,84.18,84.19,4922
2026-07-29T22:00:00+05:30,84.21,84.54,84.18,84.52,2478
2026-07-29T22:15:00+05:30,84.52,84.69,84.43,84.59,1791
2026-07-29T22:30:00+05:30,84.58,84.72,84.36,84.55,2463
2026-07-29T22:45:00+05:30,84.55,84.82,84.43,84.46,2886
2026-07-29T23:00:00+05:30,84.47,84.73,84.32,84.37,2494
2026-07-29T23:15:00+05:30,84.38,84.67,84.3,84.59,2165
2026-07-29T23:30:00+05:30,84.6,84.9,84.46,84.61,3465
2026-07-29T23:45:00+05:30,84.6,84.91,84.36,84.48,8871
2026-07-30T00:00:00+05:30,84.48,84.94,84.47,84.62,3680
2026-07-30T00:15:00+05:30,84.61,84.73,84.3,84.45,2603
2026-07-30T00:30:00+05:30,84.44,84.5,84.21,84.41,2062
2026-07-30T00:45:00+05:30,84.42,84.74,84.06,84.66,4109
2026-07-30T01:00:00+05:30,84.67,85.25,84.65,84.86,2969
2026-07-30T01:15:00+05:30,84.85,85,84.58,84.89,2043
2026-07-30T01:30:00+05:30,84.89,84.96,84.6,84.73,842
2026-07-30T01:45:00+05:30,84.74,85.02,84.74,84.92,642
2026-07-30T02:00:00+05:30,84.9,84.91,84.6,84.62,1051
2026-07-30T02:15:00+05:30,84.63,84.7,84.51,84.6,748
2026-07-30T03:30:00+05:30,84.65,84.7,84.3,84.41,807
2026-07-30T03:45:00+05:30,84.4,84.59,84.24,84.44,423
2026-07-30T04:00:00+05:30,84.46,84.5,84.32,84.47,278
2026-07-30T04:15:00+05:30,84.47,84.56,84.37,84.43,155
2026-07-30T04:30:00+05:30,84.42,84.7,84.11,84.62,983
2026-07-30T04:45:00+05:30,84.59,84.72,84.38,84.43,474
2026-07-30T05:00:00+05:30,84.43,84.49,84.27,84.35,290
2026-07-30T05:15:00+05:30,84.33,84.35,84.15,84.2,335
2026-07-30T05:30:00+05:30,84.21,84.29,83.85,83.91,1175
2026-07-30T05:45:00+05:30,83.93,84.01,83.21,83.98,2551
2026-07-30T06:00:00+05:30,83.97,84.3,83.89,84.28,874
2026-07-30T06:15:00+05:30,84.3,84.62,84.26,84.53,1325
2026-07-30T06:30:00+05:30,84.5,84.51,83.74,84.01,1775
2026-07-30T06:45:00+05:30,84.03,84.13,83.84,83.97,674
2026-07-30T07:00:00+05:30,84.01,84.05,83.63,83.73,848
2026-07-30T07:15:00+05:30,83.72,83.9,83.68,83.8,601
2026-07-30T07:30:00+05:30,83.77,83.8,83.56,83.58,557
2026-07-30T07:45:00+05:30,83.58,83.7,83.43,83.45,782
2026-07-30T08:00:00+05:30,83.46,83.59,83.24,83.53,996
2026-07-30T08:15:00+05:30,83.52,83.72,83.24,83.43,770
2026-07-30T08:30:00+05:30,83.42,83.42,83.22,83.35,382
2026-07-30T08:45:00+05:30,83.34,83.66,83.31,83.63,465
2026-07-30T09:00:00+05:30,83.6,83.64,83.48,83.58,379
2026-07-30T09:15:00+05:30,83.59,83.75,83.59,83.64,275
2026-07-30T09:30:00+05:30,83.65,83.79,83.62,83.77,160
2026-07-30T09:45:00+05:30,83.77,83.87,83.67,83.78,284
2026-07-30T10:00:00+05:30,83.75,83.82,83.66,83.79,123
2026-07-30T10:15:00+05:30,83.77,84.17,83.7,84.05,585
2026-07-30T10:30:00+05:30,84.07,84.47,83.97,84.45,715
2026-07-30T10:45:00+05:30,84.47,84.79,84.38,84.54,1032
2026-07-30T11:00:00+05:30,84.55,85.18,84.54,84.93,2206
2026-07-30T11:15:00+05:30,84.98,85.39,84.6,85.22,2438
2026-07-30T11:30:00+05:30,85.18,85.74,85.08,85.69,2902
2026-07-30T11:45:00+05:30,85.71,85.89,85.55,85.83,2837
2026-07-30T12:00:00+05:30,85.82,85.9,85.51,85.63,1926
2026-07-30T12:15:00+05:30,85.64,85.69,85.31,85.31,1635
2026-07-30T12:30:00+05:30,85.3,85.32,84.59,84.93,4362
2026-07-30T12:45:00+05:30,84.92,85.4,84.9,85.31,2255
2026-07-30T13:00:00+05:30,85.3,85.94,85.27,85.46,2365
2026-07-30T13:15:00+05:30,85.45,85.45,84.95,85.17,1675
2026-07-30T13:30:00+05:30,85.17,85.36,84.63,84.82,3052
2026-07-30T13:45:00+05:30,84.82,85.36,84.67,84.95,2556
2026-07-30T14:00:00+05:30,84.96,85.07,84.3,84.76,2596
2026-07-30T14:15:00+05:30,84.76,85.08,84.68,84.76,1193
2026-07-30T14:30:00+05:30,84.74,84.83,84.05,84.35,3973
2026-07-30T14:45:00+05:30,84.33,84.52,83.84,84.06,2241
2026-07-30T15:00:00+05:30,84.03,84.37,83.92,84.1,1469
2026-07-30T15:15:00+05:30,84.12,84.5,83.95,84.46,1236
2026-07-30T15:30:00+05:30,84.47,84.65,84.39,84.58,1049
2026-07-30T15:45:00+05:30,84.57,84.59,84.11,84.23,885
2026-07-30T16:00:00+05:30,84.24,84.27,83.26,83.64,2625
2026-07-30T16:15:00+05:30,83.65,83.78,83.31,83.74,1694
2026-07-30T16:30:00+05:30,83.77,83.93,83.61,83.7,1382
2026-07-30T16:45:00+05:30,83.71,83.93,83.46,83.64,1161
2026-07-30T17:00:00+05:30,83.64,83.71,83.34,83.46,1502
2026-07-30T17:15:00+05:30,83.48,83.57,83.29,83.54,1319
2026-07-30T17:30:00+05:30,83.55,83.85,83.4,83.7,1981
2026-07-30T17:45:00+05:30,83.68,84.4,83.62,84.24,2446
2026-07-30T18:00:00+05:30,84.24,84.24,83.64,83.79,1793
2026-07-30T18:15:00+05:30,83.76,84.49,83.7,84.48,2541
2026-07-30T18:30:00+05:30,84.47,84.52,82.97,83.01,7341
2026-07-30T18:45:00+05:30,83.03,83.66,83.03,83.48,3718
2026-07-30T19:00:00+05:30,83.47,83.73,83.32,83.63,2483
2026-07-30T19:15:00+05:30,83.62,83.92,83.52,83.76,2076
2026-07-30T19:30:00+05:30,83.77,84.2,83.63,83.86,4765
2026-07-30T19:45:00+05:30,83.87,84.3,83.72,83.97,2662
2026-07-30T20:00:00+05:30,83.96,84.29,83.95,84.08,1842
2026-07-30T20:15:00+05:30,84.09,84.48,84.09,84.21,2182
2026-07-30T20:30:00+05:30,84.22,84.86,84.16,84.61,3007
2026-07-30T20:45:00+05:30,84.62,84.7,84.07,84.31,3744
2026-07-30T21:00:00+05:30,84.31,84.52,83.59,83.72,2780
2026-07-30T21:15:00+05:30,83.71,84.08,83.62,84.07,1892
2026-07-30T21:30:00+05:30,84.07,84.29,83.92,84.04,1729
2026-07-30T21:45:00+05:30,84.04,84.17,83.51,83.62,1595
2026-07-30T22:00:00+05:30,83.6,83.97,83.53,83.87,1384
2026-07-30T22:15:00+05:30,83.89,84.13,83.77,84.09,1429
2026-07-30T22:30:00+05:30,84.1,84.16,83.84,83.97,1767
2026-07-30T22:45:00+05:30,83.97,84.19,83.73,83.85,1613
2026-07-30T23:00:00+05:30,83.85,84.39,83.65,83.87,2056
2026-07-30T23:15:00+05:30,83.87,84.12,83.87,84.08,1847
2026-07-30T23:30:00+05:30,84.08,84.28,83.93,84.12,2024
2026-07-30T23:45:00+05:30,84.13,84.18,83.47,83.56,7258
2026-07-31T00:00:00+05:30,83.56,83.83,83.48,83.71,2535
2026-07-31T00:15:00+05:30,83.73,83.77,83.52,83.52,850
2026-07-31T00:30:00+05:30,83.54,83.73,83.46,83.65,835
2026-07-31T00:45:00+05:30,83.65,83.68,83.52,83.54,605
2026-07-31T01:00:00+05:30,83.54,83.7,83.44,83.68,816
2026-07-31T01:15:00+05:30,83.69,83.83,83.65,83.65,822
2026-07-31T01:30:00+05:30,83.66,83.88,83.58,83.88,584
2026-07-31T01:45:00+05:30,83.88,84.16,83.84,84.09,981
2026-07-31T02:00:00+05:30,84.1,84.21,83.96,83.96,565
2026-07-31T02:15:00+05:30,83.97,83.98,83.86,83.96,618
2026-07-31T03:30:00+05:30,83.92,84.32,83.87,84.2,516
2026-07-31T03:45:00+05:30,84.2,84.32,84.15,84.18,194
2026-07-31T04:00:00+05:30,84.16,84.17,84.04,84.05,101
2026-07-31T04:15:00+05:30,84.04,84.06,83.92,84.06,156
2026-07-31T04:30:00+05:30,84.05,84.05,83.93,83.95,73
2026-07-31T04:45:00+05:30,83.95,84.11,83.95,84.06,192
2026-07-31T05:00:00+05:30,84.07,84.11,84,84.07,114
2026-07-31T05:15:00+05:30,84.09,84.12,83.98,84.06,58
2026-07-31T05:30:00+05:30,84.06,84.18,83.97,84.14,372
2026-07-31T05:45:00+05:30,84.08,84.13,83.96,84.12,284
2026-07-31T06:00:00+05:30,84.11,84.14,83.72,83.73,479
2026-07-31T06:15:00+05:30,83.72,83.87,83.52,83.55,455
2026-07-31T06:30:00+05:30,83.54,83.54,82.09,82.93,3409
2026-07-31T06:45:00+05:30,82.98,82.99,82.55,82.78,1160
2026-07-31T07:00:00+05:30,82.77,82.88,82.27,82.61,1385
2026-07-31T07:15:00+05:30,82.62,82.81,82.4,82.47,690
2026-07-31T07:30:00+05:30,82.47,82.47,81.6,82.07,2422
2026-07-31T07:45:00+05:30,82.09,82.34,82.02,82.16,1148
2026-07-31T08:00:00+05:30,82.17,82.34,82.05,82.16,378
2026-07-31T08:15:00+05:30,82.1,82.45,82.05,82.27,478
2026-07-31T08:30:00+05:30,82.28,82.36,82.07,82.23,433
2026-07-31T08:45:00+05:30,82.22,82.31,82.07,82.21,375
2026-07-31T09:00:00+05:30,82.2,82.36,82.12,82.35,543
2026-07-31T09:15:00+05:30,82.34,82.5,82.25,82.34,378
2026-07-31T09:30:00+05:30,82.34,82.4,81.96,82.13,620
2026-07-31T09:45:00+05:30,82.15,82.23,82.08,82.13,188
2026-07-31T10:00:00+05:30,82.15,82.19,81.95,81.98,274
2026-07-31T10:15:00+05:30,81.98,82.02,81.63,81.66,827
2026-07-31T10:30:00+05:30,81.65,81.99,81.56,81.91,675
2026-07-31T10:45:00+05:30,81.92,81.94,81.53,81.65,507
2026-07-31T11:00:00+05:30,81.62,81.62,81.06,81.45,1694
2026-07-31T11:15:00+05:30,81.47,81.7,81.36,81.69,574
2026-07-31T11:30:00+05:30,81.7,82.02,81.61,81.83,1575
2026-07-31T11:45:00+05:30,81.82,82.23,81.79,82.01,936
2026-07-31T12:00:00+05:30,82.03,82.12,81.78,82.05,592
2026-07-31T12:15:00+05:30,82.05,82.13,81.95,82.03,536
2026-07-31T12:30:00+05:30,82.02,82.45,81.98,82.2,1621
2026-07-31T12:45:00+05:30,82.21,82.61,82.21,82.56,881
2026-07-31T13:00:00+05:30,82.53,82.69,82.34,82.58,1168
2026-07-31T13:15:00+05:30,82.56,82.58,82.05,82.18,2390
2026-07-31T13:30:00+05:30,82.16,82.33,82.01,82.1,972
2026-07-31T13:45:00+05:30,82.11,82.75,81.94,82.73,2046
2026-07-31T14:00:00+05:30,82.74,82.89,82.37,82.42,2071
2026-07-31T14:15:00+05:30,82.4,82.59,82.24,82.59,1630
2026-07-31T14:30:00+05:30,82.58,83.09,82.54,83.08,2439
2026-07-31T14:45:00+05:30,83.08,83.25,82.79,82.86,2691
2026-07-31T15:00:00+05:30,82.88,83.55,82.84,83.53,3027
2026-07-31T15:15:00+05:30,83.53,83.78,83.49,83.71,1818
2026-07-31T15:30:00+05:30,83.72,84.06,83.72,84.06,1933
2026-07-31T15:45:00+05:30,84.06,84.2,83.82,84.11,1722
2026-07-31T16:00:00+05:30,84.11,84.39,83.99,84.17,1443
2026-07-31T16:15:00+05:30,84.18,84.5,84.07,84.3,1518
2026-07-31T16:30:00+05:30,84.3,84.49,84.1,84.2,1631
2026-07-31T16:45:00+05:30,84.19,84.9,84.11,84.79,4783
2026-07-31T17:00:00+05:30,84.8,85.09,84.63,85,2897
2026-07-31T17:15:00+05:30,85,85.04,84.78,84.86,1765
2026-07-31T17:30:00+05:30,84.87,85.49,84.86,85.26,3668
2026-07-31T17:45:00+05:30,85.27,85.38,85.16,85.23,1688
2026-07-31T18:00:00+05:30,85.23,85.3,84.96,85.23,2988
2026-07-31T18:15:00+05:30,85.22,86.45,85.21,85.89,6828
2026-07-31T18:30:00+05:30,85.89,85.98,85.27,85.65,5513
2026-07-31T18:45:00+05:30,85.68,85.78,85.34,85.5,2890
2026-07-31T19:00:00+05:30,85.49,85.91,85.36,85.58,4764
2026-07-31T19:15:00+05:30,85.59,85.78,85.29,85.52,3226
2026-07-31T19:30:00+05:30,85.52,85.57,84.74,85.11,7052
2026-07-31T19:45:00+05:30,85.14,85.32,84.99,85.24,2327
2026-07-31T20:00:00+05:30,85.24,85.56,85.19,85.49,1939
2026-07-31T20:15:00+05:30,85.49,85.93,85.48,85.79,3722
2026-07-31T20:30:00+05:30,85.78,86.01,85.73,85.9,3117
2026-07-31T20:45:00+05:30,85.91,85.99,85.36,85.53,5915
2026-07-31T21:00:00+05:30,85.55,85.6,84.89,84.94,5986
2026-07-31T21:15:00+05:30,84.95,84.97,83.99,84.07,8389
2026-07-31T21:30:00+05:30,84.09,84.64,84.06,84.54,4821
2026-07-31T21:45:00+05:30,84.54,84.77,84.43,84.52,2784
2026-07-31T22:00:00+05:30,84.52,84.84,84.51,84.77,1791
2026-07-31T22:15:00+05:30,84.77,84.82,84.57,84.7,2166
2026-07-31T22:30:00+05:30,84.72,85.1,84.53,85.01,2973
2026-07-31T22:45:00+05:30,85,85.03,84.71,84.78,2496
2026-07-31T23:00:00+05:30,84.78,85.1,84.61,85.03,3173
2026-07-31T23:15:00+05:30,85.02,85.07,84.68,84.7,2667
2026-07-31T23:30:00+05:30,84.69,85.05,84.55,84.76,2990
2026-07-31T23:45:00+05:30,84.75,85.16,84.53,84.57,7504
2026-08-01T00:00:00+05:30,84.56,84.72,84.48,84.7,2857
2026-08-01T00:15:00+05:30,84.71,84.74,84.52,84.61,1208
2026-08-01T00:30:00+05:30,84.6,84.73,84.54,84.64,638
2026-08-01T00:45:00+05:30,84.64,84.95,84.64,84.8,963
2026-08-01T01:00:00+05:30,84.81,84.88,84.7,84.78,873
2026-08-01T01:15:00+05:30,84.79,84.85,84.73,84.77,1153
2026-08-01T01:30:00+05:30,84.75,84.79,84.52,84.57,442
2026-08-01T01:45:00+05:30,84.56,84.66,84.46,84.61,541
2026-08-01T02:00:00+05:30,84.63,84.8,84.47,84.62,567
2026-08-01T02:15:00+05:30,84.59,86.87,84.51,86.8,4323
2026-08-03T03:30:00+05:30,80.1,80.12,78.78,79.88,8279
2026-08-03T03:45:00+05:30,79.93,81.05,79.89,80.61,2807
2026-08-03T04:00:00+05:30,80.66,80.91,80.53,80.85,967
2026-08-03T04:15:00+05:30,80.85,81.3,80.8,81.24,1349
2026-08-03T04:30:00+05:30,81.24,81.3,80.87,81.08,1091
2026-08-03T04:45:00+05:30,81.07,81.09,80.78,80.83,490
2026-08-03T05:00:00+05:30,80.83,80.88,80.6,80.62,680
2026-08-03T05:15:00+05:30,80.6,80.79,80.43,80.71,605
2026-08-03T05:30:00+05:30,80.71,81,80.62,80.7,861
2026-08-03T05:45:00+05:30,80.68,80.7,80.45,80.47,714
2026-08-03T06:00:00+05:30,80.45,80.6,80.32,80.5,1011
2026-08-03T06:15:00+05:30,80.49,80.76,80.49,80.62,776
2026-08-03T06:30:00+05:30,80.63,80.81,80.38,80.68,1409
2026-08-03T06:45:00+05:30,80.68,80.72,80.36,80.4,735
2026-08-03T07:00:00+05:30,80.4,80.6,80.18,80.18,1195
2026-08-03T07:15:00+05:30,80.18,80.26,80.02,80.11,919
2026-08-03T07:30:00+05:30,80.12,80.23,79.9,80.19,888
2026-08-03T07:45:00+05:30,80.19,80.28,80.06,80.14,703
2026-08-03T08:00:00+05:30,80.12,80.37,80.05,80.25,531
2026-08-03T08:15:00+05:30,80.22,80.25,79.56,79.7,1841
2026-08-03T08:30:00+05:30,79.69,79.98,79.63,79.88,813
2026-08-03T08:45:00+05:30,79.86,79.94,79.65,79.89,463
2026-08-03T09:00:00+05:30,79.88,80.15,79.88,80.14,948
2026-08-03T09:15:00+05:30,80.13,80.16,79.72,79.74,904
2026-08-03T09:30:00+05:30,79.75,79.83,79.67,79.79,434
2026-08-03T09:45:00+05:30,79.78,79.79,79.59,79.66,529
2026-08-03T10:00:00+05:30,79.67,79.81,79.67,79.78,429
2026-08-03T10:15:00+05:30,79.79,79.79,79.5,79.52,417
2026-08-03T10:30:00+05:30,79.51,79.59,79.41,79.47,589
2026-08-03T10:45:00+05:30,79.48,79.55,79.38,79.46,392
2026-08-03T11:00:00+05:30,79.45,79.64,79.38,79.63,733
2026-08-03T11:15:00+05:30,79.63,79.9,79.63,79.64,769
2026-08-03T11:30:00+05:30,79.65,79.72,79.32,79.36,1038
2026-08-03T11:45:00+05:30,79.37,79.52,79.2,79.25,1024
2026-08-03T12:00:00+05:30,79.25,79.37,78.95,79.04,1721
2026-08-03T12:15:00+05:30,79.06,79.14,78.87,79.1,1266
2026-08-03T12:30:00+05:30,79.09,79.65,79.06,79.62,2088
2026-08-03T12:45:00+05:30,79.61,80.42,79.58,79.71,5508
2026-08-03T13:00:00+05:30,79.74,80.05,79.53,79.9,1721
2026-08-03T13:15:00+05:30,79.87,79.93,79.34,79.67,1787
2026-08-03T13:30:00+05:30,79.68,79.92,79.55,79.66,1879
2026-08-03T13:45:00+05:30,79.67,80.05,79.66,79.79,2467
2026-08-03T14:00:00+05:30,79.77,80.46,79.72,80.36,2397
2026-08-03T14:15:00+05:30,80.35,80.66,80.16,80.27,2021
2026-08-03T14:30:00+05:30,80.27,80.32,79.72,79.82,1422
2026-08-03T14:45:00+05:30,79.82,79.97,79.66,79.8,1204
2026-08-03T15:00:00+05:30,79.8,80.07,79.47,79.9,1616
2026-08-03T15:15:00+05:30,79.9,80.05,79.67,80.05,2785
2026-08-03T15:30:00+05:30,80.04,80.04,79.56,79.66,1638
2026-08-03T15:45:00+05:30,79.65,79.8,79.53,79.72,1023
2026-08-03T16:00:00+05:30,79.73,79.76,79.31,79.53,1223
2026-08-03T16:15:00+05:30,79.52,79.67,79.36,79.5,988
2026-08-03T16:30:00+05:30,79.51,79.6,79.35,79.58,1372
2026-08-03T16:45:00+05:30,79.59,79.88,79.53,79.85,1406
2026-08-03T17:00:00+05:30,79.83,79.88,79.45,79.52,1464
2026-08-03T17:15:00+05:30,79.53,79.65,79,79.04,2787
2026-08-03T17:30:00+05:30,79.04,79.17,78.91,78.96,3038
2026-08-03T17:45:00+05:30,78.95,79.21,78.82,79.12,2550
2026-08-03T18:00:00+05:30,79.12,79.12,78.85,78.92,2172
2026-08-03T18:15:00+05:30,78.91,79.39,78.83,79.02,4192
2026-08-03T18:30:00+05:30,79.01,79.36,78.62,79.33,6719
2026-08-03T18:45:00+05:30,79.33,79.4,79.03,79.29,4269
2026-08-03T19:00:00+05:30,79.29,79.37,78.43,78.72,5933
2026-08-03T19:15:00+05:30,78.71,79.2,78.47,79.13,4177
2026-08-03T19:30:00+05:30,79.13,79.44,79.11,79.24,4934
2026-08-03T19:45:00+05:30,79.25,79.41,79.03,79.23,2887
2026-08-03T20:00:00+05:30,79.24,79.66,79.23,79.44,3942
2026-08-03T20:15:00+05:30,79.43,79.67,79.26,79.67,3439
2026-08-03T20:30:00+05:30,79.67,79.89,79.4,79.54,4183
2026-08-03T20:45:00+05:30,79.54,80.16,79.41,80,6241
2026-08-03T21:00:00+05:30,79.99,80,79.39,79.76,4368
2026-08-03T21:15:00+05:30,79.77,79.85,79.52,79.64,2614
2026-08-03T21:30:00+05:30,79.63,79.79,79.4,79.71,2848
2026-08-03T21:45:00+05:30,79.71,79.74,79.27,79.48,3588
2026-08-03T22:00:00+05:30,79.47,79.9,79.41,79.72,3439
2026-08-03T22:15:00+05:30,79.72,79.81,79.41,79.58,2372
2026-08-03T22:30:00+05:30,79.58,80.22,79.56,80.15,5254
2026-08-03T22:45:00+05:30,80.15,80.15,79.82,80.02,3605
2026-08-03T23:00:00+05:30,80.01,80.09,79.86,79.88,2464
2026-08-03T23:15:00+05:30,79.88,80.31,79.85,80.01,3652
2026-08-03T23:30:00+05:30,80,80.05,79.46,79.68,6896
2026-08-03T23:45:00+05:30,79.68,80.41,79.66,80.36,10600
2026-08-04T00:00:00+05:30,80.35,80.5,80.18,80.41,3453
2026-08-04T00:15:00+05:30,80.42,80.65,80.34,80.39,2100
2026-08-04T00:30:00+05:30,80.39,80.6,80.26,80.47,1450
2026-08-04T00:45:00+05:30,80.47,80.48,80.22,80.46,1399
2026-08-04T01:00:00+05:30,80.47,80.49,80.2,80.27,1345
2026-08-04T01:15:00+05:30,80.27,80.36,80.12,80.13,1557
2026-08-04T01:30:00+05:30,80.15,80.24,80.05,80.19,547
2026-08-04T01:45:00+05:30,80.19,80.22,80.04,80.1,384
2026-08-04T02:00:00+05:30,80.09,80.09,79.85,79.96,578
2026-08-04T02:15:00+05:30,79.97,80.08,79.86,80.06,554
2026-08-04T03:30:00+05:30,80.1,80.1,79.95,79.95,358
2026-08-04T03:45:00+05:30,79.99,80.01,79.97,80,85
2026-08-04T04:00:00+05:30,80,80.07,79.95,79.98,378
2026-08-04T04:15:00+05:30,79.95,80.16,79.62,80.08,934
2026-08-04T04:30:00+05:30,80.1,80.31,80.05,80.19,354
2026-08-04T04:45:00+05:30,80.19,80.19,79.83,79.85,271
2026-08-04T05:00:00+05:30,79.86,80.1,79.82,80.04,327
2026-08-04T05:15:00+05:30,80.06,80.35,80.06,80.24,478
2026-08-04T05:30:00+05:30,80.24,80.72,80.23,80.62,943
2026-08-04T05:45:00+05:30,80.61,80.84,80.5,80.65,728
2026-08-04T06:00:00+05:30,80.65,80.86,80.59,80.7,522
2026-08-04T06:15:00+05:30,80.7,81.18,80.67,81.01,1743
2026-08-04T06:30:00+05:30,81.02,81.22,80.75,80.79,937
2026-08-04T06:45:00+05:30,80.77,80.88,80.65,80.86,528
2026-08-04T07:00:00+05:30,80.88,81.05,80.75,80.99,651
2026-08-04T07:15:00+05:30,80.99,81.09,80.94,80.98,600
2026-08-04T07:30:00+05:30,80.99,81.08,80.78,81.05,451
2026-08-04T07:45:00+05:30,81.05,81.08,80.88,81.05,301
2026-08-04T08:00:00+05:30,81.03,81.27,81,81.12,814
2026-08-04T08:15:00+05:30,81.11,81.2,81.08,81.18,211
2026-08-04T08:30:00+05:30,81.15,81.28,81.07,81.07,803
2026-08-04T08:45:00+05:30,81.07,81.15,80.95,80.97,401
2026-08-04T09:00:00+05:30,80.95,81.21,80.86,81.16,450
2026-08-04T09:15:00+05:30,81.15,81.25,81.03,81.18,309
2026-08-04T09:30:00+05:30,81.19,81.24,81.07,81.24,218
2026-08-04T09:45:00+05:30,81.23,81.27,81.07,81.07,367
2026-08-04T10:00:00+05:30,81.08,81.27,81.06,81.25,184
2026-08-04T10:15:00+05:30,81.23,81.3,81.2,81.23,259
2026-08-04T10:30:00+05:30,81.22,81.44,81.17,81.31,421
2026-08-04T10:45:00+05:30,81.29,81.36,81.24,81.31,310
2026-08-04T11:00:00+05:30,81.34,81.45,81.11,81.28,504
2026-08-04T11:15:00+05:30,81.3,81.37,80.87,80.9,796
2026-08-04T11:30:00+05:30,80.88,81.08,80.73,80.75,814
2026-08-04T11:45:00+05:30,80.75,81.04,80.74,80.82,712
2026-08-04T12:00:00+05:30,80.81,80.98,80.65,80.65,681
2026-08-04T12:15:00+05:30,80.67,80.83,80.41,80.45,999
2026-08-04T12:30:00+05:30,80.44,80.71,80.21,80.62,1887
2026-08-04T12:45:00+05:30,80.64,81.02,80.47,80.96,1174
2026-08-04T13:00:00+05:30,80.97,81.04,80.74,80.89,1002
2026-08-04T13:15:00+05:30,80.9,80.95,80.69,80.74,1177
2026-08-04T13:30:00+05:30,80.77,80.97,80.45,80.77,1074
2026-08-04T13:45:00+05:30,80.77,80.97,80.73,80.77,1445
2026-08-04T14:00:00+05:30,80.78,81.76,80.78,81.65,3642
2026-08-04T14:15:00+05:30,81.66,82.28,81.65,82.1,3286
2026-08-04T14:30:00+05:30,82.12,82.32,82.03,82.22,1652
2026-08-04T14:45:00+05:30,82.23,82.3,82.03,82.05,2073
2026-08-04T15:00:00+05:30,82.06,82.2,81.71,82.07,2410
2026-08-04T15:15:00+05:30,82.05,82.33,81.85,81.85,2388
2026-08-04T15:30:00+05:30,81.83,81.9,81.49,81.83,2027
2026-08-04T15:45:00+05:30,81.82,82.02,81.67,81.99,1481
2026-08-04T16:00:00+05:30,81.97,81.97,81.27,81.52,2120
2026-08-04T16:15:00+05:30,81.53,81.53,80.52,80.83,7028
2026-08-04T16:30:00+05:30,80.83,80.96,80.06,80.23,4574
2026-08-04T16:45:00+05:30,80.23,80.29,79.62,79.65,3620
2026-08-04T17:00:00+05:30,79.63,79.99,78.5,78.55,6554
2026-08-04T17:15:00+05:30,78.55,78.78,76.58,76.67,17712
2026-08-04T17:30:00+05:30,76.67,78.02,76.66,77.97,10318
2026-08-04T17:45:00+05:30,77.96,78.12,77.68,77.9,5017
2026-08-04T18:00:00+05:30,77.88,78.08,77.68,77.93,3236
2026-08-04T18:15:00+05:30,77.93,78,77.22,77.51,3925
2026-08-04T18:30:00+05:30,77.49,77.86,77.4,77.49,4757
2026-08-04T18:45:00+05:30,77.5,77.67,76.25,76.46,12883
2026-08-04T19:00:00+05:30,76.47,76.61,75.95,76.34,10030
2026-08-04T19:15:00+05:30,76.36,76.41,75.77,75.97,6278
2026-08-04T19:30:00+05:30,75.98,76.4,75.79,75.99,6500
2026-08-04T19:45:00+05:30,75.99,76.47,75.88,76.46,3892
2026-08-04T20:00:00+05:30,76.47,76.88,76.13,76.83,8105
2026-08-04T20:15:00+05:30,76.83,77.02,76.59,76.9,3221
2026-08-04T20:30:00+05:30,76.91,77.06,76.72,76.87,4081
2026-08-04T20:45:00+05:30,76.86,76.86,76.29,76.31,3871
2026-08-04T21:00:00+05:30,76.31,76.4,75.16,75.36,12892
2026-08-04T21:15:00+05:30,75.35,75.85,75.29,75.74,5268
2026-08-04T21:30:00+05:30,75.74,76.21,75.7,76.19,3966
2026-08-04T21:45:00+05:30,76.19,76.27,75.88,76.02,2955
2026-08-04T22:00:00+05:30,76.03,76.29,76.02,76.1,1904
2026-08-04T22:15:00+05:30,76.09,76.32,76.01,76.2,2082
2026-08-04T22:30:00+05:30,76.2,76.27,75.58,75.6,3063
2026-08-04T22:45:00+05:30,75.6,76,75.6,75.94,3066
2026-08-04T23:00:00+05:30,75.94,76,75.57,75.62,2031
2026-08-04T23:15:00+05:30,75.63,75.91,75.61,75.89,2704
2026-08-04T23:30:00+05:30,75.89,75.98,75.68,75.71,3364
2026-08-04T23:45:00+05:30,75.72,75.86,75.54,75.73,8348
2026-08-05T00:00:00+05:30,75.73,75.92,75.63,75.82,2188
2026-08-05T00:15:00+05:30,75.82,75.86,75.74,75.8,968
2026-08-05T00:30:00+05:30,75.79,75.89,75.68,75.81,1190
2026-08-05T00:45:00+05:30,75.82,75.9,75.74,75.74,776
2026-08-05T01:00:00+05:30,75.73,75.8,75.66,75.8,797
2026-08-05T01:15:00+05:30,75.81,76.01,75.74,75.79,1299
2026-08-05T01:30:00+05:30,75.79,75.84,75.24,75.37,1697
2026-08-05T01:45:00+05:30,75.38,75.41,75.19,75.41,796
2026-08-05T02:00:00+05:30,75.39,75.64,75.22,75.23,971
2026-08-05T02:15:00+05:30,75.25,75.42,75.11,75.14,1502
2026-08-05T03:30:00+05:30,75.17,75.4,75.14,75.32,242
2026-08-05T03:45:00+05:30,75.32,75.44,75.27,75.32,211
2026-08-05T04:00:00+05:30,75.32,75.32,75.16,75.2,500
2026-08-05T04:15:00+05:30,75.22,75.4,75.2,75.35,321
2026-08-05T04:30:00+05:30,75.34,75.39,75.26,75.26,227
2026-08-05T04:45:00+05:30,75.25,75.25,75.07,75.13,464
2026-08-05T05:00:00+05:30,75.14,75.26,75.09,75.2,260
2026-08-05T05:15:00+05:30,75.21,75.3,75.18,75.23,258
2026-08-05T05:30:00+05:30,75.22,75.33,74.3,75.16,2650
2026-08-05T05:45:00+05:30,75.18,75.42,75.14,75.38,699
2026-08-05T06:00:00+05:30,75.39,75.45,75.29,75.41,508
2026-08-05T06:15:00+05:30,75.41,75.5,75.32,75.39,811
2026-08-05T06:30:00+05:30,75.38,75.98,75.38,75.82,1903
2026-08-05T06:45:00+05:30,75.82,76.03,75.81,76,585
2026-08-05T07:00:00+05:30,75.99,76.06,75.88,75.93,478
2026-08-05T07:15:00+05:30,75.93,76.05,75.84,75.98,491
2026-08-05T07:30:00+05:30,75.96,76.03,75.15,75.19,2392
2026-08-05T07:45:00+05:30,75.16,75.34,74.74,74.88,1555
2026-08-05T08:00:00+05:30,74.87,74.92,74.24,74.3,2384
2026-08-05T08:15:00+05:30,74.29,74.77,74.29,74.74,1168
2026-08-05T08:30:00+05:30,74.73,74.77,74.52,74.58,755
2026-08-05T08:45:00+05:30,74.58,74.72,74.45,74.72,616
2026-08-05T09:00:00+05:30,74.7,74.85,74.45,74.63,1062
2026-08-05T09:15:00+05:30,74.63,74.75,74.53,74.56,377
2026-08-05T09:30:00+05:30,74.57,74.88,74.5,74.87,684
2026-08-05T09:45:00+05:30,74.85,75.09,74.85,74.97,749
2026-08-05T10:00:00+05:30,74.97,75.24,74.91,75.17,707
2026-08-05T10:15:00+05:30,75.17,75.29,75.13,75.15,343
2026-08-05T10:30:00+05:30,75.17,75.33,75.1,75.24,417
2026-08-05T10:45:00+05:30,75.22,75.29,75.07,75.22,573
2026-08-05T11:00:00+05:30,75.22,75.23,74.75,75,970
2026-08-05T11:15:00+05:30,75.03,75.14,74.82,75.04,713
2026-08-05T11:30:00+05:30,75.06,75.42,74.97,75.23,1010
2026-08-05T11:45:00+05:30,75.24,75.3,74.94,75.18,832
2026-08-05T12:00:00+05:30,75.17,75.48,75.14,75.19,867
2026-08-05T12:15:00+05:30,75.19,75.35,75,75.02,1246
2026-08-05T12:30:00+05:30,75.03,75.88,74.88,75.77,3185
2026-08-05T12:45:00+05:30,75.76,76.14,75.6,76.11,2288
2026-08-05T13:00:00+05:30,76.1,76.28,75.92,76.03,2692
2026-08-05T13:15:00+05:30,76.01,76.21,75.86,76.01,1759
2026-08-05T13:30:00+05:30,76.01,76.32,75.75,76.26,2843
2026-08-05T13:45:00+05:30,76.26,76.3,75.88,76.02,2596
2026-08-05T14:00:00+05:30,76.02,76.35,75.85,76.16,2386
2026-08-05T14:15:00+05:30,76.16,76.39,76.07,76.24,1335
2026-08-05T14:30:00+05:30,76.21,76.29,75.88,75.89,1466
2026-08-05T14:45:00+05:30,75.9,76.4,75.84,76.28,1474
2026-08-05T15:00:00+05:30,76.26,76.38,76.12,76.23,911
2026-08-05T15:15:00+05:30,76.23,76.55,76.18,76.51,1201
2026-08-05T15:30:00+05:30,76.52,76.65,76.45,76.47,1116
2026-08-05T15:45:00+05:30,76.46,76.7,76.33,76.64,1463
2026-08-05T16:00:00+05:30,76.64,76.68,76.27,76.43,1354
2026-08-05T16:15:00+05:30,76.42,76.55,76.14,76.23,1049
2026-08-05T16:30:00+05:30,76.24,76.39,76,76.04,1449
2026-08-05T16:45:00+05:30,76.05,76.3,75.98,76.2,1059
2026-08-05T17:00:00+05:30,76.2,76.23,75.81,75.95,2150
2026-08-05T17:15:00+05:30,75.94,76.21,75.9,76.06,1922
2026-08-05T17:30:00+05:30,76.05,76.27,75.88,75.91,1986
2026-08-05T17:45:00+05:30,75.91,76.38,75.8,76.37,3105
2026-08-05T18:00:00+05:30,76.36,76.6,76.21,76.25,2217
2026-08-05T18:15:00+05:30,76.24,76.55,76.06,76.54,2201
2026-08-05T18:30:00+05:30,76.52,76.54,75.69,75.81,4407
2026-08-05T18:45:00+05:30,75.83,76.02,75.67,75.85,2195
2026-08-05T19:00:00+05:30,75.84,75.88,74.95,75.44,7027
2026-08-05T19:15:00+05:30,75.46,75.65,75.25,75.5,5047
2026-08-05T19:30:00+05:30,75.51,75.58,74.65,74.99,9447
2026-08-05T19:45:00+05:30,74.99,75.18,74.81,74.96,3894
2026-08-05T20:00:00+05:30,74.98,75.15,74.79,75.02,4199
2026-08-05T20:15:00+05:30,75.02,75.36,74.98,75.14,3237
2026-08-05T20:30:00+05:30,75.15,75.57,74.53,75.54,6950
2026-08-05T20:45:00+05:30,75.54,75.82,75.01,75.17,5943
2026-08-05T21:00:00+05:30,75.17,75.37,75.06,75.24,2848
2026-08-05T21:15:00+05:30,75.24,75.63,75.24,75.6,3429
2026-08-05T21:30:00+05:30,75.61,75.78,75.45,75.57,1882
2026-08-05T21:45:00+05:30,75.57,75.76,75.55,75.64,1520
2026-08-05T22:00:00+05:30,75.64,75.69,75.16,75.2,2253
2026-08-05T22:15:00+05:30,75.21,75.33,74.72,74.91,3766
2026-08-05T22:30:00+05:30,74.9,75.02,74.61,74.69,3678
2026-08-05T22:45:00+05:30,74.68,74.7,74.45,74.53,3131
2026-08-05T23:00:00+05:30,74.52,74.75,74.45,74.63,2580
2026-08-05T23:15:00+05:30,74.63,74.89,74.57,74.87,2237
2026-08-05T23:30:00+05:30,74.88,75.28,74.85,75.26,2860
2026-08-05T23:45:00+05:30,75.26,75.41,75.12,75.18,7985
2026-08-06T00:00:00+05:30,75.18,75.43,75.17,75.24,1956
2026-08-06T00:15:00+05:30,75.23,75.33,75.05,75.33,1048
2026-08-06T00:30:00+05:30,75.32,75.38,75.12,75.15,572
2026-08-06T00:45:00+05:30,75.15,75.32,75.15,75.26,798
2026-08-06T01:00:00+05:30,75.26,75.27,75.13,75.13,383
2026-08-06T01:15:00+05:30,75.14,75.18,75.01,75.18,894
2026-08-06T01:30:00+05:30,75.16,75.16,74.87,75,816
2026-08-06T01:45:00+05:30,75.01,75.1,74.98,75.08,337
2026-08-06T02:00:00+05:30,75.11,75.13,74.92,75,387
2026-08-06T02:15:00+05:30,75,75.09,74.95,75.08,509
2026-08-06T03:30:00+05:30,75.14,75.27,74.89,75.13,341
2026-08-06T03:45:00+05:30,75.12,75.2,75.05,75.1,219
2026-08-06T04:00:00+05:30,75.09,75.18,75.04,75.05,132
2026-08-06T04:15:00+05:30,75.04,75.1,75.02,75.05,76
2026-08-06T04:30:00+05:30,75.04,75.1,74.96,74.98,100
2026-08-06T04:45:00+05:30,74.98,75.07,74.91,75.05,152
2026-08-06T05:00:00+05:30,75.04,75.05,74.98,74.99,55
2026-08-06T05:15:00+05:30,75.01,75.03,74.84,74.87,199
2026-08-06T05:30:00+05:30,74.89,75.03,74.75,74.78,380
2026-08-06T05:45:00+05:30,74.75,75,74.64,75,543
2026-08-06T06:00:00+05:30,74.96,75.16,74.9,75.02,475
2026-08-06T06:15:00+05:30,75,75,74.74,74.95,603
2026-08-06T06:30:00+05:30,74.95,75.55,74.91,75.47,1825
2026-08-06T06:45:00+05:30,75.44,76.04,75.39,75.72,1921
2026-08-06T07:00:00+05:30,75.72,75.88,75.7,75.74,932
2026-08-06T07:15:00+05:30,75.74,75.89,75.61,75.76,835
2026-08-06T07:30:00+05:30,75.73,75.8,75.49,75.6,586
2026-08-06T07:45:00+05:30,75.58,75.65,75.43,75.48,336
2026-08-06T08:00:00+05:30,75.51,75.69,75.49,75.54,378
2026-08-06T08:15:00+05:30,75.51,75.61,75.42,75.48,324
2026-08-06T08:30:00+05:30,75.46,75.52,75.37,75.48,263
2026-08-06T08:45:00+05:30,75.49,75.56,75.18,75.24,550
2026-08-06T09:00:00+05:30,75.24,75.25,74.91,75.01,656
2026-08-06T09:15:00+05:30,75.01,75.1,74.91,74.91,455
2026-08-06T09:30:00+05:30,74.9,74.95,74.74,74.81,620
2026-08-06T09:45:00+05:30,74.81,74.85,74.69,74.75,290
2026-08-06T10:00:00+05:30,74.75,74.81,74.61,74.8,780
2026-08-06T10:15:00+05:30,74.79,74.84,74.72,74.81,337
2026-08-06T10:30:00+05:30,74.81,74.97,74.8,74.82,428
2026-08-06T10:45:00+05:30,74.82,74.82,74.63,74.66,402
2026-08-06T11:00:00+05:30,74.65,74.95,74.57,74.89,864
2026-08-06T11:15:00+05:30,74.88,74.92,74.84,74.87,372
2026-08-06T11:30:00+05:30,74.89,75.48,74.84,75.42,1009
2026-08-06T11:45:00+05:30,75.4,75.48,75.22,75.24,830
2026-08-06T12:00:00+05:30,75.24,75.63,75.22,75.48,911
2026-08-06T12:15:00+05:30,75.48,75.64,75.25,75.27,1167
2026-08-06T12:30:00+05:30,75.27,75.44,75.01,75.26,1509
2026-08-06T12:45:00+05:30,75.27,75.32,74.98,75.17,928
2026-08-06T13:00:00+05:30,75.17,75.48,75.07,75.41,971
2026-08-06T13:15:00+05:30,75.41,75.53,75.28,75.42,966
2026-08-06T13:30:00+05:30,75.42,75.66,75.27,75.66,1636
2026-08-06T13:45:00+05:30,75.67,75.8,75.08,75.16,2928
2026-08-06T14:00:00+05:30,75.14,75.33,74.92,75.08,2223
2026-08-06T14:15:00+05:30,75.09,75.22,74.9,75.17,1021
2026-08-06T14:30:00+05:30,75.17,75.52,75.11,75.38,1180
2026-08-06T14:45:00+05:30,75.36,75.46,75.12,75.19,723
2026-08-06T15:00:00+05:30,75.17,75.44,75.07,75.39,665
2026-08-06T15:15:00+05:30,75.41,75.48,75.1,75.14,614
2026-08-06T15:30:00+05:30,75.15,75.66,75.12,75.57,1148
2026-08-06T15:45:00+05:30,75.59,75.96,75.49,75.75,1746
2026-08-06T16:00:00+05:30,75.75,75.94,75.71,75.92,1053
2026-08-06T16:15:00+05:30,75.91,76.05,75.8,75.89,1604
2026-08-06T16:30:00+05:30,75.88,76,75.75,75.92,1181
2026-08-06T16:45:00+05:30,75.92,75.99,75.84,75.85,587
2026-08-06T17:00:00+05:30,75.84,75.91,75.76,75.78,652
2026-08-06T17:15:00+05:30,75.78,76.23,75.68,75.69,2668
2026-08-06T17:30:00+05:30,75.69,76.17,75.61,75.87,2286
2026-08-06T17:45:00+05:30,75.86,76.33,75.81,76.21,2801
2026-08-06T18:00:00+05:30,76.22,76.43,76.14,76.29,2120
2026-08-06T18:15:00+05:30,76.28,76.36,76.11,76.22,1672
2026-08-06T18:30:00+05:30,76.22,76.84,76.16,76.64,5912
2026-08-06T18:45:00+05:30,76.64,76.64,76.13,76.2,3600
2026-08-06T19:00:00+05:30,76.21,76.29,75.95,75.99,2708
2026-08-06T19:15:00+05:30,75.99,76.26,75.9,76.12,2061
2026-08-06T19:30:00+05:30,76.13,76.24,75.94,76.15,1667
2026-08-06T19:45:00+05:30,76.16,76.45,76.13,76.38,1994
2026-08-06T20:00:00+05:30,76.41,76.54,76.19,76.43,2433
2026-08-06T20:15:00+05:30,76.41,76.76,76.41,76.58,2967
2026-08-06T20:30:00+05:30,76.59,76.89,76.51,76.72,2895
2026-08-06T20:45:00+05:30,76.72,77.19,76.71,76.84,5366
2026-08-06T21:00:00+05:30,76.84,77.1,76.77,76.85,3609
2026-08-06T21:15:00+05:30,76.84,78.15,76.83,77.75,11284
2026-08-06T21:30:00+05:30,77.74,77.96,77.58,77.87,4176
2026-08-06T21:45:00+05:30,77.87,78.06,77.67,77.69,4025
2026-08-06T22:00:00+05:30,77.7,78.06,77.6,78.04,3137
2026-08-06T22:15:00+05:30,78.05,78.09,77.78,77.88,2525
2026-08-06T22:30:00+05:30,77.88,77.88,77.66,77.75,2404
2026-08-06T22:45:00+05:30,77.74,77.9,77.58,77.64,2430
2026-08-06T23:00:00+05:30,77.62,77.69,77.24,77.35,3117
2026-08-06T23:15:00+05:30,77.35,77.41,77.14,77.31,2531
2026-08-06T23:30:00+05:30,77.31,77.49,77.11,77.28,2844
2026-08-06T23:45:00+05:30,77.29,77.46,77.18,77.27,5926
2026-08-07T00:00:00+05:30,77.28,77.35,77.15,77.28,1546
2026-08-07T00:15:00+05:30,77.28,77.44,77.23,77.4,798
2026-08-07T00:30:00+05:30,77.41,77.69,77.41,77.57,1029
2026-08-07T00:45:00+05:30,77.59,78.33,77.51,78.14,3398
2026-08-07T01:00:00+05:30,78.16,78.29,77.85,77.95,1535
2026-08-07T01:15:00+05:30,77.95,78.08,77.41,77.72,2966
2026-08-07T01:30:00+05:30,77.68,77.84,77.61,77.77,868
2026-08-07T01:45:00+05:30,77.76,78.18,77.66,78.09,1370
2026-08-07T02:00:00+05:30,78.09,78.29,77.98,78.18,679
2026-08-07T02:15:00+05:30,78.17,78.51,78.15,78.23,1508
2026-08-07T03:30:00+05:30,78.17,78.21,77.8,78.14,484
2026-08-07T03:45:00+05:30,78.14,78.14,77.98,78.08,345
2026-08-07T04:00:00+05:30,78.07,78.15,78.07,78.11,122
2026-08-07T04:15:00+05:30,78.11,78.15,78.03,78.11,217
2026-08-07T04:30:00+05:30,78.12,78.13,78.06,78.08,130
2026-08-07T04:45:00+05:30,78.07,78.11,78.01,78.06,185
2026-08-07T05:00:00+05:30,78.06,78.11,78.05,78.08,136
2026-08-07T05:15:00+05:30,78.07,78.1,77.95,77.99,236
2026-08-07T05:30:00+05:30,77.98,78.26,77.9,78.13,1001
2026-08-07T05:45:00+05:30,78.13,78.35,78.12,78.26,736
2026-08-07T06:00:00+05:30,78.27,78.42,78.19,78.23,499
2026-08-07T06:15:00+05:30,78.23,78.23,77.87,77.94,1046
2026-08-07T06:30:00+05:30,77.94,78.02,77.73,77.84,814
2026-08-07T06:45:00+05:30,77.82,78.03,77.79,77.86,322
2026-08-07T07:00:00+05:30,77.84,77.92,77.74,77.81,278
2026-08-07T07:15:00+05:30,77.81,78,77.81,77.92,231
2026-08-07T07:30:00+05:30,77.92,78.12,77.92,78.03,342
2026-08-07T07:45:00+05:30,78.02,78.17,77.96,78.1,341
2026-08-07T08:00:00+05:30,78.11,78.21,78.04,78.09,328
2026-08-07T08:15:00+05:30,78.09,78.11,77.98,78,208
2026-08-07T08:30:00+05:30,78.01,78.11,77.9,78.1,275
2026-08-07T08:45:00+05:30,78.08,78.26,78.05,78.06,463
2026-08-07T09:00:00+05:30,78.06,78.1,77.97,78.01,313
2026-08-07T09:15:00+05:30,78.02,78.1,78,78.04,148
2026-08-07T09:30:00+05:30,78.05,78.34,77.99,78.3,568
2026-08-07T09:45:00+05:30,78.29,78.72,78.28,78.65,1865
2026-08-07T10:00:00+05:30,78.64,78.77,78.27,78.46,1130
2026-08-07T10:15:00+05:30,78.46,78.52,78.23,78.32,349
2026-08-07T10:30:00+05:30,78.33,78.34,78.22,78.32,209
2026-08-07T10:45:00+05:30,78.33,78.36,78.25,78.32,212
2026-08-07T11:00:00+05:30,78.35,78.39,78.17,78.25,452
2026-08-07T11:15:00+05:30,78.26,78.35,78.06,78.06,525
2026-08-07T11:30:00+05:30,78.06,78.15,77.79,77.83,969
2026-08-07T11:45:00+05:30,77.84,77.91,77.58,77.6,930
2026-08-07T12:00:00+05:30,77.58,78.1,77.56,78.07,1138
2026-08-07T12:15:00+05:30,78.06,78.12,77.85,77.87,484
2026-08-07T12:30:00+05:30,77.88,78.05,77.66,77.66,784
2026-08-07T12:45:00+05:30,77.67,77.85,77.52,77.56,813
2026-08-07T13:00:00+05:30,77.56,77.85,77.51,77.85,946
2026-08-07T13:15:00+05:30,77.85,77.95,77.7,77.76,780
2026-08-07T13:30:00+05:30,77.77,77.81,77.46,77.66,1371
2026-08-07T13:45:00+05:30,77.67,77.98,77.66,77.85,2376
2026-08-07T14:00:00+05:30,77.86,77.98,77.6,77.84,1273
2026-08-07T14:15:00+05:30,77.84,78.04,77.7,77.74,783
2026-08-07T14:30:00+05:30,77.75,77.84,77.54,77.6,820
2026-08-07T14:45:00+05:30,77.59,77.77,77.51,77.52,589
2026-08-07T15:00:00+05:30,77.54,77.55,77.09,77.24,1945
2026-08-07T15:15:00+05:30,77.23,77.37,77.09,77.25,1364
2026-08-07T15:30:00+05:30,77.24,77.25,76.91,77.04,2202
2026-08-07T15:45:00+05:30,77.02,77.32,77.02,77.1,1038
2026-08-07T16:00:00+05:30,77.1,77.1,76.84,76.89,1540
2026-08-07T16:15:00+05:30,76.88,77.01,76.79,76.82,1126
2026-08-07T16:30:00+05:30,76.83,76.97,76.71,76.97,1451
2026-08-07T16:45:00+05:30,76.98,77.08,76.71,76.78,1181
2026-08-07T17:00:00+05:30,76.78,76.85,76.58,76.72,1038
2026-08-07T17:15:00+05:30,76.72,76.76,76.57,76.74,842
2026-08-07T17:30:00+05:30,76.75,77.04,76.63,77.04,1939
2026-08-07T17:45:00+05:30,77.04,77.53,77,77.37,2298
2026-08-07T18:00:00+05:30,77.38,77.38,76.61,76.75,3319
2026-08-07T18:15:00+05:30,76.76,76.86,76.58,76.74,1772
2026-08-07T18:30:00+05:30,76.73,77.03,76.53,76.77,4300
2026-08-07T18:45:00+05:30,76.77,77.13,76.7,76.93,2409
2026-08-07T19:00:00+05:30,76.94,77.12,76.85,77.03,2305
2026-08-07T19:15:00+05:30,77.03,77.34,77,77.34,2708
2026-08-07T19:30:00+05:30,77.32,77.97,77.18,77.71,4907
2026-08-07T19:45:00+05:30,77.7,77.81,77.35,77.66,2978
2026-08-07T20:00:00+05:30,77.66,77.74,77.42,77.49,1647
2026-08-07T20:15:00+05:30,77.48,78.1,77.44,78.09,2941
2026-08-07T20:30:00+05:30,78.09,78.43,77.97,78.18,4751
2026-08-07T20:45:00+05:30,78.18,78.37,78.07,78.16,3852
2026-08-07T21:00:00+05:30,78.16,78.34,77.95,78.06,2420
2026-08-07T21:15:00+05:30,78.08,78.49,77.95,78.4,2304
2026-08-07T21:30:00+05:30,78.41,78.5,78.17,78.29,1951
2026-08-07T21:45:00+05:30,78.29,78.49,78.18,78.4,3007
2026-08-07T22:00:00+05:30,78.41,78.46,78.14,78.21,1269
2026-08-07T22:15:00+05:30,78.22,78.37,78.16,78.36,1418
2026-08-07T22:30:00+05:30,78.37,78.37,77.97,78,2186
2026-08-07T22:45:00+05:30,77.99,78.1,77.89,78,2007
2026-08-07T23:00:00+05:30,78,78.03,77.72,77.96,2867
2026-08-07T23:15:00+05:30,77.95,78.13,77.93,78.08,2032
2026-08-07T23:30:00+05:30,78.07,78.33,78.04,78.24,2309
2026-08-07T23:45:00+05:30,78.24,78.37,77.93,78.17,8218
2026-08-08T00:00:00+05:30,78.18,78.3,78.06,78.25,1786
2026-08-08T00:15:00+05:30,78.24,78.26,78.01,78.11,975
2026-08-08T00:30:00+05:30,78.11,78.11,77.34,77.39,3491
2026-08-08T00:45:00+05:30,77.41,77.49,76.82,76.9,3163
2026-08-08T01:00:00+05:30,76.88,77.07,76.83,76.93,1643
2026-08-08T01:15:00+05:30,76.92,77.05,76.84,77.03,1326
2026-08-08T01:30:00+05:30,77.01,77.07,76.84,77.06,904
2026-08-08T01:45:00+05:30,77.05,77.14,76.95,77.04,417
2026-08-08T02:00:00+05:30,77.04,77.19,77.01,77.19,288
2026-08-08T02:15:00+05:30,77.17,77.37,77.04,77.08,968
2026-08-10T03:30:00+05:30,78.42,79.43,78.32,79.01,3612
2026-08-10T03:45:00+05:30,79.01,79.12,78.77,78.87,1082
2026-08-10T04:00:00+05:30,78.87,78.91,78.56,78.83,1066
2026-08-10T04:15:00+05:30,78.83,78.9,78.76,78.85,435
2026-08-10T04:30:00+05:30,78.85,78.86,78.6,78.66,507
2026-08-10T04:45:00+05:30,78.65,78.78,78.65,78.74,184
2026-08-10T05:00:00+05:30,78.75,78.93,78.71,78.84,239
2026-08-10T05:15:00+05:30,78.81,78.89,78.73,78.77,229
2026-08-10T05:30:00+05:30,78.76,78.85,78.5,78.82,810
2026-08-10T05:45:00+05:30,78.84,78.91,78.78,78.87,311
2026-08-10T06:00:00+05:30,78.9,78.96,78.72,78.81,460
2026-08-10T06:15:00+05:30,78.82,78.95,78.62,78.66,582
2026-08-10T06:30:00+05:30,78.65,79.05,78.18,78.98,1978
2026-08-10T06:45:00+05:30,78.99,79.03,78.79,78.96,449
2026-08-10T07:00:00+05:30,78.96,79.16,78.95,79.02,639
2026-08-10T07:15:00+05:30,79.03,79.09,78.8,78.88,407
2026-08-10T07:30:00+05:30,78.88,79.01,78.85,78.9,265
2026-08-10T07:45:00+05:30,78.87,78.9,78.66,78.7,273
2026-08-10T08:00:00+05:30,78.68,78.78,78.59,78.67,298
2026-08-10T08:15:00+05:30,78.67,78.91,78.66,78.82,302
2026-08-10T08:30:00+05:30,78.85,78.86,78.56,78.69,267
2026-08-10T08:45:00+05:30,78.68,78.68,78.55,78.65,182
2026-08-10T09:00:00+05:30,78.65,78.85,78.65,78.76,351
2026-08-10T09:15:00+05:30,78.75,78.84,78.75,78.81,161
2026-08-10T09:30:00+05:30,78.79,78.87,78.74,78.85,125
2026-08-10T09:45:00+05:30,78.83,78.84,78.69,78.78,177
2026-08-10T10:00:00+05:30,78.77,78.77,78.57,78.6,367
2026-08-10T10:15:00+05:30,78.59,78.6,78.33,78.45,672
2026-08-10T10:30:00+05:30,78.46,78.61,78.42,78.52,885
2026-08-10T10:45:00+05:30,78.53,78.55,78.38,78.44,292
2026-08-10T11:00:00+05:30,78.46,78.5,78.35,78.38,444
2026-08-10T11:15:00+05:30,78.36,78.4,77.8,77.83,1407
2026-08-10T11:30:00+05:30,77.83,78.32,77.79,78.22,1175
2026-08-10T11:45:00+05:30,78.21,78.25,77.95,78.05,563
2026-08-10T12:00:00+05:30,78.04,78.07,77.84,78.05,713
2026-08-10T12:15:00+05:30,78.04,78.21,77.89,77.93,635
2026-08-10T12:30:00+05:30,77.93,78.65,77.89,78.47,1501
2026-08-10T12:45:00+05:30,78.46,78.59,78.01,78.05,1280
2026-08-10T13:00:00+05:30,78.05,78.35,78.01,78.09,1035
2026-08-10T13:15:00+05:30,78.09,78.36,77.82,78.2,1531
2026-08-10T13:30:00+05:30,78.2,78.37,78.18,78.3,598
2026-08-10T13:45:00+05:30,78.31,78.63,78.2,78.53,2009
2026-08-10T14:00:00+05:30,78.53,79.11,78.39,79.03,2567
2026-08-10T14:15:00+05:30,79.03,79.36,78.95,79.13,2238
2026-08-10T14:30:00+05:30,79.13,79.14,78.93,78.96,1182
2026-08-10T14:45:00+05:30,78.97,79.09,78.66,78.76,1447
2026-08-10T15:00:00+05:30,78.76,79.08,78.7,79.02,1020
2026-08-10T15:15:00+05:30,79.03,79.13,78.92,79.02,582
2026-08-10T15:30:00+05:30,79.02,79.05,78.74,78.85,869
2026-08-10T15:45:00+05:30,78.83,78.94,78.44,78.81,1240
2026-08-10T16:00:00+05:30,78.82,79.49,78.76,79.36,2282
2026-08-10T16:15:00+05:30,79.36,79.59,79.16,79.47,1455
2026-08-10T16:30:00+05:30,79.48,79.6,79.27,79.3,1140
2026-08-10T16:45:00+05:30,79.3,79.35,78.97,79.08,1406
2026-08-10T17:00:00+05:30,79.08,79.53,79.01,79.49,1845
2026-08-10T17:15:00+05:30,79.49,79.64,79.4,79.57,1730
2026-08-10T17:30:00+05:30,79.58,79.64,79.39,79.56,1630
2026-08-10T17:45:00+05:30,79.55,79.59,79.27,79.3,1276
2026-08-10T18:00:00+05:30,79.31,79.79,79.3,79.75,1914
2026-08-10T18:15:00+05:30,79.74,79.98,79.55,79.73,3273
2026-08-10T18:30:00+05:30,79.73,79.73,79.23,79.48,3935
2026-08-10T18:45:00+05:30,79.48,79.68,79.17,79.67,2756
2026-08-10T19:00:00+05:30,79.66,80.19,79.62,80.08,5513
2026-08-10T19:15:00+05:30,80.08,80.98,80.08,80.86,8453
2026-08-10T19:30:00+05:30,80.86,80.9,80.61,80.75,3596
2026-08-10T19:45:00+05:30,80.75,80.76,80.3,80.32,3605
2026-08-10T20:00:00+05:30,80.33,80.66,80.28,80.63,2750
2026-08-10T20:15:00+05:30,80.63,80.91,80.53,80.8,2860
2026-08-10T20:30:00+05:30,80.78,81.05,80.66,80.88,4064
2026-08-10T20:45:00+05:30,80.9,81.3,80.8,81.18,4557
2026-08-10T21:00:00+05:30,81.19,81.4,81.04,81.3,2937
2026-08-10T21:15:00+05:30,81.31,81.38,81.03,81.03,2797
2026-08-10T21:30:00+05:30,81.04,81.11,80.82,81.05,2784
2026-08-10T21:45:00+05:30,81.04,81.23,80.95,81.14,1410
2026-08-10T22:00:00+05:30,81.15,81.62,81.06,81.47,4371
2026-08-10T22:15:00+05:30,81.48,81.56,81.32,81.41,2197
2026-08-10T22:30:00+05:30,81.43,81.66,81.43,81.53,2705
2026-08-10T22:45:00+05:30,81.51,81.63,81.43,81.61,1848
2026-08-10T23:00:00+05:30,81.61,81.84,81.52,81.82,2709
2026-08-10T23:15:00+05:30,81.82,81.96,81.73,81.95,3677
2026-08-10T23:30:00+05:30,81.95,81.97,81.76,81.82,2373
2026-08-10T23:45:00+05:30,81.8,82.32,81.8,82.17,10451
2026-08-11T00:00:00+05:30,82.17,82.3,82.1,82.14,2820
2026-08-11T00:15:00+05:30,82.13,82.14,81.87,81.9,1610
2026-08-11T00:30:00+05:30,81.9,81.93,81.66,81.76,2084
2026-08-11T00:45:00+05:30,81.77,81.99,81.76,81.98,921
2026-08-11T01:00:00+05:30,81.97,82.1,81.95,82.01,865
2026-08-11T01:15:00+05:30,82.04,82.15,82,82.14,621
2026-08-11T01:30:00+05:30,82.14,82.24,82.09,82.2,684
2026-08-11T01:45:00+05:30,82.2,82.34,82.12,82.29,590
2026-08-11T02:00:00+05:30,82.27,82.38,82.24,82.36,707
2026-08-11T02:15:00+05:30,82.37,82.38,82.24,82.3,690
2026-08-11T03:30:00+05:30,82.35,82.35,82.07,82.2,390
2026-08-11T03:45:00+05:30,82.19,82.2,82.06,82.14,316
2026-08-11T04:00:00+05:30,82.16,82.19,82.07,82.14,182
2026-08-11T04:15:00+05:30,82.14,82.14,82.09,82.13,34
2026-08-11T04:30:00+05:30,82.13,82.13,82.02,82.03,175
2026-08-11T04:45:00+05:30,82.02,82.09,81.98,82.08,166
2026-08-11T05:00:00+05:30,82.07,82.16,82.07,82.11,135
2026-08-11T05:15:00+05:30,82.09,82.18,82.08,82.12,116
2026-08-11T05:30:00+05:30,82.11,82.31,82.02,82.17,652
2026-08-11T05:45:00+05:30,82.18,82.29,82.08,82.19,425
2026-08-11T06:00:00+05:30,82.2,82.24,82.14,82.15,170
2026-08-11T06:15:00+05:30,82.18,82.45,82.17,82.21,1257
2026-08-11T06:30:00+05:30,82.22,82.38,82,82.26,1056
2026-08-11T06:45:00+05:30,82.25,82.32,82.1,82.18,607
2026-08-11T07:00:00+05:30,82.17,82.52,82.17,82.4,623
2026-08-11T07:15:00+05:30,82.41,82.51,82.35,82.41,400
2026-08-11T07:30:00+05:30,82.41,82.41,82.28,82.38,277
2026-08-11T07:45:00+05:30,82.37,82.44,82.24,82.29,268
2026-08-11T08:00:00+05:30,82.3,82.3,82.16,82.2,363
2026-08-11T08:15:00+05:30,82.18,82.44,82.17,82.34,335
2026-08-11T08:30:00+05:30,82.35,82.41,82.24,82.26,158
2026-08-11T08:45:00+05:30,82.26,82.4,82.24,82.24,210
2026-08-11T09:00:00+05:30,82.24,82.24,82.1,82.13,326
2026-08-11T09:15:00+05:30,82.13,82.19,82.08,82.1,125
2026-08-11T09:30:00+05:30,82.1,82.1,82,82.03,339
2026-08-11T09:45:00+05:30,82.03,82.08,81.91,82.01,423
2026-08-11T10:00:00+05:30,82.01,82.27,81.97,82.25,501
2026-08-11T10:15:00+05:30,82.25,82.32,82.17,82.24,277
2026-08-11T10:30:00+05:30,82.25,82.4,82.22,82.38,346
2026-08-11T10:45:00+05:30,82.37,82.55,82.35,82.4,594
2026-08-11T11:00:00+05:30,82.4,82.55,82.16,82.24,781
2026-08-11T11:15:00+05:30,82.26,82.5,82.26,82.47,454
2026-08-11T11:30:00+05:30,82.46,82.56,82.31,82.52,709
2026-08-11T11:45:00+05:30,82.52,82.81,82.49,82.81,1384
2026-08-11T12:00:00+05:30,82.82,83.67,82.74,83.61,4624
2026-08-11T12:15:00+05:30,83.6,83.73,83.45,83.46,2125
2026-08-11T12:30:00+05:30,83.47,83.65,83.23,83.6,3279
2026-08-11T12:45:00+05:30,83.59,83.98,83.53,83.72,2739
2026-08-11T13:00:00+05:30,83.72,83.97,83.64,83.67,1287
2026-08-11T13:15:00+05:30,83.67,84.05,83.67,83.96,1500
2026-08-11T13:30:00+05:30,83.97,84.28,83.73,84.22,2402
2026-08-11T13:45:00+05:30,84.22,84.46,84.17,84.36,2913
2026-08-11T14:00:00+05:30,84.36,84.46,84.19,84.21,1913
2026-08-11T14:15:00+05:30,84.22,84.54,84.2,84.53,1689
2026-08-11T14:30:00+05:30,84.54,84.61,84.32,84.55,1935
2026-08-11T14:45:00+05:30,84.56,84.58,84.2,84.22,1452
2026-08-11T15:00:00+05:30,84.22,84.45,83.97,84.45,2064
2026-08-11T15:15:00+05:30,84.45,84.45,84.09,84.23,1865
2026-08-11T15:30:00+05:30,84.2,84.35,83.97,84.04,1125
2026-08-11T15:45:00+05:30,84.04,84.15,83.37,83.62,3663
2026-08-11T16:00:00+05:30,83.62,83.84,83.55,83.68,2141
2026-08-11T16:15:00+05:30,83.67,83.68,83.26,83.49,2449
2026-08-11T16:30:00+05:30,83.48,83.5,81.66,81.78,12333
2026-08-11T16:45:00+05:30,81.79,82.36,81.75,82.31,3320
2026-08-11T17:00:00+05:30,82.31,82.48,81.86,82.04,3132
2026-08-11T17:15:00+05:30,82.04,82.31,82.01,82.16,2554
2026-08-11T17:30:00+05:30,82.15,82.42,81.83,82.16,2683
2026-08-11T17:45:00+05:30,82.14,82.76,82.12,82.48,3986
2026-08-11T18:00:00+05:30,82.48,82.53,82.28,82.45,1646
2026-08-11T18:15:00+05:30,82.46,82.63,82.35,82.56,2056
2026-08-11T18:30:00+05:30,82.55,82.57,81.72,81.86,5495
2026-08-11T18:45:00+05:30,81.86,81.98,81.44,81.55,5438
2026-08-11T19:00:00+05:30,81.54,81.95,81.5,81.54,3343
2026-08-11T19:15:00+05:30,81.53,81.62,81.27,81.62,3339
2026-08-11T19:30:00+05:30,81.64,82.14,81.62,82.03,3711
2026-08-11T19:45:00+05:30,82.04,82.28,81.98,82.22,3268
2026-08-11T20:00:00+05:30,82.23,82.44,82.1,82.34,1973
2026-08-11T20:15:00+05:30,82.33,82.7,82.23,82.57,3360
2026-08-11T20:30:00+05:30,82.56,82.73,82.27,82.44,3161
2026-08-11T20:45:00+05:30,82.44,82.69,82.4,82.59,2459
2026-08-11T21:00:00+05:30,82.6,83.33,82.6,83.2,7112
2026-08-11T21:15:00+05:30,83.22,83.35,83.1,83.26,2242
2026-08-11T21:30:00+05:30,83.26,83.28,82.91,83.12,2741
2026-08-11T21:45:00+05:30,83.12,83.13,82.79,82.79,2117
2026-08-11T22:00:00+05:30,82.8,83.08,82.8,82.99,2458
2026-08-11T22:15:00+05:30,82.99,83.21,82.93,83.14,1933
2026-08-11T22:30:00+05:30,83.14,83.25,82.97,83.15,1196
2026-08-11T22:45:00+05:30,83.15,83.35,82.99,83.26,2266
2026-08-11T23:00:00+05:30,83.26,83.29,83,83.15,1981
2026-08-11T23:15:00+05:30,83.14,83.32,83.12,83.29,1629
2026-08-11T23:30:00+05:30,83.28,83.36,83.01,83.03,2218
2026-08-11T23:45:00+05:30,83.04,83.27,82.91,83.17,5463
2026-08-12T00:00:00+05:30,83.17,83.3,83.01,83.15,2215
2026-08-12T00:15:00+05:30,83.15,83.24,83.12,83.16,735
2026-08-12T00:30:00+05:30,83.17,83.29,83.14,83.27,606
2026-08-12T00:45:00+05:30,83.27,83.46,83.25,83.46,1175
2026-08-12T01:00:00+05:30,83.46,83.62,83.32,83.35,1183
2026-08-12T01:15:00+05:30,83.35,83.53,83.35,83.42,574
2026-08-12T01:30:00+05:30,83.43,83.53,83.31,83.49,696
2026-08-12T01:45:00+05:30,83.48,83.49,83.34,83.38,730
2026-08-12T02:00:00+05:30,83.39,83.49,83.36,83.46,581
2026-08-12T02:15:00+05:30,83.47,83.5,83.2,83.23,932
2026-08-12T03:30:00+05:30,83.49,83.57,83.35,83.52,488
2026-08-12T03:45:00+05:30,83.53,83.59,83.49,83.5,183
2026-08-12T04:00:00+05:30,83.5,83.55,83.48,83.52,41
2026-08-12T04:15:00+05:30,83.52,83.6,83.43,83.5,231
2026-08-12T04:30:00+05:30,83.49,83.55,83.48,83.52,131
2026-08-12T04:45:00+05:30,83.51,83.53,83.45,83.51,120
2026-08-12T05:00:00+05:30,83.49,83.51,83.46,83.5,87
2026-08-12T05:15:00+05:30,83.5,83.51,83.41,83.43,117
2026-08-12T05:30:00+05:30,83.44,83.74,83.38,83.61,810
2026-08-12T05:45:00+05:30,83.59,83.79,83.57,83.71,448
2026-08-12T06:00:00+05:30,83.71,83.81,83.67,83.76,601
2026-08-12T06:15:00+05:30,83.77,83.93,83.76,83.78,974
2026-08-12T06:30:00+05:30,83.81,84.01,83.74,83.81,815
2026-08-12T06:45:00+05:30,83.84,84.03,83.82,83.92,353
2026-08-12T07:00:00+05:30,83.91,84,83.8,83.84,409
2026-08-12T07:15:00+05:30,83.81,83.82,83.69,83.76,651
2026-08-12T07:30:00+05:30,83.78,83.92,83.77,83.79,323
2026-08-12T07:45:00+05:30,83.8,83.85,83.79,83.82,163
2026-08-12T08:00:00+05:30,83.83,84.04,83.78,84,494
2026-08-12T08:15:00+05:30,84,84.15,83.96,84.06,916
2026-08-12T08:30:00+05:30,84.08,84.15,84.03,84.09,323
2026-08-12T08:45:00+05:30,84.1,84.19,83.95,84.02,632
2026-08-12T09:00:00+05:30,84.02,84.18,83.91,84.16,634
2026-08-12T09:15:00+05:30,84.17,84.35,84.13,84.29,605
2026-08-12T09:30:00+05:30,84.3,84.35,84.03,84.06,1125
2026-08-12T09:45:00+05:30,84.06,84.14,83.98,84,402
2026-08-12T10:00:00+05:30,83.99,84.05,83.77,83.79,401
2026-08-12T10:15:00+05:30,83.79,83.85,83.67,83.7,517
2026-08-12T10:30:00+05:30,83.72,83.92,83.7,83.89,445
2026-08-12T10:45:00+05:30,83.88,83.93,83.72,83.8,341
2026-08-12T11:00:00+05:30,83.79,83.8,83.52,83.7,744
2026-08-12T11:15:00+05:30,83.7,84.1,83.64,84.03,907
2026-08-12T11:30:00+05:30,84.04,84.05,83.86,83.92,744
2026-08-12T11:45:00+05:30,83.94,83.99,83.73,83.9,891
2026-08-12T12:00:00+05:30,83.88,83.94,83.45,83.78,1100
2026-08-12T12:15:00+05:30,83.8,83.82,83.43,83.73,1109
2026-08-12T12:30:00+05:30,83.73,84.04,83.71,83.99,1484
2026-08-12T12:45:00+05:30,83.99,84.03,83.73,83.85,1021
2026-08-12T13:00:00+05:30,83.87,83.96,83.76,83.86,709
2026-08-12T13:15:00+05:30,83.89,84.09,83.76,83.84,925
2026-08-12T13:30:00+05:30,83.83,83.92,83.64,83.66,1802
2026-08-12T13:45:00+05:30,83.68,83.82,83.35,83.44,2571
2026-08-12T14:00:00+05:30,83.45,83.77,83.41,83.58,1466
2026-08-12T14:15:00+05:30,83.56,83.62,83.21,83.58,1647
2026-08-12T14:30:00+05:30,83.58,83.59,83.31,83.38,1023
2026-08-12T14:45:00+05:30,83.37,83.41,82.67,82.77,3995
2026-08-12T15:00:00+05:30,82.74,82.94,82.57,82.73,2274
2026-08-12T15:15:00+05:30,82.76,83.22,82.46,83,3988
2026-08-12T15:30:00+05:30,83,83.14,82.91,83.01,1033
2026-08-12T15:45:00+05:30,83.01,83.16,82.82,83.15,916
2026-08-12T16:00:00+05:30,83.14,83.24,83.02,83.08,868
2026-08-12T16:15:00+05:30,83.09,83.74,82.98,83.4,4727
2026-08-12T16:30:00+05:30,83.39,83.64,83.26,83.41,1384
2026-08-12T16:45:00+05:30,83.42,83.56,83.3,83.42,668
2026-08-12T17:00:00+05:30,83.42,83.42,83.16,83.4,863
2026-08-12T17:15:00+05:30,83.4,83.76,83.4,83.74,1268
2026-08-12T17:30:00+05:30,83.74,83.81,83.51,83.73,1115
2026-08-12T17:45:00+05:30,83.74,83.79,83.64,83.78,1158
2026-08-12T18:00:00+05:30,83.75,83.9,83.42,83.43,1943
2026-08-12T18:15:00+05:30,83.44,83.47,82.98,83,2291
2026-08-12T18:30:00+05:30,83.01,83.06,82.72,82.9,2985
2026-08-12T18:45:00+05:30,82.9,83.07,82.6,82.89,2459
2026-08-12T19:00:00+05:30,82.9,83.07,82.65,82.78,2019
2026-08-12T19:15:00+05:30,82.78,82.9,82.54,82.67,2148
2026-08-12T19:30:00+05:30,82.69,82.89,82.47,82.89,2091
2026-08-12T19:45:00+05:30,82.89,83,82.64,82.99,1660
2026-08-12T20:00:00+05:30,83,83.06,82.4,82.77,5728
2026-08-12T20:15:00+05:30,82.74,83.12,82.63,83.01,2351
2026-08-12T20:30:00+05:30,83,83.26,82.9,83.19,2341
2026-08-12T20:45:00+05:30,83.19,83.32,83,83.12,2360
2026-08-12T21:00:00+05:30,83.13,83.32,83.1,83.26,1691
2026-08-12T21:15:00+05:30,83.26,83.46,83.26,83.31,1978
2026-08-12T21:30:00+05:30,83.33,83.34,83,83.02,1772
2026-08-12T21:45:00+05:30,83.01,83.26,82.95,83.13,1451
2026-08-12T22:00:00+05:30,83.13,83.26,82.97,83.08,1056
2026-08-12T22:15:00+05:30,83.08,83.13,82.86,82.89,1430
2026-08-12T22:30:00+05:30,82.89,83.04,82.78,83.01,1928
2026-08-12T22:45:00+05:30,83,83.38,82.82,83,3528
2026-08-12T23:00:00+05:30,83,83.23,82.9,83.07,2354
2026-08-12T23:15:00+05:30,83.07,83.21,82.92,83.13,2071
2026-08-12T23:30:00+05:30,83.14,83.18,82.81,82.88,2197
2026-08-12T23:45:00+05:30,82.89,83.4,82.88,83.37,6426
2026-08-13T00:00:00+05:30,83.37,83.39,83.23,83.24,2115
2026-08-13T00:15:00+05:30,83.25,83.26,83.14,83.2,550
2026-08-13T00:30:00+05:30,83.2,83.22,83.06,83.12,425
2026-08-13T00:45:00+05:30,83.12,83.15,83.03,83.07,518
2026-08-13T01:00:00+05:30,83.07,83.07,82.87,82.97,695
2026-08-13T01:15:00+05:30,82.98,83.03,82.93,83.01,796
2026-08-13T01:30:00+05:30,83.02,83.02,82.79,82.88,437
2026-08-13T01:45:00+05:30,82.89,82.9,82.83,82.88,162
2026-08-13T02:00:00+05:30,82.86,82.88,82.54,82.62,976
2026-08-13T02:15:00+05:30,82.63,82.65,82.5,82.58,731
2026-08-13T03:30:00+05:30,82.7,82.85,82.6,82.72,476
2026-08-13T03:45:00+05:30,82.77,82.79,82.71,82.73,75
2026-08-13T04:00:00+05:30,82.73,82.73,82.65,82.67,85
2026-08-13T04:15:00+05:30,82.69,82.7,82.67,82.7,46
2026-08-13T04:30:00+05:30,82.71,82.74,82.69,82.73,43
2026-08-13T04:45:00+05:30,82.72,82.8,82.7,82.75,104
2026-08-13T05:00:00+05:30,82.76,82.79,82.71,82.74,118
2026-08-13T05:15:00+05:30,82.72,82.72,82.63,82.67,105
2026-08-13T05:30:00+05:30,82.65,82.65,82.25,82.44,909
2026-08-13T05:45:00+05:30,82.46,82.52,82.29,82.36,465
2026-08-13T06:00:00+05:30,82.36,82.39,82.26,82.27,590
2026-08-13T06:15:00+05:30,82.27,82.34,82.06,82.09,533
2026-08-13T06:30:00+05:30,82.08,82.23,81.9,82.16,1141
2026-08-13T06:45:00+05:30,82.17,82.34,82.13,82.34,463
2026-08-13T07:00:00+05:30,82.34,82.42,82.24,82.26,412
2026-08-13T07:15:00+05:30,82.26,82.32,82.15,82.26,374
2026-08-13T07:30:00+05:30,82.24,82.33,82.12,82.13,267
2026-08-13T07:45:00+05:30,82.13,82.17,82.08,82.17,117
2026-08-13T08:00:00+05:30,82.18,82.24,82.11,82.21,150
2026-08-13T08:15:00+05:30,82.18,82.31,82.18,82.25,167
2026-08-13T08:30:00+05:30,82.25,82.28,82.03,82.06,257
2026-08-13T08:45:00+05:30,82.06,82.44,82.06,82.42,452
2026-08-13T09:00:00+05:30,82.41,82.61,82.41,82.43,418
2026-08-13T09:15:00+05:30,82.43,82.68,82.41,82.61,308
2026-08-13T09:30:00+05:30,82.61,82.87,82.61,82.87,440
2026-08-13T09:45:00+05:30,82.86,82.97,82.86,82.97,520
2026-08-13T10:00:00+05:30,82.97,83.01,82.86,82.94,435
2026-08-13T10:15:00+05:30,82.94,83.01,82.87,83,318
2026-08-13T10:30:00+05:30,83.01,83.16,83,83.03,643
2026-08-13T10:45:00+05:30,83.02,83.1,82.92,82.99,427
2026-08-13T11:00:00+05:30,82.98,83.22,82.88,82.93,642
2026-08-13T11:15:00+05:30,82.93,83.23,82.93,83.12,741
2026-08-13T11:30:00+05:30,83.1,83.19,83,83.06,486
2026-08-13T11:45:00+05:30,83.04,83.14,82.94,83.06,320
2026-08-13T12:00:00+05:30,83.06,83.3,82.95,82.95,931
2026-08-13T12:15:00+05:30,82.96,83.07,82.7,82.74,940
2026-08-13T12:30:00+05:30,82.74,82.96,82.69,82.94,753
2026-08-13T12:45:00+05:30,82.91,83.12,82.57,82.6,1329
2026-08-13T13:00:00+05:30,82.59,82.6,81.8,81.87,2880
2026-08-13T13:15:00+05:30,81.86,82.26,81.86,82.21,1339
2026-08-13T13:30:00+05:30,82.21,82.46,82.03,82.14,1503
2026-08-13T13:45:00+05:30,82.14,82.26,81.83,82.09,1787
2026-08-13T14:00:00+05:30,82.1,82.15,81.64,81.85,1953
2026-08-13T14:15:00+05:30,81.86,81.9,81.72,81.81,714
2026-08-13T14:30:00+05:30,81.8,81.82,81.25,81.34,2122
2026-08-13T14:45:00+05:30,81.34,81.83,81.34,81.73,1454
2026-08-13T15:00:00+05:30,81.73,81.89,81.57,81.81,908
2026-08-13T15:15:00+05:30,81.81,81.88,81.63,81.87,989
2026-08-13T15:30:00+05:30,81.87,82.18,81.85,82.11,1670
2026-08-13T15:45:00+05:30,82.1,82.12,81.5,81.5,1577
2026-08-13T16:00:00+05:30,81.49,81.62,81.36,81.49,1053
2026-08-13T16:15:00+05:30,81.49,81.59,81.35,81.45,805
2026-08-13T16:30:00+05:30,81.44,81.56,81.26,81.44,781
2026-08-13T16:45:00+05:30,81.42,81.65,81.38,81.58,940
2026-08-13T17:00:00+05:30,81.59,81.72,81.42,81.61,812
2026-08-13T17:15:00+05:30,81.62,81.65,81.46,81.6,601
2026-08-13T17:30:00+05:30,81.61,81.65,81.08,81.52,2745
2026-08-13T17:45:00+05:30,81.53,81.64,81.41,81.5,1156
2026-08-13T18:00:00+05:30,81.51,81.59,81.13,81.27,1771
2026-08-13T18:15:00+05:30,81.28,81.34,81.18,81.21,992
2026-08-13T18:30:00+05:30,81.22,81.35,80.79,80.91,4161
2026-08-13T18:45:00+05:30,80.9,81.09,80.87,81.04,1973
2026-08-13T19:00:00+05:30,81.05,81.35,80.84,81.28,2759
2026-08-13T19:15:00+05:30,81.27,81.27,80.3,80.66,4627
2026-08-13T19:30:00+05:30,80.64,80.66,80.09,80.31,5413
2026-08-13T19:45:00+05:30,80.3,80.83,80.26,80.81,3424
2026-08-13T20:00:00+05:30,80.82,81.05,80.75,80.96,3781
2026-08-13T20:15:00+05:30,80.95,81.29,80.91,81.23,2317
2026-08-13T20:30:00+05:30,81.23,82.07,81.21,82.06,5599
2026-08-13T20:45:00+05:30,82.06,82.73,81.99,82.62,8429
2026-08-13T21:00:00+05:30,82.62,82.64,82.04,82.36,5253
2026-08-13T21:15:00+05:30,82.35,82.69,82.32,82.57,2553
2026-08-13T21:30:00+05:30,82.57,82.67,82.42,82.54,1776
2026-08-13T21:45:00+05:30,82.52,82.59,82.23,82.3,1891
2026-08-13T22:00:00+05:30,82.3,82.32,81.89,81.94,3069
2026-08-13T22:15:00+05:30,81.93,82.06,81.82,81.94,2446
2026-08-13T22:30:00+05:30,81.94,82.15,81.86,82.08,1996
2026-08-13T22:45:00+05:30,82.08,82.11,81.83,81.85,1278
2026-08-13T23:00:00+05:30,81.85,82.06,81.82,82.05,1046
2026-08-13T23:15:00+05:30,82.06,82.07,81.8,81.81,1683
2026-08-13T23:30:00+05:30,81.81,81.81,81.07,81.22,3866
2026-08-13T23:45:00+05:30,81.22,81.59,81.08,81.18,6836
2026-08-14T00:00:00+05:30,81.18,81.2,80.86,81,3523
2026-08-14T00:15:00+05:30,81.01,81.22,80.92,81.15,1191
2026-08-14T00:30:00+05:30,81.16,81.23,81.05,81.22,663
2026-08-14T00:45:00+05:30,81.23,81.32,81.16,81.22,542
2026-08-14T01:00:00+05:30,81.23,81.29,81.21,81.27,405
2026-08-14T01:15:00+05:30,81.29,81.35,81.12,81.27,787
2026-08-14T01:30:00+05:30,81.28,81.28,81.07,81.16,330
2026-08-14T01:45:00+05:30,81.17,81.3,81.12,81.29,492
2026-08-14T02:00:00+05:30,81.27,81.31,81.09,81.22,520
2026-08-14T02:15:00+05:30,81.21,81.22,81.1,81.21,445
2026-08-14T03:30:00+05:30,81.27,81.27,81.02,81.07,507
2026-08-14T03:45:00+05:30,81.08,81.11,81.04,81.1,186
2026-08-14T04:00:00+05:30,81.09,81.1,81.06,81.08,43
2026-08-14T04:15:00+05:30,81.06,81.14,81.05,81.08,106
2026-08-14T04:30:00+05:30,81.07,81.18,81.06,81.15,76
2026-08-14T04:45:00+05:30,81.15,81.23,81.15,81.23,82
2026-08-14T05:00:00+05:30,81.22,81.33,81.2,81.32,168
2026-08-14T05:15:00+05:30,81.33,81.36,81.28,81.33,157
2026-08-14T05:30:00+05:30,81.33,81.44,81.27,81.35,613
2026-08-14T05:45:00+05:30,81.35,81.39,81.19,81.22,301
2026-08-14T06:00:00+05:30,81.23,81.26,81.14,81.15,94
2026-08-14T06:15:00+05:30,81.16,81.19,81.04,81.06,265
2026-08-14T06:30:00+05:30,81.06,81.37,81,81.2,570
2026-08-14T06:45:00+05:30,81.2,81.4,81.12,81.3,385
2026-08-14T07:00:00+05:30,81.31,81.33,80.91,80.99,522
2026-08-14T07:15:00+05:30,80.98,81.02,80.82,80.93,342
2026-08-14T07:30:00+05:30,80.92,80.95,80.71,80.92,906
2026-08-14T07:45:00+05:30,80.91,80.96,80.79,80.81,116
2026-08-14T08:00:00+05:30,80.83,81.28,80.82,81.24,560
2026-08-14T08:15:00+05:30,81.24,81.4,81.23,81.39,374
2026-08-14T08:30:00+05:30,81.38,81.39,81.2,81.3,177
2026-08-14T08:45:00+05:30,81.3,81.33,81.21,81.31,128
2026-08-14T09:00:00+05:30,81.31,81.47,81.31,81.34,420
2026-08-14T09:15:00+05:30,81.35,81.4,81.3,81.33,89
2026-08-14T09:30:00+05:30,81.35,81.45,81.32,81.34,145
2026-08-14T09:45:00+05:30,81.35,81.36,81.2,81.3,224
2026-08-14T10:00:00+05:30,81.3,81.38,81.29,81.34,189
2026-08-14T10:15:00+05:30,81.33,81.41,81.3,81.38,176
2026-08-14T10:30:00+05:30,81.38,81.43,81.28,81.31,232
2026-08-14T10:45:00+05:30,81.3,81.43,81.29,81.42,233
2026-08-14T11:00:00+05:30,81.41,81.75,81.41,81.62,1074
2026-08-14T11:15:00+05:30,81.61,82,81.56,81.98,1059
2026-08-14T11:30:00+05:30,82,82.1,81.8,81.87,831
2026-08-14T11:45:00+05:30,81.88,82.25,81.87,82.21,1060
2026-08-14T12:00:00+05:30,82.21,82.27,81.98,82.12,839
2026-08-14T12:15:00+05:30,82.13,82.22,82.07,82.18,747
2026-08-14T12:30:00+05:30,82.17,82.99,82.16,82.96,3273
2026-08-14T12:45:00+05:30,82.96,82.99,82.64,82.75,1455
2026-08-14T13:00:00+05:30,82.76,82.85,82.68,82.81,690
2026-08-14T13:15:00+05:30,82.81,82.94,82.67,82.88,1123
2026-08-14T13:30:00+05:30,82.87,82.97,82.68,82.84,1264
2026-08-14T13:45:00+05:30,82.86,82.89,82.46,82.53,2470
2026-08-14T14:00:00+05:30,82.53,82.73,82.22,82.55,2387
2026-08-14T14:15:00+05:30,82.57,82.62,82.43,82.54,692
2026-08-14T14:30:00+05:30,82.56,82.6,82.3,82.35,922
2026-08-14T14:45:00+05:30,82.34,82.39,82.09,82.14,1257
2026-08-14T15:00:00+05:30,82.15,82.45,82.02,82.27,1295
2026-08-14T15:15:00+05:30,82.28,82.36,82.02,82.09,1107
2026-08-14T15:30:00+05:30,82.1,82.1,81.76,81.83,1346
2026-08-14T15:45:00+05:30,81.84,81.94,81.72,81.83,804
2026-08-14T16:00:00+05:30,81.83,81.89,81.68,81.73,878
2026-08-14T16:15:00+05:30,81.73,81.79,81.42,81.51,1463
2026-08-14T16:30:00+05:30,81.51,81.86,81.5,81.69,1385
2026-08-14T16:45:00+05:30,81.7,81.78,81.57,81.69,686
2026-08-14T17:00:00+05:30,81.69,81.73,81.43,81.49,1139
2026-08-14T17:15:00+05:30,81.51,81.65,81.43,81.56,1126
2026-08-14T17:30:00+05:30,81.56,82.18,81.52,81.91,2760
2026-08-14T17:45:00+05:30,81.89,82.06,81.78,81.78,1348
2026-08-14T18:00:00+05:30,81.78,81.8,81.31,81.34,2560
2026-08-14T18:15:00+05:30,81.35,81.36,81.12,81.14,1847
2026-08-14T18:30:00+05:30,81.14,81.45,81.09,81.4,1647
2026-08-14T18:45:00+05:30,81.4,81.53,81.07,81.29,2222
2026-08-14T19:00:00+05:30,81.29,81.29,80.76,80.89,4072
2026-08-14T19:15:00+05:30,80.89,81.21,80.83,81.17,1707
2026-08-14T19:30:00+05:30,81.17,81.54,81.12,81.22,3590
2026-08-14T19:45:00+05:30,81.2,81.53,81.14,81.37,3019
2026-08-14T20:00:00+05:30,81.37,81.78,81.37,81.71,2858
2026-08-14T20:15:00+05:30,81.69,81.87,81.34,81.71,4169
2026-08-14T20:30:00+05:30,81.72,81.84,81.55,81.67,2265
2026-08-14T20:45:00+05:30,81.68,81.88,81.34,81.72,3665
2026-08-14T21:00:00+05:30,81.73,81.91,81.5,81.59,2269
2026-08-14T21:15:00+05:30,81.58,81.77,81.54,81.66,989
2026-08-14T21:30:00+05:30,81.66,81.83,81.53,81.7,1226
2026-08-14T21:45:00+05:30,81.71,81.99,81.68,81.93,1491
2026-08-14T22:00:00+05:30,81.93,82,81.78,81.99,1018
2026-08-14T22:15:00+05:30,81.99,82.02,81.85,81.92,1754
2026-08-14T22:30:00+05:30,81.92,82.3,81.84,82.2,2550
2026-08-14T22:45:00+05:30,82.21,82.28,82.05,82.17,1423
2026-08-14T23:00:00+05:30,82.17,82.31,82.14,82.29,1136
2026-08-14T23:15:00+05:30,82.29,82.4,82.23,82.29,1400
2026-08-14T23:30:00+05:30,82.29,82.31,82.09,82.24,1654
2026-08-14T23:45:00+05:30,82.25,82.45,82.23,82.4,6086
2026-08-15T00:00:00+05:30,82.4,82.67,82.4,82.52,2352
2026-08-15T00:15:00+05:30,82.51,82.55,82.32,82.41,527
2026-08-15T00:30:00+05:30,82.41,82.43,82.3,82.35,553
2026-08-15T00:45:00+05:30,82.34,82.43,82.19,82.31,1260
2026-08-15T01:00:00+05:30,82.32,82.36,82.25,82.33,430
2026-08-15T01:15:00+05:30,82.33,82.42,82.22,82.4,1041
2026-08-15T01:30:00+05:30,82.39,82.53,82.25,82.45,690
2026-08-15T01:45:00+05:30,82.43,82.44,82.25,82.26,405
2026-08-15T02:00:00+05:30,82.25,82.42,82.23,82.35,292
2026-08-15T02:15:00+05:30,82.37,82.46,82.35,82.4,590
2026-08-17T03:30:00+05:30,82.53,82.73,82.42,82.61,670
2026-08-17T03:45:00+05:30,82.6,82.6,82.48,82.52,284
2026-08-17T04:00:00+05:30,82.51,82.52,82.29,82.32,463
2026-08-17T04:15:00+05:30,82.32,82.44,82.32,82.39,220
2026-08-17T04:30:00+05:30,82.38,82.45,82.32,82.4,140
2026-08-17T04:45:00+05:30,82.4,82.48,82.38,82.45,178
2026-08-17T05:00:00+05:30,82.48,82.49,82.36,82.41,127
2026-08-17T05:15:00+05:30,82.39,82.39,82.3,82.33,223
2026-08-17T05:30:00+05:30,82.33,82.33,82.09,82.09,310
2026-08-17T05:45:00+05:30,82.1,82.17,82.04,82.16,368
2026-08-17T06:00:00+05:30,82.17,82.29,82.12,82.15,413
2026-08-17T06:15:00+05:30,82.16,82.2,81.86,81.89,367
2026-08-17T06:30:00+05:30,81.88,82.37,81.72,82.16,882
2026-08-17T06:45:00+05:30,82.18,82.4,82.08,82.4,465
2026-08-17T07:00:00+05:30,82.38,82.82,82.38,82.77,1026
2026-08-17T07:15:00+05:30,82.77,82.92,82.43,82.59,603
2026-08-17T07:30:00+05:30,82.59,83.04,82.56,82.92,658
2026-08-17T07:45:00+05:30,82.96,82.97,82.8,82.85,336
2026-08-17T08:00:00+05:30,82.84,82.96,82.47,82.55,797
2026-08-17T08:15:00+05:30,82.55,82.67,82.26,82.43,572
2026-08-17T08:30:00+05:30,82.42,82.44,82.28,82.34,376
2026-08-17T08:45:00+05:30,82.34,82.46,82.29,82.41,246
2026-08-17T09:00:00+05:30,82.42,82.59,82.42,82.55,495
2026-08-17T09:15:00+05:30,82.54,82.54,82.14,82.16,367
2026-08-17T09:30:00+05:30,82.17,82.2,81.94,82.09,780
2026-08-17T09:45:00+05:30,82.07,82.35,82.07,82.31,332
2026-08-17T10:00:00+05:30,82.3,82.39,82.18,82.19,401
2026-08-17T10:15:00+05:30,82.23,82.26,82.13,82.15,237
2026-08-17T10:30:00+05:30,82.14,82.21,82.07,82.2,217
2026-08-17T10:45:00+05:30,82.19,82.2,82.04,82.13,238
2026-08-17T11:00:00+05:30,82.12,82.19,81.92,82.11,724
2026-08-17T11:15:00+05:30,82.12,82.14,81.79,81.85,608
2026-08-17T11:30:00+05:30,81.84,81.98,81.63,81.87,909
2026-08-17T11:45:00+05:30,81.86,81.92,81.7,81.78,597
2026-08-17T12:00:00+05:30,81.79,81.86,81.71,81.81,459
2026-08-17T12:15:00+05:30,81.81,81.87,81.69,81.85,433
2026-08-17T12:30:00+05:30,81.86,81.97,81.68,81.78,843
2026-08-17T12:45:00+05:30,81.77,81.83,81.5,81.8,848
2026-08-17T13:00:00+05:30,81.82,82.06,81.59,81.76,771
2026-08-17T13:15:00+05:30,81.76,82.21,81.74,81.95,989
2026-08-17T13:30:00+05:30,81.94,82.27,81.83,82.16,941
2026-08-17T13:45:00+05:30,82.15,82.33,82.04,82.11,1153
2026-08-17T14:00:00+05:30,82.11,82.33,82.02,82.22,983
2026-08-17T14:15:00+05:30,82.2,82.39,82.05,82.38,1008
2026-08-17T14:30:00+05:30,82.38,82.79,82.35,82.6,1685
2026-08-17T14:45:00+05:30,82.6,82.61,82.34,82.54,1033
2026-08-17T15:00:00+05:30,82.54,82.95,82.48,82.77,1470
2026-08-17T15:15:00+05:30,82.78,83.16,82.63,82.97,1557
2026-08-17T15:30:00+05:30,82.96,83.23,82.88,83.14,1336
2026-08-17T15:45:00+05:30,83.13,83.16,81.99,82.13,2671
2026-08-17T16:00:00+05:30,82.12,83,81.86,82.86,5221
2026-08-17T16:15:00+05:30,82.86,82.97,82.52,82.84,1722
2026-08-17T16:30:00+05:30,82.84,82.91,82.51,82.77,1969
2026-08-17T16:45:00+05:30,82.76,82.78,82.55,82.64,1044
2026-08-17T17:00:00+05:30,82.63,82.65,82.39,82.49,936
2026-08-17T17:15:00+05:30,82.49,82.61,82.33,82.36,956
2026-08-17T17:30:00+05:30,82.36,82.52,82.28,82.29,869
2026-08-17T17:45:00+05:30,82.27,83.15,82.21,82.82,4956
2026-08-17T18:00:00+05:30,82.8,83.09,82.59,82.95,2487
2026-08-17T18:15:00+05:30,82.95,83.14,82.93,82.97,1746
2026-08-17T18:30:00+05:30,82.99,83.13,82.59,82.66,2516
2026-08-17T18:45:00+05:30,82.64,83.01,82.44,82.78,2308
2026-08-17T19:00:00+05:30,82.77,82.89,82.63,82.76,1924
2026-08-17T19:15:00+05:30,82.75,82.8,82.54,82.63,1374
2026-08-17T19:30:00+05:30,82.62,82.7,82.36,82.46,1491
2026-08-17T19:45:00+05:30,82.46,82.56,82.17,82.39,1312
2026-08-17T20:00:00+05:30,82.39,82.61,82.32,82.4,1498
2026-08-17T20:15:00+05:30,82.39,82.45,82.1,82.17,1827
2026-08-17T20:30:00+05:30,82.18,82.46,82.18,82.38,1665
2026-08-17T20:45:00+05:30,82.37,82.83,82.37,82.6,3723
2026-08-17T21:00:00+05:30,82.59,82.8,82.46,82.67,2425
2026-08-17T21:15:00+05:30,82.66,82.89,82.61,82.82,1593
2026-08-17T21:30:00+05:30,82.84,82.9,82.36,82.36,2262
2026-08-17T21:45:00+05:30,82.37,82.58,82.33,82.57,1181
2026-08-17T22:00:00+05:30,82.56,82.81,82.55,82.78,1643
2026-08-17T22:15:00+05:30,82.77,82.87,82.74,82.85,1474
2026-08-17T22:30:00+05:30,82.85,83.48,82.8,83.42,4372
2026-08-17T22:45:00+05:30,83.43,83.99,83.43,83.91,3835
2026-08-17T23:00:00+05:30,83.91,84.44,83.86,84.13,3827
2026-08-17T23:15:00+05:30,84.12,84.88,84.05,84.79,3745
2026-08-17T23:30:00+05:30,84.77,84.87,84.5,84.64,2741
2026-08-17T23:45:00+05:30,84.64,84.84,84.43,84.46,6029
2026-08-18T00:00:00+05:30,84.46,84.51,84.13,84.21,3304
2026-08-18T00:15:00+05:30,84.2,84.32,84.16,84.25,1138
2026-08-18T00:30:00+05:30,84.26,84.48,84.22,84.32,963
2026-08-18T00:45:00+05:30,84.32,84.46,84.31,84.4,518
2026-08-18T01:00:00+05:30,84.39,84.43,84.27,84.39,558
2026-08-18T01:15:00+05:30,84.39,84.68,84.39,84.65,938
2026-08-18T01:30:00+05:30,84.64,84.75,84.51,84.67,553
2026-08-18T01:45:00+05:30,84.71,84.86,84.66,84.86,797
2026-08-18T02:00:00+05:30,84.85,85.04,84.83,84.95,511
2026-08-18T02:15:00+05:30,84.93,84.99,84.88,84.95,294
2026-08-18T03:30:00+05:30,84.1,84.51,84.02,84.43,911
2026-08-18T03:45:00+05:30,84.42,84.46,84.23,84.24,398
2026-08-18T04:00:00+05:30,84.24,84.32,84.19,84.27,209
2026-08-18T04:15:00+05:30,84.27,84.31,84.14,84.18,176
2026-08-18T04:30:00+05:30,84.18,84.25,84.15,84.21,120
2026-08-18T04:45:00+05:30,84.22,84.27,84.17,84.21,99
2026-08-18T05:00:00+05:30,84.22,84.24,84.08,84.1,124
2026-08-18T05:15:00+05:30,84.1,84.11,84.01,84.07,141
2026-08-18T05:30:00+05:30,84.09,84.17,84,84.09,455
2026-08-18T05:45:00+05:30,84.09,84.18,84,84.06,417
2026-08-18T06:00:00+05:30,84.06,84.12,83.98,84.01,213
2026-08-18T06:15:00+05:30,84.02,84.13,83.91,83.92,495
2026-08-18T06:30:00+05:30,83.94,84.21,83.77,83.9,1165
2026-08-18T06:45:00+05:30,83.91,84.11,83.89,84.03,295
2026-08-18T07:00:00+05:30,84.04,84.32,83.93,84.14,575
2026-08-18T07:15:00+05:30,84.13,84.24,84.02,84.09,298
2026-08-18T07:30:00+05:30,84.11,84.25,84.09,84.18,279
2026-08-18T07:45:00+05:30,84.16,84.17,84.05,84.14,216
2026-08-18T08:00:00+05:30,84.14,84.29,84.08,84.24,292
2026-08-18T08:15:00+05:30,84.23,84.31,84.13,84.22,461
2026-08-18T08:30:00+05:30,84.22,84.4,84.16,84.33,812
2026-08-18T08:45:00+05:30,84.32,84.35,84.21,84.21,387
2026-08-18T09:00:00+05:30,84.23,84.39,84.19,84.27,364
2026-08-18T09:15:00+05:30,84.27,84.48,84.24,84.45,326
2026-08-18T09:30:00+05:30,84.46,84.55,84.4,84.44,559
2026-08-18T09:45:00+05:30,84.42,84.46,84.32,84.4,241
2026-08-18T10:00:00+05:30,84.4,84.44,84.33,84.34,164
2026-08-18T10:15:00+05:30,84.32,84.37,84.3,84.34,144
2026-08-18T10:30:00+05:30,84.33,84.48,84.33,84.42,203
2026-08-18T10:45:00+05:30,84.41,84.55,84.37,84.46,335
2026-08-18T11:00:00+05:30,84.44,84.54,84.22,84.31,616
2026-08-18T11:15:00+05:30,84.31,84.35,84.16,84.3,378
2026-08-18T11:30:00+05:30,84.31,84.7,84.3,84.57,1128
2026-08-18T11:45:00+05:30,84.59,84.73,84.5,84.64,710
2026-08-18T12:00:00+05:30,84.64,84.87,84.62,84.71,1006
2026-08-18T12:15:00+05:30,84.71,84.73,84.36,84.4,1030
2026-08-18T12:30:00+05:30,84.4,84.52,84.09,84.21,1922
2026-08-18T12:45:00+05:30,84.19,84.23,83.98,84.03,1124
2026-08-18T13:00:00+05:30,84.02,84.28,84.01,84.28,985
2026-08-18T13:15:00+05:30,84.27,84.45,84.19,84.38,976
2026-08-18T13:30:00+05:30,84.35,84.66,84.26,84.36,1519
2026-08-18T13:45:00+05:30,84.37,84.56,84.27,84.36,1512
2026-08-18T14:00:00+05:30,84.35,84.43,84,84.07,1750
2026-08-18T14:15:00+05:30,84.05,84.36,84.05,84.13,976
2026-08-18T14:30:00+05:30,84.12,84.22,84.04,84.14,716
2026-08-18T14:45:00+05:30,84.13,84.26,84.06,84.2,678
2026-08-18T15:00:00+05:30,84.19,84.26,83.99,84.08,1176
2026-08-18T15:15:00+05:30,84.07,84.29,83.95,84.04,956
2026-08-18T15:30:00+05:30,84.03,84.29,83.97,84.19,686
2026-08-18T15:45:00+05:30,84.18,84.4,84.17,84.2,984
2026-08-18T16:00:00+05:30,84.22,84.25,83.85,83.91,1457
2026-08-18T16:15:00+05:30,83.92,84.07,83.86,83.98,935
2026-08-18T16:30:00+05:30,83.98,84.02,83.86,83.99,848
2026-08-18T16:45:00+05:30,84,84.15,83.95,84.04,655
2026-08-18T17:00:00+05:30,84.03,84.14,83.96,84.02,905
2026-08-18T17:15:00+05:30,84.01,84.23,84,84.15,851
2026-08-18T17:30:00+05:30,84.16,84.45,83.99,84.36,2280
2026-08-18T17:45:00+05:30,84.37,84.46,84.24,84.28,2093
2026-08-18T18:00:00+05:30,84.27,84.44,84.13,84.36,2089
2026-08-18T18:15:00+05:30,84.36,84.43,84.27,84.37,1170
2026-08-18T18:30:00+05:30,84.37,84.57,84.31,84.33,3357
2026-08-18T18:45:00+05:30,84.34,84.84,84.34,84.72,3713
2026-08-18T19:00:00+05:30,84.73,85.07,84.2,84.31,6182
2026-08-18T19:15:00+05:30,84.31,84.62,84.05,84.56,3997
2026-08-18T19:30:00+05:30,84.57,84.61,84.08,84.12,4861
2026-08-18T19:45:00+05:30,84.11,84.17,83.91,83.96,4399
2026-08-18T20:00:00+05:30,83.95,84.11,83.78,84.02,3779
2026-08-18T20:15:00+05:30,84.01,84.55,83.87,84.51,6999
2026-08-18T20:30:00+05:30,84.51,84.54,84.06,84.22,3781
2026-08-18T20:45:00+05:30,84.23,84.83,84.23,84.8,4480
2026-08-18T21:00:00+05:30,84.81,85.01,84.66,84.87,4993
2026-08-18T21:15:00+05:30,84.88,84.91,84.57,84.72,2883
2026-08-18T21:30:00+05:30,84.73,84.73,84.35,84.41,2626
2026-08-18T21:45:00+05:30,84.41,84.54,84.19,84.46,2213
2026-08-18T22:00:00+05:30,84.46,84.61,84.32,84.37,2204
2026-08-18T22:15:00+05:30,84.37,84.39,84.09,84.21,1874
2026-08-18T22:30:00+05:30,84.22,84.32,84.12,84.28,1709
2026-08-18T22:45:00+05:30,84.27,84.36,84.06,84.2,2565
2026-08-18T23:00:00+05:30,84.19,84.3,84.12,84.21,1139
2026-08-18T23:15:00+05:30,84.2,84.2,84.03,84.05,1376
2026-08-18T23:30:00+05:30,84.05,84.17,83.93,83.96,2146
2026-08-18T23:45:00+05:30,83.97,84.21,83.9,84,5022
2026-08-19T00:00:00+05:30,83.99,84.13,83.92,84.1,1585
2026-08-19T00:15:00+05:30,84.1,84.14,84.05,84.08,872
2026-08-19T00:30:00+05:30,84.08,84.21,84.06,84.14,725
2026-08-19T00:45:00+05:30,84.14,84.14,84.04,84.09,1053
2026-08-19T01:00:00+05:30,84.09,84.09,84.01,84.05,575
2026-08-19T01:15:00+05:30,84.06,84.17,84.04,84.09,862
2026-08-19T01:30:00+05:30,84.08,84.24,84.05,84.22,521
2026-08-19T01:45:00+05:30,84.22,84.27,84.21,84.24,328
2026-08-19T02:00:00+05:30,84.21,84.44,84.18,84.43,888
2026-08-19T02:15:00+05:30,84.41,84.54,84.34,84.42,881
2026-08-19T03:30:00+05:30,84.46,84.57,84.42,84.52,379
2026-08-19T03:45:00+05:30,84.54,84.54,84.4,84.45,273
2026-08-19T04:00:00+05:30,84.46,84.54,84.41,84.48,240
2026-08-19T04:15:00+05:30,84.48,84.5,84.43,84.45,94
2026-08-19T04:30:00+05:30,84.45,84.53,84.45,84.47,113
2026-08-19T04:45:00+05:30,84.48,84.51,84.47,84.47,32
2026-08-19T05:00:00+05:30,84.47,84.55,84.47,84.49,282
2026-08-19T05:15:00+05:30,84.5,84.55,84.49,84.5,132
2026-08-19T05:30:00+05:30,84.49,84.51,84.36,84.49,539
2026-08-19T05:45:00+05:30,84.5,84.87,84.48,84.82,951
2026-08-19T06:00:00+05:30,84.82,84.95,84.61,84.72,936
2026-08-19T06:15:00+05:30,84.74,84.79,84.64,84.75,343
2026-08-19T06:30:00+05:30,84.76,84.97,84.71,84.86,953
2026-08-19T06:45:00+05:30,84.86,85.06,84.75,84.93,1066
2026-08-19T07:00:00+05:30,84.9,84.98,84.77,84.9,576
2026-08-19T07:15:00+05:30,84.91,85.14,84.91,85,628
2026-08-19T07:30:00+05:30,85.02,85.09,84.84,84.93,428
2026-08-19T07:45:00+05:30,84.95,85.02,84.83,84.85,240
2026-08-19T08:00:00+05:30,84.85,84.95,84.66,84.75,539
2026-08-19T08:15:00+05:30,84.74,84.85,84.66,84.74,255
2026-08-19T08:30:00+05:30,84.75,84.91,84.72,84.83,342
2026-08-19T08:45:00+05:30,84.84,84.86,84.72,84.83,370
2026-08-19T09:00:00+05:30,84.8,84.8,84.6,84.62,345
2026-08-19T09:15:00+05:30,84.64,84.73,84.62,84.68,177
2026-08-19T09:30:00+05:30,84.7,84.86,84.7,84.81,203
2026-08-19T09:45:00+05:30,84.81,84.81,84.64,84.7,143
2026-08-19T10:00:00+05:30,84.7,84.73,84.65,84.68,132
2026-08-19T10:15:00+05:30,84.68,84.7,84.52,84.61,336
2026-08-19T10:30:00+05:30,84.62,84.67,84.54,84.57,268
2026-08-19T10:45:00+05:30,84.58,84.69,84.53,84.6,170
2026-08-19T11:00:00+05:30,84.62,84.75,84.53,84.74,354
2026-08-19T11:15:00+05:30,84.74,84.79,84.65,84.77,362
2026-08-19T11:30:00+05:30,84.79,85.02,84.74,84.76,1073
2026-08-19T11:45:00+05:30,84.78,84.78,84.53,84.56,821
2026-08-19T12:00:00+05:30,84.56,84.73,84.4,84.6,1052
2026-08-19T12:15:00+05:30,84.61,84.71,84.53,84.54,516
2026-08-19T12:30:00+05:30,84.55,84.85,84.55,84.76,988
2026-08-19T12:45:00+05:30,84.76,84.98,84.43,84.46,1545
2026-08-19T13:00:00+05:30,84.5,84.57,84.28,84.38,1365
2026-08-19T13:15:00+05:30,84.39,84.74,84.36,84.7,1200
2026-08-19T13:30:00+05:30,84.71,84.74,84.53,84.62,997
2026-08-19T13:45:00+05:30,84.64,84.7,84.23,84.25,2112
2026-08-19T14:00:00+05:30,84.26,84.48,84.26,84.37,1258
2026-08-19T14:15:00+05:30,84.39,85.05,84.38,84.98,2312
2026-08-19T14:30:00+05:30,84.98,85.42,84.82,85.26,3548
2026-08-19T14:45:00+05:30,85.26,85.35,84.85,84.91,1950
2026-08-19T15:00:00+05:30,84.92,85.04,84.67,85.02,1524
2026-08-19T15:15:00+05:30,85.02,85.07,84.72,85.02,1375
2026-08-19T15:30:00+05:30,85.02,85.06,84.87,85.05,759
2026-08-19T15:45:00+05:30,85.07,85.17,84.9,85.14,820
2026-08-19T16:00:00+05:30,85.14,85.25,85.01,85.04,1181
2026-08-19T16:15:00+05:30,85.01,85.02,84.86,84.91,975
2026-08-19T16:30:00+05:30,84.92,85,84.78,84.82,951
2026-08-19T16:45:00+05:30,84.83,84.88,84.62,84.7,1365
2026-08-19T17:00:00+05:30,84.7,84.99,84.67,84.87,1018
2026-08-19T17:15:00+05:30,84.88,84.9,84.55,84.65,1835
2026-08-19T17:30:00+05:30,84.68,84.74,84.5,84.63,1208
2026-08-19T17:45:00+05:30,84.63,84.7,84.28,84.4,2248
2026-08-19T18:00:00+05:30,84.4,84.47,83.45,83.96,6960
2026-08-19T18:15:00+05:30,83.97,84.1,83.64,83.97,4863
2026-08-19T18:30:00+05:30,83.98,84.48,83.94,84.26,5601
2026-08-19T18:45:00+05:30,84.25,84.57,84.16,84.43,2997
2026-08-19T19:00:00+05:30,84.44,84.6,84.25,84.43,3524
2026-08-19T19:15:00+05:30,84.44,84.7,84.43,84.54,3509
2026-08-19T19:30:00+05:30,84.54,84.82,84.39,84.72,3783
2026-08-19T19:45:00+05:30,84.72,84.85,84.64,84.82,2742
2026-08-19T20:00:00+05:30,84.82,85.03,84.55,84.78,5937
2026-08-19T20:15:00+05:30,84.78,85.13,84.74,84.89,3338
2026-08-19T20:30:00+05:30,84.88,85.33,84.84,85.15,5016
2026-08-19T20:45:00+05:30,85.17,85.48,85.17,85.33,5626
2026-08-19T21:00:00+05:30,85.33,85.41,85.19,85.22,3345
2026-08-19T21:15:00+05:30,85.22,85.33,85.02,85.23,3041
2026-08-19T21:30:00+05:30,85.23,85.54,85.23,85.5,3737
2026-08-19T21:45:00+05:30,85.5,85.58,85.25,85.31,2287
2026-08-19T22:00:00+05:30,85.31,85.56,85.25,85.42,2646
2026-08-19T22:15:00+05:30,85.42,85.66,85.37,85.59,3826
2026-08-19T22:30:00+05:30,85.59,85.84,85.52,85.6,4165
2026-08-19T22:45:00+05:30,85.61,85.68,85.32,85.36,3196
2026-08-19T23:00:00+05:30,85.36,85.41,84.83,85.04,4331
2026-08-19T23:15:00+05:30,85.03,85.15,84.98,85.13,1929
2026-08-19T23:30:00+05:30,85.13,85.27,84.78,84.86,2999
2026-08-19T23:45:00+05:30,84.85,84.85,84.24,84.27,10068
2026-08-20T00:00:00+05:30,84.28,84.41,84.15,84.17,4463
2026-08-20T00:15:00+05:30,84.17,84.4,84.15,84.35,1661
2026-08-20T00:30:00+05:30,84.35,84.37,84.2,84.33,928
2026-08-20T00:45:00+05:30,84.34,84.39,83.93,84.01,2526
2026-08-20T01:00:00+05:30,83.99,84.1,83.93,83.98,1499
2026-08-20T01:15:00+05:30,83.98,84.3,83.98,84.26,1114
2026-08-20T01:30:00+05:30,84.25,84.3,84.16,84.18,341
2026-08-20T01:45:00+05:30,84.19,84.33,84.18,84.3,472
2026-08-20T02:00:00+05:30,84.3,84.37,84.22,84.35,463
2026-08-20T02:15:00+05:30,84.34,84.52,84.21,84.4,1425
2026-08-20T03:30:00+05:30,84.4,84.68,84.35,84.43,791
2026-08-20T03:45:00+05:30,84.43,84.43,84.29,84.36,178
2026-08-20T04:00:00+05:30,84.36,84.37,84.24,84.32,121
2026-08-20T04:15:00+05:30,84.31,84.59,84.23,84.48,600
2026-08-20T04:30:00+05:30,84.48,84.68,84.4,84.54,757
2026-08-20T04:45:00+05:30,84.55,84.62,84.5,84.53,262
2026-08-20T05:00:00+05:30,84.53,84.56,84.29,84.3,500
2026-08-20T05:15:00+05:30,84.32,84.37,84.26,84.3,135
2026-08-20T05:30:00+05:30,84.3,84.58,84.24,84.53,810
2026-08-20T05:45:00+05:30,84.54,84.57,84.41,84.57,374
2026-08-20T06:00:00+05:30,84.57,84.6,84.49,84.56,182
2026-08-20T06:15:00+05:30,84.56,84.66,84.55,84.6,385
2026-08-20T06:30:00+05:30,84.62,84.9,84.58,84.85,1327
2026-08-20T06:45:00+05:30,84.88,84.92,84.58,84.6,689
2026-08-20T07:00:00+05:30,84.57,84.78,84.46,84.71,673
2026-08-20T07:15:00+05:30,84.69,84.83,84.61,84.79,380
2026-08-20T07:30:00+05:30,84.77,84.82,84.6,84.64,586
2026-08-20T07:45:00+05:30,84.66,84.68,84.53,84.59,435
2026-08-20T08:00:00+05:30,84.59,84.59,84.33,84.43,1044
2026-08-20T08:15:00+05:30,84.44,84.67,84.28,84.44,812
2026-08-20T08:30:00+05:30,84.44,84.52,84.36,84.44,440
2026-08-20T08:45:00+05:30,84.44,84.47,84.33,84.37,515
2026-08-20T09:00:00+05:30,84.36,84.54,84.35,84.51,404
2026-08-20T09:15:00+05:30,84.53,84.62,84.44,84.47,298
2026-08-20T09:30:00+05:30,84.46,84.61,84.44,84.58,300
2026-08-20T09:45:00+05:30,84.59,84.63,84.54,84.62,88
2026-08-20T10:00:00+05:30,84.62,84.67,84.53,84.57,167
2026-08-20T10:15:00+05:30,84.56,84.56,84.35,84.47,246
2026-08-20T10:30:00+05:30,84.48,84.48,84.4,84.4,169
2026-08-20T10:45:00+05:30,84.4,84.5,84.33,84.36,368
2026-08-20T11:00:00+05:30,84.35,84.54,84.33,84.53,343
2026-08-20T11:15:00+05:30,84.54,84.69,84.53,84.55,492
2026-08-20T11:30:00+05:30,84.55,84.61,84.42,84.5,575
2026-08-20T11:45:00+05:30,84.51,84.69,84.48,84.68,688
2026-08-20T12:00:00+05:30,84.69,84.82,84.6,84.75,815
2026-08-20T12:15:00+05:30,84.75,84.93,84.75,84.91,969
2026-08-20T12:30:00+05:30,84.91,85.21,84.91,85.21,2108
2026-08-20T12:45:00+05:30,85.2,85.6,85.11,85.59,3512
2026-08-20T13:00:00+05:30,85.59,85.87,85.51,85.72,3792
2026-08-20T13:15:00+05:30,85.72,85.79,85.59,85.63,1610
2026-08-20T13:30:00+05:30,85.63,85.63,85.24,85.54,1714
2026-08-20T13:45:00+05:30,85.54,86.23,85.51,86.11,4211
2026-08-20T14:00:00+05:30,86.12,86.37,86.09,86.33,4331
2026-08-20T14:15:00+05:30,86.32,86.47,86.27,86.38,2798
2026-08-20T14:30:00+05:30,86.37,86.59,86.27,86.53,2310
2026-08-20T14:45:00+05:30,86.55,86.61,86.39,86.56,2296
2026-08-20T15:00:00+05:30,86.58,86.6,86.27,86.29,1595
2026-08-20T15:15:00+05:30,86.3,86.82,86.28,86.77,2956
2026-08-20T15:30:00+05:30,86.78,86.84,86.44,86.65,1987
2026-08-20T15:45:00+05:30,86.65,86.72,86.55,86.58,779
2026-08-20T16:00:00+05:30,86.59,86.75,86.5,86.66,1560
2026-08-20T16:15:00+05:30,86.66,86.79,86.62,86.74,1141
2026-08-20T16:30:00+05:30,86.74,86.95,86.69,86.87,1772
2026-08-20T16:45:00+05:30,86.88,87.08,86.86,87.05,1833
2026-08-20T17:00:00+05:30,87.06,87.24,87.04,87.11,2165
2026-08-20T17:15:00+05:30,87.11,87.25,86.97,87.23,2658
2026-08-20T17:30:00+05:30,87.23,87.49,87.18,87.45,3313
2026-08-20T17:45:00+05:30,87.45,87.69,87.43,87.57,3841
2026-08-20T18:00:00+05:30,87.59,87.6,86.98,87.12,3709
2026-08-20T18:15:00+05:30,87.12,87.15,86.66,86.68,4336
2026-08-20T18:30:00+05:30,86.68,86.88,86.48,86.59,5600
2026-08-20T18:45:00+05:30,86.6,86.75,86.33,86.68,7318
2026-08-20T19:00:00+05:30,86.67,87.01,86.57,86.63,5277
2026-08-20T19:15:00+05:30,86.63,86.65,86.22,86.49,5257
2026-08-20T19:30:00+05:30,86.5,86.77,86.37,86.48,5266
2026-08-20T19:45:00+05:30,86.48,86.48,85.69,85.9,7282
2026-08-20T20:00:00+05:30,85.9,86.24,85.88,86.11,3436
2026-08-20T20:15:00+05:30,86.13,86.24,85.94,86.03,3051
2026-08-20T20:30:00+05:30,86.03,86.4,85.78,86.26,6778
2026-08-20T20:45:00+05:30,86.28,86.59,86.28,86.53,4026
2026-08-20T21:00:00+05:30,86.53,86.85,86.4,86.8,3353
2026-08-20T21:15:00+05:30,86.78,86.82,86.47,86.51,2292
2026-08-20T21:30:00+05:30,86.51,86.74,86.34,86.61,2745
2026-08-20T21:45:00+05:30,86.61,86.69,86.44,86.45,1314
2026-08-20T22:00:00+05:30,86.47,86.66,86.33,86.35,2477
2026-08-20T22:15:00+05:30,86.34,86.4,86.03,86.1,2561
2026-08-20T22:30:00+05:30,86.1,86.39,85.87,86.31,3507
2026-08-20T22:45:00+05:30,86.32,86.51,86.24,86.47,1747
2026-08-20T23:00:00+05:30,86.48,86.72,86.46,86.62,2637
2026-08-20T23:15:00+05:30,86.63,86.73,86.49,86.52,2207
2026-08-20T23:30:00+05:30,86.52,86.58,86.37,86.47,5045
2026-08-20T23:45:00+05:30,86.46,86.98,86.37,86.94,10626
2026-08-21T00:00:00+05:30,86.94,86.98,86.74,86.91,2882
2026-08-21T00:15:00+05:30,86.9,86.97,86.82,86.86,915
2026-08-21T00:30:00+05:30,86.85,86.87,86.68,86.74,1441
2026-08-21T00:45:00+05:30,86.73,86.79,86.64,86.69,801
2026-08-21T01:00:00+05:30,86.7,86.7,86.56,86.62,765
2026-08-21T01:15:00+05:30,86.62,86.67,86.58,86.6,701
2026-08-21T01:30:00+05:30,86.6,86.66,86.51,86.55,611
2026-08-21T01:45:00+05:30,86.53,86.65,86.46,86.57,537
2026-08-21T02:00:00+05:30,86.58,86.58,86.45,86.48,396
2026-08-21T02:15:00+05:30,86.47,86.5,86.2,86.21,1017
2026-08-21T03:30:00+05:30,86.27,86.45,86.22,86.33,573
2026-08-21T03:45:00+05:30,86.32,86.35,86.24,86.27,238
2026-08-21T04:00:00+05:30,86.28,86.34,86.26,86.29,94
2026-08-21T04:15:00+05:30,86.28,86.32,86.28,86.31,91
2026-08-21T04:30:00+05:30,86.31,86.38,86.26,86.34,350
2026-08-21T04:45:00+05:30,86.29,86.34,86.26,86.31,60
2026-08-21T05:00:00+05:30,86.31,86.32,86.27,86.31,78
2026-08-21T05:15:00+05:30,86.29,86.3,86.21,86.22,213
2026-08-21T05:30:00+05:30,86.2,86.28,86.1,86.27,769
2026-08-21T05:45:00+05:30,86.27,86.27,86.06,86.18,949
2026-08-21T06:00:00+05:30,86.17,86.33,86.17,86.29,426
2026-08-21T06:15:00+05:30,86.28,86.45,86.28,86.37,531
2026-08-21T06:30:00+05:30,86.39,86.62,86.27,86.62,1001
2026-08-21T06:45:00+05:30,86.61,86.68,86.51,86.6,810
2026-08-21T07:00:00+05:30,86.6,86.84,86.54,86.83,687
2026-08-21T07:15:00+05:30,86.85,86.94,86.63,86.73,587
2026-08-21T07:30:00+05:30,86.72,86.81,86.66,86.77,289
2026-08-21T07:45:00+05:30,86.77,86.78,86.63,86.75,257
2026-08-21T08:00:00+05:30,86.75,86.77,86.57,86.59,546
2026-08-21T08:15:00+05:30,86.57,86.69,86.47,86.51,518
2026-08-21T08:30:00+05:30,86.5,86.55,86.41,86.43,393
2026-08-21T08:45:00+05:30,86.43,86.52,86.34,86.37,410
2026-08-21T09:00:00+05:30,86.38,86.56,86.35,86.54,212
2026-08-21T09:15:00+05:30,86.54,86.61,86.46,86.48,257
2026-08-21T09:30:00+05:30,86.48,86.53,86.37,86.46,219
2026-08-21T09:45:00+05:30,86.46,86.52,86.43,86.52,147
2026-08-21T10:00:00+05:30,86.5,86.54,86.43,86.45,229
2026-08-21T10:15:00+05:30,86.45,86.46,86.23,86.24,427
2026-08-21T10:30:00+05:30,86.24,86.26,86.13,86.22,679
2026-08-21T10:45:00+05:30,86.23,86.47,86.22,86.45,510
2026-08-21T11:00:00+05:30,86.46,86.5,86.31,86.45,324
2026-08-21T11:15:00+05:30,86.42,86.47,86.14,86.17,474
2026-08-21T11:30:00+05:30,86.19,86.32,86.1,86.19,751
2026-08-21T11:45:00+05:30,86.19,86.45,86.15,86.38,419
2026-08-21T12:00:00+05:30,86.39,86.44,86.29,86.4,689
2026-08-21T12:15:00+05:30,86.39,86.5,86.27,86.29,474
2026-08-21T12:30:00+05:30,86.33,86.46,86.09,86.15,1479
2026-08-21T12:45:00+05:30,86.14,86.43,86.11,86.42,980
2026-08-21T13:00:00+05:30,86.43,86.45,86.25,86.43,897
2026-08-21T13:15:00+05:30,86.42,86.5,86.14,86.38,1248
2026-08-21T13:30:00+05:30,86.36,86.79,86.34,86.5,2088
2026-08-21T13:45:00+05:30,86.5,86.6,86,86.11,2320
2026-08-21T14:00:00+05:30,86.11,86.39,85.96,86.11,1901
2026-08-21T14:15:00+05:30,86.13,86.19,85.92,85.93,1104
2026-08-21T14:30:00+05:30,85.93,86.13,85.8,86.09,1757
2026-08-21T14:45:00+05:30,86.08,86.27,86.06,86.21,789
2026-08-21T15:00:00+05:30,86.22,86.41,86.06,86.38,1405
2026-08-21T15:15:00+05:30,86.38,86.58,86.35,86.55,1335
2026-08-21T15:30:00+05:30,86.56,87.51,86.56,87.31,5281
2026-08-21T15:45:00+05:30,87.31,87.37,86.61,86.61,2465
2026-08-21T16:00:00+05:30,86.6,86.86,86.59,86.82,1271
2026-08-21T16:15:00+05:30,86.82,87.19,86.76,87.05,2012
2026-08-21T16:30:00+05:30,87.05,87.24,87,87.22,1261
2026-08-21T16:45:00+05:30,87.21,87.27,86.33,86.43,5536
2026-08-21T17:00:00+05:30,86.43,86.56,86.11,86.47,2895
2026-08-21T17:15:00+05:30,86.47,86.97,86.43,86.96,2334
2026-08-21T17:30:00+05:30,86.96,87.16,86.76,87.13,3103
2026-08-21T17:45:00+05:30,87.12,87.33,87.01,87.03,2824
2026-08-21T18:00:00+05:30,87.05,87.08,86.76,86.81,1519
2026-08-21T18:15:00+05:30,86.83,87.15,86.8,86.87,1892
2026-08-21T18:30:00+05:30,86.88,86.95,86.58,86.78,3739
2026-08-21T18:45:00+05:30,86.78,87.08,86.71,86.91,3199
2026-08-21T19:00:00+05:30,86.91,87.11,86.69,86.76,4117
2026-08-21T19:15:00+05:30,86.78,86.79,86.43,86.46,3258
2026-08-21T19:30:00+05:30,86.47,86.61,86.28,86.6,3750
2026-08-21T19:45:00+05:30,86.59,86.64,86.23,86.42,2942
2026-08-21T20:00:00+05:30,86.41,86.78,86.33,86.41,2870
2026-08-21T20:15:00+05:30,86.42,86.69,86.36,86.53,2726
2026-08-21T20:30:00+05:30,86.53,86.71,86.14,86.65,3154
2026-08-21T20:45:00+05:30,86.67,86.86,86.42,86.43,4393
2026-08-21T21:00:00+05:30,86.44,87.07,86.38,86.87,3618
2026-08-21T21:15:00+05:30,86.86,86.94,86.73,86.81,2372
2026-08-21T21:30:00+05:30,86.81,87.01,86.76,86.87,2564
2026-08-21T21:45:00+05:30,86.87,86.99,86.5,86.58,4299
2026-08-21T22:00:00+05:30,86.58,86.93,86.51,86.83,2088
2026-08-21T22:15:00+05:30,86.84,86.95,86.69,86.93,1640
2026-08-21T22:30:00+05:30,86.93,87.21,86.87,87.11,3187
2026-08-21T22:45:00+05:30,87.11,87.28,87,87.25,2531
2026-08-21T23:00:00+05:30,87.25,87.46,87.15,87.17,3571
2026-08-21T23:15:00+05:30,87.17,87.4,87.15,87.32,2252
2026-08-21T23:30:00+05:30,87.33,87.33,87.02,87.17,2441
2026-08-21T23:45:00+05:30,87.17,87.32,86.94,87.07,8184
2026-08-22T00:00:00+05:30,87.08,87.17,86.94,86.98,2175
2026-08-22T00:15:00+05:30,86.97,87.13,86.9,87.03,1388
2026-08-22T00:30:00+05:30,87.02,87.02,86.77,86.8,1534
2026-08-22T00:45:00+05:30,86.81,86.96,86.79,86.82,655
2026-08-22T01:00:00+05:30,86.81,86.92,86.72,86.81,1624
2026-08-22T01:15:00+05:30,86.79,86.87,86.61,86.65,1661
2026-08-22T01:30:00+05:30,86.65,86.7,86.59,86.66,545
2026-08-22T01:45:00+05:30,86.66,86.88,86.63,86.85,474
2026-08-22T02:00:00+05:30,86.84,86.85,86.76,86.82,376
2026-08-22T02:15:00+05:30,86.83,86.84,86.64,86.64,941
2026-08-24T03:30:00+05:30,86.5,86.57,86.33,86.4,1891
2026-08-24T03:45:00+05:30,86.41,86.44,86.36,86.41,282
2026-08-24T04:00:00+05:30,86.4,86.41,86.31,86.36,365
2026-08-24T04:15:00+05:30,86.35,86.36,86.24,86.26,305
2026-08-24T04:30:00+05:30,86.27,86.28,86.1,86.17,485
2026-08-24T04:45:00+05:30,86.17,86.17,86.11,86.12,172
2026-08-24T05:00:00+05:30,86.14,86.21,86.13,86.14,141
2026-08-24T05:15:00+05:30,86.16,86.18,85.98,86.02,691
2026-08-24T05:30:00+05:30,86.01,86.22,85.96,86.16,585
2026-08-24T05:45:00+05:30,86.17,86.17,85.9,85.95,854
2026-08-24T06:00:00+05:30,85.94,85.95,85.61,85.64,1385
2026-08-24T06:15:00+05:30,85.62,85.88,85.61,85.83,758
2026-08-24T06:30:00+05:30,85.83,85.85,85.32,85.4,2306
2026-08-24T06:45:00+05:30,85.39,85.42,84.84,85.15,3112
2026-08-24T07:00:00+05:30,85.13,85.46,85.1,85.3,1634
2026-08-24T07:15:00+05:30,85.32,85.41,85.23,85.36,825
2026-08-24T07:30:00+05:30,85.35,85.45,85.22,85.33,712
2026-08-24T07:45:00+05:30,85.33,85.53,85.32,85.51,357
2026-08-24T08:00:00+05:30,85.52,85.74,85.52,85.61,1288
2026-08-24T08:15:00+05:30,85.61,85.73,85.47,85.69,568
2026-08-24T08:30:00+05:30,85.7,85.79,85.63,85.67,461
2026-08-24T08:45:00+05:30,85.67,85.77,85.66,85.71,249
2026-08-24T09:00:00+05:30,85.7,85.79,85.68,85.72,348
2026-08-24T09:15:00+05:30,85.71,85.71,85.58,85.61,229
2026-08-24T09:30:00+05:30,85.61,85.76,85.59,85.6,309
2026-08-24T09:45:00+05:30,85.59,85.64,85.51,85.61,709
2026-08-24T10:00:00+05:30,85.62,85.68,85.54,85.61,219
2026-08-24T10:15:00+05:30,85.61,85.76,85.6,85.61,241
2026-08-24T10:30:00+05:30,85.62,85.69,85.58,85.67,352
2026-08-24T10:45:00+05:30,85.65,85.65,85.51,85.56,385
2026-08-24T11:00:00+05:30,85.55,85.76,85.47,85.75,572
2026-08-24T11:15:00+05:30,85.76,85.77,85.56,85.56,347
2026-08-24T11:30:00+05:30,85.59,85.65,85.29,85.29,951
2026-08-24T11:45:00+05:30,85.3,85.46,85.23,85.44,756
2026-08-24T12:00:00+05:30,85.43,85.48,85.15,85.23,798
2026-08-24T12:15:00+05:30,85.24,85.39,85.17,85.18,1047
2026-08-24T12:30:00+05:30,85.19,85.27,85.05,85.23,1370
2026-08-24T12:45:00+05:30,85.23,85.38,85.12,85.29,929
2026-08-24T13:00:00+05:30,85.28,85.7,85.05,85.51,1667
2026-08-24T13:15:00+05:30,85.54,85.72,85.36,85.67,1587
2026-08-24T13:30:00+05:30,85.66,85.81,85.35,85.51,1855
2026-08-24T13:45:00+05:30,85.54,85.75,85.41,85.57,2009
2026-08-24T14:00:00+05:30,85.56,85.59,85.1,85.18,2483
2026-08-24T14:15:00+05:30,85.18,85.32,84.69,84.96,3181
2026-08-24T14:30:00+05:30,84.97,85.1,84.77,85.06,1567
2026-08-24T14:45:00+05:30,85.06,85.48,85.02,85.39,1408
2026-08-24T15:00:00+05:30,85.38,85.42,85.09,85.32,1043
2026-08-24T15:15:00+05:30,85.31,85.31,84.98,85.15,2091
2026-08-24T15:30:00+05:30,85.16,85.23,84.94,85.08,975
2026-08-24T15:45:00+05:30,85.07,85.13,84.94,84.99,909
2026-08-24T16:00:00+05:30,84.99,85.21,84.89,85.2,777
2026-08-24T16:15:00+05:30,85.21,85.39,85.13,85.39,1030
2026-08-24T16:30:00+05:30,85.37,85.41,85.11,85.22,951
2026-08-24T16:45:00+05:30,85.21,85.53,85.19,85.49,1081
2026-08-24T17:00:00+05:30,85.49,85.59,85.03,85.15,2284
2026-08-24T17:15:00+05:30,85.15,85.43,85.07,85.38,944
2026-08-24T17:30:00+05:30,85.38,85.53,85.26,85.52,1769
2026-08-24T17:45:00+05:30,85.52,85.62,85.35,85.46,1181
2026-08-24T18:00:00+05:30,85.47,86.24,85.08,85.62,5763
2026-08-24T18:15:00+05:30,85.6,85.69,85.48,85.54,1627
2026-08-24T18:30:00+05:30,85.55,85.77,85.32,85.51,3923
2026-08-24T18:45:00+05:30,85.52,85.94,85.48,85.91,3932
2026-08-24T19:00:00+05:30,85.92,86.05,85.59,85.66,3728
2026-08-24T19:15:00+05:30,85.66,85.78,85.32,85.39,3785
2026-08-24T19:30:00+05:30,85.38,85.55,85.22,85.35,3004
2026-08-24T19:45:00+05:30,85.36,85.39,84.76,84.92,4332
2026-08-24T20:00:00+05:30,84.92,85.24,84.9,85.17,3400
2026-08-24T20:15:00+05:30,85.17,85.19,84.82,85,3597
2026-08-24T20:30:00+05:30,85,85.16,84.84,85,2724
2026-08-24T20:45:00+05:30,85,85.13,84.44,84.48,6799
2026-08-24T21:00:00+05:30,84.46,84.86,84.36,84.82,5643
2026-08-24T21:15:00+05:30,84.82,84.87,84.63,84.8,2969
2026-08-24T21:30:00+05:30,84.81,85,84.72,84.99,1940
2026-08-24T21:45:00+05:30,84.99,85.36,84.98,85.28,3608
2026-08-24T22:00:00+05:30,85.28,85.42,85.08,85.36,2223
2026-08-24T22:15:00+05:30,85.37,85.41,85.21,85.22,1459
2026-08-24T22:30:00+05:30,85.22,85.24,84.72,84.92,4431
2026-08-24T22:45:00+05:30,84.91,85.16,84.69,84.85,3550
2026-08-24T23:00:00+05:30,84.85,85.06,84.82,84.89,1482
2026-08-24T23:15:00+05:30,84.87,84.98,84.7,84.81,2180
2026-08-24T23:30:00+05:30,84.81,84.85,84.66,84.83,1928
2026-08-24T23:45:00+05:30,84.83,85.08,84.73,84.98,6576
2026-08-25T00:00:00+05:30,84.99,85.19,84.88,85.17,2452
2026-08-25T00:15:00+05:30,85.18,85.26,85.14,85.18,1319
2026-08-25T00:30:00+05:30,85.18,85.29,85.16,85.24,730
2026-08-25T00:45:00+05:30,85.23,85.26,85.18,85.19,467
2026-08-25T01:00:00+05:30,85.21,85.22,84.99,85.08,1308
2026-08-25T01:15:00+05:30,85.08,85.09,84.99,85.03,846
2026-08-25T01:30:00+05:30,85.04,85.08,84.95,85.03,488
2026-08-25T01:45:00+05:30,85.02,85.05,84.94,84.96,381
2026-08-25T02:00:00+05:30,84.96,84.96,84.84,84.89,678
2026-08-25T02:15:00+05:30,84.88,85,84.86,84.98,677
2026-08-25T03:30:00+05:30,85.03,85.12,84.97,85.02,397
2026-08-25T03:45:00+05:30,85.02,85.09,84.99,85.07,143
2026-08-25T04:00:00+05:30,85.08,85.1,85.06,85.09,49
2026-08-25T04:15:00+05:30,85.1,85.13,85.08,85.1,90
2026-08-25T04:30:00+05:30,85.11,85.16,85.09,85.15,113
2026-08-25T04:45:00+05:30,85.16,85.21,85.13,85.18,100
2026-08-25T05:00:00+05:30,85.18,85.24,85.11,85.17,130
2026-08-25T05:15:00+05:30,85.2,85.23,85.16,85.19,80
2026-08-25T05:30:00+05:30,85.2,85.25,85.08,85.14,483
2026-08-25T05:45:00+05:30,85.15,85.17,85.07,85.11,222
2026-08-25T06:00:00+05:30,85.11,85.11,84.91,84.91,285
2026-08-25T06:15:00+05:30,84.91,84.96,84.75,84.78,512
2026-08-25T06:30:00+05:30,84.77,85.35,84.73,85.14,1366
2026-08-25T06:45:00+05:30,85.14,85.34,85.06,85.24,696
2026-08-25T07:00:00+05:30,85.25,85.4,85.11,85.37,592
2026-08-25T07:15:00+05:30,85.37,85.49,85.32,85.46,618
2026-08-25T07:30:00+05:30,85.47,85.84,85.42,85.76,1307
2026-08-25T07:45:00+05:30,85.77,85.81,85.67,85.7,429
2026-08-25T08:00:00+05:30,85.71,85.81,85.58,85.61,772
2026-08-25T08:15:00+05:30,85.61,85.64,85.47,85.56,503
2026-08-25T08:30:00+05:30,85.56,85.6,85.21,85.34,859
2026-08-25T08:45:00+05:30,85.34,85.37,85.13,85.35,764
2026-08-25T09:00:00+05:30,85.36,85.42,85.32,85.42,192
2026-08-25T09:15:00+05:30,85.42,85.45,85.38,85.43,170
2026-08-25T09:30:00+05:30,85.44,85.49,85.35,85.36,300
2026-08-25T09:45:00+05:30,85.36,85.37,85.22,85.27,337
2026-08-25T10:00:00+05:30,85.27,85.27,85.07,85.11,336
2026-08-25T10:15:00+05:30,85.12,85.13,85.06,85.08,214
2026-08-25T10:30:00+05:30,85.07,85.09,84.96,84.97,457
2026-08-25T10:45:00+05:30,84.98,84.99,84.91,84.96,260
2026-08-25T11:00:00+05:30,84.97,85.09,84.82,84.93,639
2026-08-25T11:15:00+05:30,84.94,84.99,84.28,84.47,2449
2026-08-25T11:30:00+05:30,84.47,84.53,84.2,84.28,1840
2026-08-25T11:45:00+05:30,84.28,84.35,84.14,84.21,1154
2026-08-25T12:00:00+05:30,84.2,84.61,84.11,84.46,1578
2026-08-25T12:15:00+05:30,84.47,84.59,84.13,84.26,1461
2026-08-25T12:30:00+05:30,84.27,84.44,84.12,84.41,1194
2026-08-25T12:45:00+05:30,84.4,84.54,84.25,84.45,1212
2026-08-25T13:00:00+05:30,84.46,84.56,84.25,84.37,1460
2026-08-25T13:15:00+05:30,84.38,84.6,84.31,84.55,960
2026-08-25T13:30:00+05:30,84.55,84.71,84.52,84.59,940
2026-08-25T13:45:00+05:30,84.57,84.62,83.5,83.93,5585
2026-08-25T14:00:00+05:30,83.93,84.09,83.42,83.43,4123
2026-08-25T14:15:00+05:30,83.42,83.51,82.85,83.02,4660
2026-08-25T14:30:00+05:30,83.01,83.08,82.67,82.88,3523
2026-08-25T14:45:00+05:30,82.88,82.98,82.49,82.7,3291
2026-08-25T15:00:00+05:30,82.68,82.74,82.2,82.32,4948
2026-08-25T15:15:00+05:30,82.31,82.38,82.04,82.12,3444
2026-08-25T15:30:00+05:30,82.12,82.61,82.12,82.49,3805
2026-08-25T15:45:00+05:30,82.48,82.57,82.37,82.4,1703
2026-08-25T16:00:00+05:30,82.39,82.58,82.27,82.56,1806
2026-08-25T16:15:00+05:30,82.56,82.59,82.41,82.45,1227
2026-08-25T16:30:00+05:30,82.47,82.73,82.3,82.44,1968
2026-08-25T16:45:00+05:30,82.43,82.66,82.41,82.51,1279
2026-08-25T17:00:00+05:30,82.49,82.49,82.15,82.18,2120
2026-08-25T17:15:00+05:30,82.18,82.18,81.82,81.95,4017
2026-08-25T17:30:00+05:30,81.97,82.35,81.88,82.31,3391
2026-08-25T17:45:00+05:30,82.31,82.6,82.19,82.34,3158
2026-08-25T18:00:00+05:30,82.34,82.55,82.27,82.44,2231
2026-08-25T18:15:00+05:30,82.44,82.44,82.12,82.2,2477
2026-08-25T18:30:00+05:30,82.21,82.28,81.81,82,5164
2026-08-25T18:45:00+05:30,82.01,82.63,81.99,82.4,4392
2026-08-25T19:00:00+05:30,82.4,82.64,82.19,82.23,3776
2026-08-25T19:15:00+05:30,82.22,82.49,82.14,82.43,3125
2026-08-25T19:30:00+05:30,82.44,82.89,82.3,82.39,5828
2026-08-25T19:45:00+05:30,82.39,82.64,82.34,82.59,3336
2026-08-25T20:00:00+05:30,82.6,83.31,82.51,82.52,6989
2026-08-25T20:15:00+05:30,82.53,82.64,82.3,82.5,3543
2026-08-25T20:30:00+05:30,82.48,82.69,82.43,82.43,2171
2026-08-25T20:45:00+05:30,82.43,82.55,82.15,82.42,4270
2026-08-25T21:00:00+05:30,82.42,82.43,81.54,81.69,11880
2026-08-25T21:15:00+05:30,81.69,82.17,81.63,82.09,4155
2026-08-25T21:30:00+05:30,82.1,82.24,82.05,82.16,3072
2026-08-25T21:45:00+05:30,82.15,82.36,82.02,82.32,3212
2026-08-25T22:00:00+05:30,82.31,82.38,82.18,82.28,2298
2026-08-25T22:15:00+05:30,82.27,82.42,82.12,82.18,3203
2026-08-25T22:30:00+05:30,82.17,82.24,82.07,82.18,2723
2026-08-25T22:45:00+05:30,82.17,82.4,82.15,82.21,2790
2026-08-25T23:00:00+05:30,82.22,82.32,82.18,82.28,1577
2026-08-25T23:15:00+05:30,82.27,82.29,82.1,82.13,1971
2026-08-25T23:30:00+05:30,82.14,82.24,82.08,82.14,2005
2026-08-25T23:45:00+05:30,82.14,82.45,82.07,82.29,7400
2026-08-26T00:00:00+05:30,82.3,82.46,82.28,82.39,2077
2026-08-26T00:15:00+05:30,82.39,82.4,82.24,82.3,760
2026-08-26T00:30:00+05:30,82.3,82.39,82.23,82.3,1226
2026-08-26T00:45:00+05:30,82.3,82.31,82.16,82.24,1900
2026-08-26T01:00:00+05:30,82.25,82.3,81.95,81.99,1962
2026-08-26T01:15:00+05:30,81.99,82.05,81.09,81.12,6808
2026-08-26T01:30:00+05:30,81.13,81.13,80.43,80.53,5656
2026-08-26T01:45:00+05:30,80.52,80.81,80.23,80.69,4252
2026-08-26T02:00:00+05:30,80.66,80.9,80.6,80.85,1421
2026-08-26T02:15:00+05:30,80.83,81.24,80.8,81.11,2087
2026-08-26T03:30:00+05:30,81.11,81.31,81.09,81.2,871
2026-08-26T03:45:00+05:30,81.21,81.21,80.93,81.01,665
2026-08-26T04:00:00+05:30,81.01,81.03,80.95,80.97,200
2026-08-26T04:15:00+05:30,80.99,81.09,80.97,81.01,226
2026-08-26T04:30:00+05:30,81.02,81.02,80.96,80.98,160
2026-08-26T04:45:00+05:30,80.97,81.02,80.96,81,124
2026-08-26T05:00:00+05:30,81,81.05,80.99,81.04,146
2026-08-26T05:15:00+05:30,81.04,81.15,80.97,80.98,429
2026-08-26T05:30:00+05:30,80.97,81.12,80.83,80.89,1014
2026-08-26T05:45:00+05:30,80.9,80.96,80.8,80.92,618
2026-08-26T06:00:00+05:30,80.92,81,80.69,80.71,999
2026-08-26T06:15:00+05:30,80.71,80.84,80.58,80.72,1325
2026-08-26T06:30:00+05:30,80.71,80.72,80.33,80.39,2323
2026-08-26T06:45:00+05:30,80.38,80.57,80.35,80.55,688
2026-08-26T07:00:00+05:30,80.54,80.62,80.35,80.45,1097
2026-08-26T07:15:00+05:30,80.46,80.69,80.44,80.54,452
2026-08-26T07:30:00+05:30,80.52,80.54,80.26,80.29,920
2026-08-26T07:45:00+05:30,80.3,80.4,80.27,80.35,611
2026-08-26T08:00:00+05:30,80.35,80.55,80.33,80.39,911
2026-08-26T08:15:00+05:30,80.39,80.42,80.13,80.41,981
2026-08-26T08:30:00+05:30,80.4,80.42,80.2,80.28,632
2026-08-26T08:45:00+05:30,80.27,80.29,80.08,80.27,801
2026-08-26T09:00:00+05:30,80.28,80.31,80.18,80.28,523
2026-08-26T09:15:00+05:30,80.27,80.32,80.24,80.27,412
2026-08-26T09:30:00+05:30,80.27,80.43,80.26,80.4,609
2026-08-26T09:45:00+05:30,80.41,80.43,80.25,80.32,476
2026-08-26T10:00:00+05:30,80.32,80.34,80.27,80.29,219
2026-08-26T10:15:00+05:30,80.28,80.64,80.25,80.61,829
2026-08-26T10:30:00+05:30,80.61,80.62,80.43,80.59,603
2026-08-26T10:45:00+05:30,80.59,80.77,80.59,80.76,561
2026-08-26T11:00:00+05:30,80.75,80.9,80.63,80.88,931
2026-08-26T11:15:00+05:30,80.9,80.92,80.73,80.76,628
2026-08-26T11:30:00+05:30,80.78,80.89,80.7,80.88,553
2026-08-26T11:45:00+05:30,80.87,80.94,80.76,80.85,534
2026-08-26T12:00:00+05:30,80.81,80.84,80.31,80.31,1282
2026-08-26T12:15:00+05:30,80.31,80.51,80.28,80.47,1073
2026-08-26T12:30:00+05:30,80.48,80.63,80.21,80.27,1729
2026-08-26T12:45:00+05:30,80.27,80.37,80.17,80.28,1200
2026-08-26T13:00:00+05:30,80.27,80.34,80.02,80.04,1638
2026-08-26T13:15:00+05:30,80.03,80.16,79.85,79.91,2224
2026-08-26T13:30:00+05:30,79.9,80.3,79.89,80.28,1861
2026-08-26T13:45:00+05:30,80.28,80.53,80.04,80.04,2601
2026-08-26T14:00:00+05:30,80.06,80.25,79.68,79.93,3676
2026-08-26T14:15:00+05:30,79.93,80.03,79.68,79.84,1456
2026-08-26T14:30:00+05:30,79.84,79.99,79.73,79.94,1830
2026-08-26T14:45:00+05:30,79.93,80.2,79.62,80.2,3731
2026-08-26T15:00:00+05:30,80.19,80.25,79.79,79.84,1297
2026-08-26T15:15:00+05:30,79.85,80.12,79.83,80.12,2244
2026-08-26T15:30:00+05:30,80.13,80.22,80.02,80.16,1769
2026-08-26T15:45:00+05:30,80.15,80.33,79.96,80.15,1466
2026-08-26T16:00:00+05:30,80.16,80.27,80.07,80.19,918
2026-08-26T16:15:00+05:30,80.19,80.42,80.18,80.23,1405
2026-08-26T16:30:00+05:30,80.25,80.33,80.09,80.2,993
2026-08-26T16:45:00+05:30,80.21,80.36,80.12,80.2,1439
2026-08-26T17:00:00+05:30,80.2,80.46,80.14,80.39,2031
2026-08-26T17:15:00+05:30,80.38,80.68,80.33,80.55,2736
2026-08-26T17:30:00+05:30,80.55,80.65,80.41,80.43,1898
2026-08-26T17:45:00+05:30,80.42,80.46,80.21,80.24,1303
2026-08-26T18:00:00+05:30,80.23,80.38,80.2,80.28,1621
2026-08-26T18:15:00+05:30,80.28,80.75,80.18,80.66,5671
2026-08-26T18:30:00+05:30,80.66,80.99,80.51,80.78,5115
2026-08-26T18:45:00+05:30,80.78,80.92,80.62,80.7,3304
2026-08-26T19:00:00+05:30,80.7,81.33,80.67,81.26,6573
2026-08-26T19:15:00+05:30,81.27,81.72,81.26,81.5,6729
2026-08-26T19:30:00+05:30,81.49,81.57,81.32,81.5,3485
2026-08-26T19:45:00+05:30,81.51,81.69,81.46,81.69,4713
2026-08-26T20:00:00+05:30,81.69,81.89,81.65,81.8,3959
2026-08-26T20:15:00+05:30,81.8,81.97,81.69,81.92,4352
2026-08-26T20:30:00+05:30,81.93,82.23,81.84,82.21,4548
2026-08-26T20:45:00+05:30,82.22,82.45,82.05,82.38,6162
2026-08-26T21:00:00+05:30,82.37,82.48,82.23,82.31,4697
2026-08-26T21:15:00+05:30,82.32,82.89,82.18,82.77,8460
2026-08-26T21:30:00+05:30,82.77,82.95,82.71,82.89,3384
2026-08-26T21:45:00+05:30,82.89,83.31,82.87,83.08,7344
2026-08-26T22:00:00+05:30,83.07,83.2,83.02,83.06,2399
2026-08-26T22:15:00+05:30,83.05,83.08,82.74,82.77,4559
2026-08-26T22:30:00+05:30,82.77,82.84,82.6,82.71,2823
2026-08-26T22:45:00+05:30,82.71,82.75,82.57,82.68,1897
2026-08-26T23:00:00+05:30,82.67,82.71,82.54,82.57,1608
2026-08-26T23:15:00+05:30,82.57,82.66,82.5,82.55,1944
2026-08-26T23:30:00+05:30,82.56,82.57,82.27,82.36,3733
2026-08-26T23:45:00+05:30,82.36,82.36,82.07,82.25,6591
2026-08-27T00:00:00+05:30,82.25,82.33,82.13,82.13,2572
2026-08-27T00:15:00+05:30,82.13,82.14,81.98,82,1823
2026-08-27T00:30:00+05:30,82,82,81.83,81.97,1485
2026-08-27T00:45:00+05:30,81.97,82.06,81.92,81.99,943
2026-08-27T01:00:00+05:30,82,82.08,81.91,81.97,595
2026-08-27T01:15:00+05:30,81.98,81.99,81.9,81.93,719
2026-08-27T01:30:00+05:30,81.92,81.94,81.86,81.87,520
2026-08-27T01:45:00+05:30,81.88,81.9,81.78,81.8,632
2026-08-27T02:00:00+05:30,81.8,81.82,81.74,81.8,340
2026-08-27T02:15:00+05:30,81.8,81.93,81.78,81.91,826
2026-08-27T03:30:00+05:30,82,82.13,81.8,81.8,656
2026-08-27T03:45:00+05:30,81.79,81.88,81.78,81.85,102
2026-08-27T04:00:00+05:30,81.85,81.91,81.85,81.86,113
2026-08-27T04:15:00+05:30,81.85,81.87,81.83,81.83,25
2026-08-27T04:30:00+05:30,81.8,81.86,81.75,81.84,115
2026-08-27T04:45:00+05:30,81.83,81.86,81.81,81.84,64
2026-08-27T05:00:00+05:30,81.85,81.85,81.81,81.82,69
2026-08-27T05:15:00+05:30,81.82,81.85,81.8,81.8,101
2026-08-27T05:30:00+05:30,81.81,81.82,81.56,81.64,810
2026-08-27T05:45:00+05:30,81.67,81.7,81.53,81.56,386
2026-08-27T06:00:00+05:30,81.55,81.62,81.54,81.57,166
2026-08-27T06:15:00+05:30,81.57,81.89,81.57,81.79,876
2026-08-27T06:30:00+05:30,81.8,82.17,81.72,81.83,1740
2026-08-27T06:45:00+05:30,81.83,82.09,81.72,81.96,1146
2026-08-27T07:00:00+05:30,81.98,82,81.72,81.82,473
2026-08-27T07:15:00+05:30,81.81,81.81,81.57,81.62,476
2026-08-27T07:30:00+05:30,81.63,81.7,81.58,81.67,282
2026-08-27T07:45:00+05:30,81.66,81.69,81.56,81.6,295
2026-08-27T08:00:00+05:30,81.61,81.73,81.48,81.51,676
2026-08-27T08:15:00+05:30,81.5,81.61,81.44,81.44,739
2026-08-27T08:30:00+05:30,81.45,81.73,81.44,81.72,711
2026-08-27T08:45:00+05:30,81.71,81.9,81.65,81.78,684
2026-08-27T09:00:00+05:30,81.79,81.9,81.71,81.87,387
2026-08-27T09:15:00+05:30,81.86,81.87,81.82,81.84,153
2026-08-27T09:30:00+05:30,81.84,81.85,81.78,81.84,110
2026-08-27T09:45:00+05:30,81.83,81.92,81.83,81.89,209
2026-08-27T10:00:00+05:30,81.9,81.91,81.79,81.83,188
2026-08-27T10:15:00+05:30,81.83,81.87,81.8,81.83,99
2026-08-27T10:30:00+05:30,81.82,81.86,81.8,81.84,92
2026-08-27T10:45:00+05:30,81.83,81.83,81.59,81.59,348
2026-08-27T11:00:00+05:30,81.6,81.65,81.44,81.58,683
2026-08-27T11:15:00+05:30,81.57,81.69,81.42,81.43,632
2026-08-27T11:30:00+05:30,81.44,81.51,81.33,81.33,593
2026-08-27T11:45:00+05:30,81.34,81.42,81.28,81.31,675
2026-08-27T12:00:00+05:30,81.32,81.36,81.03,81.1,1546
2026-08-27T12:15:00+05:30,81.1,81.24,81.02,81.03,1119
2026-08-27T12:30:00+05:30,81.03,81.04,80.65,80.77,2433
2026-08-27T12:45:00+05:30,80.77,81.11,80.75,80.99,1645
2026-08-27T13:00:00+05:30,81.01,81.26,81.01,81.07,1462
2026-08-27T13:15:00+05:30,81.07,81.36,81,81.36,1175
2026-08-27T13:30:00+05:30,81.36,81.43,81.2,81.4,1131
2026-08-27T13:45:00+05:30,81.39,81.64,81.29,81.64,2219
2026-08-27T14:00:00+05:30,81.64,81.72,81.49,81.68,1713
2026-08-27T14:15:00+05:30,81.67,81.83,81.49,81.82,1270
2026-08-27T14:30:00+05:30,81.83,82.15,81.82,82.14,1741
2026-08-27T14:45:00+05:30,82.12,82.22,81.99,82.09,1708
2026-08-27T15:00:00+05:30,82.09,82.13,81.97,82.03,1000
2026-08-27T15:15:00+05:30,82.04,82.21,82.01,82.19,1308
2026-08-27T15:30:00+05:30,82.2,82.55,82.17,82.22,2389
2026-08-27T15:45:00+05:30,82.23,82.42,82.13,82.42,822
2026-08-27T16:00:00+05:30,82.43,82.47,82.13,82.15,1020
2026-08-27T16:15:00+05:30,82.15,82.46,82.09,82.22,1141
2026-08-27T16:30:00+05:30,82.24,82.45,82.21,82.24,1302
2026-08-27T16:45:00+05:30,82.24,82.52,82.19,82.44,1612
2026-08-27T17:00:00+05:30,82.44,82.52,82.15,82.47,2480
2026-08-27T17:15:00+05:30,82.47,82.62,82.46,82.46,1694
2026-08-27T17:30:00+05:30,82.46,82.55,82.37,82.46,968
2026-08-27T17:45:00+05:30,82.46,82.49,82.17,82.45,1776
2026-08-27T18:00:00+05:30,82.44,82.55,82.34,82.45,1123
2026-08-27T18:15:00+05:30,82.45,82.81,82.41,82.53,2400
2026-08-27T18:30:00+05:30,82.52,82.77,82.39,82.5,3884
2026-08-27T18:45:00+05:30,82.52,82.68,82.34,82.44,2171
2026-08-27T19:00:00+05:30,82.45,82.87,82.36,82.71,4339
2026-08-27T19:15:00+05:30,82.73,82.87,82.6,82.84,3092
2026-08-27T19:30:00+05:30,82.84,83.14,82.82,82.88,4490
2026-08-27T19:45:00+05:30,82.88,82.95,82.65,82.7,3321
2026-08-27T20:00:00+05:30,82.7,82.77,82.32,82.36,3559
2026-08-27T20:15:00+05:30,82.36,82.51,82,82.03,4135
2026-08-27T20:30:00+05:30,82.04,82.44,81.99,82.38,3485
2026-08-27T20:45:00+05:30,82.39,82.46,82.16,82.25,3000
2026-08-27T21:00:00+05:30,82.25,82.68,82.24,82.5,3445
2026-08-27T21:15:00+05:30,82.5,82.65,82.41,82.59,2304
2026-08-27T21:30:00+05:30,82.6,82.73,82.51,82.6,2241
2026-08-27T21:45:00+05:30,82.59,82.75,82.44,82.62,1832
2026-08-27T22:00:00+05:30,82.61,82.8,82.6,82.79,2267
2026-08-27T22:15:00+05:30,82.8,82.91,82.69,82.75,2840
2026-08-27T22:30:00+05:30,82.75,82.93,82.7,82.82,2239
2026-08-27T22:45:00+05:30,82.82,82.96,82.76,82.77,1956
2026-08-27T23:00:00+05:30,82.78,83.03,82.66,82.95,2549
2026-08-27T23:15:00+05:30,82.95,84.04,82.91,83.96,9198
2026-08-27T23:30:00+05:30,83.98,84.27,83.84,83.89,9381
2026-08-27T23:45:00+05:30,83.89,83.9,83.43,83.61,10645
2026-08-28T00:00:00+05:30,83.61,83.83,83.55,83.77,2159
2026-08-28T00:15:00+05:30,83.76,83.81,83.68,83.76,1138
2026-08-28T00:30:00+05:30,83.77,83.95,83.65,83.9,2362
2026-08-28T00:45:00+05:30,83.9,84.02,83.75,83.91,1760
2026-08-28T01:00:00+05:30,83.9,83.99,83.82,83.82,850
2026-08-28T01:15:00+05:30,83.84,83.84,83.61,83.63,1236
2026-08-28T01:30:00+05:30,83.63,83.7,83.59,83.59,468
2026-08-28T01:45:00+05:30,83.59,83.65,83.54,83.57,212
2026-08-28T02:00:00+05:30,83.56,83.58,83.48,83.53,552
2026-08-28T02:15:00+05:30,83.51,83.58,83.45,83.54,912
2026-08-28T03:30:00+05:30,83.67,83.78,83.45,83.63,725
2026-08-28T03:45:00+05:30,83.62,83.67,83.48,83.63,315
2026-08-28T04:00:00+05:30,83.63,83.64,83.62,83.62,31
2026-08-28T04:15:00+05:30,83.62,83.63,83.59,83.59,45
2026-08-28T04:30:00+05:30,83.6,83.6,83.57,83.59,58
2026-08-28T04:45:00+05:30,83.59,83.64,83.59,83.64,127
2026-08-28T05:00:00+05:30,83.61,83.63,83.52,83.54,96
2026-08-28T05:15:00+05:30,83.54,83.57,83.48,83.5,110
2026-08-28T05:30:00+05:30,83.49,83.53,83.39,83.43,516
2026-08-28T05:45:00+05:30,83.43,83.47,83.35,83.4,236
2026-08-28T06:00:00+05:30,83.4,83.41,83.29,83.35,289
2026-08-28T06:15:00+05:30,83.36,83.36,83.26,83.27,321
2026-08-28T06:30:00+05:30,83.28,83.48,83.27,83.42,647
2026-08-28T06:45:00+05:30,83.41,83.53,83.22,83.23,627
2026-08-28T07:00:00+05:30,83.22,83.23,83.03,83.12,603
2026-08-28T07:15:00+05:30,83.1,83.18,83.04,83.06,386
2026-08-28T07:30:00+05:30,83.06,83.33,83.05,83.31,545
2026-08-28T07:45:00+05:30,83.31,83.36,83.26,83.36,204
2026-08-28T08:00:00+05:30,83.36,83.46,83.17,83.24,553
2026-08-28T08:15:00+05:30,83.27,83.44,83.1,83.11,545
2026-08-28T08:30:00+05:30,83.09,83.21,83.05,83.19,448
2026-08-28T08:45:00+05:30,83.2,83.25,83.13,83.18,209
2026-08-28T09:00:00+05:30,83.19,83.24,83.11,83.11,200
2026-08-28T09:15:00+05:30,83.12,83.15,83.08,83.1,165
2026-08-28T09:30:00+05:30,83.09,83.14,83.08,83.09,116
2026-08-28T09:45:00+05:30,83.09,83.13,83.05,83.13,281
2026-08-28T10:00:00+05:30,83.13,83.24,83.12,83.23,185
2026-08-28T10:15:00+05:30,83.23,83.28,83.21,83.27,233
2026-08-28T10:30:00+05:30,83.27,83.34,83.23,83.29,326
2026-08-28T10:45:00+05:30,83.28,83.29,83.19,83.22,146
2026-08-28T11:00:00+05:30,83.22,83.26,82.85,83.22,1127
2026-08-28T11:15:00+05:30,83.21,83.24,83.05,83.12,508
2026-08-28T11:30:00+05:30,83.12,83.24,82.94,83.05,664
2026-08-28T11:45:00+05:30,83.05,83.07,82.85,82.96,1284
2026-08-28T12:00:00+05:30,82.97,83.05,82.79,82.83,1598
2026-08-28T12:15:00+05:30,82.82,82.96,82.74,82.88,1053
2026-08-28T12:30:00+05:30,82.88,83.32,82.75,83.01,1810
2026-08-28T12:45:00+05:30,83,83.18,82.83,82.83,1461
2026-08-28T13:00:00+05:30,82.83,82.98,82.67,82.84,1233
2026-08-28T13:15:00+05:30,82.84,83.01,82.82,82.98,884
2026-08-28T13:30:00+05:30,82.99,83.05,82.88,82.94,634
2026-08-28T13:45:00+05:30,82.95,83.25,82.83,83.09,2042
2026-08-28T14:00:00+05:30,83.09,83.2,82.54,82.93,3370
2026-08-28T14:15:00+05:30,82.94,83.32,82.92,83.31,2196
2026-08-28T14:30:00+05:30,83.33,83.5,83.19,83.33,1499
2026-08-28T14:45:00+05:30,83.3,83.36,82.89,83,1279
2026-08-28T15:00:00+05:30,83.01,83.37,82.97,83.06,708
2026-08-28T15:15:00+05:30,83.06,83.21,82.93,83.07,1049
2026-08-28T15:30:00+05:30,83.07,83.23,82.87,83.08,856
2026-08-28T15:45:00+05:30,83.09,83.34,83.06,83.33,718
2026-08-28T16:00:00+05:30,83.34,83.59,83.21,83.57,1366
2026-08-28T16:15:00+05:30,83.6,83.62,83.23,83.26,1234
2026-08-28T16:30:00+05:30,83.26,83.32,83.1,83.12,803
2026-08-28T16:45:00+05:30,83.12,83.25,83,83.08,757
2026-08-28T17:00:00+05:30,83.09,83.17,83.03,83.14,619
2026-08-28T17:15:00+05:30,83.15,83.18,82.86,82.91,1108
2026-08-28T17:30:00+05:30,82.91,83.02,82.77,82.8,1102
2026-08-28T17:45:00+05:30,82.82,82.9,82.66,82.74,1337
2026-08-28T18:00:00+05:30,82.73,82.84,82.62,82.72,1283
2026-08-28T18:15:00+05:30,82.73,82.78,82.44,82.46,2970
2026-08-28T18:30:00+05:30,82.47,82.67,82.25,82.62,4268
2026-08-28T18:45:00+05:30,82.62,82.66,82.37,82.4,1849
2026-08-28T19:00:00+05:30,82.4,82.77,82.38,82.7,3007
2026-08-28T19:15:00+05:30,82.69,82.81,82.39,82.51,2373
2026-08-28T19:30:00+05:30,82.52,82.91,82.32,82.86,4194
2026-08-28T19:45:00+05:30,82.87,82.95,82.77,82.85,1816
2026-08-28T20:00:00+05:30,82.84,83.14,82.82,82.98,2363
2026-08-28T20:15:00+05:30,82.96,83.1,82.68,82.87,2497
2026-08-28T20:30:00+05:30,82.86,83.21,82.82,83.15,2297
2026-08-28T20:45:00+05:30,83.16,83.28,83.06,83.11,2734
2026-08-28T21:00:00+05:30,83.1,83.29,83.07,83.21,2418
2026-08-28T21:15:00+05:30,83.21,83.23,83,83.04,1912
2026-08-28T21:30:00+05:30,83.04,83.22,82.9,83.14,2180
2026-08-28T21:45:00+05:30,83.15,83.28,83.09,83.11,1705
2026-08-28T22:00:00+05:30,83.1,83.48,83.03,83.45,2990
2026-08-28T22:15:00+05:30,83.45,83.55,83.38,83.52,1652
2026-08-28T22:30:00+05:30,83.51,83.71,83.39,83.42,2203
2026-08-28T22:45:00+05:30,83.42,83.43,83.3,83.36,1494
2026-08-28T23:00:00+05:30,83.37,83.47,83.27,83.43,1338
2026-08-28T23:15:00+05:30,83.43,83.57,83.38,83.46,1745
2026-08-28T23:30:00+05:30,83.46,83.47,83.19,83.32,1877
2026-08-28T23:45:00+05:30,83.32,83.56,83.24,83.38,7560
2026-08-29T00:00:00+05:30,83.37,83.39,83.12,83.23,2236
2026-08-29T00:15:00+05:30,83.22,83.23,83.09,83.18,859
2026-08-29T00:30:00+05:30,83.18,83.34,83.17,83.31,1743
2026-08-29T00:45:00+05:30,83.3,83.31,83.23,83.29,461
2026-08-29T01:00:00+05:30,83.31,83.52,83.28,83.45,1156
2026-08-29T01:15:00+05:30,83.46,83.46,83.35,83.39,758
2026-08-29T01:30:00+05:30,83.4,83.46,83.33,83.44,477
2026-08-29T01:45:00+05:30,83.44,83.48,83.41,83.43,206
2026-08-29T02:00:00+05:30,83.43,83.46,83.39,83.39,319
2026-08-29T02:15:00+05:30,83.37,83.46,83.3,83.44,810
2026-08-31T03:30:00+05:30,84.69,85.69,84.53,85.01,5170
2026-08-31T03:45:00+05:30,85,85.14,84.86,84.92,1141
2026-08-31T04:00:00+05:30,84.92,85.06,84.77,84.85,1068
2026-08-31T04:15:00+05:30,84.87,84.95,84.78,84.87,567
2026-08-31T04:30:00+05:30,84.88,84.9,84.76,84.82,441
2026-08-31T04:45:00+05:30,84.81,84.85,84.77,84.84,188
2026-08-31T05:00:00+05:30,84.83,84.84,84.71,84.71,790
2026-08-31T05:15:00+05:30,84.71,84.75,84.44,84.73,1474
2026-08-31T05:30:00+05:30,84.73,84.78,84.51,84.58,500
2026-08-31T05:45:00+05:30,84.56,84.56,84.31,84.37,986
2026-08-31T06:00:00+05:30,84.37,84.42,84.11,84.35,688
2026-08-31T06:15:00+05:30,84.33,84.42,84.29,84.35,300
2026-08-31T06:30:00+05:30,84.35,85.3,84.34,85.05,3060
2026-08-31T06:45:00+05:30,85.07,85.15,84.83,84.9,1217
2026-08-31T07:00:00+05:30,84.86,85.4,84.86,85.29,1573
2026-08-31T07:15:00+05:30,85.29,85.48,85.15,85.19,862
2026-08-31T07:30:00+05:30,85.21,85.59,85.21,85.43,943
2026-08-31T07:45:00+05:30,85.4,85.43,85.2,85.35,1513
2026-08-31T08:00:00+05:30,85.35,85.63,85.33,85.52,1095
2026-08-31T08:15:00+05:30,85.53,85.54,85.02,85.03,1127
2026-08-31T08:30:00+05:30,85.02,85.16,84.88,85.09,757
2026-08-31T08:45:00+05:30,85.07,85.1,84.93,84.98,360
2026-08-31T09:00:00+05:30,85,85.11,84.9,85.08,475
2026-08-31T09:15:00+05:30,85.06,85.12,85.01,85.11,143
2026-08-31T09:30:00+05:30,85.12,85.13,85.02,85.1,208
2026-08-31T09:45:00+05:30,85.09,85.37,85.03,85.35,476
2026-08-31T10:00:00+05:30,85.35,85.39,85.15,85.17,394
2026-08-31T10:15:00+05:30,85.18,85.37,85.13,85.35,507
2026-08-31T10:30:00+05:30,85.34,85.62,85.28,85.49,918
2026-08-31T10:45:00+05:30,85.5,85.83,85.45,85.8,888
2026-08-31T11:00:00+05:30,85.78,86.02,85.7,85.74,1969
2026-08-31T11:15:00+05:30,85.73,85.75,85.52,85.65,640
2026-08-31T11:30:00+05:30,85.65,85.83,85.61,85.69,687
2026-08-31T11:45:00+05:30,85.68,85.73,85.48,85.54,493
2026-08-31T12:00:00+05:30,85.51,85.71,85.51,85.57,514
2026-08-31T12:15:00+05:30,85.55,85.62,85.34,85.35,998
2026-08-31T12:30:00+05:30,85.35,85.42,84.75,84.81,2583
2026-08-31T12:45:00+05:30,84.8,84.84,84.47,84.77,2789
2026-08-31T13:00:00+05:30,84.76,84.97,84.7,84.81,1386
2026-08-31T13:15:00+05:30,84.82,85.46,84.81,85.43,2193
2026-08-31T13:30:00+05:30,85.43,85.57,85.23,85.51,1540
2026-08-31T13:45:00+05:30,85.51,85.74,85.39,85.69,2567
2026-08-31T14:00:00+05:30,85.68,86.53,85.61,86.39,4564
2026-08-31T14:15:00+05:30,86.4,86.47,86.08,86.41,2271
2026-08-31T14:30:00+05:30,86.43,86.48,86.2,86.33,2119
2026-08-31T14:45:00+05:30,86.33,86.58,86.05,86.2,2910
2026-08-31T15:00:00+05:30,86.21,86.31,86.06,86.25,1135
2026-08-31T15:15:00+05:30,86.24,86.63,86.21,86.49,2649
2026-08-31T15:30:00+05:30,86.49,86.69,86.43,86.54,1979
2026-08-31T15:45:00+05:30,86.53,86.79,86.2,86.25,1793
2026-08-31T16:00:00+05:30,86.27,86.45,86.12,86.37,1254
2026-08-31T16:15:00+05:30,86.34,86.48,86.13,86.21,1040
2026-08-31T16:30:00+05:30,86.22,86.4,86.17,86.34,1016
2026-08-31T16:45:00+05:30,86.32,86.56,86.27,86.5,863
2026-08-31T17:00:00+05:30,86.49,86.69,86.43,86.56,1752
2026-08-31T17:15:00+05:30,86.56,86.67,86.33,86.38,1494
2026-08-31T17:30:00+05:30,86.38,86.54,86.07,86.09,3780
2026-08-31T17:45:00+05:30,86.08,86.65,86.04,86.56,4448
2026-08-31T18:00:00+05:30,86.58,86.75,85.93,85.95,4507
2026-08-31T18:15:00+05:30,85.95,86.39,85.92,86.06,2402
2026-08-31T18:30:00+05:30,86.07,86.24,85.48,85.5,6970
2026-08-31T18:45:00+05:30,85.5,85.76,85.38,85.52,4857
2026-08-31T19:00:00+05:30,85.52,86.38,85.46,86.21,6037
2026-08-31T19:15:00+05:30,86.21,86.31,85.96,85.99,3459
2026-08-31T19:30:00+05:30,85.99,86.05,85.44,85.57,3932
2026-08-31T19:45:00+05:30,85.57,85.79,85.49,85.71,2556
2026-08-31T20:00:00+05:30,85.7,85.72,85.27,85.4,3223
2026-08-31T20:15:00+05:30,85.39,85.55,85.17,85.28,2745
2026-08-31T20:30:00+05:30,85.28,85.4,85.11,85.22,3434
2026-08-31T20:45:00+05:30,85.22,85.5,85.19,85.45,2408
2026-08-31T21:00:00+05:30,85.45,85.62,85.23,85.47,3070
2026-08-31T21:15:00+05:30,85.46,85.65,85.32,85.56,1955
2026-08-31T21:30:00+05:30,85.54,85.63,85.37,85.46,1837
2026-08-31T21:45:00+05:30,85.45,85.66,85.43,85.65,1405
2026-08-31T22:00:00+05:30,85.66,85.67,85.3,85.37,1979
2026-08-31T22:15:00+05:30,85.37,85.61,85.28,85.6,1386
2026-08-31T22:30:00+05:30,85.59,85.9,85.59,85.71,2494
2026-08-31T22:45:00+05:30,85.71,85.76,85.61,85.72,1263
2026-08-31T23:00:00+05:30,85.72,85.77,85.53,85.58,1436
2026-08-31T23:15:00+05:30,85.58,85.69,85.49,85.51,2095
2026-08-31T23:30:00+05:30,85.51,85.73,85.45,85.65,2718
2026-08-31T23:45:00+05:30,85.65,85.93,85.59,85.83,5804
2026-09-01T00:00:00+05:30,85.82,86,85.82,85.86,2430
2026-09-01T00:15:00+05:30,85.86,85.9,85.56,85.59,1061
2026-09-01T00:30:00+05:30,85.59,85.85,85.54,85.73,1523
2026-09-01T00:45:00+05:30,85.72,85.79,85.67,85.76,608
2026-09-01T01:00:00+05:30,85.76,86.02,85.76,85.97,1048
2026-09-01T01:15:00+05:30,85.97,86.01,85.8,85.98,1867
2026-09-01T01:30:00+05:30,85.98,86.01,85.89,85.99,544
2026-09-01T01:45:00+05:30,85.99,86.35,85.98,86.3,974
2026-09-01T02:00:00+05:30,86.31,86.38,86.27,86.31,484
2026-09-01T02:15:00+05:30,86.32,86.38,86.27,86.31,777
2026-09-01T03:30:00+05:30,86.31,86.46,86.13,86.26,741
2026-09-01T03:45:00+05:30,86.25,86.29,86.24,86.26,76
2026-09-01T04:00:00+05:30,86.27,86.29,86.22,86.22,32
2026-09-01T04:15:00+05:30,86.21,86.43,86.21,86.41,309
2026-09-01T04:30:00+05:30,86.42,86.49,86.35,86.37,285
2026-09-01T04:45:00+05:30,86.36,86.4,86.3,86.33,167
2026-09-01T05:00:00+05:30,86.35,86.43,86.35,86.35,100
2026-09-01T05:15:00+05:30,86.38,86.46,86.36,86.41,162
2026-09-01T05:30:00+05:30,86.41,86.71,86.41,86.56,1328
2026-09-01T05:45:00+05:30,86.54,86.65,86.52,86.62,386
2026-09-01T06:00:00+05:30,86.62,86.7,86.58,86.59,458
2026-09-01T06:15:00+05:30,86.6,86.72,86.55,86.55,563
2026-09-01T06:30:00+05:30,86.55,86.72,86.4,86.48,1223
2026-09-01T06:45:00+05:30,86.48,86.66,86.48,86.55,494
2026-09-01T07:00:00+05:30,86.56,86.73,86.52,86.55,521
2026-09-01T07:15:00+05:30,86.54,86.55,86.31,86.34,536
2026-09-01T07:30:00+05:30,86.32,86.46,86.3,86.4,222
2026-09-01T07:45:00+05:30,86.4,86.56,86.37,86.45,352
2026-09-01T08:00:00+05:30,86.47,86.77,86.47,86.73,1211
2026-09-01T08:15:00+05:30,86.73,86.82,86.59,86.64,895
2026-09-01T08:30:00+05:30,86.64,86.82,86.63,86.76,631
2026-09-01T08:45:00+05:30,86.76,86.76,86.61,86.68,413
2026-09-01T09:00:00+05:30,86.67,86.71,86.61,86.69,449
2026-09-01T09:15:00+05:30,86.69,86.75,86.64,86.75,240
2026-09-01T09:30:00+05:30,86.75,86.77,86.64,86.71,165
2026-09-01T09:45:00+05:30,86.7,86.79,86.67,86.74,180
2026-09-01T10:00:00+05:30,86.75,87.09,86.74,87.01,1451
2026-09-01T10:15:00+05:30,87.02,87.06,86.91,87,450
2026-09-01T10:30:00+05:30,87.01,87.05,86.9,86.93,353
2026-09-01T10:45:00+05:30,86.93,86.98,86.86,86.92,452
2026-09-01T11:00:00+05:30,86.93,87.07,86.3,86.43,1821
2026-09-01T11:15:00+05:30,86.42,86.47,86.22,86.44,1412
2026-09-01T11:30:00+05:30,86.44,86.77,86.39,86.76,1252
2026-09-01T11:45:00+05:30,86.75,86.75,86.52,86.59,535
2026-09-01T12:00:00+05:30,86.57,86.58,86.3,86.45,905
2026-09-01T12:15:00+05:30,86.44,86.59,86.37,86.53,839
2026-09-01T12:30:00+05:30,86.54,87.04,86.34,86.67,2552
2026-09-01T12:45:00+05:30,86.69,87.17,86.68,87.02,2066
2026-09-01T13:00:00+05:30,87.03,87.11,86.93,87.1,1004
2026-09-01T13:15:00+05:30,87.11,87.24,86.95,86.95,1553
2026-09-01T13:30:00+05:30,86.95,87.59,86.9,87.26,3922
2026-09-01T13:45:00+05:30,87.26,87.58,87.18,87.56,2752
2026-09-01T14:00:00+05:30,87.57,87.98,87.35,87.92,5109
2026-09-01T14:15:00+05:30,87.92,88.09,87.76,88.04,3137
2026-09-01T14:30:00+05:30,88.03,88.03,87.68,87.81,2010
2026-09-01T14:45:00+05:30,87.82,88.06,87.71,88.03,1230
2026-09-01T15:00:00+05:30,88.04,88.13,87.84,87.9,1709
2026-09-01T15:15:00+05:30,87.9,88.1,87.84,87.98,2476
2026-09-01T15:30:00+05:30,87.97,88.11,87.79,87.91,1693
2026-09-01T15:45:00+05:30,87.92,87.94,87.68,87.74,1681
2026-09-01T16:00:00+05:30,87.74,87.82,87.58,87.79,1248
2026-09-01T16:15:00+05:30,87.79,87.94,87.63,87.8,2369
2026-09-01T16:30:00+05:30,87.8,87.99,87.75,87.84,1269
2026-09-01T16:45:00+05:30,87.84,87.85,87.61,87.65,1375
2026-09-01T17:00:00+05:30,87.64,87.69,87.43,87.55,1710
2026-09-01T17:15:00+05:30,87.56,87.88,87.54,87.84,1528
2026-09-01T17:30:00+05:30,87.85,88.02,87.35,87.35,4837
2026-09-01T17:45:00+05:30,87.35,87.92,87.3,87.84,2952
2026-09-01T18:00:00+05:30,87.84,88.22,87.84,88.11,3811
2026-09-01T18:15:00+05:30,88.1,88.13,87.88,87.97,2488
2026-09-01T18:30:00+05:30,87.97,88.38,87.96,88.16,6562
2026-09-01T18:45:00+05:30,88.16,88.41,88.06,88.22,3666
2026-09-01T19:00:00+05:30,88.23,88.44,88.02,88.36,4290
2026-09-01T19:15:00+05:30,88.37,88.53,88.3,88.36,4530
2026-09-01T19:30:00+05:30,88.36,88.38,87.61,87.64,5680
2026-09-01T19:45:00+05:30,87.64,87.75,87.48,87.59,4735
2026-09-01T20:00:00+05:30,87.6,87.95,87.5,87.79,3996
2026-09-01T20:15:00+05:30,87.8,87.96,87.57,87.94,2893
2026-09-01T20:30:00+05:30,87.95,88.11,87.76,87.88,4197
2026-09-01T20:45:00+05:30,87.89,88.22,87.73,87.96,4125
2026-09-01T21:00:00+05:30,87.97,88.25,87.96,88.21,3535
2026-09-01T21:15:00+05:30,88.21,88.38,88.18,88.34,3672
2026-09-01T21:30:00+05:30,88.34,88.97,88.28,88.93,8356
2026-09-01T21:45:00+05:30,88.93,89.9,88.76,89.72,15040
2026-09-01T22:00:00+05:30,89.73,89.95,89.38,89.48,6902
2026-09-01T22:15:00+05:30,89.48,89.62,89.21,89.55,5064
2026-09-01T22:30:00+05:30,89.53,89.75,89.34,89.52,4178
2026-09-01T22:45:00+05:30,89.52,89.93,89.47,89.59,4224
2026-09-01T23:00:00+05:30,89.58,90.13,89.56,89.99,6004
2026-09-01T23:15:00+05:30,90,90.09,89.85,89.88,3403
2026-09-01T23:30:00+05:30,89.89,90.06,89.66,89.93,4310
2026-09-01T23:45:00+05:30,89.92,90.28,89.86,90.28,10382
2026-09-02T00:00:00+05:30,90.28,90.55,90.25,90.43,6368
2026-09-02T00:15:00+05:30,90.42,90.55,90.3,90.51,2446
2026-09-02T00:30:00+05:30,90.51,90.6,90.34,90.38,1272
2026-09-02T00:45:00+05:30,90.38,90.59,90.31,90.57,1270
2026-09-02T01:00:00+05:30,90.57,90.64,90.42,90.55,1452
2026-09-02T01:15:00+05:30,90.55,90.68,90.49,90.64,1333
2026-09-02T01:30:00+05:30,90.64,90.97,90.62,90.93,3968
2026-09-02T01:45:00+05:30,90.93,90.93,90.63,90.75,1655
2026-09-02T02:00:00+05:30,90.73,90.89,90.44,90.53,1869
2026-09-02T02:15:00+05:30,90.54,90.7,90.54,90.68,843
2026-09-02T03:30:00+05:30,90.65,91.01,90.57,90.9,855
2026-09-02T03:45:00+05:30,90.93,90.98,90.82,90.96,417
2026-09-02T04:00:00+05:30,90.96,90.96,90.78,90.8,476
2026-09-02T04:15:00+05:30,90.81,90.86,90.73,90.84,224
2026-09-02T04:30:00+05:30,90.83,90.87,90.77,90.83,205
2026-09-02T04:45:00+05:30,90.83,90.85,90.78,90.79,214
2026-09-02T05:00:00+05:30,90.8,90.82,90.66,90.77,434
2026-09-02T05:15:00+05:30,90.76,90.81,90.73,90.77,288
2026-09-02T05:30:00+05:30,90.77,91.23,90.68,91.02,1948
2026-09-02T05:45:00+05:30,91.02,91.32,90.8,91.14,1500
2026-09-02T06:00:00+05:30,91.14,91.75,91.13,91.63,1965
2026-09-02T06:15:00+05:30,91.63,92.07,91.53,92.05,2407
2026-09-02T06:30:00+05:30,92.06,92.29,91.69,91.75,4474
2026-09-02T06:45:00+05:30,91.77,91.82,91.39,91.72,1968
2026-09-02T07:00:00+05:30,91.69,91.99,91.6,91.93,1148
2026-09-02T07:15:00+05:30,91.94,92,91.26,91.31,2166
2026-09-02T07:30:00+05:30,91.3,91.54,91.03,91.05,1549
2026-09-02T07:45:00+05:30,91.05,91.13,90.85,90.87,1150
2026-09-02T08:00:00+05:30,90.86,90.99,90.81,90.87,1030
2026-09-02T08:15:00+05:30,90.86,90.94,90.72,90.74,1129
2026-09-02T08:30:00+05:30,90.75,90.89,90.64,90.75,947
2026-09-02T08:45:00+05:30,90.75,90.86,90.59,90.7,862
2026-09-02T09:00:00+05:30,90.69,90.77,90.62,90.66,776
2026-09-02T09:15:00+05:30,90.65,90.79,90.59,90.69,517
2026-09-02T09:30:00+05:30,90.7,90.8,90.63,90.76,442
2026-09-02T09:45:00+05:30,90.75,90.78,90.56,90.59,337
2026-09-02T10:00:00+05:30,90.6,90.63,90.45,90.57,483
2026-09-02T10:15:00+05:30,90.56,90.6,90.5,90.54,238
2026-09-02T10:30:00+05:30,90.55,90.83,90.5,90.69,717
2026-09-02T10:45:00+05:30,90.69,90.69,90.47,90.59,564
2026-09-02T11:00:00+05:30,90.59,90.77,90.5,90.63,677
2026-09-02T11:15:00+05:30,90.61,90.82,90.54,90.78,551
2026-09-02T11:30:00+05:30,90.78,90.87,90.64,90.84,935
2026-09-02T11:45:00+05:30,90.84,90.94,90.61,90.94,1077
2026-09-02T12:00:00+05:30,90.95,90.97,90.44,90.71,2415
2026-09-02T12:15:00+05:30,90.7,90.89,90.57,90.62,1180
2026-09-02T12:30:00+05:30,90.61,90.71,90.05,90.23,5271
2026-09-02T12:45:00+05:30,90.24,90.37,90.1,90.22,1969
2026-09-02T13:00:00+05:30,90.23,90.27,89.92,90.07,2501
2026-09-02T13:15:00+05:30,90.06,90.26,89.94,90.15,1860
2026-09-02T13:30:00+05:30,90.13,90.2,89.92,90.09,1733
2026-09-02T13:45:00+05:30,90.09,90.44,89.99,90.23,2837
2026-09-02T14:00:00+05:30,90.23,90.42,90.03,90.33,1610
2026-09-02T14:15:00+05:30,90.33,90.46,90.12,90.22,1341
2026-09-02T14:30:00+05:30,90.22,90.49,90.09,90.47,1151
2026-09-02T14:45:00+05:30,90.46,90.69,90.4,90.45,1457
2026-09-02T15:00:00+05:30,90.46,90.54,90.2,90.35,1024
2026-09-02T15:15:00+05:30,90.34,90.54,90.14,90.53,1303
2026-09-02T15:30:00+05:30,90.53,90.58,90.17,90.18,1137
2026-09-02T15:45:00+05:30,90.17,90.36,90.1,90.33,1320
2026-09-02T16:00:00+05:30,90.34,90.54,90.3,90.43,1201
2026-09-02T16:15:00+05:30,90.43,90.51,90.23,90.23,686
2026-09-02T16:30:00+05:30,90.24,90.42,89.41,89.52,3713
2026-09-02T16:45:00+05:30,89.53,89.84,89.51,89.67,3231
2026-09-02T17:00:00+05:30,89.68,89.72,89.36,89.56,2359
2026-09-02T17:15:00+05:30,89.58,89.65,89.06,89.11,3177
2026-09-02T17:30:00+05:30,89.11,89.34,89.04,89.27,2843
2026-09-02T17:45:00+05:30,89.28,89.71,89.28,89.7,2351
2026-09-02T18:00:00+05:30,89.7,89.7,89.46,89.59,1933
2026-09-02T18:15:00+05:30,89.59,89.94,89.59,89.85,2409
2026-09-02T18:30:00+05:30,89.85,89.87,89.41,89.73,4201
2026-09-02T18:45:00+05:30,89.74,89.86,89.43,89.64,2710
2026-09-02T19:00:00+05:30,89.64,89.77,89.31,89.49,3683
2026-09-02T19:15:00+05:30,89.48,89.72,89.06,89.08,3498
2026-09-02T19:30:00+05:30,89.08,89.72,88.97,89.56,6250
2026-09-02T19:45:00+05:30,89.55,89.97,89.4,89.97,2932
2026-09-02T20:00:00+05:30,89.95,90.17,89.84,90.12,5875
2026-09-02T20:15:00+05:30,90.14,90.57,90.12,90.57,5384
2026-09-02T20:30:00+05:30,90.57,90.85,90.37,90.71,4460
2026-09-02T20:45:00+05:30,90.71,90.86,90.53,90.58,3662
2026-09-02T21:00:00+05:30,90.59,90.91,90.56,90.82,4419
2026-09-02T21:15:00+05:30,90.82,90.98,90.54,90.57,3954
2026-09-02T21:30:00+05:30,90.59,90.83,90.53,90.67,2830
2026-09-02T21:45:00+05:30,90.67,90.94,90.62,90.92,2419
2026-09-02T22:00:00+05:30,90.92,91.19,90.75,91.14,2775
2026-09-02T22:15:00+05:30,91.13,91.15,90.86,90.93,2485
2026-09-02T22:30:00+05:30,90.93,91.21,90.72,91.19,3943
2026-09-02T22:45:00+05:30,91.19,91.2,90.98,91.05,2188
2026-09-02T23:00:00+05:30,91.07,91.3,91.03,91.24,2279
2026-09-02T23:15:00+05:30,91.24,91.24,90.78,90.9,2772
2026-09-02T23:30:00+05:30,90.9,91.48,90.86,91.36,3905
2026-09-02T23:45:00+05:30,91.36,91.41,90.62,90.96,11960
2026-09-03T00:00:00+05:30,90.95,91,90.64,90.72,3109
2026-09-03T00:15:00+05:30,90.72,90.87,90.65,90.85,1442
2026-09-03T00:30:00+05:30,90.85,90.95,90.74,90.84,1363
2026-09-03T00:45:00+05:30,90.84,91.01,90.83,90.92,971
2026-09-03T01:00:00+05:30,90.91,91,90.87,90.95,976
2026-09-03T01:15:00+05:30,90.96,90.99,90.73,90.8,1488
2026-09-03T01:30:00+05:30,90.8,90.8,90.32,90.45,1405
2026-09-03T01:45:00+05:30,90.46,90.76,90.42,90.69,851
2026-09-03T02:00:00+05:30,90.69,90.81,90.57,90.72,347
2026-09-03T02:15:00+05:30,90.72,90.73,90.59,90.63,811
2026-09-03T03:30:00+05:30,90.7,90.77,90.63,90.73,291
2026-09-03T03:45:00+05:30,90.74,90.8,90.73,90.8,161
2026-09-03T04:00:00+05:30,90.8,90.81,90.74,90.75,113
2026-09-03T04:15:00+05:30,90.76,90.77,90.74,90.76,41
2026-09-03T04:30:00+05:30,90.74,90.75,90.68,90.69,97
2026-09-03T04:45:00+05:30,90.7,90.74,90.67,90.71,161
2026-09-03T05:00:00+05:30,90.71,90.71,90.59,90.63,365
2026-09-03T05:15:00+05:30,90.64,90.66,90.55,90.59,216
2026-09-03T05:30:00+05:30,90.6,90.76,90.51,90.68,598
2026-09-03T05:45:00+05:30,90.7,90.89,90.67,90.75,494
2026-09-03T06:00:00+05:30,90.76,90.83,90.69,90.73,192
2026-09-03T06:15:00+05:30,90.74,90.87,90.7,90.76,642
2026-09-03T06:30:00+05:30,90.77,90.83,90.53,90.7,909
2026-09-03T06:45:00+05:30,90.73,91.05,90.72,90.91,701
2026-09-03T07:00:00+05:30,90.91,91.22,90.83,91.21,1285
2026-09-03T07:15:00+05:30,91.19,91.45,91.1,91.38,1699
2026-09-03T07:30:00+05:30,91.39,91.46,91.05,91.06,1106
2026-09-03T07:45:00+05:30,91.09,91.16,90.96,91.11,548
2026-09-03T08:00:00+05:30,91.12,91.31,91.06,91.24,469
2026-09-03T08:15:00+05:30,91.21,91.21,90.92,91.08,874
2026-09-03T08:30:00+05:30,91.05,91.18,91.03,91.05,460
2026-09-03T08:45:00+05:30,91.06,91.15,90.97,91.12,415
2026-09-03T09:00:00+05:30,91.11,91.11,90.94,91,236
2026-09-03T09:15:00+05:30,91.01,91.06,90.88,91.03,287
2026-09-03T09:30:00+05:30,91.03,91.03,90.88,90.91,327
2026-09-03T09:45:00+05:30,90.91,90.91,90.77,90.85,394
2026-09-03T10:00:00+05:30,90.86,90.86,90.66,90.67,696
2026-09-03T10:15:00+05:30,90.68,90.71,90.56,90.57,577
2026-09-03T10:30:00+05:30,90.58,90.64,90.47,90.5,584
2026-09-03T10:45:00+05:30,90.51,90.53,90.19,90.21,1610
2026-09-03T11:00:00+05:30,90.2,90.28,89.85,90.15,2472
2026-09-03T11:15:00+05:30,90.13,90.17,89.85,89.95,1067
2026-09-03T11:30:00+05:30,89.94,90.11,89.89,90.06,994
2026-09-03T11:45:00+05:30,90.06,90.06,89.62,89.95,2269
2026-09-03T12:00:00+05:30,89.96,90.21,89.95,90.06,822
2026-09-03T12:15:00+05:30,90.05,90.19,89.89,90.05,1175
2026-09-03T12:30:00+05:30,90.07,90.28,89.95,90.24,1381
2026-09-03T12:45:00+05:30,90.25,90.59,90.12,90.57,1819
2026-09-03T13:00:00+05:30,90.56,90.74,90.3,90.53,2197
2026-09-03T13:15:00+05:30,90.54,90.59,90.37,90.56,1208
2026-09-03T13:30:00+05:30,90.57,90.73,89.57,90.33,8440
2026-09-03T13:45:00+05:30,90.33,90.77,90.27,90.56,3569
2026-09-03T14:00:00+05:30,90.56,90.93,90.55,90.84,2240
2026-09-03T14:15:00+05:30,90.87,91.35,90.76,91.33,2869
2026-09-03T14:30:00+05:30,91.33,91.68,91.28,91.31,3438
2026-09-03T14:45:00+05:30,91.3,91.63,91.14,91.47,2085
2026-09-03T15:00:00+05:30,91.48,91.75,91.42,91.65,1519
2026-09-03T15:15:00+05:30,91.65,92.57,91.62,92.34,5213
2026-09-03T15:30:00+05:30,92.35,92.68,92.18,92.51,4287
2026-09-03T15:45:00+05:30,92.52,92.97,92.51,92.65,3702
2026-09-03T16:00:00+05:30,92.65,93.14,92.58,92.91,3371
2026-09-03T16:15:00+05:30,92.92,93.11,92.74,92.86,3054
2026-09-03T16:30:00+05:30,92.86,92.86,92.11,92.31,4219
2026-09-03T16:45:00+05:30,92.3,92.63,92.17,92.49,2555
2026-09-03T17:00:00+05:30,92.47,92.93,92.39,92.92,3283
2026-09-03T17:15:00+05:30,92.92,93.08,92.9,93.02,2896
2026-09-03T17:30:00+05:30,93.01,93.06,92.4,92.42,3084
2026-09-03T17:45:00+05:30,92.42,92.43,92,92.08,4005
2026-09-03T18:00:00+05:30,92.08,92.53,91.91,92.47,3939
2026-09-03T18:15:00+05:30,92.47,92.49,91.58,91.8,5646
2026-09-03T18:30:00+05:30,91.81,92.06,91.63,91.69,4820
2026-09-03T18:45:00+05:30,91.69,92,91.55,91.65,2944
2026-09-03T19:00:00+05:30,91.65,91.99,91.53,91.94,3901
2026-09-03T19:15:00+05:30,91.94,92.28,91.68,91.79,4582
2026-09-03T19:30:00+05:30,91.8,92.27,91.71,91.99,3827
2026-09-03T19:45:00+05:30,91.99,92.35,91.99,92.18,2857
2026-09-03T20:00:00+05:30,92.2,92.49,92.06,92.1,3658
2026-09-03T20:15:00+05:30,92.1,92.48,91.79,92.04,4922
2026-09-03T20:30:00+05:30,92.03,92.59,91.89,92.47,4523
2026-09-03T20:45:00+05:30,92.47,92.59,91.94,91.97,4859
2026-09-03T21:00:00+05:30,91.96,91.97,91.39,91.54,8345
2026-09-03T21:15:00+05:30,91.54,91.77,91.08,91.24,5447
2026-09-03T21:30:00+05:30,91.23,91.47,91.05,91.34,3620
2026-09-03T21:45:00+05:30,91.35,91.7,91.17,91.68,3002
2026-09-03T22:00:00+05:30,91.66,91.81,91.37,91.49,3612
2026-09-03T22:15:00+05:30,91.48,91.66,91.32,91.65,2295
2026-09-03T22:30:00+05:30,91.65,92.01,91.57,91.96,2738
2026-09-03T22:45:00+05:30,91.96,92.08,91.75,91.75,2765
2026-09-03T23:00:00+05:30,91.74,91.74,91.36,91.49,2719
2026-09-03T23:15:00+05:30,91.48,91.61,91.28,91.34,1909
2026-09-03T23:30:00+05:30,91.35,91.5,90.93,91.03,3840
2026-09-03T23:45:00+05:30,91.02,91.36,90.86,91.35,8510
2026-09-04T00:00:00+05:30,91.33,91.48,91.29,91.43,1906
2026-09-04T00:15:00+05:30,91.42,91.66,91.33,91.63,1391
2026-09-04T00:30:00+05:30,91.64,91.69,91.51,91.61,978
2026-09-04T00:45:00+05:30,91.61,91.65,91.49,91.49,967
2026-09-04T01:00:00+05:30,91.5,91.5,91.29,91.43,838
2026-09-04T01:15:00+05:30,91.44,91.68,91.44,91.68,1296
2026-09-04T01:30:00+05:30,91.67,91.86,91.64,91.7,864
2026-09-04T01:45:00+05:30,91.69,91.76,91.68,91.7,355
2026-09-04T02:00:00+05:30,91.7,91.77,91.59,91.65,457
2026-09-04T02:15:00+05:30,91.66,91.78,91.63,91.67,459
2026-09-04T03:30:00+05:30,91.67,91.82,91.59,91.76,282
2026-09-04T03:45:00+05:30,91.78,91.8,91.74,91.75,43
2026-09-04T04:00:00+05:30,91.75,91.84,91.72,91.74,201
2026-09-04T04:15:00+05:30,91.74,91.81,91.72,91.81,79
2026-09-04T04:30:00+05:30,91.81,91.87,91.77,91.85,73
2026-09-04T04:45:00+05:30,91.86,91.88,91.79,91.8,97
2026-09-04T05:00:00+05:30,91.8,91.89,91.77,91.86,183
2026-09-04T05:15:00+05:30,91.84,91.84,91.76,91.83,83
2026-09-04T05:30:00+05:30,91.85,91.92,91.58,91.6,574
2026-09-04T05:45:00+05:30,91.6,91.67,91.54,91.56,408
2026-09-04T06:00:00+05:30,91.57,91.61,91.47,91.55,234
2026-09-04T06:15:00+05:30,91.54,91.61,91.4,91.58,261
2026-09-04T06:30:00+05:30,91.58,91.78,91.49,91.73,998
2026-09-04T06:45:00+05:30,91.73,91.92,91.7,91.7,658
2026-09-04T07:00:00+05:30,91.7,92.03,91.69,91.88,704
2026-09-04T07:15:00+05:30,91.88,92.17,91.81,92,1054
2026-09-04T07:30:00+05:30,92.01,92.1,91.81,91.85,660
2026-09-04T07:45:00+05:30,91.84,91.84,91.67,91.71,410
2026-09-04T08:00:00+05:30,91.72,92.04,91.67,92.01,510
2026-09-04T08:15:00+05:30,91.99,92.12,91.78,91.83,458
2026-09-04T08:30:00+05:30,91.82,91.91,91.66,91.77,327
2026-09-04T08:45:00+05:30,91.76,91.98,91.75,91.91,227
2026-09-04T09:00:00+05:30,91.9,92.02,91.86,91.96,178
2026-09-04T09:15:00+05:30,91.95,92.06,91.88,92.04,350
2026-09-04T09:30:00+05:30,92.03,92.13,92.02,92.08,408
2026-09-04T09:45:00+05:30,92.08,92.1,91.85,91.87,306
2026-09-04T10:00:00+05:30,91.86,91.88,91.63,91.69,419
2026-09-04T10:15:00+05:30,91.69,91.7,91.6,91.61,390
2026-09-04T10:30:00+05:30,91.59,91.65,91.43,91.45,505
2026-09-04T10:45:00+05:30,91.45,91.55,91.37,91.4,294
2026-09-04T11:00:00+05:30,91.41,91.56,91.35,91.5,678
2026-09-04T11:15:00+05:30,91.51,91.7,91.31,91.41,609
2026-09-04T11:30:00+05:30,91.4,91.7,91.4,91.48,781
2026-09-04T11:45:00+05:30,91.48,91.48,91.31,91.44,635
2026-09-04T12:00:00+05:30,91.44,91.59,91.33,91.35,710
2026-09-04T12:15:00+05:30,91.33,91.65,91.32,91.42,804
2026-09-04T12:30:00+05:30,91.43,91.69,91.43,91.58,1286
2026-09-04T12:45:00+05:30,91.6,91.75,91.38,91.45,1581
2026-09-04T13:00:00+05:30,91.47,91.52,91.02,91.1,1590
2026-09-04T13:15:00+05:30,91.08,91.08,90.66,90.74,3538
2026-09-04T13:30:00+05:30,90.74,91.03,90.57,90.7,2698
2026-09-04T13:45:00+05:30,90.69,90.8,90.43,90.7,3056
2026-09-04T14:00:00+05:30,90.68,90.94,90.51,90.75,2327
2026-09-04T14:15:00+05:30,90.75,90.79,90.38,90.72,1648
2026-09-04T14:30:00+05:30,90.72,91.04,90.68,90.97,1676
2026-09-04T14:45:00+05:30,90.98,90.99,90.66,90.67,918
2026-09-04T15:00:00+05:30,90.67,90.94,90.61,90.92,711
2026-09-04T15:15:00+05:30,90.9,91.14,90.79,91.12,1337
2026-09-04T15:30:00+05:30,91.11,91.11,90.9,90.97,1073
2026-09-04T15:45:00+05:30,90.97,90.97,90.52,90.62,1652
2026-09-04T16:00:00+05:30,90.61,90.73,90.44,90.57,973
2026-09-04T16:15:00+05:30,90.57,90.58,90.33,90.4,1271
2026-09-04T16:30:00+05:30,90.41,90.68,90.41,90.61,1212
2026-09-04T16:45:00+05:30,90.62,90.79,90.56,90.72,916
2026-09-04T17:00:00+05:30,90.72,90.87,90.67,90.76,1030
2026-09-04T17:15:00+05:30,90.76,90.86,90.61,90.76,1659
2026-09-04T17:30:00+05:30,90.75,90.77,90.38,90.41,2417
2026-09-04T17:45:00+05:30,90.42,90.48,90.26,90.32,1872
2026-09-04T18:00:00+05:30,90.32,90.67,90.26,90.46,4264
2026-09-04T18:15:00+05:30,90.44,90.49,89.86,89.91,5323
2026-09-04T18:30:00+05:30,89.91,90.41,89.89,90.34,6077
2026-09-04T18:45:00+05:30,90.34,90.45,89.91,90.12,3627
2026-09-04T19:00:00+05:30,90.12,90.17,88.86,89.21,11963
2026-09-04T19:15:00+05:30,89.21,89.31,88.72,89.02,6901
2026-09-04T19:30:00+05:30,89.03,89.64,89.02,89.21,7776
2026-09-04T19:45:00+05:30,89.21,89.71,89.18,89.63,4826
2026-09-04T20:00:00+05:30,89.63,90.36,89.62,90.29,6021
2026-09-04T20:15:00+05:30,90.28,90.91,90.22,90.88,6593
2026-09-04T20:30:00+05:30,90.88,90.99,90.16,90.34,5328
2026-09-04T20:45:00+05:30,90.34,90.67,90.32,90.64,3694
2026-09-04T21:00:00+05:30,90.64,90.89,90.56,90.77,3915
2026-09-04T21:15:00+05:30,90.77,91.14,90.71,90.97,4695
2026-09-04T21:30:00+05:30,90.97,91.06,90.69,90.75,2591
2026-09-04T21:45:00+05:30,90.75,90.77,90.5,90.6,1962
2026-09-04T22:00:00+05:30,90.61,90.83,90.54,90.79,1839
2026-09-04T22:15:00+05:30,90.81,91.21,90.65,91.17,3938
2026-09-04T22:30:00+05:30,91.18,91.34,90.69,90.73,4385
2026-09-04T22:45:00+05:30,90.72,90.99,90.67,90.98,2108
2026-09-04T23:00:00+05:30,90.99,91.08,90.84,90.94,1817
2026-09-04T23:15:00+05:30,90.94,91.06,90.82,90.82,1821
2026-09-04T23:30:00+05:30,90.82,91.14,90.77,91.04,2593
2026-09-04T23:45:00+05:30,91.04,91.61,91,91.5,8830
2026-09-05T00:00:00+05:30,91.5,91.78,91.37,91.65,4401
2026-09-05T00:15:00+05:30,91.65,91.73,91.5,91.51,1155
2026-09-05T00:30:00+05:30,91.51,91.53,91.36,91.42,714
2026-09-05T00:45:00+05:30,91.41,91.53,91.41,91.49,582
2026-09-05T01:00:00+05:30,91.5,91.53,91.31,91.33,509
2026-09-05T01:15:00+05:30,91.34,91.43,91.26,91.36,1946
2026-09-05T01:30:00+05:30,91.36,91.48,91.31,91.32,451
2026-09-05T01:45:00+05:30,91.32,91.37,91.23,91.24,302
2026-09-05T02:00:00+05:30,91.25,91.33,91.13,91.27,355
2026-09-05T02:15:00+05:30,91.28,91.33,91.11,91.22,834
2026-09-07T03:30:00+05:30,92.26,92.57,91.72,92.16,2481
2026-09-07T03:45:00+05:30,92.18,92.3,92.11,92.26,394
2026-09-07T04:00:00+05:30,92.26,92.28,92.13,92.14,223
2026-09-07T04:15:00+05:30,92.12,92.13,91.92,92.04,367
2026-09-07T04:30:00+05:30,92.04,92.07,91.91,91.94,235
2026-09-07T04:45:00+05:30,91.94,92.22,91.93,92.13,507
2026-09-07T05:00:00+05:30,92.15,92.22,92.13,92.16,165
2026-09-07T05:15:00+05:30,92.16,92.2,92.08,92.09,244
2026-09-07T05:30:00+05:30,92.09,92.22,91.88,91.93,663
2026-09-07T05:45:00+05:30,91.93,91.93,91.77,91.8,558
2026-09-07T06:00:00+05:30,91.81,91.97,91.65,91.95,545
2026-09-07T06:15:00+05:30,91.95,92.01,91.84,91.98,608
2026-09-07T06:30:00+05:30,91.98,92.28,91.58,91.93,1791
2026-09-07T06:45:00+05:30,91.92,92.12,91.9,91.99,548
2026-09-07T07:00:00+05:30,92,92,91.84,91.88,272
2026-09-07T07:15:00+05:30,91.86,92,91.74,91.89,452
2026-09-07T07:30:00+05:30,91.9,92.15,91.9,92.12,372
2026-09-07T07:45:00+05:30,92.13,92.19,92.02,92.08,285
2026-09-07T08:00:00+05:30,92.07,92.18,91.96,92.14,445
2026-09-07T08:15:00+05:30,92.15,92.18,91.99,92.05,150
2026-09-07T08:30:00+05:30,92.08,92.26,92.06,92.25,268
2026-09-07T08:45:00+05:30,92.23,92.27,92.02,92.09,253
2026-09-07T09:00:00+05:30,92.09,92.31,92.05,92.26,454
2026-09-07T09:15:00+05:30,92.26,92.4,92.24,92.38,357
2026-09-07T09:30:00+05:30,92.37,92.43,92.23,92.26,419
2026-09-07T09:45:00+05:30,92.25,92.41,92.22,92.35,419
2026-09-07T10:00:00+05:30,92.36,92.56,92.34,92.55,494
2026-09-07T10:15:00+05:30,92.56,92.6,92.43,92.46,714
2026-09-07T10:30:00+05:30,92.47,92.54,92.4,92.44,281
2026-09-07T10:45:00+05:30,92.43,92.56,92.43,92.55,220
2026-09-07T11:00:00+05:30,92.54,92.81,92.45,92.7,1035
2026-09-07T11:15:00+05:30,92.7,93.04,92.63,92.88,1098
2026-09-07T11:30:00+05:30,92.89,92.93,92.7,92.79,1197
2026-09-07T11:45:00+05:30,92.78,92.8,92.54,92.66,790
2026-09-07T12:00:00+05:30,92.65,92.7,92.25,92.35,970
2026-09-07T12:15:00+05:30,92.36,92.45,92.26,92.41,552
2026-09-07T12:30:00+05:30,92.4,92.58,91.9,91.99,1670
2026-09-07T12:45:00+05:30,91.98,92.18,91.91,92.13,1055
2026-09-07T13:00:00+05:30,92.14,92.2,91.77,91.87,1346
2026-09-07T13:15:00+05:30,91.86,91.96,91.44,91.47,2277
2026-09-07T13:30:00+05:30,91.46,91.51,91.07,91.18,2705
2026-09-07T13:45:00+05:30,91.15,91.2,90.87,91.01,2820
2026-09-07T14:00:00+05:30,90.99,91.35,90.9,91.31,1690
2026-09-07T14:15:00+05:30,91.31,91.52,91.31,91.4,1146
2026-09-07T14:30:00+05:30,91.39,91.64,91.29,91.49,1125
2026-09-07T14:45:00+05:30,91.5,91.58,91.38,91.56,508
2026-09-07T15:00:00+05:30,91.56,91.68,91.43,91.56,903
2026-09-07T15:15:00+05:30,91.57,91.7,91.52,91.68,477
2026-09-07T15:30:00+05:30,91.69,91.69,91.37,91.52,1039
2026-09-07T15:45:00+05:30,91.53,91.64,91.4,91.49,497
2026-09-07T16:00:00+05:30,91.49,91.73,91.38,91.7,686
2026-09-07T16:15:00+05:30,91.71,92.29,91.61,92.13,2397
2026-09-07T16:30:00+05:30,92.16,92.28,92.06,92.25,1520
2026-09-07T16:45:00+05:30,92.26,92.3,92.13,92.25,878
2026-09-07T17:00:00+05:30,92.26,92.37,92.23,92.26,821
2026-09-07T17:15:00+05:30,92.26,92.39,92.16,92.26,569
2026-09-07T17:30:00+05:30,92.24,92.42,92.18,92.39,636
2026-09-07T17:45:00+05:30,92.39,92.43,92.17,92.38,1052
2026-09-07T18:00:00+05:30,92.39,92.52,92.22,92.38,1235
2026-09-07T18:15:00+05:30,92.4,92.43,92.18,92.28,986
2026-09-07T18:30:00+05:30,92.27,92.65,92.17,92.28,2449
2026-09-07T18:45:00+05:30,92.29,92.36,92.07,92.3,1734
2026-09-07T19:00:00+05:30,92.32,92.6,92.17,92.43,1580
2026-09-07T19:15:00+05:30,92.43,92.68,92.34,92.58,1332
2026-09-07T19:30:00+05:30,92.57,92.82,92.51,92.82,2150
2026-09-07T19:45:00+05:30,92.82,92.85,92.55,92.69,1614
2026-09-07T20:00:00+05:30,92.7,92.82,92.6,92.64,1468
2026-09-07T20:15:00+05:30,92.64,92.99,92.64,92.95,2120
2026-09-07T20:30:00+05:30,92.96,93.29,92.9,92.96,4018
2026-09-07T20:45:00+05:30,92.97,93.14,92.84,93.05,1849
2026-09-07T21:00:00+05:30,93.04,93.24,92.87,92.87,1770
2026-09-07T21:15:00+05:30,92.86,93.15,92.77,93.05,1103
2026-09-07T21:30:00+05:30,93.05,93.19,92.74,92.77,1773
2026-09-07T21:45:00+05:30,92.77,92.82,92.52,92.68,1583
2026-09-07T22:00:00+05:30,92.68,92.78,92.56,92.57,807
2026-09-07T22:15:00+05:30,92.58,92.62,92.46,92.47,674
2026-09-07T22:30:00+05:30,92.47,92.59,92.33,92.52,653
2026-09-07T22:45:00+05:30,92.52,92.78,92.52,92.74,706
2026-09-07T23:00:00+05:30,92.75,92.77,92.65,92.67,230
2026-09-07T23:15:00+05:30,92.65,92.8,92.65,92.72,207
2026-09-07T23:30:00+05:30,92.75,92.8,92.61,92.66,346
2026-09-07T23:45:00+05:30,92.67,92.73,92.55,92.7,356
2026-09-08T03:30:00+05:30,92.69,92.7,92.45,92.6,453
2026-09-08T03:45:00+05:30,92.61,92.71,92.61,92.68,147
2026-09-08T04:00:00+05:30,92.66,92.68,92.61,92.61,55
2026-09-08T04:15:00+05:30,92.61,92.66,92.6,92.64,63
2026-09-08T04:30:00+05:30,92.62,92.65,92.56,92.62,231
2026-09-08T04:45:00+05:30,92.62,92.84,92.57,92.61,441
2026-09-08T05:00:00+05:30,92.61,92.61,92.52,92.53,98
2026-09-08T05:15:00+05:30,92.53,92.56,92.46,92.52,171
2026-09-08T05:30:00+05:30,92.51,92.67,92.39,92.49,907
2026-09-08T05:45:00+05:30,92.5,92.56,92.22,92.25,754
2026-09-08T06:00:00+05:30,92.25,92.4,92.12,92.4,623
2026-09-08T06:15:00+05:30,92.39,92.42,92.3,92.4,428
2026-09-08T06:30:00+05:30,92.39,92.62,92.29,92.42,1050
2026-09-08T06:45:00+05:30,92.42,92.58,92.33,92.35,388
2026-09-08T07:00:00+05:30,92.37,92.54,92.28,92.45,656
2026-09-08T07:15:00+05:30,92.46,92.47,92.29,92.36,346
2026-09-08T07:30:00+05:30,92.36,92.45,92.29,92.39,348
2026-09-08T07:45:00+05:30,92.36,92.52,92.36,92.49,246
2026-09-08T08:00:00+05:30,92.48,92.61,92.48,92.49,645
2026-09-08T08:15:00+05:30,92.48,92.79,92.38,92.77,629
2026-09-08T08:30:00+05:30,92.76,92.82,92.67,92.77,467
2026-09-08T08:45:00+05:30,92.78,92.93,92.78,92.87,551
2026-09-08T09:00:00+05:30,92.87,93.04,92.87,93.01,671
2026-09-08T09:15:00+05:30,93.04,93.06,92.85,92.86,358
2026-09-08T09:30:00+05:30,92.89,92.98,92.86,92.94,442
2026-09-08T09:45:00+05:30,92.95,93.06,92.94,93.02,455
2026-09-08T10:00:00+05:30,93.02,93.08,92.98,93.06,329
2026-09-08T10:15:00+05:30,93.07,93.19,93.03,93.06,641
2026-09-08T10:30:00+05:30,93.07,93.15,92.97,93.15,423
2026-09-08T10:45:00+05:30,93.14,93.33,93.13,93.3,803
2026-09-08T11:00:00+05:30,93.3,93.61,93.25,93.38,1990
2026-09-08T11:15:00+05:30,93.39,93.77,93.37,93.6,1756
2026-09-08T11:30:00+05:30,93.61,93.85,93.59,93.75,1516
2026-09-08T11:45:00+05:30,93.75,94.21,93.61,93.71,3156
2026-09-08T12:00:00+05:30,93.71,93.95,93.66,93.92,978
2026-09-08T12:15:00+05:30,93.93,94.2,93.89,94.08,1630
2026-09-08T12:30:00+05:30,94.09,94.21,93.84,94.2,2508
2026-09-08T12:45:00+05:30,94.2,94.27,94.05,94.23,2167
2026-09-08T13:00:00+05:30,94.23,94.37,94.14,94.24,1796
2026-09-08T13:15:00+05:30,94.26,94.6,94.26,94.45,2324
2026-09-08T13:30:00+05:30,94.45,94.54,94.32,94.4,3490
2026-09-08T13:45:00+05:30,94.41,94.69,94.19,94.63,4251
2026-09-08T14:00:00+05:30,94.62,94.73,94.32,94.52,2633
2026-09-08T14:15:00+05:30,94.52,94.67,94.16,94.44,2938
2026-09-08T14:30:00+05:30,94.44,94.64,94.23,94.33,1866
2026-09-08T14:45:00+05:30,94.34,94.42,94.07,94.13,2117
2026-09-08T15:00:00+05:30,94.14,94.19,93.6,93.73,3402
2026-09-08T15:15:00+05:30,93.73,93.82,93.56,93.62,2585
2026-09-08T15:30:00+05:30,93.62,94.09,93.56,94.03,2307
2026-09-08T15:45:00+05:30,94.03,94.06,93.45,93.73,4191
2026-09-08T16:00:00+05:30,93.72,94,93.69,93.98,1487
2026-09-08T16:15:00+05:30,93.99,94.01,93.83,93.92,1394
2026-09-08T16:30:00+05:30,93.93,94.07,93.61,93.87,2639
2026-09-08T16:45:00+05:30,93.88,93.88,93.67,93.79,1382
2026-09-08T17:00:00+05:30,93.79,94.01,93.79,93.84,1245
2026-09-08T17:15:00+05:30,93.84,93.98,93.68,93.7,1739
2026-09-08T17:30:00+05:30,93.7,93.92,93.64,93.86,1442
2026-09-08T17:45:00+05:30,93.85,93.99,93.45,93.47,2480
2026-09-08T18:00:00+05:30,93.46,93.57,93,93.01,5927
2026-09-08T18:15:00+05:30,93.01,93.23,92.65,92.68,5770
2026-09-08T18:30:00+05:30,92.68,92.81,92.39,92.53,7900
2026-09-08T18:45:00+05:30,92.53,93.09,92.51,93.05,5132
2026-09-08T19:00:00+05:30,93.05,93.46,93.04,93.35,4973
2026-09-08T19:15:00+05:30,93.35,93.45,93.09,93.34,3740
2026-09-08T19:30:00+05:30,93.33,93.47,93.18,93.47,4212
2026-09-08T19:45:00+05:30,93.48,93.52,93.26,93.27,3066
2026-09-08T20:00:00+05:30,93.27,93.35,92.89,93.02,3651
2026-09-08T20:15:00+05:30,93.02,93.12,92.62,92.74,4023
2026-09-08T20:30:00+05:30,92.75,93,92.61,92.87,3716
2026-09-08T20:45:00+05:30,92.88,93.15,92.68,92.99,3904
2026-09-08T21:00:00+05:30,92.99,93,92.29,92.37,6147
2026-09-08T21:15:00+05:30,92.37,92.49,92.2,92.36,3956
2026-09-08T21:30:00+05:30,92.37,92.39,92.03,92.04,4219
2026-09-08T21:45:00+05:30,92.04,92.44,92.02,92.15,3540
2026-09-08T22:00:00+05:30,92.15,92.32,91.95,92.13,4090
2026-09-08T22:15:00+05:30,92.1,92.77,92.08,92.45,9065
2026-09-08T22:30:00+05:30,92.43,92.45,91.82,92.08,7321
2026-09-08T22:45:00+05:30,92.07,92.29,91.96,92.07,2291
2026-09-08T23:00:00+05:30,92.07,92.17,92.02,92.14,1412
2026-09-08T23:15:00+05:30,92.15,92.4,92.12,92.2,3763
2026-09-08T23:30:00+05:30,92.19,92.48,92.18,92.39,2429
2026-09-08T23:45:00+05:30,92.37,93.11,92.22,93.02,12430
2026-09-09T00:00:00+05:30,93,93.08,92.74,92.83,2562
2026-09-09T00:15:00+05:30,92.84,93.93,92.76,93.59,10365
2026-09-09T00:30:00+05:30,93.6,93.67,93.39,93.53,2472
2026-09-09T00:45:00+05:30,93.54,93.67,93.43,93.51,1319
2026-09-09T01:00:00+05:30,93.53,93.55,93.17,93.29,1850
2026-09-09T01:15:00+05:30,93.29,93.99,93.27,93.83,4954
2026-09-09T01:30:00+05:30,93.81,94.15,93.8,94.05,2273
2026-09-09T01:45:00+05:30,94.04,94.34,93.93,94.16,1742
2026-09-09T02:00:00+05:30,94.18,94.36,94.06,94.08,1300
2026-09-09T02:15:00+05:30,94.08,94.32,94.01,94.25,1106
2026-09-09T03:30:00+05:30,94.31,94.44,94.15,94.37,825
2026-09-09T03:45:00+05:30,94.36,94.47,94.19,94.19,488
2026-09-09T04:00:00+05:30,94.17,94.28,94.17,94.24,291
2026-09-09T04:15:00+05:30,94.24,94.24,94.15,94.2,196
2026-09-09T04:30:00+05:30,94.21,94.31,94.2,94.28,133
2026-09-09T04:45:00+05:30,94.29,94.37,94.29,94.32,218
2026-09-09T05:00:00+05:30,94.36,94.54,94.34,94.53,380
2026-09-09T05:15:00+05:30,94.54,94.78,94.54,94.61,796
2026-09-09T05:30:00+05:30,94.59,94.66,94.33,94.45,1298
2026-09-09T05:45:00+05:30,94.46,94.73,94.45,94.5,820
2026-09-09T06:00:00+05:30,94.5,94.68,94.5,94.62,338
2026-09-09T06:15:00+05:30,94.64,94.69,94.49,94.52,633
2026-09-09T06:30:00+05:30,94.54,94.78,94.39,94.47,2007
2026-09-09T06:45:00+05:30,94.48,94.57,94.26,94.51,985
2026-09-09T07:00:00+05:30,94.52,94.57,94.39,94.4,530
2026-09-09T07:15:00+05:30,94.39,94.42,94.25,94.34,575
2026-09-09T07:30:00+05:30,94.33,94.52,94.3,94.42,492
2026-09-09T07:45:00+05:30,94.43,94.47,94.19,94.22,654
2026-09-09T08:00:00+05:30,94.22,94.46,94.21,94.35,513
2026-09-09T08:15:00+05:30,94.35,94.4,94.24,94.37,337
2026-09-09T08:30:00+05:30,94.36,94.68,94.34,94.56,929
2026-09-09T08:45:00+05:30,94.55,94.65,94.37,94.42,472
2026-09-09T09:00:00+05:30,94.41,94.48,94.19,94.25,1311
2026-09-09T09:15:00+05:30,94.24,94.26,94.13,94.17,443
2026-09-09T09:30:00+05:30,94.17,94.27,94.14,94.18,340
2026-09-09T09:45:00+05:30,94.18,94.19,94.01,94.01,516
2026-09-09T10:00:00+05:30,94.02,94.1,93.97,94.09,348
2026-09-09T10:15:00+05:30,94.1,94.1,93.99,93.99,403
2026-09-09T10:30:00+05:30,94,94.06,93.88,93.97,463
2026-09-09T10:45:00+05:30,93.97,94,93.89,93.94,264
2026-09-09T11:00:00+05:30,93.92,94.03,93.76,93.89,855
2026-09-09T11:15:00+05:30,93.88,93.96,93.78,93.84,454
2026-09-09T11:30:00+05:30,93.84,94.15,93.83,94.07,946
2026-09-09T11:45:00+05:30,94.07,94.38,94.07,94.33,1196
2026-09-09T12:00:00+05:30,94.32,94.47,94.24,94.45,1195
2026-09-09T12:15:00+05:30,94.44,94.49,94.22,94.22,726
2026-09-09T12:30:00+05:30,94.23,94.42,94.13,94.38,1181
2026-09-09T12:45:00+05:30,94.38,94.85,94.36,94.57,2829
2026-09-09T13:00:00+05:30,94.57,94.71,94.09,94.25,2722
2026-09-09T13:15:00+05:30,94.25,94.54,94.23,94.47,1289
2026-09-09T13:30:00+05:30,94.47,94.63,94.16,94.28,2302
2026-09-09T13:45:00+05:30,94.28,94.36,94.11,94.3,2291
2026-09-09T14:00:00+05:30,94.31,94.89,94.31,94.85,2810
2026-09-09T14:15:00+05:30,94.85,94.85,94.53,94.69,1346
2026-09-09T14:30:00+05:30,94.7,95.06,94.7,94.75,3759
2026-09-09T14:45:00+05:30,94.76,95.08,94.75,95.04,2357
2026-09-09T15:00:00+05:30,95.05,95.18,94.82,95.09,2522
2026-09-09T15:15:00+05:30,95.11,95.57,95.02,95.44,4393
2026-09-09T15:30:00+05:30,95.45,95.56,95.09,95.18,2626
2026-09-09T15:45:00+05:30,95.17,95.3,95.06,95.23,1282
2026-09-09T16:00:00+05:30,95.25,95.39,95.11,95.23,1124
2026-09-09T16:15:00+05:30,95.24,95.28,94.81,94.92,2452
2026-09-09T16:30:00+05:30,94.91,95.07,94.85,95.01,1322
2026-09-09T16:45:00+05:30,95.01,95.39,95,95.35,2466
2026-09-09T17:00:00+05:30,95.34,95.65,95.32,95.6,2944
2026-09-09T17:15:00+05:30,95.6,95.61,94.89,95.52,7117
2026-09-09T17:30:00+05:30,95.52,95.8,95.4,95.71,3399
2026-09-09T17:45:00+05:30,95.7,95.94,95.55,95.94,3621
2026-09-09T18:00:00+05:30,95.94,95.98,95.76,95.83,3078
2026-09-09T18:15:00+05:30,95.83,95.91,95.7,95.9,2405
2026-09-09T18:30:00+05:30,95.9,96.05,95.45,95.75,5871
2026-09-09T18:45:00+05:30,95.74,95.99,95.61,95.88,4935
2026-09-09T19:00:00+05:30,95.88,96.1,95.6,95.71,5277
2026-09-09T19:15:00+05:30,95.73,95.87,95.55,95.73,3043
2026-09-09T19:30:00+05:30,95.72,95.88,95.57,95.6,3885
2026-09-09T19:45:00+05:30,95.59,96.43,95.57,95.9,10142
2026-09-09T20:00:00+05:30,95.9,96.14,95.86,96.14,4592
2026-09-09T20:15:00+05:30,96.14,96.35,96.08,96.23,3591
2026-09-09T20:30:00+05:30,96.24,96.53,96.18,96.52,4298
2026-09-09T20:45:00+05:30,96.52,96.68,96.34,96.5,5014
2026-09-09T21:00:00+05:30,96.51,96.62,96.2,96.46,5266
2026-09-09T21:15:00+05:30,96.45,96.52,96.29,96.51,2966
2026-09-09T21:30:00+05:30,96.52,96.82,96.35,96.46,5392
2026-09-09T21:45:00+05:30,96.47,96.48,96.08,96.25,4296
2026-09-09T22:00:00+05:30,96.25,96.33,95.65,95.75,6243
2026-09-09T22:15:00+05:30,95.75,95.82,95.54,95.55,3081
2026-09-09T22:30:00+05:30,95.55,95.57,95.2,95.27,4285
2026-09-09T22:45:00+05:30,95.26,95.66,95.15,95.66,3623
2026-09-09T23:00:00+05:30,95.65,95.93,95.62,95.68,4418
2026-09-09T23:15:00+05:30,95.67,96.01,95.62,95.98,2738
2026-09-09T23:30:00+05:30,95.98,96.22,95.82,96.12,4050
2026-09-09T23:45:00+05:30,96.13,96.22,95.8,96.07,8772
2026-09-10T00:00:00+05:30,96.07,96.32,95.79,96.32,5698
2026-09-10T00:15:00+05:30,96.31,96.58,96.27,96.58,3758
2026-09-10T00:30:00+05:30,96.57,96.57,96.36,96.39,1461
2026-09-10T00:45:00+05:30,96.39,96.43,96.27,96.33,786
2026-09-10T01:00:00+05:30,96.33,96.48,96.27,96.47,807
2026-09-10T01:15:00+05:30,96.47,96.68,96.45,96.66,1086
2026-09-10T01:30:00+05:30,96.66,96.93,96.64,96.88,1410
2026-09-10T01:45:00+05:30,96.86,96.87,96.73,96.74,619
2026-09-10T02:00:00+05:30,96.73,96.75,96.59,96.64,715
2026-09-10T02:15:00+05:30,96.65,96.74,96.62,96.67,792
2026-09-10T03:30:00+05:30,96.88,97.79,96.79,97.21,2481
2026-09-10T03:45:00+05:30,97.22,97.22,96.94,97.02,610
2026-09-10T04:00:00+05:30,97.02,97.14,96.93,96.93,304
2026-09-10T04:15:00+05:30,96.95,97.07,96.93,96.97,234
2026-09-10T04:30:00+05:30,96.96,97.14,96.93,97.14,193
2026-09-10T04:45:00+05:30,97.13,97.2,97.09,97.09,210
2026-09-10T05:00:00+05:30,97.08,97.2,97.07,97.15,197
2026-09-10T05:15:00+05:30,97.16,97.19,97,97.02,258
2026-09-10T05:30:00+05:30,97.02,97.1,96.71,96.77,961
2026-09-10T05:45:00+05:30,96.75,96.78,96.51,96.69,916
2026-09-10T06:00:00+05:30,96.7,96.73,96.53,96.57,508
2026-09-10T06:15:00+05:30,96.57,96.72,96.41,96.42,1334
2026-09-10T06:30:00+05:30,96.42,96.73,96.42,96.55,886
2026-09-10T06:45:00+05:30,96.54,96.92,96.54,96.79,996
2026-09-10T07:00:00+05:30,96.8,96.88,96.66,96.78,617
2026-09-10T07:15:00+05:30,96.79,96.8,96.26,96.44,1128
2026-09-10T07:30:00+05:30,96.43,96.48,96.24,96.39,563
2026-09-10T07:45:00+05:30,96.38,96.51,96.37,96.44,281
2026-09-10T08:00:00+05:30,96.45,96.51,96.14,96.23,741
2026-09-10T08:15:00+05:30,96.22,96.3,96.11,96.21,702
2026-09-10T08:30:00+05:30,96.22,96.22,95.94,96.09,996
2026-09-10T08:45:00+05:30,96.07,96.12,95.98,96.08,575
2026-09-10T09:00:00+05:30,96.08,96.19,95.99,96.14,594
2026-09-10T09:15:00+05:30,96.15,96.15,96.04,96.06,352
2026-09-10T09:30:00+05:30,96.06,96.19,96.06,96.08,383
2026-09-10T09:45:00+05:30,96.08,96.18,96.07,96.12,180
2026-09-10T10:00:00+05:30,96.13,96.19,96.08,96.18,156
2026-09-10T10:15:00+05:30,96.18,96.2,96.08,96.08,261
2026-09-10T10:30:00+05:30,96.09,96.19,95.91,95.94,497
2026-09-10T10:45:00+05:30,95.95,96.07,95.8,95.81,604
2026-09-10T11:00:00+05:30,95.83,95.83,95.4,95.69,2335
2026-09-10T11:15:00+05:30,95.64,95.78,95.48,95.59,1056
2026-09-10T11:30:00+05:30,95.56,95.68,95.4,95.52,870
2026-09-10T11:45:00+05:30,95.52,95.64,95.37,95.43,946
2026-09-10T12:00:00+05:30,95.43,95.59,95.39,95.52,790
2026-09-10T12:15:00+05:30,95.5,95.8,95.42,95.68,1909
2026-09-10T12:30:00+05:30,95.68,95.92,95.63,95.89,1488
2026-09-10T12:45:00+05:30,95.89,96.29,95.78,96.27,2009
2026-09-10T13:00:00+05:30,96.26,96.43,96.17,96.23,1962
2026-09-10T13:15:00+05:30,96.23,96.35,96.18,96.28,963
2026-09-10T13:30:00+05:30,96.3,96.6,96.23,96.53,1954
2026-09-10T13:45:00+05:30,96.54,96.77,96.48,96.61,2645
2026-09-10T14:00:00+05:30,96.61,97.02,96.58,96.97,3087
2026-09-10T14:15:00+05:30,96.97,97.51,96.89,97.45,3136
2026-09-10T14:30:00+05:30,97.46,97.47,97.05,97.21,2182
2026-09-10T14:45:00+05:30,97.21,97.62,97.15,97.61,1719
2026-09-10T15:00:00+05:30,97.61,97.84,97.58,97.58,2101
2026-09-10T15:15:00+05:30,97.58,97.78,97.49,97.67,2032
2026-09-10T15:30:00+05:30,97.67,97.67,97.35,97.47,1913
2026-09-10T15:45:00+05:30,97.49,97.53,97.21,97.35,1708
2026-09-10T16:00:00+05:30,97.35,97.51,96.91,97.02,2020
2026-09-10T16:15:00+05:30,97.02,97.29,96.65,97.23,4630
2026-09-10T16:30:00+05:30,97.22,97.76,97.21,97.53,3289
2026-09-10T16:45:00+05:30,97.52,97.62,97.33,97.47,1399
2026-09-10T17:00:00+05:30,97.47,97.5,97.12,97.42,1990
2026-09-10T17:15:00+05:30,97.44,98.59,97.38,98.58,6467
2026-09-10T17:30:00+05:30,98.57,99.28,98.41,99.25,8091
2026-09-10T17:45:00+05:30,99.23,99.9,98.81,99.89,7008
2026-09-10T18:00:00+05:30,99.88,100.88,99.69,100.51,11583
2026-09-10T18:15:00+05:30,100.51,100.64,99.97,100.07,9887
2026-09-10T18:30:00+05:30,100.06,100.29,99.49,100.25,11935
2026-09-10T18:45:00+05:30,100.24,100.28,99.92,100.01,5863
2026-09-10T19:00:00+05:30,100.01,100.03,99.33,99.49,6876
2026-09-10T19:15:00+05:30,99.49,99.54,99.17,99.29,6813
2026-09-10T19:30:00+05:30,99.3,99.66,99.15,99.61,5077
2026-09-10T19:45:00+05:30,99.6,99.7,98.57,98.98,10462
2026-09-10T20:00:00+05:30,98.98,99.77,98.94,99.65,5123
2026-09-10T20:15:00+05:30,99.68,100.09,99.64,99.77,5412
2026-09-10T20:30:00+05:30,99.76,100.2,99.72,100.08,4617
2026-09-10T20:45:00+05:30,100.1,100.54,100.03,100.35,6800
2026-09-10T21:00:00+05:30,100.35,100.91,100.24,100.74,7850
2026-09-10T21:15:00+05:30,100.74,101.73,100.73,101.67,9239
2026-09-10T21:30:00+05:30,101.64,101.89,101.21,101.87,8287
2026-09-10T21:45:00+05:30,101.87,102.07,101.53,101.64,6725
2026-09-10T22:00:00+05:30,101.64,102.6,101.37,101.38,9168
2026-09-10T22:15:00+05:30,101.38,101.63,101.14,101.36,6011
2026-09-10T22:30:00+05:30,101.38,101.76,101.26,101.66,4871
2026-09-10T22:45:00+05:30,101.68,101.89,101.49,101.75,3964
2026-09-10T23:00:00+05:30,101.75,102.05,101.68,101.72,4041
2026-09-10T23:15:00+05:30,101.73,102.02,101.64,101.97,3837
2026-09-10T23:30:00+05:30,101.96,102.94,101.9,102.94,7823
2026-09-10T23:45:00+05:30,102.94,103.06,102.34,102.39,14668
2026-09-11T00:00:00+05:30,102.39,102.41,101.9,101.98,6217
2026-09-11T00:15:00+05:30,101.99,102.14,101.41,101.96,4925
2026-09-11T00:30:00+05:30,101.98,102.35,101.97,102.26,3498
2026-09-11T00:45:00+05:30,102.26,102.72,102.18,102.69,2422
2026-09-11T01:00:00+05:30,102.68,102.88,102.64,102.84,1770
2026-09-11T01:15:00+05:30,102.84,102.93,102.58,102.76,1802
2026-09-11T01:30:00+05:30,102.75,103.08,102.72,102.9,1525
2026-09-11T01:45:00+05:30,102.89,103.13,102.83,103.08,1003
2026-09-11T02:00:00+05:30,103.08,103.89,103.07,103.86,2875
2026-09-11T02:15:00+05:30,103.86,104.04,103.78,103.93,2020
2026-09-11T03:30:00+05:30,104.32,104.44,103.86,104.02,2636
2026-09-11T03:45:00+05:30,104.03,104.08,103.77,104.06,618
2026-09-11T04:00:00+05:30,104.06,104.06,103.84,103.92,431
2026-09-11T04:15:00+05:30,103.93,104.03,103.83,103.86,420
2026-09-11T04:30:00+05:30,103.88,103.9,103.62,103.66,466
2026-09-11T04:45:00+05:30,103.66,103.89,103.65,103.85,289
2026-09-11T05:00:00+05:30,103.84,104.34,103.7,104.29,780
2026-09-11T05:15:00+05:30,104.27,104.46,104.15,104.27,1224
2026-09-11T05:30:00+05:30,104.28,104.43,102.74,103.17,4773
2026-09-11T05:45:00+05:30,103.18,103.3,102.97,102.99,1470
2026-09-11T06:00:00+05:30,102.98,103.34,102.95,103.28,969
2026-09-11T06:15:00+05:30,103.28,103.48,103.11,103.17,1119
2026-09-11T06:30:00+05:30,103.18,103.23,102.23,102.44,3585
2026-09-11T06:45:00+05:30,102.41,102.64,102.3,102.57,1200
2026-09-11T07:00:00+05:30,102.57,102.6,102.16,102.44,1588
2026-09-11T07:15:00+05:30,102.45,102.85,102.44,102.62,1161
2026-09-11T07:30:00+05:30,102.59,102.96,102.45,102.83,1394
2026-09-11T07:45:00+05:30,102.83,102.9,102.65,102.73,716
2026-09-11T08:00:00+05:30,102.69,102.84,102.49,102.75,1201
2026-09-11T08:15:00+05:30,102.74,102.92,102.48,102.91,1039
2026-09-11T08:30:00+05:30,102.92,103.23,102.75,102.96,1397
2026-09-11T08:45:00+05:30,102.98,103.22,102.97,103.12,941
2026-09-11T09:00:00+05:30,103.12,103.24,102.8,103.01,1315
2026-09-11T09:15:00+05:30,103.02,103.46,103,103.31,1118
2026-09-11T09:30:00+05:30,103.32,103.48,102.33,102.38,3517
2026-09-11T09:45:00+05:30,102.39,102.65,102.35,102.41,974
2026-09-11T10:00:00+05:30,102.41,102.7,102.38,102.56,724
2026-09-11T10:15:00+05:30,102.55,102.55,102.07,102.33,1826
2026-09-11T10:30:00+05:30,102.33,102.36,101.57,101.63,3632
2026-09-11T10:45:00+05:30,101.61,102.04,101.57,101.92,1593
2026-09-11T11:00:00+05:30,101.89,101.89,101.05,101.14,4216
2026-09-11T11:15:00+05:30,101.13,101.42,100.9,101.38,3589
2026-09-11T11:30:00+05:30,101.37,101.43,100.73,100.94,3805
2026-09-11T11:45:00+05:30,100.94,101.41,100.93,101.12,2070
2026-09-11T12:00:00+05:30,101.11,101.35,100.88,101.19,2237
2026-09-11T12:15:00+05:30,101.21,101.29,100.9,101.09,1352
2026-09-11T12:30:00+05:30,101.08,101.11,100.37,100.66,4335
2026-09-11T12:45:00+05:30,100.66,101.02,100.56,101.01,2579
2026-09-11T13:00:00+05:30,101,101.22,100.79,101.01,3049
2026-09-11T13:15:00+05:30,101.02,101.28,100.89,101.03,1925
2026-09-11T13:30:00+05:30,101.02,101.33,100.68,100.88,3926
2026-09-11T13:45:00+05:30,100.89,100.91,100.08,100.65,6628
2026-09-11T14:00:00+05:30,100.64,100.72,99.87,100.12,5490
2026-09-11T14:15:00+05:30,100.09,100.13,99.76,99.84,3394
2026-09-11T14:30:00+05:30,99.83,100.38,99.5,100.38,3908
2026-09-11T14:45:00+05:30,100.39,100.5,100,100.07,2221
2026-09-11T15:00:00+05:30,100.05,100.19,99.52,99.83,2943
2026-09-11T15:15:00+05:30,99.81,99.96,99.44,99.81,2896
2026-09-11T15:30:00+05:30,99.82,100.3,99.09,99.17,6474
2026-09-11T15:45:00+05:30,99.17,99.28,98.93,99.13,2972
2026-09-11T16:00:00+05:30,99.12,99.27,98.88,99.08,2324
2026-09-11T16:15:00+05:30,99.07,99.12,98.75,98.88,2154
2026-09-11T16:30:00+05:30,98.88,99.23,98.8,99.21,2071
2026-09-11T16:45:00+05:30,99.22,99.52,99.03,99.49,2634
2026-09-11T17:00:00+05:30,99.5,99.77,99.26,99.26,3309
2026-09-11T17:15:00+05:30,99.26,99.31,99.07,99.25,2120
2026-09-11T17:30:00+05:30,99.24,99.71,99.1,99.52,3803
2026-09-11T17:45:00+05:30,99.53,99.6,98.99,99.21,2231
2026-09-11T18:00:00+05:30,99.2,99.66,99.06,99.56,4240
2026-09-11T18:15:00+05:30,99.56,99.84,99.21,99.39,4243
2026-09-11T18:30:00+05:30,99.38,99.4,98.54,99,9714
2026-09-11T18:45:00+05:30,99,99.38,98.55,98.68,7200
2026-09-11T19:00:00+05:30,98.7,99.14,98.48,98.86,8352
2026-09-11T19:15:00+05:30,98.84,99.15,98.68,99.1,4216
2026-09-11T19:30:00+05:30,99.12,99.67,98.76,99.61,6433
2026-09-11T19:45:00+05:30,99.6,99.72,99.4,99.7,4304
2026-09-11T20:00:00+05:30,99.7,99.87,99.52,99.57,3934
2026-09-11T20:15:00+05:30,99.58,99.66,98.75,99.64,6671
2026-09-11T20:30:00+05:30,99.64,99.78,99.39,99.58,3107
2026-09-11T20:45:00+05:30,99.57,99.65,99.05,99.32,4587
2026-09-11T21:00:00+05:30,99.31,99.6,98.96,99.52,4359
2026-09-11T21:15:00+05:30,99.53,99.75,99.33,99.75,3110
2026-09-11T21:30:00+05:30,99.76,100.02,99.52,99.77,2881
2026-09-11T21:45:00+05:30,99.78,100.01,99.41,99.96,4527
2026-09-11T22:00:00+05:30,99.97,100.28,99.67,99.69,7887
2026-09-11T22:15:00+05:30,99.7,100.25,99.7,100.11,3091
2026-09-11T22:30:00+05:30,100.12,100.17,99.53,99.59,5137
2026-09-11T22:45:00+05:30,99.59,99.78,99.4,99.49,4131
2026-09-11T23:00:00+05:30,99.49,99.96,99.31,99.95,2955
2026-09-11T23:15:00+05:30,99.96,99.99,99.74,99.82,2439
2026-09-11T23:30:00+05:30,99.8,99.83,99.52,99.81,3410
2026-09-11T23:45:00+05:30,99.81,100.49,99.79,100.08,16516
2026-09-12T00:00:00+05:30,100.08,100.36,99.87,100.33,4097
2026-09-12T00:15:00+05:30,100.34,100.57,100.33,100.48,2616
2026-09-12T00:30:00+05:30,100.48,100.57,100.39,100.49,1847
2026-09-12T00:45:00+05:30,100.48,100.64,100.44,100.6,1489
2026-09-12T01:00:00+05:30,100.59,100.78,100.45,100.67,1926
2026-09-12T01:15:00+05:30,100.68,100.7,100.51,100.62,1086
2026-09-12T01:30:00+05:30,100.61,100.66,100.22,100.23,1051
2026-09-12T01:45:00+05:30,100.22,100.43,100.19,100.3,509
2026-09-12T02:00:00+05:30,100.28,100.4,100.24,100.3,364
2026-09-12T02:15:00+05:30,100.29,100.33,99.97,99.99,1322